<unk>	0.000000
<s>	0.000000
</s>	0.000000
.	-3.292405
▁	-3.659787
,	-3.912690
▁들	-4.333146
▁이	-4.548691
?	-4.643247
▁을	-4.852761
▁의	-4.931737
▁은	-5.035588
▁에	-5.084095
▁”	-5.213150
▁“	-5.272953
▁가	-5.274823
▁그	-5.286614
▁는	-5.287956
▁를	-5.305460
이	-5.327841
▁’	-5.364442
는	-5.375127
▁‘	-5.376772
의	-5.417963
을	-5.421561
▁한	-5.472314
가	-5.549246
▁-	-5.567608
에	-5.629921
▁에서	-5.804575
를	-5.819194
▁으로	-5.828753
고	-5.870113
!	-5.877127
▁과	-5.985419
▁로	-5.985754
도	-6.016373
은	-6.021686
)	-6.043949
지	-6.049001
▁입니다	-6.137593
▁수	-6.149177
▁—	-6.206499
▁인	-6.207929
▁에게	-6.212353
▁우리	-6.284307
▁이다	-6.314301
▁(	-6.320057
로	-6.365711
한	-6.398055
▁와	-6.400045
그	-6.417334
자	-6.473498
▁나	-6.473725
▁하는	-6.513265
다	-6.523098
나	-6.529458
▁그리고	-6.529925
▁도	-6.532410
요	-6.533115
기	-6.575878
과	-6.594543
▁·	-6.624053
▁하고	-6.631827
에서	-6.631999
▁히	-6.641767
▁내	-6.682229
▁합니다	-6.684459
▁년	-6.727635
일	-6.739797
▁[	-6.750525
사람	-6.773264
라	-6.780027
와	-6.785061
▁1	-6.807923
서	-6.821334
게	-6.837657
...	-6.848312
으로	-6.854323
▁하지만	-6.857115
▁에는	-6.906489
▁내가	-6.926351
▁있는	-6.930505
면	-6.932742
것	-6.932944
▁하였다	-6.935544
어	-6.938262
만	-6.966822
▁된	-6.974592
하고	-6.977031
인	-7.020137
해	-7.025123
하는	-7.031083
▁한다	-7.034643
야	-7.035161
할	-7.046759
▁여호와	-7.055427
▁할	-7.060826
▁그러나	-7.069686
▁하여	-7.073495
▁안	-7.079844
▁해	-7.085137
:	-7.085982
우리	-7.087260
▁하게	-7.102733
▁더	-7.102779
는것	-7.123730
입니다	-7.123880
▁모든	-7.130208
▁있습니다	-7.137954
수	-7.156189
적	-7.186344
▁2	-7.187016
▁"	-7.215361
▁하는것	-7.219242
」	-7.233871
▁네	-7.238792
▁난	-7.267296
여호와	-7.267481
▁께서	-7.290389
▁다른	-7.292056
▁당신	-7.321190
▁이나	-7.341146
시	-7.353007
아	-7.355965
▁제	-7.367224
▁3	-7.371048
▁다	-7.380631
▁때	-7.395454
▁께서는	-7.398471
내	-7.403097
▁일	-7.407290
주	-7.422760
▁우리가	-7.425620
사	-7.425825
▁그래서	-7.441356
▁이제	-7.444374
▁하였습니다	-7.445919
습니다	-7.447930
▁것을	-7.452755
▁어떻게	-7.464294
▁제가	-7.477618
하나님	-7.479990
▁하나님	-7.480209
▁우리는	-7.487678
▁것	-7.489567
말	-7.492161
▁예수	-7.494942
(	-7.504707
네	-7.507422
▁전	-7.524592
중	-7.526427
▁입니까	-7.530283
'	-7.532117
▁에대한	-7.537681
▁하	-7.539150
리	-7.560280
▁함	-7.567905
는데	-7.569162
스	-7.579519
들이	-7.582467
니	-7.585312
▁한것	-7.585905
▁어떤	-7.589343
▁왜	-7.591099
⁠	-7.591167
▁두	-7.592572
죠	-7.598185
들	-7.601021
▁여기	-7.619321
▁좀	-7.620435
]	-7.623067
▁그것	-7.624171
▁자	-7.631924
대	-7.633497
▁의증인	-7.634066
▁아	-7.635242
▁에서는	-7.645757
성	-7.646939
합니다	-7.652426
▁명	-7.655159
▁저는	-7.655284
▁그들은	-7.656551
▁4	-7.658837
▁잘	-7.659562
▁아니	-7.664895
▁에대해	-7.667364
▁저	-7.678433
▁사람	-7.683544
신	-7.696150
▁5	-7.698064
하	-7.699123
「	-7.702039
▁거야	-7.702132
▁또한	-7.702636
"	-7.709124
▁까지	-7.715699
▁인가	-7.718124
하여	-7.725704
하느님	-7.728606
▁'	-7.734199
▁10	-7.737277
▁말	-7.741272
며	-7.746183
전	-7.746301
하지	-7.747132
하게	-7.747638
▁주	-7.755067
▁그분	-7.763302
에게	-7.774924
때	-7.777751
▁있어	-7.785129
▁라고	-7.789106
▁에있는	-7.790049
치	-7.792556
▁지금	-7.794174
▁이런	-7.798009
물	-7.798398
▁그들이	-7.804672
▁은그	-7.807730
▁것입니다	-7.808821
자신	-7.815498
▁많은	-7.818212
라고	-7.822669
▁월	-7.837428
소	-7.841346
들을	-7.841354
▁하기	-7.843112
▁성서	-7.843602
장	-7.844341
▁고	-7.844366
▁게	-7.846255
비	-7.847678
▁거	-7.850204
생각	-7.852889
▁중	-7.853113
▁정말	-7.853144
▁그래	-7.853928
;	-7.855910
부	-7.857019
제	-7.858002
오	-7.864865
안	-7.867075
도움	-7.870900
▁또	-7.873060
▁그러므로	-7.881351
마	-7.882716
▁만	-7.887070
거나	-7.887145
▁예	-7.888406
▁다시	-7.894526
▁오	-7.905086
▁같은	-7.906007
진	-7.910835
▁「	-7.918324
▁시	-7.919509
선	-7.920268
▁처럼	-7.921575
문제	-7.922160
길	-7.922687
▁했습니다	-7.924644
▁6	-7.924709
▁할것	-7.926131
▁서	-7.936245
▁날	-7.946443
거	-7.948954
성서	-7.956097
그분	-7.957065
위	-7.960602
▁그런	-7.962905
▁하느님	-7.964694
▁것이	-7.966902
도록	-7.971453
여	-7.972860
드	-7.975822
기때문	-7.977698
“	-7.980840
▁세	-7.986965
▁못	-7.989193
▁무슨	-7.993212
바	-7.998111
▁이라고	-7.998256
던	-7.999317
구	-8.001384
분	-8.002561
▁것은	-8.011053
▁임	-8.011823
후	-8.017201
▁8	-8.024049
s	-8.025012
▁하나님은	-8.027184
▁그냥	-8.034449
상	-8.035853
된	-8.040932
화	-8.042781
▁건	-8.046933
▁너희	-8.047683
들은	-8.047766
▁있어요	-8.048301
▁위해	-8.054251
▁걸	-8.055152
▁바로	-8.055268
▁의말씀	-8.056770
▁이며	-8.056979
▁되는	-8.057424
▁그럼	-8.057759
▁7	-8.058272
세	-8.059804
두	-8.060378
시간	-8.061571
▁그렇게	-8.062116
예수	-8.062533
▁이러	-8.063025
▁될	-8.071566
▁한사람	-8.080784
▁이것	-8.081381
트	-8.082996
▁는무엇	-8.095404
설명	-8.095906
▁사실	-8.097163
▁15	-8.103745
지만	-8.109112
속	-8.112907
실	-8.116999
▁됩니다	-8.117415
▁가장	-8.123722
데	-8.123870
▁면삽	-8.131125
당신	-8.135413
▁하다	-8.135421
▁그는	-8.136024
▁이렇게	-8.136119
▁하는데	-8.143091
▁에도	-8.146080
▁는그	-8.147766
기도	-8.150878
▁함께	-8.154621
미	-8.154765
더	-8.155211
년	-8.156003
▁대한	-8.164051
▁께	-8.167704
집	-8.170530
보	-8.172332
▁그러한	-8.174115
때문	-8.174968
▁했다	-8.176105
▁실로	-8.185027
▁같이	-8.196442
자기	-8.198485
▁좋은	-8.203901
원	-8.210184
▁뭐	-8.213543
질	-8.216058
▁하는사람	-8.217234
▁누가	-8.225299
하기	-8.226217
▁네가	-8.227184
▁너	-8.228711
및	-8.230195
▁개	-8.233494
▁나는	-8.240743
▁대해	-8.241290
산	-8.242629
▁마	-8.242718
▁되	-8.246003
으며	-8.251535
▁있을	-8.252451
저	-8.252624
▁바울	-8.254299
▁하며	-8.254307
▁당신이	-8.254942
히	-8.255201
▁이것은	-8.256227
▁알고	-8.260152
▁그들의	-8.260683
무엇	-8.261802
약	-8.262015
▁좋아	-8.262733
▁알	-8.263750
▁하나	-8.269568
▁이건	-8.270225
군	-8.274170
▁20	-8.275832
단	-8.279836
등	-8.280378
는일	-8.284346
음	-8.284583
많은	-8.286695
▁너희가	-8.287629
우	-8.287868
그것	-8.288256
피	-8.289540
점	-8.289699
했습니다	-8.290194
▁보다	-8.291790
▁로부터	-8.292050
▁그가	-8.292255
▁지	-8.294292
▁하는일	-8.294345
▁하면	-8.295056
이야	-8.295746
▁대	-8.296650
▁9	-8.298379
어떤	-8.299295
가운데	-8.299387
▁모두	-8.299800
▁되었다	-8.300006
▁이었다	-8.300215
면서	-8.301172
▁이스라엘	-8.305388
타	-8.305926
까지	-8.310161
▁할때	-8.310368
심	-8.311953
었다	-8.313720
차	-8.314342
▁그러면	-8.318618
사랑	-8.319491
▁그의	-8.321402
▁12	-8.321467
자녀	-8.321916
▁없습니다	-8.323190
습니까	-8.328727
다른	-8.330355
▁아주	-8.337498
보다	-8.340659
▁그게	-8.342037
려	-8.342905
▁한일	-8.343866
이러	-8.344617
▁따라서	-8.346398
개	-8.350040
▁사	-8.352042
▁큰	-8.353203
말씀	-8.354770
살	-8.355096
었습니다	-8.358506
▁겁니다	-8.358878
▁되어	-8.359328
병	-8.359963
▁물론	-8.368361
▁번	-8.369187
▁해서	-8.372240
모든	-8.372823
건	-8.374060
▁/	-8.382681
날	-8.386292
▁사람이	-8.386880
▁없어	-8.388803
▁간	-8.390634
파	-8.390735
▁후	-8.391477
그리스도인	-8.397044
▁사람들이	-8.397348
▁어	-8.398749
▁만약	-8.400405
▁당신은	-8.401341
생활	-8.407653
▁너무	-8.412876
다고	-8.416858
▁줄	-8.417292
▁그들	-8.419652
되	-8.420028
어떠	-8.420852
▁에게는	-8.421106
필요	-8.421336
▁넌	-8.421658
▁없는	-8.422071
줄	-8.422286
려고	-8.425230
▁곧	-8.425957
▁일이	-8.427329
하면	-8.427916
간	-8.431337
▁하면서	-8.432414
▁이아니라	-8.435362
발	-8.437087
▁오늘날	-8.437223
거야	-8.439074
모	-8.439989
▁자기	-8.441192
▁상	-8.444543
해서	-8.446530
▁몇	-8.448105
▁즉	-8.453705
▁미국	-8.453800
다른사람	-8.455730
▁우린	-8.457287
왕	-8.457539
▁그건	-8.459500
책	-8.463717
▁x	-8.464303
부모	-8.465333
법	-8.467392
그러한	-8.471146
▁과같은	-8.472460
땅	-8.473321
처럼	-8.473927
즉	-8.475767
▁부터	-8.476445
매	-8.478593
하며	-8.480370
▁그런데	-8.481277
▁이그	-8.483541
마음	-8.483582
▁이었습니다	-8.487720
▁은우리	-8.492388
▁생각	-8.494346
▁다음	-8.496078
▁하라	-8.496414
배	-8.498408
▁분	-8.500352
감	-8.501058
같은	-8.501128
사용	-8.504657
▁계속	-8.507422
▁하나님의	-8.509023
▁을사용	-8.512443
앞	-8.513759
▁없이	-8.515964
▁그들을	-8.522053
▁가지고	-8.522079
디	-8.528902
▁시간	-8.528921
▁11	-8.530293
다면	-8.530725
▁하였읍니다	-8.531221
종	-8.531405
그리고	-8.532881
▁라	-8.533196
조	-8.533769
반	-8.535628
인간	-8.535631
▁면	-8.537049
있는	-8.538550
랑	-8.544471
▁에관한	-8.545694
▁ᄀ	-8.545732
적인	-8.547437
▁18	-8.551128
▁로서	-8.553289
▁하지	-8.553803
함	-8.554178
혹은	-8.555153
▁오늘	-8.556523
▁으로써	-8.557834
양	-8.561255
▁볼	-8.562125
-	-8.563989
나라	-8.568185
▁라는	-8.571031
이유	-8.571793
이나	-8.574799
▁보	-8.576309
온	-8.579131
다음	-8.582705
▁여	-8.583470
러	-8.584428
무	-8.588860
아버지	-8.590402
▁그것은	-8.591991
▁의이름	-8.592313
명	-8.592577
프	-8.593412
▁이라는	-8.595144
▁퍼센트	-8.596750
상태	-8.598243
▁돼	-8.600145
문	-8.601470
크	-8.602369
어떻게	-8.602715
불	-8.602833
▁현재	-8.603804
▁가지	-8.606347
형제	-8.609647
방	-8.614258
기록	-8.616815
▁되었습니다	-8.617510
▁있고	-8.617975
▁새	-8.617991
▁은무엇	-8.619985
정	-8.622330
어요	-8.623133
카	-8.623992
▁에관해	-8.625119
▁를들어	-8.625979
회중	-8.626414
행동	-8.629493
가족	-8.630793
▁일을	-8.630854
▁하나님이	-8.630857
▁ᄂ	-8.631231
질문	-8.632957
식	-8.636656
▁30	-8.637051
▁하도록	-8.637112
▁수도	-8.638628
▁그때	-8.638660
기위해	-8.639229
노	-8.639357
▁때문에	-8.639700
새	-8.640827
▁비	-8.640928
지는	-8.643196
많은사람	-8.644128
▁으로부터	-8.644221
▁합니까	-8.645668
▁에대하여	-8.648884
이라	-8.650418
▁이게	-8.652336
지역	-8.655856
훌륭	-8.655984
▁에그	-8.656691
라는	-8.661224
▁만일	-8.661238
용	-8.661462
금	-8.661626
▁사랑	-8.663144
▁에따라	-8.669421
▁위한	-8.669958
▁그들에게	-8.671483
▁의말	-8.673297
을것	-8.674917
든	-8.675118
▁알아	-8.677058
▁전에	-8.678469
이에요	-8.679165
코	-8.684713
▁여기서	-8.684823
▁얼마나	-8.685663
까	-8.685673
레	-8.686508
▁된다	-8.686733
▁요한	-8.688463
당	-8.688566
▁매우	-8.694816
▁계시	-8.694879
▁받은	-8.695408
본	-8.696294
▁여러분	-8.696646
▁과함께	-8.697335
▁우리의	-8.698896
▁3:	-8.701043
▁부	-8.704452
나무	-8.705102
한다	-8.705198
방법	-8.705487
는사람	-8.707220
곳	-8.708717
▁아니면	-8.710111
알	-8.710826
종교	-8.713144
체	-8.713250
▁하기위해	-8.714598
힘	-8.714661
이라고	-8.717881
▁거예요	-8.720898
아이	-8.723148
▁세기	-8.724178
▁아니라	-8.724624
열	-8.726282
토	-8.726740
▁이미	-8.727892
죄	-8.734838
동	-8.735452
지도	-8.735603
해야	-8.736829
돈	-8.738853
걸	-8.740170
▁하고있다	-8.740731
터	-8.740806
유익	-8.742545
초	-8.744501
너	-8.746790
▁2:	-8.747200
고있다	-8.750478
▁하십시오	-8.750670
생명	-8.754561
호	-8.755086
▁하셨습니다	-8.757188
유	-8.757567
했다	-8.758008
▁온	-8.759565
▁보고	-8.762359
봉사	-8.762688
▁구	-8.762938
교회	-8.763590
예	-8.767588
티	-8.767929
x	-8.769158
여자	-8.770487
활동	-8.771090
정도	-8.771559
▁피	-8.771961
하나	-8.772958
린	-8.773273
하라	-8.775378
▁새로운	-8.775985
▁것이라	-8.776550
▁25	-8.778667
이야기	-8.779034
란	-8.779766
연구	-8.780813
관	-8.781961
▁아마	-8.782782
네요	-8.783179
▁장	-8.783784
▁아직	-8.785400
▁왜냐하면	-8.788639
사이	-8.788829
▁살	-8.789365
손	-8.790757
▁16	-8.790862
대답	-8.791290
기술	-8.794271
언급	-8.795211
눈	-8.796291
믿음	-8.796714
▁이있다	-8.797767
%	-8.800423
▁나도	-8.802524
▁그것을	-8.802740
케	-8.806726
계속	-8.807429
▁그를	-8.808802
르	-8.810252
▁뭘	-8.810896
너희	-8.811421
▁부모	-8.811752
게될것	-8.814714
▁하신	-8.814940
세상	-8.815175
강	-8.816987
행복	-8.817810
세계	-8.820033
한테	-8.820099
증인	-8.820658
중요	-8.821657
대로	-8.821959
이상	-8.822024
▁17	-8.823371
▁산	-8.825702
영적	-8.826206
▁어디	-8.826305
▁14	-8.829250
▁많이	-8.830876
뒤	-8.836199
▁되고	-8.837087
으면	-8.837313
▁와함께	-8.839080
▁봐	-8.839232
공	-8.839306
▁너희는	-8.841402
▁배	-8.841437
▁의왕국	-8.843065
▁인간	-8.844734
영	-8.848047
큰	-8.848367
▁열	-8.849504
▁어느	-8.850030
▁심지어	-8.851468
남	-8.851519
▁항상	-8.851625
▁그러니까	-8.851851
번	-8.854713
읍니다	-8.854953
재	-8.856660
▁아버지	-8.856775
성경	-8.857863
키	-8.858369
▁얘기	-8.858602
▁자신	-8.859756
▁과같이	-8.860529
천	-8.860615
▁들어	-8.861724
달	-8.861734
▁될것	-8.862135
경우	-8.864128
즈	-8.864568
아내	-8.865724
곧	-8.866083
▁마태	-8.868092
경험	-8.868486
씨	-8.868881
악	-8.869550
▁이는	-8.870256
▁한다면	-8.871892
▁과관련	-8.873869
판	-8.876407
▁4:	-8.878504
다가	-8.880785
▁13	-8.881119
▁약	-8.881547
▁은여호와	-8.882071
에는	-8.882243
외	-8.883582
니까	-8.883862
▁에의하면	-8.883869
▁마다	-8.885331
▁해야	-8.885690
▁이상	-8.886784
▁1:	-8.892087
▁나를	-8.892884
임	-8.897462
▁나의	-8.899703
▁모세	-8.901183
아들	-8.902293
▁없어요	-8.902381
하늘	-8.902969
▁원	-8.903702
▁19	-8.904481
그리스도	-8.905930
지요	-8.908374
을때	-8.909249
▁특히	-8.909501
행	-8.910744
▁이것이	-8.911195
▁이야기	-8.915507
▁친구	-8.915642
웃음	-8.915806
▁있죠	-8.916539
▁을의미	-8.918291
▁불	-8.919329
워	-8.919526
▁작은	-8.919703
▁의사람	-8.921049
▁은하나님	-8.921383
▁의경우	-8.922769
▁또는	-8.922881
노력	-8.923394
고통	-8.925412
▁물	-8.925831
통	-8.926797
▁을위해	-8.928370
▁너희에게	-8.930438
소리	-8.931844
▁선택	-8.932167
▁여러분이	-8.933891
보고	-8.934063
루	-8.935484
난	-8.936867
▁사도	-8.937685
▁이라	-8.939639
▁세계	-8.940032
▁진짜	-8.940455
▁성	-8.940559
잖아	-8.940885
분명	-8.942032
위험	-8.942294
정부	-8.944392
청소년	-8.944483
▁사람들은	-8.947254
들과	-8.947858
이죠	-8.948708
▁바	-8.948895
▁는여호와	-8.949259
이해	-8.949827
▁5:	-8.950050
▁하거나	-8.950367
잘	-8.950959
주의	-8.953734
형	-8.955489
포	-8.956113
▁있지	-8.956869
색	-8.958043
마련	-8.958814
▁동안	-8.958919
▁는이렇게말	-8.962591
▁음	-8.964030
▁차	-8.965071
▁0	-8.966304
▁에관하여	-8.967192
▁로마	-8.968724
▁을통해	-8.969649
평화	-8.971284
이고	-8.971413
▁일부	-8.971814
전쟁	-8.972538
."	-8.972551
▁에서도	-8.973598
온전	-8.976408
축복	-8.977738
술	-8.977868
▁말을	-8.978091
해요	-8.979377
▁모	-8.979823
▁를사용	-8.980000
새로운	-8.980699
▁소	-8.982461
력	-8.983290
계	-8.983335
▁엄마	-8.985148
▁♪	-8.985444
기시작	-8.988150
엔	-8.988324
▁로인해	-8.988646
▁의한	-8.989107
할것	-8.989662
없이	-8.989680
들의	-8.990471
▁와같이	-8.991577
영원	-8.991765
▁S	-8.992660
▁시작	-8.993420
십시오	-8.995034
되어	-8.995405
▁거기	-8.995691
다는	-8.996361
▁집	-8.996692
▁선	-8.998010
부터	-8.998194
약속	-8.998332
긴	-8.998930
진리	-9.000145
▁와같은	-9.000331
▁여자	-9.000689
▁스	-9.002835
버	-9.002905
론	-9.004712
역	-9.004901
▁에따르면	-9.005348
▁으로서	-9.005599
▁그리스도인	-9.005758
묘사	-9.007544
동물	-9.009274
왕국	-9.009530
▁않습니다	-9.011072
연	-9.011470
예요	-9.011592
적으로	-9.012644
▁신	-9.012678
▁혹은	-9.013433
▁6:	-9.014733
▁의종	-9.015590
거리	-9.015897
▁의아들	-9.016291
▁갈	-9.018167
세요	-9.018304
수행	-9.018527
▁자녀	-9.018606
▁당	-9.018612
▁C	-9.019623
했던	-9.020610
▁파일	-9.020844
▁문제	-9.023008
▁아니야	-9.023800
각	-9.024172
상황	-9.024421
입	-9.024968
는가	-9.025123
▁적	-9.025618
사실	-9.026564
남편	-9.026776
미국	-9.028081
▁양	-9.030429
▁22	-9.032658
▁서로	-9.033440
리라	-9.034415
도시	-9.034829
▁해요	-9.035110
▁의백성	-9.036126
▁데	-9.039292
▁가그	-9.041961
▁할수있다	-9.042408
부분	-9.042998
▁있다고	-9.043698
▁과그	-9.043880
더라	-9.044293
▁A	-9.045241
y	-9.045491
증거	-9.045627
변화	-9.047267
했어요	-9.050235
▁않을	-9.050483
▁아무	-9.050733
친구	-9.050842
편	-9.051888
▁에게서	-9.052470
몸	-9.052552
▁것도	-9.052868
시대	-9.053700
▁아들	-9.053732
▁아냐	-9.056417
는지	-9.056597
포함	-9.059484
▁유	-9.060977
▁이고	-9.061124
▁하셨다	-9.061158
되는	-9.061444
지혜	-9.061810
여러분	-9.061898
▁니	-9.062440
▁이되	-9.062514
래	-9.062869
애	-9.063329
국	-9.063583
▁각	-9.063595
어머니	-9.065657
▁미	-9.065864
▁만들	-9.066095
▁여기에	-9.066464
▁처음	-9.067005
▁따라	-9.067412
의사	-9.067983
▁먼저	-9.068132
▁□	-9.071270
자유	-9.071309
▁거죠	-9.072201
채	-9.073432
시작	-9.074004
아래	-9.074264
▁내게	-9.075096
권	-9.077338
▁있	-9.078548
▁을받	-9.078691
군요	-9.078955
▁에의해	-9.079068
매우	-9.080559
▁빨리	-9.081280
▁응	-9.084687
브	-9.084885
▁괜찮아	-9.085738
▁중요한	-9.087186
▁은자신	-9.087327
희망	-9.089019
▁기	-9.090757
울	-9.090837
읍니까	-9.090997
▁*	-9.091240
▁널	-9.091407
모두	-9.091518
경	-9.092429
▁조	-9.092951
▁가서	-9.093700
▁있다	-9.094053
▁인것	-9.094184
예언	-9.094295
계획	-9.094344
조직	-9.096354
끝	-9.096369
복	-9.096604
▁그렇지만	-9.098091
갈	-9.098255
막	-9.098504
▁하였으며	-9.099132
▁단지	-9.100069
▁위에	-9.103671
▁인지	-9.105263
좋은	-9.105871
▁의사	-9.106357
▁분명	-9.106369
▁리	-9.106726
결정	-9.106843
▁는이렇게	-9.106963
▁는우리	-9.107045
▁반	-9.107751
▁의뜻	-9.109697
▁대로	-9.112392
될	-9.112690
충실	-9.115003
능력	-9.115807
▁아이	-9.115933
▁있다는	-9.117433
▁누구	-9.117856
격려	-9.117888
▁왕	-9.118228
▁본	-9.120068
▁지난	-9.122129
▁사용	-9.122149
▁당신의	-9.123138
에요	-9.125593
▁스러운	-9.126127
▁에나오는	-9.126347
▁않는	-9.129367
정확	-9.130000
운	-9.130424
2	-9.132230
▁참	-9.132262
▁이필요	-9.133287
▁그렇지	-9.134214
▁너희를	-9.134275
결과	-9.135564
▁그녀는	-9.136672
증명	-9.139316
고있는	-9.140061
/	-9.140627
▁아닙니다	-9.141613
▁필요	-9.143773
냐	-9.145313
▁저희	-9.146983
했어	-9.147592
기간	-9.148196
목	-9.148438
▁이걸	-9.148439
목적	-9.149121
가장	-9.152266
▁그것이	-9.153863
여행	-9.155623
강력	-9.155792
▁있게	-9.155840
▁인도	-9.156738
관심	-9.157572
▁말이야	-9.158551
구나	-9.159061
지금	-9.159368
▁가있다	-9.160393
▁된것	-9.160925
릴	-9.161842
▁다윗	-9.163449
▁할수	-9.164031
▁100	-9.164719
▁을가지고	-9.165035
고있습니다	-9.165216
▁했던	-9.165645
심각	-9.166636
변	-9.166873
인류	-9.168042
▁속	-9.168087
교훈	-9.168157
▁무	-9.168729
▁이우리	-9.169228
이다	-9.169564
▁은자기	-9.170344
▁것과	-9.172138
▁예루살렘	-9.172600
표현	-9.173127
▁정	-9.175434
기를	-9.177259
하는것	-9.177782
인데	-9.177809
노라	-9.178849
▁을어떻게	-9.180429
학교	-9.180676
존재	-9.180702
남자	-9.180860
▁이사야	-9.183195
▁근데	-9.183867
만큼	-9.184074
▁할수있는	-9.184286
▁그리하여	-9.184829
▁말라	-9.185678
▁둘	-9.185885
▁B	-9.185975
▁이될것	-9.186274
빛	-9.186923
▁들중	-9.187214
▁알지	-9.187331
▁들가운데	-9.188209
▁그걸	-9.188335
▁번째	-9.191052
▁은하느님	-9.191727
▁하나님께서	-9.191805
▁을주	-9.192219
▁아내	-9.192326
사회	-9.192523
▁결국	-9.192870
이라는	-9.193316
대부분	-9.193726
▁50	-9.195681
그런	-9.196367
모든사람	-9.199803
▁을얻	-9.200558
▁기억	-9.201041
▁가족	-9.202472
▁의마음	-9.202791
돌	-9.203430
거든	-9.204293
▁아빠	-9.204371
하는데	-9.205515
▁위	-9.206468
회	-9.208256
▁거의	-9.209600
▁보내	-9.209875
환자	-9.210757
▁에나	-9.212087
Name	-9.212502
생	-9.212832
멸망	-9.213794
▁I	-9.214803
전체	-9.214890
한다면	-9.215076
제자	-9.215078
충분	-9.216190
▁그렇습니다	-9.216820
▁을나타내	-9.218362
가정	-9.218946
▁이들	-9.221248
역시	-9.221817
▁위해서	-9.222209
▁경	-9.222322
▁집에	-9.222580
▁노	-9.222595
내용	-9.222947
▁어머니	-9.223626
이요	-9.224336
▁남자	-9.224883
▁이름	-9.224916
▁발	-9.226718
▁40	-9.227802
거룩	-9.228637
▁재	-9.229214
사건	-9.230253
▁이있습니다	-9.231416
▁가운데	-9.231928
별	-9.234088
하였습니다	-9.234520
▁좋아요	-9.235247
▁안에	-9.236128
▁이거	-9.236432
장로	-9.237263
▁변	-9.237277
▁않아	-9.237585
▁시키	-9.239750
▁어서	-9.240388
▁그렇다면	-9.240573
▁원하는	-9.240611
▁은어떻게	-9.240852
증	-9.241462
▁말이	-9.243725
개의	-9.244195
▁하려고	-9.245477
관계	-9.246786
1	-9.247248
a	-9.247487
참	-9.247569
▁첫	-9.247893
봐	-9.248395
▁타	-9.248513
▁24	-9.249402
▁입	-9.251114
▁남편	-9.251327
무슨	-9.251650
친	-9.251836
▁였다	-9.252270
▁에참석	-9.252953
특별	-9.254652
▁당신을	-9.255660
▁곱하기	-9.255731
▁을유지	-9.255835
▁말이죠	-9.256360
여러가지	-9.256546
▁생각해	-9.256641
▁야	-9.257228
▁만들어	-9.258152
져	-9.258351
안전	-9.258753
▁21	-9.259109
려면	-9.259491
발견	-9.259899
▁에있어서	-9.260314
▁해보십시오	-9.260593
인도	-9.262462
으니	-9.262687
▁소리	-9.263271
▁같아	-9.263650
연합	-9.266172
▁를받	-9.266267
▁사람을	-9.266574
▁총	-9.267176
▁가진	-9.268203
▁한번	-9.268599
적절	-9.268913
▁절	-9.269798
편지	-9.270359
▁것이며	-9.270596
▁있다면	-9.273814
▁강	-9.273905
▁을위하여	-9.274040
▁땅	-9.275001
▁감사합니다	-9.276974
▁M	-9.277233
▁여러분은	-9.277342
▁의목적	-9.278340
▁설정	-9.279097
거에요	-9.279204
▁그럴	-9.279214
퍼	-9.281335
치료	-9.281980
▁거에요	-9.282563
▁잠언	-9.282598
행위	-9.283468
▁문	-9.284815
▁의수	-9.285552
쳐	-9.287843
▁해야합니다	-9.288640
사도	-9.289303
▁을위한	-9.290359
3	-9.290795
기사	-9.292828
▁그리스도	-9.296090
들에게	-9.296098
책임	-9.297020
▁치	-9.297216
교	-9.297315
작은	-9.299102
▁●	-9.299331
숭배	-9.299613
게되었습니다	-9.300138
적용	-9.300358
아주	-9.300709
암	-9.302208
커	-9.302755
▁결혼	-9.304084
▁일호	-9.304262
S	-9.306005
지적	-9.306121
▁그러	-9.309006
건강	-9.310007
지식	-9.312430
▁단	-9.312809
▁영국	-9.313496
그렇게	-9.313905
▁이란	-9.313964
▁하나님을	-9.314616
▁남	-9.315803
▁달	-9.315895
없는	-9.316712
운동	-9.316938
절	-9.317094
일부	-9.317993
▁준비	-9.318300
하죠	-9.319604
▁저기	-9.319941
▁미터	-9.320099
어린이	-9.320161
▁여러	-9.321521
▁믿는	-9.321904
겠죠	-9.322138
류	-9.322221
오늘날	-9.322335
▁증인	-9.323698
▁와그	-9.324752
▁무엇	-9.327354
▁아프리카	-9.327796
▁가로되	-9.327797
▁해주	-9.328897
▁닥터	-9.328979
직면	-9.329180
▁에참여	-9.329364
량	-9.329450
▁매	-9.329637
▁중에	-9.331216
▁할수있습니다	-9.331341
▁손	-9.332936
교육	-9.333244
메	-9.334567
동안	-9.335077
석	-9.335265
▁씨	-9.335328
칠	-9.335684
같이	-9.336489
▁D	-9.337240
▁y	-9.337520
▁대해서	-9.338057
▁호	-9.338241
부부	-9.338956
▁유대	-9.339233
열심	-9.339698
경고	-9.339725
▁하는자	-9.341815
에서는	-9.342015
▁도있다	-9.342367
▁아마도	-9.342406
되지	-9.342745
지않고	-9.342817
감사	-9.343407
니라	-9.343628
귀	-9.343761
사물	-9.344672
다시	-9.344850
게되었다	-9.345473
▁을사랑	-9.345801
있다	-9.346297
▁했어요	-9.346365
유대인	-9.346470
구요	-9.346633
t	-9.347650
▁--	-9.348595
림	-9.350666
었	-9.350901
▁안돼	-9.350907
추	-9.351294
반응	-9.352217
▁제발	-9.352274
깨끗	-9.353294
▁의모든	-9.353386
▁위하여	-9.354227
▁백성	-9.354855
▁아무도	-9.355205
게됩니다	-9.355651
됩니다	-9.356191
망	-9.356793
글	-9.357224
으	-9.357239
▁너는	-9.357473
▁이러한	-9.358065
만족	-9.358946
게된다	-9.358956
▁성경	-9.359535
▁전부	-9.359574
▁도있습니다	-9.360140
▁말하는	-9.360778
테	-9.361211
어서	-9.362728
▁의일부	-9.362915
▁돈	-9.363591
▁눈	-9.363995
▁카	-9.365051
한사람	-9.366071
▁공	-9.366135
▁로운	-9.366583
예수그리스도	-9.367688
▁그분은	-9.367910
출	-9.368639
▁없	-9.368811
▁아니에요	-9.370374
▁각주	-9.370809
▁한가	-9.371890
▁애	-9.372573
▁마지막	-9.373456
▁아무것도	-9.373724
▁있는데	-9.373770
었고	-9.374012
▁않은	-9.374161
▁그에게	-9.375272
▁한자	-9.376641
▁a	-9.378095
▁코	-9.378493
기회	-9.379068
▁전화	-9.381179
▁이것을	-9.381437
▁사람은	-9.382009
거든요	-9.382586
어떤사람	-9.383260
이름	-9.383514
▁조금	-9.383620
기위하여	-9.384883
진정	-9.386427
▁%	-9.387086
▁알았어	-9.387524
▁시간이	-9.389943
▁마치	-9.391766
백	-9.392297
여전	-9.393115
민	-9.393586
머리	-9.394349
훈련	-9.395436
▁것에	-9.395769
완전	-9.395872
▁신세	-9.396104
곤	-9.396590
▁이든	-9.396678
정신	-9.396997
다는것	-9.398330
▁하시	-9.398892
▁그러나그	-9.399358
시고	-9.401185
▁을받아	-9.401386
▁의영	-9.403950
▁그래요	-9.405504
▁받	-9.407744
▁것으로	-9.409285
▁아닌	-9.410284
▁많은사람	-9.411087
▁을보	-9.414090
▁파	-9.414207
▁가되	-9.414445
음악	-9.415177
슨	-9.415652
▁하기시작	-9.417568
▁형제	-9.417789
▁그녀가	-9.418460
이렇게	-9.418594
▁이라고말	-9.419177
죽음	-9.419450
대회	-9.419675
▁년동안	-9.419981
▁초	-9.420100
여러	-9.420140
▁실제로	-9.421142
하였다	-9.422013
월	-9.422555
▁돌	-9.423827
베	-9.423990
▁한이유	-9.424886
▁앞	-9.425972
탄	-9.426227
▁이어떻게	-9.426987
▁우리에게	-9.427402
로부터	-9.428352
설	-9.428970
사망	-9.429147
▁종	-9.430203
▁방	-9.430297
잠	-9.430695
▁밖에	-9.431326
▁」	-9.432217
확신	-9.433302
▁그곳	-9.433429
C	-9.434887
▁한생명	-9.434956
표	-9.436028
▁있었습니다	-9.436124
합당	-9.436335
▁하나님께	-9.436780
▁말하길	-9.436917
▁the	-9.437416
또는	-9.437473
▁편	-9.437858
▁P	-9.439217
▁갖고	-9.439278
실것	-9.439395
환경	-9.440450
▁벌	-9.440471
▁1,	-9.440545
▁뭔가	-9.441457
▁할수있	-9.441491
▁는하나님	-9.441591
▁으로인해	-9.441720
증가	-9.441794
▁대부분	-9.441969
섬	-9.442645
보도	-9.442664
하도록	-9.443240
▁했어	-9.443301
▁의일	-9.443670
학	-9.444498
▁우	-9.444592
▁을생각	-9.445685
▁그분의	-9.446617
5	-9.446745
영향	-9.446832
또한	-9.448100
▁올	-9.449136
서로	-9.450688
이것	-9.451027
▁여호와께서	-9.451237
▁이아닙니다	-9.451953
함께	-9.453202
▁달러	-9.454078
느니라	-9.454259
시기	-9.454268
▁는말	-9.454483
▁동	-9.454885
범	-9.454894
D	-9.455099
▁자가	-9.455175
옷	-9.455252
가지	-9.455270
태도	-9.455904
지구	-9.458170
발전	-9.459190
학생	-9.459951
▁자는	-9.460135
▁그만	-9.460948
▁23	-9.461037
▁안녕	-9.462385
▁최근	-9.462679
▁주의	-9.462721
▁진	-9.462732
그곳	-9.463796
▁다른사람	-9.463996
현재	-9.464234
▁히브리	-9.464325
▁않	-9.466554
셨습니다	-9.467267
보호	-9.467378
창	-9.467552
바울	-9.467606
▁이없	-9.467960
침례	-9.468725
▁막	-9.468820
▁를위해	-9.470387
담	-9.470860
뿐	-9.471797
지방	-9.472907
▁유다	-9.473271
▁를통해	-9.473889
의미	-9.474209
▁해야한다	-9.474492
죽	-9.474661
▁어떤사람	-9.474955
과정	-9.475427
또다른	-9.476382
▁비교	-9.476731
▁찾아	-9.477015
유의	-9.477251
▁스스로	-9.477284
▁의사랑	-9.477445
▁하니	-9.477704
▁킬로미터	-9.477909
참으로	-9.478110
하니	-9.478189
결혼	-9.478585
▁프랑스	-9.479413
▁절대	-9.479436
신뢰	-9.479901
부활	-9.480387
아기	-9.480947
범죄	-9.481722
▁하는가	-9.481871
m	-9.482012
이렇게말	-9.482092
층	-9.483019
▁통해	-9.484547
기쁨	-9.485019
▁을잘	-9.486231
▁실제	-9.486266
▁은예수	-9.486498
▁사람들을	-9.487827
▁싶어	-9.488344
e	-9.488346
▁은또한	-9.488442
언어	-9.488697
든지	-9.489913
준비	-9.490525
집회	-9.490714
좋은소식	-9.490775
거의	-9.491011
잘못	-9.491832
직	-9.492817
나요	-9.493106
▁별	-9.493896
▁심	-9.494147
잖아요	-9.494238
팔	-9.495009
모든것	-9.495072
▁밤	-9.496061
▁보면	-9.496126
고생각	-9.496318
주장	-9.497298
염려	-9.497909
지않	-9.498002
▁잠깐	-9.498455
▁을계속	-9.498652
▁은이렇게	-9.499653
임명	-9.499753
▁의생활	-9.500134
▁을고려	-9.501131
▁기록	-9.501139
▁이라면	-9.501287
겨	-9.501541
백성	-9.502213
벌	-9.502240
▁가있습니다	-9.502579
?"	-9.503063
▁하기때문	-9.503210
볼	-9.503730
부인	-9.504082
이전	-9.504934
▁받을	-9.505609
밤	-9.505616
바다	-9.505800
▁T	-9.505827
박	-9.506145
▁은어떠	-9.506153
▁외	-9.506776
▁이기때문	-9.507607
라도	-9.507874
▁였습니다	-9.508179
▁12:	-9.508832
기원	-9.509201
식물	-9.509343
고말	-9.509786
▁경우	-9.509972
▁정도	-9.510864
▁이되는	-9.512489
▁세상	-9.513083
지를	-9.515635
준	-9.515723
▁말할	-9.517071
▁저희가	-9.518285
▁때문입니다	-9.518750
▁은이	-9.519991
▁그래도	-9.520292
▁그결과	-9.520776
▁사람들	-9.521363
▁일은	-9.522240
▁폴더	-9.522604
▁거지	-9.522638
있	-9.523030
▁하죠	-9.523663
▁세상에	-9.523932
국가	-9.524117
▁하였고	-9.524201
▁같습니다	-9.525249
▁아뇨	-9.525297
하리라	-9.525393
얼마	-9.525990
▁아브라함	-9.526565
▁나한테	-9.527102
▁에서의	-9.527885
▁연구	-9.529075
락	-9.529994
깊은	-9.531425
▁후에	-9.531720
▁는자신	-9.532678
인내	-9.533543
▁을기억	-9.533682
▁팔	-9.534114
A	-9.534343
작	-9.534422
또	-9.534741
▁있는지	-9.536288
▁말은	-9.536299
▁때에	-9.537380
▁것처럼	-9.537646
나니	-9.537647
▁천	-9.538301
▁들어가	-9.538458
파수대	-9.538459
올	-9.539108
▁이동	-9.539167
▁에불과	-9.541733
▁는어떻게	-9.542631
못	-9.543260
한가지	-9.543432
위로	-9.543677
가치	-9.544166
선포	-9.544433
▁케	-9.544502
▁라고말	-9.545074
▁말고	-9.546472
급	-9.546916
제도	-9.547219
음식	-9.547287
▁실	-9.547555
근	-9.548482
▁을보고	-9.549124
성공	-9.549441
▁교회	-9.549708
▁그날	-9.549745
인지	-9.550639
방식	-9.550652
학자	-9.550758
▁이있는	-9.550999
격	-9.551017
▁이전	-9.551161
▁베드로	-9.553361
▁길	-9.553649
▁하던	-9.553837
어려움	-9.554207
하려고	-9.554295
겁니다	-9.554461
▁잘못	-9.554988
▁에게도	-9.555629
는점	-9.556367
▁되면	-9.556714
▁진리	-9.556718
▁알게	-9.556955
겸손	-9.557162
기억	-9.557611
지상	-9.558101
였습니다	-9.558221
d	-9.558784
▁보다더	-9.559032
천사	-9.559101
었읍니다	-9.559552
회복	-9.560253
▁가무엇	-9.560642
▁같아요	-9.562886
몇	-9.562959
▁의제도	-9.563138
▁설명	-9.563617
▁그이유	-9.563807
▁씩	-9.564733
▁학교	-9.564879
▁맞아	-9.565144
▁이있	-9.565618
겠지	-9.566277
▁보다도	-9.567698
n	-9.568038
▁자신의	-9.568410
이스라엘	-9.568697
이라고생각	-9.568912
▁저를	-9.569340
▁K	-9.569428
▁되는것	-9.570012
▁발견	-9.571219
려는	-9.571561
▁그거	-9.571697
▁키	-9.572513
의식	-9.572577
박수	-9.572776
▁하고있는	-9.573352
▁문제가	-9.573426
▁유럽	-9.575206
하지만	-9.575523
개인적	-9.576564
▁일러가로되	-9.576653
▁의집	-9.577099
▁를사랑	-9.577222
▁선생님	-9.577972
▁그렇다	-9.578158
여기	-9.578605
향	-9.579619
▁않고	-9.579824
▁의견해	-9.580724
▁그후	-9.580744
품	-9.581192
▁와관련	-9.581369
▁은참으로	-9.581474
고대	-9.582461
청	-9.582891
총	-9.583645
역할	-9.583833
▁말해	-9.584274
듯이	-9.584691
역사	-9.584752
혀	-9.584995
어느	-9.585118
▁가자	-9.585494
▁삼	-9.585498
도다	-9.586223
왔다	-9.586466
▁이아니다	-9.587035
하면서	-9.587306
▁F	-9.587408
진실	-9.588568
하신	-9.589170
대화	-9.589609
었어요	-9.589800
▁보여	-9.589945
▁이무엇	-9.590526
누구	-9.590732
▁여호와의	-9.590954
▁은이러	-9.591431
▁하기위하여	-9.592211
▁전혀	-9.592415
▁우리를	-9.593025
▁보호	-9.593614
▁nbsp	-9.593734
▁일것	-9.593772
인정	-9.593964
이며	-9.593992
▁을알	-9.596000
시험	-9.596324
희생	-9.597359
▁사실상	-9.597677
실제	-9.597986
▁는자기	-9.599123
▁11:	-9.599470
▁이하나님	-9.599821
▁에우리	-9.600237
단지	-9.601702
▁께서는그	-9.602054
▁하늘	-9.602694
기전	-9.602714
▁점	-9.602935
▁받아	-9.603053
둘	-9.603064
▁10:	-9.603265
늘	-9.603903
▁언제	-9.603972
발행	-9.604332
아무	-9.604630
▁하고있습니다	-9.604740
▁등	-9.605103
▁돌아가	-9.605843
▁결정	-9.605919
투	-9.606047
▁을발견	-9.606216
해도	-9.606383
▁앞에	-9.606687
더니	-9.607220
행사	-9.607359
정기적	-9.607651
▁돼요	-9.608645
습관	-9.608666
▁봅시다	-9.610319
▁시켜	-9.611609
폭력	-9.611993
▁되어있다	-9.613299
▁않아요	-9.613519
▁창	-9.613642
이용	-9.614630
▁일본	-9.614732
이지	-9.615029
(_	-9.615155
선택	-9.615453
▁뭐야	-9.616074
추구	-9.616229
충성	-9.616365
첫째	-9.616406
노래	-9.616808
잡지	-9.617889
▁암	-9.618068
되고	-9.618217
▁사단	-9.618335
er	-9.618400
▁뭐가	-9.618771
전파	-9.618987
지고	-9.619469
▁60	-9.619486
야합니다	-9.620583
▁그림	-9.620750
▁하셨읍니다	-9.620875
▁이여호와	-9.621134
누가	-9.621588
▁및	-9.621824
밖	-9.622598
철	-9.622698
했고	-9.623257
▁머리	-9.623938
▁대체	-9.624141
▁할필요	-9.624238
▁완전	-9.625166
집단	-9.625829
▁고말	-9.626552
▁7:	-9.627197
다니	-9.627213
삶	-9.627623
▁고마워요	-9.628710
▁아담	-9.628863
쉬	-9.628951
▁베	-9.629268
스스로	-9.630071
연설	-9.630303
합니까	-9.630913
었는데	-9.631409
▁을하	-9.632092
하려	-9.632528
감정	-9.632647
▁혼자	-9.632903
P	-9.633267
▁자네	-9.633311
▁의생명	-9.635946
다양	-9.636457
결심	-9.636953
성취	-9.637644
족	-9.638320
▁아침	-9.638499
c	-9.638722
▁없을	-9.641768
▁의믿음	-9.642204
▁E	-9.642397
짐	-9.642415
더군요	-9.643830
었으며	-9.643904
▁두려워	-9.643916
장소	-9.644657
세포	-9.646088
▁은사람	-9.646707
하시	-9.646899
▁이름을	-9.647036
었던	-9.647171
▁시키는	-9.647402
여성	-9.647673
질병	-9.648448
▁일어나	-9.648680
자리	-9.648957
는이유	-9.649014
▁에사는	-9.649602
▁오래	-9.650046
▁의길	-9.650108
형태	-9.650388
하거나	-9.650392
▁하자	-9.650626
▁오히려	-9.651110
▁의법	-9.651937
▁병	-9.652250
▁기도	-9.652304
ing	-9.652328
니다	-9.652580
▁걱정	-9.653253
▁풀	-9.653831
창조	-9.653979
▁이유	-9.654012
▁는하느님	-9.654426
▁아는	-9.654435
▁의가르침	-9.655511
▁of	-9.656122
▁나와	-9.656165
▁포	-9.656641
축	-9.657107
▁완전히	-9.657228
▁싶은	-9.657850
▁참으로	-9.658366
▁수술	-9.658464
▁떠나	-9.659095
시는	-9.659490
▁가정	-9.659782
▁지금은	-9.659837
그리스도교	-9.659981
그릇	-9.660020
▁나무	-9.661545
▁내려	-9.661668
구원	-9.661684
독	-9.661816
들어	-9.661876
▁당장	-9.661941
자가	-9.662215
▁말씀을	-9.662904
스트	-9.663415
▁보라	-9.664130
▁받는	-9.664166
잔	-9.664269
▁인데	-9.664547
▁너를	-9.665149
▁지구	-9.665153
▁사진	-9.665326
▁꼭	-9.665592
딸	-9.666077
현	-9.666113
제안	-9.666286
▁필요한	-9.666445
▁수가	-9.666655
만한	-9.666664
성령	-9.666690
낙원	-9.667445
좀	-9.667994
풀	-9.668286
▁그대	-9.669018
립	-9.669051
▁금	-9.669318
▁L	-9.669656
겠습니다	-9.670146
▁되어있는	-9.670221
▁를들면	-9.671414
▁을내	-9.671768
했을	-9.672350
B	-9.672565
예루살렘	-9.672809
▁26	-9.673827
즐거움	-9.674721
동일	-9.674774
E	-9.674964
▁사탄	-9.675131
사업	-9.675717
▁을이해	-9.675870
통치	-9.675873
까요	-9.675941
▁33	-9.676193
▁했는데	-9.676252
▁돈을	-9.676435
이렇게말씀	-9.677282
▁알아요	-9.677729
M	-9.678188
▁억	-9.678222
▁에근거	-9.678418
▁관한	-9.678480
▁딸	-9.679156
셨	-9.679365
▁R	-9.679565
으로부터	-9.679882
▁면네모	-9.680377
▁믿음	-9.680592
조사	-9.680658
건물	-9.681066
ar	-9.682511
▁이었읍니다	-9.682641
▁몰라	-9.682921
취	-9.683687
▁환자	-9.684102
깨어라	-9.686198
▁한다고	-9.686704
▁이번	-9.686827
라면	-9.686892
친절	-9.686892
▁을인정	-9.688009
명령	-9.688271
았다	-9.689156
.]	-9.689740
▁을가진	-9.690183
▁를위하여	-9.691200
영국	-9.691588
박해	-9.691610
▁나가	-9.691667
가난	-9.691839
선물	-9.692525
b	-9.692880
▁하루	-9.693060
는다	-9.693080
영광	-9.693270
▁롭게	-9.693944
우주	-9.694079
개인	-9.694353
▁연결	-9.695496
▁괜찮아요	-9.695821
목표	-9.696122
▁의도움	-9.697275
▁13:	-9.697767
었기때문	-9.698155
▁적이	-9.698260
▁무엇을	-9.698867
▁뒤	-9.700036
링	-9.700406
이란	-9.701469
▁보기	-9.701516
특히	-9.701806
왜	-9.702342
▁한때	-9.702806
▁마음	-9.703508
▁에서그	-9.703757
▁만이	-9.704789
밀	-9.705824
되었습니다	-9.706218
▁그녀의	-9.706655
성서연구	-9.707748
에도	-9.708136
▁같	-9.708686
셨다	-9.708759
▁만든	-9.709062
▁예를	-9.709779
▁확인	-9.710560
▁정의	-9.710585
▁은이렇게말	-9.710917
함을	-9.711179
소중	-9.712555
▁들사이	-9.712633
▁하셨	-9.712941
):	-9.713870
▁이해	-9.714434
님	-9.714718
▁정보	-9.714757
▁만명	-9.715389
▁이분명	-9.715506
▁전쟁	-9.716514
발생	-9.717037
강화	-9.717206
확실	-9.718115
이제	-9.718471
▁독일	-9.721557
기대	-9.721581
▁죽은	-9.722220
▁해도	-9.722222
▁그리	-9.722384
침	-9.722425
▁70	-9.723260
▁고마워	-9.724343
▁젠장	-9.725063
i	-9.725893
영혼	-9.726245
▁의해	-9.726846
거죠	-9.727177
는사실	-9.727334
있어	-9.728307
▁책	-9.728493
받	-9.729967
반대	-9.730062
▁약속	-9.730502
▁찾을	-9.730683
▁그러니	-9.731310
심지어	-9.732734
기꺼이	-9.732803
인식	-9.732851
▁마침내	-9.733025
고난	-9.733200
~	-9.733352
▁의미	-9.734639
▁잡아	-9.734868
▁직접	-9.735047
▁을통하여	-9.736045
가르침	-9.736612
▁하나의	-9.737229
칼	-9.737236
▁전체	-9.738229
단순	-9.738369
엘	-9.738947
▁메	-9.739093
▁예수그리스도	-9.739133
▁게임	-9.739190
▁두고	-9.739469
▁가나	-9.739935
기관	-9.740246
▁한말	-9.740630
▁문제를	-9.741356
골	-9.741361
쪽	-9.741392
제시	-9.741613
▁를위한	-9.741756
▁그저	-9.742037
특성	-9.742307
고려	-9.742753
▁길을	-9.742959
결	-9.743500
▁만아니라	-9.743889
▁싫어	-9.743989
▁N	-9.744472
▁순	-9.744535
▁당시	-9.744731
▁의생각	-9.744743
지않는다	-9.745006
▁프로그램	-9.745667
누	-9.745766
▁하시는	-9.746803
상당	-9.748445
▁◆	-9.749051
율	-9.749511
관리	-9.749678
▁거기서	-9.750703
▁b	-9.750938
원칙	-9.751233
▁이자기	-9.751755
▁작업	-9.752327
▁아직도	-9.753299
▁해야할	-9.753557
▁쪽	-9.753800
므로	-9.753848
압력	-9.753965
물질	-9.753999
심한	-9.754045
수술	-9.755659
▁부인	-9.755960
▁영화	-9.756224
▁하리라	-9.756310
인가	-9.756589
할때	-9.757003
▁스럽게	-9.757108
지않은	-9.757134
그러	-9.758031
▁이없는	-9.758639
▁종교	-9.758693
▁표시	-9.759027
인생	-9.759116
▁저도	-9.759365
▁써	-9.759465
단어	-9.759574
▁행	-9.759798
지않을것	-9.760710
▁만큼	-9.761332
▁저희는	-9.761410
▁시간을	-9.762141
▁도그	-9.762490
▁고대	-9.763258
거지	-9.764133
겠지만	-9.764750
경건	-9.765753
▁술	-9.766336
▁하여금	-9.766566
▁끝	-9.766900
심판	-9.767615
▁죄	-9.767828
장치	-9.768299
▁매일	-9.768660
병원	-9.769365
있기때문	-9.770045
▁방금	-9.770628
▁노래	-9.770789
▁쓰	-9.771159
▁생명	-9.771567
▁만드는	-9.771878
▁신경	-9.772335
승	-9.772762
크게	-9.773248
▁너의	-9.773987
어디	-9.774071
삼	-9.774177
▁을겪	-9.774288
▁정말로	-9.774533
▁얼마	-9.774675
▁을포함	-9.774766
▁나쁜	-9.775134
▁있어서	-9.775419
▁뭐라고	-9.775581
쓰	-9.776039
▁있노라	-9.776905
▁박사	-9.777085
십니다	-9.779173
o	-9.779378
일반적	-9.779661
한것	-9.780001
▁27	-9.780048
자체	-9.780125
명백	-9.780540
▁W	-9.780972
▁31	-9.781509
야한다	-9.781801
▁대신	-9.782024
▁쓸	-9.783067
▁안녕하세요	-9.783299
▁해보	-9.784271
▁그다음	-9.784550
▁내일	-9.784642
▁있으면	-9.784788
▁메시지	-9.785605
으라	-9.786027
있습니다	-9.786337
츠	-9.786874
이런	-9.787072
▁와서	-9.787176
비롯	-9.787187
비슷	-9.787409
순종	-9.788234
가능	-9.788888
끼	-9.789200
주는	-9.789273
▁은성서	-9.789595
빈	-9.789951
▁존재	-9.790872
▁을느끼	-9.791674
▁말씀	-9.792731
▁몸	-9.793259
▁추가	-9.793304
▁까지도	-9.793427
▁할만한	-9.793884
뜻	-9.795196
▁노아	-9.795739
머	-9.795818
▁믿음을	-9.796779
억	-9.796787
re	-9.797153
▁에너지	-9.797459
▁컴퓨터	-9.797847
▁일단	-9.798207
값	-9.798497
▁없다	-9.798787
▁되기	-9.798974
▁이말	-9.799315
▁이더	-9.799459
다윗	-9.799878
▁불러	-9.799933
▁자를	-9.801021
▁믿지	-9.801209
▁훨씬	-9.801950
▁J	-9.801968
▁앞에서	-9.802740
▁아래	-9.803140
▁보는	-9.803468
먼저	-9.803815
▁다니엘	-9.804029
▁사용자	-9.804195
아니	-9.805578
이미	-9.806361
몇가지	-9.806469
▁년전	-9.806915
리니	-9.808175
▁의아버지	-9.808278
T	-9.809204
다고생각	-9.809530
▁+	-9.810072
▁했	-9.810097
▁인류	-9.810245
관련	-9.810388
흔히	-9.810730
▁잠	-9.810855
▁형	-9.810986
최근	-9.814503
▁중국	-9.814624
▁의직무	-9.815128
풍	-9.815685
식품	-9.816682
초대	-9.817402
▁하려는	-9.817449
의문	-9.817585
미래	-9.817977
복종	-9.818831
젊은이	-9.818894
▁와비슷	-9.819002
▁은그러한	-9.819111
겠다고	-9.820120
풍부	-9.820638
▁식	-9.820648
단계	-9.820987
특정	-9.821203
회사	-9.821225
모양	-9.821526
▁아기	-9.821712
답	-9.821777
▁명령	-9.822372
하세요	-9.822465
했죠	-9.823606
처	-9.823836
4	-9.824301
결코	-9.824615
▁하지않	-9.824658
물건	-9.824783
al	-9.827060
▁한바	-9.827076
▁께서는자신	-9.827641
겠어요	-9.828152
아름다운	-9.829269
▁를시작	-9.830204
당시	-9.830628
▁이야기를	-9.830922
▁말입니다	-9.831011
이랑	-9.831708
▁는또한	-9.832006
▁연	-9.832102
기적	-9.832926
O	-9.833399
▁벌을	-9.833406
틀	-9.834571
▁c	-9.835717
예언자	-9.836169
▁사람의	-9.836493
쉽게	-9.836635
얼마나	-9.836733
I	-9.837417
권고	-9.839099
꽃	-9.839622
열매	-9.839735
신세	-9.840202
고요	-9.840819
▁우선	-9.841052
정말	-9.841894
맛	-9.842166
으리라	-9.843019
▁하시고	-9.843097
요인	-9.844131
▁가톨릭	-9.844311
직업	-9.844365
종교적	-9.844846
▁를얻	-9.845209
▁뒤에	-9.845506
▁듣고	-9.845687
렌	-9.846236
건축	-9.847341
6	-9.847600
▁보통	-9.847657
여호와하나님	-9.847762
두려움	-9.847775
는자	-9.848029
하였습니까	-9.848255
▁말씀이	-9.848469
▁때때로	-9.848546
▁방법을	-9.848554
하루	-9.848616
▁오직	-9.848753
▁의제자	-9.848775
회개	-9.848886
관습	-9.849065
▁도시	-9.849218
비용	-9.849228
▁은모두	-9.849300
었어	-9.850090
▁과학	-9.850300
▁맞	-9.850391
신문	-9.850488
▁을찾	-9.851161
▁할수있습니까	-9.851719
하다	-9.851973
▁이봐	-9.852296
먼	-9.853107
고그	-9.853259
▁먹	-9.853476
▁때까지	-9.853657
▁f	-9.853997
내게	-9.854467
왔습니다	-9.854514
▁생각합니다	-9.854538
▁백	-9.855165
▁사는	-9.855259
▁허	-9.855297
▁과거	-9.855470
▁것이죠	-9.855623
두가지	-9.855675
▁잡	-9.855700
▁한점	-9.856037
▁동물	-9.856390
그리스도교국	-9.856794
▁28	-9.856807
지않습니다	-9.856926
지않는	-9.857311
▁을입	-9.857317
요구	-9.857527
▁영	-9.857751
▁이때	-9.857845
▁경찰	-9.857858
▁화	-9.858188
작업	-9.858401
▁하심	-9.858521
성구	-9.858842
썼습니다	-9.858972
p	-9.860037
▁실행	-9.860197
성전	-9.860520
▁되었	-9.860531
▁심판	-9.861335
지원	-9.861887
항	-9.861893
▁창조	-9.861896
부족	-9.861963
▁어쩌면	-9.862831
환	-9.862919
▁가여호와	-9.863099
소식	-9.863797
▁있었어요	-9.864117
▁은그분	-9.864729
▁현대	-9.865938
▁보다는	-9.866691
용서	-9.866808
▁곳에	-9.867511
현대	-9.867920
▁보세요	-9.868229
▁은어떤	-9.868361
▁그대에게	-9.869032
▁1914	-9.869452
▁장로	-9.870024
▁란	-9.870340
▁행동	-9.870352
작용	-9.870542
▁을그	-9.871192
▁15:	-9.871449
소녀	-9.871619
먹	-9.871627
▁G	-9.871822
▁H	-9.872128
▁정부	-9.872676
▁8:	-9.872973
▁의본	-9.873177
--	-9.873187
로마	-9.873594
른	-9.873775
박사	-9.874038
▁결코	-9.874254
바로	-9.875550
▁도움이	-9.875983
▁질문	-9.876324
다는사실	-9.876331
광	-9.876965
보존	-9.877072
하십시오	-9.877284
▁행하는	-9.877772
십	-9.878071
덕분	-9.878222
수단	-9.878429
놀라운	-9.878617
▁평화	-9.878841
▁24:	-9.878946
참조	-9.879632
곡	-9.879730
전문가	-9.879911
페	-9.880294
집니다	-9.880451
어느정도	-9.880476
▁행복	-9.880941
배우자	-9.881439
▁하지만그	-9.881795
▁로그	-9.882577
▁분이	-9.882854
▁공격	-9.883461
▁는이	-9.883669
받은	-9.883701
사탄	-9.883879
▁선을	-9.884154
▁32	-9.884315
게요	-9.884452
▁저의	-9.885726
▁뿐	-9.885760
의심	-9.885776
▁망	-9.886078
건전	-9.886628
L	-9.887118
▁을더	-9.888046
▁국가	-9.888065
독일	-9.888087
▁방법이	-9.888217
▪	-9.888689
‘	-9.888714
처음	-9.889594
▁욥	-9.890226
▁을당하	-9.890608
더라도	-9.890985
▁안전	-9.891212
겠다	-9.891835
지않았다	-9.892015
▁누군가	-9.892093
벽	-9.892341
버리	-9.892924
세대	-9.893018
▁앞으로	-9.893219
].	-9.893771
동의	-9.893960
▁예레미야	-9.893982
담배	-9.894034
▁의눈	-9.894475
과학	-9.894680
▁있으며	-9.894772
▁는내	-9.894973
▁귀	-9.895817
▁9:	-9.896166
▁하지않고	-9.896722
▁감사	-9.897197
잡	-9.897393
▁너희의	-9.897449
짓	-9.897732
▁청소년	-9.897894
▁을확신	-9.898243
▁존	-9.898244
▁더하기	-9.898618
▁한후	-9.898786
▁그대로	-9.899314
▁21:	-9.899512
방문	-9.899642
▁한문제	-9.899704
▁으로그	-9.899734
들에	-9.900052
▁항	-9.900071
▁있도록	-9.900559
없	-9.900740
▁말야	-9.900755
▁을들	-9.900776
유혹	-9.901079
극	-9.901094
▁니가	-9.901602
▁을방문	-9.901644
비난	-9.901898
▁여전히	-9.902063
▁것이다	-9.902311
▁멋진	-9.902581
▁이되었다	-9.902858
▁은당신	-9.902875
더많은	-9.903461
▁되리라	-9.903755
마을	-9.903769
▁가없	-9.904531
▁이됩니다	-9.904736
▁보지	-9.904834
직장	-9.904860
▁없고	-9.904936
▁에베소	-9.905882
▁사도바울	-9.906006
▁사이에	-9.906316
▁늘	-9.906637
언	-9.906882
무기	-9.907202
▁여긴	-9.907882
가는	-9.908079
더욱	-9.909190
▁가는	-9.909286
합	-9.910235
ed	-9.910283
▁마리아	-9.910633
제한	-9.911172
했는데	-9.911548
g	-9.912254
였어요	-9.912469
▁한방법	-9.913111
▁4.	-9.913844
창조주	-9.913909
위협	-9.913920
조언	-9.914803
나이다	-9.915449
시련	-9.915755
▁너도	-9.916226
▁갑자기	-9.916531
▁칼	-9.917484
▁는나	-9.918314
▁생각하는	-9.918409
▁되지	-9.918863
▁높은	-9.918922
▁이된다	-9.918972
이기	-9.919038
하던	-9.919702
▁를유지	-9.920368
았습니다	-9.920635
▁다들	-9.921047
▁시험	-9.921771
효과	-9.922298
상실	-9.922683
r	-9.922719
▁이되었습니다	-9.922806
▁사회	-9.922896
유럽	-9.922908
▁꽤	-9.922954
_	-9.923123
▁여행	-9.923247
겠어	-9.923956
재난	-9.925155
듯	-9.925286
성장	-9.925541
느냐	-9.925654
으나	-9.925994
▁하십니다	-9.927021
▁가까이	-9.927121
or	-9.927197
▁으로는	-9.927374
거예요	-9.927574
▁모두가	-9.928024
유일	-9.928044
거짓	-9.928664
▁하려	-9.928866
▁것들을	-9.928896
▁대답	-9.929098
▁께서그	-9.929192
▁길이	-9.929745
▁하신것	-9.930387
무슨일	-9.930408
▁게다가	-9.930500
보면	-9.930630
저희	-9.931083
k	-9.931905
▁교	-9.931988
▁음악	-9.932543
▁이곳	-9.933029
▁to	-9.933240
▁의아내	-9.933856
▁사용할	-9.934013
▁되게	-9.934719
들도	-9.934828
▁어때	-9.934867
선교인	-9.934921
었지만	-9.935905
됨	-9.935968
강한	-9.936050
▁하려면	-9.936172
▁질	-9.936440
▁받고	-9.937142
한다고	-9.938092
가능성	-9.938643
▁제곱	-9.938815
▁있었	-9.938881
움	-9.939121
▁짓	-9.939184
▁진행	-9.939762
마약	-9.939838
확인	-9.939934
읽	-9.940415
과학자	-9.940511
자격	-9.942138
신분	-9.942168
었죠	-9.942765
세계적	-9.943054
▁사람들에게	-9.943299
▁때는	-9.943360
▁일에	-9.944029
▁이되어	-9.944437
령	-9.944694
▁되고있다	-9.944741
▁범죄	-9.945409
▁없음	-9.945457
▁을잃	-9.945668
식사	-9.945879
▁기원	-9.946000
▁의날	-9.946258
▁희	-9.946559
▁바벨론	-9.947373
▁악	-9.947598
▁은혜를	-9.948225
▁계산	-9.948821
▁미안해	-9.949071
▁정신	-9.949138
▁가아니라	-9.949326
특권	-9.949526
공격	-9.950016
자매	-9.950503
▁에여호와	-9.950904
▁토	-9.951056
업	-9.951091
▁손을	-9.951504
▁왕이	-9.951893
▁에걸쳐	-9.952359
F	-9.952608
▁한편	-9.952640
▁곳	-9.952914
▁요	-9.953662
아무것	-9.954535
▁역사	-9.954549
항상	-9.954645
▁개의	-9.954666
와서	-9.955346
올바른	-9.955700
▁하는지	-9.955803
폐	-9.956027
율법	-9.956032
▁의손	-9.956391
정보	-9.956610
an	-9.956760
▁이젠	-9.956787
▁있던	-9.957048
▁나라	-9.957559
번역	-9.957744
무리	-9.958565
▁29	-9.958716
보이	-9.959245
▁정보를	-9.959388
▁거리	-9.959517
▁자들을	-9.960663
▁차세계대전	-9.960912
▁에기록	-9.961150
▁노력	-9.961283
자연	-9.961360
▁여러분의	-9.961699
였	-9.962989
▁을보면	-9.963156
움직	-9.963560
커다란	-9.963691
검토	-9.963696
▁멀리	-9.964532
▁를통하여	-9.964997
▁혹시	-9.966598
▁을말	-9.966806
자주	-9.966847
▁이니라	-9.967072
탈	-9.967223
플	-9.967334
많이	-9.967478
▁것들이	-9.967580
어야	-9.967830
헤	-9.969843
기름부음	-9.969991
▁나중에	-9.970095
낸	-9.970107
사상	-9.970118
▁첫번째	-9.970209
8	-9.970299
▁을받았다	-9.970348
▁있지만	-9.970584
▁야고보	-9.970834
▁권	-9.970986
기초	-9.971518
▁그랬	-9.971608
▁있나요	-9.971674
▁치료	-9.972003
중하나	-9.972069
▁을받은	-9.972671
▁과일치	-9.973392
▁됐어	-9.973545
▁이있었다	-9.973975
물질적	-9.974221
직접	-9.974813
▁높이	-9.974826
▁보이	-9.974921
▁마리	-9.975242
▁자연	-9.976318
▁그룹	-9.977369
거대	-9.978685
주위	-9.978746
▁이있습니까	-9.979179
▁하게될것	-9.979910
께	-9.980198
▁하더라	-9.980206
▁대하여	-9.980316
▁엄마가	-9.980680
하실	-9.980859
▁의심	-9.981250
▁3,	-9.981605
최초	-9.982034
▁창세	-9.982165
줘	-9.983015
달러	-9.983033
▁안에서	-9.983270
전파활동	-9.983298
사제	-9.983493
영화	-9.983498
나가	-9.983568
▁목	-9.983800
마귀	-9.984280
▁생각이	-9.984807
▁했고	-9.985336
▁부탁	-9.985506
참여	-9.986294
원인	-9.986362
순	-9.986463
▁에서가장	-9.986521
▁의자녀	-9.986623
▁진실	-9.987554
시며	-9.987680
태	-9.988686
▁의가족	-9.989107
바람	-9.989329
▁하였	-9.989547
▁크게	-9.989690
▁에도불구하고	-9.989875
성적	-9.990171
▁솔로몬	-9.991879
흥미	-9.991970
▁경고	-9.992203
▁이하느님	-9.992265
▁하신다	-9.993340
▁그렇죠	-9.993512
간단	-9.993680
생산	-9.995108
으므로	-9.995231
성인	-9.995592
마다	-9.995923
▁가능	-9.995952
▁되었으며	-9.996107
▁이유는	-9.996238
하였기때문	-9.996324
▁에서나	-9.997220
출판물	-9.998142
있게	-9.998748
▁주는	-9.998851
▁잔	-9.999007
수있습니다	-9.999018
있었다	-9.999554
▁싶지	-9.999747
낼	-10.000549
▁않았습니다	-10.001063
생존	-10.001347
▁어디서	-10.001382
모임	-10.001543
▁있기	-10.001716
▁TV	-10.002192
졌습니다	-10.002725
▁마찬가지	-10.002742
아무런	-10.003673
▁저장	-10.004277
▁또다른	-10.004793
▁이르되	-10.005781
▁말하고	-10.005803
▁더욱	-10.005980
▁있잖아	-10.006386
했	-10.006409
f	-10.006554
▁을갖	-10.007854
▁우주	-10.007900
근처	-10.008410
H	-10.008767
▁여성	-10.008885
▁이있는가	-10.009329
놓고	-10.009795
▁90	-10.010448
일본	-10.010557
▁지역	-10.010647
17:	-10.011156
▁계	-10.011160
▁싶	-10.012715
마찬가지	-10.013546
▁힘	-10.013754
on	-10.013965
수있다	-10.014172
결국	-10.014385
▁기사	-10.015231
통치자	-10.015586
▁영적	-10.016405
▁그녀를	-10.016642
▁부르	-10.017821
거절	-10.018600
현명	-10.018846
졌다	-10.019107
▁것이요	-10.019292
쿠	-10.019502
u	-10.019933
선언	-10.019956
필	-10.020178
▁하나는	-10.020389
▁성공	-10.020643
교직자	-10.021247
하였읍니다	-10.021591
▁훌륭한	-10.021963
▁가되어	-10.022085
▁자신을	-10.022112
▁께서우리	-10.022658
파괴	-10.023135
▁무엇이	-10.023302
▁이지만	-10.023336
좀더	-10.023964
▁디	-10.024863
▁인지를	-10.024936
▁은아닙니다	-10.025070
▁앉아	-10.025772
몹시	-10.025923
년에	-10.026005
권위	-10.026230
해결	-10.026738
▁있었던	-10.026925
▁주님의	-10.027298
▁을따라	-10.027470
신체적	-10.027606
자비	-10.027680
▁원래	-10.027872
▁주여	-10.028352
공기	-10.028969
▁한다는것	-10.029025
입장	-10.029583
in	-10.029621
▁은나	-10.030245
▁독자	-10.030506
습	-10.030749
▁네게	-10.030799
▁봐요	-10.030831
견해	-10.030959
▁저녁	-10.031379
▁레	-10.031447
였다	-10.031555
니까요	-10.032006
w	-10.032405
정치	-10.032416
기구	-10.032808
것같습니다	-10.033211
▁하는방법	-10.033220
▁준	-10.033331
▁있었어	-10.033409
교사	-10.033624
▁200	-10.033666
있고	-10.033696
▁우릴	-10.034118
방향	-10.034690
▁드	-10.034795
효과적	-10.035031
▁께서는우리	-10.035798
자동차	-10.035812
▁오류	-10.036065
▁이점	-10.036440
대단	-10.036819
▁가필요	-10.036858
이곳	-10.037639
수많은	-10.038483
뇌	-10.038485
손상	-10.038573
▁바다	-10.038646
성공적	-10.038725
▁제대로	-10.038989
▁건강	-10.039160
보기	-10.039457
팀	-10.040321
▁회	-10.040471
형성	-10.040502
한다는	-10.040941
오염	-10.041461
▁은말	-10.041678
정직	-10.042075
▁이자신	-10.042694
름	-10.043315
▁의예언	-10.043395
▁했을때	-10.043426
▁을이루	-10.044639
▁알았어요	-10.044665
▁옷	-10.044804
▁는예수	-10.045096
▁은아니다	-10.045149
왕국회관	-10.045214
▁교육	-10.045382
▁했죠	-10.045407
▁선지자	-10.045873
▁생각을	-10.046065
오래	-10.047696
▁있을까요	-10.048738
▁거짓	-10.048787
▁채	-10.048976
▁로하여금	-10.049323
▁왕국	-10.049327
신앙	-10.049721
▁을전파	-10.049787
요청	-10.049906
▁사이	-10.050437
▁가능한	-10.051099
▁80	-10.052135
▁이라는것	-10.052545
▁에게그	-10.052937
▁제일	-10.053329
▁대화	-10.053427
아프리카	-10.053460
이혼	-10.054584
맨	-10.055163
간주	-10.055338
▁으로생각	-10.055446
둘째	-10.055590
▁검색	-10.055882
h	-10.055899
▁보이는	-10.056366
0	-10.056374
▁=	-10.056463
▁아름다운	-10.056579
▁만나	-10.056726
였어	-10.057543
▁말도	-10.057863
공급	-10.057906
▁을인식	-10.057980
▁밀	-10.058234
▁법	-10.058454
지않았습니다	-10.058611
함이	-10.059084
매일	-10.059507
▁저에게	-10.059810
새끼	-10.059958
시설	-10.059983
▁죽을	-10.060143
▁에두	-10.060232
R	-10.060706
▁s	-10.061149
▁믿	-10.061496
▁거라고	-10.062613
반영	-10.062771
다리	-10.062836
▁어린	-10.063329
실패	-10.063998
나이	-10.064175
▁버	-10.064650
▁일부사람	-10.066970
▁을이용	-10.067043
▁위치	-10.067365
도덕적	-10.068134
그대로	-10.069078
생물	-10.069439
판단	-10.069608
제거	-10.069803
으시	-10.069854
장애	-10.069897
▁좋아하는	-10.069904
런	-10.070026
하려면	-10.070108
▁인터넷	-10.070769
충고	-10.071110
▁기대	-10.071483
프로그램	-10.071728
수혈	-10.071745
민족	-10.071947
▁과의	-10.072094
조심	-10.072147
▁이있을것	-10.072243
▁별로	-10.072480
▁을받았습니다	-10.072642
모세	-10.072757
하셨	-10.073099
마지막	-10.073274
▁을지적	-10.073318
명의	-10.073318
육체	-10.073424
짐승	-10.073458
▁m	-10.074285
교리	-10.075214
갑	-10.075997
있는것	-10.076077
폭	-10.076159
▁맞아요	-10.076220
▁캐나다	-10.076966
▁필요가	-10.077064
▁살아	-10.077929
자를	-10.078676
적어도	-10.079208
▁자들이	-10.079513
▁적어도	-10.080051
종류	-10.080606
보니	-10.080888
▁칠	-10.081207
육	-10.082861
으려고	-10.083257
▁하게도	-10.083575
▁알았	-10.083938
▁지혜	-10.084099
▁하실것	-10.084536
en	-10.084635
좋아	-10.085581
▁을본	-10.086165
굴	-10.086270
▁에영향	-10.086286
7	-10.086339
사진	-10.086387
이웃	-10.086395
고주장	-10.086402
9	-10.086528
봉	-10.087139
▁잠시	-10.087626
▁거짓말	-10.087781
▁의문제	-10.087895
▁하라고	-10.088607
▁을지키	-10.088996
▁가있	-10.090425
▁하고말	-10.090491
▁최고	-10.090601
▁자유	-10.090682
▁회중	-10.090883
▁말한	-10.091033
태양	-10.091075
▁낭독	-10.091561
▁이름이	-10.091724
숙	-10.091790
▁그중	-10.092106
▁이있었습니다	-10.092699
실수	-10.092902
▁같은데	-10.092932
▁못할	-10.092955
셔	-10.094350
▁한상태	-10.094604
징계	-10.096230
▁인하여	-10.096301
지지	-10.096424
▁불신자들	-10.097186
▁전자	-10.097519
▁이들은	-10.097622
▁은누구	-10.097887
▁가하나님	-10.097904
슈	-10.098125
▁감	-10.098359
▁살인	-10.099645
▁역시	-10.100001
서적	-10.100131
▁은내	-10.100462
N	-10.100506
벗	-10.100593
인쇄	-10.100636
▁이름은	-10.101248
전세계	-10.101585
▁얻을	-10.102886
▁변화	-10.103098
▁하였는데	-10.103394
균형	-10.103436
높이	-10.103558
고있는것	-10.103700
리스	-10.103932
▁자들은	-10.104280
▁하였을때	-10.104660
▁의약속	-10.104958
▁한다는	-10.104969
이면	-10.105029
▁통	-10.105032
소년	-10.105155
패	-10.105188
▁세포	-10.106098
▁중에서	-10.106668
인가요	-10.107016
있을	-10.107080
▁실험	-10.107120
승리	-10.107271
14:	-10.107300
음을	-10.107464
시켜	-10.108429
▁있나니	-10.109494
▁삭제	-10.110287
▁왜냐면	-10.110335
▁개월	-10.110453
게될	-10.111372
▁운동	-10.111732
지면	-10.111791
▁크	-10.112060
따뜻	-10.112288
받는	-10.112742
▁역	-10.113107
▁빼	-10.113377
이라도	-10.113391
용기	-10.113634
분의	-10.113733
▁자료제공	-10.113748
블	-10.113772
▁은사실	-10.113940
▁해결	-10.114113
죽은자	-10.114308
온갖	-10.114569
▁이전에	-10.114595
▁시스템	-10.114635
엄청	-10.114862
샤	-10.115044
▁비밀	-10.115898
꼭	-10.116071
맺	-10.116201
부도덕	-10.116287
▁을받고	-10.117316
그처럼	-10.117584
▁의좋은소식	-10.117731
▁허락	-10.117937
▁병원	-10.118029
하였	-10.118114
구역	-10.118440
슬	-10.119731
았	-10.119801
▁방법	-10.120648
▁하실	-10.120723
▁을보호	-10.120886
▁에대한사랑	-10.121252
동료	-10.121366
▁죽	-10.121490
고있읍니다	-10.121748
주고	-10.121901
▁은분명	-10.122051
▁쯤	-10.122131
하자	-10.122335
사고	-10.122353
어떤것	-10.122968
렸	-10.123218
▁파일을	-10.123405
그사람	-10.124053
▁과그분	-10.124713
▁의조직	-10.124776
▁언어	-10.124833
가서	-10.125298
▁페	-10.125347
기분	-10.125372
▁결과	-10.125388
▁를보	-10.125908
숨	-10.126080
알려줍니다	-10.126137
▁외에는	-10.126463
▁를내	-10.126493
기름	-10.127258
▁요셉	-10.127802
파이오니아	-10.128195
과거	-10.128578
첫	-10.128871
털	-10.128929
▁you	-10.129282
▁한결과	-10.129373
▁위험	-10.129878
▁기술	-10.130314
부면	-10.130592
▁자에게	-10.130831
▁힘을	-10.130880
서는	-10.131423
▁나서	-10.131587
▁못하는	-10.131937
▁러시아	-10.132398
▁표현	-10.132714
맞	-10.132772
드리	-10.132842
▁그와	-10.132850
▁에의하여	-10.133366
+	-10.133478
아담	-10.133713
▁아니한	-10.134384
▁뇌	-10.134436
▁를갖	-10.134481
▁한곳	-10.134582
▁마음을	-10.135001
▁약간	-10.135036
▁스페인	-10.135124
주세요	-10.135191
하였고	-10.135231
으면서	-10.135419
▁[“	-10.135512
유지	-10.136556
존	-10.136664
는방법	-10.136696
▁부분	-10.136793
▁조사	-10.136880
야만	-10.136913
했지만	-10.136958
이세상	-10.137091
거라고	-10.137238
▁는성서	-10.137718
▁했을	-10.138115
기능	-10.138272
포기	-10.138485
▁가없다	-10.138648
▁든	-10.138888
싸움	-10.139297
처리	-10.139314
너무	-10.139672
리는	-10.139702
▁유대인	-10.139931
실용적	-10.140122
▁할수있는가	-10.140371
▁방법은	-10.140382
▁하나님과	-10.140622
으신	-10.140888
▁쉽게	-10.141901
▁O	-10.142095
▁언제나	-10.142201
그래	-10.142462
모습	-10.142486
세기	-10.142504
▁과학자	-10.142554
동기	-10.142584
▁t	-10.142964
▁있어야	-10.143339
▁실패	-10.143541
▁증가	-10.143647
성원	-10.144061
▁보이지	-10.144088
튼	-10.144452
▁수는	-10.145272
이었습니다	-10.145855
▁20:	-10.145930
부패	-10.145962
▁몇몇	-10.146781
▁년대	-10.146959
▁되었고	-10.147499
▁기다려	-10.147506
▁새로	-10.147720
인데요	-10.147751
▁에이	-10.147928
아브라함	-10.148366
▁지나	-10.148387
▁엄청	-10.148501
▁p	-10.148690
▁말하지	-10.149098
자극	-10.149290
설계	-10.149319
▁어린이	-10.149617
그점	-10.149736
▁45	-10.149767
▁아니하고	-10.149781
▁곳에서	-10.149864
하려는	-10.150025
▁라면	-10.150471
보증	-10.150908
▁의것	-10.150951
당연	-10.151544
▁는사람	-10.152075
▁꿈	-10.152164
빌	-10.152687
영감	-10.152689
고있었다	-10.152712
전혀	-10.152754
▁작	-10.152882
액	-10.153589
▁는다음	-10.154519
▁거기에	-10.154609
▁못한	-10.154737
표준	-10.155246
G	-10.155801
독자	-10.155932
▁은매우	-10.156030
있었습니다	-10.156403
치는	-10.157284
둔	-10.157894
▁자네가	-10.158322
▁할수없	-10.158465
▁모르는	-10.158649
▁다시말	-10.158768
▁를주	-10.159010
▁접근	-10.159180
▁어쨌든	-10.159678
어린	-10.159745
▁를연구	-10.159978
복잡	-10.160023
▁개인	-10.161650
일부사람	-10.161744
▁괜찮	-10.162002
▁나이	-10.162175
이니	-10.163088
▁순간	-10.163169
최고	-10.163725
야할	-10.164149
▁에만	-10.164221
만이	-10.164302
▁확실히	-10.164653
▁종류의	-10.164859
▁정확히	-10.165003
진지	-10.165073
▁굉장히	-10.165309
대상	-10.165495
하시는	-10.165680
착	-10.166143
▁35	-10.166459
▁확실	-10.166693
가까이	-10.166832
환영	-10.166978
▁를계속	-10.167062
제사장	-10.167368
혼란	-10.167622
▁때문이죠	-10.167641
▁줘	-10.167810
실망	-10.168360
▁을누리	-10.168417
게하는	-10.168430
▁크기	-10.168756
▁한가지	-10.168776
▁주님	-10.168908
▁않으면	-10.169200
▁이사람	-10.169300
꺼	-10.169778
▁18:	-10.170089
거라	-10.170386
▁에들어가	-10.170830
꿈	-10.171272
찬양	-10.171341
왔	-10.171551
헌신	-10.171840
하였으며	-10.171889
거기	-10.172027
젊은	-10.172126
우스	-10.172374
▁은그것	-10.172725
악한	-10.173721
구조	-10.173801
현상	-10.174342
공의	-10.174630
로서	-10.174925
▁14.	-10.175228
▁의왕	-10.175645
리아	-10.176142
분열	-10.176547
보라	-10.176949
▁사고	-10.177047
▁2000	-10.177283
▁사실을	-10.177349
▁를어떻게	-10.177815
속도	-10.178086
찬	-10.178096
눈물	-10.178349
▁영향을	-10.178745
l	-10.178780
감소	-10.178786
혼자	-10.179070
▁생	-10.179869
존경	-10.179870
▁을내리	-10.180140
▁한그리스도인	-10.181874
▁상태	-10.182028
▁에의한	-10.182827
▁받았	-10.182914
▁이탈리아	-10.183189
리고	-10.184463
대학교	-10.184539
▁숫자	-10.184628
제공	-10.184985
영예	-10.185001
단다	-10.185134
▁되어있습니다	-10.185523
▁는이러	-10.185760
▁누구도	-10.186206
▁이요	-10.186368
▁죽음	-10.186426
▁할수있을것	-10.186567
결혼생활	-10.186606
고기	-10.187331
요소	-10.187337
높은	-10.187457
▁군	-10.187673
독특	-10.187754
보이는	-10.188038
▁각각	-10.188360
▁좋	-10.188384
압	-10.189460
더큰	-10.189654
▁8.	-10.189692
수있습니까	-10.190561
▁제거	-10.190781
▁가어떻게	-10.190945
승인	-10.190983
구성	-10.191199
해야합니다	-10.191303
▁됨	-10.191550
▁시키고	-10.191816
▁를입	-10.192004
겠습니까	-10.192280
전화	-10.192410
계시	-10.192616
▁고통	-10.192748
논	-10.193333
▁실수	-10.193392
▁문제는	-10.193394
▁을하는	-10.193397
응	-10.194324
감정적	-10.194740
▁관	-10.194750
허	-10.195157
▁이자	-10.195206
유명	-10.195588
▁뿐이라	-10.195942
▁에도착	-10.196267
▁눈을	-10.196474
▁않았	-10.196513
혈	-10.196630
수치	-10.196747
그림	-10.197549
조각	-10.197581
견	-10.198036
쯤	-10.198066
▁해지	-10.198271
▁커	-10.198425
▁울	-10.198646
▁13.	-10.200536
이후	-10.200624
▁11.	-10.200693
▁값	-10.200849
힐	-10.201269
▁을주는	-10.201292
데요	-10.201427
자료제공	-10.202077
▁나중	-10.202091
▁'%	-10.202178
▁36	-10.202184
▁경험	-10.203038
▁9.	-10.203228
북	-10.203746
▁하게되었다	-10.203883
▁앞서	-10.204169
▁지도	-10.204449
▁에게말	-10.204641
▁사람들의	-10.204664
밑	-10.205172
졌	-10.205269
단체	-10.205476
▁남은	-10.205564
상상	-10.205584
▁발생	-10.205819
도로	-10.206074
배우	-10.206386
▁딱	-10.206523
주인	-10.206733
시오	-10.206845
기에	-10.206934
The	-10.206969
▁태양	-10.206974
▁없노라	-10.207130
피해	-10.207768
▁16:	-10.208343
는말	-10.209119
이땅	-10.209227
▁에서우리	-10.209391
▁을하는것	-10.209573
불완전	-10.209916
▁목록	-10.210454
회의	-10.210628
▁조직	-10.210630
평가	-10.210823
남녀	-10.211247
그리스도인회중	-10.211746
▁하지않는다	-10.211973
▁많	-10.212173
귀중	-10.213246
▁의영적	-10.213343
▁유지	-10.213680
▁땅에	-10.213805
결론	-10.213842
지말라	-10.213861
드는	-10.214042
▁반면	-10.215134
다고말	-10.215276
지라	-10.215295
조정	-10.215504
▁왔	-10.216435
▁을많이	-10.216486
상처	-10.216627
▁다섯	-10.216710
▁검사	-10.216907
▁속에	-10.217199
▁했지만	-10.217280
그일	-10.217334
야지	-10.217489
▁비록	-10.217504
신경	-10.217548
▁과같이말	-10.218125
▁당연히	-10.218152
▁되어있	-10.218396
▁마세요	-10.218462
▁은다음	-10.218574
분야	-10.218742
▁루	-10.219095
▁얼굴	-10.219145
▁의죽음	-10.219443
시편	-10.219974
▁을가지	-10.220008
광고	-10.220254
▁패	-10.220445
가슴	-10.220772
▁벌이	-10.220928
허락	-10.221133
시니	-10.221209
▁먹고	-10.221283
▁을적용	-10.222079
▁19:	-10.222723
욕	-10.222748
▁엄청난	-10.222816
하심	-10.223162
누군가	-10.223439
조금	-10.223874
▁제게	-10.224424
▁가있는	-10.224535
전달	-10.224646
기본적	-10.224889
보고서	-10.225021
▁를맺	-10.225191
▁을다	-10.225869
▁의죄	-10.225986
▁없다고	-10.226026
▁가우리	-10.226885
인자	-10.227474
준다	-10.227630
랄	-10.228026
▁애굽	-10.228621
어떤일	-10.228625
▁에서일	-10.228912
스터	-10.228920
▁16.	-10.229270
▁살고	-10.229494
▁데리고	-10.229916
중에	-10.230058
▁이없다	-10.230189
▁전세계	-10.230243
▁맹세	-10.230700
▁물을	-10.230732
시도	-10.230823
였죠	-10.230947
▁를가지고	-10.231056
위원회	-10.231099
▁추	-10.231444
알려준다	-10.231466
▁에관심	-10.231914
▁을믿	-10.232054
▁삶을	-10.232055
람	-10.232519
▁달라	-10.232866
도전	-10.233323
▁에해당	-10.233407
▁의기록	-10.233419
▁흔히	-10.234084
▁의하나님	-10.234282
▁경제	-10.234409
▁에이르	-10.234621
자료	-10.234908
▁를받았습니다	-10.234914
▁은인간	-10.234937
▁을알고	-10.235341
하라고	-10.235476
하시고	-10.235517
밭	-10.235663
▁지원	-10.235685
검사	-10.235729
▁의종교	-10.236093
▁곳이	-10.236389
▁철	-10.237345
▁팀	-10.237688
했다고	-10.238265
지진	-10.238536
▁바라	-10.238614
셨읍니다	-10.238615
▁2,	-10.238933
▁이라도	-10.238945
▁손에	-10.239001
담대	-10.239059
기원전	-10.239234
께서	-10.239244
▁살해	-10.239521
마리아	-10.239975
▁을행하	-10.240042
신자	-10.240107
로써	-10.240113
▁용서	-10.240133
▁일이야	-10.240287
겠는가	-10.240481
권리	-10.240628
▁두번째	-10.240654
아마	-10.240814
▁자동차	-10.240918
벨	-10.241019
오랫동안	-10.241196
▁따	-10.241393
▁진정	-10.241496
평균	-10.241576
▁처리	-10.241581
대가	-10.242014
마지막날	-10.242158
▁을듣	-10.242262
▁될때	-10.242408
▁단어	-10.242748
낮	-10.243000
다섯	-10.243081
▁브라질	-10.244113
반드시	-10.244143
▁로는	-10.244329
의로운	-10.244350
▁마약	-10.244856
확고	-10.245221
▁그대는	-10.245223
▁이얼마나	-10.245224
▁십	-10.245363
Comment	-10.245497
▁V	-10.245741
▁해보라	-10.246040
나쁜	-10.246046
▁그리스도교국	-10.246238
▁의몸	-10.246251
▁을강조	-10.246265
고있으며	-10.246385
들로	-10.246460
널리	-10.247503
▁방문	-10.247554
▁마음이	-10.247722
근거	-10.247832
충	-10.247925
▁누	-10.248654
▁7.	-10.248698
▁색	-10.249039
의무	-10.249112
즉시	-10.249326
깊이	-10.249368
▁되죠	-10.249524
물고기	-10.249817
▁기분	-10.249844
▁천사	-10.249858
▁구원	-10.250577
▁죽어	-10.251617
▁불신	-10.251833
▁12.	-10.252012
▁을보내	-10.252015
▁그렇	-10.252041
▁만들고	-10.252282
▁음식	-10.252532
▁이당신	-10.252570
종종	-10.252855
발표	-10.253060
척	-10.253259
십니까	-10.253446
그때	-10.253651
▁도구	-10.253859
먹이	-10.253916
각각	-10.254154
▁을극복	-10.254867
▁이매우	-10.254953
▁화면	-10.255374
이들	-10.255426
▁10.	-10.255733
황	-10.255918
있읍니까	-10.256267
▁한한	-10.256544
▁돌아오	-10.256608
▁17.	-10.257110
푸	-10.257218
군대	-10.257627
▁을시작	-10.257986
▁기본	-10.258191
▁아빠가	-10.258307
학대	-10.258308
▁마지막으로	-10.258688
▁00:	-10.258709
▁의능력	-10.259086
▁성장	-10.259130
▁하고그	-10.259318
▁왼쪽	-10.259374
▁유일한	-10.259832
갔다	-10.259866
기로	-10.260204
▁뉴욕	-10.260281
▁분자	-10.260368
▁면사진	-10.261631
▁있나	-10.261711
나중	-10.261837
▁계획	-10.261938
떠	-10.262326
▁반대	-10.262470
20	-10.262504
▁을하고	-10.262524
새로	-10.262742
▁당신에게	-10.262917
▁비행기	-10.263779
각자	-10.264019
특징	-10.264082
▁모르	-10.264131
▁의활동	-10.265660
▁중요	-10.265920
▁환경	-10.266144
:%	-10.266230
위대	-10.266231
le	-10.266875
▁시편	-10.267156
▁and	-10.267547
▁하였읍니까	-10.267651
쳤	-10.267862
▁X	-10.268798
▁아니요	-10.269059
언제나	-10.269103
▁이리	-10.269159
인구	-10.269358
▁숨	-10.269548
▁그대가	-10.269660
행로	-10.269976
▁하지않는	-10.270085
▁식물	-10.270135
▁의행동	-10.270953
양심	-10.271369
▁시도	-10.271545
▁마가	-10.271600
▁비디오	-10.271782
▁얘기를	-10.272473
는걸	-10.272623
▁한지식	-10.272635
지않도록	-10.272771
을까	-10.272876
▁은왜	-10.273664
▁무리	-10.273826
오는	-10.273950
시킬	-10.274000
▁심장	-10.274026
▁몰라요	-10.274177
할수	-10.274179
▁담	-10.274224
록	-10.274353
약간	-10.274462
▁으로사용	-10.274678
▁외에	-10.275074
었을	-10.275716
▁빛	-10.276031
차이	-10.276093
이어	-10.276299
▁을따르	-10.276842
▁떠	-10.277023
칭찬	-10.277290
▁생산	-10.277941
베드로	-10.278342
▁놀라운	-10.278721
▁확신	-10.278865
이라면	-10.279068
▁에이르기	-10.279572
▁9,	-10.279877
▁야곱	-10.280052
협회	-10.280354
▁말하	-10.280665
모든일	-10.281142
▁어디에	-10.282477
▁맙소사	-10.283467
전적	-10.283480
▁위로	-10.284538
▁점점	-10.284756
환상	-10.284929
됐	-10.285308
나머지	-10.285456
▁하지않은	-10.285554
진행	-10.285933
게되면	-10.285971
프랑스	-10.285991
▁해보자	-10.286029
▁빌	-10.286189
▁부활	-10.286238
▁를타고	-10.286265
▁하고자	-10.286513
려고노력	-10.286668
▁떼	-10.286686
시장	-10.286826
고싶	-10.287016
▁을듣고	-10.287302
▁을읽	-10.287836
▁잠깐만	-10.288224
▁최고의	-10.288427
▁은결코	-10.288534
▁한사실	-10.288588
▁이아니	-10.288701
▁했으며	-10.288795
▁대학	-10.289021
▁돌려	-10.289101
고자	-10.289219
유다	-10.289559
▁입력	-10.289608
지침	-10.289655
수있는	-10.290215
지니	-10.290522
완	-10.290635
▁가되었다	-10.291152
주민	-10.292181
▁이일	-10.292673
하더라도	-10.293626
▁하지않습니다	-10.293641
▁한태도	-10.293684
상징적	-10.293950
▁증거	-10.293962
간절	-10.293977
하사	-10.293999
하겠습니다	-10.294034
▁그대의	-10.294790
개선	-10.295231
최선	-10.295270
▁한형태	-10.295298
▁를찾	-10.296002
▁군대	-10.296583
▁붙	-10.297649
▁을초래	-10.298034
▁아니고	-10.298191
마리	-10.298501
▁의신	-10.298827
▁의피	-10.299385
▁해준다	-10.299553
줍니다	-10.300304
마침내	-10.300351
두사람	-10.300365
▁을요구	-10.300661
▁판	-10.300693
▁합시다	-10.300775
▁조지	-10.301161
▁설치	-10.301318
인상	-10.301704
▁에스겔	-10.302414
지시	-10.302436
▁학생	-10.302463
집안	-10.302718
신체	-10.302830
거짓말	-10.303015
▁단계	-10.303420
는보도	-10.303582
달리	-10.303776
▁오스트레일리아	-10.303793
대신	-10.303893
놓	-10.304171
스타	-10.304388
▁인일	-10.304413
그리	-10.305101
탁월	-10.305590
▁미리	-10.306005
턴	-10.306545
▁의봉사	-10.307288
행실	-10.307583
같	-10.307744
▁4,	-10.308022
수도	-10.308489
▁부정	-10.308538
고착	-10.308748
지부	-10.309646
통과	-10.309655
▁찾는	-10.309864
▁어떠	-10.310066
▁해줄	-10.310253
▁을기대	-10.310273
▁대통령	-10.310352
▁되며	-10.310586
▁한질문	-10.310677
▁필요해	-10.310723
▁하는바	-10.311550
▁하게되었습니다	-10.312085
만을	-10.312196
▁해줍니다	-10.312911
▁있었죠	-10.313400
▁을분명	-10.313892
뼈	-10.313939
▁디모데	-10.313975
▁쉬	-10.314047
▁을해	-10.314439
▁될까요	-10.314484
경향	-10.315278
▁부족	-10.315302
▁서둘러	-10.315326
린다	-10.315366
비유	-10.315375
▁을숭배	-10.315600
셀	-10.316009
▁디자인	-10.316030
잠언	-10.316106
▁관리	-10.316462
▁깨	-10.317138
▁나머지	-10.317331
▁변경	-10.317721
▁집을	-10.318083
떠나	-10.318096
질것	-10.318282
▁카메라	-10.318412
▁만을	-10.318556
가지고	-10.319606
문화	-10.320024
몬	-10.320378
▁조각	-10.320436
익	-10.320650
▁을가지고있	-10.320657
▁오른쪽	-10.320797
▁이아닌	-10.321194
▁의다른	-10.321366
▁을떠나	-10.322022
▁께서자신	-10.322262
▁집에서	-10.322858
▁은혜	-10.323064
자라	-10.323077
▁미친	-10.323163
슬픔	-10.323302
경계	-10.323492
접	-10.323616
▁사업	-10.323977
▁의태도	-10.324272
▁분명히	-10.324979
걱정	-10.325116
▁일반	-10.325367
▁런던	-10.325550
▁용	-10.325588
▁의결과	-10.325725
▁를나타내	-10.325968
때때로	-10.326002
계약	-10.326042
훨씬더	-10.326237
▁프로젝트	-10.326715
▁사망	-10.326896
▁예언자	-10.326928
▁열어	-10.327178
응답	-10.327711
▁으로인도	-10.327739
전망	-10.328255
렸습니다	-10.328470
^2	-10.328544
▁종종	-10.328805
▁박	-10.328927
경찰	-10.329294
교수	-10.329455
▁300	-10.329971
▁말이에요	-10.330155
신속	-10.330203
▁척	-10.330278
▁건물	-10.330610
장래	-10.330960
▁을막	-10.331059
▁빌립보	-10.331243
소서	-10.331264
개발	-10.331618
개념	-10.331826
▁는그러한	-10.332048
▁의힘	-10.332486
▁온전	-10.332679
▁을찾아	-10.333069
쓴	-10.333090
갔습니다	-10.333111
▁해주는	-10.333201
▁관계	-10.333502
▁의깊이	-10.333631
▁가더	-10.333708
10	-10.333766
▁생명을	-10.334115
쓸	-10.334283
일곱	-10.334444
수록	-10.334814
▁대부분의	-10.335183
▁반복	-10.335342
▁에대처	-10.335406
우려	-10.336143
▁밤에	-10.336171
▁없다는	-10.336612
사는	-10.337025
=	-10.337440
▁을한	-10.337699
하다고	-10.337749
▁상황	-10.337897
진심	-10.337983
▁글	-10.338031
▁나오	-10.338752
▁의가치	-10.338873
▁빈	-10.338874
지대	-10.339322
었던것	-10.339338
▁주세요	-10.339359
▁:	-10.339563
▁의영광	-10.339692
▁기계	-10.340259
욥	-10.340568
달라고	-10.340648
묵상	-10.340701
▁뭔지	-10.340926
마땅	-10.341003
▁뜻이	-10.341090
립니다	-10.341494
▁이상한	-10.341647
▁의인도	-10.342237
▁밖으로	-10.342436
▁5.	-10.342597
시다	-10.343083
▁에대한믿음	-10.343212
▁를읽	-10.343231
▁그러자	-10.343476
▁그리고그	-10.343952
▁신이	-10.344028
악화	-10.344160
▁복	-10.344391
해야합니까	-10.344505
▁를이해	-10.344521
▁그사람	-10.344831
주요	-10.344838
▁능력	-10.344849
감독자	-10.344982
▁방법으로	-10.345254
분리	-10.345363
▁의소식	-10.345529
유대	-10.345611
▁시장	-10.345802
바닥	-10.345963
▁도합니다	-10.346748
혈액	-10.346789
주의자	-10.346856
▁라는말	-10.347626
포도주	-10.347691
▁층	-10.347995
▁을가진사람	-10.348088
▁마음에	-10.348195
성을	-10.348272
더나은	-10.348985
웠	-10.349020
▁질문을	-10.349576
규모	-10.349585
▁주고	-10.349666
▁로사용	-10.349831
인기	-10.349852
▁터	-10.349961
고나서	-10.350299
▁다음에	-10.350315
내려	-10.350527
이사야	-10.350613
▁하는법	-10.350644
▁U	-10.350755
▁이일어나	-10.350878
▁오는	-10.350886
▁이유가	-10.351059
▁내지	-10.351763
있던	-10.351915
▁을우리	-10.352071
▁테	-10.352325
납	-10.352369
▁의명령	-10.352964
▁를받았다	-10.353676
▁전기	-10.353711
지나치게	-10.353914
▁500	-10.354469
▁가되는	-10.354509
▁현	-10.354649
알려주	-10.354776
▁엘	-10.354897
욕망	-10.354957
자는	-10.355461
▁떨어져	-10.356237
▁합	-10.356711
it	-10.357102
▁종이	-10.357114
▁미안	-10.357254
강조	-10.357262
끊임없이	-10.357370
▁할수없는	-10.357646
영어	-10.357677
▁하다고	-10.357855
오락	-10.357922
▁6,	-10.357936
뿌리	-10.358350
동시	-10.358450
▁찾고	-10.358686
▁자라	-10.358927
힌	-10.358959
▁복사	-10.359144
발휘	-10.359479
▁여호와하나님	-10.359941
▁더이상	-10.360113
연결	-10.360804
▁5,	-10.360836
▁라도	-10.360908
빵	-10.360913
▁의의미	-10.360961
친밀	-10.361362
던것	-10.361718
했지	-10.362316
이집트	-10.362857
▁하여그	-10.363034
▁을보이	-10.363072
으니까	-10.363160
이방인	-10.363276
▁왔어	-10.363443
▁부모님	-10.363854
뜨	-10.364415
▁관련	-10.364753
거늘	-10.364850
그렇게하	-10.365225
▁의기도	-10.365351
▁한관계	-10.365698
▁인구	-10.366112
구절	-10.366381
000	-10.366419
버려	-10.366439
▁해왔다	-10.366518
▁되었읍니다	-10.366649
감동	-10.366795
더이상	-10.366847
▁지금까지	-10.366895
▁가난	-10.366968
주제	-10.367001
▁찾	-10.367278
수없는	-10.367699
하러	-10.367749
참석	-10.368017
▁처	-10.368690
▁를고려	-10.368818
▁참조	-10.369049
기위한	-10.369059
있을것	-10.369064
장이	-10.369821
▁때로는	-10.370536
장면	-10.370729
▁에서봉사	-10.371100
별로	-10.371222
고한다	-10.371323
▁하기전	-10.371329
th	-10.371337
▁모르겠어	-10.371416
▁받지	-10.371417
무렵	-10.371863
▁그대를	-10.372029
▁의원인	-10.372188
▁사람에게	-10.372358
부유	-10.372415
결합	-10.372497
▁은오늘날	-10.372810
▁아비	-10.372872
미터	-10.372992
▁첫째	-10.373137
▁이었습니까	-10.373528
랜	-10.373560
경제	-10.374556
▁은다른사람	-10.374808
것같다	-10.375494
▁이었으며	-10.375918
▁지상	-10.375959
면서도	-10.376101
▁제사장	-10.376111
▁싶어요	-10.376122
▁을배우	-10.376159
▁도대체	-10.376213
째	-10.376311
▁순종	-10.376634
일어나	-10.376639
정치적	-10.377163
▁였던	-10.377347
▁논쟁	-10.377584
죽임	-10.378239
▁죽일	-10.378610
방해	-10.378751
▁친	-10.379009
매년	-10.379294
▁섬	-10.379532
▁그녀	-10.379563
▁개발	-10.379613
있어요	-10.380418
추리	-10.380803
▁벌써	-10.381430
▁를잘	-10.381618
▁을하였다	-10.381731
기계	-10.381780
▁회사	-10.381799
▁말했다	-10.381844
▁가될것	-10.382168
▁승리	-10.382175
▁을구	-10.382187
▁을섬기	-10.382280
지못하	-10.382746
▁폭력	-10.382770
▁든지	-10.382840
▁자리	-10.383056
제품	-10.383119
제곱	-10.383341
치고	-10.383363
주실것	-10.383569
션	-10.383736
사본	-10.383807
▁값을	-10.383833
▁에사용	-10.384027
▁는어떤	-10.384236
▁에들어있는	-10.384262
명이	-10.384763
▁요청	-10.384818
찾아	-10.384869
로운	-10.385251
나는	-10.385304
▁어디로	-10.385646
실천	-10.385897
▁접	-10.386191
▁훌륭	-10.386443
기가	-10.386701
▁드리	-10.386866
엄	-10.386942
렸다	-10.387697
▁을한다	-10.387771
모든나라	-10.387848
▁의희망	-10.387882
개월	-10.388091
▁퍼	-10.388259
▁복음	-10.388539
하니라	-10.388765
▁시킨다	-10.389001
▁데이터	-10.389241
▁어려운	-10.389263
▁날이	-10.389482
조화	-10.389519
▁을마련	-10.389864
▁나에게	-10.389920
내지	-10.390197
▁놈	-10.390511
▁의자유	-10.390516
폭발	-10.390546
▁미안해요	-10.390945
퇴	-10.391335
▁멸망	-10.391586
최상	-10.391586
원래	-10.391958
렴	-10.391969
▁의정신	-10.392412
넓	-10.392636
▁나온	-10.392877
버린	-10.393289
▁문자	-10.393637
▁인사람	-10.394021
▁특별한	-10.394411
▁아버지가	-10.394577
▁해봅시다	-10.395684
▁은흔히	-10.395864
▁이를	-10.396076
▁사실은	-10.396321
▁끝내	-10.396414
위치	-10.396447
▁운전	-10.396976
악귀	-10.397683
▁바이러스	-10.397693
돌아가	-10.397759
지모릅니다	-10.397846
입니까	-10.398586
▁커피	-10.398610
표시	-10.398674
유리	-10.399041
▁멕시코	-10.399157
▁하다는것	-10.399370
▁됐어요	-10.399874
성경적	-10.400466
홍수	-10.400750
▁내세	-10.400787
살인	-10.400919
확증	-10.401058
▁의충실	-10.402048
▁요즘	-10.402488
▁해온	-10.402799
▁가하느님	-10.403052
▁그기사	-10.403168
▁가라사대	-10.403291
▁으로나	-10.403490
▁자손	-10.403596
실로	-10.403630
▁동생	-10.403683
느뇨	-10.403887
▁쓰는	-10.404515
보는	-10.404902
씩	-10.405284
)...	-10.405624
간다	-10.405879
▁유혹	-10.405914
▁짓을	-10.406128
▁타고	-10.406209
▁반드시	-10.406328
▁사건	-10.406545
▁사랑하는	-10.406859
검	-10.406903
▁사악한	-10.406986
▁이관련	-10.407057
▁고린도전	-10.407447
▁만족	-10.407610
연로	-10.407769
▁똑같은	-10.407828
택	-10.407838
▁좋을	-10.408010
▁죄송해요	-10.408123
의학	-10.408331
명확	-10.408620
▁티	-10.408734
관찰	-10.409025
죽은	-10.409128
▁한상황	-10.409517
금지	-10.410233
▁아이를	-10.410304
교황	-10.410367
▁집으로	-10.410612
▁께대한	-10.410814
▁믿어	-10.411038
▁의영향	-10.411119
▁이성서	-10.411244
▁은행	-10.411593
평	-10.411663
보이지않는	-10.411877
us	-10.412042
공부	-10.412043
메시야	-10.412518
▁성령	-10.412679
▁구조	-10.413059
적극적	-10.413925
래요	-10.413961
▁선택한	-10.413983
덕	-10.414177
▁6.	-10.414255
▁크리스	-10.414269
규정	-10.415130
생활방식	-10.415215
▁봉사	-10.415304
▁있었고	-10.415417
▁있느뇨	-10.415674
▁한내용	-10.415726
▁것들	-10.415784
▁를섬기	-10.416056
가장큰	-10.416072
▁다행	-10.416301
▁해야합니까	-10.416618
▁여자가	-10.416845
계시록	-10.417515
이었어요	-10.417541
▁가고	-10.417594
▁그분이	-10.417802
▁의평화	-10.418043
▁있으니	-10.418172
▁하기위한	-10.418172
전기	-10.418180
충격	-10.418253
위기	-10.418274
젖	-10.418634
▁함이라	-10.418903
▁아니하며	-10.419103
▁긴	-10.419173
염두	-10.419350
옵니다	-10.419857
어려운	-10.419944
▁는그것	-10.420150
▁보상을	-10.420228
▁를하	-10.420374
시죠	-10.420412
▁를따라	-10.420490
년간	-10.420651
▁의나라	-10.421115
▁기업	-10.421543
임신	-10.421734
순간	-10.421741
▁주소서	-10.421835
▁가게	-10.422024
확장	-10.422099
▁참여	-10.422225
▁의예	-10.422397
▁초기	-10.422556
멀리	-10.423191
▁의교훈	-10.423445
▁은계속	-10.423587
▁쇼	-10.423693
V	-10.424563
자살	-10.424737
신다	-10.424928
자고	-10.425203
▁있었는데	-10.425326
보통	-10.425423
게된	-10.425475
▁시켜주	-10.425610
▁는그분	-10.425632
▁기다리	-10.425895
▁이시작	-10.425951
▁37	-10.426007
▁해보면	-10.426047
짝	-10.426530
▁새끼	-10.426567
▁이세상	-10.426727
인종	-10.426879
클	-10.427436
▁나오는	-10.427499
긴장	-10.427574
흙	-10.427980
▁셋	-10.428334
밖에	-10.428418
▁에순종	-10.428761
▁만들기	-10.428846
▁를받아	-10.428908
덜	-10.429087
▁의문	-10.429320
▁되는데	-10.429572
at	-10.429864
▁을모두	-10.429877
▁와삽	-10.429899
▁마귀	-10.429917
▁에있	-10.430141
▁서버	-10.430243
▁어제	-10.430265
▁의양	-10.430356
자들이	-10.430367
▁세상을	-10.430472
수천	-10.430525
▁를나누	-10.430578
교제	-10.431047
느낌	-10.431165
▁바랍니다	-10.431310
▁굴	-10.431466
염	-10.431485
▁쓴	-10.431503
▁그래프	-10.431568
전역	-10.431573
▁집중	-10.431981
믿	-10.432392
▁파괴	-10.432410
▁북	-10.432469
오르	-10.432747
▁먹을	-10.432906
갔	-10.432984
거부	-10.433208
▁자동	-10.433418
▁흥미로운	-10.433790
랜드	-10.433852
▁짐	-10.433970
요리	-10.433976
▁마을	-10.434302
▁의근원	-10.434512
▁이니	-10.434620
▁생활	-10.434622
▁요구	-10.434865
뱀	-10.434960
▁이여	-10.435356
정의	-10.435528
▁말하기를	-10.436016
접촉	-10.436255
조처	-10.436890
▁다리	-10.437008
▁@	-10.437326
▁사용하는	-10.437623
▁브	-10.438074
위안	-10.438272
▁하겠습니다	-10.438322
▁를기울이	-10.438805
저녁	-10.438847
▁의유익	-10.438867
사도바울	-10.438890
형제자매	-10.439318
▁마시	-10.439457
▁in	-10.439547
칭	-10.439621
섬기	-10.439890
버릴	-10.440228
섭취	-10.440254
▁형식	-10.440851
신성	-10.442614
지가	-10.442734
공장	-10.442904
▁좋습니다	-10.442964
뇨	-10.443347
정신적	-10.443449
▁이혼	-10.443688
지않았	-10.444074
▁은단지	-10.444604
▁제공	-10.444785
수가	-10.445048
▁인생	-10.445216
▁은자녀	-10.445557
▁이되는것	-10.445609
▁이웃	-10.445628
▁여러가지	-10.445829
▁않게	-10.445889
▁필	-10.446042
실시	-10.446349
지도자	-10.446464
본적	-10.446472
▁을표현	-10.447148
법적	-10.447227
▁에주의	-10.447311
놓은	-10.447326
▁장치	-10.447360
▁주님께서	-10.447625
떼	-10.447704
▁에하나님	-10.447718
▁나랑	-10.448123
▁가자기	-10.448132
▁의어머니	-10.448362
▁숭배	-10.448457
▁이사용	-10.448567
▁답	-10.448852
▁을즐기	-10.449023
▁광	-10.449229
▁달리	-10.449403
이론	-10.449909
하는사람	-10.450423
▁했지	-10.450547
냐고	-10.450548
으셨	-10.450562
들어가	-10.450597
갑자기	-10.450668
▁파리	-10.451725
▁하라는	-10.452226
옆	-10.452299
▁의그리스도인	-10.452560
▁자주	-10.452616
▁시대	-10.453032
▁기회	-10.453122
▁미래	-10.453208
50	-10.453360
부지런	-10.454251
▁헤	-10.454284
▁의감정	-10.454299
멘	-10.454360
▁을두	-10.454432
끈	-10.454570
▁지켜	-10.454619
▁이내	-10.455637
▁스스로를	-10.455869
▁DNA	-10.456186
▁못하고	-10.456313
▁이후	-10.456709
▁이기사	-10.456768
▁는계속	-10.456892
▁어찌	-10.456976
그여자	-10.456980
▁그러므로우리	-10.457226
비행기	-10.457242
▁바보	-10.457644
하였으니	-10.457798
▁1000	-10.458114
롱	-10.458839
▁이사실	-10.458915
▁각자	-10.459182
▁가말	-10.459752
▁친구가	-10.459757
▁봤	-10.459760
▁것이고	-10.460059
▁오늘은	-10.460168
▁친절	-10.460462
▁이있읍니다	-10.461068
▁발전	-10.461149
국제	-10.461328
▁보게	-10.461335
▁맨	-10.461376
▁상상	-10.461432
큰무리	-10.461439
몇몇	-10.461801
▁장소	-10.461860
경제적	-10.461880
▁영원	-10.461995
▁내리	-10.462025
▁아이들이	-10.462126
장님	-10.462397
기뻐	-10.462550
토론	-10.462620
핵	-10.462689
▁봤어	-10.462713
었을것	-10.463018
▁그곳에	-10.463080
▁맞는	-10.463097
여호와하느님	-10.463334
▁더욱이	-10.463763
찰	-10.463957
▁괜찮은	-10.464107
▁들모두	-10.464284
▁인간의	-10.464584
▁이었던	-10.464610
셨으며	-10.464628
▁어떠한	-10.465086
▁보자	-10.465421
▁를더	-10.465500
할수있는	-10.465943
▁정리	-10.465992
▁하늘과	-10.466105
가르치	-10.466154
깨	-10.466159
▁도전	-10.466405
▁소리를	-10.466450
▁무기	-10.466672
▁의노력	-10.466682
률	-10.466702
는경우	-10.467063
가장중요	-10.467266
답니다	-10.467300
▁두려움	-10.467390
▁보냈	-10.467610
▁동의	-10.467861
▁•	-10.468178
▁거요	-10.468291
▁가질	-10.468320
예상	-10.468636
▁이신	-10.469132
▁까지는	-10.469616
큰환난	-10.469902
▁와그분	-10.469928
심장	-10.470487
▁사울	-10.470757
갑니다	-10.471180
▁텍스트	-10.471206
▁를생각	-10.471402
▁얼굴을	-10.471691
송	-10.471725
주목	-10.472240
팅	-10.472392
가요	-10.472576
▁충분히	-10.472669
돌아오	-10.472720
▁전달	-10.472810
▁위대한	-10.473328
▁이계속	-10.473455
가까운	-10.473798
판결	-10.474025
▁바꿔	-10.474030
두고	-10.474113
▁이든지	-10.474670
▁했다고	-10.474751
▁의머리	-10.475140
▁충만하심이라	-10.475183
▁년후	-10.475275
의지	-10.475343
있었으며	-10.475569
▁사과	-10.475619
▁의끝	-10.475644
▁소녀	-10.475838
▁맥	-10.475881
▁묻	-10.475906
▁로결정	-10.476248
▁편집	-10.476614
▁시키는것	-10.477162
사자	-10.477245
접근	-10.477423
▁않았어요	-10.477454
다는점	-10.477492
▁의율법	-10.477858
▁알겠어	-10.478131
▁모르겠어요	-10.478233
22:	-10.478355
▁은묻는다	-10.478553
대요	-10.478704
져서	-10.478717
필수적	-10.478725
▁꽃	-10.479407
▁질병	-10.479650
셨어요	-10.479719
▁메시지를	-10.479773
▁없죠	-10.480006
있었기때문	-10.480305
▁이집트	-10.480424
▁영원히	-10.480747
▁고린도	-10.480854
▁여호수아	-10.480888
▁로된	-10.481201
철저	-10.481494
▁다양한	-10.481903
▁지내	-10.482231
축제	-10.482689
▁표	-10.482831
▁연락	-10.483142
▁인정	-10.483461
일치	-10.483664
목자	-10.483847
수입	-10.483895
▁를포함	-10.484138
▁체	-10.484222
피조물	-10.484553
▁이처럼	-10.484716
▁의부모	-10.484863
만일	-10.485245
▁돌아	-10.485350
▁싶습니다	-10.485387
▁자들	-10.485516
탑	-10.485555
▁깊은	-10.485664
▁를취하	-10.485711
▁결	-10.486270
우리자신	-10.486325
도덕	-10.487019
▁적용	-10.487361
에서도	-10.487410
레이	-10.487518
길이	-10.487567
▁인태도	-10.488108
▁때가	-10.488268
수를	-10.488390
▁물이	-10.488428
▁국	-10.488522
우울증	-10.488579
불가능	-10.488583
▁밥	-10.488658
나타나	-10.488721
▁넣어	-10.488839
▁로인한	-10.488909
서그	-10.489176
비행	-10.489178
센	-10.489200
▁을먹	-10.489308
진보	-10.489448
참숭배	-10.489511
불리	-10.489700
▁죄송합니다	-10.489790
억제	-10.489895
하더라	-10.491230
동정심	-10.491357
▁공부	-10.491525
사태	-10.491672
지불	-10.492051
▁편지	-10.492085
성서진리	-10.492107
▁왔어요	-10.492348
주신	-10.492415
▁것보다	-10.492449
▁가되었습니다	-10.492506
▁할수있읍니다	-10.492790
▁아침에	-10.493200
▁먹어	-10.493728
▁레이	-10.493958
었을때	-10.493965
▁믿을	-10.494355
하였을것	-10.494401
▁직장	-10.494565
허용	-10.494672
▁를들	-10.495027
현실	-10.495197
▁가야	-10.495320
이스라엘사람	-10.495424
놀	-10.495455
▁시킬	-10.495481
사단	-10.495627
그리스도예수	-10.495711
이점	-10.495775
시키는	-10.496003
▁하나를	-10.496116
▁알코올	-10.496252
▁아니죠	-10.496305
초기	-10.496628
있었습니까	-10.496948
실험	-10.497035
▁을깨닫	-10.497112
▁하십니까	-10.497394
임무	-10.497650
▁알겠습니다	-10.497785
얼굴	-10.497912
수백만	-10.498015
▁에서여호와	-10.498124
▁너와	-10.498133
▁너한테	-10.498478
▁담배	-10.498739
▁일곱	-10.498857
놀라운일	-10.499022
었지	-10.499430
하노라	-10.499811
▁고객	-10.499873
▁도없	-10.500207
▁백성을	-10.501033
뿐아니라	-10.501128
el	-10.501600
▁이중요	-10.501696
내는	-10.501713
▁행한	-10.501723
▁아까	-10.502090
▁한인간	-10.502463
▁한생활	-10.502490
주소	-10.502712
국민	-10.502723
▁를본	-10.502952
▁이된	-10.503020
▁이용	-10.503309
▁의회중	-10.503557
▁보낸	-10.503896
▁600	-10.504080
판매	-10.504236
대다수	-10.504529
▁의때	-10.504591
▁포기	-10.504684
▁하였는가	-10.504903
노인	-10.505381
는게	-10.505846
전도인	-10.505943
▁으로말	-10.506055
대학	-10.506346
▁생각할	-10.506367
알아	-10.506398
희랍어	-10.506518
렉	-10.506952
임을	-10.506996
▁을상징	-10.507031
▁힘들	-10.507090
▁걸어	-10.507983
되었다	-10.508238
스트레스	-10.508274
▁이예수	-10.508283
▁무엇인지	-10.508315
레스	-10.508434
▁젊은	-10.508927
하리니	-10.509191
▁이넘는	-10.509607
구만	-10.509917
겠다는	-10.510024
U	-10.510117
▁쥐	-10.510184
하는일	-10.510327
듣	-10.510459
▁인성서	-10.511085
시사	-10.511108
있었고	-10.511436
▁에서영원	-10.511635
▁의상태	-10.511822
셨습니까	-10.511941
친척	-10.512019
스페인	-10.512121
는데요	-10.512339
▁상관	-10.512522
끄	-10.512762
▁을구하	-10.512813
요한	-10.512909
태어나	-10.512926
▁남아	-10.512989
▁의추종자	-10.513198
▁의영감	-10.513490
▁문을	-10.513512
▁에달하는	-10.513577
▁의땅	-10.513585
▁골로새	-10.513994
동료신자	-10.513994
▁올라가	-10.514376
▁이도움	-10.514465
▁상황이	-10.514519
계산	-10.514606
▁한행동	-10.514623
▁아무런	-10.514686
순결	-10.514862
▁을품	-10.515045
▁있으리라	-10.516107
널	-10.516418
▁웹	-10.516585
해로운	-10.516827
▁그처럼	-10.516880
▁이가능	-10.516957
▁싸	-10.517001
▁알렉스	-10.517010
▁계시니라	-10.517047
▁수많은	-10.517162
양식	-10.517223
▁이그러한	-10.517602
더욱더	-10.517837
▁의삶	-10.518117
황폐	-10.518447
▁알려	-10.518559
꺼야	-10.518774
▁서명	-10.518861
뛰어난	-10.519394
▁남성	-10.519806
흔	-10.520151
▁도착	-10.520415
은것	-10.520430
가담	-10.520484
▁보이기	-10.520538
빨리	-10.520711
▁기원전	-10.521072
김	-10.521156
▁크리스마스	-10.521547
▁현실	-10.521743
제물	-10.521749
크기	-10.521764
▁길로	-10.521796
▁의표준	-10.521862
추종자	-10.521897
▁승	-10.522258
재앙	-10.522348
정당	-10.522384
▁갈라디아	-10.522673
조건	-10.523422
분노	-10.523504
식별	-10.523580
▁바람	-10.523620
번째	-10.523803
실때	-10.524035
▁의열매	-10.524314
중대	-10.524357
보내	-10.524487
겁	-10.524627
구멍	-10.524785
K	-10.525219
되었	-10.525341
▁주장	-10.525391
▁를의미	-10.525480
흡연	-10.525501
▁시켰다	-10.525699
▁때마다	-10.525987
▁히여기	-10.526082
▁자신이	-10.526357
▁풀어	-10.526411
▁상자	-10.526439
▁방해	-10.526783
얼	-10.526877
▁데려가	-10.527485
날개	-10.527514
▁g	-10.527706
▁폐	-10.527724
지배	-10.527734
▁프로	-10.528051
컴퓨터	-10.528167
▁한다음	-10.528309
이기적	-10.528448
▁작동	-10.528475
es	-10.528477
▁도와주	-10.528480
▁멈춰	-10.528510
▁것이라고	-10.528554
▁에서살	-10.528874
었다고	-10.528945
▁소년	-10.529006
▁탈	-10.529268
▁도망	-10.530095
▁하게된다	-10.530149
에겐	-10.531153
스러운	-10.531198
▁이르	-10.531219
▁에있다	-10.531299
랴	-10.531482
▁투자	-10.531553
▁주인	-10.531612
▁된사람	-10.531941
정상적	-10.532106
▁하시며	-10.532124
▁그려	-10.532271
▁한증거	-10.532513
▁에는그	-10.532750
▁알겠어요	-10.532883
그런일	-10.532969
▁기쁨	-10.533122
▁받은자	-10.533189
▁갔	-10.533244
▁한지	-10.533265
애정	-10.533385
깨닫	-10.533849
@	-10.533885
에선	-10.533904
▁h	-10.534072
시키	-10.534283
연락	-10.534405
부당	-10.534699
▁남자가	-10.534727
일종	-10.534856
느	-10.534970
▁엔	-10.535346
의견	-10.535518
▁노예	-10.535767
▁관심	-10.535786
▁워	-10.536328
▁인가를	-10.536387
▁저주	-10.536423
논쟁	-10.536433
릭	-10.536497
▁겸손	-10.536684
▁벤	-10.536756
단단	-10.536810
▁레위	-10.536881
불평	-10.536967
▁이므로	-10.537031
▁에언급	-10.537101
는동안	-10.537371
▁인자	-10.537409
▁넘어	-10.537431
▁이땅	-10.537793
진다	-10.538129
틀림	-10.538131
▁바꿀	-10.538433
▁올바른	-10.538589
▁로봇	-10.538831
▁없지	-10.539284
▁뛰어	-10.539381
▁소수	-10.539407
나타내	-10.539478
▁의통치	-10.539578
et	-10.539923
▁할머니	-10.539995
▁사진을	-10.540071
을까요	-10.540112
떨	-10.540363
곁	-10.540468
▁무시	-10.540503
구출	-10.540510
▁대지	-10.540554
▁둘이	-10.540567
군인	-10.540595
▁시킨	-10.540785
▁한나라	-10.541032
겠읍니까	-10.541078
▁성전	-10.541223
달려	-10.541974
몰	-10.542023
▁죽었	-10.542121
▁애들	-10.542157
많은것	-10.542246
되면	-10.543351
▁기분이	-10.543509
▁을받았	-10.543706
신것	-10.544399
▁백성들이	-10.544467
게된것	-10.544472
▁뉴스	-10.544580
▁한마음	-10.544619
관대	-10.544625
▁같다	-10.544662
드라	-10.544668
었습니까	-10.544778
▁그여자	-10.545069
▁감정	-10.545252
그리스	-10.545823
▁하사	-10.545845
▁같지	-10.546067
좋	-10.546281
▁받은그리스도인	-10.546553
타락	-10.546742
알고	-10.546815
▁저희를	-10.547079
▁여호와께	-10.547286
도망	-10.547419
▁제자	-10.547420
▁을연구	-10.547759
문자적	-10.547821
지난	-10.547899
▁아들이	-10.547984
▁하고있읍니다	-10.548094
이었어	-10.548834
▁않았어	-10.549457
경쟁	-10.549461
▁천지	-10.549643
따	-10.550310
▁가량	-10.550326
야합니까	-10.550467
▁그곳에서	-10.550489
▁향	-10.550701
▁왕의	-10.550815
▁을취하	-10.551077
아서	-10.551102
칸	-10.551380
목숨	-10.551402
▁말했습니다	-10.551524
▁힘이	-10.551743
장성	-10.551824
이었죠	-10.551974
자기자신	-10.552001
▁문화	-10.552124
▁우리모두	-10.552142
을수	-10.552758
▁하나가	-10.553596
▁이라는말	-10.553794
전통	-10.554004
▁아이가	-10.554488
ur	-10.554773
▁이있음	-10.554802
뚜렷	-10.554839
▁좋지	-10.555044
▁을사	-10.555099
게되는	-10.555108
▁15.	-10.555218
▁한영향	-10.555348
해안	-10.555352
그날	-10.556274
▁에있는것	-10.556278
고있음	-10.556917
▁d	-10.556925
▁14,	-10.557045
▁잘못된	-10.557063
▁구할	-10.557084
서요	-10.557234
점점더	-10.557461
▁의역할	-10.557558
해방	-10.557585
은행	-10.558553
▁죄를	-10.559008
수준	-10.559134
▁생각하지	-10.559250
▁에대해감사	-10.559288
체포	-10.559737
▁상처	-10.559818
▁38	-10.559862
▁백성이	-10.559889
이교	-10.560122
▁벡터	-10.560249
요셉	-10.560822
톤	-10.561090
▁가끔	-10.561314
▁그러지	-10.561713
▁아시아	-10.561767
있었읍니다	-10.562083
납니다	-10.562243
▁넘	-10.562485
어떤영향	-10.562524
▁당한	-10.562526
▁째	-10.563162
▁예상	-10.563248
▁맛	-10.563312
▁한본	-10.563337
▁아프	-10.563937
▁그레이	-10.564192
▁없었	-10.564502
▁비유	-10.564516
있읍니다	-10.564558
▁장난	-10.564925
▁이실제	-10.564942
▁걔	-10.565065
▁센티미터	-10.566502
생긴	-10.566545
▁가있었다	-10.566556
만나	-10.566770
노예	-10.566901
흔들	-10.567303
▁둘째	-10.567458
하네	-10.567671
▁관리자	-10.567676
는지를	-10.567715
참다운	-10.567949
녀	-10.568024
▁하는이유	-10.568197
▁은그리스도인	-10.568410
고알려줍니다	-10.568416
▁돈이	-10.568745
온유	-10.568800
기는	-10.568812
▁데이트	-10.568913
올리	-10.568978
나오는	-10.569252
▁구성	-10.569926
▁모릅니다	-10.570097
▁속에서	-10.570578
놀라	-10.570590
배경	-10.570608
▁지방	-10.570658
▁인내	-10.571035
▁을참조	-10.571201
▁하시니라	-10.571750
▁날에	-10.571773
제국	-10.571908
▁동료	-10.571911
▁에게이렇게	-10.571925
만든	-10.571933
▁초대	-10.572072
매우중요	-10.572338
▁곱	-10.572353
▁때문이라	-10.572397
▁속도	-10.572473
▁페이지	-10.573013
설립	-10.573070
미리	-10.573134
▁를이루	-10.573294
모르	-10.573416
증언	-10.573883
▁그런다음	-10.573902
▁아니지	-10.574358
정복	-10.574540
▁을무시	-10.574573
▁없으며	-10.574694
▁를찾아	-10.574980
▁의경험	-10.575149
▁청	-10.575225
안에	-10.575286
▁수학	-10.575510
▁을나타내는	-10.575628
▁여기는	-10.576097
냈	-10.576506
▁과연	-10.576690
불쾌	-10.576744
꾼	-10.576853
▁반응	-10.576862
▁머	-10.577001
겠네	-10.577137
▁백성에게	-10.577266
무덤	-10.577774
봐요	-10.577949
▁정치	-10.578018
▁의내용	-10.578138
▁에찬	-10.578198
▁으로우리	-10.578530
전시간봉사	-10.578779
로스	-10.578884
▁통해서	-10.578897
▁재생	-10.578934
공포	-10.579106
충절	-10.579111
▁가슴	-10.579114
소유	-10.579304
▁생성	-10.579487
웃	-10.579796
우상숭배	-10.580397
고있었습니다	-10.580942
여인	-10.581063
▁주시	-10.581123
▁한종	-10.581315
▁고린도첫째	-10.581728
▁율법	-10.581816
▁간단한	-10.581917
하였더라	-10.582124
▁전문가	-10.582672
▁이될수있다	-10.582704
▁을발전	-10.582830
도구	-10.582993
밀접	-10.583138
오스트레일리아	-10.583189
▁타이	-10.583385
하되	-10.583394
아침	-10.583415
▁을받는	-10.583545
우리모두	-10.583639
▁너가	-10.583876
▁사랑해	-10.584151
빚	-10.584475
▁의여호와	-10.584557
지속	-10.584561
그룹	-10.584593
▁에속한	-10.584771
아직	-10.584798
여러해동안	-10.584815
잉	-10.584875
z	-10.584910
▁먼	-10.585762
성품	-10.585954
W	-10.586173
수많은사람	-10.586318
▁수정	-10.586717
▁항목	-10.586964
▁지식	-10.587089
는곳	-10.587138
▁에더하여	-10.587189
▁사람과	-10.587316
▁특정	-10.587322
▁와나	-10.587380
▁기회를	-10.587513
의사소통	-10.587676
▁;	-10.587679
돌아	-10.588169
질서	-10.588247
▁식으로	-10.588536
식량	-10.588679
▁주께서	-10.588730
▁의선	-10.588944
▁될수있다	-10.588972
▁KDE	-10.589025
▁놈이	-10.589078
실제적	-10.589207
가톨릭	-10.589369
▁평생	-10.589560
꾸	-10.589720
해결책	-10.589913
▁문서	-10.590170
▁보다훨씬더	-10.590496
열렬	-10.590961
게한다	-10.591392
▁쳐	-10.591404
▁은바로	-10.591443
공개적	-10.591737
▁뒤로	-10.591814
▁는자녀	-10.591921
▁된다면	-10.592101
게되	-10.592106
번영	-10.592324
받아들여	-10.592349
▁예수께서	-10.592431
▁조차	-10.592613
▁아저씨	-10.592793
▁분은	-10.592984
고도	-10.593272
싸우	-10.593500
메시아	-10.593538
▁자와	-10.593627
▁자의	-10.593884
건데	-10.593936
▁들역시	-10.594046
▁육	-10.594173
▁해왔습니다	-10.594215
▁그분께서	-10.594372
이여	-10.594515
▁샘	-10.594781
▁여기가	-10.594800
언제	-10.594803
▁만한	-10.594904
근육	-10.595180
▁경건	-10.595407
정죄	-10.595685
이일	-10.595982
▁15,	-10.596081
▁대기	-10.596169
▁삼각형	-10.596379
는거야	-10.596381
에게서	-10.596456
알려주는	-10.596507
▁오랫동안	-10.596951
▁머리를	-10.597089
▁을제거	-10.597148
▁한데	-10.597222
▁이생기	-10.597508
▁18.	-10.597558
자원	-10.597623
대중	-10.598125
사전	-10.598178
인물	-10.598231
▁땅을	-10.598287
성서원칙	-10.598617
▁그분께	-10.598865
산업	-10.599438
▁모양	-10.599492
질환	-10.600028
소수	-10.600379
▁을지지	-10.600395
▁그러나우리	-10.600487
던지	-10.600779
안정	-10.600889
종교지도자	-10.601065
▁됩니까	-10.601069
▁진화	-10.601141
▁가있읍니다	-10.601413
▁의축복	-10.601608
▁1970	-10.601756
▁일어난	-10.601783
▁방식으로	-10.601849
▁충실	-10.601938
있었던	-10.602264
▁이될	-10.602635
▁도와	-10.603308
버렸다	-10.603319
▁힘든	-10.603654
줍니까	-10.603869
아직도	-10.604148
▁에내	-10.604330
만연	-10.604548
▁옆에	-10.604874
▁민족	-10.604922
은혜	-10.605141
▁영혼	-10.605460
과부	-10.605490
증상	-10.605515
▁이론	-10.605803
쥐	-10.606174
▁계신	-10.606242
들여	-10.606345
참그리스도인	-10.606360
상의	-10.606821
책망	-10.606883
핀	-10.606922
▁소개	-10.607107
▁주지	-10.607151
▁께기도	-10.607261
▁글쎄	-10.607285
▁의형제	-10.607327
▁주님께	-10.607330
표면	-10.607363
일반	-10.607378
오래전	-10.607566
구름	-10.607955
반역	-10.608094
▁무리가	-10.608156
▁기름	-10.608225
그밖	-10.608266
온땅	-10.608311
▁곳으로	-10.608336
에너지	-10.608371
하매	-10.608675
▁깊이	-10.608755
▁관찰	-10.608897
겐	-10.609069
싱	-10.609136
▁핵	-10.609224
▁파이오니아	-10.609340
▁이있다면	-10.609611
▁나올	-10.610099
면그	-10.610301
하셨습니다	-10.610348
12	-10.610388
불법	-10.610479
▁죽여	-10.610779
대적	-10.611021
▁뜻	-10.611111
의료	-10.611264
▁옷을	-10.611296
▁쓰고	-10.611378
▁대회	-10.611716
이행	-10.611908
▁은아무	-10.612263
▁하였노라	-10.612605
배척	-10.613111
위험성	-10.613277
▁진리를	-10.613531
죽은사람	-10.613793
ad	-10.614090
었는지	-10.614204
▁되도록	-10.614447
보조	-10.614626
어진	-10.614877
▁꺼내	-10.614907
▁하세요	-10.615088
▁을하였습니다	-10.615156
즐거운	-10.615299
▁을배울수있	-10.615433
▁을다시	-10.615463
▁출	-10.615576
▁에게무엇	-10.615979
끔찍	-10.615984
▁7,	-10.616088
▁유리	-10.616088
▁이그분	-10.616394
기여	-10.617115
▁하지않았다	-10.617117
사를	-10.617155
▁행위	-10.617586
▁톤	-10.618045
주기	-10.618258
객	-10.618277
색깔	-10.618603
▁의존재	-10.618690
작성	-10.619067
▁하면서도	-10.619406
▁시작했습니다	-10.619606
▁하는마음	-10.619610
▁방식	-10.619623
▁은얼마나	-10.619703
춤	-10.619943
시인	-10.620232
▁당신과	-10.620321
▁공급	-10.620821
▁내부	-10.621010
▁그당시	-10.621060
▁필요합니다	-10.621253
▁범	-10.621341
으로써	-10.621570
게하	-10.621986
교도소	-10.622075
▁하고있는것	-10.622077
전부	-10.622099
▁의여지	-10.622238
▁할수있도록	-10.622729
지않게	-10.622804
▁가까운	-10.622836
▁AIDS	-10.622877
▁근	-10.623009
겠네요	-10.623094
▁한말씀	-10.623204
▁탄	-10.623375
달라	-10.623514
▁여러분들이	-10.623818
▁강한	-10.624736
재미	-10.624796
지아니하	-10.625165
▁사이의	-10.625514
▁뭐하는	-10.625529
태어난	-10.625654
수백	-10.625721
▁와의	-10.625927
▁자비로	-10.625952
▁있었다	-10.626053
불안	-10.626227
▁낮	-10.626230
십대	-10.626258
▁찾았	-10.626346
받아	-10.626415
▁이라는사실	-10.626505
궁금	-10.626644
▁에예수	-10.626672
▁건가요	-10.627093
▁로번역	-10.627109
▁기다리고	-10.627198
흥	-10.627513
▁에게로	-10.627524
간청	-10.627698
혼	-10.628407
▁파티	-10.628456
할수있습니다	-10.628620
▁8,	-10.628930
▁을제공	-10.629036
▁하였지만	-10.629171
멀	-10.629428
▁최대	-10.629564
▁적은	-10.629675
▁을베풀	-10.629680
▁받았습니다	-10.629745
활	-10.630048
▁65	-10.630261
▁42	-10.630358
▁를방문	-10.630900
▁이있으며	-10.631068
▁한시간	-10.631156
▁기간	-10.631462
▁의로운	-10.632173
이네요	-10.632253
▁이르기를	-10.632276
▁에서온	-10.632283
▁21.	-10.632321
▁뭔	-10.632491
참을성	-10.632491
일련	-10.632666
▁되고있는	-10.632711
지내	-10.633018
▁말이지	-10.633091
싸	-10.633377
감염	-10.633527
▁믿고	-10.633579
▁에있던	-10.634030
▁하지못하	-10.634263
▁로삼	-10.634809
튼튼	-10.635273
▁이를테면	-10.635299
▁시키는데	-10.635401
▁내용	-10.635429
▁끊	-10.635534
▁희망	-10.635687
이래	-10.635812
▁에앉	-10.635898
▁종류	-10.636065
▁건축	-10.636215
▁족속	-10.636333
잎	-10.636362
▁이될수있습니다	-10.636401
바람직	-10.636565
지위	-10.636671
▁를살펴봄	-10.636782
겠	-10.636929
▁거래	-10.636937
유전	-10.637130
▁400	-10.637204
▁폭발	-10.637861
▁닫	-10.638034
▁으로인한	-10.638157
▁빠져	-10.638276
부양	-10.638283
is	-10.638330
속에	-10.638457
▁은현재	-10.639290
▁일러	-10.639453
구체적	-10.639479
가르치는	-10.639532
훨씬	-10.639807
▁같네요	-10.640105
▁빼기	-10.640364
▁으로도	-10.640518
▁분명한	-10.640597
▁는참으로	-10.640618
▁나님	-10.640973
▁흥미	-10.641367
▁한적	-10.641463
▁의창조주	-10.641550
▁23:	-10.641828
▁망할	-10.642245
▁자들에게	-10.642368
성이	-10.642509
▁를해결	-10.642877
▁벽	-10.642947
▁을공급	-10.643149
▁관용과	-10.643435
▁이십니다	-10.643939
▁도있었습니다	-10.644027
▁공기	-10.644670
보물	-10.644792
▁도한다	-10.644950
형상	-10.644985
▁로이루어진	-10.645324
▁그리하면	-10.645761
거짓종교	-10.645765
온것	-10.645803
▁어때요	-10.645949
▁매년	-10.646099
업자	-10.646133
▁몰	-10.646357
광경	-10.646494
▁그래야	-10.646811
쾌락	-10.646934
있었지만	-10.647418
지속적	-10.648012
▁폭	-10.648136
▁처음으로	-10.648234
재산	-10.648345
전능	-10.648566
am	-10.648639
▁르	-10.648706
보자	-10.648900
▁얻	-10.649374
▁입고	-10.649498
▁가있었습니다	-10.649680
▁색상	-10.649794
▁단순	-10.649869
▁뿐이야	-10.649950
료	-10.650026
킨	-10.651260
▁뿐입니다	-10.651860
었지요	-10.652061
오직	-10.652166
더는	-10.652208
▁있겠죠	-10.652358
▁임신	-10.652482
비아	-10.652895
있다고생각	-10.653097
▁를원	-10.653417
해야한다	-10.653646
▁가득	-10.653931
균	-10.654032
▁동시에	-10.654110
▁양식을	-10.654158
분석	-10.654170
소개	-10.654298
기위해서	-10.654565
▁웃	-10.654931
▁공포	-10.655185
▁사자	-10.655383
▁네트워크	-10.655415
선수	-10.655599
▁하자면	-10.655606
▁에대해서	-10.655618
경기	-10.655971
▁지혜로	-10.656046
▁때문	-10.656225
된다	-10.656245
▁얘	-10.656274
▁보여주	-10.656384
▁요리	-10.656554
근원	-10.657140
반면	-10.657489
▁아래로	-10.657511
▁부분이	-10.657763
바로그	-10.658005
열망	-10.658162
수없	-10.658173
▁섹스	-10.658219
해야할	-10.658518
▁감시	-10.658700
어린아이	-10.658723
년이	-10.658740
히브리어	-10.658778
이네	-10.658836
▁자리에	-10.659102
▁증명	-10.659364
묻	-10.659586
게해주	-10.660009
었노라	-10.660053
압제	-10.660060
▁알았지	-10.660169
ic	-10.660435
▁의후손	-10.660500
▁이바로	-10.660583
▁스트레스	-10.661022
내리	-10.661237
▁썼	-10.661401
▁책을	-10.661424
▁쓰레기	-10.661445
▁됐	-10.661605
디아	-10.661946
낙	-10.662130
▁활동	-10.662141
공간	-10.662272
▁의전	-10.662347
▁행성	-10.662350
▁상대	-10.662588
인용	-10.663073
▁를보내	-10.663836
스크	-10.663947
비밀	-10.664296
럼	-10.664301
투쟁	-10.664316
지못할것	-10.664529
했는지	-10.664609
▁광고	-10.664642
▁에비	-10.664806
시행	-10.665032
사실상	-10.665046
▁모두를	-10.665088
▁의무	-10.665257
▁을전	-10.665772
넣	-10.665794
지도모른다	-10.665840
운전	-10.666300
이드	-10.666339
▁너희와	-10.666396
니아	-10.666450
지상낙원	-10.666530
▁감염	-10.666597
대처	-10.666899
동료그리스도인	-10.666963
▁를가지고있	-10.666992
이처럼	-10.667097
▁자식	-10.667149
▁한봉사	-10.667386
으매	-10.667497
▁읽어	-10.667541
▁며	-10.667596
▁제안	-10.667744
웅대	-10.668073
▁그런가하면	-10.668308
▁시각	-10.668483
▁만약에	-10.668678
성관계	-10.668840
▁의지혜	-10.668915
▁말합니다	-10.669387
복음	-10.669406
어져	-10.669482
▁가자신	-10.669572
▁영역	-10.669718
노아	-10.669755
▁투	-10.669837
▁를짓	-10.669991
구별	-10.670085
▁도로	-10.670577
▁의필요	-10.670779
특이	-10.670985
뿔	-10.671021
로우	-10.671034
▁생각하	-10.671043
▁곡	-10.671102
젠	-10.671314
▁기타	-10.671327
더군	-10.671362
▁놀라	-10.671526
▁포함	-10.671710
▁가격	-10.671793
▁의승인	-10.671987
지기	-10.672098
▁경계	-10.672294
▁아들을	-10.672407
보낸	-10.672696
그리스도인집회	-10.672808
▁가된	-10.672827
합리적	-10.672950
넘	-10.672966
유용	-10.673141
▁로인하여	-10.673178
장을	-10.673209
▁여보	-10.673236
▁가요	-10.673370
셔서	-10.673490
겼	-10.673566
▁규칙	-10.673779
마치	-10.673937
*	-10.674604
▁있잖아요	-10.674711
▁시작할	-10.675077
이니까	-10.675276
지말고	-10.675411
▁하였으니	-10.675439
▁CD	-10.675498
▁데스크톱	-10.675531
시민	-10.675736
▁할까요	-10.675886
▁판단	-10.675995
▁에있는사람	-10.676262
▁놓	-10.676555
▁이라는점	-10.676561
▁엄마는	-10.677079
제기	-10.677119
콘	-10.677248
▁함수	-10.677269
▁왜요	-10.677490
▁대단한	-10.677512
시정	-10.677579
▁을받을것	-10.677717
▁관하여	-10.677933
▁선물	-10.678301
▁이모두	-10.678514
봤	-10.678700
▁도없다	-10.678728
▁간단	-10.678886
▁점은	-10.679091
곤충	-10.679135
▁영어	-10.679422
삼위일체	-10.679531
조절	-10.679610
▁잭	-10.679625
프로	-10.679773
▁한교훈	-10.680070
▁가져	-10.680324
▁물어보	-10.680475
▁얘기해	-10.680660
청년	-10.680778
▁그렇기때문	-10.681018
▁미국인	-10.681417
▁버스	-10.681430
▁폴	-10.681438
냈습니다	-10.681588
▁전도	-10.681693
▁못하게	-10.681723
▁농담	-10.681909
▁했기때문	-10.682087
▁의친절	-10.682218
났	-10.682324
▁구름	-10.683344
▁는왜	-10.683403
야할것	-10.683576
▁그것에	-10.683844
▁벗어나	-10.683873
텔레비전	-10.684027
▁못하리라	-10.684029
▁베일리	-10.684278
꾸준	-10.684525
▁연습	-10.684690
▁알아야	-10.684765
뉴	-10.684805
▁생겼	-10.685038
▁이와	-10.685061
▁미치	-10.685067
이문제	-10.685100
▁에대한답	-10.685146
▁유감	-10.685441
▁을피하	-10.685719
▁했는지	-10.686202
▁혁명	-10.686259
▁하지않았	-10.686291
희	-10.686612
▁모드	-10.686627
수확	-10.686706
▁싫	-10.686721
▁축	-10.686920
하실것	-10.687138
▁도움을	-10.687471
게되어	-10.687523
▁트럭	-10.687587
풍성	-10.687783
▁뿐아니라	-10.687827
합시다	-10.688066
하는지	-10.688393
▁1990	-10.688624
▁해보는것	-10.688931
려서	-10.688932
▁쉬운	-10.689076
ter	-10.689083
▁않기	-10.689137
▁안되	-10.689500
극히	-10.689763
한번	-10.689857
▁당신도	-10.689873
너무나	-10.690055
그리스어	-10.690199
▁명령을	-10.690317
둥	-10.690350
▁만일당신	-10.690373
자랑	-10.690394
▁만났	-10.691104
지에	-10.691626
▁일반적	-10.691705
▁을만나	-10.691708
환난	-10.691729
▁인식	-10.691803
▁이삭	-10.692539
▁말이뇨	-10.692988
▁16,	-10.693398
▁의주요	-10.693576
굴복	-10.693606
▁유전자	-10.693759
▁하려고노력	-10.693832
▁노라	-10.693889
주교	-10.693933
하기를	-10.694150
▁자비	-10.694169
▁150	-10.694181
빗	-10.694197
어린양	-10.694661
▁에서벗어나	-10.694866
▁을돌보	-10.694948
▁기관	-10.695066
▁못하	-10.695090
▁말하더라	-10.695267
그나라	-10.695333
▁깨끗	-10.695488
▁덜	-10.695694
권세	-10.695992
찾	-10.696090
▁-1	-10.696148
▁를먹	-10.696313
▁오르	-10.696465
▁모델	-10.696466
▁마이크	-10.696831
역사가	-10.696958
더많이	-10.697077
▁의성령	-10.697266
개입	-10.697382
▁많아	-10.697391
▁급	-10.697529
할수있다	-10.697948
15	-10.698070
▁는것	-10.698281
으려	-10.698330
멜	-10.698351
▁를가진	-10.698435
먹는	-10.698467
▁을거두	-10.698838
항해	-10.698871
▁은그리스도	-10.699094
▁드릴	-10.699220
▁인사	-10.699228
▁이미지	-10.699275
나오	-10.699328
광범위	-10.699363
▁한특성	-10.699446
▁눈이	-10.699718
▁나타나	-10.699885
으십시오	-10.700242
▁수치	-10.700397
▁신뢰	-10.700404
줌	-10.700471
▁영광	-10.700695
루스	-10.700864
되기	-10.700928
인이	-10.700950
다고해서	-10.701062
▁평균	-10.701101
▁는매우	-10.701781
거래	-10.701943
▁하게됩니다	-10.702003
생애	-10.702056
▁을세우	-10.702068
▁의많은	-10.702080
▁정도로	-10.702228
▁얻은	-10.702253
전도	-10.702288
▁하이	-10.702458
▁한분	-10.702508
▁을가지고있다	-10.703241
▁추적	-10.703543
통제	-10.703658
냅니다	-10.704018
▁말로	-10.704107
▁여보세요	-10.704486
할까요	-10.704622
▁캐	-10.704637
st	-10.704842
▁할지	-10.704865
▁의성취	-10.704891
▁언니	-10.705102
▁관해	-10.705142
▁제임스	-10.705535
▁먹는	-10.705607
▁제국	-10.705669
▁부분을	-10.705859
▁없었어요	-10.705996
▁을벌	-10.706187
세가지	-10.706215
신호	-10.706366
▁되었는데	-10.706525
철학	-10.706563
느끼	-10.706613
▁을맺	-10.706743
▁n	-10.706800
방지	-10.707039
▁모든사람	-10.707310
▁운영	-10.707565
음행	-10.707679
▁이발생	-10.707848
▁도움	-10.707862
비교적	-10.707991
나아가	-10.708228
야외봉사	-10.708402
▁교황	-10.708419
에게는	-10.708878
▁올려	-10.709298
ly	-10.709508
▁이어떠	-10.709648
▁고말씀	-10.709755
제외	-10.709904
▁하신하나님	-10.709914
▁하러	-10.710002
▁여러분에게	-10.710080
▁라는것	-10.710081
▁해주었습니다	-10.710093
겪	-10.710197
▁악마	-10.710328
탐욕	-10.710455
▁에대해서는	-10.710528
있음	-10.710584
▁에달	-10.710766
▁한사랑	-10.711009
▁은다른	-10.711161
▁아닐	-10.712622
▁차를	-10.712872
▁주제	-10.712897
윈	-10.713061
▁이요구	-10.713106
▁미디어	-10.713122
▁그리고나서	-10.713133
되며	-10.713329
편견	-10.713525
▁가있을것	-10.713748
▁독	-10.714069
쇼	-10.714087
▁19.	-10.714513
▁성읍	-10.714760
▁의증거	-10.714843
▁칸	-10.714947
▁가된다	-10.714989
▁그것으로	-10.715052
냉	-10.715267
▁킬로그램	-10.715466
▁재산	-10.715671
▁가당신	-10.715738
▁금방	-10.715766
위에	-10.715811
최대	-10.715818
▁피부	-10.716024
▁이야말로	-10.716031
▁신문	-10.716291
▁이어	-10.716432
가족성원	-10.716454
▁하나도	-10.716532
대조	-10.716643
받을	-10.716700
콩	-10.717238
▁주소	-10.717432
있었는데	-10.717669
▁호텔	-10.717686
▁23.	-10.717793
▁생각은	-10.717916
▁작품	-10.718014
놈	-10.718126
▁원자	-10.718192
볼수있	-10.718280
일시적	-10.718314
▁가면	-10.718412
▁생긴	-10.718445
그도시	-10.718610
▁하다면	-10.718630
이동	-10.718850
보는것	-10.719030
▁출판물	-10.719120
지는않	-10.719222
▁못해	-10.719777
궁	-10.719790
강제	-10.719812
▁모든것	-10.720130
파이오니아봉사	-10.720199
▁사람들과	-10.720284
는법	-10.720354
주변	-10.720554
▁을통해서	-10.720957
▁안돼요	-10.721049
에서의	-10.721144
▁자체	-10.721345
틴	-10.721383
▁전투	-10.721722
번역판	-10.721809
▁을받아들이	-10.722000
우상	-10.722352
▁의기사	-10.722376
▁비슷한	-10.722558
▁하실때	-10.722567
▁하지만우리	-10.722616
▁에가서	-10.722617
▁주님은	-10.722712
▁그일	-10.723172
하시니라	-10.723292
버렸	-10.723529
또하나	-10.723907
▁백만	-10.724333
▁일하는	-10.724365
▁을알게되었습니다	-10.724426
▁을행	-10.724750
▁분노	-10.724769
고싶은	-10.725053
으로서	-10.725116
엄격	-10.725145
▁가없는	-10.725150
▁그러므로그	-10.725209
치료법	-10.725347
▁확장	-10.725525
▁변호사	-10.725916
스키	-10.725987
▁을피	-10.726117
▁재밌	-10.726209
▁으	-10.726287
봅시다	-10.726358
▁결과를	-10.726722
다니엘	-10.727077
▁있네요	-10.727280
▁죽이	-10.727308
▁아니라고	-10.727433
▁공유	-10.727644
했다는	-10.727780
신세계	-10.727823
여러번	-10.727870
▁거대한	-10.728033
▁할수없다	-10.728199
범죄자	-10.728322
닝	-10.728545
▁히말	-10.728733
참된	-10.728923
▁이쪽	-10.729153
무시	-10.729428
▁께헌신	-10.729490
▁이상의	-10.729917
▁옳은	-10.730005
▁재앙이	-10.730141
▁공간	-10.730406
▁를떠나	-10.730596
▁그들로	-10.730598
▁보상	-10.730654
▁에어떻게	-10.731237
▁변수	-10.731254
높	-10.731393
하였노라	-10.731616
연대	-10.731652
▁생각하고	-10.731682
여섯	-10.731692
▁에다	-10.731725
▁에살고있	-10.731801
다른나라	-10.731937
여러나라	-10.732041
▁멀	-10.732124
하고자	-10.732240
▁로말미암아	-10.732277
도피	-10.732641
지모른다	-10.733378
셈	-10.733615
장식	-10.733777
▁로서의	-10.733986
▁는없다	-10.733987
▁싸우	-10.734365
솔	-10.734371
폰	-10.734573
▁홀	-10.734989
▁몸을	-10.735365
▁사회적	-10.735392
▁거룩	-10.735884
▁(19	-10.736024
▁생일	-10.736158
▁산업	-10.736498
▁호출	-10.736595
▁자살	-10.736616
▁에실린	-10.736629
▁주요	-10.736645
선생님	-10.736690
데스	-10.736778
가면서	-10.736985
▁이아님	-10.737108
▁아이디어	-10.737246
▁분석	-10.737304
▁회의	-10.737597
▁듣지	-10.737731
불행	-10.737797
볼수있다	-10.737997
ent	-10.738070
▁과는	-10.738351
▁이있는데	-10.738384
▁분의	-10.738482
▁서비스	-10.738699
▁가됩니다	-10.738890
▁회복	-10.739721
▁의역사	-10.739758
▁시켰	-10.740726
진화	-10.741103
▁찾기	-10.741737
▁나은	-10.741785
▁요원	-10.741895
▁낫	-10.741940
▁마르	-10.742067
▁고양이	-10.742433
좋은것	-10.742641
▁는누구	-10.742794
▁천천히	-10.742892
▁에서부터	-10.743075
딩	-10.743077
얻	-10.743304
경주	-10.743333
▁가있는가	-10.743344
규칙	-10.743377
조장	-10.743405
▁시간에	-10.743513
하나니	-10.744123
▁훈련	-10.744263
인사	-10.744905
분쟁	-10.745210
스가	-10.745388
▁번호	-10.745398
▁나아	-10.745567
▁말미암아	-10.745791
중국	-10.745792
▁생물	-10.745952
▁된다고	-10.745999
부정	-10.746029
▁맞지	-10.746148
소련	-10.746334
▁겁	-10.746445
▁하고있으며	-10.746458
▁탈출	-10.746469
▁를보호	-10.746833
디모데	-10.746944
낮은	-10.747283
붙	-10.747468
▁주신	-10.747687
▁이루	-10.747732
▁보내어	-10.747754
▁거리는	-10.747952
이트	-10.748023
죄인	-10.748507
수용소	-10.748783
보장	-10.748932
▁없었습니다	-10.749259
▁조건	-10.749877
가치관	-10.749889
▁주어	-10.750132
양육	-10.750172
▁은주	-10.750466
▁있지요	-10.750471
마르	-10.750753
되었습니까	-10.750806
지못한다	-10.750883
▁물건	-10.750922
당국	-10.751054
▁할지모릅니다	-10.751204
처형	-10.751555
주었습니다	-10.751693
▁준비가	-10.751868
▁놀	-10.751917
▁옛날	-10.752194
▁그들과	-10.752385
▁을할때	-10.752410
▁받게	-10.752589
▁11,	-10.752628
▁을알게되었다	-10.752864
멸	-10.753164
▁이제는	-10.753462
▁저한테	-10.753505
낸다	-10.753565
▁하지않을것	-10.753941
도착	-10.753963
거요	-10.754035
상자	-10.754042
ch	-10.754293
▁은어디	-10.754324
덴	-10.754444
▁슬픔	-10.754711
ri	-10.754881
냄새	-10.754912
등장	-10.755021
독신	-10.755054
함에	-10.755803
▁할경우	-10.755965
▁특별	-10.755980
▁확인해	-10.756090
▁국제	-10.756500
있으며	-10.756717
▁를알	-10.756790
올라	-10.756882
▁박테리아	-10.756912
팜플렛	-10.757020
▁롭고	-10.757048
▁을선택	-10.757065
상기	-10.757121
▁아무튼	-10.757241
맥	-10.757399
그이름	-10.757494
흰	-10.757876
▁작업을	-10.757926
솔직	-10.758489
▁이름으로	-10.758495
▁들어오	-10.758528
살아있는	-10.758854
▁콜	-10.759062
벤	-10.759212
▁연주	-10.759280
▁일어날	-10.759507
고자하는	-10.759871
▁빠르게	-10.759971
캐	-10.759994
하기때문	-10.760283
▁건데	-10.760538
수있읍니다	-10.760560
▁이주	-10.761367
과도	-10.761367
재배	-10.761544
▁한관심	-10.761621
▁압니다	-10.761868
▁놔	-10.761916
있어서	-10.762008
▁연기	-10.762019
▁중심	-10.762032
▁저희에게	-10.762606
조차	-10.762795
▁들앞	-10.763080
이니라	-10.763289
▁에어떤	-10.763359
▁꿈을	-10.763479
▁께서는자기	-10.763483
▁거절	-10.763652
▁에이미	-10.763824
백만	-10.763870
▁누군지	-10.763876
▁위해서는	-10.764124
▁짐승	-10.764198
는생각	-10.764270
감명	-10.764658
꼭필요	-10.765097
흥분	-10.765120
▁없었어	-10.765162
흐	-10.765173
▁인간은	-10.765396
세력	-10.765559
일단	-10.765637
유월절	-10.765812
봉사자	-10.766013
폴	-10.766333
▁뭔가를	-10.766400
▁조심	-10.766501
컨	-10.766638
▁메일	-10.766906
▁달력	-10.767158
▁는당신	-10.767221
원하는	-10.767448
▁음수	-10.767835
▁들어갈	-10.767876
▁제목	-10.767917
감각	-10.768284
보세요	-10.768627
▁그러다가	-10.768703
▁말며	-10.768781
▁하셨으며	-10.768970
▁봤어요	-10.769185
동생	-10.769299
▁에빠지	-10.769685
간음	-10.769998
▁을나타내는것	-10.770200
▁왔습니다	-10.770248
웨	-10.770431
불순종	-10.770544
▁새번역	-10.770708
▁을존중	-10.771058
▁의주권	-10.771123
▁을차지	-10.771946
재료	-10.772129
파리	-10.772158
▁사실이	-10.772217
▁직업	-10.772371
!"	-10.772512
▁기능	-10.772547
측	-10.772807
▁않느뇨	-10.773013
었으니	-10.773123
반복	-10.773176
▁즉시	-10.773248
▁숲	-10.773327
▁하게되	-10.773417
▁에한	-10.773895
▁테스트	-10.773918
▁값이	-10.774002
▁하리니	-10.774036
▁너회	-10.774395
겠느냐	-10.774558
▁아론	-10.774594
▁취소	-10.774606
▁땅에서	-10.774757
▁을필요	-10.774947
▁식을	-10.775071
▁에대한우리	-10.775316
▁샤	-10.775404
겨울	-10.775409
▁도울	-10.775454
수면	-10.775566
▁있는데요	-10.775585
▁일종의	-10.775736
잔인	-10.775763
▁을창조	-10.775844
비결	-10.776050
년대	-10.776259
▁정치적	-10.776304
▁를겪	-10.776432
▁을다해	-10.776500
▁곳을	-10.776611
▁몰랐	-10.776782
▁상황을	-10.776857
필자	-10.777078
협조	-10.777097
다고요	-10.777229
▁택	-10.777230
이치적	-10.777278
▁이없고	-10.777731
▁그만해	-10.778062
▁보니	-10.778238
▁체포	-10.778256
▁위협	-10.778259
완성	-10.778318
▁이문제	-10.778563
▁이지	-10.778567
주된	-10.779033
찌	-10.779038
농장	-10.779066
▁솔직히	-10.779284
▁신명	-10.779444
▁의관계	-10.779569
▁39	-10.779732
고있	-10.779737
▁잡지	-10.779773
백과사전	-10.779993
▁발표	-10.780058
▁할수있읍니까	-10.780154
▁를사회	-10.780271
▁찍	-10.780407
기업	-10.780422
빙	-10.780693
▁를잃	-10.780698
▁일자	-10.780780
스티	-10.780877
이잖아	-10.780904
훈계	-10.781026
용할	-10.781317
▁교수	-10.781683
호흡	-10.781763
▁보았	-10.782433
적당	-10.782609
▁에게관심	-10.782844
힘들	-10.782900
기만	-10.783222
▁창조주	-10.783323
v	-10.783429
고있는가	-10.783622
▁단위	-10.783639
▁꾸란	-10.783783
▁모습을	-10.784143
결함	-10.784205
▁갖게	-10.784222
▁자기가	-10.784271
바이러스	-10.784538
▁잡고	-10.784665
▁조정	-10.784729
▁백성들	-10.784970
천연	-10.785011
▁일어나는	-10.785012
배운	-10.785063
▁은대부분	-10.785163
졌어요	-10.785253
▁의본문	-10.785259
▁나갈	-10.785521
▁행운	-10.785535
해석	-10.785741
있을때	-10.785813
un	-10.785961
▁에걸리	-10.786036
▁의상	-10.786043
걷	-10.786163
▁밖	-10.786185
▁그림을	-10.786292
▁먹이	-10.786366
행한	-10.786488
▁을신뢰	-10.786489
고있던	-10.786795
▁이부족	-10.786992
▁의생애	-10.787006
트리	-10.787319
▁마일	-10.787596
리가	-10.787691
불편	-10.787945
▁할수있었습니다	-10.787990
▁아님	-10.788108
조용	-10.788177
바위	-10.788403
▁w	-10.788721
▁고맙습니다	-10.788752
엽	-10.788851
▁을바치	-10.788966
▁하니라	-10.789036
짜	-10.789154
▁인문제	-10.789231
▁측정	-10.789517
▁제시	-10.789577
지마	-10.789777
렛	-10.789937
▁아마겟돈	-10.790115
차례	-10.790506
▁오래된	-10.790561
헌금	-10.790693
▁우리도	-10.790905
했다면	-10.791004
그냥	-10.791391
기타	-10.791398
아니면	-10.791533
▁엄	-10.791888
▁예술	-10.791976
▁엘리	-10.792048
▁유용	-10.792238
홀	-10.792287
▁가르쳐	-10.792301
▁이하늘	-10.792470
▁오빠	-10.793215
▁된일	-10.793312
▁를받고	-10.793367
친족	-10.793629
이루	-10.793987
야겠어	-10.794019
쓰레기	-10.794102
▁예전	-10.794106
▁배우자	-10.794541
▁날짜	-10.794542
킹	-10.794888
▁뼈	-10.794943
▁돌리	-10.794948
수있을것	-10.795115
지출	-10.795137
▁팬	-10.795150
▁히일	-10.795188
▁할지모른다	-10.795232
▁이럴	-10.795247
▁있으	-10.795300
충족	-10.795326
▁가져가	-10.795512
▁골	-10.795643
▁48	-10.795669
탕	-10.795788
▁회개	-10.796038
사라지	-10.796072
가톨릭교인	-10.796542
▁그동안	-10.796672
▁저와	-10.796730
우월	-10.797002
성실	-10.797411
▁으로말미암아	-10.797474
▁눈에	-10.797668
이지만	-10.797842
전투	-10.797897
▁늦	-10.797903
▁것들은	-10.798007
살이	-10.798019
대체	-10.798276
▁알잖아	-10.798343
법칙	-10.798452
▁은사랑	-10.798763
하시며	-10.799253
▁수업	-10.799702
였고	-10.799829
농	-10.799848
▁땐	-10.800056
점차	-10.800269
▁스런	-10.800287
▁올라	-10.800365
북쪽	-10.800503
하는자	-10.800535
▁각각의	-10.801018
젤	-10.801337
▁생각에	-10.801345
▁를받은	-10.801405
▁가운데서	-10.801661
▁목표	-10.802010
▁아버지는	-10.802091
가고	-10.802298
통치체	-10.802644
고있습니까	-10.802735
보석	-10.802772
시계	-10.803046
대기	-10.803141
혁명	-10.803348
캐나다	-10.803402
▁제한	-10.803625
제단	-10.803672
▁답을	-10.803813
▁맘에	-10.803905
▁운	-10.804202
▁학	-10.804268
▁를구	-10.804299
게하는것	-10.804301
▁키스	-10.804313
▁생각해요	-10.804447
▁그런사람	-10.804572
해설	-10.804623
설치	-10.804655
하도다	-10.804727
형벌	-10.804875
▁를따르	-10.805082
▁사라	-10.805178
▁있을까	-10.805180
활용	-10.805402
▁주어진	-10.805438
▁를거두	-10.805586
▁께서자기	-10.805825
▁지정	-10.805872
헬	-10.805898
▁과연합	-10.806336
출신	-10.806537
피부	-10.806814
포로	-10.806893
전자	-10.806936
▁옛	-10.807007
▁점을	-10.807057
▁이봐요	-10.807105
▁자료	-10.807290
도저히	-10.807352
보십시오	-10.807359
▁을받는다	-10.807423
회상	-10.807820
꼭대기	-10.807840
하다는	-10.807961
▁물질	-10.808117
초래	-10.808119
▁의회	-10.808236
분별력	-10.808469
집행	-10.808584
올라가	-10.808662
하기위해	-10.808810
건조	-10.808868
▁의가장	-10.808996
▁것이니	-10.809070
아무리	-10.809088
뭐	-10.809177
▁듣	-10.809677
▁또한그	-10.809875
▁이되기	-10.809904
자마자	-10.809954
▁께감사	-10.810361
▁우상	-10.810512
모래	-10.810522
하나이다	-10.810666
시면	-10.810867
존중	-10.811028
▁배우	-10.811101
▁수준	-10.811160
뛰어	-10.811297
▁무서워	-10.811397
성향	-10.811590
▁태	-10.811687
▁되지않은	-10.812454
▁과도	-10.812576
▁복잡한	-10.812601
두개	-10.812789
▁필요해요	-10.813152
▁가그분	-10.813578
▁55	-10.813770
자문	-10.814037
분위기	-10.814088
id	-10.814203
▁없나니	-10.814235
내가	-10.814319
▁꼴	-10.814367
▁조용히	-10.814829
▁를원하	-10.814972
▁를돌보	-10.815148
깃	-10.815155
▁은누구나	-10.815180
▁한역할	-10.815200
▁에서발견	-10.815228
석유	-10.815562
리오	-10.815673
고싶어	-10.815721
▁파라오	-10.815849
기뻐하	-10.816108
▁뿐이	-10.816137
재판	-10.816273
고무	-10.816288
▁오지	-10.816419
왔읍니다	-10.816475
엄마	-10.816490
▁끔찍한	-10.816552
▁로일	-10.816657
닌	-10.816933
끝나	-10.817050
▁부부	-10.817184
대속	-10.817184
논평	-10.817245
▁달려	-10.817362
▁과하와	-10.817536
▁윌	-10.817594
▁가치	-10.817624
되게	-10.817690
▁희생	-10.817692
▁꾸	-10.818107
▁는다른사람	-10.818530
▁예언	-10.818628
▁자원	-10.818696
60	-10.819180
서서히	-10.819400
했기	-10.819952
▁을잡	-10.820181
▁은이제	-10.820387
▁34	-10.820426
투옥	-10.820477
▁영상	-10.820870
▁거라	-10.821042
부정적	-10.821237
▁오랜	-10.821300
▁그러고	-10.821355
▁저가	-10.821387
▁말하면	-10.821558
다른곳	-10.821842
▁을돌리	-10.821913
▁있네	-10.821939
▁이많이	-10.822052
영양	-10.822267
남아있	-10.822369
분이	-10.822396
한계	-10.822493
▁계약	-10.822556
▁어쩔	-10.822989
창조물	-10.823750
▁카드	-10.823833
던데	-10.824058
달린	-10.824331
ro	-10.824391
▁소리가	-10.824519
▁의심판	-10.824659
불공정	-10.824993
써	-10.825137
▁이됩니까	-10.825246
▁이면	-10.825378
왔으며	-10.825564
▁이었는가	-10.825612
살해	-10.826020
▁출발	-10.826230
▁끼	-10.826462
▁받으	-10.826605
▁이참으로	-10.826672
▁를하고	-10.826955
▁생각엔	-10.827200
법정	-10.827213
▁하신분	-10.827430
16	-10.827553
강도	-10.827558
▁흥분	-10.828008
▁하지말라	-10.828018
▁에와서	-10.828088
gt	-10.828401
▁삶	-10.828464
▁채널	-10.828873
40	-10.829164
▁없애	-10.829191
않	-10.829452
왔던	-10.829515
▁정상	-10.829517
한마리	-10.829548
▁이많은	-10.829718
▁강의	-10.829763
▁으로삼	-10.829860
▁을알려주	-10.830014
ra	-10.830241
▁어느날	-10.830891
▁43	-10.831188
▁75	-10.831285
▁도있고	-10.831324
지게	-10.831420
돌보	-10.831732
▁가죽	-10.832020
▁물체	-10.832091
▁여러분께	-10.832248
▁필터	-10.832391
여호	-10.832406
주었다	-10.832580
연주	-10.832623
▁서서	-10.832642
석방	-10.832735
▁해야할것	-10.832744
▁덮	-10.832752
▁을보기원한다면	-10.833403
▁아가씨	-10.833729
브라	-10.833831
쟁점	-10.833946
이탈리아	-10.834031
될수있습니까	-10.834144
조상	-10.834208
타협	-10.834317
▁말아요	-10.834525
세계전역	-10.834542
▁을가져	-10.834641
사회적	-10.834679
▁너희들	-10.834838
비교	-10.834841
중단	-10.834940
폭력적	-10.834943
▁한의미	-10.834976
▁일찍	-10.834992
▁기본적으로	-10.834997
▁누군가가	-10.835099
살아	-10.835121
▁인방법	-10.835398
▁우리와	-10.835440
▁안에는	-10.835545
▁며칠	-10.835561
게되었읍니다	-10.835700
▁을완전	-10.835753
▁은단순	-10.835872
수없다	-10.835918
▁하다가	-10.836020
▁년이래	-10.836042
▁대개	-10.836071
▁자들이라	-10.836232
▁을얻을수있	-10.836247
불의	-10.836272
▁보낼	-10.836388
▁를보고	-10.837298
▁방향	-10.837316
내고	-10.837926
러시아	-10.837964
▁옮겨	-10.838039
과학적	-10.838158
계명	-10.838204
▁뭐죠	-10.838414
▁물고기	-10.838435
봅니다	-10.838533
▁하느뇨	-10.838596
▁의하느님	-10.838637
일까요	-10.838717
수정	-10.838958
킬	-10.839062
▁롭게도	-10.839150
▁나눠	-10.839225
▁자넨	-10.839273
li	-10.839396
▁트	-10.839628
왕국소식	-10.839652
지마십시오	-10.839703
▁무릇	-10.839809
▁그런데도	-10.839911
문서	-10.839944
공사	-10.840107
▁과같다	-10.840234
방언	-10.840557
▁적절	-10.840686
▁텔레비젼	-10.840974
통찰력	-10.840974
▁이사망	-10.841035
알려	-10.841235
▁이모든	-10.841283
산소	-10.841373
▁의부활	-10.841485
기위해서는	-10.841497
▁it	-10.841619
을수있다	-10.841824
평온	-10.841850
▁의료	-10.842104
▁에게있어서	-10.842210
▁등을	-10.842439
▁있었을	-10.842514
▁식사	-10.842593
▁의특성	-10.842748
불필요	-10.842767
▁구멍	-10.842817
▁에게유익	-10.843123
촉	-10.843132
▁k	-10.843273
▁으로여호와	-10.843527
▁이심	-10.843565
▁대단	-10.844316
▁문제에	-10.844663
붙잡	-10.844833
센터	-10.845166
권력	-10.845188
촌	-10.845211
주저	-10.845214
사가	-10.845268
▁시키기위해	-10.845419
▁r	-10.845453
듣고	-10.845543
▁을일으키	-10.845742
지부사무실	-10.845778
다고주장	-10.845964
자들은	-10.845990
▁목소리	-10.846178
▁담당	-10.846610
쉬운일	-10.846717
하다고생각	-10.847095
▁대답하	-10.847218
▁총을	-10.847370
▁경기	-10.848021
활동적	-10.848039
롭게	-10.848077
▁다르게	-10.848318
▁가계속	-10.848487
se	-10.848515
▁을볼때	-10.848535
▁높	-10.848699
▁피터	-10.848758
혔	-10.849002
▁몇가지	-10.849011
앤	-10.849107
▁이되고	-10.849416
▁이있는것	-10.849422
▁연락처	-10.849657
전에	-10.849831
▁했지요	-10.850004
낫	-10.850423
▁검	-10.850538
나타낸	-10.850698
▁께서도	-10.850703
셔야	-10.850734
기고	-10.850808
▁을기꺼이	-10.850842
▁와같다	-10.850842
있었던것	-10.850979
지않았읍니다	-10.850999
▁드디어	-10.851213
흉	-10.851439
없다	-10.851449
▁부르는	-10.851452
매장	-10.851636
▁계시록	-10.851768
▁양의	-10.851823
스럽	-10.851936
옥	-10.852026
▁여인	-10.852174
▁지진	-10.852380
찌어다	-10.852463
▁관심을	-10.852476
롭	-10.852792
어른	-10.852841
남부	-10.852952
▁을만들	-10.852988
▁하시니	-10.853054
▁비행	-10.853080
주는것	-10.853104
연구소	-10.853168
사무실	-10.853221
▁해보겠습니다	-10.853779
도박	-10.853843
부탁	-10.853862
▁의입장	-10.853936
▁빛을	-10.854006
행성	-10.854075
▁침례	-10.854353
볼게요	-10.854712
도우	-10.854857
▁그러한사람	-10.855150
▁약속을	-10.855177
▁의여러	-10.855530
▁-2	-10.855597
▁열왕	-10.855609
줄기	-10.855731
▁긴장	-10.855736
▁끌어	-10.855980
자세	-10.856187
▁생기	-10.856383
▁의희생	-10.856502
낙태	-10.856655
▁틀림	-10.856889
▁그렇다고	-10.857423
▁을하도록	-10.857462
심하게	-10.857469
▁따르면	-10.857541
▁의숭배	-10.857558
▁필요로	-10.857621
청종	-10.857629
▁직선	-10.857714
에서부터	-10.857981
처녀	-10.858001
▁아니지만	-10.858173
물을	-10.858206
▁으로일	-10.858238
▁경쟁	-10.858645
예레미야	-10.858725
▁혈액	-10.858833
▁죽는	-10.858863
볼수있습니다	-10.858868
▁뿐만	-10.858933
▁가있습니까	-10.858973
▁한경우	-10.859058
▁이가장	-10.859159
저주	-10.859193
성분	-10.859274
▁벗	-10.859317
가운데하나	-10.859544
▁인해	-10.859597
▁을중단	-10.859638
옹호	-10.859689
▁가있음	-10.860117
이득	-10.860150
유산	-10.860510
▁보호자	-10.860528
따라	-10.860599
▁이어떤	-10.860630
다루	-10.860832
있는데	-10.861027
어떻게생각	-10.861076
그문제	-10.861078
냈다	-10.861114
▁의책	-10.861300
▁않는다면	-10.861303
▁을없애	-10.861413
떨어져	-10.861450
▁자손이	-10.861557
▁해봐	-10.861640
▁보안	-10.861687
▁세상에서	-10.861806
▁수술을	-10.861817
목록	-10.861913
▁충성	-10.862159
▁이르시되	-10.862177
▁을인도	-10.862186
깰때	-10.862203
깨어있	-10.862219
▁누구야	-10.862365
지아니	-10.862440
▁하고있음	-10.862721
▁보입니다	-10.862731
▁좀더	-10.862781
▁위에서	-10.862798
▁메세지	-10.863131
출산	-10.863532
한일	-10.863820
▁너랑	-10.863916
귀절	-10.864058
▁건지	-10.864382
통신	-10.864553
변경	-10.865052
▁악을	-10.865160
▁자매	-10.865396
▁일수	-10.865467
▁화가	-10.865479
럽	-10.865770
했으며	-10.865832
알아보	-10.865841
참하느님	-10.865973
▁변화를	-10.866042
▁아니다	-10.866272
▁되었을때	-10.866455
좌우	-10.866477
▁애가	-10.866760
할수있습니까	-10.867130
▁1980	-10.867134
운영	-10.867355
▁앉	-10.867408
하지않	-10.867718
▁동작	-10.867818
앙	-10.867892
벌레	-10.868031
▁쟤	-10.868217
▁빠른	-10.868298
마일	-10.868320
다르다	-10.868323
te	-10.868567
▁은부모	-10.868602
지라도	-10.868699
▁라고생각	-10.868712
하진	-10.868892
프리	-10.868937
▁찬	-10.869097
▁마크	-10.869392
온도	-10.869495
워치타워협회	-10.869564
as	-10.869658
▁괜찮을	-10.869735
▁13,	-10.869751
지키	-10.869796
게임	-10.869837
을지모릅니다	-10.869998
혜택	-10.870005
장비	-10.870031
▁주님으로부터	-10.870072
▁를바라	-10.870262
원수	-10.870541
▁그점	-10.871203
▁집이	-10.871303
▁10,	-10.871325
흠	-10.871507
사는것	-10.871605
▁형태	-10.871660
▁배경	-10.871735
▁가족을	-10.871875
▁그리스	-10.871915
보인다	-10.871929
▁의새로운	-10.872117
▁취	-10.872157
▁한희망	-10.872401
▁의교회	-10.872412
▁이서로	-10.872417
▁의상황	-10.872763
▁손으로	-10.872824
한때	-10.872923
다수	-10.873042
▁나타내	-10.873672
▁가되면	-10.873673
▁전화를	-10.873737
▁통과	-10.873761
▁거부	-10.873789
막대	-10.873893
▁응답	-10.873917
▁녀석	-10.874202
▁요소	-10.874383
▁관련된	-10.874534
가격	-10.874656
굳게	-10.874750
▁를받아들이	-10.875070
오늘	-10.875098
이르	-10.875243
돼	-10.875442
▁아니하	-10.875650
▁의건강	-10.875687
▁열심히	-10.875980
농부	-10.876005
▁돌아갈	-10.876017
볼때	-10.876444
▁통제	-10.876535
▁강연	-10.876759
통증	-10.876809
▁극	-10.877109
▁주님이	-10.877169
▁에이르는	-10.877244
그외	-10.877292
겨우	-10.877551
전시	-10.877784
▁가너희	-10.877813
▁산소	-10.877837
▁은땅	-10.877876
▁할까	-10.878190
사귀	-10.878410
절대	-10.878423
▁의놀라운	-10.878523
데이	-10.878565
▁딸이	-10.878679
죽어	-10.879146
▁일입니다	-10.879244
사례	-10.879342
어야합니다	-10.879408
▁엔진	-10.879633
▁메이	-10.879803
▁완성	-10.879941
▁기술을	-10.880089
교만	-10.880440
▁메리	-10.880597
이오	-10.880618
▁오후	-10.880746
걸어	-10.880777
▁빵	-10.881067
될것	-10.881139
영구적	-10.881257
▁더불어	-10.881301
갈망	-10.881400
썼	-10.881639
▁평안	-10.882112
지옥	-10.882298
▁젖	-10.882421
▁이해가	-10.882499
시절	-10.882511
▁스타일	-10.882637
청중	-10.882781
였던	-10.883183
있는사람	-10.883825
▁능력을	-10.883980
▁최	-10.884016
으라고	-10.884260
▁켜	-10.884359
▁결혼식	-10.884372
저장	-10.884541
▁유명한	-10.884655
▁이존재	-10.884881
주어	-10.885379
▁이있는사람	-10.885489
▁을합니다	-10.885774
▁선조들	-10.885983
▁있습니까	-10.886123
섬유	-10.886259
대제사장	-10.886386
▁가방	-10.886456
▁연합	-10.886867
실현	-10.886958
▁교사	-10.887131
▁싸움	-10.887159
▁뻔	-10.887387
▁불법	-10.887590
▁뜨	-10.887742
▁받았다	-10.887817
▁때문이	-10.887927
고또	-10.888129
▁하지않을수없	-10.888217
라이	-10.888412
▁의시간	-10.888422
줬	-10.888488
득	-10.888572
통로	-10.888623
▁메러디스	-10.888741
직접적	-10.888859
고안	-10.888942
켓	-10.889138
▁이지요	-10.889483
원자	-10.889709
▁의대	-10.889749
딘	-10.889995
▁의약	-10.890137
▁의양심	-10.890265
▁에게이야기	-10.890408
▁개국	-10.890417
▁에의존	-10.890454
▁중앙	-10.890585
언약	-10.890732
숲	-10.890736
▁없는데	-10.890924
▁에자신	-10.890928
▁창문	-10.891077
▁여왕	-10.891215
▁여길	-10.891391
30	-10.891607
▁지키	-10.891724
트로	-10.891948
▁루트	-10.892178
타르	-10.892390
▁할수있었다	-10.892555
예언적	-10.892557
생생	-10.892606
겠고	-10.892623
그러한일	-10.892768
▁은영적	-10.892897
▁말하자면	-10.892988
▁l	-10.893114
그책	-10.893265
▁얼	-10.893823
▁본지	-10.894126
▁피를	-10.894288
우리시대	-10.894337
▁시계	-10.894547
잠시	-10.894656
떨어지	-10.894691
▁앉아서	-10.894707
▁누구나	-10.894997
▁부분은	-10.895231
▁워싱턴	-10.895705
▁모습	-10.895977
이룩	-10.896004
충돌	-10.896458
갖	-10.896547
▁두가지	-10.896930
보수	-10.897076
▁의사도	-10.897100
탐	-10.897134
규	-10.897215
년동안	-10.897224
혹	-10.897289
▁으로된	-10.897301
▁41	-10.897357
▁께서말씀	-10.897404
했으니	-10.897502
부르	-10.897626
이웃사람	-10.898066
▁모르겠지만	-10.898068
지않습니까	-10.898087
고집	-10.898286
▁의주	-10.898291
용어	-10.898381
▁이오	-10.898386
▁에더해	-10.898389
▁120	-10.898529
▁여름	-10.898534
찮	-10.898658
부가	-10.898829
▁의영혼	-10.898976
▁22.	-10.899350
났다	-10.899532
▁했던것	-10.899721
할게요	-10.899770
지않는것	-10.900036
오히려	-10.900075
했지요	-10.900355
례	-10.900370
단호	-10.900644
▁아이들을	-10.900753
일으켰	-10.900794
&	-10.901193
▁어둠	-10.901674
▁되겠죠	-10.902073
전시간	-10.902391
▁사무엘	-10.902704
기둥	-10.902754
▁에서열린	-10.903307
켜	-10.903718
▁지불	-10.903839
점을	-10.903977
쳤다	-10.904148
▁조롱	-10.904297
▁조심해	-10.904370
수고	-10.904551
으니까요	-10.904655
▁죽였	-10.904907
하시겠습니까	-10.905093
▁를낳	-10.905323
승객	-10.905368
당한	-10.905370
▁죽인	-10.905401
▁의선물	-10.905494
▁보일	-10.905667
()	-10.905713
▁에대한하나님	-10.905928
▁권능과	-10.906149
고발	-10.906276
텔	-10.906425
▁을쓰	-10.906845
▁지파	-10.907004
무력	-10.907078
탁	-10.907220
금을	-10.907325
물었습니다	-10.907700
▁만들었	-10.907793
손님	-10.907905
▁화학	-10.908051
▁께서주신	-10.908055
▁도와줘	-10.908222
▁귀를	-10.908264
▁만나서	-10.908445
극적	-10.908463
▁를배우	-10.908778
▁에그분	-10.908904
살피	-10.908919
▁크리스티나	-10.908927
▁가매우	-10.909124
▁계속해서	-10.909296
▁을대	-10.909301
▁듣는	-10.909333
▁방향으로	-10.909739
생겼	-10.909775
▁데이터를	-10.909821
▁20.	-10.909853
적합	-10.909933
간구	-10.909943
▁여기에서	-10.909956
군데	-10.910292
진것	-10.910359
▁의식	-10.910360
▁시기	-10.910469
세워	-10.910477
▁이었는데	-10.910510
체계	-10.910544
지못한	-10.910640
▁이어서	-10.910708
직후	-10.910869
▁했잖아	-10.911220
떡	-10.911234
롤	-10.911238
▁대적	-10.911288
▁났	-10.911687
▁(‘	-10.911913
▁하시겠습니까	-10.911984
▁좋았	-10.912112
받게될것	-10.912707
▁성인	-10.913465
▁앤	-10.913572
쇠	-10.913575
▁에게주	-10.913615
▁5000	-10.913741
▁수행	-10.913877
본다	-10.913997
▁아메리카	-10.914114
▁된다는	-10.914135
감독	-10.914146
호수	-10.914207
▁없잖아	-10.914213
정상	-10.914340
▁에위치	-10.914349
▁코드	-10.914645
스코	-10.914670
▁실망	-10.914770
▁여섯	-10.915000
몽	-10.915033
렐	-10.915044
▁가난한	-10.915092
표징	-10.915179
▁만난	-10.915235
산출	-10.915299
보상	-10.915323
지며	-10.915338
▁더우기	-10.915447
▁은영원	-10.915510
▁로써	-10.915545
▁오만	-10.915604
호소	-10.915607
▁던져	-10.915813
놨	-10.915883
▁을알려준다	-10.916314
끓	-10.916514
삭	-10.916524
▁외부	-10.916566
자면	-10.916812
▁에귀	-10.916837
상을	-10.917112
일상생활	-10.917165
조롱	-10.917184
▁멸망케	-10.917374
▁흠	-10.917503
▁대중	-10.917629
ate	-10.917631
있습니까	-10.917691
모범	-10.917713
방문객	-10.917839
더미	-10.917870
▁의씨	-10.917964
▁충돌	-10.917967
바빌론	-10.918083
▁나누기	-10.918091
출생	-10.918105
소비	-10.918118
충동	-10.918141
▁을받을	-10.918233
하셨다	-10.918379
▁영혼을	-10.918383
구타	-10.918406
▁너에게	-10.918500
▁28:	-10.918518
▁24.	-10.918593
▁환	-10.918641
▁는하지만	-10.918659
사항	-10.918678
▁는이제	-10.918751
▁재미있	-10.919130
다가오는	-10.919223
▁1960	-10.919302
▁이르러	-10.919441
독립	-10.919461
▁“[	-10.920074
▁상당히	-10.920204
▁떨	-10.920213
▁뉴	-10.920289
지점	-10.920350
▁에사는사람	-10.920494
▁다시는	-10.920504
▁하더라도	-10.920519
▁잊	-10.920571
시아	-10.920747
▁의견	-10.920836
▁헤이	-10.921144
▁완벽한	-10.921297
성과	-10.921362
붓	-10.921391
있으므로	-10.921432
신부	-10.921772
짧	-10.921866
측정	-10.921912
▁물어	-10.922032
▁정직	-10.922282
명성	-10.922523
복지	-10.922590
▁노인	-10.922737
▁믿음이	-10.922823
련	-10.922878
▁에게필요	-10.922930
▁친구들	-10.922948
익숙	-10.923300
▁한국	-10.923326
▁류	-10.923411
었다면	-10.923455
보여주	-10.923498
소유물	-10.923533
▁않도록	-10.923565
▁과의관계	-10.923566
▁욕	-10.923631
▁은실제	-10.923889
▁은이미	-10.923930
알려지	-10.924006
▁생존	-10.924153
인근	-10.924215
▁소련	-10.924225
▁의하나	-10.924230
▁은거의	-10.924573
였는데	-10.924595
▁입을	-10.924626
▁은무슨	-10.924734
바라	-10.924806
물속	-10.924844
▁12,	-10.925051
제목	-10.925180
중독	-10.925265
▁할기회	-10.925341
청소	-10.925478
▁데릭	-10.925535
▁계획이	-10.926371
넓은	-10.926451
시어	-10.926497
▁출력	-10.926682
▁사용하기	-10.926862
요법	-10.926876
▁는다른	-10.926990
▁수천	-10.927011
▁밖에없	-10.927081
▁의변화	-10.927291
코끼리	-10.927530
가스	-10.927538
▁에비해	-10.927644
▁사이트	-10.927736
▁내용을	-10.927847
▁으로추산	-10.927962
으세요	-10.928099
▁점이	-10.928145
도와주	-10.928274
▁19,	-10.928442
조성	-10.928460
모아	-10.928485
▁라디오	-10.928559
▁낮은	-10.928617
▁info	-10.928634
넬	-10.928843
외국인	-10.928960
▁이성취	-10.929243
롬	-10.929487
으려는	-10.929500
직원	-10.929695
▁모를	-10.929736
▁지점	-10.929838
완벽	-10.929871
▁뒷	-10.929876
▁은종종	-10.929922
▁에대한두려움	-10.930035
▁축하	-10.930037
▁배웠	-10.930141
다구요	-10.930253
개개인	-10.930346
악인	-10.930402
▁텐데	-10.930520
좌	-10.930563
25	-10.930614
▁군인	-10.930987
늘어나	-10.931178
▁그릇	-10.931220
▁부를	-10.931542
단정	-10.931839
▁연료	-10.931937
▁을알려줍니다	-10.932309
▁흑인	-10.932343
▁만듭니다	-10.932456
달성	-10.932524
▁완료	-10.932611
▁지배	-10.932710
▁신체	-10.932735
X	-10.932739
▁기뻐	-10.932768
▁부여	-10.932854
▁이것들은	-10.933197
라고요	-10.933342
▁에대해서도	-10.933368
▁의마련	-10.933440
음이	-10.934033
▁들려	-10.934035
평생	-10.934152
둬	-10.934166
▁이전의	-10.934293
▁왔다	-10.934419
▁뭔데	-10.934704
▁의기초	-10.935058
▁은하늘	-10.935145
▁에있었던	-10.935395
붕괴	-10.935395
▁핵심	-10.935466
이든	-10.935488
지도모릅니다	-10.935612
▁링크	-10.935788
▁러	-10.935813
▁고통스러운	-10.935841
많다	-10.935919
할까	-10.936258
맹	-10.936402
▁법을	-10.936481
염소	-10.936585
▁의목표	-10.936910
향상	-10.936958
▁밑에	-10.937275
추세	-10.937531
▁콘	-10.937568
비참	-10.937778
물품	-10.937851
▁보겠습니다	-10.937901
▁주님을	-10.937901
▁의어떤	-10.938126
▁중간	-10.938182
낡은	-10.938593
다르	-10.938680
▁여러분들은	-10.938786
▁를그	-10.938955
▁지지	-10.939124
▁받기	-10.939163
▁되는일	-10.939192
▁였읍니다	-10.939384
묵	-10.939703
취급	-10.939752
공중	-10.939797
▁에하느님	-10.939946
졌어	-10.939970
▁과마찬가지	-10.940088
▁의충성	-10.940241
조치	-10.940275
국제적	-10.940592
▁을결코	-10.940694
▁주사	-10.940776
시각	-10.940782
매주	-10.940802
▁꺼	-10.940885
▁할아버지	-10.940935
▁를말	-10.941332
▁제품	-10.941358
▁뿌리	-10.941467
일요일	-10.941506
솔로몬	-10.941542
▁속성	-10.941662
▁색깔	-10.941799
화학	-10.941886
▁을기울이	-10.942036
할거야	-10.942341
릿	-10.942505
▁세대	-10.942511
버스	-10.942559
▁원하지	-10.943090
▁의기름부음	-10.943288
▁는지금	-10.943393
구속	-10.943465
▁근처	-10.943781
하다가	-10.943786
▁Y	-10.944189
▁단순히	-10.944541
▁을가르치	-10.944830
▁의동료	-10.944841
기근	-10.945108
소금	-10.945237
▁프로그램을	-10.945251
수리	-10.945639
줄것	-10.945660
▁봐야	-10.945684
▁을여호와	-10.945789
▁물건을	-10.945793
▁가족이	-10.946076
시키고	-10.946159
상대	-10.946186
외국	-10.946427
시에	-10.946534
▁에들어	-10.946587
▁이증가	-10.946589
마태	-10.946681
껏	-10.946733
▁없지만	-10.947063
우드	-10.947220
▁롯	-10.947653
▁줄을	-10.947775
▁인간이	-10.947788
사막	-10.947845
괴롭히	-10.948039
▁일주일	-10.948042
갈때	-10.948128
▁아이들은	-10.948420
▁경제적	-10.948540
한데	-10.948585
▁흉	-10.948721
▁의모습	-10.948901
▁통신	-10.948914
▁세계적	-10.949039
▁의중요성	-10.949088
세속	-10.949106
천적	-10.949912
▁하시기바랍니다	-10.949923
▁인이유	-10.949979
▁길에서	-10.950287
출발	-10.950295
경외	-10.950421
▁프리	-10.950559
▁시민	-10.950768
▁도없고	-10.950880
체제	-10.950973
▁사막	-10.950992
▁살려	-10.951051
나름	-10.951078
▁의마지막	-10.951265
하네요	-10.951472
▁건너	-10.951735
▁시키는일	-10.951821
셋	-10.952127
▁헨리	-10.952166
▁를차지	-10.952237
▁탭	-10.952277
▁를제시	-10.952860
졌고	-10.953339
▁일도	-10.953399
쉽	-10.953471
되었을것	-10.953622
▁분리	-10.953790
▁어찌하여	-10.954143
사명	-10.954250
▁한세상	-10.954324
애굽	-10.954431
는다면	-10.954608
절정	-10.954762
해보	-10.954912
▁하기위해서	-10.955092
암시	-10.955230
▁종교적	-10.955309
비율	-10.955341
▁게임을	-10.955431
▁얼음	-10.955626
중립	-10.955750
▁이해할	-10.955901
랐	-10.955933
굳	-10.956067
▁하와	-10.956231
▁하지않았습니다	-10.956326
시편필자	-10.956415
▁인쇄	-10.956547
▁테러	-10.956671
을지모른다	-10.956672
배교	-10.956744
▁짜리	-10.956910
▁은지금	-10.956928
▁하시는것	-10.956961
▁번역	-10.957165
내내	-10.957314
짧은	-10.957314
▁나가서	-10.957424
▁붙이	-10.957463
어야한다	-10.957781
▁낼	-10.957855
▁의벗	-10.957941
욕구	-10.958110
▁이함께	-10.958387
▁미국의	-10.958508
▁님	-10.958588
근무	-10.958659
뉴스	-10.958827
▁에게이렇게말	-10.959042
▁않죠	-10.959162
▁의표현	-10.959571
겠소	-10.959598
▁을더욱	-10.959710
▁면참조	-10.959713
예방	-10.959782
▁마저	-10.959983
스턴	-10.960140
▁하셨습니까	-10.960637
하므로	-10.960649
하길	-10.960758
체중	-10.961305
▁수를	-10.961538
▁파이	-10.961576
▁선택하십시오	-10.961596
고린도	-10.961724
니스	-10.961990
▁한믿음	-10.962094
버리는	-10.962115
폭로	-10.962257
▁가되는것	-10.962461
배부	-10.962478
차원	-10.962571
토록	-10.962656
▁하실수있	-10.962665
▁임무	-10.962676
의뢰	-10.962725
▁했읍니다	-10.962782
▁회전	-10.962905
았어요	-10.963100
기부	-10.963284
이예요	-10.963387
▁알리	-10.963463
▁정확	-10.963753
▁을지원	-10.963814
예측	-10.963880
▁해볼	-10.964144
저술가	-10.964165
아시아	-10.964364
▁비켜	-10.964622
연구결과	-10.964767
웨이	-10.964895
▁기억나	-10.965061
▁안정	-10.965140
▁만들었습니다	-10.965172
급속	-10.965248
▁사용합니다	-10.965390
▁과는달리	-10.965566
아나	-10.965752
▁푸	-10.965858
▁도와줄	-10.965903
타이	-10.966081
▁화장실	-10.966574
어리	-10.966590
▁배반	-10.966788
▁시작합니다	-10.966812
▁쿠	-10.966927
▁을받을수있	-10.967005
▁뭐지	-10.967011
▁를누리	-10.967112
우울	-10.967386
거의모든	-10.967406
▁경찰이	-10.967412
는증거	-10.967664
보시기	-10.967868
제작	-10.967922
▁사냥	-10.967988
▁압력	-10.968081
▁의진리	-10.968114
하고있다	-10.968382
▁내려가	-10.968518
근심	-10.968616
▁라는이름	-10.968616
37:	-10.968753
작품	-10.968824
▁권능	-10.968839
국제연합	-10.968844
대비	-10.968991
▁않는다	-10.969197
▁과땅	-10.969207
▁취하	-10.969303
남성	-10.969381
▁클	-10.969535
▁홀로	-10.969561
모순	-10.969859
부류	-10.970285
▁모세에게	-10.970364
불멸	-10.970563
▁이없습니다	-10.970623
▁비난	-10.970778
연기	-10.970983
▁가없습니다	-10.971066
▁을살	-10.971302
▁을위해서	-10.971334
▁당하	-10.971489
▁인견해	-10.971793
▁현상	-10.972042
▁어쩌	-10.972105
▁여호와하느님	-10.972159
받았	-10.972343
부모님	-10.972497
여름	-10.972554
▁결합	-10.972571
영문	-10.972719
▁정원	-10.972985
▁을하면서	-10.973082
▁행동을	-10.973251
말라	-10.973337
흑인	-10.973343
ir	-10.973375
북부	-10.973452
▁을성취	-10.973572
▁가스	-10.973607
▁아무리	-10.973812
▁된바	-10.973865
계신	-10.973886
▁이거나	-10.974126
▁한계	-10.974422
징조	-10.974447
해당	-10.974549
▁던지	-10.974698
줄게	-10.975008
나온다	-10.975011
80	-10.975191
▁은모든	-10.975320
▁을취	-10.975459
▁불리는	-10.975657
▁주변	-10.975830
건지	-10.975860
▁TED	-10.976204
입을	-10.976217
가는것	-10.976298
빨	-10.976356
유행	-10.976404
보죠	-10.976556
괴	-10.976634
▁의발	-10.976818
타임	-10.976971
▁에서사용	-10.977036
▁밑	-10.977136
셨을때	-10.977172
▁아래에	-10.977282
▁그책	-10.977417
▁집단	-10.977433
▁명이상	-10.977541
▁떨어진	-10.977548
▁선수	-10.977565
성귀	-10.977598
▁지어	-10.977621
▁그렇게하는것	-10.977626
▁과정을	-10.977660
▁1950	-10.977662
발달	-10.977787
▁떠날	-10.977829
▁4000	-10.977847
는데도	-10.978034
게될때	-10.978124
부상	-10.978187
신비	-10.978382
▁개념	-10.978440
▁를당하	-10.978515
▁지옥	-10.978583
그당시	-10.978871
▁에의해서	-10.978975
▁의언어	-10.978980
▁이전혀없	-10.979082
민감	-10.979231
창세기	-10.979285
할필요	-10.979364
많	-10.979407
영향력	-10.979477
받아들이	-10.979481
▁혀	-10.979669
▁를숭배	-10.979967
할수있	-10.979986
▁가아니	-10.980378
▁가내	-10.980392
▁도달	-10.980614
▁갖	-10.980645
줘요	-10.980767
선전	-10.981168
▁제도	-10.981257
▁짜	-10.981429
▁잠깐만요	-10.981434
노동	-10.981586
▁이었읍니까	-10.981795
▁무서운	-10.981864
▁의권위	-10.981947
가정생활	-10.982043
상당수	-10.982051
▁진실을	-10.982079
▁웹사이트	-10.982299
▁바뀌	-10.982433
▁동일	-10.982500
매력	-10.982572
다른양	-10.982581
▁금지	-10.982595
주지	-10.982636
봄	-10.982885
영매술	-10.982905
겪은	-10.983155
▁가있는것	-10.983311
▁민	-10.983441
낭	-10.983493
기울	-10.983718
대륙	-10.984005
▁충만	-10.984291
멕시코	-10.984309
▁설	-10.984354
긍정적	-10.984378
리지	-10.984411
고수	-10.984496
▁역할을	-10.984530
▁의남편	-10.984553
좋아하는	-10.984560
▁독립	-10.984588
▁을이렇게	-10.984667
▁더나아가	-10.985047
▁방황	-10.985296
끌려	-10.985678
가톨릭교회	-10.985842
▁진정한	-10.986049
댔	-10.986198
으려면	-10.986435
▁사람도	-10.986524
그러한것	-10.986552
▁같고	-10.986600
보건	-10.986651
▁♫	-10.986748
스를	-10.986840
▁유명	-10.987007
굽	-10.987063
토의	-10.987528
▁요나	-10.987596
바뀌	-10.987624
▁만날	-10.987655
▁겨우	-10.987666
▁고용	-10.987685
▁침대	-10.987800
꼬	-10.988117
▁거짓말을	-10.988461
문명	-10.988641
잇	-10.988723
▁마법	-10.988768
▁는현재	-10.988991
▁룻	-10.989174
토양	-10.989534
▁알았는데	-10.989554
그지역	-10.989841
대항	-10.990440
▁이식	-10.990772
런던	-10.990834
▁입은	-10.990852
▁일정	-10.990936
ge	-10.991025
맡기	-10.991029
외모	-10.991081
▁강력한	-10.991132
지붕	-10.991189
옮기	-10.991390
▁아나	-10.991394
운반	-10.991470
▁디모데전	-10.991491
▁절대로	-10.991499
▁였으며	-10.991722
▁가져와	-10.991928
▁은특히	-10.992049
지않는다면	-10.992144
▁롭	-10.992360
협력	-10.992372
▁즐기	-10.992595
통계	-10.992682
할만한	-10.992730
▁이있다는것	-10.992872
▁가주	-10.993040
벗어나	-10.993120
수있으며	-10.993140
좋지않은	-10.993229
▁신발	-10.993306
▁세워	-10.993642
▁열기	-10.993671
옴	-10.993935
▁사무실	-10.994101
▁온라인	-10.994104
▁은마치	-10.994109
악한자	-10.994186
▁촬영	-10.994248
▁혼	-10.994392
대개	-10.994464
어도	-10.994568
공원	-10.994660
버렸습니다	-10.994752
▁은정말	-10.994819
▁은아마	-10.994833
고향	-10.994979
랍	-10.995096
명을	-10.995242
되었고	-10.995261
이자	-10.995276
했을때	-10.995364
▁이잘	-10.995401
었는가	-10.995469
▁가넘는	-10.995529
▁버리	-10.995893
▁글쎄요	-10.996087
들입니다	-10.996096
▁트랙	-10.996167
올것	-10.996316
력을	-10.996450
▁의입	-10.996718
텐데	-10.996785
▁쏘	-10.996795
가죽	-10.996981
관심사	-10.997452
행하는	-10.997475
▁비용	-10.997615
만들어	-10.997750
▁에기여	-10.997764
▁자세히	-10.997807
▁하되	-10.997824
▁녹	-10.997995
▁잊지	-10.998086
▁14;	-10.998459
▁절반	-10.999065
▁하였던	-10.999312
▁에걸린	-10.999540
▁죽은자	-10.999731
▁의물	-10.999875
▁와일치	-11.000070
▁불을	-11.000103
▁을베푸	-11.000179
재물	-11.000244
▁명의	-11.000344
보람	-11.000488
▁버려	-11.000958
▁읽	-11.001115
▁지켜보	-11.001145
징	-11.001232
▁표준	-11.001249
▁차례	-11.001343
▁을맡	-11.001492
뜰	-11.001657
▁점심	-11.001660
▁이아니었습니다	-11.001771
90	-11.001832
더잘	-11.001842
있었	-11.002048
회중성원	-11.002169
▁이번엔	-11.002209
롯	-11.002272
J	-11.002446
읍	-11.002464
다스리	-11.002569
에게로	-11.002765
▁29.	-11.003175
정결	-11.003201
겠군요	-11.003508
▁여자를	-11.003577
줄래	-11.003851
▁빌어먹을	-11.003974
▁사랑을	-11.004051
▁짧은	-11.004097
▁진정해	-11.004113
하잖아	-11.004186
▁믿음으로	-11.004221
▁한목적	-11.004349
감당	-11.004373
▁하게하는	-11.004400
수로	-11.004685
▁for	-11.004818
▁에도달	-11.004832
▁손가락	-11.004871
▁고정	-11.004964
두려워	-11.005017
줄어들	-11.005102
▁메뉴	-11.005173
▁이누구	-11.005225
▁똑같이	-11.005263
체험	-11.005290
먹고	-11.005473
▁재미	-11.005579
살아가	-11.005646
낙담	-11.005753
할례	-11.005836
긴급	-11.006116
때문에	-11.006124
드릴	-11.006276
개최	-11.006309
om	-11.006325
▁16;	-11.006416
▁아시	-11.006598
상인	-11.006684
▁전문	-11.006720
더러	-11.006886
▁셀	-11.007003
▁떨어지	-11.007102
▁를잡	-11.007290
하시면	-11.007310
▁우편	-11.007393
▁한노력	-11.007657
▁의상징	-11.007730
▁46	-11.007733
금속	-11.007743
▁는단지	-11.007820
▁에관해이야기	-11.007881
▁의적	-11.008348
기념식	-11.008599
▁을함께	-11.008704
▁감정적	-11.008865
▁하매	-11.008919
바벨론	-11.009091
▁체크	-11.009101
▁공개	-11.009211
▁맞춰	-11.009225
▁하시면서	-11.009255
룰	-11.009260
11	-11.009281
식탁	-11.009427
▁음식을	-11.009481
회당	-11.009485
육적	-11.009738
▁아이콘	-11.009748
랍니다	-11.009879
죽이	-11.010032
까봐	-11.010045
▁시킬수있	-11.010069
▁The	-11.010143
▁아파트	-11.010303
내려가	-11.010544
Y	-11.010586
▁작전	-11.010619
분별	-11.010631
▁죄지은	-11.010735
기본	-11.010825
▁소유	-11.011067
▁해당	-11.011092
▁는결코	-11.011388
재정적	-11.011608
▁에대한그	-11.011763
▁해주었다	-11.011969
앉	-11.012027
란다	-11.012046
▁휴	-11.012070
▁을돕	-11.012120
돌려	-11.012232
▁직	-11.012283
▁경우에	-11.012491
전세계적	-11.012504
▁한행실	-11.012511
연료	-11.012918
▁다음과	-11.013006
정원	-11.013046
고립	-11.013197
▁의관심	-11.013492
저지른	-11.013524
처지	-11.013535
한쪽	-11.013607
복음서	-11.013654
글자	-11.013803
서도	-11.014071
침대	-11.014182
카드	-11.014425
▁있으니까	-11.014487
지파	-11.014527
▁박사님	-11.014564
화산	-11.014607
이사	-11.014691
▁자들의	-11.014713
위생	-11.014935
살때	-11.015175
▁그럼에도불구하고	-11.015236
▁옥	-11.015336
스카	-11.015346
▁주문	-11.015696
▁무덤	-11.016002
▁최소한	-11.016032
▁의저서	-11.016216
잃	-11.016226
▁알려주	-11.016315
▁대학교	-11.016422
▁봉	-11.016626
연습	-11.016670
▁끝났	-11.016725
▁들어가서	-11.016860
▁증오	-11.017088
▁기름부음	-11.017317
▁주목	-11.017335
▁위험한	-11.017452
▁증언	-11.017651
▁있더라	-11.018020
▁찾아야	-11.018659
▁저런	-11.018721
▁가될	-11.018809
9;	-11.018881
▁머리에	-11.018989
▁언급	-11.019032
▁거다	-11.019117
▁기회가	-11.019173
있으면	-11.019197
▁이들이	-11.019394
▁47	-11.019824
▁나누어	-11.019835
▁을준비	-11.019933
눌	-11.020013
▁그것도	-11.020267
어느때	-11.020334
▁나되는	-11.020374
▁에자기	-11.020417
간직	-11.020607
▁투표	-11.020695
남쪽	-11.020729
▁기적	-11.020747
▁is	-11.021096
▁커다란	-11.021232
정책	-11.021275
최악	-11.021324
▁만일우리	-11.021354
▁일이죠	-11.021388
▁을매우	-11.021657
▁on	-11.021718
▁하고있었다	-11.021856
므	-11.022346
제조	-11.022688
▁영광을	-11.022882
▁거역	-11.022939
▁들었어	-11.023238
▁베드로전	-11.023316
▁이왜	-11.023335
펜	-11.023427
만의	-11.023481
▁받아들이	-11.023483
▁이후로	-11.023761
▁실패했습니다	-11.023823
휴	-11.023825
▁제외	-11.023912
▁톰	-11.023936
▁스타	-11.024106
시는것	-11.024171
▁양쪽	-11.024341
▁모여	-11.024508
▁관심이	-11.024590
▁교인	-11.024686
▁가져올	-11.024707
윤리	-11.025022
▁을낳	-11.025025
▁죄악	-11.025114
▁의의로운	-11.025122
▁한정성	-11.025156
흘러	-11.025229
▁이없을것	-11.025289
▁으로볼때	-11.025457
▁한견해	-11.025503
▁에있는여호와	-11.025775
▁월호	-11.025886
부드럽게	-11.025947
정교	-11.025961
▁도마찬가지	-11.026237
▁세우	-11.026244
▁일어났	-11.026285
▁의책임	-11.026299
물었다	-11.026488
본문	-11.026488
▁#	-11.026622
▁갔다	-11.026670
▁국민	-11.026746
▁읽을	-11.026898
▁니라	-11.027055
▁을범하	-11.027059
▁버전	-11.027101
▁의친구	-11.027171
관광객	-11.027798
▁이하나	-11.027973
입원	-11.027993
가리	-11.028034
▁결론	-11.028228
▁에더	-11.028256
이책	-11.028297
방출	-11.028618
▁심각한	-11.028753
였지	-11.028792
▁파트너	-11.028962
14	-11.028982
나갈	-11.028983
쳐서	-11.029260
아비	-11.029387
하니까	-11.029516
베드로첫째	-11.029695
베델	-11.029733
▁에계신	-11.029743
▁작가	-11.029891
▁오고	-11.030010
용납	-11.030033
전문	-11.030035
▁이너무	-11.030059
▁불과	-11.030303
그러한사람	-11.030331
났습니다	-11.030464
야고보	-11.030472
▁냄새	-11.030478
▁탄소	-11.030544
열대	-11.030581
지체	-11.030630
▁을허락	-11.030695
▁제어	-11.030697
▁그것들은	-11.030788
▁에미국	-11.030901
화려	-11.030917
▁피해자	-11.030948
겠지요	-11.031077
ol	-11.031081
힘든	-11.031197
소위	-11.031234
▁선거	-11.031364
▁이있고	-11.031453
▁28,	-11.031808
주면	-11.031943
대표자	-11.032235
집중	-11.032254
▁모래	-11.032383
▁숫자를	-11.032397
▁공연	-11.032573
▁순결	-11.032585
▁대해서는	-11.032731
▁필요는	-11.033230
▁도없이	-11.033353
▁대상	-11.033854
▁경배하	-11.034070
부담	-11.034195
여서	-11.034212
▁의압력	-11.034273
그토록	-11.034422
▁자전거	-11.034565
후대	-11.034584
영적양식	-11.034709
약한	-11.034714
삼림	-11.035083
진단	-11.035281
▁차지	-11.035300
▁집안	-11.035316
▁으로써그	-11.035324
▁으로돌아가	-11.035508
▁일뿐	-11.035620
▁그린	-11.035797
▁의비유	-11.035952
▁하지마	-11.036183
▁이없었다	-11.036218
▁암호화	-11.036228
▁춤	-11.036576
▁은제	-11.036930
순수	-11.036935
▁1919	-11.037124
▁선생님이	-11.037218
▁옆	-11.037412
트라	-11.037663
▁않지만	-11.037773
정성	-11.037831
▁책임	-11.038010
▁성서를	-11.038169
▁쿠키	-11.038322
▁드리고	-11.038378
▁와있는	-11.038781
▁그들에게는	-11.038842
▁의대상	-11.038931
줘야	-11.038944
▁전파	-11.039047
모으	-11.039248
▁의위험	-11.039274
▁과더불어	-11.039320
▁에게어떻게	-11.039394
▁을맞추	-11.039718
▁이모든것	-11.040121
하였는데	-11.040144
저항	-11.040223
이스라엘백성	-11.040237
▁는한	-11.040411
▁닥쳐	-11.040467
▁슬	-11.040516
는거	-11.041167
▁히그	-11.041267
갈수록	-11.041267
함유	-11.041392
먹을것	-11.041720
중지	-11.042315
▁측	-11.042439
▁약간의	-11.042532
▁가없었다	-11.042609
▁창조하	-11.042803
다하더라도	-11.042925
▁공장	-11.042960
어렸을때	-11.042972
▁쫓아	-11.043670
▁을죽이	-11.043987
▁삶의	-11.044124
▁해볼때	-11.044323
바퀴	-11.044364
지나가	-11.044435
상품	-11.044498
▁따르	-11.044605
그러하다	-11.044632
▁말했죠	-11.044652
▁돼지	-11.044687
▁성적	-11.044796
▁황	-11.044848
▁원하	-11.044862
요구조건	-11.045054
▁하노라	-11.045078
▁를가지	-11.045177
옛	-11.045274
▁재판	-11.045298
▁될거야	-11.045373
▁이좋다	-11.045459
▁인생을	-11.045552
ill	-11.045915
▁하므로	-11.046027
▁일반적인	-11.046168
▁걸로	-11.046209
▁이이러	-11.046220
듯한	-11.046236
그럴	-11.046259
▁이아니었다	-11.046302
▁열정	-11.046341
▁환영	-11.046350
▁봅니다	-11.046479
하였지만	-11.046625
▁을하는사람	-11.046769
▁알아서	-11.046924
기후	-11.047018
▁그말	-11.047033
▁해가	-11.047130
▁의권리	-11.047424
▁히이해	-11.047707
▁이책	-11.047790
▁180	-11.047900
▁을들어	-11.047999
다니는	-11.048060
살아남	-11.048079
▁문장	-11.048211
▁나아가	-11.048213
스테	-11.048290
▁싶다면	-11.048305
▁해줄것	-11.048307
보아	-11.048554
▁은대개	-11.048801
▁비율	-11.048903
▁이좋	-11.048944
▁줍니다	-11.049032
부위	-11.049047
▁후회	-11.049121
▁그것들을	-11.049398
남은자	-11.049703
▁me	-11.049939
하기로	-11.050006
▁을향해	-11.050071
▁의빛	-11.050213
입증	-11.050445
온화	-11.050465
지어다	-11.050549
고용주	-11.050716
▁통계	-11.050763
고리	-11.050817
공동	-11.050853
▁석유	-11.050950
질때	-11.051141
우는	-11.051195
스톤	-11.051363
역사적	-11.051418
▁의숭배자	-11.051600
고백	-11.051634
둘러싸	-11.051678
여러차례	-11.051802
▁가능성이	-11.051928
▁대표	-11.052037
큐	-11.052166
이나라	-11.052338
▁시편필자	-11.052365
▁육체	-11.052525
싹	-11.052566
▁신호	-11.052614
지정	-11.052684
▁것인지	-11.052713
카르	-11.052781
▁보러	-11.053145
▁위치를	-11.053301
▁손상	-11.053344
브라질	-11.053485
ation	-11.053668
녹	-11.053727
▁450	-11.053928
▁세계에서	-11.054298
운전자	-11.054416
▁구하는	-11.054590
▁를받는	-11.054613
▁무엇일까요	-11.054643
였을	-11.054687
▁뛰	-11.054845
선생	-11.054850
▁하시기	-11.054914
▁콩	-11.054934
미움	-11.054972
▁하든	-11.055283
함은	-11.055498
▁에계속	-11.055594
▁추방	-11.055799
격렬	-11.055958
▁되어야	-11.056551
미국인	-11.056646
똑같은	-11.056911
▁를한	-11.056964
치명적	-11.057028
추산	-11.057109
▁나왔	-11.057240
▁그녀에게	-11.057369
겠느뇨	-11.057384
▁보다훨씬	-11.057680
과분	-11.057700
▁이었지만	-11.057840
▁되고있습니다	-11.057962
▁과비교	-11.058041
법원	-11.058242
▁의편지	-11.058289
한다는것	-11.058378
▁있었노라	-11.058553
높여	-11.058762
▁의전쟁	-11.058852
신중	-11.058966
▁행하	-11.059197
▁까	-11.059258
▁하게행동	-11.059299
▁실례	-11.059486
믿는사람	-11.059499
▁한모든	-11.060023
▁맞추	-11.060032
▁목숨을	-11.060284
▁여러분들	-11.060304
들로부터	-11.060542
믿을만한	-11.060708
▁혹	-11.061054
차별	-11.061105
타당	-11.061307
▁제작	-11.061675
▁1/2	-11.061964
▁으로보	-11.062001
▁표면	-11.062173
▁법칙	-11.062249
▁데려다	-11.062341
▁에서만	-11.062360
게됩니까	-11.062502
▁록	-11.062585
▁디렉터리	-11.062809
▁꼬	-11.062823
▁뿐만아니라	-11.062837
▁얻게	-11.062972
공식	-11.063056
탄생	-11.063239
▁죽게	-11.063548
화학물질	-11.063551
▁최근에	-11.063578
윤	-11.063668
닐	-11.063681
으실	-11.063683
여러세기	-11.063743
▁멍청한	-11.064010
▁말라고	-11.064014
▁뱀	-11.064094
생명체	-11.064120
▁자기의	-11.064425
▁을직접	-11.064758
▁곳은	-11.064921
▁받아야	-11.064924
▁낭비	-11.064928
밝히	-11.064931
괴로움	-11.065188
▁히살	-11.065255
▁만해도	-11.065346
▁방황케	-11.065354
▁간호사	-11.065492
앨	-11.065595
내린	-11.065614
▁는약	-11.065821
찍	-11.065834
성경연구생	-11.065892
▁죄인들	-11.065900
▁의세계	-11.065912
▁트리	-11.065996
희랍	-11.066005
대규모	-11.066241
▁따르는	-11.066353
아마도	-11.066426
▁악한	-11.066436
수감자	-11.066486
무척	-11.066585
▁서로를	-11.066857
보였다	-11.066963
▁의형상	-11.066972
▁가다	-11.067193
▁고등학교	-11.067277
▁간다	-11.067353
▁장식	-11.067981
▁맞죠	-11.068094
▁운이	-11.068187
음료	-11.068379
▁자리를	-11.068380
▁모두에게	-11.068609
증오	-11.068699
▁걸릴	-11.068727
▁대신에	-11.068924
멸시	-11.068956
▁드립니다	-11.069006
왔고	-11.069006
▁마요	-11.069139
▁은인류	-11.069324
▁엘리야	-11.069383
하겠다	-11.069414
▁텔레비전	-11.069486
▁의딸	-11.069529
▁을만들어	-11.069551
▁로가	-11.069654
▁감소	-11.069690
웰	-11.069889
수있었습니다	-11.070107
개를	-11.070223
야죠	-11.070283
지못했	-11.070377
▁알기	-11.070488
▁을가져오	-11.070523
델	-11.070632
심을	-11.070749
가르치는일	-11.070754
▁붙여	-11.070845
▁에다시	-11.070943
▁만이아니라	-11.070984
▁뭐든	-11.071192
▁진짜로	-11.071318
퍼센트	-11.071406
▁참그리스도인	-11.071580
▁연설	-11.071623
▁이발견	-11.071628
내부	-11.071971
설교	-11.071990
보지	-11.072226
▁그러나그것	-11.072243
▁시작해	-11.072430
뢰	-11.072463
▁을요청	-11.072639
▁일수있다	-11.072797
해줄	-11.072799
해야할일	-11.072891
이와같이	-11.072925
▁축복	-11.073135
겠군	-11.073280
▁프랭크	-11.073389
풍요	-11.073431
▁하더군요	-11.073448
▁얻어	-11.073538
우리집	-11.073609
▁을하기	-11.073973
▁은서로	-11.074017
▁느낌이	-11.074049
▁을잊	-11.074303
▁i	-11.074307
낳	-11.074415
▁쌍	-11.074442
▁저항	-11.074466
▁종료	-11.074894
일정	-11.074916
▁해야하는	-11.075007
^	-11.075036
주머니	-11.075047
어떤면	-11.075118
근본적	-11.075137
걸요	-11.075180
누리는	-11.075198
▁UN	-11.075212
▁스웨덴	-11.075601
메이	-11.075938
자제	-11.076002
▁한여자	-11.076258
▁시체	-11.076455
▁손이	-11.076487
▁흙	-11.076568
▁에게증거	-11.076664
▁하였더라	-11.076671
버린다	-11.076869
진흙	-11.076998
▁v	-11.077003
▁그래서그	-11.077210
▁똥	-11.077330
연구가	-11.077834
▁것이었습니다	-11.077891
▁누나	-11.077896
▁한변화	-11.077987
▁은행복	-11.078189
▁에서어떻게	-11.078279
묘	-11.078369
▁끔찍	-11.078457
▁작성	-11.078464
세금	-11.078477
▁되거나	-11.078578
그기사	-11.078872
▁좋은소식	-11.078915
▁을준다	-11.078947
▁에물	-11.079179
수있는가	-11.079198
▁그놈	-11.079219
▁이어디	-11.079237
재건	-11.079240
▁을갖추	-11.079386
감옥	-11.079497
▁족	-11.079608
나온	-11.079629
사울	-11.079672
다보면	-11.079916
사소	-11.079947
게하였다	-11.079973
약탈	-11.080066
il	-11.080132
들고	-11.080169
▁이틀	-11.080240
좁은	-11.080276
▁잘했어	-11.080362
조그만	-11.080469
베이	-11.080479
해봅시다	-11.080559
18	-11.080713
▁을지닌	-11.080818
잖니	-11.081065
▁44	-11.081100
호기심	-11.081302
▁한양심	-11.081381
▁의특징	-11.081521
낭비	-11.081781
을뿐	-11.081841
▁위기	-11.081846
거고	-11.081859
▁대응	-11.081962
▁바닥	-11.081979
자와	-11.082132
▁설계	-11.082152
인터넷	-11.082296
급격	-11.082338
진화론	-11.082497
▁신을	-11.082848
▁보내는	-11.082982
공학	-11.082989
▁에대해이야기	-11.083055
▁계시한	-11.083117
▁친척	-11.083148
▁과정	-11.083201
▁을근거	-11.083212
라구	-11.083332
럴	-11.083350
▁마찬가지로	-11.083532
마시	-11.083561
▁알았다	-11.083618
즐겁게	-11.083632
▁멋지	-11.083702
▁을조사	-11.083888
▁할게요	-11.084079
▁멸	-11.084080
▁판매	-11.084204
▁을인용	-11.084409
깃털	-11.084483
자전거	-11.084700
강요	-11.084885
▁필요할	-11.084903
버림	-11.084984
▁최대한	-11.084986
▁이곳에	-11.085302
▁밖에서	-11.085345
누구나	-11.085450
▁테마	-11.085489
제의	-11.085578
▁보상이	-11.085629
겪는	-11.085672
▁1991	-11.085689
▁크고	-11.085817
교인	-11.085892
▁아이들	-11.086485
반대자	-11.086652
가면	-11.086659
▁보죠	-11.086682
▁석	-11.086690
일까	-11.086730
밝혀진	-11.086777
니이다	-11.087111
지성	-11.087145
▁하지못한	-11.087151
▁로인도	-11.087248
▁걔가	-11.087277
▁이그렇게	-11.087294
▁도덕적	-11.087304
▁뉴우요오크	-11.087427
바르	-11.087523
▁비를	-11.087530
▁올리	-11.087695
▁이참석	-11.087740
▁에처한	-11.087927
▁께서는어떻게	-11.087998
▁클릭	-11.088112
▁의학	-11.088180
▁환자가	-11.088387
지않을수없	-11.088808
▁낙	-11.088889
여덟	-11.088953
▁미가	-11.088978
적이고	-11.089015
▁엄청나게	-11.089070
▁한죄	-11.089202
기쁘게	-11.089363
뜨리	-11.089513
해질	-11.089589
닉	-11.089820
▁선행	-11.089933
▁으로기대	-11.090029
▁움직여	-11.090080
▁해내	-11.090131
렁	-11.090439
고생	-11.090622
도와	-11.090765
▁되면서	-11.091085
▁를인정	-11.091091
▁이아닌가	-11.091305
증세	-11.091369
▁진실로	-11.091397
▁쏴	-11.091444
학적	-11.091465
▁응벌	-11.091504
▁의예언자	-11.091544
▁검은	-11.091548
▁해변	-11.091558
▁발사	-11.091738
세균	-11.091769
잊	-11.091922
▁하고그분	-11.091932
재능	-11.091944
▁음성	-11.091947
▁베풀	-11.092068
평판	-11.092084
베르	-11.092093
▁의신앙	-11.092158
▁은아주	-11.092513
벅	-11.092554
▁집회	-11.092792
추수	-11.092813
▁되다	-11.092831
광야	-11.092965
느끼는	-11.093212
식구	-11.093355
▁중입니다	-11.093471
▁서로가	-11.093578
▁만하면	-11.093580
▁범위	-11.093626
▁저게	-11.093754
백인	-11.094013
▁를해	-11.094083
일찍	-11.094203
▁이같이	-11.094217
있었을것	-11.094310
▁의고통	-11.094337
▁17,	-11.094349
▁꽉	-11.094480
전통적	-11.094548
▁는실제	-11.094651
야기	-11.094686
▁손실	-11.094934
는모습	-11.094955
라니	-11.094958
▁형성	-11.095204
▁였	-11.095263
▁통화	-11.095592
▁성서의	-11.095615
히브리어성경	-11.095647
랬	-11.095707
▁충만하시니	-11.095837
▁도있을것	-11.095896
▁해주고	-11.095984
존경심	-11.096003
▁72	-11.096056
순응	-11.096149
라구요	-11.096657
이기도	-11.096672
▁몸이	-11.096685
갚	-11.096780
▁한이름	-11.096802
▁이신여호와	-11.096881
차이점	-11.097061
▁의임재	-11.097195
하기위하여	-11.097301
▁에사람	-11.097465
드려	-11.097530
가게	-11.097569
았으며	-11.097774
범위	-11.098111
▁피트	-11.098289
▁을하나님	-11.098368
▁를초래	-11.098413
도록합시다	-11.098485
▁턱	-11.098505
▁남겨	-11.098555
로는	-11.098621
▁동네	-11.098747
▁테이블	-11.098934
▁장기	-11.099165
협	-11.099208
▁바꾸	-11.099280
▁중인	-11.099467
▁name	-11.099633
얼마동안	-11.099759
점령	-11.099957
▁언젠가	-11.100068
▁존재하지	-11.100387
그저	-11.100466
▁를다시	-11.100550
손실	-11.100672
▁창세기	-11.100961
▁하고있	-11.101042
▁과사랑	-11.101053
조종	-11.101089
고그분	-11.101162
▁격	-11.101205
▁놈들이	-11.101310
킬로미터	-11.101383
▁릴리	-11.101464
아름다움	-11.101506
▁하는말	-11.101551
▁에게나	-11.101760
년을	-11.101783
▁할수있으며	-11.101822
▁세번째	-11.101861
편안	-11.101970
세운	-11.102137
▁해있는	-11.102171
뻗어	-11.102284
결혼식	-11.102306
마지막때	-11.102323
▁고기	-11.102444
▁걸렸	-11.102507
▁하게될	-11.102511
▁전환	-11.102516
▁열쇠	-11.102571
일자리	-11.102689
▁무언가를	-11.102772
악기	-11.102803
▁에두고	-11.102904
살펴	-11.103169
해주는	-11.103181
▁건가	-11.103188
▁됐다	-11.103199
▁배열	-11.103334
▁한경험	-11.103371
친히	-11.103728
▁다르	-11.103772
▁알겠지	-11.103836
스포츠	-11.103880
취한	-11.104023
덫	-11.104052
랭	-11.104052
지극	-11.104062
산맥	-11.104212
▁되었던	-11.104321
▁을보여주	-11.104350
▁하는태도	-11.104421
▁잃었	-11.104502
▁덕분에	-11.104508
케이	-11.104587
오스	-11.104661
▁방에	-11.104683
대도시	-11.104690
왔는데	-11.104693
um	-11.104727
▁St	-11.105220
속히	-11.105300
▁불구하고	-11.105313
▁될수	-11.105340
▁부자	-11.105445
▁모르지만	-11.105499
휘	-11.105562
▁아내가	-11.105982
▁복수	-11.106047
▁거역한	-11.106330
▁따라서그	-11.106425
▁를구하	-11.106442
▁없었다	-11.106667
▁는모두	-11.106880
▁에덴	-11.106896
는건	-11.106982
▁고려	-11.106990
▁에초점	-11.107113
▁살아있는	-11.107125
▁을하는데	-11.107134
추천	-11.107211
▁세션	-11.107253
있다고말	-11.107276
▁이후에	-11.107489
▁없다면	-11.107669
시스템	-11.107797
일꾼	-11.107798
▁은예수그리스도	-11.108337
▁벨	-11.108341
무관심	-11.108366
▁아랍	-11.108665
우편	-11.108861
▁얘들아	-11.109036
극도	-11.109124
▁배울	-11.109131
▁기억해	-11.109164
▁뽑	-11.109201
무역	-11.109254
없기때문	-11.109562
▁1,000	-11.109626
▁떠났	-11.109701
이익	-11.109980
넷	-11.110178
앞서	-11.110180
▁의증가	-11.110216
을수있는	-11.110330
비평	-11.110480
▁놓고	-11.110583
든지간	-11.110626
버리고	-11.110652
▁같을	-11.110675
▁이두	-11.110682
옷차림	-11.110684
▁바른	-11.110899
렀	-11.111144
▁에처해있	-11.111189
이삭	-11.111233
▁공식	-11.111500
▁that	-11.111511
▁You	-11.111531
중심	-11.111590
어려운일	-11.111722
▁를즐기	-11.111750
▁효과	-11.112062
숭배자	-11.112123
▁얼른	-11.112512
따로	-11.112525
▁되는지	-11.112530
라스	-11.112765
▁구하고	-11.112815
춘	-11.112879
할일	-11.112927
▁하듯이	-11.113012
야곱	-11.113214
▁이정말	-11.113242
▁않노라	-11.113296
▁의잘못	-11.113318
▁기뻐하	-11.113362
게될수있습니다	-11.113714
▁죽었어	-11.113867
지않으면	-11.113873
▁때도	-11.114321
▁3000	-11.114414
합법적	-11.114414
선을	-11.114432
▁내어	-11.114441
리로다	-11.114793
유전자	-11.114964
▁않음	-11.115065
보험	-11.115320
수집	-11.115349
▁에서나온	-11.115361
상승	-11.115364
▁알다시피	-11.115429
▁불가능	-11.115641
효	-11.115657
볼것	-11.115785
램	-11.115788
▁구분	-11.116008
▁배운	-11.116101
▁는인간	-11.116358
▁을얻기위해	-11.116371
▁계획을	-11.116440
▁캘리포니아	-11.116574
번호	-11.117055
▁남았	-11.117190
또다시	-11.117288
▁가아닌	-11.117385
▁이완전	-11.117491
어려워	-11.117519
▁단순한	-11.117559
자기집	-11.117567
끌어	-11.117701
기위해노력	-11.117868
회견	-11.117901
ard	-11.118209
있었음	-11.118412
황제	-11.118448
추정	-11.118634
▁은언제나	-11.118640
▁의주된	-11.118714
▁세계의	-11.118948
▁값은	-11.119042
▁17;	-11.119140
▁자신들	-11.119418
그후	-11.119493
▁영웅	-11.119520
▁관계를	-11.119726
▁같다는	-11.119779
▁에게자신	-11.119941
▁에게영향	-11.119968
▁이처음	-11.120175
시켰	-11.120216
▁아녜요	-11.120281
▁선생	-11.120294
▁불렀	-11.120342
▁는남편	-11.120443
▁사제	-11.120479
샘	-11.120505
군사	-11.120686
▁이유를	-11.120765
힘쓰	-11.120806
손가락	-11.120815
▁상품	-11.120994
▁의방법	-11.121040
먼지	-11.121155
▁24,	-11.121463
피해자	-11.121470
▁라이	-11.121797
▁곁에	-11.122164
미소	-11.122166
▁활성화	-11.122185
▁은사실상	-11.122252
▁본인	-11.122378
▁장면	-11.122433
▁수소	-11.122547
▁구역	-11.122655
님이	-11.122726
▁플러그인	-11.122802
▁예증이	-11.123232
▁의세상	-11.123265
건설	-11.123350
▁가아닙니다	-11.123380
즐	-11.123712
본부	-11.123723
었더라	-11.123744
이말	-11.123883
나서	-11.123936
해변	-11.123955
▁을제기	-11.123981
one	-11.124046
쪽으로	-11.124051
▁글꼴	-11.124084
▁알아보	-11.124105
▁죽이고	-11.124181
곰	-11.124213
보다는	-11.124283
▁로나	-11.124454
▁여명	-11.124520
▁의구원	-11.124612
▁를보면	-11.124640
▁결과가	-11.124714
▁폭풍	-11.124812
▁송	-11.124842
▁있는것	-11.124861
그결과	-11.124890
▁을예언	-11.124933
▁1'	-11.125152
무장	-11.125224
했나	-11.125236
▁에거하	-11.125333
중한사람	-11.125339
▁허용	-11.125428
▁해줘	-11.125570
▁싶었	-11.125678
셨죠	-11.125709
주려고	-11.125730
▁충만하	-11.125788
▁의두	-11.125900
점점	-11.125906
리를	-11.126127
▁라고하는	-11.126158
▁연방	-11.126440
던사람	-11.126592
▁28.	-11.126692
▁얘야	-11.126740
▁이약	-11.126776
▁이었을것	-11.126918
두번	-11.127266
▁으로들어가	-11.127378
▁을깊이	-11.127461
단위	-11.127554
틀어	-11.127623
▁일부는	-11.127638
생계	-11.127644
▁하셨을때	-11.127671
▁상황에서	-11.127910
▁을반대	-11.128010
▁재물	-11.128026
셨고	-11.128131
▁뭐라	-11.128285
▁찬미	-11.128335
ut	-11.128388
여러세기동안	-11.128556
▁시스템을	-11.128725
수용	-11.129158
지않으며	-11.129170
어미	-11.129249
상호	-11.129271
▁두어	-11.129307
서야	-11.129390
하나님앞	-11.129427
▁어이	-11.129456
ul	-11.129484
아는것	-11.129562
감동적	-11.129589
크리스마스	-11.129596
▁는그리스도인	-11.129623
▁로만든	-11.129697
릅니다	-11.129827
맹세	-11.129929
인체	-11.129973
▁저것	-11.130033
▁얻었	-11.130058
핑	-11.130200
▁들어와	-11.130276
중앙	-11.130344
▁없게	-11.130380
▁의행복	-11.130719
장애물	-11.130827
▁로여호와	-11.130864
고래	-11.130890
궁핍	-11.130961
▁의가정	-11.130985
▁애들이	-11.131021
▁작년	-11.131056
▁남편이	-11.131170
▁소문	-11.131215
▁행렬	-11.131592
이사람	-11.131607
▁씨발	-11.131755
▁과평화	-11.131939
개종	-11.132012
▁살펴보	-11.132648
▁궁	-11.132684
예비	-11.132724
▁신앙	-11.132758
▁털	-11.132811
사라	-11.133141
그러합니다	-11.133523
▁의충고	-11.133635
▁가얼마나	-11.133652
▁이시며	-11.133664
기질	-11.133671
▁마이클	-11.133699
▁하는데사용	-11.133703
▁쓰지	-11.133844
▁가만히	-11.133958
▁악인	-11.134215
▁으로인하여	-11.134356
▁존경	-11.134434
▁바퀴	-11.134821
>	-11.134834
덩어리	-11.134863
▁해야만	-11.134927
상징	-11.134995
▁활	-11.135267
인상적	-11.135301
▁적어	-11.135352
보유	-11.135455
▁1992	-11.135567
위태	-11.135728
▁이신예수그리스도	-11.135751
▁과같습니다	-11.135932
▁에오	-11.136040
하느뇨	-11.136244
가증	-11.136282
▁의계명	-11.136319
▁각도	-11.136813
바치	-11.136836
▁의부	-11.136912
이렇게기록	-11.136974
주권자	-11.136998
했네	-11.137031
유아	-11.137241
공언	-11.137421
할수없	-11.137459
하였으나	-11.137527
▁재앙	-11.137541
사정	-11.137735
돌아온	-11.137853
그런식	-11.138129
가치있는	-11.138165
▁지켜보고	-11.138245
▁을세워	-11.138364
▁들자신	-11.138613
알고있는	-11.138690
알게된	-11.138770
쏟아	-11.138882
게하고	-11.138926
ia	-11.139261
▁를돌리	-11.139311
19	-11.139317
▁놀이	-11.139511
▁느낌	-11.139643
▁을해결	-11.139905
대속물	-11.139937
▁알아내	-11.140404
셨으니	-11.140427
▁52	-11.140461
▁할정도	-11.140613
대를	-11.140650
렸어요	-11.140665
▁12;	-11.140743
생기는	-11.140756
▁도있었다	-11.141148
냄	-11.141157
밀려	-11.141191
콜	-11.141317
▁더하면	-11.141449
▁바깥	-11.141501
▁에게하나님	-11.141545
지않으면안된다	-11.141721
▁좋게	-11.141811
▁느	-11.141825
▁께순종	-11.141894
고정	-11.142139
는경향	-11.142140
▁오면	-11.142223
뉘	-11.142485
▁조절	-11.142560
나타났다	-11.142583
▁생명체	-11.142591
▁것만	-11.142594
만든다	-11.142613
▁마우스	-11.142648
▁필리핀	-11.142778
▁원한다면	-11.142887
예배	-11.143022
▁있겠	-11.143042
왕국선포자	-11.143238
▁예증을	-11.143299
▁일어나고	-11.143409
잔치	-11.143414
▁그랬어	-11.143416
▁언론	-11.143632
후회	-11.143683
▁않을거야	-11.143740
▁인간을	-11.143838
▁해본	-11.143867
회중내	-11.144096
가르치고	-11.144179
▁가성서	-11.144247
▁한양	-11.144316
함수	-11.144326
▁닉	-11.144518
피트	-11.144704
▁능력이	-11.145000
공개	-11.145271
▁막을	-11.145299
ie	-11.145432
에베소	-11.145438
▁주리라	-11.145573
음이라	-11.145649
주시	-11.145662
했잖아	-11.145677
임박	-11.145899
공정	-11.146224
▁온갖	-11.146238
꼬리	-11.146282
▁-3	-11.146369
▁해진	-11.146385
▁소식을	-11.146582
▁이많다	-11.146605
▁보여줄	-11.146909
칩니다	-11.147060
▁1945	-11.147156
▁마술	-11.147182
▁이래	-11.147422
▁천국	-11.147501
보관	-11.147619
▁5;	-11.147724
슬기	-11.147755
▁불행	-11.147812
▁하였음을	-11.147817
자의	-11.147923
▁을전하	-11.147955
▁아닌데	-11.147997
▁의얼굴	-11.148088
▁아빠는	-11.148108
8;	-11.148226
▁살았	-11.148256
▁얼마후	-11.148318
어떤방법	-11.148356
지못하였다	-11.148447
보여	-11.148547
▁be	-11.148829
업계	-11.148871
▁방송	-11.148890
▁에그러한	-11.149168
권한	-11.149199
▁의대부분	-11.149290
▁서류	-11.149560
믿지않는	-11.149667
절반	-11.149790
매혹적	-11.149915
다툼	-11.149929
▁했습니까	-11.149981
ry	-11.150110
섭씨	-11.150114
올때	-11.150131
능숙	-11.150145
▁를하는것	-11.150186
▁를쓰	-11.150361
나이까	-11.150366
▁에속한사람	-11.150434
▁년이상	-11.150518
▁네덜란드	-11.150578
▁이끝나	-11.150722
▁결혼생활	-11.150745
경이	-11.150814
▁이사	-11.150849
할준비	-11.150878
▁간에	-11.150915
▁같은데요	-11.150933
▁하늘에	-11.151007
하는가	-11.151112
처벌	-11.151177
▁북쪽	-11.151266
▁께서는제자	-11.151330
▁이르렀	-11.151491
▁이라고하는	-11.151580
▁되어있읍니다	-11.151654
정해진	-11.151981
그렇	-11.152425
함으로	-11.152453
물체	-11.152480
권장	-11.152509
맞아	-11.152515
르고	-11.152528
▁번성	-11.152576
▁의주장	-11.152832
▁그리고우리	-11.153036
▁인면	-11.153057
▁하였으나	-11.153073
▁순서	-11.153154
컬	-11.153214
종이	-11.153247
둘러	-11.153303
단백질	-11.153335
용도	-11.153372
안되는	-11.153399
놀이	-11.153642
▁를기억	-11.153704
▁과장님	-11.154122
주택	-11.154254
▁하는감독자	-11.154336
극심	-11.154353
▁형상	-11.154459
▁단체	-11.154573
▁이죽	-11.154627
▁는없습니다	-11.154759
베리	-11.154804
▁를만나	-11.154924
닥치	-11.155035
굳건	-11.155135
배출	-11.155325
지나	-11.155791
오리	-11.155827
▁해왔	-11.155854
▁모자	-11.155872
필시	-11.155935
▁로스	-11.156208
▁저건	-11.156253
▁가아니다	-11.156284
허물	-11.156398
주며	-11.156525
비스	-11.156568
도요	-11.156577
▁조금만	-11.156756
▁을받기	-11.156803
▁품	-11.156833
▁을가지고있는	-11.156984
신학자	-11.157410
▁은더	-11.157581
▁아니잖아	-11.157735
▁현세의	-11.157763
태아	-11.157797
▁수백	-11.157923
▁중독	-11.157924
▁손님	-11.157960
▁의부족	-11.158003
▁을나타낼수있	-11.158046
▁에서나오는	-11.158050
하신것	-11.158169
닮	-11.158174
▁치는	-11.158278
▁다니	-11.158283
감을	-11.158770
▁예배를	-11.158807
▁이유로	-11.159028
파악	-11.159092
을수있습니다	-11.159268
디스	-11.159286
▁리더	-11.159467
▁김	-11.159616
▁와같습니다	-11.159833
▁에처하	-11.159933
▁의기원	-11.159940
▁그리스도교	-11.160135
▁압축	-11.160329
적이	-11.160338
▁있었지	-11.160728
▁이길	-11.160925
철학자	-11.161020
벗관계	-11.161206
배후	-11.161226
▁만군	-11.161235
꺾	-11.161316
▁이아닙니까	-11.161332
ion	-11.161424
▁을지배	-11.161554
▁안내	-11.161704
▁은한	-11.161827
▁에서하나님	-11.161941
▁슈	-11.161945
으셨습니다	-11.161990
▁전통	-11.162038
▁을관찰	-11.162058
▁이되도록	-11.162557
불화	-11.162706
▁소설	-11.163448
▁이었고	-11.163532
▁헌신	-11.163666
▁공동체	-11.163698
▁아내를	-11.163847
▁어두운	-11.163864
▁바라는	-11.164051
▁움직임	-11.164053
▁은약	-11.164109
▁좋아하지	-11.164205
▁이기록	-11.164358
왔어요	-11.164377
▁오늘날우리	-11.164591
헛된	-11.164698
▁오늘밤	-11.165031
▁실험을	-11.165112
▁못했습니다	-11.165268
▁1975	-11.165421
외부	-11.165421
▁가졌	-11.165720
수있도록	-11.165754
간에	-11.165809
▁장관	-11.165810
▁새벽	-11.165926
▁것이니라	-11.166039
▁나누	-11.166039
초월	-11.166306
▁와결혼	-11.166374
년전	-11.166425
상점	-11.166428
드러	-11.166436
서로사랑	-11.166500
▁선지자를	-11.166581
▁에그것	-11.166653
방송	-11.166656
▁을당한	-11.166731
정욕	-11.166731
하겠죠	-11.166829
뛰	-11.166842
▁대략	-11.166914
▁의조언	-11.166920
▁은이것	-11.166984
감탄	-11.167191
맡은	-11.167205
▁인터뷰	-11.167308
▁정도의	-11.167528
다고한다	-11.167626
▁고향	-11.167768
▁시켜주는	-11.167785
op	-11.167814
사냥	-11.167815
▁거고	-11.167929
▁아니라는	-11.168120
신약	-11.168120
탓	-11.168121
크고	-11.168213
기념	-11.168227
구분	-11.168302
데리고	-11.168384
▁를부르	-11.168399
▁을할것	-11.168427
촉구	-11.168431
사과	-11.168992
▁시킬것	-11.169052
과학기술	-11.169154
▁은전혀	-11.169199
편리	-11.169207
▁무대	-11.169261
▁과성서	-11.169286
▁일들이	-11.169411
깊숙	-11.169513
론자	-11.169538
거기서	-11.169572
▁신부	-11.169636
▁다윗이	-11.169685
반열	-11.169706
라틴어	-11.169814
▁을읽고	-11.169822
▁흐르	-11.169877
▁은많은	-11.169901
방주	-11.170071
▁온도	-11.170256
동정	-11.170259
이성	-11.170260
▁을자기	-11.170404
다소	-11.170682
▁나눌	-11.170712
파견	-11.170801
▁밤을	-11.170934
▁하지요	-11.170961
참석자	-11.171093
▁한예	-11.171244
천국	-11.171281
볼수있는	-11.171357
▁의주의	-11.171386
안락	-11.171536
▁날씨	-11.171638
▁흐르는	-11.171702
▁파운드	-11.171790
▁가사용	-11.171897
을정도	-11.171982
요점	-11.172003
▁없어서	-11.172106
▁나누면	-11.172336
었읍니까	-11.172493
▁을받는것	-11.172507
숭	-11.172585
따름	-11.172787
들었다	-11.172826
▁하게말	-11.172929
▁기호	-11.173072
▁좋았어	-11.173098
방어	-11.173272
우아	-11.173347
넌	-11.173511
▁은완전	-11.173634
하는말	-11.173644
떨어진	-11.173767
▁병원에	-11.173774
▁감옥	-11.173837
▁밝혀	-11.173970
▁죽지	-11.174108
▁의멸망	-11.174123
▁일로	-11.174187
▁않아도	-11.174536
▁이와같이	-11.174605
▁착	-11.174671
을경우	-11.174723
비이기적	-11.174817
▁돌아올	-11.174847
뒷	-11.174915
km	-11.174951
▁계세요	-11.175014
▁이나되는	-11.175137
▁결정을	-11.175432
▁를가져	-11.175587
▁에게어떤	-11.175679
▁구해	-11.175810
▁모임	-11.175931
▁혼란	-11.176009
▁이없도록	-11.176019
▁와도	-11.176044
▁시내	-11.176068
▁리스트	-11.176122
▁이거주	-11.176173
▁를하는	-11.176198
▁이지혜	-11.176205
아름답게	-11.176220
70	-11.176245
놔	-11.176310
▁않았다	-11.176403
▁은세상	-11.176474
뻗	-11.176494
▁없으면	-11.176597
여러해	-11.176680
▁빼고	-11.176734
▁찍어	-11.176748
▁경우에는	-11.176869
▁나이지리아	-11.176888
▁을하면	-11.177021
▁생각했습니다	-11.177090
▁어딨어	-11.177132
더럽	-11.177134
지못할	-11.177274
▁충분	-11.177288
총독	-11.177381
넘치는	-11.177412
▁을갖게	-11.177486
▁테니	-11.177552
▁분모	-11.177753
▁말해주	-11.177770
▁멈추	-11.177927
▁세상이	-11.177958
▁수백만	-11.178234
▁좋다	-11.178297
▁이메일	-11.178327
▁그러나이	-11.178472
▁배신	-11.178486
▁폴란드	-11.178514
때까지	-11.178524
밍	-11.178561
됐어요	-11.178930
▁갖는	-11.179022
물리	-11.179126
▁주시고	-11.179260
▁되지않	-11.179298
▁느낄	-11.179430
▁이많	-11.179769
▁는분명	-11.179883
두드러진	-11.179929
▁알죠	-11.179992
▁디모데둘째	-11.180027
다음기사	-11.180069
▁서는	-11.180238
▁당신들	-11.180335
▁의존	-11.180391
졌으며	-11.180433
▁학습	-11.180603
▁을더잘	-11.180786
▁과일	-11.181008
붉은	-11.181015
▁홍수	-11.181086
▁평가	-11.181112
▁하는경우	-11.181135
엘리야	-11.181232
▁마이너스	-11.181266
▁아마당신	-11.181448
▁해서는안된다	-11.181491
가졌던	-11.181510
▁가자녀	-11.181754
▁걸리	-11.181947
새힘	-11.182015
▁에대한지식	-11.182056
하리로다	-11.182068
죽을	-11.182217
시기바랍니다	-11.182634
핵무기	-11.182749
▁을지켜	-11.182800
만으로	-11.182951
▁보십시오	-11.183105
▁누구든지	-11.183307
▁있고요	-11.183337
개미	-11.183404
▁움직이	-11.183412
▁참고	-11.183425
▁에게순종	-11.183592
▁이다시	-11.183659
▁이될수있	-11.183672
불충실	-11.183890
▁세금	-11.183938
굶주림	-11.183940
▁그들에	-11.184113
내기	-11.184284
▁비슷	-11.184313
▁을바라보	-11.184384
▁을기념	-11.184411
어떤점	-11.184413
▁없으니	-11.184572
▁놀랍게도	-11.184629
▁을알게될것	-11.184714
여신	-11.184754
야하였습니다	-11.184824
▁너무나	-11.184857
없을것	-11.184966
▁그외	-11.185058
▁와는달리	-11.185323
자들을	-11.185458
원하는것	-11.185462
▁질문이	-11.185596
▁정부가	-11.185868
▁시위	-11.185876
▁일들을	-11.186006
획	-11.186009
▁연구가	-11.186021
▁고통을	-11.186199
▁중의	-11.186511
▁잠시만요	-11.186542
▁과같은말	-11.186825
▁세계를	-11.187218
▁쫓	-11.187286
충만	-11.187334
머지않아	-11.187351
▁끄	-11.187569
▁을치	-11.187598
▁갖다	-11.187607
서부	-11.187722
졸업생	-11.187842
▁일치	-11.187908
의존	-11.187913
▁특정한	-11.187965
▁사인	-11.187999
▁1989	-11.188070
▁어떤경우	-11.188115
▁예쁘	-11.188185
사기	-11.188237
▁바꾸기	-11.188300
폭풍	-11.188307
▁꺼져	-11.188353
볼수	-11.188369
▁대화를	-11.188389
축하	-11.188453
가라앉	-11.188487
바이	-11.188500
게하여	-11.188571
성서연구생	-11.188622
▁궁금해	-11.188638
오후	-11.188712
▁고린도후	-11.188821
빠지	-11.188998
▁클럽	-11.189072
▁증	-11.189109
멋	-11.189263
▁HIV	-11.189320
▁되어왔다	-11.189327
▁은생명	-11.189341
인간성	-11.189366
▁거역하	-11.189424
▁를만들	-11.189461
수십억	-11.189491
▁시간은	-11.189807
▁눈물	-11.189961
하였읍니까	-11.190056
▁를많이	-11.190220
▁모두들	-11.190241
▁로이	-11.190415
▁지도자	-11.190850
어려웠	-11.191159
벌어진	-11.191539
신전	-11.191551
▁차에	-11.191636
▁배를	-11.191702
돕	-11.191727
▁경로	-11.191760
소화	-11.191877
저명	-11.192029
▁는거의	-11.192249
반사	-11.192317
▁우울증	-11.192353
▁문자열	-11.192385
▁전능	-11.192410
버트	-11.192588
▁께서는그분	-11.192628
식을	-11.192881
▁의성원	-11.192944
▁그럼요	-11.192957
▁기반	-11.193024
▁규모	-11.193045
▁휘	-11.193163
▁태워	-11.193249
▁는그리스도	-11.193344
▁이되게	-11.193428
▁21,	-11.193530
▁를믿	-11.193592
받고	-11.193734
▁저기요	-11.193751
▁명이	-11.193852
ive	-11.194047
▁여자는	-11.194072
친다	-11.194251
▁do	-11.194259
▁따라서우리	-11.194333
자식	-11.194474
▁1993	-11.194811
니깐	-11.194884
가르쳐주	-11.194917
▁가르치	-11.194947
▁로하는	-11.194977
▁혁신	-11.194980
▁로봉사	-11.194995
▁을갖고	-11.195209
쟁이	-11.195226
됐어	-11.195269
▁아이디어를	-11.195356
권위자	-11.195363
▁을회복	-11.195428
▁떡	-11.195614
▁쌓	-11.195664
▁가축	-11.195697
▁으로하나님	-11.195698
▁의천사	-11.195845
장관	-11.195912
▁이야기는	-11.196024
▁한행위	-11.196054
복수	-11.196237
▁를읽고	-11.196476
지못하게	-11.196502
극단적	-11.196573
예리	-11.196590
보시	-11.196754
▁믿는자들이	-11.196813
먹어	-11.196941
▁양수	-11.196967
▁하지마십시오	-11.197170
모르는	-11.197208
동쪽	-11.197471
▁는이미	-11.197489
▁해달라고	-11.197521
▁블레셋	-11.197562
가시	-11.197623
▁일이에요	-11.197645
▁국제연합	-11.197659
▁전해	-11.197802
▁최소	-11.198017
▁아이는	-11.198257
▁의미합니다	-11.198260
하느냐	-11.198349
▁만큼이나	-11.198384
보이는것	-11.198462
서약	-11.198557
▁하기어려운	-11.198626
▁기꺼이	-11.198634
어찌	-11.198662
▁버리고	-11.198720
구입	-11.198750
두루마리	-11.198826
안식일	-11.198854
그렇게하는것	-11.198895
보였습니다	-11.198905
틈	-11.199089
▁가져오기	-11.199181
▁놀랍	-11.199225
이루어지	-11.199244
과일	-11.199420
없어	-11.199566
검은	-11.199737
밥	-11.199738
▁이야기가	-11.199748
탐구	-11.199777
▁캠	-11.199822
었으나	-11.199868
몰려	-11.199986
두명	-11.199993
▁된후	-11.200155
▁사용하지	-11.200510
늦	-11.200577
이번	-11.200713
▁에침례	-11.200798
▁일례	-11.201030
과연	-11.201258
하였도다	-11.201514
▁이진리	-11.201521
▁이지나	-11.201547
▁를베풀	-11.201699
▁삼촌	-11.201742
계절	-11.201972
혼합	-11.202022
▁참석	-11.202028
미신	-11.202178
▁다녀	-11.202228
넘어	-11.202229
▁에게주신	-11.202284
▁맡	-11.202323
초기그리스도인	-11.202345
▁질문에	-11.202391
치기	-11.202766
▁을내어	-11.202801
▁흔적	-11.202898
▁스러운일	-11.202922
극복	-11.203014
절실	-11.203127
▁여기로	-11.203259
▁체계	-11.203398
관용	-11.203440
▁자랑	-11.203460
▁이잘못	-11.203461
▁죽음을	-11.203510
▁넣	-11.203613
▁을배양	-11.203697
▁에서는그	-11.203761
▁의군대	-11.203980
표를	-11.204044
▁이있다고	-11.204057
▁제이	-11.204093
▁의생활방식	-11.204280
▁의사용	-11.204504
미사	-11.204562
▁현세	-11.204703
▁역사가	-11.204909
볼수없	-11.204965
▁분야	-11.205034
▁향해	-11.205112
▁을나타냈	-11.205165
졸	-11.205217
순환	-11.205274
이주	-11.205384
주사	-11.205405
살펴보	-11.205487
▁기울이	-11.205611
▁안으로	-11.205729
▁위의	-11.205847
행진	-11.205949
▁시키기	-11.206017
▁충분한	-11.206207
그만	-11.206299
▁들어봐	-11.206326
것같	-11.206399
▁계수	-11.206447
▁가너	-11.206649
없었읍니다	-11.206844
j	-11.206849
어린자녀	-11.206951
▁루크	-11.206953
야하며	-11.207059
잠잠	-11.207217
자국	-11.207226
기준	-11.207287
▁스럽게도	-11.207350
장난	-11.207799
목소리	-11.207966
▁클레어	-11.207991
악어	-11.208072
▁불신자들이	-11.208085
▁펜	-11.208106
▁한지역	-11.208225
▁숨을	-11.208239
는데사용	-11.208306
▁인생각	-11.208347
▁의행실	-11.208473
▁음모	-11.208486
ab	-11.208838
부자	-11.208848
심히	-11.209016
▁인의미	-11.209111
▁엿	-11.209182
계급	-11.209320
통치권	-11.209385
▁의원	-11.209517
룩	-11.209524
▁에살	-11.209641
수백만명	-11.209644
▁의형태	-11.209842
▁움직이는	-11.209890
▁51	-11.209920
▁같다고	-11.209925
져야	-11.210117
되어있다	-11.210162
도록도와주	-11.210167
얼음	-11.210257
ay	-11.210265
이런일	-11.210332
쌓아	-11.210605
▁좋겠어	-11.210699
▁가치가	-11.211241
낙심	-11.211464
지는못	-11.211481
▁있을지	-11.211512
▁죄인	-11.211544
▁해결책	-11.211674
▁희생자	-11.211694
든다	-11.211764
분비	-11.211884
최후	-11.211885
▁그렇게하면	-11.211939
▁에대한인식	-11.212084
▁아들은	-11.212091
▁시온	-11.212228
▁기차	-11.212294
왜곡	-11.212324
겸허	-11.212477
▁데이비드	-11.212478
겹	-11.212608
▁한대로	-11.212783
전반적	-11.212841
▁동시	-11.212915
반항	-11.212935
▁불신자	-11.213299
▁끝나	-11.213358
따라서	-11.213430
▁과같	-11.213614
▁의첫	-11.213699
노니	-11.213742
무서운	-11.213828
▁보관	-11.213896
▁을미치	-11.213945
▁괴물	-11.213959
▁간음	-11.214149
고문	-11.214337
치사적	-11.214766
▁날아	-11.214826
▁몸에	-11.214980
▁확률	-11.215171
무릎	-11.215248
▁스크립트	-11.215277
▁에서예수	-11.215373
▁소식	-11.215484
26:	-11.215623
▁을할수있	-11.215694
줘서	-11.215773
▁메모	-11.215904
명칭	-11.216099
분을	-11.216157
▁지붕	-11.216244
분자	-11.216349
▁는마음	-11.216367
▁수직	-11.216371
첫번째	-11.216372
알려진	-11.216520
▁의통치자	-11.216631
거처	-11.216951
▁홍콩	-11.217114
해야만	-11.217197
▁하지만여호와	-11.217312
▁할거야	-11.217354
▁설명해	-11.217372
▁인행동	-11.217415
▁기초	-11.217463
레인	-11.217591
휴식	-11.217605
▁돌아와	-11.217614
▁백인	-11.217665
▁폭탄	-11.217906
▁그쪽	-11.218058
▁의연합	-11.218058
▁을가리켜	-11.218060
좌절	-11.218085
판사	-11.218104
▁을마시	-11.218207
형편	-11.218500
큰소리	-11.218556
▁사례	-11.218671
파도	-11.218718
▁만화	-11.218785
개가	-11.218884
있었는가	-11.219015
▁으로서의	-11.219183
성서예언	-11.219431
▁중요합니다	-11.219432
▁전략	-11.219543
▁의헌신	-11.219609
아닌	-11.219713
org	-11.220038
트를	-11.220081
▁여기까지	-11.220263
결의	-11.220302
행렬	-11.220354
▁로돌아가	-11.220362
▁잡을	-11.220613
보았다	-11.220926
▁남자는	-11.220983
▁의모범	-11.221053
다룬	-11.221099
▁몽	-11.221193
▁여러분을	-11.221336
초점	-11.221383
라인	-11.221386
▁인턴	-11.221455
침투	-11.221464
▁얘길	-11.221467
▁27:	-11.221599
▁는오늘날	-11.221684
▁이되면	-11.222018
생기	-11.222061
lo	-11.222196
삽화	-11.222306
▁설정을	-11.222338
▁자네는	-11.222415
부정직	-11.222770
▁을목격	-11.222852
▁이이미	-11.222946
▁영생	-11.222966
진술	-11.222990
▁는부모	-11.223058
▁안되는	-11.223070
▁틀	-11.223082
▁대다수	-11.223167
으시고	-11.223232
▁을전혀	-11.223492
▁넓은	-11.223636
가볍게	-11.223815
낭독	-11.224176
교통	-11.224319
쳤습니다	-11.224339
▁저쪽	-11.224401
▁도하고	-11.224422
되리라	-11.224487
▁남녀	-11.224516
딜	-11.224709
주셔서	-11.224796
오니	-11.224976
▁35.	-11.224999
작정	-11.225067
▁1995	-11.225075
붙이	-11.225172
▁침	-11.225188
장차	-11.225228
▁글을	-11.225335
▁하게된	-11.225365
▁구글	-11.225371
웠다	-11.225782
후손	-11.226177
▁영광이	-11.226192
▁는주	-11.226206
▁할수있는것	-11.226217
▁말씀드리	-11.226401
웁니다	-11.226439
해준	-11.226479
듣는	-11.226616
▁엎드려	-11.226674
칭호	-11.226757
매력적	-11.226980
밝은	-11.227028
▁여부	-11.227062
돌리	-11.227126
▁에게말씀	-11.227191
▁시키려고	-11.227424
완수	-11.227661
▁세상의	-11.227794
▁계정	-11.227814
부딪	-11.227835
▁인종	-11.227861
▁가나안	-11.227880
▁띄	-11.227886
▁몬	-11.227942
▁곱해	-11.228065
▁좌표	-11.228075
▁가져오	-11.228155
▁안전한	-11.228179
력이	-11.228206
설득	-11.228227
공식적	-11.228235
힘써	-11.228442
▁의어린이	-11.228889
꿀	-11.228918
▁한입장	-11.229188
긴하지만	-11.229390
했노라	-11.229396
▁무슨일이	-11.229410
진전	-11.229464
살펴보겠습니다	-11.229587
▁한증인	-11.229628
있다고	-11.229676
▁베풀어	-11.229700
세계강국	-11.229711
▁나치	-11.229749
200	-11.229913
▁둘은	-11.229965
그리스도인장로	-11.230002
따르	-11.230102
▁학교에	-11.230190
이군	-11.230235
표제	-11.230373
나가는	-11.230409
if	-11.230448
▁탐	-11.230499
약점	-11.230526
▁우매한	-11.230621
조그마	-11.230680
으리니	-11.230700
▁해주시	-11.230793
유쾌	-11.230877
▁의복지	-11.230898
▁박해	-11.230912
시킨	-11.230948
▁실수를	-11.230986
▁의나이	-11.231075
▁서도	-11.231096
몰아	-11.231136
▁을주시	-11.231190
우연히	-11.231240
▁빠지	-11.231350
▁을갖는것	-11.231480
존중심	-11.231589
▁공원	-11.231643
시스	-11.232035
▁낭송	-11.232064
▁그러나하나님	-11.232237
는소리	-11.232271
▁를둔	-11.232339
노동자	-11.232368
크나큰	-11.232380
▁들었어요	-11.232423
흐름	-11.232504
▁감각	-11.232726
주셨습니다	-11.232790
▁오신	-11.232952
▁찾은	-11.233098
▁을보였	-11.233110
▁다만	-11.233121
▁한힘	-11.233168
▁헬	-11.233245
펠	-11.233274
할게	-11.233366
▁녹색	-11.233384
내어	-11.233418
▁는제	-11.233439
▁주기	-11.233584
▁일하고	-11.233713
▁단추를	-11.233982
▁하고있었습니다	-11.234040
가장좋은	-11.234074
▁버크	-11.234303
음주	-11.234450
벳	-11.234453
▁흘러	-11.234471
건가요	-11.234610
나누	-11.234746
질러	-11.234754
지도않	-11.234819
견뎌	-11.234870
▁의다음	-11.234888
▁곱하면	-11.234950
▁운명	-11.235034
렸어	-11.235046
▁한숭배	-11.235153
▁로임명	-11.235206
고의적	-11.235289
▁이것도	-11.235358
▁전하	-11.235412
▁마태복음	-11.235435
▁근육	-11.235644
▁막아	-11.235677
야한다고	-11.235742
▁여동생	-11.235852
물려	-11.235958
▁존재하는	-11.236052
▁에관한지식	-11.236181
▁넷	-11.236276
▁주소록	-11.236317
까지도	-11.236453
있다면	-11.236495
▁했을것	-11.236540
▁로우리	-11.236589
▁의차이	-11.236633
▁시작한	-11.236706
도중	-11.236716
▁움직이지	-11.236731
▁피해	-11.236749
▁보시면	-11.236969
혈관	-11.236989
항구	-11.236998
▁를충족	-11.237031
파멸	-11.237053
수송	-11.237102
섰	-11.237161
문맥	-11.237246
▁또한우리	-11.237361
깨어	-11.237461
좋게	-11.237535
프레	-11.237643
▁고치	-11.237666
▁기자	-11.237735
▁을다하여	-11.237761
무료	-11.237775
▁다음으로	-11.237795
▁보도	-11.237819
▁청소	-11.238030
활기	-11.238074
▁마셔	-11.238506
즐기	-11.238553
멈추	-11.238606
날아	-11.238628
▁있었다면	-11.238706
소문	-11.238826
등록	-11.238901
▁바위	-11.238949
▁히틀러	-11.239026
나옵니다	-11.239050
▁나니	-11.239131
자행	-11.239257
▁납치	-11.239658
닥	-11.239696
▁소비	-11.239703
하십니다	-11.239747
▁좌	-11.239750
에이즈	-11.239896
이래로	-11.240092
▁부상	-11.240154
▁그런것	-11.240220
▁민주주의	-11.240335
▁직원	-11.240343
▁답은	-11.240458
켈	-11.240459
▁년사이	-11.240624
▁질량	-11.240644
▁부패	-11.240688
▁3;	-11.240763
▁아세요	-11.240870
▁빠	-11.241036
▁효과가	-11.241068
▁에서열리는	-11.241141
▁도리어	-11.241151
▁상황에	-11.241224
입술	-11.241404
▁모아	-11.241524
쌓	-11.241615
▁이해하지	-11.241627
▁아일랜드	-11.241632
▁전송	-11.241820
죽었다	-11.241945
우선순위	-11.241949
요원	-11.242055
and	-11.242072
얻은	-11.242161
배양	-11.242184
우정	-11.242193
▁시킴	-11.242239
▁소식이	-11.242362
한남자	-11.242584
온다	-11.242604
집집	-11.242702
▁로서는	-11.242839
▁천만	-11.242846
▁하는동안	-11.242970
▁에게만	-11.242983
화물	-11.242985
▁거만	-11.243137
지역사회	-11.243249
성격	-11.243791
▁을알고있	-11.243917
▁에대해말	-11.243999
▁을받지않	-11.244405
▁은심지어	-11.244480
▁하겠다고	-11.244500
논의	-11.244517
▁2;	-11.244551
▁천사들	-11.244807
▁1973	-11.244837
▁그렇게한다면	-11.244925
연장	-11.245077
곧바로	-11.245262
절약	-11.245415
▁끝난	-11.245680
인들이	-11.245694
▁일반적으로	-11.245830
▁엉덩이	-11.246205
제를	-11.246434
▁을미치는	-11.246513
하지않는다	-11.246526
▁한기록	-11.246892
부드러운	-11.246955
▁보여줍니다	-11.247102
▁몫	-11.247317
▁하게여기	-11.247386
▁것인가	-11.247481
왔을때	-11.247488
▁아시다시피	-11.247641
▁분수	-11.247890
▁섬기	-11.247997
▁마주	-11.248026
커스	-11.248149
▁남부	-11.248191
▁부유	-11.248309
▁향하여	-11.248572
헌	-11.248611
숙소	-11.248683
▁파일이	-11.248743
▁와자녀	-11.248772
지나친	-11.248910
독서	-11.248914
▁식량	-11.248981
▁의연구	-11.249049
▁이어지는기사	-11.249098
성벽	-11.249180
었잖아	-11.249322
▁은혜로	-11.249377
대표	-11.249459
▁대단히	-11.249473
▁있소	-11.249644
▁찾아내	-11.249779
▁졸업	-11.249784
진노	-11.249935
▁제곱근	-11.249985
많은수	-11.250072
하느니라	-11.250269
시니라	-11.250452
▁을짓	-11.250487
▁떠난	-11.250633
▁하지말고	-11.250699
영토	-11.250751
▁웃기	-11.250857
와비슷	-11.251069
▁놈들	-11.251124
연사	-11.251148
아프	-11.251393
▁보고서	-11.251414
▁쓰기	-11.251415
ig	-11.251460
원주민	-11.251499
▁업무	-11.251832
절대적	-11.251838
머릿속	-11.251841
특수	-11.251951
즐겨	-11.251989
▁은확실	-11.251998
▁포도주	-11.252080
추방	-11.252102
▁이없어	-11.252171
올무	-11.252205
▁어렵	-11.252237
해답	-11.252370
수있읍니까	-11.252375
▁에게다음	-11.252493
구호	-11.252504
▁있음을	-11.252589
▁않았을	-11.252740
▁시리아	-11.252755
남은	-11.252873
고용	-11.253011
▁걸려	-11.253146
담당	-11.253192
▁이나타나	-11.253235
아끼	-11.253284
▁에감염	-11.253549
휩쓸	-11.253651
▁를기대	-11.253711
많은시간	-11.253798
▁방어	-11.253853
최종	-11.253924
▁얘기가	-11.254030
▁에서말	-11.254132
▁하는데필요	-11.254503
았기때문	-11.254543
▁FBI	-11.254803
투스	-11.254912
▁의성전	-11.255098
▁한원칙	-11.255108
▁은보통	-11.255186
▁이오늘날	-11.255402
만물	-11.255445
전형적	-11.255511
▁전에는	-11.255543
시점	-11.255885
▁으로여기	-11.255896
▁임시	-11.255913
▁정신적	-11.255916
▁교만	-11.255935
야해	-11.256004
게되었고	-11.256034
▁이용해	-11.256039
▁가생기	-11.256090
▁있음	-11.256131
▁구별	-11.256144
▁옵션	-11.256146
▁학생들이	-11.256213
▁를용서	-11.256215
▁에들	-11.256237
▁1994	-11.256340
같다	-11.256578
하지요	-11.256819
할수있는일	-11.256847
▁공중	-11.256961
▁하소서	-11.257006
약물	-11.257062
▁의어느	-11.257178
붙여	-11.257184
야하는가	-11.257337
고나면	-11.257360
이브	-11.257388
▁흡연	-11.257529
룸	-11.257686
▁그녀들	-11.257811
▁만들어진	-11.257838
잊어버리	-11.257882
신다는것	-11.257920
▁할게	-11.257937
▁언약	-11.258011
▁될수있	-11.258045
신학	-11.258190
썩	-11.258286
▁이지금	-11.258385
▁무지	-11.258397
즐거워	-11.258444
하기도	-11.258527
배운것	-11.258645
▁중단	-11.258768
지못하는	-11.258770
▁66	-11.258974
▁께영광	-11.259049
▁1972	-11.259180
▁그러는	-11.259239
▁했노라	-11.259321
▁을옹호	-11.259356
실직	-11.259373
느껴	-11.259459
끼리	-11.259604
▁으로자신	-11.259796
들어오	-11.259811
성서필자	-11.259904
▁의결정	-11.259939
▁썩	-11.260088
▁모압	-11.260736
▁끝에	-11.260935
▁까지의	-11.260940
▁는다시	-11.261161
▁오염	-11.261347
▁에있는한	-11.261548
목격	-11.261558
▁의반응	-11.261569
충격적	-11.261653
▁이일어났	-11.261803
난관	-11.261911
▁중력	-11.262089
▁빛이	-11.262109
▁갚	-11.262322
베풀어	-11.262394
▁<	-11.262401
예정	-11.262451
처신	-11.262488
가아니라	-11.262574
논란	-11.262700
▁아파	-11.262743
먹을	-11.262796
어느것	-11.262846
▁의정부	-11.262916
어깨	-11.263053
게합니다	-11.263169
존귀	-11.263179
▁생각에는	-11.263222
았읍니다	-11.263363
13	-11.263468
▁입력하십시오	-11.263616
부리	-11.263657
야하는	-11.263701
▁을자신	-11.263835
상대방	-11.263843
동성애	-11.264041
▁케하는	-11.264102
▁뇨	-11.264132
있다는점	-11.264168
동반	-11.264363
▁을가질수있	-11.264455
회중집회	-11.264480
살리	-11.264535
보입니다	-11.264575
▁에서자신	-11.264627
골짜기	-11.264724
▁쉽	-11.264820
으론	-11.264839
방울	-11.264870
히브리	-11.264887
▁존중	-11.264958
▁지수	-11.264958
▁말해봐	-11.264968
▁이되게하	-11.264989
▁프로테스탄트	-11.265018
▁1974	-11.265026
▁의도시	-11.265111
▁가증가	-11.265262
▁두개의	-11.265312
▁하지않는다면	-11.265388
▁한명	-11.265428
▁둔	-11.265492
급히	-11.265544
폭탄	-11.265682
한말	-11.265788
▁이인간	-11.265793
나비	-11.265948
▁목록을	-11.266127
▁에넣	-11.266138
im	-11.266149
ll	-11.266251
특	-11.266283
▁근처에	-11.266315
▁에너지를	-11.266322
증후군	-11.266395
▁하고싶	-11.266454
▁잃은	-11.266459
▁있을거야	-11.266571
▁채우	-11.266686
▁은물론	-11.266700
▁자제	-11.266746
▁가들	-11.267267
▁25.	-11.267296
▁소리야	-11.267319
▁은진리	-11.267359
▁맞습니다	-11.267370
위급	-11.267389
서는안되	-11.267438
▁듯	-11.267619
▁연관	-11.267639
언덕	-11.267645
제일	-11.267969
를제공	-11.268062
▁에살고있는	-11.268064
▁쪽으로	-11.268086
▁들어가는	-11.268096
▁해보고	-11.268313
▁예쁜	-11.268665
곱하기	-11.269082
▁한환경	-11.269128
당뇨병	-11.269307
부름	-11.269468
▁누워	-11.269470
▁역할	-11.269547
온사람	-11.269957
있지만	-11.269963
▁동안에	-11.270065
게해줍니다	-11.270127
▁되었는가	-11.270187
가축	-11.270249
▁그런일	-11.270250
▁한정신	-11.270332
비치	-11.270455
▁이그리스도인	-11.270563
▁더는	-11.271028
▁를피우	-11.271097
계십니까	-11.271155
▁두뇌	-11.271174
채택	-11.271190
▁디모데후	-11.271290
▁인증서	-11.271377
▁고을	-11.271446
대서양	-11.271495
는뜻	-11.271505
지말	-11.271616
옵	-11.271900
▁이다른	-11.271924
남용	-11.272113
▁1985	-11.272294
▁장애	-11.272371
▁을알아	-11.272407
▁신체적	-11.272463
광선	-11.272494
▁이슬람	-11.272507
구경	-11.272539
▁염려	-11.272605
▁끝났어	-11.272632
많은나라	-11.273008
▁최선을	-11.273009
▁것이라는	-11.273207
해졌	-11.273305
▁을받을때	-11.273383
년도	-11.273405
크리스	-11.273733
▁의완전	-11.273734
있어야합니다	-11.273991
절차	-11.274003
딴	-11.274086
두뇌	-11.274118
▁을파	-11.274119
▁할수있게	-11.274196
▁줬	-11.274213
게되고	-11.274249
▁질문은	-11.274465
▁평범한	-11.274770
한명	-11.275002
규제	-11.275021
애완동물	-11.275167
권을	-11.275168
ot	-11.275175
’	-11.275175
영역	-11.275233
둥지	-11.275386
▁단백질	-11.275415
▁여호와여	-11.275436
▁관해서	-11.275527
이지요	-11.275778
어떤종류	-11.275989
▁의조상	-11.276235
▁스위스	-11.276264
▁을하거나	-11.276488
업적	-11.276570
▁이방인	-11.276620
▁고민	-11.276647
▁이라고예언	-11.276652
▁이거의	-11.276678
ine	-11.276872
▁권력	-11.276872
▁오디오	-11.276966
▁를끊	-11.276994
함이라	-11.277039
문자	-11.277062
하긴	-11.277088
▁맥스	-11.277126
▁되요	-11.277129
소송	-11.277275
▁세된	-11.277312
▁협력	-11.277404
시초	-11.277774
▁를드리	-11.277891
▁에게사랑	-11.277971
▁돌아왔	-11.278067
▁딴	-11.278098
▁보여주는	-11.278128
두번째	-11.278179
▁의장로	-11.278199
▁형태로	-11.278350
지못하고	-11.278602
해진	-11.278619
▁중이	-11.278760
▁영화를	-11.278781
▁어미	-11.278814
하든	-11.278991
▁할수있는지	-11.279013
▁을줄	-11.279128
▁견	-11.279486
▁너네	-11.279490
스는	-11.279504
▁출애굽	-11.279521
신다면	-11.279560
▁하였던것	-11.279626
비극적	-11.279669
일주일	-11.279803
▁얻는	-11.279819
누이	-11.279845
▁올해	-11.280064
▁감독	-11.280089
오기	-11.280335
▁자기야	-11.280404
▁약을	-11.280422
보았습니다	-11.280426
성급	-11.280426
온통	-11.280481
▁시절	-11.280747
열정적	-11.280758
노스	-11.280941
으러	-11.281062
▁을타고	-11.281163
▁공평	-11.281220
▁컵	-11.281446
▁강조	-11.281467
▁20,	-11.281772
모방	-11.281897
▁다음은	-11.281999
▁한잔	-11.282043
곤경	-11.282176
▁백성들을	-11.282255
▁을택하	-11.282426
비유적	-11.282518
▁같군요	-11.282652
투자	-11.282718
▁상징	-11.282727
▁의성	-11.282752
훈	-11.282855
▁하고는	-11.282965
▁강력	-11.283217
이므로	-11.283228
▁확대	-11.283329
점진적	-11.283421
▁을제어	-11.283435
▁모르겠네요	-11.283450
▁의은혜	-11.283465
▁길에	-11.283640
정치가	-11.283949
하시니	-11.283961
▁전체를	-11.284038
▁그밖	-11.284051
고있는데	-11.284101
▁천사들이	-11.284151
▁my	-11.284181
는거죠	-11.284205
▁이가득	-11.284303
▁겨울	-11.284368
우유	-11.284424
도록허락	-11.284519
▁님은	-11.284530
다보니	-11.284626
드린	-11.284675
▁조합	-11.284702
▁사마리아	-11.284704
▁동일한	-11.285028
▁오른쪽으로	-11.285359
한가지이유	-11.285373
시체	-11.285383
▁께드리는	-11.285484
밀어	-11.285555
▁그렇게하여	-11.285591
▁지하	-11.285693
선박	-11.285783
퀴	-11.285796
확립	-11.285909
주는일	-11.285973
동배	-11.286033
▁과행동	-11.286304
▁분배	-11.286337
▁의동기	-11.286419
호별방문	-11.286703
연령	-11.286726
즉각적	-11.286963
제대로	-11.287077
▁가지는	-11.287147
▁있으나	-11.287249
운명	-11.287354
점이	-11.287365
▁이생각	-11.287406
▁경우는	-11.287426
▁따로	-11.287445
▁이들에게	-11.287460
▁노래를	-11.287560
는그	-11.287612
▁만으로도	-11.287643
논리적	-11.287730
▁넘어가	-11.287751
▁22,	-11.287754
하지않고	-11.287772
▁비타민	-11.287840
졸업	-11.287857
무늬	-11.287882
▁하는면	-11.287889
▁의청소년	-11.287900
분류	-11.287993
▁를선택	-11.288080
법률	-11.288081
▁프	-11.288501
man	-11.288592
▁갈게	-11.288618
변호	-11.288634
무가치	-11.288782
▁그로	-11.288837
▁친구들이	-11.288885
▁받은사람	-11.288978
▁의관점	-11.288980
▁쳐다보	-11.289042
이뇨	-11.289058
▁을높이	-11.289130
거다	-11.289245
쓸모	-11.289437
▁들중하나	-11.289474
오늘날우리	-11.289510
님의	-11.289906
▁무거운	-11.290208
수있었다	-11.290500
서는안된다	-11.290561
▁의공격	-11.290651
▁먹지	-11.290766
열거	-11.290839
테니	-11.290988
▁양식	-11.291034
▁정책	-11.291462
▁이불	-11.291853
룻	-11.291915
지않을	-11.292091
애통	-11.292104
곤하였다	-11.292124
▁존재합니다	-11.292163
▁삽입	-11.292371
▁감옥에	-11.292374
▁재미있는	-11.292500
▁을하지않	-11.292552
▁얼굴에	-11.292634
▁이넘	-11.292643
▁의질	-11.292760
▁단어를	-11.292830
▁의성품	-11.292882
▁십대	-11.292947
▁되기전	-11.292949
art	-11.292974
▁하심이라	-11.293018
▁따르지	-11.293056
갈것	-11.293099
▁스포츠	-11.293165
▁젊은이	-11.293191
▁는항상	-11.293197
▁해야하는가	-11.293212
줬어요	-11.293216
수반	-11.293282
절도	-11.293293
정녕	-11.293498
▁Re	-11.293880
▁날개	-11.293887
▁에당신	-11.294050
▁을하고있	-11.294065
그리고그	-11.294187
▁리라	-11.294283
느라	-11.294349
▁사용하면	-11.294463
서를	-11.294499
▁청중	-11.294526
▁하고도	-11.294592
거북	-11.294620
▁영원한	-11.294623
▁끊어	-11.294722
▁되자	-11.294753
다른것	-11.294769
▁오라	-11.294797
▁사물	-11.294974
할머니	-11.295025
▁빚	-11.295058
▁은그렇게	-11.295427
그자체	-11.295457
▁49	-11.295612
▁찾지	-11.295712
휴가	-11.295715
빠	-11.295771
유능	-11.295827
▁구하	-11.295851
▁가실제	-11.295855
어렵	-11.295913
▁는아버지	-11.295938
▁위대	-11.295987
이군요	-11.296114
포도나무	-11.296244
▁현명	-11.296270
러스	-11.296329
▁는언제나	-11.296355
견고	-11.296390
이따금	-11.296552
더중요	-11.296866
▁꼬마	-11.296899
이기심	-11.296968
▁에스더	-11.297144
각기	-11.297189
책임자	-11.297275
수녀	-11.297360
▁출신	-11.297387
ma	-11.297574
▁의작은	-11.297580
▁에빠져	-11.297684
▁듣기	-11.297722
▁잃	-11.297723
▁비트	-11.297837
▁말하니	-11.297929
▁해준	-11.298029
▁이새	-11.298050
▁인증	-11.298077
ce	-11.298102
▁베드로후	-11.298247
임금	-11.298279
▁못합니다	-11.298454
▁전쟁을	-11.298911
음성	-11.299047
이었다	-11.299266
문구	-11.299286
그런사람	-11.299342
흡수	-11.299440
▁가져다	-11.299858
▁가약	-11.299874
▁작용	-11.299919
조류	-11.300072
▁의장래	-11.300082
틸	-11.300282
천만	-11.300430
▁엄마를	-11.300463
▁물러서	-11.300467
▁루시어스	-11.300477
섭	-11.300666
▁되었다고	-11.300713
▁이예언	-11.300975
▁의신분	-11.301097
▁26.	-11.301126
▁예증	-11.301174
일러	-11.301320
▁예측	-11.301405
▁를통해서	-11.301412
▁에대해생각	-11.301467
▁을불러	-11.301531
철도	-11.301589
▁이될수있는	-11.301838
▁우상을	-11.301992
▁예배	-11.301999
유형	-11.302186
평등	-11.302214
나마	-11.302238
▁만일그	-11.302367
상관	-11.302449
불만	-11.302450
▁불리	-11.302558
소재	-11.302609
지중해	-11.302686
서가아니라	-11.302967
▁저지른	-11.303068
했던것	-11.303122
▁그러나그러한	-11.303138
지않으면안됩니다	-11.303269
▁장비	-11.303287
▁1988	-11.303576
들어보	-11.303663
▁접속	-11.303708
▁을찬양	-11.303792
▁너희들이	-11.303840
▁하고나서	-11.304032
▁시작하는	-11.304050
▁한축복	-11.304093
▁을입은	-11.304291
▁윈	-11.304295
▁없네	-11.304351
▁이아주	-11.304371
▁하신바	-11.304398
▁폐하	-11.304436
▁의시작	-11.304584
▁시켰습니다	-11.304632
▁그릴	-11.304687
▁얘기할	-11.304833
있었읍니까	-11.304914
현실적	-11.304942
est	-11.304998
▁다운로드	-11.304998
▁보스	-11.305334
▁가있는데	-11.305340
▁을알게되	-11.305380
▁갑니다	-11.305417
▁56	-11.305775
있지않다	-11.305857
▁결과는	-11.305928
▁식당	-11.305977
타격	-11.306051
들리	-11.306068
▁애를	-11.306297
▁미래를	-11.306298
▁이결코	-11.306310
▁끌	-11.306482
대접	-11.306650
드레	-11.306664
아스	-11.306708
▁발명	-11.306744
▁지워	-11.306767
▁1)	-11.306947
▁거울	-11.306963
▁심각	-11.307023
장막	-11.307031
있다는것	-11.307153
궤	-11.307174
▁정확하게	-11.307223
▁을받습니다	-11.307311
도와달라고	-11.307311
암컷	-11.307427
완화	-11.307444
미화	-11.307521
▁화성	-11.307646
▁이리와	-11.307790
국적	-11.307913
맞는	-11.307993
왔어	-11.308057
▁1986	-11.308086
▁중이야	-11.308154
▁입장	-11.308273
시는분	-11.308449
보충	-11.308539
▁이용해서	-11.308764
▁테니까	-11.308863
여깁니다	-11.309055
건너	-11.309108
ho	-11.309381
▁여성이	-11.309445
▁을치료	-11.309551
▁를죽이	-11.309691
대치	-11.309717
▁층더	-11.309805
바치는	-11.310037
주권	-11.310037
소망	-11.310045
소책자	-11.310080
돔	-11.310138
▁되어있었다	-11.310161
하셨읍니다	-11.310468
무지	-11.310472
어린시절	-11.310570
게만들	-11.310733
▁설득	-11.310744
▁조상	-11.310832
개혁	-11.310951
▁불이	-11.310979
당황	-11.311059
뉴욕타임스	-11.311118
해지는	-11.311119
알게되	-11.311208
으로는	-11.311300
all	-11.311388
▁법정	-11.311492
보도록	-11.311764
▁자기를	-11.311816
▁로도	-11.311931
그레	-11.312027
▁디도	-11.312032
▁을허용	-11.312096
▁붉은	-11.312209
약품	-11.312230
게할것	-11.312376
▁27.	-11.312408
보냈다	-11.312461
▁심한	-11.312787
수없습니다	-11.312808
즈음	-11.312822
▁일어나서	-11.312881
▁둘러	-11.313068
▁의욕망	-11.313072
▁은틀림	-11.313082
▁거리를	-11.313119
▁마실	-11.313186
이상적	-11.313224
동료인간	-11.313358
▁원수	-11.313401
▁은마음	-11.313436
▁활용	-11.313629
어려울	-11.313903
▁방정식을	-11.313928
▁에사망	-11.313951
▁하나님에	-11.313982
▁의음성	-11.313992
▁개미	-11.314009
하소서	-11.314029
단장	-11.314037
잠재력	-11.314054
▁"%	-11.314174
학년	-11.314190
▁센터	-11.314243
을뿐아니라	-11.314295
해줍니다	-11.314322
드리는	-11.314326
▁한생각	-11.314356
▁교직자	-11.314390
▁st	-11.314498
광대	-11.314664
▁알지만	-11.314766
▁모양이	-11.314818
ers	-11.314856
상업	-11.314878
도둑	-11.315037
▁을이루는	-11.315099
▁의지배	-11.315150
칙	-11.315219
쟁	-11.315316
각사람	-11.315358
피아	-11.315406
▁은없다	-11.315419
▁은하나	-11.315567
의미심장	-11.315599
▁을나타내고	-11.315609
살아있	-11.315677
날때	-11.315704
이르기	-11.315716
▁옳	-11.315894
딱	-11.315901
솔선	-11.316007
▁살아남	-11.316111
▁이끌	-11.316126
▁뿐이에요	-11.316218
계몽	-11.316389
▁아버지를	-11.316391
▁농부	-11.316742
▁무언가	-11.316880
▁정확한	-11.317044
▁못해요	-11.317263
▁을좋아	-11.317369
하듯	-11.317412
보려고	-11.317521
▁에서이렇게	-11.317596
▁은회중	-11.317689
▁간단히	-11.317698
▁되겠네요	-11.317711
▁과아내	-11.317742
▁아픈	-11.317936
▁겁니까	-11.318063
▁마시고	-11.318404
▁브리	-11.318449
며칠	-11.318453
분만	-11.318557
펄	-11.318716
▁충격	-11.318774
▁농장	-11.318820
▁기다리는	-11.318874
행함	-11.318941
▁에처음	-11.318996
▁알림	-11.319057
활력	-11.319077
▁에게자기	-11.319498
▁로운일	-11.319543
▁사악함	-11.319817
하와	-11.319915
▁밝히	-11.319962
▁오락	-11.319965
▁물리	-11.319996
양떼	-11.320062
대통령	-11.320241
장난감	-11.320242
▁힘들어	-11.320255
▁을줄이	-11.320327
▁염소	-11.320337
놓았다	-11.320343
무게	-11.320353
▁기능을	-11.320487
▁을뜻	-11.320589
▁다운	-11.320756
▁창조한	-11.320912
▁지속	-11.320933
▁느끼	-11.321028
금지령	-11.321113
깎	-11.321162
▁평	-11.321215
위엄	-11.321275
발굴	-11.321312
결핵	-11.321366
▁도하였습니다	-11.321566
▁원인	-11.321652
세상적	-11.321682
▁소프트웨어	-11.321841
▁로버트	-11.321856
▁마라	-11.322248
▁과나	-11.322295
▁우연	-11.322314
텐	-11.322375
ex	-11.322524
나치	-11.322630
성숙	-11.322694
찌르	-11.322728
▁모두는	-11.322785
▁의큰	-11.322896
머무	-11.322961
▁의시대	-11.322983
▁줘요	-11.323041
았고	-11.323298
▁에서그분	-11.323311
장교	-11.323337
의로운사람	-11.323555
다니면서	-11.323583
▁상수	-11.323674
▁호스트	-11.323832
▁가지게	-11.323968
▁중에는	-11.324001
▁봤을	-11.324011
없었다	-11.324068
▁테이프	-11.324423
▁족장	-11.324446
까진	-11.324454
▁을아는것	-11.324513
▁에게전파	-11.324526
보단	-11.324597
▁매니	-11.324629
▁주말	-11.324659
▁not	-11.324675
다스리는	-11.324858
▁아버지의	-11.324863
집주인	-11.324897
▁해야하며	-11.324970
을거야	-11.325154
▁을갖춘	-11.325208
▁즐거움	-11.325247
갔는데	-11.325343
관광	-11.325375
모든민족	-11.325389
열차	-11.325481
▁더러운	-11.325546
▁앗수르	-11.325565
독재	-11.325665
▁을맞	-11.325716
▁이영적	-11.326048
▁떨어졌	-11.326096
및기타	-11.326097
기상	-11.326203
▁식품	-11.326215
벧엘	-11.326274
▁하나만	-11.326370
유대교	-11.326431
▁의사가	-11.326574
▁평행	-11.326696
▁를표	-11.326751
▁기술이	-11.326837
▁한영적	-11.326851
고있기때문	-11.327011
이로다	-11.327024
▁카라	-11.327193
연로자	-11.327480
마태복음	-11.327840
▁하나님으로부터	-11.327888
▁챙겨	-11.327978
시간동안	-11.328167
▁용기	-11.328211
▁땅이	-11.328251
▁주로	-11.328358
▁변환	-11.328439
▁나면	-11.328605
▁은미국	-11.328672
비웃	-11.328721
▁분류	-11.328815
▁자선	-11.329114
고싶어하는	-11.329309
▁차가	-11.329345
외로움	-11.329528
두루	-11.329550
걸음	-11.329581
▁명예	-11.329655
▁동영상	-11.329846
▁한쪽	-11.329878
테니까	-11.329957
시합	-11.330019
껍질	-11.330063
출현	-11.330121
수분	-11.330313
바나	-11.330550
ph	-11.330599
▁하시어	-11.330718
▁있었는지	-11.330983
공화국	-11.331128
▁64	-11.331594
끊	-11.331600
▁암호	-11.331655
마비	-11.331741
▁확보	-11.331819
▁를만들어	-11.331884
쉽습니다	-11.331905
게되는것	-11.332408
▁씻	-11.332500
▁잠시만	-11.332525
▁된때	-11.332695
▁e	-11.332721
▁을일으키는	-11.332785
▁걸까요	-11.332823
봐야	-11.333155
▁불과하	-11.333515
▁미래에	-11.333539
▁모르고	-11.333578
▁치않	-11.333792
▁이있어	-11.333841
▁가있으며	-11.333899
▁탓	-11.334008
▁의행위	-11.334134
띠	-11.334191
▁방정식	-11.334273
시기때문	-11.334319
결정적	-11.334417
영상	-11.334651
▁도여호와	-11.334758
▁짐을	-11.334782
▁만들지	-11.334805
살펴볼	-11.335022
▁어깨	-11.335076
악행	-11.335180
으면서도	-11.335184
▁아가	-11.335222
▁을받고있다	-11.335382
▁근무	-11.335393
한나라	-11.335423
▁정보가	-11.335484
오해	-11.335554
▁신장	-11.335592
▁보내기	-11.335952
▁개선	-11.336023
즐겼	-11.336040
물론	-11.336269
▁스럽	-11.336316
무죄	-11.336600
지않음	-11.336699
▁에까지	-11.336753
살아가는	-11.336999
▁하고있는가	-11.337157
▁가누구	-11.337210
▁가너무	-11.337213
봤어	-11.337233
우연	-11.337276
▁있니	-11.337305
▁빌려	-11.337421
듭니다	-11.337481
▁을미워하	-11.337544
▁은아니지만	-11.337590
▁그래서나	-11.337633
▁하지않는것	-11.337634
400	-11.337746
여겼	-11.337866
▁이더욱	-11.337915
▁확실한	-11.337923
▁되어있었습니다	-11.338031
확대	-11.338084
춰	-11.338117
참종교	-11.338152
▁가예수	-11.338397
▁뭐라고요	-11.338494
주의적	-11.338759
천막	-11.338853
▁URL	-11.338873
▁한사건	-11.339025
드러나	-11.339041
▁않겠	-11.339135
박물관	-11.339135
▁끝날	-11.339405
알려져있	-11.339578
▁열조	-11.339747
▁저리	-11.339799
도르	-11.339817
▁내내	-11.339820
▁호흡	-11.339895
▁소금	-11.339947
▁은하	-11.340025
▁아니었	-11.340038
▁지식을	-11.340106
▁트레이	-11.340137
톱	-11.340182
헨	-11.340195
▁가다시	-11.340256
리나	-11.340423
세부점	-11.340450
ne	-11.340481
사흘	-11.340489
겠나	-11.340664
아가	-11.340664
▁읽기	-11.340755
▁을바꾸	-11.340792
나님은	-11.340838
간의	-11.340878
나왔다	-11.340879
부르크	-11.340890
▁못하느뇨	-11.340919
▁추측	-11.341091
▁돌아가서	-11.341239
ve	-11.341405
▁이해하는	-11.341466
▁의원칙	-11.341588
▁실험실	-11.341647
▁때에는	-11.341863
지않겠는가	-11.341868
▁상태로	-11.341958
난폭	-11.342016
▁신사	-11.342140
▁뭐요	-11.342192
▁만으로는	-11.342328
per	-11.342388
▁이라고한다	-11.342405
▁은총	-11.342448
▁이현재	-11.342457
▁에띄	-11.342570
▁이있을때	-11.342630
다투	-11.342659
▁자고	-11.342689
만드신	-11.342737
▁와우	-11.342853
▁가한	-11.342868
가르칠	-11.343041
▁무게	-11.343088
▁년오순절	-11.343117
▁매번	-11.343123
▁당연	-11.343266
▁누구든	-11.343274
▁될까	-11.343442
뮤	-11.343582
▁에서유래	-11.343615
▁치않은	-11.343630
잠깐	-11.343932
▁53	-11.343956
셨나요	-11.344127
▁$	-11.344188
▁살리	-11.344240
오면	-11.344433
▁얼굴이	-11.344501
미친	-11.344625
품위	-11.344675
리우스	-11.344733
▁친구를	-11.344755
신화	-11.344810
참하나님	-11.344854
지모르지만	-11.344919
▁거대	-11.344994
▁않으	-11.344994
▁배치	-11.345023
▁를돕	-11.345035
▁을하여	-11.345110
BAR	-11.345199
▁개를	-11.345245
▁시킬수있는	-11.345255
운하	-11.345266
되풀이	-11.345269
▁누굴	-11.345287
▁스테	-11.345402
▁조용	-11.345534
주간	-11.345654
▁정지	-11.345689
▁에속해있	-11.345745
아요	-11.345819
▁에있을때	-11.345881
▁강도	-11.345883
되었을	-11.345982
숙고	-11.346048
지못합니다	-11.346055
▁한반응	-11.346110
장에	-11.346205
▁그러나예수	-11.346318
00	-11.346369
▁의미하는	-11.346429
▁를가지고있다	-11.346545
버그	-11.346652
지는것	-11.346704
주십시오	-11.346950
큰도움	-11.347028
▁첨부	-11.347047
지고있다	-11.347197
▁즐거운	-11.347224
▁못했	-11.347257
▁늙은	-11.347359
▁어떨까요	-11.347540
▁모르지	-11.347953
▁스럽고	-11.348106
권합니다	-11.348135
모독	-11.348164
떠오르	-11.348222
있다는사실	-11.348223
▁싶으면	-11.348404
는느낌	-11.349078
거민	-11.349125
▁옮기	-11.349194
▁의행로	-11.349284
잡아	-11.349395
▁de	-11.349562
▁빨	-11.349655
▁태어나	-11.349697
▁죄악을	-11.349705
▁멜	-11.349913
▁되었을	-11.349922
지않다	-11.349933
▁갓	-11.350065
▁죽고	-11.350116
산호	-11.350175
▁가어떤	-11.350228
▁한부분	-11.350275
▁환자를	-11.350654
▁을볼수있	-11.350742
▁기쁘게	-11.350807
아빠	-11.351243
감시	-11.351281
os	-11.351307
▁원치	-11.351317
▁을훈련	-11.351503
농작물	-11.351577
타임스	-11.351650
▁계단	-11.351689
거니와	-11.351821
클리	-11.352056
는본지	-11.352058
마취	-11.352284
▁에대한하느님	-11.352297
▁똑같	-11.352402
▁움직일	-11.352448
▁물론이죠	-11.352508
▁불어	-11.352585
▁끝이	-11.352785
▁가참으로	-11.352802
▁이라고믿	-11.352826
▁라고그	-11.352956
전진	-11.352961
▁풍	-11.353136
▁한친절	-11.353220
▁나옵니다	-11.353282
왕좌	-11.353385
▁할수있는이유	-11.353579
▁군사	-11.353637
▁800	-11.353840
▁빠진	-11.353883
▁년이후	-11.353889
▁교도소	-11.353969
▁밭	-11.354381
▁학교에서	-11.354413
▁원소	-11.354599
치아	-11.354633
이른바	-11.354762
틀리	-11.354952
젊은여자	-11.355073
▁행사	-11.355239
▁지나가	-11.355276
은즉	-11.355329
▁한존재	-11.355407
▁웨	-11.355557
고있다고	-11.355561
▁이그것	-11.355598
위선	-11.355834
있거나	-11.355868
듣는사람	-11.355890
넘겨	-11.355972
▁말하노라	-11.356013
▁찰스	-11.356299
▁을누릴	-11.356315
하마	-11.356424
▁길르앗	-11.356570
▁목숨	-11.356605
작가	-11.356767
▁하게되어	-11.356858
▁마리화나	-11.356921
과장	-11.356943
▁길이가	-11.356997
▁허가	-11.357083
쓰는	-11.357098
▁문이	-11.357099
▁의이야기	-11.357113
▁일부를	-11.357206
▁에성서	-11.357370
현장	-11.357393
시요	-11.357404
▁에대한책임	-11.357530
▁알려진	-11.357575
▁×	-11.357727
깔	-11.357755
▁교훈을	-11.357780
▁되기시작	-11.358013
▁은성경	-11.358073
▁과부	-11.358107
▁으로그분	-11.358211
▁하는문제	-11.358274
▁물어봐	-11.358294
서식지	-11.358331
함과	-11.358361
털어놓	-11.358399
▁모르겠	-11.358546
공상	-11.358685
거주자	-11.358718
겉	-11.358775
더라면	-11.358814
▁을소유	-11.358870
▁은세계	-11.358901
재판관	-11.358975
연구생	-11.359125
존속	-11.359222
비극	-11.359548
▁유전	-11.359551
▁아니예요	-11.359608
▁사용하여	-11.359767
▁보실	-11.359900
▁빠르	-11.360023
는의미	-11.360155
▁군대를	-11.360295
▁기억이	-11.360388
▁집합	-11.360457
폭포	-11.360467
▁롤	-11.360513
▁전역	-11.360548
가져올	-11.360551
▁어렸을	-11.360691
견디	-11.360708
경멸	-11.360871
흐르	-11.361100
▁의정확	-11.361152
▁(「	-11.361156
돋	-11.361230
이끌	-11.361431
▁때면	-11.361612
하이	-11.361672
▁의미가	-11.361764
▁드는	-11.361798
▁을전달	-11.361830
▁종양	-11.361872
▁했다면	-11.362271
는데필요	-11.362437
전염	-11.362468
▁노출	-11.362500
증진	-11.362780
▁빌리	-11.362803
▁딸을	-11.362851
Q	-11.363399
스의	-11.363475
가며	-11.363483
▁지시	-11.363623
날씨	-11.363723
라이트	-11.363730
보편적	-11.363750
▁주실	-11.363778
아픈	-11.363805
▁을받은사람	-11.364103
▁루시퍼	-11.364337
▁디스크	-11.364358
사고방식	-11.364404
▁지혜를	-11.364514
▁의그리스도인증인	-11.364641
음란물	-11.364644
▁둘다	-11.364912
기까지	-11.364944
꼽	-11.365858
▁코끼리	-11.365970
▁내세에서	-11.366005
▁나야	-11.366103
▁복이	-11.366304
▁해결할	-11.366374
▁피가	-11.366398
▁적절한	-11.366485
▁북부	-11.366529
나타내는	-11.366611
▁을가졌	-11.366827
▁짝	-11.366843
가혹	-11.366902
껴	-11.367045
▁를발전	-11.367182
세번	-11.367186
새겨	-11.367197
액체	-11.367317
▁가세상	-11.367325
▁정렬	-11.367564
한텐	-11.367661
▁한가정	-11.367808
▁토끼	-11.368045
▁의영향력	-11.368078
▁베푼	-11.368415
학문	-11.368475
▁의진정	-11.368507
흔한	-11.368526
학습	-11.368558
덤	-11.368587
▁고르	-11.368629
▁질투	-11.368649
빠져	-11.368979
믿는	-11.369021
그런것	-11.369095
치를	-11.369228
▁한언어	-11.369246
자로	-11.369448
는이렇게알려줍니다	-11.369596
▁에잘	-11.369665
구덩이	-11.369726
섬길	-11.369877
▁는어디	-11.369891
▁히스기야	-11.369919
하신말씀	-11.369930
▁이밝혀졌다	-11.370030
▁우리시대	-11.370122
▁닿	-11.370141
▁흥미롭	-11.370207
최	-11.370307
겔	-11.370342
▁마련	-11.370383
▁꽤나	-11.370425
에게도	-11.370506
에대한	-11.370611
▁양심	-11.370646
▁DVD	-11.370697
▁파블로	-11.370736
우며	-11.370918
▁을크게	-11.370948
옳은일	-11.371001
▁연구를	-11.371006
▁와안전	-11.371169
▁차이	-11.371375
건강문제	-11.371377
▁박스	-11.371571
▁인수	-11.371580
보았	-11.371657
▁장군	-11.371960
▁글자	-11.371987
▁여자친구	-11.371993
집안일	-11.372083
▁를끌	-11.372089
는길	-11.372277
흐르는	-11.372284
▁서로에게	-11.372391
오래참음	-11.372410
▁의교직자	-11.372858
▁걸쳐	-11.372915
▁이없이	-11.372990
▁콜롬비아	-11.372997
조부모	-11.372999
▁이것에	-11.373002
연간	-11.373083
▁말아	-11.373194
▁수단	-11.373224
비디오	-11.373230
현저	-11.373384
피곤	-11.373399
안심	-11.373419
▁중지	-11.373528
▁에필요	-11.373569
▁하늘을	-11.373679
권능	-11.373713
to	-11.373759
지않은것	-11.373762
톨	-11.373832
▁의종결	-11.374010
시골	-11.374012
▁사건이	-11.374031
▁태그	-11.374155
▁과성서연구	-11.374310
파티	-11.374331
▁에대한여호와	-11.374352
▁잘라	-11.374355
모형	-11.374382
처소	-11.374417
▁을생산	-11.374490
나타난다	-11.374742
▁도박	-11.374838
안내	-11.374956
▁은항상	-11.375170
▁사전	-11.375270
▁가상	-11.375313
▁가사는	-11.375332
300	-11.375397
▁인물	-11.375415
프트	-11.375433
실과	-11.375510
▁사이에서	-11.375512
지팡이	-11.375525
▁숨기	-11.375554
ac	-11.375574
아홉	-11.375581
고지적	-11.375629
애쓰	-11.375678
게되며	-11.375687
▁를지키	-11.375802
▁을참으로	-11.375884
▁동기	-11.376038
유사	-11.376188
▁앙	-11.376222
▁볼까요	-11.376274
▁있단	-11.376728
야생동물	-11.376776
나누어	-11.377009
▁에서발행	-11.377131
으니라	-11.377237
좌석	-11.377277
진주	-11.377289
▁이스라엘사람	-11.377325
▁하지않다	-11.377477
▁의남은자	-11.377579
헤르	-11.377649
천문학자	-11.377682
▁의성서	-11.377756
▁를전	-11.377975
▁약물	-11.378118
▁한종류	-11.378145
▁우리한테	-11.378161
들아	-11.378219
▁말했어요	-11.378263
압도	-11.378324
▁메모리	-11.378351
캔	-11.378505
▁외국	-11.378707
▁상태가	-11.378713
에만	-11.378739
개성	-11.378811
▁에전파	-11.378837
▁의보호	-11.378994
▁뜻을	-11.379164
다는말	-11.379166
륙	-11.379193
▁보시는	-11.379196
있으면서	-11.379382
▁은대단	-11.379533
▁께서는이	-11.379589
▁해주기	-11.379602
▁느끼는	-11.379661
▁만물	-11.379782
▁의절반	-11.379873
▁해야한다고	-11.380065
▁얼마안있어	-11.380107
▁불의	-11.380136
그다지	-11.380365
게되었으며	-11.380410
가까워	-11.380435
▁것이지요	-11.380438
신장	-11.380590
▁의편	-11.380737
후원	-11.380741
▁사람으로	-11.380872
효율적	-11.380887
▁같아서	-11.380909
심장병	-11.380946
▁토록	-11.380959
이와같은	-11.380973
▁나와서	-11.381065
▁예전에	-11.381065
▁둬	-11.381124
▁바라보	-11.381260
▁이과연	-11.381498
▁되니라	-11.381691
▁은더욱	-11.382047
▁디지털	-11.382079
렘	-11.382079
컴	-11.382080
▁방식을	-11.382132
▁아르	-11.382163
영위	-11.382172
▁숨겨	-11.382321
▁왕을	-11.382458
▁무릎	-11.382467
▁에약	-11.382479
위원	-11.382522
교환	-11.382897
창문	-11.382902
▁를하였다	-11.382942
▁사방	-11.383046
▁막대	-11.383078
▁을보여	-11.383231
▁동쪽	-11.383262
아마겟돈	-11.383400
▁를받았	-11.383514
▁붙어	-11.383696
▁1;	-11.383871
양쪽	-11.383963
▁사람들도	-11.384067
▁지우	-11.384141
내포	-11.384393
▁가짜	-11.384410
▁은아직도	-11.384500
고는	-11.384548
▁식이	-11.384643
도래	-11.384692
다가오	-11.384759
역경	-11.384831
▁많은경우	-11.384931
▁처음부터	-11.384989
▁자들과	-11.384992
이전어느때	-11.385154
100	-11.385204
재빨리	-11.385297
쉽사리	-11.385404
모를	-11.385418
한편	-11.385504
더라고요	-11.385518
▁과학적	-11.385573
▁파악	-11.385584
▁영감	-11.385592
▁들어갔	-11.385682
부가적	-11.385843
▁에무엇	-11.385903
▁에도그	-11.385934
▁250	-11.385976
▁집어	-11.385976
▁패턴	-11.385994
▁을느낄	-11.386034
▁분들이	-11.386202
▁를원하는	-11.386405
하였나이다	-11.386496
\	-11.386973
같았다	-11.386998
▁를바랍니다	-11.387000
해져	-11.387021
하시오	-11.387132
오는것	-11.387254
새질서	-11.387257
▁투명	-11.387293
있지않	-11.387300
▁신의	-11.387522
있어야한다	-11.387580
▁이르게	-11.387629
▁수상	-11.387856
임재	-11.387911
여긴다	-11.387966
뜯	-11.388137
▁빨간	-11.388230
▁보험	-11.388337
▁는영적	-11.388363
▁을입고	-11.388375
들한테	-11.388416
제가	-11.388421
▁댄	-11.388668
▁판결	-11.388813
일어난	-11.388849
▁가없었습니다	-11.388917
▁볼게요	-11.388932
▁을대표	-11.388935
▁에서계속	-11.389075
▁자손의	-11.389194
▁남자를	-11.389220
물어	-11.389295
▁나눈	-11.389296
새하늘	-11.389312
▁않는다는	-11.389350
단한	-11.389356
vi	-11.389528
하고있는	-11.389614
▁그치만	-11.389728
해주세요	-11.389770
고있는사람	-11.389826
재해	-11.389923
▁자꾸	-11.389984
▁당할	-11.389987
지않는사람	-11.389988
▁아이들에게	-11.390002
릴것	-11.390374
가방	-11.390424
▁을그만	-11.390471
리이까	-11.390558
▁채워	-11.390591
무시무시	-11.390872
▁되지않는다	-11.391000
인을	-11.391021
회전	-11.391031
▁괴	-11.391033
미련	-11.391041
▁을알수있	-11.391284
▁메시야	-11.391316
▁어른	-11.391824
▁맥주	-11.391857
▁소스	-11.391912
얹	-11.391940
해지고	-11.391989
▁삶이	-11.392037
도둑질	-11.392079
여왕	-11.392084
받지	-11.392273
▁왼쪽으로	-11.392307
다스릴	-11.392539
▁의또다른	-11.392631
동등	-11.392723
▁가그러한	-11.392770
▁분열	-11.392903
▁일수있습니다	-11.392967
속에서	-11.393089
문의	-11.393130
▁사항	-11.393335
▁강요	-11.393408
▁찍은	-11.393437
▁을알수있습니다	-11.393490
치며	-11.393550
제사	-11.393574
좌절감	-11.393637
▁속죄	-11.393742
▁벧엘	-11.393751
다니며	-11.393755
쫓아	-11.393785
게될수있다	-11.393921
간섭	-11.394064
▁를가져오	-11.394177
▁보여요	-11.394207
▁는모든	-11.394298
다릅니다	-11.394411
▁증상	-11.394720
▁에게성서	-11.394795
▁한번도	-11.394956
되었어요	-11.394999
하는게	-11.395004
그물	-11.395330
댄	-11.395411
24	-11.395547
▁을받은것	-11.395779
했기때문	-11.395919
▁돕	-11.395947
ian	-11.396041
보냈	-11.396194
▁더하여	-11.396228
고용인	-11.396251
▁연속	-11.396394
때로는	-11.396486
토지	-11.396518
▁람	-11.396555
▁의질문	-11.396601
▁에매우	-11.396646
▁의노래	-11.396704
자기아내	-11.396728
▁핸드폰	-11.396755
▁을움직	-11.396784
시리라	-11.396791
스와	-11.396838
▁미쳤	-11.396879
▁에달려있	-11.396888
열정	-11.397045
▁이들어	-11.397086
▁공동	-11.397161
감금	-11.397425
▁대지를	-11.397517
들어온	-11.397541
수명	-11.397690
흘리	-11.397912
▁나라를	-11.398089
소장	-11.398096
표지	-11.398099
▁있거든	-11.398146
실재	-11.398177
▁아기를	-11.398214
▁엘리사	-11.398214
▁누르면	-11.398223
▁얘기하고	-11.398297
▁끝까지	-11.398368
▁혈관	-11.398429
▁여자애	-11.398432
화목	-11.398549
▁안타깝게도	-11.398568
험난	-11.398694
르트	-11.398748
▁분이시라	-11.398759
▁복잡	-11.398761
▁당하는	-11.398776
▁관계가	-11.398986
▁18,	-11.399086
▁말이다	-11.399126
있지	-11.399169
▁이사랑	-11.399243
▁학생들	-11.399254
▁해두	-11.399334
▁말하기	-11.399434
▁한그	-11.399475
▁요한첫째	-11.399573
▁적응	-11.399591
고말았다	-11.399614
해봐	-11.399630
내적	-11.399716
▁의인	-11.399764
▁그것들이	-11.399801
배울	-11.399803
▁의지상	-11.399841
요약	-11.400039
미치	-11.400049
▁준비해	-11.400066
▁말해야	-11.400073
▁방법입니다	-11.400084
▁이그리스도	-11.400131
▁의위치	-11.400196
답변	-11.400197
▁되는가	-11.400261
17	-11.400396
▁바이	-11.400399
▁는미국	-11.400410
산화	-11.400469
▁숨어	-11.400508
▁의탄생	-11.400523
평안	-11.400599
고하였다	-11.400913
내버려두	-11.400918
▁의견을	-11.400966
▁이왕국	-11.400983
▁죄악이	-11.401004
▁의자비	-11.401008
목재	-11.401061
호응	-11.401331
관점	-11.401335
멸절	-11.401439
▁맞다	-11.401543
▁되지않는	-11.401635
▁다이아몬드	-11.401643
튜	-11.401659
하늘왕국	-11.401718
하겠지만	-11.401778
함으로써	-11.401799
불어	-11.401894
형주	-11.402020
그사실	-11.402049
전념	-11.402160
▁과결혼	-11.402169
▁안전하게	-11.402297
지않았으며	-11.402346
다해도	-11.402349
▁것의	-11.402351
▁조종	-11.402386
ap	-11.402473
▁을쏟	-11.402596
엘리	-11.402841
▁을바로잡	-11.403176
맞이	-11.403185
▁삽	-11.403188
▁싫어요	-11.403293
게될수	-11.403445
면어떻게	-11.403451
덩이	-11.403454
둑	-11.403556
▁너희로	-11.403566
▁넘는	-11.403655
그렇지않다	-11.403688
쇠약	-11.403844
가로되	-11.404038
원이	-11.404157
▁과다른	-11.404195
▁라는책	-11.404320
▁되었지만	-11.404389
자세히	-11.404455
뿌려	-11.404483
경찰관	-11.404520
있는가	-11.404640
▁권리	-11.404645
▁실은	-11.404840
▁공의	-11.404921
▁은실로	-11.405032
▁혼자서	-11.405167
▁될지	-11.405172
널리퍼져있	-11.405251
옮겨	-11.405296
▁1971	-11.405304
어졌	-11.405357
▁최악의	-11.405403
▁지않아	-11.405441
▁상호	-11.405621
커피	-11.405714
송이	-11.405727
▁이른	-11.405730
▁넘겨	-11.405732
▁이런일	-11.406102
▁사촌	-11.406208
▁닭	-11.406229
▁먹었	-11.406254
문을	-11.406298
▁불안	-11.406424
돼지	-11.406434
▁지금부터	-11.406509
▁올림픽	-11.406662
▁그랬지	-11.406673
▁언	-11.406956
일어났	-11.406959
▁케하	-11.407006
▁보석	-11.407097
어두운	-11.407128
▁을잘알고있	-11.407165
▁기둥	-11.407259
▁목격	-11.407296
신념	-11.407402
▁모르겠다	-11.407423
폴리	-11.407706
▁키를	-11.408064
푸른	-11.408183
▁를삼	-11.408228
불구	-11.408461
▁가가장	-11.408507
▁공공	-11.408532
첩	-11.408536
관측	-11.408612
▁때부터	-11.408852
제명	-11.408930
▁에게편지	-11.408969
▁선지자들을	-11.409011
부합	-11.409206
▁소위	-11.409337
시력	-11.409348
근본	-11.409471
바쳐	-11.409480
이냐	-11.409500
지의	-11.409526
▁치고	-11.409541
▁그러나나	-11.409595
했느뇨	-11.409600
▁같았	-11.409628
▁원숭이	-11.409641
▁두지	-11.409739
▁한장소	-11.409858
▁를돌	-11.409916
▁큰무리	-11.409923
▁고맙다	-11.410059
더뇨	-11.410164
▁프린터	-11.410280
▁균형	-11.410357
▁과교제	-11.410365
▁아니하니	-11.410408
트럭	-11.410443
▁기울	-11.410484
외치	-11.410498
▁31.	-11.410519
소멸	-11.410689
추진	-11.410786
▁초록색	-11.410808
▁의지도자	-11.410847
▁을파괴	-11.410916
▁도아니	-11.411019
청각	-11.411038
▁까지계속	-11.411052
▁에게무슨	-11.411525
했나요	-11.411564
▁견고	-11.411597
▁관점	-11.411718
엄청나게	-11.412089
▁의위협	-11.412161
소형	-11.412200
▁을약속	-11.412224
본지	-11.412296
▁해리	-11.412354
▁설명할	-11.412365
▁이여러분	-11.412493
▁빠졌	-11.412514
중한	-11.412610
▁가끝나	-11.412702
▁바알	-11.413040
국가주의	-11.413289
고있다는것	-11.413319
▁을가질	-11.413373
사형	-11.413479
▁트위터	-11.413644
▁1987	-11.413754
드로	-11.413813
▁를막	-11.413820
표본	-11.413832
▁한남자	-11.413917
해준다	-11.413957
아리	-11.413979
▁금기	-11.413989
큰바벨론	-11.414094
▁비가	-11.414164
▁사라지	-11.414492
신선	-11.414580
▁변형	-11.414631
▁하게만들	-11.414766
일에	-11.414817
ag	-11.414824
▁밀어	-11.415437
▁했다는	-11.415443
셰	-11.415759
▁미국에서	-11.416156
고등학교	-11.416239
야겠다	-11.416380
할지모릅니다	-11.416522
▁이십	-11.416648
출혈	-11.416705
동작	-11.416817
부작용	-11.416844
▁의산	-11.416847
▁어떻	-11.416898
▁이제그	-11.416930
▁을할	-11.417020
획득	-11.417048
아테네	-11.417064
주시는	-11.417123
다른모든	-11.417143
▁초기그리스도인	-11.417225
▁발을	-11.417489
잠자리	-11.417558
기금	-11.417561
▁있거든요	-11.417696
▁마이	-11.417863
▁의체험담	-11.418174
▁짓는	-11.418301
▁하는거야	-11.418424
▁에처	-11.418763
co	-11.418835
▁으로침례	-11.418846
▁공통	-11.418938
▁와의관계	-11.419002
▁를기다리	-11.419089
반란	-11.419202
▁사람이야	-11.419309
▁봐봐	-11.419590
높다	-11.419703
▁싶어서	-11.419706
▁하니까	-11.419882
▁당신께서	-11.419985
our	-11.419995
불완전성	-11.419997
▁죽이는	-11.420013
▁학대	-11.420110
추억	-11.420593
난민	-11.420622
▁이있는지	-11.420660
▁됐습니다	-11.420759
▁의천	-11.420774
▁탑	-11.420978
속임수	-11.420987
▁(“	-11.420999
무려	-11.421058
▁천국에	-11.421064
마구	-11.421244
진동	-11.421271
몸무게	-11.421412
▁를할때	-11.421439
화된	-11.421458
소홀	-11.421516
예시	-11.421527
▁가세요	-11.421555
통신원기	-11.421584
▁묶	-11.421593
▁리처드	-11.421694
좋은일	-11.421714
▁를두	-11.421782
▁변화가	-11.421861
▁있겠지	-11.421871
단언	-11.421933
섬긴	-11.421985
맡겨	-11.422022
fe	-11.422093
능히	-11.422132
▁에잠	-11.422234
▁이번에는	-11.422256
소모	-11.422311
▁1930	-11.422349
▁을청	-11.422358
▁편안	-11.422378
▁무엇입니까	-11.422385
▁로마가톨릭	-11.422546
어스	-11.422595
하나하나	-11.422596
▁우울	-11.422619
죄책감	-11.422729
알코올	-11.422829
보겠습니다	-11.422836
성적부도덕	-11.422968
나타나는	-11.422975
똑같이	-11.423027
연관	-11.423104
▁택시	-11.423183
▁거잖아	-11.423216
▁인형	-11.423679
▁일으키	-11.423814
▁위성	-11.423892
▁New	-11.424057
▁프로젝트를	-11.424171
▁만나는	-11.424315
이모든	-11.424319
▁금속	-11.424324
▁보내고	-11.424389
축일	-11.424395
았던	-11.424438
원숭이	-11.424469
▁황제	-11.424697
은다음	-11.424940
동부	-11.425011
▁을상상	-11.425045
▁을다루	-11.425186
▁은언제	-11.425221
▁이거의없	-11.425258
▁칭찬	-11.425279
▁것인데	-11.425344
각종	-11.425446
퉁	-11.425481
▁이라는책	-11.425538
▁에걸친	-11.425540
▁하고자하는	-11.425568
인격체	-11.425665
국경	-11.425713
▁장막	-11.425722
▁No	-11.425805
▁그분에게	-11.425819
뉴욕	-11.425889
▁가있읍니까	-11.425931
▁주변에	-11.425934
장벽	-11.426000
▁그러다	-11.426016
근로자	-11.426050
08	-11.426130
공연	-11.426165
치게	-11.426168
▁의미래	-11.426212
▁에의지	-11.426482
교묘	-11.426635
▁을두고	-11.426706
▁내릴	-11.426741
▁처녀	-11.426753
여유	-11.426895
남기	-11.426949
순전	-11.427002
▁은믿음	-11.427021
▁숫자가	-11.427024
▁의지시	-11.427131
이니이다	-11.427138
▁휴대폰	-11.427238
어두움	-11.427249
▁의인생	-11.427645
업무	-11.427757
유발	-11.427772
▁이시다	-11.427996
▁이며그	-11.428009
▁쉽지	-11.428022
▁각기	-11.428058
▁머지않아	-11.428266
▁행복한	-11.428268
▁하지도않	-11.428280
▁고아	-11.428308
▁교통	-11.428356
▁은기원	-11.428427
▁판사	-11.428555
종말	-11.428567
음란	-11.428578
흡연자	-11.428581
▁개인적	-11.428617
▁가시	-11.428674
▁관용을	-11.428682
▁범죄자	-11.428729
깁니다	-11.428808
▁되어야한다	-11.428863
▁모르죠	-11.428868
▁를무시	-11.428874
허가	-11.429159
77	-11.429213
▁이없었습니다	-11.429261
▁억달러	-11.429280
▁앨리스	-11.429304
▁될수있습니다	-11.429341
구두	-11.429353
할지라도	-11.429396
▁싶은데	-11.429399
▁처음에	-11.429414
관념	-11.429418
오순절	-11.429459
▁공간을	-11.429460
계층	-11.429745
빼앗아	-11.429749
미혹	-11.429846
전염병	-11.429990
수십	-11.429996
엉	-11.430005
▁아시는	-11.430129
궤도	-11.430138
▁받는사람	-11.430182
▁자세	-11.430195
▁에관해말	-11.430352
보냈습니다	-11.430519
햄	-11.430665
경험담	-11.430818
▁은여호와하나님	-11.431152
▁이들을	-11.431178
▁토론	-11.431314
서서	-11.431535
우리가족	-11.431558
▁은아니	-11.431616
지못하였	-11.431632
파괴적	-11.431647
실에	-11.432010
긋	-11.432075
강렬	-11.432093
멋진	-11.432246
▁바닥에	-11.432279
징벌	-11.432332
▁에볼루션	-11.432384
▁으로하여금	-11.432416
셨는데	-11.432440
부대	-11.432473
▁파란색	-11.432486
쿠폰	-11.432581
대우	-11.432664
성에	-11.432773
▁남쪽	-11.432778
▁감지	-11.432818
턱	-11.433024
▁에게여호와	-11.433115
▁환영합니다	-11.433125
▁표정	-11.433129
▁헤어	-11.433211
▁빼면	-11.433226
하잖아요	-11.433344
가루	-11.433370
▁신고	-11.433372
덮	-11.433414
시청	-11.433426
▁속이	-11.433431
디오	-11.433496
▁고그	-11.433521
십자가	-11.433541
두려운	-11.433664
▁는없	-11.433671
대는	-11.433757
부서	-11.433788
하지말라	-11.433851
끝났	-11.433871
▁머리가	-11.433981
▁확인할	-11.433998
바빌로니아	-11.434105
▁문명	-11.434211
▁도둑	-11.434232
아름답고	-11.434296
▁가처음	-11.434333
em	-11.434389
▁한결정	-11.434392
▁몰래	-11.434529
중간	-11.434680
입자	-11.434692
▁을알고있다	-11.434827
▁놈을	-11.434837
젊	-11.434968
▁이강	-11.434978
▁은아내	-11.434999
▁세계전역	-11.435053
▁무슨일	-11.435060
▁경험을	-11.435217
▁없기	-11.435312
▁기다릴	-11.435409
▁으로인정	-11.435635
▁경기도평택우체국사서함	-11.435829
▁년통치	-11.435914
▁당연하지	-11.435939
사별	-11.435969
▁플라스틱	-11.435975
해줘	-11.436002
▁그러나여호와	-11.436042
사망자	-11.436130
▁유령	-11.436357
쌍	-11.436362
값진	-11.436395
▁그러나성서	-11.436494
시면서	-11.436570
▁근심	-11.436635
▁>	-11.436728
▁61	-11.437035
▁곤충	-11.437124
능	-11.437192
오전	-11.437331
▁그리고는	-11.437351
관여	-11.437360
▁물질적	-11.437362
▁배터리	-11.437562
▁2)	-11.437775
을수있	-11.437804
▁그러한일	-11.437830
건가	-11.437832
담겨있	-11.437901
험	-11.437905
자손	-11.438052
▁있었으니	-11.438089
오랜	-11.438139
▁안식일	-11.438152
▁해지고	-11.438180
의학적	-11.438223
하곤	-11.438251
은밀	-11.438400
▁답이	-11.438434
에스겔	-11.438547
▁캠프	-11.438580
수는	-11.438811
배포	-11.438906
슬리	-11.438916
헛	-11.439075
분파	-11.439491
▁을살펴보	-11.439548
곡물	-11.439550
라서	-11.439596
스틴	-11.439638
킴	-11.439679
▁속도를	-11.439743
지않겠습니까	-11.439928
▁버렸	-11.440015
▁크기를	-11.440121
나올	-11.440295
이고요	-11.440373
없애	-11.440421
▁이쪽으로	-11.440463
만들어진	-11.440729
▁머물	-11.440895
▁기준	-11.440907
▁을공격	-11.441040
포도	-11.441054
▁에서어떤	-11.441157
맹렬	-11.441158
▁re	-11.441174
▁아니오	-11.441185
자들에게	-11.441257
다는생각	-11.441416
심리학	-11.441448
▁행위를	-11.441489
▁베푸시	-11.441492
▁찾았어	-11.441539
▁이좋을것	-11.441553
la	-11.441566
▁꼬리	-11.441717
▁해주는것	-11.441724
추측	-11.441775
▁에서는이렇게	-11.441851
연례	-11.441896
▁밟	-11.442030
▁그리하여그	-11.442111
국한	-11.442165
▁경외하	-11.442287
▁그치	-11.442446
변호사	-11.442462
▁훔쳐	-11.442478
▁을끊	-11.442561
미루	-11.442603
▁용서를	-11.442636
약함	-11.442718
▁이르지	-11.442719
▁을입증	-11.442757
전개	-11.442761
흥미진진	-11.442763
▁하게되면	-11.442855
만난	-11.442959
최소한	-11.443020
▁양을	-11.443040
마가	-11.443056
▁도있읍니다	-11.443112
육신	-11.443142
고말씀	-11.443145
▁남자친구	-11.443147
▁변명	-11.443232
▁협상	-11.443336
스럽게	-11.443530
동맥	-11.443595
하지않았다	-11.443638
대의	-11.443694
▁에많은	-11.443701
▁는정말	-11.443707
▁따뜻	-11.443831
살기	-11.443885
약화	-11.444164
▁는가족	-11.444204
▁를언급	-11.444322
▁만드	-11.444334
작동	-11.444356
▁말하라	-11.444404
께요	-11.444454
우두머리	-11.444500
▁해본적	-11.444538
하냐	-11.444642
보여준	-11.444752
▁그렇고	-11.444756
된것	-11.444780
공동체	-11.444848
남동생	-11.444858
있으니	-11.444905
야한다는것	-11.444974
예술	-11.445063
▁을잃은	-11.445074
▁를베푸	-11.445085
밝혀	-11.445207
전선	-11.445250
데도	-11.445358
누릴	-11.445445
수컷	-11.445488
주석	-11.445510
하거든	-11.445538
▁이시라	-11.445571
▁흰	-11.445579
무거운	-11.445627
어떤의미	-11.445635
적응	-11.445754
보복	-11.445758
▁저거	-11.445863
수요	-11.446025
」)	-11.446073
▁보트	-11.446079
쾌	-11.446081
▁과우리	-11.446097
▁보다더많은	-11.446136
▁하늘에서	-11.446164
동굴	-11.446229
즐거이	-11.446240
▁좋겠	-11.446252
▁로말	-11.446339
▁오래전	-11.446468
앗	-11.446504
면적	-11.446784
육체적	-11.446887
봤어요	-11.446973
뱃	-11.446987
▁를준비	-11.447069
▁나타내는	-11.447165
▁키우	-11.447642
▁이집	-11.447650
포장	-11.447665
▁하셨고	-11.447749
서쪽	-11.447793
▁배가	-11.447809
생물학자	-11.447940
▁이벤트	-11.448007
제출	-11.448032
▁1976	-11.448110
/5	-11.448341
▁싸울	-11.448402
▁에대한관심	-11.448509
▁으로하느님	-11.448685
▁재산을	-11.448696
자원봉사자	-11.448709
아는사람	-11.448767
▁동전	-11.448833
▁학자	-11.449043
▁호르몬	-11.449049
▁을달성	-11.449055
▁으로부터의	-11.449097
리우	-11.449153
▁이들어있는	-11.449201
세우	-11.449204
두어	-11.449591
▁인한	-11.449678
▁책임이	-11.449742
씁니다	-11.449766
▁감추	-11.449871
▁고난	-11.449908
▁읽고	-11.449973
적대	-11.450028
▁의필요성	-11.450135
▁뽑아	-11.450156
▁고쳐	-11.450411
예기	-11.450435
▁와어머니	-11.450503
▁으로만족	-11.450530
▁은지상	-11.450540
▁한영	-11.450554
▁윌리엄	-11.450891
뜨거운	-11.451069
▁깨어	-11.451309
▁하기위해서는	-11.451331
국립	-11.451331
▁휴가	-11.451423
▁아니하리라	-11.451484
▁모듈	-11.451489
멸종	-11.451498
▁이렇게하여	-11.451597
▁이영원	-11.451711
스토	-11.451733
▁부릅니다	-11.451790
준다면	-11.451861
천년기	-11.452085
▁못하더라	-11.452100
둘다	-11.452223
침해	-11.452235
▁수집	-11.452273
그지방	-11.452372
▁인도하여	-11.452653
▁하다는	-11.452742
▁에관해서	-11.452807
간호	-11.452844
▁고문	-11.452910
▁주십시오	-11.453035
타인	-11.453045
군중	-11.453215
서로다른	-11.453256
▁솔직	-11.453277
베드로둘째	-11.453506
게되기	-11.453553
브리	-11.453576
번성	-11.453586
▁싶다	-11.453856
돌아와	-11.453870
모유	-11.453989
▁이있었읍니다	-11.454255
▁말하였더라	-11.454325
09	-11.454334
ick	-11.454412
가량	-11.454423
▁주위	-11.454432
드를	-11.454454
따른다	-11.454622
뛰어나	-11.454683
듣기	-11.454800
며그	-11.454859
▁의병	-11.454860
시속	-11.454968
혐의	-11.455038
살펴본	-11.455079
종파	-11.455092
병사	-11.455155
▁망치	-11.455644
▁이라고부르	-11.455746
면밀	-11.455750
▁에살던	-11.455778
▁을구원	-11.455800
▁을맛보	-11.455858
같아	-11.455868
생존자	-11.456027
▁넣고	-11.456048
▁23,	-11.456152
▁이내게	-11.456187
보급	-11.456249
▁불쌍한	-11.456434
몇명	-11.456639
스런	-11.456859
지켜	-11.456903
▁33.	-11.456903
▁언덕	-11.456963
▁에노출	-11.456988
즐거워하	-11.457176
▁에관계	-11.457181
손해	-11.457320
전국	-11.457338
씨가	-11.457420
▁에서하느님	-11.457446
▁시킵니다	-11.457458
지하	-11.457593
될가능성	-11.457639
숫자	-11.457864
할아버지	-11.457965
▁를기울여	-11.458016
카리	-11.458031
헤엄	-11.458068
▁눈으로	-11.458112
▁가많이	-11.458148
▁치프	-11.458157
보낼	-11.458196
▁어머니는	-11.458342
▁을상기	-11.458344
연방	-11.458408
나봐	-11.458464
액수	-11.458536
쿨	-11.458570
기차	-11.458614
웅장	-11.458854
▁반열	-11.458898
▁호수	-11.459113
▁95	-11.459163
▁여년전	-11.459184
▁바꾸는	-11.459283
당신자신	-11.459460
▁을부르	-11.459916
▁기본적인	-11.459964
▁이해하	-11.460052
▁방향을	-11.460160
▁지금도	-11.460300
▁아심	-11.460363
▁를존중	-11.460369
군주	-11.460385
▁명중	-11.460480
리면	-11.460589
▁는아내	-11.460592
알수있습니다	-11.460705
▁이모	-11.460732
갖추	-11.460735
읽고	-11.460780
싼	-11.460785
▁너회가	-11.460788
고양이	-11.460790
▁브라	-11.460867
드릴게요	-11.460936
드립니다	-11.461020
▁루시	-11.461046
지각	-11.461060
여러지역	-11.461148
▁께서는이렇게	-11.461296
떠난	-11.461475
이사실	-11.461490
ind	-11.461690
▁의보고	-11.461912
▁똑똑하	-11.461960
▁두사람	-11.462017
갈색	-11.462032
눕	-11.462054
▁어째서	-11.462056
끝날	-11.462113
법을	-11.462141
▁다양	-11.462195
▁늦게	-11.462254
값을	-11.462634
자진적	-11.462639
숲속	-11.462983
행하여	-11.462988
알게	-11.463024
▁행복해	-11.463078
경작	-11.463078
▁드러내	-11.463155
▁를지지	-11.463240
고합니다	-11.463241
▁청년	-11.463309
상이	-11.463387
들이여	-11.463622
▁맞았	-11.463639
ow	-11.463646
▁무척	-11.463660
▁사용해서	-11.463660
ord	-11.463781
▁치아니하	-11.463859
대양	-11.463967
싫어	-11.463976
▁아니었어	-11.464145
▁1918	-11.464407
정화	-11.464538
고알려준다	-11.464584
▁고래	-11.464865
야생	-11.464867
▁경배	-11.464893
▁도없습니다	-11.464924
개척	-11.464983
▁지구의	-11.465013
▁마무리	-11.465058
▁는사랑	-11.465170
▁되었음을	-11.465206
▁이있으면	-11.465215
▁재능	-11.465238
▁대부분은	-11.465293
그모든	-11.465316
▁증거를	-11.465435
만족감	-11.465466
▁살게	-11.465487
▁항목을	-11.465639
▁는더	-11.465682
▁대장	-11.465711
옛날	-11.465719
▁한물	-11.465862
▁를향해	-11.465899
았을것	-11.466129
간과	-11.466227
녹음	-11.466238
짜리	-11.466352
▁수영	-11.466370
코스	-11.466565
그땅	-11.466597
▁공항	-11.466658
▁한다는사실	-11.466771
▁를하면서	-11.466794
▁가그것	-11.466795
▁조차도	-11.467112
경기장	-11.467187
달아	-11.467201
쉽다	-11.467228
이모든것	-11.467237
▁피아노	-11.467298
▁안됩니다	-11.467300
야채	-11.467333
▁을쳐서	-11.467359
동거	-11.467361
▁그렇게할때	-11.467368
▁않았죠	-11.467429
▁예중	-11.467451
▁알라	-11.467526
한여자	-11.467668
▁유익	-11.467703
▁으로든	-11.467854
▁안나	-11.467916
것은	-11.468068
피어	-11.468072
구제	-11.468090
오라	-11.468331
준수	-11.468358
난다	-11.468471
딸아이	-11.468500
ell	-11.468740
앉아서	-11.468752
멍에	-11.468779
▁기록을	-11.468887
▁에있었다	-11.468945
▁적도	-11.468977
▁로컬	-11.469112
▁PHP	-11.469165
▁을드러내	-11.469213
01	-11.469292
변함	-11.469317
뻔	-11.469350
자라는	-11.469566
▁으로기름부음	-11.469904
▁몰라도	-11.469931
▁암컷	-11.469988
▁되기때문	-11.470110
▁진단	-11.470187
▁왕국회관	-11.470468
▁하루에	-11.470492
▁인말	-11.470510
는데있어서	-11.470554
▁선택할	-11.470667
▁에대해어떤	-11.470690
▁착륙	-11.470730
▁느뇨	-11.470895
▁음악을	-11.470920
▁은그런	-11.470995
바깥	-11.471018
햇빛	-11.471087
왕권	-11.471197
▁도없는	-11.471248
성서출판물	-11.471376
▁된한	-11.471393
▁에나가	-11.471429
▁의새	-11.471498
▁사악	-11.471549
▁충고	-11.471734
었으면	-11.471818
▁걱정하지	-11.471886
▁을나타낸다	-11.471938
새벽	-11.472136
▁찌	-11.472413
모른다	-11.472430
소득	-11.472584
▁에틀림	-11.472594
▁암흑	-11.472773
▁옵션을	-11.472843
하겠지	-11.472915
▁의경고	-11.472947
▁시설	-11.473122
보내신	-11.473177
알지못	-11.473284
▁베이	-11.473334
89	-11.473422
600	-11.473445
▁아니할	-11.473448
▁살아있	-11.473539
신세계역	-11.473545
읽는것	-11.473627
▁할일	-11.473653
표적	-11.473789
인줄	-11.474039
프레드	-11.474175
▁생각한	-11.474267
얼룩	-11.474411
▁받는것	-11.474452
▁갔어	-11.474573
의회	-11.474714
있는동안	-11.474736
▁와는반대	-11.474792
갖게될것	-11.474807
▁사진이	-11.474859
▁귀의하	-11.474862
얼마안있어	-11.474909
싫어하	-11.474926
▁을끌	-11.474936
된다는것	-11.475011
▁he	-11.475145
▁에대한성서	-11.475163
▁없으	-11.475631
축적	-11.475727
가르쳐	-11.475877
듣는것	-11.475915
살았습니다	-11.476253
촉진	-11.476281
▁은결혼	-11.476385
▁1969	-11.476398
팬	-11.476402
기온	-11.476523
이니까요	-11.476569
▁을갖게되	-11.476685
▁로운사람	-11.476889
스트리	-11.476924
▁에빠진	-11.476956
북아메리카	-11.477072
▁을처음	-11.477107
▁He	-11.477244
▁다음날	-11.477333
준것	-11.477457
부언	-11.477571
▁끌고	-11.477573
장기적	-11.477624
▁한길	-11.477800
말고	-11.477808
▁보여줘	-11.477836
▁기쁘	-11.477849
좋다	-11.477875
▁가다른사람	-11.477903
▁한두려움	-11.478126
기다리고있	-11.478127
이어서	-11.478147
▁전쟁이	-11.478236
그말	-11.478268
▁스캔	-11.478276
으셨다	-11.478334
청결	-11.478371
▁그애	-11.478490
그이상	-11.478563
▁우유	-11.478663
첫째자리	-11.478677
번역자	-11.478703
▁도우리	-11.478747
꾀	-11.478885
▁물에	-11.478915
받아들인	-11.478976
▁을멀리	-11.479027
▁수혈	-11.479034
▁을보는것	-11.479042
님께	-11.479173
▁을나타낸	-11.479193
일때	-11.479197
out	-11.479206
만드는것	-11.479268
희귀	-11.479307
▁없네요	-11.479349
아동	-11.479383
전파자	-11.479473
내마음	-11.479546
▁일상	-11.479589
질투	-11.479590
느낀	-11.479620
본다면	-11.479644
▁을주었다	-11.479678
▁틀렸	-11.479809
▁같네	-11.479829
▁싶을	-11.479918
▁곡선	-11.480131
값비싼	-11.480205
살면서	-11.480572
유치	-11.480719
모여	-11.480772
무수	-11.480927
▁사도베드로	-11.481186
미가	-11.481467
▁맡아	-11.481490
▁생각했어요	-11.481580
▁생각하면	-11.481599
▁최종	-11.481730
강제수용소	-11.481779
빌리	-11.481902
▁에계신아버지	-11.482026
▁말해줘	-11.482131
▁인영향	-11.482191
▁흔들	-11.482261
말인가	-11.482267
▁걘	-11.482358
달동안	-11.482423
게되었습니까	-11.482429
뽑	-11.482540
▁절망	-11.482553
테니까요	-11.482833
▁를사	-11.482922
죽는	-11.483022
▁은가족	-11.483047
▁댁	-11.483083
든간	-11.483250
네스	-11.483254
▁상태를	-11.483267
던가	-11.483299
▁오스트리아	-11.483365
▁장사	-11.483391
썼다	-11.483396
구석	-11.483432
서방	-11.483521
쿼	-11.483541
이탈	-11.483543
▁의미를	-11.483573
▁는땅	-11.483627
▁편지를	-11.483892
어부	-11.483974
궁극적	-11.483975
결점	-11.484218
▁은고대	-11.484344
▁을버리	-11.484414
▁표시합니다	-11.484414
블라	-11.484430
▁천재	-11.484589
▁보셨	-11.484653
▁을살펴볼	-11.484746
늙	-11.484779
▁을실제	-11.484797
▁당신한테	-11.484818
머리직분	-11.484969
▁되지않았다	-11.485050
출판	-11.485057
▁보다도더	-11.485114
▁없었죠	-11.485206
▁할사람	-11.485234
자금	-11.485261
▁업데이트	-11.485358
빠져나	-11.485535
국가적	-11.485603
죄악	-11.485634
▁가그렇게	-11.485678
나갔다	-11.485679
틀잡	-11.485984
많았습니다	-11.486028
▁거민	-11.486049
▁도망가	-11.486090
▁해낼	-11.486121
쓰기	-11.486122
나타났	-11.486182
돌이켜	-11.486281
관리인	-11.486350
전도지	-11.486428
페이지	-11.486464
▁문제입니다	-11.486508
찔	-11.486560
▁건전	-11.486630
놀랍게	-11.486683
활발	-11.486702
▁그것의	-11.486756
▁하와이	-11.486756
▁구원을	-11.486802
리기	-11.486893
우선	-11.486918
소용	-11.486954
▁특수	-11.487216
▁we	-11.487265
얘기	-11.487267
▁을가져다주	-11.487350
▁목소리를	-11.487426
▁온다	-11.487839
농사	-11.487893
첨가	-11.488031
▁이나오	-11.488109
많은점	-11.488118
35	-11.488297
▁그램	-11.488396
도서관	-11.488458
▁을더많이	-11.488463
▁완벽하게	-11.488519
▁마음속에	-11.488786
알수있다	-11.488890
▁레바논	-11.488913
산상수훈	-11.488985
▁아스	-11.489033
▁데살로니가	-11.489070
▁맹세하	-11.489228
▁좋아해	-11.489368
바라보	-11.489468
▁있겠네요	-11.489477
▁을하게	-11.489522
▁다리를	-11.489785
추가	-11.489791
원문	-11.489824
26	-11.489828
▁땅의	-11.489889
▁를피하	-11.489993
▁열매	-11.490008
▁진실한	-11.490145
▁은지구	-11.490158
하였나니	-11.490187
▁의산물	-11.490203
집필자	-11.490219
넘쳐	-11.490250
▁지갑	-11.490272
▁곰	-11.490309
▁은곧	-11.490330
▁개가	-11.490347
살아나	-11.490500
▁죽기	-11.490519
▁해보세요	-11.490587
▁의지원	-11.490801
드가	-11.490831
▁받을수있	-11.490839
▁원해	-11.490866
▁스러운것	-11.490869
만들	-11.490960
이지역	-11.491136
▁이기도	-11.491230
▁가여러분	-11.491295
사무엘	-11.491373
,000,000	-11.491406
▁말씀하시	-11.491455
▁에반대	-11.491847
서기관	-11.491864
▁식은	-11.492035
▁으로자기	-11.492163
뿐만	-11.492254
▁34:	-11.492469
바지	-11.492480
무한	-11.492613
▁페이스북	-11.492633
▁두개	-11.492724
▁700	-11.492781
▁을미쳤	-11.492884
들려	-11.492889
홍	-11.492940
5,000	-11.493042
여호수아	-11.493257
이었고	-11.493274
▁을암시	-11.493443
▁받으리라	-11.493484
잘알고있	-11.493535
불쌍	-11.493542
▁믿습니다	-11.493724
▁와인	-11.493821
렬	-11.493900
▁말했	-11.493941
어느곳	-11.493963
▁여러해동안	-11.494078
심령	-11.494100
▁거주지	-11.494123
▁당신들이	-11.494300
▁완전한	-11.494541
▁삶에	-11.494553
▁_	-11.494584
▁미워	-11.494766
독성	-11.494773
▁에앉아	-11.494880
만드는	-11.494946
은후	-11.494959
▁연로	-11.495000
가뭄	-11.495006
▁자선을	-11.495014
▁없었던	-11.495221
▁이없다면	-11.495246
▁좆	-11.495376
▁하게해주	-11.495424
거둔	-11.495504
▁지은	-11.495547
▁왔을	-11.495610
자들	-11.495683
▁날을	-11.495715
▁였는데	-11.495845
불결	-11.495979
▁의지식	-11.496005
기위한것	-11.496028
▁줄게	-11.496164
됐다	-11.496308
07	-11.496452
▁받은말씀	-11.496542
▁시청	-11.496659
▁명확	-11.496744
▁가어떠	-11.496919
하지도	-11.497028
▁되었읍니까	-11.497090
▁년간	-11.497226
태어났습니다	-11.497282
바친	-11.497369
죽어가는	-11.497511
▁이말씀	-11.497657
▁의설명	-11.497765
▁해보도록	-11.498025
▁노동	-11.498108
벙	-11.498124
실린	-11.498377
놓았습니다	-11.498425
▁보인다	-11.498436
▁마이크로	-11.498479
▁의요구조건	-11.498577
대홍수	-11.498670
그자리	-11.498710
리며	-11.499050
▁해안	-11.499073
가득	-11.499073
▁사람들이여	-11.499114
인들은	-11.499125
▁돕는	-11.499142
제어	-11.499154
들인	-11.499281
금액	-11.499287
▁부서	-11.499315
화평	-11.499327
퍼져	-11.499414
▁를창조	-11.499436
그리스도인봉사	-11.499437
▁no	-11.499490
유해	-11.499544
▁했었	-11.499573
▁로묘사	-11.499746
▁종일	-11.499778
발전소	-11.499894
▁다신	-11.499928
핫	-11.499966
▁강하게	-11.500004
시게	-11.500131
세르	-11.500203
까닭	-11.500257
▁의여지없이	-11.500265
▁는많은	-11.500415
야겠어요	-11.500440
▁119	-11.500448
이기사	-11.500471
비록	-11.500499
▁몰아	-11.500531
▁수고	-11.500566
▁은잘못	-11.500575
그대	-11.500663
▁좇	-11.500734
이었지	-11.500755
독수리	-11.500930
▁를모두	-11.501042
▁홈	-11.501165
▁포트	-11.501328
일으킨	-11.501344
육지	-11.501374
▁인치	-11.501423
▁음행	-11.501648
▁해서는안됩니다	-11.501706
▁탐욕	-11.501912
▁이된것	-11.501913
▁자비를	-11.501942
바리새인	-11.501967
진짜	-11.502208
▁보수	-11.502369
열린	-11.502380
할지	-11.502397
폭행	-11.502569
놓았	-11.502912
도록하십시오	-11.503217
▁요단	-11.503400
들이라	-11.503440
막대기	-11.503497
▁당신께	-11.503506
▁힐	-11.503631
▁먼지	-11.503734
▁관점에서	-11.503740
▁차량	-11.503876
▁말에	-11.503962
▁이아니며	-11.503965
다른어떤	-11.504011
조개	-11.504014
▁1999	-11.504048
한동안	-11.504077
▁가많	-11.504166
▁그러나당신	-11.504233
▁개인적인	-11.504263
▁블랙	-11.504295
▁이병	-11.504305
▁팔아	-11.504395
삽	-11.504624
▁있으니까요	-11.504666
▁마음은	-11.504876
▁도하였다	-11.504964
수업	-11.504973
서두	-11.505197
▁칼을	-11.505278
▁취하여	-11.505315
▁녹음	-11.505346
▁상가장	-11.505452
훼손	-11.505528
▁그런거	-11.505535
▁1983	-11.505574
그렇게생각	-11.505580
없어지	-11.505585
정교회	-11.505669
성서적	-11.505762
명단	-11.505778
▁귀의	-11.505790
적게	-11.505851
마당	-11.505899
▁착한	-11.505938
▁합동	-11.506061
▁이만든	-11.506142
▁로부터의	-11.506246
▁을갖고있	-11.506275
▁생길	-11.506395
▁하느냐	-11.506516
생깁니다	-11.506529
내리는	-11.506532
▁사랑에	-11.506618
▁돌아와서	-11.506631
▁앨	-11.506645
되돌아	-11.506665
▁한다고말	-11.506668
▁-4	-11.506691
▁을쌓	-11.506734
장례식	-11.506815
▁언어를	-11.506827
▁이침례	-11.506871
물어보	-11.506891
▁봤는데	-11.506924
가진	-11.507117
들어있다	-11.507479
▁포르투갈	-11.507481
▁캐시	-11.507582
▁하나님이여	-11.507587
▁자들에게는	-11.507761
동무	-11.507955
악한사람	-11.508057
▁드라마	-11.508260
▁낸	-11.508261
호의적	-11.508291
▁앱	-11.508515
두려워하	-11.508680
▁은새로운	-11.508767
얀	-11.508780
지않아	-11.508877
릴때	-11.509152
임시	-11.509261
▁이항상	-11.509348
▁속으로	-11.509396
개인연구	-11.509418
▁그러한것	-11.509424
세명	-11.509506
▁입술	-11.509706
▁여행을	-11.509779
탐지	-11.509850
▁의방문	-11.509854
바쁜	-11.509929
▁의한계	-11.509987
렸고	-11.510089
그러나	-11.510260
능가	-11.510408
협정	-11.510549
▁액체	-11.510614
▁협회	-11.510674
매달	-11.510756
자루	-11.510847
닫	-11.510879
▁을털어놓	-11.510945
▁에불	-11.510958
끌고	-11.511021
하셔야	-11.511021
▁하고싶어	-11.511111
을가능성	-11.511117
▁예정	-11.511129
▁제발요	-11.511147
-1	-11.511158
▁1979	-11.511165
▁광야	-11.511183
문헌	-11.511384
▁전까지	-11.511466
만국	-11.511493
복사	-11.511505
남아있는	-11.511537
스케	-11.511561
▁의즐거움	-11.511629
었으므로	-11.511719
▁의집회	-11.511779
▁주인이	-11.511820
▁한친구	-11.511876
선천적	-11.511894
▁주면	-11.511924
▁에드	-11.511942
좋아한다	-11.511967
부어	-11.512284
언니	-11.512372
꺼에요	-11.512433
▁충	-11.512757
▁밝은	-11.512796
레오	-11.512806
▁최초	-11.512809
▁꿀	-11.513165
▁하지만예수	-11.513535
출처	-11.513595
▁보도록	-11.513602
▁떠나지	-11.513795
항공기	-11.513902
처방	-11.513918
▁해석	-11.513965
선지자	-11.513982
▁54	-11.514045
씻	-11.514141
십대청소년	-11.514235
▁버튼	-11.514296
하심이라	-11.514320
▁끼리	-11.514342
어리석은	-11.514521
▁에이렇게	-11.514617
읽었습니다	-11.514680
▁도그렇게	-11.514712
▁한테	-11.514740
시키기	-11.514821
▁1982	-11.514887
▁하는경향	-11.514927
▁형사님	-11.514948
▁아벨	-11.514977
걸어가	-11.515023
▁남아프리카공화국	-11.515073
솜씨	-11.515074
고고학자	-11.515162
연안	-11.515166
▁을두려워	-11.515254
▁하고싶은	-11.515367
▁를타	-11.515506
▁신비	-11.515572
▁곡식	-11.515581
▁가되기	-11.515669
차량	-11.515701
강하	-11.515723
지는않을것	-11.515845
▁을이야기	-11.515932
▁프레	-11.516016
▁은결국	-11.516175
▁이들어있	-11.516193
▁이해해	-11.516263
▁교차	-11.516408
▁휴식	-11.516489
▁돈은	-11.516490
▁으로봉사	-11.516490
▁대비	-11.516512
흘	-11.516540
지루	-11.516575
나와	-11.516663
항생제	-11.516683
아니다	-11.516699
바탕	-11.516726
하겠느냐	-11.516812
▁놈은	-11.516837
오고	-11.516993
▁거룩한	-11.516998
▁사랑해요	-11.517031
낯선사람	-11.517174
하겠어	-11.517537
성서기록	-11.517643
▁시련	-11.517883
▁에가득	-11.517900
▁보물	-11.517903
▁강간	-11.518014
지않은사람	-11.518020
화를	-11.518035
▁할뿐	-11.518068
갔을때	-11.518084
볼까요	-11.518291
▁용어	-11.518336
▁서쪽	-11.518472
▁삼각형의	-11.518494
강하게	-11.518621
▁대해서도	-11.518628
▁혈	-11.518704
▁을주는것	-11.518719
전시간봉사자	-11.518740
아시리아	-11.518826
▁기근	-11.518899
지탱	-11.519007
▁벽에	-11.519152
▁루이	-11.519238
▁의대속희생	-11.519244
▁혜	-11.519258
▁에이르러	-11.519296
그리스도인형제	-11.519331
▁하지않으면안된다	-11.519335
▁유산	-11.519471
복습	-11.519502
▁을되찾	-11.519549
▁방식이	-11.519550
▁동료들	-11.519618
▁예비	-11.519645
▁해있다	-11.519660
인기있는	-11.519762
▁그렇게되면	-11.519788
치솟	-11.519819
▁다수	-11.519837
강간	-11.519974
월에	-11.520008
▁가족들	-11.520031
▁자극	-11.520043
▁도없었다	-11.520125
▁세월	-11.520250
았는데	-11.520367
수화	-11.520371
76	-11.520443
▁도시를	-11.520478
럭	-11.520497
이크	-11.520722
최종적	-11.520900
▁을얻고	-11.521210
▁복을	-11.521626
BC	-11.521683
주셨	-11.521757
▁하는한	-11.521821
▁흘리	-11.522039
▁께서그분	-11.522144
▁있는거야	-11.522243
순회감독자	-11.522310
실질적	-11.522450
▁오리	-11.522535
택한	-11.522728
▁온유	-11.522775
현세상	-11.522869
▁자손을	-11.522880
왔지만	-11.522918
선원	-11.523122
이렇게부언	-11.523351
▁거미	-11.523399
▁쳐서	-11.523402
▁오로지	-11.523499
▁둘을	-11.523534
▁에있을	-11.523571
▁히도	-11.523625
하리이다	-11.523694
이거나	-11.523734
질수	-11.523839
일으켜	-11.523880
술을	-11.523899
▁을미칠수있	-11.523926
▁아니라면	-11.523961
▁조니	-11.523989
▁는종종	-11.524010
어찌나	-11.524063
일부지역	-11.524351
▁이죄	-11.524375
즐기는	-11.524375
고보도	-11.524386
보게	-11.524450
▁정답	-11.524511
가옥	-11.524525
기쉬운	-11.524638
▁어머	-11.524838
른다	-11.524873
▁을배웠	-11.525005
리안	-11.525067
▁케냐	-11.525119
▁치즈	-11.525232
▁발견한	-11.525274
왼	-11.525304
가려	-11.525313
보다도	-11.525414
합의	-11.525484
만들었다	-11.525541
▁에놓여있	-11.525581
펴	-11.525581
요새	-11.525695
오른편	-11.525826
▁그런즉	-11.525931
▁은혜가	-11.526050
▁과이야기	-11.526108
▁달린	-11.526178
▁얘기하는	-11.526243
뭔가	-11.526487
▁은아버지	-11.526561
▁모습이	-11.526574
▁된상태	-11.526621
낭만적	-11.526671
있을지모릅니다	-11.526697
온세상	-11.526790
유물	-11.526853
▁을알려주는	-11.526862
▁늙	-11.526907
ist	-11.526925
▁그렇군요	-11.527088
었거든요	-11.527386
공산주의	-11.527524
▁는바로	-11.527563
좋았	-11.527576
셨던	-11.527649
▁을보았다	-11.527663
▁하는능력	-11.527699
▁의종교적	-11.527717
▁교훈	-11.527783
▁모음	-11.527829
▁당하고	-11.527869
▁한천사	-11.527875
▁않나요	-11.527903
잉글랜드	-11.527951
▁1997	-11.528042
▁살인자	-11.528054
▁을밝히	-11.528081
▁염	-11.528271
▁개월동안	-11.528315
넘게	-11.528361
소음	-11.528376
▁을알리는	-11.528392
밝혀지	-11.528508
깨우	-11.528564
언젠가	-11.528570
▁그렇게함	-11.528874
예외	-11.528881
▁해야지	-11.528897
▁그걸로	-11.528933
회피	-11.529025
하지않는	-11.529145
▁귀신	-11.529227
치우	-11.529369
온인류	-11.529484
격리	-11.529520
한국어판	-11.529583
▁가네	-11.529709
▁을두려워하는	-11.529778
울타리	-11.529911
▁세계에	-11.529941
동원	-11.529982
▁하고있습니까	-11.530052
▁낙원	-11.530071
솟	-11.530118
▁에게전	-11.530120
▁하게하	-11.530166
침략	-11.530184
경탄	-11.530248
지못했다	-11.530368
▁그만두	-11.530424
가공	-11.530471
▁을원하	-11.530512
▁를중단	-11.530553
본것	-11.530664
세계인구	-11.530689
▁이자녀	-11.530700
▁하여우리	-11.530756
▁일이라	-11.530777
▁되어있는것	-11.530802
마음속	-11.530907
▁1/3	-11.530916
불타는	-11.530994
욕심	-11.531096
▁폰	-11.531137
길래	-11.531204
해왔습니다	-11.531425
생성	-11.531551
▁를조사	-11.531634
▁대입	-11.531667
▁시카고	-11.531767
으뜸	-11.531798
▁걸린	-11.531815
▁그러면그	-11.531893
전설	-11.532224
▁의정	-11.532241
슬픈	-11.532300
빈곤	-11.532362
여행자	-11.532365
신권적	-11.532459
화가	-11.532562
번식	-11.532668
다른방법	-11.532701
▁의의사	-11.532854
▁읽는	-11.532907
▁을얻을	-11.532985
▁was	-11.532986
▁을거의	-11.532987
집어	-11.533368
▁오렌지	-11.533379
▁갱	-11.533504
▁셜록	-11.533646
▁자세한	-11.533815
지내는	-11.533833
어렵다	-11.533839
▁환자는	-11.533946
▁의기본	-11.533998
▁알았죠	-11.534032
아르	-11.534068
억압	-11.534259
장수	-11.534339
추운	-11.534361
▁를부여	-11.534425
지니라	-11.534438
▁장난감	-11.534489
▁궤	-11.534554
▁슬퍼	-11.534632
보라고	-11.534712
36	-11.534780
▁과동일	-11.534803
▁을받았으며	-11.534935
이말씀	-11.534962
전문의	-11.534986
▁상상해	-11.535056
▁이라크	-11.535273
식당	-11.535310
▁을못	-11.535347
워치타워성서책자협회	-11.535549
채우	-11.535646
▁개언어	-11.535749
오른쪽	-11.535752
▁보았습니다	-11.535761
없을정도	-11.535804
▁한책	-11.536009
창고	-11.536114
▁의총	-11.536142
▁인사랑	-11.536174
▁하면서그	-11.536295
정해	-11.536359
리요	-11.536400
▁는무슨	-11.536414
▁그내용	-11.536739
▁꿈이	-11.536823
▁는집	-11.536921
▁는그곳	-11.536959
▁여개	-11.537002
▁으로만든	-11.537297
지않는가	-11.537498
▁을주어	-11.537524
상응	-11.537548
▁에관한성서	-11.537565
▁성실	-11.537583
태평양	-11.537602
부풀	-11.537615
상세	-11.537755
▁트레	-11.537782
동력	-11.537811
무거운짐	-11.537826
▁사업을	-11.537843
▁펴	-11.537875
▁헤더	-11.538012
▁정도는	-11.538120
면우리	-11.538140
▁하지않으면안됩니다	-11.538144
▁정부는	-11.538219
▁여전	-11.538235
▁사랑하지	-11.538238
▁클라	-11.538260
등불	-11.538271
▁를가르치	-11.538278
점검	-11.538562
▁한뒤	-11.538577
실체	-11.538717
을지라도	-11.538783
▁능히	-11.538968
end	-11.539096
▁사라졌	-11.539133
물의	-11.539173
엎	-11.539325
▁는하늘	-11.539379
편파적	-11.539557
▁만으로	-11.539590
유배	-11.539802
모호	-11.539808
▁조이	-11.539843
▁가전혀없	-11.539864
세라	-11.539903
실상	-11.540042
▁이훨씬더	-11.540126
▁날려	-11.540275
해온	-11.540348
서류	-11.540424
쫓겨	-11.540484
▁에걸려	-11.540532
▁가능성	-11.540767
으되	-11.540822
▁의참	-11.540854
참되	-11.540932
받아들였습니다	-11.540956
▁건설	-11.541000
운송	-11.541141
산모	-11.541233
왈	-11.541286
살충제	-11.541297
하는거	-11.541303
▁한형제	-11.541319
▁과죽음	-11.541515
▁오해	-11.541604
▁입자	-11.541615
▁이없는사람	-11.541706
어렵게	-11.541707
한가지방법	-11.542132
이끌어	-11.542243
되었는데	-11.542316
▁같죠	-11.542458
기다리	-11.542503
▁는결혼	-11.542505
▁궤도	-11.542733
타고	-11.542791
생산적	-11.542847
하노니	-11.542954
▁핀	-11.543068
읽어	-11.543108
▁가져온	-11.543119
▁쉬어	-11.543216
▁1978	-11.543272
갱	-11.543311
94	-11.543434
▁85	-11.543476
든가	-11.543479
45:	-11.543549
가르쳤	-11.543595
비를	-11.543695
▁가지금	-11.543768
방에	-11.543774
고있읍니까	-11.544023
▁우변	-11.544127
▁모르겠습니다	-11.544136
자나	-11.544440
채워	-11.544471
아야	-11.544478
▁빙	-11.544679
▁느헤미야	-11.544698
▁선지자들	-11.544729
mo	-11.544733
야해요	-11.544806
픈	-11.544893
져있	-11.544930
▁을당신	-11.545145
▁밤새	-11.545275
▁느꼈	-11.545278
고싶은마음	-11.545329
착수	-11.545396
▁는일	-11.545415
▁의귀	-11.545497
▁팀이	-11.545616
▁이흔히	-11.545640
▁의초기	-11.545656
▁이수행	-11.545669
▁아닌가	-11.545745
▁가오	-11.545753
▁깨달았	-11.546067
▁이성	-11.546067
벗어날	-11.546172
▁하신대로	-11.546181
폐기물	-11.546335
▁가기	-11.546347
밤낮	-11.546437
일으키	-11.546556
▁을시험	-11.546562
▁하게유지	-11.546689
감지	-11.546714
▁보여주고	-11.546865
▁정말요	-11.546963
▁텍사스	-11.547054
▁이렇듯	-11.547056
있죠	-11.547058
▁해악	-11.547091
▁사용하고	-11.547099
▁1984	-11.547149
폴란드	-11.547182
보냅니다	-11.547477
▁두번	-11.547561
다고말씀	-11.547582
얼마후	-11.547672
▁원칙	-11.547721
▁다루	-11.547973
무대	-11.548047
▁원격	-11.548107
먹는것	-11.548123
던져	-11.548128
▁좋아해요	-11.548141
▁이모든일	-11.548459
▁적을	-11.548483
무성	-11.548487
픽	-11.548593
▁의유일	-11.548726
라고명령	-11.548764
/2	-11.548952
떨어질	-11.548985
▁똑똑한	-11.549058
▁는처음	-11.549077
▁1939	-11.549083
▁그럼에도	-11.549331
장려	-11.549400
회장	-11.549482
▁게이	-11.549702
▁무장	-11.549767
곡식	-11.549779
96	-11.549832
▁맹	-11.549859
▁가끔은	-11.549973
내면	-11.550029
해라	-11.550104
▁치못한	-11.550109
▁되돌아	-11.550153
교구	-11.550159
▁던	-11.550176
▁의환경	-11.550184
▁In	-11.550255
울때	-11.550326
중일부	-11.550593
▁멋있	-11.550717
바른	-11.550734
▁저렇게	-11.551117
▁의전체	-11.551137
파운드	-11.551140
▁재료	-11.551203
▁저장할	-11.551311
부분적	-11.551538
▁있는게	-11.551542
이거늘	-11.552224
▁이흘러	-11.552547
▁아우	-11.552620
▁되어있으며	-11.552731
무조건	-11.552787
▁지킬	-11.552809
▁이따	-11.552822
▁깜짝	-11.552882
겸	-11.552959
▁세상은	-11.553207
▁백성들에게	-11.553288
빼	-11.553308
표범	-11.553332
▁6000	-11.553404
해야할것	-11.553468
사장	-11.553493
▁목을	-11.553758
조약	-11.553772
▁관련이	-11.553792
▁보장	-11.554165
같았습니다	-11.554217
▁의돈	-11.554389
통화	-11.554448
▁갔을	-11.554542
▁예산	-11.554653
▁에서자기	-11.554660
▁국경	-11.554693
▁위젯	-11.554882
부근	-11.554954
허리	-11.555010
갔어요	-11.555054
▁1940	-11.555080
▁하나로	-11.555103
감상	-11.555107
▁110	-11.555184
방탕	-11.555226
▁을건축	-11.555242
▁글로리아	-11.555243
서는안됩니다	-11.555358
▁잔인	-11.555720
▁생각해보	-11.555990
행하신	-11.556491
늦게	-11.556542
되어야	-11.556554
명시	-11.556561
▁이곧	-11.556578
▁예약	-11.556613
▁하지않는사람	-11.556626
게하시	-11.556628
▁자로	-11.556689
▁작아	-11.556745
▁진동	-11.556770
선의	-11.556773
잉태	-11.556865
▁한도움	-11.556868
하겠다고	-11.556945
▁히알	-11.556953
▁607	-11.556988
다시한번	-11.557010
▁오웬	-11.557013
▁으로만	-11.557016
타운	-11.557272
봇	-11.557273
레나	-11.557360
▁확	-11.557396
▁빈곤	-11.557423
▁해놓	-11.557455
▁바치	-11.557577
▁됐지	-11.557629
동행	-11.557765
▁구제	-11.557899
학급	-11.557967
지모르	-11.557998
▁내리게	-11.558192
ace	-11.558233
▁얘기는	-11.558336
▁갖지	-11.558348
33:	-11.558413
아일랜드	-11.558437
▁어떤것	-11.558503
버렸어	-11.558512
▁처럼보이	-11.558561
우르	-11.558624
▁무슬림	-11.558694
▁인터페이스	-11.558694
영양실조	-11.558695
▁하셨으니	-11.558750
▁으로이사	-11.558794
▁목자	-11.558938
페르	-11.559115
교활	-11.559217
▁히우리	-11.559233
스피	-11.559247
▁뛰어난	-11.559267
▁로무엇	-11.559401
▁전국	-11.559422
▁멍청이	-11.559440
보아야	-11.559470
만한것	-11.559496
고초	-11.559497
▁교환	-11.559716
▁와동일	-11.560072
▁셰	-11.560144
붕	-11.560189
베푸는	-11.560214
▁선지자들이	-11.560246
다시피	-11.560275
▁년판	-11.560477
▁로보내	-11.560604
▁하겠습니까	-11.560627
▁레지던트	-11.560647
많아	-11.560653
점점더많은	-11.560667
면류관	-11.560676
74	-11.560854
▁바리새인	-11.560908
▁상처를	-11.561104
▁2001	-11.561378
하니까요	-11.561436
왼쪽	-11.561444
▁사진은	-11.561521
▁우물	-11.561580
화학적	-11.561607
발언	-11.561670
▁의하늘	-11.561699
▁거역하는	-11.561731
▁피자	-11.561786
▁않다는	-11.561819
자란	-11.561878
▁의특권	-11.561913
▁병원에서	-11.561920
▁듀	-11.561954
▁를극복	-11.561985
▁퀸	-11.562021
착취	-11.562130
하였는가	-11.562172
▁을용서	-11.562339
▁시킬수있다	-11.562382
▁의이익	-11.562479
▁슈퍼	-11.562510
32:	-11.562515
▁곱셈	-11.562662
일어났다	-11.562926
▁특징	-11.563434
▁심장이	-11.563475
▁돌아온	-11.563481
게하였습니다	-11.563502
▁하고침례	-11.563562
▁발생했습니다	-11.563619
언명	-11.563634
▁따라와	-11.563656
참숭배자	-11.563712
그러한문제	-11.564002
되었던	-11.564141
접하	-11.564203
▁교수님	-11.564313
하지않았습니다	-11.564320
▁에서다음	-11.564391
▁그가운데	-11.564393
▁모든게	-11.564503
▁블로그	-11.564587
나타난	-11.564700
어졌다	-11.564869
▁아사	-11.564962
하군	-11.565020
무자비	-11.565054
▁모험	-11.565074
▁여러분도	-11.565092
네덜란드	-11.565136
▁에서떠나	-11.565396
▁일요일	-11.565445
▁어머니가	-11.565592
21	-11.565605
몇시간	-11.565609
종사	-11.565623
열두	-11.565712
▁묘사	-11.565807
일어났습니다	-11.565888
잡초	-11.565954
▁에게해	-11.565992
▁주께	-11.566151
쇄	-11.566188
▁철학	-11.566329
▁일년	-11.566430
▁한마디	-11.566442
▁의은총	-11.566491
사법	-11.566547
▁골라	-11.566561
▁우주선	-11.566582
▁를치	-11.566600
▁이이제	-11.566603
▁를맞	-11.566742
닿	-11.566849
하였을때	-11.566999
뒤덮	-11.567039
▁추천	-11.567239
▁의결혼	-11.567379
먹고마시	-11.567382
▁지는	-11.567572
포위	-11.567603
▁그리스도인회중	-11.567626
▁자손에게	-11.567757
믿는다	-11.567818
▁을하느님	-11.567998
▁남아있	-11.568016
▁해나가	-11.568045
잘알	-11.568056
▁는특히	-11.568137
나간	-11.568181
▁영상을	-11.568226
▁유사	-11.568270
기증	-11.568294
▁평소	-11.568371
▁가라	-11.568425
이해심	-11.568464
에티오피아	-11.568498
고객	-11.568570
▁조작	-11.568571
더스	-11.568586
▁달아	-11.568629
▁진리로	-11.568630
동성	-11.568666
▁어딜	-11.568854
분간	-11.569001
▁할가능성	-11.569083
변형	-11.569147
줄수있습니다	-11.569183
기운	-11.569198
▁를상징	-11.569235
▁베트남	-11.569323
자취	-11.569331
찬송	-11.569336
▁선택을	-11.569378
▁하지못하는	-11.569387
▁했으니	-11.569389
하신일	-11.569438
었기	-11.569496
대원	-11.569566
▁을기르	-11.569756
많고	-11.569773
▁의배	-11.569871
▁을부	-11.569892
▁환자들	-11.569963
▁을기쁘시게하	-11.570017
▁고급	-11.570028
▁을기울여	-11.570050
거리는	-11.570094
▁대륙	-11.570100
길르앗학교	-11.570148
멈	-11.570336
덧	-11.570442
▁1996	-11.570603
같은것	-11.570659
▁드레스	-11.570717
▁할이유	-11.570744
▁으로이루어진	-11.570758
올린	-11.570758
억지로	-11.570928
로울	-11.570939
▁이되었읍니다	-11.571361
급우	-11.571509
발음	-11.571562
▁가있다면	-11.571686
▁해제	-11.571703
▁정의를	-11.571993
게하셨습니다	-11.572412
춥	-11.572446
▁는커녕	-11.572447
남아메리카	-11.572627
▁너희들은	-11.572710
줄수	-11.572795
▁에들어오	-11.572892
있었지요	-11.572959
증기	-11.573001
지모르는	-11.573116
▁지적	-11.573134
센트	-11.573158
▁실례합니다	-11.573248
na	-11.573317
▁기구	-11.573382
화석	-11.573406
ome	-11.573450
87	-11.573597
식량부족	-11.573644
▁보시	-11.573679
시내	-11.573792
▁을희생	-11.573846
테르	-11.573890
쫓아내	-11.573979
좋은관계	-11.574021
▁삶은	-11.574069
▁는아주	-11.574243
▁을구하는	-11.574375
▁중요하지	-11.574509
계심	-11.574518
시지	-11.574550
▁으로가득	-11.574631
▁로부터의질문	-11.574639
▁은여러가지	-11.574731
▁은이전	-11.574823
하겠어요	-11.574868
겠니	-11.574889
이었더라	-11.574896
▁장래	-11.575335
시야	-11.575335
관절	-11.575356
▁에따라생활	-11.575378
▁불신자들에게	-11.575454
발사	-11.575511
▁대제사장	-11.575513
▁순간에	-11.575699
▁에대항	-11.575805
버립니다	-11.575837
▁로만	-11.575943
▁시키실	-11.575974
▁따라가	-11.576018
▁나가는	-11.576031
▁느껴	-11.576093
▁하고있는데	-11.576219
▁눈치	-11.576394
▁가일어나	-11.576484
압박감	-11.576677
▁your	-11.576724
목사	-11.576727
▁지상에서	-11.576749
보이지않	-11.576864
▁액	-11.576938
몰두	-11.577155
나자신	-11.577328
대주교	-11.577364
베푼	-11.577377
▁오게	-11.577449
▁한부모	-11.577466
▁말했어	-11.577697
임지	-11.577774
▁들중일부	-11.577783
▁의발전	-11.577794
▁죽이지	-11.577863
열국	-11.577905
는가를	-11.578014
하수	-11.578073
▁는어머니	-11.578078
하였느니라	-11.578202
무의미	-11.578250
▁만에	-11.578257
▁얻고	-11.578336
펀	-11.578378
▁내버려	-11.578467
▁여덟	-11.578510
할겁니다	-11.578526
사업가	-11.578535
고말았습니다	-11.578577
사후	-11.578904
물결	-11.578994
올바르	-11.579003
그라	-11.579012
한테서	-11.579020
일상적	-11.579185
꽤	-11.579322
▁정기적	-11.579335
침식	-11.579335
▁포도	-11.579357
▁아드	-11.579497
▁감정을	-11.579688
▁그나라	-11.579850
▁상담	-11.579945
주십니다	-11.579963
인간적	-11.580124
표명	-11.580216
▁놓치	-11.580290
▁매달	-11.580297
▁하지못한다	-11.580469
공업	-11.580476
했으나	-11.580522
했습니까	-11.580543
▁책상	-11.580620
▁아름다움	-11.580723
달랐	-11.580831
독신생활	-11.580900
▁동물들	-11.580909
하기시작	-11.581067
▁왔는데	-11.581121
▁무기를	-11.581157
가져	-11.581345
▁일어나지	-11.581391
잡이	-11.581408
▁재밌는	-11.581424
주실	-11.581570
▁데려오	-11.581695
▁제물	-11.581850
최대한	-11.581870
의인	-11.582002
▁으로여겨	-11.582044
꿇	-11.582096
테러	-11.582168
▁의아름다움	-11.582170
거스	-11.582364
▁차이가	-11.582382
▁1998	-11.582489
▁인용	-11.582521
보여주는	-11.582633
채소	-11.582684
▁측면	-11.582826
쉬운	-11.583041
▁가족과	-11.583076
▁당신들은	-11.583101
▁을마치	-11.583272
▁이기적	-11.583315
날저녁	-11.583771
모욕	-11.583846
장인	-11.583856
실례	-11.583907
▁리터	-11.583951
▁과싸우	-11.583961
▁시스템이	-11.584018
▁인도움	-11.584044
없었기때문	-11.584053
소규모	-11.584069
▁요새	-11.584135
▁성서연구	-11.584201
▁(2)	-11.584249
▁에가장	-11.584285
▁이지난	-11.584337
▁에는여호와	-11.584341
▁카레브	-11.584387
▁의영원	-11.584408
▁미사일	-11.584445
호의	-11.584529
▁무엇인가	-11.584601
쇠퇴	-11.584646
아픔	-11.584760
흡사	-11.584864
용감	-11.584874
▁숭배하는	-11.584919
▁샌	-11.584942
▁정당	-11.585083
신뢰심	-11.585206
심장마비	-11.585320
푼	-11.585353
▁하지만그러한	-11.585628
▁근거	-11.585635
고싶지않	-11.585683
▁를듣고	-11.585792
▁사도행전	-11.585814
빠른	-11.585899
▁조언	-11.585902
아야한다	-11.585909
성경원칙	-11.586012
노출	-11.586303
▁후보	-11.586322
긍	-11.586381
학위	-11.586440
추기경	-11.586478
▁앨범	-11.586479
절망	-11.586531
▁에있어서도	-11.586600
▁금융	-11.586655
▁점입니다	-11.586800
▁만남	-11.586809
드리고	-11.586829
이시라	-11.586858
▁킹	-11.586883
렸던	-11.586972
▁지키는	-11.586977
결핍	-11.587273
▁그리곤	-11.587337
그럼	-11.587384
지면서	-11.587465
▁하지만성서	-11.587521
하느	-11.587563
저축	-11.587590
▁치워	-11.587596
▁가열	-11.587616
▁생각했죠	-11.587640
▁뭐냐	-11.587660
▁(%	-11.587697
▁왕에게	-11.587753
▁하지만하느님	-11.587903
이룬	-11.587964
▁찬송	-11.587968
▁무리를	-11.588049
사망률	-11.588105
▁커서	-11.588267
뷰	-11.588374
▁어차피	-11.588401
color	-11.588411
꺼내	-11.588458
감싸	-11.588517
꾸짖	-11.588611
▁심중에	-11.588737
됐습니다	-11.588769
▁에앞서	-11.588799
▁끊임없이	-11.589029
▁못하며	-11.589042
con	-11.589192
▁되었죠	-11.589251
▁은때때로	-11.589433
나르	-11.589581
▁간단하게	-11.589593
시킵니다	-11.589607
▁비밀을	-11.589638
▁몇년	-11.589864
좋은결과	-11.589872
▁주민	-11.589879
있기는하지만	-11.589951
스트라	-11.590110
▁에맞	-11.590167
인간사회	-11.590171
내는것	-11.590196
▁결심	-11.590205
불교	-11.590250
▁으로고통	-11.590336
▁한지혜	-11.590365
▁주식	-11.590384
메뚜기	-11.590413
▁24;	-11.590437
▁부도덕	-11.590465
▁힌트	-11.590533
순서	-11.590558
미워하	-11.590581
▁에이즈	-11.590632
재소자	-11.590742
▁배우는	-11.590789
▁가있다는것	-11.590917
▁생각하기	-11.591068
▁로이사	-11.591085
업체	-11.591378
▁에맞서	-11.591474
▁교실	-11.591542
▁피할	-11.591611
볼까	-11.591619
tt	-11.591825
▁나이가	-11.591890
비누	-11.591906
들었습니다	-11.592111
▁거니까	-11.592124
▁바꾸어	-11.592189
복권	-11.592339
▁물어볼	-11.592447
▁많습니다	-11.592453
▁밴드	-11.592463
부착	-11.592494
▁히필요	-11.592615
31:	-11.592688
▁는흔히	-11.592769
06	-11.592790
어지고	-11.592921
▁그도시	-11.592956
▁창을	-11.592968
발걸음	-11.592995
지역대회	-11.593072
▁싫어하는	-11.593183
했거든	-11.593225
있었던일	-11.593321
가진것	-11.593337
▁부분에	-11.593548
▁는세상	-11.593585
바꾸	-11.593639
▁로가득	-11.593743
영성	-11.593858
놓는	-11.593873
▁등록	-11.593901
맛보	-11.594014
▁부대	-11.594077
▁에큰	-11.594134
▁도서관	-11.594145
전파사업	-11.594159
▁이좋은	-11.594345
할수있을것	-11.594387
게해준다	-11.594420
장사	-11.594455
▁과고통	-11.594522
▁빌딩	-11.594530
반복적	-11.594582
▁오말리	-11.594686
야하는이유	-11.594857
지는않지만	-11.594862
▁하도다	-11.594991
사모	-11.595065
▁한평화	-11.595151
▁코너	-11.595333
▁사용한	-11.595427
▁을다하	-11.595443
▁이나라	-11.595644
속해있	-11.595679
▁목차	-11.595733
▁160	-11.595757
▁뇌의	-11.595822
왔죠	-11.595889
▁레드	-11.595898
하지는	-11.595942
▁놔두	-11.595988
낼것	-11.595996
날아가	-11.595998
▁나오미	-11.596033
오지	-11.596098
ah	-11.596174
▁할만큼	-11.596189
러가	-11.596198
현미경	-11.596476
▁을안	-11.596519
정당화	-11.596674
▁한감정	-11.596685
웠습니다	-11.596773
▁And	-11.596776
라우	-11.596886
어리석	-11.596902
▁늑대	-11.596905
▁어느정도	-11.596993
막론	-11.597013
▁바다를	-11.597057
▁의대답	-11.597092
흉내	-11.597145
▁가어디	-11.597301
건축물	-11.597424
구실	-11.597485
▁되나니	-11.597514
퍼드	-11.597604
▁께서하신	-11.597645
▁갑시다	-11.597788
워서	-11.597855
▁의소유	-11.597869
부장	-11.598033
일본인	-11.598034
▁박물관	-11.598161
외과	-11.598384
달래	-11.598417
포스트	-11.598429
섞	-11.598508
▁찾았어요	-11.598717
없었습니다	-11.598894
영생	-11.599012
웅	-11.599053
체내	-11.599061
▁기다렸	-11.599064
▁미스터	-11.599113
어느쪽	-11.599135
야했습니다	-11.599159
75	-11.599175
▁을바라	-11.599234
느꼈	-11.599281
▁익사	-11.599365
▁자신에게	-11.599501
▁사로잡	-11.599524
▁루이스	-11.599564
▁내렸	-11.599565
마술	-11.599648
▁에다른	-11.599655
했었	-11.599687
age	-11.599705
▁를배척	-11.599838
죽기	-11.599845
순례	-11.599878
▁권세	-11.600036
게되자	-11.600102
불경	-11.600151
에대해	-11.600240
조리	-11.600315
▁ᄃ	-11.600400
▁것이나	-11.600435
ice	-11.600465
버섯	-11.600568
알맞은	-11.600573
등급	-11.600695
▁자유를	-11.600761
▁인우리	-11.600772
▁녀석이	-11.600782
운다	-11.600814
워드	-11.600866
시겠습니까	-11.600942
▁하나입니다	-11.601053
▁포로	-11.601146
▁찢어	-11.601185
▁도와줘요	-11.601458
감정이입	-11.601578
학교수	-11.601583
바스	-11.601610
▁전세계적	-11.601711
▁를원합니다	-11.601792
신민	-11.601887
희미	-11.601887
대응	-11.601974
크다	-11.601993
터널	-11.602083
▁필립	-11.602218
▁있었다고	-11.602247
▁싶었어요	-11.602435
▁있어도	-11.602460
▁이적	-11.602489
부적	-11.602490
▁의한사람	-11.602597
적혈구	-11.602603
▁스탠	-11.602629
하는이유	-11.602823
▁되던	-11.602861
아웃	-11.602871
간격	-11.602922
▁을했습니다	-11.602989
많은일	-11.603261
▁될수있는	-11.603528
으심	-11.603743
▁해주세요	-11.603770
월드	-11.604029
▁논의	-11.604099
▁항해	-11.604190
▁돌아가는	-11.604221
ess	-11.604223
▁를하였습니다	-11.604444
일어나는	-11.604445
-2	-11.604465
▁지역에서	-11.604510
▁32.	-11.604514
▁프로세스	-11.604613
▁이있었는데	-11.604657
가르치는것	-11.604664
초원	-11.604717
▁진심으로	-11.604775
▁이사는	-11.605024
주겠다고	-11.605350
없습니다	-11.605356
▁을배워	-11.605359
▁는하였지만	-11.605433
▁We	-11.605512
▁칩	-11.605519
▁이라고불리	-11.605721
그아이	-11.605742
우러	-11.605746
성서번역판	-11.605797
▁을걸	-11.605798
솟아	-11.605844
세월	-11.605907
하게도	-11.605910
바르게	-11.605931
속박	-11.605968
45	-11.605984
▁할시간	-11.606037
가르치는사람	-11.606041
완고	-11.606041
▁요셉이	-11.606061
천명	-11.606109
▁을보여주는	-11.606196
▁을저항	-11.606253
▁900	-11.606319
상업적	-11.606516
주어진	-11.606527
+1	-11.606568
▁의염려	-11.606577
▁속한	-11.606609
▁셰퍼드	-11.606665
▁최선	-11.606723
시키려	-11.606774
▁설탕	-11.606782
▁뜻에	-11.606840
▁는서로	-11.606861
▁예술가	-11.606936
살아남은	-11.607077
▁회사를	-11.607120
그렇습니까	-11.607123
▁뜨거운	-11.607139
▁좋겠어요	-11.607203
그말씀	-11.607234
▁를갖추	-11.607321
▁은생각	-11.607321
▁여기요	-11.607323
신청	-11.607562
경배	-11.607673
사냥꾼	-11.607716
▁을집행	-11.607908
▁사건을	-11.608079
▁의안전	-11.608169
▁아람	-11.608170
시켜야	-11.608291
▁을지킬	-11.608307
▁리가	-11.608388
생겨나	-11.608393
▁로여기	-11.608452
복용	-11.608578
게되었는데	-11.608689
▁에서볼수있는	-11.608697
갤	-11.608703
데대해	-11.608770
잎사귀	-11.608901
▁을줍니다	-11.608902
▁돌아다니	-11.608927
쫓	-11.608994
어질	-11.609054
▁무역	-11.609253
▁사상	-11.609262
리라고	-11.609275
▁길이는	-11.609344
▁을알고있습니다	-11.609347
▁보면서	-11.609374
▁의주민	-11.609403
▁감자	-11.609433
▁현장	-11.609459
▁대화상자	-11.609668
▁수술이	-11.609762
▁에든지	-11.609797
▁이자라	-11.609838
살육	-11.609988
▁얻기	-11.610001
▁맡기	-11.610032
사슬	-11.610107
엇	-11.610219
▁봤지	-11.610250
▁계시를	-11.610302
▁나타낼	-11.610323
▁인활동	-11.610424
장에서	-11.610440
di	-11.610450
귀한	-11.610483
있는지를	-11.610539
차지	-11.610549
씻어	-11.610559
필요성	-11.610810
▁펠	-11.610811
▁그렇지않으면	-11.610821
▁을버리고	-11.610909
강사	-11.610944
▁소통	-11.610970
▁같군	-11.610973
▁잡았	-11.611046
▁가사망	-11.611169
▁130	-11.611190
▁한성서	-11.611202
좋지않	-11.611236
죽었습니다	-11.611672
없는것	-11.611830
▁총알	-11.611926
▁말해줄	-11.612099
▁파도	-11.612172
국제대회	-11.612350
다루어	-11.612425
전체적	-11.612449
익히	-11.612497
▁분쟁	-11.612815
▁하는온땅	-11.612831
▁의위험성	-11.612864
가정성서연구	-11.612872
태워	-11.613247
당사자	-11.613278
밀도	-11.613371
▁을받았읍니다	-11.613392
고유	-11.613405
우고	-11.613473
▁아름답	-11.613506
되는것	-11.613511
불확실	-11.613559
▁기후	-11.613582
▁아내와	-11.613710
▁없이는	-11.613713
▁두렵	-11.613749
▁뭔가가	-11.613779
세워주는	-11.613811
열쇠	-11.613915
뜻밖	-11.613924
▁을따르는것	-11.614029
하라는	-11.614048
▁상승	-11.614073
▁의옷	-11.614163
▁스파이	-11.614220
▁가이사	-11.614272
▁한나머지	-11.614337
것같이	-11.614592
톡	-11.614877
▁이매우중요	-11.614960
붙인	-11.614987
▁오셨	-11.615065
▁은여러분	-11.615132
▁나갔	-11.615149
죽인	-11.615164
▁뭐든지	-11.615207
▁한조언	-11.615211
▁하여여호와	-11.615258
본래	-11.615328
▁을인하여	-11.615357
빠르게	-11.615429
▁이새로운	-11.615510
▁진화론	-11.615657
주입	-11.616083
▁해졌습니다	-11.616158
핸	-11.616194
▁부피	-11.616214
▁을받게되	-11.616451
던때	-11.616456
▁들즉	-11.616503
뭇	-11.616542
▁유효	-11.616856
되는데	-11.616943
공개강연	-11.617022
플레	-11.617056
하오	-11.617073
거니	-11.617160
48	-11.617243
사원	-11.617259
맞추	-11.617263
▁밴	-11.617310
▁헐	-11.617483
행해진	-11.617485
▁후에는	-11.617512
라니까	-11.617527
하옵소서	-11.617542
▁맘	-11.617659
▁웃음	-11.617673
바쁘게	-11.617781
던데요	-11.617828
▁을하고있다	-11.617949
해줄수있	-11.618006
이겨	-11.618056
▁를받는다	-11.618163
거슬러	-11.618192
할경우	-11.618230
당장	-11.618241
▁을함	-11.618288
추적	-11.618300
▁키가	-11.618343
▁협박	-11.618369
암석	-11.618373
선동	-11.618401
▁인결과	-11.618427
▁star	-11.618451
▁정수	-11.618455
▁을돌	-11.618525
▁등장	-11.618545
▁한수	-11.618580
민주	-11.618773
량을	-11.618827
서비스	-11.618848
셸	-11.618890
덮개	-11.618902
▁을부여	-11.618919
체를	-11.618960
앵	-11.619014
방사능	-11.619015
▁매주	-11.619020
다름	-11.619087
연구원	-11.619134
▁손자	-11.619155
▁그렇지않다	-11.619166
계기	-11.619170
der	-11.619199
▁이좋습니다	-11.619358
▁분들	-11.619373
로마인	-11.619385
▁을알려줍니	-11.619434
횡단	-11.619505
벨트	-11.619615
▁에서사람	-11.619627
▁의자손	-11.619694
▁되었는지	-11.619790
새번역	-11.619790
▁해졌다	-11.619953
▁수리	-11.620021
▁아니란	-11.620123
중요성	-11.620133
▁그러나이것	-11.620166
모자	-11.620169
▁그러므로예수	-11.620226
▁차라리	-11.620263
▁하는데있어서	-11.620340
▁으로증가	-11.620343
동성애자	-11.620357
▁2,000	-11.620487
받아들였	-11.620656
벼	-11.620656
그러므로	-11.620806
▁요나단	-11.620831
▁이해하기	-11.620854
배려	-11.620916
소란	-11.620988
▁을하며	-11.621061
▁고맙네	-11.621064
륜	-11.621088
려니와	-11.621121
히틀러	-11.621181
▁Q	-11.621228
▁을방해	-11.621431
▁하곤	-11.621443
어릴때	-11.621507
마르다	-11.621529
정밀	-11.621557
▁너희에	-11.621582
▁안드레	-11.621630
공작	-11.621704
즐거운일	-11.621786
▁강의에서	-11.621977
▁가서로	-11.622045
▁팔을	-11.622063
▁걷	-11.622324
▁하거든	-11.622387
메르	-11.622452
무슨뜻	-11.622563
▁우리자신	-11.622638
모든인류	-11.622702
▁어떻게하면	-11.622714
▁마음의	-11.622826
▁말씀으로	-11.622836
▁자르	-11.622965
▁뚫	-11.623004
티아	-11.623369
마른	-11.623450
▁하고있던	-11.623528
▁에서한	-11.623631
제이	-11.623651
▁상속	-11.623730
▁도우	-11.623796
읽어보	-11.623803
▁z	-11.623832
▁디자이너	-11.624024
지휘	-11.624226
하였더니	-11.624280
▁호기심	-11.624394
▁최초의	-11.624561
생식	-11.624974
태어났	-11.625034
▁역사를	-11.625072
▁복제	-11.625189
고상	-11.625216
허다	-11.625230
▁드라이브	-11.625252
읽기	-11.625311
장악	-11.625327
바오로	-11.625370
▁아직은	-11.625587
▁위험을	-11.625618
몰래	-11.625668
▁도나	-11.625684
▁It	-11.625854
▁위치에	-11.625937
라디오	-11.625993
▁한날	-11.626017
▁때문이에요	-11.626062
오른	-11.626098
즉위	-11.626175
동물원	-11.626567
갈등	-11.626612
성능	-11.626785
▁엄마한테	-11.626830
▁속도로	-11.626886
▁하는게	-11.626961
다는증거	-11.627111
▁도그러한	-11.627215
어느날	-11.627343
▁믿기	-11.627358
섬기는	-11.627409
▁물리적	-11.627439
▁탱크	-11.627470
계곡	-11.627520
흑	-11.627568
참사	-11.627604
▁샤워	-11.627666
되었읍니까	-11.627778
▁개자식	-11.627780
▁와는	-11.627813
▁의전망	-11.627840
묶	-11.627851
▁가되어있	-11.627889
▁로하나님	-11.627972
그렇다	-11.628013
그중	-11.628134
을지모르지만	-11.628164
풍경	-11.628216
몫	-11.628218
▁무한	-11.628236
▁친구는	-11.628332
▁구경	-11.628459
▁하였다고	-11.628479
▁23;	-11.628648
/3	-11.628657
▁의사소통	-11.628689
▁부엌	-11.628692
▁1"	-11.628834
▁에사는한	-11.628929
▁개나라	-11.628983
▁를데리고	-11.629010
환기	-11.629216
▁이곳에서	-11.629224
▁의짐	-11.629272
부여	-11.629321
냅	-11.629341
▁의왕국회관	-11.629368
▁의인간	-11.629388
댈	-11.629430
▁말해서	-11.629441
▁의소리	-11.629475
폭격	-11.629479
▁규정	-11.629534
개발도상국	-11.629616
▁얘긴	-11.629758
어두워	-11.629838
▁에관한것	-11.629842
▁달라고	-11.629910
▁를좋아하	-11.630140
▁를피	-11.630148
놓여	-11.630244
▁농업	-11.630337
여부	-11.630431
▁를하나님	-11.630436
▁시골	-11.630767
과는	-11.630780
▁듣게	-11.630816
현대적	-11.630932
▁계셨	-11.631042
뒀	-11.631048
▁태도	-11.631055
▁Z	-11.631204
▁를도와주	-11.631241
형제관계	-11.631292
가톨릭교	-11.631311
▁로증가	-11.631317
▁경비	-11.631328
▁한마련	-11.631366
▁이아직	-11.631414
▁을증진	-11.631430
▁넣었	-11.631457
▁를가졌	-11.631639
▁도착했	-11.631783
▁에살고있다	-11.632030
▁의모양	-11.632143
일지도	-11.632229
폐허	-11.632380
갔고	-11.632426
▁한예언	-11.632453
▁낙타	-11.632534
▁한표현	-11.632643
막히	-11.632650
있었어요	-11.632667
▁어리석은	-11.632700
▁신호를	-11.632834
리게	-11.632910
은요	-11.633016
▁에걸렸	-11.633183
동산	-11.633205
▁스트	-11.633239
▁통합	-11.633258
가져온	-11.633456
▁그러므로하나님	-11.633463
▁했잖아요	-11.633512
▁의지도	-11.633533
벌이	-11.633615
▁과그밖	-11.633618
▁상관없	-11.633654
오두막	-11.633655
에워싸	-11.633686
공평	-11.633688
신명기	-11.633739
▁이크게	-11.633748
▁침묵	-11.633801
유행병	-11.633891
많습니다	-11.633904
▁한국어판	-11.633971
옹	-11.633980
싣고	-11.634038
▁빼앗	-11.634062
수출	-11.634120
거울	-11.634234
겼다	-11.634344
텐데요	-11.634368
▁자금	-11.634477
▁숙녀	-11.634642
▁이많습니다	-11.634711
▁야생	-11.634728
▁라고대답	-11.634755
정권	-11.634871
▁역대	-11.634927
불법적	-11.635093
여러개	-11.635138
▁하셔서	-11.635172
포트	-11.635350
살았	-11.635377
▁수면	-11.635393
▁편지함	-11.635393
▁그거야	-11.635427
▁공화국	-11.635613
▁한선물	-11.635717
▁할만한일	-11.635788
▁느부갓네살	-11.635791
리어	-11.635886
▁권한이	-11.635915
▁이끌어	-11.635927
▁케이스	-11.635960
비방	-11.636094
엠	-11.636106
▁의제	-11.636124
▁이상해	-11.636212
전략	-11.636224
확산	-11.636335
▁삼키	-11.636354
▁갈게요	-11.636443
노릇	-11.636580
▁않을까	-11.636650
하단	-11.636959
세례	-11.637129
▁99	-11.637137
▁아이고	-11.637196
▁에게참으로	-11.637258
동양	-11.637288
▁보존	-11.637365
한자	-11.637368
▁전원	-11.637468
꾸며	-11.637532
다만	-11.637537
▁맛있	-11.637674
작물	-11.637688
▁한약속	-11.637729
▁죽으면	-11.637750
▁되찾	-11.637791
▁농	-11.637840
킷	-11.637843
▁괄호	-11.637846
▁한가치	-11.637919
하우스	-11.637988
대량	-11.638063
영영	-11.638236
▁수컷	-11.638243
▁함수는	-11.638273
▁영양	-11.638276
▁걷는	-11.638334
개종자	-11.638366
알아내	-11.638383
느꼈습니다	-11.638434
큰기쁨	-11.638474
그내용	-11.638483
하셨습니까	-11.638761
다르게	-11.638959
번쩍	-11.638965
떠났	-11.639015
베푸시는	-11.639020
▁그랬어요	-11.639105
▁을풀	-11.639105
▁에살았던	-11.639309
여야	-11.639431
명철	-11.639555
아닙니다	-11.639688
되는지	-11.639712
▁이너희	-11.639714
▁도자기	-11.639718
▁헌법	-11.639785
수있게	-11.639837
으십니다	-11.639887
쑤	-11.639956
▁맞서	-11.639969
▁받는다	-11.640005
▁과정에서	-11.640101
실행	-11.640111
▁평방	-11.640222
왔습니까	-11.640265
▁성격	-11.640301
▁누군가를	-11.640402
▁육지	-11.640461
▁에서약	-11.640536
시리아	-11.640555
떨어진곳	-11.640560
▁미소	-11.640703
▁아니하였	-11.640729
▁극복	-11.640738
▁동굴	-11.641001
까지는	-11.641022
▁줄이	-11.641048
화폐	-11.641123
릴수	-11.641152
▁으로그리고	-11.641226
연단	-11.641253
▁오른손	-11.641314
지못하였습니다	-11.641460
▁마사	-11.641528
불안정	-11.641678
▁경고자	-11.641685
▁나무를	-11.641811
할지모른다	-11.641811
불길	-11.641818
한적	-11.641928
▁번제	-11.641936
▁사기	-11.641965
보일	-11.641972
▁많았	-11.642000
▁블록	-11.642079
▁의종말	-11.642089
멈추어	-11.642094
전력	-11.642239
▁헛	-11.642245
▁을항상	-11.642300
고결론	-11.642345
▁받은남은자	-11.642382
▁접촉	-11.642395
국제연맹	-11.642452
특별파이오니아	-11.642552
권유	-11.642625
해야지	-11.642633
▁가구	-11.642675
▁파라	-11.642777
▁금요일	-11.642866
▁채로	-11.642942
열기	-11.642957
피난처	-11.642986
▁양변에	-11.643097
▁를원한다면	-11.643215
점성술	-11.643264
교과서	-11.643309
좋아하	-11.643325
갖가지	-11.643432
▁에나타나	-11.643494
▁형사	-11.643522
▁은교회	-11.643672
발명	-11.643685
▁데려와	-11.643815
▁을들었다	-11.643835
▁너희들의	-11.643914
▁에서발생	-11.643931
일어난일	-11.644361
▁지옥의	-11.644468
▁수술실	-11.644567
▁묻는	-11.644580
▁this	-11.644648
▁설정합니다	-11.644988
▁않아서	-11.645004
계단	-11.645040
▁목적	-11.645143
중국인	-11.645157
▁사라져	-11.645205
▁58	-11.645238
▁을가리키	-11.645261
▁않았던	-11.645432
▁의한가지	-11.645440
▁당황	-11.645489
▁와요	-11.645579
▁오전	-11.645631
▁을피할수있	-11.645694
▁거두	-11.645896
배치	-11.645954
▁함장님	-11.646026
▁을팔	-11.646115
▁알면	-11.646145
▁을재	-11.646259
▁걱정마	-11.646295
균형잡힌	-11.646324
▁know	-11.646326
▁말하되	-11.646345
걷는	-11.646413
▁찰리	-11.646524
네가지	-11.646571
▁를인도	-11.646657
용액	-11.646785
만듭니다	-11.646788
이해력	-11.646788
흔적	-11.647018
▁하는지를	-11.647031
▁할만한것	-11.647217
▁통치	-11.647305
▁보내지	-11.647370
▁변이	-11.647392
▁봄	-11.647489
▁아이의	-11.647507
▁굽	-11.647628
▁을지니고있	-11.647778
퇴치	-11.647811
어둠	-11.647867
▁실천	-11.648007
AT	-11.648137
그램	-11.648194
하시죠	-11.648228
29;	-11.648283
도적질	-11.648288
정체	-11.648436
}	-11.648458
수수께끼	-11.648458
쉼	-11.648458
윙	-11.648459
▁거역하고	-11.648518
빠른속도	-11.648780
서양	-11.649068
받아들이기	-11.649093
▁1500	-11.649107
▁것이기	-11.649160
했더라	-11.649274
▁를가진사람	-11.649288
평평	-11.649373
불신	-11.649400
▁잠을	-11.649437
▁죽였어	-11.649446
▁징	-11.649451
▁책임을	-11.649466
친숙	-11.649481
놓치	-11.649510
저지르	-11.649599
▁을거부	-11.649619
는바람	-11.649664
보좌	-11.649743
▁와다른	-11.649802
▁곱한	-11.649873
▁불완전	-11.649980
▁이걸로	-11.649994
땅끝	-11.650013
▁뭐예요	-11.650137
▁은처음	-11.650137
화해	-11.650150
▁화재	-11.650173
▁가다른	-11.650182
될수있읍니다	-11.650277
▁정신이	-11.650295
▁단추	-11.650325
익은	-11.650392
밀리	-11.650441
들어서	-11.650592
세이	-11.650689
▁펼쳐	-11.650706
▁골짜기	-11.650901
날짜	-11.650928
▁가능합니다	-11.650995
▁도와주세요	-11.651091
▁필요하다	-11.651113
▁의목소리	-11.651299
켄	-11.651334
돌봄	-11.651462
▁은죄	-11.651513
▁을나타내는사람	-11.651591
son	-11.651619
프로테스탄트	-11.651812
▁을올바로	-11.651872
)"	-11.651920
▁낙태	-11.651950
▁있는거	-11.651988
분량	-11.652024
없어요	-11.652060
▁요약	-11.652291
바늘	-11.652529
▁보였	-11.652696
되죠	-11.652719
▁에서우러나와	-11.652737
끊임없는	-11.652737
모퉁이	-11.652795
▁을주고	-11.652833
주예수그리스도	-11.653033
▁으로알려진	-11.653060
▁묶어	-11.653175
없음	-11.653236
▁로운자	-11.653254
▁하얀	-11.653312
▁한시기	-11.653326
▁원본	-11.653350
▁오늘날여호와	-11.653353
▁을지나	-11.653463
▁잘못이	-11.653503
▁태어난	-11.653582
▁와연합	-11.653922
▁죽었어요	-11.653972
그랬	-11.654116
물침례	-11.654188
▁파이프	-11.654252
▁벌레	-11.654383
그왕국	-11.654465
▁는언제	-11.654503
▁이쪽은	-11.654718
은하	-11.654732
▁이놈	-11.654774
▁연결되어	-11.654808
▁약속이	-11.654890
배반	-11.654911
▁우리역시	-11.654927
▁더라	-11.655206
올바로	-11.655222
고믿	-11.655272
▁명령이	-11.655345
하자면	-11.655386
▁해주신	-11.655420
만드셨	-11.655437
알아차리	-11.655449
자발적	-11.655605
망원경	-11.655731
▁하자고	-11.655741
▁뒤를	-11.655791
▁하여하나님	-11.655894
상충	-11.655951
▁를믿는	-11.656008
년대에	-11.656253
▁을보는	-11.656312
있겠습니까	-11.656396
열리는	-11.656503
가깝게	-11.656534
▁수입	-11.656563
택하신	-11.656609
▁이것들을	-11.656707
▁스바냐	-11.656727
▁완	-11.656808
▁을대신	-11.656816
햇볕	-11.657034
▁은지혜	-11.657277
▁가있을때	-11.657320
▁생각해봐	-11.657433
▁상사	-11.657436
▁에앉아있	-11.657475
▁파는	-11.657543
▁에머물러있	-11.657640
졌읍니다	-11.657649
▁합의	-11.657707
고자한다면	-11.657749
▁모든걸	-11.657780
대조적	-11.657792
기호	-11.657804
재정	-11.657869
그다음	-11.658063
크로	-11.658149
▁을유발	-11.658220
▁의비	-11.658246
▁년대초	-11.658270
▁를원치않	-11.658278
▁피곤	-11.658293
▁는증인	-11.658347
▁이있어서	-11.658401
제정	-11.658419
▁가만	-11.658436
▁34,	-11.658446
참그리스도교	-11.658477
▁는아직도	-11.658485
▁을벌이	-11.658601
▁특	-11.658654
들처럼	-11.658666
▁내게로	-11.658685
극장	-11.658689
▁합리적	-11.659127
▁샀	-11.659148
▁장치를	-11.659161
▁흑	-11.659245
▁동성애	-11.659284
▁통하여	-11.659306
돌이키	-11.659346
해독	-11.659430
▁기억을	-11.659518
지뢰	-11.659574
▁생각해보세요	-11.659677
▁되지만	-11.659768
▁드리는	-11.659798
▁라고부르	-11.659810
낙관적	-11.660156
▁손에서	-11.660183
비둘기	-11.660193
처럼요	-11.660244
것을	-11.660248
가사	-11.660256
오신	-11.660454
불공평	-11.660521
화재	-11.660609
▁평면	-11.660694
냐면	-11.660765
▁압박	-11.660866
유전적	-11.660868
단념	-11.661023
▁때려	-11.661100
88	-11.661112
▁가속	-11.661181
▁수확	-11.661195
▁하나니	-11.661316
▁잡은	-11.661319
▁넣을	-11.661522
놓을	-11.661571
▁하다는점	-11.661596
▁인체	-11.661601
잔뜩	-11.661626
현존	-11.661690
보호구역	-11.661771
▁은피	-11.661823
분개	-11.661941
종교단체	-11.662048
간다면	-11.662077
▁으로계속	-11.662191
비천	-11.662287
▁이약속	-11.662381
sp	-11.662462
두는것	-11.662504
실업	-11.662527
▁열방	-11.662534
▁잡히	-11.662633
▁알렉산더	-11.662756
▁최상	-11.662889
및그	-11.662940
▁믿는자	-11.663052
로구성	-11.663185
우물	-11.663331
값이	-11.663389
▁해군	-11.663491
▁를가리켜	-11.663512
둥근	-11.663519
▁깊게	-11.663565
권한다	-11.663651
▁용의자	-11.663779
▁교훈이	-11.663783
입구	-11.663788
▁개인적으로	-11.663814
▁감수	-11.663849
정맥	-11.663919
시티	-11.663985
▁나팔	-11.663991
▁2011	-11.664003
▁가가진	-11.664008
였다고	-11.664074
▁축구	-11.664087
▁현세에서	-11.664168
▁과같은것	-11.664195
강한믿음	-11.664318
▁를필요	-11.664347
▁자료를	-11.664351
▁아예	-11.664353
중상	-11.664365
▁과하나님	-11.664390
▁의창조	-11.664418
저렴	-11.664463
분해	-11.664473
▁의시험	-11.664502
▁대다수는	-11.664539
인디언	-11.664647
▁에함께	-11.664680
▁의만찬	-11.664763
게해주는	-11.664901
▁시신	-11.664967
▁쇠	-11.665114
혹독	-11.665124
▁태어났	-11.665134
▁많아요	-11.665257
완전성	-11.665397
▁들및	-11.665610
수축	-11.665763
ast	-11.665783
▁슬프	-11.665794
▁여정	-11.665875
는결론	-11.665900
하셨으니	-11.665962
물질주의	-11.666050
▁2008	-11.666247
이잖아요	-11.666276
▁열려	-11.666429
식민지	-11.666483
독일어	-11.666504
▁말라기	-11.666509
된다면	-11.666537
달러를	-11.666577
▁하지않도록	-11.666626
버릴것	-11.666658
▁고맙	-11.666686
주시겠어요	-11.666728
주시고	-11.666777
그이유	-11.667032
▁의대회	-11.667053
▁한모범	-11.667119
정적	-11.667331
▁콤	-11.667455
조금씩	-11.667564
걸리	-11.667583
▁를인식	-11.667601
의약품	-11.667655
▁을앓	-11.667707
신도	-11.667717
▁에대하여는	-11.667818
거미	-11.667850
▁짓이야	-11.667923
▁그러면우리	-11.667967
상쾌	-11.668005
불러	-11.668030
▁의큰날	-11.668207
▁에하늘	-11.668212
▁거리에	-11.668339
▁전력	-11.668388
환호	-11.668531
▁과그리스도	-11.668560
이라니	-11.668671
배움	-11.668674
▁에는우리	-11.668773
잘알려져있	-11.668818
같았	-11.668893
하면서도	-11.669017
▁냄새가	-11.669026
파라오	-11.669053
▁드렸	-11.669071
청구	-11.669136
▁된다는것	-11.669156
▁과가족	-11.669257
▁동정심	-11.669261
▁를느끼	-11.669283
틱	-11.669284
▁도하느님	-11.669320
칠때	-11.669321
카인	-11.669358
즐길	-11.669447
두배	-11.669561
채취	-11.669600
▁징계	-11.669710
▁도못	-11.669806
▁에게내	-11.669985
▁나라의	-11.670004
▁해진다	-11.670067
▁토레스	-11.670202
▁마른	-11.670224
인류역사	-11.670260
▁성소	-11.670283
▁찾아서	-11.670425
회중장로	-11.670432
돌아보	-11.670464
▁이훨씬	-11.670479
알수있	-11.670498
▁이인류	-11.670599
귀지	-11.670648
▁베냐민	-11.670675
일어난다	-11.670718
홍색	-11.670782
산물	-11.670791
▁잃을	-11.670920
▁승인	-11.670986
▁은수	-11.671041
▁에시달리	-11.671072
▁어떻게든	-11.671148
하지않습니다	-11.671154
▁를일으키	-11.671238
▁비디오를	-11.671248
음식물	-11.671251
▁열린	-11.671299
페르시아	-11.671309
겠는데	-11.671329
ear	-11.671356
▁되나요	-11.671454
헐	-11.671491
티스	-11.671704
▁불평	-11.671708
▁없잖아요	-11.671717
▁데에	-11.671726
있지요	-11.671824
▁여년	-11.671829
▁몰랐어요	-11.671836
사적	-11.671899
놓으면	-11.671947
드문	-11.671952
접어	-11.671957
▁가져왔	-11.672037
▁가많다	-11.672050
▁있도다	-11.672054
▁하는내용	-11.672098
▁섞	-11.672177
워치타워	-11.672183
터무니	-11.672225
족장	-11.672244
뜨려	-11.672285
▁이라는표현	-11.672345
▁뜰	-11.672357
했단	-11.672559
▁안심	-11.672649
▁실현	-11.672744
▁이날	-11.672829
올려	-11.672958
▁의세	-11.673046
▁한목자	-11.673070
▁공간이	-11.673109
하기에	-11.673230
했었어	-11.673233
부르심	-11.673371
하셨어요	-11.673470
취해	-11.673475
▁이뤄	-11.673478
가외	-11.673558
▁은퇴	-11.673573
▁써야	-11.673697
▁를원한다	-11.673697
폭도	-11.673813
다운	-11.673840
사육	-11.673862
먼곳	-11.673966
ha	-11.673991
▁에있습니다	-11.674001
복을	-11.674008
희생자	-11.674069
▁환상	-11.674170
▁갈색	-11.674268
▁이들어있다	-11.674293
유적	-11.674333
실은	-11.674339
넥	-11.674405
▁한기회	-11.674416
▁은바울	-11.674417
▁가치를	-11.674565
목욕	-11.674635
▁께로	-11.674677
▁통증	-11.674752
▁에적합	-11.674777
▁우리집	-11.674830
▁탄생	-11.674858
▁도있지만	-11.674864
▁스가랴	-11.674870
18;	-11.674944
▁미안하다	-11.674995
▁요한복음	-11.675084
▁계곡	-11.675135
▁범인	-11.675192
수영	-11.675202
준다고	-11.675206
어느누구	-11.675248
▁이아니요	-11.675282
가까왔	-11.675413
시매	-11.675466
오빠	-11.675494
▁의악한	-11.675528
▁이눈	-11.675630
▁한충고	-11.675752
고마워	-11.675803
▁을추	-11.675909
▁시체를	-11.675970
▁파란	-11.675986
▁이해하고	-11.676164
▁진흙	-11.676169
한다음	-11.676187
▁마십시오	-11.676204
모든자	-11.676427
▁을하나	-11.676476
▁토마스	-11.676641
▁action	-11.676648
▁1981	-11.676680
했었습니다	-11.676683
어야할	-11.676724
떨어뜨리	-11.676768
다행	-11.676780
쏟아져	-11.676813
▁달러를	-11.676846
▁을찍	-11.676871
▁대니	-11.676969
살인자	-11.677001
치유	-11.677108
▁를완전	-11.677128
하지않을것	-11.677363
▁반가워요	-11.677378
하신다	-11.677458
도록하라	-11.677466
▁이초래	-11.677590
▁이상은	-11.677640
▁를더욱	-11.677709
▁이없읍니다	-11.677867
▁의거의	-11.677885
의미있는	-11.677885
심정	-11.677931
닥칠	-11.677971
▁구원자	-11.677998
▁무섭	-11.678008
하고있습니다	-11.678022
이루어질것	-11.678100
역병	-11.678172
판단력	-11.678270
▁없었고	-11.678406
대고	-11.678406
▁편견	-11.678469
▁다가오는	-11.678605
첼	-11.678644
▁컴퓨터를	-11.678706
쁜	-11.678720
▁의시체	-11.678735
▁강이	-11.678823
▁을돕기위해	-11.678881
▁홈즈	-11.678967
▁않다	-11.678991
▁뒤에서	-11.678994
▁이유입니다	-11.678998
▁우리가족	-11.679044
▁갈래	-11.679278
▁잠들	-11.679308
씀	-11.679532
애착	-11.679559
▁면지	-11.679628
▁조금도	-11.679642
▁을위협	-11.679726
참을성있게	-11.679822
하겠	-11.679863
왕국전도인	-11.679909
요금	-11.680132
명료	-11.680250
▁가봐야	-11.680292
▁63	-11.680367
컵	-11.680428
▁밤이	-11.680434
앓	-11.680464
따랐	-11.680500
▁되리니	-11.680502
▁을알게된다	-11.680592
▁치료를	-11.680623
▁를공경	-11.680685
▁이나그	-11.680722
빈민	-11.680746
▁by	-11.680786
▁의악귀	-11.680792
찾을수있	-11.680875
▁노르웨이	-11.680908
조사결과	-11.680946
▁갈릴리	-11.680976
찐	-11.681000
▁세기그리스도인	-11.681004
▁그러게	-11.681047
었나	-11.681049
누리	-11.681059
▁나비	-11.681203
▁믿었	-11.681209
방송국	-11.681281
▁같으니	-11.681330
pl	-11.681347
▁왼쪽에	-11.681599
▁께서지상	-11.681725
메스	-11.681898
▁이산화탄소	-11.681911
▁그때문	-11.682143
실리	-11.682250
▁입에	-11.682493
보일것	-11.682647
▁를지적	-11.682672
▁그렇기	-11.682736
▁중독자	-11.682766
최신	-11.682800
▁수익	-11.682813
▁는이것	-11.682959
▁의불	-11.683206
▁영감을	-11.683214
▁보시다시피	-11.683218
▁소망	-11.683245
망각	-11.683267
유인	-11.683285
냐고요	-11.683655
▁분위기	-11.683739
정통	-11.683761
cm	-11.683765
살아서	-11.683784
▁두명	-11.683859
▁자격	-11.683867
▁를이루는	-11.683882
주안	-11.683979
부수	-11.684073
47	-11.684078
▁훔치	-11.684182
깊어	-11.684256
정규	-11.684285
▁10,000	-11.684376
▁것들에	-11.684447
쌀	-11.684713
토리	-11.684717
메리	-11.684854
▁아내는	-11.684891
바꿔	-11.684969
로마제국	-11.685052
도록격려	-11.685068
게하려고	-11.685069
▁이형성	-11.685289
남긴	-11.685388
▁걔네	-11.685419
▁넓이	-11.685456
▁시몬	-11.685520
▁을알리	-11.685550
▁루터	-11.685590
▁에따른	-11.685594
울리	-11.685766
고있다면	-11.685905
▁놓아	-11.685969
▁인경우	-11.686016
▁라인	-11.686202
얼마전	-11.686374
었음을	-11.686396
▁수사	-11.686397
▁는아마	-11.686460
효력	-11.686461
▁을얻는것	-11.686487
감이	-11.686603
으실것	-11.686802
초목	-11.687088
불빛	-11.687160
▁는성경	-11.687192
고있지만	-11.687235
외침	-11.687260
드렸	-11.687394
▁권위	-11.687547
▁가이미	-11.687572
▁가되게하	-11.687614
어서는안된다	-11.687629
뜬	-11.687637
주부	-11.687685
▁생겨	-11.687739
▁에게주어진	-11.687832
▁오른쪽에	-11.687845
돌아와서	-11.687873
외계	-11.687909
▁은아직	-11.687952
가기	-11.688014
침입	-11.688025
▁에초대	-11.688039
았지만	-11.688046
hi	-11.688148
▁하지않으면	-11.688414
기자	-11.688641
터를	-11.688659
▁지역에	-11.688718
▁전설	-11.688746
AD	-11.688779
우수	-11.688898
▁구하기	-11.688900
▁아기가	-11.688993
연쇄	-11.689158
▁증거가	-11.689207
혐오	-11.689238
▁은종교	-11.689315
▁침착	-11.689325
다음날	-11.689363
▁가없을것	-11.689514
▁좋네요	-11.689582
▁해보죠	-11.689622
다양성	-11.689641
▁하도록도움	-11.689668
닦	-11.689673
우리각자	-11.689693
챙	-11.689702
▁의크기	-11.689759
▁기어	-11.689766
해왔다	-11.689832
즙	-11.689858
그렇게말	-11.689875
씌	-11.689995
걸려	-11.690103
▁서양	-11.690112
통역	-11.690188
▁의거대	-11.690256
숙련	-11.690342
점증	-11.690457
▁한성서지식	-11.690553
▁인생의	-11.690700
▁이지구	-11.690727
배교자	-11.690847
ob	-11.691044
▁사장님	-11.691044
▁에남	-11.691149
▁이있을수있	-11.691161
여겨지는	-11.691225
▁예시	-11.691321
▁어딘가에	-11.691338
▁천국이	-11.691366
도록돕	-11.691493
▁은어느	-11.691538
▁아심으로	-11.691643
븐	-11.691683
▁과다른사람	-11.691688
▁싶다고	-11.691716
▁몇개	-11.691717
▁자체가	-11.691747
▁한책임	-11.691813
징후	-11.691941
음녀	-11.691960
▁이점점	-11.691978
칼라	-11.692074
덥	-11.692086
▁누구에게	-11.692111
▁부스	-11.692165
▁이대단	-11.692311
▁한연구	-11.692326
▁미안하지만	-11.692356
나사로	-11.692393
소스	-11.692450
▁많은나라	-11.692546
▁마법사	-11.692570
▁도있	-11.692579
여길	-11.692693
▁을끄는	-11.692839
▁의대표자	-11.692846
▁돌이켜	-11.692954
다고믿	-11.692982
▁을다하고	-11.692989
▁신자	-11.693021
덧붙인다	-11.693060
마약남용	-11.693064
144,000	-11.693066
▁줘야	-11.693321
▁로켓	-11.693337
▁그런데그	-11.693364
▁도덕	-11.693373
▁쓰면	-11.693383
종합	-11.693420
하더군요	-11.693426
정리	-11.693427
▁동맥	-11.693516
큼	-11.693521
분배	-11.693539
수레	-11.693543
▁하든지	-11.693557
그형제	-11.693679
▁하는방식	-11.693868
보였	-11.693907
윌리엄	-11.693931
▁뿐이다	-11.693976
클레	-11.694137
어놓	-11.694253
▁남을	-11.694296
휠체어	-11.694318
▁쉐퍼드	-11.694324
▁을다음	-11.694465
▁은내게	-11.694468
▁한진리	-11.694499
▁라는표현	-11.694517
▁순간이	-11.694545
게된다면	-11.694600
알리	-11.694611
▁페인트	-11.694621
▁선택된	-11.694622
▁문제야	-11.694629
▁한욕망	-11.694667
지구상	-11.694923
▁추출	-11.695009
놓아	-11.695147
▁슬라이드	-11.695156
모스	-11.695213
▁설명을	-11.695402
▁바티칸	-11.695658
▁에적응	-11.695690
▁사귀	-11.695698
▁얻지	-11.695729
정규파이오니아	-11.695896
남아프리카공화국	-11.696226
▁마음으로	-11.696321
▁싸워	-11.696339
▁혈압	-11.696383
었느니라	-11.696442
▁Ch	-11.696465
칭송	-11.696691
셨음을	-11.696727
▁이없다고	-11.696743
대법원	-11.696801
▁타입	-11.696830
사라질것	-11.696840
납득	-11.696847
먹는다	-11.696878
▁뺏	-11.696987
되었으니	-11.697045
경영	-11.697096
찬란	-11.697258
▁62	-11.697337
쏘	-11.697354
높은곳	-11.697468
▁의의견	-11.697482
▁허리	-11.697566
▁발달	-11.697742
뒷받침	-11.697775
▁수요	-11.697790
▁자들로	-11.697803
▁망원경	-11.697911
▁정부의	-11.698008
▁아니었어요	-11.698024
사라져	-11.698025
농업	-11.698111
▁어린아이	-11.698229
성읍	-11.698507
갓	-11.698559
▁가많은	-11.698571
▁는그런	-11.698621
▁약한	-11.698730
다닐	-11.698975
공항	-11.698978
몇주	-11.699046
더라고	-11.699181
항공	-11.699257
▁영향	-11.699337
▁부친	-11.699358
▁살짝	-11.699365
▁나폴레옹	-11.699516
▁거주	-11.699523
▁에이러	-11.699559
ment	-11.699673
▁구매	-11.699687
▁토요일	-11.699721
▁를놓	-11.699739
▁희망을	-11.699762
패배	-11.699941
▁굉장한	-11.700014
▁벗어	-11.700054
▁가지를	-11.700109
▁번도	-11.700126
▁한면	-11.700234
▁등등	-11.700314
뜨릴	-11.700391
정지	-11.700427
다른지역	-11.700455
침공	-11.700455
▁하네	-11.700571
▁않는다고	-11.700615
그리고인류	-11.700762
▁주었	-11.700855
▁춤을	-11.700967
▁이흐르면서	-11.701052
▁에속	-11.701056
하찮은	-11.701158
▁무리는	-11.701275
연속	-11.701287
종양	-11.701294
▁끈	-11.701318
▁물러	-11.701325
평범	-11.701365
녹색	-11.701449
27	-11.701507
산다	-11.701656
▁논	-11.701679
▁사실입니다	-11.701684
▁터널	-11.701714
▁않다고	-11.701818
▁처럼우리	-11.701866
대략	-11.701930
▁있겠어	-11.701936
▁종족	-11.701950
인종적	-11.701988
▁을선고	-11.702003
▁깔	-11.702046
▁2010	-11.702048
실내	-11.702070
선교	-11.702151
▁을도와주	-11.702408
어야합니까	-11.702410
줄수있는	-11.702444
나타났습니다	-11.702462
낯	-11.702473
▁이위험	-11.702552
▁참가	-11.702581
태양계	-11.702589
셨을	-11.702610
▁광산	-11.702619
▁한주의	-11.702707
힘든일	-11.702737
▁태아	-11.702746
▁기부	-11.702754
엑	-11.702867
▁이것들이	-11.702929
▁법률	-11.702946
▁일동안	-11.703153
▁긴급	-11.703171
침묵	-11.703275
하자고	-11.703283
▁써서	-11.703286
▁을세웠	-11.703287
ee	-11.703294
▁섰	-11.703451
▁열차	-11.703473
▁Oh	-11.703510
▁하고있는사람	-11.703524
게하십시오	-11.703568
▁개수	-11.703723
▁에서가장큰	-11.703732
건수	-11.703983
▁해방	-11.704102
만은	-11.704149
▁해야하였습니다	-11.704151
▁일까요	-11.704196
▁알아낼	-11.704227
▁내보내	-11.704353
▁감히	-11.704396
93	-11.704412
▁악몽	-11.704573
▁로이주	-11.704609
99	-11.704683
▁로그인	-11.704720
켰	-11.704723
자산	-11.704746
뜨린	-11.704770
▁까지그	-11.704797
을텐데	-11.704803
지못했습니다	-11.704839
▁소비자	-11.704976
끝났다	-11.705001
ight	-11.705079
필수품	-11.705091
▁각이	-11.705141
▁구원하	-11.705255
렇	-11.705269
▁싸우는	-11.705300
▁가바로	-11.705320
열등	-11.705328
▁다니는	-11.705350
▁과기타	-11.705443
▁여자들	-11.705461
체온	-11.705483
용량	-11.705498
▁께서나	-11.705654
해주면	-11.705710
설탕	-11.705789
맹인	-11.705815
▁염원하	-11.705920
▁사도요한	-11.705945
부릅니다	-11.706198
자부심	-11.706264
된다고	-11.706300
보여주었습니다	-11.706312
지아니하리라	-11.706321
▁은과거	-11.706418
▁배우고	-11.706564
▁으로돌아오	-11.706702
잖	-11.706839
▁는최근	-11.706900
▁북극	-11.706910
▁과정신	-11.706919
바닷물	-11.707150
확	-11.707283
시온	-11.707418
▁탔	-11.707467
▁퇴	-11.707495
조립	-11.707672
느낍니	-11.707767
▁알고리즘	-11.707930
▁그림자	-11.708113
▁을모으	-11.708142
살펴보면	-11.708144
함정	-11.708272
▁빅	-11.708340
방금	-11.708377
▁궁금하	-11.708483
그렇지않	-11.708555
▁특별히	-11.708572
참됨	-11.708751
이섬	-11.708835
▁심장을	-11.708899
어떤형태	-11.708968
▁이되었으며	-11.709048
▁거라는	-11.709054
새계약	-11.709068
▁모른다	-11.709089
▁애기	-11.709107
잖나	-11.709268
▁의해서	-11.709307
솔로몬왕	-11.709476
▁또다시	-11.709570
▁이따금	-11.709575
▁차고	-11.709652
▁의복	-11.709676
▁를생산	-11.709774
▁개발도상국	-11.709883
▁나타났	-11.709892
향기	-11.709910
▁거래를	-11.709932
▁하나님께로	-11.709937
시기전	-11.710051
▁하여도	-11.710087
카메라	-11.710091
▁실제로는	-11.710093
▁를자기	-11.710113
는소식	-11.710147
▁선지자가	-11.710222
▁데려	-11.710238
▁그날은	-11.710282
▁은더이상	-11.710286
하리	-11.710371
문법	-11.710433
▁을바쳤	-11.710605
▁로들어가	-11.710668
▁염색체	-11.710809
장엄	-11.710840
누룩	-11.710842
▁플라	-11.710849
▁차단	-11.710982
면제	-11.711074
▁40:	-11.711114
▁을미리	-11.711122
앉아있	-11.711127
▁와여자	-11.711381
맡	-11.711385
▁을감동	-11.711403
갔으며	-11.711451
▁들어왔	-11.711467
▁죄책감	-11.711545
▁모형	-11.711601
▁인공	-11.711740
죽을때	-11.711746
용인	-11.711751
파일	-11.711774
는거지	-11.711905
▁갔어요	-11.711933
▁므낫세	-11.711972
▁웬	-11.712089
충당	-11.712132
▁에응	-11.712220
곰곰이	-11.712357
굶주린	-11.712357
기생충	-11.712385
▁복구	-11.712386
설득력	-11.712409
가나안	-11.712608
▁능	-11.712657
▁전화해	-11.712662
▁의하느님여호와	-11.712678
▁아동	-11.712685
실에서	-11.712732
▁밝	-11.712765
할수있는가	-11.712768
▁하지만나	-11.712866
05	-11.712951
▁는교회	-11.712965
▁를없애	-11.713133
▁설마	-11.713250
▁이특히	-11.713263
부채	-11.713330
▁자말	-11.713433
▁에서침례	-11.713454
▁의여자	-11.713479
▁을가지고있습니다	-11.713522
▁하다는사실	-11.713532
▁관대	-11.713611
▁일만	-11.713658
▁에녹	-11.713725
것입니다	-11.713790
65	-11.713805
고장	-11.713850
▁은평화	-11.713964
▁대접	-11.714157
수천명	-11.714184
즘	-11.714224
▁하지만이	-11.714227
되거나	-11.714238
이스라엘인	-11.714289
▁하다고말	-11.714353
▁따를	-11.714508
밀고	-11.714542
▁한위치	-11.714546
보금자리	-11.714638
▁들어올	-11.714671
자기백성	-11.714690
미술	-11.714753
옥수수	-11.714777
▁도역시	-11.714820
헤아릴수	-11.714857
한마디	-11.714911
▁하게된것	-11.714979
▁에못	-11.715007
▁계시는	-11.715020
▁되어서	-11.715198
최후의	-11.715206
놀란	-11.715232
▁의일원	-11.715272
▁때문이야	-11.715316
떠났습니다	-11.715583
▁때의	-11.715620
▁조명	-11.715621
넘어가	-11.715668
▁진노	-11.715701
이틀	-11.715706
구식	-11.716012
혔다	-11.716042
보배	-11.716080
문자그대로	-11.716132
▁말했던	-11.716176
▁버릴	-11.716262
▁필요도	-11.716290
나아갈	-11.716302
▁스러워	-11.716369
았어	-11.716520
사방	-11.716543
회계	-11.716562
▁최신	-11.716659
▁종교를	-11.716701
▁도이	-11.716831
높아	-11.716854
▁엠파이어	-11.716918
무익	-11.716927
▁나누는	-11.716939
비옥	-11.716984
음모	-11.717022
▁제외하고는	-11.717052
냉담	-11.717126
▁줄기	-11.717163
삼촌	-11.717253
사로잡	-11.717615
반석	-11.717637
격분	-11.717659
▁44.	-11.717663
▁을찾아내	-11.717812
▁가있다고	-11.717830
▁백신	-11.717932
▁해볼수있	-11.718073
야비로소	-11.718185
무신론자	-11.718207
▁않나	-11.718215
▁됐죠	-11.718426
전해	-11.718432
불안감	-11.718534
▁신약	-11.718560
세째	-11.718625
▁그보다	-11.718655
▁자도	-11.718714
야하였다	-11.718716
나쁜일	-11.718743
▁유엔	-11.718745
▁의신세계	-11.718800
▁봐도	-11.718934
잘알려진	-11.718971
▁주머니	-11.718996
▁하지는않	-11.719013
▁좋겠다	-11.719020
▁에더욱	-11.719030
▁을불러일으키는	-11.719030
▁잇	-11.719068
보답	-11.719186
헌법	-11.719289
버릇	-11.719303
▁누르십시오	-11.719324
▁태평양	-11.719332
▁귀엽	-11.719339
에덴동산	-11.719366
▁잭슨	-11.719440
들어간다	-11.719476
▁자손들	-11.719509
얻는	-11.719547
▁신기	-11.719659
▁으로보아	-11.719728
셔도	-11.719900
표정	-11.719913
▁을줄것	-11.720060
▁공격을	-11.720062
▁의수도	-11.720188
▁시키기위하여	-11.720196
▁ID	-11.720211
메일	-11.720256
▁이있었으며	-11.720259
▁준비됐	-11.720306
스마	-11.720313
▁파일의	-11.720388
▁이라고확신	-11.720416
▁상관이	-11.720490
▁통신원기	-11.720738
▁당국	-11.720745
▁장담	-11.720755
낼수있	-11.720863
▁을흘리	-11.720874
▁브루클린	-11.720919
족속	-11.720933
▁은어느정도	-11.721002
▁신부님	-11.721064
▁한소식	-11.721145
났어요	-11.721169
▁머리카락	-11.721221
▁다룰	-11.721386
감수	-11.721411
법인	-11.721416
어집니다	-11.721483
음에도불구하고	-11.721499
▁멀쩡	-11.721502
SA	-11.721507
과소평가	-11.721550
날카로운	-11.721580
▁실종	-11.721601
이같이	-11.721604
하시나니	-11.721639
▁샘플	-11.721647
그리스어단어	-11.721663
▁1977	-11.721674
봉투	-11.721745
▁이단지	-11.721754
들어주	-11.721963
볼래	-11.721974
▁에대해어떻게	-11.722010
▁모기	-11.722014
▁미래의	-11.722062
▁바비	-11.722182
▁에게더	-11.722182
럿	-11.722214
▁반대로	-11.722220
▁은일	-11.722238
모델	-11.722296
▁도없을것	-11.722367
겠구나	-11.722407
느낀다	-11.722451
▁이스라엘백성	-11.722495
기직전	-11.722511
▁여기에는	-11.722531
▁이올것	-11.722638
▁불신하는	-11.722737
공격적	-11.722791
▁물러나	-11.722873
위선적	-11.722886
▁현금	-11.722915
▁어디에서	-11.722935
▁할권리	-11.723095
▁의결혼생활	-11.723121
세속적	-11.723158
iv	-11.723183
▁린	-11.723229
릭스	-11.723342
▁의각	-11.723421
당혹	-11.723464
▁을주셨습니다	-11.723471
▁이라는이름	-11.723477
▁나만	-11.723478
▁뿐이죠	-11.723571
▁푸른	-11.723598
▁의중심	-11.723631
핏	-11.723799
▁양변을	-11.723805
▁있으소서	-11.723934
▁지옥에	-11.723952
민간인	-11.724005
▁보조	-11.724013
발효	-11.724064
살았다	-11.724330
▁으로발전	-11.724585
▁번개	-11.724626
▁다음엔	-11.724731
▁도했습니다	-11.724866
▁술을	-11.724916
되었는지	-11.724924
▁여성들	-11.725060
가르친다	-11.725062
▁보건	-11.725073
고민	-11.725118
리브가	-11.725142
▁효과를	-11.725185
연약	-11.725189
▁불공평	-11.725217
▁인여호와	-11.725255
▁고생	-11.725260
▁외상	-11.725387
알게되었습니다	-11.725451
▁공정	-11.725490
진찰	-11.725645
▁오히려그	-11.725698
▁어떻게그러	-11.725724
▁의영적필요	-11.725779
▁천사가	-11.725825
하심을	-11.726007
▁향락	-11.726354
▁셈	-11.726373
▁일할	-11.726388
왜그렇게	-11.726417
mp	-11.726543
▁한참	-11.726605
▁만달러	-11.726666
오로지	-11.726687
치욕	-11.726858
▁전에도	-11.726859
▁을먹고	-11.726940
이건	-11.726941
▁타인	-11.727040
▁절차	-11.727152
▁이들어있습니다	-11.727202
▁반지	-11.727210
▁go	-11.727236
▁있었지만	-11.727296
▁만나고	-11.727782
▁는그렇게	-11.727872
한거야	-11.728094
략	-11.728339
카이사르	-11.728415
▁어떡해	-11.728435
▁그러므로여호와	-11.728462
▁생물학	-11.728477
▁바꿨	-11.728496
▁인생에서	-11.728505
▁껍질	-11.728557
▁은위험	-11.728642
▁를가지고있는	-11.728693
▁했음을	-11.728701
▁에보내	-11.728750
▁을나타낼	-11.728830
tion	-11.728864
▁있느냐	-11.728867
과실	-11.728882
튀	-11.728884
▁하여라	-11.728894
▁수십	-11.728905
▁자손과	-11.729021
▁부호	-11.729156
배울수있	-11.729185
▁방주	-11.729229
▁한도시	-11.729348
만든것	-11.729404
▁의아들예수그리스도	-11.729712
가끔	-11.729805
▁를세우	-11.729892
▁안해	-11.729935
고독	-11.730000
자기자녀	-11.730138
▁전사	-11.730179
▁표시줄	-11.730337
흩	-11.730610
매체	-11.730626
년의	-11.730674
▁아프가니스탄	-11.730726
▁인코딩	-11.730728
▁마디	-11.730744
▁살펴	-11.730798
었나요	-11.730865
▁해주셨습니다	-11.730935
어떤상황	-11.730975
▁슬론	-11.730987
▁같게	-11.731027
▁거라면	-11.731097
▁을빼앗	-11.731142
인격	-11.731175
▁물리학	-11.731283
의아	-11.731343
▁대가	-11.731381
▁-5	-11.731421
항의	-11.731446
ub	-11.731480
▁이로다	-11.731483
스틱	-11.731508
▁은다시	-11.731578
그리스도인부모	-11.731612
▁에넣어	-11.731643
▁은집	-11.731685
만약	-11.731711
▁을그대로	-11.731894
▁한활동	-11.731904
▁께서친히	-11.732013
▁파일에	-11.732029
▁건배	-11.732056
믿어	-11.732118
▁권리가	-11.732129
▁를함께	-11.732142
▁재앙을	-11.732157
▁못하노라	-11.732191
▁을얻어	-11.732192
수염	-11.732256
▁을나타냅니다	-11.732359
▁불지옥	-11.732388
▁에게매우	-11.732490
덮어	-11.732621
▁구하지	-11.732685
▁이었음을	-11.732808
▁오만한	-11.732832
도와줄	-11.732978
▁찬양	-11.733031
거듭거듭	-11.733047
▁께서인간	-11.733109
▁쭉	-11.733163
이교도	-11.733228
▁을한것	-11.733270
절편	-11.733281
품종	-11.733287
인간정부	-11.733385
▁편집자	-11.733392
직분	-11.733396
돼요	-11.733438
▁사체	-11.733521
고계십니다	-11.733679
피로	-11.733851
▁싶었어	-11.733860
▁에관련	-11.733943
▁바로그	-11.734086
▁차원	-11.734188
▁학년	-11.734203
▁의인구	-11.734339
▁다릅니다	-11.734385
신권	-11.734396
어떻게될것	-11.734435
▁는두	-11.734490
▁거긴	-11.734514
▁때를	-11.734581
▁을당하고	-11.734700
▁탐색	-11.734707
지경	-11.734738
낱	-11.734818
▁은돈	-11.734876
▁이될수	-11.734892
는것같다	-11.735019
4,000	-11.735082
였지요	-11.735143
밝혀졌	-11.735225
줬으면	-11.735250
▁에브라임	-11.735377
▁좋은데	-11.735442
▁강아지	-11.735451
▁가땅	-11.735453
▁에서자라	-11.735455
▁로이루어져있	-11.735523
행정	-11.735595
▁이제우리	-11.735620
팽창	-11.735663
이모든일	-11.735667
였으며	-11.735685
두었다	-11.735739
앉아	-11.735752
▁을닫	-11.735767
강타	-11.735790
주말	-11.735797
▁즐거워	-11.735861
스러워	-11.735873
된다는	-11.735938
79	-11.735955
만한가치	-11.735956
사도행전	-11.736045
▁의주제	-11.736066
▁다루는	-11.736097
▁엄마랑	-11.736105
▁으로보내	-11.736223
떠날	-11.736418
▁을하고있는	-11.736538
▁의주인	-11.736545
잠간	-11.736766
빙하	-11.736800
▁과정이	-11.736803
전환	-11.736877
▁의띠	-11.736927
▁상황은	-11.737159
▁점에서	-11.737164
▁에마음	-11.737245
그집	-11.737448
▁한동물	-11.737524
▁일때	-11.737588
▁인플레이션	-11.737703
▁애들은	-11.737787
▁파키스탄	-11.737792
독실	-11.737803
▁1968	-11.737815
즐길수있	-11.737953
▁하지않을	-11.738047
갔던	-11.738158
원소	-11.738188
나봐요	-11.738408
많은청소년	-11.738425
▁2002	-11.738523
계승	-11.738575
▁깨끗한	-11.738626
하거든요	-11.738641
▁납	-11.738707
제작자	-11.738737
▁앉아있	-11.738768
▁당시에	-11.738866
논증	-11.738899
▁공룡	-11.738909
▁바람을	-11.739265
이긴	-11.739303
들어간	-11.739450
내일	-11.739863
벽돌	-11.739901
첨	-11.739913
노화	-11.739959
▁과새땅	-11.739965
도록도움	-11.739987
돛	-11.740040
▁슬픈	-11.740048
▁에올라	-11.740063
▁한왕	-11.740156
▁수양	-11.740190
안된다	-11.740202
▁의전통	-11.740269
명은	-11.740295
▁세력	-11.740370
▁를받을수있	-11.740396
▁가거의	-11.740542
고기술	-11.740564
양편	-11.740642
▁68	-11.740673
이었던	-11.740726
할수있읍니다	-11.740729
▁기억하세요	-11.740740
▁하킴	-11.740769
▁상을	-11.740792
▁하루종일	-11.740896
▁아홉	-11.740948
밝혀주	-11.741094
▁을너희	-11.741138
▁본다면	-11.741178
는전혀	-11.741179
▁구입	-11.741329
▁베르	-11.741463
비로소	-11.741475
살수있	-11.741499
교정	-11.741528
▁세로	-11.741557
▁눈은	-11.741566
여러곳	-11.741568
▁한동안	-11.741632
단하나	-11.741656
▁을개발	-11.741732
하는거야	-11.741737
공적	-11.741879
되도록	-11.741879
▁가문	-11.742034
▁이되는일	-11.742076
▁는보통	-11.742167
거칠	-11.742241
▁숨겨진	-11.742254
▁돌보	-11.742303
퍼지	-11.742377
쥬	-11.742382
▁라는사실	-11.742408
▁코스	-11.742537
▁되돌려	-11.742552
▁존스	-11.742620
▁전시	-11.742636
▁j	-11.742641
가까웠	-11.742651
원하는대로	-11.742665
많은경우	-11.742805
▁를높이	-11.742860
▁아들아	-11.742960
▁은증인	-11.743032
번창	-11.743032
▁수평	-11.743051
▁에대한그분	-11.743124
▁이진행	-11.743174
▁시니라	-11.743233
▁재정	-11.743304
▁여지가	-11.743331
▁환난	-11.743472
갔다가	-11.743476
▁조약	-11.743497
▁앉으	-11.743676
그늘	-11.743825
▁이생명	-11.743883
▁처음에는	-11.743923
이라서	-11.744046
홍해	-11.744262
▁에디	-11.744280
▁하겠는가	-11.744309
▁문제에서	-11.744318
▁이와같은	-11.744454
▁않았지만	-11.744505
▁출산	-11.744565
▁안됐	-11.744614
알기	-11.744665
드려야	-11.744714
숫	-11.744763
어쩔수없이	-11.744830
국립공원	-11.744866
▁시작했어요	-11.744889
대형	-11.744891
▁에게믿음	-11.744916
나타낼	-11.744920
▁한달	-11.744956
▁에서전파	-11.744963
▁26,	-11.745194
끌	-11.745283
▁미술	-11.745297
▁상업	-11.745406
▁LA	-11.745424
도쿄	-11.745488
호르몬	-11.745645
랩	-11.745652
불가피	-11.745684
+2	-11.745776
으시며	-11.745850
▁인디언	-11.745914
▁하도록도와주	-11.746126
▁라는단어	-11.746166
▁삼십	-11.746284
▁을미친다	-11.746349
서원	-11.746424
단말	-11.746436
넓게	-11.746514
▁몰랐어	-11.746593
ust	-11.746645
▁않았고	-11.746734
▁를미워하	-11.746860
비취	-11.746873
▁을알아보	-11.746912
뱉	-11.747082
▁를듣	-11.747126
▁have	-11.747133
▁아니잖아요	-11.747145
▁설정할	-11.747288
성욕	-11.747545
총회	-11.747639
생겨났	-11.747687
내놓	-11.747752
▁부담	-11.747787
꼴	-11.747812
▁의신성	-11.747869
▁핀란드	-11.748013
▁많지	-11.748034
▁추구	-11.748034
간수	-11.748040
▁형이	-11.748077
거주	-11.748080
해주고	-11.748121
▁어땠	-11.748234
인권	-11.748289
▁윗	-11.748388
없이는	-11.748424
▁내용이	-11.748426
▁않지	-11.748449
▁를마치	-11.748736
있었을때	-11.748737
▁보이고	-11.748778
지는않았지만	-11.748850
자기아버지	-11.748992
▁주택	-11.749108
▁설사	-11.749113
악한일	-11.749129
심리적	-11.749207
▁소송	-11.749222
▁은진정	-11.749423
티나	-11.749467
▁양이	-11.749475
불경건	-11.749491
▁에계시	-11.749534
▁누구이뇨	-11.749616
무사	-11.749631
▁성질	-11.749651
▁을섬기는	-11.749829
습격	-11.749838
▁쏟아	-11.749920
▁에대한희망	-11.749962
섬세	-11.750009
▁어젯밤	-11.750041
새로운것	-11.750071
느린	-11.750316
▁렌즈	-11.750354
고맙게	-11.750372
▁상호작용	-11.750510
▁을물리치	-11.750510
▁과거의	-11.750546
▁오세요	-11.750552
▁위쪽	-11.750566
음부	-11.750690
파산	-11.750721
신비술	-11.750728
▁가함께	-11.750759
극단	-11.750776
직책	-11.750879
▁앗아	-11.751081
호화	-11.751096
▁하나요	-11.751134
▁믿어요	-11.751323
놀라움	-11.751352
글리	-11.751458
머무르	-11.751477
▁을영원	-11.751568
▁빌라도	-11.751616
▁아르헨티나	-11.751651
▁세탁	-11.751679
▁는세계	-11.751764
▁너회들	-11.751791
해야하는	-11.751818
▁미쳤어	-11.751887
일찌기	-11.751920
▁할례	-11.751947
▁이반드시	-11.751972
▁맞을	-11.752009
생겨난	-11.752121
받았습니다	-11.752141
들어있는	-11.752157
여학생	-11.752159
돌봐주	-11.752198
살았던	-11.752268
▁창고	-11.752337
▁그러나이제	-11.752445
▁감사해요	-11.752650
▁인반응	-11.752846
▁을해주	-11.752866
▁사면	-11.752882
실수있습니다	-11.752910
동사	-11.752920
▁뇌가	-11.752926
▁뇌를	-11.752975
그렇게하기	-11.753085
▁앞면	-11.753103
ci	-11.753104
▁허위	-11.753287
일곱째	-11.753323
았을때	-11.753327
▁의위대	-11.753329
이었는데	-11.753379
▁을기도	-11.753443
불어넣	-11.753590
▁주일	-11.753594
▁여러분과	-11.753618
짓밟	-11.753623
스러울	-11.753637
떠났다	-11.753655
▁이이루어지	-11.753834
▁시작하기	-11.753915
▁되어있음	-11.753925
▁만나게	-11.753946
갔어	-11.754050
물러	-11.754089
로스앤젤레스	-11.754174
일으킴	-11.754175
▁with	-11.754183
신생아	-11.754261
▁스티브	-11.754274
▁엘리자베스	-11.754627
됩니까	-11.754644
▁이틀림	-11.754713
▁를더잘	-11.754732
▁애는	-11.754876
▁굉장	-11.754877
▁부러	-11.755416
야돼	-11.755439
▁바다에	-11.755511
▁뿔	-11.755604
▁에영국	-11.755639
▁을덜	-11.755759
상반	-11.755914
직장동료	-11.755937
▁영마	-11.755961
▁과제	-11.755993
▁먹은	-11.756007
▁실력	-11.756035
이식	-11.756063
▁는전쟁	-11.756120
▁는즉시	-11.756325
▁헤롯	-11.756371
▁확실해	-11.756497
▁되지않았	-11.756506
▁과진리	-11.756537
한가지예	-11.756690
게되었을때	-11.756722
사령관	-11.756870
▁는영원	-11.757006
▁의현대	-11.757203
▁베를린	-11.757239
반감	-11.757491
기뻐할	-11.757529
▁줄은	-11.757531
양심적	-11.757648
▁돕고	-11.757696
▁했었다	-11.757730
▁아니하는	-11.757753
고있는지	-11.757770
땀	-11.757789
▁지체	-11.757818
▁일부분	-11.757894
정직성	-11.757961
하셨나니	-11.757969
빌립보	-11.758147
도무지	-11.758159
▁바르	-11.758172
지말라고	-11.758418
▁에무슨	-11.758426
▁가많습니다	-11.758447
▁를다	-11.758450
정신과	-11.758453
▁만들어내	-11.758515
▁지정한	-11.758535
▁에관한기록	-11.758636
▁여성의	-11.758641
급증	-11.758685
▁을씻	-11.758884
그리로	-11.758919
세계대전	-11.758929
▁가르치는	-11.758932
훼방	-11.758985
▁시키려는	-11.759098
▁1935	-11.759110
▁놀랐	-11.759112
▁기지	-11.759133
드라마	-11.759296
▁있군요	-11.759360
만들어낸	-11.759402
▁배리	-11.759571
그래서	-11.759645
▁한출판물	-11.759669
마라	-11.759671
장점	-11.759712
아니라	-11.759733
깎아	-11.759908
▁을마음	-11.759914
▁노란색	-11.759995
주관	-11.760023
▁그들도	-11.760108
▁34.	-11.760128
▁스티븐스	-11.760174
▁은가능	-11.760242
무서워	-11.760245
▁거냐	-11.760320
야망	-11.760376
▁오기	-11.760414
▁의신문	-11.760415
제비	-11.760499
▁언젠가는	-11.760617
위성	-11.760642
계통	-11.760653
▁확률이	-11.760662
야한다는	-11.761018
▁지역의	-11.761027
주었읍니다	-11.761058
▁긍휼	-11.761071
▁잃어	-11.761090
▁잠자리	-11.761151
▁권리를	-11.761247
태우	-11.761255
▁어울리	-11.761277
‐	-11.761317
이리저리	-11.761325
▁헌트	-11.761339
진료	-11.761423
▁아빠를	-11.761435
일관성	-11.761552
착각	-11.761591
▁블랙홀	-11.761601
▁토니	-11.761650
▁하는모든사람	-11.761716
▁남았어	-11.761719
▁만들어야	-11.761778
▁을두려워하	-11.761780
증오심	-11.761826
▁가되고	-11.762023
이잡지	-11.762125
할수록	-11.762260
교통사고	-11.762342
▁완벽	-11.762366
전례	-11.762375
칠십	-11.762394
▁도시의	-11.762411
선악	-11.762425
▁보리라	-11.762438
▁을나타냈습니다	-11.762449
▁한결혼생활	-11.762498
▁이상하게	-11.762608
▁연구실	-11.762679
둔다	-11.762728
빠질	-11.762744
대학살	-11.762827
▁은이렇게알려줍니다	-11.762833
었음이	-11.762913
▁을보면서	-11.762926
바로그러한	-11.762935
82	-11.762940
▁입으로	-11.762986
고등	-11.763063
자랐	-11.763154
자들의	-11.763257
ip	-11.763532
▁아버지와	-11.763614
▁하였을	-11.763617
▁이기는하지만	-11.763622
▁오른	-11.763701
니산월	-11.763720
▁캘리	-11.763765
▁와봉사	-11.763835
관을	-11.763853
▁보다더큰	-11.763869
쁘	-11.763874
Gr	-11.763920
▁있거나	-11.764000
▁원한	-11.764018
만들었습니다	-11.764058
▁있겠지만	-11.764078
▁셔츠	-11.764096
▁인생이	-11.764109
▁특성	-11.764132
▁대처	-11.764238
▁2004	-11.764242
▁거짓하는	-11.764278
▁예외	-11.764314
▁는곧	-11.764335
▁(1	-11.764348
클라	-11.764370
쉽지않	-11.764387
▁생각해봅시다	-11.764394
▁께서는또한	-11.764400
▁법원	-11.764426
▁가없읍니다	-11.764491
달라졌	-11.764540
했소	-11.764628
한결같이	-11.764664
옵소서	-11.764695
룬	-11.764936
▁이들었습니다	-11.764956
다니까	-11.765004
토요일	-11.765181
속성	-11.765509
벌리	-11.765654
보낸다	-11.765687
거의없다	-11.765694
▁로비	-11.765848
▁그녀와	-11.765873
▁신념	-11.765904
▁의앞	-11.765972
어질것	-11.765994
얼마든지	-11.765994
껄	-11.766107
즐거웠	-11.766116
절벽	-11.766132
닥쳤	-11.766141
▁에걸린사람	-11.766169
▁근본적으로	-11.766170
▁딸들	-11.766250
얼마나중요	-11.766255
나타내신	-11.766293
▁춤추	-11.766296
희랍어단어	-11.766313
▁을영적	-11.766337
▁시도해	-11.766471
▁된문제	-11.766534
받아들였다	-11.766555
▁편이	-11.766723
▁단서	-11.766792
▁있냐	-11.766809
▁잡혀	-11.766884
▁공주	-11.766901
루트	-11.766943
▁이어떻겠	-11.766962
▁따랐	-11.767001
▁경험이	-11.767121
▁거리가	-11.767213
▁열국	-11.767221
▁사용해	-11.767272
▁은양	-11.767274
▁하신일	-11.767371
소경	-11.767441
▁해봤	-11.767457
소량	-11.767566
오용	-11.767622
내이름	-11.767669
▁의반대	-11.767735
▁더러	-11.767741
▁주거지	-11.767777
▁되어있지않	-11.767799
선장	-11.767813
▁들에게	-11.767844
해졌습니다	-11.767863
▁이없는것	-11.767879
여동생	-11.768033
대립	-11.768086
동방	-11.768130
▁마땅	-11.768162
사슴	-11.768232
혹시	-11.768311
▁마비	-11.768321
▁사용자가	-11.768384
▁는여러분	-11.768417
▁책갈피	-11.768512
부끄러운	-11.768512
죄송	-11.768538
▁에게가장	-11.768709
▁다고	-11.768755
답게	-11.768758
▁하시는가	-11.768783
거만	-11.768816
밝	-11.768822
▁성서시대	-11.768865
시기를	-11.768923
▁가잘	-11.768943
당신은	-11.769028
받아들일	-11.769043
브로	-11.769066
선정	-11.769195
▁사형	-11.769258
▁에서구출	-11.769284
▁버튼을	-11.769387
▁의지침	-11.769432
드물	-11.769537
▁필요하지	-11.769634
▁보이는데	-11.769649
▁물어봤	-11.769657
의복	-11.769672
포착	-11.769864
받아마땅	-11.769878
만들어졌	-11.770061
▁하는모습	-11.770069
반도	-11.770109
▁향상	-11.770132
편집	-11.770193
▁에속하	-11.770324
▁광대	-11.770371
사탄마귀	-11.770388
재촉	-11.770396
▁싸웠	-11.770456
▁인간에게	-11.770635
▁플로	-11.770721
▁해고	-11.770824
삯	-11.770922
▁하는점	-11.770938
▁훔쳤	-11.771062
가명	-11.771071
동요	-11.771138
했는데요	-11.771148
섬겼	-11.771173
▁잡는	-11.771175
▁선생님은	-11.771208
▁브라이언	-11.771258
▁스스로가	-11.771262
▁과관계	-11.771298
▁괜찮습니다	-11.771410
▁싸우고	-11.771425
자르	-11.771502
▁드리겠습니다	-11.771503
▁잤	-11.771560
간략	-11.771581
탄원	-11.771737
머리속	-11.771907
▁은그리스도교국	-11.771937
그리스도인여자	-11.771943
▁을했다	-11.771991
금식	-11.771997
자연재해	-11.772027
▁잊었	-11.772126
여러사람	-11.772127
▁가올것	-11.772133
처분	-11.772188
누스	-11.772285
데이트	-11.772310
하셨으며	-11.772374
▁덕	-11.772452
버리면	-11.772561
▁나로	-11.772573
▁닫기	-11.772584
연맹	-11.772632
▁에그리고	-11.772647
▁에서이렇게말	-11.772651
▁주시는	-11.772750
복합	-11.772775
▁의남자	-11.772874
▁말했잖아	-11.772895
▁말인지	-11.773005
시리니	-11.773019
살아남았	-11.773050
▁할지라도	-11.773061
▁우연히	-11.773079
알고있는가	-11.773143
얇은	-11.773163
▁을데리고	-11.773234
귀신	-11.773301
일리	-11.773321
짠	-11.773336
▁삼아	-11.773339
예민	-11.773344
▁이전혀	-11.773438
각형	-11.773517
었더니	-11.773525
받았다	-11.773537
▁시켜줍니다	-11.773631
▁에돔	-11.773639
니이까	-11.773714
나갔습니다	-11.773788
▁하늘이	-11.773837
겠나이다	-11.773865
▁위조	-11.773965
지않으셨습니다	-11.774122
▁끝나면	-11.774134
▁밑으로	-11.774164
▁을주었습니다	-11.774296
▁페르시아	-11.774367
길게	-11.774515
변모	-11.774517
지않을때	-11.774537
위함	-11.774629
▁기념	-11.774660
그소식	-11.774673
▁일이지	-11.774699
▁권한을	-11.774704
▁걸요	-11.774716
보아야합니까	-11.774739
▁를공급	-11.774807
했으리라	-11.774811
하리요	-11.774907
몰라	-11.774912
의롭다	-11.774915
▁에서그러한	-11.774919
문맹	-11.774961
▁를맡	-11.774987
위임	-11.775013
▁법이	-11.775043
▁위해서라	-11.775093
데려가	-11.775117
나쁜것	-11.775208
이도시	-11.775220
대사	-11.775293
발가락	-11.775457
있을수있습니다	-11.775506
▁주위를	-11.775546
▁형태의	-11.775591
▁분들은	-11.775619
▁거니	-11.775695
갈아	-11.775768
▁의계획	-11.775787
▁외계인	-11.775869
달라지	-11.775957
넣고	-11.775977
▁사각형	-11.776011
▁대출	-11.776025
어떻게대처	-11.776037
▁월터	-11.776060
▁종들을	-11.776098
▁색으로	-11.776256
▁에이르렀	-11.776393
놓는다	-11.776509
천문학	-11.776599
▁암살	-11.776731
졌던	-11.776832
짙은	-11.776948
대열	-11.777003
과잉	-11.777075
▁can	-11.777164
연구조사	-11.777214
▁함정	-11.777233
자유의지	-11.777307
성도	-11.777325
민간	-11.777348
▁가죄	-11.777352
리이다	-11.777498
어쩌면	-11.777502
▁이용하여	-11.777529
울려	-11.777533
졌는데	-11.777537
피스	-11.777558
▁을저지르	-11.777678
▁을만났	-11.777794
▁을얼마나	-11.777878
▁했는가	-11.778007
낼수	-11.778078
가지고있	-11.778182
낙타	-11.778290
발육	-11.778307
일로	-11.778399
▁소음	-11.778402
▁이더는	-11.778646
알고있다	-11.778746
레트	-11.778757
▁와더불어	-11.778839
▁돌봐	-11.778879
▁말하나	-11.778891
od	-11.778971
해볼	-11.778976
얼마나많은	-11.779089
▁클로	-11.779103
▁마지막날	-11.779202
날밤	-11.779207
ff	-11.779210
▁하나씩	-11.779214
▁거두어	-11.779230
▁그러죠	-11.779397
하시기	-11.779489
▁낳았	-11.779501
▁원합니다	-11.779737
▁을공개적	-11.779809
▁이마음	-11.779842
있을뿐	-11.779843
▁이곳은	-11.779892
더러운	-11.779970
▁이에요	-11.780048
였으니	-11.780095
대피	-11.780098
▁물론이지	-11.780105
▁있었다는	-11.780227
▁일과	-11.780292
▁인상	-11.780372
▁있긴	-11.780384
지옥불	-11.780486
▁햇빛	-11.780503
이방사람	-11.780547
▁의중요	-11.780570
컨대	-11.780611
들어갔다	-11.780617
즌	-11.780618
외설물	-11.780623
▁해보기	-11.780855
아야합니다	-11.781011
받아들여지	-11.781125
더듬	-11.781375
▁에게그러한	-11.781383
수없이	-11.781425
▁뒤집	-11.781468
▁자네를	-11.781628
▁소원	-11.782038
▁준비를	-11.782062
패션	-11.782098
들에게는	-11.782259
▁올라가서	-11.782385
▁민수	-11.782392
▁가있어	-11.782399
up	-11.782428
▁갈라	-11.782475
▁근년	-11.782508
자존심	-11.782518
▁쪽에	-11.782526
진화론자	-11.782667
필드	-11.782697
옮겼	-11.782752
수있음	-11.782776
▁의비율	-11.782802
장기간	-11.782825
▁저랑	-11.782845
▁생각도	-11.782935
▁을당했	-11.783035
배설물	-11.783094
안에서	-11.783099
▁는얼마나	-11.783445
▁들어요	-11.783489
▁식의	-11.783559
그렇게되	-11.783598
성직자	-11.783686
면서그	-11.783697
▁따른	-11.783715
▁은그곳	-11.783718
들보다	-11.783834
▁보이게	-11.783903
▁테디	-11.783946
▁월요일	-11.783960
▁나라에서	-11.784054
있어도	-11.784153
절망적	-11.784308
네명	-11.784367
궁전	-11.784403
▁규칙을	-11.784431
전도봉사	-11.784466
▁이러지	-11.784527
연필	-11.784536
한달	-11.784642
▁사이를	-11.784672
수소	-11.784688
▁속임수	-11.784693
했네요	-11.784763
이병	-11.784836
29	-11.784919
관찰자	-11.784956
▁에관한좋은소식	-11.784977
▁생각했던	-11.784990
지못하도록	-11.785042
주일	-11.785111
다는뜻	-11.785309
▁의전파활동	-11.785321
▁는믿음	-11.785362
▁을내렸다	-11.785438
의욕	-11.785507
▁을무릅쓰	-11.785510
▁생각나	-11.785601
찬성	-11.785665
▁에서이러	-11.785728
뿐이야	-11.785739
상담	-11.785775
▁기사참조	-11.785822
게하려는것	-11.785885
ver	-11.786008
면역	-11.786099
합성	-11.786158
▁으로번역	-11.786163
▁진보	-11.786318
▁까지하였습니다	-11.786328
엔진	-11.786444
▁그렇게해서	-11.786520
▁에피	-11.786524
▁않았다면	-11.786574
▁구속	-11.786614
▁는너희	-11.786714
▁의유대인	-11.786737
공해	-11.786788
▁을벗	-11.786796
교장	-11.786851
으며그	-11.786888
▁함수를	-11.786949
▁시작해서	-11.787242
어떤식	-11.787360
횡	-11.787372
▁은남편	-11.787400
낚	-11.787500
▁에빠져있	-11.787543
해보면	-11.787621
▁를내리	-11.787660
▁을분별	-11.787683
인공	-11.787707
▁영향력	-11.787759
▁앨리슨	-11.787953
▁예루살렘에	-11.788008
▁가입	-11.788050
달란트	-11.788057
전후	-11.788329
▁신경쓰지	-11.788440
▁그렇다고해서	-11.788504
▁지미	-11.788537
▁죽음이	-11.788541
지는않습니다	-11.788633
▁출생	-11.788713
▁어릴	-11.788746
▁마틴	-11.788754
▁데려왔	-11.788762
▁표지	-11.788819
구애	-11.788872
▁를우리	-11.788946
▁대답하길	-11.788987
▁어쩌다	-11.788998
▁누리	-11.789038
걸어서	-11.789063
▁을금하	-11.789086
▁죽은사람	-11.789108
▁흡수	-11.789333
매료	-11.789348
▁많고	-11.789422
▁에있는동안	-11.789455
▁에선	-11.789557
▁일인지	-11.789659
사고력	-11.789668
▁이언제나	-11.789723
현지	-11.789732
▁빌어	-11.789757
스탄	-11.789956
▁하셨어요	-11.790077
송아지	-11.790135
▁상어	-11.790203
▁고대이스라엘	-11.790358
▁프로토콜	-11.790411
▁주위에	-11.790476
▁정직한	-11.790724
컷	-11.790842
▁크기가	-11.790916
▁출혈	-11.790925
고있을때	-11.790960
망설	-11.791094
▁을어느정도	-11.791164
난처	-11.791219
배웠	-11.791475
▁위반	-11.791656
▁히중요	-11.791705
▁멈출	-11.791780
▁은그때	-11.791942
▁은현대	-11.792039
▁숙제	-11.792216
기술자	-11.792301
삼아	-11.792361
▁에바	-11.792449
쉬워	-11.792463
스승	-11.792472
▁책에	-11.792576
몇번	-11.792629
▁를반대	-11.792662
가장가까운	-11.792835
나누어주	-11.792871
인형	-11.792875
승무원	-11.792881
핵전쟁	-11.792892
▁미쳐	-11.792908
▁시간동안	-11.792946
▁의중심지	-11.793052
▁동산	-11.793093
평강	-11.793161
▁이이렇게	-11.793210
▁행하여	-11.793564
였지만	-11.793579
▁는아직	-11.793587
조항	-11.793590
있으나	-11.793593
려고하는	-11.793611
▁천국으로	-11.793640
종족	-11.793703
▁은그점	-11.793822
ud	-11.793825
놨어	-11.793894
▁잡힌	-11.793941
▁그다지	-11.793957
▁호세아	-11.793982
▁차려	-11.794026
저녁식사	-11.794197
감방	-11.794263
▁로가서	-11.794338
▁에크게	-11.794353
▁반응을	-11.794353
▁을조절	-11.794516
다듬	-11.794671
▁프로그램이	-11.794772
▁아멘	-11.794785
넨	-11.794816
갖춘	-11.794826
기념일	-11.794853
▁구한	-11.794878
하려함	-11.794947
▁57	-11.794955
▁83	-11.794960
▁아실	-11.795004
정반대	-11.795018
▁러셀	-11.795033
다는걸	-11.795151
▁는했지만	-11.795251
ass	-11.795298
▁고작	-11.795314
▁고지적	-11.795326
표상물	-11.795346
▁누르	-11.795364
▁을알았	-11.795406
▁말하죠	-11.795461
▁부모님이	-11.795489
었다고말	-11.795521
야외	-11.795595
돌아서	-11.795630
▁을향하여	-11.795762
유기체	-11.795835
▁을상속	-11.795877
▁곳입니다	-11.795897
oc	-11.795995
던가요	-11.796105
▁을가하	-11.796333
비탈	-11.796410
즉각	-11.796449
▁땅으로	-11.796457
▁비상	-11.796471
했거든요	-11.796508
지않기	-11.796538
▁패배	-11.796610
열리	-11.796748
▁의기쁨	-11.796758
어울려	-11.796828
▁스러웠	-11.796839
▁는생명	-11.796845
▁후에도	-11.796845
▁받습니다	-11.796854
▁한능력	-11.797061
▁제조	-11.797132
▁를매우	-11.797270
지는않는다	-11.797315
했으면	-11.797416
죽는다	-11.797432
▁가아주	-11.797448
▁있기를	-11.797618
▁에서실시	-11.797669
▁이부모	-11.797748
고로	-11.797998
▁말하여	-11.798036
▁를대신	-11.798193
▁를갖는것	-11.798237
겉옷	-11.798323
알았	-11.798446
▁로표현	-11.798465
▁에좋은	-11.798479
▁아줌마	-11.798485
50,000	-11.798573
▁파티에	-11.798579
아닐	-11.798759
ak	-11.798764
▁에서만도	-11.798794
▁워치타워협회	-11.798823
베풀	-11.798833
▁을촉진	-11.798834
공감	-11.798963
유도	-11.798985
움직임	-11.799044
▁바람이	-11.799059
▁을가르쳐	-11.799096
▁3)	-11.799113
▁한종교	-11.799139
교체	-11.799265
타고난	-11.799274
▁를벌	-11.799305
▁그뿐아니라	-11.799309
▁베스	-11.799506
동족	-11.799533
▁이아직도	-11.799559
▁예로	-11.799601
▁인힘	-11.799632
▁따위	-11.799664
▁의처음	-11.799709
당나귀	-11.799720
▁에하나	-11.799770
▁가넘	-11.799790
▁에문제	-11.799792
신조	-11.799832
▁이해를	-11.799901
▁에담	-11.799938
▁배에	-11.799963
저하	-11.800002
▁께서는인간	-11.800063
▁불지옥의	-11.800079
옳	-11.800220
▁를지었	-11.800433
▁바나나	-11.800447
▁조카	-11.800453
▁을뒤	-11.800464
산지	-11.800466
본토	-11.800474
스파	-11.800500
▁서부	-11.800525
▁사랑이	-11.800534
▁큰환난	-11.800535
정착	-11.800585
▁신성	-11.800647
▁물으니	-11.800653
▁칼리	-11.800654
▁애들을	-11.800655
▁를묘사	-11.800704
보리	-11.800838
▁이지상	-11.800857
▁과동물	-11.800881
▁에서그리고	-11.801089
하여그	-11.801120
▁과대화	-11.801170
▁개발자	-11.801262
▁가사랑	-11.801296
▁에서모든	-11.801319
▁을경외	-11.801394
죽게	-11.801408
▁짓이	-11.801456
-3	-11.801470
자기가족	-11.801531
▁와유사	-11.801544
식욕	-11.801565
맞서	-11.801676
받침	-11.801688
바이트	-11.801745
▁이나다른	-11.801889
끊어	-11.801924
돌아왔습니다	-11.801983
▁규례	-11.802040
▁경력	-11.802091
살아있다	-11.802097
닷	-11.802279
셉	-11.802526
밧	-11.802563
▁사람들에	-11.802610
셜	-11.802649
했읍니다	-11.802676
▁가자고	-11.802831
▁경배하라	-11.802930
▁과당신	-11.803023
그안	-11.803099
벗어	-11.803104
▁과조화	-11.803262
▁를걸	-11.803277
믿는것	-11.803374
▁다를	-11.803452
브루	-11.803543
▁셋째	-11.803634
종교인	-11.803683
▁지옥이	-11.803757
▁의사자	-11.803946
곤하였습니다	-11.804070
페이스	-11.804143
텍	-11.804404
하셨던	-11.804413
▁받지않은	-11.804470
상대적	-11.804543
▁일부러	-11.804667
▁처음엔	-11.804737
▁내려와	-11.804748
반역자	-11.804831
▁못했어요	-11.804852
기쁘	-11.804913
플라	-11.804924
가장잘	-11.804987
▁영혼이	-11.805065
기뻤	-11.805094
▁한유익	-11.805174
신용카드	-11.805282
둡니다	-11.805326
중요시	-11.805358
▁멋져	-11.805405
▁시행	-11.805593
물리학자	-11.805676
목요일	-11.805870
어울리는	-11.805912
반갑	-11.805968
배열	-11.805971
▁상관없어	-11.806152
몇년	-11.806293
▁아는데	-11.806315
있는일	-11.806345
넘기	-11.806493
▁을당하였다	-11.806527
대담	-11.806534
▁죄악으로	-11.806561
▁의분노	-11.806584
▁지나치게	-11.806602
상어	-11.806709
▁이라는단어	-11.806765
▁역사적	-11.806775
생활비	-11.806798
▁시야	-11.806914
▁에는어떤	-11.807074
▁전체가	-11.807103
▁은앞	-11.807223
▁입어	-11.807317
▁교육을	-11.807399
▁를두려워하	-11.807488
쩔	-11.807526
▁아닌가요	-11.807542
▁는기원	-11.807584
▁아니하면	-11.807626
▁해킹	-11.807637
▁이용할	-11.807740
▁동생이	-11.807748
학업	-11.807885
됬	-11.807968
대책	-11.807999
핑계	-11.808027
실래요	-11.808075
▁알려줘	-11.808188
▁과행복	-11.808230
▁케빈	-11.808352
성병	-11.808364
▁명하여	-11.808522
용품	-11.808544
씨는	-11.808630
▁숨기는	-11.808678
▁을그분	-11.808843
러나	-11.808856
달콤	-11.808941
▁을기다리	-11.808964
▁귀여운	-11.808965
▁부복하	-11.809139
▁할수있음	-11.809159
었네	-11.809369
▁인류의	-11.809388
▁를보이	-11.809421
▁한조처	-11.809455
▁을지키는	-11.809554
▁바지	-11.809558
▁기사를	-11.809687
택함	-11.809690
▁의특별	-11.809717
▁나보다	-11.809793
포스	-11.809911
레이트	-11.809912
▁를이끌	-11.809916
▁수색	-11.809917
줄게요	-11.810079
▁은창조주	-11.810163
살된	-11.810177
길르앗	-11.810193
▁억명	-11.810281
저절로	-11.810424
MS	-11.810476
▁의범죄	-11.810653
통행	-11.810742
▁처리할	-11.810772
▁을먹이	-11.810785
▁색을	-11.810809
비싼	-11.810845
▁선분	-11.810862
▁익숙해	-11.810970
▁관객	-11.811139
겼습니다	-11.811186
▁행복하게	-11.811311
항목	-11.811361
▁당했	-11.811388
▁씨가	-11.811439
▁론	-11.811466
입은	-11.811481
▁에이르렀다	-11.811632
즐겁	-11.811683
혜성	-11.811699
▁환자의	-11.811705
군비	-11.811780
▁술집	-11.811913
▁유행	-11.811919
방종	-11.812037
▁전쟁에서	-11.812080
▁는아이	-11.812100
▁관용	-11.812157
▁에머물	-11.812195
▁태우	-11.812205
지어	-11.812206
과음	-11.812450
▁라고불리	-11.812479
▁의통치권	-11.812493
▁페루	-11.812521
▁놀아	-11.812657
▁신앙인들	-11.812672
▁다소	-11.812746
▁악귀	-11.812826
형무소	-11.812833
▁아래쪽	-11.812841
▁욕되게	-11.812852
신고	-11.812881
통치체성원	-11.812908
하게되었읍니다	-11.812957
깊게	-11.813020
▁의원수	-11.813064
▁좋으	-11.813079
▁을기뻐하	-11.813092
▁무엇때문	-11.813182
▁선택하면	-11.813210
▁답변	-11.813218
▁혐의	-11.813258
뉴런	-11.813258
▁달렸	-11.813321
▁에달하	-11.813415
▁2009	-11.813427
▁그이름	-11.813664
▁사람한테	-11.813727
▁인지알	-11.813741
▁잘해	-11.813874
▁의사업	-11.813900
▁상대방	-11.814001
▁에게경고	-11.814082
▁에서내	-11.814161
▁있구요	-11.814164
▁를버리	-11.814171
용이	-11.814172
▁접근할	-11.814347
줄래요	-11.814386
▁석탄	-11.814512
사오니	-11.814576
28;	-11.814617
▁이되고있다	-11.814716
해주었다	-11.814734
나간다	-11.814742
굶주리	-11.814905
▁임무를	-11.814957
수도원	-11.814963
▁에자리	-11.815042
▁위원회	-11.815047
일어날수있	-11.815173
한시간	-11.815194
▁의표시	-11.815199
지않으려고	-11.815201
▁구조를	-11.815249
욕설	-11.815260
씨름	-11.815289
▁예방	-11.815311
아메리칸	-11.815319
▁모니터	-11.815323
▁방법에	-11.815334
▁펭귄	-11.815345
▁하셨노라	-11.815444
▁죽이려	-11.815478
씹	-11.815597
가벼운	-11.815602
바랐	-11.815651
▁재난	-11.815670
졌다고	-11.815672
▁을행하는	-11.815784
▁은이점	-11.815891
너무많이	-11.815964
알려져있는	-11.815990
▁틈	-11.816067
수자	-11.816213
▁이생겼	-11.816224
주화	-11.816336
▁계산을	-11.816381
황금	-11.816397
관람	-11.816469
▁한지를	-11.816594
▁축복을	-11.816648
▁하신하느님	-11.816692
▁면역	-11.816828
▁조금씩	-11.816847
데대한	-11.816873
▁을둔	-11.816948
▁을굳게	-11.817006
믿기	-11.817013
▁소돔	-11.817209
몰랐습니다	-11.817452
누르	-11.817573
▁한행로	-11.817622
▁없나요	-11.817639
▁부인이	-11.817648
▁한삶	-11.817648
▁궁전	-11.817665
개조	-11.817695
거짓종교세계제국	-11.817843
▁의창조물	-11.817857
▁계심이라	-11.817881
▁한지침	-11.817897
바구니	-11.817904
▁7000	-11.817912
전영	-11.817946
▁한요소	-11.817955
▁1943	-11.817962
▁이저	-11.817977
▁의징계	-11.818033
무스	-11.818180
▁의의무	-11.818336
▁이익	-11.818363
▁에따르는	-11.818381
▁하게되는	-11.818402
단절	-11.818416
▁좌변	-11.818421
▁내린	-11.818430
은총	-11.818438
▁아시죠	-11.818472
착륙	-11.818514
▁가관련	-11.818522
의상	-11.818550
쩍	-11.818597
▁영웅이	-11.818611
▁도하나님	-11.818627
▁직관	-11.818716
▁차세계대전중	-11.818757
▁플레이어	-11.818830
▁크로	-11.818837
숨어	-11.818906
신랑	-11.819025
▁벌어	-11.819136
▁을자주	-11.819196
▁그래서우리	-11.819223
염증	-11.819316
▁무례	-11.819386
▁를만났	-11.819398
놀랄	-11.819418
연금	-11.819593
▁을조금	-11.819615
수감	-11.819627
ock	-11.819630
파탄	-11.819639
▁명을	-11.819674
강연	-11.819748
▁보아	-11.819818
알려주는바	-11.819823
간호사	-11.819843
▁없소	-11.819897
붙어있	-11.819900
곤란	-11.819905
닥친	-11.820000
▁를기록	-11.820124
▁는예수그리스도	-11.820158
▁됬	-11.820186
▁말라리아	-11.820210
쓴다	-11.820225
나쁘게	-11.820227
고경고	-11.820345
▁말하리라	-11.820360
서식	-11.820421
▁(1)	-11.820422
▁에따라서	-11.820434
sh	-11.820463
들어보십시오	-11.820539
▁떼어	-11.820558
▁도래	-11.820587
▁의봉사자	-11.820629
휴대전화	-11.820658
▁29:	-11.820760
참가	-11.820764
공허	-11.820868
▁주변의	-11.820871
괴로운	-11.820923
▁고도	-11.821000
▁졸라	-11.821013
▁그랬죠	-11.821019
삼키	-11.821029
그림자	-11.821123
▁고칠	-11.821151
les	-11.821184
올라갈	-11.821240
▁선호	-11.821258
▁약혼	-11.821295
▁공학	-11.821315
▁나타냅니다	-11.821348
점은	-11.821494
▁서두	-11.821681
▁농담이	-11.821721
면허	-11.821770
32	-11.821795
▁좋아합니다	-11.821805
▁가있고	-11.821839
원형	-11.821846
▁나머지는	-11.821889
악한영	-11.821947
▁에있었습니다	-11.822012
39	-11.822021
800	-11.822055
문장	-11.822167
난방	-11.822221
▁지났	-11.822321
한몸	-11.822370
▁을가리	-11.822406
단속	-11.822437
▁을덮	-11.822589
▁의과학자	-11.822656
▁누가복음	-11.822832
떨어져있는	-11.822852
▁를얻을수있	-11.822858
괴롭힘	-11.823045
▁가사람	-11.823131
▁이결혼	-11.823132
불렀다	-11.823143
들어와	-11.823183
다구	-11.823315
높아지	-11.823318
▁와죽음	-11.823852
했을것	-11.823857
▁할수있겠는가	-11.823977
살것	-11.823979
지존	-11.824002
▁을줄수있	-11.824068
데일리	-11.824118
잡히	-11.824259
다녀	-11.824425
▁자요	-11.824490
외국어	-11.824570
▁를덮	-11.824572
밝혔다	-11.824588
▁타이어	-11.824589
져있는	-11.824665
한탄	-11.824737
▁은가장	-11.824788
▁항공	-11.824856
도대체	-11.824862
영적낙원	-11.825019
다윗왕	-11.825081
▁수업을	-11.825161
하는건	-11.825247
▁방을	-11.825302
▁음료	-11.825309
▁광명	-11.825364
▁의심할	-11.825590
▁도없었습니다	-11.825681
깨달았	-11.825758
여론조사	-11.825783
▁필드	-11.825802
▁이아니었읍니다	-11.825831
경계선	-11.825891
줄이	-11.825953
▁이빨	-11.825980
작년	-11.826110
잠수함	-11.826279
졌죠	-11.826290
▁수락	-11.826346
▁해오셨	-11.826378
▁건데요	-11.826408
씬	-11.826450
▁만들어서	-11.826461
불명예	-11.826465
생일	-11.826523
▁가하늘	-11.826588
▁물건이	-11.826600
▁그러시	-11.826607
▁선언	-11.826713
▁매력	-11.826742
▁지키고	-11.826774
고믿는다	-11.826922
▁기운	-11.826980
▁이나옵니다	-11.826986
내다보	-11.826987
재혼	-11.827104
▁를검토	-11.827140
▁한느낌	-11.827247
인종차별	-11.827359
▁정신을	-11.827577
▁타는	-11.827600
공공연	-11.827687
▁Al	-11.827911
▁점차	-11.827972
▁이옳	-11.827980
▁수있는	-11.828009
▁엘리베이터	-11.828009
산산조각	-11.828014
얼마안되어	-11.828019
갇힌	-11.828020
자기희생적	-11.828042
기울여	-11.828060
▁보여드리겠습니다	-11.828128
드리죠	-11.828156
▁을심어주	-11.828159
주신것	-11.828185
▁않네요	-11.828268
버려두	-11.828296
세사람	-11.828307
▁반사	-11.828330
먹은	-11.828372
▁를섬기는	-11.828472
▁라는제목	-11.828493
▁로빈	-11.828523
질렀	-11.828759
▁을구출	-11.828766
▁극장	-11.828799
▁이미지를	-11.828826
▁성취	-11.828986
지아니하고	-11.828989
▁스카이	-11.829031
▁제품을	-11.829031
▁쐈	-11.829170
연한	-11.829178
오게	-11.829180
▁과장	-11.829255
▁을가르쳐주	-11.829257
▁지휘	-11.829301
알게되었다	-11.829337
▁불만	-11.829397
▁로볼때	-11.829472
하다면	-11.829492
▁의최고	-11.829667
알수없	-11.829735
▁들어서	-11.829821
▁묘	-11.829877
▁바쁘	-11.829898
냉각	-11.829913
떨어져있	-11.829919
죽은후	-11.829926
협동	-11.829926
▁말하며	-11.829952
▁으로사람	-11.829982
▁장소를	-11.829985
글로	-11.830069
▁성을	-11.830222
성질	-11.830238
▁책이	-11.830327
▁용지	-11.830433
▁는완전	-11.830441
▁의다스림	-11.830442
대변	-11.830472
▁길이를	-11.830478
곰팡이	-11.830568
▁에서우러나온	-11.830569
불렀습니다	-11.830598
고있어	-11.830623
▁즐겨	-11.830657
거리낌	-11.830663
습득	-11.830681
▁똑바로	-11.830710
▁작고	-11.830733
렸는데	-11.830813
무슨말	-11.830864
네마음	-11.830883
▁을펴	-11.831046
▁백성들은	-11.831156
▁있었더라	-11.831196
▁세트	-11.831220
천천히	-11.831223
일으킬	-11.831226
플라톤	-11.831326
지않아도	-11.831346
▁길은	-11.831429
들어있	-11.831496
아파트	-11.831582
▁대규모	-11.831626
▁에게가서	-11.831838
중가장	-11.831935
상해	-11.831967
▁기울여	-11.832159
▁생각했어	-11.832243
▁짐작	-11.832244
▁남긴	-11.832290
▁하는그	-11.832294
▁가로	-11.832307
부르짖음	-11.832366
▁비디오에서	-11.832385
▁은두	-11.832406
▁을기쁘게	-11.832503
▁열고	-11.832517
AC	-11.832541
식으로	-11.832547
사려	-11.832600
▁베푸는	-11.832731
▁을위한것	-11.832741
▁하는특권	-11.832796
▁곤란	-11.832797
▁을알수있다	-11.832838
▁시작하고	-11.832864
수학	-11.832980
▁있다가	-11.833125
이루어진	-11.833127
했었죠	-11.833131
두드러지게	-11.833135
이었을	-11.833136
항로	-11.833435
▁법적	-11.833577
보일수있	-11.833599
박탈	-11.833673
보이지만	-11.833690
▁쌀	-11.833729
예산	-11.833741
▁선교인	-11.833750
실감	-11.833774
▁구약	-11.833796
▁였고	-11.833833
▁2005	-11.833892
▁가깝	-11.833915
▁방사선	-11.833919
▁릭	-11.833920
주셨읍니다	-11.833938
목걸이	-11.833951
시키면	-11.833970
이렇게자문	-11.833991
푹	-11.834242
▁가모두	-11.834294
▁보드	-11.834305
모든그리스도인	-11.834325
▁인관계	-11.834385
▁는이전	-11.834451
▁에정착	-11.834496
▁말씀드렸	-11.834635
따릅니다	-11.834713
▁으로써우리	-11.834732
키워	-11.834747
▁따라오	-11.834818
▁속의	-11.834879
▁을알게되었	-11.834975
▁이없음	-11.835011
던일	-11.835069
오며	-11.835114
▁포장	-11.835120
▁그남자	-11.835131
▁으로가서	-11.835386
함이니라	-11.835453
렙	-11.835576
▁운반	-11.835599
▁Mo	-11.835689
▁타오르는	-11.835852
▁나타나는	-11.836013
공통점	-11.836146
▁에있는모든	-11.836171
▁더자세	-11.836209
▁에는이러	-11.836398
pe	-11.836487
툴	-11.836510
지형	-11.836660
자연적	-11.836690
▁에스라	-11.836720
돌고래	-11.836734
우호적	-11.836735
▁장례식	-11.836905
▁하게대하	-11.837011
고르	-11.837032
▁을쉽게	-11.837102
▁의사진	-11.837172
▁해주십시오	-11.837297
▁우주의	-11.837379
▁되고있으며	-11.837422
▁도망치	-11.837491
▁안될	-11.837576
연루	-11.837602
▁말씀드리고	-11.837626
너머	-11.837730
알려주는것	-11.837824
old	-11.837831
단원	-11.837856
▁비극	-11.837894
왔는가	-11.837961
▁이가지고있는	-11.837983
하시도다	-11.838054
돌보아	-11.838086
심으로	-11.838135
▁을볼수있다	-11.838184
▁깜빡	-11.838279
▁클립보드	-11.838279
▁마운트	-11.838280
▁선물을	-11.838321
어떻게사용	-11.838370
▁을어떻게알수있	-11.838393
▁확실하게	-11.838468
▁가살고있는	-11.838475
성행위	-11.838543
▁백업	-11.838639
▁대통령님	-11.838658
▁사람입니다	-11.838713
니카	-11.838880
use	-11.838995
▁에새로운	-11.839054
▁를나타냈	-11.839109
▁면도	-11.839272
단죄	-11.839328
기만적	-11.839447
지급	-11.839489
배우는	-11.839541
도리어	-11.839588
더욱중요	-11.839612
92	-11.839672
명심	-11.839725
파편	-11.839892
▁아모스	-11.839924
▁보이죠	-11.839968
승천	-11.840027
▁유아	-11.840030
▁한가운데	-11.840039
킨스	-11.840178
▁순수	-11.840185
▁은최근	-11.840217
대면	-11.840428
강국	-11.840484
he	-11.840579
▁가집	-11.840612
▁치우	-11.840626
▁대지위	-11.840699
▁직전	-11.840802
타임즈	-11.840804
포드	-11.840837
또한가지	-11.840884
▁싶었습니다	-11.840919
밟아	-11.841088
▁침입	-11.841171
벌거벗	-11.841207
▁박수	-11.841243
▁컸	-11.841330
▁의사건	-11.841389
말이야	-11.841511
계시며	-11.841639
수상	-11.841693
▁그아이	-11.841995
▁가된것	-11.842076
▁자네의	-11.842153
경사	-11.842169
▁가부족	-11.842220
▁설립	-11.842240
▁에게감사	-11.842245
▁원조	-11.842463
▁지르	-11.842591
▁이라는뜻	-11.842596
반짝	-11.842604
▁전엔	-11.842640
▁의지위	-11.842693
▁(2	-11.842757
▁그뿐	-11.842867
▁나누고	-11.842939
인쇄기	-11.843087
▁느껴지	-11.843100
들어있습니다	-11.843100
▁미스	-11.843160
젯	-11.843342
▁데이빗	-11.843457
▁을살펴보면	-11.843562
▁사라진	-11.843573
▁부르지	-11.843634
무해	-11.843636
▁를받을것	-11.843639
▁이행복	-11.843659
▁빨간색	-11.843709
산호초	-11.843721
▁못했어	-11.843785
지도않았	-11.843795
▁베들레헴	-11.843797
▁인생활	-11.843808
될까	-11.844222
달리는	-11.844301
au	-11.844335
▁사원	-11.844418
끝날것	-11.844419
조작	-11.844459
쪼	-11.844460
▁아직까지	-11.844467
태풍	-11.844477
▁읽었	-11.844536
더많은것	-11.844567
▁의새질서	-11.844626
매매	-11.844626
보여주었다	-11.844632
코르	-11.844637
두었습니다	-11.844655
▁3,000	-11.844687
▁에관하여말	-11.844799
▁하지않으며	-11.844891
배워	-11.845008
렵	-11.845044
▁해야하는이유	-11.845147
▁는침례	-11.845279
가까와	-11.845346
어떻습니까	-11.845387
▁을모아	-11.845486
착용	-11.845522
▁에나타난	-11.845536
▁늦었	-11.845650
▁한경고	-11.845732
▁의아름다운	-11.845787
▁경영	-11.845834
▁에결혼	-11.845905
▁인지는	-11.845921
▁못하니라	-11.846040
▁검사를	-11.846051
▁을범한	-11.846063
▁헤일리	-11.846098
깨달은	-11.846139
수없을것	-11.846237
▁소식은	-11.846509
▁에있을것	-11.846643
▁작년에	-11.846987
▁의논	-11.847008
▁죽음의	-11.847043
▁으로사망	-11.847051
▁하잖아	-11.847054
주실래요	-11.847073
제임스	-11.847086
하시리라	-11.847156
▁아이들의	-11.847198
발병	-11.847234
복음전파자	-11.847269
▁이있을지모릅니다	-11.847435
북극	-11.847437
▁죽었다	-11.847511
▁켄	-11.847749
▁의충절	-11.848014
▁해져서	-11.848024
소름	-11.848213
▁보았다	-11.848265
인간가족	-11.848271
▁이아닐	-11.848480
▁폐쇄	-11.848495
▁을금지	-11.848520
오래된	-11.848544
▁갔습니다	-11.848567
▁죄송하지만	-11.848657
코뿔소	-11.848658
모험	-11.848751
이내	-11.848789
▁이상당	-11.848845
▁말로는	-11.848948
가져다주	-11.849023
▁모르겠는데	-11.849096
매춘부	-11.849120
미안	-11.849227
▁구축	-11.849284
▁원리	-11.849288
회기	-11.849313
▁하게하고	-11.849379
어떻게느끼	-11.849411
▁예물	-11.849420
▁를받았으며	-11.849503
▁하늘로부터	-11.849531
▁쓰여	-11.849614
▁연사	-11.849691
▁전부터	-11.849710
▁의성장	-11.849711
▁팝	-11.849715
유독	-11.849747
사용자	-11.849789
모인	-11.849835
▁낯선	-11.850128
하거늘	-11.850162
터가	-11.850273
해보죠	-11.850526
ies	-11.850632
▁퍼센트이상	-11.850778
병거	-11.850868
할지어다	-11.850882
▁크레	-11.850943
신임	-11.850961
▁을들여	-11.850988
▁140	-11.851002
▁내놔	-11.851143
▁처럼보이는	-11.851211
▁에계신우리아버지	-11.851266
▁직사각형	-11.851266
▁해질것	-11.851331
▁하나님에게	-11.851354
▁비싼	-11.851383
▁양자	-11.851478
끊어지	-11.851499
▁의여행	-11.851513
다는의미	-11.851569
설정	-11.851633
▁있을때	-11.851668
▁말했듯이	-11.851690
▁할능력	-11.851779
▁목에	-11.851786
온몸	-11.851794
미세	-11.851852
▁보여드리	-11.851860
35:	-11.851972
▁와아들	-11.851989
했었는데	-11.852131
자그	-11.852152
▁아합	-11.852161
▁붕괴	-11.852216
▁이금지	-11.852250
갈릴리	-11.852431
바로잡	-11.852451
샌	-11.852456
▁하여자신	-11.852514
▁을끝내	-11.852522
으시는	-11.852561
예언자이사야	-11.852634
▁없나	-11.852649
▁스키	-11.852728
▁좋네	-11.852773
▁나라가	-11.852792
라는명령	-11.852847
▁베푸	-11.852864
버렸어요	-11.852871
펼	-11.852887
기인	-11.852900
알게될것	-11.852954
▁여유	-11.853035
큰영향	-11.853051
책략	-11.853149
그렇지않은	-11.853184
▁창녀	-11.853275
▁Do	-11.853322
▁없으니까	-11.853346
ber	-11.853478
상징물	-11.853494
하여도	-11.853499
▁재판관	-11.853516
▁세사이	-11.853682
정한	-11.853802
여호와앞	-11.853866
▁중어느	-11.853987
▁놓을	-11.854047
▁계획은	-11.854054
융합	-11.854116
▁을길러	-11.854194
법규	-11.854252
노골적	-11.854333
발발	-11.854391
▁개념을	-11.854487
석탄	-11.854523
려는것	-11.854542
▁에던져	-11.854646
레아	-11.854710
본인	-11.854829
기간중	-11.855054
보여줍니다	-11.855211
▁탐사	-11.855400
비정상적	-11.855443
▁부활의	-11.855454
▁뵙	-11.855462
▁출판	-11.855504
▁것일까요	-11.855509
▁그렇지않습니다	-11.855560
영양분	-11.855699
▁제곱이	-11.855925
▁을때	-11.856038
▁쫓아내	-11.856066
▁돼서	-11.856145
▁는그점	-11.856240
▁사십	-11.856267
세상사람	-11.856272
▁잎	-11.856387
▁이되며	-11.856440
▁항복	-11.856452
새롭게	-11.856486
나뭇잎	-11.856509
어진다	-11.856551
▁를이렇게	-11.856647
우리하나님	-11.856650
▁여기를	-11.856749
▁기름을	-11.856779
사님	-11.856876
기간동안	-11.856881
▁대충	-11.857054
▁방에서	-11.857063
▁부드러운	-11.857098
▁한가족	-11.857157
ca	-11.857183
외곽	-11.857243
통용기원	-11.857284
▁2003	-11.857285
▁감동	-11.857349
▁의세력	-11.857353
하였으므로	-11.857445
▁신중	-11.857607
▁World	-11.857618
사회자	-11.857663
▁좇아	-11.857766
모기	-11.857860
가까운장래	-11.857884
▁은죽음	-11.857897
유혈	-11.857897
상식	-11.857925
▁을들었습니다	-11.857929
▁제인	-11.857954
천체	-11.858057
▁은영	-11.858130
느리	-11.858150
▁진실이	-11.858152
▁연구소	-11.858253
98	-11.858344
소설	-11.858392
▁중이에요	-11.858479
▁확률은	-11.858556
▁나무가	-11.858783
▁을도와	-11.858851
▁불쌍	-11.858888
▁있대	-11.858901
28	-11.858918
▁에는약	-11.858927
구리	-11.858983
▁으로약	-11.858992
ity	-11.859041
▁를바꾸	-11.859088
▁결혼을	-11.859108
칠것	-11.859134
▁사울이	-11.859144
▁음식이	-11.859175
첫인간부부	-11.859212
▁아버님	-11.859237
▁로향	-11.859319
▁안보	-11.859344
▁암몬	-11.859463
알지못하	-11.859543
▁에몰두	-11.859580
▁계산기	-11.859644
이새	-11.859685
조합	-11.859710
소요	-11.860136
사려깊	-11.860181
▁(*	-11.860251
▁선지자에게	-11.860262
▁가이러	-11.860271
▁에집중	-11.860288
ep	-11.860373
▁왕과	-11.860383
힌두교	-11.860554
▁은눈	-11.860640
▁인권	-11.860697
▁전하는	-11.860846
▁찾으려	-11.860847
▁심하게	-11.860870
드러내	-11.860873
올려놓	-11.860884
스타일	-11.860906
▁을가능	-11.860927
▁중동	-11.860983
정식	-11.861183
맛보게	-11.861299
용사	-11.861321
▁의임무	-11.861353
도입	-11.861560
순식간	-11.861671
볼리비아	-11.861788
행악자	-11.861843
si	-11.861851
▁당연하죠	-11.861941
주문	-11.862061
해롭	-11.862105
▁굳이	-11.862139
홀로	-11.862173
▁합성	-11.862184
▁화산	-11.862514
▁에빠졌	-11.862909
한국	-11.862936
순교자	-11.862953
▁제곱은	-11.862969
목수	-11.863115
거나그	-11.863140
믿지않는사람	-11.863140
▁쪼	-11.863153
많이있습니다	-11.863171
▁전염병	-11.863227
▁의연설	-11.863230
▁표적	-11.863252
▁옳지	-11.863280
참고	-11.863552
자신감	-11.863602
▁께서사람	-11.863628
▁으로변화	-11.863725
봉급	-11.863821
▁조만간	-11.863884
▁오버	-11.863929
불립니다	-11.863972
▁은불가능	-11.863991
관할	-11.863997
하는도다	-11.864019
▁로마서	-11.864033
▁할수없습니다	-11.864041
▁노트	-11.864138
회원국	-11.864229
한대	-11.864367
정신태도	-11.864406
▁두려워하지	-11.864430
▁스크린	-11.864437
▁이하	-11.864439
▁상상할	-11.864517
무릅	-11.864755
▁에대한자신	-11.864824
▁생명이	-11.865017
▁은큰	-11.865094
받으신	-11.865150
지아니하며	-11.865168
중심부	-11.865273
▁양육	-11.865353
바알	-11.865398
▁So	-11.865410
새언약	-11.865481
▁를지으	-11.865489
▁이되지않	-11.865555
▁되나	-11.865626
상공	-11.865788
부르짖	-11.865835
죽은것	-11.865870
야함	-11.865900
▁하고있다고	-11.866013
걸로	-11.866014
천장	-11.866110
▁쉬워	-11.866388
화장	-11.866423
접시	-11.866426
▁의심장	-11.866598
▁제니	-11.866734
▁놓은	-11.866797
▁자리에서	-11.866817
깊	-11.866968
게하라	-11.867028
▁가아직	-11.867051
살륙	-11.867191
당국자	-11.867211
▁꺾	-11.867229
▁소득	-11.867251
▁로한다	-11.867475
비료	-11.867496
▁블루	-11.867497
▁도움말	-11.867614
새땅	-11.867628
▁을지어	-11.867672
▁잃어버린	-11.867679
▁강의를	-11.867687
항체	-11.867697
39:	-11.867711
▁한행복	-11.867798
퇴직	-11.867996
증발	-11.868001
되었지요	-11.868047
▁부르짖	-11.868124
▁는심지어	-11.868179
영접	-11.868274
걸린다	-11.868307
▁하위	-11.868313
▁은제자	-11.868368
▁덩어리	-11.868414
▁양식으로	-11.868503
▁나쁘	-11.868572
▁이아니었	-11.868584
▁받을것	-11.868592
▁쉴	-11.868727
▁을활용	-11.868781
▁을죽	-11.868807
이렇게알려준다	-11.868967
▁지혜와	-11.869023
▁96	-11.869096
불린	-11.869269
▁꼼짝	-11.869292
▁를범하	-11.869594
▁을잃고	-11.869684
얼마지나지않아	-11.869739
▁알았습니다	-11.869769
오페라	-11.869848
▁어떡하	-11.869850
아사	-11.869918
▁뭐라도	-11.869947
둥이	-11.870080
▁무선	-11.870227
▁주었습니다	-11.870238
▁윌슨	-11.870341
필수	-11.870347
했을까요	-11.870351
▁율법을	-11.870575
주름	-11.870607
▁과거에	-11.870626
▁서나	-11.870667
인치	-11.870684
▁만유	-11.870708
▁된생각	-11.870788
라든가	-11.870836
▁을앓고있	-11.870872
인간관계	-11.870968
임상	-11.871017
믿는자	-11.871043
섬기는일	-11.871264
▁너로	-11.871342
▁치료제	-11.871372
저서	-11.871430
뚫	-11.871467
46:	-11.871515
▁두려	-11.871560
▁헤드	-11.871658
게만드는	-11.871703
▁하지말	-11.871778
강탈	-11.871825
▁을자랑	-11.871846
▁편집기	-11.872055
▁세기초	-11.872162
더좋은	-11.872278
저는	-11.872289
▁을당하는	-11.872321
꽁	-11.872402
굿	-11.872403
▁사무드	-11.872404
▁대저	-11.872412
▁은사도	-11.872439
▁저울	-11.872446
핍박	-11.872451
▁해왔읍니다	-11.872465
▁돌아보	-11.872532
▁생각해보면	-11.872662
영구	-11.872752
에르	-11.872792
▁집은	-11.872850
가락	-11.872862
▁을돌려	-11.873030
▁졸	-11.873055
▁시대에	-11.873099
▁우승	-11.873105
▁해야한다는것	-11.873242
청원	-11.873262
wh	-11.873534
판을	-11.873541
▁을느낄수있	-11.873573
▁좋고	-11.873627
포르투갈	-11.873632
▁작동하는	-11.873675
▁안경	-11.873686
좁	-11.873710
게해달라고	-11.873711
▁자넬	-11.873757
▁그리고그분	-11.873783
무관	-11.873892
▁독수리	-11.873914
▁기도를	-11.873940
▁주셨	-11.873955
시술	-11.874002
▁가그리스도	-11.874086
▁가현재	-11.874142
▁남기	-11.874145
무언가	-11.874189
▁황무	-11.874214
▁을감독	-11.874267
▁우리각자	-11.874403
▁받았어요	-11.874435
▁한모든것	-11.874440
▁을배웠습니다	-11.874503
삼켜	-11.874549
이토록	-11.874576
뱅	-11.874619
찬사	-11.874734
바닷가	-11.874789
▁동지	-11.874881
bo	-11.874888
▁왕자	-11.874959
전문적	-11.874983
해달라고	-11.874992
▁을알게됩니다	-11.874994
부르는	-11.874999
어마어마	-11.875011
▁Google	-11.875076
▁What	-11.875076
넉넉	-11.875078
머물	-11.875303
멸종위기	-11.875418
▁취해	-11.875430
▁Li	-11.875504
▁였습니까	-11.875645
남아있다	-11.875674
▁정액	-11.875683
▁여성들이	-11.875701
▁불가능한	-11.875738
▁논리적	-11.875768
▁하도록격려	-11.875889
▁두려워하는	-11.875948
▁에서생활	-11.875957
▁없도다	-11.875976
추위	-11.876004
▁에게보낸편지	-11.876081
지궁금	-11.876104
▁추정	-11.876130
▁치아니	-11.876299
▁할만하다	-11.876388
선출	-11.876390
▁서비스를	-11.876397
▁자랑스럽	-11.876456
별거	-11.876458
세개	-11.876471
▁처벌	-11.876500
▁에서있었던	-11.876648
메시지	-11.876679
▁주에	-11.876754
외출	-11.876786
싸운	-11.876787
▁를한다	-11.876814
빈번	-11.876817
▁계실	-11.876851
▁한기사	-11.876884
▁에게요구	-11.876896
빠진	-11.876915
방사선	-11.876959
▁의출판물	-11.877020
장례	-11.877028
▁도주	-11.877066
노년	-11.877086
탐사	-11.877234
▁못하겠	-11.877234
▁보기에	-11.877305
속이는	-11.877319
▁어려워	-11.877322
▁욕망	-11.877332
끌어내	-11.877332
▁포함한	-11.877417
▁의방식	-11.877473
거나심지어	-11.877542
없으므로	-11.877592
▁보이네요	-11.877639
께서는	-11.877674
▁예수를	-11.877752
계시다	-11.877773
맏아들	-11.877839
함락	-11.877849
▁안녕히	-11.877982
▁되었어요	-11.877999
세계평화	-11.878109
▁모르잖아	-11.878148
▁천체	-11.878188
▁그러던중	-11.878272
▁한방식	-11.878347
▁하나님이시라	-11.878566
▁하시게	-11.878570
두께	-11.878681
리히	-11.878837
▁생태계	-11.878892
야말로	-11.878899
▁경우를	-11.878909
똑똑	-11.878972
죽을것	-11.878988
밑바닥	-11.879021
기바랍니다	-11.879079
▁이라는의미	-11.879085
예고	-11.879183
com	-11.879188
▁을다스리	-11.879245
▁ch	-11.879284
▁인노력	-11.879311
▁어딘가	-11.879316
▁무사	-11.879328
▁을받으셨	-11.879338
군사적	-11.879339
▁약속해	-11.879389
▁닦	-11.879429
하나요	-11.879525
촬영	-11.879689
▁을미워	-11.879719
▁29,	-11.879848
▁이그처럼	-11.879926
등등	-11.880062
▁라틴	-11.880116
▁께서는그러한	-11.880215
▁이제부터	-11.880240
콧	-11.880281
▁들중한사람	-11.880364
▁어떻게그러한	-11.880373
되지만	-11.880373
▁를멀리	-11.880413
▁스포오츠	-11.880445
식료품	-11.880445
협의회	-11.880472
가장많이	-11.880541
이리	-11.880708
해집니다	-11.880797
▁신은	-11.880806
▁가되지않	-11.880840
▁를위해서	-11.880852
ts	-11.880950
▁을지키는것	-11.880961
▁그럴때	-11.880972
▁필요없	-11.881017
▁를열	-11.881036
▁입양	-11.881050
정신병	-11.881188
▁에관한진리	-11.881240
▁의명	-11.881243
미생물	-11.881256
▁를나타내는	-11.881301
질수있습니다	-11.881342
▁의여러가지	-11.881397
측면	-11.881495
▁한관련	-11.881531
▁모욕	-11.881661
발톱	-11.881675
밝힌	-11.881679
▁이사회	-11.881698
다닌다	-11.881720
▁An	-11.881783
▁는회중	-11.881917
그러한상황	-11.881982
내아들	-11.882073
왕조	-11.882100
▁들여다	-11.882257
십계명	-11.882277
▁계시며	-11.882280
실정	-11.882348
▁묵	-11.882363
▁을받기위해	-11.882406
▁돌고래	-11.882474
ide	-11.882545
▁을보았	-11.882556
▁세가지	-11.882642
▁을보았습니다	-11.882644
▁을넣	-11.882722
그잡지	-11.882777
▁뜻이야	-11.882812
▁방정식의	-11.882824
펼쳐	-11.882891
▁하지못할것	-11.883142
▁을상대	-11.883191
아닙니까	-11.883265
▁가하나	-11.883269
나올것	-11.883291
▁남겼	-11.883370
▁하지못했	-11.883417
대나무	-11.883529
능한	-11.883548
맞춤	-11.883607
▁해서도	-11.883647
▁는기도	-11.883654
▁되겠지	-11.883804
당신이	-11.883829
▁의방	-11.883842
해야겠어	-11.883862
04	-11.883904
▁이익을	-11.883910
▁의기적	-11.883994
▁가격이	-11.884104
소아	-11.884249
▁개혁	-11.884322
그렇다고	-11.884324
▁소수점	-11.884346
야했다	-11.884454
음반	-11.884464
▁알려줄	-11.884501
단점	-11.884537
아래있는	-11.884537
절제	-11.884541
▁위를	-11.884606
▁에속하는	-11.884608
▁정상적	-11.884705
▁잃게	-11.884735
사마리아	-11.884749
▁누구를	-11.884754
▁랩	-11.884782
▁현지	-11.884812
ib	-11.884912
▁는전혀	-11.885273
▁에대해언급	-11.885335
수년	-11.885339
▁로자신	-11.885351
▁를마시	-11.885516
주었으며	-11.885602
사설	-11.885630
▁이라고알려줍니다	-11.885703
▁이부활	-11.885724
행하고	-11.885727
순진	-11.885771
▁에한번	-11.885828
동맹	-11.885833
▁이었어요	-11.885857
▁까지하였다	-11.885868
▁을새롭게	-11.885869
져요	-11.885928
▁1967	-11.885970
▁세례	-11.885993
▁있을지도	-11.886025
▁항참조	-11.886223
이방	-11.886235
져있다	-11.886294
▁이지난후	-11.886304
▁시인	-11.886492
av	-11.886505
▁나오게	-11.886539
▁갇혀	-11.886604
▁의이유	-11.886670
▁하고있는지	-11.886765
돌아다니	-11.886995
있으리라	-11.887054
▁이일어날	-11.887115
▁말라위	-11.887183
▁잃고	-11.887192
숨기	-11.887224
▁해서는	-11.887232
▁를입히	-11.887271
뚝	-11.887380
가져오	-11.887472
▁에관한이야기	-11.887488
▁그리워	-11.887498
규범	-11.887636
성폭행	-11.887652
리스트	-11.887774
하기위해서	-11.887832
▁향한	-11.887988
▁com	-11.888132
없읍니다	-11.888190
[	-11.888268
냉동	-11.888285
▁균형을	-11.888290
▁을얻으려고	-11.888320
관심자	-11.888386
따른다면	-11.888398
신권전도학교	-11.888554
시베리아	-11.888576
▁오바마	-11.888585
▁우편번호	-11.888590
▁대령	-11.888602
선진국	-11.888656
▁반지름	-11.888685
▁을읽어보세요	-11.888695
몰랐	-11.888735
남겨두	-11.888830
아파	-11.889125
▁하신다면	-11.889164
우트	-11.889177
▁복도	-11.889303
▁탐험	-11.889359
▁하박국	-11.889418
▁지경	-11.889447
▁을받으면	-11.889540
▁계집	-11.889594
▁를지나	-11.889631
▁나사렛	-11.889687
▁를원하는사람	-11.889738
▁단계를	-11.889969
▁중요해	-11.890058
▁을밝혀주	-11.890182
죽는것	-11.890233
▁이어느정도	-11.890250
독감	-11.890286
피부색	-11.890405
단일	-11.890411
▁으로이주	-11.890429
▁누군가는	-11.890451
신후	-11.890484
도울	-11.890489
▁이그런	-11.890524
대리	-11.890665
있을수있다	-11.890682
▁의지하	-11.890767
입양	-11.890787
누릴수있	-11.890804
▁복원	-11.890885
찾으	-11.890890
▁감기	-11.890917
▁띠	-11.891200
▁쏜	-11.891230
어려서부터	-11.891273
▁을느낀다	-11.891279
▁는내게	-11.891290
남아	-11.891293
우기	-11.891300
사리	-11.891337
▁가영적	-11.891361
▁정복	-11.891380
전쟁터	-11.891406
양무리	-11.891497
▁연결된	-11.891533
▁가받은	-11.891723
단축	-11.891757
▁저기에	-11.891759
인것	-11.891807
기억력	-11.891813
▁을열어	-11.891878
▁에유익	-11.891897
▁하지않습니까	-11.891900
▁신세참조	-11.891903
렸으며	-11.891943
간호원	-11.891944
넘어지	-11.892000
동유럽	-11.892063
▁sh	-11.892114
▁들어간	-11.892121
▁한하나님	-11.892365
▁뭐하는거야	-11.892365
몇사람	-11.892379
▁말했지	-11.892426
▁처방	-11.892426
올랐	-11.892458
지지자	-11.892460
▁있는일	-11.892469
믿고	-11.892594
직경	-11.892643
▁성과	-11.892651
▁시스템에	-11.892653
지폐	-11.892681
▁는아무	-11.892682
▁원할	-11.892709
▁캐스	-11.892713
▁회로	-11.892727
▁멈추지	-11.892809
▁하셨는데	-11.892820
▁을받는사람	-11.892887
런스	-11.892895
고싶어하	-11.892999
▁이많이있	-11.893034
상쇄	-11.893056
시키지	-11.893224
▁오십	-11.893255
▁가정말	-11.893386
▁이슬람교	-11.893488
밀림	-11.893621
치르	-11.893659
대한	-11.893701
▁저들이	-11.893717
▁과어떻게	-11.893719
▁가될수있다	-11.893894
주재	-11.893952
알렉산드리아	-11.894008
▁은이세상	-11.894036
광산	-11.894113
이듬해	-11.894139
▁1965	-11.894163
▁기다려요	-11.894186
자기아들	-11.894198
공경	-11.894323
크림	-11.894392
▁들어온	-11.894402
▁을깨달았습니다	-11.894407
▁에너무	-11.894475
미처	-11.894505
▁을좀더	-11.894506
▁신화	-11.894540
▁주인공	-11.894578
▁에감동	-11.894584
▁을중심	-11.894629
운전사	-11.894691
▁을써	-11.894803
▁이루어진	-11.894879
유연	-11.894881
▁코카인	-11.894906
라비	-11.894915
게해줄것	-11.894978
ath	-11.895051
날것	-11.895051
▁보호할	-11.895154
▁을사로잡	-11.895249
▁레이저	-11.895263
▁미국에	-11.895300
▁되려면	-11.895310
▁가지난	-11.895319
▁하게되고	-11.895330
그리스도인청소년	-11.895349
▁여기선	-11.895435
▁않더라	-11.895465
▁보자고	-11.895502
탁자	-11.895609
▁국제적	-11.895632
▁맛이	-11.895655
정숙	-11.895655
▁해집니다	-11.895756
▁문제로	-11.896030
적대적	-11.896220
회관	-11.896264
▁표현식	-11.896272
인간역사	-11.896338
곳곳	-11.896432
▁죄가	-11.896578
▁강물	-11.896650
▁아버지께서	-11.896671
▁을끝	-11.896739
땐	-11.896752
추출	-11.896764
▁이잡지	-11.896787
▁의속도	-11.896793
사는사람	-11.896812
교육적	-11.896841
▁은로마	-11.896992
▁한두	-11.897161
▁각을	-11.897182
▁를받을때	-11.897182
▁문서를	-11.897210
했으니까	-11.897299
▁이생길	-11.897313
▁한결론	-11.897320
▁을얻는데	-11.897406
New	-11.897464
▁부수	-11.897553
▁에분명	-11.897557
▁오케이	-11.897573
▁을읽어보	-11.897679
이단	-11.897684
▁돌아오지	-11.897820
▁생존자	-11.897820
▁동맹	-11.897882
그리스도인회중내	-11.897883
▁솔	-11.898145
▁가본	-11.898147
서있는	-11.898169
지않으신다	-11.898250
▁을관리	-11.898285
그위	-11.898289
▁하네요	-11.898304
▁기억하고	-11.898315
모리	-11.898384
▁나가야	-11.898472
▁은기꺼이	-11.898481
거행	-11.898554
▁가완전	-11.898674
▁자기자신	-11.898688
들어갈	-11.898808
▁비행기를	-11.898827
지존자	-11.898846
공통	-11.898889
배신	-11.898914
자라서	-11.898917
오셨습니다	-11.899004
알리는	-11.899007
▁일부가	-11.899035
▁를두고있	-11.899043
혈통	-11.899045
▁97	-11.899117
수십만	-11.899123
mm	-11.899214
▁를여호와	-11.899251
▁이없으면	-11.899312
▁은전쟁	-11.899354
왔기때문	-11.899383
▁멀어	-11.899390
지않으면안되	-11.899393
씌우	-11.899411
축구	-11.899435
▁에거의	-11.899461
▁엔지니어	-11.899467
늄	-11.899467
치는것	-11.899508
▁싶어하는	-11.899586
▁자유롭게	-11.899596
me	-11.899626
요한복음	-11.899641
▁으로보인다	-11.899642
▁다고말	-11.899667
▁논문	-11.899693
▁자막	-11.899827
▁안그래	-11.899847
▁위해서요	-11.899902
-4	-11.900059
따르는	-11.900069
숭상	-11.900126
▁좋아할	-11.900133
▁에아내	-11.900146
▁방황하	-11.900268
▁을찾을수있	-11.900311
꽃가루	-11.900342
▁도받	-11.900390
▁은무리	-11.900418
침몰	-11.900681
모르고	-11.900733
▁나간	-11.900743
▁나오고	-11.900792
▁성서원칙	-11.900831
▁의형	-11.900918
▁자산	-11.900928
▁비둘기	-11.900996
해소	-11.901112
56	-11.901183
▁변하지	-11.901231
주시기	-11.901233
▁의뇌	-11.901270
▁홍	-11.901315
▁한해결책	-11.901317
하였으매	-11.901358
▁수직선	-11.901402
▁나게하는것	-11.901494
▁는더이상	-11.901536
영리	-11.901685
▁의승리	-11.901687
▁응급	-11.901755
▁프라이	-11.901842
경비	-11.901852
▁을좋아하	-11.901877
탄식	-11.901887
▁분해	-11.901893
떨쳐버	-11.901957
보거나	-11.902052
▁옥수수	-11.902053
내아버지	-11.902078
▁을안다	-11.902147
굶	-11.902208
맵	-11.902215
그리스도인희랍어성경	-11.902216
껍데기	-11.902216
▁긍정적	-11.902217
▁아무래도	-11.902220
순찰	-11.902224
▁으로전파	-11.902237
▁이결코없	-11.902258
▁물건들	-11.902345
▁프란시스	-11.902388
호텔	-11.902425
분수	-11.902631
▁사랑은	-11.902698
▁하노니	-11.902718
▁거란	-11.902732
▁을견디	-11.902775
하는걸	-11.902788
냈어요	-11.902969
▁인증거	-11.903138
▁시작하면	-11.903153
시켰습니다	-11.903294
둠	-11.903299
▁의보좌	-11.903337
량이	-11.903337
건너편	-11.903422
갖추어	-11.903431
▁오줌	-11.903481
주파수	-11.903525
기술적	-11.903625
되었노라	-11.903657
랙	-11.903743
▁이었지요	-11.903748
▁끝났습니다	-11.903813
도와줄수있	-11.903864
▁보려고	-11.903871
▁수많은사람	-11.903897
헌신적	-11.903934
▁을비교	-11.904050
될수있을것	-11.904081
ack	-11.904094
들만	-11.904132
▁요시야	-11.904136
수십년	-11.904185
저술	-11.904207
▁만은	-11.904237
없는사람	-11.904245
논리	-11.904263
▁한산	-11.904324
맑은	-11.904330
웬	-11.904441
▁음악가	-11.904454
제약	-11.904476
큰바빌론	-11.904543
▁찾았습니다	-11.904557
공공	-11.904566
팽	-11.904597
▁바빠	-11.904701
▁다윗왕	-11.904724
▁어떤지	-11.904822
쭉	-11.904832
깁	-11.904844
▁드릴게요	-11.904968
닛	-11.904970
▁는더욱	-11.905048
감기	-11.905052
비어	-11.905089
▁이학교	-11.905144
▁헛소리	-11.905149
하였으되	-11.905216
말썽	-11.905264
▁이나타낸	-11.905276
▁있었기	-11.905386
▁이종종	-11.905457
▁에닿	-11.905461
면그것	-11.905463
설계자	-11.905527
▁을얻었습니다	-11.905658
▁에일치	-11.905697
▁2012	-11.905875
▁덴마크	-11.905907
▁은반드시	-11.905982
권면	-11.906301
자동	-11.906308
흘렸	-11.906354
두마리	-11.906435
포르	-11.906499
받지못	-11.906505
투명	-11.906629
공포증	-11.906716
왕궁	-11.906742
매우다양	-11.906816
▁De	-11.906842
▁부채	-11.906898
▁논리	-11.907032
고보고	-11.907048
▁한아내	-11.907490
여자아이	-11.907546
미칠	-11.907591
넣어	-11.907594
오시	-11.907598
▁그러기	-11.907626
심문	-11.907626
▁비유하	-11.907708
▁이되었을때	-11.907724
십일조	-11.907753
▁기본적	-11.907773
▁저번	-11.907818
▁낮추	-11.907826
마찰	-11.907989
받아들인다	-11.908031
차분	-11.908058
▁꾸미	-11.908087
▁어서요	-11.908093
▁산에	-11.908096
▁2.5	-11.908161
▁구하여	-11.908163
왕성	-11.908233
▁에밀리	-11.908258
커지	-11.908639
가구	-11.908808
하군요	-11.908824
▁마시는	-11.908877
▁98	-11.908945
▁남편은	-11.908991
▁여성을	-11.909009
흩어지	-11.909081
▁지원하지	-11.909085
▁걸음	-11.909111
▁지옥으로	-11.909115
▁면에서	-11.909132
있는자	-11.909158
가르친	-11.909163
딱딱	-11.909179
토머스	-11.909264
▁하게살	-11.909348
▁외과	-11.909403
완공	-11.909482
본보기	-11.909516
▁기술은	-11.909614
받아들이는것	-11.909618
▁을강하게	-11.909722
보안	-11.909838
▁도구를	-11.909953
부화	-11.910004
▁기존	-11.910010
▁하느니라	-11.910055
▁한특권	-11.910065
▁다윗에게	-11.910107
▁를가리키	-11.910118
놀랄만한	-11.910259
토르	-11.910290
잡아먹	-11.910351
매춘	-11.910385
샀	-11.910491
▁를행하	-11.910518
▁차이를	-11.910522
▁찾으러	-11.910568
▁의교육	-11.910580
▁에비하면	-11.910658
무화과나무	-11.910664
념	-11.910703
▁역사상	-11.910920
비상	-11.910943
비성경적	-11.910997
미끄러	-11.911104
▁는시간	-11.911112
▁바꾸고	-11.911273
보냄	-11.911311
덮여있	-11.911320
갈수있	-11.911490
▁맹세하사	-11.911572
▁은상당	-11.911823
▁으로만들	-11.912053
▁에완전	-11.912104
▁즐겁게	-11.912141
▁내용은	-11.912143
양분	-11.912205
▁프레임	-11.912272
▁모른다고	-11.912370
닥쳐	-11.912397
기뻐하는	-11.912442
▁을얻을수있습니다	-11.912500
훔	-11.912500
▁을얻는	-11.912606
▁하지않았읍니다	-11.912649
중국어	-11.912649
맙	-11.912720
싸우는	-11.912722
편협	-11.912775
▁낮을	-11.912798
혼동	-11.912869
인명	-11.912875
이른	-11.912882
▁댄스	-11.912963
▁이점점더	-11.912973
▁이방	-11.913019
▁자신감	-11.913139
하얀	-11.913173
떠올랐	-11.913290
▁대사	-11.913349
배심원	-11.913351
데이비드	-11.913357
▁를밟	-11.913390
안녕	-11.913416
▁던졌	-11.913438
완료	-11.913468
앞장	-11.913474
였다면	-11.913497
끔	-11.913526
불려	-11.913548
면역계	-11.913720
▁뭐라구요	-11.914082
동조	-11.914168
▁나타날	-11.914213
▁밑에서	-11.914313
▁이없으며	-11.914541
미칠것	-11.914557
▁그곳은	-11.914680
▁들어가게	-11.914702
린것	-11.914847
▁를걸어	-11.914865
게르	-11.914898
사도요한	-11.915030
속죄	-11.915036
▁섬기는	-11.915056
ext	-11.915121
양보	-11.915127
믿었다	-11.915178
▁성서예언	-11.915213
앤드	-11.915237
▁왜냐하면그	-11.915370
de	-11.915449
▁를찾는	-11.915596
▁합쳐	-11.915690
침울	-11.915754
시나이	-11.915831
▁에릭	-11.915870
느니	-11.915872
▁세때	-11.915874
보트	-11.916016
굉장	-11.916057
퓨	-11.916065
알래스카	-11.916067
다름아닌	-11.916085
흘려	-11.916108
▁하며그	-11.916118
죄수	-11.916204
▁하지않음	-11.916263
▁생각했는데	-11.916290
▁레벨	-11.916326
애써	-11.916354
가장오래	-11.916366
기전에	-11.916370
하였음이	-11.916430
▁하고그것	-11.916435
▁께서는지상	-11.916515
▁이벌어지	-11.916577
▁멍청하	-11.916593
▁소방	-11.916649
▁깨어나	-11.916651
▁무어	-11.916789
▁신원	-11.916924
증거활동	-11.916977
수백명	-11.917117
종식	-11.917224
▁놀라게	-11.917244
▁양반	-11.917267
가득차	-11.917286
탐험가	-11.917305
벌목	-11.917394
심판날	-11.917407
▁하는길	-11.917448
▁있으시	-11.917462
▁에맞게	-11.917507
할수없는	-11.917566
▁을구경	-11.917666
볼수있읍니다	-11.917718
초자연적	-11.917743
▁위험에	-11.917803
▁여기서는	-11.917816
일부그리스도인	-11.917873
▁스페인어	-11.917932
▁살기	-11.917959
▁한벗	-11.917993
마주	-11.918019
▁말씀하셨	-11.918052
▁감사하는	-11.918098
현악한	-11.918138
가지고있는	-11.918172
▁의정치	-11.918175
▁69	-11.918193
▁모이	-11.918210
▁받았어	-11.918242
gr	-11.918314
▁발음	-11.918353
▁의권세	-11.918447
▁하기위한것	-11.918504
그러한태도	-11.918571
팩	-11.918573
끝내	-11.918585
▁에게진정	-11.918626
▁이아니고	-11.918689
▁그리스도예수	-11.918756
올수있	-11.918801
피라미드	-11.918859
▁계산해	-11.918969
너스	-11.919049
84	-11.919146
박힌	-11.919209
죽었	-11.919214
▁시드니	-11.919240
▁보고싶	-11.919260
ain	-11.919271
▁까지나	-11.919403
▁플로리다	-11.919511
▁비용을	-11.919718
▁하지못하게	-11.919800
▁는바울	-11.919803
▁를입은	-11.919868
▁용사	-11.919870
▁번째로	-11.919873
기다려	-11.920044
▁못했던	-11.920057
▁을깨	-11.920102
렸을	-11.920228
▁의정치적	-11.920234
▁선이	-11.920289
약해지	-11.920307
▁이그토록	-11.920396
▁남아있는	-11.920416
▁충분하지	-11.920538
일세	-11.920568
▁맹세하며	-11.920655
ron	-11.920660
▁황금	-11.920732
▁고소	-11.920797
▁로하느님	-11.920797
▁차트	-11.920842
▁은여러	-11.920856
▁병이	-11.920894
마시는	-11.920914
▁를직접	-11.920988
▁의노예	-11.921106
해주었습니다	-11.921124
▁시작했다	-11.921213
▁저녁에	-11.921276
종교개혁	-11.921276
혼잡	-11.921383
▁침대에	-11.921420
▁스토	-11.921479
▁를하거나	-11.921524
들었을때	-11.921560
▁규빗	-11.921661
미디안	-11.921716
▁들리는	-11.921836
긍휼	-11.921951
▁를받았읍니다	-11.922089
97	-11.922093
▁있는가	-11.922183
▁맞게	-11.922185
▁저질렀	-11.922187
▁그래픽	-11.922228
▁취하고	-11.922248
▁에발행	-11.922369
▁위선자들	-11.922433
많았다	-11.922524
되었지만	-11.922553
▁바래	-11.922585
▁마스크	-11.922637
주셨다	-11.922696
도표	-11.922777
▁에깊이	-11.922811
▁는마치	-11.922819
믿을수없	-11.923028
▁만나러	-11.923141
악한것	-11.923290
▁보시죠	-11.923291
▁안된다	-11.923406
▁다음에는	-11.923422
살고있는	-11.923441
02	-11.923483
요동	-11.923701
사관	-11.923773
사교	-11.923999
▁지난번	-11.924018
▁중재	-11.924075
장으로	-11.924178
플러	-11.924205
▁왕은	-11.924308
▁발견했습니다	-11.924380
▁에예언	-11.924434
▁인간과	-11.924435
▁시나리오	-11.924471
는견해	-11.924567
살아갈	-11.924668
▁하더니	-11.924735
▁끝나고	-11.924830
배우고	-11.924929
잖소	-11.924954
집어넣	-11.925060
▁한요인	-11.925080
동네	-11.925099
세세	-11.925114
▁는아들	-11.925326
피임	-11.925408
▁그분께서는	-11.925578
▁생물학적	-11.925636
▁이신예수	-11.925861
▁저흰	-11.925982
끌어들이	-11.926007
▁는진리	-11.926113
스페인어	-11.926163
거친	-11.926217
모어	-11.926336
줄수있다	-11.926342
▁저주가	-11.926414
코드	-11.926426
가는길	-11.926551
▁으로성서	-11.926638
예보	-11.926639
▁가지나	-11.926678
뉴턴	-11.926695
할지니라	-11.926713
되었을때	-11.926800
▁에있어	-11.926950
맞추어	-11.927134
▁과능력	-11.927165
▁은시간	-11.927271
▁이지나면서	-11.927279
쿵	-11.927286
백향목	-11.927288
▁은아마도	-11.927310
▁무료	-11.927339
할수있읍니까	-11.927341
▁찢	-11.927380
▁발견할	-11.927387
결실	-11.927421
▁패널	-11.927439
기울이	-11.927481
▁에있어서는	-11.927514
▁의경제	-11.927570
다이아몬드	-11.927718
Z	-11.927720
탔	-11.927721
님은	-11.927725
▁1920	-11.927991
발작	-11.928050
▁순간을	-11.928063
▁를가질	-11.928101
▁엉	-11.928185
유업	-11.928265
증을	-11.928300
▁달에	-11.928376
머스	-11.928479
▁so	-11.928500
어휘	-11.928594
주소서	-11.928634
있지않습니다	-11.928685
▁삼각형이	-11.928714
▁비용이	-11.928828
고귀	-11.928946
깊은관심	-11.928952
게할수있다	-11.928989
▁&	-11.928999
▁절단	-11.929008
▁가할수있는일	-11.929070
▁인감정	-11.929132
▁이구원	-11.929174
▁괜찮지	-11.929176
▁을할수있는	-11.929263
▁말인데	-11.929307
▁어젯밤에	-11.929393
나갈수있	-11.929418
저지	-11.929439
▁을열	-11.929508
▁에서명	-11.929514
▁을공부	-11.929556
▁용감	-11.929704
day	-11.929832
▁신속	-11.929837
▁녀석들	-11.929937
▁미국은	-11.930012
뇌졸중	-11.930112
인슐린	-11.930117
거두	-11.930130
자중심	-11.930206
확언	-11.930359
▁원한다	-11.930368
▁바늘	-11.930494
리얼	-11.930504
▁주옵소서	-11.930646
▁더한	-11.930657
지말아라	-11.930671
▁한집	-11.930705
▁을잘못	-11.930752
섞어	-11.930971
▁에누가	-11.931041
▁골프	-11.931103
▁수술에	-11.931173
나란	-11.931177
융	-11.931317
많은부모	-11.931341
▁목표는	-11.931398
슬퍼	-11.931570
▁해보이는	-11.931582
▁하지않아	-11.931603
우리는	-11.931658
진영	-11.931725
웠어요	-11.931853
왕국전파활동	-11.932217
위탁	-11.932225
한지라	-11.932228
▁바꾼	-11.932372
▁는하나	-11.932384
어왔다	-11.932460
해산	-11.932524
▁브로	-11.932708
▁을결정	-11.932817
▁86	-11.932825
▁의환상	-11.932831
▁항을	-11.932841
▁을부활	-11.932903
▁시뮬레이션	-11.932943
▁는새로운	-11.932991
▁(3)	-11.933003
▁버린	-11.933075
▁에담긴	-11.933097
▁쿠바	-11.933119
맞춰	-11.933138
호랑이	-11.933177
▁달을	-11.933240
▁를넘	-11.933365
▁원자로	-11.933387
지표	-11.933480
▁대량	-11.933549
조만간	-11.933549
수사	-11.933588
중심지	-11.933643
▁의나무	-11.933709
주된이유	-11.933711
비싸	-11.933744
이런말	-11.933782
▁도더	-11.933787
국장	-11.933790
덮인	-11.933807
머리털	-11.933807
▁늦었어	-11.933895
▁위험해	-11.934065
log	-11.934087
문제점	-11.934103
영계	-11.934216
▁것이에요	-11.934291
the	-11.934292
▁이갑자기	-11.934500
차단	-11.934561
▁축하해	-11.934563
역학	-11.934625
▁을시인	-11.934674
ary	-11.934740
이렇게알려줍니다	-11.934891
사라진	-11.934962
▁을얻을수있는	-11.935002
▁연극	-11.935035
▁보라고	-11.935428
▁에게계속	-11.935439
쳐다보	-11.935549
▁북한	-11.935611
짱	-11.935635
▁벽을	-11.935718
▁시력	-11.935789
▁just	-11.935795
▁노력을	-11.935802
▁단식	-11.935913
▁한거야	-11.936065
별개	-11.936136
▁을건너	-11.936397
이스라엘자손	-11.936443
▁의식을	-11.936463
▁한다는점	-11.936535
가지고있는것	-11.936543
지않을수있	-11.936574
▁작품을	-11.936650
▁느끼고	-11.936667
압박	-11.936709
▁구리	-11.936745
닦아	-11.936850
▁크라	-11.936886
▁을증거	-11.936928
▁꽂	-11.936960
▁가져갔	-11.936967
수있는기회	-11.936970
▁에게영적	-11.936988
▁못하면	-11.936992
▁파워	-11.937002
▁에게가까이	-11.937005
조기	-11.937037
▁틀린	-11.937129
▁를깊이	-11.937147
▁땀	-11.937148
▁의기능	-11.937189
우송	-11.937289
재생	-11.937322
많은양	-11.937338
▁겉	-11.937357
함께일	-11.937448
대회장	-11.937533
크리	-11.937590
700	-11.937600
▁에맞는	-11.937613
▁패턴을	-11.937716
연소	-11.937720
▁우리에겐	-11.937847
과시	-11.937880
머물렀	-11.937916
마루	-11.937922
▁추락	-11.937976
동화	-11.937976
▁으로옮겨	-11.937990
▁보며	-11.938200
쓰이는	-11.938213
▁구하라	-11.938264
▁퍼지	-11.938433
일어날것	-11.938546
▁www	-11.938633
WHO	-11.938634
뺨	-11.938634
다람쥐	-11.938637
스프링	-11.938640
▁그토록	-11.938684
▁학생들은	-11.938690
지않는다는것	-11.938699
▁포인트	-11.938769
브루클린	-11.938935
▁1941	-11.939015
어졌습니다	-11.939027
▁상태에서	-11.939064
▁쳐다	-11.939075
▁미니	-11.939174
없었던	-11.939175
없어질	-11.939207
▁반응이	-11.939258
▁인목표	-11.939260
▁의뿌리	-11.939387
스위스	-11.939405
▁있으되	-11.939504
44	-11.939620
무슨의미	-11.939676
▁잘하고	-11.939754
▁해치지	-11.939763
▁시켜서	-11.939764
는주장	-11.939775
보여준다	-11.939866
▁그러나만일	-11.939898
하다니	-11.939952
▁하시는분	-11.939971
교외	-11.939991
▁묻고	-11.940081
가르치신	-11.940198
하고싶은	-11.940231
▁수용	-11.940249
▁그무렵	-11.940278
▁출혈이	-11.940286
▁도그러	-11.940309
▁그늘	-11.940475
어려운상황	-11.940521
▁에게선	-11.940524
세계도처	-11.940766
▁을느꼈	-11.940773
▁스스로에게	-11.940799
높습니다	-11.940809
비평가	-11.940836
자궁	-11.940959
▁유용한	-11.940984
▁자국	-11.941044
▁삼림	-11.941097
깜	-11.941116
▁서기관	-11.941249
습지	-11.941303
크스	-11.941327
발자국	-11.941413
▁잡았어	-11.941435
게됨	-11.941438
유황	-11.941485
▁클래스	-11.941491
무화과	-11.941492
▁번에	-11.941505
▁한근거	-11.941545
▁로미오	-11.941586
▁군인들	-11.941613
무료가정성서연구	-11.941741
▁조류	-11.941785
▁의표징	-11.941811
것같았다	-11.941880
▁할수있는사람	-11.941934
▁되기위하여	-11.942012
▁누구한테	-11.942093
치워	-11.942124
▁도있는	-11.942144
▁해야한다는	-11.942214
▁이르는	-11.942354
kg	-11.942366
떼어	-11.942397
▁그잡지	-11.942570
▁주셔서	-11.942576
▁그해	-11.942606
▁보안관	-11.942649
▁의섬	-11.942678
▁도안	-11.942712
본일	-11.942714
내려온	-11.942742
▁시키도록	-11.942767
이지구	-11.942786
차가운	-11.942862
▁들어가지	-11.942978
▁의유명	-11.942996
▁대통령이	-11.943018
▁에정신	-11.943049
▁에감사	-11.943077
얼마나되는	-11.943440
▁가능성을	-11.943550
▁뒤집어	-11.943596
▁접시	-11.943599
팔아	-11.943627
▁가하는일	-11.943793
줄곧	-11.943794
▁을당하였	-11.943866
▁풍부	-11.943868
더러운것	-11.943907
다섯가지	-11.943947
▁입증	-11.944005
▁하고생각	-11.944075
▁얘가	-11.944102
▁전화기	-11.944185
▁큽니다	-11.944356
울부짖	-11.944356
힘입어	-11.944368
찾아볼수있	-11.944377
흐뭇	-11.944400
▁잠재	-11.944405
폐지	-11.944426
▁한박해	-11.944427
▁조각을	-11.944448
▁을보게되	-11.944485
자외선	-11.944522
▁와같	-11.944551
연중	-11.944556
▁생각하게	-11.944571
책자본	-11.944587
몰고	-11.944591
▁도시에	-11.944659
▁아니었습니다	-11.944706
▁흐	-11.944712
ple	-11.944756
하였음이라	-11.944814
▁에가입	-11.944878
나갑니다	-11.944894
▁앤디	-11.944927
▁유언	-11.944947
▁빨라	-11.944954
보렴	-11.945062
▁에맞추어	-11.945236
부적절	-11.945352
▁한식품	-11.945413
게되었는가	-11.945421
목적지	-11.945451
ti	-11.945486
▁재배	-11.945511
잔혹	-11.945570
▁축제	-11.945582
▁살면서	-11.945601
▁소속	-11.945681
▁지우기	-11.945705
연상	-11.945794
▁하게하는것	-11.945836
▁이리로	-11.945846
놈들	-11.945930
▁적게	-11.945955
▁으로참석	-11.946131
▁의결핍	-11.946176
안돼	-11.946239
▁협조	-11.946397
▁에있는자	-11.946526
트레	-11.946585
개체	-11.946593
해주셔서	-11.946611
▁은전세계	-11.946623
▁의근거	-11.946722
▁78	-11.946724
관장	-11.946827
하고슬기	-11.946868
긁	-11.946980
▁주차	-11.947027
▁동양	-11.947091
▁한모습	-11.947206
▁자격이	-11.947215
나뭇가지	-11.947233
초창기	-11.947292
▁키보드	-11.947301
▁반환	-11.947381
▁찾아봐	-11.947392
내인생	-11.947450
숨겨	-11.947456
▁씨앗	-11.947498
▁였는가	-11.947671
▁이라는제목	-11.947760
▁보상이라	-11.947796
▁라그나	-11.947817
여러가지방법	-11.947831
▁하고있다는것	-11.947878
거짓신	-11.947949
통나무	-11.947950
▁을하였읍니다	-11.948181
▁본부	-11.948285
▁마녀	-11.948329
▁서두르	-11.948331
▁실행할	-11.948340
▁세운	-11.948346
▁어린시절	-11.948415
▁세계보건기구	-11.948435
▁하길	-11.948459
젊음	-11.948464
▁를삼는일	-11.948568
▁너머	-11.948615
사무엘첫째	-11.948631
▁자네도	-11.948800
▁이전쟁	-11.948911
aw	-11.949005
▁브랜드	-11.949078
▁이받은	-11.949701
지도않고	-11.949729
봐도	-11.949736
운동선수	-11.949736
버드	-11.949813
습기	-11.949836
게할수	-11.949878
▁검은색	-11.949946
▁불결	-11.949952
▁위선자	-11.949980
뚜껑	-11.950111
▁을보여준다	-11.950189
벨리	-11.950209
어울리	-11.950224
▁성서기록	-11.950229
제자리	-11.950277
평신도	-11.950304
▁업적	-11.950315
그남자	-11.950376
▁이상이	-11.950408
▁음의	-11.950455
33	-11.950520
새우	-11.950576
같습니다	-11.950640
▁31;	-11.950650
▁한음식	-11.950747
▁야구	-11.950753
▁를결정	-11.950864
▁신들을	-11.951003
이끌리	-11.951068
공통적	-11.951131
열려있	-11.951138
▁제프	-11.951144
▁봐라	-11.951154
▁고집	-11.951276
▁괜찮다	-11.951281
▁을받았을때	-11.951326
하였으리라	-11.951491
500	-11.951502
▁여태	-11.951503
아무일	-11.951540
▁신청	-11.951689
▁께찬양	-11.951802
▁많은청소년	-11.951809
▁초점을	-11.951824
회원	-11.951841
▁충분하	-11.951907
▁한기초	-11.951990
▁불교	-11.952054
▁병신	-11.952154
▁에모여	-11.952374
해졌다	-11.952446
▁을제정	-11.952486
▁해낸	-11.952641
▁시켜준다	-11.952692
▁웨스트	-11.952770
다고느끼	-11.952813
▁면도해	-11.952814
▁무엇이든	-11.952829
너무나도	-11.952849
미가엘	-11.952880
무라	-11.952900
▁에이버리	-11.952998
▁스튜디오	-11.953009
37	-11.953110
▁헬렌	-11.953116
무너져	-11.953182
더높은	-11.953239
▁웨버	-11.953247
▁별거	-11.953264
려고애쓰	-11.953272
치열	-11.953388
▁수염	-11.953433
▁좌절	-11.953485
▁는대부분	-11.953599
교통수단	-11.953653
화살	-11.953655
바룩	-11.953664
▁이믿음	-11.953701
영속적	-11.953771
연회	-11.953893
▁가족은	-11.953933
▁개체	-11.953936
▁군대가	-11.953952
▁된모든	-11.953969
정중	-11.954005
의도적	-11.954064
▁직원들	-11.954180
▁소유하고	-11.954238
▁은세계적	-11.954260
▁을갖도록	-11.954265
아벨	-11.954331
공인	-11.954407
▁돌아서	-11.954539
격노	-11.954661
▁이정확	-11.954720
왕국권익	-11.954768
55	-11.954774
▁로되어있	-11.954810
▁의독특	-11.955099
▁차는	-11.955118
▁응용	-11.955258
▁안다고	-11.955263
걸까	-11.955401
▁그러면서	-11.955404
▁한사도	-11.955409
▁에게이러	-11.955499
▁사람이에요	-11.955544
게되었	-11.955597
▁몇달	-11.955601
▁이여자	-11.955631
관이	-11.955660
놀랍	-11.955747
▁이슬람세를	-11.955902
외쳐	-11.956261
비례	-11.956354
▁의저자	-11.956415
,500	-11.956432
pp	-11.956567
의자	-11.956906
▁가져오는	-11.956931
▁에전쟁	-11.956966
▁키워	-11.956975
침착	-11.957051
▁의세계적	-11.957075
녀석	-11.957135
Th	-11.957180
▁대변	-11.957224
▁중상	-11.957231
▁악당	-11.957246
보살피	-11.957264
▁였지만	-11.957265
투덜	-11.957459
▁방백	-11.957498
▁는학교	-11.957579
▁엉망이	-11.957667
▁기독교인	-11.958045
돌아왔다	-11.958055
순조	-11.958096
▁을하게되	-11.958109
▁을고치	-11.958205
▁으로다시	-11.958259
▁있느니라	-11.958272
▁을느끼는	-11.958297
보고싶	-11.958304
테고	-11.958360
▁뿐이지	-11.958378
▁인도네시아	-11.958466
▁열매를	-11.958487
▁행할	-11.958501
▁차에서	-11.958543
버거	-11.958546
▁찾으면	-11.958644
▁지울	-11.958708
심해	-11.958761
▁업	-11.958787
모잠비크	-11.958807
▁을자세히	-11.958811
▁스캇	-11.958817
▁게임이	-11.958831
▁죽음에	-11.958860
도마뱀	-11.958873
방치	-11.958906
해서는안된다	-11.958937
경련	-11.958941
▁스콧	-11.958954
▁에걸쳐서	-11.958993
그루	-11.959001
▁을내렸습니다	-11.959065
▁이라는생각	-11.959081
▁가병	-11.959121
▁가되자	-11.959177
정하신때	-11.959200
두르	-11.959245
▁에수감	-11.959382
▁읽은	-11.959389
엄한	-11.959397
후계자	-11.959413
▁을받으며	-11.959620
함께모여	-11.959649
▁겁먹	-11.959665
▁직업을	-11.959735
숙제	-11.959742
▁는그때	-11.959952
드는것	-11.959964
▁조종사	-11.960063
▁되노라	-11.960108
알려주었습니다	-11.960260
무너졌	-11.960281
ite	-11.960351
▁제공하는	-11.960391
잠재적	-11.960451
지않으시	-11.960546
있어야	-11.960562
아예	-11.960597
▁그리고그것	-11.960724
▁비참	-11.960800
몇개	-11.960831
버진	-11.960894
▁사항을	-11.960986
ta	-11.961068
▁로성서	-11.961114
▁심리	-11.961234
▁필요하다고	-11.961245
▁로알려진	-11.961300
조지	-11.961314
세우고	-11.961390
▁를받습니다	-11.961448
▁을발표	-11.961538
▁부분에서	-11.961629
▁께서는왜	-11.961637
▁정신병	-11.961701
▁시애틀	-11.961722
콕	-11.961722
펜실베이니아	-11.961722
▁Bible	-11.961723
윗	-11.961751
스데반	-11.961753
관절염	-11.961768
▁30:	-11.961770
▁비밀번호	-11.961817
삼위일체교리	-11.961875
하시는일	-11.961880
▁프로필	-11.961913
▁이들의	-11.962027
안개	-11.962079
▁보냄	-11.962152
▁제외라	-11.962163
보았을때	-11.962242
어야할것	-11.962249
▁을알고있었습니다	-11.962338
어선	-11.962444
▁센	-11.962481
▁59	-11.962496
▁여호사밧	-11.962508
▁정착	-11.962509
▁국립	-11.962611
짜증	-11.962670
않았기때문	-11.962687
▁은잘	-11.962758
▁을읽어	-11.962905
양상	-11.962914
추론	-11.962928
▁경주	-11.963004
심리학자	-11.963046
▁베니	-11.963158
▁에서든	-11.963271
▁푸는	-11.963380
갔읍니다	-11.963513
▁살지	-11.963518
말다툼	-11.963552
▁화를	-11.963595
왔는지	-11.963680
▁남는	-11.963815
▁도아닙니다	-11.963824
▁토지	-11.964155
▁이가진	-11.964238
34	-11.964262
빨래	-11.964347
▁팔레스타인	-11.964374
▁의임명	-11.964460
▁시민들	-11.964524
랏	-11.964646
앎	-11.964646
헤럴드	-11.964647
니코틴	-11.964648
예전	-11.964668
전사	-11.964717
▁치아	-11.964863
▁화이트	-11.964883
▁공짜	-11.964931
▁취한	-11.964957
▁포스터	-11.965055
▁를더많이	-11.965189
▁하시오	-11.965202
▁맡을	-11.965224
▁조건을	-11.965241
하시리니	-11.965294
▁을조직	-11.965302
▁5,000	-11.965385
▁에충실	-11.965505
▁가더욱	-11.965560
▁이도착	-11.965639
▁전지전능	-11.965728
▁에서성서	-11.965746
이라고요	-11.965749
▁행하고	-11.965853
시들	-11.965909
▁을임명	-11.965913
▁이아무	-11.965930
늙어	-11.966034
클린	-11.966125
▁이생길수있	-11.966134
받았던	-11.966159
▁주교	-11.966231
▁재단	-11.966244
▁죄수	-11.966250
논문	-11.966264
▁필요없어	-11.966521
▁를가져왔	-11.966640
▁가큰	-11.966669
손톱	-11.966721
여하	-11.966748
▁한인물	-11.966789
▁거친	-11.966808
▁하인	-11.966860
▁취급	-11.966893
43	-11.966964
▁호랑이	-11.967040
▁낮에	-11.967103
화합물	-11.967271
모든생물	-11.967310
▁는매일	-11.967330
▁되는사람	-11.967403
▁힌두	-11.967521
▁절댓값	-11.967579
아울러	-11.967613
가로지르	-11.967637
더많은시간	-11.967702
▁두배	-11.967720
▁1947	-11.967762
▁맞은	-11.967880
장군	-11.968039
▁투쟁	-11.968152
▁보여드릴	-11.968167
▁경로를	-11.968314
예견	-11.968358
곧하나님	-11.968359
▁나사로	-11.968387
냥	-11.968444
있게될	-11.968445
▁였기때문	-11.968460
▁그러나오늘날	-11.968491
▁봤습니다	-11.968544
▁CT	-11.968637
▁의약점	-11.968653
▁먹으면	-11.968678
▁그때이후	-11.968680
▁로사망	-11.968719
수없읍니다	-11.968769
▁는결국	-11.968869
▁을받고있는	-11.968875
노아시대	-11.968877
▁생기는	-11.969040
▁가까워	-11.969069
▁을뒷받침	-11.969140
▁한범죄	-11.969192
▁만개	-11.969211
▁의선택	-11.969225
도와준	-11.969226
변명	-11.969265
지나간	-11.969465
▁긍정적인	-11.969522
▁를구원	-11.969543
결여	-11.969587
▁을하려고	-11.969588
신일	-11.969635
▁의전도인	-11.969687
▁평화를	-11.969753
선명	-11.969820
▁성벽	-11.969896
▁73	-11.969904
lt	-11.969927
태어날	-11.970136
사이드	-11.970386
돌려보내	-11.970417
▁데이터베이스	-11.970520
르완다	-11.970530
▁하는가운데	-11.970536
▁자식들	-11.970589
▁에놓인	-11.970603
지능	-11.970630
낼수있는	-11.970721
따른	-11.970721
생선	-11.970747
▁높아	-11.970774
▁다야	-11.970802
▁하게해주는	-11.970955
▁인예	-11.971043
근면	-11.971051
놀랍게도	-11.971068
레이스	-11.971185
들어가서	-11.971231
해주신	-11.971375
▁는여호와하나님	-11.971438
▁에서오는	-11.971468
▁스러운자	-11.971522
부드럽고	-11.971545
▁적합	-11.971701
다할지라도	-11.971738
▁의애정	-11.971804
▁경제학	-11.971922
▁어떨까	-11.972157
▁라합	-11.972297
▁억제	-11.972329
▁은학교	-11.972371
캠	-11.972416
수있지만	-11.972451
▁되어왔습니다	-11.972505
▁금액	-11.972570
▁는대개	-11.972599
마음대로	-11.972637
증서	-11.972643
쿠스	-11.972657
▁바랬	-11.972820
난초	-11.972836
프린	-11.972846
▁철저	-11.972886
영혼불멸	-11.972902
더운	-11.973050
▁정규	-11.973209
▁쪽이	-11.973211
▁암호를	-11.973252
▁되어온	-11.973316
▁말이니라	-11.973413
▁그렇겠지	-11.973479
▁고무	-11.973496
▁을가져다줄	-11.973499
▁낳은	-11.973541
토스	-11.973622
사도베드로	-11.973639
▁에게생명	-11.973658
말야	-11.973853
▁봐서	-11.973923
▁모르드개	-11.973966
▁표현할	-11.974052
▁말하지만	-11.974069
▁년초	-11.974104
▁필름	-11.974228
▁알겠죠	-11.974252
▁1900	-11.974483
▁거하는	-11.974668
성립	-11.974771
칩	-11.974829
▁느끼게	-11.974855
글씨	-11.974896
▁짚	-11.974919
▁고리	-11.974925
문학	-11.974934
창의력	-11.975055
▁되신	-11.975105
꽂	-11.975203
바뀌었습니다	-11.975317
했더니	-11.975341
음향	-11.975432
인력	-11.975499
아론	-11.975528
타오르	-11.975573
찌니	-11.975706
총명	-11.975784
또그	-11.975827
자로서	-11.975863
영적피조물	-11.975964
▁로여행	-11.976060
▁의운명	-11.976148
▁깨닫게	-11.976186
아팠	-11.976253
▁여는	-11.976292
▁잊어	-11.976304
▁가방문	-11.976430
마크	-11.976444
▁이스마엘	-11.976445
▁쏠	-11.976455
간것	-11.976455
▁캐롤	-11.976479
▁만일그렇다면	-11.976519
▁을구입	-11.976523
울음	-11.976575
하지마	-11.976594
▁올게	-11.976680
생태계	-11.976728
하지않았	-11.976747
▁에게큰	-11.976764
회색	-11.976771
희생물	-11.976836
팔리	-11.976856
알아보기	-11.976889
▁에게기도	-11.976903
▁얼마전	-11.976920
▁확인하십시오	-11.976939
▁센트	-11.976953
▁에관한한	-11.976987
▁낭	-11.977056
▁나쁘지	-11.977084
▁그대신	-11.977125
▁남자와	-11.977129
번씩	-11.977192
수호	-11.977258
▁후원	-11.977270
미만	-11.977298
지는않았습니다	-11.977302
영양가	-11.977448
▁평범	-11.977659
고있다는사실	-11.977690
▁을잃었다	-11.977877
▁을만들고	-11.977886
였더라	-11.977894
▁메디	-11.977900
▁의사회	-11.977919
나오는것	-11.977921
신가요	-11.977936
▁을따	-11.978057
▁성서진리	-11.978189
▁이라고그	-11.978239
수석	-11.978338
▁목적을	-11.978508
▁주방	-11.978511
▁좋다고	-11.978519
▁을빼	-11.978576
고느낄	-11.978597
혼인	-11.978634
▁신경쓰	-11.978637
▁학생이	-11.978642
찾아볼수없	-11.978647
살수있는	-11.978731
더라구요	-11.978756
겁니까	-11.978760
▁부분입니다	-11.978836
▁보좌	-11.978847
▁로운종	-11.978854
하겠네	-11.978871
빠르	-11.978924
▁시간대	-11.979010
대변인	-11.979197
받기	-11.979263
68	-11.979277
하시나요	-11.979371
67	-11.979377
기쁩니다	-11.979396
▁을느낍니다	-11.979411
▁를지닌	-11.979433
유죄판결	-11.979520
▁으로구성	-11.979759
남자아이	-11.979763
▁곱하는	-11.979783
▁문제들을	-11.979824
푸르	-11.979906
▁점수	-11.979998
원리	-11.980007
훔치	-11.980150
줄까	-11.980251
▁야곱이	-11.980268
▁을누릴수있	-11.980285
▁외면하	-11.980385
▁자궁	-11.980471
섞인	-11.980545
▁후손	-11.980597
▁친구야	-11.980718
▁푼	-11.980719
▁에독일	-11.980946
▁아닐까	-11.980951
▁마침	-11.980986
느꼈다	-11.981015
▁들으시고	-11.981050
재치	-11.981133
무질서	-11.981175
▁이있지만	-11.981245
▁느낌을	-11.981329
살도록	-11.981339
▁은왕국	-11.981353
▁때문이다	-11.981395
자본주의	-11.981395
▁장벽	-11.981460
▁의후원	-11.981477
▁지각	-11.981483
농담	-11.981508
▁이도시	-11.981582
쉽고	-11.981591
▁간다고	-11.981615
고갈	-11.981633
▁아빠한테	-11.981700
▁다윈	-11.981751
▁원하시는	-11.981829
▁모스크바	-11.982157
▁놓쳤	-11.982170
곱	-11.982182
▁누구죠	-11.982355
▁이너무나	-11.982355
▁label	-11.982372
▁템플릿	-11.982372
▁이있다는사실	-11.982398
▁죽이려고	-11.982505
▁내려놔	-11.982517
▁을들고	-11.982593
칼슘	-11.982619
세탁	-11.982721
▁인생은	-11.982745
▁그랬던	-11.982756
▁처럼그	-11.982872
가운데있는	-11.982899
루시	-11.982948
지저분	-11.982967
▁페니	-11.983013
▁를바라는	-11.983070
껴안	-11.983079
▁2007	-11.983097
▁으로사랑	-11.983110
▁은이스라엘	-11.983339
머물러있	-11.983403
리터	-11.983429
▁가이제	-11.983521
할뿐	-11.983712
돌아왔을때	-11.983719
전반	-11.983834
만드는일	-11.984031
▁제이크	-11.984085
▁산책	-11.984351
▁이실현	-11.984466
▁에상당	-11.984492
ni	-11.984556
▁조치	-11.984663
▁하겠다는	-11.984669
▁코트	-11.984726
거란다	-11.984729
▁영주	-11.984815
io	-11.984824
▁의도전	-11.985005
려던	-11.985136
때리	-11.985138
상속자	-11.985147
속으로	-11.985195
볼께요	-11.985240
▁외과의	-11.985258
숴	-11.985356
▁챔피언	-11.985357
▁클라이언트	-11.985357
두꺼운	-11.985368
▁컬러	-11.985369
▁되지않을	-11.985386
선행	-11.985389
상자를	-11.985459
▁좋죠	-11.985479
이세대	-11.985536
▁이번에	-11.985554
걸려넘어지	-11.985582
▁은중요	-11.985587
▁약속된	-11.985611
▁장성	-11.985641
▁을넘어	-11.985707
▁문화적	-11.985730
▁에게좋은소식	-11.985750
인접	-11.985769
▁였을것	-11.985882
▁복잡하	-11.985944
▁과함께일	-11.985948
▁오픈	-11.985950
▁말씀에	-11.985986
▁아브람	-11.986002
수있는것	-11.986007
세웠습니다	-11.986039
하게될것	-11.986071
▁누이	-11.986090
▁멍	-11.986095
▁를나눌	-11.986100
▁건강한	-11.986130
▁각은	-11.986150
▁소중한	-11.986210
복귀	-11.986217
질수있다	-11.986341
▁1/4	-11.986402
▁를대하	-11.986407
무더기	-11.986470
바리	-11.986599
▁을구할수있	-11.986637
닭	-11.986837
▁압살롬	-11.986850
로마서	-11.987009
▁선지자께	-11.987022
는듯한	-11.987064
덧붙여	-11.987121
▁원주민	-11.987201
▁대지의	-11.987239
▁알잖아요	-11.987324
▁훌	-11.987468
▁에서나온것	-11.987492
무지개	-11.987576
▁약속한	-11.987584
▁이하는일	-11.987634
▁아니며	-11.987731
엄숙	-11.987834
▁인변화	-11.987867
높고	-11.988062
야겠네요	-11.988339
▁캐릭터	-11.988351
▁터미널	-11.988352
▁Quot	-11.988357
뾰족	-11.988364
▁자랑스러워	-11.988369
▁해야할지	-11.988395
망대	-11.988427
지각력	-11.988462
▁해양	-11.988480
울음소리	-11.988489
▁이제공	-11.988503
읽을수있	-11.988513
는지에대해	-11.988525
홀어버이	-11.988580
보며	-11.988608
▁를하는사람	-11.988649
각별	-11.988706
가르칩니다	-11.988721
배우는것	-11.988746
▁한부면	-11.988763
전복	-11.988787
▁을하였으며	-11.989055
▁않으시	-11.989074
▁순종하라	-11.989164
끝부분	-11.989255
▁발작	-11.989271
▁처럼보였	-11.989358
▁를전혀	-11.989364
▁않았다는	-11.989443
받을수있습니다	-11.989585
▁로자기	-11.989632
▁목적지	-11.989672
▁하신이	-11.989685
갈대	-11.989703
▁결혼할	-11.989723
▁이튿날	-11.989774
음에도	-11.989800
▁건물을	-11.989827
▁자식이	-11.989833
해주기	-11.989976
지못하게하	-11.989979
▁는죄	-11.990004
no	-11.990161
집합	-11.990185
▁으로초대	-11.990250
▁집착	-11.990273
▁을알아내	-11.990277
되어있습니다	-11.990286
cl	-11.990391
하시되	-11.990456
저울	-11.990518
줄때	-11.990533
▁형제를	-11.990558
사춘기	-11.990741
▁주입	-11.990780
▁가되었으며	-11.990810
랫	-11.990851
▁한백성	-11.990886
▁의경이	-11.990976
수없었다	-11.990995
▁줄어들	-11.991263
얻을것	-11.991391
▁을잡아	-11.991395
▁전형적인	-11.991404
바라는	-11.991410
▁을행하는자	-11.991514
는대신	-11.991548
▁대해선	-11.991677
▁염원	-11.991690
지명	-11.991842
나타냈	-11.991879
셨던것	-11.991880
▁가잘못	-11.991942
▁우정	-11.992023
▁쓰러	-11.992033
텐트	-11.992047
▁은없습니다	-11.992187
▁광장	-11.992303
▁아이스크림	-11.992395
▁같더라	-11.992399
▁를여행	-11.992423
키스	-11.992453
▁성공적으로	-11.992455
▁을제대로	-11.992455
II	-11.992471
▁한차이	-11.992632
▁1800	-11.992741
▁혐오	-11.992809
는데무엇	-11.992862
▁지구를	-11.992886
▁지하철	-11.992923
▁병거	-11.993035
그려보	-11.993053
발산	-11.993163
▁내장	-11.993197
병력	-11.993209
확률	-11.993220
▁할줄	-11.993259
▁과성령	-11.993263
▁에게보낸	-11.993307
들어와서	-11.993398
▁곳곳	-11.993436
▁앨런	-11.993443
ire	-11.993567
▁당겨	-11.993634
▁널리	-11.993794
▁그자매	-11.993799
▁범인이	-11.993813
▁을행하는사람	-11.993816
야한다는점	-11.993846
이태리	-11.993859
▁맡겨	-11.993929
들려주	-11.993991
▁무너지	-11.994207
▁변화량	-11.994257
▁의실제	-11.994283
▁달이	-11.994340
풋	-11.994365
펫	-11.994366
그리스도인그리스어성경	-11.994368
▁여기저기	-11.994383
많은돈	-11.994451
▁예제	-11.994492
▁유예	-11.994545
일군	-11.994563
▁를바라보	-11.994596
▁곁	-11.994605
▁방황하는	-11.994616
되어있는	-11.994648
▁데이브	-11.994661
▁지상에	-11.994953
▁물로	-11.994995
▁그문제	-11.995103
▁에다음	-11.995254
자진	-11.995266
었음	-11.995459
복구	-11.995480
▁을내려	-11.995541
부과	-11.995546
▁리고	-11.995577
손잡이	-11.995627
멀리떨어져있	-11.995829
▁뭘까요	-11.995918
▁는지적	-11.995955
▁지역대회	-11.996094
▁돌아가셨	-11.996099
서구	-11.996257
납치	-11.996352
▁으로기도	-11.996374
sa	-11.996436
▁십자가	-11.996464
삐	-11.996613
▁안식처	-11.996638
호전	-11.996692
▁형님	-11.996826
이어지는	-11.996858
줬어	-11.996932
▁을삼	-11.997041
▁줄여	-11.997164
작은자	-11.997167
▁나오지	-11.997189
화상	-11.997375
▁가오늘날	-11.997412
동식물	-11.997442
근본원인	-11.997470
▁을만드는	-11.997639
ted	-11.997697
▁버그	-11.997764
▁좋겠네요	-11.997799
수십년동안	-11.997833
▁수치를	-11.997864
오류	-11.997879
열중	-11.997987
▁공산주의	-11.998012
유래	-11.998015
왕국통치	-11.998083
▁에게보내	-11.998094
▁딕	-11.998198
IN	-11.998209
▁참된	-11.998212
▁고기를	-11.998232
▁이줄어들	-11.998247
49	-11.998288
원활	-11.998302
▁전반적	-11.998351
▁걔는	-11.998369
▁한가르침	-11.998448
▁치유	-11.998564
▁과함께있	-11.998626
야하는것	-11.998713
▁불신한	-11.998713
/8	-11.998751
▁생활을	-11.998772
▁누구인지	-11.998869
▁을통해우리	-11.998973
▁에뿌리	-11.999124
줄일수있	-11.999159
운행	-11.999246
ew	-11.999348
▁선한	-11.999352
▁불길	-11.999488
▁을기쁘시게	-11.999550
망치	-11.999592
거냐	-11.999632
▁라는뜻	-11.999635
꽉	-11.999710
밝혀졌다	-11.999754
▁늦은	-11.999796
잭	-11.999917
▁할수있다는것	-11.999944
하셨는지	-12.000033
했었어요	-12.000116
분출	-12.000227
구조물	-12.000331
싸워	-12.000336
▁정신과	-12.000375
도울수있	-12.000387
침입자	-12.000412
칠십인역	-12.000417
혜	-12.000434
ft	-12.000435
행해졌	-12.000515
▁을대하는	-12.000519
갈라	-12.000586
갈수	-12.000599
주는사람	-12.000623
▁뇌에	-12.000675
바꾸어놓	-12.000698
▁에중독	-12.000701
붉	-12.000727
▁참을성	-12.000733
어떤문제	-12.000757
▁자랐	-12.000791
▁라이온	-12.000910
▁왔네	-12.001040
▁도둑질	-12.001178
▁작업이	-12.001184
▁은예루살렘	-12.001246
str	-12.001265
자기몸	-12.001283
불렀	-12.001340
▁360	-12.001419
▁유형	-12.001453
▁스미스	-12.001462
▁권한	-12.001471
▁떨어지는	-12.001550
함부로	-12.001575
수있을까	-12.001647
▁의공의	-12.001722
▁겪고	-12.001734
진통	-12.001884
있다고주장	-12.001885
책임감	-12.001913
실증	-12.001981
▁의사고방식	-12.002069
▁흰색	-12.002074
두통	-12.002125
▁면적	-12.002158
자기남편	-12.002287
▁이진정	-12.002316
왔으니	-12.002338
섰다	-12.002357
▁예후	-12.002435
재활	-12.002543
안경	-12.002606
▁대지에	-12.002680
▁아마그	-12.002711
▁화살	-12.002744
가정내	-12.002912
▁건축가	-12.002974
▁비판	-12.003024
괄	-12.003176
▁아니니까	-12.003181
▁파티를	-12.003192
나타납니다	-12.003264
회교	-12.003316
▁빠져나가	-12.003383
뤼	-12.003456
지는않았다	-12.003474
▁무서웠	-12.003583
일어나고있는	-12.003662
▁생선	-12.003714
▁의개인적	-12.003730
체스터	-12.003767
▁요점	-12.003790
▁사태	-12.003813
▁신도들	-12.003849
긴했지만	-12.003887
▁유사한	-12.003908
▁바란다	-12.003980
▁받으면	-12.004122
았지요	-12.004134
▁고전	-12.004135
▁못했을	-12.004218
응급	-12.004236
▁은한때	-12.004278
▁려	-12.004395
▁이상으로	-12.004395
▁되지않고	-12.004437
▁가왜	-12.004475
권총	-12.004490
▁아이디어는	-12.004551
▁히하나님	-12.004560
중보	-12.004570
서둘러	-12.004611
▁의동물	-12.004623
▁를그만	-12.004664
▁를살펴보	-12.004722
▁상상력	-12.004777
막혀	-12.004844
삽입	-12.004988
▁이겠습니까	-12.005014
나가서	-12.005166
▁을키우	-12.005192
▁척추	-12.005222
믿고있다	-12.005273
투기	-12.005298
▁기억할	-12.005309
ang	-12.005318
경치	-12.005474
▁하도록합시다	-12.005490
▁몸은	-12.005514
▁와예수	-12.005548
모이는	-12.005550
▁컴퓨터가	-12.005558
▁있다고요	-12.005672
▁라마	-12.005748
▁이겪는	-12.005766
▁귀족	-12.005830
▁에게알려주	-12.005858
▁배워	-12.005886
▁가져다가	-12.005887
▁자신들이	-12.005887
▁부품	-12.005945
컸	-12.005956
▁른	-12.005962
보인	-12.006155
▁에따라그	-12.006156
도적용	-12.006309
▁하지도	-12.006422
▁을나타냄	-12.006506
부끄러움	-12.006507
▁겁쟁이	-12.006560
횟수	-12.006565
흘렀	-12.006605
고대답	-12.006687
▁그만둬	-12.006748
학과	-12.006776
곧그	-12.006836
▁만들었어요	-12.006938
▁눌러	-12.007047
▁히나타내	-12.007055
▁바빌론	-12.007102
벌금	-12.007112
빼앗기	-12.007140
▁정말이야	-12.007189
소속	-12.007288
▁그이후	-12.007345
▁케이블	-12.007424
▁아마존	-12.007486
빼앗	-12.007775
낼수있다	-12.007854
교류	-12.007869
였읍니다	-12.007905
▁전통적인	-12.007926
▁저놈	-12.007977
▁만명이상	-12.007987
▁힘들었	-12.008026
▁마을에	-12.008054
▁함선	-12.008060
연감	-12.008178
시고그	-12.008286
▁초기화	-12.008302
▁나된다	-12.008388
경위	-12.008465
무모	-12.008501
▁군중	-12.008733
▁줄리	-12.008898
카타	-12.008909
가라사대	-12.009083
▁를뿌리	-12.009111
강물	-12.009111
▁기록된	-12.009225
하십니까	-12.009229
▁가벼운	-12.009245
느낄	-12.009321
▁말이지요	-12.009343
륨	-12.009434
▁알파	-12.009550
밋	-12.009563
폈	-12.009563
패트릭	-12.009565
\\	-12.009587
▁하면서이렇게말	-12.009597
▁끝낼	-12.009599
▁하셨음을	-12.009748
없었으며	-12.009809
한권	-12.010081
▁그랬더니	-12.010084
했나니	-12.010317
▁숫자는	-12.010445
▁그지역	-12.010448
▁부어	-12.010571
▁복종하	-12.010601
▁있었으면	-12.010623
▁맨날	-12.010674
▁모델을	-12.010723
파르	-12.010788
드리겠습니다	-12.010850
무궁	-12.010862
▁에거주	-12.010916
▁놀랄	-12.011024
현금	-12.011031
▁말이오	-12.011041
로버트	-12.011172
▁신들	-12.011241
깊고	-12.011241
▁활동을	-12.011293
▁기드온	-12.011404
정해놓	-12.011478
ound	-12.011517
봉우리	-12.011647
▁팀을	-12.011933
▁인관심	-12.011971
뽑아	-12.012042
▁모습입니다	-12.012127
▁를치료	-12.012129
▁에드워드	-12.012137
▁가브리엘	-12.012203
▁어디있	-12.012221
똥	-12.012229
시드니	-12.012262
그러한견해	-12.012311
없었을것	-12.012343
▁지식이	-12.012347
▁된말씀	-12.012400
▁한조사	-12.012441
묻는다	-12.012498
▁은너무	-12.012507
그만큼	-12.012508
▁을섬기는일	-12.012577
딛	-12.012631
노여움	-12.012641
▁빈센트	-12.012684
▁황폐	-12.012700
두세	-12.012715
▁닫아	-12.012791
▁가결코	-12.012823
▁정권	-12.012830
▁브라운	-12.012832
대성당	-12.012840
▁이일어날것	-12.012855
▁스티븐	-12.012874
▁있군	-12.012906
교파	-12.012982
▁을지니	-12.013091
▁사탕	-12.013184
▁끝났어요	-12.013191
▁하다보면	-12.013308
▁바사	-12.013326
보아도	-12.013446
기뻐하며	-12.013597
▁과친밀	-12.013641
게된이유	-12.013644
▁외교	-12.013742
성소	-12.013747
유감	-12.013767
▁대형	-12.013803
▁을압니다	-12.013807
고있고	-12.013882
▁뜻은	-12.013894
▁명하신	-12.013965
▁을얻기위하여	-12.014018
베스	-12.014227
관례	-12.014251
▁은즉시	-12.014257
또다른이유	-12.014271
▁이있을지모른다	-12.014393
굵은	-12.014397
원한다면	-12.014458
▁는인류	-12.014469
▁년이래로	-12.014647
▁일지라도	-12.014691
▁인지에대해	-12.014707
이왕국	-12.014711
생산량	-12.014791
▁를주는	-12.014988
▁전까지는	-12.014989
더크게	-12.015006
▁이조금	-12.015287
▁문학	-12.015456
▁하고있읍니까	-12.015546
보았읍니다	-12.015568
▁한대답	-12.015596
뚱	-12.015608
▁사건에	-12.015609
옳고그른것	-12.015709
▁으로감사	-12.015726
오면서	-12.015749
흑암	-12.015759
▁으로대치	-12.015799
▁인생에	-12.015816
광장	-12.015863
▁디스코	-12.015865
▁하는곳	-12.015924
눈길	-12.015926
십자군	-12.015963
쪽에서	-12.015995
▁이직접	-12.016008
스며들	-12.016050
▁의특정	-12.016140
▁행크	-12.016289
아비가일	-12.016312
떼어놓	-12.016379
▁배달	-12.016386
맞춘	-12.016395
▁사생활	-12.016459
▁하고하나님	-12.016496
상속	-12.016521
▁에눈	-12.016586
▁하느라	-12.016594
현시대	-12.016654
▁넘기	-12.016670
섬기는사람	-12.016685
소생	-12.016726
우리주예수그리스도	-12.016729
▁진술	-12.016760
▁인지의여부	-12.016845
▁되잖아	-12.016858
▁되니	-12.016859
▁더할	-12.016902
▁는사실	-12.017053
▁아이디어가	-12.017323
가지고있던	-12.017364
▁식민지	-12.017399
짐작	-12.017495
▁주제에	-12.017501
▁이될때	-12.017522
없애버리	-12.017540
사악	-12.017594
섰습니다	-12.017636
▁떠나는	-12.017666
▁연락해	-12.017724
▁물의	-12.017768
▁에서는우리	-12.017872
차림	-12.017878
구획	-12.017880
▁노력하고	-12.017904
▁하긴	-12.017942
먹으며	-12.017962
배달	-12.017969
▁이있는곳	-12.018017
참예	-12.018093
내려오는	-12.018160
공예	-12.018245
졌을	-12.018304
절박	-12.018372
번이나	-12.018425
▁을받으시	-12.018456
혈류	-12.018465
▁에들어갈	-12.018504
▁말씀하신	-12.018533
▁모르겠네	-12.018540
▁종을	-12.018715
버려진	-12.018754
▁거품	-12.018759
만이아니라	-12.018764
▁에임명	-12.018786
놀라울정도	-12.018796
한꺼번에	-12.018796
▁를바란다	-12.018813
▁전통적	-12.018953
선교봉사	-12.019015
▁하도록돕	-12.019102
있든지	-12.019113
▁84	-12.019124
▁를받는것	-12.019329
정돈	-12.019331
▁그만해요	-12.019396
소외	-12.019548
▁있으세요	-12.019553
조직적	-12.019567
하려던	-12.019653
▁할때우리	-12.019707
더러움	-12.019743
▁에서는여호와	-12.019794
▁여러분들께	-12.019808
▁정도가	-12.019824
감찰	-12.019954
▁바리새	-12.020017
섬김	-12.020194
▁소화	-12.020391
▁부른	-12.020554
보았는데	-12.020574
▁에게나타나	-12.020597
있든	-12.020601
앞뒤	-12.020605
▁자본	-12.020637
▁인평화	-12.020898
▁피우	-12.020928
▁세게	-12.020956
하기전	-12.021067
▁시기에	-12.021072
가장높은	-12.021111
▁숫자들	-12.021119
▁생각하세요	-12.021187
고자하는사람	-12.021255
이스라엘나라	-12.021255
밝아	-12.021255
한몫	-12.021262
성서읽기	-12.021295
▁don	-12.021434
▁을당할	-12.021638
띄	-12.021656
느껴질	-12.021674
템	-12.021759
걷기	-12.021799
▁하게만드는	-12.021832
밝혀주는	-12.021857
▁을띤	-12.021891
▁반갑습니다	-12.021911
▁을전해주	-12.021975
▁켈리	-12.021993
▁로하자	-12.022079
바쳤	-12.022102
싫	-12.022115
▁화염	-12.022185
▁뭐해	-12.022234
▁가설	-12.022273
흡	-12.022535
▁에대해더	-12.022593
되어서	-12.022614
▁회사의	-12.022638
살펴봅시다	-12.022676
보내는	-12.022785
자리잡	-12.022808
전환점	-12.022826
이루어질	-12.022893
것같아요	-12.022932
▁반면에	-12.022938
해로운영향	-12.023023
▁집주인	-12.023126
▁어디가	-12.023390
감격	-12.023467
야할이유	-12.023620
었도다	-12.023682
▁정체	-12.023889
95	-12.023911
▁공식을	-12.024150
▁쌍둥이	-12.024175
종결	-12.024206
게되는데	-12.024312
있을지모른다	-12.024362
▁붓	-12.024403
▁반짝	-12.024423
엎드러	-12.024424
▁투여	-12.024597
▁호주	-12.024663
었는지를	-12.024681
▁알아볼	-12.024745
느부갓네살	-12.024911
73	-12.024993
허리케인	-12.025004
▁을즐길수있	-12.025059
▁공감	-12.025106
▁1946	-12.025111
▁불가능해	-12.025295
▁에오르	-12.025328
▁한잘못	-12.025352
▁기울기	-12.025512
환멸	-12.025522
바라는것	-12.025595
▁대고	-12.025599
ood	-12.025700
▁을전하는	-12.025740
▁있는건	-12.025758
▁직각	-12.025889
▁에는하느님	-12.025892
관행	-12.025976
▁에게속한	-12.026005
▁물은	-12.026032
▁에실제	-12.026095
▁정보는	-12.026156
채굴	-12.026214
중동	-12.026260
▁전도서	-12.026288
▁을믿는	-12.026313
항아리	-12.026343
▁전쟁에	-12.026359
좀처럼	-12.026516
▁거쳐	-12.026519
▁그날에	-12.026545
광부	-12.026592
화성	-12.026632
▁계명	-12.026671
▁주저	-12.026690
▁하는역할	-12.026740
모금	-12.026756
폭동	-12.026822
주예수	-12.026897
본능적	-12.026925
▁께서당신	-12.027029
인간생명	-12.027074
격차	-12.027127
형식	-12.027152
▁에있으며	-12.027266
ach	-12.027276
자초	-12.027363
▁하는자나	-12.027569
값은	-12.027634
▁과인간	-12.027677
생물학	-12.027785
▁칠레	-12.027917
짤	-12.028001
것같았습니다	-12.028036
반구	-12.028089
▁가나타나	-12.028124
중재	-12.028155
▁내보내기	-12.028310
당하는	-12.028333
▁를통한	-12.028402
▁는때때로	-12.028412
▁단일	-12.028480
▁미분	-12.028629
청각장애인	-12.028646
건축공사	-12.028662
▁의학생	-12.028664
▁나라에	-12.028667
▁큰일	-12.028730
▁보스턴	-12.028746
자기네	-12.028797
▁안전해	-12.028808
의식적	-12.028815
▁된대로	-12.028846
중한가지	-12.028917
▁을어기	-12.028948
▁과노력	-12.029035
▁화장	-12.029096
안내인	-12.029192
다녔습니다	-12.029220
▁왔는지	-12.029414
젊은사람	-12.029430
해줄것	-12.029486
▁놈의	-12.029522
기엔	-12.029552
▁Ro	-12.029686
하지않는다면	-12.029835
▁반대편	-12.030001
▁을갚	-12.030005
알기때문	-12.030025
땅위	-12.030038
▁변수를	-12.030135
▁입었	-12.030222
▁화해	-12.030272
▁조사를	-12.030284
▁이야기하고	-12.030356
▁딘	-12.030400
구약	-12.030464
▁히브리서	-12.030520
망막	-12.030671
▁끼치	-12.030824
▁what	-12.030930
현대식	-12.031094
▁심해	-12.031157
젊은남자	-12.031218
로대치	-12.031241
▁원형	-12.031267
달려있습니다	-12.031267
여기저기	-12.031382
연령층	-12.031398
▁겸허	-12.031415
▁Br	-12.031470
시기적절	-12.031492
▁대항하여	-12.031511
▁무엇이뇨	-12.031654
안나	-12.031662
분주	-12.031665
그러한행동	-12.031808
떨어졌	-12.031814
act	-12.031836
▁을겪고있는	-12.031879
▁경우가	-12.031900
보르	-12.031931
▁들어갑니다	-12.031982
▁6,000	-12.032056
나오는데	-12.032067
▁께서인류	-12.032175
▁말한다	-12.032179
이유때문	-12.032179
▁두려워하고	-12.032272
▁사무엘상	-12.032275
먹기	-12.032292
▁1.5	-12.032333
▁보신	-12.032353
다량	-12.032518
▁이용하는	-12.032619
▁의느낌	-12.032798
▁숙고하	-12.032816
▁멈추고	-12.032829
▁대부분이	-12.032843
이르렀	-12.032897
▁에따라살	-12.032936
▁않겠습니다	-12.033134
▁이루어	-12.033159
뭉치	-12.033201
야심	-12.033274
▁뭐에요	-12.033384
▁수용소	-12.033437
있다는증거	-12.033469
▁도자신	-12.033497
▁놋	-12.033606
▁은나중	-12.033607
▁첩	-12.033637
살짜리	-12.033670
▁원해요	-12.033677
여느	-12.033754
있을경우	-12.033803
▁IP	-12.033805
늑	-12.033806
따를수있	-12.033814
복음전도	-12.033841
골격	-12.033897
정하신	-12.033906
가족연구	-12.034012
▁행위에	-12.034098
행해지는	-12.034158
▁번만	-12.034237
알려주었다	-12.034250
젓	-12.034364
루마니아	-12.034373
▁바이올린	-12.034392
▁준비됐어	-12.034442
으셨읍니다	-12.034458
다른일	-12.034504
▁1944	-12.034522
워싱턴	-12.034522
▁혼합	-12.034526
▁넘어서	-12.034552
▁굳게	-12.034563
한정없는	-12.034582
▁을차리	-12.034583
그리하여	-12.034587
▁하만	-12.034640
깊이감사	-12.034643
▁적당한	-12.034985
▁을당할것	-12.034986
AL	-12.035048
▁운명을	-12.035098
도처	-12.035164
▁신랑	-12.035191
▁터키	-12.035261
고확신	-12.035294
본질적	-12.035323
▁맞았어	-12.035337
▁형태를	-12.035339
마법	-12.035345
▁할뿐아니라	-12.035379
내말	-12.035395
▁에서일어나는	-12.035457
▁데살로니가전	-12.035531
알고싶어	-12.035542
▁싶네요	-12.035550
▁가진리	-12.035605
하듯이	-12.035653
유방암	-12.035686
▁하셨느니라	-12.035723
▁남편을	-12.035833
▁남자의	-12.035883
출연	-12.036013
지않으셨	-12.036014
▁은이해	-12.036036
ake	-12.036102
▁과연관	-12.036171
▁은그사람	-12.036227
▁유도	-12.036247
겨서	-12.036400
근절	-12.036674
▁뿐인	-12.036678
취미	-12.036860
▁하였느니라	-12.036902
▁애인	-12.036917
EC	-12.036929
갔죠	-12.036992
▁으로출생	-12.037169
▁진입	-12.037244
해져서	-12.037323
▁를지니고있	-12.037395
텅	-12.037459
▁의고대	-12.037487
덱	-12.037511
▁HTML	-12.037517
사이언티스트	-12.037517
펑	-12.037517
▁않습니까	-12.037574
×	-12.037750
폐쇄	-12.037830
무너지	-12.037841
였는지	-12.037923
나쁘	-12.038105
몰려들	-12.038116
그여인	-12.038175
맑	-12.038248
▁고린도전서	-12.038265
▁킴	-12.038276
▁귀지	-12.038281
▁는생각	-12.038300
▁한옷	-12.038339
몇분	-12.038370
▁를치르	-12.038578
▁세대를	-12.038588
▁지혜가	-12.038619
▁에서나오	-12.038661
▁이되었습니까	-12.038709
불멸성	-12.038731
▁을베풀어	-12.038929
좋은본	-12.038943
활동력	-12.039013
▁은과연	-12.039127
▁을밟	-12.039203
▁경찰관	-12.039248
▁삼손	-12.039317
다른많은	-12.039410
▁91	-12.039648
을때그	-12.039746
▁난민	-12.039793
▁회색	-12.039851
▁사랑하고	-12.039969
하였던	-12.039991
▁나왔습니다	-12.040018
▁이언제	-12.040021
하셨고	-12.040059
▁의종류	-12.040093
▁이듭니다	-12.040138
▁지역을	-12.040162
주었고	-12.040223
▁이몹시	-12.040253
우표	-12.040284
누나	-12.040318
▁의하나님여호와	-12.040330
할께요	-12.040341
느낄수있	-12.040427
측량	-12.040490
한가족	-12.040533
▁이런식	-12.040549
▁을일으킬수있	-12.040625
독한	-12.040665
새롭고	-12.040708
▁의결말	-12.040711
▁동반자	-12.040765
▁뇌는	-12.040780
▁이신여호와하나님	-12.040785
▁초점	-12.040827
기쁜소식	-12.040896
▁나귀	-12.040967
▁저들은	-12.041011
ore	-12.041039
전면	-12.041071
▁싫은	-12.041142
▁을할수없	-12.041173
갑옷	-12.041228
왔읍니까	-12.041339
하시노라	-12.041351
에관한	-12.041451
▁시작했고	-12.041496
▁밧줄	-12.041513
▁회막	-12.041549
모여들	-12.041629
원치않는	-12.041632
▁에걸릴	-12.041647
앞날	-12.041655
▁하고또	-12.041746
▁2/3	-12.041821
고대이스라엘	-12.041835
▁부디	-12.041896
며느리	-12.041931
own	-12.041949
▁가들어있는	-12.041976
▁오토바이	-12.042221
▁처럼보인다	-12.042313
나흘	-12.042422
▁그러므로당신	-12.042437
▁목표를	-12.042450
읽은	-12.042480
▁학살	-12.042510
▁헬기	-12.042528
▁에그렇게	-12.042562
취지	-12.042564
▁을약화	-12.042574
안식	-12.042652
들어왔다	-12.042712
여겼습니다	-12.042720
ster	-12.042772
23	-12.042788
▁불에	-12.042805
▁과지혜	-12.042883
▁전화번호	-12.042885
▁품질	-12.042894
▁해봐요	-12.042912
▁연락을	-12.043058
▁응급실	-12.043192
▁를양육	-12.043202
태어났다	-12.043343
갑판	-12.043410
▁돌연변이	-12.043464
▁에서완전	-12.043509
▁는어느	-12.043724
▁델	-12.043761
▁의탁월	-12.043790
무저갱	-12.043836
▁의발자취	-12.043866
▁명령에	-12.043989
알려주셨습니다	-12.043993
▁이전파	-12.043995
셨는지	-12.043997
▁한확신	-12.044004
보드	-12.044040
▁은특정	-12.044056
▁부여하	-12.044087
흡입	-12.044154
▁뜻입니다	-12.044265
54	-12.044394
셨도다	-12.044432
식용	-12.044469
▁원했	-12.044494
▁세겔	-12.044521
▁환경에	-12.044736
폐기	-12.044971
▁이라고부르는	-12.045051
▁양떼	-12.045139
▁말해요	-12.045156
라고말	-12.045168
▁말씀해	-12.045262
▁와비교	-12.045356
▁받아서	-12.045383
원어	-12.045395
없고	-12.045505
▁토미	-12.045537
셨어	-12.045594
아니었습니다	-12.045607
▁몰리	-12.045673
해주십시오	-12.045866
▁하였으므로	-12.045905
어떻게그렇게할수있	-12.045931
받아보	-12.046177
토대	-12.046189
▁여자들이	-12.046229
▁불신하고	-12.046326
▁벽돌	-12.046387
살고있다	-12.046389
▁를알고	-12.046408
셨지만	-12.046424
설비	-12.046428
야하지않겠습니까	-12.046429
베어	-12.046433
▁불꽃	-12.046492
▁의독생자	-12.046506
▁장소에	-12.046510
▁은부활	-12.046554
▁그땐	-12.046580
것처럼	-12.046632
▁와이야기	-12.046788
▁두라	-12.046792
▁을시도	-12.046875
▁삼각형을	-12.046884
입수	-12.046929
캄	-12.046998
팍	-12.047009
헷	-12.047010
▁효소	-12.047029
▁산타	-12.047092
▁돈도	-12.047115
계셨	-12.047135
우박	-12.047146
지않았지만	-12.047166
▁이높은	-12.047195
얇	-12.047239
국내	-12.047256
안쪽	-12.047381
나왔습니다	-12.047427
찌니라	-12.047460
▁워커	-12.047482
올림픽	-12.047490
▁즉그	-12.047588
▁개이상	-12.047589
▁다리가	-12.047625
▁일자리	-12.047671
▁에다니는	-12.047681
탐닉	-12.047698
지않은채	-12.047732
▁하게되었고	-12.047768
▁2006	-12.047809
괴롭	-12.047859
하였다면	-12.047997
▁이기도합니다	-12.048137
▁가결혼	-12.048140
냐구요	-12.048164
▁미생물	-12.048263
▁보다더욱	-12.048290
▁지난해	-12.048297
▁께서는하느님	-12.048403
깊은인식	-12.048413
결속	-12.048471
▁경기장	-12.048473
나뉘어	-12.048771
사망자수	-12.049047
▁미치는	-12.049147
금방	-12.049189
▁을배우고	-12.049235
돌기	-12.049265
▁을받아들이고	-12.049279
잘들	-12.049352
▁임금	-12.049469
지않는한	-12.049479
예물	-12.049495
▁편하게	-12.049499
▁지원을	-12.049543
▁의열심	-12.049564
▁기만	-12.049662
▁바가	-12.049757
▁으로그렇게	-12.049771
▁참아	-12.049866
▁읽지	-12.049917
감히	-12.049943
▁얻으려	-12.049965
▁을느꼈습니다	-12.050052
▁문제의	-12.050065
전하	-12.050085
키우	-12.050125
▁에관한예언	-12.050138
첸	-12.050194
릉	-12.050195
쉘	-12.050195
냐는	-12.050281
▁진지하게	-12.050282
끌리	-12.050359
하셨나이다	-12.050366
중력	-12.050385
▁전과	-12.050385
▁all	-12.050428
몰락	-12.050570
이념	-12.050846
▁나타납니다	-12.050853
▁생각하나	-12.050853
▁시간과	-12.050902
▁장점	-12.050917
▁대답은	-12.050920
▁한교육	-12.050953
▁가항상	-12.051022
▁을변호	-12.051022
▁동부	-12.051212
▁을넘	-12.051238
▁중세	-12.051298
▁행동이	-12.051476
천년	-12.051479
강해지	-12.051560
원할것	-12.051615
▁갈거야	-12.051628
▁께서는어떤	-12.051700
내백성	-12.051708
물질주의적	-12.051755
▁구출	-12.051807
▁를취해	-12.051807
▁전선	-12.051811
▁야말로	-12.051942
br	-12.051994
▁를좇	-12.052061
▁를강조	-12.052078
▁다음번	-12.052127
▁실천하	-12.052156
▁그렇지만그	-12.052322
터스	-12.052464
▁겸	-12.052544
나와서	-12.052626
▁으로연구	-12.052642
채찍	-12.052652
▁남극	-12.052684
▁소생	-12.052820
지아니하였	-12.052918
▁줄까	-12.052932
지는이렇게	-12.052949
▁사라지고	-12.053072
맥주	-12.053089
요란	-12.053141
▁하였는지	-12.053183
특유	-12.053227
산헤드린	-12.053391
융통성	-12.053391
▁인수분해	-12.053432
▁이담긴	-12.053441
▁애나	-12.053442
▁시점에서	-12.053708
주시면	-12.053783
대중매체	-12.053836
▁에남아있	-12.053929
미칩니다	-12.053955
▁가집니다	-12.053992
클럽	-12.054132
▁떨어	-12.054145
독점	-12.054214
▁은자연	-12.054410
다섯명	-12.054412
▁를대표	-12.054451
▁1200	-12.054471
게함	-12.054480
▁부정한	-12.054625
▁플래	-12.054704
▁연장	-12.054782
▁를할수있	-12.054784
교역자	-12.054929
탈출	-12.054963
▁받아들일	-12.055176
▁꾀	-12.055242
▁의신체	-12.055391
다른종류	-12.055427
▁을행하는것	-12.055544
▁께서어떻게	-12.055702
없었	-12.055725
▁앉았	-12.055755
교대	-12.055825
▁를다루	-12.055934
▁않네	-12.056050
▁언제든지	-12.056059
▁동영상을	-12.056091
▁가어렵다	-12.056124
▁속력	-12.056150
으신것	-12.056154
▁보니까	-12.056163
▁위장	-12.056199
▁을조심	-12.056212
▁누구냐	-12.056229
기바란다	-12.056326
▁로계속	-12.056440
쌌	-12.056579
캡	-12.056593
빡	-12.056595
▁빗변	-12.056605
조종사	-12.056661
▁뜻이죠	-12.056774
▁이기는	-12.056774
▁에있음	-12.056795
긴다	-12.056820
▁아니냐	-12.056825
▁예뻐	-12.056880
are	-12.056890
▁한현상	-12.057053
보도록합시다	-12.057077
▁되네요	-12.057155
▁해왔으며	-12.057210
▁을할수있다	-12.057220
따랐다	-12.057319
▁포함해서	-12.057556
반죽	-12.057562
▁을가르치는가	-12.057804
중인	-12.057899
▁가루	-12.057931
OS	-12.057934
▁로삼아	-12.057946
▁닮았	-12.057981
▁하셨죠	-12.058071
밝혀줍니다	-12.058091
ant	-12.058118
▁지나면	-12.058134
방위	-12.058218
테스	-12.058336
▁를갖게	-12.058463
▁비해	-12.058488
▁은사탄	-12.058496
놀랐습니다	-12.058653
마스	-12.058721
▁를키우	-12.058728
지않도록보호	-12.058735
▁있으므로	-12.058925
절단	-12.059034
그렇게할수있	-12.059095
▁로올라가	-12.059107
고싶습니다	-12.059249
비탄	-12.059307
▁지름	-12.059367
▁생각하기에	-12.059516
▁덮어	-12.059550
▁을비추	-12.059555
▁을줄수있다	-12.059567
▁소유자	-12.059609
ous	-12.059612
▁소리로	-12.059669
오셔서	-12.059697
잣	-12.059810
▁디렉토리	-12.059811
골리앗	-12.059811
시므온	-12.059818
▁제기랄	-12.059820
▁생겼어	-12.059863
▁친한	-12.059905
▁드릴까요	-12.059921
야하는지	-12.059926
▁1931	-12.059940
▁했듯이	-12.060057
▁회중내	-12.060089
▁동성애자	-12.060310
교란	-12.060352
▁시킬수	-12.060363
▁그러고나서	-12.060394
du	-12.060418
▁해야하는지	-12.060520
▁께충실	-12.060607
맘	-12.060624
댁	-12.060627
농도	-12.060636
~~	-12.060648
달아나	-12.060692
▁방식은	-12.060701
밸	-12.060721
▁가가득	-12.060751
아라비아	-12.060767
▁내려오	-12.060832
▁낚시	-12.060833
▁보냈습니다	-12.060905
유효	-12.060925
▁프로젝트에	-12.061101
렉스	-12.061111
외롭	-12.061200
고혈압	-12.061319
들여다보	-12.061394
순회	-12.061429
▁커지	-12.061520
▁를결코	-12.061635
오른손	-12.061654
▁의속박	-12.061685
사라졌다	-12.061830
▁많으	-12.061914
드렸습니다	-12.061937
사이클	-12.061963
소극적	-12.062008
▁새롭게	-12.062037
▁의무리	-12.062055
중세	-12.062082
자동적	-12.062161
▁부시	-12.062223
▁세포를	-12.062269
▁에관한예수	-12.062283
▁을얻을수있다	-12.062290
▁하시리라	-12.062435
린다면	-12.062454
수있겠습니까	-12.062478
을수록	-12.062520
하는방법	-12.062530
보지못하	-12.062555
남아있습니다	-12.062864
▁께서는하나님	-12.062903
▁존나	-12.063025
性	-12.063038
▁like	-12.063046
방대	-12.063133
다이어트	-12.063155
▁굴욕	-12.063231
히브리어단어	-12.063277
▁지구에	-12.063286
▁찼	-12.063298
▁을지으	-12.063306
기존	-12.063326
85	-12.063411
▁번식	-12.063563
지의보도	-12.063592
세번째	-12.063627
단편	-12.063663
무분별	-12.063751
셀라	-12.063767
훌	-12.063985
▁를시험	-12.064114
탈리	-12.064118
▁은매우중요	-12.064358
▁헝가리	-12.064472
정치인	-12.064525
ame	-12.064554
▁온화	-12.064618
▁않다면	-12.064661
▁표시할	-12.064700
▁로옮겨	-12.064752
일상	-12.064840
어야하며	-12.064861
▁랍비	-12.064891
가장자리	-12.064935
+3	-12.064936
아하스	-12.065012
▁시키거나	-12.065041
신경계	-12.065131
▁바뀌었	-12.065174
붙어있는	-12.065184
▁왔지	-12.065203
게하기위해	-12.065331
▁펌프	-12.065395
▁한성품	-12.065477
의로움	-12.065499
평원	-12.065517
절친	-12.065557
영적이스라엘	-12.065599
▁을고쳐주	-12.065632
▁중간에	-12.065713
▁에관한기사	-12.065776
▁위함이	-12.065903
▁싶진	-12.065908
▁요엘	-12.065929
▁을정당화	-12.065984
▁으로유명	-12.066112
▁1%	-12.066113
▁그안에	-12.066210
난잡	-12.066221
▁업로드	-12.066274
모국어	-12.066299
▁구슬	-12.066305
▁잉크	-12.066319
밖엔	-12.066545
▁데려갈	-12.066598
▁귀가	-12.066655
박쥐	-12.066735
모르고있	-12.066788
▁개구리	-12.066827
신학교	-12.066847
▁as	-12.066860
▁가이렇게	-12.066866
▁과목	-12.066895
▁측면에서	-12.066903
▁는대단	-12.066945
▁상점	-12.066988
테이프	-12.066998
▁주의를	-12.067154
▁에대한확신	-12.067211
하셨노라	-12.067217
스웨덴	-12.067258
골로새	-12.067261
피터	-12.067501
지나가는	-12.067521
독립적	-12.067583
ish	-12.067621
▁뭔데요	-12.067702
몇가지예	-12.067718
▁기록이	-12.067739
▁곳이라	-12.067772
▁거잖아요	-12.067825
겠다고말	-12.067920
엿	-12.067988
가깝다	-12.067991
▁쉬는	-12.068061
받게	-12.068133
다른종교	-12.068227
AR	-12.068334
생물학적	-12.068381
▁있으라	-12.068461
▁먹기	-12.068464
▁여러분들의	-12.068561
모르는사람	-12.068617
▁길거리	-12.068620
▁풍선	-12.068649
엘리사	-12.068668
영웅	-12.068873
복장	-12.068876
▁마지막에	-12.069016
▁로선택	-12.069029
나팔	-12.069074
▁여자와	-12.069107
찌라도	-12.069108
▁경관	-12.069208
간부	-12.069213
▁을가지고있으며	-12.069235
▁개방	-12.069287
▁사하여	-12.069287
▁보상은	-12.069317
▁회장	-12.069475
뛸	-12.069519
보살핌	-12.069519
▁캠페인	-12.069528
부추기	-12.069552
소아마비	-12.069558
일소	-12.069609
▁이있은후	-12.069646
▁분야에서	-12.069653
▁얘기하지	-12.069676
냉혹	-12.069676
▁플레이	-12.069766
난외주	-12.069787
찔러	-12.069857
▁는기원전	-12.069881
pa	-12.069978
주님	-12.070022
▁비교적	-12.070046
▁사르	-12.070046
▁깊	-12.070137
▁인도하시	-12.070226
▁자존심	-12.070246
어떻게해야	-12.070392
홈	-12.070397
▁이르렀을	-12.070487
▁로운것	-12.070655
혼합물	-12.070753
▁항구	-12.070816
▁아브라함과	-12.070843
▁순위	-12.070862
▁를더디	-12.070885
거짓숭배	-12.070937
▁세웠	-12.070952
가만히	-12.070967
크루	-12.071128
욱	-12.071313
살려	-12.071345
▁무리의	-12.071346
▁문제들	-12.071404
▁대답을	-12.071421
▁포도원	-12.071424
현제도	-12.071466
꿰	-12.071490
▁치료법	-12.071602
▁감옥에서	-12.071632
높으신	-12.071687
▁빼내	-12.071698
불능	-12.071741
알지못하는	-12.071773
▁이르니	-12.071814
▁선배	-12.071836
▁가만일	-12.071884
소돔	-12.071924
▁에게친절	-12.071938
재방문	-12.071975
▁증명할	-12.071986
었나이다	-12.072049
식수	-12.072059
▁화석	-12.072079
▁말게	-12.072281
▁알려져	-12.072318
▁기억하는	-12.072332
▁못하도록	-12.072336
▁만들었어	-12.072468
▁하신이유	-12.072531
Ma	-12.072588
생후	-12.072658
생긴다	-12.072659
▁생기면	-12.072720
붐	-12.072749
▁주먹	-12.072754
싱가포르	-12.072777
▁앤드류	-12.072780
▁그랜트	-12.072789
▁성문	-12.072823
▁미안한데	-12.072893
워진	-12.072916
▁소셜	-12.072928
▁본능	-12.072952
▁안쪽	-12.072996
▁걱정할	-12.073079
▁을이루어	-12.073085
▁있겠어요	-12.073172
▁있단다	-12.073236
▁다양성	-12.073383
▁복용	-12.073396
▁신세계	-12.073476
의논	-12.073487
▁뇌물	-12.073510
만아니라	-12.073519
그리스인	-12.073541
거잖아	-12.073580
▁에걸려있	-12.073611
▁하지아니하	-12.073661
기형	-12.073731
▁시키며	-12.073763
▁시스템은	-12.073798
갖고	-12.073810
곧전능	-12.073821
견디기	-12.073872
톰	-12.073936
▁배워야	-12.073985
습관적	-12.074003
렸읍니다	-12.074062
하는경우	-12.074336
계수	-12.074414
▁집어넣	-12.074438
▁la	-12.074491
▁의외모	-12.074510
▁해당하는	-12.074522
내려진	-12.074535
▁묻지	-12.074572
반박	-12.074589
▁이아닐것	-12.074602
▁질서	-12.074726
나이든	-12.074841
물리치	-12.074860
▁주간	-12.074911
네모안	-12.074974
▁되었더라	-12.074977
▁임마	-12.075147
▁사내	-12.075185
호감	-12.075234
비현실적	-12.075288
▁수술은	-12.075334
▁를불러	-12.075557
▁볼까	-12.075745
▁을내릴	-12.075793
▁뉴욕시	-12.075836
강철	-12.075862
알려줍니	-12.076031
聖	-12.076045
순종적	-12.076073
▁시험을	-12.076184
▁미첼	-12.076228
▁이되어서	-12.076318
▁특허	-12.076356
▁찾았다	-12.076362
▁을열어주	-12.076396
것같아	-12.076459
야하였읍니다	-12.076530
저술물	-12.076536
일컬어	-12.076695
중독자	-12.076877
부주의	-12.076916
▁견딜	-12.077046
정면	-12.077225
▁과목적	-12.077272
지말아야한다	-12.077408
▁언제부터	-12.077531
▁어떤때	-12.077590
마시는것	-12.077635
▁시작된	-12.077725
▁짜증나	-12.077818
배울수있는	-12.077902
▁경이	-12.077968
▁의이론	-12.078077
▁뺀	-12.078188
▁샌프란시스코	-12.078190
▁를기념	-12.078226
▁사사	-12.078298
청색	-12.078350
할수없다	-12.078453
▁해줘요	-12.078520
겨운	-12.078624
▁걸까	-12.078725
▁체중	-12.078794
수있다는것	-12.078852
▁좁	-12.078886
함께모이	-12.078963
▁축적	-12.079045
전시회	-12.079146
▁사격	-12.079176
▁되어있는데	-12.079210
▁지문	-12.079249
웁	-12.079257
▁어디야	-12.079268
니네베	-12.079339
할지니	-12.079404
▁1958	-12.079442
▁있었잖아	-12.079459
▁당연한	-12.079513
할정도	-12.079524
▁를일으키는	-12.079535
깔끔	-12.079580
▁바람에	-12.079614
▁에충성	-12.079731
▁포드	-12.079885
호별방문봉사	-12.079962
▁하지못할	-12.080151
범사	-12.080157
놀랄일	-12.080171
▁모른	-12.080207
세기동안	-12.080225
었는데도	-12.080257
▁인예수그리스도	-12.080289
▁형편없	-12.080326
깨닫지못	-12.080503
▁을떠올	-12.080521
▁연구기사	-12.080566
봐야겠어	-12.080631
됐다고	-12.080699
차라리	-12.080704
▁도많이	-12.080754
▁한멸망	-12.080771
태만	-12.080809
마을사람	-12.080896
22	-12.080899
▁을몹시	-12.080909
▁구두	-12.080969
직전	-12.080982
▁아들과	-12.081042
▁도형	-12.081423
송축	-12.081565
열왕	-12.081632
▁에호소	-12.081680
비축	-12.081829
▁자아	-12.081902
주시는분	-12.081987
자리잡고있	-12.082250
▁세우고	-12.082306
저널	-12.082315
걸리는	-12.082318
▁를버리고	-12.082406
▁마음대로	-12.082599
아인슈타인	-12.082612
▁데리러	-12.082615
포유류	-12.082616
▁해져	-12.082675
▁유일하게	-12.082716
쉴	-12.082817
체류	-12.082841
▁맘대로	-12.082850
▁렉시	-12.082950
▁엄마도	-12.082965
부적합	-12.082972
▁장미	-12.082983
▁가없다고	-12.083022
▁을알았다	-12.083167
▁만나기	-12.083267
▁싸움을	-12.083318
▁놈들은	-12.083448
▁하워드	-12.083520
▁했으면	-12.083622
▁요압	-12.083624
▁깨달았습니다	-12.083635
▁이많아	-12.083656
하지못하	-12.083842
▁식사를	-12.083938
▁이신여호와하느님	-12.083953
빅	-12.084036
무신론	-12.084070
▁옮길	-12.084071
▁돈으로	-12.084103
소집	-12.084165
들어본적	-12.084182
▁할수있겠습니까	-12.084192
▁을행하기	-12.084297
▁보다더중요	-12.084379
뉴욕시	-12.084436
▁을칭찬	-12.084496
믿음직	-12.084507
▁을넣어	-12.084522
▁영역을	-12.084532
▁에모인	-12.084538
들리는	-12.084563
▁이기도하다	-12.084635
곳으로부터	-12.084710
으리로다	-12.084735
▁에나온	-12.084811
▁를처음	-12.084821
▁에들어서	-12.084846
▁이전부	-12.084969
▁방으로	-12.085243
었던이유	-12.085278
▁를소유	-12.085325
자그마	-12.085337
내려갔	-12.085338
먹을수있	-12.085411
상담가	-12.085445
복합적	-12.085485
▁할수없는것	-12.085680
▁사라질	-12.085684
▁쟤가	-12.085713
▁도시에서	-12.085766
▁확산	-12.085790
뿌린	-12.085817
▁가있는지	-12.085826
▁회사가	-12.085836
귀하	-12.085836
▁의배경	-12.086172
▁케이크	-12.086174
집필	-12.086292
▁승리를	-12.086399
▁로즈	-12.086538
북돋	-12.086542
▁하버드	-12.086546
▁주님이시	-12.086560
▁는성서연구	-12.086650
시되	-12.087049
▁믿으	-12.087109
▁말아야	-12.087111
깝	-12.087219
▁고장	-12.087326
붙였	-12.087399
이송	-12.087450
▁의기념식	-12.087455
▁법안	-12.087489
▁정한	-12.087565
진통제	-12.087647
▁이러면	-12.087749
▁로만들	-12.087783
▁님을	-12.087785
▁모르게	-12.087908
리타	-12.087930
▁해냈어	-12.087940
▁충전	-12.087970
▁104	-12.088091
와관련	-12.088113
▁복음이	-12.088129
▁을치르	-12.088130
▁주재	-12.088285
▁장애물	-12.088340
그렇지않습니다	-12.088376
▁달성	-12.088382
▁따르라	-12.088471
▁are	-12.088664
성애	-12.088758
▁개개인	-12.088802
▁않은데	-12.088923
▁계산할	-12.088952
▁에서중요	-12.089083
▁이붙	-12.089170
▁레스토랑	-12.089224
떄	-12.089224
콘크리트	-12.089225
▁드러나	-12.089292
속담	-12.089304
▁봉합	-12.089309
▁퍼뜨리	-12.089316
봉헌	-12.089358
▁연결할	-12.089423
연못	-12.089457
있으면서도	-12.089690
화면	-12.089706
▁의군왕	-12.089811
▁종말	-12.089849
▁분만	-12.089945
압니다	-12.089972
▁모인	-12.089999
▁과힘	-12.090011
지모르며	-12.090210
열심있는	-12.090211
들어오는	-12.090253
▁전쟁은	-12.090350
관원	-12.090402
알아보려면	-12.090449
얽매	-12.090462
▁하고사랑	-12.090574
▁비어	-12.090629
▁깨닫지	-12.090630
▁제길	-12.090651
▁하룻밤	-12.090860
내륙	-12.090927
일반대중	-12.090933
▁돋	-12.091051
단말인가	-12.091057
▁장에서	-12.091077
거리가	-12.091135
▁으로불리	-12.091152
낸것	-12.091485
▁어렵습니다	-12.091526
▁을띠	-12.091529
▁첫날	-12.091649
▁개월후	-12.091653
▁쉐	-12.091720
원하는사람	-12.091728
▁로구하	-12.091958
가고있다	-12.092012
▁100%	-12.092043
▁세계가	-12.092047
혔습니다	-12.092096
지않았음을	-12.092137
도록도울수있	-12.092310
▁을해치	-12.092332
폼	-12.092545
▁종려나무	-12.092547
안토니오	-12.092547
파피루스	-12.092548
존엄성	-12.092566
▁1942	-12.092656
봤습니다	-12.092659
03	-12.092686
▁가끔씩	-12.092688
▁복부	-12.092693
DA	-12.092696
▁에서볼때	-12.092746
▁125	-12.092793
▁들어본	-12.092794
무례	-12.092884
▁의탁하	-12.092896
▁기억하지	-12.093086
▁될겁니다	-12.093254
▁몇몇은	-12.093369
▁에대해우리	-12.093461
▁제약	-12.093475
었나니	-12.093605
▁가득차	-12.093740
암기	-12.093751
▁머피	-12.093759
que	-12.093783
▁기념식	-12.093806
bl	-12.093863
▁장차	-12.093909
▁다치게	-12.093946
▁보라색	-12.094036
얻게되는	-12.094059
데살로니가	-12.094240
짚	-12.094244
오토바이	-12.094246
만들어지	-12.094281
▁당신네	-12.094471
▁을따르는	-12.094502
▁을갖게되었습니다	-12.094509
▁생각보다	-12.094666
▁연애	-12.094725
▁지능	-12.094737
▁67	-12.094751
두아들	-12.094792
우주선	-12.094833
알고있습니다	-12.094881
원망	-12.094898
▁로가는	-12.094943
▁를지불	-12.094944
▁이용한	-12.094983
▁거역했	-12.095006
▁쇼핑	-12.095033
▁를고대	-12.095310
솜	-12.095379
니크	-12.095466
명예	-12.095534
▁히피	-12.095740
▁하는데요	-12.095776
▁진심이야	-12.095918
어둠속	-12.095922
다니던	-12.096007
▁충격을	-12.096107
▁싫다	-12.096159
아우	-12.096282
능률	-12.096498
▁신들이	-12.096537
ou	-12.096630
▁연산	-12.096684
우리형제	-12.096727
문화권	-12.096734
▁서구	-12.096766
▁코치	-12.096811
▁는마침내	-12.097039
▁사랑한다	-12.097058
찾아온	-12.097140
설것	-12.097282
▁께서주시는	-12.097391
▁넣는	-12.097439
강박	-12.097491
▁병을	-12.097543
경비원	-12.097606
▁에예루살렘	-12.097634
♪	-12.097663
7,000	-12.097795
▁놓여	-12.097879
▁되니까	-12.097965
품질	-12.098030
▁아가야	-12.098137
않았	-12.098158
▁툴	-12.098175
▁의작품	-12.098248
mon	-12.098257
다루기	-12.098295
생긴것	-12.098303
성서지식	-12.098311
되지않	-12.098424
▁간구	-12.098447
빙산	-12.098485
IS	-12.098621
있기	-12.098667
▁에대해여호와	-12.098722
▁끌어내	-12.098724
점차적	-12.098740
복무	-12.098742
스타인	-12.098744
▁비키	-12.098760
▁과감정	-12.098763
게하는데	-12.098822
거란	-12.098915
▁드려	-12.098948
잠시동안	-12.099006
▁그러자그	-12.099013
시네요	-12.099014
▁에게책임	-12.099113
키아	-12.099176
늪	-12.099224
°	-12.099225
▁그레고르	-12.099226
신빙성	-12.099233
▁테러리스트	-12.099246
▁효용	-12.099294
▁을어떻게나타낼수있	-12.099320
▁1963	-12.099335
▁먹여	-12.099343
▁1948	-12.099451
▁헬리콥터	-12.099523
▁0.0	-12.099555
경보	-12.099709
▁퇴원	-12.099777
▁을보인	-12.099908
제사직	-12.099928
좌표	-12.100034
▁절약	-12.100049
빚진	-12.100082
▁감정이	-12.100130
▁크기의	-12.100215
카페인	-12.100244
원치않	-12.100327
▁창피	-12.100358
비오	-12.100369
걸세	-12.100400
▁죽는다	-12.100446
▁간격	-12.100535
걸립니다	-12.100659
▁앞기사	-12.100660
▁책임자	-12.100693
▁가없는것	-12.100812
▁을갖는	-12.100899
일간지	-12.100952
▁연구원	-12.100954
도록돕기위해	-12.101188
▁벌어지는	-12.101201
▁를택하	-12.101230
▁여러해	-12.101231
▁대가를	-12.101291
그소녀	-12.101311
▁조그만	-12.101328
노랑	-12.101514
▁데니	-12.101524
▁나가요	-12.101725
▁베일	-12.101744
직무	-12.101810
▁중국의	-12.101817
▁난리	-12.101954
위장	-12.102050
탈취	-12.102132
▁뒤쪽	-12.102493
유고슬라비아	-12.102580
▁히여김	-12.102582
수없는것	-12.102594
촛불	-12.102755
몸짓	-12.102764
지않으면안되었다	-12.102770
▁플루	-12.102806
폐암	-12.102820
▁아시겠죠	-12.102851
▁금년	-12.102895
따라야할	-12.102903
퍼스	-12.103073
동참	-12.103192
려고하지않	-12.103197
회보	-12.103291
바랄	-12.103332
렌즈	-12.103450
▁누군데	-12.103451
▁사건은	-12.103452
▁않잖아	-12.103541
한정	-12.103571
내밀	-12.103762
▁보여줬	-12.103925
이슬람교	-12.103989
하였느냐	-12.104023
▁브랜	-12.104135
헤쳐나	-12.104181
▁목적이	-12.104362
갖는	-12.104375
▁어떤일	-12.104403
돌진	-12.104418
▁께서는인류	-12.104543
이산화탄소	-12.104552
▁싹	-12.104813
더행복	-12.104814
▁거리에서	-12.104827
칼리	-12.104832
▁내겐	-12.104875
▁채소	-12.104982
일어날	-12.105031
열방	-12.105134
▁누구지	-12.105140
▁피로	-12.105173
▁얘는	-12.105338
▁103	-12.105608
▁도입	-12.105796
고국	-12.105874
매혹	-12.105920
게마련	-12.105929
▁포르노	-12.105968
마드리드	-12.105998
▁pro	-12.106117
▁착하	-12.106167
떠날때	-12.106293
없는세상	-12.106318
▁줬어	-12.106455
▁그러한경우	-12.106545
▁원했던	-12.106810
쏘아	-12.106852
▁이루어지	-12.107015
▁소리는	-12.107180
▁시작했죠	-12.107192
▁다른양	-12.107254
---	-12.107696
▁를갖고있	-12.107788
되었다고	-12.107802
그러한사랑	-12.107825
발트	-12.107846
▁를읽어	-12.107866
▁궁핍	-12.107869
▁연결을	-12.107875
▁과나라	-12.107951
cc	-12.107980
$	-12.108012
조차도	-12.108025
▁보내니	-12.108149
▁초콜릿	-12.108154
su	-12.108262
▁힘으로	-12.108321
▁해놓은	-12.108458
▁지도를	-12.108463
포도원	-12.108565
들어올	-12.108691
▁성도	-12.108842
냉정	-12.108996
▁축소	-12.109068
▁이어야합니다	-12.109178
캘	-12.109244
31	-12.109270
▁의목자	-12.109303
▁여로보암	-12.109325
에콰도르	-12.109327
▁으로받아들이	-12.109338
▁제안을	-12.109339
▁1966	-12.109443
아십니다	-12.109550
북방왕	-12.109617
▁의멍에	-12.109650
오랜세월	-12.109652
십시요	-12.109693
알콜	-12.109709
빗나가	-12.109711
▁미세	-12.109806
▁선조	-12.109878
폴리스	-12.109882
하란	-12.109883
느냐고	-12.109948
▁와대화	-12.109998
▁의기둥	-12.110019
▁의원천	-12.110150
▁에앉아서	-12.110152
▁주민들	-12.110380
▁같구나	-12.110476
여러세기전	-12.110544
▁상당한	-12.110633
신음	-12.110830
순회대회	-12.110898
무능	-12.110925
같아서	-12.110937
인걸	-12.110949
▁따님	-12.110967
ER	-12.111001
▁지나간	-12.111033
▁나빠	-12.111156
▁을나타냈다	-12.111204
▁을느꼈다	-12.111231
상류	-12.111291
▁전화해서	-12.111330
▁을품고	-12.111340
향료	-12.111385
야할지	-12.111431
졸업식	-12.111508
금요일	-12.111538
▁에게명령	-12.111716
밝게	-12.111728
▁박쥐	-12.111839
▁국민들	-12.111873
▁시키기위한	-12.111979
비만	-12.112097
▁기절	-12.112205
경로	-12.112226
작전	-12.112380
▁이많이있다	-12.112401
첫인간	-12.112408
▁에인용	-12.112470
▁이런것	-12.112536
▁과친구	-12.112627
▁한도구	-12.112645
퍽	-12.112715
헤모글로빈	-12.112715
▁Dictionary	-12.112716
줄지어	-12.112739
병고침	-12.112740
객관적	-12.112741
설사	-12.112741
그렇게할	-12.112782
▁으로부활	-12.112831
▁계좌	-12.112873
▁둘레	-12.112880
세워진	-12.112893
충성심	-12.112921
식욕이상	-12.112932
는한가지방법	-12.113026
율법언약	-12.113115
이세벨	-12.113126
투표	-12.113167
▁로서그	-12.113228
▁이닥치	-12.113339
▁짜증	-12.113347
▁샌드위치	-12.113368
▁복잡해	-12.113512
시나요	-12.113561
▁알아낸	-12.113652
▁종들	-12.113686
▁스타크	-12.113688
그러한질문	-12.113723
▁26;	-12.113818
▁할당	-12.113894
▁전까진	-12.113939
dia	-12.113942
두드리	-12.113948
ey	-12.114106
▁리드	-12.114122
압제적	-12.114162
▁이설립	-12.114167
▁칼로리	-12.114292
해양	-12.114429
결박	-12.114446
▁어땠어	-12.114524
▁레지	-12.114589
자제력	-12.114851
삽니다	-12.114918
▁을소홀	-12.114955
▁우크라이나	-12.115182
▁을바쳐	-12.115296
ark	-12.115329
▁되고있읍니다	-12.115333
성서서적	-12.115409
울리는	-12.115441
▁하면서이렇게	-12.115573
당분	-12.115580
57	-12.115750
▁이되기전	-12.115761
▁을더좋아	-12.115808
낀	-12.115888
▁을받지못하	-12.115987
▁을들으면	-12.116086
▁플랫폼	-12.116118
자물쇠	-12.116136
▁어머님	-12.116144
▁있을겁니다	-12.116146
▁순환	-12.116333
반역적	-12.116415
▁어머니를	-12.116471
▁의관심사	-12.116496
▁스스로의	-12.116708
▁지냈	-12.116711
▁버터	-12.116791
▁해야함	-12.116822
취소	-12.116833
▁벨트	-12.116834
군복무	-12.117005
▁세제곱	-12.117097
▁이되었고	-12.117097
사회주의	-12.117101
어지게	-12.117117
기성	-12.117128
구매	-12.117129
▁이따르	-12.117185
병든	-12.117265
▁녀석은	-12.117582
애벌레	-12.117604
되었으며	-12.117784
▁있나이다	-12.117883
쳤어요	-12.117912
do	-12.117945
▁목적은	-12.117949
▁조심해요	-12.118118
▁튀	-12.118157
▁죽었다고	-12.118167
일행	-12.118258
주심	-12.118322
▁get	-12.118351
▁벗겨	-12.118408
웠던	-12.118420
▁아시고	-12.118555
여러날	-12.118584
▁것이었죠	-12.118595
갈라디아	-12.118620
▁체스	-12.118770
상사	-12.118833
eg	-12.118846
예약	-12.118853
시위	-12.118885
굳은	-12.118920
▁담아	-12.119003
▁라는기사	-12.119031
▁목록에	-12.119057
▁삭제할	-12.119058
노예제도	-12.119112
▁기고	-12.119123
역사기록	-12.119227
▁은모세	-12.119356
ps	-12.119443
이루어	-12.119449
어버이	-12.119461
탄소	-12.119476
▁고하여	-12.119493
▁가능해	-12.119495
▁벨기에	-12.119512
멕	-12.119529
▁샐러드	-12.119530
▁왓슨	-12.119530
쿡	-12.119530
▁찍고	-12.119623
혀서	-12.119665
자기중심적	-12.119678
유력	-12.119700
했었지	-12.119728
▁에게전해주	-12.119732
가까이가	-12.119734
▁의복음서	-12.119774
여가활동	-12.119778
▁에지나지않	-12.119809
▁시드기야	-12.119835
▁목소리가	-12.119863
▁의흐름	-12.119874
▁됐나	-12.119924
▁그러한상황	-12.119948
▁을당할때	-12.120005
▁진짜야	-12.120156
▁문자를	-12.120167
▁과백성	-12.120169
▁을반복	-12.120257
▁을나타낼것	-12.120285
▁을내릴수있	-12.120287
▁파멸	-12.120306
▁에서해방	-12.120423
▁침실	-12.120534
▁배웠습니다	-12.120550
각도	-12.120557
▁일치하는	-12.120579
멍	-12.120581
▁관여	-12.120678
▁힘은	-12.120748
불량	-12.120761
▁을파멸	-12.120781
▁이생겨	-12.120804
피신	-12.120874
있을수없	-12.120926
▁Dr	-12.120973
여러해전	-12.121004
▁의교리	-12.121016
▁자리가	-12.121120
정신과마음	-12.121130
묻습니다	-12.121210
▁을밝혀	-12.121224
▁마술사	-12.121364
▁은오랫동안	-12.121367
▁힘들게	-12.121574
▁노란	-12.121605
되었죠	-12.121954
▁할래	-12.122292
▁없었을	-12.122327
과목	-12.122382
▁으로성장	-12.122413
추격	-12.122420
▁가있는사람	-12.122449
확정	-12.122519
▁받음	-12.122536
지않지만	-12.122594
▁움직이고	-12.122829
▁하게한다	-12.122829
▁신나	-12.122860
▁부정적	-12.122875
키프로스	-12.122960
▁튜브	-12.122971
▁did	-12.123083
훗날	-12.123107
지는말	-12.123109
▁이목숨	-12.123208
친근	-12.123209
여긴	-12.123396
▁말씀하시되	-12.123444
▁하게하였다	-12.123464
▁스코틀랜드	-12.123689
었거나	-12.123817
내려오	-12.123832
▁위선	-12.123863
지켜보	-12.123866
해본	-12.123938
▁멸종	-12.124041
다른쪽	-12.124141
카스	-12.124266
ence	-12.124314
▁시위대	-12.124330
▁집중해	-12.124407
▁그곳으로	-12.124433
▁그렇게하는데	-12.124455
▁국가의	-12.124509
▁크리	-12.124574
선교사	-12.124671
늘어나고있	-12.124743
아는바	-12.124784
싸웠	-12.124804
사치	-12.124903
▁악한자	-12.124942
혔어	-12.124962
알려준	-12.124965
어리석음	-12.125012
고기잡이	-12.125076
사촌	-12.125122
83	-12.125287
▁고백	-12.125289
▁상태에	-12.125289
조수	-12.125328
성명	-12.125410
▁경고를	-12.125445
고무적	-12.125463
▁한교제	-12.125469
손바닥	-12.125526
▁을받고있습니다	-12.125541
했잖아요	-12.125541
막강	-12.125572
증대	-12.125588
게하는일	-12.125655
노령	-12.125657
가운데가장	-12.125704
▁본래	-12.125723
보면서	-12.125814
판정	-12.125849
▁의실체	-12.125900
맞은편	-12.126115
▁을존경	-12.126167
▁로하였다	-12.126176
▁정맥	-12.126239
던중	-12.126245
▁절개	-12.126315
▁되지요	-12.126385
Journal	-12.126390
▁브라우저	-12.126390
▁커뮤니티	-12.126390
셰익스피어	-12.126390
콜레스테롤	-12.126390
얄	-12.126391
▁글로벌	-12.126393
▁줄리엣	-12.126395
▁두려움을	-12.126411
확보	-12.126436
되나니	-12.126457
정력	-12.126464
소급	-12.126492
정된	-12.126522
▁1938	-12.126533
진수	-12.126570
▁빌립	-12.126571
▁괜찮다고	-12.126581
▁로부터보호	-12.126584
포터	-12.126656
사는데	-12.126727
▁내말은	-12.126772
▁을깨닫게되었습니다	-12.126984
지않았는가	-12.127101
▁Mar	-12.127145
▁하지못하고	-12.127236
38	-12.127285
▁과벗	-12.127291
있을수	-12.127316
▁을느끼고	-12.127322
▁부모님은	-12.127478
▁있을거에요	-12.127481
브레	-12.127723
불임	-12.128006
▁진주	-12.128071
▁가있었는데	-12.128097
▁투성이	-12.128201
난것	-12.128327
정비	-12.128331
▁수영장	-12.128555
견딜	-12.128588
묘지	-12.128598
▁사용되는	-12.128616
▁도아니다	-12.128719
관목	-12.128814
윌	-12.128933
AS	-12.129000
▁기체	-12.129066
집회참석	-12.129066
▁금고	-12.129153
▁걸리는	-12.129221
▁을주는일	-12.129273
좋아요	-12.129281
어려울것	-12.129412
풍족	-12.129456
했었다	-12.129516
▁께서예언	-12.129597
▁에비할수있	-12.129626
▁을아셨	-12.129715
▁350	-12.129794
화장실	-12.129804
반항적	-12.129815
의롭다고선언	-12.129847
▁해보아야합니다	-12.129924
▁최초로	-12.129949
▁1957	-12.129980
▁선지자로	-12.129994
공산주의자	-12.130149
합쳐	-12.130181
그러면	-12.130218
손질	-12.130223
어떤경우	-12.130270
▁하라고권	-12.130279
화제	-12.130556
▁이곳을	-12.130575
축소	-12.130607
▁헛되	-12.130633
성서학자	-12.130737
▁이것으로	-12.130770
돌보아주	-12.130774
정제	-12.130776
▁처럼생긴	-12.130929
야만한다	-12.130994
무슨교훈	-12.131176
지는않았	-12.131213
▁비슷하게	-12.131234
▁못했다	-12.131250
▁말씀과	-12.131371
▁이렇게하면	-12.131385
▁복귀	-12.131390
야한다고말	-12.131451
▁가가지고있는	-12.131474
있으	-12.131504
있느냐	-12.131639
▁넘게	-12.131653
▁결혼한	-12.131655
▁뭐하고	-12.131669
목장	-12.131813
버리기	-12.131834
새긴	-12.132000
▁남의	-12.132018
하지말고	-12.132129
▁끝장	-12.132274
큰특권	-12.132311
기보다는	-12.132353
▁알겠다	-12.132432
어야만	-12.132511
살림	-12.132547
▁친구들은	-12.132594
▁를기꺼이	-12.132595
▁가장자리	-12.132610
▁침상	-12.132638
셨다고	-12.132710
▁입구	-12.132838
▁훔친	-12.132972
▁알레르기	-12.133066
산꼭대기	-12.133068
▁를지은	-12.133116
그린	-12.133144
69	-12.133198
빈약	-12.133204
▁경찰은	-12.133226
-5	-12.133244
OP	-12.133247
▁생각한다	-12.133266
▁멈췄	-12.133299
샷	-12.133299
파숫군	-12.133300
▁엘리엇	-12.133334
▁틀렸어	-12.133448
▁1949	-12.133456
▁까지한다	-12.133580
▁여주	-12.133746
몇년동안	-12.133768
▁진정으로	-12.133893
▁71	-12.133906
▁우리에게는	-12.133959
▁생각하느뇨	-12.134011
보응	-12.134046
▁일정한	-12.134051
여러시간	-12.134064
려고합니다	-12.134094
▁우와	-12.134095
▁미칠	-12.134151
▁는사실상	-12.134206
▁이있어야	-12.134224
▁등에	-12.134228
▁를줄이	-12.134339
은신처	-12.134354
▁바뀔	-12.134381
쑥	-12.134388
▁비만	-12.134393
▁배로	-12.134461
화장품	-12.134527
더쉽게	-12.134676
선거	-12.134734
▁들어와서	-12.134827
▁버리지	-12.134848
▁현명한	-12.134920
▁을담당	-12.134966
▁부리	-12.135006
호소력	-12.135050
900	-12.135150
▁을꾸	-12.135184
▁은스스로	-12.135236
해협	-12.135260
▁사다리	-12.135276
그토록많은	-12.135291
▁하지는못	-12.135314
▁My	-12.135385
▁시원	-12.135605
▁주소를	-12.135653
▁되어있고	-12.135793
▁을하기위해	-12.135842
셨는가	-12.135859
▁일백	-12.135968
투르	-12.136124
고선언	-12.136157
▁께서땅	-12.136168
▁웃어	-12.136198
발명품	-12.136218
지못하고있다	-12.136258
왕위	-12.136478
▁이끝난	-12.136558
언제든지	-12.136564
▁변화는	-12.136724
▁CIA	-12.136771
무너뜨리	-12.136771
워치타워길르앗성서학교	-12.136771
▁밀리미터	-12.136772
기껏해야	-12.136772
귀머거리	-12.136777
침례자요한	-12.136777
▁순수한	-12.136795
색채	-12.136844
▁가되도록	-12.136951
획기적	-12.137087
/4	-12.137109
▁빚을	-12.137135
▁가슴을	-12.137257
하셨도다	-12.137273
큰것	-12.137319
레위인	-12.137402
▁됐고	-12.137445
▁발람	-12.137466
▁였을때	-12.137607
▁성하	-12.137619
매일매일	-12.137644
찾는사람	-12.137774
▁할수있고	-12.137779
▁고속도로	-12.137786
형통	-12.137813
▁년뒤	-12.137981
▁을예방	-12.137983
터득	-12.138327
▁에설립	-12.138577
노소	-12.138650
하였던것	-12.138755
▁의로운자	-12.139085
방패	-12.139306
는지알	-12.139326
▁둘이서	-12.139421
으리	-12.139424
▁해야할점	-12.139494
▁이된땅	-12.139544
▁문신	-12.139569
▁미안합니다	-12.139602
▁를발하	-12.139676
지도모르는	-12.139742
어색	-12.139955
^3	-12.139964
▁와는대조	-12.139993
페인트	-12.139999
묻는	-12.140021
잃어버린	-12.140204
곤했습니다	-12.140213
힙니다	-12.140242
▁yöu	-12.140256
콜레라	-12.140299
▁후로	-12.140402
계속적	-12.140404
사로잡혀	-12.140529
▁커플	-12.140604
사생활	-12.140633
어떤이유	-12.140823
int	-12.140830
두차례	-12.140862
▁했다는것	-12.140916
▁길게	-12.141019
▁의필자	-12.141073
▁인내하라	-12.141085
▁임종	-12.141085
시원	-12.141106
보는데	-12.141271
▁유대교	-12.141294
▁과정은	-12.141412
난자	-12.141459
▁대신하여	-12.141511
테크	-12.141584
▁농도	-12.141586
생기는것	-12.141667
있는것같다	-12.141754
▁에대한존경심	-12.141775
▁이할수있는일	-12.141780
▁을지켜보	-12.141783
▁아들들	-12.141860
▁있는거죠	-12.141911
▁등의	-12.141984
메달	-12.142010
▁데려갔	-12.142095
합창	-12.142099
▁해봐야	-12.142172
▁동작을	-12.142302
할이유	-12.142348
▁좀비	-12.142375
떨어졌다	-12.142667
▁을돕는	-12.142690
▁에충만	-12.142699
▁들어오는	-12.142780
▁그런게	-12.142811
▁의영성	-12.142895
그러하였다	-12.142926
일일이	-12.142992
▁에사로잡혀	-12.143053
었을까요	-12.143144
일몰	-12.143153
▁은매일	-12.143162
▁좌변에	-12.143216
베들레헴	-12.143289
▁심리학자	-12.143360
싸게	-12.143371
▁부르고	-12.143376
▁것이거늘	-12.143390
▁못하니	-12.143423
▁로빈스	-12.143474
▁느껴져	-12.143487
▁구해야	-12.143519
▁에보이는	-12.143542
하지마십시오	-12.143560
삼각형	-12.143604
힌다	-12.143671
▁당하였다	-12.143678
대장	-12.143692
멀지않아	-12.143705
하고싶	-12.143748
▁Konqueror	-12.143752
캣	-12.143752
▁바나바	-12.143789
▁안된다고	-12.143800
▁도망쳐	-12.143809
▁지연	-12.143815
에대하여	-12.143836
▁하여자기	-12.143914
▁독특한	-12.144046
▁시킨것	-12.144097
일어나서	-12.144102
틀린	-12.144281
▁그랬다	-12.144374
▁책임감	-12.144374
영적필요	-12.144425
소유권	-12.144504
▁솔로몬이	-12.144507
▁너희들에게	-12.144524
▁또한여호와	-12.144548
기뻤습니다	-12.144575
▁된견해	-12.144579
▁께가까이가	-12.144648
▁을통한	-12.144711
▁텐데요	-12.144750
▁친구들과	-12.144872
▁인도하지	-12.144885
▁아니함이라	-12.144902
▁을떠난	-12.145082
▁을남겼	-12.145216
만하다	-12.145247
▁칼로	-12.145265
직선	-12.145651
ix	-12.145783
▁가점점	-12.145939
한조사	-12.145970
▁형은	-12.145994
▁일어납니다	-12.146038
수있을만큼	-12.146109
▁을겪고있	-12.146228
싸울	-12.146295
타조	-12.146342
치면서	-12.146370
▁드린	-12.146381
그녀	-12.146406
▁센서	-12.146708
▁세기말	-12.146811
▁씹	-12.146873
▁이된사람	-12.146929
ance	-12.146932
하게되었습니다	-12.146981
▁묶음	-12.147042
포인트	-12.147130
있었으므로	-12.147145
게이트	-12.147188
아리스토텔레스	-12.147261
챘	-12.147261
고넬료	-12.147263
▁상기하라	-12.147285
▁성약을	-12.147291
하겠느뇨	-12.147394
▁또한예수	-12.147443
벌써	-12.147462
▁정글	-12.147477
▁제이슨	-12.147525
선호	-12.147532
▁강철	-12.147753
ave	-12.147834
스레	-12.147837
상아	-12.147868
▁마찬가지야	-12.147936
▁운행	-12.147983
▁병든	-12.148008
나귀	-12.148059
▁기계를	-12.148152
▁사회의	-12.148187
따를것	-12.148392
▁부끄러워	-12.148493
었거든	-12.148535
▁목욕	-12.148582
▁한목표	-12.148641
ef	-12.148658
▁사슴	-12.148728
▁더구나	-12.148796
▁보여주기	-12.148936
▁92	-12.148955
역량	-12.149050
▁극한	-12.149053
▁말대로	-12.149146
랬어	-12.149267
없다고말	-12.149413
▁알려드리	-12.149458
머리위	-12.149514
▁과예수그리스도	-12.149578
▁두분	-12.149674
▁단어가	-12.149747
▁별명	-12.149827
하더니	-12.149876
▁라고불리는	-12.149955
▁이있었는지	-12.149961
맹목적	-12.150070
다니는것	-12.150195
실려있	-12.150311
지휘관	-12.150333
방정식	-12.150379
새겨진	-12.150422
찼	-12.150496
플라스틱	-12.150506
세워졌	-12.150514
▁이없다는것	-12.150537
그야말로	-12.150598
같을것	-12.150603
59	-12.150657
갈고리	-12.150667
▁추가할	-12.150712
콜럼버스	-12.150729
기진맥진	-12.150782
소용돌이	-12.150783
▁되었다는것	-12.150811
▁노트북	-12.150833
목초지	-12.150932
가톨릭백과사전	-12.150971
▁한기분	-12.151071
▁이나타내는	-12.151078
▁떠났어	-12.151091
건설적	-12.151141
그러한변화	-12.151181
▁해냈	-12.151213
▁인상황	-12.151229
염색	-12.151324
▁이생긴다	-12.151391
▁줄리아	-12.151462
▁을가지고있었다	-12.151464
▁는과거	-12.151484
▁국내	-12.151571
▁궁금한	-12.151603
▁한자료	-12.151611
▁을가리킵니다	-12.151691
▁아버지께	-12.151779
입힌	-12.151810
▁피드	-12.151861
어가는	-12.151875
필연적	-12.151906
▁를저지르	-12.151978
▁임의의	-12.152026
허무	-12.152126
▁드리죠	-12.152143
라고경고	-12.152201
예금	-12.152262
하오니	-12.152290
▁방울	-12.152300
잃어버렸	-12.152302
떨어지는	-12.152369
▁책은	-12.152550
되었으므로	-12.152559
▁세인트	-12.152578
▁생각해야	-12.152612
▁가족들이	-12.152613
▁싶었던	-12.152628
▁을나타내어	-12.152704
호스	-12.152850
▁피곤해	-12.153029
▁AB	-12.153189
▁출입	-12.153227
슬퍼하	-12.153261
▁죄인들이	-12.153349
고만다	-12.153496
구할수	-12.153508
▁을달라고	-12.153512
▁못하겠어	-12.153519
▁을속이	-12.153582
▁를기울일	-12.153689
한형제	-12.153749
over	-12.153823
oo	-12.153865
주면서	-12.153921
대대적	-12.153952
▁한생활방식	-12.154031
▁자원을	-12.154112
▁향수	-12.154115
둡	-12.154121
똑바로	-12.154156
▁항의	-12.154169
▁났어	-12.154387
▁의감독	-12.154428
견딜수있	-12.154432
먹었	-12.154719
반려자	-12.154841
▁않았나	-12.154881
▁명백한	-12.154887
▁에서가장중요	-12.155114
mi	-12.155129
살아계신	-12.155168
어느나라	-12.155173
▁의도덕	-12.155202
비트	-12.155310
▁사이버	-12.155327
쏟	-12.155388
▁카드를	-12.155394
▁외과의사	-12.155426
섬길수있	-12.155475
▁쏟	-12.155516
▁0.5	-12.155530
▁않았지	-12.155759
헤아리	-12.155861
씨앗	-12.156083
▁결정할	-12.156084
주거나	-12.156116
▁의열쇠	-12.156203
▁지불하	-12.156214
▁인것같다	-12.156255
▁확인하고	-12.156292
틴들	-12.156457
열광	-12.156577
▁가격을	-12.156618
히브리인	-12.156689
▁들려요	-12.156731
▁에너지가	-12.156739
증식	-12.156743
실족	-12.156782
박스	-12.156849
캘리포니아	-12.156924
더오래	-12.157038
▁겪었	-12.157214
▁을얻도록	-12.157291
ens	-12.157303
▁하신후	-12.157344
▁81	-12.157427
천둥	-12.157627
▁세포가	-12.157679
나타냅니까	-12.157860
샬	-12.157861
神	-12.157862
욘	-12.157862
캄보디아	-12.157862
갈릴레오	-12.157863
스러움	-12.157869
오징어	-12.157887
▁소파	-12.157914
▁하지만그것	-12.157931
내린다	-12.157937
▁과수원	-12.157965
곤했다	-12.157994
동시대	-12.157994
▁에서지적	-12.158003
▁강제로	-12.158053
골목	-12.158114
모릅니다	-12.158143
▁국장님	-12.158257
효율	-12.158321
가지고계신	-12.158449
압수	-12.158457
힘겨운	-12.158532
▁을기울일	-12.158570
버리는것	-12.158642
지극히	-12.158704
▁비싸	-12.158808
▁에대한당신	-12.158834
들에겐	-12.158913
off	-12.158949
최소	-12.159123
▁에관해서는	-12.159160
이루어졌	-12.159328
▁최선의	-12.159329
▁감사하라	-12.159408
▁태양이	-12.159413
플리	-12.159434
뛰어넘	-12.159542
한증인	-12.159744
▁불안정	-12.159754
▁너무나도	-12.159827
또래	-12.159829
▁하지않은것	-12.159846
▁분산	-12.159889
바로그때	-12.159944
▁전체에	-12.159997
▁경향이	-12.160082
파나마	-12.160216
▁은훨씬더	-12.160250
▁국가들	-12.160381
▁경찰에	-12.160446
해진다	-12.160446
ase	-12.160493
▁시킬수없	-12.160499
▁으로부터보호	-12.160505
수없었습니다	-12.160684
대회회관	-12.160744
▁들어가면	-12.160779
▁취할	-12.160781
흘린	-12.160871
▁정도면	-12.160947
바로지금	-12.161016
나아지	-12.161023
▁를내어	-12.161028
▁의꿈	-12.161176
▁앰	-12.161191
▁으로써하나님	-12.161208
▁스토리	-12.161221
▁하게생활	-12.161224
마가복음	-12.161295
▁이야기입니다	-12.161345
▁정사각형	-12.161421
마케도니아	-12.161421
▁할만하게도	-12.161422
작별인사	-12.161422
▁벗어난	-12.161428
▁부등식	-12.161432
뇌물	-12.161450
▁바탕으로	-12.161471
▁도함께	-12.161642
▁회사는	-12.161683
▁했었죠	-12.161852
▁공식적으로	-12.161866
소비자	-12.161945
71	-12.161988
▁를개선	-12.161988
해왔	-12.162012
▁마아	-12.162024
▁사고가	-12.162064
▁사춘기	-12.162191
참석자수	-12.162699
▁을당해	-12.162784
▁하지않으셨습니다	-12.162796
효소	-12.162836
▁하지않으면안되	-12.162916
▁숨어있	-12.163027
▁사무실에서	-12.163051
방백	-12.163054
▁님께서	-12.163091
걷어	-12.163118
졌을때	-12.163237
▁에서성공	-12.163303
▁따뜻한	-12.163330
갚아	-12.163335
▁가있을수있	-12.163360
파업	-12.163360
그리고그분	-12.163442
▁바뀐	-12.163467
줄거야	-12.163539
▁평강	-12.163736
었소	-12.163770
▁크레이	-12.164004
포옹	-12.164110
▁씨는	-12.164174
해야하는가	-12.164192
▁도이해	-12.164221
▁를받기	-12.164288
랬잖아	-12.164288
▁말씀드릴	-12.164333
▁화상	-12.164336
피워	-12.164374
▁이되어야	-12.164439
콜로	-12.164456
님께서	-12.164480
셨느니라	-12.164577
흩어져	-12.164612
흐른	-12.164613
time	-12.164699
▁을받을수있다	-12.164784
▁무게를	-12.164821
▁를당한	-12.164847
▁께서는하늘	-12.164874
쉬웠	-12.164886
q	-12.164941
명이요	-12.164979
휘발유	-12.164993
▁리차드	-12.165004
▁홍보	-12.165051
▁을보여줍니다	-12.165107
있게되었다	-12.165143
부활절	-12.165285
▁을숙고	-12.165287
뿜어	-12.165354
▁범인은	-12.165386
▁엑스	-12.165459
▁폭동	-12.165545
다는확신	-12.165551
감안	-12.165612
놓은것	-12.165655
▁남자들	-12.165699
▁회원	-12.165771
▁뭣	-12.165865
책자	-12.165869
ran	-12.165906
뒀어	-12.165999
▁달걀	-12.166034
▁하라는명령	-12.166094
게해줄	-12.166116
명상	-12.166141
큰일	-12.166168
▁단순화	-12.166241
뭉	-12.166243
CC	-12.166358
야하는데	-12.166499
▁엉망	-12.166509
같으니	-12.166557
▁을다루는	-12.166606
▁히여겨	-12.166627
립니까	-12.166665
▁을가지고있읍니다	-12.166680
질투심	-12.166696
전도서	-12.166703
▁바다가	-12.166731
경제학자	-12.166800
▁할수있게해주	-12.167058
저질러	-12.167060
▁경사	-12.167068
똑	-12.167080
자칭	-12.167405
▁바랄	-12.167452
▁되길	-12.167460
▁구했	-12.167493
▁이어지는	-12.167560
▁언니가	-12.167570
나쁜습관	-12.167601
▁그리기	-12.167602
워크	-12.167627
종교조직	-12.167681
▁때문이지	-12.167767
▁라틴아메리카	-12.167790
사교적	-12.167831
▁목격자	-12.167863
▁일경우	-12.167881
벌새	-12.167945
▁짓고	-12.167995
▁포기하지	-12.168264
▁을미칩니	-12.168289
청소년기	-12.168382
쳤고	-12.168415
▁있듯이	-12.168465
얌	-12.168576
신다는사실	-12.168631
▁행하라	-12.168725
▁을도울수있	-12.168746
등분	-12.168766
▁나눴	-12.168875
찾는	-12.169041
▁표기	-12.169104
▁올라오	-12.169154
va	-12.169156
달려가	-12.169159
▁다가가	-12.169204
▁사람들로	-12.169213
▁은아니었다	-12.169249
가짜	-12.169272
되었는가	-12.169304
▁뜻대로	-12.169321
흔들리지않	-12.169341
▁를띠	-12.169404
▁희망이	-12.169438
▁어떨	-12.169627
한곳	-12.169772
▁넓이를	-12.169804
속삭	-12.169806
거라구요	-12.169853
▁했거든요	-12.169873
였나	-12.169888
▁총격	-12.169894
ile	-12.170041
▁이일어난	-12.170053
▁오실	-12.170205
▁유머	-12.170207
일년	-12.170227
탐욕적	-12.170247
▁발생한	-12.170250
▁뉴질랜드	-12.170449
블레	-12.170468
▁아닌지	-12.170524
▁무언가가	-12.170619
▁요가	-12.170668
통곡	-12.170716
게끔	-12.170850
하였으	-12.170942
▁가나서	-12.170943
탐심	-12.170992
회로	-12.170997
생태학	-12.171120
▁생겼습니다	-12.171247
▁아라비아	-12.171255
려는노력	-12.171313
햇	-12.171332
▁만들었죠	-12.171357
벡	-12.171406
▁의심정	-12.171444
▁의피해자	-12.171472
쓴것	-12.171526
▁은마침내	-12.171578
▁과어울리	-12.171616
▁나타난	-12.171680
병균	-12.171681
시청자	-12.171949
썰	-12.171966
▁하는인류	-12.171977
ose	-12.172058
▁회사에	-12.172083
▁독감	-12.172097
봤는데	-12.172109
▁말해줬	-12.172215
▁결코그렇지않습니다	-12.172231
▁아이들과	-12.172251
▁1961	-12.172274
▁할점	-12.172314
불사르	-12.172350
모스크바	-12.172436
교실	-12.172456
▁만드는데	-12.172595
하시느니라	-12.172599
▁지하실	-12.172606
제조업자	-12.172636
▁페이지를	-12.172639
▁의정신과마음	-12.172676
▁의무게	-12.172788
▁에게침례	-12.172925
▁을누릴수있습니다	-12.172998
목동	-12.173067
▁똑같아	-12.173078
▁사회에	-12.173168
프로테스탄트교인	-12.173171
베푸신	-12.173180
ich	-12.173212
마셔	-12.173228
▁머물러	-12.173288
지방회중	-12.173289
▁처치	-12.173413
▁방패	-12.173430
▁대학에	-12.173452
테러행위	-12.173511
nt	-12.173532
▁께가까이	-12.173545
file	-12.173553
▁에비추어	-12.173626
▁기본값	-12.173774
▁인욕망	-12.173780
함께살	-12.173802
같고	-12.173841
▁해보았다	-12.173984
구하는기도	-12.174007
살펴보기	-12.174031
려는욕망	-12.174112
▁께서하늘	-12.174125
▁왕께	-12.174260
▁숨기기	-12.174261
▁사무실에	-12.174297
▁심문	-12.174310
알려줄것	-12.174373
파열	-12.174491
고속	-12.174539
직물	-12.174704
▁하지못하였다	-12.174767
지칭	-12.174835
▁을바칠	-12.174952
▁로하는것	-12.175112
▁이되려면	-12.175183
▁그레이스	-12.175250
▁에게격려	-12.175252
▁하거든요	-12.175321
▁로돌아오	-12.175339
▁는당시	-12.175349
아홉살	-12.175350
▁걷고	-12.175591
스올	-12.175784
상파울루	-12.175785
▁년봄	-12.175824
▁퍼즐	-12.175879
▁이열리	-12.176072
▁를몰고	-12.176092
ook	-12.176112
오스트리아	-12.176138
row	-12.176144
알파벳	-12.176196
트리스	-12.176226
히브리서	-12.176260
헤롯	-12.176301
▁모든일	-12.176419
▁에빠질	-12.176526
▁브루스	-12.176587
▁향기	-12.176672
▁어린애	-12.176764
에의하면	-12.176802
▁대안	-12.176823
강우림	-12.176848
참새	-12.176882
죽어서	-12.176936
▁없으리라	-12.177012
▁에게하신	-12.177014
살고있	-12.177087
피력	-12.177163
▁정체성	-12.177280
▁여리고	-12.177309
년이나	-12.177313
▁을해야한다	-12.177505
한밤중	-12.177578
▁자연스럽게	-12.177637
▁결과적으로	-12.177693
▁But	-12.177746
냈어	-12.177838
읽으면	-12.177840
하였느뇨	-12.177887
▁이리하여	-12.177921
통합	-12.177949
▁묻어	-12.177981
▁번이나	-12.177992
각나라	-12.177997
▁이살고있는	-12.178035
자재	-12.178041
다채	-12.178074
자연계	-12.178118
way	-12.178199
탱	-12.178252
▁응벌이	-12.178353
하겠습니까	-12.178478
졌지만	-12.178491
▁소릴	-12.178555
▁해보라고	-12.178589
27;	-12.178735
▁계시니	-12.178761
▁받았고	-12.178763
했듯이	-12.178934
▁별일	-12.179018
▁아이구	-12.179043
▁찍었	-12.179078
술책	-12.179090
▁을가지고계시다	-12.179121
▁슬퍼하지	-12.179148
낳은	-12.179179
돌아갈	-12.179319
자랐습니다	-12.179322
세우는	-12.179366
▁송아지	-12.179367
더나아가	-12.179388
▁-6	-12.179393
합병증	-12.179426
고고학	-12.179428
▁는지난	-12.179440
안팎	-12.179445
▁가나오	-12.179480
균형잡힌견해	-12.179482
우리주위	-12.179553
▁괜찮니	-12.179567
무정	-12.179671
▁32;	-12.179672
신세계역성경	-12.179693
쇠사슬	-12.179744
▁의제목	-12.179807
▁전술	-12.179811
박테리아	-12.179853
▁기소	-12.179891
▁벌어지고	-12.179986
▁밈	-12.180010
강포	-12.180018
▁사라졌어	-12.180090
▁이루어져	-12.180120
온마음	-12.180148
글라스	-12.180247
년전에	-12.180258
▁이되는데	-12.180271
▁가쉽지않	-12.180473
손녀	-12.180513
희박	-12.180522
▁부동산	-12.180542
텍스	-12.180596
붉은색	-12.180622
▁작곡	-12.180657
좋을것	-12.180659
노련	-12.180663
▁8000	-12.180696
기법	-12.180721
▁대칭	-12.180901
훨씬더큰	-12.180937
얻을수있는	-12.181058
바짝	-12.181095
▁발견되	-12.181163
▁취미	-12.181389
범람	-12.181392
▁를바로잡	-12.181520
두렵	-12.181543
강림	-12.181657
세우신	-12.181684
벗어난	-12.181706
▁숨기고	-12.181755
▁를공격	-12.181777
▁시키지않	-12.181782
자녀양육	-12.181911
▁크기는	-12.181930
근래	-12.182046
겠냐	-12.182061
▁기쁜	-12.182071
파인	-12.182161
▁베어	-12.182282
▁되셨	-12.182347
판명	-12.182491
줬지	-12.182568
▁선물이	-12.182679
▁살릴	-12.182764
송신	-12.182913
낄	-12.182990
문둥병	-12.183045
▁에계실때	-12.183046
▁을지켰	-12.183073
▁제외한	-12.183093
잡으려	-12.183139
▁티켓	-12.183169
휘두르	-12.183219
▁한동기	-12.183229
▁컴퓨터에	-12.183241
▁요즈음	-12.183250
▁을대할때	-12.183297
▁떠나고	-12.183335
호흡기	-12.183381
내려다보	-12.183385
▁케이트	-12.183434
▁쉿	-12.183465
쳤어	-12.183540
낙인	-12.183587
첨단	-12.183629
뻔뻔	-12.183675
밝혀준다	-12.183835
녹아	-12.183850
▁이라고불렀	-12.183904
▁가능하게	-12.184113
우정적	-12.184138
▁up	-12.184184
크레	-12.184263
야자나무	-12.184385
▁뿐이라고	-12.184694
그단어	-12.184748
▁영상에서	-12.184871
어떻게도울수있	-12.184892
할수있도록	-12.184958
▁기술자	-12.184962
마시고	-12.185093
▁개새끼	-12.185327
급속도	-12.185369
외딴	-12.185417
해야하며	-12.185470
▁를처리	-12.185575
▁CA	-12.185687
▁금세기	-12.185699
마주치	-12.185759
▁시키고있다	-12.185825
▁불러오	-12.185902
살펴보십시오	-12.185996
버려야	-12.186064
▁벨라	-12.186081
▁고난을	-12.186503
알고계셨	-12.186620
▁를바랐	-12.186630
벧	-12.186631
땡	-12.186692
연재기사	-12.186695
배우도록	-12.186704
라는책	-12.186793
▁감사드립니다	-12.186800
▁삭제합니다	-12.186809
▁히연구	-12.186811
▁레몬	-12.187007
▁계십니다	-12.187018
외쳤다	-12.187093
이런식	-12.187229
얼어붙	-12.187337
▁하지않게	-12.187353
▁않을까요	-12.187439
필사적	-12.187595
긴밀	-12.187668
탐험	-12.187751
▁기다려야	-12.187779
▁일생	-12.187817
알고있었	-12.187899
블린	-12.187924
있겠는가	-12.188046
▁의수명	-12.188105
▁와성서연구	-12.188160
이집트인	-12.188200
해낼수있	-12.188234
세계상태	-12.188263
▁날개를	-12.188273
▁같았어요	-12.188284
▁현실을	-12.188446
서명	-12.188745
콤	-12.188811
▁를요청	-12.188897
▁분모에	-12.188951
흥미있는	-12.188969
죽여	-12.189152
▁그날밤	-12.189191
▁에게알리	-12.189352
▁어렵지	-12.189420
▁받을만한	-12.189475
▁놈들을	-12.189583
로마가톨릭교회	-12.189756
너무늦	-12.189809
▁올리브	-12.189844
▁유출	-12.189919
▁을열거	-12.190030
▁를나타내는것	-12.190047
공헌	-12.190092
▁의손길	-12.190155
▁을상하게	-12.190206
사르	-12.190222
보이게	-12.190229
잃어버리	-12.190274
공의회	-12.190299
부흥	-12.190310
▁수준의	-12.190340
▁inmenu	-12.190355
하였은즉	-12.190367
▁헤로인	-12.190371
▁사람들한테	-12.190391
망상	-12.190403
▁him	-12.190428
▁손가락을	-12.190462
▁갈까	-12.190519
평야	-12.190536
▁풍성한	-12.190544
보완	-12.190563
계십니다	-12.190568
정신건강	-12.190594
▁생각이야	-12.190704
모든선	-12.190723
▁가령	-12.191023
붙들	-12.191090
었으니까요	-12.191263
▁삐	-12.191297
데대하여	-12.191427
▁가되었읍니다	-12.191521
▁모든것을	-12.191530
▁에누워	-12.191531
황새	-12.191540
▁내려가서	-12.191554
▁수잔	-12.191595
도덕관	-12.191763
모든족속	-12.191812
줄무늬	-12.191965
려져	-12.192177
▁그리는	-12.192218
▁브레	-12.192330
▁내리는	-12.192390
▁없던	-12.192397
어긋나	-12.192466
▁할수없을것	-12.192586
▁를다루는	-12.192674
볼수있었다	-12.192681
▁화제	-12.192737
짧은기간	-12.193021
min	-12.193065
▁장면을	-12.193082
놀랐다	-12.193103
▁과만족	-12.193169
▁됐을	-12.193220
지못하며	-12.193225
▁100,000	-12.193352
혈압	-12.193369
손자녀	-12.193390
▁걸세	-12.193397
맞지않는	-12.193495
▁유용하지	-12.193550
프랑스어	-12.193792
▁끼치는	-12.193860
▁바라고	-12.193875
계시는	-12.193902
▁이라고불리는	-12.193904
▁된사실	-12.193932
▁총기	-12.193962
▁과원칙	-12.193963
▁깃발	-12.194054
리언	-12.194055
영국국교회	-12.194077
공무원	-12.194100
▁를원하신다면	-12.194106
▁이르노니	-12.194108
야할필요성	-12.194112
권투	-12.194144
▁1962	-12.194155
밀가루	-12.194256
▁시작해야	-12.194262
▁특이한	-12.194322
었는데요	-12.194472
▁위해선	-12.194562
▁다닐	-12.194599
▁는없지만	-12.194695
▁일어나는지	-12.194727
▁의신비	-12.194733
▁선지	-12.194817
바칠	-12.194911
▁거꾸로	-12.195119
▁않으리라	-12.195119
끈기	-12.195373
무릇	-12.195416
다른언어	-12.195514
았던것	-12.195745
▁취향	-12.195949
▁자네에게	-12.196021
메마른	-12.196053
받아들일것	-12.196293
▁창조하셨	-12.196351
▁따르고	-12.196385
▁그런경우	-12.196442
거라는	-12.196486
▁놓았	-12.196512
시켜서	-12.196858
▁환경을	-12.196905
▁가져야	-12.196919
라는걸	-12.196958
계신것	-12.197024
▁예루살렘에서	-12.197120
▁고려해	-12.197153
▁를들고	-12.197261
하려고노력	-12.197319
썩어	-12.197328
▁시대의	-12.197383
빈칸	-12.197495
▁인도하는	-12.197517
▁냉장고	-12.197575
▁와기타	-12.197633
▁뉴우	-12.197673
콰	-12.197721
Encyclop	-12.197725
▁침대에서	-12.197892
그자매	-12.197953
▁사소한	-12.197970
많아지	-12.198034
흩어져있	-12.198157
▁먹어야	-12.198190
▁패스	-12.198263
▁슈퍼걸	-12.198267
네개	-12.198282
▁권력을	-12.198349
게해주었습니다	-12.198380
복역	-12.198468
eat	-12.198605
엮	-12.198616
▁을찾을수있습니다	-12.198669
▁아름다워	-12.198909
깐	-12.198915
▁후드	-12.198982
▁을어떻게대	-12.198995
금세기	-12.199018
▁없느니라	-12.199067
깊은곳	-12.199169
▁필요하면	-12.199211
▁고개를	-12.199244
따분	-12.199257
▁종들이	-12.199289
거역	-12.199331
▁여인이	-12.199372
▁을걷	-12.199440
▁은혜에	-12.199648
▁을행하고	-12.199689
▁Un	-12.199850
▁의경향	-12.199958
참으로놀라운	-12.200079
▁낳고	-12.200098
▁뒀	-12.200102
▁빛나는	-12.200297
▁에실려	-12.200366
▁기한	-12.200441
으십니까	-12.200460
▁제공합니다	-12.200562
▁하도록하십시오	-12.200660
▁이한말	-12.200795
내몸	-12.200800
지도못하	-12.200832
하지말아야	-12.200846
유사점	-12.200952
▁여성과	-12.200954
▁본질	-12.201011
▁걔들	-12.201123
빠져나가	-12.201144
▁악기	-12.201177
res	-12.201198
▁어쩌고	-12.201256
윽	-12.201346
▁을다한	-12.201401
우주비행사	-12.201445
▁want	-12.201457
▁1955	-12.201602
▁해지는것	-12.201662
장신구	-12.201666
티브	-12.201866
공손	-12.201927
▁목전에	-12.201974
그원인	-12.201976
유럽인	-12.202016
▁과이웃	-12.202095
▁조금이라도	-12.202127
▁매니저	-12.202303
너희중	-12.202336
나이지리아	-12.202461
▁의재산	-12.202467
▁통한	-12.202506
어떻게할수있는가	-12.202531
말라리아	-12.202624
갈라놓	-12.202748
▁심각하게	-12.202861
▁아주머니	-12.202966
TH	-12.202989
가치있는것	-12.203068
▁할수있었읍니다	-12.203085
남겨놓	-12.203212
보는사람	-12.203300
▁거짓말쟁이	-12.203309
▁양변에서	-12.203364
연출	-12.203402
▁할머니가	-12.203537
▁이어야한다	-12.203645
▁을잃었습니다	-12.203659
▁사회에서	-12.203831
들에게도	-12.203867
비디오게임	-12.204117
▁두통	-12.204123
▁댐	-12.204226
▁해봄	-12.204335
았죠	-12.204396
여러명	-12.204521
주셨으며	-12.204557
격동	-12.204618
▁모른다는	-12.204665
▁에달려있다	-12.204802
▁학생들에게	-12.204821
파손	-12.204892
▁없었다면	-12.205138
체육관	-12.205138
깍	-12.205143
메소포타미아	-12.205143
빽빽	-12.205143
▁캡션	-12.205144
타히티	-12.205158
웅덩이	-12.205163
▁왙취타워협회	-12.205174
방침	-12.205204
영적성전	-12.205215
▁이윽고	-12.205222
▁목록에서	-12.205303
▁낸시	-12.205314
▁싶지만	-12.205346
▁근본적인	-12.205514
다녔다	-12.205514
맡겼	-12.205518
▁의출생	-12.205572
살아가면서	-12.205633
ner	-12.205677
명목	-12.205802
▁귀에	-12.205888
▁도하지않	-12.205934
▁애플	-12.205945
▁고든	-12.206164
따르는사람	-12.206244
듀	-12.206382
▁타일	-12.206520
사이트	-12.206545
임신부	-12.206546
가지고있음	-12.206723
▁삼각	-12.206738
▁해버리	-12.206795
바뀌어	-12.206941
사이언스	-12.206956
▁와요한	-12.207144
모욕적	-12.207285
▁해외	-12.207417
빨간	-12.207530
모아서	-12.207900
신발	-12.207915
지않으셨다	-12.207929
▁포함하는	-12.207998
텔레	-12.208003
놨어요	-12.208008
약초	-12.208117
벗겨	-12.208138
very	-12.208232
▁되는경우	-12.208237
기혼	-12.208367
▁있는지를	-12.208523
▁인데도	-12.208778
tra	-12.208832
▁가그토록	-12.208841
ᄋ	-12.208875
▁1953	-12.208875
숯	-12.208875
▁저작권	-12.208877
지도모르	-12.208890
씻겨	-12.209043
하루하루	-12.209074
ern	-12.209095
받을수있	-12.209212
▁가됩니까	-12.209337
▁미팅	-12.209577
▁약분	-12.209733
▁잃었어	-12.209765
▁만세	-12.209928
연옥	-12.210011
▁피해를	-12.210031
전국적	-12.210230
▁는틀림	-12.210237
▁돌릴	-12.210241
▁에처해있다	-12.210242
▁살아야	-12.210287
작은것	-12.210289
▁여겨	-12.210312
▁하지않은사람	-12.210371
코드를	-12.210423
누가복음	-12.210462
▁돌아가고	-12.210495
▁먹었어	-12.210571
▁수밖에	-12.210676
▁발라	-12.210684
▁돌아갔	-12.210693
▁을하고있습니다	-12.210824
▁공동번역	-12.210837
▁이있는가하면	-12.210867
▁에대한충성	-12.211216
성문	-12.211261
▁제사장들	-12.211349
율법계약	-12.211370
기뻐합니다	-12.211383
▁을가졌다	-12.211563
어찌하여	-12.211598
Fr	-12.211604
▁에만도	-12.211818
선데이	-12.211905
▁바라지	-12.211919
▁에대한증거	-12.211961
▁운명이	-12.211990
81	-12.212001
▁지나가는	-12.212109
카테	-12.212122
▁잊고	-12.212293
드러냈	-12.212367
자극제	-12.212473
▁로맨틱	-12.212620
팟	-12.212620
외경심	-12.212624
실험실	-12.212632
▁일하러	-12.212907
▁성별	-12.212964
▁기술의	-12.213024
상영	-12.213136
음탕	-12.213294
▁라고부르는	-12.213313
▁여기있는	-12.213340
▁골절	-12.213511
▁놓으	-12.213552
▁을갖게됩니다	-12.213635
▁믿으라	-12.213737
▁에서처음	-12.213748
86	-12.213758
가리키는	-12.213796
사나운	-12.213856
▁됐네	-12.213857
셨잖아요	-12.213866
계시다는것	-12.213895
부엌	-12.213962
용해	-12.214024
▁대상이	-12.214052
큰축복	-12.214065
요나단	-12.214088
▁매기	-12.214159
▁의일치	-12.214222
얼마나큰	-12.214231
그러한상태	-12.214283
▁일인데	-12.214494
/10	-12.214555
▁를따	-12.214612
▁푹	-12.214749
▁여자랑	-12.214768
▁이전에도	-12.214920
변덕	-12.214944
▁로인해그	-12.215096
▁을받은자	-12.215152
▁사기꾼	-12.215216
▁을예시	-12.215232
구원자	-12.215293
unt	-12.215491
지리적	-12.215524
46	-12.215602
▁놀고	-12.215623
▁에빠지지않	-12.215727
해주지	-12.215799
▁즐길	-12.215892
▁을구해	-12.215901
▁이별로없	-12.215926
줍	-12.215952
▁기독교	-12.216179
▁잤어	-12.216284
이렇게예언	-12.216312
▁울고	-12.216354
▁헷갈리	-12.216379
빔	-12.216379
뺄	-12.216379
필라델피아	-12.216379
캄캄	-12.216387
쓸어	-12.216414
견학	-12.216500
▁크리스틴	-12.216528
좁아	-12.216652
었던사람	-12.216672
▁과의교제	-12.216701
그러한생각	-12.216758
프레스	-12.216775
악취	-12.216785
▁그놈들	-12.216853
레위기	-12.217021
▁의모든부면	-12.217103
뭐라고	-12.217116
▁물질을	-12.217175
혁	-12.217245
해봤는데	-12.217408
가까왔다	-12.217463
ru	-12.217531
▁히여기는	-12.217579
▁환경에서	-12.217674
▁인특성	-12.217870
▁행하며	-12.217906
활짝	-12.217916
다시살	-12.217977
cu	-12.218110
▁부하	-12.218113
▁아니거든	-12.218120
▁프랑스어	-12.218142
레이크	-12.218235
빼놓	-12.218277
탐색	-12.218290
▁대상으로	-12.218312
절망감	-12.218469
클로	-12.218616
는지알아보	-12.218644
심판관	-12.218757
야할때	-12.218803
▁않겠어	-12.218852
달라질	-12.218908
▁너희중	-12.218996
그렇게하였다	-12.219050
▁주시니라	-12.219079
벌인	-12.219167
▁상관없이	-12.219381
▁에응하	-12.219653
생길수	-12.219742
기다리는	-12.219765
▁의하늘왕국	-12.219850
che	-12.219956
▁을찾아가	-12.219972
몇달	-12.220022
▁1951	-12.220153
▁아놀드	-12.220160
코트	-12.220266
너무많은	-12.220291
온종일	-12.220296
▁하는진리	-12.220307
▁공주님	-12.220366
▁발생하는	-12.220381
대결	-12.220416
▁현장에	-12.220421
여겨집니다	-12.220429
구먼	-12.220863
궤양	-12.220870
▁을정하	-12.220965
푸스	-12.221118
게하셨다	-12.221301
아름답	-12.221403
연주자	-12.221507
투우	-12.221536
귀족	-12.221577
▁선형	-12.221650
▁알아봐	-12.221826
인생행로	-12.221838
바꿀수	-12.221944
ml	-12.221964
사위	-12.222109
듬	-12.222152
▁폭풍우	-12.222314
빛나는	-12.222354
▁잘됐네	-12.222486
▁엄마와	-12.222550
▁를당할	-12.222676
해보세요	-12.222733
▁주시며	-12.222797
▁셈이	-12.222861
▁나왔어요	-12.222930
▁세이상	-12.223169
이스라엘민족	-12.223209
▁아래에서	-12.223250
세움	-12.223251
▁나라들	-12.223287
ST	-12.223388
▁결국에는	-12.223412
지못하였읍니다	-12.223680
▁을구하는것	-12.223702
슬러	-12.223734
▁보호자로	-12.223767
▁감사하고	-12.223952
윗부분	-12.224000
협곡	-12.224098
▁킬로미터떨어진	-12.224148
출애굽기	-12.224199
비열	-12.224245
세기에	-12.224309
▁올리버	-12.224345
블로	-12.224371
누워있	-12.224515
▁을누렸습니다	-12.224516
집중적	-12.224757
스러웠	-12.224945
▁을가지고있는사람	-12.225003
▁을배웠다	-12.225039
▁에게특별	-12.225087
닥칠것	-12.225332
▁답장	-12.225378
다섯살	-12.225454
비타민	-12.225577
얻을수있	-12.225679
▁되어야합니다	-12.225952
▁행함	-12.226032
▁동료가	-12.226073
고싶다	-12.226138
순례자	-12.226148
프란	-12.226192
어떤나라	-12.226194
신다는점	-12.226412
▁훈련을	-12.226420
변론	-12.226481
▁합류	-12.226517
▁취약	-12.226666
▁옮기는	-12.226729
불꽃	-12.226762
▁이들중	-12.226956
▁우주에	-12.226960
의료진	-12.227036
▁팀은	-12.227037
▁가반드시	-12.227074
세심	-12.227109
해충	-12.227261
살아남는	-12.227319
▁이야기하는	-12.227461
▁찍을	-12.227544
꿨	-12.227606
파스	-12.227676
▁나오면	-12.227699
딤	-12.227743
코스타리카	-12.227743
▁을더럽히	-12.227749
▁영국인	-12.227805
▁테드	-12.227820
전리품	-12.227843
▁한창조주	-12.227853
▁을배우는것	-12.227869
▁가혹한	-12.227874
▁께가까이가십시오	-12.227879
둘레	-12.227894
알게된것	-12.228032
▁으로이루어져있	-12.228124
▁뜻인지	-12.228160
거랑	-12.228245
느슨	-12.228263
▁에서추방	-12.228272
뉴욕타임즈	-12.228291
▁누구랑	-12.228362
곡선	-12.228378
적이지	-12.228438
▁있었나	-12.228494
▁생리	-12.228727
▁땅과	-12.228732
해외	-12.228757
▁된가정	-12.228807
파선	-12.228854
▁의원님	-12.228874
▁도끼	-12.228890
▁좋았어요	-12.228940
▁이없어지	-12.228960
▁을느껴	-12.228966
했고요	-12.229078
찾아보	-12.229086
고싶어한다	-12.229100
지못하는것	-12.229170
주류	-12.229292
수익	-12.229324
▁알아냈	-12.229445
▁를삼는	-12.229536
▁직업이	-12.229560
모든면	-12.229567
히스기야	-12.229582
전차	-12.229811
십대자녀	-12.229819
얕은	-12.229858
▁속도가	-12.229869
▁를받고있다	-12.229900
▁과반대	-12.229973
▁맡았	-12.229989
신체장애	-12.230208
▁Co	-12.230332
▁시각적	-12.230787
▁을줄수있는	-12.230931
수있겠는가	-12.230937
▁데니스	-12.230954
별자리	-12.230955
▁각하	-12.230977
▁는한때	-12.230985
qu	-12.230998
아는가	-12.231023
▁은우리시대	-12.231038
▁이동합니다	-12.231076
▁을얻는다	-12.231087
탄산	-12.231189
다닙니다	-12.231560
▁의법칙	-12.231581
알아낼수있	-12.231668
색소	-12.231669
▁Le	-12.231797
▁를지어	-12.231861
▁피드백	-12.231864
▁나가지	-12.232036
순교	-12.232087
▁나와요	-12.232187
했는가	-12.232268
▁한오락	-12.232369
▁인지를결정	-12.232575
▁빨아	-12.232874
▁놀리	-12.232888
일어날때	-12.232995
알아보기위해	-12.233031
▁을알지못하	-12.233043
무효	-12.233046
▁되기를	-12.233303
▁이나행동	-12.233304
격언	-12.233449
구상	-12.233500
▁10%	-12.233609
▁경찰서	-12.233659
몇몇사람	-12.233742
▁팁	-12.233771
헨리	-12.233838
▁을하셨습니다	-12.233884
악몽	-12.233932
▁남자애	-12.233963
ger	-12.234007
바꾸어	-12.234088
숨김	-12.234193
▁투입	-12.234287
▁찾아낼	-12.234351
▁직감	-12.234364
▁뉴우스	-12.234453
▁는이점	-12.234528
대기중	-12.234697
도록돕는	-12.234718
진열	-12.234861
▁공간에	-12.234869
한여인	-12.234939
▁삶에서	-12.235061
▁을갖는다	-12.235064
▁된내용	-12.235279
▁네놈	-12.235299
디모데전서	-12.235309
몰랐던	-12.235373
king	-12.235384
▁께서는이러	-12.235387
{0}	-12.235392
깼	-12.235392
코코넛	-12.235392
▁괜찮으세요	-12.235533
르드	-12.235566
언쟁	-12.235585
▁흔들어	-12.235609
▁이있기	-12.235658
▁그러다보니	-12.235747
▁하신창조주	-12.235808
앨버트	-12.235895
▁을내려야	-12.235935
▁가있었읍니다	-12.235985
▁다뤄	-12.236009
▁을흡수	-12.236358
▁께나아가	-12.236415
▁여러분께서	-12.236417
대니얼	-12.236491
돌릴	-12.236664
온갖종류	-12.236795
달려있다	-12.236884
이윤	-12.236924
하룻밤	-12.237340
고린도전서	-12.237374
▁못된	-12.237378
부호	-12.237411
레이션	-12.237444
▁병사들	-12.237451
▁감사할	-12.237462
▁동기화	-12.237484
비판	-12.237567
▁어디든	-12.237581
▁충분해	-12.237667
▁플래시	-12.237685
가까운곳	-12.237811
러시아어	-12.237826
▁구문	-12.238012
시골지역	-12.238094
▁유전자를	-12.238123
▁문으로	-12.238187
▁전제	-12.238283
▁무용	-12.238381
태세	-12.238386
▁나타나지	-12.238415
싣	-12.238486
더빨리	-12.238546
부르며	-12.238585
인간통치	-12.238594
밀집	-12.238619
▁을복용	-12.238712
▁없겠지	-12.238795
정복자	-12.238890
천식	-12.239025
▁라이브러리	-12.239237
▁캘리포오니아	-12.239238
욕구불만	-12.239282
▁을갖게되었다	-12.239386
▁모양을	-12.239402
▁아빠랑	-12.239451
▁된행동	-12.239500
▁가증한	-12.239534
들어보자	-12.239585
▁할수있는방법	-12.239594
전해주	-12.239742
▁경보	-12.239747
▁치않게	-12.239789
▁클라라	-12.239909
려구요	-12.239976
▁현관	-12.240007
▁친구들을	-12.240017
영하	-12.240249
재현	-12.240252
보이며	-12.240431
덧붙이	-12.240479
는데성공	-12.240684
심리	-12.240741
▁을불러일으키	-12.241060
블랙	-12.241349
▁이란말	-12.241538
▁로만들어	-12.241545
▁한분위기	-12.241592
▁가없다면	-12.241593
▁결국엔	-12.241899
▁함수의	-12.241915
스쿠	-12.241985
▁중심에	-12.241989
옳은	-12.242240
왔음을	-12.242247
짖	-12.242311
다닌	-12.242388
ction	-12.242432
황소	-12.242496
진다면	-12.242518
▁뵈	-12.242549
▁해지게	-12.242672
는일없이	-12.242680
합격	-12.242846
다시시작	-12.242866
▁의내부	-12.242883
블리	-12.242891
▁에대해이렇게말	-12.242934
▁를잡아	-12.243031
▁돌아가야	-12.243066
▁드라이버	-12.243098
▁마케팅	-12.243098
스리랑카	-12.243098
잦	-12.243099
▁표제기사	-12.243105
보습	-12.243132
지평선	-12.243149
▁두개골	-12.243231
요양원	-12.243233
다이빙	-12.243522
본능	-12.243524
고등교육	-12.243540
▁할필요성	-12.243617
흰개미	-12.243644
코홀	-12.243827
싶	-12.244022
▁의일환	-12.244058
오염물질	-12.244153
▁해야하였다	-12.244306
▁않았으면	-12.244555
▁부정하는	-12.244568
레위사람	-12.244624
58	-12.244650
허비	-12.244702
나타냈습니다	-12.244740
▁을남용	-12.244762
▁세기전	-12.245008
▁수요일	-12.245036
▁자들에	-12.245116
▁토마토	-12.245133
웹사이트	-12.245262
델라	-12.245321
▁만들려고	-12.245521
▁내리지	-12.245557
된다는사실	-12.245648
창설	-12.245812
모든점	-12.245901
나타날	-12.245982
▁되어있던	-12.246240
져야한다	-12.246454
▁나가자	-12.246458
▁해보았습니다	-12.246537
마저	-12.246631
▁하는대신	-12.246669
IC	-12.246741
▁의영역	-12.246820
경관	-12.246902
▁또한그분	-12.246915
▁휴지통	-12.246978
▁의창시자	-12.246982
초등학교	-12.246987
나트륨	-12.246992
▁할여지	-12.246997
압도적	-12.247019
▁웃는	-12.247041
cy	-12.247080
알아볼수있	-12.247119
▁설령	-12.247166
놓습니다	-12.247166
▁받으소서	-12.247167
▁을택하였	-12.247206
▁이되자	-12.247285
▁her	-12.247292
채찍질	-12.247303
간접적	-12.247362
며칠동안	-12.247472
▁Be	-12.247569
▁주변을	-12.247680
▁바다에서	-12.247736
많았	-12.247743
▁가한말	-12.247819
미묘	-12.247891
지하철	-12.247913
지않으실	-12.248016
▁명성	-12.248134
사라지고	-12.248228
했겠지	-12.248264
ture	-12.248533
있도다	-12.248632
하르	-12.248654
▁하시다	-12.248780
올라오	-12.248805
ray	-12.248981
▁을겪을때	-12.249115
통신원	-12.249176
서독	-12.249192
▁을누렸	-12.249254
▁끝내주	-12.249255
나사렛	-12.249261
아메리카	-12.249310
▁그러세요	-12.249325
▁을좋아하는	-12.249352
마이클	-12.249450
▁보호하여	-12.249493
▁제공할	-12.249563
제네바	-12.249655
▁봤다	-12.249793
패망	-12.249967
ally	-12.250030
많은지역	-12.250035
po	-12.250098
▁대답해	-12.250118
▁위치로	-12.250185
있었으나	-12.250203
구축	-12.250204
38:	-12.250216
위배	-12.250293
용암	-12.250350
▁음료수	-12.250477
▁한특징	-12.250494
▁애굽에서	-12.250521
▁아이에게	-12.250599
불건전	-12.250707
야생생물	-12.250730
ORS	-12.250865
▁에계셨을때	-12.250870
▁에비추어볼때	-12.250885
▁는없읍니다	-12.250938
▁골랐	-12.250947
▁1933	-12.251050
불균형	-12.251066
체결	-12.251122
▁-7	-12.251123
오랜시간	-12.251143
▁소피아	-12.251224
▁연결되	-12.251235
▁를만드는	-12.251270
▁마옵소서	-12.251320
▁주었고	-12.251407
조명	-12.251457
▁축복이	-12.251620
우회	-12.251625
42:	-12.251658
▁성스러운	-12.251666
▁여러분들에게	-12.251734
▁만져	-12.251789
남겨두고	-12.251954
▁하고있다면	-12.252176
바이킹	-12.252258
더필요	-12.252308
블러	-12.252353
계략	-12.252429
주기적	-12.252475
투여	-12.252594
여겨지	-12.252652
▁보기엔	-12.252751
▁인사를	-12.252787
▁기울기는	-12.252805
▁선택지	-12.253012
tic	-12.253086
▁할수있는능력	-12.253259
글쎄	-12.253283
▁에있는모든사람	-12.253571
▁에말려들	-12.253653
lan	-12.253860
▁못한다면	-12.253897
▁리듬	-12.253929
▁사진입니다	-12.253948
드러난	-12.253995
▁괜찮았	-12.254140
르마	-12.254311
로이드	-12.254358
▁빅토리아	-12.254416
▁유예하	-12.254476
여러종류	-12.254478
렀다	-12.254533
왕예수그리스도	-12.254586
쓰여진	-12.254654
퀘	-12.254705
▁프록시	-12.254771
아카데미	-12.254771
▁뭡니까	-12.254772
요세푸스	-12.254772
▁로개종	-12.254850
▁돌아왔어	-12.254887
▁1959	-12.254926
웠어	-12.255035
▁애비	-12.255036
화학약품	-12.255039
누린	-12.255161
▁자들이며	-12.255174
▁하는습관	-12.255239
하신다면	-12.255319
고릴라	-12.255440
천적아버지	-12.255485
43:	-12.255524
의롭고	-12.255610
따랐습니다	-12.255646
해지면	-12.255661
행하라	-12.255715
부각	-12.255746
몸집	-12.255788
▁소거	-12.255865
▁히거하	-12.255966
세계정부	-12.256001
▁에속한것	-12.256192
추진력	-12.256307
▁해보았	-12.256365
교직	-12.256365
▁한전망	-12.256498
게될지모릅니다	-12.256499
수천년	-12.256629
집착	-12.256642
▁장갑	-12.256645
▁불행한	-12.256744
▁알람	-12.256752
경찰서	-12.256818
하느라	-12.256997
dy	-12.257227
▁을갖게되었	-12.257246
하루종일	-12.257262
▁을보게될것	-12.257377
▁을만드는데	-12.257398
정부관리	-12.257404
▁빛의	-12.257406
▁용감한	-12.257467
오랜기간	-12.257541
근년	-12.257579
심이라	-12.257744
▁쏘지	-12.257908
▁없군	-12.257926
▁이라는확신	-12.257973
▁이생깁니	-12.258035
천직	-12.258318
▁에미치는영향	-12.258379
꾸려	-12.258459
부딪치	-12.258531
64	-12.258554
▁공백	-12.258649
▁저걸	-12.258657
닻	-12.258693
▁덧셈	-12.258694
서글픈	-12.258694
탄수화물	-12.258695
가슴설레	-12.258696
게으른	-12.258707
▁시작하지	-12.258709
▁살펴볼	-12.258744
▁플러스	-12.258750
전조	-12.258752
들러	-12.258765
방사성	-12.258809
▁중요하다고	-12.258970
따위	-12.259146
▁와폭력	-12.259180
▁나왔어	-12.259351
일수도	-12.259401
▁의성격	-12.259418
▁에서일어난	-12.259498
▁낮아	-12.259506
부끄러워	-12.259532
▁종에게	-12.259562
는지의여부	-12.259572
▁은그당시	-12.259642
받아들이는사람	-12.259827
▁을받게된다	-12.259865
변동	-12.259885
가르쳤다	-12.259906
▁소용없	-12.259943
▁도표	-12.259946
할수있는것	-12.260124
나쁠	-12.260133
other	-12.260153
찬미	-12.260242
▁뼈를	-12.260365
▁여자들은	-12.260669
▁진정해요	-12.260896
ug	-12.260940
▁당기	-12.260963
박동	-12.261047
덩	-12.261204
굳게잡	-12.261253
▁따라서예수	-12.261259
결혼관계	-12.261263
▁을깨달았	-12.261274
▁를세워	-12.261335
질수록	-12.261424
돌아갔습니다	-12.261507
▁에매달	-12.261722
▁하려고하는	-12.261778
▁함수가	-12.261779
지않았다면	-12.261859
▁시장에	-12.261909
▁완벽해	-12.262100
▁일시	-12.262131
위한그분	-12.262192
▁죽었을	-12.262225
묻혀	-12.262368
▁할책임	-12.262387
다시금	-12.262440
지않으면서	-12.262553
안전감	-12.262589
몄	-12.262630
쬐	-12.262631
▁로여겨	-12.262686
▁얼간이	-12.262718
겹쳐	-12.262724
▁왠지	-12.262739
비밀리	-12.262824
▁털어	-12.262857
▁산소를	-12.262923
알프스	-12.263046
▁해질수있	-12.263052
위반	-12.263122
그러한특성	-12.263163
▁하셨는가	-12.263204
했으니까요	-12.263232
41:	-12.263517
하늘정부	-12.263614
▁같으	-12.263855
있게되었습니다	-12.263955
헤매	-12.264081
▁입히	-12.264105
했군	-12.264136
▁물질이	-12.264171
수녀원	-12.264194
악의적	-12.264222
▁신호가	-12.264312
새겨져있	-12.264312
▁연락이	-12.264316
옹호자	-12.264386
젤리	-12.264480
▁잠금	-12.264643
지마세요	-12.264857
▁할지모르지만	-12.264859
▁의메시야왕국	-12.265019
기압	-12.265059
▁을바친	-12.265128
지말며	-12.265167
▁105	-12.265207
많기때문	-12.265224
▁을바치는	-12.265368
못지않게	-12.265419
▁올게요	-12.265492
▁작업은	-12.265512
창세	-12.265556
▁를받아들였	-12.265573
▁를잊	-12.265658
▁과같은점	-12.265761
▁메타	-12.265820
혐오감	-12.265845
▁를정하	-12.265869
섹스	-12.265952
거니까	-12.265967
내려놓	-12.266022
겠노라	-12.266108
하고있읍니다	-12.266202
▁Pr	-12.266258
▁같으며	-12.266419
8,000	-12.266490
▁이더많	-12.266518
위력	-12.266561
▁비즈니스	-12.266582
▁어쨋든	-12.266582
팻	-12.266582
띤	-12.266583
▁캡틴	-12.266585
알바니아	-12.266593
▁한영향력	-12.266613
▁허약	-12.266753
▁미셸	-12.266819
▁을뚫	-12.266820
▁를만드는데	-12.266933
우린	-12.266954
구호활동	-12.267022
나가는것	-12.267031
▁언어로	-12.267138
▁발로	-12.267162
독생자	-12.267226
▁시켰읍니다	-12.267261
언젠가는	-12.267335
▁를취할	-12.267374
팔려	-12.267387
▁를구출	-12.267409
▁슬로	-12.267422
있다고한다	-12.267450
간결	-12.267590
▁은거의없	-12.267766
▁원인이	-12.267784
▁소령	-12.267962
▁불러요	-12.267967
▁|	-12.268058
▁손목	-12.268264
▁헤어지	-12.268351
할찌니라	-12.268359
중한명	-12.268403
시켰어	-12.268405
▁마셨	-12.268431
마약사용	-12.268449
마음껏	-12.268502
▁모건	-12.268756
굽히	-12.268882
▁적합한	-12.268982
▁에머무르	-12.269101
▁현장에서	-12.269129
▁을받도록	-12.269165
느끼게	-12.269204
91	-12.269233
▁하지못하였	-12.269236
고있었던것	-12.269393
백색	-12.269400
베를린	-12.269413
전혀다른	-12.269544
▁아랫	-12.269574
바쳐진	-12.269584
데려다	-12.269618
킬로	-12.269651
▁봤죠	-12.269675
▁증명해	-12.269735
빤	-12.270031
▁해야할이유	-12.270201
▁넣으	-12.270206
▁아드님	-12.270226
구명	-12.270298
▁이지났	-12.270407
▁옆으로	-12.270461
▁백엔드	-12.270554
▁단축키	-12.270556
▁링컨	-12.270557
뉴스위크	-12.270584
▁1956	-12.270745
▁이받는것	-12.270750
▁시스템에서	-12.270834
열대지방	-12.270837
재발	-12.270878
▁예수님	-12.270887
▁일련의	-12.271132
되겠습니까	-12.271299
▁되지않습니다	-12.271307
돕는자	-12.271415
▁국회	-12.271463
▁라고한다	-12.271475
▁에게전화	-12.271502
시끄러운	-12.271575
묵인	-12.271577
▁만들었다	-12.271616
▁점프	-12.271628
▁검증	-12.271667
▁을일으킨다	-12.271719
원조	-12.271838
▁하려는것	-12.271887
▁시켜주었습니다	-12.272345
렸죠	-12.272352
78	-12.272451
에덴	-12.272505
ting	-12.272669
▁이라고결론	-12.272715
폭우	-12.272740
해줘서	-12.272835
▁있었나요	-12.273089
놀랐	-12.273461
▁바꾸지	-12.273588
▁에게맡기	-12.273703
어렵습니다	-12.273763
▁50%	-12.273844
아니요	-12.273896
▁은오로지	-12.273909
▁에게얼마나	-12.273934
▁으로서우리	-12.274029
소나무	-12.274046
▁어떤가요	-12.274249
▁의일부분	-12.274328
겠읍니다	-12.274390
▁안했어	-12.274435
▁Testament	-12.274535
▁우라늄	-12.274535
▁침팬지	-12.274535
륵	-12.274535
안타깝	-12.274541
▁의핵심	-12.274546
▁갈대아	-12.274566
일부다처	-12.274569
통일	-12.274570
▁을일으킬	-12.274583
▁비명	-12.274611
나가기	-12.274626
불가리아	-12.274673
▁요소를	-12.274689
▁의소원	-12.274698
▁본질적으로	-12.274706
▁라이언	-12.274707
그섬	-12.274707
몰랐다	-12.274733
이야말로	-12.274761
uck	-12.274768
상속재산	-12.274777
▁한순간	-12.274917
▁찾아볼	-12.274926
pi	-12.275044
▁이많았	-12.275071
가능한	-12.275075
▁사이먼	-12.275079
▁혼돈	-12.275136
잡혀	-12.275260
▁하지않으시	-12.275350
▁을나누어주	-12.275351
▁찾게	-12.275382
동경	-12.275419
▁꺼지	-12.275432
십대소녀	-12.275444
▁스위치	-12.275447
▁여성은	-12.275487
PD	-12.275491
훨씬더많은	-12.275550
▁행동은	-12.275640
▁가될수있	-12.275669
▁현상이	-12.275702
▁오빠가	-12.275807
▁모셔	-12.275838
▁알겠네	-12.275951
▁해결책을	-12.276062
바뀌었다	-12.276125
▁를기쁘시게하	-12.276340
▁후반	-12.276379
야할필요	-12.276523
▁을받게됩니다	-12.276616
어서는안됩니다	-12.276834
▁무엇보다도	-12.276842
▁기밀	-12.276933
▁딸은	-12.277078
▁해본다면	-12.277096
생명수	-12.277190
살펴보자	-12.277275
▁현실적	-12.277279
▁이지나면	-12.277280
광활	-12.277301
▁하시지않	-12.277333
▁바래요	-12.277500
잤	-12.277576
라는권고	-12.277589
좋습니다	-12.277953
원료	-12.278049
사랑많은	-12.278205
PA	-12.278211
▁그런후	-12.278255
port	-12.278324
작곡	-12.278378
▁할아버지가	-12.278484
하실수있	-12.278486
뮬	-12.278535
삿	-12.278535
살아온	-12.278560
뉴우요오크타임즈	-12.278569
▁언제든	-12.278600
▁흥미를	-12.278627
▁되었던것	-12.278720
▁얼마일까요	-12.278784
병든사람	-12.278806
▁넓이는	-12.278839
아첨	-12.278870
본연	-12.278922
려는마음	-12.279058
▁로움	-12.279062
▁을저지	-12.279104
약혼	-12.279228
▁하고제자	-12.279270
신권통치	-12.279529
▁을대접	-12.279549
be	-12.279618
▁끝냈	-12.279703
▁을깨달았다	-12.279730
▁용기를	-12.279778
최저	-12.279831
▁곳이죠	-12.279891
▁예증으로	-12.279940
모든악	-12.280069
▁부유한	-12.280101
외관	-12.280452
걸어다니	-12.280524
지에대해	-12.280597
▁이죽으면	-12.280738
▁구현	-12.280768
둔다면	-12.280851
▁초반	-12.280880
내렸다	-12.280903
▁주었노라	-12.280977
▁을받았고	-12.281049
▁계획에	-12.281098
▁을갖게된	-12.281142
▁재미없	-12.281198
▁She	-12.281211
아침식사	-12.281229
수색	-12.281230
믹	-12.281263
▁초대장	-12.281289
입을것	-12.281402
▁드시	-12.281446
받게될	-12.281458
▁지나갈	-12.281572
거구요	-12.281653
찾아보기	-12.281820
스가랴	-12.281838
▁파라오의	-12.281847
법령	-12.281849
this	-12.281864
▁할수없었다	-12.281906
▁지냈어	-12.281914
66	-12.281961
림프	-12.282001
도우려고	-12.282004
내보내	-12.282061
하실때	-12.282120
▁을공경	-12.282214
▁괴물이	-12.282246
▁에걸렸다	-12.282264
▁뒷면	-12.282364
모든창조물	-12.282387
나오지않	-12.282430
▁뜻하는	-12.282484
▁전공	-12.282488
지않았던	-12.282511
궐	-12.282551
콘스탄티누스	-12.282551
▁시리즈	-12.282557
박람회	-12.282562
부러워	-12.282657
칙령	-12.282678
그럴것	-12.282854
▁서울	-12.282857
▁숭배한	-12.282918
▁리사	-12.282965
▁홀리	-12.283155
▁을일으켜	-12.283183
▁믿어야	-12.283186
▁끝나는	-12.283375
캘리포니아주	-12.283417
지않아요	-12.283436
벗어날수있	-12.283457
저항력	-12.283548
토끼	-12.283638
▁의첫번째	-12.283653
모조리	-12.283659
▁주시니	-12.283693
종반열	-12.283792
급수	-12.283946
하우	-12.283972
났어	-12.283978
▁장치가	-12.284081
려고하는것	-12.284193
▁하게되는것	-12.284220
가져가	-12.284395
쌓여	-12.284747
좋은영향	-12.284814
적혀있	-12.284829
사단마귀	-12.284861
정신질환	-12.285149
▁변하는	-12.285282
돌아왔	-12.285330
힘껏	-12.285353
▁에이커	-12.285383
▁내리고	-12.285510
꿀벌	-12.285537
▁알렌	-12.285556
느껴졌	-12.285625
▁얻습니다	-12.285630
마냥	-12.285930
몇차례	-12.286057
app	-12.286077
▁쓸모없	-12.286098
▁요점은	-12.286114
lu	-12.286164
심어주	-12.286208
앨리스	-12.286278
▁결과에	-12.286310
▁대다수가	-12.286315
어린소녀	-12.286323
▁에도계속	-12.286400
▁에있었던일	-12.286576
▁Okay	-12.286583
▁앤더슨	-12.286583
바꿀	-12.286589
▁청컨대	-12.286630
세상끝	-12.286710
쪽끝	-12.286725
▁모이게	-12.286845
지렁이	-12.286852
밝혔습니다	-12.287050
다고확신	-12.287269
비뚤	-12.287346
투사	-12.287359
색상	-12.287389
▁대위	-12.287409
왼손	-12.287505
▁115	-12.287560
▁자보다	-12.287965
놀라운것	-12.288008
▁까먹	-12.288159
어리석은일	-12.288432
▁뿐이었습니다	-12.288508
▁알리라	-12.288596
나쁜교제	-12.288728
유충	-12.288808
▁을돕는일	-12.288835
청지기	-12.288953
▁을기쁘게하	-12.288979
접속	-12.289106
▁할수없읍니다	-12.289178
▁풀기	-12.289185
▁앉은	-12.289188
▁거리며	-12.289372
알아야합니다	-12.289675
▁팔았	-12.289680
꺼리	-12.289768
▁원하고	-12.289786
헛되이	-12.289786
던날	-12.289872
▁삼촌이	-12.289951
말리	-12.289982
▁욕망을	-12.290077
잘라내	-12.290111
▁에살고있습니다	-12.290275
ild	-12.290319
▁자손들이	-12.290362
되니라	-12.290479
▁도있는데	-12.290482
평민	-12.290576
▁왙취타워	-12.290598
번개	-12.290622
니므롯	-12.290632
볶	-12.290632
올빼미	-12.290633
히로시마	-12.290636
▁첫번째로	-12.290708
여러가지면	-12.290710
멋대로	-12.290732
▁챙기	-12.290857
생전	-12.290864
▁에깊은감	-12.291045
▁그럴수	-12.291072
▁순종하는	-12.291220
지배적	-12.291298
▁만났을	-12.291414
▁에빠지게	-12.291437
▁은아니었습니다	-12.291522
발췌	-12.291530
▁을채우	-12.291546
▁누구에게도	-12.291605
▁취했	-12.291612
년까지	-12.291616
▁꿈꾸	-12.291663
목표물	-12.291705
▁한비밀	-12.291726
개방	-12.291774
그렇게하도록	-12.291826
▁을알고있읍니다	-12.291848
깨달을	-12.292014
▁를범한	-12.292025
안테나	-12.292029
▁없었지	-12.292067
ink	-12.292085
▁하고있지만	-12.292336
▁과염소	-12.292432
▁됐는데	-12.292435
▁밖에되지않	-12.292549
▁주머니에	-12.292753
▁돕기	-12.292830
▁캐리	-12.292910
알고계십니다	-12.292924
풍조	-12.292977
▁됐네요	-12.293031
부러지	-12.293056
▁않으셨	-12.293061
▁의백성가운데	-12.293183
쓰러져	-12.293230
두어야	-12.293303
성교	-12.293317
재판소	-12.293356
▁아들에게	-12.293406
물위	-12.293469
▁한의사소통	-12.293572
형제사랑	-12.293601
▁타워	-12.293631
▁프로그램은	-12.293693
▁옳았	-12.293845
즐거워할	-12.293928
느라고	-12.294017
▁에있는그리스도인	-12.294040
지는전한다	-12.294084
서아프리카	-12.294272
신경세포	-12.294283
▁의희생자	-12.294495
고싶었습니다	-12.294523
▁세계적으로	-12.294673
넛	-12.294697
파충류	-12.294698
레이터	-12.294701
오케스트라	-12.294701
▁안젤라	-12.294712
▁마누라	-12.294715
당당	-12.294786
▁받는자	-12.294848
▁나자매	-12.294851
▁에속한다	-12.294956
▁게놈	-12.294991
코프	-12.295122
▁말씀하사	-12.295155
개인적관심	-12.295166
▁벗어나게	-12.295173
참다운평화	-12.295408
▁쓰겠습니다	-12.295508
▁인조처	-12.295553
기다린다	-12.295558
▁을느낀	-12.295586
듣는다	-12.295605
교역	-12.295684
▁기존의	-12.295689
풀려나	-12.295757
▁을더듬	-12.295801
▁싶군요	-12.295829
유목민	-12.295835
▁주차장	-12.295894
▁의불완전성	-12.295956
세척	-12.296014
있게된다	-12.296052
▁피츠	-12.296340
red	-12.296467
개국	-12.296595
버렸지	-12.296598
거짓예언자	-12.296735
괴로워	-12.296777
늘려	-12.296915
인구증가	-12.296994
험담	-12.297000
겠으며	-12.297058
렀습니다	-12.297084
▁알겠지만	-12.297137
골수	-12.297238
▁매독	-12.297287
▁낫지	-12.297464
홉	-12.297621
가닥	-12.297647
-0	-12.297741
두달	-12.297853
말린	-12.297894
▁것들입니다	-12.297923
남북	-12.297998
▁없을거야	-12.298038
▁다르지	-12.298094
▁의고유	-12.298100
하와이	-12.298129
어린나이	-12.298216
▁장소에서	-12.298221
▁괜찮아질	-12.298314
청력	-12.298326
▁평형	-12.298340
빠뜨리	-12.298468
해보십시오	-12.298478
연애	-12.298572
금융	-12.298642
배워알	-12.298757
젼	-12.298777
▁어딨는지	-12.298779
휘파람	-12.298779
포유동물	-12.298781
잊혀지	-12.298825
주겠다	-12.298854
LAT	-12.298876
향수	-12.298950
▁까마귀	-12.298985
삽화참조	-12.299045
조카	-12.299119
dd	-12.299165
ope	-12.299170
지않을경우	-12.299276
▁루디	-12.299397
거의없습니다	-12.299463
지름	-12.299514
심장박동	-12.299648
었을뿐	-12.299654
나올때	-12.299664
하시네요	-12.299672
▁틀림없	-12.299723
▁괜찮을거야	-12.299802
▁을한후	-12.299917
빛깔	-12.300085
▁드세요	-12.300220
더낫	-12.300252
▁가과연	-12.300294
자라나	-12.300358
숭배장소	-12.300756
탈퇴	-12.300780
께선	-12.300781
분쇄	-12.300782
믿어지지않	-12.300841
살아날	-12.300902
▁에관해이렇게말	-12.300993
▁하려는노력	-12.301039
빠짐	-12.301167
다정	-12.301214
얽	-12.301308
▁웃고	-12.301421
▁반가워	-12.301446
모든곳	-12.301457
높은산	-12.301485
기다려야	-12.301496
▁뚫고	-12.301660
▁당했다	-12.301731
갈증	-12.301744
▁보아스	-12.301935
권익	-12.301942
▁몰라서	-12.302121
이례적	-12.302141
▁내게서	-12.302196
44;	-12.302242
▁가없고	-12.302283
▁되지않았습니다	-12.302446
수태	-12.302621
▁일으키는	-12.302654
생겨났다	-12.302672
정박	-12.302744
▁찾아와	-12.302803
지나치	-12.302814
게하였읍니다	-12.302849
슐	-12.302866
찜	-12.302877
▁가리켜	-12.302890
ode	-12.302904
▁않았다고	-12.302993
▁분자를	-12.302996
정하여진	-12.303084
넘치게	-12.303173
신기록	-12.303310
▁말콤	-12.303381
들어갔	-12.303463
▁잘못됐	-12.303495
낼때	-12.303514
마누엘	-12.303658
▁유모	-12.303685
죽였다	-12.303700
▁도가지고	-12.303728
고지대	-12.303742
처치	-12.303775
▁인요소	-12.303942
▁을얻었다	-12.303957
▁폭탄을	-12.303984
▁을얻게되	-12.304104
만들수있다	-12.304113
▁찾아냈	-12.304273
▁와같은것	-12.304374
▁알루미늄	-12.304408
▁편집했습니다	-12.304454
전혀없	-12.304563
▁에대한반응	-12.304841
▁한대우	-12.304931
학교친구	-12.304976
매어	-12.304986
▁를건설	-12.305103
이렇게썼다	-12.305133
이라는책	-12.305223
옛적	-12.305354
▁없도록	-12.305355
▁한인간생명	-12.305364
▁1600	-12.305617
▁모친	-12.305663
▁솔로	-12.305808
간교	-12.305866
▁베풀지	-12.305984
▁얻었습니다	-12.306018
열렸습니다	-12.306089
▁해볼만한	-12.306325
▁을가지고계시	-12.306511
▁를지켜	-12.306609
맷	-12.306824
▁하지만이제	-12.306931
▁버지니아	-12.306997
탱크	-12.307010
간행물	-12.307011
깨어나	-12.307041
▁연인	-12.307082
강권	-12.307138
▁환자에게	-12.307152
만들어졌다	-12.307201
개구리	-12.307228
또다른사람	-12.307268
ost	-12.307296
해주시	-12.307299
▁그러고는	-12.307398
▁감당할	-12.307527
▁갔었	-12.307640
▁을내릴때	-12.307668
갇혔	-12.307887
정사	-12.307896
찔렀	-12.307944
밤중	-12.308020
빨아	-12.308067
▁정답은	-12.308169
로봇	-12.308215
막내	-12.308221
▁분모를	-12.308430
▁다음주	-12.308461
▁한다고해서	-12.308548
버린것	-12.308591
▁주시리라	-12.308788
미혼	-12.309069
▁지켜주	-12.309106
▁537	-12.309161
아니라는점	-12.309255
▁에관하여알려주	-12.309306
더자세히	-12.309338
매입	-12.309415
수있을정도	-12.309452
매월	-12.309617
가족중	-12.309646
슬라	-12.309647
성취감	-12.309652
언행	-12.309723
▁36:	-12.309756
어조	-12.309756
집권	-12.309869
좋고	-12.309951
▁바다로	-12.309969
▁말리	-12.310006
바르고	-12.310184
단식	-12.310381
예외적	-12.310397
▁보다더나은	-12.310452
이단자	-12.310488
섞여	-12.310652
핍	-12.310710
다룰	-12.310767
▁의자에	-12.310932
▁분동안	-12.311061
쏠	-12.311089
수줍음	-12.311159
▁기하학	-12.311216
도울것	-12.311216
▁사람이라고	-12.311232
▁1964	-12.311270
혼전성관계	-12.311520
▁몸에서	-12.311527
▁분홍색	-12.311534
하셔서	-12.311584
▁믿게	-12.311684
▁하셨지만	-12.311852
▁알아봅시다	-12.311986
▁공경하	-12.312037
드러났다	-12.312037
▁을잡고	-12.312065
62	-12.312180
뤄	-12.312215
▁세울	-12.312253
▁here	-12.312282
▁남게	-12.312298
▁부터시작	-12.312394
▁요구하지	-12.312419
▁겁나	-12.312543
져있습니다	-12.312580
▁오하이오	-12.312593
▁OF	-12.312620
그날밤	-12.312623
론토스타	-12.312686
하기위한	-12.312768
▁하지말라고	-12.312851
마이크	-12.312908
상용	-12.313055
▁드려요	-12.313083
▁하시는지	-12.313090
해야한다고	-12.313243
범한	-12.313258
▁천국의	-12.313321
생사	-12.313340
▁어쨌	-12.313374
▁인간으로	-12.313383
힘들어	-12.313519
▁직선의	-12.313581
이외의	-12.313622
사마리아인	-12.313666
농민	-12.313762
▁신앙인	-12.313804
42	-12.313814
▁God	-12.313876
주먹	-12.314033
▁해온것	-12.314109
많은문제	-12.314223
▁위치한	-12.314361
지않아서	-12.314375
들어갔습니다	-12.314378
이렇게결론	-12.314403
▁의의도	-12.314412
그러하였습니다	-12.314507
자처	-12.314514
볍	-12.314678
란드	-12.314684
알필요	-12.314722
ID	-12.314748
다시한	-12.314857
▁Sh	-12.314860
▁마음과	-12.314934
살피고	-12.314937
▁자식을	-12.315022
바라볼	-12.315098
자로써	-12.315269
▁천연두	-12.315310
▁Well	-12.315434
우쭐	-12.315435
▁엄만	-12.315621
▁기기	-12.315714
▁나아가서	-12.315767
역전	-12.315767
묵시	-12.315860
그리스도인봉사자	-12.315891
터키	-12.315956
환각제	-12.315973
▁데서	-12.315983
계획표	-12.316013
▁넣으면	-12.316117
기침	-12.316210
상표	-12.316213
느꼈던	-12.316223
옳은것	-12.316279
문화적	-12.316370
og	-12.316588
되었음을	-12.316610
먹으면	-12.316612
들었어요	-12.316616
▁을받았습니까	-12.316705
더깊이	-12.316745
셨나니	-12.316843
▁히살수있다	-12.316864
▁법도	-12.316898
불태워	-12.316900
▁녹화	-12.316926
마늘	-12.317050
▁에게임하	-12.317059
기다리면서	-12.317105
생략	-12.317195
▁무엇인가를	-12.317289
▁께서는친히	-12.317355
즐겁고	-12.317387
무감각	-12.317416
만났을때	-12.317520
han	-12.317554
수월	-12.317554
▁될거에요	-12.317702
▁지랄	-12.317803
▁회사에서	-12.317913
RI	-12.318015
깊은사랑	-12.318130
여럿	-12.318143
▁베이스	-12.318205
▁말했을	-12.318242
보람있는	-12.318350
▁형제들이	-12.318524
▁하여보라	-12.318536
63	-12.318703
보았으며	-12.318794
▁제자들이	-12.318811
꺼려	-12.319098
▁과도같은	-12.319216
평론	-12.319294
탠	-12.319304
감람	-12.319354
뚱뚱	-12.319369
껌	-12.319440
NAME	-12.319441
▁TRANS	-12.319441
▁Yeah	-12.319441
베네수엘라	-12.319441
얼마안가서	-12.319445
바빴	-12.319462
전립선	-12.319529
했더라면	-12.319593
알게되면	-12.319763
▁만지지	-12.319809
▁표현하는	-12.319813
▁가득한	-12.319863
나타날것	-12.319912
당첨	-12.319990
af	-12.320030
▁작게	-12.320104
az	-12.320167
▁양성	-12.320273
▁같으니라	-12.320369
진료소	-12.320380
ins	-12.320434
열렸다	-12.320558
건드리	-12.320689
▁받았는데	-12.320772
없다는사실	-12.320773
▁않으니까	-12.320782
상상력	-12.320858
해주셨습니다	-12.320860
▁시작하자	-12.320956
족보	-12.321020
72	-12.321068
▁제사	-12.321120
▁을당하였습니다	-12.321132
▁본적이	-12.321151
▁속옷	-12.321156
질주	-12.321210
▁자석	-12.321496
▁Se	-12.321541
동료숭배자	-12.321551
▁완벽하	-12.321589
▁부당하	-12.321590
▁생각한다면	-12.321676
베드로전서	-12.321700
같습니까	-12.321748
▁않았는데	-12.321815
니깐요	-12.321918
▁쓰게	-12.321936
알게되었	-12.322400
▁에대한해결책	-12.322438
현혹	-12.322464
▁부족한	-12.322495
여러분자신	-12.322802
▁그러던	-12.322860
게되었는지	-12.322883
▁있을거라	-12.323086
set	-12.323093
브스	-12.323112
겠는지	-12.323237
▁도래하	-12.323297
열두살	-12.323318
지않을까	-12.323365
▁원하면	-12.323495
참으로행복	-12.323586
일깨워주	-12.323624
▁아티스트	-12.323626
달팽이	-12.323646
뭉클	-12.323659
보통사람	-12.323708
즐긴다	-12.323758
명명	-12.323850
▁요구하는	-12.323853
나온것	-12.323910
▁을알고있었다	-12.323919
암흑	-12.323992
걸릴것	-12.324026
가장좋은방법	-12.324125
지않을수	-12.324177
▁남성과	-12.324183
음이니라	-12.324237
유입	-12.324286
▁시켜줄것	-12.324307
▁베풀었	-12.324392
ds	-12.324433
저마다	-12.324467
자진성	-12.324468
가르칠수있	-12.324562
▁입다	-12.324617
▁풍부한	-12.324720
▁을얻으리라	-12.324851
세속일	-12.324923
gh	-12.324924
살며	-12.325038
가족숭배	-12.325132
동전	-12.325307
▁죽으	-12.325375
▁없겠죠	-12.325378
피아노	-12.325453
났고	-12.325550
▁누구라도	-12.325554
▁남자들이	-12.325871
델리	-12.326019
니언	-12.326035
▁올리고	-12.326061
▁유죄	-12.326335
▁있다구요	-12.326372
바치는것	-12.326427
▁행하지	-12.326433
취직	-12.326480
투구	-12.326511
▁예수회	-12.326619
▁바라보는	-12.326633
믿을수	-12.326790
육군	-12.326894
▁무릎을	-12.326918
▁재밌어	-12.327040
▁의물결	-12.327059
해보자	-12.327178
▁공정한	-12.327375
태생	-12.327418
너무도	-12.327428
그리스도인자매	-12.327470
파란	-12.327489
떴	-12.327826
댕	-12.327826
▁패키지	-12.327842
뉴욕주	-12.327868
야겠군	-12.327892
▁어쩐	-12.327894
▁놔둬	-12.327912
▁객체	-12.327955
▁주지사	-12.327967
나그네	-12.328075
기혼자	-12.328132
박혀있	-12.328212
해준것	-12.328212
어야하는가	-12.328287
우세	-12.328302
깊은존경심	-12.328351
▁잡았다	-12.328359
▁가족에게	-12.328464
살아남아	-12.328483
▁을알게되었읍니다	-12.328565
▁종말이	-12.328574
통념	-12.328624
▁가아니었다	-12.328640
▁환자분	-12.328643
▁노벨	-12.328648
암살	-12.328670
▁프라	-12.328749
=0	-12.328838
알수있는	-12.328856
단연	-12.328991
재개	-12.329062
▁반대쪽	-12.329141
으셨으며	-12.329141
아주잘	-12.329169
좋은점	-12.329227
기다렸다	-12.329472
▁곳이야	-12.329520
▁금지된	-12.329577
셨지요	-12.329679
▁겪어	-12.329729
하지아니하	-12.329823
업신여기	-12.329873
하지않으면	-12.329909
이루어지는	-12.329999
인거죠	-12.330041
산책	-12.330192
ton	-12.330283
지않으십니다	-12.330284
▁과행실	-12.330300
향유	-12.330305
▁노력하는	-12.330353
방영	-12.330359
▁뿐이었다	-12.330571
▁반대하는	-12.330705
갈라진	-12.330705
▁를빼	-12.330827
기뻐하시는	-12.331026
▁나가면	-12.331098
쓸수있	-12.331159
▁웃긴	-12.331200
친지	-12.331380
▁너비	-12.331417
휩싸	-12.331552
노트	-12.331570
네이웃	-12.331791
점심	-12.331809
찢	-12.331837
신봉	-12.331875
쭈	-12.332045
내셔널	-12.332051
quot	-12.332061
▁동등한	-12.332193
타국인	-12.332211
무기력	-12.332235
미성년자	-12.332242
▁정책을	-12.332343
인공위성	-12.332356
ᄂ	-12.332452
그러한점	-12.332464
▁미란다	-12.332521
▁지속적으로	-12.332545
깜박	-12.332555
▁아빤	-12.332580
▁시켜줄	-12.332593
ue	-12.332704
적대감	-12.332836
▁을가져왔	-12.332859
괜찮아	-12.332932
▁어떠세요	-12.333128
▁다루고	-12.333175
초인간적	-12.333427
▁는물론	-12.333445
52	-12.333448
어떻게알수있	-12.333696
▁을바꾸어	-12.333872
▁이렇게해서	-12.333939
▁거군요	-12.333949
추상적	-12.334053
▁아너희	-12.334170
위험요소	-12.334197
▁놀래	-12.334231
▁없단	-12.334374
알레	-12.334409
▁발목	-12.334541
ort	-12.334585
▁를좋아하는	-12.334642
▁예를들어	-12.334694
호전적	-12.334793
광물	-12.334905
가져야합니까	-12.334973
▁포함하고	-12.335070
떠맡	-12.335129
사라졌습니다	-12.335168
단조	-12.335326
지친	-12.335337
깨달아	-12.335350
염분	-12.335356
▁을주고받	-12.335383
지않았고	-12.335612
밴	-12.335684
▁에이른다	-12.335687
▁나아와	-12.335713
고린도후서	-12.335752
거칠게	-12.335786
▁Ar	-12.335811
▁보시고	-12.336054
몸매	-12.336122
경력	-12.336150
우산	-12.336175
▁르우벤	-12.336283
▁title	-12.336284
▁스마트	-12.336300
앤드루	-12.336372
및다른	-12.336383
▁지루한	-12.336460
▁앉으세요	-12.336590
만이라도	-12.336600
머리카락	-12.336801
▁부분으로	-12.336808
▁삼일	-12.336870
태어날때	-12.336885
지말것	-12.336886
▁영업	-12.336899
생소	-12.336964
알아두	-12.336980
흰색	-12.337034
점성가	-12.337050
▁되고있는것	-12.337223
▁이나된다	-12.337237
굴뚝	-12.337251
부끄럽	-12.337275
참가자	-12.337292
그렇게할것	-12.337323
각오	-12.337500
2,000	-12.337642
할수있었습니다	-12.337752
▁세계적인	-12.337868
▁가있는곳	-12.337941
고싶어요	-12.337954
꾸며낸	-12.338024
▁열쇠를	-12.338158
▁개념이	-12.338176
그리스도인활동	-12.338281
집밖	-12.338360
▁they	-12.338412
변종	-12.338413
▁부처	-12.338449
▁이런식으로	-12.338552
▁히권하	-12.338633
▁에달한다	-12.338662
라그리하면	-12.338679
▁커버	-12.338801
▁저장소	-12.338823
민주주의	-12.338908
American	-12.338910
쁠	-12.338979
나오미	-12.339126
둘것	-12.339252
우선적	-12.339272
할수있으며	-12.339386
Ge	-12.339426
▁엘리스	-12.339435
환생	-12.339469
▁거주하	-12.339504
노선	-12.339585
파울	-12.339585
▁바보같은	-12.339610
▁를보내신	-12.339718
▁해지기	-12.339843
면어떻게할	-12.340024
▁달라요	-12.340035
충실성	-12.340281
기쁜일	-12.340297
거짓말장이	-12.340379
▁을숨기	-12.340393
킵	-12.340400
▁를올바로	-12.340446
밀어내	-12.340457
▁에응한	-12.340495
▁율례	-12.340544
안디옥	-12.340560
자진봉사자	-12.340583
아말렉	-12.340585
▁의첫조상	-12.340600
▁풀어봅시다	-12.340678
▁말씀드린	-12.340718
상하게	-12.340753
▁을얻으려면	-12.340940
지성소	-12.340958
▁으로만들어	-12.340997
채운	-12.341052
추종	-12.341066
▁없거든	-12.341074
에따르면	-12.341179
▁소개해	-12.341231
의과대학	-12.341240
▁행사를	-12.341592
▁그러면서도	-12.341624
낮게	-12.341722
▁만있다면	-12.341791
▁옆에서	-12.341801
닉스	-12.341955
▁화내	-12.342391
▁받도록	-12.342402
열성	-12.342417
▁위층	-12.342462
제멋대로	-12.342535
▁모르시	-12.342587
▁잘난	-12.342736
▁남자들은	-12.342803
▁에잠기	-12.342835
독자적	-12.342880
보았지만	-12.342924
브룩	-12.342983
매번	-12.343242
소아시아	-12.343349
▁생각했지	-12.343609
모압	-12.343650
토막	-12.343669
타이어	-12.343670
▁보냈어	-12.343783
간염	-12.343794
부끄럽게	-12.343811
▁을알게되면	-12.343870
브리지	-12.343929
▁지었다	-12.343987
▁해야겠다	-12.344008
힐수있	-12.344043
거라면	-12.344198
열명	-12.344210
▁상상도	-12.344296
ical	-12.344309
괴롭혔	-12.344310
셨을것	-12.344421
▁주었으니	-12.344469
려고한다	-12.344543
묶어	-12.344649
먹습니다	-12.344781
▁부하들	-12.344806
사무총장	-12.344811
▁벤자민	-12.344813
▁옵션이	-12.344853
▁을기울인	-12.344863
계속유지	-12.344906
사생아	-12.344949
▁1922	-12.344993
선교여행	-12.345016
했다고요	-12.345073
▁부름에	-12.345089
활주로	-12.345100
▁영어로	-12.345325
에녹	-12.345371
▁애리조나	-12.345440
▁색칠	-12.345600
▁존슨	-12.345777
뻐	-12.345881
세미나	-12.345934
▁에이른	-12.346009
▁을삼가	-12.346029
벌집	-12.346070
낡	-12.346084
광합성	-12.346091
▁공유하고	-12.346203
35;	-12.346272
세상상태	-12.346273
황홀	-12.346323
▁해야했습니다	-12.346344
하고나면	-12.346392
▁선택합니다	-12.346469
▁하곤하였다	-12.346548
▁손님이	-12.346724
▁을얻게됩니다	-12.346800
오셨다	-12.347065
▁께서하신말씀	-12.347113
뱃속	-12.347255
해줘요	-12.347401
▁했었지	-12.347564
사유	-12.347818
어려운시기	-12.347903
St	-12.347980
▁신분증	-12.348059
▁대학에서	-12.348156
▁처럼사랑	-12.348244
▁아니겠지	-12.348420
▁하게하는일	-12.348451
쩌	-12.348826
▁이러므로	-12.348833
먹었습니다	-12.348880
많은증인	-12.349091
▁프랭키	-12.349104
싯	-12.349104
이스르엘	-12.349104
▁ATP	-12.349108
이런저런	-12.349118
보일때	-12.349122
ty	-12.349134
▁타겟	-12.349199
▁1952	-12.349243
▁신선한	-12.349279
▁but	-12.349360
내립니다	-12.349389
▁단계에서	-12.349392
선교활동	-12.349406
아니라는사실	-12.349460
▁말해봐요	-12.349520
▁지옥을	-12.349585
▁을아시	-12.349670
오크	-12.349677
▁에서열린대회	-12.349744
영적건강	-12.349752
옮긴	-12.349824
뭘	-12.349957
▁되는거죠	-12.350010
억누르	-12.350028
▁익명	-12.350166
부식	-12.350176
▁종양이	-12.350337
게되어있었습니다	-12.350412
▁가있지만	-12.350582
▁같애	-12.350696
▁지원하는	-12.350928
▁만한다면	-12.350980
훔쳐	-12.350980
시킨다	-12.350987
▁않으려	-12.351046
성공회	-12.351077
▁화살표	-12.351294
▁사용됩니다	-12.351390
▁조언을	-12.351401
▁가능성은	-12.351439
생활수준	-12.351439
▁호모	-12.351530
왕국봉사	-12.351569
att	-12.351602
라이프	-12.351743
크게기뻐	-12.351786
▁를가질수있	-12.351821
▁는있지만	-12.351927
▁과활력	-12.351986
▁을읽어주	-12.352119
▁분야에	-12.352377
▁으로되어있	-12.352468
지성적	-12.352622
형체	-12.352724
주어야합니다	-12.352813
▁기반으로	-12.353007
▁하게되기	-12.353009
큰문제	-12.353028
▁기업을	-12.353048
rr	-12.353215
교회성원	-12.353255
받지못한	-12.353367
므깃도	-12.353415
쟈	-12.353415
트렁크	-12.353415
▁을가리킨다	-12.353416
▁를향하여	-12.353456
기저귀	-12.353502
흡족	-12.353505
▁태양과	-12.353522
▁밑변	-12.353625
▁에빠져들	-12.353677
나타나서	-12.353742
그동일	-12.353838
able	-12.353857
무활동	-12.353889
▁에대한기록	-12.353998
▁장비를	-12.354043
▁봤다고	-12.354052
▁를집중	-12.354081
여겨진다	-12.354217
흐리	-12.354293
▁누르고	-12.354314
느헤미야	-12.354381
▁멀리서	-12.354390
받을자격	-12.354503
살펴본바	-12.354535
달라붙	-12.354665
▁을주셨다	-12.354674
▁오늘날그리스도인	-12.354679
올바른견해	-12.354692
▁받은증인	-12.354859
▁를얻어	-12.354877
왕노릇	-12.355010
▁일이라고	-12.355126
▁쉬고	-12.355134
범죄행위	-12.355170
그러한믿음	-12.355212
개정	-12.355239
▁을하든지	-12.355277
▁질문입니다	-12.355301
▁걸리지	-12.355404
▁연결하는	-12.355558
다른형태	-12.355699
▁이끄는	-12.355742
▁비활성화	-12.355799
▁못하리니	-12.355879
▁정상적인	-12.355912
▁하게되었으며	-12.356219
왕실	-12.356292
열흘	-12.356296
▁제거할	-12.356373
▁작성자	-12.356503
▁을배울수있습니다	-12.356765
▁해주셨	-12.356888
막힌	-12.356895
었으되	-12.356987
가운데일부	-12.357089
갈구	-12.357142
▁용서하여	-12.357215
동료일꾼	-12.357265
야하는지를	-12.357336
▁지정된	-12.357377
▁승리라	-12.357551
재판장	-12.357609
▁나한텐	-12.357681
월경	-12.357714
캥거루	-12.357743
▁갤런	-12.357745
▁불행히도	-12.357745
역설	-12.357752
먼거리	-12.357782
▁흔들리	-12.357796
재림	-12.357988
스박사	-12.358066
연극	-12.358084
▁울지	-12.358150
▁출전	-12.358172
돌이켜보면	-12.358189
친위대	-12.358202
기념비	-12.358227
절감	-12.358320
▁기르	-12.358341
▁을읽게됩니다	-12.358433
휴대용	-12.358574
알고있는것	-12.358651
MB	-12.358665
▁래리	-12.358698
안식처	-12.358895
리처드	-12.358914
받을것	-12.358952
혼자있	-12.359000
▁아내에게	-12.359053
▁시체가	-12.359118
주실수있	-12.359121
ata	-12.359205
의학계	-12.359222
보호책	-12.359238
읽어보면	-12.359282
우림	-12.359293
죽으셨	-12.359321
기다릴	-12.359324
▁끝이야	-12.359367
▁있노	-12.359433
▁줘봐	-12.359487
치즈	-12.359608
경시	-12.359704
선언문	-12.359739
▁가능할	-12.359748
혈육	-12.359797
모든백성	-12.359824
사라질	-12.359928
▁반전	-12.360038
▁아니하니라	-12.360113
작은마을	-12.360136
체험담	-12.360374
결의문	-12.360407
▁방정식이	-12.360437
▁로받아들이	-12.360558
▁를맞추	-12.360573
▁에띄게	-12.360636
▁치않고	-12.360772
▁인해결책	-12.360927
▁떠오르는	-12.361007
효율성	-12.361131
▁제외하고	-12.361200
최근호	-12.361201
덧붙였습니다	-12.361275
▁방백들	-12.361300
는지를알	-12.361341
찢어	-12.361453
하겠는가	-12.361537
▁거라고요	-12.361549
그렇지	-12.361600
▁언제까지	-12.361670
▁을가리키는것	-12.361794
▁넣은	-12.361827
의로운신세계	-12.361838
내렸습니다	-12.361895
선회	-12.361916
데다가	-12.362041
안타까운	-12.362090
핥	-12.362091
▁괴짜	-12.362147
게헨나	-12.362150
부리는	-12.362307
▁를끼치	-12.362373
고자합니다	-12.362398
▁를원하십니다	-12.362439
▁밀턴	-12.362439
▁이끝난후	-12.362503
▁만들죠	-12.362660
▁그러면어떻게	-12.362713
종속	-12.362720
▁고맙소	-12.362861
▁가될수있습니다	-12.362909
기분전환	-12.363018
주식	-12.363031
그리스도인형제자매	-12.363093
format	-12.363121
▁빅터	-12.363199
▁누군가에게	-12.363255
▁써보	-12.363272
▁해볼필요	-12.363283
우크라이나	-12.363287
평생동안	-12.363319
더구나	-12.363423
에스더	-12.363430
에관해	-12.363787
편만	-12.363891
▁1,500	-12.363913
▁곱할	-12.363987
성적인	-12.363993
얕	-12.364034
당원	-12.364150
노동력	-12.364223
산염	-12.364232
떠있	-12.364332
▁떠나야	-12.364357
▁하기쉬운	-12.364449
높았	-12.364500
비대	-12.364553
읽어주	-12.364667
▁하고계십니다	-12.364733
내뿜	-12.364833
았으니	-12.364834
▁전적으로	-12.364868
꾸미	-12.364893
지못한것	-12.364947
▁냄새를	-12.365026
▁을좇	-12.365051
▁사용될	-12.365114
묘한	-12.365233
메시야왕국	-12.365359
었다는사실	-12.365399
카시	-12.365535
참으로하나님	-12.365539
바닷	-12.365633
빠지고	-12.365691
▁마감	-12.365724
상륙	-12.365809
▁하던사람	-12.365879
데도불구하고	-12.366023
▁지구에서	-12.366028
크고작은	-12.366084
주최	-12.366135
▁과정에	-12.366356
썬	-12.366440
▁에게이르노니	-12.366458
▁케프너	-12.366458
탁아소	-12.366459
조슈아	-12.366478
▁핑크	-12.366491
▁치명적인	-12.366554
어렵지않	-12.366661
촌락	-12.366788
되기때문	-12.366797
▁주황색	-12.366923
▁분께	-12.366996
져야할	-12.367101
습성	-12.367174
▁2013	-12.367232
꾸민	-12.367269
야훼	-12.367493
▁하늘로	-12.367511
진압	-12.367597
셨으므로	-12.367639
어려운문제	-12.367643
▁총알이	-12.367703
▁않는데	-12.367786
GB	-12.367831
규례	-12.367851
행하도록	-12.367865
▁보호하기	-12.367900
우주주권자	-12.367900
bu	-12.368002
▁과의사소통	-12.368455
▁시키신	-12.368506
▁을얻게하려	-12.368653
▁롭게되	-12.368808
▁마스터	-12.368845
▁불러올	-12.368857
▁말하도다	-12.369175
없어진	-12.369188
분화	-12.369246
▁인지를알	-12.369251
▁으로들어오	-12.369443
하렴	-12.369711
동독	-12.369781
프라하	-12.369861
하겠소	-12.369944
돌연	-12.370315
tri	-12.370358
사료	-12.370364
▁맡고	-12.370376
있었어	-12.370514
▁보다높	-12.370568
짧아	-12.370630
▁돌리는	-12.370655
ki	-12.370684
룹	-12.370697
갯	-12.370731
악령	-12.370819
아르메니아	-12.370844
컨테이너	-12.370844
전시간복음전파자	-12.370875
접합	-12.370924
알수있듯이	-12.370983
테두리	-12.371032
▁설명하는	-12.371040
카스트	-12.371071
줄어드는	-12.371077
▁향하는	-12.371297
날리	-12.371348
▁그렇군	-12.371457
현지어	-12.371494
물방울	-12.371678
/100	-12.371708
여러가지문제	-12.371766
▁숨길	-12.371834
왕국통치아래	-12.371847
▁을믿는다	-12.371925
자란다	-12.371929
▁없나이다	-12.372050
도덕표준	-12.372148
필리핀	-12.372278
ness	-12.372345
지않겠다고	-12.372414
휴대	-12.372469
시간제	-12.372522
협박	-12.372561
▁아무거나	-12.372679
▁왔나	-12.372808
겨져	-12.373013
▁으로향하	-12.373016
▁이라고부른다	-12.373137
▁섹시한	-12.373141
더럽혀	-12.373239
가속화	-12.373249
비문	-12.373280
끼칠	-12.373283
고고학적	-12.373328
▁맛있는	-12.373458
▁분노를	-12.373599
▁생각하죠	-12.373684
하지않는것	-12.373687
▁있구나	-12.373723
있지않습니까	-12.373898
▁해주십니다	-12.373952
▁시간이야	-12.374123
▁과학자들은	-12.374193
▁있었네	-12.374207
▁버티	-12.374368
▁을막기위해	-12.374589
그렇게하였습니다	-12.374671
인쇄물	-12.374759
▁를제어	-12.374804
양념	-12.374966
▁계셔	-12.374979
▁곱해야	-12.375067
밟	-12.375196
▁환각	-12.375199
▁프로그래밍	-12.375249
테트라그람마톤	-12.375249
▁벌어질	-12.375283
▁을읽을수있	-12.375303
감람나무	-12.375426
▁사랑한다고	-12.375466
보시오	-12.375685
▁whats	-12.375715
▁마술에	-12.375800
다짐	-12.375865
▁지금쯤	-12.375874
지아니하시	-12.376054
공학자	-12.376109
햇살	-12.376152
▁제시카	-12.376219
처사	-12.376366
▁마시지	-12.376476
어떻게해야하는가	-12.376615
의견차이	-12.376753
▁만들었고	-12.376754
▁만나지	-12.376784
낙관	-12.376792
▁행치	-12.376858
키루스	-12.376873
▁를살펴보면	-12.376904
갑시다	-12.377123
알코올중독자	-12.377131
가르치는데	-12.377154
▁시켰으며	-12.377376
▁여종	-12.377403
수년동안	-12.377407
▁하신친절	-12.377474
보험회사	-12.377536
수액	-12.377833
▁거였어	-12.377857
교부	-12.377857
▁인내하는	-12.377959
고쳐주	-12.377974
납작	-12.377985
▁들어가라	-12.378020
안드레	-12.378120
▁의도덕표준	-12.378214
개량	-12.378245
개인용	-12.378263
▁당신이랑	-12.378284
잊어버렸	-12.378334
지킬	-12.378405
날아침	-12.378406
▁2500	-12.378412
▁누구보다	-12.378554
주셔야	-12.378556
▁을피하고	-12.378690
과학계	-12.378802
골라	-12.378805
높은표준	-12.378904
발송	-12.379178
갈수있는	-12.379275
▁자기에게	-12.379319
수직	-12.379502
여건	-12.379626
▁하려고하지않	-12.379666
툭	-12.379673
빌레몬	-12.379675
숨겨진	-12.379675
▁을저질렀	-12.379678
까다로운	-12.379678
캐롤라이나	-12.379678
▁버텨	-12.379679
찌꺼기	-12.379685
▁아이러니	-12.379703
▁right	-12.379716
하고있었습니다	-12.379717
▁배고파	-12.379718
▁이블리스	-12.379723
▁을만들어내	-12.379873
미신적	-12.379877
부정확	-12.380016
그리스도인생활	-12.380128
선두	-12.380187
입안	-12.380541
▁틀림없이	-12.380720
▁로보아	-12.380735
▁회개하고	-12.380735
먹었다	-12.380843
승려	-12.380956
멕시코시티	-12.381020
엘과	-12.381078
내려와	-12.381112
▁대항하	-12.381113
광채	-12.381130
▁심볼	-12.381134
젊은시절	-12.381209
했니	-12.381242
참혹	-12.381415
▁하고있고	-12.381552
▁새도록	-12.381627
은퇴	-12.381644
목전	-12.381841
여러달동안	-12.382074
▁하고있다는사실	-12.382134
▁을받을필요	-12.382488
거군	-12.382517
▁만마리	-12.382954
대표적	-12.382958
할수없는일	-12.383025
▁을기쁘시게하는	-12.383069
성서시대	-12.383192
져왔습니다	-12.383208
▁죽겠	-12.383288
▁엠마	-12.383332
▁을빌려	-12.383379
진척	-12.383398
바꾼	-12.383405
보잘것없는	-12.383498
보기위해	-12.383761
게되었지요	-12.383870
ney	-12.383879
콥	-12.384100
▁ABC	-12.384102
팜	-12.384118
▁의소문이야기	-12.384122
▁어딘지	-12.384134
▁트윗	-12.384161
▁마찬가지입니다	-12.384162
성서연구보조서	-12.384176
▁맥박	-12.384179
개정판	-12.384315
▁이지난지금	-12.384361
▁Hey	-12.384479
▁아시노라	-12.384530
▁어딨어요	-12.384531
나타내셨	-12.384685
▁걱정하는	-12.384702
덤불	-12.384827
안도감	-12.384849
기계적	-12.384881
▁포함되어	-12.384925
말뚝	-12.385031
▁역대하	-12.385048
▁서오는	-12.385070
▁양식이	-12.385156
단번	-12.385257
▁음모를	-12.385385
값싼	-12.385403
▁하지못합니다	-12.385657
해보겠습니다	-12.385824
방황	-12.385841
▁하여이렇게말	-12.386200
▁일어났던	-12.386354
순간적	-12.386440
걸러	-12.386750
침범	-12.386850
언론	-12.386923
여섯째	-12.387012
▁해결해	-12.387016
▁이라곤	-12.387100
그녀는	-12.387247
ove	-12.387273
돕는것	-12.387362
▁이될만한	-12.387434
▁생각하는데	-12.387544
있을수있는	-12.387589
▁아니거늘	-12.387655
▁다쳤	-12.387809
남자친구	-12.387888
iz	-12.387918
선구자	-12.388120
희년	-12.388153
교황청	-12.388226
▁크거나	-12.388264
끽	-12.388471
샐	-12.388543
질책	-12.388566
엣	-12.388576
▁History	-12.388582
찻	-12.388583
▁년대중반	-12.388585
게으름	-12.388594
평상시	-12.388616
▁단단히	-12.388625
바로그것	-12.388843
조르	-12.388926
출력	-12.388929
붙들어주	-12.388933
box	-12.389067
▁아이티	-12.389067
바쁘	-12.389083
▁세미만	-12.389143
▁을기울였	-12.389179
회의적	-12.389218
ED	-12.389235
이루어졌다	-12.389330
▁매트	-12.389331
▁를가져올수있	-12.389383
▁추가하기	-12.389444
+5	-12.389466
▁맞나요	-12.389581
▁를받은사람	-12.389822
절제술	-12.389844
있나요	-12.389975
pri	-12.389982
▁봤던	-12.390105
▁여기엔	-12.390213
▁받을때	-12.390243
▁제정신이	-12.390266
바뀐	-12.390516
뉴우스	-12.390585
파이프	-12.390623
새로운언어	-12.390635
친교	-12.390752
알고있었습니다	-12.390862
갈리	-12.391290
▁정말이지	-12.391437
▁않았기	-12.391469
▁잃는	-12.391520
해주는것	-12.391541
조달	-12.391579
알아볼	-12.391622
▁상관없어요	-12.391643
느껴지는	-12.391668
▁는없을것	-12.391715
금년	-12.391721
비추어	-12.391892
▁DC	-12.391976
▁조용한	-12.392063
▁할수있는기회	-12.392104
많은그리스도인	-12.392171
▁지낼	-12.392283
대회참석자	-12.392360
▁끝나지	-12.392409
재회	-12.392490
상냥	-12.392620
▁을피하라	-12.392705
하였기	-12.392707
▁시작했을	-12.392766
걸까요	-12.392773
그럴만한	-12.392778
독일연방공화국	-12.393066
▁멤버	-12.393068
악명높은	-12.393071
▁도메인	-12.393110
말살	-12.393146
유아기	-12.393486
앞자리	-12.393516
▁결과로	-12.393827
▁검열	-12.393858
축하행사	-12.393860
세련	-12.393960
전멸	-12.393972
줬죠	-12.394016
희생제물	-12.394016
집회장소	-12.394143
표지판	-12.394368
달랐습니다	-12.394392
살펴보는것	-12.394443
그리스도인사랑	-12.394444
건네주	-12.394588
원장	-12.394626
OC	-12.395085
▁조엘	-12.395483
났는데	-12.395633
▁가져갈	-12.395638
▁도망쳤	-12.395790
빗물	-12.395982
▁나아질	-12.395988
알려져있지않	-12.396090
▁안되요	-12.396470
수효	-12.396471
▁나가게	-12.396605
어떤곳	-12.396605
▁을배워알	-12.396835
발각	-12.396912
외적	-12.397016
행운	-12.397112
▁없군요	-12.397133
취업	-12.397140
기사제목	-12.397225
▁무엇인가요	-12.397289
저택	-12.397317
같았읍니다	-12.397374
▁돈키호테	-12.397572
▁유튜브	-12.397572
캐서린	-12.397596
보자고	-12.397619
늘어난	-12.397738
▁이라면누구나	-12.397859
긴장감	-12.397878
조급	-12.397911
엄밀	-12.397913
광명	-12.398045
▁애야	-12.398067
기념물	-12.398100
▁양성자	-12.398133
거둘것	-12.398293
▁메인	-12.398360
살아있고	-12.398753
▁해야할필요성	-12.398757
불친절	-12.398868
생산성	-12.399054
▁죽여야	-12.399115
▁명령어	-12.399234
슬프	-12.399246
▁계란	-12.399377
▁화났	-12.399587
뉴질랜드	-12.399735
거품	-12.400013
자기영혼	-12.400142
걸렸다	-12.400220
황색	-12.400286
속마음	-12.400310
▁모자를	-12.400388
▁에관해배우	-12.400554
외과의사	-12.400599
▁생겼어요	-12.400645
▁이르시	-12.400706
늘어놓	-12.400919
약한사람	-12.400923
신앙심	-12.400949
많지만	-12.400968
▁이나기타	-12.400992
독사	-12.401533
하지않으려고	-12.401740
오래참	-12.401775
아마존	-12.401849
아냐	-12.401910
▁년여름	-12.401989
행하는것	-12.402074
ᄏ	-12.402096
▁애니메이션	-12.402096
▁헥타르	-12.402096
방글라데시	-12.402096
▁think	-12.402097
▁초음파	-12.402098
▁스노우	-12.402101
스튜어트	-12.402109
▁배고프	-12.402115
시어머니	-12.402137
교도관	-12.402276
▁대박	-12.402337
옵시고	-12.402373
▁있겠지요	-12.402383
▁되어야할	-12.402394
▁스튜	-12.402442
봉헌식	-12.402453
모략	-12.402521
▁까지이르	-12.402646
떨어져나가	-12.402861
큰변화	-12.403172
▁가어디있	-12.403226
▁명확하게	-12.403363
▁들어봐요	-12.403364
공산당	-12.403543
빠졌습니다	-12.403635
더하기	-12.403644
▁진작	-12.403800
백신	-12.403844
▁기다리라	-12.403938
게되어있었다	-12.404018
▁길이라	-12.404050
▁작용하는	-12.404075
해서는안됩니다	-12.404261
빠져나오	-12.404268
같이너희	-12.404421
죽였	-12.404536
공동번역	-12.404569
평행	-12.404865
▁되겠어	-12.404870
바로그날	-12.404930
많은노력	-12.405022
재단	-12.405069
죽기전	-12.405169
▁하시더라	-12.405219
▁만나면	-12.405259
▁중복	-12.405444
▁그러는데	-12.405524
▁시킬필요	-12.405846
▁히알려줍니다	-12.405854
▁에남아있는	-12.405935
▁를받으면	-12.406054
▁이해합니다	-12.406142
▁되매	-12.406188
등산	-12.406332
슬퍼하는	-12.406479
▁거기엔	-12.406496
프랭클린	-12.406642
사탕수수	-12.406657
▁찾습니다	-12.406682
오직한분	-12.406725
▁기울기를	-12.406740
고마운	-12.406752
알려져있다	-12.406838
감리교	-12.406964
▁기학급	-12.406997
▁아니고요	-12.407074
▁의통치아래	-12.407137
둥글	-12.407145
▁를받았고	-12.407339
있지않은가	-12.407371
▁태초	-12.407472
들어갈수있	-12.407543
배상	-12.407603
▁을거쳐	-12.407802
▁철수	-12.407866
소독	-12.408021
▁단위로	-12.408089
때마다	-12.408154
읽는사람	-12.408209
▁거고요	-12.408338
▁을보게된다	-12.408368
들어왔	-12.408433
인내심	-12.408576
열릴것	-12.408987
구할수있는	-12.409006
가르치는자	-12.409118
잠겨있	-12.409129
학적인	-12.409426
▁벗고	-12.409452
어떤특정	-12.409588
▁것들도	-12.409657
있듯이	-12.409659
혈장	-12.409668
▁여잔	-12.409694
▁해냈다	-12.409834
▁없으니까요	-12.409896
삼킬	-12.409909
▁에도마찬가지	-12.410016
▁일지모른다	-12.410085
▁올릴	-12.410103
▁보여드리고	-12.410129
주셨고	-12.410142
항구적	-12.410177
췌	-12.410195
=1	-12.410274
▁로바꾸	-12.410314
쌓여있	-12.410464
모색	-12.410474
거같아	-12.410551
스페	-12.410691
▁이놓여있	-12.410763
기다렸	-12.410863
▁밖에없다	-12.410979
▁을돌볼	-12.411052
될거야	-12.411101
▁가되었을때	-12.411164
성매개질환	-12.411208
차츰	-12.411210
종업원	-12.411227
▁더럽히	-12.411230
합법화	-12.411232
▁그려보겠습니다	-12.411285
세배	-12.411417
일부러	-12.411433
도록권하	-12.411475
▁패역	-12.411617
▁스틸	-12.411622
투하	-12.411784
▁염병	-12.411821
▁젊은이들	-12.411855
위협적	-12.412067
▁말해주지	-12.412092
▁아플	-12.412360
척추	-12.412465
▁본즉	-12.412487
▁비유하사	-12.412501
▁죽어가고	-12.412774
▁예수께	-12.412927
▁이가장좋	-12.412996
하기엔	-12.413099
독소	-12.413167
▁시켜주었다	-12.413194
▁적군	-12.413203
가르치셨습니다	-12.413203
자갈	-12.413219
다룰것	-12.413306
▁형식으로	-12.413372
혈당	-12.413373
▁사라지는	-12.413534
▁시키시	-12.413602
헝가리	-12.413773
연마	-12.413974
▁도착할	-12.414040
▁소수점을	-12.414248
▁곤경에	-12.414271
▁시각화	-12.414302
원하시는	-12.414383
▁으로알려져있다	-12.414415
버리라	-12.414429
학식	-12.414453
끊기	-12.414515
▁떨어지고	-12.414545
두려웠	-12.414646
사망원인	-12.414674
▁아들들은	-12.414811
여러가지이유	-12.414877
▁에대해책임	-12.414919
줄께	-12.414931
네째	-12.415138
ET	-12.415140
옳다	-12.415169
졌는지	-12.415241
▁적용할	-12.415430
맏	-12.415653
만날수있	-12.415682
계신분	-12.415687
아하수에로	-12.415794
트리뷴	-12.415794
▁드래곤	-12.415795
카리브해	-12.415795
▁댓가	-12.415865
보이는데	-12.415930
나침반	-12.415970
실마리	-12.416044
▁불지옥이	-12.416051
글로브	-12.416111
▁그런다음그	-12.416179
▁하신참하나님	-12.416238
▁뉴욕에서	-12.416612
살아있는사람	-12.416841
하구나	-12.417028
풍차	-12.417068
포식자	-12.417121
▁께불순종	-12.417279
차려	-12.417411
new	-12.417498
강습	-12.417542
수없음	-12.417646
스텔	-12.417686
▁이나아픈	-12.417697
셨군요	-12.417717
화형	-12.417756
▁알겠나	-12.417788
▁을읽을때	-12.417939
매우심각	-12.417955
▁용서해	-12.417999
원시적	-12.418000
41	-12.418002
지못함	-12.418053
돌아간다	-12.418351
▁인터넷에서	-12.418362
세계보건기구	-12.418471
지않으셨읍니다	-12.418519
베트남	-12.418682
온천	-12.418683
다릅니까	-12.418791
▁신께	-12.419036
었더라면	-12.419089
첫단계	-12.419120
▁을따서	-12.419143
문제거리	-12.419164
하셔도	-12.419247
옳다고	-12.419278
달력	-12.419495
▁신성한	-12.419500
학술	-12.419621
name	-12.419725
받았음을	-12.419847
-1)	-12.419883
알아듣	-12.419965
민족적	-12.419987
▁말해줘요	-12.420289
여호야김	-12.420403
신진대사	-12.420406
▁의상당부분	-12.420416
벨사살	-12.420421
▁봉쇄	-12.420444
▁상상해보세요	-12.420491
33;	-12.420551
▁놔줘	-12.420595
▁축복받은	-12.420645
환상가운데	-12.420784
위축	-12.420796
▁결정하는	-12.420852
AN	-12.421122
▁지켜야	-12.421175
모세율법	-12.421272
▁데려온	-12.421406
▁이신하나님	-12.421413
▁몇년전	-12.421453
▁25%	-12.421547
복잡성	-12.421702
▁라는점	-12.421797
▁을돌보는일	-12.421885
▁발레	-12.421912
연어	-12.421925
▁조심해야	-12.422196
▁살레	-12.422415
담배연기	-12.422427
특색	-12.422523
지않는이유	-12.422613
아시며	-12.422680
물러나	-12.422757
▁이나곡	-12.422761
원통	-12.423137
▁이라고하였다	-12.423189
핀란드	-12.423241
클리프	-12.423453
선례	-12.423458
참으로큰	-12.423750
▁되겠지요	-12.423979
▁취함	-12.424168
ure	-12.424265
▁예증들	-12.424313
▁상태입니다	-12.424390
수있다는사실	-12.424551
나타냅니다	-12.424632
각기다른	-12.424644
▁을터뜨	-12.424747
었으니까	-12.424925
겟	-12.424929
▁디스플레이	-12.425033
무작위	-12.425033
▁about	-12.425034
퀼	-12.425034
▁사우디	-12.425038
결단코	-12.425038
▁큐브	-12.425049
▁화난	-12.425091
동료증인	-12.425128
▁깨뜨리	-12.425167
가파른	-12.425211
▁괜찮겠	-12.425266
▁이죠	-12.425272
늘어날	-12.425345
▁이오기전	-12.425447
▁보시기에	-12.425584
홀어머니	-12.425608
더더욱	-12.425834
염료	-12.425862
피우는	-12.425956
모본	-12.426060
말라기	-12.426086
▁를얻기위해	-12.426147
▁담긴	-12.426156
▁묶여	-12.426270
즐거운시간	-12.426447
지않으면안될	-12.426478
▁에와있	-12.426492
원정	-12.426498
▁주리니	-12.426500
▁창출	-12.426508
▁를구하는	-12.426540
넣는다	-12.426578
낮아지	-12.426603
있을까	-12.426707
▁치않다	-12.426725
암송	-12.426764
믿을수있는	-12.426784
여겼다	-12.426825
굵	-12.427011
부르짖는	-12.427211
자라면서	-12.427214
▁시작됐	-12.427297
▁하신왕	-12.427462
태웠	-12.427632
▁아들들이	-12.427793
▁상위	-12.427847
많이있다	-12.427881
종교의식	-12.427960
옮	-12.427971
협조적	-12.428035
바뀔	-12.428229
▁어른이	-12.428247
▁보냈어요	-12.428262
시몬	-12.428341
차려입	-12.428622
옷감	-12.428627
▁실크	-12.429067
몬트	-12.429111
여러달	-12.429158
찍힌	-12.429224
달랐다	-12.429296
자원봉사	-12.429335
장식품	-12.429680
▁헤브론	-12.429684
♬	-12.429684
▁That	-12.429710
뜨거워	-12.429745
▁을이겨내	-12.429753
하였음을	-12.429844
CD	-12.429857
▁해보시기바랍니다	-12.429885
▁아시겠지만	-12.429927
▁이지닌	-12.429930
▁무한한	-12.429931
다음날아침	-12.430018
복제	-12.430058
어린아기	-12.430098
▁쿠퍼	-12.430134
▁소행성	-12.430357
▁창조하시고	-12.430508
손쉽게	-12.430634
▁중요하게	-12.430750
▁하고계시다	-12.430755
지침서	-12.430794
스미스	-12.430890
▁카페	-12.431024
강당	-12.431042
그리스도교인	-12.431064
배웠다	-12.431144
종노릇	-12.431272
▁사이즈	-12.431393
가정폭력	-12.431410
▁우주에서	-12.432287
식단	-12.432339
버렸고	-12.432425
▁시작하죠	-12.432534
▁보내줘	-12.432703
깜짝놀랐	-12.432807
▁개별	-12.432837
▁예상치	-12.432905
가나안사람	-12.433065
▁먹히	-12.433109
▁아래서	-12.433123
▁을다하여여호와	-12.433125
▁거시기	-12.433187
덴마크	-12.433202
쓰는것	-12.433584
만찬	-12.433664
▁수송아지	-12.433756
나타낼수있	-12.433952
▁신앙인들이	-12.434006
▁48:	-12.434072
폐렴	-12.434107
화학자	-12.434206
비늘	-12.434290
어리둥절	-12.434357
짐바브웨	-12.434357
▁죄송한데	-12.434359
제명처분	-12.434382
노어형제	-12.434445
▁의심각성	-12.434447
선택적	-12.434471
▁출신이	-12.434577
기브온	-12.434650
실명	-12.434756
돼서	-12.434845
받지않	-12.434855
▁편히	-12.435074
피에르	-12.435137
종교재판	-12.435140
배급	-12.435145
었네요	-12.435209
사회학자	-12.435292
▁을받으면서	-12.435371
▁를원하였다	-12.435411
ons	-12.435573
▁2,500	-12.435670
▁께계속	-12.435712
포도당	-12.435728
▁요소들	-12.435832
하셨죠	-12.436011
▁된이래	-12.436028
▁나찌	-12.436098
읽어보시기바랍니다	-12.436197
휴일	-12.436295
주시겠습니까	-12.436338
▁이되어야합니다	-12.436384
유출	-12.436590
▁선반	-12.436628
▁에서자란	-12.436672
만들어진것	-12.436794
ever	-12.436892
경솔	-12.437063
▁방정식은	-12.437065
▁해있습니다	-12.437163
▁싸워야	-12.437335
침실	-12.437523
사양	-12.437569
드릴께요	-12.437594
깊음	-12.437664
십억	-12.437705
▁누구세요	-12.437758
▁아들이요	-12.437943
▁믿기지	-12.438086
▁을세울	-12.438191
말끔	-12.438237
미트	-12.438250
입혀	-12.438287
염색체	-12.438306
폭풍우	-12.438446
점술	-12.438512
▁떠들	-12.438643
잊어버린	-12.438688
룡	-12.438784
밴드	-12.438800
걷고있	-12.438868
중계	-12.439043
▁XML	-12.439052
아이슬란드	-12.439053
▁{\	-12.439054
▁까지만해도	-12.439059
조짐	-12.439080
▁포맷	-12.439129
▁아파요	-12.439182
▁될수있는가	-12.439197
▁은혜와	-12.439268
▁스트림	-12.439284
▁형제들아	-12.439312
판막	-12.439354
▁비교고린도	-12.439364
▁Ho	-12.439389
찾아가서	-12.439567
▁채웠	-12.439634
▁발견된	-12.439771
피상적	-12.439878
황금률	-12.439952
▁건드리지	-12.439960
▁재능이	-12.440279
렇게	-12.440430
▁수술실에	-12.440512
▁변경할	-12.440654
▁섹시	-12.440674
▁자백	-12.440701
▁가져왔어	-12.440717
▁가될때	-12.440808
협상	-12.440809
▁굴지	-12.440827
▁될경우	-12.440869
▁교훈이라	-12.441022
를졸업	-12.441055
스태	-12.441157
▁예정입니다	-12.441170
왕국정부	-12.441229
▁지키기	-12.441365
토착	-12.441513
▁받으라	-12.441531
▁을보이셨	-12.441590
물리학	-12.441603
찰스	-12.441610
▁곱하고	-12.441620
▁근접	-12.441760
▁남아프리카	-12.441875
▁덕에	-12.442103
공산	-12.442183
옳지않	-12.442184
의미깊은	-12.442203
34;	-12.442218
▁일어났는지	-12.442251
달걀	-12.442398
지도않습니다	-12.442489
월요일	-12.442509
셋째	-12.442536
▁지키지	-12.442725
▁만민	-12.442730
고속도로	-12.442744
▁훌륭해	-12.442929
▁주셨으니	-12.443015
보강	-12.443033
어리석게	-12.443172
모으는일	-12.443244
관객	-12.443350
대인관계	-12.443368
위크	-12.443405
구비	-12.443446
▁살았어	-12.443525
노하기	-12.443598
는정반대	-12.443627
췄	-12.443714
사울왕	-12.443738
헥	-12.443754
▁에이프릴	-12.443769
할렐루야	-12.443769
통조림	-12.443772
네이선	-12.443871
외치는	-12.443913
▁해보아야할	-12.443989
▁익숙한	-12.444075
▁당분간	-12.444087
세밀	-12.444088
가족관계	-12.444195
▁명상	-12.444229
백만명	-12.444319
▁들중얼마	-12.444340
▁숨쉬	-12.444366
eek	-12.444439
온가족	-12.444490
ring	-12.444767
▁잘못되었습니다	-12.444895
▁가거의없	-12.445142
떨어진다	-12.445172
▁자들아	-12.445208
행하며	-12.445209
부산물	-12.445215
▁유지할	-12.445299
기원한다면	-12.445331
▁안전하지	-12.445337
▁멋지게	-12.445694
캐럴	-12.445709
▁남기고	-12.445751
학회	-12.445808
찌라	-12.445890
▁커크	-12.445895
고추산	-12.445898
도피성	-12.445917
▁을피우	-12.446026
해주었	-12.446167
여러언어	-12.446368
▁매력적인	-12.446427
▁를하고있는	-12.446440
경영자	-12.446457
계속증가	-12.446517
배정	-12.446651
▁시킬수있습니다	-12.446674
▁이일어나고있	-12.446692
딕	-12.446771
▁이되어야한다	-12.446807
▁계시나니	-12.446887
▁창조하사	-12.447093
모종	-12.447112
묻히	-12.447395
벗어버리	-12.447409
시간표	-12.447425
▁웨인	-12.447490
▁베티	-12.447663
밧줄	-12.447670
강인	-12.447680
▁20,000	-12.448044
▁을담고있	-12.448259
▁권능으로	-12.448481
샹	-12.448508
눈여겨보	-12.448510
▁를가져올것	-12.448582
▁미련한	-12.448646
▁지팡이를	-12.448725
▁올라와	-12.448795
번역본	-12.448821
▁멸망시켰	-12.448832
▁맛보라	-12.448839
▁블로거	-12.448921
긁어	-12.448921
TS	-12.449048
▁완벽히	-12.449059
▁않니	-12.449105
찾아오는	-12.449238
▁을지킨	-12.449341
복원	-12.449382
▁가종종있	-12.449550
고싶다면	-12.449615
▁수술실에서	-12.449621
세상제도	-12.449629
지아니한	-12.449640
▁멋지다	-12.449743
가져다줄	-12.449809
▁튀어	-12.449856
결석	-12.449862
놀림	-12.450099
몸속	-12.450146
▁got	-12.450152
▁보이네	-12.450219
교육자	-12.450270
어찌할	-12.450301
▁과바리새인	-12.450342
개방적	-12.450356
궁정	-12.450582
라는지시	-12.450693
있느니라	-12.450859
괴로워하	-12.450888
ank	-12.450897
혹은그이상	-12.450904
올랐다	-12.450972
졌기때문	-12.451259
광택	-12.451298
오직하나님	-12.451396
성모	-12.451522
▁종들에게	-12.451817
각각자기	-12.451896
▁으로만드	-12.452130
소동	-12.452188
도록내버려두	-12.452484
▁과싸워	-12.452528
줬잖아	-12.452613
▁을멸하	-12.452654
봤자	-12.452683
하신다음	-12.452804
▁십자가에	-12.452961
iss	-12.452992
날오후	-12.453072
지못해	-12.453084
▁느려	-12.453122
ax	-12.453159
얜	-12.453269
텀	-12.453270
툰	-12.453270
갑상선	-12.453272
탄자니아	-12.453276
끕니다	-12.453280
탈무드	-12.453283
▁영영히	-12.453285
▁들으심과	-12.453312
▁데이타	-12.453338
기다란	-12.453519
▁명백하게	-12.453564
스테로이드	-12.453568
눈부신	-12.453586
▁인정해	-12.453624
항복	-12.453638
▁불과하니라	-12.453665
▁델타	-12.453668
기원제	-12.453685
무장관	-12.453720
▁로가득차있	-12.453804
▁를인하여	-12.453854
으면좋겠	-12.453885
▁슬프게	-12.453901
▁마을에서	-12.454104
▁3/4	-12.454143
짧고	-12.454233
▁를당하였	-12.454304
파멸적	-12.454308
원자로	-12.454351
일어나는것	-12.454527
▁샌디	-12.454529
▁아삽	-12.454569
외상	-12.454603
▁아니더뇨	-12.454614
징집	-12.454655
▁소유한	-12.454689
하락	-12.454730
얼룩말	-12.454744
▁리버	-12.454937
니우스	-12.454959
▁싸우지	-12.455049
▁Bo	-12.455133
▁학기	-12.455139
그렇게하는데	-12.455163
tu	-12.455319
▁를나타낼수있	-12.455361
다른부분	-12.455401
침체	-12.455486
감독관	-12.455498
▁보이시	-12.455506
부동산	-12.455591
부른다	-12.455594
▁에대해이렇게	-12.455639
숙모	-12.455666
▁그쵸	-12.455690
입각	-12.455715
치른	-12.455788
가르쳐준	-12.455842
공황	-12.456066
▁보다훨씬더많은	-12.456095
eep	-12.456102
▁주장하는	-12.456170
및그밖	-12.456170
엄습	-12.456192
벌어지는	-12.456314
무용	-12.456325
불합리	-12.456436
▁안전할	-12.456477
▁En	-12.456512
▁정전	-12.456539
시는하나님	-12.456590
▁하든지간	-12.456817
아뇨	-12.456839
그러한경험	-12.456846
▁악수	-12.456879
▁희에게	-12.457009
스코틀랜드	-12.457028
그렇게할수있습니다	-12.457222
므리	-12.457280
▁을취할	-12.457431
즉석	-12.457453
출세	-12.457497
▁느끼지	-12.457522
▁온거야	-12.457541
▁밀러	-12.457564
당한것	-12.457571
▁싫다고	-12.457604
하고자하는	-12.457672
▁고통받	-12.457738
종사자	-12.457874
▁설명하기	-12.457893
水	-12.458053
가버나움	-12.458055
솥	-12.458055
▁레너드	-12.458056
심사숙고	-12.458056
▁말았어야	-12.458061
에스토니아	-12.458065
▁이나다름없	-12.458117
▁팝업	-12.458143
맷돌	-12.458172
겨냥	-12.458175
▁먹으러	-12.458228
▁정보원	-12.458380
▁Man	-12.458405
드물다	-12.458455
▁글렌	-12.458530
▁230	-12.458535
고시인	-12.458588
▁농구	-12.458618
▁를거쳐	-12.458748
▁그렇겠죠	-12.458857
we	-12.458895
▁받으시	-12.459211
▁를찾았	-12.459213
▁에이르렀습니다	-12.459254
보이지않게	-12.459273
▁솔직하게	-12.459301
▁절반이	-12.459365
못할것	-12.459416
▁치환	-12.459444
비웃는	-12.459540
▁체인	-12.459589
지못하는사람	-12.459634
성적학대	-12.459743
돌아올때	-12.459989
서는안되며	-12.460099
급료	-12.460116
셨네요	-12.460120
▁에어긋나는	-12.460147
알게됩니다	-12.460205
▁성전하는	-12.460217
고싶어서	-12.460332
아신다	-12.460433
만들수있	-12.460538
갖고있는	-12.460557
드문일	-12.460652
▁새끼들	-12.461040
금세	-12.461182
렇지	-12.461320
▁고레스	-12.461364
▁를취하였	-12.461419
쌍방	-12.461490
▁남았습니다	-12.461505
▁없거든요	-12.461580
▁익숙하	-12.461652
들어왔습니다	-12.461712
받아들이지않	-12.461975
교육활동	-12.461996
엎드려	-12.462002
폭력단	-12.462053
해달라는	-12.462195
더자세	-12.462218
이민자	-12.462231
올라간다	-12.462233
▁대사관	-12.462322
필름	-12.462760
▁동편	-12.462774
닳	-12.462862
▁그나저나	-12.462863
▁코오피	-12.462864
초막절	-12.462866
지난해	-12.462905
▁액션	-12.462946
▁say	-12.463049
대리석	-12.463087
▁끝내주는	-12.463135
▁피곤하	-12.463261
▁을닦아주실	-12.463278
▁이라할지라도	-12.463293
▁어쨌거나	-12.463307
▁코브라	-12.463319
소총	-12.463383
되면서	-12.463561
숙청	-12.463598
▁리비아	-12.463643
그리스도인감독자	-12.463690
였으면	-12.463722
▁를기르	-12.463745
▁나님께서	-12.464030
▁브라보	-12.464045
▁을찾으려고	-12.464213
▁의가책	-12.464395
▁내리시니	-12.464503
희롱	-12.464751
레즈	-12.464764
▁을받았는데	-12.464830
▁힘내	-12.465028
얼마나자주	-12.465039
▁새끼야	-12.465054
죽으심	-12.465115
▁세된한	-12.465560
게하셨읍니다	-12.465571
▁성읍들	-12.465655
go	-12.465760
느낀다면	-12.465769
알려지지않은	-12.465783
▁간단합니다	-12.465828
못된	-12.465875
가족적	-12.465981
▁유방	-12.466019
없었더라면	-12.466024
▁하셨던것	-12.466099
하겠고	-12.466187
▁당근	-12.466267
▁성공할	-12.466279
▁없지요	-12.466299
걸렸	-12.466362
▁믿으며	-12.466468
음주운전	-12.466481
▁께반역	-12.466627
덧붙입니다	-12.466696
낸다면	-12.466748
카누	-12.466775
▁하게될때	-12.466888
부정행위	-12.467065
보았고	-12.467162
▁오리라	-12.467359
▁죽였어요	-12.467579
근신	-12.467632
種	-12.467693
푸에르토리코	-12.467693
멜로디	-12.467723
▁무엇이든지	-12.467783
▁버틸	-12.467841
부품	-12.467872
▁네번째	-12.467979
전갈	-12.468012
▁잠비아	-12.468052
▁Ha	-12.468123
이정표	-12.468171
▁데려올	-12.468182
▁둘러보	-12.468306
▁변화시키	-12.468310
게할수있는	-12.468430
글래스	-12.468451
살아계신하나님	-12.468459
▁들어보세요	-12.468578
점토	-12.468599
용기있게	-12.468624
▁당한사람	-12.468741
▁사용된	-12.468970
급류	-12.469036
기위해어떻게할수있	-12.469241
줬습니다	-12.469387
했군요	-12.469606
▁옥상	-12.469687
▁않겠지만	-12.469723
무섭게	-12.469781
갈라져	-12.469790
도와줍니다	-12.470023
▁언급한	-12.470078
▁을받음	-12.470196
비평적	-12.470257
▁차리	-12.470523
확정적	-12.470671
가정주부	-12.470801
▁보자면	-12.471142
교차	-12.471163
▁저장하는	-12.471441
▁무리에게	-12.471507
구체	-12.471594
▁에대하여감사	-12.471718
▁되지않도록	-12.471784
그러한행위	-12.472012
었겠습니까	-12.472029
매년약	-12.472132
이보다더	-12.472179
가톨릭신자	-12.472293
주어야한다	-12.472316
▁하지않을때	-12.472322
▁사무엘하	-12.472469
▁해야할때	-12.472483
긴박감	-12.472549
산헤립	-12.472550
▁스케줄	-12.472577
▁그리이스	-12.472589
목회자	-12.472641
▁she	-12.472692
▁잊어버려	-12.472755
였잖아	-12.472848
▁20%	-12.472881
▁레이블	-12.472957
▁워렌	-12.472969
옵니까	-12.473008
어려운때	-12.473062
▁부정적인	-12.473086
침례교	-12.473336
▁see	-12.473516
▁을두려워하고	-12.473663
강구	-12.473694
▁여자에게	-12.474052
▁사용하십시오	-12.474094
전도활동	-12.474383
▁1700	-12.474422
악단	-12.474635
안정감	-12.474912
▁해볼까요	-12.475073
▁무한대	-12.475088
MA	-12.475236
▁저번에	-12.475249
알고계시	-12.475533
야겠네	-12.475545
육안	-12.475600
절연	-12.475723
▁주어졌	-12.475748
▁불편하	-12.475804
▁무엇보다	-12.475958
섬기고있습니다	-12.476156
출입	-12.476187
ail	-12.476259
시켜주	-12.476383
ye	-12.476406
▁롭다	-12.476406
▁기다려봐	-12.476480
믿었던	-12.476599
▁받고있다	-12.476700
▁맞이하	-12.476948
꿔	-12.476959
▁를원하지않	-12.477126
▁을내렸	-12.477137
ime	-12.477232
▁에갇혀있	-12.477298
▁를받으며	-12.477310
칫	-12.477405
▁흙으로	-12.477408
쳇	-12.477425
▁이렇습니다	-12.477439
▁가아님	-12.477478
▁레이첼	-12.477489
부스러기	-12.477497
▁명백히	-12.477525
▁퇴근	-12.477598
▁영광입니다	-12.477652
▁토비	-12.477746
접한	-12.477770
▁을꿇고	-12.477788
▁믿나이다	-12.478001
▁위스키	-12.478067
▁에대한염려	-12.478103
굶어죽	-12.478234
▁하기바란다	-12.478256
학교교육	-12.478405
▁받으실	-12.478433
▁에서알려주는바	-12.478463
그러한감정	-12.478465
볼수있었습니다	-12.478479
▁를갖게되	-12.478516
▁밤중에	-12.478562
▁께대한믿음	-12.478613
독단적	-12.478631
▁드론	-12.479161
▁생체	-12.479259
▁에대한존중심	-12.479288
▁잘됐네요	-12.479307
아닐것	-12.479407
냈으며	-12.479415
쉬지않고	-12.479445
▁을낮추	-12.479462
▁스럽다	-12.479666
▁월급	-12.479926
▁대단해	-12.479945
매일밤	-12.480058
정신과의사	-12.480226
공존	-12.480370
도와주었습니다	-12.480409
야하지않겠는가	-12.480533
▁대령님	-12.480626
하지말고오직	-12.480910
줬는데	-12.480954
자꾸	-12.481010
닭고기	-12.481129
내려왔	-12.481146
▁롭지못한	-12.481158
▁금발	-12.481282
두려워하는사람	-12.481796
▁을받은후	-12.481818
보조파이오니아	-12.481819
새제도	-12.481934
hr	-12.482038
▁240	-12.482089
읽어보십시오	-12.482141
살펴봄	-12.482284
묻혀있	-12.482293
갠	-12.482327
꽝	-12.482327
왁	-12.482327
상원의원	-12.482328
일으킵니다	-12.482328
ough	-12.482343
접종	-12.482346
불가사의	-12.482352
▁그렇기는하지만	-12.482359
보일지모르지만	-12.482392
대행자	-12.482413
▁들여보내	-12.482436
▁1954	-12.482540
놓기	-12.482545
▁포함된	-12.482551
깨달음	-12.482553
걱정거리	-12.482636
▁아시잖아요	-12.482661
▁찬양하라	-12.482697
소유주	-12.482766
▁빨강	-12.482805
▁배우기	-12.482818
돌린	-12.482871
▁영접하	-12.482953
지배권	-12.482987
▁이라는희망	-12.483061
▁하지않으셨	-12.483123
이른아침	-12.483165
▁어림	-12.483210
▁올라갔	-12.483248
고난후	-12.483323
▁낳았고	-12.483377
인간영혼	-12.483432
발광	-12.483462
테레	-12.483756
얻게된	-12.483924
▁통제할	-12.484388
극소수	-12.484525
▁엘라	-12.484533
▁않을겁니다	-12.484557
▁결과물	-12.484718
▁Ex	-12.485078
을위한	-12.485111
▁놈이야	-12.485358
오하이오주	-12.485523
받아보실수있	-12.485643
▁을얻고자	-12.485671
든든	-12.485677
얼마나더	-12.485754
있게됩니다	-12.485785
호프	-12.485804
ory	-12.486280
▁하도록돕는	-12.486381
▁어쩌지	-12.486402
외교	-12.486578
해안선	-12.486624
▁에게전하	-12.486650
▁과고모라	-12.487254
{	-12.487255
딱정벌레	-12.487255
츄	-12.487255
▁need	-12.487257
▁코사인	-12.487269
십자	-12.487269
유조선	-12.487295
거슬러올라가	-12.487302
▁티끌	-12.487327
받아들일수있	-12.487367
▁일자리를	-12.487374
치과의사	-12.487417
하였음이니라	-12.487451
부활희망	-12.487485
성서번역	-12.487505
잖습니까	-12.487785
▁뒤돌아	-12.488115
▁하려하지않	-12.488162
▁하기바랍니다	-12.488255
▁알아들었	-12.488272
보여주셨습니다	-12.488399
▁우측	-12.488428
▁에서의생활	-12.488512
려는열망	-12.488540
괴물	-12.488647
▁미군	-12.488757
보살펴주	-12.489083
주술	-12.489122
그렇습니다	-12.489189
성실성	-12.489216
▁그럴지도	-12.489355
여섯살	-12.489384
서는안됩니	-12.489487
목격증인	-12.489529
신탁	-12.489562
FF	-12.489594
진정제	-12.489624
야겠다고	-12.489791
게되어있는	-12.489798
▁걱정되	-12.490000
▁당하는것	-12.490079
많은가정	-12.490156
rit	-12.490207
청취	-12.490232
해볼게	-12.490272
수없다는것	-12.490475
▁삶과	-12.490603
살상	-12.491061
▁여성들은	-12.491076
▁좋군	-12.491146
그리스도인남자	-12.491201
▁멈추게	-12.491212
죽어가고있	-12.491533
unit	-12.491534
▁를써서	-12.491776
구걸	-12.491897
체질	-12.491930
▁무의식	-12.492037
61	-12.492075
▁GPS	-12.492204
디트로이트	-12.492204
허드렛일	-12.492204
▁을금치못	-12.492205
윤곽	-12.492220
블레셋사람	-12.492221
▁불행하게도	-12.492244
가디언	-12.492358
▁을받거나	-12.492362
▁시킬때	-12.492390
▁구체적으로	-12.492399
1,2	-12.492400
▁벌어졌	-12.492445
무너진	-12.492468
▁갈아입	-12.492471
보았던	-12.492847
▁대동맥	-12.492956
잊어버리고	-12.493060
▁의본질	-12.493129
케이크	-12.493443
돌아갔다	-12.493458
▁움직이면	-12.493548
같지않	-12.493686
매우큰	-12.493702
빠져들	-12.493776
메디아	-12.493840
▁장착	-12.493869
▁에대한헌신	-12.493879
▁적혀	-12.493979
환희	-12.494025
있을수없다	-12.494124
렸을때	-12.494143
교회지도자	-12.494220
▁재밌게	-12.494312
▁추가합니다	-12.494335
줄수있	-12.494345
▁말했더라	-12.494386
▁먹게	-12.494473
빠졌	-12.494535
▁하게될수있습니다	-12.494548
백발	-12.494680
어리석은자	-12.494865
참된생명	-12.495066
무한정	-12.495079
쯤이면	-12.495103
▁하였지요	-12.495114
광적	-12.495258
생길것	-12.495320
▁으로변하	-12.495387
더럽혀지	-12.495404
men	-12.495467
▁기준으로	-12.495471
▁죽이기	-12.495567
▁없었는데	-12.495743
테라	-12.495790
▁방안	-12.495874
계셨다	-12.496096
방면	-12.496101
▁옷장	-12.496152
▁의수여자	-12.496305
사라져버렸	-12.496531
▁확실해요	-12.496616
▁터지	-12.496677
▁모터	-12.496701
왕복	-12.496778
비통	-12.496849
▁NASA	-12.497179
프랜시스	-12.497180
▁을망하게하는	-12.497181
받아들이실만한	-12.497183
▁활성	-12.497192
고자하는욕망	-12.497233
▁브레이크	-12.497237
▁궁극적으로	-12.497276
▁애초에	-12.497287
ica	-12.497293
티우스	-12.497296
벼락	-12.497354
▁같아서요	-12.497373
▁조셉	-12.497416
미르	-12.497505
▁말이예요	-12.497519
하셨느니라	-12.497620
넘겼	-12.497758
함량	-12.497801
중독성	-12.497983
▁되신예수	-12.498023
▁여권	-12.498079
▁과유사	-12.498327
조지아	-12.498361
스트레	-12.498465
▁기울기가	-12.498525
이전시대	-12.498593
멀어지게	-12.498594
가르쳤습니다	-12.498707
▁스러운종	-12.498831
가르치셨	-12.498865
▁롭게지내	-12.498943
체력	-12.498967
▁고른	-12.498979
▁이변하	-12.499006
날아다니는	-12.499105
일어나지않	-12.499164
▁같음	-12.499169
운전기사	-12.499305
지않으려면	-12.499379
할까봐	-12.499450
▁두렵지	-12.499607
오래살	-12.499653
마약중독자	-12.499779
급진적	-12.500034
▁움직였	-12.500041
실수있다	-12.500056
주시죠	-12.500223
▁를갖도록	-12.500295
▁결과적	-12.500326
▁두었노라	-12.500423
▁곱합니다	-12.500443
박차	-12.500443
빌립	-12.500458
베트	-12.500510
려하지않	-12.500642
▁왔었	-12.500781
싫증	-12.500995
결혼잔치	-12.501226
케냐	-12.501436
▁All	-12.501450
▁도있으며	-12.501657
▁살아있어	-12.501728
gg	-12.501759
천명의	-12.501836
튕	-12.501885
▁이나그밖	-12.501974
연속적	-12.502007
므로써	-12.502023
▁option	-12.502076
생태	-12.502127
냇	-12.502169
▁정당한	-12.502179
▁하드웨어	-12.502179
스타디움	-12.502179
펙	-12.502179
▁어딨지	-12.502180
월스트리트저	-12.502180
▁딜런	-12.502183
하다보면	-12.502194
▁에게맡겨진	-12.502195
▁제이콥	-12.502198
사형선고	-12.502204
벼룩	-12.502212
▁느낍니다	-12.502263
파크	-12.502275
동정녀	-12.502276
이르시되	-12.502347
나이로비	-12.502422
앙골라	-12.502532
▁궁금했	-12.502579
▁에속하지아니	-12.502607
▁했거늘	-12.502652
▁진실이라면	-12.502748
▁을피하는것	-12.502804
편애	-12.502822
▁아이폰	-12.502860
▁있었으리라	-12.502866
ov	-12.502883
▁갖기	-12.502969
친한친구	-12.503249
임산부	-12.503357
▁아래층	-12.503370
비합리적	-12.503636
정치제도	-12.503675
▁원하노라	-12.503682
▁입장에서	-12.503793
▁몰랐네	-12.503852
성서교육	-12.503914
▁이있기전	-12.504018
▁거였어요	-12.504136
▁께대한사랑	-12.504146
▁을나타내셨습니다	-12.504263
알게될	-12.504379
라던가	-12.504395
여길것	-12.504732
▁하지못했다	-12.504799
어떻게극복	-12.504823
지않았던것	-12.504941
쓰러지	-12.504974
그랬던것	-12.505099
게만든다	-12.505103
FS	-12.505117
▁맞았어요	-12.505265
벌어지	-12.505357
▁고하되	-12.505411
못마땅	-12.505447
고싶어합니다	-12.505482
공기중	-12.505545
도많습니다	-12.505733
돌아갑니다	-12.505974
전인류	-12.506010
내어쫓	-12.506087
아프리카인	-12.506114
▁차례야	-12.506281
▁을당한다	-12.506353
지성있는	-12.506431
▁되는동안	-12.506536
지못하리라	-12.506591
거라구	-12.506613
가족모두	-12.506730
수증기	-12.506807
▁해보려고	-12.507027
체코슬로바키아	-12.507204
교화	-12.507223
▁보이나	-12.507253
▁끼어들	-12.507375
역설적	-12.507445
드렸다	-12.507459
▁127	-12.507469
=2	-12.507554
효능	-12.507607
시켰다	-12.507630
기르는	-12.507661
찾아와서	-12.507690
▁였읍니까	-12.507701
▁스러우	-12.507720
태운	-12.507913
버렸죠	-12.508018
ise	-12.508029
▁아모리	-12.508143
▁말하려고	-12.508184
이사벨	-12.508213
강하다	-12.508279
랬어요	-12.508327
▁지점에서	-12.508566
▁있었거든요	-12.508617
흔하다	-12.508682
▁못했죠	-12.508692
▁하나님만이	-12.508962
허위	-12.509097
▁소환	-12.509116
▁거북이	-12.509171
잘들어주	-12.509171
행하시는	-12.509267
만큼이나	-12.509351
xy	-12.509441
읽은내용	-12.509468
하지않도록	-12.509472
▁면접	-12.509617
품행	-12.509636
▁안좋아	-12.509680
규칙적	-12.509719
사다리	-12.509921
니콜라	-12.509964
▁을권하	-12.510115
겠다는결심	-12.510163
urn	-12.510377
상급	-12.510425
예언자예레미야	-12.510967
▁아니하리니	-12.510997
갖추고있	-12.510997
▁을찾았	-12.511077
외식	-12.511260
base	-12.511478
지않을수없었다	-12.511631
네모참조	-12.511795
▁을대하신	-12.511824
▁향하고	-12.511854
여섯개	-12.511860
▁장님이	-12.511916
▁살려줘	-12.512054
▁의성서이야기책	-12.512254
▁바꿉니다	-12.512255
과테말라	-12.512282
▁저격수	-12.512292
▁API	-12.512366
모범적	-12.512451
궁창	-12.512464
우편물	-12.512499
알레르기	-12.512596
▁께서는모세	-12.512606
해보도록	-12.512691
▁와이프	-12.512814
▁우간다	-12.512983
덕택	-12.512999
▁야간	-12.513012
먼드	-12.513017
▁에지나지않는다	-12.513055
▁그랬듯이	-12.513131
유례	-12.513139
한가지요인	-12.513214
멀리떨어진	-12.513340
없습니까	-12.513405
주어지는	-12.513409
힘센	-12.513424
광석	-12.513491
▁시켜줄수있	-12.513824
밀렵	-12.513885
들어있었다	-12.513952
▁his	-12.513994
▁을알게되어	-12.514041
세계최대	-12.514091
으소서	-12.514122
지못한사람	-12.514124
밀려나	-12.514372
뿌	-12.514505
항공사	-12.514673
학살	-12.514771
거짓선생	-12.514915
▁이러하니라	-12.514992
된다고말	-12.515020
탄력	-12.515202
검진	-12.515485
숙박	-12.515643
▁않겠죠	-12.515650
태반	-12.515821
▁을열고	-12.515834
밸리	-12.515893
▁를받았는데	-12.515987
피난	-12.516149
공공장소	-12.516238
강대국	-12.516266
▁죽인다	-12.516511
▁대가로	-12.516984
계셨습니다	-12.516995
훗	-12.517104
▁히따르	-12.517125
빈혈	-12.517128
▁Scriptures	-12.517331
▁의나머지부분	-12.517339
배우고있는	-12.517366
시옵소서	-12.517411
알아야한다	-12.517460
애호가	-12.517510
죽었을때	-12.517511
▁베풀고	-12.517547
▁영생하리라	-12.517605
팠	-12.517635
▁주치의	-12.517650
팔레스타인	-12.517806
▁모르겠군요	-12.517856
▁점수를	-12.517960
dpi	-12.518137
▁했다는사실	-12.518198
어떤교훈	-12.518423
▁대답하더라	-12.518453
▁에대한견해	-12.518679
▁미친놈	-12.518918
분투	-12.519004
uch	-12.519318
읽거나	-12.519325
언약궤	-12.519562
▁방해하는	-12.519574
▁말해주세요	-12.519946
▁이르길	-12.520108
도합	-12.520123
표출	-12.520197
몇개월	-12.520305
무식	-12.520332
▁하자마자	-12.520350
▁뺏어	-12.520599
▁성공적인	-12.520623
사탕	-12.520647
망령	-12.520697
유골	-12.520724
억명	-12.520739
▁조국	-12.521073
▁지속되	-12.521103
▁박살	-12.521120
있기를	-12.521120
었느냐	-12.521448
웨스트	-12.521526
▁를끄는	-12.521715
구해주	-12.521844
연이어	-12.521846
-7	-12.521918
치밀	-12.521948
▁파랑	-12.522009
품목	-12.522019
들어맞	-12.522042
유언	-12.522053
신봉자	-12.522096
▁발렌타인	-12.522433
▁오프셋	-12.522433
▁위키피디아	-12.522433
심포지엄	-12.522433
비공식증거	-12.522434
월드북백과사	-12.522437
▁의원래목적	-12.522441
ology	-12.522442
▁으로가득찬	-12.522533
▁안녕하십니까	-12.522566
▁세겜	-12.522577
킵니까	-12.522599
▁1936	-12.522806
해드릴	-12.522846
였음	-12.522853
추장	-12.523059
나눠주	-12.523121
쌓인	-12.523217
▁에잠긴	-12.523258
▁아니하였느냐	-12.523348
났을때	-12.523400
▁섬기지	-12.523522
▁자웅	-12.523764
개탄	-12.524304
▁새번	-12.524450
양육권	-12.524459
물어보았습니다	-12.524497
▁PC	-12.524552
좋은특성	-12.524554
▁직접적으로	-12.524604
▁을알았습니다	-12.524611
▁라벨	-12.524671
마르크스	-12.524787
▁될만한	-12.524889
▁원자력	-12.524991
거두어	-12.525382
미술관	-12.525504
흐려	-12.525512
▁준비됐어요	-12.525571
▁축하해요	-12.525705
▁무료로	-12.525711
주일동안	-12.525814
나쁜영향	-12.525925
청산	-12.525963
지상상	-12.526017
▁그렇게하려면	-12.526220
AP	-12.526258
흘러나오	-12.526280
▁이신하느님	-12.526327
묻자	-12.526527
경례	-12.526555
▁나님께	-12.527105
하고있으며	-12.527152
▁출시	-12.527266
▁from	-12.527561
▁밋첼	-12.527561
▁업그레이드	-12.527561
하람사원	-12.527563
외경감	-12.527564
▁퀴즈	-12.527574
▁헬멧	-12.527575
다면서요	-12.527585
▁item	-12.527627
▁갯수	-12.527692
좋은친구	-12.527711
▁라고부른다	-12.528018
▁쪼개	-12.528030
프로테스탄트교	-12.528058
▁낫겠	-12.528111
삼십	-12.528181
꼼짝	-12.528293
오렌지	-12.528335
느긋	-12.528421
보이는사람	-12.528512
▁그분이시라	-12.528691
▁없었노라	-12.528857
기억속	-12.528873
지시사항	-12.528906
옳고	-12.529191
만들기	-12.529349
디디	-12.529476
▁뿐이었	-12.529625
보초	-12.529797
회담	-12.529837
▁좋겠습니다	-12.529899
▁아니했으며	-12.530060
▁소용이	-12.530136
▁거역하며	-12.530169
▁슬프게도	-12.530196
▁딱히	-12.530233
▁장군님	-12.530282
▁넣기	-12.530305
좋아하는것	-12.530385
퍼져나가	-12.530516
▁두려워하라	-12.530692
하늘생명	-12.530987
▁에비하여	-12.531049
광학	-12.531221
공표	-12.531251
▁을겪었습니다	-12.531253
▁받으며	-12.531296
전승	-12.531335
받아들입니다	-12.531381
무책임	-12.531439
웨어	-12.531441
▁본성	-12.531559
군림	-12.531588
비틀	-12.531741
지질학자	-12.531753
검은색	-12.531991
천황	-12.532160
▁수업에서	-12.532192
▁를낮추	-12.532301
▁해서이렇게말	-12.532388
받을수없	-12.532674
yn	-12.532703
▁레베카	-12.532716
성경통찰	-12.532716
정탐꾼	-12.532716
지구온난화	-12.532716
ritten	-12.532717
▁데이비스	-12.532720
▁카트리지	-12.532726
▁Christ	-12.532767
어지럽	-12.532788
구슬	-12.532862
▁결코그렇지않다	-12.532882
▁에서와같이땅	-12.532967
▁캐런	-12.532986
섬뜩	-12.533108
있어야할	-12.533165
전례없는	-12.533207
▁진멸	-12.533237
▁반환한다	-12.533279
신성모독	-12.533282
돋보이게	-12.533458
▁달리기	-12.533536
믿지않는자	-12.533593
▁을가지고계셨	-12.533620
▁셈이죠	-12.533719
방학	-12.533778
진심어린	-12.533802
▁을보시고	-12.533805
▁매력적이	-12.533838
여러면	-12.533917
▁클레이	-12.534566
▁배우게	-12.534660
했대	-12.534736
▁잘못이야	-12.534811
하시면서	-12.534858
울창	-12.534940
IR	-12.535093
상대편	-12.535104
▁모르니까	-12.535148
알아보려고	-12.535163
없었어요	-12.535384
▁가있는이유	-12.535432
죄의식	-12.535518
▁똑똑해	-12.535639
두십시오	-12.535935
▁을섬기는것	-12.536321
▁로부터오는	-12.536335
갈수없	-12.536389
멍청	-12.536697
▁도없읍니다	-12.536760
수평	-12.536814
▁를따르는것	-12.537268
부녀	-12.537339
net	-12.537646
듣습니다	-12.537735
예언자다니엘	-12.537787
해줬어	-12.537839
밤하늘	-12.537877
▁CEO	-12.537897
▁에서알려주듯이	-12.537898
▁뺄셈	-12.537899
▁가르시아	-12.537901
▁달콤한	-12.538000
▁되었다는사실	-12.538040
my	-12.538055
받아들임	-12.538060
▁순식간에	-12.538112
생육	-12.538118
▁Your	-12.538155
당하였읍니다	-12.538209
유혈죄	-12.538217
허약	-12.538542
▁쓸게요	-12.538756
▁생겼다	-12.538864
▁을심어	-12.539171
굉장히	-12.539404
▁를내며	-12.539409
니콜	-12.539458
행하기	-12.539635
후각	-12.539643
치러야	-12.539657
▁불안해	-12.539672
버릴수있	-12.539672
일반인	-12.539959
감추어	-12.540019
러셀	-12.540030
작은집단	-12.540160
잊지못할	-12.540301
독방	-12.540357
주일학교	-12.540357
일차적	-12.540629
느냐에따라	-12.540710
▁공경하라	-12.540815
▁로말미암	-12.540830
요즘	-12.540891
두려워하며	-12.541064
▁해결하기	-12.541108
주님이신	-12.541162
알려주며	-12.541192
흔히볼수있는	-12.541251
vo	-12.541271
회합	-12.541384
인류세상	-12.541587
각처	-12.541747
잇몸	-12.541902
잘못생각	-12.541979
▁쉴드	-12.542099
암울	-12.542214
▁숭배하지	-12.542260
남태평양	-12.542425
알아야할	-12.542503
없다는점	-12.542699
▁하게해줍니다	-12.542728
그렇게한다	-12.542773
▁테리	-12.542935
팡	-12.542973
멧	-12.543080
슬로베니아	-12.543105
▁꼭짓점	-12.543107
▁할바없이	-12.543116
동그라미	-12.543118
쌍동이	-12.543136
흠뻑	-12.543171
▁받고있는	-12.543175
▁징표	-12.543700
문턱	-12.543720
▁초록	-12.543804
눈동자	-12.543912
깨어살피	-12.543936
겨누	-12.544052
해주신것	-12.544086
▁년대말	-12.544153
▁보다앞서	-12.544232
지도않는다	-12.544254
라틴아메리카	-12.544259
영적형제자매	-12.544322
▁가끝난	-12.544448
에관하여	-12.544450
▁을뚫고	-12.544465
어떻게되었는가	-12.544792
용기있는	-12.545006
빌라도	-12.545105
섞여있	-12.545401
생식기	-12.545797
▁사우스	-12.545828
▁않을거에요	-12.546199
▁0.1	-12.546320
돈벌이	-12.546336
▁공유하는	-12.546429
슴	-12.546860
▁을가지고있다면	-12.546922
뿐이에요	-12.547045
▁응원	-12.547352
▁글로리	-12.547361
▁을찾기위해	-12.547366
두딸	-12.547432
지않은이유	-12.547475
강해질	-12.547531
기관총	-12.547863
▁미안하네	-12.547908
지하수	-12.548079
▁일뿐아니라	-12.548117
세계지도자	-12.548285
생산품	-12.548334
▁스펜서	-12.548343
▁공화당	-12.548368
▁덩치	-12.548370
▁움직입니다	-12.548609
대기권	-12.548624
무너질	-12.548707
▁가살던	-12.548829
게릴라	-12.548844
애초	-12.549263
▁남자랑	-12.549264
▁을가질것	-12.549268
많으며	-12.549323
협약	-12.549435
▁되신후	-12.549457
▁도와줄게	-12.549494
▁이되어왔다	-12.549527
▁못함이라	-12.549592
댐	-12.549635
들끼리	-12.549671
▁이해해요	-12.549794
분화구	-12.549869
▁그러니깐	-12.549958
인디오	-12.550010
얼른	-12.550028
똑같	-12.550112
었을지모릅니다	-12.550179
빌려	-12.550299
올바른결정	-12.550455
전염성	-12.550704
할수있었다	-12.550766
하셔	-12.550940
달려가서	-12.551207
열병	-12.551233
▁꼬마야	-12.551446
중어느것	-12.551498
▁대위님	-12.551618
알츠하이머병	-12.551709
▁시작한다	-12.551908
걷는것	-12.551911
보여줄	-12.551943
쌓아두	-12.552079
했겠죠	-12.552122
▁보다먼저	-12.552335
성경진리	-12.552464
모집	-12.552475
즉그분	-12.552491
빌려주	-12.552595
으셨어요	-12.552621
(*)	-12.552681
느끼는사람	-12.552717
나일강	-12.552734
남짓	-12.552799
▁되겠습니다	-12.553026
내리신	-12.553158
권좌	-12.553240
▁좋겠군	-12.553313
▁성립하	-12.553377
▁영장	-12.553418
뻔했	-12.553436
▁치못	-12.553501
갓난아기	-12.553605
▁다항식	-12.553617
▁자폐증	-12.553617
▁로맨스	-12.553679
받았어요	-12.553804
필경	-12.553815
▁뒤져	-12.553892
▁아델	-12.554009
신령	-12.554297
납치범	-12.554496
▁속죄제	-12.554543
ial	-12.554645
학설	-12.554747
▁보여드리죠	-12.554759
▁중대한	-12.554893
지아니하시고	-12.554976
약물치료	-12.554983
보지못한	-12.555075
▁기린	-12.555129
깜짝놀라	-12.555208
▁라는주제	-12.555365
셨나이다	-12.555535
▁던진	-12.555802
필립	-12.555836
제일먼저	-12.555887
시민권	-12.555893
▁파트	-12.556151
/6	-12.556187
▁되잖아요	-12.556437
수동적	-12.556447
To	-12.556461
▁골드	-12.556566
▁때문이지요	-12.556609
BA	-12.556616
▁남기지	-12.556677
▁시작됩니다	-12.556720
자라게하	-12.556951
겨울철	-12.556988
단련	-12.557092
▁바꾸면	-12.557303
▁예언자들	-12.557323
할꺼야	-12.557431
줄수있을것	-12.557508
거짓가르침	-12.557716
뿌리뽑	-12.557916
▁Cl	-12.558011
올랐습니다	-12.558032
탄압	-12.558258
대속희생	-12.558301
▁택하지	-12.558327
개설	-12.558375
모태	-12.558430
▁투어	-12.558697
▁로더불어	-12.558898
가까스로	-12.558898
미얀마	-12.558900
▁손님들	-12.558919
▁랄프	-12.558943
▁말씀하시기를	-12.559210
수없이많은	-12.559301
양모	-12.559397
사려깊음	-12.559408
보이면	-12.559411
▁머릿말	-12.559450
베드	-12.559605
▁지켰	-12.559633
▁리디아	-12.559740
고믿습니다	-12.559740
프렌	-12.559857
▁데살로니가후	-12.559868
▁이생겼습니다	-12.560167
▁를찾아내	-12.560603
기독교	-12.560743
▁않으며	-12.560804
없앨수	-12.560910
▁them	-12.561069
찍어	-12.561099
해봐야	-12.561150
너구리	-12.561274
▁찾는데	-12.561357
land	-12.561435
▁애들한테	-12.561628
탈린	-12.561635
▁필요하죠	-12.561786
짓기	-12.561896
마신다	-12.561901
하지는않습니다	-12.561931
올렸다	-12.561942
▁하고싶습니다	-12.561960
▁보리니	-12.561969
기부금	-12.561981
▁주인님	-12.562010
유괴	-12.562118
무절제	-12.562397
▁가될수있는	-12.562449
결혼배우자	-12.562471
클레어	-12.562742
머물러	-12.563451
▁올렸	-12.563637
내려앉	-12.563754
게되어있었읍니다	-12.563781
▁머릿	-12.564115
알아보겠습니다	-12.564202
알려졌	-12.564203
본디오빌라도	-12.564215
▁에서씻기시매다시	-12.564216
아름다웠	-12.564217
▁콘서트	-12.564220
▁백악관	-12.564227
▁뛰어들	-12.564373
속아넘어	-12.564418
게으르	-12.564446
▁목적으로	-12.564692
부턴	-12.564697
▁의뢰인	-12.564854
게될지모른다	-12.564857
▁마땅히	-12.564860
금전적	-12.564910
▁께대한헌신	-12.564929
안내서	-12.564940
농촌	-12.564955
▁있으리니	-12.564979
▁하였듯이	-12.565149
▁있답니다	-12.565155
암호	-12.565184
▁바이오	-12.565249
▁하지않으실	-12.565274
얻은것	-12.565368
삭감	-12.565556
욕정	-12.565763
▁을누리고있습니다	-12.565925
▁who	-12.566110
플린	-12.566288
▁지금껏	-12.566314
핵폭탄	-12.566365
닥터	-12.566552
가정용	-12.566645
피할수	-12.566650
하게되면	-12.566941
▁을발하	-12.566963
낯선	-12.567034
우주공간	-12.567201
그렇게한것	-12.567345
널리알려진	-12.567413
자꾸나	-12.567573
신청서	-12.567677
돌아갈것	-12.567720
권하였습니다	-12.567750
루터	-12.567867
리즘	-12.567976
▁조회	-12.568330
꼬박	-12.568407
▁을베풀어주	-12.568445
이루리라	-12.568520
헤어지	-12.568521
될사람	-12.568785
▁하기어렵	-12.568994
▁를가지고있습니다	-12.569069
▁갔었어	-12.569133
평소	-12.569289
펭	-12.569561
왕겸제사장	-12.569562
챈	-12.569562
브리태니커백과사전	-12.569563
▁내버려둬	-12.569611
불면증	-12.569670
▁를나눈	-12.569878
▁장난해	-12.569897
▁프랑	-12.569929
▁하진스	-12.570067
큰유익	-12.570178
지말아야할	-12.570283
가까웠다	-12.570296
▁께속한	-12.570537
▁다름없	-12.570542
놀랄만큼	-12.570563
▁와줘서	-12.570622
알려주지않습니다	-12.570667
배웠습니다	-12.570676
민첩	-12.571000
페인	-12.571139
왕래	-12.571259
가장많은	-12.571301
In	-12.571306
행할것	-12.571395
이동주택	-12.571459
작아	-12.571546
요시야	-12.571589
시편필자다윗	-12.571607
났으며	-12.571774
알고있었다	-12.571973
죽거나	-12.571992
일어납니다	-12.572129
▁추종자들	-12.572407
사마리아사람	-12.572494
▁이겼어	-12.572564
부서진	-12.572641
잘아는	-12.572720
사라졌	-12.572807
▁오셨어요	-12.573099
▁얘기하자	-12.573135
어떤특성	-12.573214
▁들어봤	-12.573233
벌채	-12.573241
▁일원이	-12.573312
▁물어보라	-12.573808
해야겠어요	-12.574129
살아있게	-12.574242
▁날마다	-12.574363
▁에대한응답	-12.574598
포괄적	-12.575239
들어보겠습니다	-12.575403
능동적	-12.575480
건져내	-12.575513
보도매체	-12.575656
한걸음	-12.575709
▁에나타나있는	-12.575817
▁기증자	-12.575830
듣는자	-12.575840
▁썼어요	-12.576213
▁해주셨다	-12.576280
단한번	-12.576297
바라던	-12.576474
▁지닌	-12.576757
ans	-12.576910
▁변태	-12.576953
▁베이비	-12.577102
▁어려움을	-12.577208
놀라운희망	-12.577213
▁대문	-12.577311
간질	-12.577704
메시아왕국	-12.577778
ling	-12.577838
▁께바치	-12.577859
기뻐하고	-12.578027
불충성	-12.578564
불쑥	-12.578643
▁슬라이	-12.578657
맡아	-12.578748
운석	-12.578794
추락	-12.579007
▁말했잖아요	-12.579129
냈는데	-12.579306
▁를기쁘시게	-12.579610
매달려있	-12.579629
도록돕는일	-12.579636
냈죠	-12.579667
다시방문	-12.579701
나쁘다	-12.579943
겠는데요	-12.579961
▁컨트롤	-12.580046
덧붙였다	-12.580204
궂	-12.580341
▁네델란드	-12.580344
그루지야	-12.580357
지는모르지만	-12.580361
여드름	-12.580362
호위	-12.580429
▁will	-12.580444
▁이라고불리우는	-12.580475
고등학생	-12.580593
▁케이시	-12.580714
▁을마친	-12.580851
먹거나	-12.580923
▁를나타낸다	-12.581042
book	-12.581079
▁가생길수있	-12.581113
▁풀어주	-12.581226
들어갈것	-12.581285
없었지요	-12.581729
충동적	-12.581736
그러한방법	-12.581745
▁오랜만이	-12.581923
ale	-12.581938
▁구독	-12.582356
▁비슷합니다	-12.582433
파이어	-12.582449
바티칸	-12.582520
기드온	-12.582565
스티븐	-12.582568
▁에있게되	-12.582700
▁시작했어	-12.582830
여겨졌습니다	-12.583006
다자란	-12.583078
페루	-12.583159
고싶은욕망	-12.583199
▁등식	-12.583276
▁같았어	-12.583296
금연	-12.583348
좋았습니다	-12.583426
이슬람	-12.583491
능하신	-12.583577
정치지도자	-12.583597
연방정부	-12.583682
-6	-12.583695
열여섯살	-12.583810
미국대통령	-12.583973
돌아갔	-12.584410
▁추구하는	-12.584535
▁을갖고있다	-12.584885
눌러	-12.585357
더높다	-12.585514
▁이또있	-12.585546
씌워	-12.585557
▁많죠	-12.585722
근친상간	-12.585778
대수롭지않게	-12.585778
매사추세츠	-12.585779
콜포처	-12.585779
▁자비로우신	-12.585780
안티오크	-12.585781
▁모바일	-12.585795
국교	-12.585816
주기도문	-12.585893
▁할만합니다	-12.585894
어둡게	-12.585922
▁석션	-12.585941
양탄자	-12.585972
구매자	-12.585976
▁계산하면	-12.585995
▁원하신다면	-12.586042
▁쓸모가	-12.586148
▁저주받은	-12.586187
검정	-12.586203
쓰나미	-12.586204
▁하나라도	-12.586280
▁년가을	-12.586354
안목	-12.586387
적외선	-12.586533
로마가톨릭	-12.586569
▁받기위해	-12.586863
▁두렵게	-12.586916
▁가져오라	-12.587167
가장널리	-12.587178
▁히권하였습니다	-12.587217
▁을미치고있	-12.587528
벅차	-12.587620
시기심	-12.587702
▁께서행하신	-12.587742
중아무	-12.587971
▁발견했어요	-12.588260
굴착	-12.588452
짙	-12.588558
넣어주	-12.588573
보임	-12.588697
형제애	-12.588807
노쇠	-12.588809
미친듯이	-12.588862
갇혀있	-12.589005
받쳐	-12.589067
국방	-12.589203
▁물어본	-12.589341
▁받았으며	-12.589608
유전학	-12.589791
것같은데	-12.589900
▁하녀	-12.589905
기는하지만	-12.589995
불러일으킨	-12.590015
cal	-12.590127
아니었읍니다	-12.590261
불규칙	-12.590362
44:	-12.590485
돌립니다	-12.590531
교황요한	-12.590559
AM	-12.590701
랍비	-12.590900
열성적	-12.590937
복음전파	-12.591036
견디어	-12.591090
▁샴페인	-12.591243
▁덤벼	-12.591244
▁을가로질러	-12.591244
▁카레프	-12.591244
비길데없는	-12.591244
▁풋볼	-12.591247
접착제	-12.591253
▁아니하시고	-12.591264
▁화나게	-12.591270
정신분열증	-12.591306
나미비아	-12.591331
농산물	-12.591411
지질학	-12.591455
규율	-12.591595
▁아무데도	-12.591650
▁1917	-12.591697
▁커튼	-12.591703
릴수있다	-12.591731
다르다는것	-12.591903
보도록하겠습니다	-12.591961
드리기	-12.591985
모였습니다	-12.592016
풀려났	-12.592018
재채기	-12.592022
창백	-12.592064
많게는	-12.592197
굴절	-12.592417
합하여	-12.592678
좋겠	-12.592679
압니까	-12.592776
▁(#	-12.592836
▁배경색	-12.592839
▁을해야하	-12.592982
▁재무	-12.593083
평탄	-12.593097
무도회	-12.593126
험한	-12.593359
든간에	-12.593408
▁관용으로	-12.593666
▁조준	-12.593802
▁없단다	-12.594126
방심	-12.594194
사내아이	-12.594439
▁필요하다면	-12.594511
▁예배하	-12.594528
그이후	-12.594617
▁됐는지	-12.594648
왕솔로몬	-12.594650
심한고통	-12.594804
루이스	-12.594832
▁을나타내십시오	-12.594861
벡터	-12.594895
▁확증하	-12.595168
▁교훈으로	-12.595246
이웃집	-12.595276
▁던질	-12.595379
▁보다도훨씬더	-12.595464
요르단	-12.596025
▁이사는지역	-12.596049
고자한다	-12.596136
유창	-12.596160
로마군대	-12.596291
남극	-12.596609
▁생각하시는	-12.596656
니고데모	-12.596737
▁룸메이트	-12.596738
관상동맥	-12.596738
▁스럽게되신	-12.596741
온타리오	-12.596743
▁의세계본부	-12.596811
▁을피하기위해	-12.596897
▁을베풀수있	-12.597011
질수있는	-12.597035
했구나	-12.597035
갈매기	-12.597116
▁맹세하나니	-12.597193
▁있겠느뇨	-12.597414
▁소린	-12.597427
될정도	-12.597492
오래참으	-12.597577
▁하신선생님	-12.597708
중몇가지	-12.597820
▁을갖게된다	-12.597930
잘지내	-12.597987
▁하려고애쓰	-12.598113
팔다리	-12.598117
▁주리요	-12.598125
부러진	-12.598143
▁비슷해	-12.598186
되어있었다	-12.598253
▁가까워지	-12.598319
▁불러오기	-12.598661
놓아주	-12.598699
▁하지는않는다	-12.598795
▁할줄모르는	-12.598800
답답	-12.598828
살펴보면서	-12.598837
▁다행히도	-12.599007
그리스도인중립	-12.599012
휘장	-12.599287
▁1937	-12.599492
▁파커	-12.599496
하지말며	-12.599717
알려줄수있	-12.599726
그렇게할수있다	-12.599744
헤드	-12.599751
▁않겠다고	-12.599942
석회	-12.600347
통용	-12.600557
눠	-12.600621
이와같이말	-12.600628
▁의인도아래	-12.600688
합류	-12.600708
▁드리며	-12.600971
▁루비	-12.601595
려는경향	-12.601767
지않으면안되었습니다	-12.601932
▁요정	-12.601941
보고있다	-12.602035
▁사용해야	-12.602138
속죄일	-12.602171
닙	-12.602260
▁나눗셈	-12.602262
▁메타데이터	-12.602262
사단법인워치타워성서책자협회발행	-12.602262
슈퍼마켓	-12.602262
▁check	-12.602266
바느질	-12.602268
▁을깨뜨리	-12.602294
▁싱글	-12.602296
▁모뎀	-12.602307
도덕성	-12.602336
뭉쳐	-12.602345
▁있다는걸	-12.602386
▁을가지고계십니다	-12.602513
▁를바라십니다	-12.602584
그린란드	-12.602698
부자연	-12.602760
▁미워하는	-12.602945
▁하셨더라	-12.603022
뉴욕브루클린	-12.603092
흐릿	-12.603150
ier	-12.603279
비관적	-12.603348
▁생각했을	-12.603363
뒤따르	-12.603418
▁1513	-12.603425
생활필수품	-12.603546
▁there	-12.603583
이르되	-12.603805
하였거늘	-12.603979
▁혼란스럽	-12.604085
등장인물	-12.604089
퍼져나갔	-12.604305
▁뿐인데	-12.604306
나타나기	-12.604315
▁운데	-12.604348
그러한사실	-12.604352
참되다	-12.604422
노르	-12.604578
행해지	-12.604595
악순환	-12.604662
▁움직여야	-12.604881
열일곱살	-12.604975
돌아서서	-12.605333
▁중재자	-12.605635
▁명심해	-12.606080
배울것	-12.606125
oli	-12.606173
논박	-12.606185
▁광야에서	-12.606256
▁약속할게	-12.606318
▁추워	-12.606448
취득	-12.606760
만들기위해	-12.607063
▁해결해야	-12.607192
매우흥미	-12.607213
▁짊어	-12.607264
다닐때	-12.607433
있었죠	-12.607555
가르치며	-12.607779
밧세바	-12.607819
▁클린턴	-12.607820
살고있습니다	-12.607822
퀘벡	-12.607826
성추행	-12.607857
악영향	-12.607863
섭섭	-12.607864
▁(4)	-12.607889
▁소리지르	-12.607921
▁했더뇨	-12.608005
▁보았느뇨	-12.608006
▁기업들	-12.608088
했답니다	-12.608107
▁모니카	-12.608109
▁1929	-12.608131
▁유흑	-12.608135
▁충분하니라	-12.608143
▁려워	-12.608332
식민	-12.608374
살펴보았습니다	-12.608397
비판적	-12.608414
터놓고	-12.608452
▁찬미하라	-12.608504
▁주시노라	-12.608612
자연스럽게	-12.608858
화합	-12.608891
▁를기울였	-12.608892
가시나무	-12.608939
태울	-12.609026
▁말지니라	-12.609170
▁아니했느뇨	-12.609374
칼뱅	-12.609415
루터교	-12.609478
ower	-12.609682
건강상태	-12.609814
▁에게하듯	-12.609858
▁엘리후	-12.609869
▁시키셨습니다	-12.610052
복음전파활동	-12.610081
티임	-12.610130
▁치킨	-12.610264
▁불지옥으로	-12.610365
그만큼더	-12.610580
늘어났다	-12.610625
경악	-12.610718
▁봤잖아	-12.610727
▁경우엔	-12.610742
투성이	-12.610853
거짓말쟁이	-12.610903
허공	-12.611143
목구멍	-12.611282
나오며	-12.611360
창녀	-12.611362
▁도와줬	-12.611396
알고계셨습니다	-12.611406
막으려고	-12.611988
▁하겠읍니까	-12.612132
혹성	-12.612508
알려주기때문	-12.612688
다섯개	-12.612779
암담	-12.612947
▁예측할	-12.613154
지나쳐	-12.613258
증폭	-12.613262
▁에스코바	-12.613278
성서전체	-12.613332
▁의우주주권	-12.613406
▁터어키	-12.613406
▁스크롤	-12.613408
꾸러미	-12.613413
꿰뚫	-12.613416
세부사항	-12.613420
고마움	-12.613446
▁엑스레이	-12.613457
▁DPI	-12.613497
주유소	-12.613641
봤지만	-12.613648
치료방법	-12.613801
An	-12.613837
▁고딕	-12.613855
▁1925	-12.614145
공급원	-12.614161
하려하심	-12.614312
▁요람	-12.614337
보건대	-12.614399
행한것	-12.614498
▁출동	-12.614708
그렇지않을것	-12.614844
양측	-12.615043
▁놓친	-12.615160
장작	-12.615187
▁를위한교훈	-12.615251
태양광선	-12.615300
▁그러려면	-12.615611
영양소	-12.615723
옮길	-12.615943
숱한	-12.615957
▁Con	-12.616032
두어야한다	-12.616167
겪게되는	-12.616172
▁무엇이냐	-12.616269
list	-12.616305
이웃나라	-12.616339
전해지	-12.616696
▁곁에서	-12.616766
▁모으는	-12.616909
▁지루하	-12.617175
▁쟤들	-12.617579
겪었던	-12.617600
▁알아내야	-12.617602
그렇지않았다	-12.617752
수업시간	-12.617769
갈수있다	-12.617771
PI	-12.617824
▁Me	-12.617824
취향	-12.617831
▁을돕는데	-12.617968
만나서	-12.618074
▁있겠습니다	-12.618130
몇달동안	-12.618549
껍	-12.618686
왔으나	-12.618898
3,000	-12.618917
살수없	-12.618934
갑작스럽게	-12.619022
딧	-12.619022
샅샅이	-12.619022
▁케네디	-12.619025
ject	-12.619028
신영어성서	-12.619031
혼수상태	-12.619043
올바른태도	-12.619051
웨일스	-12.619081
▁사부님	-12.619143
▁트롤	-12.619180
어울릴	-12.619197
되셨습니다	-12.619229
▁을만지	-12.619386
▁을괴롭히는	-12.619412
▁하라는초대	-12.619521
아주작은	-12.619591
▁은하계	-12.619607
▁을받으려면	-12.619639
동결	-12.619744
▁들어오세요	-12.619815
▁TEDx	-12.619830
기울였습니다	-12.619873
지의여부	-12.619969
랗게	-12.620028
많은고통	-12.620044
십대시절	-12.620118
려고애썼	-12.620120
해주어야	-12.620175
▁왔구나	-12.620238
북반구	-12.620297
꼬마	-12.620327
알게된다	-12.620459
▁말하노니	-12.620466
되어있었습니다	-12.620678
▁의주요점	-12.620853
이곳지상	-12.620872
애원	-12.620883
그렇듯이	-12.621003
해양생물	-12.621802
▁작동하지	-12.621951
지구전역	-12.622062
들어있읍니다	-12.622128
▁할수있게되	-12.622142
마리화나	-12.622314
잊을수	-12.622379
낸다음	-12.622417
▁전체적인	-12.622702
받기전	-12.622746
▁할수있게되었다	-12.622752
▁다물어	-12.622791
und	-12.622929
키운	-12.622984
흑백	-12.623024
들어있었습니다	-12.623040
한국어	-12.623348
할줄알	-12.623413
ett	-12.623484
읽는일	-12.623559
▁위험해요	-12.623601
혁신적	-12.623646
▁누군	-12.623797
도괜찮	-12.624036
누리게될	-12.624137
병원균	-12.624291
엘레	-12.624360
가하는점	-12.624581
▁숨겼	-12.624592
▁되고지혜있는종	-12.624672
▁카운티	-12.624672
샴	-12.624672
▁NZT	-12.624673
다룹니다	-12.624673
▁꼬맹이	-12.624674
▁도와드릴까요	-12.624697
▁왜그런가	-12.624736
work	-12.624762
▁에휩싸이	-12.624796
져왔다	-12.624807
예방접종	-12.624824
보내주십시오	-12.624982
누려왔	-12.625048
/7	-12.625258
일곱번	-12.625416
네하나님여호와	-12.625524
6,000	-12.625705
어떻게되는가	-12.625747
아모스	-12.625793
자만심	-12.626211
않았을것	-12.626250
산업화	-12.626272
▁을하는동안	-12.626431
심부름	-12.626577
서는안될	-12.626615
▁과의평화	-12.626734
밀어넣	-12.627148
언론인	-12.627190
포르투갈어	-12.627339
권하였다	-12.627451
▁을겪는사람	-12.627639
되돌려	-12.627708
감퇴	-12.627730
▁사샤	-12.627774
경쟁적	-12.627815
물려받은	-12.627815
다스릴것	-12.628042
일반화	-12.628163
▁먹되	-12.628221
드리고싶습니다	-12.628356
젊은여성	-12.628439
읽었다	-12.628509
갖춰	-12.628716
▁허락된	-12.628778
▁로우시	-12.628907
단풍	-12.628930
얘	-12.628982
나팔소리	-12.629117
강간범	-12.629299
합세	-12.629342
드리는것	-12.629452
합계	-12.629454
IP	-12.629581
유리창	-12.629759
나타나있다	-12.629943
▁미행	-12.629959
거액	-12.630310
휠	-12.630353
▁트래비스	-12.630354
대영제국	-12.630361
비흡연자	-12.630362
▁괴롭게	-12.630519
마르크	-12.630593
수천만	-12.630704
▁해상도	-12.630713
거의혹은전혀	-12.630921
여섯명	-12.631004
IL	-12.631114
자세히살펴보	-12.631249
▁보이시죠	-12.631416
▁맛볼	-12.631444
불러일으키	-12.631556
▁토글	-12.631717
▁Mr	-12.631768
그렇게한다면	-12.631773
도사리고있	-12.631849
▁하곤하였습니다	-12.631877
▁후손들	-12.632183
▁기억해야	-12.632455
체계적	-12.632466
동료감	-12.632495
알려주고있다	-12.632511
▁을깨닫게되었다	-12.632519
▁가져왔어요	-12.632699
보조금	-12.632787
▁Pro	-12.632827
옥외	-12.633143
줄어든다	-12.633164
올립니다	-12.633225
반대편	-12.633427
▁이라고부른	-12.633497
▁명심하	-12.633558
▁하지않으셨다	-12.633602
포용	-12.633606
두려워하는것	-12.634250
하건대	-12.634268
고아원	-12.634412
일어날일	-12.634429
연합체	-12.634571
▁잠시후	-12.634596
살펴보도록하겠	-12.635220
잔잔	-12.635243
구소련	-12.635396
자랄수있	-12.635796
챔	-12.636067
▁덴마아크	-12.636068
뻣뻣	-12.636068
잔학행위	-12.636070
▁이밝혀졌습니다	-12.636086
▁헬륨	-12.636094
▁고모라	-12.636103
려면어떻게해야	-12.636105
▁무작위로	-12.636121
▁느리게	-12.636186
소비에트	-12.636190
▁테일러	-12.636196
부드러운애정	-12.636336
아굴라	-12.636343
▁보다낫	-12.636362
▁1928	-12.636377
견딜수없	-12.636406
bi	-12.636413
▁을가져야합니다	-12.636456
▁요아스	-12.636464
SP	-12.636477
벌어지고있	-12.636484
▁하면할수록	-12.636663
▁캔디	-12.636677
▁을끼치	-12.636708
찾을수없	-12.636759
▁전해줘	-12.637106
부드러운동정심	-12.637218
황량	-12.637329
쳤읍니다	-12.637330
▁시켜야한다	-12.637621
▁저장하기	-12.637630
염원	-12.637688
황금시대	-12.637757
▁망각하	-12.637774
밝힐	-12.637801
가르치기	-12.637900
기쁜마음	-12.637914
▁이임하	-12.638026
육류	-12.638379
긴하였지만	-12.638391
석회암	-12.638391
▁이분은	-12.638717
▁시작되었습니다	-12.638967
▁될수없다	-12.639377
초조	-12.639419
브리스	-12.639421
믿지않	-12.639519
이루어집니다	-12.639544
▁친구들에게	-12.639553
bra	-12.639946
으레	-12.640077
원하십니까	-12.640297
창시	-12.640593
펼쳐진	-12.640846
line	-12.640893
On	-12.641089
▁하시는이유	-12.641247
받아들였으며	-12.641257
익사	-12.641387
▁CPU	-12.641815
골칫거리	-12.641815
멜기세덱	-12.641815
▁캣니스	-12.641816
▁뭐랄까	-12.641821
백혈구	-12.641830
▁케이티	-12.641850
▁레이아웃	-12.641896
▁폴닥	-12.641912
포위공격	-12.641955
▁제말은	-12.642090
▁화려한	-12.642120
십쇼	-12.642146
썰매	-12.642147
왕립	-12.642284
흥청	-12.642333
다닐수있	-12.642474
앗아갔	-12.642719
으셔야	-12.642775
▁을좇아	-12.643193
디모데후서	-12.643196
바로잡아주	-12.643380
지못하게막	-12.643381
▁그럴까요	-12.643685
▁방해하지	-12.643747
▁만났어요	-12.644029
현관	-12.644032
주신데대해	-12.644218
되고말았다	-12.644232
▁할수있게되었습니다	-12.644675
▁를보러	-12.644694
ash	-12.644748
▁을가지고있지않	-12.644986
한연구결과	-12.645053
불충분	-12.645239
홀연	-12.645297
병아리	-12.645461
살균	-12.645489
▁뜻합니다	-12.645671
하박국	-12.645758
뭄	-12.645872
졸음	-12.646129
자동차사고	-12.646362
얼마나잘	-12.646434
일곱살	-12.646564
경쟁심	-12.646833
듣지않	-12.647190
볼만한	-12.647346
기업체	-12.647579
▁에서우러나오는	-12.647602
▁인덱스	-12.647605
type	-12.647608
▁스탠포드	-12.647617
▁조나단	-12.647617
팔꿈치	-12.647627
한쌍	-12.647629
껍니다	-12.647662
궤휼	-12.647664
▁를펴서	-12.647679
▁숙여	-12.647781
거닐	-12.647801
▁가져옵니다	-12.647817
▁가득찬	-12.647881
▁닥치고	-12.647908
할찌라도	-12.647997
▁을찾으려는	-12.648102
▁환상적인	-12.648186
▁무얼	-12.648509
다녀야	-12.648515
피부암	-12.648522
▁으로가득차있	-12.648564
어찌그리	-12.648579
▁웬일이	-12.648591
▁강좌	-12.648617
했구요	-12.648734
▁을하게된다	-12.648803
매일아침	-12.648926
cle	-12.649214
일러주	-12.649712
▁알려줬	-12.649904
▁로운관계	-12.650203
ole	-12.650297
정신장애	-12.650489
mer	-12.650609
열다섯살	-12.650625
행할때	-12.650988
▁해왔습니까	-12.651024
거두어들	-12.651052
피운	-12.651103
▁시키셨다	-12.651156
그렇다면	-12.651332
예술적	-12.651341
경제제도	-12.651802
퇴원	-12.651830
케이블	-12.651896
플로리다	-12.652055
살아간다	-12.652061
▁구하려고	-12.652121
▁영리하	-12.652142
코카인	-12.652177
기를바라	-12.652238
쾌감	-12.652290
▁지속가능	-12.652304
로된선물	-12.652517
더자주	-12.652690
고마웠	-12.652866
▁터질	-12.652958
even	-12.653005
▁풀어보	-12.653022
모였다	-12.653136
▁을지르	-12.653175
mail	-12.653238
자기이름	-12.653314
▁콘텐츠	-12.653410
갑작스런	-12.653410
아낌없이	-12.653411
▁엽니다	-12.653420
▁크리켓	-12.653442
▁그려볼게요	-12.653576
수줍어	-12.653650
▁기후변화	-12.653762
▁을갖게하는	-12.653769
▁가축들	-12.653897
맨처음	-12.653994
정해져있	-12.654064
지상생애	-12.654094
평균수명	-12.654154
뒤쫓	-12.654280
해야돼	-12.654479
▁을나타낼때	-12.654484
▁있겠군요	-12.654527
웨스턴	-12.654643
▁길러	-12.654659
나타날수있	-12.654981
쫓겨난	-12.655428
짝짓기	-12.655493
베풀어진	-12.655500
유순	-12.655622
크랙	-12.655860
살아계	-12.655920
온순	-12.656101
폭력행위	-12.656188
자연보호	-12.656274
▁눈빛	-12.656313
▁지정합니다	-12.656494
▁에관한소식	-12.656600
나타나있습니다	-12.656962
ator	-12.656984
교육프로그램	-12.657486
다가와서	-12.657694
어딘가	-12.657873
여러도시	-12.658238
다듬어	-12.658381
피난민	-12.658381
많은과학자	-12.658390
순회구	-12.658392
왔다갔다	-12.658546
이동식	-12.658702
스테인	-12.658727
▁를열어	-12.659192
헝	-12.659234
빕	-12.659256
▁"{0}"	-12.659259
▁loop	-12.659260
백혈병	-12.659260
▁할로윈	-12.659268
▁가담긴	-12.659300
매거진	-12.659308
어둡고	-12.659317
아는지식	-12.659344
▁타이밍	-12.659374
▁무고한	-12.659415
▁해보아야한다	-12.659434
▁재판장님	-12.659441
▁수치스러운	-12.659462
▁이르시기를	-12.659472
뒤집어	-12.659535
얻지못	-12.659566
뿌듯	-12.659647
비교적소수	-12.659801
▁묻는다면	-12.660032
▁섹시하	-12.660055
▁주었나니	-12.660239
게시판	-12.660272
▁에달하였다	-12.660314
bit	-12.660375
원자폭탄	-12.660418
▁미션	-12.660465
▁되겠군요	-12.660639
▁만들어졌습니다	-12.660897
▁에떠있는	-12.660944
아메리카대륙	-12.661057
넘어질	-12.661071
▁청소년여러분	-12.661238
▁틀렸습니다	-12.661324
▁90%	-12.661416
▁오스카	-12.661488
▁를누리고있	-12.661574
▁정의역	-12.661641
우시며	-12.661687
찍혀	-12.661877
했다구요	-12.662246
돌린다	-12.662322
las	-12.662328
사제직	-12.662388
lock	-12.662471
▁하실수없	-12.662519
▁백작	-12.662639
▁필요한데	-12.662671
지나면	-12.662763
ism	-12.662896
▁을덜어주	-12.663169
나이잡지	-12.663251
비행선	-12.663273
보내면서	-12.663339
ctor	-12.663376
▁소아과	-12.663379
또다른예	-12.663436
휘하	-12.663950
보낸편지	-12.663993
커져	-12.664143
오래지속	-12.664346
낚시	-12.664361
ley	-12.664680
지않아야한다	-12.664709
이르리니	-12.664773
번민	-12.665030
책임감있는	-12.665061
▁애디슨	-12.665140
갑작스러운	-12.665140
러더퍼드형제	-12.665140
앵무새	-12.665140
지느러미	-12.665140
인터내셔널	-12.665142
열대우림	-12.665166
즐깁니다	-12.665194
덩굴	-12.665204
▁루카스	-12.665215
백화점	-12.665227
▁옥좌	-12.665236
▁슈퍼맨	-12.665271
▁손대지	-12.665314
보일지모릅니다	-12.665329
여덟명	-12.665389
▁에까지이르	-12.665703
알맞게	-12.665760
이것저것	-12.665861
괴롭혀	-12.665938
▁을이룬다	-12.665992
두사람모두	-12.666023
▁자신만의	-12.666127
▁효과적으로	-12.666138
▁을겪고있다	-12.666291
▁그렇구나	-12.666303
채워주	-12.666472
충절고수	-12.666525
▁를원하시	-12.666545
▁를돌보는일	-12.666785
read	-12.667079
강경	-12.667104
▁눌러서	-12.667459
꿰매	-12.667459
▁를범하였	-12.667814
부채질	-12.667856
창조주여호와하나님	-12.667861
했었잖아	-12.667995
▁하지않으면안되었다	-12.668032
베르트	-12.668197
칠수있는	-12.668447
49:	-12.668744
나무껍질	-12.668897
▁sin	-12.669016
떠다니는	-12.669036
살아갑니다	-12.669359
성서역사	-12.669525
엮어	-12.669624
몰랐지만	-12.669772
아브람	-12.669779
나아갔	-12.669890
손쉬운	-12.670019
노란색	-12.670211
죽으면	-12.670267
까봐두려워	-12.670783
편집인	-12.670793
▁에게미치는영향	-12.671058
▁직각삼각형	-12.671067
파수꾼	-12.671067
▁프로이드	-12.671389
▁해본결과	-12.671565
ith	-12.671643
온천하	-12.671657
있었는지	-12.671888
▁에찬관심	-12.671925
▁을누리고있	-12.672067
다랑어	-12.672124
▁진행되고	-12.672166
베르토	-12.672235
▁까지기다리	-12.672311
사업체	-12.672441
줄어들었다	-12.672459
알려졌다	-12.672529
다르지만	-12.672552
▁한바있다	-12.672633
가르칠때	-12.672640
▁그럴게요	-12.672667
일어설	-12.672815
기를원하	-12.672912
▁을미쳤습니다	-12.672975
하시리로다	-12.673081
죽였습니다	-12.673171
건강관리	-12.673210
▁을이룰것	-12.673414
할텐데	-12.673480
깊은영향	-12.673670
올리브나무	-12.673933
분이시니	-12.673989
빈틈	-12.673996
ions	-12.674038
▁만료	-12.674115
교육과정	-12.674344
▁할만한이유	-12.674454
구하는것	-12.674541
▁싫으면	-12.674579
지향적	-12.674617
드릴수있	-12.674743
번갈아	-12.674764
▁생겼는지	-12.674873
▁을받게되었습니다	-12.675013
▁를받고있는	-12.675014
가는도중	-12.675076
▁사용량	-12.675261
▁정치인들	-12.675364
▁돌아올게	-12.675417
하셨음이	-12.675440
▁고통스럽	-12.675580
▁안정적이	-12.675799
운항	-12.675817
불확실성	-12.675861
ade	-12.675955
안녕하세요	-12.676004
▁왕자님	-12.676008
살아갈수있	-12.676026
개별적	-12.676148
▁어른들	-12.676426
고동지는	-12.676700
압축	-12.676712
늑대	-12.676809
▁치못하	-12.676923
꼈	-12.676968
▁언젠간	-12.677010
▁엘르아살	-12.677010
가느다란	-12.677010
더할나위없이	-12.677010
지나않을까	-12.677010
아름다우	-12.677014
▁포인터	-12.677033
배워서	-12.677126
사태진전	-12.677144
짤막	-12.677222
청소부	-12.677403
깔려있	-12.677411
▁드럼	-12.677415
탐식	-12.677417
▁팩스	-12.677619
최선책	-12.677644
▁대수학	-12.677690
거의언제나	-12.677735
권위있는	-12.677767
▁멋지네요	-12.677768
요르단강	-12.677823
유족	-12.677841
툼	-12.677997
쓸데없	-12.678135
떠오른	-12.678552
수없었던	-12.678555
▁명가량	-12.678701
주셨으면	-12.678760
도와주실	-12.678819
▁지켜봐	-12.678909
rt	-12.679000
▁꺼낼	-12.679092
엄연	-12.679157
남방왕	-12.679279
▁호환	-12.679516
▁뜻이에요	-12.679641
▁될수있으며	-12.679895
▁기술적인	-12.679912
▁고통스러	-12.680034
▁놀러	-12.680442
성서강연	-12.680681
IM	-12.680687
지는이렇게보	-12.680826
▁달려있	-12.680942
맡긴	-12.681154
▁고아들	-12.681265
▁생물체	-12.681386
▁만있으면	-12.681801
벌어졌습니다	-12.682277
인용문	-12.682317
▁아론에게	-12.682339
걸작	-12.682374
각주참조	-12.682581
스칸디나비아	-12.682998
▁ISO	-12.683001
아랑곳	-12.683014
▁부딪히	-12.683025
구석구석	-12.683033
는지에대한	-12.683118
고맙니다	-12.683146
스텐	-12.683148
영향력있는	-12.683151
▁그려봅시다	-12.683203
▁아이템	-12.683225
▁상기시켜	-12.683240
페니키아	-12.683242
▁1932	-12.683325
무거워	-12.683370
▁가끝난후	-12.683375
▁자연스러운	-12.683409
▁세대들	-12.683413
셔츠	-12.683517
끼어있	-12.683587
보내는시간	-12.683710
▁고맙지만	-12.683818
7.5	-12.683939
▁3500	-12.683990
바칠수있	-12.684008
하셨나요	-12.684309
찾아왔습니다	-12.684385
▁선수들	-12.684525
▁회개하라	-12.684598
간혹	-12.684821
우리개개인	-12.684925
무겁게	-12.684958
반격	-12.685055
▁Go	-12.685126
▁을당했다	-12.685131
▁을앗아가	-12.685258
US	-12.685655
▁선지자들에게	-12.686031
요구사항	-12.686080
ute	-12.686083
살펴보라	-12.686097
오직여호와	-12.686306
알았읍니다	-12.686438
채널	-12.686672
▁불가능하다	-12.687542
서는안될것	-12.687973
느냐하는것	-12.688111
낼수있습니다	-12.688162
겹치	-12.688442
갈수있습니다	-12.688538
세퍼스	-12.688559
심장질환	-12.688972
▁칵테일	-12.689022
▁것임이니라	-12.689023
나이트클럽	-12.689024
▁을퍼뜨리	-12.689026
에스라	-12.689034
▁샀어	-12.689157
보편화	-12.689157
전령	-12.689301
▁갈렙	-12.689315
지어낸	-12.689407
드러났습니다	-12.689581
▁콜슨	-12.689597
▁에놓이	-12.689608
▁진정하세요	-12.689699
유배생활	-12.689744
▁적용됩니다	-12.689871
촉각	-12.689871
놓으셨	-12.689964
돌렸다	-12.689984
▁그런식으로	-12.690010
▁오븐	-12.690055
▁만나보	-12.690154
북동부	-12.690309
▁아시나요	-12.690326
청사진	-12.690381
믿습니다	-12.690647
▁을미칠수있습니다	-12.690906
요법사	-12.691198
지못한채	-12.691237
돕고자	-12.691345
검출	-12.691430
종교집단	-12.691502
▁에이르게하	-12.691654
시리이다	-12.691818
힌두교인	-12.692098
▁가되기전	-12.692245
▁트릭	-12.692369
즐길것	-12.692426
갈릴리바다	-12.692446
▁가리키	-12.692616
▁레코드	-12.692652
성서구절	-12.692738
세월동안	-12.692883
▁할줄아는	-12.693082
▁죽였다고	-12.693250
세계사건	-12.693302
끌어올려	-12.693534
매우위험	-12.693624
그렇게하지않	-12.693766
▁할수없었습니다	-12.693795
▁맛있어	-12.694019
실렸다	-12.694024
▁없더라	-12.694227
▁사건들	-12.694596
▁에서와같이	-12.694887
깅	-12.694963
▁에사로잡히	-12.695087
버어트	-12.695119
▁다행히	-12.695138
▁가로질러	-12.695154
축음기	-12.695196
▁않으시니라	-12.695312
조금더	-12.695335
사무소	-12.695556
나선형	-12.695594
▁다가올	-12.695613
따를때	-12.695652
노엽게	-12.695931
▁타일러	-12.696181
▁타인에게	-12.696258
▁충만하심	-12.696275
▁볼지옥	-12.696280
올리브유	-12.696522
▁밖에없었습니다	-12.696593
북서쪽	-12.696729
▁위험하다	-12.696965
▁먹을래	-12.697096
능욕	-12.697232
▁레이더	-12.697510
느냐고물었	-12.697658
▁를한후	-12.697698
할수없다는것	-12.697992
됨이라	-12.698005
일어나는일	-12.698109
헌장	-12.698125
특출	-12.698180
▁효과적인	-12.698549
개인성서연구	-12.698558
떨어집니다	-12.698597
중하나이다	-12.698646
▁이라고도하는	-12.698786
교습	-12.699806
성서자체	-12.700418
▁없었지만	-12.700424
▁sir	-12.700500
onna	-12.700537
큰차이	-12.700737
버릴거야	-12.700902
정말감사	-12.701140
암스테르담	-12.701180
ᄏᄏᄏ	-12.701180
산악지대	-12.701187
▁이아닐수없습니다	-12.701210
보디발	-12.701230
▁오메가	-12.701235
기다립니다	-12.701238
죄사함	-12.701252
▁형간염	-12.701264
▁무익한	-12.701293
▁삼았	-12.701390
미망인	-12.701407
잊어버릴	-12.701423
허덕	-12.701434
▁말씀드리겠습니다	-12.701579
일제히	-12.701622
비틀거리	-12.701724
▁를갖게되었	-12.701747
중앙아메리카	-12.701749
▁벗어났	-12.701921
먹여	-12.702102
땅바닥	-12.702180
조각품	-12.702254
▁보다낫다	-12.702519
▁분리되	-12.702523
▁데몬	-12.702557
▁보다더많이	-12.702579
▁시작하겠습니다	-12.702597
독창적	-12.702766
▁처럼보입니다	-12.702776
준행	-12.702997
다를바	-12.703024
로널드	-12.703029
보낼수있	-12.703222
gen	-12.703270
▁서랍	-12.703333
최우선	-12.703469
▁해줄수있는	-12.703521
▁을받으리라	-12.703556
귀중품	-12.703558
ather	-12.703918
▁바보같	-12.703939
▁을갖고계시	-12.704165
펼쳐져있	-12.704295
▁에담아	-12.704313
넣었다	-12.704486
하시나이까	-12.704565
들끓는	-12.704659
▁웃겨	-12.704692
으니깐	-12.704803
응시	-12.704863
율법아래	-12.704992
▁다가오고	-12.705035
것같으며	-12.705080
▁에게서나온	-12.705757
주요원인	-12.706390
보았는가	-12.706832
아저씨	-12.706865
·	-12.706949
칼로리	-12.706969
오너라	-12.707217
공립학교	-12.707318
▁드래그	-12.707319
▁카아드	-12.707322
얼마있지않아	-12.707331
▁메일박스	-12.707353
▁이신주여호와	-12.707358
손아귀	-12.707401
▁도련님	-12.707411
보일지모른다	-12.707456
헌혈	-12.707478
▁을이끌어내	-12.707510
▁카이로	-12.707575
▁를행하는사람	-12.707721
▁이벌어질	-12.707909
살아가는데	-12.707942
선인장	-12.707998
모자이크	-12.708054
모래언덕	-12.708122
조지프	-12.708135
뽐내	-12.708164
둔덕	-12.708229
▁의많은부분	-12.708278
▁상대적으로	-12.708349
집중력	-12.708546
그렇지않았습니다	-12.708648
형제애정	-12.708711
ize	-12.708714
사오며	-12.708759
낱말	-12.708780
마약중독	-12.708839
갔더라	-12.708858
▁사랑스러운	-12.708898
데려오	-12.708970
져가는	-12.709044
▁알츠하이머	-12.709531
▁수호자	-12.709652
▁흉부	-12.709936
살펴보시기바랍니다	-12.709994
점성술사	-12.710059
▁로변하	-12.710309
▁를지르	-12.711227
바로그런	-12.711822
하지않겠읍니까	-12.712210
프라이	-12.712409
더나은삶	-12.712893
체액	-12.713097
해롭다	-12.713264
▁으로부터오는	-12.713459
바르셀로나	-12.713488
▁나눕니다	-12.713489
▁제퍼슨	-12.713490
▁으로더불어	-12.713490
중산층	-12.713568
▁은아님	-12.713573
▁를지었으므로	-12.713642
▁부탁드립니다	-12.713652
거스르는	-12.713658
떨어뜨려	-12.713904
▁더러워	-12.714232
하였는지	-12.714357
예리코	-12.714437
▁경작지	-12.714491
비상사태	-12.714546
검색	-12.714573
대피소	-12.714732
갖게된	-12.714962
다른인종	-12.715073
▁관통	-12.715292
+4	-12.715632
▁으로말미암	-12.715843
지난날	-12.715847
▁이더좋	-12.715891
▁하지는않지만	-12.715977
▁취재	-12.716008
▁다행이야	-12.716039
내려서	-12.716077
동물희생	-12.716140
▁맞출	-12.716186
▁Or	-12.716259
종교적신념	-12.716286
▁을더해주	-12.716482
▁3.5	-12.716543
비겁	-12.716647
▁조성하	-12.717181
여섯가지	-12.717267
날씬	-12.717272
함축	-12.717723
익살	-12.717734
이렇게덧붙였다	-12.717752
되지않습니까	-12.718170
뱅크	-12.718962
▁좋겠는데	-12.719005
근방	-12.719077
▁대입해	-12.719283
펭귄	-12.719634
멤	-12.719695
폴리네시아	-12.719699
▁would	-12.719700
▁으로알려져있습니다	-12.719706
▁티셔츠	-12.719734
▁낮춰	-12.719801
사교모임	-12.719809
▁잡힌견해	-12.719812
▁조심하세요	-12.720100
구성요소	-12.720140
정형외과	-12.720294
▁여러해후	-12.720360
▁태국	-12.720528
입혔	-12.720619
초강대국	-12.721085
날카롭게	-12.721182
수십만명	-12.721365
_/	-12.721454
버렸읍니다	-12.721663
신앙요법	-12.721745
캐슬	-12.721822
뒷부분	-12.721990
지킨다	-12.722113
잡힌	-12.722475
이루어졌습니다	-12.722844
오리니	-12.722980
▁을낫게	-12.722999
광범	-12.723062
뿌렸	-12.723547
▁낳으	-12.723618
살아왔	-12.723795
모든인종	-12.723871
불쾌감	-12.723903
#	-12.724184
만들것	-12.724434
섹	-12.724684
▁을놀라게	-12.724713
경비병	-12.724806
기념품	-12.724856
▁dr	-12.724927
나보네	-12.725341
귈	-12.725427
놓아두	-12.725516
깰	-12.725533
끈질기게	-12.725948
마다가스카르	-12.725948
스톡홀름	-12.725948
▁앨리샤	-12.725949
마게도냐	-12.725949
미합중국	-12.725950
▁클리닉	-12.725951
가장높으신분	-12.725952
▁의보이는조직	-12.725960
RAW	-12.725975
좋아졌	-12.725996
안간힘	-12.726007
▁을낳았	-12.726024
쏜	-12.726044
▁back	-12.726087
▁이있어서는안됩니다	-12.726099
가져간	-12.726128
공동묘지	-12.726259
▁자유로운	-12.726406
따르며	-12.726506
ull	-12.726682
▁하나님이시니	-12.727097
▁를일으킬수있	-12.727159
균열	-12.727230
▁왔노라	-12.727295
갔더니	-12.727386
새롱	-12.727609
낙태수술	-12.727821
이루어져	-12.727991
알아보십시오	-12.728106
생활양식	-12.728170
주인공	-12.728204
변하지않	-12.728414
들어설	-12.728435
▁주관하	-12.728588
▁밖에안된	-12.728631
RA	-12.728699
나아갈수있	-12.729506
▁을감추	-12.729604
▁풀어줘	-12.729892
아무소용	-12.729980
가리킵니다	-12.730614
피할길	-12.730713
일어난것	-12.730721
행하던	-12.730739
▁뿐이니	-12.730742
pos	-12.730857
나서서	-12.731090
이혼율	-12.731219
ler	-12.731277
대기오염	-12.731293
지말아야합니다	-12.731350
드릴까요	-12.731516
▁죽여버릴	-12.731996
아니에요	-12.732040
돗	-12.732200
새뮤얼	-12.732238
▁드와이트	-12.732239
▁깔끔하게	-12.732261
▁이너무많	-12.732350
▁라고불리우는	-12.732363
▁멘토	-12.732386
▁보아하니	-12.732448
냉장고	-12.732512
노르웨이	-12.732518
순회활동	-12.732545
강유역	-12.732548
올라갔다	-12.732576
▁매튜	-12.732599
침술	-12.732698
여름철	-12.732853
▁쓸데없는	-12.732856
▁클라크	-12.732858
형식적	-12.732862
벨기에	-12.732998
기숙사	-12.733090
뛰쳐나	-12.733107
▁하지않으십니다	-12.733218
그리스정교회	-12.733249
▁반환합니다	-12.733279
결혼마련	-12.733314
도록도와줄	-12.733962
▁올라와서	-12.734023
단지몇	-12.734045
주된원인	-12.734267
있다고느끼	-12.734341
풍습	-12.734458
하더뇨	-12.734578
ool	-12.734634
▁공통점이	-12.734795
▁하지못했습니다	-12.735134
RE	-12.735137
여덟살	-12.735303
▁윌리엄스	-12.735467
농축	-12.735525
있었다는사실	-12.735736
▁없으시	-12.736379
▁발레리	-12.736551
▁건너뛰	-12.736671
▁조용해	-12.736810
마지못해	-12.736873
▁가잘되	-12.737154
수세기동안	-12.737223
미숙	-12.737237
곤하였읍니다	-12.737350
ON	-12.737443
끌려갔	-12.737592
숨겨져있	-12.737688
▁이참되다는	-12.738566
Ctrl	-12.738567
▁가처한상황	-12.738567
▁인줄알리라	-12.738568
▁실리콘	-12.738569
패터슨	-12.738570
▁를터뜨리	-12.738571
▁뱀파이어	-12.738586
▁뷰어	-12.738643
▁good	-12.738647
스퀘어	-12.738667
우체국	-12.738698
▁some	-12.738748
읍시다	-12.738753
떠들썩	-12.738754
GL	-12.738793
놓으라	-12.738934
▁밖에안되었	-12.739016
높은지위	-12.739116
깜짝놀랐습니다	-12.739376
▁라할지라도	-12.739435
을알기원하시거나무료가정성서연구	-12.739477
▁모음집	-12.739521
도피처	-12.739535
말미암은	-12.739567
올리브	-12.739780
▁주관하시	-12.739793
▁그러는동안	-12.739826
▁깨어났	-12.739923
밝혔	-12.740040
▁받은추종자	-12.740124
▁연관되어	-12.740145
▁를받았을때	-12.740202
▁이라고불렀습니다	-12.740438
업신여	-12.740511
▁도착하면	-12.740647
▁알아냈습니다	-12.740877
▁물었죠	-12.740945
교수형	-12.741138
뒤따라	-12.741271
박멸	-12.741558
▁대원들	-12.741578
줄알았	-12.742087
행해지고있	-12.742179
▁이될수없	-12.742225
계셔서	-12.742260
▁Dan	-12.742615
깜짝놀랄	-12.742633
tru	-12.742955
잡았습니다	-12.743089
▁족장들	-12.743339
▁선생님께서	-12.743423
레이브	-12.743501
받아왔습니다	-12.743567
널리알리	-12.743772
굽혀	-12.743910
으리요	-12.744072
쓰러졌	-12.744301
촛	-12.744603
도록도와줄수있	-12.744795
대로행하	-12.744894
뚜	-12.744926
르네상스	-12.744936
▁MIME	-12.744937
▁피타고라스	-12.744937
걷잡을수없	-12.744937
라오디게아	-12.744937
▁스피커	-12.744946
불순물	-12.744950
▁치이즈	-12.744961
뜨겁게	-12.744970
▁스텔라	-12.745072
▁Yes	-12.745096
떠오를	-12.745100
홀어버이가정	-12.745150
되어있읍니다	-12.745231
/9	-12.745324
물리칠수있	-12.745348
▁비영리	-12.745382
▁가없으면	-12.745390
잊을수없는	-12.745422
빅토리아	-12.745519
미식축구	-12.745602
▁They	-12.745641
▁혜택을	-12.745659
하셨어	-12.745696
▁를낳았	-12.745724
면역체계	-12.746002
▁다행이다	-12.746098
즐거워하며	-12.746311
▁됐군	-12.746385
▁미쳤다고	-12.746491
겉모습	-12.746644
▁것뿐이	-12.746746
▁앓고	-12.746938
뛰어내리	-12.746996
응용	-12.747074
훔친	-12.747147
베다니	-12.747296
드러날	-12.747540
atch	-12.747595
분깃	-12.747654
저수지	-12.747725
▁Qu	-12.747891
역사적사실	-12.748299
알아내려고	-12.749321
양동이	-12.749777
하신약속	-12.749860
▁케이지	-12.749912
▁그렇긴	-12.750339
▁행렬식	-12.750762
알았어	-12.751097
외할머니	-12.751143
왓	-12.751345
Jeeves	-12.751347
비느하스	-12.751347
SQL	-12.751348
재삼재사	-12.751348
동남아시아	-12.751348
승용차	-12.751352
▁셔먼	-12.751367
쓰라린	-12.751383
▁스테이크	-12.751396
▁로우신	-12.751431
▁전자메일	-12.751472
올라간	-12.751504
나병환자	-12.751515
▁인디안	-12.751521
▁하게행하	-12.751651
남녀노소	-12.751836
▁이없도록하십시오	-12.751868
지부시설	-12.751870
읽어본	-12.751903
▁께서죽으신	-12.751999
돌연변이	-12.752101
인도네시아	-12.752103
섬광	-12.752391
보관소	-12.752455
있는것같습니다	-12.753138
▁애쉬	-12.753340
숭배방식	-12.753446
식사습관	-12.753872
ral	-12.754108
전성기	-12.754141
변환	-12.754173
▁고객들	-12.754239
대표단	-12.754767
흔드는	-12.754910
▁심각해	-12.754953
하르트	-12.755012
만일당신	-12.755015
끊어질	-12.755077
에대해의문	-12.755326
▁로삼았	-12.755677
▁911	-12.755798
▁포함되	-12.756531
지는못한다	-12.756536
녁	-12.756985
▁IT	-12.757158
ign	-12.757479
떠나기전	-12.757545
▁SNOW	-12.757797
▁을원하시거나무료가정성서연구	-12.757799
리우데자네이루	-12.757799
베풉니다	-12.757799
▁카우보이	-12.757800
향신료	-12.757801
비잔틴	-12.757802
▁아랍어로	-12.757808
설문조사	-12.757860
적개심	-12.757891
양같은사람	-12.757942
▁MRI	-12.757949
끝난다	-12.757974
▁대리인	-12.758051
▁돼지고기	-12.758218
▁의내용참조	-12.758267
▁1,200	-12.758271
▁킬로미터떨어진곳	-12.758318
▁무사히	-12.758452
▁말미암	-12.758621
▁쉬울	-12.758714
뵈	-12.758718
하게끔	-12.758728
거의모두	-12.758781
편찬	-12.758924
▁콜린	-12.758966
높은도덕표준	-12.758981
사귄	-12.759166
▁팬티	-12.759196
▁같도다	-12.759305
는지에관해	-12.759498
그토록중요	-12.759583
널리알려져있	-12.760016
섬유질	-12.760075
북동쪽	-12.760253
팔십	-12.760311
보스니아	-12.760348
일생동안	-12.760515
▁구하러	-12.760596
▁조상들	-12.760646
▁이못되	-12.761179
ike	-12.761638
채워넣	-12.762038
라고권하	-12.762424
가치있게	-12.762999
계속전파	-12.763145
▁팔찌	-12.763521
채광	-12.763610
아가페	-12.763847
▁를누렸	-12.763929
섬주민	-12.763991
▁되어가고있	-12.764028
울퉁불퉁	-12.764292
발꿈치	-12.764315
▁둘러싼	-12.764339
몇마디	-12.764347
벧엘가족	-12.764399
잘모르	-12.764426
카세트	-12.764440
천연자원	-12.764480
▁윗층	-12.764507
괄목	-12.764520
▁도구막대	-12.764537
▁1923	-12.764576
없어져	-12.764636
▁에접어들	-12.764711
일컬음	-12.764727
헛되지않	-12.764881
▁심호흡	-12.764893
공중보건	-12.765183
까다롭	-12.765271
▁지속적인	-12.765360
▁정찰	-12.765374
므낫세	-12.765394
보십시다	-12.765395
▁말일세	-12.765411
쇼핑	-12.765491
▁피이트	-12.765614
▁받았노라	-12.765659
차대전	-12.765800
로마황제	-12.765924
▁하셨으므로	-12.766095
▁환상적이	-12.766232
주술사	-12.766281
되었도다	-12.766331
▁되었으나	-12.766469
두려워하지않	-12.767290
푸른색	-12.767512
구경거리	-12.767576
기차역	-12.767751
▁을갖게해주	-12.768083
페드로	-12.768139
정신력	-12.768278
원동력	-12.768534
아랍인	-12.769104
읽고연구	-12.769552
인구조사	-12.770098
▁이되지않는다	-12.770172
▁다르다는	-12.770256
▁아프간	-12.770779
▁를낮춘정신	-12.770828
깡	-12.777273
쉐	-12.779029
탬	-12.782924
씁	-12.797341
퀸	-12.799412
곽	-12.815879
—	-12.820401
왠	-12.838454
땜	-12.838548
넉	-12.838646
댜	-12.881668
팝	-12.885888
핼	-12.889021
륭	-12.896416
눅	-12.896427
끗	-12.903674
훑	-12.911199
<	-12.917027
맴	-12.923512
녕	-12.930297
밈	-12.956436
뜩	-12.964060
댓	-12.965555
랗	-12.972255
켤	-12.981745
헴	-12.981750
쫒	-12.988915
핌	-13.023079
쎄	-13.031433
앰	-13.032101
좇	-13.041047
떻	-13.061934
몹	-13.070891
뭔	-13.072493
놋	-13.095186
휩	-13.137368
릅	-13.137469
뵙	-13.152620
볕	-13.168122
웹	-13.172483
♫	-13.192838
”	-13.192847
쵸	-13.202805
뜸	-13.207643
떤	-13.237464
뎅	-13.238862
ᄀ	-13.245489
굉	-13.248999
낌	-13.259583
뽀	-13.270781
뿜	-13.273714
훨	-13.281644
훼	-13.300676
갇	-13.301174
뎌	-13.326138
젝	-13.337844
숍	-13.361050
껑	-13.361233
땠	-13.384934
렷	-13.404741
겜	-13.409381
걱	-13.421783
꿉	-13.422230
ᄃ	-13.448545
됩	-13.473646
슘	-13.486075
힙	-13.500607
뺏	-13.502961
뚤	-13.511803
쁨	-13.538937
쏴	-13.545849
숱	-13.564531
펌	-13.570683
풉	-13.585858
뻤	-13.598377
뀌	-13.600305
뻑	-13.600593
뺀	-13.605998
탭	-13.606018
앱	-13.621636
쩐	-13.646690
봅	-13.646708
뾰	-13.646878
팁	-13.653620
뎀	-13.678814
릇	-13.703955
녜	-13.712006
쩡	-13.746175
쿄	-13.775803
뽐	-13.815726
칵	-13.818299
짊	-13.835565
눴	-13.835578
쨋	-13.896004
휼	-13.936996
눗	-13.958523
혐	-13.997431
쉿	-13.999883
밌	-14.096564
꼼	-14.147277
귄	-14.194878
쭐	-14.199589
쟤	-14.202917
샅	-14.286413
듈	-14.316582
걔	-14.322519
끕	-14.413494
쨌	-14.447784
텨	-14.447991
늬	-14.557839
픔	-14.591611
캇	-14.599116
좆	-14.802160
섯	-14.839548
빽	-14.880100
쐈	-14.910035
ö	-14.935649
•	-15.031687
|	-15.098315
걘	-15.169769
뻣	-15.195077
●	-15.330047
뀐	-15.445707
캥	-15.446242
뭣	-15.520919
썽	-15.644765
횟	-15.655081
엌	-16.091019
촬	-16.091629
딪	-16.289217
덟	-16.874542
깥	-16.874613
튿	-16.874634
빴	-17.321627
슷	-17.374491
걀	-17.374689
뷴	-17.375130
◆	-18.351835
팎	-18.357519
쭤	-18.372972
탉	-18.373074
얗	-18.373173
숟	-18.373274
뭡	-18.373373
슭	-18.373472
컫	-18.373573
–	-18.373672
쁩	-18.373774
깄	-18.373873
큽	-18.373974
츰	-18.374046
왙	-18.374073
낍	-18.374172
릎	-18.374273
녔	-18.374372
딨	-18.374474
듭	-18.374573
□	-18.374674
괜	-18.374773
뀔	-18.374773
