<unk>	0.000000
<s>	0.000000
</s>	0.000000
،	-3.471166
▁في	-3.587369
.	-3.758197
▁من	-4.043150
▁على	-4.466120
▁أن	-4.773933
▁إلى	-4.778923
▁(	-4.913379
▁-	-5.068844
▁و	-5.075806
َ	-5.087131
/	-5.135124
▁التي	-5.177211
)	-5.285964
▁عن	-5.365569
ً	-5.425656
ا	-5.463394
▁المتحدة	-5.473248
ُ	-5.485203
ه	-5.514226
ة	-5.528817
▁أو	-5.659550
ها	-5.661570
▁	-5.723615
▁الأمم	-5.755646
ِ	-5.793668
؛	-5.796034
ي	-5.816171
▁ب	-5.837360
:	-5.842688
▁ل	-5.889512
▁هذه	-5.949388
▁ذلك	-5.949510
▁"	-5.985008
▁اللجنة	-6.002215
▁مع	-6.004063
▁هذا	-6.018896
▁،	-6.085460
م	-6.085920
▁الذي	-6.116410
ْ	-6.132124
▁ما	-6.136763
▁لا	-6.176858
ّ	-6.183600
▁بين	-6.184412
ت	-6.203999
ن	-6.215352
▁غير	-6.220907
▁وفي	-6.221421
▁العامة	-6.224963
▁بشأن	-6.240690
ات	-6.257548
ين	-6.357728
ب	-6.368630
▁العام	-6.380485
▁.	-6.438137
ـ	-6.443878
▁الدول	-6.455288
ل	-6.458561
د	-6.465795
▁ي	-6.468757
▁الدولية	-6.470044
▁الدولي	-6.473919
▁الإنسان	-6.508316
▁عام	-6.548093
ر	-6.570956
▁أيضا	-6.571174
▁العمل	-6.585549
▁جميع	-6.611846
▁ال	-6.615547
▁ت	-6.642218
▁البلدان	-6.666924
▁حقوق	-6.690366
▁الأول	-6.716614
▁بما	-6.722305
ية	-6.738724
َّ	-6.752447
▁قد	-6.790127
ون	-6.809731
▁م	-6.814106
▁الأمن	-6.824701
▁وقد	-6.830567
▁الجمعية	-6.842578
▁لم	-6.847782
هم	-6.849383
▁أ	-6.852347
▁أجل	-6.873864
▁فيما	-6.875550
,	-6.880237
▁كل	-6.880514
▁المجلس	-6.883658
▁كما	-6.887516
▁خلال	-6.888514
▁مجلس	-6.891696
▁إن	-6.900826
أ	-6.900887
▁1	-6.907826
▁المتعلقة	-6.914839
▁المادة	-6.920682
▁الأمين	-6.926041
▁الأطراف	-6.926936
"	-6.927499
▁وال	-6.931578
▁أي	-6.959468
▁مشروع	-7.002798
▁القرار	-7.003862
ج	-7.009077
▁ف	-7.010185
و	-7.012779
▁تنفيذ	-7.014466
▁بها	-7.026257
▁يمكن	-7.028639
نا	-7.040223
▁أنه	-7.046105
▁السلام	-7.051362
▁الفقرة	-7.060893
▁الوطنية	-7.069597
▁يتعلق	-7.077393
▁الثاني	-7.077464
▁بأن	-7.082598
▁ذات	-7.087377
▁ومن	-7.092512
▁كان	-7.099407
وا	-7.106941
ع	-7.110182
▁القانون	-7.129241
▁تلك	-7.132444
ان	-7.134892
▁فيها	-7.139716
▁أخرى	-7.162203
▁المعلومات	-7.164229
▁2	-7.171060
▁ولا	-7.175837
▁تقرير	-7.177557
▁ينبغي	-7.181281
▁لل	-7.182646
ك	-7.184838
▁الأعمال	-7.186214
▁بعد	-7.189897
▁عمل	-7.196044
▁هو	-7.199484
▁مجال	-7.203105
▁كانون	-7.203717
▁()	-7.206437
▁بال	-7.211535
▁إطار	-7.225385
▁التنمية	-7.232996
▁لجنة	-7.233645
▁3	-7.239360
▁A	-7.256866
▁الأعضاء	-7.266528
ال	-7.271750
▁تعزيز	-7.271778
▁السيد	-7.281844
س	-7.282145
▁الدولة	-7.286327
▁المائة	-7.291609
▁الخاص	-7.296343
ق	-7.297824
▁الخاصة	-7.313394
▁فإن	-7.315999
▁جدول	-7.316362
▁المرأة	-7.323670
▁برنامج	-7.333216
▁وأن	-7.348042
ِّ	-7.350433
▁التعاون	-7.355494
▁تقديم	-7.365814
▁عملية	-7.367386
▁الأخرى	-7.370656
▁4	-7.379784
▁الدورة	-7.384613
).	-7.393434
▁عليها	-7.403061
▁دولار	-7.406515
▁عدد	-7.409065
▁بعض	-7.411890
▁الفريق	-7.412402
▁ن	-7.438360
▁هي	-7.439522
▁الاتفاقية	-7.450022
ف	-7.450104
▁وضع	-7.450394
▁5	-7.456246
▁تشرين	-7.462974
▁المساعدة	-7.467066
▁المعنية	-7.468429
▁الموارد	-7.468736
▁المعني	-7.470938
▁التقرير	-7.472206
A	-7.472843
▁يكون	-7.484256
▁عدم	-7.489862
▁إذا	-7.490979
▁ان	-7.493363
▁الصلة	-7.509834
ح	-7.513224
▁الاقتصادية	-7.516294
▁الأطفال	-7.520655
ــ	-7.523436
▁ضد	-7.524115
▁كانت	-7.526548
ى	-7.527084
▁المجتمع	-7.529796
▁به	-7.532870
▁الذين	-7.536178
▁ٱل	-7.539950
▁العالمي	-7.542796
▁وإذ	-7.560308
▁وفقا	-7.562587
▁بموجب	-7.576393
▁الحكومية	-7.578244
▁الم	-7.586000
▁أفريقيا	-7.596695
▁6	-7.597324
ديسمبر	-7.604023
▁أكثر	-7.606964
▁الأساسية	-7.607108
▁ك	-7.609251
▁البند	-7.610110
▁المالية	-7.615886
▁نحو	-7.616699
▁قبل	-7.618213
-	-7.624419
▁النامية	-7.626499
▁رئيس	-7.627079
▁دون	-7.629513
▁تحقيق	-7.636033
▁إدارة	-7.643895
▁وعلى	-7.651628
▁بناء	-7.654362
▁العالمية	-7.660545
▁الحكومة	-7.661087
ما	-7.662261
▁7	-7.669796
▁تكون	-7.670651
▁لها	-7.671427
▁المؤرخ	-7.675352
▁مثل	-7.677627
▁الأسلحة	-7.680272
▁الرئيس	-7.681497
▁؛	-7.683066
▁النظر	-7.692904
▁الفترة	-7.694942
▁الطرف	-7.703378
):	-7.703896
▁وي	-7.706130
▁مكتب	-7.716451
▁منظمة	-7.716459
▁مؤتمر	-7.720383
▁أعمال	-7.723347
▁وت	-7.729418
▁الاتحاد	-7.729785
▁لدى	-7.730588
▁جمهورية	-7.732112
▁8	-7.735550
▁الاقتصادي	-7.737990
▁حتى	-7.743275
▁طريق	-7.744497
▁الإقليمية	-7.745392
▁حالة	-7.750758
▁قرار	-7.752887
▁العامل	-7.759561
▁عمليات	-7.762460
▁المحكمة	-7.766599
▁منها	-7.775342
▁المنظمات	-7.775447
▁سيما	-7.776799
▁عليه	-7.781737
▁تم	-7.794450
s	-7.795955
▁بشكل	-7.796433
▁حيث	-7.797979
▁البشرية	-7.798423
▁الوقت	-7.802480
▁ع	-7.807860
C	-7.807870
▁10	-7.808496
▁أعضاء	-7.812633
▁الدعم	-7.816875
▁المقرر	-7.816944
▁التدابير	-7.819674
▁زيادة	-7.820973
▁نظام	-7.822843
▁البرنامج	-7.828971
▁15	-7.834321
▁وذلك	-7.839499
▁النظام	-7.839945
ز	-7.841731
▁المؤتمر	-7.847502
▁وهي	-7.847742
▁المنظمة	-7.849188
▁الإدارة	-7.849220
▁الرئيسية	-7.850600
▁الإنمائية	-7.851078
▁9	-7.859894
▁اتفاقية	-7.860971
."	-7.861863
▁هناك	-7.870653
▁الآن	-7.870927
▁لحقوق	-7.878696
▁حزيران	-7.883443
▁[	-7.886539
▁الوطني	-7.890163
▁المسائل	-7.893405
▁الولايات	-7.893671
▁المرفق	-7.903561
▁العالم	-7.907557
▁وهو	-7.909671
يونيه	-7.912465
▁استخدام	-7.914184
▁الجهود	-7.916075
▁معلومات	-7.925403
▁الأنشطة	-7.926472
▁وينبغي	-7.930198
▁نطاق	-7.930773
▁تقدم	-7.933030
▁رقم	-7.934691
▁لعام	-7.935219
▁الواردة	-7.936041
▁النووية	-7.936066
▁الأمانة	-7.937277
▁تدابير	-7.942241
▁الخدمات	-7.944908
▁إنشاء	-7.946201
▁إلا	-7.947205
▁أساس	-7.949120
▁12	-7.950861
L	-7.951745
▁للأمم	-7.953338
▁خاصة	-7.957703
▁إجراء	-7.957903
▁قانون	-7.962317
▁of	-7.965654
▁وما	-7.966815
▁للجنة	-7.967576
▁بصورة	-7.974307
▁الاجتماعية	-7.977967
▁بالنسبة	-7.980818
▁الإرهاب	-7.982800
▁النساء	-7.987612
▁جانب	-7.995532
▁الى	-7.997062
▁مجموعة	-8.001712
▁حكومة	-8.002978
▁تموز	-8.006183
▁the	-8.008023
اء	-8.009088
▁المحلية	-8.009415
▁السلاح	-8.010157
▁أنشطة	-8.012578
▁العنف	-8.014116
▁11	-8.017496
▁اتخاذ	-8.020247
▁التعليم	-8.020980
▁الفرعية	-8.022528
▁14	-8.025738
▁القائمة	-8.028535
▁يجب	-8.032286
يوليه	-8.032595
▁الميزانية	-8.037608
▁أهمية	-8.038160
▁منذ	-8.041205
▁30	-8.044827
▁الصدد	-8.047237
▁والتنمية	-8.049905
▁الديمقراطية	-8.056211
▁الجلسة	-8.060843
▁فيه	-8.061085
▁20	-8.066477
▁وجود	-8.068151
▁إليها	-8.069317
▁التمييز	-8.070385
▁وكذلك	-8.070463
▁القانونية	-8.074045
▁18	-8.074899
▁حالات	-8.077231
▁دعم	-8.078604
▁يلي	-8.093882
▁المنطقة	-8.095955
▁دورتها	-8.096531
▁أيلول	-8.096925
▁الجديدة	-8.098443
▁الموظفين	-8.098816
▁الفقر	-8.100057
▁فقد	-8.104089
▁الإنسانية	-8.106253
▁مما	-8.106474
▁مكافحة	-8.109628
سبتمبر	-8.116391
▁الإجراءات	-8.116893
▁16	-8.117767
▁البيانات	-8.120081
▁الرسمية	-8.122471
▁خدمات	-8.122545
▁مسألة	-8.122967
▁التجارة	-8.123889
▁المتصلة	-8.124885
▁عند	-8.125109
▁توفير	-8.127404
▁السياسية	-8.127443
▁13	-8.130357
▁حفظ	-8.133245
▁اللازمة	-8.138786
▁بلدان	-8.140604
▁and	-8.141315
▁البلد	-8.141842
▁17	-8.146024
▁الوثيقة	-8.147079
ط	-8.151958
نوفمبر	-8.154317
ٍ	-8.155422
▁الأولى	-8.155655
▁•	-8.156041
▁المستدامة	-8.157144
▁الحالة	-8.159559
▁المتعلق	-8.160096
▁الحق	-8.161032
مارس	-8.163438
▁الساعة	-8.164622
▁مليون	-8.167371
▁المواد	-8.170023
▁وب	-8.172183
▁19	-8.173691
▁الأهداف	-8.174529
▁أثناء	-8.174964
▁الثانية	-8.178865
▁البعثة	-8.179762
▁السكان	-8.180367
▁التالية	-8.181284
▁السياسات	-8.183948
▁وأ	-8.189243
▁الأوروبي	-8.190002
تين	-8.191360
▁تقوم	-8.191429
▁المستوى	-8.192810
▁الإنمائي	-8.196161
أكتوبر	-8.201386
▁الأشخاص	-8.203278
▁إعادة	-8.205982
▁فترة	-8.207479
▁عقد	-8.209324
ش	-8.210090
▁الاجتماع	-8.213284
ـــ	-8.213513
▁دولة	-8.217953
ذ	-8.220046
▁ا	-8.220390
▁آخر	-8.220392
▁فريق	-8.224774
▁ومع	-8.226866
▁تحسين	-8.230027
▁المناطق	-8.231800
▁حد	-8.231977
▁وقت	-8.233308
▁جديدة	-8.234193
▁له	-8.234389
▁السابقة	-8.235238
▁برامج	-8.235972
▁سي	-8.236527
▁سنة	-8.237290
▁إ	-8.238232
ض	-8.239010
▁والم	-8.244424
▁؟	-8.248216
▁العملية	-8.251715
▁التابعة	-8.253026
▁تحديد	-8.253988
▁S	-8.255834
▁المشتركة	-8.257998
▁إجراءات	-8.258599
▁حسب	-8.259126
▁آذار	-8.260625
▁منطقة	-8.261250
▁والمنظمات	-8.262469
▁المشروع	-8.263265
▁لمكافحة	-8.265632
▁الحصول	-8.266765
▁المكتب	-8.268525
▁كذلك	-8.269305
▁نيسان	-8.270826
▁والاجتماعية	-8.272484
Add	-8.273295
مايو	-8.273963
▁31	-8.277581
▁21	-8.278560
▁ولكن	-8.281674
▁الحكومات	-8.282181
▁مستوى	-8.283190
▁أيار	-8.285929
▁جديد	-8.287045
▁حماية	-8.289859
▁نقص	-8.289964
▁بل	-8.292439
ص	-8.294989
▁2005	-8.295695
▁المقدمة	-8.298256
▁بغية	-8.298849
أبريل	-8.302462
▁الطفل	-8.302948
▁وم	-8.307040
▁ممثل	-8.307173
▁س	-8.308856
انظر	-8.309314
▁سبيل	-8.310450
]	-8.311691
خ	-8.317198
▁خطة	-8.318789
▁العربية	-8.319991
▁2000	-8.320188
▁المؤسسات	-8.326525
▁داخل	-8.326759
S	-8.328557
▁الصحة	-8.331266
▁يتم	-8.335791
تها	-8.339598
هما	-8.339836
▁الجنائية	-8.340591
▁22	-8.340947
▁طلب	-8.341155
▁إزاء	-8.344382
▁نفسه	-8.346051
▁البرامج	-8.346382
▁ألف	-8.347771
▁التقدم	-8.348010
▁اليوم	-8.349235
▁أحد	-8.354460
▁نزع	-8.357710
▁25	-8.359000
▁المساواة	-8.360546
▁لأن	-8.360662
▁فضلا	-8.361977
▁ست	-8.364510
▁2001	-8.364651
▁والتي	-8.366536
▁التقارير	-8.371059
▁الثالثة	-8.371538
▁الأصلية	-8.376081
▁23	-8.376214
▁الإقليمي	-8.378256
▁أنها	-8.380452
▁خاص	-8.380766
▁2004	-8.381618
▁المشاركة	-8.382803
▁علما	-8.385226
▁استعراض	-8.386389
▁000	-8.387967
▁المدني	-8.388567
▁الصغيرة	-8.389021
▁القضاء	-8.389318
▁بسبب	-8.390099
▁منع	-8.390466
▁الخبراء	-8.393572
▁القدرات	-8.395435
▁مواصلة	-8.396480
▁والاجتماعي	-8.397052
▁الصعيد	-8.397219
▁والأمن	-8.399098
▁عندما	-8.403687
▁كبير	-8.403709
▁إليه	-8.404145
يناير	-8.405406
تكلم	-8.405523
يا	-8.406231
▁التنفيذ	-8.408731
▁ق	-8.418194
▁الوثائق	-8.422904
▁اعتماد	-8.425940
▁إعداد	-8.428646
▁السنتين	-8.429275
▁انظر	-8.430202
▁بعثة	-8.432165
▁حق	-8.437777
▁نتائج	-8.439353
▁2002	-8.439608
▁حاليا	-8.440005
▁اتفاق	-8.441629
▁الحقوق	-8.442843
▁2006	-8.443871
▁أحكام	-8.444822
▁لهذه	-8.448283
▁الأمر	-8.449507
▁28	-8.450146
▁القيام	-8.450378
▁الاستشارية	-8.450524
▁مختلف	-8.450944
▁أكبر	-8.450995
▁ثم	-8.453551
▁تحت	-8.455625
▁الرامية	-8.462606
▁ضرورة	-8.464025
▁المعقودة	-8.465226
▁24	-8.467673
▁أمام	-8.469574
▁المسألة	-8.469737
▁المناعة	-8.471101
▁إذ	-8.472620
▁آب	-8.473565
▁سنوات	-8.478175
▁وكان	-8.478971
▁صاحب	-8.480612
▁الصحية	-8.481104
▁الشرطة	-8.482617
▁منظومة	-8.486041
▁إعلان	-8.487309
▁اللاجئين	-8.488017
▁لتعزيز	-8.489243
▁الجريمة	-8.489379
"،	-8.489796
▁حول	-8.489879
▁26	-8.490643
▁أشكال	-8.490748
▁لي	-8.494656
▁بذلك	-8.497041
▁كبيرة	-8.497293
▁أقل	-8.500631
▁الحالات	-8.502533
▁الفصل	-8.502825
▁المشاريع	-8.503170
ته	-8.503642
ار	-8.503848
▁وغيرها	-8.505877
▁ول	-8.511116
E	-8.512012
▁أفضل	-8.512778
▁مركز	-8.513718
ام	-8.513815
▁النحو	-8.515219
ُّ	-8.515296
▁وتعزيز	-8.515610
▁تقييم	-8.518914
▁ويمكن	-8.522390
▁أعلاه	-8.525051
▁الداخلية	-8.525123
CN	-8.525451
▁27	-8.525859
▁الصندوق	-8.526335
▁يوم	-8.529409
▁لفترة	-8.531196
▁دور	-8.534319
▁الاحتياجات	-8.534661
▁المبادئ	-8.537848
▁ولم	-8.539320
▁اجتماع	-8.540452
▁ليس	-8.541191
▁قائمة	-8.543036
▁العراق	-8.544075
▁عبر	-8.547575
▁لكي	-8.549585
▁الأمريكية	-8.549616
▁إسرائيل	-8.551753
▁بحقوق	-8.554602
▁جهود	-8.555256
ث	-8.556820
▁لذلك	-8.559294
▁الاجتماعات	-8.559953
▁يقدم	-8.560073
▁لكل	-8.562981
▁ضمان	-8.564438
▁البيئة	-8.565239
▁سياق	-8.565352
▁السيدة	-8.566078
▁تشمل	-8.566164
▁تتعلق	-8.571560
أغسطس	-8.572083
▁القضايا	-8.572251
▁واحد	-8.572420
▁الشعوب	-8.573226
▁الاتجار	-8.575830
▁29	-8.579192
▁البلاغ	-8.580737
▁القطاع	-8.583595
▁وإلى	-8.583752
▁مشاريع	-8.585299
▁الأساسي	-8.585624
▁الجنسين	-8.588645
▁المسلحة	-8.589123
.1	-8.591555
▁محددة	-8.592270
▁السلطات	-8.592627
▁2007	-8.592716
غ	-8.593017
▁الممثل	-8.593700
▁2003	-8.594502
▁الشؤون	-8.595848
▁الحاجة	-8.601446
▁دول	-8.602924
▁الشامل	-8.603871
▁شباط	-8.604616
▁تنظيم	-8.604749
▁تمويل	-8.606279
▁عامة	-8.607560
▁الحالية	-8.608075
▁مجالات	-8.608921
▁يتصل	-8.609153
▁المشترك	-8.609557
▁باء	-8.611361
▁لتنفيذ	-8.612299
▁المؤقت	-8.612866
▁الخامسة	-8.614590
▁الإدارية	-8.614686
▁القرارات	-8.616011
▁ضمن	-8.617144
▁عملا	-8.617349
▁إمكانية	-8.618670
▁حين	-8.620323
فبراير	-8.620695
▁وهذا	-8.623483
▁الأموال	-8.625972
▁تقارير	-8.626209
▁التقنية	-8.627822
▁عدة	-8.628439
▁وغير	-8.630125
▁تشير	-8.631044
▁الحد	-8.632806
▁المدنية	-8.632933
▁للجمعية	-8.633227
▁الثالث	-8.634459
▁للدول	-8.637331
▁().	-8.639993
▁جنوب	-8.640699
▁التدريب	-8.643302
▁وجه	-8.649087
▁ألا	-8.650239
▁التنفيذي	-8.652201
▁التجارية	-8.654242
▁الأخيرة	-8.654750
▁الأراضي	-8.655032
▁وقال	-8.656156
▁عشر	-8.656652
▁بيانات	-8.658010
▁إنه	-8.659500
▁الإعلام	-8.661791
▁ح	-8.663190
▁الكونغو	-8.665798
▁تطلب	-8.666521
▁أما	-8.668779
▁لهذا	-8.669513
▁نهاية	-8.670914
▁الأفريقي	-8.671045
▁مشاركة	-8.675008
▁القمة	-8.678913
▁قال	-8.679337
▁الاجتماعي	-8.679818
▁يقوم	-8.680772
▁لتحقيق	-8.683511
كم	-8.685799
▁إضافية	-8.687790
▁وزارة	-8.690643
▁مساعدة	-8.690672
▁الأفريقية	-8.694000
▁والخمسين	-8.695266
▁الجزء	-8.697637
▁المجال	-8.697659
▁نتيجة	-8.699230
▁نموا	-8.699614
ــــ	-8.707083
▁العديد	-8.707267
▁الوكالات	-8.711113
▁السنوات	-8.711267
▁الاستراتيجية	-8.717391
▁يجري	-8.717876
▁الداخلي	-8.717926
▁الفضاء	-8.718105
▁لما	-8.718770
▁التوصيات	-8.720968
▁شخص	-8.725210
▁دولية	-8.726077
▁نسبة	-8.726422
▁تطبيق	-8.729495
▁2008	-8.731828
▁شؤون	-8.733292
▁مدى	-8.733531
▁الكامل	-8.734028
▁بالتعاون	-8.735895
▁البروتوكول	-8.739285
▁النتائج	-8.740216
▁صندوق	-8.742558
▁العهد	-8.742653
▁الحماية	-8.742728
▁لجميع	-8.744184
▁وإن	-8.744281
▁الدائم	-8.747844
▁واحدة	-8.748569
▁لن	-8.748844
▁التنسيق	-8.749233
▁الله	-8.749660
▁الصراع	-8.754323
▁الاستعراض	-8.755519
▁E	-8.757682
▁الخارجية	-8.758661
▁للتنمية	-8.758711
▁لضمان	-8.760853
▁توصيات	-8.761627
▁الوفود	-8.761806
▁الحكم	-8.765063
▁استراتيجية	-8.766369
▁إقامة	-8.770175
▁مراعاة	-8.770687
▁العسكرية	-8.771215
▁وبناء	-8.771399
▁مسائل	-8.771631
▁الاتفاق	-8.771681
▁الرابعة	-8.772124
▁تزال	-8.772802
▁يتعين	-8.773777
▁عشرة	-8.774591
▁الجدول	-8.775567
▁للفترة	-8.776044
▁فقط	-8.778640
▁الحدود	-8.779473
▁التوجيهية	-8.783470
▁والتعاون	-8.785481
▁الفلسطينية	-8.787395
يات	-8.788321
▁in	-8.788385
▁التمويل	-8.788529
▁عنها	-8.789973
▁المناخ	-8.790601
▁بصفة	-8.791126
▁تشكل	-8.795249
▁الحياة	-8.798010
▁لشؤون	-8.799335
▁رسالة	-8.800710
▁السلطة	-8.801805
▁التالي	-8.804992
▁المخدرات	-8.805945
▁المحلي	-8.808547
▁الهيئات	-8.809270
▁قرارات	-8.809795
▁يجوز	-8.810617
▁بالانكليزية	-8.811680
▁القضائية	-8.815192
▁ويجب	-8.818297
▁المياه	-8.818641
▁للبلدان	-8.823439
▁مباشرة	-8.823579
▁لأغراض	-8.825647
ير	-8.826069
▁الهيئة	-8.826455
▁الهدف	-8.827180
▁الوصول	-8.828011
▁المفوضية	-8.830909
▁وإعادة	-8.831717
ول	-8.832781
▁المزيد	-8.836207
▁موارد	-8.836970
▁حل	-8.839379
▁وثائق	-8.839645
▁الاعتبار	-8.840058
▁المحرز	-8.841218
▁التابع	-8.842040
▁الممارسات	-8.843691
▁تنسيق	-8.844736
▁المالي	-8.844781
▁مرة	-8.846284
اب	-8.846622
▁آسيا	-8.846711
▁النمو	-8.847321
▁أولا	-8.847530
▁السادسة	-8.849695
▁المثال	-8.850278
▁موظفي	-8.851094
▁معاهدة	-8.853180
▁المعايير	-8.854074
▁أوروبا	-8.854280
▁المحددة	-8.856552
▁الآراء	-8.856761
▁القلق	-8.858217
▁النقل	-8.859138
؟	-8.859232
▁نقل	-8.860971
▁السنة	-8.861115
▁(1)	-8.861666
▁نفس	-8.863384
الإيدز	-8.863626
▁يشكل	-8.863798
▁تكاليف	-8.864397
ائ	-8.867112
▁لمنع	-8.867126
▁الأجل	-8.867526
▁تؤكد	-8.868660
▁50	-8.870176
▁بأنه	-8.870209
▁وطنية	-8.873007
▁باسم	-8.873223
▁نص	-8.874585
▁بهدف	-8.875466
رة	-8.877815
▁التنفيذية	-8.880380
▁الوارد	-8.880669
▁الخدمة	-8.881804
▁مؤسسات	-8.881816
▁المستقبل	-8.883062
▁القوانين	-8.885015
▁جنيف	-8.888013
▁البرنامجية	-8.888636
▁جدا	-8.889314
▁المقررة	-8.890572
▁بد	-8.890753
▁معالجة	-8.892295
▁لقد	-8.895732
▁الرعاية	-8.896188
▁2005،	-8.896541
▁سياسات	-8.897028
▁تقريرا	-8.898608
▁ج	-8.899715
▁المسؤولية	-8.900905
▁قرارها	-8.901258
▁وفد	-8.904961
▁الطبيعية	-8.905639
▁السياسي	-8.906442
▁الحرب	-8.906467
▁تطوير	-8.906817
▁الطلب	-8.906952
▁العمليات	-8.909921
▁وتنفيذ	-8.910030
▁القانوني	-8.910483
▁الإنساني	-8.911886
▁للألفية	-8.912733
▁المدنيين	-8.916634
▁العادية	-8.917507
▁الحسابات	-8.918838
في	-8.919570
▁انتشار	-8.921059
▁أمر	-8.922039
▁فعالة	-8.922421
اد	-8.923289
أو	-8.923787
▁الدائمة	-8.923832
▁التقييم	-8.924266
▁الحوار	-8.925720
▁رسمية	-8.925784
▁تشجيع	-8.925797
▁الطاقة	-8.926806
▁خارج	-8.926920
▁الشعب	-8.927007
▁ولاية	-8.928161
▁1-	-8.928201
▁الجديد	-8.929296
▁نهج	-8.929735
▁التوصل	-8.929977
ور	-8.933473
▁المجالات	-8.935205
▁تقرر	-8.935925
▁سن	-8.936575
▁العدل	-8.937994
▁الصراعات	-8.939009
هن	-8.942111
▁المناقشة	-8.942113
▁تعمل	-8.942170
▁لهم	-8.942751
▁كوسوفو	-8.944099
▁التكاليف	-8.944332
▁أود	-8.944885
▁المملكة	-8.945300
▁للمرأة	-8.947228
تي	-8.949351
▁الاستثمار	-8.949771
▁سواء	-8.949864
▁رصد	-8.951391
▁الجنس	-8.952338
▁شكل	-8.955787
▁نشر	-8.958091
▁البحر	-8.959280
▁للم	-8.960997
▁ر	-8.961291
▁السودان	-8.962043
▁أية	-8.962044
▁محكمة	-8.962890
▁الإعلان	-8.963230
▁مؤخرا	-8.964513
▁الجهات	-8.965693
▁40	-8.966537
▁والعشرين	-8.967299
▁أمور	-8.967371
▁2-	-8.968499
▁دراسة	-8.968547
▁نوع	-8.969183
▁المتاحة	-8.969563
▁المتعددة	-8.969781
▁وعدم	-8.969902
▁القوات	-8.969965
▁معينة	-8.970398
▁مشاورات	-8.970779
▁وحدة	-8.971266
▁معظم	-8.971880
▁المقدم	-8.972073
▁ممارسة	-8.972819
▁الإطار	-8.973246
▁أفراد	-8.975073
▁المقترحة	-8.975164
▁وتقديم	-8.976048
▁آلية	-8.977645
▁المجموعة	-8.978478
▁بيد	-8.980549
▁وحماية	-8.980735
▁قدرة	-8.981786
▁الجنسي	-8.981900
▁توافق	-8.983227
▁الظروف	-8.983397
▁النص	-8.983956
ظ	-8.984067
▁]	-8.984081
▁نيويورك	-8.984721
▁ثلاثة	-8.987291
▁القدرة	-8.988116
▁فعالية	-8.988436
▁2004،	-8.988449
▁الأهمية	-8.988878
▁الموضوع	-8.988958
▁بهذا	-8.989777
▁أفغانستان	-8.989916
▁وبرنامج	-8.990131
▁وبخاصة	-8.990224
▁الأرض	-8.991483
▁الحالي	-8.992495
▁هيئة	-8.993157
▁قطاع	-8.993448
▁لدعم	-8.994168
▁شبكة	-8.994752
▁الأحكام	-8.996700
▁يزال	-8.997964
▁المركز	-9.000160
▁مناطق	-9.001311
▁الن	-9.001443
▁الروسي	-9.002474
▁يشمل	-9.002481
▁2006،	-9.003572
▁الماضي	-9.004520
▁1999	-9.004966
▁الخارجي	-9.006333
▁الاتصال	-9.008634
▁قضايا	-9.011041
▁اجتماعات	-9.011807
▁قواعد	-9.011922
▁وسي	-9.012346
▁الالتزام	-9.012777
▁قضية	-9.013829
▁ومنظمة	-9.013942
▁التقني	-9.015199
▁العنصري	-9.017272
▁2001،	-9.018394
▁بهذه	-9.018510
▁المعنون	-9.018586
▁الجرائم	-9.018716
▁قدم	-9.018806
عد	-9.020669
▁مبادئ	-9.021732
▁أهداف	-9.022149
▁آليات	-9.022714
▁الأولوية	-9.022770
▁المعاهدة	-9.024810
▁الت	-9.024841
▁الأفراد	-9.026283
▁كفالة	-9.028406
▁الاستثنائية	-9.030266
▁عرض	-9.030459
▁فرص	-9.030617
ني	-9.031078
▁الوضع	-9.031446
▁ش	-9.033551
▁مختلفة	-9.034688
▁2000،	-9.036442
▁الرقابة	-9.036659
حاء	-9.036895
▁تنمية	-9.037457
▁البيئية	-9.037478
▁الأسرة	-9.038333
▁نظم	-9.038557
دة	-9.039693
▁بوصفها	-9.040462
ود	-9.040803
▁الوكالة	-9.040988
▁الشرقية	-9.041193
▁المعاهدات	-9.043399
▁ممكن	-9.044400
▁الدوليين	-9.046264
▁بالفعل	-9.047642
▁لتقديم	-9.049252
▁نفسها	-9.053329
▁مذكرة	-9.056311
▁استمرار	-9.056902
▁ضوء	-9.057119
▁قامت	-9.057557
▁المؤقتة	-9.057650
▁مزيد	-9.058658
▁موجهة	-9.059057
▁إدراج	-9.059459
▁الأمنية	-9.062325
▁تضطلع	-9.066601
▁الالتزامات	-9.066760
▁وخاصة	-9.067081
▁النهج	-9.067744
▁مناقشة	-9.067795
▁ونحن	-9.068437
▁الجمهورية	-9.069194
▁الكوارث	-9.069749
▁الفنية	-9.070070
▁الأوروبية	-9.071305
▁التحضيرية	-9.071951
▁أصحاب	-9.075466
▁دورة	-9.075882
▁موضوع	-9.076448
▁بيان	-9.076477
▁فإنه	-9.077262
▁خ	-9.079473
▁سوف	-9.079820
▁ه	-9.081080
▁الرئيسي	-9.082067
▁إصلاح	-9.082960
▁التوصية	-9.084392
▁تكنولوجيا	-9.084733
▁بدور	-9.085737
▁وبعد	-9.087595
▁القوة	-9.087944
▁والثقافية	-9.088831
▁البحرية	-9.089159
▁التصويت	-9.089243
▁الفقرات	-9.089332
▁للأمين	-9.091237
▁مرفق	-9.092296
مة	-9.093472
▁تلاحظ	-9.093874
▁الدفاع	-9.095465
اع	-9.096199
▁السابق	-9.096665
▁الفرعي	-9.097011
▁تاريخ	-9.098027
▁وست	-9.098033
▁توفر	-9.098362
▁تتخذ	-9.098834
▁وثيقة	-9.099028
▁الاقتضاء	-9.100769
▁حلقة	-9.101179
▁سبل	-9.103151
▁آثار	-9.103954
يين	-9.104095
▁بينها	-9.106492
▁لمجلس	-9.106989
▁دورته	-9.107101
▁والاتصالات	-9.108415
▁ووفقا	-9.108469
▁مسؤولية	-9.109254
▁ثلاث	-9.109366
▁الخطة	-9.109509
▁للقانون	-9.110132
▁2007،	-9.111276
▁العاملة	-9.111585
▁2002،	-9.112091
▁الجنسية	-9.112403
▁to	-9.112500
▁هيئات	-9.113527
▁لحماية	-9.115969
▁شاملة	-9.116068
▁ولذلك	-9.116135
▁لكن	-9.116169
▁وكانت	-9.117638
▁توجد	-9.118700
▁بلد	-9.118721
▁ولل	-9.119449
▁منظمات	-9.120202
▁مؤرخة	-9.121391
▁حاجة	-9.121750
▁النووي	-9.122435
▁المنشأة	-9.124434
▁الانتشار	-9.124518
▁السامية	-9.124523
▁ون	-9.125295
▁يوجد	-9.125609
▁الألغام	-9.125709
▁التركيز	-9.126040
▁متابعة	-9.126591
▁المخصصة	-9.127449
▁معايير	-9.128255
▁يؤدي	-9.128304
▁تتضمن	-9.128631
▁المناسبة	-9.128819
يل	-9.128876
▁العدالة	-9.128990
▁المناسب	-9.129586
▁قام	-9.129587
▁نظرا	-9.129621
▁الرابع	-9.130282
'	-9.130302
▁القواعد	-9.131786
▁بدون	-9.133650
.2	-9.134480
▁المؤتمرات	-9.135371
▁معدل	-9.136417
▁وظيفة	-9.137441
▁للمجلس	-9.137449
▁3-	-9.137564
▁الفلسطيني	-9.138712
▁بطريقة	-9.138919
▁كافة	-9.139616
▁السياسة	-9.139969
▁يهوه	-9.140697
▁التعذيب	-9.141045
▁للسكان	-9.142143
▁يلزم	-9.144852
▁الاهتمام	-9.145318
▁السياق	-9.148010
▁قاعدة	-9.148398
اس	-9.150710
▁تنص	-9.150797
▁د	-9.151500
▁تأكيد	-9.151707
▁الهادئ	-9.152507
▁بحلول	-9.153655
▁طرف	-9.153778
منصوص	-9.156351
▁الإنترنت	-9.156363
▁وإدارة	-9.157354
▁جرى	-9.158048
▁يتضمن	-9.158209
فيما	-9.158997
▁كثيرا	-9.161358
▁المرحلة	-9.161440
▁مجموع	-9.162520
▁قيام	-9.163465
▁جيم	-9.163896
تان	-9.164316
▁الاقتصاد	-9.164583
▁والبلدان	-9.164936
ing	-9.165151
▁قوات	-9.165444
▁قوة	-9.166114
▁تنظر	-9.166254
▁احترام	-9.166698
▁الصادر	-9.168760
▁المقترح	-9.168939
▁العليا	-9.169300
▁الناس	-9.169737
▁التحديات	-9.169739
▁يكن	-9.169958
ed	-9.169971
▁ترحب	-9.171027
▁تيمور	-9.171912
;	-9.172178
▁وعلاوة	-9.173160
▁الميدان	-9.174446
▁تمثل	-9.174674
▁ظل	-9.175185
▁الأونكتاد	-9.175392
▁يمثل	-9.177000
▁الرغ	-9.178188
▁أداء	-9.178720
▁أساسية	-9.179063
▁لمدة	-9.179739
▁الشرق	-9.180454
▁احتياجات	-9.183187
▁وهذه	-9.183377
▁نظر	-9.183381
▁2003،	-9.183859
▁وإذا	-9.183863
▁الوظائف	-9.184051
▁(2)	-9.184491
▁الا	-9.184644
▁الأجانب	-9.187719
▁لت	-9.187917
▁الفئة	-9.188210
▁السابعة	-9.188396
▁المقر	-9.188943
▁الواقع	-9.189368
▁البيان	-9.189384
▁وبالتالي	-9.191523
▁يطلب	-9.192996
org	-9.194104
▁بتنفيذ	-9.195143
▁بتقديم	-9.195651
▁المشاكل	-9.195680
▁مبلغ	-9.196092
▁مشتركة	-9.197239
▁وجمهورية	-9.197579
▁الريفية	-9.199244
▁ليست	-9.199296
▁كوريا	-9.199963
لا	-9.200805
▁تواصل	-9.200866
▁35	-9.201667
▁الآثار	-9.202259
مفوضية	-9.202613
▁فال	-9.202840
▁جلسة	-9.202871
▁بحيث	-9.203133
▁قيد	-9.204247
▁والسيد	-9.205180
▁الملحق	-9.205412
▁وبالإضافة	-9.205787
▁لبرنامج	-9.207079
▁للمساعدة	-9.207108
▁هل	-9.207690
▁قدمت	-9.208416
▁أثر	-9.208521
▁لمؤتمر	-9.208680
▁مرحلة	-9.209242
▁تماما	-9.210118
▁وعن	-9.211584
▁والمؤسسات	-9.212784
▁مراكز	-9.213446
▁إيجاد	-9.213822
▁ثانيا	-9.214122
▁أعرب	-9.214439
▁التقليدية	-9.214917
▁العقد	-9.215545
▁والذي	-9.215580
▁الكيميائية	-9.216831
▁بالحقوق	-9.217166
▁كبيرا	-9.217253
▁بوصفه	-9.217267
▁بجميع	-9.219049
▁الاستقرار	-9.221122
▁منح	-9.222718
▁التكنولوجيا	-9.223114
▁ووضع	-9.223521
▁2008،	-9.223849
▁كي	-9.223992
▁اللاتينية	-9.224139
▁الامتثال	-9.224499
▁بذل	-9.227106
▁المعاملة	-9.227705
▁وأضاف	-9.229218
▁أدناه	-9.229549
▁الطوارئ	-9.231421
▁بينما	-9.232205
وي	-9.232939
un	-9.233708
▁المشار	-9.234047
e	-9.234221
▁بروتوكول	-9.235924
▁مقابل	-9.238202
▁ففي	-9.238221
▁الأداء	-9.238544
▁حال	-9.239059
▁الدراسة	-9.240077
▁او	-9.240499
▁تعيين	-9.240767
▁تبادل	-9.241275
▁الشباب	-9.241291
▁إضافة	-9.243066
▁القائم	-9.244718
▁اليونيسيف	-9.245505
▁لإدارة	-9.246920
▁الاضطلاع	-9.246947
▁هامة	-9.247506
▁مكان	-9.247664
▁الضروري	-9.249589
▁المذكورة	-9.249651
▁الثامنة	-9.250439
▁وهناك	-9.250450
▁فئة	-9.250691
▁الشركات	-9.251234
▁وأعرب	-9.252229
▁المجتمعات	-9.252285
▁فيروس	-9.252724
▁عديدة	-9.252820
▁شأن	-9.254460
▁التصدي	-9.254811
▁قبيل	-9.255638
▁قائلا	-9.256154
▁الكتاب	-9.257111
▁وتم	-9.257854
▁أمريكا	-9.258762
▁بأي	-9.260365
▁المفاوضات	-9.262045
▁مقدمة	-9.262109
▁لتحسين	-9.262901
▁استعمال	-9.263507
يد	-9.263551
▁وزير	-9.264908
▁المحتلة	-9.265377
▁التاسعة	-9.265418
▁32	-9.265937
▁سياسة	-9.266044
▁الأوسط	-9.266114
▁الاختياري	-9.266356
▁والمجتمع	-9.267252
▁بالإضافة	-9.267973
ئ	-9.267988
▁البحار	-9.268048
▁حدود	-9.269621
.5	-9.270658
▁التحقيق	-9.271046
▁الصين	-9.271070
▁الانتخابات	-9.271109
▁البعثات	-9.271708
▁جملة	-9.271738
▁أدلى	-9.271851
▁المقبلة	-9.272321
▁هؤلاء	-9.272488
▁بالمرأة	-9.273585
▁اعتمدت	-9.274028
▁العضوية	-9.274499
▁وظائف	-9.275221
▁وزيادة	-9.275327
▁قدر	-9.276465
▁القطرية	-9.276512
▁الغربية	-9.276648
▁C	-9.277081
▁المتخذة	-9.277985
▁مبدأ	-9.279722
▁للتعاون	-9.280480
▁ظروف	-9.280687
.3	-9.280847
▁جزءا	-9.282295
▁للعمل	-9.282320
▁والستين	-9.282374
▁ضحايا	-9.282865
▁الشعبية	-9.283662
▁الوحدة	-9.284769
لمعالجة	-9.284957
▁عناصر	-9.285333
▁37	-9.285528
▁الختامية	-9.286080
▁34	-9.286468
▁الفرع	-9.287585
▁وسوف	-9.288187
▁أساسا	-9.288559
▁للبيئة	-9.288815
▁التزام	-9.289232
▁الشمالية	-9.290446
▁القضية	-9.293102
▁كامل	-9.293401
3	-9.294707
▁والأطفال	-9.295256
▁p	-9.295481
▁استنادا	-9.295824
▁جمع	-9.296014
▁لصالح	-9.296464
▁المحاكم	-9.297771
▁فحسب	-9.297837
▁است	-9.299174
▁الصكوك	-9.299417
رت	-9.300091
▁رغم	-9.300413
▁شركة	-9.301340
▁تدعو	-9.301901
▁الصفحة	-9.304395
▁شعبة	-9.305141
▁للمادة	-9.305673
▁صلة	-9.305866
▁de	-9.306251
▁45	-9.307076
▁الوسطى	-9.307308
▁تؤدي	-9.307656
▁١	-9.307734
▁وكما	-9.307803
▁القرن	-9.307812
▁تغير	-9.308883
▁تكفل	-9.309193
▁الغرض	-9.309830
▁المقدس	-9.310051
▁الآخرين	-9.311228
▁المساهمة	-9.311932
▁وليس	-9.313067
▁كافية	-9.315565
▁يشير	-9.315621
▁الدراسية	-9.316611
▁واسع	-9.316652
▁100	-9.316741
▁39	-9.316929
▁لبنان	-9.317445
▁المبلغ	-9.318018
▁الحادية	-9.318214
▁لو	-9.320009
▁الكاريبي	-9.320164
▁الشراكة	-9.320190
▁الذاتي	-9.321074
▁بنسبة	-9.321233
▁الألفية	-9.321896
▁المبادرات	-9.321939
▁عنه	-9.323006
▁البالغ	-9.323187
▁بوجه	-9.325183
اح	-9.326771
▁33	-9.327260
▁المدير	-9.328351
▁ميدان	-9.328933
▁المصلحة	-9.331665
من	-9.332201
▁والخدمات	-9.332627
▁حظر	-9.332961
▁النطاق	-9.333232
▁العاملين	-9.334018
▁با	-9.334937
▁القطري	-9.335419
▁الماضية	-9.335965
▁سيراليون	-9.335987
تهم	-9.336134
▁السنوية	-9.337307
▁36	-9.337382
▁الرصد	-9.337989
▁ينص	-9.339421
▁عضو	-9.339830
▁اليابان	-9.340556
▁المرجع	-9.341385
ـ)	-9.341495
▁غرفة	-9.342155
تنا	-9.342163
الم	-9.342295
▁مستويات	-9.342843
▁وتحسين	-9.342943
▁ميثاق	-9.343361
يم	-9.344924
▁وتوفير	-9.346471
وع	-9.346644
▁توسيع	-9.347551
اتفاقية	-9.348804
كر	-9.349710
▁البحث	-9.349738
▁العناصر	-9.351123
▁الجماعة	-9.351266
▁عددا	-9.352049
▁الإشارة	-9.352254
▁المشروعة	-9.354193
▁لأي	-9.354662
▁لكفالة	-9.354858
▁تيسير	-9.355299
2	-9.355850
▁باستخدام	-9.356473
▁مشكلة	-9.357211
▁العلاقات	-9.357611
▁تعتبر	-9.357986
▁المسؤولين	-9.358770
▁والاقتصادية	-9.358974
▁4-	-9.359059
المادة	-9.360435
▁عملها	-9.361102
▁اللجوء	-9.361118
▁السلع	-9.361765
▁الانتقالية	-9.361939
▁فرصة	-9.362651
▁توجيه	-9.363032
▁آراء	-9.363233
▁خطط	-9.363533
▁حدوث	-9.364054
▁60	-9.364893
▁موقع	-9.365302
▁الشخص	-9.365785
▁الهجرة	-9.366125
▁النظم	-9.367197
لة	-9.368075
▁إصدار	-9.368093
قد	-9.368163
▁المؤرخة	-9.368350
▁عما	-9.369311
▁الوزراء	-9.369476
▁شامل	-9.369973
▁الخصوص	-9.370337
▁المدارس	-9.371585
▁حرية	-9.372291
▁اللجان	-9.372329
▁تحليل	-9.373121
▁كندا	-9.373849
▁الدستور	-9.373863
▁المتخصصة	-9.374641
وس	-9.375198
▁for	-9.376810
▁الأقل	-9.377636
▁السنوي	-9.378772
▁لمنظمة	-9.379122
▁الملكية	-9.379802
▁مصادر	-9.379867
▁الفساد	-9.380595
▁بوضع	-9.382517
▁تحيط	-9.382764
▁سيكون	-9.383768
▁صياغة	-9.383779
▁الإسرائيلية	-9.383905
▁الع	-9.384023
▁يزيد	-9.386312
B	-9.386353
▁العنصرية	-9.386951
▁وحقوق	-9.389227
▁الإسلامية	-9.389744
▁والمساعدة	-9.390433
▁دولي	-9.391188
▁إنتاج	-9.391516
▁الجنوب	-9.391773
▁حكومية	-9.391868
▁فيينا	-9.392794
▁ورد	-9.393290
▁قدرات	-9.394511
▁زالت	-9.394558
▁إيران	-9.394730
▁اللغات	-9.395455
▁أسلحة	-9.395617
▁أمانة	-9.395944
▁يبدو	-9.395959
▁تدريب	-9.397975
▁ممثلي	-9.398089
▁والهرسك	-9.399488
▁تضع	-9.399549
▁اعتمد	-9.399937
▁قانونية	-9.401258
▁وسائل	-9.401490
▁السلم	-9.403162
إ	-9.404064
▁a	-9.406018
▁تعديل	-9.406106
▁الصادرة	-9.406150
▁العلمية	-9.406518
▁1998	-9.406827
▁التطورات	-9.407101
▁استراتيجيات	-9.408207
▁رئيسية	-9.408584
▁وأشار	-9.409178
▁جزر	-9.409393
▁القاعدة	-9.409653
▁المشاورات	-9.410360
▁دي	-9.410640
▁بدء	-9.410690
▁42	-9.410914
▁الأصليين	-9.410986
اف	-9.411729
▁للأطفال	-9.411911
▁الكثير	-9.413441
▁عاما	-9.414543
▁المتوقع	-9.415496
▁انتهاكات	-9.415520
▁اتفاقات	-9.415643
▁عبارة	-9.416015
▁وخلال	-9.416771
▁وقف	-9.417674
▁دوليا	-9.417930
▁'1'	-9.418738
▁الشأن	-9.418960
▁التخطيط	-9.419272
▁صنع	-9.419550
▁قيمة	-9.420241
▁والسياسية	-9.422266
▁الفرص	-9.422697
▁المانحة	-9.423087
▁لنا	-9.423130
▁48	-9.423925
▁بالنيابة	-9.425450
▁وكالات	-9.425871
▁الأ	-9.426189
▁38	-9.428169
▁الأغذية	-9.428280
▁قدره	-9.429441
▁مراجعة	-9.431016
▁بالمخدرات	-9.431506
▁المتقدمة	-9.432551
▁قررت	-9.432937
▁إحدى	-9.433062
▁المهاجرين	-9.433260
▁كوبا	-9.433465
▁الرسالة	-9.434415
▁تسوية	-9.435519
▁وتشمل	-9.436467
▁سكان	-9.436622
تابع	-9.436946
▁حدة	-9.437448
▁الدخل	-9.437498
▁لوضع	-9.440257
▁المباشر	-9.441039
▁والتمييز	-9.441178
▁المهم	-9.441348
▁تقريرها	-9.442086
▁الموقع	-9.442947
▁تواجه	-9.443274
▁مثلا	-9.443739
▁تشجع	-9.444345
AC	-9.444516
▁للدولة	-9.444643
▁المشورة	-9.444858
▁5-	-9.444933
▁اقتراح	-9.447835
▁رأي	-9.448518
▁الجارية	-9.450521
▁44	-9.450825
▁سيادة	-9.450945
.4	-9.451031
▁'2'	-9.451317
مسألة	-9.451624
▁on	-9.452055
▁ط	-9.452416
▁وأنه	-9.452877
▁ص	-9.453003
نة	-9.454211
▁تغيير	-9.454547
▁الولاية	-9.454660
▁التجاري	-9.454723
▁سوى	-9.455110
▁المعهد	-9.455527
▁أوجه	-9.456082
▁النفقات	-9.456248
▁اهتمام	-9.456593
▁الثقة	-9.456694
▁المكاتب	-9.457058
▁للطاقة	-9.457143
▁للقضاء	-9.457563
▁الاتحادية	-9.459161
عة	-9.459754
▁يعمل	-9.460236
▁والبرامج	-9.460740
▁ببيان	-9.460993
▁توصي	-9.461480
▁دولارات	-9.462939
▁انتهاء	-9.463127
▁حساب	-9.463272
ؤ	-9.464666
▁جهودها	-9.465638
▁الوفاء	-9.465688
▁الخطوات	-9.467142
▁مناسبة	-9.467162
▁المحيط	-9.468867
▁إقليمية	-9.469199
1	-9.470182
▁تقريره	-9.470351
▁43	-9.471162
▁49	-9.472178
▁مهمة	-9.472433
▁2005.	-9.472726
▁واللجنة	-9.473248
▁لحفظ	-9.473259
▁يعتبر	-9.473516
▁المدرجة	-9.473776
▁المبدأ	-9.474165
▁مبادرة	-9.474376
▁الميدانية	-9.475254
▁والميزانية	-9.475482
▁الجنساني	-9.475487
▁مواد	-9.475565
اه	-9.475651
▁كثير	-9.475837
▁مالية	-9.476484
▁إدماج	-9.477544
▁الجماعية	-9.477870
▁أعلى	-9.478091
▁الدور	-9.478437
اق	-9.478554
▁السلمية	-9.478917
▁بمقتضى	-9.478986
▁ذاته	-9.479120
▁41	-9.479334
▁النهوض	-9.479642
▁الفلسطينيين	-9.480724
▁الأحداث	-9.481001
▁كثيرة	-9.481356
▁جوانب	-9.481858
▁لتلك	-9.482443
▁الدين	-9.483416
▁بالم	-9.483990
▁النهائي	-9.484539
▁والعدالة	-9.484645
▁ثمة	-9.485283
▁المستويات	-9.485849
▁الهامة	-9.486198
▁للمحكمة	-9.486320
▁المت	-9.488148
▁المبذولة	-9.488513
▁الموضوعية	-9.488792
▁47	-9.488847
▁الاتصالات	-9.489723
▁2009	-9.490536
▁46	-9.490701
▁والإقليمية	-9.490776
▁ثالثا	-9.491292
▁قوانين	-9.493598
▁تقريبا	-9.493679
▁الحكومي	-9.494043
▁التشريعات	-9.494992
▁متعددة	-9.495159
▁إقرار	-9.496452
▁والتدريب	-9.496558
▁المخاطر	-9.498426
▁الجنسانية	-9.498775
al	-9.498858
بل	-9.500010
▁51	-9.500703
▁التنظيمية	-9.502149
▁يبلغ	-9.502642
مت	-9.503345
▁الجوانب	-9.504136
▁الإضافية	-9.504643
▁ودون	-9.504848
▁الانتهاكات	-9.507280
▁وأود	-9.507388
▁دفع	-9.508137
▁إنفاذ	-9.508226
▁مراقبة	-9.509114
▁اللازم	-9.510632
▁الاتفاقات	-9.511462
▁ودعم	-9.512397
▁الإبلاغ	-9.512688
▁الموجهة	-9.512766
▁الموجودة	-9.512872
ٌ	-9.513127
▁داخليا	-9.513621
▁المختلفة	-9.513882
d	-9.514058
▁المناقشات	-9.514074
▁أم	-9.515162
▁دال	-9.515414
▁مقر	-9.515729
▁*	-9.516338
▁الديون	-9.516704
▁الفرصة	-9.517699
▁لديها	-9.517753
القرار	-9.517951
▁فرنسا	-9.518032
▁الإرهابية	-9.518448
▁معدلات	-9.518577
▁الباب	-9.520012
▁هنا	-9.520400
▁بلدا	-9.520676
▁حكم	-9.521577
▁ذكر	-9.521824
▁الزراعية	-9.522376
▁طلبت	-9.524596
▁تعميم	-9.525947
▁بكل	-9.527099
▁الإلكترونية	-9.527192
▁دائرة	-9.528061
▁بواسطة	-9.528066
▁الضحايا	-9.528250
▁والتعليم	-9.528643
▁الجماعات	-9.529667
▁إيلاء	-9.530039
▁بإنشاء	-9.530992
▁أنواع	-9.531485
▁التصديق	-9.531725
▁تعد	-9.532911
▁المجموعات	-9.534073
▁الرسمي	-9.535452
▁المبادرة	-9.536248
▁المنتدى	-9.536710
▁الصومال	-9.537412
▁الأقاليم	-9.538208
▁أول	-9.538468
▁العدد	-9.538980
▁والحريات	-9.540108
▁والتكنولوجيا	-9.540440
▁المكسيك	-9.542626
▁دارفور	-9.543205
▁ألمانيا	-9.543837
▁تستخدم	-9.544130
▁عضوا	-9.545001
▁زال	-9.546519
▁المطالبات	-9.547154
▁لأحكام	-9.547482
▁نائب	-9.548356
▁دولارا	-9.550549
▁مقرر	-9.550666
▁ذوي	-9.551012
▁تجاه	-9.554576
▁التأكيد	-9.557028
▁التشريعية	-9.557705
▁الممتلكات	-9.557897
▁والاتحاد	-9.559669
▁توزيع	-9.560448
‹	-9.560563
▁52	-9.560841
▁بيئة	-9.560923
▁الميثاق	-9.561251
▁›	-9.561687
وم	-9.561769
▁المتفق	-9.561805
▁55	-9.563547
▁حركة	-9.564518
▁فإنها	-9.565354
▁الخامس	-9.565414
▁6-	-9.565810
▁رؤساء	-9.567012
▁كيف	-9.567507
▁ديفوار	-9.567531
▁ميزانية	-9.567847
▁77	-9.568080
▁الهند	-9.568249
▁الأسواق	-9.570064
▁هدف	-9.570559
y	-9.570928
▁شرق	-9.571105
▁والعمل	-9.571215
▁الكلمة	-9.572368
▁هم	-9.572869
.6	-9.575008
▁والدول	-9.576284
▁53	-9.576356
▁الإصلاح	-9.576855
▁المختصة	-9.577620
▁المسلح	-9.578437
▁العمال	-9.579391
▁58	-9.580799
▁العولمة	-9.581306
▁الإجمالي	-9.583173
لت	-9.583287
▁يؤكد	-9.583356
▁خبراء	-9.583555
▁الأجنبي	-9.584092
▁1999،	-9.584486
▁المطلوبة	-9.584489
▁التزامات	-9.584760
▁تعرب	-9.585003
▁تعريف	-9.585039
▁الوفد	-9.585485
▁الأساس	-9.585745
▁الوعي	-9.586272
▁يعد	-9.587060
▁للنظر	-9.587187
▁غينيا	-9.587317
▁معا	-9.587740
▁الناشئة	-9.587836
▁لبناء	-9.587958
▁المنظور	-9.588378
▁الفاعلة	-9.588920
o	-9.589354
▁فعال	-9.589652
▁الإسرائيلي	-9.589675
▁المشمولة	-9.590827
▁مدة	-9.591999
▁بلغ	-9.592474
4	-9.593338
▁مت	-9.594147
▁وق	-9.594901
اج	-9.595395
▁يتطلب	-9.595432
▁فهم	-9.595676
▁الشاملة	-9.595738
▁والت	-9.596329
▁بالغ	-9.596456
▁نظرت	-9.597384
▁مقدم	-9.597618
بعثة	-9.598067
▁للغاية	-9.598421
▁تبلغ	-9.598484
▁الأولية	-9.598485
▁وبال	-9.598543
▁ورغم	-9.598847
▁جرائم	-9.599458
▁الواجب	-9.599800
/2	-9.600068
▁الكبرى	-9.601096
▁شروط	-9.602194
▁مشاكل	-9.602348
▁الصناعية	-9.602982
▁التقدير	-9.603038
▁البوسنة	-9.603668
▁سلطة	-9.603732
▁بتعزيز	-9.604280
▁للمؤتمر	-9.604362
▁المعتمدة	-9.606331
▁تكن	-9.606590
▁مدير	-9.607595
5	-9.607804
▁المستقلة	-9.607809
▁تؤثر	-9.607935
▁الرجال	-9.608998
▁يعني	-9.609219
▁إطلاق	-9.610491
▁بقرار	-9.611163
▁للموظفين	-9.611651
▁الأقليات	-9.611721
▁للأسلحة	-9.611884
▁الترتيبات	-9.612213
▁يدعو	-9.612299
▁ولقد	-9.612432
▁الشركاء	-9.612470
6	-9.612520
▁تبذلها	-9.612844
▁بالنظر	-9.613304
▁والأربعين	-9.613778
▁المشاركين	-9.614614
▁للفقرة	-9.614772
▁الموافقة	-9.616471
▁بوروندي	-9.616832
▁تصويت	-9.618337
▁التام	-9.619213
▁الإداري	-9.619934
▁توصية	-9.620173
▁أسباب	-9.620823
m	-9.620846
▁مؤسسة	-9.621007
▁الرفيع	-9.621057
c	-9.621355
▁ينظر	-9.621461
▁الاستفادة	-9.621776
▁ومنطقة	-9.622532
▁عقدت	-9.622677
▁ملايين	-9.622804
▁الهياكل	-9.623266
8	-9.623437
▁لزيادة	-9.623710
▁والقانون	-9.623754
يه	-9.624263
▁علم	-9.624384
▁مستقلة	-9.624971
▁دائما	-9.625319
▁عموما	-9.625470
▁الأخير	-9.625674
▁موجز	-9.625762
▁بعثات	-9.626905
*	-9.628909
▁الاستجابة	-9.629118
▁الفعال	-9.629422
▁غ	-9.629560
▁2006.	-9.629632
▁خمس	-9.630064
▁والتنسيق	-9.630166
▁لتحديد	-9.630378
▁واسعة	-9.630506
▁يواصل	-9.630848
▁بن	-9.630933
▁تعاون	-9.631327
▁رعاية	-9.631528
▁واضحة	-9.632266
▁الصعيدين	-9.632502
▁الأسماك	-9.635004
▁مصر	-9.635935
▁غرب	-9.636684
▁الفئات	-9.637300
وف	-9.637491
▁أشهر	-9.637496
▁أمن	-9.638270
▁كيفية	-9.638310
▁السامي	-9.638428
▁والخمسون	-9.640297
▁بقدر	-9.640729
▁الدوري	-9.640772
▁أشار	-9.641265
a	-9.641388
▁الآليات	-9.641761
▁وقالت	-9.642594
وب	-9.643126
7	-9.643186
▁المتعدد	-9.643744
▁الطرفين	-9.644447
▁للدورة	-9.644713
▁القطاعات	-9.644735
▁العظمى	-9.646642
▁والأسلحة	-9.647332
▁تساعد	-9.647888
▁بدعم	-9.647957
▁فعل	-9.648115
ٱل	-9.648516
▁الاعتراف	-9.649993
▁الممارسة	-9.650199
▁ذي	-9.650355
▁والإجراءات	-9.651670
▁التنوع	-9.651677
▁وغيره	-9.651786
▁غضون	-9.651814
▁بتقرير	-9.652284
▁تسجيل	-9.652517
▁تقع	-9.652569
▁دليل	-9.654462
▁بمبلغ	-9.655231
▁المطالبة	-9.655684
▁خطوات	-9.655865
▁سياسية	-9.655920
▁وحتى	-9.656763
▁كاملة	-9.656831
Rev	-9.656954
9	-9.656973
▁تعتمد	-9.657518
▁طويلة	-9.657770
▁الممكن	-9.658152
▁البرازيل	-9.658742
▁الكاملة	-9.658743
▁ونظرا	-9.658877
▁جزء	-9.659100
/1	-9.660319
▁الدورات	-9.660814
▁العوامل	-9.661788
▁جامعة	-9.661949
▁المترتبة	-9.662066
▁بفيروس	-9.663149
▁شهر	-9.663225
▁الق	-9.663513
▁شعب	-9.663522
بة	-9.663611
▁تناول	-9.664621
▁خفض	-9.665135
▁كاملا	-9.665977
▁للحصول	-9.667062
▁الطبية	-9.667228
▁الأدنى	-9.667488
▁الاستراتيجي	-9.668955
▁شيء	-9.669218
رات	-9.670378
▁الجزاءات	-9.670817
▁لاتفاقية	-9.671206
▁التمتع	-9.671586
▁يسمح	-9.671790
▁لقانون	-9.672232
▁خارجية	-9.672478
▁وتحقيق	-9.673594
▁تنفيذها	-9.674609
▁بدلا	-9.674720
▁الأم	-9.674966
▁عمله	-9.675219
▁حجم	-9.675531
▁يخص	-9.675897
▁ويجري	-9.676167
▁تأثير	-9.676206
▁1997	-9.676331
▁الطريق	-9.676439
▁التبرعات	-9.676529
▁مبادرات	-9.676540
▁1995	-9.677361
▁مقترحات	-9.677804
▁الشبكة	-9.677865
▁2004.	-9.677951
▁انتهاك	-9.678119
▁قسم	-9.678878
▁دورات	-9.678956
▁طلبات	-9.679269
▁الإجراء	-9.679439
▁بدأت	-9.679670
▁التفتيش	-9.679773
▁الجوية	-9.679793
▁تصبح	-9.679856
▁قالت	-9.679906
▁وتقييم	-9.680119
▁الساحلية	-9.680354
▁0	-9.680447
▁الرأي	-9.680454
▁ذاتها	-9.680689
▁أدى	-9.680840
▁علينا	-9.680926
▁7-	-9.681845
▁المعقود	-9.682714
▁وبرامج	-9.683434
▁المهام	-9.683879
▁عالمية	-9.685079
▁الواضح	-9.685329
▁الأسر	-9.685388
▁تحقق	-9.685660
▁54	-9.687029
▁قانوني	-9.688131
توقيع	-9.688990
▁الإقليم	-9.688995
لي	-9.689209
▁وأخيرا	-9.689371
▁والجريمة	-9.690310
▁لإجراء	-9.690419
▁فهي	-9.692080
▁56	-9.692308
▁موعد	-9.692732
يح	-9.693021
▁اتخذت	-9.693384
وح	-9.693924
▁2001.	-9.694651
▁والمحيط	-9.694770
▁عليهم	-9.695280
▁٣	-9.695310
▁بالقرار	-9.695348
▁الصحي	-9.696257
▁٢	-9.696296
▁جعل	-9.696980
▁والثلاثين	-9.697005
▁منهم	-9.698377
▁الفضائية	-9.698625
الفقرة	-9.699107
▁جريمة	-9.699180
▁ترتيبات	-9.699984
▁عادة	-9.701041
▁اختيار	-9.701978
.1)	-9.702363
▁حياة	-9.702779
▁باعتبارها	-9.702985
▁تهدف	-9.703135
▁فرض	-9.703334
▁بمن	-9.703384
2-	-9.704185
▁الجنائي	-9.704199
▁للجميع	-9.705087
▁الاعتماد	-9.705182
▁منه	-9.705280
▁تقدير	-9.705604
▁الرجل	-9.705914
▁يسوع	-9.706166
▁الثقافية	-9.706259
▁مجددا	-9.706304
▁الحادي	-9.706734
-1	-9.707110
://	-9.707150
▁بالعمل	-9.707211
▁الضرورية	-9.707293
▁المشكلة	-9.707854
▁هيكل	-9.707997
▁بعدم	-9.708565
▁أصبح	-9.708856
▁تتسم	-9.709552
▁ترد	-9.711612
▁وأشارت	-9.711849
▁مجتمع	-9.711941
▁وبين	-9.712298
▁الإيرادات	-9.712457
▁الطابع	-9.712593
▁الأصول	-9.712709
▁الأرجنتين	-9.712716
▁الإعدام	-9.713112
▁أصبحت	-9.714177
▁الوزاري	-9.715331
ائل	-9.715353
▁السفر	-9.715419
يق	-9.716361
▁استجابة	-9.716632
▁بالأسلحة	-9.717065
▁المخصص	-9.718313
▁وضمان	-9.718710
▁الجزرية	-9.719056
▁قلقها	-9.719908
▁للإدارة	-9.720518
▁تخفيض	-9.720845
▁جهة	-9.721143
▁الذرية	-9.721207
▁السلوك	-9.721905
▁الناجمة	-9.721991
▁تحدد	-9.723377
▁خدمة	-9.723864
▁للسلام	-9.725264
▁اعتبارها	-9.725627
▁العقاب	-9.726416
▁لتمويل	-9.726579
▁وقانون	-9.726980
▁_	-9.727073
▁الزواج	-9.727473
es	-9.728767
▁غزة	-9.728842
▁أولوية	-9.728926
▁أماكن	-9.729022
▁ولجنة	-9.729760
▁2007.	-9.730330
▁صعيد	-9.730906
▁وذكر	-9.731480
▁٥	-9.732168
www	-9.732475
▁وثمة	-9.732999
▁انه	-9.733029
▁2000.	-9.733301
▁المصدر	-9.733549
▁للبعثة	-9.733972
▁مفهوم	-9.734365
يف	-9.734553
▁مشترك	-9.734720
نت	-9.734804
▁الثلاثة	-9.735307
▁الدعوة	-9.737385
▁والصين	-9.737673
▁ترى	-9.737674
▁الخفيفة	-9.738163
▁الأثر	-9.738870
.7	-9.738880
دين	-9.738896
▁لأنه	-9.739408
▁أربعة	-9.739421
▁International	-9.740210
▁إقليم	-9.740749
▁الثلاث	-9.741430
▁يضطلع	-9.741441
▁الحال	-9.741460
▁بدأ	-9.742991
وت	-9.743002
وق	-9.743262
▁سبق	-9.743872
▁السفير	-9.744299
▁وتحديد	-9.745767
M	-9.746413
▁بالأشخاص	-9.746873
▁كوت	-9.747406
▁باكستان	-9.747701
▁شأنه	-9.748076
▁مواجهة	-9.748995
▁حلقات	-9.749563
▁خمسة	-9.749589
▁والموارد	-9.749813
▁ورقة	-9.753523
▁سلطات	-9.753714
ـــــ	-9.754492
▁كلمة	-9.754635
▁بأهمية	-9.755757
▁جلسات	-9.755946
▁الشكوى	-9.756877
▁دورا	-9.756926
▁وفده	-9.758313
▁بوضوح	-9.758927
▁بداية	-9.759377
▁المتوسط	-9.759441
▁النموذجي	-9.759583
▁اللذين	-9.759591
▁حوالي	-9.759858
▁شك	-9.761129
▁معاملة	-9.761641
▁8-	-9.762025
▁الاستشاري	-9.763460
بر	-9.763578
▁للاتحاد	-9.763764
▁الأسباب	-9.764087
▁مقارنة	-9.764241
▁بغرض	-9.764743
▁انتخاب	-9.764792
▁والإدارة	-9.764934
▁لعملية	-9.765394
▁دعوة	-9.765432
▁500	-9.765592
▁التحكيم	-9.767843
▁سلام	-9.768538
▁انعقاد	-9.768876
▁تحث	-9.768960
▁والنساء	-9.769140
▁الإلكتروني	-9.769459
▁إنهاء	-9.769514
▁البيولوجي	-9.769868
▁أجهزة	-9.770086
▁الدمار	-9.770462
▁تتطلب	-9.770609
▁انخفاض	-9.771048
▁خط	-9.771443
▁اتخذتها	-9.771853
▁النهائية	-9.772272
▁والتوصيات	-9.772661
▁السبب	-9.772669
▁المرتبطة	-9.773932
▁وسائط	-9.774418
▁كم	-9.774905
▁لمكتب	-9.775124
▁المدعي	-9.775706
▁المؤسسية	-9.776340
▁ايضا	-9.776401
▁٤	-9.776538
▁تتناول	-9.776710
▁بالتقرير	-9.776728
▁حوار	-9.776747
▁باتخاذ	-9.777101
▁لتوفير	-9.777113
▁الاقتراح	-9.777445
▁اعت	-9.777986
▁وتطلب	-9.778605
▁كاف	-9.779055
اط	-9.779694
▁B	-9.780945
▁بحماية	-9.780952
جمهورية	-9.781240
▁جميعا	-9.781652
▁السورية	-9.781772
.8	-9.782034
▁57	-9.782784
▁بالكامل	-9.782820
رغم	-9.782963
▁الراهنة	-9.783317
▁باب	-9.783512
▁فمن	-9.783602
▁يساعد	-9.783736
▁الزيادة	-9.783901
▁فعلا	-9.783957
▁الش	-9.784013
▁ومكتب	-9.784390
▁البحوث	-9.784595
▁الرب	-9.784712
▁2002.	-9.784752
▁المواطنين	-9.785357
▁وتلاحظ	-9.786864
▁أسعار	-9.787024
▁تشكيل	-9.787172
▁أقصى	-9.788711
▁اليونيدو	-9.788901
▁تجري	-9.788960
يتها	-9.789128
فت	-9.789253
I	-9.789268
▁هايتي	-9.789681
▁والمالية	-9.790919
▁ستة	-9.791871
▁درجة	-9.792155
▁خطر	-9.792862
▁وقعت	-9.793135
▁حدث	-9.793694
▁رأس	-9.793705
▁القضاة	-9.793909
▁المنافسة	-9.793942
▁(2001)	-9.794499
▁الإنتاج	-9.794661
▁تمر	-9.795282
t	-9.795447
▁لاستعراض	-9.795483
▁الأزمة	-9.795545
▁تعرض	-9.795663
▁بحق	-9.795723
▁المعونة	-9.795911
▁يكفل	-9.796144
قة	-9.796760
▁شتى	-9.796851
▁العقوبة	-9.796863
▁إحراز	-9.797252
▁أمين	-9.798025
▁الأولويات	-9.798868
▁الآلية	-9.799662
▁دعما	-9.800511
▁القضائي	-9.800905
▁المعدات	-9.801235
▁الاستخدام	-9.801888
او	-9.802626
▁أساسي	-9.802930
▁إدخال	-9.803367
▁الانضمام	-9.803488
10	-9.803813
▁(3)	-9.804276
▁تتيح	-9.804714
▁الإ	-9.804871
▁تخطيط	-9.804940
▁فرقة	-9.805200
▁السادس	-9.805561
▁الب	-9.805891
▁وتوصي	-9.806042
▁وسط	-9.806231
▁ومنذ	-9.806699
المملكة	-9.807097
-2	-9.807150
▁الغابات	-9.807211
▁ترمي	-9.807631
▁البنود	-9.807700
▁صحة	-9.807804
▁للحد	-9.807848
▁200	-9.807935
دي	-9.807993
▁المضادة	-9.809598
▁قاعة	-9.810196
▁جرت	-9.811340
▁المذكور	-9.811866
▁الاحتجاز	-9.812184
عت	-9.812216
▁الغذاء	-9.812709
▁الفقرتين	-9.813087
▁P	-9.813258
▁رد	-9.813595
▁فوق	-9.813703
▁التشيكية	-9.813807
▁2008.	-9.814392
▁بند	-9.814690
ست	-9.814794
▁يصبح	-9.815221
▁وقوع	-9.815480
▁والزراعة	-9.815504
▁الشخصية	-9.815534
▁لعمليات	-9.815962
▁رفع	-9.815975
▁ممثلو	-9.816190
▁تضمن	-9.816544
▁البنك	-9.817181
▁9-	-9.817291
/63/	-9.817649
▁الملائمة	-9.817913
▁ارتفاع	-9.818098
▁قرر	-9.818295
▁الآخر	-9.818940
▁الطرق	-9.818961
▁59	-9.819342
▁تتصل	-9.819446
▁للاتفاقية	-9.819873
▁الاستعمار	-9.820915
▁أعربت	-9.821542
▁بلدي	-9.822477
▁تمكين	-9.822577
i	-9.823021
▁وترد	-9.823236
▁تصميم	-9.823257
▁The	-9.823462
قت	-9.824356
▁المطلوب	-9.824692
▁العسكري	-9.824912
▁والصحة	-9.825420
▁أساليب	-9.825611
▁السوق	-9.825723
▁البرلمان	-9.826268
▁محل	-9.827126
▁تدرج	-9.827481
▁سجل	-9.828089
▁التاريخ	-9.828663
▁للفريق	-9.829057
▁هام	-9.829439
مشاركة	-9.830027
▁قمة	-9.830361
▁إنجاز	-9.830584
▁القيود	-9.830965
▁تبين	-9.831087
سيادة	-9.831610
▁التفاوض	-9.831617
▁أربع	-9.831870
▁والدولية	-9.832218
▁وخدمات	-9.832347
▁تحتاج	-9.832775
▁بأنشطة	-9.832998
▁إزالة	-9.833014
▁تخصيص	-9.834903
▁يعيشون	-9.834946
▁لإعادة	-9.834985
▁النار	-9.835244
▁مرافق	-9.835284
▁للنساء	-9.835494
▁أقرب	-9.835908
st	-9.836252
▁الفعالة	-9.836564
▁النزاع	-9.836840
▁مؤشرات	-9.838129
▁العلاقة	-9.838191
▁بأنها	-9.838919
▁السعودية	-9.839145
▁ليشتي	-9.839341
er	-9.839342
▁الإدماج	-9.839510
▁يت	-9.839795
▁المشردين	-9.839888
▁تعقد	-9.840424
▁ليبريا	-9.840624
n	-9.842012
▁التحقق	-9.842690
▁والاستقرار	-9.842793
▁ومنع	-9.842862
▁إتاحة	-9.845069
▁السن	-9.845853
▁الحظر	-9.846302
▁يود	-9.847180
▁وفدي	-9.847230
▁العودة	-9.847688
▁والأ	-9.847781
▁إندونيسيا	-9.848583
▁المال	-9.848778
▁قبرص	-9.848830
▁الزراعة	-9.848834
▁وصول	-9.848969
▁أداة	-9.849179
▁والولايات	-9.849904
▁أطراف	-9.849962
▁سنويا	-9.852211
را	-9.852347
▁بفعالية	-9.852791
▁البشري	-9.853504
▁معاهدات	-9.854404
بي	-9.854539
▁وطلبت	-9.854634
▁٦	-9.855571
▁كانوا	-9.855782
▁باعتماد	-9.855808
▁يوفر	-9.855845
▁يتيح	-9.856294
▁موظف	-9.856548
▁مساهمة	-9.857068
▁القيمة	-9.857167
▁إثيوبيا	-9.857270
▁الأكثر	-9.857787
▁70	-9.857891
▁يوما	-9.858152
على	-9.858436
▁عالم	-9.858480
▁مهام	-9.858889
▁وفضلا	-9.859386
▁أستراليا	-9.859485
▁I	-9.859812
▁الاستنتاجات	-9.860308
▁2003.	-9.861825
مد	-9.862130
▁وتشجيع	-9.862577
▁لجمهورية	-9.862973
▁المحضر	-9.865450
▁ز	-9.866260
▁وردت	-9.866293
▁مجموعات	-9.866420
▁والدعم	-9.866850
en	-9.867148
منظومة	-9.867984
▁يقول	-9.868076
▁الفعلي	-9.869001
▁حيز	-9.869617
▁تركز	-9.871181
-3	-9.871189
▁دراسية	-9.871475
▁فلا	-9.871587
▁شأنها	-9.872109
▁والاتجار	-9.872327
▁الدراسات	-9.872543
▁يقرر	-9.872594
▁المستخدمة	-9.874505
▁المانحين	-9.874906
▁القدس	-9.875283
▁الإعلامية	-9.875448
▁المحتويات	-9.875605
▁العلم	-9.875715
▁واستخدام	-9.877357
▁ومنظمات	-9.877576
مثل	-9.877647
▁بلغت	-9.877674
▁المؤسسة	-9.877730
اتها	-9.878624
▁أوسع	-9.879071
▁يرجى	-9.879316
▁تقدمها	-9.880612
▁نوعية	-9.880805
▁نظرها	-9.881823
▁التعليمية	-9.881959
▁1996	-9.882162
▁الملاحظات	-9.882915
▁بالفقرة	-9.882928
▁المتكاملة	-9.883827
▁سلامة	-9.883869
▁الضرر	-9.884463
يس	-9.884863
▁خطيرة	-9.885181
▁الكبيرة	-9.885312
▁للمجتمع	-9.885576
▁المراقبة	-9.885639
▁الس	-9.886008
▁الاستغلال	-9.886625
▁رواندا	-9.887135
▁بلوغ	-9.887266
▁مماثلة	-9.887311
▁'	-9.889520
▁للمنظمة	-9.890042
▁معهد	-9.890573
▁الفكرية	-9.890728
▁هاء	-9.891799
▁بصيغته	-9.892506
▁المحدد	-9.892513
▁أطفال	-9.892522
▁تنطوي	-9.893024
▁تؤيد	-9.893435
▁التعليق	-9.894508
1-	-9.894570
▁تحمل	-9.894888
▁الشراكات	-9.894975
▁أهم	-9.895012
▁للتنفيذ	-9.895268
▁الطلبات	-9.895478
▁لبريطانيا	-9.895617
▁تضم	-9.896303
▁سلسلة	-9.896437
▁بشأنها	-9.897141
▁'3'	-9.897156
▁طريقة	-9.897185
▁عالمي	-9.897452
▁حصول	-9.898103
▁المقترحات	-9.898380
▁الكربون	-9.899278
▁10-	-9.899860
▁العقود	-9.899934
▁تعزز	-9.900052
▁بخصوص	-9.900511
▁M	-9.901235
▁فنلندا	-9.901907
▁نسخة	-9.901937
▁موضع	-9.902112
▁الجميع	-9.902244
▁مجرد	-9.902378
▁الاتفاقيات	-9.904241
اذ	-9.904305
▁تشارك	-9.904756
▁النوع	-9.905468
▁الإحصائية	-9.905481
▁رفض	-9.906423
▁العمالة	-9.906707
▁السابع	-9.906720
▁وسيلة	-9.907330
▁يرد	-9.909901
▁متعدد	-9.909926
▁حسابات	-9.910555
▁تسمح	-9.910938
▁ممارسات	-9.911029
▁اي	-9.911216
▁تمييز	-9.911369
▁ولهذا	-9.911535
▁التوالي	-9.911754
D	-9.912205
▁منظور	-9.913057
▁النفاذ	-9.913499
▁وضعت	-9.913502
▁الشفافية	-9.913636
▁مقدمي	-9.914018
▁وكل	-9.914573
اث	-9.914608
▁دخول	-9.914667
▁الجوي	-9.914874
▁المتوقعة	-9.915292
مواصلة	-9.915463
▁ورئيس	-9.915679
تراوح	-9.915714
▁المقبل	-9.916425
▁الوقاية	-9.916680
▁يتسنى	-9.917072
▁!	-9.917548
▁المصير	-9.917667
▁61	-9.917876
▁البالغة	-9.917878
▁رابعا	-9.917934
-4	-9.918104
▁والمعلومات	-9.918247
▁اسم	-9.918306
▁الدينية	-9.918467
▁الأغراض	-9.918549
▁نفقات	-9.918791
▁المفروضة	-9.918900
▁هاما	-9.919053
از	-9.919564
دت	-9.919857
▁مناقشات	-9.919969
▁شمال	-9.920360
▁الاحتلال	-9.920457
▁63	-9.920472
▁وس	-9.920663
▁الرابطة	-9.920685
▁تزويد	-9.920780
.9	-9.921535
▁الدبلوماسية	-9.921979
▁الإسلامي	-9.922151
▁قبول	-9.922884
▁والدولي	-9.922915
▁وإنشاء	-9.923237
▁جاء	-9.923575
▁توافر	-9.923725
▁وتنظيم	-9.924230
▁وحدات	-9.924244
▁المهمة	-9.924780
▁المرافق	-9.925159
▁اتباع	-9.925357
T	-9.925376
▁ملموسة	-9.925445
▁والتقييم	-9.926606
▁معرفة	-9.927055
▁١٩	-9.928073
▁وأعربت	-9.928248
▁الموحدة	-9.929020
▁احد	-9.929429
F	-9.929548
P	-9.931785
▁الفعلية	-9.932431
اك	-9.932735
▁الراهن	-9.932775
▁وزراء	-9.932855
▁المستمر	-9.933275
رتبة	-9.933612
▁وتشجع	-9.933995
▁الجلسات	-9.934289
▁الشروط	-9.934592
▁الوحيد	-9.934711
▁وأكد	-9.935380
▁الاستئناف	-9.935444
▁وكيل	-9.935655
▁والقضاء	-9.935739
▁توجيهية	-9.935807
▁تحويل	-9.936707
▁أننا	-9.937400
▁تحديات	-9.938012
▁فئات	-9.938349
▁البشر	-9.938435
_	-9.938607
▁الشركة	-9.938843
وه	-9.939097
▁يتمثل	-9.939357
▁الأحيان	-9.939617
3-	-9.939876
▁تزيد	-9.940000
▁الجمهور	-9.940431
▁مدينة	-9.940556
▁أيام	-9.940751
عدم	-9.941619
▁وأدلى	-9.941853
▁يتجاوز	-9.942148
▁للتصدي	-9.942465
دم	-9.942534
▁القادمة	-9.942581
▁وجميع	-9.942843
▁مصدر	-9.942999
▁الاستقلال	-9.943723
▁تدخل	-9.944337
▁أكد	-9.944485
▁أفرقة	-9.944891
▁المنتجات	-9.945058
▁المعارف	-9.945448
▁اعتبار	-9.945916
▁الكويت	-9.946496
▁الحضرية	-9.946534
▁تستهدف	-9.946966
▁لتقييم	-9.948442
ٰ	-9.948831
▁وإ	-9.949077
▁تنفذ	-9.949872
▁الطريقة	-9.950158
▁الحفاظ	-9.950587
▁يرى	-9.950678
▁ومجلس	-9.950681
▁أدنى	-9.950692
▁يد	-9.951247
دا	-9.951408
▁ملائمة	-9.952199
در	-9.953360
▁62	-9.953408
▁تعليم	-9.953667
▁المحاكمة	-9.953929
▁هولندا	-9.954632
▁الممثلين	-9.955421
▁عامل	-9.955868
زع	-9.956165
▁الأدلة	-9.956194
▁مر	-9.956531
▁ترغب	-9.956718
▁تابعة	-9.957932
▁المراقب	-9.958018
▁أشارت	-9.958802
▁قدمتها	-9.959207
▁سوق	-9.959329
▁للأفراد	-9.959603
▁التكلفة	-9.960157
▁لأفريقيا	-9.960492
▁بمرحلة	-9.961112
▁والفتيات	-9.962168
▁الإيدز	-9.962406
▁الطويل	-9.962605
▁الشكل	-9.962784
6-	-9.962988
▁رابطة	-9.963097
يع	-9.963263
▁1994	-9.963284
▁F	-9.963665
▁الدليل	-9.963922
▁الانتخابية	-9.964350
البند	-9.964648
▁نصف	-9.964655
▁الموجودات	-9.964714
▁عقب	-9.965117
▁المجلد	-9.965285
▁بإجراء	-9.965540
بت	-9.965588
▁الأجهزة	-9.965815
▁العقوبات	-9.966004
▁http	-9.966628
▁مكاتب	-9.967295
▁قطاعات	-9.967299
▁لتمكين	-9.967570
▁الأحوال	-9.968250
▁80	-9.968618
▁كولومبيا	-9.968939
▁قدرها	-9.969246
ation	-9.969586
▁مد	-9.969606
▁يحدد	-9.969808
▁(2004)	-9.970701
▁أعمالها	-9.971593
▁تستند	-9.971985
▁تتجاوز	-9.972301
▁نحن	-9.972916
يب	-9.973149
15	-9.973709
▁كيوتو	-9.975254
▁إننا	-9.975371
▁فهو	-9.975598
▁الناحية	-9.975763
▁لموظفي	-9.976601
▁الصحراء	-9.978012
▁سويسرا	-9.978388
▁تلبية	-9.979388
▁ستكون	-9.979417
▁تركيا	-9.979458
20	-9.979856
▁بقوات	-9.980031
▁الجزائر	-9.980549
▁النشاط	-9.981156
▁يحدث	-9.981156
عقد	-9.981422
▁للموارد	-9.982238
▁التعديلات	-9.982324
▁استغلال	-9.982503
▁والوكالات	-9.982679
▁تحرير	-9.983124
▁كبار	-9.983644
▁نجاح	-9.984646
▁وافقت	-9.985557
▁وتنفيذها	-9.986701
▁متوسط	-9.986856
▁إلغاء	-9.986966
▁واتخاذ	-9.987741
▁البعض	-9.988103
▁بلده	-9.988151
▁جلستها	-9.988598
▁الإعسار	-9.988633
▁ارتكاب	-9.989120
▁الأحمر	-9.989395
▁الثنائية	-9.989987
▁مصالح	-9.990598
▁والأنشطة	-9.990830
▁سوء	-9.990927
▁لأ	-9.990966
▁المنقحة	-9.992176
▁فلسطين	-9.992218
▁الوسائل	-9.992683
▁المبالغ	-9.992912
▁وعمليات	-9.993191
▁لقرار	-9.993214
▁ونتيجة	-9.994402
▁وإضافة	-9.994674
▁الأولي	-9.994810
▁إعمال	-9.994851
▁المبكر	-9.995599
▁يعتمد	-9.995698
▁الاستراتيجيات	-9.996018
▁المحتملة	-9.996062
▁أوصت	-9.996201
▁التعبير	-9.996219
▁يتخذ	-9.996767
▁الخبرة	-9.996867
▁الفقيرة	-9.997108
▁المعاملات	-9.997399
▁مواقع	-9.997498
▁الانتصاف	-9.997581
▁ميانمار	-9.997669
▁الغاية	-9.998157
اص	-9.998440
▁ناحية	-9.998447
▁تشدد	-9.998503
جر	-9.998724
▁خطوة	-9.999383
▁أصل	-9.999390
▁بحث	-9.999418
▁تلقي	-9.999462
▁الأجنبية	-9.999799
▁ويتعين	-9.999963
▁تن	-9.999965
▁عنصر	-10.000011
▁أشخاص	-10.000033
▁11-	-10.000657
▁(4)	-10.001186
▁بالتنمية	-10.001496
13	-10.001700
▁السلامة	-10.002313
▁وراء	-10.002484
▁الرد	-10.002699
▁para	-10.002923
لب	-10.003986
▁اعتبارا	-10.004254
▁المدى	-10.004349
▁استخدامها	-10.005432
▁الحجم	-10.005991
▁تدعم	-10.006448
▁التأمين	-10.006498
▁وطلب	-10.006941
▁يجعل	-10.007305
▁الغذائي	-10.007653
4-	-10.008286
▁التسجيل	-10.008357
▁لإنشاء	-10.008739
▁والسياسات	-10.009266
▁علاوة	-10.009513
▁أخذ	-10.010137
▁مفاوضات	-10.010224
▁تأييد	-10.010497
5-	-10.011109
▁كلا	-10.011162
▁المهنية	-10.011180
▁www	-10.011377
▁نيوزيلندا	-10.012461
▁واست	-10.012776
▁المتوسطة	-10.013112
▁ومكافحة	-10.013205
▁أعطي	-10.013531
▁عبء	-10.014419
▁بعمليات	-10.014564
▁منتدى	-10.014786
▁الإنجاز	-10.015345
▁تعليقات	-10.015755
▁بالتالي	-10.016166
اي	-10.016374
▁قدمها	-10.016538
▁النفط	-10.018036
▁وإنما	-10.018077
عي	-10.018638
▁عقوبة	-10.018986
كل	-10.019143
▁بالإدارة	-10.019196
▁الأمراض	-10.019635
▁تحول	-10.019673
▁فت	-10.020274
▁أمرا	-10.020349
تغلب	-10.021794
▁نمو	-10.022415
رو	-10.022473
▁الأمور	-10.023006
7-	-10.023448
▁الخارج	-10.023762
▁تخفيف	-10.024178
▁أعقاب	-10.024250
▁والإقليمي	-10.024303
وية	-10.024939
▁إيطاليا	-10.025198
/56/	-10.025771
▁حلول	-10.025832
▁الاستئماني	-10.026019
▁وأضافت	-10.026372
▁القسري	-10.026605
▁المنازعات	-10.026774
▁لدول	-10.027791
▁المتابعة	-10.028086
متابعة	-10.028261
▁اذا	-10.028430
▁للتجارة	-10.028479
▁90	-10.029084
▁الناتج	-10.029381
▁والممارسات	-10.029544
▁الخ	-10.030153
▁النفايات	-10.030159
▁للمعلومات	-10.030261
▁D	-10.030667
▁يتسم	-10.031089
▁بهم	-10.031356
▁ولكنها	-10.031449
▁استحداث	-10.031488
30	-10.032100
▁الضمانات	-10.032217
▁المعوقين	-10.033039
▁منتظمة	-10.033429
12	-10.033453
▁نشاط	-10.033950
▁الكبير	-10.034057
▁تظل	-10.034268
▁سنتين	-10.034290
▁المتكامل	-10.034310
▁تود	-10.034316
▁العمر	-10.034456
▁النجاح	-10.035352
▁المهني	-10.035522
▁تحدث	-10.035600
▁موظفين	-10.036716
▁ويرد	-10.036741
▁سبب	-10.036763
▁٨	-10.037902
▁يوغوسلافيا	-10.038084
▁١٠	-10.038565
١	-10.038778
l	-10.039182
▁للخطر	-10.039317
▁أنشطتها	-10.039444
▁ونشر	-10.040007
▁التحقيقات	-10.040733
▁وتشير	-10.041371
▁بقوة	-10.042060
▁علاقات	-10.042414
▁ولاحظت	-10.042733
▁التصحر	-10.043243
▁بمثابة	-10.043263
▁الإيجابية	-10.043446
▁قلق	-10.043456
▁الأفعال	-10.043959
▁يرحب	-10.044949
لشؤون	-10.045560
▁ونقل	-10.045817
▁العاشرة	-10.045924
▁بحالة	-10.046039
▁المعنيين	-10.046453
▁والعنف	-10.046586
▁النزاعات	-10.046720
▁المعيشية	-10.046866
▁ويشمل	-10.047061
▁أبلغ	-10.048807
▁الفتيات	-10.048928
9-	-10.048983
▁هما	-10.049023
▁للت	-10.049468
*،	-10.049578
▁دائمة	-10.050048
▁مراحل	-10.050155
▁وقدمت	-10.050177
▁قدما	-10.050915
SR	-10.050943
▁وتدعو	-10.050984
▁إيجابية	-10.053433
▁المعرفة	-10.053555
▁كفاءة	-10.053580
▁تسعى	-10.053704
لمراقبة	-10.053915
▁١٥	-10.054013
▁كال	-10.054322
▁وكالة	-10.054770
▁300	-10.055482
▁وقدم	-10.055792
يون	-10.055852
▁تركيز	-10.056029
ري	-10.056267
▁بليون	-10.057154
▁ات	-10.057688
▁تأخذ	-10.058108
▁وصندوق	-10.058110
▁وتحث	-10.058674
بالنسبة	-10.059291
▁النرويج	-10.059331
▁(1999)	-10.059634
▁بعمل	-10.059696
▁وبما	-10.059999
▁بحسب	-10.060143
▁وع	-10.060238
▁بالحكم	-10.061490
▁أشكر	-10.061647
▁اقتصادية	-10.061716
▁65	-10.062548
▁بالتزاماتها	-10.062705
▁كجزء	-10.063066
▁لمشروع	-10.063304
▁بتوفير	-10.064301
17	-10.064839
▁٧	-10.064871
طلب	-10.066242
▁البيئي	-10.066250
▁المرتكبة	-10.066443
▁12-	-10.066712
▁رئيسي	-10.066802
▁تتم	-10.066886
▁بشدة	-10.067030
▁ذ	-10.067475
▁وسائر	-10.067831
▁بيجين	-10.068335
▁الكيانات	-10.068524
▁الجانب	-10.068770
▁حيثما	-10.068920
25	-10.069299
▁خاصا	-10.069307
▁بمساعدة	-10.069944
▁واضح	-10.069949
▁فإننا	-10.070668
▁التعويض	-10.070832
▁بالأطفال	-10.070930
▁جورجيا	-10.071050
▁(1	-10.071859
▁الإعاقة	-10.071900
▁انتقالية	-10.072042
▁ولاحظ	-10.072621
▁تنطبق	-10.072661
▁بالمادة	-10.072756
▁آخرين	-10.072919
▁1990	-10.072959
▁بدرجة	-10.073869
▁دراسات	-10.073929
عرب	-10.074217
▁المتمثل	-10.074881
▁بت	-10.074979
▁ربما	-10.075266
▁تسلم	-10.075971
تا	-10.076291
▁نقطة	-10.076332
▁الاتجاه	-10.077944
▁الكلي	-10.078199
▁يلاحظ	-10.078225
▁وتقوم	-10.078318
▁الابتدائية	-10.078621
▁تمثيل	-10.078748
8-	-10.079221
▁إجمالي	-10.079417
f	-10.079483
اهضة	-10.079687
▁المؤشرات	-10.079812
▁تمت	-10.080050
▁تشريعات	-10.080189
▁لانكا	-10.080378
▁00/10	-10.080690
▁لأسباب	-10.080808
▁يتفق	-10.080887
▁ورصد	-10.081121
▁L	-10.081515
▁التوقيع	-10.081779
▁موقف	-10.081960
▁حكومات	-10.082108
▁الخمس	-10.082252
▁الهجمات	-10.082582
11	-10.082881
▁تدريبية	-10.083656
▁الانتقال	-10.083783
▁يقل	-10.083935
▁أساسيا	-10.084112
▁اللغة	-10.084916
▁البناء	-10.085217
▁حقا	-10.085424
60	-10.085664
▁إحاطة	-10.085794
▁رئاسة	-10.085878
▁ببيانات	-10.086248
▁التعليقات	-10.087456
▁الأسود	-10.087638
▁الثقافي	-10.087898
▁75	-10.088559
▁القيادة	-10.088777
▁وتطوير	-10.088917
▁تزايد	-10.088994
هج	-10.089433
درج	-10.089746
▁السجون	-10.089751
▁روما	-10.089777
▁١٢	-10.089794
▁الشواغل	-10.091311
▁الضمان	-10.091377
▁الدخول	-10.091832
▁المساعدات	-10.092187
▁المواضيع	-10.092281
▁البديلة	-10.092333
▁والأمم	-10.092726
0	-10.092769
▁احتمال	-10.092782
▁العابر	-10.092801
▁أذربيجان	-10.092936
▁انتباه	-10.093010
▁دعا	-10.093026
14	-10.093179
▁أدوات	-10.093364
▁أجريت	-10.093846
▁بالت	-10.094262
▁أدت	-10.094326
▁يستند	-10.094713
▁1373	-10.095084
▁بالفرنسية	-10.095326
▁إسبانيا	-10.096404
▁تنفيذا	-10.097141
بشأن	-10.097145
▁امرأة	-10.097151
▁التكنولوجيات	-10.097472
▁ونزع	-10.098111
▁المن	-10.098267
▁السويد	-10.098501
▁التكامل	-10.098764
R	-10.099010
▁والسلام	-10.099579
▁أولويات	-10.100105
▁التغييرات	-10.100217
▁٩	-10.100410
▁صورة	-10.100632
▁وطني	-10.101112
▁شرط	-10.101976
▁المصالح	-10.102240
▁أقر	-10.102708
▁فورا	-10.103066
▁محدد	-10.103148
▁المشاركون	-10.103364
▁عقود	-10.103510
▁لأنشطة	-10.103670
اني	-10.103691
▁أوغندا	-10.103809
▁مباشر	-10.104105
▁بنود	-10.104201
▁نشوب	-10.104470
▁إما	-10.105563
▁بحرية	-10.106351
▁يؤيد	-10.106575
▁الشديد	-10.106858
▁مجموعه	-10.106967
▁الضوء	-10.107417
▁عامي	-10.107602
▁للأنشطة	-10.107938
▁والبيئة	-10.108367
▁للأطراف	-10.108562
▁الموحد	-10.108595
▁الدائرة	-10.108647
▁والمواد	-10.108814
▁وعليه	-10.108860
▁تت	-10.110135
▁طرفا	-10.110906
▁البداية	-10.111166
▁أوكرانيا	-10.111545
▁الخطيرة	-10.111568
u	-10.111622
▁عالية	-10.111637
▁الرئيسة	-10.111863
▁الواقعة	-10.112927
▁المدن	-10.112964
رض	-10.113173
▁باعتباره	-10.113704
▁مؤقتة	-10.113789
▁السعي	-10.114196
▁والقطاع	-10.114367
▁بسرعة	-10.114673
▁وكفالة	-10.114863
▁جراء	-10.115361
رب	-10.115468
▁عاتق	-10.116349
▁شخصا	-10.116874
▁64	-10.116898
▁إنها	-10.116923
▁اتخاذها	-10.117238
▁وتقدم	-10.117314
أن	-10.117854
▁أكدت	-10.117910
▁السواء	-10.118157
▁بحاجة	-10.118503
▁الخاضعة	-10.118862
مكافحة	-10.119516
▁تخضع	-10.120320
بات	-10.121424
▁الطيران	-10.121539
▁بلا	-10.122039
▁وسيكون	-10.122258
تنمية	-10.122414
▁المغرب	-10.122853
▁طابع	-10.123109
▁التوعية	-10.123354
▁دائم	-10.123967
▁بعنوان	-10.124152
يت	-10.124310
▁علاقة	-10.125370
رح	-10.125460
▁مراجعي	-10.125628
▁والحد	-10.125855
▁المركزية	-10.126299
▁يضع	-10.126374
▁الحلقة	-10.126381
▁طبقا	-10.127448
▁للمشاركة	-10.127570
▁بضرورة	-10.128316
ستخدم	-10.128347
▁علي	-10.128429
سر	-10.128589
▁ولن	-10.128653
▁مالي	-10.129050
▁وجرى	-10.129105
▁نساء	-10.129711
▁الاستثمارات	-10.129989
▁تعالج	-10.130505
ly	-10.130733
▁وقبل	-10.131944
▁تسليم	-10.132330
▁بإدارة	-10.132708
▁المباشرة	-10.132863
▁الإبادة	-10.134192
ic	-10.134228
▁١١	-10.134672
▁ملاحظات	-10.134848
بلغ	-10.134996
▁بعملية	-10.135288
▁المراجعة	-10.135366
▁قراره	-10.136097
▁الحائزة	-10.136200
26	-10.136232
▁سير	-10.136532
▁تسهم	-10.136940
▁قوية	-10.136985
▁بي	-10.137918
▁انعدام	-10.138082
▁المعروضة	-10.138352
▁نيروبي	-10.138596
▁(2006)	-10.139457
▁اهتماما	-10.140094
▁بالقلق	-10.140722
%	-10.140892
إعادة	-10.141273
▁وافق	-10.141322
▁الإحصاءات	-10.141897
▁الدستورية	-10.142354
▁محاولة	-10.142447
▁إضافي	-10.142734
▁تحديدا	-10.142741
▁أراضي	-10.142840
▁المركزي	-10.143029
▁عوامل	-10.143640
لم	-10.143987
▁دخل	-10.144299
▁القومي	-10.144562
▁تكوين	-10.144564
G	-10.144603
فة	-10.144659
▁R	-10.144794
حة	-10.144931
▁الزمني	-10.145016
▁13-	-10.145356
▁القبيل	-10.146018
▁والمرأة	-10.146235
▁المسؤولة	-10.146274
▁النقد	-10.146325
▁صدر	-10.146399
▁1993	-10.146453
▁بنشاط	-10.146691
▁الستين	-10.146841
▁تهيئة	-10.147111
▁المستقل	-10.147549
▁الإقامة	-10.147708
▁الأزمات	-10.147737
لمساعدة	-10.147761
▁طرق	-10.147926
▁تبدأ	-10.148108
▁الارض	-10.148330
▁وخصوصا	-10.149077
▁التحفظات	-10.149752
▁تتمثل	-10.149800
▁شيلي	-10.150195
عندما	-10.150304
19	-10.150354
يته	-10.150642
▁United	-10.150836
▁الصرف	-10.151082
▁سيدي	-10.151649
▁رسميا	-10.151742
▁أنغولا	-10.151832
▁تكلفة	-10.151894
▁الجيش	-10.152852
▁إشراك	-10.152933
▁الج	-10.153039
▁لرصد	-10.153831
▁القبض	-10.154781
▁الرقم	-10.156248
16	-10.156453
▁انتهاكا	-10.157086
▁تصل	-10.157617
▁1998،	-10.158182
▁طفل	-10.159345
▁الوثيق	-10.159358
تم	-10.159458
▁طبيعة	-10.159727
▁وجنوب	-10.160010
▁المنظومة	-10.160026
▁المجاورة	-10.160320
▁الحركة	-10.160988
▁ينطوي	-10.161021
or	-10.161333
▁الأمل	-10.161356
▁النسائية	-10.161908
▁والمسائل	-10.161957
▁للصندوق	-10.162233
▁أرض	-10.162517
تاح	-10.162575
▁توضيح	-10.163744
▁No	-10.164456
▁يوصي	-10.164933
▁يتناول	-10.164959
▁للبرنامج	-10.165470
▁وذكرت	-10.165509
▁نام	-10.165987
▁بالجهود	-10.166211
▁واحترام	-10.166466
▁ملزمة	-10.168180
▁T	-10.168253
▁المتكلمين	-10.168343
▁اعتمدتها	-10.169302
▁البحري	-10.169626
▁الهام	-10.170118
▁النقدية	-10.170421
▁مفوض	-10.170466
▁المحتمل	-10.170768
▁00/15	-10.171111
▁والشعوب	-10.171520
▁سري	-10.172265
▁طوال	-10.172424
▁أعلن	-10.172951
▁بيرو	-10.173190
▁تشغيل	-10.173244
▁الإغاثة	-10.173316
▁الشعبة	-10.173658
▁نيجيريا	-10.173733
▁ثقافة	-10.174566
▁وثيق	-10.175206
▁متاحة	-10.175209
▁فرد	-10.175395
▁14-	-10.175624
▁وحمايتها	-10.175782
▁المراكز	-10.176263
▁الكافية	-10.176293
▁المبينة	-10.176714
▁لنظام	-10.176728
-5	-10.176882
▁بالحق	-10.177650
▁الإنتاجية	-10.177676
▁مقدونيا	-10.177763
▁بأعمال	-10.177834
▁تاما	-10.177964
▁بتاريخ	-10.177979
▁موافقة	-10.178435
▁الف	-10.178858
▁والهيئات	-10.179081
b	-10.179874
▁الحرية	-10.180072
▁مغلقة	-10.181032
▁تعصب	-10.181036
▁سابقا	-10.181568
▁تعاني	-10.182513
▁المشتريات	-10.183542
▁وصف	-10.183564
▁والتدابير	-10.183877
▁الانتباه	-10.184218
▁باستمرار	-10.184524
ائها	-10.184671
▁ومؤسسات	-10.185097
▁النمسا	-10.185261
▁وتيسير	-10.185672
▁الميداني	-10.185812
▁للطفولة	-10.186122
40	-10.186517
▁الرتبة	-10.186593
▁سياسي	-10.186877
▁المكتسب	-10.187231
▁بإعداد	-10.187539
▁التشريع	-10.188254
▁الأوضاع	-10.188326
▁(2000)	-10.188446
▁منتصف	-10.189021
▁K	-10.190044
▁تمديد	-10.190098
▁تفاصيل	-10.190139
▁مخاطر	-10.190170
▁المتمثلة	-10.190616
▁الممكنة	-10.190687
▁لتيسير	-10.190922
▁كون	-10.191255
▁الوقود	-10.191290
▁اتخذ	-10.191828
▁لسنة	-10.193052
▁الأفرقة	-10.193153
▁الحمل	-10.193516
▁غواتيمالا	-10.193860
▁العرض	-10.194965
▁تستطيع	-10.195161
▁توقيع	-10.195392
▁ومما	-10.195616
▁متزايد	-10.196136
▁والمشاركة	-10.196795
▁صكوك	-10.196813
▁400	-10.197069
▁الجغرافي	-10.197345
p	-10.197355
▁يكفي	-10.197538
مان	-10.197666
▁يومي	-10.197880
اش	-10.198107
▁التهديد	-10.198146
▁يقع	-10.198313
▁2009،	-10.198624
▁والمبادئ	-10.199182
▁استعداد	-10.199511
▁73	-10.199684
@	-10.199822
▁عبد	-10.200031
▁إبلاغ	-10.200281
▁قابلة	-10.200455
▁يشجع	-10.200463
▁السريع	-10.200676
▁المتبقية	-10.200679
▁التحليل	-10.202242
▁أنشئت	-10.202794
▁يؤثر	-10.202874
▁والمادة	-10.202929
▁التعامل	-10.202971
▁وفود	-10.203058
▁التدريجي	-10.203063
▁الانبعاثات	-10.203218
▁التوجيه	-10.203218
▁تعيد	-10.203397
▁بزيادة	-10.203664
▁أموال	-10.203921
بجميع	-10.204172
▁الشفوية	-10.204185
▁شبكات	-10.204815
▁شرطة	-10.204988
27	-10.205025
▁الخبرات	-10.205786
▁G	-10.205853
▁الغ	-10.205881
),	-10.205947
▁الاشتراكات	-10.206326
▁العلاج	-10.206487
▁المواقع	-10.206564
▁تأمين	-10.206565
,"	-10.206773
▁حضور	-10.207471
▁H	-10.207581
▁تعبئة	-10.207810
▁تقل	-10.207920
إمكانية	-10.208120
▁وترحب	-10.208711
▁تعديلات	-10.209830
▁التكيف	-10.209920
22	-10.210245
▁الكفاءة	-10.210688
▁مشروعة	-10.211434
▁جهد	-10.211608
▁تعويض	-10.211697
▁1991	-10.212234
▁والثقافة	-10.212398
▁يحق	-10.212458
▁محدودة	-10.212710
▁ولايتها	-10.213091
▁مناسب	-10.213253
▁التصويبات	-10.214577
قرار	-10.214781
▁غسل	-10.215627
إن	-10.216025
▁خالية	-10.216116
▁ويقدم	-10.216322
it	-10.216755
▁لاحظ	-10.216911
WG	-10.217194
in	-10.217451
▁باللغات	-10.217831
▁تكنولوجيات	-10.218121
▁المصادر	-10.218268
مين	-10.219140
▁الحقيقة	-10.219162
▁أمكن	-10.219719
▁المتمتع	-10.219982
▁الشهر	-10.220127
▁المادية	-10.220165
▁اتحاد	-10.220194
▁مزيدا	-10.220908
▁66	-10.221100
▁يظل	-10.221398
▁انت	-10.221952
▁شراكة	-10.222188
▁للحدود	-10.222932
▁ث	-10.223235
▁ينطبق	-10.223370
▁تولي	-10.223550
▁نرى	-10.224391
H	-10.224509
▁الصناديق	-10.224762
▁الفلبين	-10.225117
▁طائفة	-10.225393
▁المصالحة	-10.225417
▁فتح	-10.225965
▁تقدما	-10.226076
▁القاسية	-10.226742
▁التدريبية	-10.227160
▁استئناف	-10.228526
تك	-10.228726
▁للقيام	-10.228826
▁السليمة	-10.229052
▁الجغرافية	-10.229294
▁للمنظمات	-10.229892
▁أشير	-10.230068
▁كرواتيا	-10.230747
مختلف	-10.231296
▁بلجيكا	-10.231557
▁الح	-10.231701
▁تفيد	-10.231835
▁والسيدة	-10.231870
▁15-	-10.232080
▁نقاط	-10.232288
▁الاستعراضي	-10.232564
▁اللبنانية	-10.232776
▁وتؤكد	-10.232813
وزارة	-10.233591
▁عضوية	-10.234006
▁تتمكن	-10.234192
▁١٤	-10.234392
▁وك	-10.235359
عتبر	-10.236564
▁تواجهها	-10.236608
▁منسق	-10.237171
▁الوحدات	-10.237564
قدم	-10.238321
▁المنشأ	-10.239361
▁المدة	-10.240108
▁أعماله	-10.240612
▁أعلنت	-10.240892
▁المستمرة	-10.241256
▁تطور	-10.241433
▁التسليم	-10.241549
▁وقع	-10.241770
▁الشمال	-10.242015
▁العسكريين	-10.242139
▁وأنشطة	-10.242156
▁رهنا	-10.242381
▁قانونا	-10.242762
▁الخيارات	-10.242849
▁تمكن	-10.242949
▁للتدريب	-10.243726
▁الصك	-10.243753
▁وغيرهم	-10.244324
▁السلبية	-10.244342
▁باستعراض	-10.244482
▁وأيرلندا	-10.244665
▁الحرة	-10.245489
▁67	-10.245854
▁القادم	-10.245941
▁الغذائية	-10.246325
▁Law	-10.246332
▁والرعاية	-10.246718
▁باستثناء	-10.246943
▁ككل	-10.247334
▁,	-10.247850
▁تتمتع	-10.247934
▁شارك	-10.248019
▁وأفراد	-10.248050
▁الفقراء	-10.248984
▁جهات	-10.249096
▁المقام	-10.249698
▁وترى	-10.249892
▁التطبيق	-10.250014
▁١٣	-10.250424
▁والتقنية	-10.250821
21	-10.251247
▁1992	-10.252039
▁وتنص	-10.252758
▁بإ	-10.252775
مر	-10.252921
▁المساهمات	-10.252943
▁واجب	-10.253049
قر	-10.253532
▁بالقضاء	-10.253980
▁الطائرات	-10.254042
صف	-10.254273
▁مياه	-10.254278
▁البت	-10.255064
إتاحة	-10.255357
▁والمجلس	-10.255450
▁بالتشاور	-10.256064
▁جزئيا	-10.256067
▁القول	-10.256148
▁لاحق	-10.256429
▁المتبعة	-10.256491
▁رسمي	-10.256522
CONF	-10.257829
▁Corr	-10.258491
▁البضائع	-10.258857
▁مفيدة	-10.258943
▁طويل	-10.258963
▁انتخابات	-10.259043
▁بالغابات	-10.259190
▁الأردن	-10.260139
▁لأنها	-10.260295
re	-10.260435
th	-10.260737
▁السفن	-10.260827
▁وج	-10.260869
▁والمساواة	-10.261615
▁العنصر	-10.262001
▁عنصرا	-10.262263
▁لتشجيع	-10.263097
▁هذين	-10.263357
▁ضمانات	-10.263959
▁وهكذا	-10.264000
▁بيت	-10.264103
▁بأحكام	-10.264552
▁الموظف	-10.264625
▁وخطة	-10.265306
▁أشد	-10.265504
▁الص	-10.265818
شر	-10.266053
▁يبدأ	-10.266705
▁والجمهورية	-10.266711
▁وإجراءات	-10.267060
▁النسبة	-10.267328
▁تنقيح	-10.267396
اري	-10.267483
▁لكم	-10.267626
▁السماح	-10.267818
▁للمواد	-10.267831
▁سلوك	-10.268056
▁للشعب	-10.268567
▁بالغة	-10.268684
▁الأسبوع	-10.268793
▁وتنسيق	-10.269345
مي	-10.269608
▁الثامن	-10.269916
29	-10.270972
▁قدمه	-10.271835
28	-10.271873
WP	-10.272112
▁التشريعي	-10.273125
▁للأشخاص	-10.273361
▁مستقبل	-10.273542
▁اقتصاداتها	-10.273572
▁وتبادل	-10.273719
▁ضعف	-10.273956
▁الط	-10.274196
▁السبل	-10.274503
لعدم	-10.274975
▁زيارة	-10.275481
▁لعمل	-10.275577
▁القاضي	-10.276332
80	-10.276391
▁نفاذ	-10.276678
▁اتصال	-10.276813
▁تقاسم	-10.277228
فر	-10.277374
▁الجماعي	-10.277450
▁والمعدات	-10.277720
▁ترك	-10.278407
▁تشعر	-10.279215
▁كنت	-10.279519
-7	-10.279591
▁بتلك	-10.279864
▁لمواصلة	-10.279897
▁وبينما	-10.280025
▁عسكرية	-10.280401
▁الإدارات	-10.280609
▁الكافي	-10.281085
بين	-10.281614
▁لاحقا	-10.281777
▁بحكم	-10.281923
جز	-10.281951
▁الخسائر	-10.282191
▁مطالبة	-10.282431
▁التحديد	-10.282522
▁بيساو	-10.282652
▁لمناقشة	-10.282730
/4	-10.282825
ائي	-10.283043
لأغراض	-10.283664
رعاية	-10.283838
▁اللاإنسانية	-10.284113
g	-10.284493
▁ولايته	-10.285621
▁غالبا	-10.285748
▁الصادرات	-10.285763
▁صربيا	-10.286013
▁تعكس	-10.286024
▁والمتوسطة	-10.286178
حت	-10.286315
▁وإقامة	-10.286645
زي	-10.286673
▁الحل	-10.286909
▁يصل	-10.287095
/55/	-10.287395
▁الاتجاهات	-10.287731
▁وأوصت	-10.287805
▁الدوحة	-10.287811
▁اقترح	-10.288144
▁بمنع	-10.288190
▁والستون	-10.288643
▁بيلاروس	-10.288797
عاد	-10.288983
▁العشرين	-10.289079
▁وفق	-10.289124
▁تقديرات	-10.290733
▁الإنجازات	-10.291348
▁قابل	-10.291674
▁الخيار	-10.291676
▁ولكنه	-10.292517
▁وكره	-10.292786
▁السجن	-10.294242
▁لإ	-10.294406
▁مسؤولة	-10.294878
▁تصدر	-10.295371
▁16-	-10.295451
▁متى	-10.295751
▁Add	-10.295761
▁رئيسا	-10.295954
▁المهارات	-10.296190
▁تقديرها	-10.296535
37	-10.296616
زم	-10.296691
دار	-10.296711
▁سفر	-10.296711
.4/	-10.297437
▁يعزز	-10.297578
▁المطاف	-10.297786
▁بنغلاديش	-10.297809
▁محلية	-10.298118
▁المنزلي	-10.298133
▁الجامعة	-10.298347
▁الجوفية	-10.298537
▁الإنجابية	-10.298612
فق	-10.298806
▁بكثير	-10.298809
▁التشاور	-10.299117
▁تبذل	-10.299117
▁خامسا	-10.299735
▁مساهمات	-10.299738
▁المحليين	-10.299747
رف	-10.300113
▁اختصاص	-10.300390
18	-10.300510
▁69	-10.301079
▁للقرار	-10.301112
▁الصعوبات	-10.301849
سي	-10.301907
an	-10.302999
▁يعرب	-10.303065
▁تدرك	-10.303168
▁متنوعة	-10.303674
▁ٱلله	-10.303906
▁حدثت	-10.304049
▁التقديرات	-10.304256
باسم	-10.304671
▁التقاعدية	-10.304713
▁كينيا	-10.305170
▁الجمعة	-10.305333
▁تقنية	-10.305802
اللجنة	-10.305866
FCCC	-10.305931
▁شركات	-10.306231
▁الدروس	-10.307015
▁وأكثر	-10.307193
▁يتمتع	-10.307223
▁نسبيا	-10.307323
رد	-10.307475
▁التعديل	-10.307618
دو	-10.307629
▁يعكس	-10.307922
▁ماليزيا	-10.308567
▁المساءلة	-10.309150
▁انتقال	-10.309657
▁وإعداد	-10.309731
▁التشغيلية	-10.311539
▁التفاهم	-10.311660
▁غيرها	-10.311705
▁تفسير	-10.312127
▁المستوطنات	-10.312574
▁يستخدم	-10.313028
▁بفضل	-10.313190
▁التأهيل	-10.313325
▁ملاحظة	-10.313542
▁مستمرة	-10.313781
▁by	-10.313949
▁الجهاز	-10.314266
▁بقضايا	-10.314660
▁إبرام	-10.315002
الأمم	-10.315139
▁التدخل	-10.315715
▁الليبية	-10.315746
▁صغيرة	-10.315787
▁روح	-10.316002
▁أدلة	-10.316068
▁الاثنين	-10.316080
▁بالمسائل	-10.317285
▁2008-2009	-10.317319
▁الخارجة	-10.317544
▁يعملون	-10.317604
▁قضائية	-10.317939
▁المضمون	-10.318301
▁جهاز	-10.318402
▁التنظيم	-10.318916
▁سان	-10.319156
▁الملائم	-10.319676
▁وعند	-10.320484
▁للشعوب	-10.320501
دون	-10.320936
90	-10.321131
▁الجنوبية	-10.321496
▁الهيكل	-10.321522
▁محاكمة	-10.321857
▁صك	-10.321928
عين	-10.321955
▁دستور	-10.322050
▁تنشأ	-10.323204
▁إساءة	-10.323435
▁لتغطية	-10.323746
▁العراقية	-10.323999
كي	-10.324122
▁القابلة	-10.324333
▁بنفس	-10.324361
▁بعيد	-10.324567
▁لجان	-10.324960
▁المفتوح	-10.325169
N	-10.325742
▁قائلة	-10.326146
▁الوحيدة	-10.327009
▁(19	-10.327623
▁المذكرة	-10.327710
▁وإجراء	-10.327755
▁الإسهام	-10.328337
▁بالتنسيق	-10.329624
▁أنشأت	-10.329878
▁باريس	-10.330075
▁لاحظت	-10.330311
▁أبلغت	-10.330503
▁لإعداد	-10.330837
▁نظره	-10.330862
▁الحكوميين	-10.330872
▁المتبادل	-10.331152
▁ويجوز	-10.331156
▁تقييد	-10.331193
حل	-10.331446
▁استكمال	-10.331975
▁الجهة	-10.332052
▁يسهم	-10.332217
▁يحيل	-10.332809
▁تتولى	-10.333138
▁تعترف	-10.333274
▁معروضا	-10.333904
▁الموظفون	-10.334261
▁بالألغام	-10.334523
▁وح	-10.335047
56	-10.335423
▁التوزيع	-10.335516
▁كيانات	-10.335662
▁للنظام	-10.335734
▁تقر	-10.337164
▁المادتين	-10.337294
70	-10.337330
▁بتنظيم	-10.337505
▁تراعي	-10.338121
▁المهينة	-10.338739
▁العقبات	-10.338745
▁التوازن	-10.339129
▁معرض	-10.339160
▁(2005)	-10.339617
▁المبين	-10.340472
▁تايلند	-10.340648
32	-10.340667
▁أوصى	-10.340752
▁Nations	-10.340863
▁الإصلاحات	-10.341005
49	-10.341219
▁الرؤساء	-10.341456
▁شهرا	-10.341486
▁الحسبان	-10.341532
▁الشكاوى	-10.341640
▁اللاحقة	-10.341974
▁صون	-10.342132
▁1999.	-10.342255
▁ودعا	-10.342394
▁نيبال	-10.342422
▁إعلامية	-10.342707
▁اجتماعية	-10.342987
▁حسن	-10.343513
212)	-10.343666
▁وتقرير	-10.343822
▁الشهود	-10.343831
▁الأخذ	-10.343886
▁واو	-10.344113
▁وقررت	-10.344357
▁الضرائب	-10.344501
▁وبلدان	-10.344546
▁نيابة	-10.344981
▁سائر	-10.345605
▁الجسيمة	-10.345803
▁بالمعلومات	-10.345803
▁وتطبيق	-10.346017
.1،	-10.346783
▁إنسانية	-10.346914
▁الدفع	-10.347041
▁اليوغوسلافية	-10.347058
▁والحق	-10.347321
▁ويقوم	-10.347564
▁الشبكي	-10.347908
▁الأونسيترال	-10.348033
▁17-	-10.348132
▁والحكومات	-10.348329
▁(2003)	-10.348626
▁الر	-10.348916
جري	-10.348922
▁68	-10.348969
▁معدات	-10.348993
▁مجالي	-10.349130
58	-10.349590
ثق	-10.349964
يو	-10.350586
▁600	-10.350638
▁تفعل	-10.350652
▁وبموجب	-10.351222
▁للحكومة	-10.351405
53	-10.351742
▁مصائد	-10.352402
▁ظلت	-10.352448
▁المنسق	-10.352456
▁اتخذته	-10.353279
▁لبعض	-10.354358
▁رئيسيا	-10.354566
ذا	-10.354645
▁تونس	-10.355490
▁بالأعمال	-10.355788
▁صوت	-10.355838
▁المدرسة	-10.356256
▁قتل	-10.356415
▁سانت	-10.356503
▁الإصابة	-10.356922
▁مفاده	-10.357040
▁الشراء	-10.357459
▁حملة	-10.357634
▁الخطرة	-10.357711
▁كو	-10.357771
▁المتبادلة	-10.357773
")	-10.357799
▁بانتظام	-10.357934
▁الزراعي	-10.357985
▁الإفلات	-10.358328
41	-10.358507
▁وتنمية	-10.358719
83	-10.359122
▁بولندا	-10.359297
▁بوجود	-10.359322
▁ويتضمن	-10.359868
▁أجزاء	-10.359900
▁افتتاح	-10.360176
▁التحتية	-10.360204
▁اتفق	-10.360569
▁الجاري	-10.361998
▁إكوادور	-10.362150
▁الطويلة	-10.362297
متلازمة	-10.362662
▁72	-10.362734
▁تجارية	-10.363053
▁الناقل	-10.363280
▁المحافظة	-10.363545
▁جماعات	-10.363732
▁والقواعد	-10.363951
▁حقيقة	-10.364782
لمواجهة	-10.364928
▁طول	-10.365192
▁وأكدت	-10.365986
▁فيهم	-10.366011
▁الاستقصائية	-10.366813
"؛	-10.367186
▁تدهور	-10.367268
▁البيولوجية	-10.367471
▁استنتاجات	-10.367640
▁إل	-10.367748
قترح	-10.368761
▁١٧	-10.368807
▁١٦	-10.368811
55	-10.368903
▁76	-10.369002
▁المواضيعية	-10.369540
▁ووسائل	-10.369543
▁تحد	-10.369667
▁W	-10.369698
▁دعت	-10.370650
▁السؤال	-10.370762
ar	-10.371040
خطة	-10.371043
65	-10.371164
▁2009.	-10.371724
حالة	-10.371978
▁الفرد	-10.372111
23	-10.372388
▁المتضررة	-10.372513
▁التغذية	-10.372529
▁قيادة	-10.372606
▁أولئك	-10.372653
طر	-10.373199
▁توجه	-10.373757
▁18-	-10.373827
▁الوطنيين	-10.373904
▁(2002)	-10.373999
▁يذكر	-10.374048
▁البلاد	-10.374092
سل	-10.374136
▁ذكرت	-10.374749
▁تجميع	-10.374786
▁الاطلاع	-10.374807
▁إعطاء	-10.374933
▁والتجارة	-10.374979
▁الخطر	-10.375191
▁المقيمين	-10.375447
جل	-10.375856
▁التحدي	-10.376072
▁لجمع	-10.376166
▁للجهود	-10.376330
▁الإطارية	-10.376823
▁تغطي	-10.377157
▁صفوف	-10.378003
▁العالي	-10.378078
▁للاجئين	-10.378315
▁شهود	-10.379361
▁مضمون	-10.379614
▁جمعية	-10.380033
▁الثابتة	-10.380626
▁الأسئلة	-10.381115
▁الإنفاق	-10.381215
▁71	-10.381376
▁ممثلة	-10.381574
▁يتمكن	-10.382101
▁موظفا	-10.382322
▁فاسو	-10.382433
▁لأعمال	-10.382566
▁(5)	-10.382678
▁الأحزاب	-10.382695
▁ومنها	-10.383326
▁وكندا	-10.383469
▁سيتم	-10.383540
▁المدرج	-10.383687
▁اكثر	-10.383927
▁تقد	-10.384418
أي	-10.384572
فا	-10.384605
▁سابق	-10.384634
▁الإعراب	-10.385680
▁لخدمات	-10.385933
▁تجد	-10.386313
▁ممن	-10.386572
شير	-10.386625
▁ولذا	-10.386686
h	-10.386694
50	-10.386984
▁الولادة	-10.387026
▁وأمن	-10.387071
▁مستقل	-10.387133
▁والإ	-10.387210
▁at	-10.387787
▁والأفراد	-10.387808
▁أسماء	-10.387927
▁محمد	-10.388079
▁الأرضية	-10.388268
▁الانحياز	-10.388428
▁الإضافي	-10.388749
ائه	-10.388927
▁واليابان	-10.389592
▁استقرار	-10.389775
غي	-10.389871
▁وبذلك	-10.390110
▁الدانمرك	-10.390581
▁والتسريح	-10.391235
قل	-10.391912
▁فقال	-10.392155
▁الد	-10.392176
▁بيع	-10.392205
▁قدمته	-10.392644
ضم	-10.393634
▁بموافقة	-10.393987
▁تحظى	-10.394239
▁القسم	-10.395293
▁2004-2005	-10.395504
▁وتوسيع	-10.395534
▁بالموارد	-10.395692
▁واعتمدت	-10.395719
يك	-10.395820
يان	-10.395838
▁قياس	-10.396254
▁وتمثل	-10.396318
▁والبحث	-10.396553
▁تغييرات	-10.396852
45	-10.397284
مو	-10.397371
▁القيم	-10.397412
يرى	-10.397967
▁أنهم	-10.398093
شي	-10.398930
▁والعلم	-10.398985
us	-10.399170
▁هوية	-10.399236
▁ضرورية	-10.399546
▁التثقيف	-10.399797
▁فأ	-10.399867
▁إقليمي	-10.400592
▁المستفادة	-10.401127
▁قطر	-10.401290
▁صوب	-10.401313
▁يهدف	-10.401423
▁شبه	-10.401515
▁المفوضة	-10.401545
▁التمثيل	-10.401616
▁صدور	-10.401618
▁وأعضاء	-10.402028
كت	-10.402569
وج	-10.402752
▁المرشحين	-10.402996
▁عل	-10.403152
▁بتمويل	-10.403190
▁ضروب	-10.403610
▁يحتاج	-10.403860
▁لاتخاذ	-10.403977
▁شغل	-10.404043
▁موريشيوس	-10.404201
▁قطع	-10.404481
▁المؤسسي	-10.404634
▁19-	-10.405163
r	-10.405449
▁وتوصيات	-10.405566
رون	-10.405671
▁القارة	-10.405697
▁الفعل	-10.405717
▁ونتائج	-10.405770
▁لفريق	-10.405904
▁تنظم	-10.406179
▁الحاضر	-10.406225
▁المست	-10.406300
▁قرارا	-10.406402
▁أنفسهم	-10.406474
▁التشديد	-10.408130
▁التماس	-10.408226
▁التخفيف	-10.408490
▁التحفظ	-10.408536
▁الحقائق	-10.408717
▁صراحة	-10.408805
▁2006-2007	-10.408814
▁دقيقة	-10.408853
▁لمساعد	-10.409058
▁المائية	-10.409271
▁تتعاون	-10.409923
35	-10.410094
▁ض	-10.410212
▁شاركت	-10.410562
▁المحيطات	-10.411004
▁منهجية	-10.411076
ء	-10.411199
▁بوسائل	-10.411289
▁الأدوات	-10.411386
31	-10.411453
▁الجيدة	-10.411519
▁خلاف	-10.412196
▁مواضيع	-10.412307
▁la	-10.412453
▁جيدا	-10.412529
▁تغطية	-10.412591
▁رئيسة	-10.412770
▁لحق	-10.413484
-19	-10.413664
▁جلسته	-10.413882
رس	-10.413977
▁المرض	-10.414016
راف	-10.414134
عب	-10.414201
ra	-10.414236
75	-10.414529
▁الأوزون	-10.414593
▁والأهداف	-10.414661
▁اليومية	-10.415050
▁إرهابية	-10.415057
▁تجعل	-10.416352
▁العربي	-10.416716
رين	-10.416892
▁التزامها	-10.416940
▁يحصل	-10.417308
▁قوائم	-10.417760
▁2002-2003	-10.418053
▁اتفاقيات	-10.419095
▁مسجل	-10.419111
▁الإيكولوجية	-10.419247
▁امتثال	-10.419282
▁معها	-10.419284
▁وقامت	-10.419300
▁التزاما	-10.419318
▁جو	-10.419634
▁وقام	-10.419651
▁الأصلي	-10.419889
▁وبرامجها	-10.420032
▁البرية	-10.420120
▁بصدد	-10.420420
▁المفوض	-10.420445
▁طرائق	-10.420484
▁جيدة	-10.420789
▁يركز	-10.420871
▁O	-10.420969
▁التنفيذيين	-10.421010
▁المعدل	-10.422526
▁تطبق	-10.422926
▁انضمت	-10.423168
▁التشغيل	-10.423544
▁تقول	-10.423681
▁أفعال	-10.423969
▁بالاشتراك	-10.424293
▁بعضها	-10.424687
▁البريد	-10.424710
▁الأنصبة	-10.424796
▁البطالة	-10.424844
▁فان	-10.425002
▁الاشتراك	-10.425659
▁عاملا	-10.427140
▁بصفته	-10.427581
▁لديهم	-10.427659
▁شفويا	-10.427711
te	-10.427844
▁الخبير	-10.428197
▁فرع	-10.428238
▁الصيغة	-10.428322
▁تأخير	-10.428966
إنهاء	-10.428973
▁رجال	-10.429319
▁السائدة	-10.429836
▁عودة	-10.429839
٢	-10.430017
▁الفعالية	-10.430290
▁وتعرب	-10.430387
▁فترات	-10.430481
▁التنبؤ	-10.430548
▁الخاصين	-10.430702
li	-10.431027
▁يتوقع	-10.431246
مناسبة	-10.431374
▁دار	-10.431497
▁مهما	-10.431653
▁Rights	-10.431920
▁شعوب	-10.431991
▁آن	-10.432109
▁التوظيف	-10.432157
لو	-10.432608
▁صوتا	-10.432679
▁74	-10.433221
▁حاسمة	-10.433539
▁الإرهابيين	-10.433556
74	-10.433978
▁بمزيد	-10.434090
▁والفقرة	-10.434229
▁مقاطعة	-10.434804
▁حرب	-10.434884
▁وبالرغ	-10.435315
دان	-10.435478
▁أرمينيا	-10.435526
66	-10.435753
▁لذا	-10.436197
▁كفاية	-10.436279
▁غياب	-10.436694
▁ممثلين	-10.436800
كون	-10.436975
▁الخطط	-10.437160
▁البرتغال	-10.437737
▁يتجزأ	-10.437764
▁وعدد	-10.438160
▁J	-10.438184
▁تذكر	-10.438506
▁المستشار	-10.438665
▁للتعليم	-10.438916
▁ولايات	-10.439118
▁المضيفة	-10.439802
k	-10.440120
▁'4'	-10.440130
▁إدارية	-10.440169
▁الذكر	-10.441340
بما	-10.441961
on	-10.442373
با	-10.442492
▁وتشكل	-10.442703
▁مواطن	-10.442751
الة	-10.442813
▁شراكات	-10.442935
▁شواغل	-10.443180
▁يصدر	-10.443210
▁هياكل	-10.443309
وز	-10.443585
▁تنزانيا	-10.443934
▁يستطيع	-10.444121
▁مطالبات	-10.444372
▁يقترح	-10.444477
▁يدعم	-10.444536
▁ويشكل	-10.444551
▁سابقة	-10.445126
39	-10.445312
▁الوزارات	-10.445590
▁وأنها	-10.445657
▁تتخذها	-10.445969
▁السابقين	-10.446192
▁تهيب	-10.446542
▁المجرمين	-10.446718
ــــــ	-10.446960
▁المدينة	-10.447363
▁يورو	-10.447594
▁البر	-10.447698
▁كمبوديا	-10.448010
▁وبالنظر	-10.448090
24	-10.448112
▁بلادي	-10.448161
▁نرحب	-10.448297
▁النقاش	-10.449008
▁مؤتمرات	-10.449345
▁جديدا	-10.449390
w	-10.449800
▁مرتكبي	-10.450235
▁شديد	-10.450455
▁الصيد	-10.450457
▁تعليق	-10.450550
▁يعود	-10.450774
▁بتغير	-10.450829
▁قادرة	-10.450833
V	-10.450930
▁يحيط	-10.451551
▁تتحمل	-10.451618
▁بينهم	-10.451956
▁الأجواء	-10.452606
▁يأخذ	-10.452638
▁اليونان	-10.452925
▁التصرف	-10.453208
ائية	-10.453365
سوء	-10.453459
▁وتدابير	-10.453464
46	-10.453538
▁والشباب	-10.453771
▁قدرتها	-10.454021
▁المقاطعات	-10.454219
▁الخميس	-10.454605
▁يا	-10.454607
▁التغيير	-10.455239
لام	-10.455307
▁يثير	-10.455399
▁التحرير	-10.455639
اة	-10.455828
▁وهيئات	-10.455978
▁20-	-10.456068
U	-10.456258
▁للإجراءات	-10.457102
ri	-10.457129
▁والع	-10.457194
▁المنتهية	-10.457549
52	-10.458817
95	-10.459118
▁طلبها	-10.459137
34	-10.459320
مجرد	-10.459460
▁الفردية	-10.459548
▁وهم	-10.460130
▁عقدها	-10.460133
▁اقتراحات	-10.460168
▁المضيف	-10.460354
▁المسؤوليات	-10.460391
▁وهما	-10.460498
▁التوجيهي	-10.461259
▁وبأن	-10.461391
▁مستقبلا	-10.461423
▁وتحليل	-10.461756
▁والإبلاغ	-10.461914
36	-10.462005
▁الأجر	-10.462016
69	-10.462036
▁وينص	-10.462067
▁لاستخدام	-10.463237
▁واحدا	-10.463389
.9/	-10.463448
▁حقيقية	-10.463515
▁فكرة	-10.463533
▁800	-10.463807
▁بنجاح	-10.463880
▁1997،	-10.463953
▁pp	-10.464424
CRP	-10.464515
▁لعقد	-10.464549
▁المظالم	-10.464763
▁يشارك	-10.465301
▁والنظام	-10.465612
▁مهم	-10.466184
▁البنية	-10.466281
▁N	-10.466382
79	-10.466431
▁مركبات	-10.466458
▁المسؤول	-10.466926
▁الشخصي	-10.467072
▁مصلحة	-10.467675
▁للنهوض	-10.467753
▁السكن	-10.467951
▁والمناطق	-10.468454
▁رومانيا	-10.468614
▁الأضرار	-10.468933
▁اتجاه	-10.469491
▁الممثلة	-10.470035
مون	-10.470154
سياسة	-10.470263
▁دمج	-10.470288
▁١٨	-10.470760
▁ويتم	-10.471262
▁مرتبات	-10.471419
▁ويمثل	-10.471787
▁بتحقيق	-10.472487
▁الابتدائي	-10.472740
▁الاحترام	-10.472758
▁أرجاء	-10.473159
▁مفتوحة	-10.473171
▁التاسع	-10.473264
▁خسائر	-10.473502
▁باللغة	-10.473894
/3	-10.473909
▁مفصلة	-10.473963
▁اليونسكو	-10.474712
▁الصعب	-10.475004
▁وحسب	-10.475268
▁سحب	-10.475505
▁النفس	-10.475558
▁والهند	-10.476035
▁المعتمد	-10.476192
▁الاحتفاظ	-10.476357
▁مكررا	-10.476681
▁والن	-10.477228
▁واصلت	-10.477983
▁وأي	-10.478251
▁المس	-10.478343
▁الوقائية	-10.478872
لدى	-10.478964
▁يبين	-10.479100
▁إشارة	-10.479128
يرا	-10.479309
-6	-10.479399
▁بالإنكليزية	-10.479753
▁الهوية	-10.479931
▁القطاعين	-10.480402
▁نموذج	-10.481332
▁وجزر	-10.482033
▁التعريف	-10.482077
▁أوضاع	-10.482927
▁الاستمرار	-10.482948
▁ترتيب	-10.482999
▁يحث	-10.483795
▁تمتع	-10.484270
▁الاقتراحات	-10.484473
▁بالبشر	-10.484682
راد	-10.485023
▁يتعرض	-10.485086
▁شديدة	-10.485611
▁بالدول	-10.485904
▁ووكالات	-10.486663
▁تتألف	-10.486754
ur	-10.487628
▁أسواق	-10.487662
▁الضعف	-10.488263
▁الأربعاء	-10.488553
▁منصب	-10.488640
▁ٱلت	-10.488774
▁رسم	-10.488842
▁وتعمل	-10.489025
▁أعد	-10.489513
▁تكرر	-10.489961
▁جماعة	-10.490026
▁المتزايد	-10.490061
▁21-	-10.490196
▁الضعيفة	-10.490553
▁تجديد	-10.490656
▁وعمل	-10.490668
رار	-10.491629
▁أصدرت	-10.491649
كا	-10.492063
▁كوستاريكا	-10.492430
▁تمس	-10.492554
غير	-10.492979
▁ظاهرة	-10.493191
▁يوافق	-10.493525
▁والخاص	-10.493770
▁الأجور	-10.493901
▁الاست	-10.494472
▁الحقيقي	-10.494530
راء	-10.494869
O	-10.495393
▁الز	-10.495510
▁المصابين	-10.495536
▁اعتراض	-10.495540
▁الك	-10.495663
▁الماس	-10.495984
▁للأ	-10.496722
▁وعملية	-10.496994
▁والمصالحة	-10.497869
▁يترتب	-10.497900
▁بطرق	-10.498102
▁بمشروع	-10.498288
▁معقولة	-10.499079
رق	-10.499118
▁مونتريال	-10.499247
كو	-10.499321
▁يتولى	-10.499328
▁يعقد	-10.500310
▁نووية	-10.500336
▁بالتجارة	-10.500346
▁أوضح	-10.500459
▁بالمسؤولية	-10.500530
تعبئة	-10.500642
▁المضي	-10.501885
ارة	-10.501919
▁التسوية	-10.501942
▁التزاماتها	-10.502358
▁اختتام	-10.502543
▁صعوبات	-10.502675
▁المبيع	-10.502686
وك	-10.502807
▁المرسوم	-10.503856
▁الوقائع	-10.505384
▁ثنائي	-10.505445
▁ومركز	-10.505650
▁النصف	-10.505795
▁والمعايير	-10.505965
للاطلاع	-10.506400
00	-10.507221
/11	-10.507234
لات	-10.507328
▁الرفيعة	-10.507575
▁بموجبه	-10.507620
▁إحالة	-10.507776
81	-10.507830
▁يقدمها	-10.507900
▁والس	-10.508012
▁لغرض	-10.508338
▁تقاريرها	-10.508353
▁يضم	-10.508680
▁الردود	-10.508687
▁الطارئة	-10.508724
▁مرور	-10.508968
▁أسس	-10.509465
▁البدنية	-10.509856
خر	-10.509876
▁نسمة	-10.510055
71	-10.510500
نغ	-10.510889
▁واعتماد	-10.511128
il	-10.511369
▁حكومتي	-10.511764
▁وربما	-10.512480
▁معنية	-10.512609
▁شهادة	-10.512613
▁منهما	-10.512709
سن	-10.512996
▁الزمنية	-10.513303
قدت	-10.513355
▁النشر	-10.513398
عدة	-10.513705
ch	-10.513770
▁الأعلى	-10.513891
▁القليلة	-10.514458
▁الديمقراطي	-10.515740
▁بالإسبانية	-10.515860
▁وفرنسا	-10.516580
91	-10.516602
▁55/2	-10.516725
▁المهتمة	-10.517056
▁الموقف	-10.517168
▁المستحقة	-10.517250
ta	-10.517951
▁ٱلر	-10.518040
▁بعقد	-10.518053
▁السيادة	-10.518081
▁خيارات	-10.518085
▁85	-10.518227
▁وضعها	-10.518605
▁قصيرة	-10.518748
▁التقيد	-10.518875
▁أسرهم	-10.519088
▁للولايات	-10.519197
▁الترجمة	-10.519307
as	-10.519348
▁700	-10.519917
▁يبذلها	-10.520473
▁بتحديد	-10.520817
▁للأغذية	-10.521049
▁مادة	-10.521172
▁لصندوق	-10.521211
▁ونظم	-10.521585
▁والفقر	-10.521668
▁زمنية	-10.521907
▁وبغية	-10.521935
▁للأمانة	-10.521986
▁تحديث	-10.522301
▁حصة	-10.522677
is	-10.522906
▁واستعراض	-10.523203
▁قيود	-10.523448
▁الوطن	-10.523564
▁واستنادا	-10.523904
/57/	-10.523959
▁الإشراف	-10.524025
▁سو	-10.524258
▁العنوان	-10.524453
رابطة	-10.524674
▁الصليب	-10.524881
▁المستدام	-10.524932
▁والق	-10.525223
▁ونظام	-10.525932
▁وحدها	-10.526233
▁وأوضح	-10.526635
▁والنقل	-10.526831
▁صيغة	-10.527020
▁الآسيوية	-10.527722
▁٢٠	-10.527781
HRC	-10.528155
▁ويكون	-10.528947
▁يخضع	-10.529062
▁لإقامة	-10.529157
▁الحديثة	-10.530018
▁مونتيري	-10.530041
▁ومبادئ	-10.530916
▁يساور	-10.530967
▁لتطوير	-10.531044
▁هاتين	-10.531648
▁تتوفر	-10.531681
▁الاقتصادات	-10.531897
54	-10.532359
▁المرور	-10.532688
33	-10.533441
هيئة	-10.533978
▁متزايدة	-10.534036
▁الكشف	-10.534183
▁ويتمثل	-10.534649
عرض	-10.534692
▁الإجمالية	-10.534966
▁ومشروع	-10.534969
رش	-10.535060
▁تبرعات	-10.535346
▁مقبول	-10.536599
57	-10.536915
▁فصل	-10.537431
ولا	-10.537607
▁وعي	-10.537614
دد	-10.538131
▁والتحديات	-10.538412
▁والمنظمة	-10.538630
▁أمثلة	-10.538757
▁اقتصاد	-10.538925
ضع	-10.539187
▁الأطلسي	-10.539362
▁الفرنسية	-10.539558
▁ديسمبر	-10.539865
▁والجهات	-10.539892
▁المتعاقدة	-10.540277
▁العرقية	-10.540397
▁العيش	-10.540626
▁السيطرة	-10.541069
▁واضحا	-10.541081
02	-10.541435
▁الإلزامية	-10.541528
▁لوقف	-10.541586
مشكلة	-10.541727
رى	-10.542305
▁وآليات	-10.542377
▁الشرعية	-10.542615
▁قراراتها	-10.542701
▁والاستثمار	-10.542742
زاع	-10.542847
▁وتتضمن	-10.543042
▁شاملا	-10.543358
▁وموظفي	-10.543406
▁78	-10.543643
▁(6)	-10.544464
▁للتربية	-10.544906
▁سلاح	-10.545000
▁شركاء	-10.545194
▁بإجراءات	-10.545328
▁البلاغات	-10.545395
▁تدمير	-10.545723
▁تصرف	-10.545924
▁والإدارية	-10.545964
▁يحقق	-10.546125
▁تحسن	-10.546790
44	-10.546891
▁مدونة	-10.547129
▁لحل	-10.547178
▁الحقيقية	-10.547302
▁إليهم	-10.547359
▁التوفيق	-10.547409
48	-10.547447
▁بهما	-10.547791
▁النارية	-10.547823
▁معه	-10.548347
▁الفجوة	-10.548408
داء	-10.548412
Sub	-10.548448
▁اضطلعت	-10.548448
▁الأربعة	-10.548559
آلاف	-10.549194
▁الاختفاء	-10.549517
▁23-	-10.550313
62	-10.550481
▁22-	-10.550765
▁يواجه	-10.550855
▁إحصاءات	-10.551650
▁مبالغ	-10.551786
▁مقترح	-10.552136
▁يرغب	-10.552619
▁لنزع	-10.552765
le	-10.552866
▁دعمها	-10.553069
▁بالأنشطة	-10.553149
▁وأثناء	-10.553179
▁إي	-10.553720
يتش	-10.553890
▁البغاء	-10.553932
▁الحيوية	-10.554342
▁الوظيفة	-10.555170
كافة	-10.555307
▁فعالا	-10.555317
▁للمقرر	-10.555427
▁التعرض	-10.555649
▁ويؤكد	-10.555876
▁الأربع	-10.556205
قاعدة	-10.556279
W	-10.556701
▁المضطلع	-10.556834
▁تلقى	-10.557096
▁لحالات	-10.557559
▁العقلية	-10.557581
▁لديه	-10.557701
▁واقترح	-10.557739
نظر	-10.558642
▁اس	-10.559108
▁زاد	-10.559281
▁وبعض	-10.559372
▁تصنيف	-10.559592
▁السنغال	-10.559821
▁وش	-10.560666
▁كلها	-10.560720
▁الضرورة	-10.560949
▁وعقد	-10.560988
▁السكانية	-10.561105
▁ساعة	-10.561378
▁الفوائد	-10.561482
▁المعمول	-10.561664
▁الصناعة	-10.561711
▁وشدد	-10.562012
▁الارتياح	-10.562036
▁يعرف	-10.562995
▁يمكننا	-10.563019
▁الأشهر	-10.563033
▁تدفع	-10.563170
لين	-10.563829
▁الجملة	-10.564037
▁In	-10.564053
▁قادة	-10.564530
▁للوكالة	-10.564530
اض	-10.565484
▁أنشئ	-10.565619
▁الإجرائية	-10.565732
▁لتنظيم	-10.565883
▁تجنب	-10.566064
▁عاجلة	-10.566135
▁السرعة	-10.566223
منشورات	-10.566287
حد	-10.566348
▁لتبادل	-10.566903
▁مثال	-10.567424
▁نود	-10.567658
▁المحدودة	-10.568300
▁بالرغ	-10.568483
▁re	-10.568583
▁يقتضي	-10.568761
▁2010	-10.568795
▁وفيات	-10.569155
يها	-10.569552
عمل	-10.570180
78	-10.570833
▁الإرادة	-10.570894
▁سعادة	-10.570899
▁لتقرير	-10.570909
▁الاتساق	-10.570973
▁المصارف	-10.571054
▁الضفة	-10.571528
▁وقواعد	-10.571568
▁المزمع	-10.571702
▁الرئاسة	-10.571722
▁بلغاريا	-10.572484
▁السجناء	-10.572676
▁("	-10.572742
▁Re	-10.572831
99	-10.572989
▁الثلاثاء	-10.573421
▁وعملا	-10.573642
▁مناسبا	-10.573692
▁تكافؤ	-10.573795
64	-10.574343
▁وتدريب	-10.574403
▁الفقرتان	-10.574481
▁وحكومة	-10.575252
▁اله	-10.575503
▁تحديا	-10.575994
قي	-10.576075
▁التأثير	-10.576426
▁تعيش	-10.576692
▁ابن	-10.576770
طل	-10.576778
▁رو	-10.577029
43	-10.577677
عيد	-10.578002
▁متطلبات	-10.578009
تكم	-10.578029
▁والديمقراطية	-10.578574
▁وجهة	-10.578700
▁وممثلي	-10.579068
▁الإطلاق	-10.579103
▁المدين	-10.579352
▁التهديدات	-10.579641
▁ولو	-10.579928
▁تفويض	-10.580046
▁الضارة	-10.580102
▁تحصل	-10.580163
▁يضمن	-10.580499
▁ريو	-10.580555
▁وإصلاح	-10.580559
▁اعتمدته	-10.581168
▁بالسجن	-10.581186
▁حديثا	-10.581838
ia	-10.582125
يتي	-10.583064
▁يمكنها	-10.583372
▁ضروري	-10.583504
▁الدائمين	-10.583612
▁النظيفة	-10.583818
▁1996،	-10.583987
▁النواتج	-10.584113
▁تساهم	-10.584218
▁بتوافق	-10.584464
▁أوروغواي	-10.584771
▁لإعلان	-10.585227
▁شراء	-10.585313
▁والرجل	-10.585485
▁الخمسة	-10.585647
▁87	-10.585661
▁بالتقدم	-10.586025
▁للتجارب	-10.586091
▁s	-10.586182
▁الحوادث	-10.586439
▁بتعيين	-10.587011
▁الأماكن	-10.587171
▁استنفاد	-10.587373
▁حذف	-10.587533
▁القتل	-10.587566
▁النقاط	-10.587870
68	-10.587949
▁والتكنولوجية	-10.588606
id	-10.588728
▁إثبات	-10.588912
61	-10.588960
▁للمشاريع	-10.589764
▁صعوبة	-10.589799
▁أراضيها	-10.589899
▁الإبقاء	-10.590000
▁إريتريا	-10.590010
انية	-10.590324
▁ام	-10.590560
▁الان	-10.591378
▁لاحتياجات	-10.591517
▁والنرويج	-10.591665
▁والمقرر	-10.592356
صر	-10.592405
▁مستدامة	-10.592703
▁مسؤوليات	-10.592775
▁قائم	-10.592834
▁منتجات	-10.592837
at	-10.592940
▁العلمي	-10.593133
▁ويبدو	-10.593342
▁لأقل	-10.594378
93	-10.594493
▁وتلك	-10.594495
.1.	-10.594697
▁ذا	-10.594730
▁يعانون	-10.594822
▁للرئيس	-10.595210
▁الأمني	-10.595371
▁ليوغوسلافيا	-10.595395
▁ملكية	-10.595412
▁تتفق	-10.595488
▁24-	-10.595580
▁اسرائيل	-10.595675
▁لضحايا	-10.595768
▁يدفع	-10.595957
دعى	-10.596392
▁إيرادات	-10.596459
▁الأمية	-10.596643
▁ثانية	-10.596803
85	-10.596984
▁قليلة	-10.597765
▁الدنيا	-10.597942
▁الأسرية	-10.598418
▁تدريجيا	-10.598438
▁79	-10.598529
▁ديربان	-10.598557
.,	-10.598618
▁المحتجزين	-10.598732
▁والمساءلة	-10.598743
▁المعاشات	-10.598783
▁لآسيا	-10.598983
▁تشاد	-10.599467
Corr	-10.599504
▁سبعة	-10.599943
▁المفيد	-10.600155
K	-10.600245
▁موظفو	-10.600406
▁مس	-10.600490
▁جهودا	-10.600549
▁للسياسات	-10.600575
▁الأخطار	-10.600722
▁لمنطقة	-10.600935
▁وبالمثل	-10.601436
▁جهوده	-10.601535
▁المستأنفة	-10.601670
▁لأعضاء	-10.602017
▁للمستوطنات	-10.602067
▁تدفقات	-10.602069
▁حزب	-10.602253
▁أحيانا	-10.602300
▁للمعايير	-10.602408
▁استهلاك	-10.602445
▁إلي	-10.602686
▁أعداد	-10.602944
▁آخرون	-10.603324
▁للعنف	-10.603789
عر	-10.604023
▁لأمريكا	-10.604631
▁اعتمده	-10.604793
▁اللاتي	-10.604810
▁السجل	-10.604972
▁تعرف	-10.605019
ٱ	-10.605624
▁العادل	-10.605644
▁لعدد	-10.605920
89	-10.606309
▁بصفتها	-10.606537
▁الدفيئة	-10.606661
▁غنى	-10.606987
▁إمكانيات	-10.607162
▁رفيع	-10.607231
▁يعيش	-10.607884
▁المحفل	-10.607967
▁يقضي	-10.607990
▁الأصل	-10.608174
▁فنزويلا	-10.608261
▁فما	-10.608908
▁تتاح	-10.609403
▁00/13	-10.609436
77	-10.609550
▁عمر	-10.609642
▁دواعي	-10.609701
▁بالضرورة	-10.609839
▁عقده	-10.609843
▁بتطبيق	-10.610062
▁تهديدا	-10.610125
▁والحماية	-10.610135
▁إليكم	-10.610192
▁صدرت	-10.610374
▁وإدارتها	-10.610495
▁لجهود	-10.610642
▁اذ	-10.610766
▁أغلبية	-10.611410
▁جيش	-10.611810
▁بالالتزامات	-10.611862
▁أزمة	-10.612370
▁التنقل	-10.613536
▁جنسية	-10.613791
▁لحساب	-10.613826
▁الصورة	-10.614117
▁الأرقام	-10.614162
▁يست	-10.614176
حي	-10.614797
▁مخصصة	-10.614921
سم	-10.615040
لوفاء	-10.615777
▁تعترض	-10.615872
▁ودول	-10.617576
▁بالبيئة	-10.617726
ئة	-10.617779
42	-10.617832
▁وإنهاء	-10.618166
▁81	-10.618302
▁بالمقارنة	-10.618584
▁مست	-10.618709
▁متكاملة	-10.618788
▁للاطلاع	-10.619035
▁عالميا	-10.619663
▁السياحة	-10.619724
سون	-10.620131
▁استقلال	-10.620311
▁طائرة	-10.620360
▁والموظفين	-10.620418
ذكر	-10.620507
▁الملك	-10.620767
▁والمكسيك	-10.620853
▁تجاوز	-10.621117
▁تمنح	-10.621163
▁ومؤتمرات	-10.621387
يز	-10.621582
▁ومؤتمر	-10.621603
▁أصول	-10.621607
/12	-10.621921
جاب	-10.621922
38	-10.621961
▁والمشردين	-10.622048
▁بالمساواة	-10.622400
▁الموجه	-10.622480
▁الرسائل	-10.622482
توقع	-10.622703
me	-10.622863
▁المكان	-10.622869
▁الإناث	-10.622948
▁الجدار	-10.623118
ad	-10.623124
▁منتظم	-10.623322
▁قيمتها	-10.623481
▁وصل	-10.624119
73	-10.624158
▁المتصل	-10.624204
▁الحلول	-10.624454
▁بالحاجة	-10.624552
▁الطوعية	-10.624793
▁قوي	-10.624858
▁نهجا	-10.625330
▁ثقة	-10.625694
▁والمجتمعات	-10.626111
▁لرئيس	-10.626203
▁الضماني	-10.626250
▁ازدياد	-10.626300
▁لك	-10.626586
▁لرواندا	-10.626658
▁التنافسية	-10.626711
▁تثير	-10.626726
▁الأمد	-10.626987
▁الستة	-10.627196
▁يستمر	-10.627580
▁استكشاف	-10.628085
▁تقدمه	-10.628350
تكلمت	-10.628402
▁موحدة	-10.628466
▁1995،	-10.628621
▁المئوية	-10.628703
▁تلقت	-10.628709
▁الزمن	-10.628958
▁كازاخستان	-10.629182
▁توصل	-10.629233
▁للبلد	-10.629396
▁المستديرة	-10.629595
▁83	-10.629629
▁كوسيلة	-10.629707
▁تكثيف	-10.629741
▁وقرار	-10.629761
▁الثقافات	-10.629892
76	-10.629895
▁ملتزمة	-10.630285
▁95	-10.630313
زا	-10.630632
▁والمرافق	-10.630699
▁الجزيرة	-10.630880
▁بقلق	-10.630990
حم	-10.631344
▁للشرطة	-10.631382
سام	-10.631583
طلق	-10.631721
▁بصرف	-10.631794
ًّ	-10.632096
▁مش	-10.632766
دية	-10.632895
▁سلوفينيا	-10.632934
طبيعة	-10.633089
فض	-10.633645
▁ممتنا	-10.633739
▁الطبيعة	-10.633804
▁كتاب	-10.633824
▁البحرين	-10.634472
▁أحدث	-10.634591
▁82	-10.634754
▁الإمكان	-10.634783
▁لبلدان	-10.634968
▁يغطي	-10.635596
▁غرار	-10.635724
▁بإمكان	-10.635861
▁عنوان	-10.635935
59	-10.636156
▁تترتب	-10.636497
▁لدور	-10.636736
▁بعين	-10.636773
▁وأعمال	-10.636813
▁مجتمعات	-10.636827
▁وإنتاج	-10.636890
▁المستند	-10.637007
▁حملات	-10.637104
▁25-	-10.637302
▁يقد	-10.637691
▁تظهر	-10.637797
▁ويشير	-10.637814
▁تقديمها	-10.637823
▁وسياسات	-10.637845
▁مماثل	-10.638370
63	-10.638378
▁والمشاريع	-10.638401
▁حصل	-10.638424
▁حكومته	-10.638429
▁وتشغيل	-10.638858
▁الصحيح	-10.638880
▁تبقى	-10.639024
87	-10.639369
▁خبرة	-10.639496
▁التجارب	-10.639522
▁الجنود	-10.639957
▁الإعداد	-10.640023
▁ٱلش	-10.640157
▁للحكومات	-10.640159
▁دو	-10.640273
▁رفعت	-10.640306
▁المجتمعية	-10.640574
▁إذن	-10.640803
▁الكاميرون	-10.640927
▁المدقع	-10.640972
جرى	-10.641414
▁الحر	-10.641549
▁تنقل	-10.641805
▁ودور	-10.642026
▁يعرض	-10.642053
▁وجوب	-10.642274
▁الل	-10.642498
▁الخط	-10.643193
▁والقيام	-10.643338
▁يتحقق	-10.643559
▁المحاسبية	-10.643666
▁بازل	-10.643695
ro	-10.643752
▁مدتها	-10.643858
قيادة	-10.644199
▁مولدوفا	-10.644279
▁شفوية	-10.644576
▁لشعب	-10.644608
خط	-10.645432
▁الدائنين	-10.645455
▁الأقصى	-10.645725
▁تستمر	-10.645808
▁للمبادئ	-10.646029
▁التفاعل	-10.646063
▁أمل	-10.646450
▁بمكان	-10.646675
▁الاتحادي	-10.646813
▁88	-10.647083
▁كلما	-10.647119
▁الملقاة	-10.647601
▁اعتباره	-10.647982
▁مرض	-10.648334
▁إرسال	-10.648547
06	-10.648597
▁الأفغانية	-10.648674
▁مقبولة	-10.648956
▁ويدعو	-10.649302
▁وجهات	-10.649423
▁القوى	-10.649534
▁الاندماج	-10.649749
▁الأسعار	-10.649795
/5	-10.649802
▁vol	-10.650254
▁الجماهيرية	-10.650568
▁بنقل	-10.650585
▁أحرز	-10.650644
▁والجبل	-10.650707
▁جنائية	-10.651112
▁فع	-10.651368
▁شملت	-10.651523
▁وفعالية	-10.651692
▁مسار	-10.651693
▁84	-10.651842
▁العاصمة	-10.651936
▁26-	-10.651977
▁وإننا	-10.652138
▁واعتمد	-10.652383
▁الصياغة	-10.652473
▁الجهد	-10.652603
▁للمراقبة	-10.652651
▁والواقع	-10.652702
▁إسهاما	-10.652844
▁جامايكا	-10.652915
المعترف	-10.652966
▁رؤية	-10.653171
▁والاقتصادي	-10.653512
▁الوزارة	-10.653850
مستوى	-10.654429
▁معين	-10.654821
▁قضاة	-10.655228
▁التقييمات	-10.655468
▁أوزبكستان	-10.655634
▁ويعمل	-10.655690
67	-10.655692
▁مساعد	-10.655833
▁التخلص	-10.656092
▁والبنك	-10.656222
72	-10.656443
84	-10.657042
▁استعادة	-10.657142
▁والالتزامات	-10.657165
▁l	-10.657585
▁تقتضي	-10.657615
▁السويدية	-10.657998
▁لمجموعة	-10.658295
▁توعية	-10.658812
▁السوري	-10.659333
جد	-10.659334
▁أنظمة	-10.659380
▁ارتكبت	-10.659504
▁الكفيل	-10.659565
▁الدستوري	-10.659648
▁إنمائية	-10.659681
▁الدعوى	-10.660182
▁غانا	-10.660199
▁التشجيع	-10.660484
▁هنغاريا	-10.660554
▁الست	-10.660739
▁الدومينيكية	-10.660862
▁للأونكتاد	-10.661015
▁لاهاي	-10.661366
▁ضحية	-10.661372
▁أجري	-10.661558
▁والبيانات	-10.661862
▁الواجبة	-10.661911
▁الحاشية	-10.662280
92	-10.662673
هاء	-10.662917
▁ساعات	-10.663169
▁وباء	-10.663242
▁للأعمال	-10.663436
▁تتعرض	-10.663461
زال	-10.663646
▁et	-10.663893
▁والاتصال	-10.664040
▁واقع	-10.664205
▁ببرنامج	-10.664566
▁98	-10.665417
▁رب	-10.665499
01	-10.665557
▁بيانا	-10.665654
▁بمسائل	-10.666026
طب	-10.666145
بار	-10.666497
▁القوي	-10.666612
لتلبية	-10.666633
بال	-10.666674
▁الشروع	-10.666841
رك	-10.666864
▁الاغتصاب	-10.666987
▁والنهوض	-10.667030
▁الادعاء	-10.667140
ter	-10.667620
▁مفتوح	-10.668021
اتهم	-10.668026
▁بالنساء	-10.668513
▁المقد	-10.668984
▁التضامن	-10.669713
▁بالصحة	-10.669870
▁بالموضوع	-10.669926
وص	-10.670104
سداء	-10.670286
▁ممكنة	-10.670348
▁الماء	-10.670482
▁تثبت	-10.670563
▁العابرة	-10.670596
▁العشر	-10.670606
▁قراري	-10.671001
▁بش	-10.671204
▁إجازة	-10.671248
▁وجدت	-10.671371
▁أوساط	-10.671447
▁سيجري	-10.671566
▁with	-10.671581
بط	-10.672091
▁نعتقد	-10.672447
▁فوائد	-10.672753
▁عادل	-10.673011
▁الموعد	-10.673096
▁طلبا	-10.673366
▁المنشورات	-10.673383
J	-10.673706
▁التصدير	-10.673844
▁بالاتفاقية	-10.674069
05	-10.674131
▁الشبكات	-10.674457
▁بعبارة	-10.674547
▁للمكتب	-10.674589
47	-10.674850
▁وضعتها	-10.675006
▁بنظام	-10.675315
▁الرشيد	-10.675682
▁بطلب	-10.675867
▁عادلة	-10.676087
▁كثب	-10.676224
▁لإيجاد	-10.676873
وث	-10.677052
فو	-10.677150
▁العضو	-10.677301
▁الأكبر	-10.678129
▁اقت	-10.678141
دوا	-10.678227
▁المخطط	-10.678228
▁كشف	-10.678314
▁Human	-10.678326
▁المصرفية	-10.678388
▁اشتراك	-10.678834
▁المساعد	-10.679190
عرف	-10.679363
▁كتب	-10.679694
قطع	-10.679962
▁ماذا	-10.680434
وها	-10.680771
▁لحكومة	-10.681026
▁بالدور	-10.681098
▁الوفيات	-10.682023
▁مؤقت	-10.682231
كس	-10.682418
▁توطيد	-10.682516
▁دوائر	-10.682894
▁الذخائر	-10.682914
▁مشروعا	-10.683019
▁عمليا	-10.683769
▁رسائل	-10.683844
▁تمارس	-10.684059
▁الأمهات	-10.684185
▁تنشيط	-10.684321
▁تعني	-10.684578
▁ونأمل	-10.684617
▁المفهوم	-10.685635
▁الإسكان	-10.686206
▁ردود	-10.686331
▁تسهيل	-10.686338
▁متكامل	-10.686395
/13	-10.687834
ent	-10.687912
داد	-10.688443
▁القتال	-10.688517
▁الختام	-10.688828
▁الأنظمة	-10.689036
▁أسبوع	-10.689064
▁سنغافورة	-10.689180
▁27-	-10.689200
▁صحية	-10.689220
▁الموئل	-10.689817
94	-10.689989
▁إنما	-10.689992
▁صور	-10.690247
▁اجتماعا	-10.690331
▁التعيين	-10.690499
▁كافيا	-10.691384
▁ترجمة	-10.691730
▁900	-10.692349
▁نطاقا	-10.692904
97	-10.693096
▁لممثل	-10.693369
▁غازات	-10.693440
▁الجمارك	-10.693464
▁تجمع	-10.693985
▁والأشخاص	-10.694069
▁مصرف	-10.694350
▁مسؤول	-10.694358
04	-10.694961
▁v	-10.695061
▁الثقافة	-10.695478
▁العالية	-10.695577
▁86	-10.695775
▁المفتوحة	-10.695801
▁وتعتبر	-10.695898
▁مراقب	-10.695966
دور	-10.696028
▁ومساعدة	-10.696061
▁وتدمير	-10.696253
▁الحساب	-10.696648
▁الدورية	-10.696737
os	-10.696753
▁ملائم	-10.696801
▁تجهيز	-10.697315
ظم	-10.697689
▁عدا	-10.697734
é	-10.697761
▁فرعية	-10.698101
▁والرصد	-10.698259
/19	-10.698462
▁وتوفر	-10.698492
دفع	-10.698700
▁مستمر	-10.699059
▁المرونة	-10.699183
▁تحققت	-10.699652
▁وإعلان	-10.700007
▁الجمركية	-10.700105
يكا	-10.700136
▁وتتمثل	-10.700313
▁تعقدها	-10.700889
ائر	-10.701113
▁ووزارة	-10.701342
الصورة	-10.701572
▁توحيد	-10.701759
▁بالعنف	-10.701847
▁بمسؤولية	-10.701926
▁تحكم	-10.702004
▁زادت	-10.702072
▁تدعيم	-10.702388
▁التسعينات	-10.702692
▁التجربة	-10.702766
▁النصوص	-10.702812
▁تدفق	-10.702901
▁والشفافية	-10.703219
▁ثنائية	-10.703477
▁استثنائية	-10.704260
▁ضروريا	-10.704381
▁والإرهاب	-10.704465
▁as	-10.704923
▁مسبقا	-10.704971
▁بوركينا	-10.705150
▁ويعتبر	-10.705191
▁محاكم	-10.705354
رسل	-10.706420
وري	-10.706556
▁انبعاثات	-10.706608
▁لإصلاح	-10.706626
▁تحفظ	-10.706927
la	-10.706938
▁الروابط	-10.707055
▁ممثلا	-10.707292
▁لكنها	-10.707355
▁وط	-10.707576
03	-10.707633
▁اتخذه	-10.707916
▁الانتهاء	-10.708077
عا	-10.708105
▁خطاب	-10.708189
▁اسمحو	-10.708191
88	-10.708318
▁الناجم	-10.708888
-10	-10.709547
▁التفويض	-10.709786
▁المحاسبة	-10.709969
▁حوادث	-10.710240
▁البدء	-10.710777
▁للرصد	-10.710801
سير	-10.711063
▁الأهلية	-10.711066
▁الأمثلة	-10.711149
▁القريب	-10.711241
▁شريطة	-10.711312
▁التفاصيل	-10.711529
07	-10.711533
▁المقررات	-10.712140
▁للأمن	-10.712189
▁طن	-10.712290
سا	-10.712494
▁العلوم	-10.712757
▁أسرة	-10.713046
ment	-10.713239
▁موجزة	-10.713943
وإذ	-10.714105
▁مو	-10.714150
▁المعنونة	-10.714264
▁إرساء	-10.714774
▁صناعة	-10.714817
صد	-10.715309
▁زاي	-10.715663
▁فحص	-10.716232
تهيئة	-10.716467
▁الإيجابي	-10.716732
▁الفيروس	-10.717294
▁تنفيذه	-10.717294
▁المنهجية	-10.717469
صياغة	-10.717856
▁أمنية	-10.718322
▁فإذ	-10.718557
٠	-10.718590
▁وفريق	-10.718929
رج	-10.719092
▁التلوث	-10.719127
96	-10.719275
▁الحاسمة	-10.719345
▁الشحن	-10.719436
▁الإجرامية	-10.719698
ائهم	-10.719713
▁تابع	-10.720146
▁حقيقي	-10.720380
▁تهدد	-10.720619
▁ونود	-10.720755
دخل	-10.720844
▁التأخير	-10.721333
ينا	-10.721588
▁وتمكين	-10.721990
▁الكاريبية	-10.722050
علن	-10.722556
▁خلق	-10.722670
▁المتأثرة	-10.723080
▁أفادت	-10.723389
▁العرب	-10.723571
▁للتصرف	-10.723730
▁بالمساعدة	-10.723862
▁المركبات	-10.723983
الأصل	-10.724015
ul	-10.724949
▁القومية	-10.725317
▁خلالها	-10.725318
▁be	-10.725656
▁وسن	-10.725863
▁قدراتها	-10.726101
ظهر	-10.726167
▁البن	-10.726368
▁احتجاز	-10.726420
▁سليمة	-10.726836
▁بالتدابير	-10.726881
▁الأخضر	-10.727151
ol	-10.727201
▁العديدة	-10.727627
▁المع	-10.728072
▁استشاري	-10.728115
▁العجز	-10.728213
بناء	-10.728230
▁ألبانيا	-10.728321
2000	-10.728644
▁والد	-10.728686
▁الأكاديمية	-10.728977
▁لأجل	-10.729190
▁تعود	-10.730219
▁89	-10.730239
▁محدود	-10.730283
▁صفحة	-10.730440
▁تعتزم	-10.730653
▁فقر	-10.730739
▁٢٢	-10.730742
▁تعاطي	-10.730762
▁ومضى	-10.731247
▁الأديان	-10.731296
▁وتمويل	-10.731335
▁لدينا	-10.731502
▁كبرى	-10.731673
▁لماذا	-10.731806
▁ٱ	-10.731968
▁ببعض	-10.732191
▁ثمانية	-10.732444
▁تجارة	-10.733239
▁دورية	-10.733352
▁إبداء	-10.733530
▁الإثنية	-10.733547
▁الادعاءات	-10.733631
▁28-	-10.735201
86	-10.735645
▁حيازة	-10.735736
▁أحداث	-10.736076
▁سداد	-10.736324
▁يسعى	-10.736493
▁للغابات	-10.737694
▁سلوفاكيا	-10.737893
▁جوهانسبرغ	-10.738440
▁00/18	-10.738531
v	-10.738878
▁التطور	-10.739100
▁ردا	-10.739237
▁السلفادور	-10.739319
▁تفرض	-10.739581
▁الثانوية	-10.739893
▁والحكم	-10.739964
▁سادسا	-10.740025
▁لاعتماد	-10.740079
▁٢٤	-10.740232
▁وتكنولوجيا	-10.740491
▁والجمعية	-10.740768
ion	-10.740784
▁الفور	-10.740861
▁مرات	-10.740919
▁للتحديات	-10.741061
▁باعتبار	-10.741823
▁أعمارهم	-10.742635
ران	-10.742767
▁الطبي	-10.743132
▁الطفولة	-10.743343
يش	-10.743772
▁تفاقم	-10.743855
آ	-10.744022
▁ونعتقد	-10.744547
▁قصد	-10.744561
▁والعمليات	-10.744810
▁بالسياسات	-10.745079
▁القادة	-10.745129
سو	-10.745169
▁التسامح	-10.745612
ادة	-10.745686
▁ٱلن	-10.745778
▁الطبيعي	-10.746112
▁قليل	-10.746125
▁السير	-10.747228
/9	-10.747309
▁اضطلع	-10.747392
▁التحالف	-10.747699
▁والمياه	-10.747824
▁فرادى	-10.748077
▁فنية	-10.748147
51	-10.748287
▁تعليمات	-10.748507
▁مضى	-10.748785
▁ٱلس	-10.748993
▁أولى	-10.749269
▁تسبب	-10.749335
▁قريبا	-10.749359
▁يتألف	-10.749658
▁تحل	-10.749819
▁العملي	-10.750324
قبل	-10.750515
▁المنقح	-10.750648
▁وعرض	-10.750696
▁بالقانون	-10.750934
▁التفكير	-10.751207
▁يثبت	-10.751218
▁وباكستان	-10.751653
وة	-10.751833
▁الميثيل	-10.751877
▁للاتصالات	-10.752110
شار	-10.752387
▁أس	-10.753333
▁أنشأ	-10.753474
ir	-10.753521
▁أولية	-10.753741
▁انا	-10.753968
▁بنن	-10.754005
▁المعدلة	-10.754061
▁97	-10.754234
كن	-10.754353
▁إيجابي	-10.754407
▁الممتدة	-10.754425
-8	-10.754626
▁92	-10.754745
▁بديلة	-10.754757
▁تنشئ	-10.754831
▁تفادي	-10.754919
▁حددت	-10.755031
▁المتهمين	-10.755056
II	-10.755089
▁البقاء	-10.755234
▁الطرفان	-10.755438
▁وجد	-10.755443
▁يعاني	-10.755461
▁وأيضا	-10.755548
▁يمارس	-10.755884
المقرر	-10.756148
▁(000	-10.756489
▁بزيارة	-10.756663
▁للاجتماع	-10.756707
▁تأهيل	-10.757251
▁بيئيا	-10.757323
▁الآونة	-10.757441
▁بالإجراءات	-10.757500
▁حث	-10.757792
▁الجمعيات	-10.757994
▁بكامل	-10.758269
▁زامبيا	-10.758343
▁بغض	-10.758362
▁العراقي	-10.758530
تعهد	-10.758572
82	-10.758713
▁30-	-10.758780
▁اتصالات	-10.759302
▁الاعتبارات	-10.759347
▁التحول	-10.759560
CO	-10.759677
▁حي	-10.759932
يتين	-10.759950
▁المائدة	-10.760015
▁قر	-10.760312
▁لكنه	-10.760435
▁للمؤسسات	-10.760486
▁تستفيد	-10.760509
▁والج	-10.760684
el	-10.761405
▁للتصويت	-10.761471
▁الرصيد	-10.761850
آلية	-10.762187
▁الجفاف	-10.762369
▁والوطنية	-10.762425
▁التنظيمي	-10.762548
▁لجعل	-10.762827
▁الانشطارية	-10.762860
▁وفعالة	-10.763531
▁بقانون	-10.763551
▁الأرصدة	-10.763633
▁كنا	-10.763782
▁تفي	-10.763800
▁للحسابات	-10.763833
▁تتبع	-10.763876
▁91	-10.763991
09	-10.764188
غالبية	-10.764450
▁بوليفيا	-10.764451
▁الأوسع	-10.764623
▁إدخالها	-10.764653
▁بدل	-10.764679
▁والجماعات	-10.764686
▁الحضارات	-10.764732
▁المتزايدة	-10.764962
▁الأبعاد	-10.764991
▁للتحقيق	-10.765079
▁وتكون	-10.765147
▁تشريعية	-10.765290
▁وإريتريا	-10.765547
▁بأقل	-10.765723
▁الواسعة	-10.765730
▁لقرارات	-10.765905
▁يقتصر	-10.766294
▁موجودة	-10.766392
▁خصوصا	-10.766404
▁المختلطة	-10.766605
▁قلقه	-10.766635
▁للتحقق	-10.766964
▁29-	-10.766980
▁الاعتمادات	-10.767284
▁التوسع	-10.767360
ارات	-10.767402
▁سنوية	-10.767569
رام	-10.767770
▁لطلب	-10.767927
▁الورقة	-10.768527
▁القذائف	-10.768666
▁لتنسيق	-10.768734
▁تجربة	-10.768879
▁ونرحب	-10.770070
▁التعجيل	-10.770566
▁تعهد	-10.770658
▁أعيد	-10.770883
▁والسلامة	-10.771201
/17	-10.771215
▁ليتوانيا	-10.771311
▁مسؤولا	-10.771389
ES	-10.772047
▁2000-2001	-10.772139
▁افتتحت	-10.772419
▁وحرية	-10.772840
▁ذو	-10.773696
▁الأمام	-10.773842
٣	-10.774417
▁للشباب	-10.774659
▁الإعلانات	-10.774838
▁وهولندا	-10.774857
▁U	-10.775084
▁حشد	-10.775084
/10	-10.775221
▁فور	-10.775624
▁الترويج	-10.776202
▁للكويت	-10.776546
▁عواقب	-10.776719
▁الذكور	-10.777072
▁موضوعية	-10.777092
▁بتقييم	-10.777098
معاملة	-10.777176
▁الهجوم	-10.777273
▁لأول	-10.777526
▁تأثيرا	-10.778269
الولايات	-10.778333
▁صحيح	-10.778387
▁الدوائر	-10.778650
▁للبيانات	-10.778792
ce	-10.778953
▁1994،	-10.779026
▁شهدت	-10.779102
▁وبصفة	-10.779308
▁احت	-10.779325
▁بالأ	-10.779377
كار	-10.779582
سب	-10.779747
▁الأفكار	-10.779923
▁النموذجية	-10.780135
▁اليه	-10.780200
▁مالطة	-10.780429
▁يشرفني	-10.780725
▁للاحتياجات	-10.781382
▁نظمت	-10.781485
▁الاشتراء	-10.781510
جن	-10.781597
▁الهاتف	-10.781775
▁المدفوعات	-10.781880
▁مداولات	-10.782088
▁بمهام	-10.782318
▁المواقف	-10.782629
▁93	-10.782636
▁اثنين	-10.782877
▁96	-10.783171
▁المنشآت	-10.783656
حيل	-10.783670
▁وحث	-10.783876
▁المنقولة	-10.783993
▁إطارا	-10.784077
▁اليمن	-10.784113
تعزيز	-10.784367
▁خطرا	-10.784508
▁والآليات	-10.784612
▁اتخذها	-10.784780
▁تجنيد	-10.784936
تخذ	-10.785494
حر	-10.785829
▁أحكاما	-10.785977
وط	-10.785987
▁120	-10.786457
▁يدل	-10.786692
▁النتيجة	-10.786807
▁المسيح	-10.786904
▁أخيرا	-10.787023
▁واتفق	-10.787356
▁وف	-10.787528
▁دعوى	-10.788033
▁وتبين	-10.788198
▁لغات	-10.788424
▁بعدد	-10.788740
▁وأشير	-10.788924
▁وأفادت	-10.789020
▁أسابيع	-10.789161
/14	-10.789262
▁c	-10.789598
عون	-10.789701
▁ولكي	-10.789813
▁البلدين	-10.790157
فل	-10.790191
▁مبكر	-10.790428
08	-10.790710
▁العائلي	-10.790870
/2003/	-10.790969
▁إشراف	-10.791296
▁بتوقيع	-10.791594
▁الإمارات	-10.791608
صل	-10.791759
▁التكنولوجية	-10.791901
▁الدائن	-10.791913
▁كلية	-10.792126
▁بمقدار	-10.792178
▁متعلقة	-10.792253
▁والبرازيل	-10.792390
.1).	-10.792492
▁المتهم	-10.792924
▁والمالي	-10.792944
▁لنشر	-10.793057
▁التعسفي	-10.793240
▁الحملة	-10.793357
▁العقاقير	-10.793421
▁صناديق	-10.793959
▁94	-10.795814
▁ولوحظ	-10.795852
▁المكتسبة	-10.795864
خو	-10.796026
▁ولما	-10.796135
▁نزاع	-10.796320
▁صد	-10.796868
▁غي	-10.797667
يئ	-10.797730
▁اجتماعه	-10.797779
▁العدوان	-10.798033
لال	-10.798121
▁استخدمت	-10.798176
-20	-10.798500
زل	-10.799058
▁للقطاع	-10.799077
▁عددها	-10.799200
▁المسجلة	-10.799434
▁آنفا	-10.799520
▁سعر	-10.799524
▁جوانبه	-10.799542
▁الرق	-10.799809
▁العاملات	-10.799883
▁السرية	-10.799913
▁صيد	-10.800143
▁الأشكال	-10.800297
▁يتوقف	-10.800363
▁لنقل	-10.800588
z	-10.800884
▁المملوكة	-10.800957
▁ودعت	-10.801011
تقرير	-10.801386
▁الملموسة	-10.801678
▁المستعمرة	-10.801684
▁اخرى	-10.801856
▁مك	-10.801891
▁الفني	-10.801893
▁التغيرات	-10.801937
-9	-10.802009
98	-10.802364
▁البضاعة	-10.802724
▁للمخدرات	-10.803078
▁الوالدين	-10.803151
▁1540	-10.803191
▁بالإرهاب	-10.803456
▁توقع	-10.803722
▁عجز	-10.803974
▁(7)	-10.804000
▁التعاونية	-10.804105
▁رسوم	-10.804260
إساءة	-10.804309
▁ظهور	-10.804494
▁إسهام	-10.804657
▁وان	-10.804806
▁تقبل	-10.804938
▁ضباط	-10.805143
▁٢١	-10.805737
خت	-10.805870
▁أسلوب	-10.806094
منح	-10.806130
▁والتخطيط	-10.806458
▁العامين	-10.806495
▁المنح	-10.806840
▁وتركيا	-10.806870
▁المدرسية	-10.807022
▁الدفعة	-10.807158
▁المرتبات	-10.807635
▁قدرا	-10.807878
▁ممتلكات	-10.807961
التي	-10.808162
▁لمن	-10.808262
▁ونيوزيلندا	-10.808656
▁الرئيسيين	-10.808748
▁أطر	-10.809138
▁تحتوي	-10.809278
▁تطبيقها	-10.809408
▁للهجرة	-10.809786
▁(2007)	-10.809885
▁أقدم	-10.810281
▁ولأن	-10.810693
▁مستشار	-10.810857
▁تسل	-10.810927
▁بحوث	-10.811619
▁للصراع	-10.811687
▁أيدي	-10.812341
▁للبحث	-10.812415
▁السجلات	-10.812681
▁ومراقبة	-10.813625
ذك	-10.813870
tion	-10.815147
▁يرتبط	-10.815184
▁وبشكل	-10.815441
▁يراعي	-10.815443
▁والمتعلق	-10.815655
▁أقرت	-10.815732
▁أصلا	-10.815862
▁99	-10.816649
▁يحد	-10.817369
▁ومد	-10.817502
▁منفصلة	-10.817787
▁1988	-10.818164
▁والتطوير	-10.818744
▁يحمل	-10.819383
▁الفينيل	-10.819486
▁ملك	-10.819556
▁وآيرلندا	-10.819556
▁يمنح	-10.819997
▁دين	-10.820118
▁لاتفاق	-10.820125
▁بان	-10.820385
▁للحوار	-10.820397
▁ومصر	-10.820404
▁الأو	-10.820768
▁بالديون	-10.820930
▁بمركز	-10.820949
تش	-10.821049
▁والتقدم	-10.821071
▁والهدف	-10.821336
عكس	-10.821383
▁(2008)	-10.821538
▁150	-10.821541
ادي	-10.821968
▁ومعالجة	-10.822006
▁31-	-10.822020
يلا	-10.822078
▁والطفل	-10.822198
▁لأوروبا	-10.822415
▁التابعين	-10.822697
▁تام	-10.822814
▁تقضي	-10.822841
▁تشريع	-10.823443
▁فييت	-10.823448
▁لفائدة	-10.823448
▁آلاف	-10.824361
▁سبع	-10.824573
▁تحظر	-10.824607
دمت	-10.824615
▁لكسمبرغ	-10.824792
▁المعاصرة	-10.824880
▁ويطلب	-10.824977
▁الملحة	-10.825538
▁والشؤون	-10.825583
▁ثاني	-10.825877
▁32-	-10.825931
▁فلم	-10.826056
ضة	-10.826118
▁تقليل	-10.826400
▁ستعقد	-10.826513
▁وقرارات	-10.826577
▁المعقدة	-10.826646
/59/	-10.826647
▁بالإجماع	-10.826711
▁أبو	-10.827008
▁البنات	-10.827064
▁فل	-10.827237
ذي	-10.827371
▁الزئبق	-10.827468
▁ومدى	-10.827509
▁حضر	-10.827627
▁تنتهي	-10.828338
▁وضرورة	-10.828458
يرة	-10.829037
▁الثنائي	-10.829418
▁الوظيفي	-10.829860
▁المديرة	-10.829943
▁والذين	-10.830420
كراهية	-10.830759
بع	-10.831217
▁1989	-10.831477
▁للتوصل	-10.831586
▁المح	-10.831686
▁بري	-10.831962
▁لتسوية	-10.832372
▁ولد	-10.832405
/16	-10.832736
▁والسلطات	-10.832865
وني	-10.832895
▁عرضت	-10.832970
▁لهما	-10.833076
▁لبرامج	-10.833080
درس	-10.833578
▁الحزب	-10.833618
▁حاسم	-10.833712
▁واعت	-10.834068
▁والا	-10.834199
▁تفضي	-10.834231
▁باهتمام	-10.834703
▁ادعاءات	-10.834737
▁33-	-10.834847
ولة	-10.834919
▁التبادل	-10.835587
▁الأمومة	-10.836020
▁العبارة	-10.836096
▁وجمع	-10.836107
/8	-10.836138
▁حيال	-10.836298
▁سل	-10.836376
INF	-10.836580
▁ربط	-10.836686
▁المستويين	-10.836714
▁يحظر	-10.836962
▁تأخر	-10.837006
▁والحصول	-10.837710
▁جيد	-10.837787
نشئ	-10.837988
▁بالأمن	-10.838000
▁يعترف	-10.838580
▁الفرق	-10.838784
▁مقررات	-10.838833
▁سد	-10.839024
▁مواطني	-10.839139
▁المفروض	-10.839391
▁توضح	-10.839399
▁معني	-10.839950
▁القروض	-10.840053
▁يسمى	-10.840117
▁وشارك	-10.840207
▁العرقي	-10.840225
وض	-10.840414
▁أجرى	-10.841190
▁بولس	-10.841413
▁Mr	-10.841447
▁حقوقهم	-10.841648
▁أعدت	-10.841794
بلغت	-10.841911
▁لغة	-10.842926
▁نؤكد	-10.843003
▁الضريبية	-10.843111
▁واستخدامها	-10.843191
▁شا	-10.843353
▁والمبادرات	-10.843597
▁تنظيمية	-10.843938
▁UNEP	-10.844172
▁أسرع	-10.844301
جبهة	-10.844534
▁هنالك	-10.844729
▁تقتصر	-10.844788
▁تعاونا	-10.844904
قام	-10.845148
▁بالاتجار	-10.845303
▁وحلقات	-10.845664
▁والح	-10.845709
▁قضاء	-10.846208
▁الإثني	-10.846248
▁الافتقار	-10.846301
▁للتفاهم	-10.846387
▁المطروحة	-10.846478
▁الاستهلاك	-10.846571
▁أطرافا	-10.847074
▁الاستعانة	-10.847305
▁شمل	-10.847427
▁تهم	-10.847467
بية	-10.847775
▁وكثيرا	-10.847873
▁استبعاد	-10.847961
et	-10.848018
.10	-10.848044
▁بجهود	-10.848219
▁وبلغ	-10.848338
▁والثاني	-10.848640
استعادة	-10.848736
▁اللائي	-10.848918
صة	-10.849507
وسي	-10.849773
▁والقرارات	-10.849845
زة	-10.850045
▁وتؤيد	-10.850136
▁بالاستناد	-10.850357
▁للسيد	-10.850539
▁المراقبين	-10.850821
▁واستراتيجيات	-10.850905
▁النمطية	-10.851114
▁القرارين	-10.851472
▁الإحاطة	-10.851536
▁حدد	-10.851709
▁وخطط	-10.851965
مع	-10.852196
▁بالميزانية	-10.852219
غل	-10.852398
▁المنخفضة	-10.852883
▁أسماؤهم	-10.852944
▁العاشر	-10.853296
▁والحقوق	-10.853431
/18	-10.853637
▁للعملية	-10.853865
▁أيرلندا	-10.854241
▁ورومانيا	-10.854249
▁والتنفيذ	-10.854522
▁تكرار	-10.854558
▁المعد	-10.854774
▁تقديره	-10.854873
راك	-10.854891
▁الضمانية	-10.854979
▁f	-10.855105
▁جبل	-10.855366
▁الجدد	-10.856009
▁متطوعي	-10.856029
▁أغلب	-10.856060
▁المرتبط	-10.856152
▁نيكاراغوا	-10.856374
▁35-	-10.856480
▁وعقب	-10.856520
▁توقف	-10.856688
▁الاعتداء	-10.856841
▁المحاكمات	-10.856856
▁بدقة	-10.856915
▁وكيف	-10.856977
▁الاحتفال	-10.857574
▁تقييمات	-10.857695
▁أواخر	-10.857814
▁البحيرات	-10.857991
▁نفذت	-10.858289
▁واحتلاله	-10.858414
▁مسلحة	-10.858491
▁التاريخية	-10.858776
▁المستنفدة	-10.858831
مات	-10.859138
قيد	-10.859157
▁للميزانية	-10.859170
سجل	-10.859308
▁أحاط	-10.859319
▁des	-10.859434
▁للتعذيب	-10.859629
▁والتمويل	-10.859799
▁يوضح	-10.860254
▁وحق	-10.860640
▁وتوزيع	-10.860650
im	-10.860710
▁المستهدفة	-10.860804
▁زمبابوي	-10.860874
▁الناتجة	-10.860987
▁(8)	-10.861110
قسم	-10.861477
▁طراز	-10.861574
▁برئاسة	-10.861612
▁أصدر	-10.861636
▁فلورية	-10.861920
▁إحداث	-10.861936
▁اقترحت	-10.862099
▁الحين	-10.862212
▁الجنسيات	-10.863131
▁لتكنولوجيا	-10.863141
▁للاضطلاع	-10.863785
▁يدخل	-10.863914
▁&	-10.864333
ترجم	-10.864360
▁فهل	-10.864464
▁والنظر	-10.864580
لون	-10.864690
يرو	-10.864732
▁الواسع	-10.864752
▁المنفذة	-10.864874
ورد	-10.864987
فين	-10.864988
▁المتكررة	-10.865202
▁واستغلال	-10.865587
▁أجر	-10.865599
▁يقدر	-10.865713
▁تقديمه	-10.865945
▁بإدراج	-10.866342
▁#	-10.866484
▁والرجال	-10.866610
مراجعة	-10.866689
▁الوزير	-10.867070
▁كمية	-10.867084
▁الأحياء	-10.867174
▁الانخفاض	-10.867235
نتج	-10.867648
▁تعاونها	-10.867837
▁بنشر	-10.868098
خذ	-10.868111
▁بحالات	-10.868325
▁that	-10.868495
▁مدرسة	-10.868637
▁التعاقدية	-10.868654
▁يعالج	-10.869257
بعد	-10.869258
▁خيار	-10.869374
رأى	-10.869843
▁إثر	-10.869865
▁ليشمل	-10.869889
ولي	-10.869901
▁محليا	-10.870427
حال	-10.870608
▁القمر	-10.870896
ترك	-10.871349
/15	-10.872018
▁ومتابعة	-10.872220
▁الأونروا	-10.872225
▁لاتفيا	-10.872305
▁يوجه	-10.872476
▁النوعية	-10.872754
▁وتوجد	-10.873379
▁وأبلغت	-10.873599
وفي	-10.873791
▁en	-10.874007
جمع	-10.874051
▁والسويد	-10.874151
▁ورقات	-10.874254
▁تقييما	-10.874578
▁فائدة	-10.874750
▁قويا	-10.875097
▁منهاج	-10.875118
▁أؤكد	-10.875179
▁للدعم	-10.875352
▁للنقل	-10.875549
▁الفوري	-10.876163
▁نؤيد	-10.876300
▁أجراها	-10.876551
▁والخبراء	-10.876645
▁صالح	-10.877045
▁الفضائي	-10.877110
سوف	-10.877125
▁رجل	-10.877149
▁الاختيار	-10.877376
▁الاستماع	-10.877411
▁للإ	-10.877561
▁kg	-10.877633
▁للسلطة	-10.877758
▁نعم	-10.877894
▁بات	-10.878034
▁تحقيقا	-10.878062
▁ملاك	-10.878075
▁للبرامج	-10.878091
▁الاسم	-10.878251
▁2001)	-10.878342
▁وفاة	-10.878751
▁جميعها	-10.878778
▁للجلسة	-10.878809
▁مؤقتا	-10.879099
▁الانسان	-10.879339
▁مل	-10.879475
▁لقواعد	-10.879571
حرز	-10.879617
▁الاحتياطي	-10.879815
▁أعدتها	-10.880034
▁تأييدا	-10.880110
▁انضمام	-10.880615
▁المراجع	-10.880657
▁فقدان	-10.881376
▁بارتكاب	-10.881802
▁البلدية	-10.882061
▁يرمي	-10.882123
▁للخدمات	-10.882130
▁الجودة	-10.882365
▁بالذكر	-10.882776
▁لتطبيق	-10.883176
▁السليم	-10.883325
▁جماعية	-10.883424
▁المتجددة	-10.883784
▁تكلم	-10.883835
▁وإيجاد	-10.884192
▁بس	-10.884371
▁قريب	-10.884408
▁أمم	-10.884416
▁وهل	-10.884588
اعت	-10.884638
▁صوغ	-10.884647
أغلبية	-10.884734
▁البرنامجي	-10.884805
[	-10.884896
▁للحالة	-10.884995
▁للحقوق	-10.885195
▁للأحكام	-10.885467
▁اعتمدها	-10.885686
▁ونيجيريا	-10.885886
▁للتمييز	-10.886019
دال	-10.886254
▁السلكية	-10.886596
▁الجوع	-10.886600
▁المناصب	-10.886662
صدق	-10.886664
▁أل	-10.886669
▁متصلة	-10.886713
▁وتواصل	-10.886741
▁اختصاصات	-10.886833
شعبة	-10.886998
▁اقتصادي	-10.887166
▁الإنفاذ	-10.887201
▁التحضير	-10.887248
يلي	-10.887497
▁نداء	-10.887651
▁ظهر	-10.887773
▁واستمرار	-10.888032
▁إضفاء	-10.888088
▁دورها	-10.888193
▁والكيانات	-10.888336
▁الطلاب	-10.888524
▁بتحسين	-10.888549
▁وحفظ	-10.888625
ريد	-10.888692
المرجع	-10.888742
▁توجيهات	-10.888837
▁متخصصة	-10.889009
▁المتواصل	-10.889052
خص	-10.889261
نفذ	-10.889280
▁يقر	-10.889685
▁سرية	-10.889713
▁ويشجع	-10.890409
/6	-10.890646
▁سباق	-10.890748
▁أبرز	-10.890847
▁للتدابير	-10.890919
▁الزيارات	-10.890959
▁القطاعية	-10.890966
▁تي	-10.891300
▁الحصار	-10.891316
▁لوحظ	-10.891340
▁المتح	-10.891483
▁يعطي	-10.892123
▁ونرى	-10.892173
▁افتراض	-10.892207
▁مستدام	-10.892353
▁تختلف	-10.892392
▁تشهد	-10.892994
هذه	-10.893041
▁34-	-10.893141
▁جهودنا	-10.893515
▁استحقاقات	-10.893727
▁وستكون	-10.893727
▁برنامجا	-10.893796
له	-10.894043
▁المعيشة	-10.894118
غا	-10.894144
▁منغوليا	-10.894319
▁لدورتها	-10.894645
▁يوميا	-10.894782
فترات	-10.894909
▁نشط	-10.895101
▁مقد	-10.895353
▁تتلقى	-10.895435
▁صادر	-10.895808
▁المرجعية	-10.895976
▁الحواجز	-10.896094
▁سعيا	-10.896419
▁أحاطت	-10.896664
▁عم	-10.896750
تل	-10.896823
▁تتوافر	-10.897104
▁وحده	-10.897266
▁وأساليب	-10.897445
▁برصد	-10.897751
إحدى	-10.898289
▁نهر	-10.898515
لك	-10.898674
▁تقريري	-10.898816
▁V	-10.898972
▁هذ	-10.899164
شكل	-10.899175
▁اختبار	-10.899201
▁الذكرى	-10.899548
ity	-10.899673
▁المحامين	-10.900456
].	-10.900546
▁سلمية	-10.900572
de	-10.900603
دام	-10.900788
.15	-10.900853
▁أح	-10.900858
▁الموجز	-10.900885
ut	-10.900954
▁أخذت	-10.900994
صب	-10.901278
▁للرقابة	-10.901974
▁آ	-10.902122
▁ثالث	-10.902327
طبق	-10.902364
▁والمؤتمرات	-10.902439
▁ومسائل	-10.902649
se	-10.902923
▁والطاقة	-10.903090
▁الملاحظة	-10.903160
ارت	-10.904051
▁للأوزون	-10.904055
▁واللاسلكية	-10.904055
▁لبلوغ	-10.904082
طو	-10.904168
▁الجانبين	-10.904292
▁أنشطته	-10.904487
▁العادي	-10.904799
▁مدار	-10.905215
▁الضغط	-10.905251
ac	-10.905559
▁أحمد	-10.905687
▁وأفضل	-10.905825
▁con	-10.905910
▁العاجلة	-10.905927
راض	-10.906108
▁بنما	-10.906206
▁شهادات	-10.906210
▁والحاجة	-10.907187
زاعات	-10.907410
▁لدراسة	-10.907493
▁فلن	-10.907825
جي	-10.907966
▁تحسينات	-10.908042
▁مبرر	-10.908265
معرفة	-10.908409
▁را	-10.908507
▁للتقدم	-10.908701
▁فض	-10.908867
▁تخصص	-10.909204
▁عرضة	-10.909391
وال	-10.909421
▁تستحق	-10.909633
▁النهاية	-10.909698
الاتحاد	-10.909785
▁نقاش	-10.910559
▁والسودان	-10.910632
▁الصفحات	-10.911064
▁تش	-10.911605
▁طرد	-10.912452
▁استيراد	-10.912539
▁جواز	-10.912582
▁بيانه	-10.912663
▁بير	-10.912721
جاز	-10.912731
▁النقطة	-10.912800
▁والب	-10.913229
نسبة	-10.913348
▁ابتداء	-10.913503
▁والشركاء	-10.913535
▁إلقاء	-10.913546
▁وسويسرا	-10.913733
▁عهد	-10.913792
▁فعليا	-10.914154
▁والمحكمة	-10.914221
▁ديمقراطية	-10.914285
▁محامي	-10.914663
▁آخذة	-10.914830
int	-10.914993
▁الشواغر	-10.915217
الا	-10.915437
▁الترتيب	-10.915600
▁سيعقد	-10.915617
▁أسفر	-10.915868
▁وشيلي	-10.915930
▁60/1	-10.915983
▁ثابتة	-10.916034
▁طبقة	-10.916155
▁36-	-10.916340
▁عددهم	-10.916540
▁أسئلة	-10.916641
▁name	-10.917253
فرقة	-10.917386
▁المثقلة	-10.917451
▁وأردف	-10.917456
▁وذ	-10.917536
جو	-10.917694
▁والاستراتيجيات	-10.917808
to	-10.918040
روا	-10.918327
▁وقائع	-10.918349
▁تحترم	-10.918480
▁وجهت	-10.918486
▁فن	-10.918781
▁القصوى	-10.918845
▁ومعايير	-10.919368
▁ووسائط	-10.919448
يوم	-10.920621
▁المتطلبات	-10.920630
▁ويلزم	-10.920637
▁الثمانية	-10.920691
▁المنازل	-10.920844
▁بدوره	-10.920976
▁بدفع	-10.920991
▁المحاضر	-10.921202
▁الاختصاص	-10.921418
▁الائتمان	-10.921554
٦	-10.921704
▁ترخيص	-10.921823
lo	-10.921925
عل	-10.922183
▁الاقتراع	-10.922374
▁الخسارة	-10.922422
▁العميق	-10.922640
▁وجعل	-10.922833
▁داخلية	-10.922958
▁الحدث	-10.923053
▁خطورة	-10.923469
▁والشرطة	-10.923572
▁التذييل	-10.923808
▁المطالب	-10.923828
رع	-10.923998
▁والقدرة	-10.924020
▁طالب	-10.924043
▁مهارات	-10.924480
شا	-10.924483
▁والوثائق	-10.924620
مس	-10.924624
▁محور	-10.924842
▁ويرجى	-10.924878
▁الهادفة	-10.924973
▁يقرب	-10.925150
▁وقرر	-10.925155
دى	-10.925305
▁المحتل	-10.925666
▁الديني	-10.925830
▁فردا	-10.926199
بور	-10.926594
لغ	-10.926601
▁وأهداف	-10.926657
▁والجنوب	-10.926787
▁تفتيش	-10.926815
▁هائلة	-10.926891
رجى	-10.927029
▁شهد	-10.927385
▁وثيقا	-10.927512
▁إخطار	-10.927670
▁تقليص	-10.927835
بول	-10.927901
▁واستطرد	-10.928052
▁زمني	-10.928123
▁للق	-10.928164
▁للسنة	-10.928331
▁نسخ	-10.928341
PRST	-10.928423
▁مصطلح	-10.928450
▁الأطر	-10.928486
▁الجولان	-10.928634
▁الزيارة	-10.928766
▁ارتكب	-10.929072
▁وحيث	-10.929156
▁وألمانيا	-10.929262
▁مشاركتها	-10.929403
▁الإنجليزية	-10.929611
▁كلمات	-10.929953
▁لخطر	-10.929957
▁1993،	-10.929974
▁المد	-10.930163
▁الرسوم	-10.930240
▁وتعزيزها	-10.930394
▁ومشاريع	-10.930491
▁الكيفية	-10.930652
▁ميادين	-10.931247
/2008/	-10.931477
▁الأعوام	-10.931875
▁التأييد	-10.931994
▁وستصدر	-10.932118
▁ورحبت	-10.932140
▁السمكية	-10.932162
▁يظهر	-10.932330
شغل	-10.932374
▁سلبية	-10.933147
▁معيار	-10.933214
زيل	-10.933231
▁خطير	-10.933237
▁الملاحة	-10.933658
▁وتحقيقا	-10.933731
▁يعادل	-10.934087
اته	-10.934204
▁عملهم	-10.934265
▁مناخ	-10.934354
غتنم	-10.934978
▁أعتبر	-10.935154
دل	-10.935303
▁ونائب	-10.935448
▁يواجهها	-10.935734
▁توضع	-10.935963
▁وكوبا	-10.935969
▁الاستبيان	-10.935972
▁مبلغا	-10.936442
ورو	-10.936878
co	-10.936931
▁التركية	-10.936940
▁تقدر	-10.936984
▁1987	-10.937147
▁اما	-10.937239
ne	-10.937480
▁تمنع	-10.938375
▁البيع	-10.938710
▁استشارية	-10.938877
▁تلتزم	-10.939583
▁وأوصى	-10.939664
▁وحالات	-10.939741
▁بممارسة	-10.939750
▁للدفاع	-10.940265
▁مؤشر	-10.940314
▁التكميلية	-10.940334
منظمة	-10.940349
▁والتحقق	-10.940663
▁الفائدة	-10.940723
▁استرداد	-10.940866
محاكمة	-10.941669
سمح	-10.941671
▁الشعبي	-10.941748
الفنلندية	-10.941754
▁السريعة	-10.942097
▁المقدرة	-10.942833
مار	-10.942902
▁جنب	-10.943286
▁ووكالاتها	-10.943480
▁قانونيا	-10.943677
▁ساعد	-10.943861
▁Convention	-10.943970
▁اللائق	-10.944203
▁روسيا	-10.944309
▁الواحد	-10.944468
▁جان	-10.944598
▁والأعمال	-10.944818
▁المراحل	-10.945033
▁الإنذار	-10.945205
▁بدورها	-10.945476
▁أولي	-10.945588
▁نصوص	-10.945653
▁وحضر	-10.946550
▁شخصية	-10.946594
▁توازن	-10.946859
▁للمسائل	-10.947253
▁صدقت	-10.947536
▁بالسكان	-10.947547
رن	-10.947650
▁الكلمات	-10.947663
▁تعهدت	-10.947741
▁وتقارير	-10.947956
▁بربادوس	-10.948064
وان	-10.948251
▁الملاريا	-10.948266
▁بينهما	-10.948338
▁٢٣	-10.948541
▁المسجل	-10.949170
▁والف	-10.949247
▁استخدم	-10.949370
▁المحاصيل	-10.949589
▁'5'	-10.949695
▁وودز	-10.949712
▁المباني	-10.949766
▁الطب	-10.949852
▁معنى	-10.950068
▁قصار	-10.950430
▁تضاف	-10.950481
▁الاول	-10.950557
▁وبيرو	-10.950662
قا	-10.950830
▁بتعميم	-10.950877
▁حر	-10.950971
▁الوساطة	-10.951130
▁متساوية	-10.951177
▁المعتقد	-10.951309
▁ومجموعة	-10.951421
▁يعتقد	-10.951623
▁39-	-10.951632
▁حيوية	-10.952125
▁جر	-10.952336
▁للطفل	-10.952450
▁بأسره	-10.952517
▁نصيب	-10.952530
▁لدولة	-10.952629
2002	-10.952910
▁الممولة	-10.953065
▁البيت	-10.953273
▁المتأتية	-10.953289
▁عائدات	-10.953605
▁واصل	-10.953740
درجة	-10.953839
▁لاحقة	-10.954295
▁الأمان	-10.954452
رقم	-10.954576
▁المداولات	-10.954622
▁حياتهم	-10.955101
▁نظرة	-10.955216
▁ري	-10.955479
▁بمعلومات	-10.955487
▁37-	-10.955533
▁يحظى	-10.955821
بري	-10.956022
▁طاولة	-10.956064
طف	-10.956300
▁مراقبي	-10.956480
٤	-10.956539
▁المسندة	-10.956726
▁انتظار	-10.957302
▁شرح	-10.957314
▁معهم	-10.957495
▁شن	-10.957661
ره	-10.957834
/7	-10.958122
▁ناميبيا	-10.958295
▁قي	-10.958339
▁حكومي	-10.959115
▁إستونيا	-10.959368
▁برامجها	-10.959379
.12	-10.959481
▁بمعدل	-10.959574
▁الثابت	-10.960202
▁والمقررات	-10.960258
▁أجرت	-10.960405
▁الكويتية	-10.960535
▁الأيام	-10.960615
▁القائل	-10.960634
ريا	-10.960682
يتا	-10.960685
▁جون	-10.961045
▁دعمه	-10.961279
ci	-10.961281
▁يمنع	-10.961468
▁يحتمل	-10.961543
▁وكولومبيا	-10.961566
▁59/2	-10.961646
▁القبول	-10.962332
▁السلمي	-10.962728
ورا	-10.962830
▁حصلت	-10.962833
▁يعيد	-10.963021
htm	-10.963079
▁مناصب	-10.963396
وجه	-10.963550
▁غو	-10.963847
▁105	-10.963886
▁البلديات	-10.963918
▁والحكومة	-10.964719
▁سليمان	-10.964767
▁الأصوات	-10.965022
▁الهواء	-10.965050
▁فرق	-10.965310
▁التوتر	-10.965350
▁الديباجة	-10.965461
▁طاجيكستان	-10.965474
▁للمر	-10.965601
▁لمبادئ	-10.965988
▁لأداء	-10.966708
▁تطورات	-10.966739
▁جيبوتي	-10.967094
▁الأبيض	-10.967269
▁أيدت	-10.967491
pdf	-10.967685
▁كتابة	-10.967735
▁يشدد	-10.967780
▁التقديرية	-10.967869
▁بإنفاذ	-10.967901
▁خبير	-10.967910
▁والاتفاقية	-10.968083
▁شر	-10.968143
▁ارت	-10.968253
▁شيئا	-10.968302
▁38-	-10.968536
▁تصدير	-10.968674
▁يأتي	-10.968721
محكمة	-10.968765
▁للإرهاب	-10.968784
▁القصور	-10.968971
▁الأغلبية	-10.969320
▁الأسس	-10.969398
ارية	-10.969412
▁موحد	-10.969432
▁وخ	-10.969433
بذل	-10.969448
▁جدوى	-10.969609
▁الروسية	-10.969703
▁الظاهرة	-10.969742
▁وشملت	-10.969768
▁للمفوضية	-10.970176
▁بالمدارس	-10.970180
▁المتاح	-10.970330
▁للمشورة	-10.970344
▁يدرك	-10.970450
▁استثمار	-10.970573
▁مصدرا	-10.970934
▁المعالجة	-10.971039
▁ويتطلب	-10.971621
▁‐	-10.971644
▁الأنواع	-10.971739
▁المنظم	-10.971930
▁De	-10.971979
▁المحامي	-10.972129
عات	-10.972192
▁والبيئية	-10.972303
▁تفاهم	-10.972432
▁السياسيين	-10.972579
▁تعطي	-10.972672
▁للتداول	-10.972681
▁بالتنفيذ	-10.973516
▁بحر	-10.973820
▁تحيل	-10.973935
▁الأدوية	-10.973961
▁ملموس	-10.974174
/2002/	-10.974294
▁تملك	-10.974616
▁بروكسل	-10.974649
▁لقمع	-10.974801
▁ضرر	-10.974850
▁يساهم	-10.974877
▁الإفراج	-10.975229
▁رفضت	-10.975394
▁المصرف	-10.975540
▁العناية	-10.975636
▁للضحايا	-10.975723
▁الذاتية	-10.975780
▁الشاحن	-10.975831
▁تمشيا	-10.975845
▁بريتون	-10.975861
▁بالاحتلال	-10.976455
▁يشعر	-10.976624
▁تعلم	-10.976796
ورة	-10.977043
▁التربية	-10.977091
)).	-10.977119
نشأ	-10.977387
▁يمك	-10.977486
▁الصحافة	-10.977509
▁العائدات	-10.977761
▁لتحرير	-10.977977
جار	-10.978124
▁الطوعي	-10.978235
▁الدم	-10.978307
بق	-10.978701
▁الأرواح	-10.978999
ers	-10.979523
قص	-10.979835
▁سجلات	-10.979881
▁تتحقق	-10.980168
▁تهديد	-10.980208
▁وتعاون	-10.980499
▁المسار	-10.980664
▁1985	-10.980688
2001	-10.980773
▁إداري	-10.980904
▁العفو	-10.981018
▁لالتزاماتها	-10.981133
▁رأت	-10.981566
اخ	-10.981589
▁المأذون	-10.981646
▁قلة	-10.981721
▁ويوجد	-10.981903
▁1998.	-10.981916
▁ينظم	-10.981977
▁الخام	-10.982034
أخذ	-10.982036
▁تحقيقات	-10.982303
▁كار	-10.982969
٥	-10.982984
▁يو	-10.983147
الت	-10.983311
▁تامة	-10.983613
الية	-10.983725
▁نمط	-10.983768
▁والنتائج	-10.983834
▁التصنيف	-10.984073
▁صرف	-10.984455
▁سريان	-10.984686
▁تمك	-10.985160
▁القديمة	-10.985172
▁معقول	-10.985302
▁البريطانية	-10.985309
ga	-10.985774
▁للانتخابات	-10.985794
▁الجدير	-10.985918
▁جنبا	-10.985959
▁توظيف	-10.985995
▁تسديد	-10.986014
▁بالعربية	-10.986409
▁مدارس	-10.986477
باع	-10.986559
▁رغبة	-10.986969
▁أقوى	-10.987019
▁المنطوق	-10.987045
▁ينفذ	-10.987166
▁ضبط	-10.987239
▁حققت	-10.987544
▁ملف	-10.987609
▁موئل	-10.987646
▁البرلماني	-10.987655
▁سؤال	-10.987685
▁جودة	-10.988338
▁التغطية	-10.988621
▁والوطني	-10.988802
▁والتقني	-10.989225
▁والجرائم	-10.989348
▁60/2	-10.989387
▁الإدلاء	-10.989620
ma	-10.990057
▁الحواشي	-10.990456
شك	-10.990499
▁ويرحب	-10.990682
▁تصويب	-10.990939
▁يستهدف	-10.990979
▁أسر	-10.991037
▁بالبلدان	-10.991349
▁بضمان	-10.991396
رز	-10.991720
▁المرء	-10.991760
▁والفرنسية	-10.991947
▁الصور	-10.991971
▁المؤ	-10.992078
▁اجتمع	-10.992168
▁الشرط	-10.992929
▁عين	-10.993117
▁للحماية	-10.993340
▁يفضي	-10.993368
علم	-10.993439
▁موناكو	-10.993451
▁استمر	-10.993535
▁المعروض	-10.993602
▁56/2	-10.993851
▁تست	-10.993852
▁استقصائية	-10.993872
▁وأحكام	-10.993948
▁ورحب	-10.994020
▁وتن	-10.994198
▁عقوبات	-10.994385
▁اع	-10.995030
▁للحق	-10.995393
▁ملزم	-10.995437
▁بتوجيه	-10.995441
▁القراءة	-10.995582
▁جداول	-10.995788
▁تؤديه	-10.996242
▁40-	-10.996244
▁الضحية	-10.996305
▁والاعتداء	-10.996920
▁والهياكل	-10.997198
دات	-10.997211
بيل	-10.997627
▁تنضم	-10.997657
دعوة	-10.997690
▁صلب	-10.998119
▁خطأ	-10.998156
▁وتجد	-10.998219
اكس	-10.998343
٨	-10.998529
▁أفريقي	-10.998816
▁لتخفيف	-10.999022
▁from	-10.999026
▁القدر	-10.999057
▁تضمين	-10.999059
▁معنون	-10.999152
بان	-10.999273
▁ويتوقع	-10.999702
▁علاج	-10.999849
▁الثانوي	-10.999851
▁واليوم	-10.999928
▁والأسرة	-11.000093
لان	-11.000483
▁مرارا	-11.000739
نسق	-11.000776
▁وتكاليف	-11.000927
▁انخفض	-11.000996
▁وأمريكا	-11.001297
▁أطلق	-11.001307
am	-11.001790
تسم	-11.001884
▁وستواصل	-11.001949
▁ببناء	-11.001953
▁تشك	-11.002218
▁الأسماء	-11.002282
and	-11.002556
▁ووافقت	-11.003066
▁العروض	-11.003165
ثبت	-11.003268
▁لاجئ	-11.003374
▁والمحلية	-11.004136
▁المتكلم	-11.004416
نف	-11.004671
▁والسل	-11.004758
٧	-11.004806
▁إدماجهم	-11.004807
▁الدعاوى	-11.004909
▁not	-11.004988
▁التعلم	-11.005293
▁والجماعة	-11.005578
▁محام	-11.005604
▁سليم	-11.005832
▁الموافق	-11.005884
Name	-11.005946
▁حينما	-11.006594
▁الحضري	-11.006903
▁ووزير	-11.007159
▁ترتبط	-11.007336
▁المشتركين	-11.007356
▁إحلال	-11.007541
/2009	-11.008754
▁مراجع	-11.008817
▁وتجري	-11.008972
/61/	-11.009151
طرح	-11.009163
▁الرأس	-11.009383
▁ومراكز	-11.009496
▁آمنة	-11.009774
▁والعشرون	-11.009840
▁جولة	-11.009890
▁توليد	-11.010077
▁وكرواتيا	-11.010340
▁سجن	-11.010358
▁المماثلة	-11.010411
▁الوباء	-11.010470
▁استكهولم	-11.010492
▁بالتعويض	-11.010637
▁مناسبات	-11.010970
▁Co	-11.011351
▁قيم	-11.011421
▁ويلاحظ	-11.011488
di	-11.011503
▁بذلت	-11.011887
▁نماذج	-11.012197
▁الروما	-11.012277
بس	-11.012492
▁وسيتم	-11.012522
▁DC	-11.012551
▁النقص	-11.012590
▁أنماط	-11.012836
▁نية	-11.012984
▁تق	-11.013065
▁قط	-11.013223
▁معاناة	-11.013391
▁ووحدة	-11.013462
▁بالإ	-11.013498
/58/	-11.013516
▁مشاوراته	-11.013595
▁ووافق	-11.013680
▁سنوي	-11.013784
▁أسهم	-11.013795
▁وبصورة	-11.014308
▁لكون	-11.014361
راج	-11.014374
▁تشييد	-11.014706
▁شرقي	-11.014769
وات	-11.015431
▁الصناعات	-11.015949
▁للقوة	-11.015965
ألف	-11.016058
▁للمهاجرين	-11.016168
▁وأدى	-11.016474
▁تجارب	-11.016529
رسي	-11.016627
▁الأفضل	-11.016802
▁امام	-11.017062
▁السارية	-11.017115
▁المبكرة	-11.017231
man	-11.017430
▁وتوباغو	-11.017482
▁بالحماية	-11.018028
▁ومؤشرات	-11.018099
▁الاستوائية	-11.018140
▁البوليفارية	-11.018555
▁بفعل	-11.018610
▁والحوار	-11.018732
▁والبروتوكولات	-11.018900
خي	-11.018944
▁المستخدم	-11.018954
▁تناولها	-11.019077
الوثيقة	-11.019348
▁أبدا	-11.019355
▁اعتمادات	-11.019415
▁الزوج	-11.019607
▁Report	-11.020124
حق	-11.020401
▁ويحث	-11.020412
▁اعتبر	-11.020737
▁تعوق	-11.020740
بث	-11.020913
▁توكيلاو	-11.020994
▁وإصدار	-11.021148
▁زراعة	-11.021216
▁وفدها	-11.021256
ايا	-11.021555
▁سفير	-11.021668
صار	-11.021802
▁اجتماعها	-11.022049
▁القاري	-11.022568
▁ومعدات	-11.022929
▁والأمانة	-11.022968
▁التطوير	-11.023024
▁المقاتلين	-11.023197
ائد	-11.023425
▁مدنية	-11.023512
▁61/2	-11.023693
▁المعارضة	-11.023913
▁إتمام	-11.024158
▁يتحمل	-11.024311
▁عميق	-11.024364
▁إمكانات	-11.024832
▁المسيحية	-11.025232
▁المدفوعة	-11.025410
حدد	-11.025617
▁غاية	-11.025694
▁مسلح	-11.025761
▁41-	-11.025784
الي	-11.025790
.2/	-11.025925
▁للمساءلة	-11.026293
▁مخطط	-11.026498
لاند	-11.026707
▁منشورات	-11.026959
▁باتجاه	-11.026968
فتح	-11.027136
▁بعينها	-11.027358
▁مواءمة	-11.027517
▁وفر	-11.027527
.9/5	-11.027558
▁بالقضايا	-11.027767
▁ثماني	-11.027834
▁وممارسات	-11.027979
نس	-11.028217
▁السبيل	-11.028803
▁المسبقة	-11.028923
▁والاستغلال	-11.029020
▁وكذا	-11.029899
تشر	-11.029930
▁الدكتور	-11.030416
تو	-11.030428
لح	-11.030428
.1/	-11.030594
▁رصيد	-11.030663
▁صافي	-11.030892
2005	-11.031054
▁وتخفيف	-11.031164
برنامج	-11.031232
▁والتصدي	-11.031374
▁نسبته	-11.031424
▁للوصول	-11.031437
رر	-11.031602
قو	-11.031802
▁الشرب	-11.032158
▁وانعدام	-11.032195
ha	-11.032338
رية	-11.032634
مور	-11.032820
▁التدفقات	-11.033149
▁مخصص	-11.033420
▁حقه	-11.033614
▁تفهم	-11.033667
▁بالتأكيد	-11.033689
▁والتوعية	-11.033698
ستر	-11.034239
/20	-11.034724
10)	-11.035033
▁والتحليل	-11.035220
▁كر	-11.035355
▁بالتعليم	-11.035847
▁بنزع	-11.036090
▁والسكان	-11.036295
▁وقطاع	-11.036429
سة	-11.036502
▁اقتصاديا	-11.036572
▁يهدد	-11.036638
▁2000)	-11.036738
▁الثغرات	-11.036866
شو	-11.036909
▁شخصيا	-11.037095
▁بوسع	-11.037514
▁الجرد	-11.037563
▁مور	-11.037776
▁خاضعة	-11.037899
▁للتقرير	-11.037977
▁اللامركزية	-11.038416
لاق	-11.038419
▁الأسف	-11.039010
ريك	-11.039249
الرتب	-11.039333
▁وسلامة	-11.039372
▁للتحكيم	-11.039715
▁التسلح	-11.039819
▁مخ	-11.040233
▁تبي	-11.040237
▁وإيطاليا	-11.040508
▁وبدأ	-11.040557
▁أصوات	-11.041016
▁للوحدات	-11.041289
▁بمبادرة	-11.041414
▁النشطة	-11.041540
▁سين	-11.041553
DP	-11.041603
▁وأبلغ	-11.042253
▁رفاه	-11.042563
▁التعويضات	-11.042603
▁الجذرية	-11.042651
▁المبرمة	-11.043122
http	-11.043382
بون	-11.043402
/2001/	-11.043572
فيد	-11.043672
عتمد	-11.043683
▁دينية	-11.043688
▁42-	-11.043977
▁ممكنا	-11.044135
▁تأتي	-11.044376
▁البرلمانية	-11.044582
▁ني	-11.044584
أثر	-11.044686
000	-11.044750
▁بون	-11.044795
▁أعوام	-11.044816
فاق	-11.044932
▁الموت	-11.045074
▁الجنوبي	-11.045166
▁بالمبادئ	-11.045174
▁التراث	-11.045262
▁المشتري	-11.045341
op	-11.045356
صاب	-11.045609
▁عرضا	-11.045635
▁والمكاتب	-11.045764
٩	-11.045833
▁المدعى	-11.046062
▁والوسائل	-11.046474
▁بع	-11.046510
▁لمشاريع	-11.046565
موظف	-11.046573
▁مصداقية	-11.046618
▁الصعد	-11.046659
اوي	-11.046738
▁التربة	-11.046842
▁وأعلن	-11.046896
▁سر	-11.046956
▁نهائي	-11.047112
اؤها	-11.047159
3).	-11.047559
▁نظاما	-11.047574
▁انها	-11.047736
Y	-11.047865
يستعاض	-11.047930
▁للجان	-11.047945
▁الملوثات	-11.047947
▁والبحر	-11.048317
▁الخطوة	-11.048321
▁الاستخبارات	-11.048421
▁1967	-11.048611
▁تسعة	-11.048746
▁منطوق	-11.048911
▁الإباحية	-11.049100
▁المسددة	-11.049335
▁ثالثة	-11.049345
▁إصلاحات	-11.049475
▁حان	-11.049743
▁الميادين	-11.049878
▁ويبين	-11.050203
▁كثيرون	-11.050234
▁معي	-11.050606
▁الآتية	-11.050729
▁غزو	-11.051077
▁كيان	-11.051142
▁ورفع	-11.051223
▁العمومية	-11.051248
▁تبعا	-11.051553
▁تصور	-11.051665
▁Service	-11.051818
▁دا	-11.051946
وفا	-11.051963
▁بالبند	-11.052045
▁صلاحية	-11.052246
▁قائد	-11.052574
▁is	-11.052694
▁المرجح	-11.052729
▁لتشمل	-11.052736
▁1325	-11.052785
▁اتفقت	-11.052958
دعو	-11.053104
▁تناولت	-11.053270
▁فرصا	-11.053326
رم	-11.053498
جه	-11.053514
▁التامة	-11.053556
▁البعد	-11.053577
▁إبقاء	-11.054144
▁محضر	-11.054173
▁سأ	-11.054218
▁ويعد	-11.054591
▁الشديدة	-11.054658
▁بالمواد	-11.054718
▁أقليات	-11.055014
▁والبرنامج	-11.055027
▁شي	-11.055300
▁الاستئمانية	-11.055735
دري	-11.055952
▁1949	-11.055969
▁نواب	-11.056080
▁استدامة	-11.056334
▁ومكافحته	-11.056515
▁international	-11.056822
▁المتضررين	-11.056934
▁والأطراف	-11.056991
▁الإجهاض	-11.057169
▁التصميم	-11.057310
عود	-11.057343
يط	-11.057445
▁الرئاسية	-11.057567
▁قرابة	-11.058343
▁تقترح	-11.058434
▁بعناية	-11.058647
▁وصلت	-11.058727
▁أهدافها	-11.058820
▁المسنين	-11.058825
الأ	-11.059527
▁للبعثات	-11.059561
▁108	-11.059612
وصي	-11.059913
ance	-11.060719
▁والاتفاقات	-11.060866
▁الجبهة	-11.060968
▁تسخير	-11.061015
▁الأجسام	-11.061034
▁مساعدات	-11.061127
▁عملي	-11.061458
▁يقصد	-11.061728
▁مقعد	-11.061926
▁والقضايا	-11.062058
▁اعتقال	-11.062354
▁يدرج	-11.062428
▁الضوابط	-11.062536
▁يشهد	-11.062841
تقدم	-11.062849
.2)	-11.063083
▁بمهمة	-11.063227
▁103	-11.063263
▁والكويت	-11.063456
▁تبسيط	-11.063617
▁العرفي	-11.063673
▁ليختنشتاين	-11.063679
▁للجنوب	-11.063736
لف	-11.064107
▁مدريد	-11.064265
/60/	-11.064314
▁الالتحاق	-11.064459
▁فخامة	-11.064697
▁تقليدية	-11.064743
امي	-11.065057
▁وإندونيسيا	-11.065082
▁or	-11.065095
عطى	-11.065099
لع	-11.065524
برا	-11.065644
▁عليهما	-11.065797
▁تس	-11.066652
راق	-11.066867
انا	-11.067013
▁وغينيا	-11.067084
▁لاو	-11.067227
▁التفاوت	-11.067319
▁وممثل	-11.067461
▁لخفض	-11.067614
▁التقليدي	-11.067840
▁إنجازات	-11.068020
▁وتود	-11.068024
▁مختارة	-11.068094
كبار	-11.068145
راع	-11.068377
▁مواردها	-11.068404
▁جزيرة	-11.068758
▁للصحة	-11.069111
▁الروح	-11.069118
▁مجالس	-11.069244
▁اليومي	-11.069279
▁المستفيدة	-11.069399
▁(2	-11.069613
▁الكثيرة	-11.069638
▁الكراهية	-11.069723
▁لمراجعة	-11.069801
▁المشتبه	-11.069818
▁فتئت	-11.069870
▁وموارد	-11.069923
دعم	-11.069925
▁ملخص	-11.069943
▁ويوصي	-11.070126
▁ونشرها	-11.070478
▁خلصت	-11.070786
▁المر	-11.070995
▁وأوكرانيا	-11.071084
▁بقية	-11.071090
▁للخبراء	-11.071185
▁شرعت	-11.071633
▁والتقرير	-11.071696
▁باحترام	-11.072327
▁للمناقشة	-11.072328
▁بتنسيق	-11.072817
▁كونغ	-11.073321
الهاتف	-11.073666
▁هندوراس	-11.073673
▁انخفاضا	-11.074011
زو	-11.074224
▁الإثبات	-11.074809
▁يكونوا	-11.074928
▁الرباعية	-11.075035
▁الحديث	-11.075145
▁ستواصل	-11.075161
ائق	-11.075234
▁المق	-11.075337
▁صراع	-11.075371
▁يعاقب	-11.075702
▁تر	-11.075802
▁الطعن	-11.075819
جلس	-11.075827
▁ازداد	-11.076015
▁اد	-11.076104
▁معالجتها	-11.076283
ضر	-11.076689
▁43-	-11.076879
▁44-	-11.076891
▁الرجوع	-11.077560
▁المديرين	-11.077854
▁1982	-11.077884
x	-11.078353
▁أعضائها	-11.078479
▁الاقتطاعات	-11.078560
▁طرح	-11.078576
يث	-11.078927
▁يفيد	-11.079263
▁يقدمه	-11.079448
▁يحول	-11.080015
▁التقاعد	-11.080278
▁بالمشاركة	-11.080290
▁بالوظائف	-11.080429
▁المؤيدون	-11.080583
▁للإبلاغ	-11.081119
فصل	-11.081225
توجه	-11.081339
▁والص	-11.081409
▁التحسينات	-11.081468
▁بقاء	-11.081948
▁منخفضة	-11.081986
دمج	-11.082044
▁تسع	-11.082428
▁خلف	-11.082500
▁المحكمتين	-11.082509
▁المدافعين	-11.082553
▁للإعلام	-11.083153
▁خريطة	-11.083651
▁وأصحاب	-11.083669
▁وعد	-11.083741
▁الصغير	-11.083744
▁استثناء	-11.083983
▁بروح	-11.084051
▁لليونيسيف	-11.084090
▁وأنا	-11.084331
▁خطوط	-11.084575
▁المهاجرات	-11.084598
Part	-11.084849
▁مفيدا	-11.085195
▁مارس	-11.085457
▁e	-11.085491
▁وعقدت	-11.085512
▁المستفيدين	-11.085526
▁الإقرار	-11.085541
▁النقض	-11.085595
▁الانسحاب	-11.085694
▁الحضور	-11.085732
▁نظ	-11.086003
ونغ	-11.086309
حس	-11.086415
▁ضوابط	-11.086435
ينغ	-11.086635
▁خطيرا	-11.086751
▁أدرجت	-11.087179
▁شدد	-11.087205
▁وإنفاذ	-11.087510
▁المناهج	-11.087612
▁والدعوة	-11.088144
▁مقرره	-11.088243
▁الإشعار	-11.088349
▁وإطار	-11.088451
▁متفق	-11.088452
اليونيسيف	-11.088457
/2005/	-11.088468
▁لندن	-11.088591
عنى	-11.088665
▁عسكري	-11.088734
▁للنص	-11.088871
▁وإرسالها	-11.089261
▁ولعل	-11.089594
▁التعليمي	-11.089913
▁لمناهضة	-11.090028
Q	-11.090100
القانون	-11.090182
▁مستعدة	-11.090213
▁ورأى	-11.090241
▁الإخلال	-11.090246
قيم	-11.090324
▁وحل	-11.090377
▁متن	-11.090475
▁أحرزته	-11.090676
▁وطأة	-11.090677
▁بدراسة	-11.090846
▁الصلات	-11.090858
▁54/2	-11.090861
▁الرقمية	-11.091129
▁عكس	-11.091166
▁معقدة	-11.091240
جامعة	-11.091269
▁للالتزامات	-11.091386
▁تدبير	-11.091503
▁Ch	-11.091573
منتدى	-11.091619
▁يس	-11.091784
▁المكرسة	-11.091917
▁وواصلت	-11.091930
▁m	-11.092271
▁الحلقات	-11.092680
▁حرمان	-11.092684
غو	-11.093220
تبع	-11.093284
▁توف	-11.093557
▁المرحلي	-11.093676
▁للاستجابة	-11.093733
▁الأمريكي	-11.093734
▁وتعد	-11.093920
▁يش	-11.093947
▁للقلق	-11.094805
▁لجن	-11.094935
▁وسيجري	-11.095186
حسن	-11.095305
▁ويساور	-11.095405
▁ينتمون	-11.095411
▁مفوضة	-11.095439
▁الكلية	-11.095547
▁110	-11.095596
▁نشطة	-11.096184
▁المقررين	-11.096263
▁تعرضت	-11.096341
▁تكامل	-11.096483
vi	-11.097070
▁مستند	-11.098003
إحالة	-11.098152
▁للاستثمار	-11.098287
عهد	-11.098290
وضع	-11.098330
▁ترتكب	-11.098380
▁بإصلاح	-11.098413
▁البروم	-11.098630
▁بالتزام	-11.098763
/2007/	-11.098784
ist	-11.099086
na	-11.099117
▁صادرات	-11.099188
▁يوحنا	-11.099265
▁101	-11.099514
▁الناطق	-11.099685
▁تشتمل	-11.099763
▁بوتسوانا	-11.100147
▁لحضور	-11.100149
▁المعقودتين	-11.100354
▁والجهود	-11.100425
▁يشك	-11.100471
▁تخص	-11.100924
ـــــــ	-11.100967
▁ومشاركة	-11.101018
▁وذات	-11.101230
▁1986	-11.101268
▁التكنولوجي	-11.101343
▁مظاهر	-11.101496
▁للقوات	-11.101844
▁قيرغيزستان	-11.102186
▁هجمات	-11.102294
▁للح	-11.102324
▁إضافيا	-11.102646
▁طبية	-11.103020
▁والقرار	-11.103030
▁والتقارير	-11.103485
لزم	-11.103604
▁أمريكي	-11.103875
▁مباني	-11.103945
▁تقسيم	-11.104060
▁الشرعي	-11.104127
▁تبت	-11.104186
▁البرمجة	-11.104989
▁ارتفع	-11.105188
▁بمكتب	-11.105210
▁حمل	-11.105252
▁يقبل	-11.105551
▁نو	-11.105681
▁مق	-11.105864
موا	-11.105927
المتعلقة	-11.106215
▁أسوأ	-11.106724
▁الممنوحة	-11.107879
▁والترتيبات	-11.108191
خبر	-11.108203
▁يجر	-11.108533
▁تراجع	-11.108652
قانون	-11.109379
▁المقيم	-11.109493
▁تندرج	-11.109607
عامل	-11.109771
▁بالحد	-11.110145
▁جسيمة	-11.110217
▁المتوفرة	-11.110439
▁إبراز	-11.110924
▁بول	-11.110980
▁والوصول	-11.111053
▁جنسيا	-11.111074
▁الخمسين	-11.111152
▁Development	-11.111225
▁أرقام	-11.111269
▁45-	-11.111452
سيا	-11.111679
▁للمشاكل	-11.111727
▁الميزانيات	-11.111809
▁بورتوريكو	-11.111883
▁أشكاله	-11.111927
▁والقانونية	-11.111934
▁أبناء	-11.111974
▁المور	-11.112128
▁صعبة	-11.112132
▁تقيد	-11.112213
▁مناقشتها	-11.112247
▁الموجود	-11.112418
▁والالتزام	-11.112480
لق	-11.112567
ذهب	-11.112589
▁المادي	-11.112595
▁(1998)	-11.112659
▁بالسيد	-11.112730
▁سيقدم	-11.112761
▁٢٥	-11.112805
▁ارتباطا	-11.112885
▁pro	-11.113115
▁وبوجه	-11.113175
▁الجبل	-11.113327
▁الاعتقال	-11.113334
▁وص	-11.113338
▁انتصاف	-11.113410
▁تربط	-11.113432
▁باراغواي	-11.113527
▁النموذج	-11.113676
▁بالمعايير	-11.113717
▁والفريق	-11.113997
▁بالحالة	-11.114155
▁d	-11.114328
▁توريد	-11.114365
▁والوكالة	-11.114469
▁استعراضا	-11.114558
ئي	-11.114789
▁جوهرية	-11.114848
▁وأصبح	-11.115034
▁طيه	-11.115101
▁مشتركا	-11.115137
▁المكلفين	-11.115399
▁كليا	-11.115437
▁متسقة	-11.115464
▁المخزونات	-11.115916
▁2010-2011	-11.116712
▁تهريب	-11.116716
▁أب	-11.116792
▁أيا	-11.117043
حلقة	-11.117196
▁المقصود	-11.117635
▁مئات	-11.117856
▁لتدريب	-11.117872
▁تفتقر	-11.117911
قدر	-11.118063
قصد	-11.118176
تمسك	-11.118191
▁بني	-11.118259
▁بإصدار	-11.118322
بقي	-11.118450
-12	-11.118687
▁بوصفهم	-11.118734
▁صغير	-11.118826
▁تع	-11.118943
▁بالع	-11.118986
▁أحيل	-11.119079
▁شعور	-11.119143
▁الناجحة	-11.119607
كين	-11.119662
▁وفنلندا	-11.119699
▁1992،	-11.119802
▁بموجبها	-11.120015
▁اكتساب	-11.120026
دول	-11.120049
▁مقررا	-11.120612
نشئت	-11.120745
▁بقصد	-11.120844
لقي	-11.120955
▁تعلن	-11.120972
▁كوفي	-11.121258
▁بمنح	-11.121582
/2004/	-11.121617
▁الأبرياء	-11.121808
▁الاستحقاقات	-11.121887
▁يتعارض	-11.122190
▁والصراعات	-11.122218
▁جنساني	-11.122339
▁زه	-11.122417
▁سياساتها	-11.122440
▁ونوع	-11.122808
▁وبدون	-11.123008
▁التمييزية	-11.123304
ts	-11.123460
باس	-11.123527
▁يتضح	-11.123547
▁لنتائج	-11.123885
▁الموقعة	-11.123897
▁يبقى	-11.124096
▁محاولات	-11.124247
▁للقواعد	-11.124769
▁أظهرت	-11.124890
▁الام	-11.124963
▁ويبلغ	-11.124995
▁بالطفل	-11.125057
هو	-11.125083
▁بتدابير	-11.125106
▁تعليمية	-11.125336
▁الموضوعي	-11.125511
▁بانكوك	-11.125721
▁والمجموعات	-11.125779
حكم	-11.126230
▁أجنبية	-11.126267
وخ	-11.126604
▁ينشئ	-11.126812
وتو	-11.126870
▁ويوفر	-11.126939
▁كور	-11.126980
▁المنتجة	-11.127003
▁تحفظات	-11.127105
▁46-	-11.127280
▁أوامر	-11.127287
▁شديدا	-11.127290
▁مخيمات	-11.127427
▁دقيق	-11.127634
غار	-11.127664
▁الجو	-11.127703
صير	-11.127972
▁التآزر	-11.128173
▁بنتائج	-11.128319
▁التجمع	-11.128912
احة	-11.128963
▁لحظر	-11.129055
▁فهذا	-11.129354
رجع	-11.129781
▁تضمنت	-11.129874
▁صباح	-11.130017
▁تأييدها	-11.130511
ٍّ	-11.131083
▁دخلت	-11.131188
پ	-11.131222
▁التعرف	-11.131232
▁المزارعين	-11.131334
▁ضرب	-11.131411
4).	-11.131677
وزع	-11.131680
ضاف	-11.131834
▁أتشرف	-11.131845
▁بإعلان	-11.131882
▁يسبق	-11.132130
▁اختلاف	-11.132156
ناقش	-11.132210
▁الطرد	-11.132210
▁تشويه	-11.132512
▁الخروج	-11.132618
▁تجرى	-11.132627
▁بالموافقة	-11.133307
عالي	-11.133360
▁تشريعاتها	-11.133401
▁حاسما	-11.133430
انغ	-11.133450
▁موزامبيق	-11.133817
▁وأقر	-11.134130
▁توغو	-11.134140
▁تأييده	-11.134198
▁وليست	-11.134213
▁ومرفقها	-11.134233
▁والعلاج	-11.134293
▁الإمدادات	-11.134297
سلط	-11.134431
▁الإلزامي	-11.134557
▁رؤوس	-11.134632
▁رحب	-11.134830
▁فيجي	-11.135303
▁والحفاظ	-11.135428
▁كارثة	-11.135578
▁أع	-11.135615
▁جوهر	-11.135643
▁تأسيس	-11.135773
مول	-11.135839
▁اجل	-11.136779
نقل	-11.136940
▁يتراوح	-11.137088
▁الأفغاني	-11.137293
▁الحدودية	-11.137485
▁(9)	-11.137641
ig	-11.137713
فس	-11.137836
▁للقضايا	-11.137924
ائف	-11.138045
▁والاحتياجات	-11.138242
▁للتخفيف	-11.138489
▁طارق	-11.138492
▁للع	-11.138617
▁برا	-11.138629
▁47-	-11.138638
▁القسرية	-11.139299
▁سطح	-11.139428
▁لإجراءات	-11.139832
▁نظامها	-11.139939
▁يحل	-11.139972
ضي	-11.140369
▁بالإشارة	-11.140421
▁يحكم	-11.140524
▁بالنظام	-11.140627
▁ونطاق	-11.140707
▁والوقاية	-11.140718
ارا	-11.140722
▁كسب	-11.141115
▁يستحق	-11.141445
▁وأقل	-11.141584
▁استمرت	-11.141633
▁بنوع	-11.141838
▁رفيعة	-11.141953
▁الدقيق	-11.142005
▁قائما	-11.142222
تون	-11.142253
PV	-11.142394
▁للسلطات	-11.142456
▁والخبرات	-11.142457
▁وارتفاع	-11.142743
▁وتقاسم	-11.142772
▁سريعة	-11.143194
أرصاد	-11.143263
جين	-11.143306
▁وبروتوكول	-11.143339
▁التأكد	-11.143551
طريقة	-11.143573
▁دام	-11.143616
▁نجد	-11.143797
▁وأوضحت	-11.143898
عزى	-11.144016
▁للآراء	-11.144249
▁57/2	-11.144368
▁ومواد	-11.144594
▁شرعية	-11.144624
▁وطنيا	-11.144635
▁القابل	-11.144668
نظم	-11.144787
▁1991،	-11.144931
▁اعتراف	-11.145094
شن	-11.145235
▁تقني	-11.145919
▁الانكليزية	-11.146179
▁ساعدت	-11.146320
▁أريد	-11.146532
▁الصينية	-11.146913
▁يفرض	-11.146935
▁الاستعمال	-11.147038
▁الشوارع	-11.147184
وغ	-11.147461
▁السداد	-11.147762
بأغلبية	-11.147967
▁السنين	-11.148054
▁زيارات	-11.148203
▁آل	-11.148361
▁أتاح	-11.148368
▁المل	-11.148613
▁يقومون	-11.148876
▁القصير	-11.148930
▁وتع	-11.149071
▁واجتماعات	-11.149267
▁كميات	-11.149315
▁الدرجة	-11.149547
▁الكهرباء	-11.149686
▁للعراق	-11.149699
▁مليار	-11.149851
▁تؤخذ	-11.150039
▁55/1	-11.150146
▁نشأت	-11.150148
▁عاملة	-11.150690
▁والغرض	-11.150714
▁إرادة	-11.150947
▁درجات	-11.150960
ti	-11.151143
▁تولى	-11.151174
▁للكوارث	-11.151288
▁شكوى	-11.151736
▁إمدادات	-11.151818
▁لائحة	-11.151958
▁ووظيفة	-11.151969
▁مخزونات	-11.152205
ive	-11.152388
▁104	-11.152496
▁ويود	-11.152704
▁لاستمرار	-11.152717
▁للعمليات	-11.153058
▁+	-11.153273
▁Chief	-11.153297
▁للس	-11.153322
تلبية	-11.153586
▁المقدسة	-11.153608
▁والفرص	-11.153666
▁الجزر	-11.153778
▁بلدها	-11.153784
▁المتفجرات	-11.154196
طرد	-11.154685
وار	-11.154912
▁المانح	-11.154944
▁المعلقة	-11.154978
▁والعهد	-11.155068
▁ضم	-11.155070
▁وتشدد	-11.155343
▁الدبلوماسي	-11.155353
قائمة	-11.155398
▁قرب	-11.155410
▁الكتب	-11.155635
▁امتداد	-11.155675
▁أسفرت	-11.155822
▁يعتزم	-11.155975
▁٢٨	-11.156533
▁الشكر	-11.156644
▁ثلث	-11.156672
▁لمعايير	-11.156835
▁وسع	-11.156893
▁عادية	-11.156914
▁لإنتاج	-11.157187
▁والاستجابة	-11.157273
يتهم	-11.157567
▁والإعلان	-11.157578
▁ولي	-11.157930
▁107	-11.157961
ليس	-11.157974
وش	-11.158128
▁لتغير	-11.158207
▁دليلا	-11.158293
▁الصغر	-11.158397
▁أجرتها	-11.158401
▁الاشتباك	-11.158477
▁الطرائق	-11.158739
▁وسيراليون	-11.159195
io	-11.159282
▁فشل	-11.159414
▁يجد	-11.159704
▁بطرس	-11.159770
▁البائع	-11.159843
▁112	-11.159884
▁للاجتماعات	-11.160039
▁ايام	-11.160184
▁المؤسف	-11.160248
▁تعدد	-11.160279
▁مبين	-11.160316
▁ونقلها	-11.160333
▁ومعلومات	-11.160466
▁والأمين	-11.160691
▁للتمويل	-11.160791
صرف	-11.160833
▁اعتمادها	-11.160969
▁وتعيين	-11.161021
▁اتساق	-11.161156
طول	-11.161240
▁لرؤساء	-11.161264
ضرورة	-11.161910
جة	-11.162030
▁داود	-11.162210
▁منزل	-11.162251
▁والبروتوكول	-11.162364
▁الطوائف	-11.162820
منع	-11.162874
سند	-11.162903
▁بفترة	-11.163005
▁المشعة	-11.163098
▁تنوع	-11.163100
▁يطبق	-11.163500
مسائل	-11.163754
▁الإحالة	-11.163788
▁وكينيا	-11.163829
▁الحروب	-11.163934
▁تجاهل	-11.164033
7).	-11.164087
▁الأس	-11.164115
▁وشعب	-11.164208
▁بالس	-11.164397
▁دإ	-11.164504
▁الوجود	-11.164505
سان	-11.164666
▁الفرنسي	-11.164690
▁السفينة	-11.164743
▁يعزى	-11.164753
▁الهندي	-11.164858
▁وسري	-11.164858
اسي	-11.165119
▁الانفرادية	-11.165292
▁جي	-11.165574
▁الحميدة	-11.165578
قوة	-11.165936
▁إدراك	-11.166733
اشي	-11.166763
▁was	-11.166930
▁بأسرها	-11.166960
مشروع	-11.167310
▁للأراضي	-11.167603
▁خلص	-11.167982
▁تزداد	-11.168003
▁الصناعي	-11.168012
▁مئوية	-11.168368
▁والإشراف	-11.168368
▁واقت	-11.168472
ستن	-11.168735
لجنة	-11.168942
▁الإذن	-11.168953
▁هدفا	-11.168955
▁للمنتدى	-11.169175
▁أطلقت	-11.169557
▁للتنسيق	-11.170071
▁تيسر	-11.170093
▁أغراض	-11.170154
وكالة	-11.170655
▁والفئات	-11.170684
▁الطالبان	-11.170687
إزاء	-11.170821
▁الموص	-11.170926
▁وكفاءة	-11.170931
▁مزايا	-11.170938
لاء	-11.170964
▁الإنصاف	-11.171188
▁شرطا	-11.171342
عاقب	-11.171361
مير	-11.171380
.11	-11.171808
▁الريف	-11.171887
صوت	-11.171900
▁ويحدد	-11.172009
حوالي	-11.172112
سك	-11.172120
▁وبسبب	-11.172425
▁المرتزقة	-11.172455
▁سياسيا	-11.172512
▁بالمياه	-11.172532
مدت	-11.172811
حين	-11.172824
▁والإنمائية	-11.172874
عالج	-11.172897
▁تبدو	-11.172912
▁بالصيغة	-11.172997
▁النفسية	-11.173020
▁الشرقي	-11.173257
الدورة	-11.173534
▁مرجعية	-11.173560
▁بمبادئ	-11.173800
▁كول	-11.173857
الوسائل	-11.173944
▁تعين	-11.174116
تمتع	-11.174263
▁للشراكة	-11.174297
/2006/	-11.174381
▁والنظم	-11.174764
▁نهائية	-11.175118
▁الجمع	-11.175448
▁الترخيص	-11.175866
▁لأفراد	-11.176021
▁يستفيد	-11.176225
▁117	-11.176297
طال	-11.176316
▁حددتها	-11.176478
جس	-11.176696
▁المحادثات	-11.176765
▁منفصل	-11.176834
▁والمت	-11.176865
▁1981	-11.176902
8).	-11.176950
نية	-11.177188
▁تعتقد	-11.177192
▁أجنبي	-11.177196
▁والترجمة	-11.177732
▁مسبقة	-11.177743
ill	-11.177814
▁وتضم	-11.177845
▁فينبغي	-11.177986
j	-11.178168
▁وتوجيه	-11.178334
▁1267	-11.178702
كندا	-11.178727
▁عملت	-11.178730
▁مركزا	-11.178741
▁مواقف	-11.178804
▁(3	-11.179007
▁وآسيا	-11.179007
▁التوافق	-11.179117
▁أد	-11.179140
▁الصباح	-11.179647
غلق	-11.179729
ده	-11.179853
▁مسؤولي	-11.180063
▁عناية	-11.180086
جريت	-11.180326
طة	-11.180339
نشر	-11.180408
▁هونغ	-11.180512
▁للاستعراض	-11.180690
ies	-11.180707
▁ومرافق	-11.180781
حب	-11.180941
▁والمغرب	-11.180978
▁المنخفض	-11.181010
▁يطالب	-11.181069
صح	-11.181102
▁الكمية	-11.181226
▁والاستفادة	-11.181477
▁لتدابير	-11.181510
▁بلدنا	-11.181643
▁تقديرنا	-11.181666
ودي	-11.182140
▁مب	-11.182177
▁استراتيجي	-11.182178
▁واللاجئين	-11.182228
▁فعلية	-11.182252
▁1980	-11.182413
▁للمعوقين	-11.182744
ضمن	-11.182791
▁تف	-11.183039
▁نعرب	-11.183245
▁كيما	-11.183306
▁(10)	-11.183524
▁وغواتيمالا	-11.183578
شجع	-11.184089
▁والممثل	-11.184207
▁أوضحت	-11.184276
▁السائد	-11.184314
▁انتهت	-11.184366
▁وتتعلق	-11.184461
▁الدقيقة	-11.184507
لية	-11.184521
▁وشامل	-11.185050
▁الآباء	-11.185160
▁معالي	-11.185741
▁يع	-11.185820
▁للأسرة	-11.185842
▁المفعول	-11.185852
▁وبدأت	-11.185938
نق	-11.185948
ذل	-11.186001
▁وهنغاريا	-11.186060
▁تعبر	-11.186178
رنا	-11.186275
يتان	-11.186333
▁الخلفية	-11.186374
▁لتوسيع	-11.186377
▁الفوارق	-11.186418
مه	-11.186420
▁الحرمان	-11.186762
▁2004)	-11.186891
▁الإخطار	-11.187116
غن	-11.187675
شخص	-11.187742
▁إجماليه	-11.187777
▁مدرجة	-11.187987
▁106	-11.188086
▁اللوات	-11.188355
▁بالتحديد	-11.188423
أسرع	-11.188429
▁والفلبين	-11.188578
▁الأمثل	-11.189011
▁موت	-11.189082
▁استفادة	-11.189207
▁وألا	-11.189334
▁الالكترونية	-11.189672
▁خسارة	-11.189734
رتب	-11.189746
واء	-11.189934
▁ساموا	-11.190049
▁زعماء	-11.190328
▁مواتية	-11.190568
▁والإعلام	-11.190792
▁وماليزيا	-11.190916
▁مبنى	-11.190940
▁II	-11.190983
▁المعلنة	-11.191027
▁واستجابة	-11.191070
▁ندرك	-11.191116
▁فريقا	-11.191204
▁وبولندا	-11.191236
راب	-11.191321
▁ممثلون	-11.191349
▁طبيعية	-11.191399
▁تأجيل	-11.191836
▁والمؤسسية	-11.191917
▁صادرة	-11.192221
▁وتهدف	-11.192310
كان	-11.192326
▁ستقدم	-11.192458
▁أخ	-11.192492
▁والتكنولوجيات	-11.192528
▁يؤ	-11.193165
▁التعصب	-11.193451
▁تحالف	-11.193665
▁العادة	-11.194223
ويل	-11.194276
▁اشتراكاتها	-11.194335
▁إغلاق	-11.194372
مك	-11.194530
▁محد	-11.194644
اليابان	-11.194658
▁ويهدف	-11.194936
▁خصائص	-11.194971
▁بشؤون	-11.194979
▁البارزة	-11.194996
▁التوقيت	-11.195028
▁بسهولة	-11.195084
▁بإقامة	-11.195162
يض	-11.195163
▁انطباق	-11.195368
مواطن	-11.195807
▁للتوعية	-11.196000
um	-11.196003
▁أعده	-11.196033
▁الشيء	-11.196435
▁وأهمية	-11.196445
▁للهيئة	-11.196679
pa	-11.196702
▁المجالس	-11.196743
▁القانونيين	-11.196778
▁بقبول	-11.196808
▁ينشأ	-11.196904
▁الشيوخ	-11.197067
▁130	-11.197294
▁ذكره	-11.197607
ge	-11.197614
▁الكيان	-11.197622
▁ثبت	-11.197766
▁ويعرب	-11.198186
▁تصديق	-11.198266
الفترة	-11.198387
▁انطلاقا	-11.198401
▁وجدول	-11.198429
▁خير	-11.198461
▁تكييف	-11.198643
منطقة	-11.198690
زوج	-11.198743
▁المجموع	-11.198763
كب	-11.199005
▁States	-11.199195
▁شرع	-11.199346
▁فر	-11.199541
▁أرحب	-11.199805
ate	-11.199879
▁الفنيين	-11.199924
▁تمييزية	-11.199941
/2000/	-11.200175
▁سابعا	-11.200228
▁بتكنولوجيا	-11.200409
▁زواج	-11.200501
▁والنمسا	-11.201048
▁الفنلندية	-11.201099
▁الإعانات	-11.201128
▁للتقييم	-11.201166
▁نكون	-11.201224
▁الإيجار	-11.201421
▁48-	-11.201488
▁جد	-11.201505
▁بأكملها	-11.201548
▁قصر	-11.201716
▁إيجابيا	-11.201802
▁إطلاع	-11.202065
▁رقابة	-11.202070
▁والبرتغال	-11.202151
طيلة	-11.202202
▁بوصف	-11.202685
17)	-11.202691
▁وبالتعاون	-11.202868
طي	-11.202869
▁109	-11.202897
يدة	-11.202904
ستعمل	-11.203062
ضعف	-11.203523
▁لولايتها	-11.203644
▁الجوهرية	-11.203739
▁والتزام	-11.203790
▁قمع	-11.203942
▁الوظيفية	-11.204070
▁فورية	-11.204070
CRC	-11.204215
تواصل	-11.204247
فع	-11.204595
▁المساكن	-11.204671
▁الفضلى	-11.204827
▁111	-11.204912
▁بالتحقيق	-11.204928
▁الاعتداءات	-11.204997
▁أبعاد	-11.205273
▁مرسوم	-11.205274
▁مفاهيم	-11.205496
▁1990،	-11.205733
▁والخاصة	-11.205891
▁سام	-11.205893
▁مدغشقر	-11.205899
▁استعمالها	-11.206014
▁وقوات	-11.206202
▁الأساليب	-11.206253
2003	-11.206762
▁وتحدد	-11.206781
▁وتقييمها	-11.206912
▁رأينا	-11.207092
▁al	-11.207145
رث	-11.207211
▁الفهم	-11.207329
▁قرية	-11.207375
▁انقضاء	-11.207720
عطي	-11.207778
تقليل	-11.207788
▁الموجزة	-11.207931
عودة	-11.208035
يج	-11.208040
▁49-	-11.208071
da	-11.208568
▁بالتفصيل	-11.209222
▁الطعون	-11.209259
▁أسهمت	-11.209408
▁القرى	-11.209492
▁2005)	-11.209576
▁ترحيب	-11.209640
▁الطعام	-11.210035
▁الرياضية	-11.210445
خدم	-11.210549
حف	-11.210629
▁السل	-11.210663
▁بالي	-11.210793
جبر	-11.210799
▁التزامه	-11.210827
▁الجامعات	-11.211093
فريق	-11.211187
▁بالا	-11.211245
▁مخلفات	-11.211404
ملء	-11.211540
▁للوقاية	-11.211599
▁والنمو	-11.211716
▁لمبدأ	-11.211746
▁المعارضون	-11.211864
▁الموجودين	-11.211895
▁البديل	-11.212163
▁بشروط	-11.212197
CP	-11.212262
▁وسلوفينيا	-11.212581
عم	-11.212725
▁لتجديد	-11.212744
▁تعويضا	-11.212824
▁والمتابعة	-11.212846
أفرقة	-11.213001
▁مشاعر	-11.213197
▁والش	-11.213556
▁واجبات	-11.213611
▁للشركات	-11.213731
حضر	-11.213885
▁لبلد	-11.214105
?	-11.214268
▁اللا	-11.214364
▁اختتمت	-11.214529
قع	-11.214782
▁متاح	-11.214784
▁تتوقف	-11.214796
▁ومالي	-11.214878
اكا	-11.214996
▁وسل	-11.216007
▁ضخمة	-11.216097
▁الصعبة	-11.216102
مبادرة	-11.216373
Sect	-11.216493
COP	-11.216584
▁بديل	-11.216755
▁إكمال	-11.216938
▁والكفاءة	-11.216945
▁تدل	-11.217141
▁أدخلت	-11.217172
▁رحبت	-11.217333
▁الأن	-11.217351
▁الاستعاضة	-11.217546
▁أطول	-11.217978
دني	-11.218070
▁والإنسانية	-11.218129
▁250	-11.218176
▁1984	-11.218223
▁طلبه	-11.218270
▁بار	-11.218308
▁واختتم	-11.218613
▁الإسرائيليين	-11.218699
▁وإسرائيل	-11.219069
▁وتايلند	-11.219087
فات	-11.219398
توقف	-11.219599
▁وثانيا	-11.219885
رفع	-11.220008
▁اجراءات	-11.220031
▁البدني	-11.220031
▁واللجان	-11.220067
-3)	-11.220148
ترجمة	-11.220154
روي	-11.220174
▁تبذله	-11.220181
▁نعمل	-11.220330
▁التوطين	-11.220712
▁والتحقيق	-11.220765
▁وأفاد	-11.220921
▁والأقاليم	-11.221138
▁المعيار	-11.221155
▁50-	-11.221383
▁أبابا	-11.221512
عثور	-11.221702
▁تحقيقها	-11.222231
▁بمعاهدات	-11.222301
-4،	-11.222372
▁تمتثل	-11.222446
▁والأمنية	-11.222550
▁102	-11.222748
▁الشمالي	-11.222939
▁اللوائح	-11.222989
▁للمعهد	-11.223079
▁حصر	-11.223143
▁واسمحو	-11.223145
▁الهيكلي	-11.223182
▁والأنظمة	-11.223242
فيل	-11.223320
▁يزداد	-11.223378
▁المراهقين	-11.223379
▁وإزالة	-11.223516
▁اللبناني	-11.223671
ڠ	-11.223943
▁الممتنعون	-11.224185
▁سبتمبر	-11.224303
▁انخفضت	-11.224327
em	-11.224556
حص	-11.224787
▁مز	-11.224884
▁ووضعت	-11.225017
▁والثانية	-11.225049
▁تطالب	-11.225158
▁للا	-11.225529
▁استراليا	-11.225615
▁حرة	-11.225634
-11	-11.226030
▁توثيق	-11.226402
▁المنزلية	-11.226527
رئيس	-11.227168
▁الإحصائي	-11.227196
عقوبة	-11.227208
▁لان	-11.227403
▁تخل	-11.227465
▁إجرامية	-11.227485
PR	-11.227512
▁المتواصلة	-11.227797
▁تستعرض	-11.227847
ناصر	-11.228052
خلص	-11.228065
▁اقتناع	-11.228078
▁للأم	-11.228111
▁سرعة	-11.228879
▁بضعة	-11.228895
▁وامتناع	-11.229049
لإزالة	-11.229141
▁عقبة	-11.229414
tim	-11.229473
تماشى	-11.229587
com	-11.229855
آب	-11.230124
سار	-11.230190
▁صغار	-11.230490
▁يعلم	-11.230631
▁وتدعم	-11.230643
كما	-11.230691
▁لتأمين	-11.230764
زام	-11.231471
▁وقوة	-11.231503
▁123	-11.231532
▁بجمع	-11.231551
باء	-11.231628
▁ومسؤوليات	-11.231663
▁الرياضة	-11.231804
▁والدروس	-11.231846
▁تبرير	-11.231899
▁قليلا	-11.232079
لبحوث	-11.232138
▁خل	-11.232442
▁الفق	-11.232496
قتل	-11.232537
▁المستشفيات	-11.232576
▁ومنهاج	-11.233026
▁المتفجرة	-11.233120
▁برو	-11.233144
▁التطبيقات	-11.233268
▁وفرص	-11.233480
ابي	-11.233559
▁مديري	-11.233575
▁ودائم	-11.233822
▁عملنا	-11.233840
شف	-11.233895
▁لإنجاز	-11.234089
▁والمعاقبة	-11.234276
▁المعينين	-11.234298
▁an	-11.234447
روس	-11.234838
▁صارمة	-11.234921
▁CEDAW	-11.235005
▁والذخائر	-11.235177
▁118	-11.235198
آخ	-11.235436
المرأة	-11.235464
▁مارك	-11.235708
▁لقياس	-11.235995
▁انهم	-11.236246
▁والعمالة	-11.236442
▁[]	-11.236582
▁الترابط	-11.236938
▁والك	-11.237089
▁التحويلات	-11.237227
▁بعرض	-11.237465
▁ونفذت	-11.237634
▁والأمراض	-11.237779
▁طائرات	-11.238329
▁كأداة	-11.238461
▁116	-11.238531
▁حاء	-11.238801
▁أمله	-11.238984
▁الإسراع	-11.239017
▁ناجحة	-11.239061
▁الاستخدامات	-11.239126
▁ونظرت	-11.239197
▁Ma	-11.239211
▁ينتظر	-11.239252
▁الاختصاصات	-11.239254
▁تعر	-11.239445
▁المقبولة	-11.239518
▁أقاليم	-11.239532
▁لولاية	-11.239578
ho	-11.239591
طا	-11.239833
▁تعليلا	-11.239978
▁منسقة	-11.240000
▁2010.	-11.240063
المنتمين	-11.240145
▁وتوطيد	-11.240150
▁إحصائية	-11.240305
▁نصت	-11.240369
شبكة	-11.240738
▁الاعتراض	-11.241194
▁للتعويض	-11.241258
▁يساوره	-11.241334
▁ونص	-11.241465
▁التشغيلي	-11.241499
▁لتسهيل	-11.241807
▁تعلق	-11.242476
كتاب	-11.242480
▁التدبير	-11.242620
▁القاهرة	-11.242678
▁Pro	-11.243038
▁علوم	-11.243047
▁ووجود	-11.243122
ثر	-11.243378
حافظ	-11.243417
▁الحيوي	-11.243536
▁تعل	-11.243662
▁تجاري	-11.243788
▁والرقابة	-11.243791
خرج	-11.243989
▁أيد	-11.244031
▁World	-11.244062
▁وشاملة	-11.244090
فان	-11.244143
▁المكاسب	-11.244359
▁المستصوب	-11.244402
▁بولاية	-11.244481
▁المستمد	-11.244590
▁هجوم	-11.244765
▁مؤسسية	-11.244899
▁مرتبطة	-11.245111
▁أعدته	-11.245376
▁القوية	-11.245500
▁لوائح	-11.245533
▁والممثلين	-11.245612
▁مجمل	-11.245912
▁الأجيال	-11.246024
▁الاستعداد	-11.246030
▁قيل	-11.246113
▁أثبتت	-11.246280
▁تمثيلا	-11.246305
▁إدارات	-11.246428
▁حياته	-11.246590
▁2008)	-11.246867
ونها	-11.247024
▁احتمالات	-11.247192
▁1978	-11.247228
الخطوات	-11.247535
ذر	-11.247925
▁المدر	-11.248040
زعم	-11.248164
▁ومكان	-11.248175
▁أقصاه	-11.248426
▁مارينو	-11.248428
/21	-11.248442
▁مباشرا	-11.248506
/1999/	-11.248570
▁امتثالا	-11.248648
▁وخفض	-11.248730
▁والعلاقات	-11.248740
▁التوجه	-11.248892
فن	-11.248903
.18	-11.249235
▁البهاما	-11.249300
▁ومصالح	-11.249423
▁وغالبا	-11.249569
▁ورواندا	-11.249866
▁بالسلام	-11.250169
▁rights	-11.250253
توافق	-11.250509
▁تعنى	-11.250557
▁فهناك	-11.250675
▁تمول	-11.250708
▁الربط	-11.250744
▁ساهمت	-11.250882
▁والاجتماعات	-11.250903
▁عقبات	-11.250918
▁الألمانية	-11.251374
▁نشرت	-11.251493
شت	-11.251643
▁also	-11.252068
▁صفحات	-11.252246
▁المتبقي	-11.252409
فار	-11.252507
▁ميزانيات	-11.252690
▁بذلتها	-11.252723
▁محو	-11.252796
▁والنفقات	-11.252903
دع	-11.253132
▁وتقدير	-11.253396
▁ووجه	-11.253907
▁بإبلاغ	-11.254046
لوا	-11.254334
mo	-11.254467
▁بدائل	-11.254625
▁تعامل	-11.254780
html	-11.254862
مكن	-11.254894
▁والدفاع	-11.255096
ie	-11.255236
▁والجزائر	-11.255424
▁سريع	-11.255683
▁وتبلغ	-11.255908
▁الإقليميين	-11.255964
▁يبذل	-11.255974
يونيتا	-11.256305
▁الشر	-11.256356
▁2002)	-11.256383
كام	-11.256527
▁ارض	-11.257067
▁والتصديق	-11.257188
▁الغجر	-11.257224
ادات	-11.257228
▁نأمل	-11.257339
▁التضخم	-11.257356
▁للحكم	-11.257537
▁2011	-11.257558
قط	-11.257594
▁حلف	-11.257600
▁مسؤولين	-11.257758
▁التلاميذ	-11.258039
▁الواردات	-11.258086
▁ولئ	-11.258089
▁دم	-11.258129
▁المكلفة	-11.258178
لاح	-11.258378
▁ومنح	-11.258609
▁الخطوط	-11.258812
رفق	-11.258842
▁إدانة	-11.258879
▁يونيه	-11.258939
▁أعتقد	-11.258991
▁تحمي	-11.259391
▁لإصدار	-11.259712
▁وشددت	-11.259822
▁حصص	-11.259829
▁تدريبا	-11.259947
الحصول	-11.260173
نشط	-11.260443
▁المبعوث	-11.260650
▁لأحد	-11.260695
▁بالدعم	-11.260704
▁نلاحظ	-11.260967
▁بالأهداف	-11.261060
5).	-11.261095
▁لله	-11.261116
▁تدين	-11.261326
▁المنوطة	-11.261380
▁51-	-11.261528
▁والدور	-11.261545
▁تريد	-11.261596
زيارة	-11.261755
▁لقاء	-11.261769
▁والصناديق	-11.261956
▁مفادها	-11.262063
▁وحركة	-11.262121
▁وأجهزة	-11.262418
▁تبدي	-11.262586
▁كأساس	-11.262802
▁المحيطة	-11.262940
باط	-11.263005
▁وواصل	-11.263237
▁فقرة	-11.263284
2).	-11.263315
▁النسبية	-11.263444
▁وأعتقد	-11.263629
▁باستعمال	-11.263728
▁برحت	-11.263830
يري	-11.263890
وبة	-11.263909
▁يطرح	-11.264050
▁للمياه	-11.264060
▁بموضوع	-11.264120
▁الموق	-11.264196
عام	-11.264435
▁ويت	-11.264874
▁مطالب	-11.264942
وارد	-11.265467
▁ابي	-11.265517
جا	-11.265531
لحفاظ	-11.265809
▁الكلور	-11.265810
▁وحكومات	-11.265881
▁المساس	-11.265989
▁ندعو	-11.266187
▁بالاقتران	-11.266515
▁فعلي	-11.266527
▁دامت	-11.266564
▁المضمونة	-11.266576
▁تأمل	-11.266665
▁قضائي	-11.266973
▁قلم	-11.267131
▁التدمير	-11.267159
ونات	-11.267168
▁بالقيام	-11.267220
▁أجور	-11.267593
يوس	-11.267637
▁واليونان	-11.267700
▁والتزامات	-11.267789
▁تنشر	-11.267830
▁أوقات	-11.267885
▁النيابة	-11.268442
▁يسبب	-11.268462
▁وبلغت	-11.268565
▁الامتناع	-11.268568
▁وتحويل	-11.268653
▁نسب	-11.268822
▁لسن	-11.268992
▁القصيرة	-11.269039
▁الوجه	-11.269118
▁يرجع	-11.269158
▁والمؤتمر	-11.269669
▁أضرار	-11.269849
▁الخطية	-11.269907
▁يتعرضون	-11.270105
تطور	-11.270128
▁وإنني	-11.270156
▁زي	-11.270376
▁مشورة	-11.270432
▁صحيحة	-11.270483
▁محتملة	-11.270527
▁للأسر	-11.270636
▁انسحاب	-11.270796
▁پ	-11.270843
.25	-11.270886
▁والصراع	-11.271193
▁الث	-11.271497
▁عروض	-11.271731
▁للسلم	-11.271914
▁والآثار	-11.272163
▁والمتعددة	-11.272227
▁are	-11.272358
▁والآن	-11.272515
قصر	-11.272640
بني	-11.272667
▁الإشعاع	-11.272764
▁الحرجة	-11.272769
▁الخصائص	-11.273089
▁جهدا	-11.273160
▁العرق	-11.273213
▁تطبيقات	-11.273247
▁الكر	-11.273320
▁دقائق	-11.273347
افي	-11.273377
نى	-11.273443
▁ورأت	-11.273640
23)	-11.273799
▁58/1	-11.273799
ary	-11.273812
▁للمنطقة	-11.273870
▁للجماعة	-11.274160
▁بالفيروس	-11.274162
طالب	-11.274296
▁الآسيوي	-11.274521
▁موجزا	-11.274542
City	-11.274571
روب	-11.274858
ثن	-11.275177
▁وأمانة	-11.275216
▁كوبنهاغن	-11.275260
▁ريثم	-11.275395
9).	-11.275579
حسب	-11.275647
▁co	-11.275719
▁الاس	-11.276260
▁n	-11.276379
▁المديرية	-11.276420
▁يترك	-11.276463
▁New	-11.276580
▁الكهربائية	-11.276605
▁إيداع	-11.276701
▁بالاحتياجات	-11.276750
▁أك	-11.276987
▁والتسامح	-11.277000
▁وأحد	-11.277058
▁لصاحب	-11.277102
الات	-11.277106
▁والسلم	-11.277700
▁سلع	-11.277854
▁التواصل	-11.277971
▁بالقدر	-11.278062
▁إسهامات	-11.278179
6).	-11.278267
ICEF	-11.278441
▁نشوء	-11.278497
ندو	-11.278552
▁لأكثر	-11.278695
▁إيضاح	-11.279032
▁تصدق	-11.279072
▁ولتحقيق	-11.279107
فضل	-11.279330
▁وتشعر	-11.279633
▁يتبين	-11.279808
▁المنافع	-11.279932
▁الأب	-11.280022
▁الاجراءات	-11.280326
▁إيفاد	-11.280378
▁المساعي	-11.280634
▁اجتماعي	-11.280998
▁ترويج	-11.281051
وكا	-11.281101
▁والتعبير	-11.281107
▁استلام	-11.281234
▁كن	-11.281719
▁صلاحيات	-11.281876
▁والتثقيف	-11.282008
▁التناسلية	-11.282042
▁توقعات	-11.282078
مواجهة	-11.282107
▁السيارات	-11.282181
شركة	-11.282218
▁امتلاك	-11.282285
▁سلبا	-11.282511
▁وشاركت	-11.282515
▁وسبل	-11.282695
▁المتوخى	-11.282819
▁المتعاقد	-11.282836
خير	-11.282943
▁والهجرة	-11.283023
أقصى	-11.283042
▁إيصال	-11.283101
▁قراراته	-11.283161
▁140	-11.283186
▁المنبثقة	-11.283264
لإغاثة	-11.283411
▁ملحوظ	-11.283479
▁وبلجيكا	-11.283697
-10/	-11.283708
ريس	-11.283723
تسخير	-11.283814
▁الأجزاء	-11.284041
راس	-11.284112
▁شاغل	-11.284121
▁للتعامل	-11.284215
▁معروف	-11.284234
لند	-11.285022
بالانكليزية	-11.285223
▁مهامها	-11.285417
▁التعهد	-11.285418
▁الأحيائية	-11.285496
▁بأكثر	-11.285577
▁المطبقة	-11.285593
▁موجود	-11.285696
▁لخدمة	-11.285735
صافيه	-11.285772
ضا	-11.285935
/62/	-11.286056
▁القوائم	-11.286200
خذت	-11.286227
نهاية	-11.286964
▁التوقعات	-11.287032
▁إدراجها	-11.287050
▁ميل	-11.287198
▁بولايتها	-11.287375
▁والقوانين	-11.287773
▁ليصبح	-11.288015
▁وتهيب	-11.288016
▁الناخبين	-11.288418
▁مطار	-11.288623
▁إلحاق	-11.288751
ثة	-11.288788
▁تقوية	-11.288795
جيل	-11.288841
▁والمحلي	-11.288935
باب	-11.289022
فعل	-11.289225
▁نائبة	-11.289228
▁التزامنا	-11.289762
▁52-	-11.290006
▁الفرعيتين	-11.290276
▁Committee	-11.290339
▁122	-11.290828
▁الكلوري	-11.290894
▁للرعاية	-11.291086
▁والصناعة	-11.291244
▁نس	-11.291287
▁وأصبحت	-11.291488
▁واليونيسيف	-11.291529
▁للإصلاح	-11.291553
▁الحاكم	-11.291630
▁صفة	-11.291738
▁التفسير	-11.291792
▁مسبق	-11.292146
▁آنذاك	-11.292207
▁الميزنة	-11.292253
▁والبوسنة	-11.292336
▁لإدراج	-11.292376
▁يولي	-11.292520
▁ولبنان	-11.292724
▁الخرائط	-11.292816
▁قاضي	-11.292819
تتولى	-11.292823
▁مركزية	-11.293056
▁ازدادت	-11.293223
▁سيطرة	-11.293370
-13	-11.293450
▁بطاقات	-11.293755
▁عقدتها	-11.293827
▁والفعالية	-11.293830
▁وجهود	-11.294101
▁عب	-11.294141
▁النامي	-11.294320
▁114	-11.294654
أرصدة	-11.294676
▁محفل	-11.294736
▁الرؤية	-11.294966
▁وتغير	-11.295115
▁النواب	-11.295401
▁جارية	-11.295537
سكي	-11.295611
▁المعاش	-11.295745
روف	-11.295810
▁للفقر	-11.296241
عوا	-11.296304
▁الحرجية	-11.296707
res	-11.296759
▁ديون	-11.296797
▁الربع	-11.296864
▁تنتج	-11.296977
▁وعبر	-11.297016
▁يحتوي	-11.297063
▁مدفوعات	-11.297105
▁الهيكلية	-11.297204
نش	-11.297259
دير	-11.297276
▁الرامي	-11.297301
▁يوليه	-11.297401
▁والإنجابية	-11.297413
.17	-11.297591
▁للمساواة	-11.297619
▁أخطار	-11.297714
فهم	-11.297778
▁CRC	-11.297822
اقة	-11.297904
▁تحليلا	-11.297954
قوا	-11.298053
▁أبعد	-11.298075
▁أفاد	-11.298140
▁العكس	-11.298146
▁ختام	-11.298154
▁أعباء	-11.298157
▁تسري	-11.298400
▁والقوات	-11.298914
▁وفرض	-11.298969
▁وطبقا	-11.299131
▁خال	-11.299136
▁للاتجار	-11.299168
▁والتعمير	-11.299170
▁حادث	-11.299199
▁إشعار	-11.299248
▁أفكار	-11.299264
▁ملاوي	-11.299409
▁بص	-11.299499
▁اليد	-11.299509
▁نشعر	-11.299573
▁ترشيح	-11.299650
▁والعراق	-11.299686
▁1977	-11.299727
▁أدلت	-11.299773
▁الكونغولي	-11.299881
▁الفورية	-11.299960
IV	-11.300121
كال	-11.300134
▁السلبي	-11.300296
تناسب	-11.300315
▁المتنوعة	-11.300319
▁تعبير	-11.300347
▁بلدانهم	-11.300416
▁الكندية	-11.300514
▁زوج	-11.300762
▁خصيصا	-11.300899
يفة	-11.300942
▁153	-11.301107
▁ادعاء	-11.301248
▁بخلاف	-11.301327
▁الحيوانات	-11.301423
▁والدانمرك	-11.301434
▁وفورات	-11.301489
▁مبتكرة	-11.301521
▁الإسبانية	-11.301588
▁الاستدامة	-11.301648
▁See	-11.301770
▁المعروف	-11.301784
▁توصلت	-11.301799
اعة	-11.301877
خل	-11.301929
▁اعتبرت	-11.302093
يكو	-11.302110
▁مج	-11.302171
▁المنتظمة	-11.302378
▁سكانها	-11.302543
▁مجموعها	-11.302981
حدث	-11.303405
▁وأفريقيا	-11.303529
▁يصعب	-11.304019
▁الكبار	-11.304083
عن	-11.304254
▁وتشارك	-11.304326
▁والبالغ	-11.304373
▁عاجل	-11.304517
▁استثمارات	-11.304686
▁والإداري	-11.304853
▁محادثات	-11.304983
نص	-11.305002
▁كوثيقة	-11.305022
جميع	-11.305087
▁والاعتماد	-11.305222
اكي	-11.305243
▁بمعالجة	-11.305273
▁ميدانية	-11.305444
▁بكفاءة	-11.305572
▁يشترك	-11.305626
▁سلبي	-11.305655
▁بالأمر	-11.305827
▁تتبعها	-11.305883
▁منشور	-11.306022
▁العطاءات	-11.306045
▁صلات	-11.306233
▁الاستشاريين	-11.306559
▁مواعيد	-11.306622
ve	-11.306629
▁يقيم	-11.306662
فرنسا	-11.306769
▁مؤ	-11.306787
▁مثيل	-11.306922
▁شاهد	-11.306961
▁بالاتصال	-11.307007
▁مساحة	-11.307011
▁مرتكب	-11.307145
صدر	-11.307335
▁بالإيدز	-11.307446
▁تركمانستان	-11.307467
▁يتلقى	-11.307785
▁فريدة	-11.307801
▁تشترك	-11.307819
▁يسر	-11.308019
▁w	-11.308084
▁منهجي	-11.308125
ناها	-11.308289
▁اعتماده	-11.308536
▁قصوى	-11.308791
نسي	-11.308865
▁يفعل	-11.309240
▁بيئية	-11.309383
ca	-11.309531
▁والدولة	-11.309682
▁بلاغ	-11.309716
قار	-11.309718
دولارات	-11.310276
▁المبرم	-11.310327
ou	-11.310329
▁أقول	-11.310372
▁y	-11.310401
▁53-	-11.310884
▁أيسلندا	-11.310985
▁والتخفيف	-11.311136
▁الدوام	-11.311256
سين	-11.311276
▁المرهونة	-11.311430
▁الحساسة	-11.311434
▁تذك	-11.311456
▁لقطاع	-11.311655
▁طال	-11.311660
▁وسلوفاكيا	-11.312078
▁اتفاقا	-11.312088
ألمانيا	-11.312253
▁بولايته	-11.312253
▁التعمير	-11.312403
لاحظ	-11.312544
▁تقويض	-11.313060
▁بخدمات	-11.313131
بحث	-11.313188
▁اخت	-11.313237
▁المستقبلية	-11.313464
الجمهورية	-11.313755
▁مطلوب	-11.313869
▁المتوخاة	-11.314080
▁تستجيب	-11.314080
أكبر	-11.314095
▁محطة	-11.314168
▁La	-11.314325
▁ومت	-11.314378
▁الزخم	-11.314590
▁والملاريا	-11.314670
▁التخلي	-11.314678
▁الكونغولية	-11.314761
▁وبم	-11.314808
▁قوانينها	-11.314816
▁بعيدة	-11.314949
▁النداء	-11.315104
▁وجامعة	-11.315418
طبقة	-11.315511
▁الاحتيال	-11.315558
▁وأوغندا	-11.315784
▁لسياسات	-11.315858
▁تحتفظ	-11.315923
إضافة	-11.316051
▁المرة	-11.316091
▁للمدير	-11.316109
تقل	-11.316331
▁1997.	-11.316420
▁الوفاة	-11.316671
▁والتصويب	-11.316737
▁عنف	-11.316788
▁وتحيط	-11.316883
▁وقائية	-11.316948
▁تجميد	-11.317069
▁النائب	-11.317201
▁الرئاسي	-11.317248
لاستفادة	-11.317263
▁الانتعاش	-11.317367
▁مطلع	-11.317537
▁بنية	-11.317562
يكي	-11.317904
▁الفرقة	-11.317907
▁والشركات	-11.317925
▁والأحكام	-11.318046
▁والقدرات	-11.318228
CEDAW	-11.318236
واصل	-11.318473
▁عديم	-11.318591
▁الغالب	-11.318839
▁٢٦	-11.318902
▁بياني	-11.318913
▁نامية	-11.318981
▁عندئذ	-11.319106
▁منظم	-11.319401
▁للف	-11.319473
▁الرائدة	-11.319818
▁وقمع	-11.319851
▁يفهم	-11.320148
▁وحثت	-11.320169
▁والصكوك	-11.320304
▁بشرية	-11.320333
▁اتجاهات	-11.320347
▁ماري	-11.320616
ديس	-11.320700
وظيفة	-11.320728
مصر	-11.321255
ابة	-11.321400
▁إبطاء	-11.321775
كوم	-11.321948
بلايين	-11.322018
نح	-11.322074
▁الغرفة	-11.322173
▁St	-11.322237
▁يعين	-11.322247
سهم	-11.322453
خارطة	-11.322685
▁إخضاع	-11.322874
▁لوساكا	-11.323262
▁نقلها	-11.323289
▁بالشكر	-11.323562
▁الخطب	-11.323727
▁جدد	-11.323760
▁جنود	-11.323969
▁اللجن	-11.323999
الصين	-11.324120
ستعرض	-11.324151
The	-11.324237
▁ويتولى	-11.324278
▁بالذكرى	-11.324514
▁1979	-11.324840
تسوية	-11.325132
تلقى	-11.325250
▁لشغل	-11.325499
▁ورصدها	-11.326193
محاربة	-11.326298
▁رهن	-11.326313
▁بتشجيع	-11.326369
▁بالأمانة	-11.326374
قال	-11.326459
▁الامر	-11.326501
▁وختاما	-11.326546
اغ	-11.326601
▁معاملات	-11.326817
▁عملياتها	-11.327466
▁حدا	-11.327551
▁تكليف	-11.327818
لاك	-11.327884
▁والعاملين	-11.328052
▁b	-11.328143
▁والسنغال	-11.328308
▁الفاكس	-11.328323
▁مقبولية	-11.328737
▁واشنطن	-11.328775
▁والمشورة	-11.328938
تعلم	-11.328968
▁الدورتين	-11.329520
▁الكلام	-11.329832
▁لمحة	-11.330549
زويلا	-11.330809
ant	-11.330820
▁بالموظفين	-11.331032
▁وشؤون	-11.331340
▁توسع	-11.331531
حوا	-11.331757
▁للمشروع	-11.331912
▁المنتظم	-11.331923
فاعل	-11.332004
▁طويلا	-11.332018
▁خبرات	-11.332101
▁وتركز	-11.332123
▁الأفيون	-11.332262
▁هن	-11.332645
▁مجلة	-11.332918
اسم	-11.332995
▁54-	-11.333123
زعزعة	-11.333135
▁والتكاليف	-11.333143
▁توخي	-11.333279
/24	-11.333312
▁للسياسة	-11.333708
▁أحوال	-11.333769
▁المنزل	-11.333896
▁والاقتصاد	-11.333945
ستكمل	-11.334013
▁مائدة	-11.334043
▁115	-11.334196
▁لموارد	-11.334261
▁الخاضع	-11.334328
رصد	-11.334385
▁مشروعي	-11.334400
▁حقها	-11.334544
▁يعلن	-11.334544
حيط	-11.334549
▁بالمثل	-11.335072
▁النيجر	-11.335244
▁تلزم	-11.335437
▁أعضائه	-11.335498
▁محتمل	-11.335536
▁للن	-11.335748
▁التأخر	-11.335803
▁بالروسية	-11.335841
▁وأما	-11.336137
▁الض	-11.336419
▁منصوص	-11.336425
▁يسلم	-11.336536
▁والتنوع	-11.336567
▁وصناديقها	-11.336610
ريب	-11.336879
▁مرتين	-11.337454
فاء	-11.337490
▁فليس	-11.337667
بقية	-11.337687
▁2006)	-11.337988
▁موسى	-11.338072
▁نظمها	-11.338093
▁ديمقراطي	-11.338215
▁المحافل	-11.338254
▁والثالث	-11.338255
▁TD	-11.338258
▁وأرجو	-11.338377
▁ويؤدي	-11.338397
▁المعدية	-11.339005
▁وصربيا	-11.339560
▁بلدانها	-11.339582
▁زو	-11.339964
▁1974	-11.340089
خب	-11.340178
▁لتناول	-11.340392
دائرة	-11.340405
▁بقيمة	-11.340495
وى	-11.340496
باكستان	-11.340554
▁٠٠٠	-11.340672
▁عرضه	-11.340697
▁تمتد	-11.340800
▁1951	-11.340815
▁المتمردين	-11.340976
▁المفاهيم	-11.341017
▁والتكامل	-11.341017
صادق	-11.341189
▁مثالا	-11.341228
▁للأهداف	-11.341433
▁الآلاف	-11.341760
▁تتعارض	-11.341879
▁اليها	-11.341882
▁ٱلص	-11.341937
▁تبني	-11.342140
▁فعاليتها	-11.342175
▁الناجح	-11.342510
▁وبا	-11.342585
▁وكيفية	-11.342884
نظ	-11.343118
▁لتوجيه	-11.343142
▁والمسؤوليات	-11.343154
سع	-11.343262
-3،	-11.343287
▁مجانا	-11.343432
▁امر	-11.343557
▁وضعه	-11.343659
▁وعلينا	-11.343725
▁كورنثوس	-11.344009
▁لمركز	-11.344074
درا	-11.344147
▁الستون	-11.344279
▁ركزت	-11.344691
▁أدوار	-11.344967
▁وبلغاريا	-11.344996
▁زمن	-11.345012
▁غرض	-11.345257
▁طبقات	-11.345768
قلق	-11.345773
if	-11.346437
▁للنمو	-11.346463
▁كلتا	-11.346464
▁إصابة	-11.346475
▁إرهابي	-11.346534
▁الأربعين	-11.346568
▁نهائيا	-11.346579
1).	-11.346764
▁الأوقات	-11.346768
▁المطلقة	-11.346873
▁آر	-11.347040
▁والمراهقين	-11.347053
▁ديارهم	-11.347054
أداء	-11.347057
▁يمثلون	-11.347299
▁55-	-11.347309
▁الرأسمالية	-11.347357
▁بحد	-11.347384
▁والسلع	-11.347994
▁الدراسي	-11.348023
▁بالمنظمات	-11.348178
زية	-11.348466
oc	-11.348597
▁الكامنة	-11.348627
▁المسيحيين	-11.348693
▁دوراتها	-11.348788
▁تحاول	-11.348863
▁ثابت	-11.348998
المنتدى	-11.349203
▁لإطلاق	-11.349310
▁لسكان	-11.349347
▁الحوامل	-11.349493
▁يخدم	-11.349881
▁والمركز	-11.350371
AR	-11.350402
▁وردا	-11.350724
▁مصير	-11.350784
هيب	-11.351028
▁توفرها	-11.351233
▁لعرض	-11.351234
▁المش	-11.351411
▁فنحن	-11.351580
▁لوجود	-11.351604
▁واقتناعا	-11.352246
▁لميثاق	-11.352278
مواءمة	-11.352280
▁اخ	-11.352750
▁وبيانات	-11.353195
▁عد	-11.353228
▁وتو	-11.353278
▁اللتي	-11.353300
▁بالتزامات	-11.353346
▁بالهجرة	-11.353400
▁وظل	-11.353647
-30	-11.353805
فئة	-11.353819
▁الاحتجاج	-11.353881
حقوق	-11.353924
▁الداعمة	-11.353948
▁المعلمين	-11.354111
20)	-11.354221
▁التعاقد	-11.354367
▁بارتياح	-11.354392
يء	-11.354414
▁عليا	-11.355125
▁1973	-11.355501
▁للطلب	-11.355550
end	-11.355749
بدي	-11.355767
▁ومدير	-11.355855
▁فسي	-11.356027
▁القياس	-11.356075
▁121	-11.356139
▁بوقف	-11.356188
sh	-11.356267
▁يواجهون	-11.356413
▁بوتان	-11.356478
رها	-11.356514
▁للمكاتب	-11.356544
روع	-11.356722
▁أخطر	-11.356811
▁القائمين	-11.356844
▁صحيفة	-11.356844
▁بالح	-11.356854
▁ولأ	-11.356957
▁المدونة	-11.357136
▁بتعديل	-11.357155
▁ترينيداد	-11.357308
GC	-11.357471
▁غل	-11.357475
نها	-11.357646
▁بتطوير	-11.357679
▁وتفيد	-11.357776
كة	-11.357966
▁والصندوق	-11.358001
▁الإيكولوجي	-11.358163
▁وانخفاض	-11.358792
▁المفرط	-11.359014
▁موثوق	-11.359164
▁سمع	-11.359919
▁Edit	-11.359963
▁ساهم	-11.360249
متى	-11.360371
▁113	-11.360535
▁ثامنا	-11.360861
▁الاختلافات	-11.360902
وء	-11.360924
▁التو	-11.361607
▁للمحاكمة	-11.361614
▁عادي	-11.361631
▁يبت	-11.361840
▁عريضة	-11.361883
▁الجامع	-11.362272
▁ومعظم	-11.362317
▁للتفاوض	-11.362532
ددت	-11.362655
▁العادلة	-11.362723
▁بالذات	-11.362798
▁برمتها	-11.362824
▁التوجيهات	-11.362845
استراتيجية	-11.362960
▁كيميائية	-11.363028
الذي	-11.363067
▁والتضامن	-11.363262
ئت	-11.363303
▁واجتماعية	-11.363313
▁اليهود	-11.363502
▁وقيل	-11.363749
▁حديثة	-11.363946
▁واستخدامه	-11.364017
▁موجودات	-11.364165
▁ببرامج	-11.364335
▁المقاطعة	-11.364693
▁متر	-11.365396
▁وبربودا	-11.365505
▁مقدار	-11.365658
▁لغرب	-11.365707
جير	-11.365729
▁والبشرية	-11.365817
تشرين	-11.365911
سواتل	-11.365984
▁الزعماء	-11.365993
▁والممتلكات	-11.366198
▁حددها	-11.366476
▁لإدماج	-11.366486
▁خطرة	-11.366802
▁مي	-11.366899
▁15/13	-11.366905
مذكرة	-11.366973
/22	-11.367110
رجح	-11.367214
▁ووثائق	-11.367289
بشر	-11.367299
جملة	-11.367603
▁تتأثر	-11.367652
▁يبعث	-11.367825
▁وشجعت	-11.367917
▁وقتا	-11.368007
برز	-11.368222
▁بتأييد	-11.368236
▁125	-11.368310
▁بدءا	-11.368331
▁لقيام	-11.368436
فال	-11.368886
▁جزاءات	-11.368986
▁أثيرت	-11.369102
.19	-11.369194
▁وتعليم	-11.369285
▁Section	-11.369549
▁تايوان	-11.369869
▁يضاف	-11.369902
▁ذكرها	-11.369976
▁فلسطينية	-11.370027
كمل	-11.370270
▁أوثق	-11.370338
▁كلور	-11.370722
▁اجتماعيا	-11.370849
▁ضغط	-11.371000
▁سراح	-11.371015
▁والمكتب	-11.371039
▁إثارة	-11.371049
▁مفرطة	-11.371209
▁بالإمكان	-11.371284
▁حيوي	-11.371297
▁للعدالة	-11.371421
▁الاتهام	-11.371434
▁صادق	-11.371572
▁بعيدا	-11.371694
انات	-11.371945
▁وفيروس	-11.372020
▁الشيخوخة	-11.372375
▁1996.	-11.372427
▁قلب	-11.372435
▁آمن	-11.372513
تجاوز	-11.372705
▁العاجل	-11.372811
ازي	-11.373024
ضاعف	-11.373035
▁المكلف	-11.373320
▁أديس	-11.373536
▁طفلا	-11.373573
▁الغربي	-11.374084
▁وشروط	-11.374213
شين	-11.374268
▁المجالين	-11.374343
▁ورؤساء	-11.374371
▁مواطنيها	-11.374535
▁المنعقد	-11.374812
▁الرتب	-11.374846
▁موريتانيا	-11.374885
▁الكا	-11.375000
▁واحتياجات	-11.375013
يسر	-11.375014
▁شفافية	-11.375234
▁معظمها	-11.375234
▁المص	-11.375237
▁الصف	-11.375259
▁لمعاهدة	-11.375299
▁واجه	-11.375436
▁تنتهك	-11.375620
هرب	-11.375816
▁تجر	-11.376184
ابر	-11.376360
▁باحتياجات	-11.376433
▁2003)	-11.376442
▁عنان	-11.376468
▁المستعملة	-11.376564
إعطاء	-11.376671
▁والتوجيه	-11.376765
▁طنا	-11.376799
▁حكما	-11.376825
▁اسمه	-11.376969
▁التخصصات	-11.376969
▁المخ	-11.377028
▁الختامي	-11.377082
ميزانية	-11.377092
▁تفوق	-11.377099
▁للص	-11.377130
▁السودانية	-11.377245
جيم	-11.377330
▁ومراعاة	-11.377349
▁روتردام	-11.377371
قلة	-11.377516
▁**	-11.377636
▁سلبيا	-11.377812
▁والتجارية	-11.377859
▁الإنعاش	-11.378010
▁ملاءمة	-11.378674
عاش	-11.378707
▁أفريقية	-11.378711
▁سيؤدي	-11.378714
▁الحادث	-11.378988
▁الاستنتاج	-11.379012
▁g	-11.379102
سكن	-11.379195
▁الارتفاع	-11.379416
▁56-	-11.379820
▁المرضى	-11.380352
▁الترحيب	-11.380517
▁السواتل	-11.380591
▁النشط	-11.380598
▁يختار	-11.380681
▁بالاتفاق	-11.380745
▁أكسيد	-11.381092
▁المادتان	-11.381115
▁ومقررات	-11.381221
▁وإنه	-11.381266
ندي	-11.381369
▁منحة	-11.381431
▁وفرت	-11.381468
غوا	-11.381647
▁المحد	-11.381763
▁روابط	-11.381788
▁سار	-11.381831
ديم	-11.382048
▁Con	-11.382277
▁والمن	-11.382342
▁وأستراليا	-11.382450
▁شكلت	-11.382665
بحلول	-11.382744
▁السي	-11.382908
ec	-11.382971
▁نشرة	-11.383205
▁الحبس	-11.383335
▁اطار	-11.383541
تولى	-11.383634
▁تركيب	-11.383770
▁آثارها	-11.383883
son	-11.383914
▁Official	-11.383989
▁دقة	-11.384243
▁تعويضات	-11.384256
▁قابلية	-11.384310
▁يستلزم	-11.384318
▁احتلال	-11.384441
▁علامات	-11.384481
▁تكميلية	-11.384501
▁أكتوبر	-11.384802
▁المفقودين	-11.384909
▁بسياسات	-11.384943
▁وتحليلها	-11.385003
▁وممارسة	-11.385020
▁مضاعفة	-11.385102
▁يمس	-11.385274
▁للإعلان	-11.385362
آن	-11.385431
▁لوسيا	-11.385721
▁التعدين	-11.385842
▁حجر	-11.385889
▁للخطة	-11.385972
ستفيد	-11.386332
نيويورك	-11.386403
▁العائلة	-11.386533
▁لهن	-11.386746
▁مندوب	-11.386923
▁فردية	-11.387228
▁قراءة	-11.387446
▁وأدت	-11.387472
▁والسيطرة	-11.387495
▁أتاحت	-11.387692
▁النقدي	-11.387692
▁موظفيها	-11.387753
▁الحية	-11.387762
▁لوزراء	-11.387791
ct	-11.387946
دخ	-11.388113
▁إنسان	-11.388116
▁المعرضة	-11.388327
▁الكل	-11.388455
▁وأحاطت	-11.388685
▁بالدورة	-11.388691
▁Room	-11.388752
▁البو	-11.388909
▁بنهج	-11.389106
▁الإرشاد	-11.389395
▁لويس	-11.389423
▁الإسلام	-11.389475
▁للتوصيات	-11.389647
▁الخليج	-11.389653
إرجاء	-11.390018
▁العائلية	-11.390162
▁الزوجين	-11.390276
وحدة	-11.390388
▁تميز	-11.390473
فرد	-11.390641
▁المنسقين	-11.390723
شارك	-11.391156
▁138	-11.391268
▁الحوافز	-11.391312
▁Commission	-11.391336
▁المؤكد	-11.391640
▁المنطبقة	-11.392211
▁الشيخ	-11.392515
▁الإصابات	-11.392564
▁ترفض	-11.393022
ميل	-11.393039
▁المنف	-11.393163
▁برلمان	-11.393398
كسب	-11.393453
sc	-11.393505
▁بحضور	-11.393521
▁التغير	-11.393523
▁وانتشار	-11.393540
▁وقبرص	-11.394049
▁الغير	-11.394067
▁واتخذت	-11.394169
▁Y	-11.394263
▁أبدت	-11.394667
▁صف	-11.394672
▁ومر	-11.394952
يتنا	-11.394987
هل	-11.395232
▁غابون	-11.395240
▁والمستوطنات	-11.395248
▁119	-11.395262
▁عال	-11.395342
▁معروفة	-11.395350
▁الرغبة	-11.395447
▁وليتوانيا	-11.395746
▁بعضا	-11.395936
نات	-11.395992
▁المزدوج	-11.396043
▁وقدره	-11.396623
▁يجتمع	-11.396629
حذف	-11.396635
▁لتوصيات	-11.396751
▁الاولاد	-11.396994
▁٣٠	-11.397557
ard	-11.397779
▁se	-11.397803
▁قادر	-11.397950
▁يتمتعون	-11.398036
▁1975	-11.398042
▁ستقوم	-11.398400
▁المدخلات	-11.398773
▁بقضية	-11.398828
▁ويؤيد	-11.398936
▁'6'	-11.398963
▁الإعمار	-11.398969
مث	-11.399056
▁عمال	-11.399242
▁استيفاء	-11.399563
▁وجهها	-11.399595
▁مستمرا	-11.399678
▁بالقرب	-11.399827
▁الثلاثين	-11.399858
▁وطالب	-11.399982
▁(12)	-11.400080
ترا	-11.400117
gr	-11.400136
▁مستقرة	-11.400136
▁وتت	-11.400322
ريف	-11.400487
رضت	-11.400725
▁برح	-11.400759
ap	-11.400974
▁الاعسار	-11.401212
▁يحتاجون	-11.401399
▁متوسطة	-11.401571
▁التدهور	-11.401612
▁المشترية	-11.401670
▁Reporting	-11.401688
تعاون	-11.401905
▁وتصميم	-11.402004
/23	-11.402137
غام	-11.402314
▁المناسبات	-11.402711
▁Geneva	-11.402763
▁عمان	-11.402852
III	-11.402924
▁والأربعون	-11.403144
ag	-11.403161
▁تقيم	-11.403409
باك	-11.403527
▁الخالية	-11.403536
▁سجلت	-11.403637
▁والحياة	-11.403823
▁إلكترونية	-11.403911
حصل	-11.404017
▁56/1	-11.404046
مها	-11.404206
▁والحالة	-11.404263
est	-11.404328
▁كا	-11.404335
▁لمزيد	-11.404404
▁للتأكد	-11.404555
▁العمرية	-11.404859
▁تخدم	-11.405058
▁صيانة	-11.405067
▁124	-11.405137
▁ومقرر	-11.405306
▁وافية	-11.405441
▁جرد	-11.405534
▁تلقائيا	-11.405586
▁والسياسي	-11.405686
▁التعيينات	-11.405710
تستند	-11.405749
▁الموضوعة	-11.405804
▁human	-11.405976
▁للتقارير	-11.405977
▁مؤرخ	-11.405987
▁والخبرة	-11.406054
وكي	-11.406055
PC	-11.406075
▁مص	-11.406320
2006	-11.406360
صور	-11.406375
حفز	-11.406474
ينطبق	-11.406500
▁ومصادر	-11.406656
ke	-11.406696
▁مون	-11.406700
▁وبنغلاديش	-11.406706
▁مذك	-11.406726
سات	-11.407121
▁والتنظيم	-11.407339
▁والقيود	-11.407344
▁الحربية	-11.407370
▁مذكرات	-11.407415
▁التمهيدية	-11.407529
▁البالغين	-11.407833
زر	-11.407860
▁المخيمات	-11.408064
▁للتثقيف	-11.408109
▁الميلاد	-11.408233
▁الحديدية	-11.408236
▁تلتمس	-11.408311
▁مرتفعة	-11.408333
▁بشرط	-11.408352
▁الحرص	-11.408535
▁مكاسب	-11.408640
▁بابوا	-11.408829
▁مقداره	-11.408960
▁المستهدف	-11.409000
▁الإمداد	-11.409027
▁وتنفذ	-11.409070
▁وسأ	-11.409164
ثبات	-11.409317
حشد	-11.409333
go	-11.409426
▁Al	-11.409569
▁وغيرهما	-11.409646
▁ٱس	-11.409689
▁تناقش	-11.409697
▁الصافية	-11.409785
هت	-11.409858
▁استيعاب	-11.409936
ty	-11.409957
الموئل	-11.410570
▁حينها	-11.410593
▁العبور	-11.410725
▁المستندات	-11.410874
▁المعدلات	-11.410878
▁إعلام	-11.410896
▁يفترض	-11.411274
▁أبرمت	-11.411399
▁تحقيقه	-11.411479
▁بليز	-11.411539
▁إحاطته	-11.411627
▁التصنيع	-11.411885
▁الحصص	-11.412086
▁للخدمة	-11.412134
خصص	-11.412187
▁الإن	-11.412304
فاد	-11.412309
▁يحتفظ	-11.412389
▁الفيديو	-11.412536
▁عبور	-11.412747
▁لقضايا	-11.413071
لاجئ	-11.413489
راجع	-11.413675
▁يتصرف	-11.413810
▁المتأثرين	-11.413818
▁بح	-11.413883
أمين	-11.414013
▁والمراقبة	-11.414083
▁1244	-11.414197
▁النية	-11.414398
▁للتصويب	-11.414490
▁أرباب	-11.414493
▁سرور	-11.414628
▁الأفارقة	-11.414816
ine	-11.414853
يهما	-11.415259
عضوية	-11.415298
▁57-	-11.415565
▁تحديدها	-11.415714
▁استطلاع	-11.415873
▁التحكم	-11.416146
ell	-11.416186
▁جاءت	-11.416309
▁=	-11.416370
▁عنوانه	-11.416656
▁عصر	-11.416849
▁وجب	-11.416976
▁التحضيري	-11.417044
ستور	-11.417577
▁باتفاق	-11.417696
مساهمة	-11.417718
حاول	-11.417742
▁وأنشطتها	-11.417773
▁لإنفاذ	-11.417782
▁بعضهم	-11.418113
▁وبن	-11.418554
▁وكوستاريكا	-11.418565
gov	-11.418784
▁ومعهد	-11.418978
▁الاعتقاد	-11.419085
▁t	-11.419181
▁المتلقية	-11.419407
موئل	-11.419524
▁الموج	-11.419577
رسال	-11.419673
▁يختلف	-11.419719
▁والفعال	-11.419777
الشؤون	-11.419868
▁الأوساط	-11.419909
▁التنافس	-11.419950
▁بروميد	-11.419974
▁أظهر	-11.419979
▁ليكون	-11.420177
لتين	-11.420272
▁الجيد	-11.420347
▁بشأنه	-11.420601
٠٠	-11.420623
لتمس	-11.420710
▁الحطام	-11.420714
der	-11.421098
▁وتعزز	-11.421434
▁(4	-11.421531
▁أعدها	-11.421567
▁وحالة	-11.421637
راعي	-11.421673
▁National	-11.421688
▁امتناع	-11.421688
▁ضعفا	-11.421941
▁المنع	-11.422018
▁القر	-11.422054
وقف	-11.422934
مدينة	-11.422939
▁لجدول	-11.422959
▁مخصصات	-11.423210
▁نصها	-11.423233
يدي	-11.423256
▁إقليمها	-11.423258
▁التقلي	-11.423331
سافر	-11.423631
▁والسلطة	-11.423790
IS	-11.423879
▁UN	-11.424186
▁وإعمال	-11.424263
▁وإقرار	-11.424588
▁المضافة	-11.424649
مرة	-11.424693
▁الشهادات	-11.424827
▁du	-11.424941
▁تشي	-11.424953
▁السبعة	-11.425206
▁وتتطلب	-11.425250
▁للمناطق	-11.425293
▁الوقف	-11.425303
▁الغلاف	-11.425309
▁وبفضل	-11.425317
▁بكاملها	-11.425447
▁الانفرادي	-11.425665
▁الصحفية	-11.425801
جاه	-11.425886
▁المنحدر	-11.425968
ضعت	-11.426227
▁تلا	-11.426311
المكسيك	-11.426377
▁والمشاكل	-11.426443
min	-11.426560
▁مدن	-11.426638
▁مستكملة	-11.426641
▁(11)	-11.426762
▁ينتج	-11.426830
▁ونحث	-11.427073
▁للأزمة	-11.427094
▁الإعادة	-11.427137
دعي	-11.427691
▁معترف	-11.427711
▁واقترحت	-11.428082
شيلي	-11.428123
▁قاع	-11.428152
▁ملحة	-11.428299
▁بور	-11.428322
بقاء	-11.428429
▁المحدود	-11.428482
مح	-11.428537
▁ونظر	-11.428616
▁تفصيلا	-11.428643
▁يسهل	-11.428745
▁الآخرون	-11.428801
تفهم	-11.428834
▁وقضايا	-11.429273
▁التشرد	-11.429289
▁لتعيين	-11.429633
▁دولتين	-11.429724
-4)	-11.429796
▁يلتمس	-11.429836
▁بالعهد	-11.429988
▁قطرية	-11.430092
ائنا	-11.430099
▁معارف	-11.430151
▁والأولويات	-11.430181
=	-11.430345
▁تفصيلية	-11.430398
▁مقاعد	-11.430593
▁182	-11.430607
الفقرات	-11.430639
▁أدرج	-11.430758
▁المنطقي	-11.430994
▁للخطب	-11.431136
▁اليونيب	-11.431266
▁وتمت	-11.431308
مصدر	-11.431392
▁والاتفاق	-11.431756
▁وموظف	-11.431978
▁يمكنك	-11.432053
▁بالطبع	-11.432450
▁وصنع	-11.432634
▁60-	-11.432727
▁والدينية	-11.432819
▁242	-11.432861
▁والعالمي	-11.432947
إضفاء	-11.433002
رتكب	-11.433054
▁العائدين	-11.433246
▁للمعاشات	-11.433578
▁يف	-11.433865
▁باست	-11.433924
▁مدرج	-11.433978
▁هيئته	-11.434062
▁للصراعات	-11.434103
▁فعلت	-11.434111
▁يتعذر	-11.434405
▁والخ	-11.434642
▁مكونات	-11.434677
دها	-11.434778
▁سب	-11.434807
▁بصحة	-11.434833
▁خارجة	-11.434869
▁Verba	-11.435251
ؤرخ	-11.435292
▁طوعي	-11.435352
سبب	-11.435484
▁room	-11.435574
▁بالالتزام	-11.435606
▁قيمته	-11.435861
الغرفة	-11.435961
▁واستمر	-11.436447
ثان	-11.436472
كوبا	-11.436707
▁شكاوى	-11.436778
▁وبوروندي	-11.436856
▁لمجتمع	-11.436939
▁جن	-11.437070
6/	-11.437214
▁عرضها	-11.437545
▁الحي	-11.437581
▁المشارك	-11.437604
▁58-	-11.437805
▁وتعديل	-11.437845
ومي	-11.437901
▁آخذ	-11.438351
▁54/1	-11.438478
COM	-11.438530
▁انتم	-11.438757
▁برفع	-11.438874
المواد	-11.438910
▁وأوجه	-11.439029
▁وصون	-11.439112
▁الوصاية	-11.439282
▁غوام	-11.439410
▁فاعلة	-11.439503
لز	-11.439506
▁بكفالة	-11.439554
▁كلمته	-11.439563
▁وانت	-11.439723
▁سلم	-11.439935
▁وتعتقد	-11.440182
▁المتبع	-11.440236
▁ورفاه	-11.440269
▁دل	-11.440392
▁رمز	-11.440412
▁المعروفة	-11.440413
▁أمد	-11.440514
▁Original	-11.440580
▁القاعة	-11.440686
▁منافع	-11.440785
▁1983	-11.440867
سج	-11.440967
▁المحتملين	-11.441003
▁لهؤلاء	-11.441171
▁المستخلصة	-11.441252
▁حقهم	-11.441476
▁وتعرض	-11.441521
▁الفكرة	-11.441596
▁الشعور	-11.441620
▁ونؤكد	-11.441674
زت	-11.441829
▁المعاناة	-11.441952
▁الخطورة	-11.441968
▁59-	-11.442209
تزايد	-11.442442
اسة	-11.442654
▁ووحدات	-11.442656
حرص	-11.442723
▁ولاتفيا	-11.442992
▁تتكون	-11.443380
لبدء	-11.443609
▁قل	-11.443640
▁هامش	-11.443810
▁للممثل	-11.443837
▁الطلاق	-11.443856
الس	-11.444013
▁حقيقيا	-11.444125
▁السري	-11.444254
▁كف	-11.444399
▁ارتفعت	-11.444401
▁السماء	-11.444481
▁نعرف	-11.444507
▁أحدهما	-11.444619
▁مزارع	-11.444878
▁Plaza	-11.444942
وصى	-11.445086
▁خان	-11.445582
▁الثورية	-11.445765
غر	-11.445983
▁بغداد	-11.446024
.3)	-11.446091
▁معيشة	-11.446091
▁والامتثال	-11.446285
▁مقاصد	-11.446286
روما	-11.446363
▁النسخ	-11.446495
▁الشخصيات	-11.446542
▁مدني	-11.446611
▁لمشاكل	-11.447057
▁الأحيائي	-11.447074
UNEP	-11.447089
وين	-11.447258
▁واتفاق	-11.447385
▁الحاسوب	-11.447482
▁والمحافظة	-11.447496
gu	-11.447526
▁دارت	-11.447603
▁المقارنة	-11.447623
▁ENGLISH	-11.447838
ot	-11.448093
▁مخالفة	-11.448354
عز	-11.448627
▁وأسرهم	-11.448706
▁لبحث	-11.448734
ضطلع	-11.448863
▁تسفر	-11.448966
▁الكفاح	-11.449110
▁1999)	-11.449247
▁الشريكة	-11.449284
-23	-11.449333
▁اللون	-11.449600
حذر	-11.449703
نون	-11.449763
▁منقح	-11.449801
▁عي	-11.449995
▁المتحدث	-11.450118
سخ	-11.450144
▁وو	-11.450197
▁تمكنت	-11.450257
▁تخزين	-11.450333
▁للمخاطر	-11.450384
▁اعتبارات	-11.450502
▁والشراكة	-11.450819
▁وتساءلت	-11.450899
▁يتمشى	-11.451158
▁العزم	-11.451209
▁بالج	-11.451460
▁مكثفة	-11.451489
▁مغادرة	-11.451595
تهما	-11.451618
▁المنصب	-11.451759
▁الداعي	-11.451876
▁مؤداه	-11.452039
تقوية	-11.452236
▁اش	-11.452604
فظ	-11.452671
▁بالولايات	-11.452682
سفر	-11.452820
تأخر	-11.452922
▁اشتراط	-11.452945
▁اشت	-11.453115
▁تدرس	-11.453203
▁وتحديث	-11.453215
▁واقتصادية	-11.453259
▁مرشح	-11.453284
▁وتكديس	-11.453379
حكومة	-11.453485
▁والمنطقة	-11.453507
▁ناقش	-11.453522
▁ورعاية	-11.453544
▁تستخدمها	-11.453700
▁ملائما	-11.453776
▁سلمي	-11.454035
▁قلقة	-11.454231
▁يتخذها	-11.454309
▁تح	-11.454416
▁اعمال	-11.454524
▁وجرائم	-11.454795
الجماهيرية	-11.454909
▁المج	-11.454931
▁يجمع	-11.455132
▁الجداول	-11.455431
مغلقة	-11.455557
▁والابتكار	-11.455752
▁إدارتها	-11.455790
▁آفاق	-11.456168
▁ويقترح	-11.456443
▁ومستوى	-11.456472
▁الإزالة	-11.456595
▁سببا	-11.456963
▁والمعنون	-11.457128
▁وحد	-11.457203
▁ترفع	-11.457426
اليونسكو	-11.457477
▁اكتشاف	-11.457497
عبد	-11.457505
عالم	-11.457701
▁للأسف	-11.457702
▁العنقودية	-11.457793
▁للاتفاق	-11.457892
اعي	-11.457912
ثار	-11.457997
▁كيلومترا	-11.458134
▁والر	-11.458205
▁أندورا	-11.458237
.14	-11.458442
حث	-11.458944
▁1971	-11.459152
▁سورية	-11.459157
▁وجودها	-11.459342
▁الشمسية	-11.459458
عجز	-11.459489
ish	-11.459599
▁الإي	-11.459639
▁والان	-11.459722
▁محلي	-11.459818
▁امتيازات	-11.460276
زين	-11.460366
▁مجمع	-11.460399
▁والإصلاح	-11.460563
اعية	-11.460835
▁درس	-11.460859
▁62/2	-11.460939
▁180	-11.461189
▁الأعراق	-11.461420
▁وبي	-11.461603
▁يكمن	-11.461711
▁والمسؤولية	-11.461720
▁المستحق	-11.462249
▁مبكرة	-11.462385
رئ	-11.462465
▁جوية	-11.462695
▁بمراقبة	-11.462808
▁ضماني	-11.462934
▁جلستيها	-11.462938
▁نحث	-11.463150
▁مختصة	-11.463549
إذا	-11.463651
▁تسترشد	-11.463896
▁واف	-11.463932
▁وإدماج	-11.463950
▁تقود	-11.464033
▁ودفع	-11.464585
▁اعترف	-11.464677
شد	-11.464735
يدا	-11.464869
▁لنجاح	-11.464971
ial	-11.465045
▁فيهما	-11.465099
▁طوعية	-11.465235
▁1990.	-11.465521
▁وأدوات	-11.465548
▁شو	-11.465558
SBI	-11.465574
ex	-11.465768
▁128	-11.465776
▁الداخل	-11.465786
▁وتسهيل	-11.465790
▁الائتمانات	-11.465818
IN	-11.465905
▁خطية	-11.465977
▁المصطلحات	-11.466088
▁لفت	-11.466143
▁وتطبيقها	-11.466165
▁جماعي	-11.466318
▁ومكاتب	-11.466341
▁للمركز	-11.466345
▁بذلها	-11.466400
▁وتسعى	-11.466407
▁التطوعي	-11.466573
▁المتخذ	-11.466629
▁تجريم	-11.466781
▁التدخلات	-11.466813
ورقة	-11.466868
تحرك	-11.467045
▁بدا	-11.467106
▁الحصر	-11.467122
▁وصيانة	-11.467237
▁الفترات	-11.467323
▁حامل	-11.467514
تحفظ	-11.467517
▁بقيام	-11.467608
فضي	-11.468385
▁غيانا	-11.468461
▁61/1	-11.468653
▁الأسابيع	-11.468855
EC	-11.468938
تح	-11.468968
▁دفعت	-11.469107
▁(1991)	-11.469109
▁الصومالية	-11.469234
hi	-11.469420
▁الأوراق	-11.469548
▁للأرض	-11.469552
▁معروض	-11.469553
▁بالقوة	-11.469745
▁تو	-11.470015
▁واتفقت	-11.470037
▁احتياجاتها	-11.470253
▁استبيان	-11.470457
▁للمشردين	-11.470469
▁بالن	-11.470538
▁الأدوار	-11.470820
ens	-11.470871
▁البندين	-11.471123
حتمل	-11.471333
▁للشخص	-11.471465
تعرض	-11.472511
▁وحيد	-11.472569
▁التأديبية	-11.472626
▁وأطفال	-11.473216
▁محطات	-11.473469
▁لاجتماع	-11.473532
▁2010،	-11.473557
▁والمهارات	-11.473584
بيان	-11.473700
.9/6	-11.473722
إندونيسيا	-11.473727
▁الخوف	-11.473764
▁ونو	-11.473789
▁يتبع	-11.473880
است	-11.473902
▁تنف	-11.473957
▁الاختبار	-11.473964
▁الجناة	-11.473979
▁160	-11.474005
اعتمد	-11.474118
▁وتعميم	-11.474288
▁واردة	-11.474298
▁ولكننا	-11.474447
▁جعلت	-11.474517
▁ومختلف	-11.474517
▁طبيعي	-11.474566
▁المؤلف	-11.474588
▁والمع	-11.474959
▁يلحق	-11.475060
▁اقتصادات	-11.475288
▁للولاية	-11.475800
تمويل	-11.475866
▁مدخلات	-11.475945
▁احتياطي	-11.476189
▁والجوع	-11.476260
▁والصرف	-11.476273
▁والكتابة	-11.476353
▁تلبي	-11.476365
▁وبهذا	-11.476447
▁ويعتقد	-11.476641
▁آيرلندا	-11.476777
ian	-11.476779
▁تحصيل	-11.477041
▁يكرر	-11.477073
▁حاول	-11.477181
باد	-11.477316
زواج	-11.477582
سوق	-11.477765
▁تذكير	-11.477981
▁بأكمله	-11.478069
/60/6	-11.478212
ادية	-11.478403
▁مضي	-11.478519
دس	-11.478740
▁اورشليم	-11.478778
▁تبرز	-11.478832
▁والفساد	-11.479072
▁ذهب	-11.479185
▁نافذا	-11.479205
▁وقدرات	-11.479615
▁اعتمادا	-11.479616
▁المتغيرة	-11.479630
▁ومنسق	-11.479889
▁ضيق	-11.480588
ونه	-11.480657
om	-11.480670
▁2015	-11.480698
نموذج	-11.481284
تاريخ	-11.481632
▁بتوسيع	-11.481960
▁للشيخوخة	-11.482121
▁الفكر	-11.482569
▁للعاملين	-11.482632
▁المدرسي	-11.482689
ولد	-11.482903
▁المزايا	-11.483034
▁علمية	-11.483326
▁بأسلوب	-11.483388
ولو	-11.483409
▁بتيسير	-11.483652
▁المسموح	-11.483675
▁رتبة	-11.483872
▁والثلاثون	-11.484356
▁يشتمل	-11.484582
▁ييسر	-11.484674
▁مرونة	-11.484740
▁إعلانات	-11.484746
التعاون	-11.484807
TD	-11.484850
▁وتدهور	-11.484856
▁زار	-11.485054
بعث	-11.485073
▁بالخدمات	-11.485081
▁ومعاقبة	-11.485127
▁يتسبب	-11.485359
▁يبرر	-11.485811
ثقافة	-11.485913
▁تغي	-11.486016
/30	-11.486101
▁الفروق	-11.486106
▁المرسل	-11.486112
▁تعذر	-11.486571
▁طاء	-11.486614
▁كهذه	-11.486656
نجز	-11.486795
▁المز	-11.486868
▁الذ	-11.486975
ru	-11.487004
تشرف	-11.487058
▁والساعة	-11.487085
يلة	-11.487241
▁موسكو	-11.487261
▁والتغذية	-11.487275
▁وأوروبا	-11.487473
بوت	-11.487625
▁أثار	-11.487673
جعل	-11.487744
▁بيتر	-11.487843
Records	-11.487859
محاولة	-11.487917
▁وكيانات	-11.488218
▁61-	-11.488245
▁اشترك	-11.488310
▁قصور	-11.488332
▁تلق	-11.488400
▁للاتصال	-11.488427
▁الجزئي	-11.488519
▁للتبرعات	-11.488561
▁الساتلية	-11.488667
▁يستعرض	-11.488728
تنفيذ	-11.488757
▁والاحترام	-11.488849
.21	-11.488885
▁بمعايير	-11.489134
▁يسفر	-11.489155
▁للرجال	-11.489264
▁أرسلت	-11.490147
جنوب	-11.490271
▁والمدير	-11.490327
▁اليقين	-11.490344
▁الرضع	-11.490348
زان	-11.490685
▁نشرها	-11.490952
▁قدرته	-11.490989
▁بتعاون	-11.491004
ديان	-11.491108
▁التمويلي	-11.491188
▁العلماء	-11.491293
▁والبحوث	-11.491409
▁باقتراح	-11.491446
▁إف	-11.491484
nd	-11.491523
افة	-11.491619
▁وقل	-11.491632
▁تعي	-11.491733
▁يأذن	-11.491860
▁الدقة	-11.491911
▁والأجهزة	-11.492162
▁وكوت	-11.492337
▁للعقد	-11.492393
▁المواليد	-11.492429
▁المستهلكين	-11.492562
▁هان	-11.492723
▁بادئ	-11.492820
▁٢٧	-11.492883
▁ماليا	-11.493060
كشف	-11.493185
▁للك	-11.493208
حمل	-11.493459
▁أمس	-11.493582
▁تصحيح	-11.493675
▁الحاسوبية	-11.494038
he	-11.494584
▁يدعي	-11.494613
▁النماذج	-11.494677
▁للقوانين	-11.494712
▁صرب	-11.494933
▁كله	-11.494980
عزل	-11.495168
▁وعضو	-11.495214
▁المؤشر	-11.495515
▁العم	-11.495560
▁٣١	-11.495584
▁لرفع	-11.495711
▁يدعى	-11.495777
▁ومرفق	-11.495787
▁هكذا	-11.495959
ذه	-11.496344
▁وتسجيل	-11.496350
قات	-11.496571
رشح	-11.496759
▁يختص	-11.496861
لذان	-11.497087
▁الغنية	-11.497091
▁وآ	-11.497125
▁والكوارث	-11.497206
▁البري	-11.497230
▁والظروف	-11.497287
▁1969	-11.497334
▁بقرارات	-11.497557
▁للهيئات	-11.497640
▁مايو	-11.497746
وغو	-11.497764
▁الاخ	-11.497943
▁المقبولية	-11.498305
▁مير	-11.498519
▁٢٩	-11.498535
▁وحيثما	-11.498587
▁ST	-11.498642
شرف	-11.498795
▁العواقب	-11.498887
مية	-11.499191
▁للأسباب	-11.499349
▁الهائلة	-11.499390
▁تترك	-11.499478
▁وبوليفيا	-11.499696
ثير	-11.499710
▁ويتيح	-11.499779
▁الحصانة	-11.499934
▁البل	-11.500023
▁هاتف	-11.500388
سترعي	-11.500413
▁مدر	-11.500469
▁مواضيعية	-11.500491
▁نق	-11.500501
▁انضم	-11.500559
▁وتشاد	-11.500580
-16	-11.500591
▁لمحاكم	-11.500607
▁مجد	-11.500783
▁دوره	-11.501084
▁بالسياسة	-11.501164
▁1970	-11.501271
▁اللاحق	-11.501749
▁الأخلاقية	-11.501822
▁القصد	-11.501868
▁كليهما	-11.502106
▁النفسي	-11.502319
▁يريد	-11.502490
.23	-11.502888
▁التحسن	-11.503009
ونا	-11.503166
▁المعي	-11.503183
▁دفاع	-11.503261
▁لإعمال	-11.503307
▁بالبيان	-11.503340
").	-11.503367
▁نافذة	-11.503398
▁سريعا	-11.503675
land	-11.503921
▁يفي	-11.503972
▁اللاجئ	-11.504068
▁ومو	-11.504083
ated	-11.504475
▁والتفتيش	-11.504483
▁المقابل	-11.504671
▁لمقرر	-11.505012
▁المستعملين	-11.505127
▁فى	-11.505539
▁بأعلى	-11.505569
يفا	-11.505602
▁Ibid	-11.505911
▁report	-11.506000
لبي	-11.506045
نحو	-11.506047
▁الملحقة	-11.506054
شهود	-11.506063
▁وشد	-11.506068
▁ساو	-11.506090
ay	-11.506180
▁لأصحاب	-11.506213
▁الاستشعار	-11.506661
▁مقاومة	-11.506742
▁المسؤولون	-11.506867
▁فتئ	-11.506884
▁62-	-11.507081
▁رعايا	-11.507108
▁بالتمييز	-11.507123
▁ظهرت	-11.507228
▁والاستخدام	-11.507253
▁بصفتي	-11.507318
ثم	-11.507363
▁الصحفيين	-11.507463
▁والعدل	-11.507805
▁وأعلنت	-11.507869
إدارة	-11.507903
▁كرامة	-11.508074
▁المأوى	-11.508293
▁قروض	-11.508303
لسماح	-11.508406
▁تراخيص	-11.508415
▁إعاقة	-11.508425
عدد	-11.508489
▁نت	-11.508636
فاف	-11.508751
▁وتغيير	-11.508821
يقة	-11.508867
▁بالق	-11.508870
▁اليونانية	-11.508917
▁يتعاون	-11.509048
عاق	-11.509123
▁اختار	-11.509193
▁نف	-11.509318
▁الاستعجال	-11.509490
▁التحريض	-11.509704
▁الواحدة	-11.509863
▁الحاصل	-11.509870
▁يعبر	-11.510110
▁التجريبية	-11.510335
الإ	-11.510503
▁الصيانة	-11.510571
▁وزيرة	-11.510593
▁عرف	-11.510633
▁التشييد	-11.510641
▁بنحو	-11.510677
▁للممارسة	-11.510724
▁بمبدأ	-11.510791
▁بيروت	-11.510894
▁جديرة	-11.510909
▁مقتل	-11.510946
3/	-11.511028
▁نحتاج	-11.511047
صناعة	-11.511206
▁الاستفتاء	-11.511222
▁ونقص	-11.511401
لحق	-11.511415
▁نقدية	-11.511610
▁ملحوظة	-11.511615
نيا	-11.511935
▁تضامن	-11.511997
ations	-11.512295
▁تفرضها	-11.512306
▁حكومتها	-11.512311
▁وارد	-11.512476
خيبة	-11.512664
▁ومالطة	-11.512666
▁تعداد	-11.512740
▁نتطلع	-11.512804
▁متواصل	-11.512858
ربي	-11.512932
تنقل	-11.513194
ابا	-11.513288
▁ومساعد	-11.513357
▁الكرامة	-11.513452
▁وتأمين	-11.513933
▁الجن	-11.514092
شرك	-11.514186
برت	-11.514220
▁تتصدى	-11.514262
▁المحرومين	-11.514522
استضافة	-11.514663
▁وظروف	-11.514866
▁بالإعدام	-11.514882
▁سيقوم	-11.514885
رسم	-11.514894
optional	-11.514919
▁تبحث	-11.515018
▁ويحدون	-11.515195
▁بإيجاز	-11.515243
▁وبيلاروس	-11.515426
ab	-11.515478
▁الشهادة	-11.515543
▁الجولة	-11.515552
▁يفتقر	-11.515603
▁بالشفافية	-11.515629
▁الإطاري	-11.515749
▁وتخفيض	-11.515766
▁فوري	-11.515796
▁لزم	-11.515876
▁الاختطاف	-11.516024
▁يملك	-11.516088
قابلة	-11.516191
▁مخيم	-11.516307
▁للانضمام	-11.516324
▁سفن	-11.516416
غان	-11.516422
▁استنتاج	-11.516929
سأل	-11.516974
▁1960	-11.517149
▁وتؤدي	-11.517210
▁وتتألف	-11.517224
▁وزارات	-11.517340
▁والإنصاف	-11.517408
▁الرمز	-11.517411
طور	-11.517425
فحص	-11.517460
▁بولايات	-11.517505
▁لتقدير	-11.517901
▁وتتيح	-11.518020
▁Ro	-11.518026
▁وتقع	-11.518042
▁تنفيذية	-11.518064
▁مكون	-11.518130
▁مارشال	-11.518135
▁والأسر	-11.518151
▁وندعو	-11.518328
▁اقتض	-11.518352
▁سرد	-11.518393
▁تكمن	-11.518426
▁الوف	-11.518490
▁وسألت	-11.518541
▁نطاقها	-11.518568
▁الجمعي	-11.518575
▁الكنيسة	-11.518582
تحدث	-11.518769
con	-11.518798
▁1972	-11.519071
▁فإنني	-11.519127
▁مستديرة	-11.519217
▁كثيرين	-11.519383
▁وتونس	-11.519484
نيابة	-11.519491
▁للملاحة	-11.519579
.20	-11.519732
▁القي	-11.519884
▁الابتكار	-11.520144
▁اجتمعت	-11.520174
▁باولو	-11.520318
▁نشره	-11.520372
▁الغاز	-11.520649
▁ضمانا	-11.520687
قين	-11.520762
▁مفيد	-11.520828
▁تطبيقه	-11.521105
طار	-11.521195
▁للدخل	-11.521236
▁حوافز	-11.521258
▁الدولتين	-11.521286
▁00	-11.521497
▁الاكتفاء	-11.521535
▁للعديد	-11.521754
دورة	-11.521785
▁سكن	-11.521832
▁الذات	-11.522051
▁وتيرة	-11.522212
سويسرا	-11.522436
▁صريح	-11.522451
إحصاءات	-11.522695
▁الغايات	-11.522847
▁ملفات	-11.523104
البرازيل	-11.523147
تشي	-11.523335
▁المزعومة	-11.523403
تكلفة	-11.523455
▁بالكفاءة	-11.523599
▁الخلافات	-11.523642
▁وآخرون	-11.523694
▁المقاعد	-11.524117
▁لتفادي	-11.524170
المادتان	-11.524343
7/	-11.524458
▁."	-11.524575
▁والمؤشرات	-11.524673
▁للعلاقات	-11.525025
ضاع	-11.525042
▁رك	-11.525049
حاكم	-11.525240
▁بالشكل	-11.525242
▁وتستخدم	-11.525352
▁الانتخاب	-11.525535
▁رغبتها	-11.525578
▁متساو	-11.525599
▁الموانئ	-11.525630
▁فو	-11.526072
▁تعقيدا	-11.526487
ملايين	-11.526527
▁لجنوب	-11.526552
▁بأنهم	-11.526588
استعراض	-11.526593
لفت	-11.526703
750,	-11.526784
▁بالامتثال	-11.526847
مدونة	-11.526986
port	-11.527026
▁جار	-11.527414
▁للأصول	-11.527524
▁الربح	-11.527805
▁والدراسات	-11.527943
فك	-11.528010
▁المنطبق	-11.528111
▁التاريخي	-11.528160
▁والإمداد	-11.528248
▁لارتكاب	-11.528307
▁وتكوين	-11.528781
▁تقي	-11.528855
▁إنقاذ	-11.528991
▁مهل	-11.529411
ue	-11.529613
▁الاد	-11.529709
▁إمكان	-11.529713
▁الأبحاث	-11.529770
▁(10	-11.529783
▁صراعات	-11.530073
▁منشآت	-11.530219
▁للعهد	-11.530245
▁للقرارات	-11.530306
▁تقنيات	-11.530412
واجه	-11.530540
سقط	-11.530566
▁حم	-11.530647
▁بإدخال	-11.530664
▁عزم	-11.530731
▁(2001).	-11.531228
▁المؤهلات	-11.531236
▁الوديع	-11.531343
▁والتعويض	-11.531557
▁النائية	-11.531610
▁مم	-11.531812
▁2015.	-11.531844
▁فقرا	-11.531845
▁تراكم	-11.531945
▁يرفض	-11.531967
▁وجاء	-11.531993
▁المفوضين	-11.532043
▁الثلاثية	-11.532217
▁ومتعددة	-11.532256
▁بالفضاء	-11.532722
▁قصير	-11.532821
▁بلاده	-11.532865
▁يشغل	-11.532872
ينبغي	-11.532887
▁ويعني	-11.532990
ry	-11.533026
▪	-11.533068
عى	-11.533229
▁ثمن	-11.533248
▁المحبة	-11.533381
▁تلوث	-11.533474
▁يمر	-11.533486
▁صديق	-11.533539
-5،	-11.533713
▁زمنيا	-11.533760
▁الأفغان	-11.534029
وسائط	-11.534112
▁جوا	-11.534137
▁لإسرائيل	-11.534382
▁الافتتاحية	-11.534558
لأهمية	-11.534731
▁لممثلي	-11.534813
▁الرسولي	-11.534877
▁التأهب	-11.534915
lu	-11.535028
▁صالحة	-11.535132
▁جدير	-11.535396
▁والبلد	-11.535582
▁التقاعدي	-11.535722
▁169	-11.535910
▁يدين	-11.536044
▁العاملون	-11.536229
ver	-11.536346
▁نفعل	-11.536414
تضرر	-11.536475
ss	-11.536542
▁مفعول	-11.536745
▁وشبكات	-11.536754
▁ومبادرات	-11.536860
▁بأسماء	-11.537001
ضرب	-11.537113
▁للمفاوضات	-11.537113
▁محسوبة	-11.537115
رتي	-11.537200
قوى	-11.537958
▁الذهب	-11.538043
▁أبواب	-11.538064
▁أرواح	-11.538220
▁تتخذه	-11.538303
▁منطق	-11.538461
▁تكشف	-11.538464
▁والشهود	-11.538465
إبداء	-11.538565
▁جيل	-11.538579
▁واقعية	-11.538727
▁والسلفادور	-11.538771
▁(6	-11.538804
▁المطرد	-11.538846
▁الوزارية	-11.538849
طلعة	-11.538897
▁2)	-11.539268
▁وأقرت	-11.539371
▁المرفقة	-11.539376
مواضيع	-11.539396
▁0.7	-11.539507
نائب	-11.539663
انيا	-11.539718
▁نوفمبر	-11.539748
▁بنا	-11.539755
▁الشريعة	-11.539963
▁المدار	-11.539972
▁المخصصات	-11.540015
▁المنتسبة	-11.540271
▁ومؤسسة	-11.540283
افيا	-11.540402
▁لمنظمات	-11.540667
▁عيني	-11.540670
▁الإذاعة	-11.540787
▁أنني	-11.540800
▁طوكيو	-11.540805
▁المبي	-11.540909
غني	-11.540942
▁2000:	-11.540967
تاج	-11.541197
▁طبي	-11.541234
▁وإدراج	-11.541660
▁بالولاية	-11.541679
▁ومبلغ	-11.541827
▁ينتهك	-11.541913
▁الإرهابي	-11.542012
▁Le	-11.542025
▁مرضية	-11.542051
دوم	-11.542136
لتخطيط	-11.542190
▁للعنصرية	-11.542286
▁الزوجية	-11.542780
رؤية	-11.542786
حقق	-11.542788
▁مملكة	-11.542807
▁يشترط	-11.542837
▁للطوارئ	-11.542873
▁والتنظيمية	-11.542884
تواجد	-11.543085
.24	-11.543171
▁المتوافرة	-11.543400
▁الاسفار	-11.543415
▁صميم	-11.543447
▁نشاطا	-11.543460
▁بالمهام	-11.543470
▁وتبعا	-11.543498
▁لدفع	-11.543502
▁الأركان	-11.543645
▁عامين	-11.543740
الهند	-11.543797
▁الإعمال	-11.543872
▁...	-11.544024
▁يقدمون	-11.544098
▁وهنا	-11.544156
▁للسلع	-11.544539
ضاء	-11.545017
▁مساءلة	-11.545110
▁استعراضات	-11.545167
▁والدين	-11.545177
عق	-11.545259
▁سعيد	-11.545610
▁استضافت	-11.545621
▁إليهما	-11.545753
-26	-11.545769
▁وخمس	-11.546020
▁وشكل	-11.546021
▁تحس	-11.546491
▁والأراضي	-11.546569
▁والأدوات	-11.546598
▁خارجي	-11.546761
▁تقدمت	-11.546837
▁اختياري	-11.546905
▁المستحقات	-11.546934
▁جوهري	-11.547135
▁أمراض	-11.547190
au	-11.547192
▁وأماكن	-11.547244
▁رام	-11.547260
▁63-	-11.547420
نتخب	-11.547481
▁البنى	-11.547560
▁التحويل	-11.547573
▁بسلامة	-11.547948
▁لانه	-11.547958
▁للبحوث	-11.548285
▁التحريج	-11.548306
▁المعادن	-11.548548
▁number	-11.548603
▁بتوصيات	-11.549083
▁أدلي	-11.549168
▁استعرض	-11.549376
▁تساوي	-11.549407
▁وتحت	-11.549449
▁فروع	-11.549482
رته	-11.549599
▁بالآثار	-11.549710
▁تعليقاتها	-11.549877
▁سيساعد	-11.549932
▁قنوات	-11.549944
مرفق	-11.549981
▁لفيروس	-11.550237
.16	-11.550323
▁النسب	-11.550471
▁مشارك	-11.550521
صيب	-11.550536
▁وغانا	-11.550550
▁التخفيض	-11.550658
▁بمقرر	-11.550773
▁ملاحظاتها	-11.550797
▁والثالثة	-11.550840
▁تقاريره	-11.551158
▁وتضمن	-11.551167
▁بلدية	-11.551183
▁University	-11.551216
▁ويس	-11.551311
/59/3	-11.551538
▁الكورية	-11.551545
▁البلقان	-11.551591
▁تفاوت	-11.551591
▁خلفية	-11.551613
▁بقي	-11.551672
ST	-11.551707
▁نفسي	-11.551826
▁الاشتراكية	-11.551828
▁تسند	-11.551961
▁ومظاهره	-11.552353
pe	-11.552624
▁تيموثاوس	-11.552712
▁ذل	-11.552877
▁والثقافي	-11.552903
شة	-11.552907
زار	-11.553332
▁تحذو	-11.553345
▁صحي	-11.553432
▁الصفة	-11.553845
▁بإمكانك	-11.553984
▁بالاستعراض	-11.554197
▁للتو	-11.554388
▁مستخدم	-11.554650
▁العراقيين	-11.554743
▁الليل	-11.554770
الطريقة	-11.554832
نسب	-11.554837
▁ويستند	-11.554964
تحقق	-11.554998
▁والمح	-11.555005
qu	-11.555058
▁اختطاف	-11.555081
▁شددت	-11.555440
▁يتناسب	-11.555465
▁أكمل	-11.555671
▁تقصي	-11.555764
▁(14)	-11.555808
▁للجمهورية	-11.555990
▁تصريح	-11.556039
▁بصياغة	-11.556061
▁الجسم	-11.556207
▁رأيه	-11.556245
▁قوى	-11.556759
▁ويساعد	-11.556833
▁غر	-11.557189
▁لتمكينه	-11.557228
▁1961	-11.557339
▁وخارجها	-11.557353
▁State	-11.557474
▁المهن	-11.557801
▁التسيارية	-11.557966
▁المقالة	-11.558022
▁يربو	-11.558067
▁الامتياز	-11.558136
▁وتأثير	-11.558149
▁محاضر	-11.558152
sa	-11.558238
▁رابع	-11.558805
▁للاستخدام	-11.558857
▁ولضمان	-11.558888
▁القليل	-11.558996
▁والتكيف	-11.559157
▁تعاونية	-11.559175
▁عمره	-11.559279
▁والمعارف	-11.559473
▁والتشريعات	-11.559482
▁وثلاثة	-11.559647
▁بك	-11.559753
▁الارتباط	-11.559850
راز	-11.560085
▁يحضر	-11.560165
▁المؤهلين	-11.560228
▁الأصناف	-11.560307
فترض	-11.560329
▁الساحل	-11.560850
▁دوما	-11.560971
▁الوضوح	-11.560982
▁خرق	-11.561224
▁ونيكاراغوا	-11.561241
▁1976	-11.561392
مثلا	-11.561633
▁للموافقة	-11.561751
▁باتباع	-11.561783
▁عنهم	-11.561934
▁الطائرة	-11.562032
▁يمكنه	-11.562050
▁المعينة	-11.562142
▁متقدمة	-11.562164
▁جائزة	-11.562334
▁التفصيل	-11.562337
▁بالشعوب	-11.562483
▁تتسبب	-11.563019
▁الملايين	-11.563103
▁إلكتروني	-11.563275
▁بط	-11.563341
▁اتساع	-11.563509
▁الملح	-11.563903
▁والمساهمة	-11.563973
Z	-11.564172
▁بالمجتمع	-11.564202
حترم	-11.564216
▁البدائل	-11.564375
▁(13)	-11.564414
-27	-11.564740
أولوية	-11.564778
▁تسجل	-11.564784
▁الجوار	-11.564856
مجموعة	-11.564927
▁64-	-11.565072
▁00/15-00/18	-11.565147
▁بتحليل	-11.565161
▁مؤاتية	-11.565185
▁والنفايات	-11.565196
▁التع	-11.565267
اختصاص	-11.565277
▁نموذجية	-11.565320
▁در	-11.565468
▁ونزيهة	-11.565619
▁نظمتها	-11.565678
▁DP	-11.565742
▁1995.	-11.565774
غدو	-11.565901
▁رسالت	-11.566006
▁paras	-11.566012
▁126	-11.566113
▁ووقف	-11.566163
▁المعنى	-11.566343
▁لخط	-11.566500
▁2007)	-11.566543
▁وإقليمية	-11.566822
غة	-11.567076
▁ترسل	-11.567178
▁لالتزام	-11.567222
▁يسل	-11.567246
▁ولتعزيز	-11.567500
▁ترشيد	-11.568192
▁النظامي	-11.568928
▁طالما	-11.568931
▁170	-11.568950
▁الباردة	-11.569027
لفئات	-11.569095
▁بتعويض	-11.569206
بسط	-11.569268
▁بحسن	-11.569329
الهلال	-11.569603
▁التم	-11.569611
▁علامة	-11.569645
▁الخطاب	-11.569921
▁59/1	-11.570092
▁للوظائف	-11.570218
▁سارية	-11.570298
▁لمؤسسات	-11.570849
▁تستعمل	-11.570865
▁وتحدث	-11.571179
كات	-11.571223
▁تخفيضات	-11.571346
نين	-11.571453
▁يفوق	-11.571688
48)	-11.571784
▁وللم	-11.571797
▁الصيني	-11.571852
نز	-11.572037
▁زوجها	-11.572292
▁إثنية	-11.572443
▁المتقدم	-11.572615
مراهق	-11.572942
بيا	-11.573362
SBSTA	-11.573515
▁ببساطة	-11.573515
صلاح	-11.573605
▁ومجموعات	-11.573672
دتها	-11.573689
▁تهديدات	-11.573699
▁الطلبة	-11.573880
جسد	-11.573924
▁التوترات	-11.573928
▁الصعوبة	-11.573965
▁أبي	-11.574165
.13	-11.574251
▁وزن	-11.574289
عجل	-11.574347
▁التوريد	-11.574397
توصية	-11.574508
المرفق	-11.574541
رغب	-11.574553
▁بأسعار	-11.574662
▁استخدامه	-11.574772
▁تحكيم	-11.574806
▁السوقية	-11.575255
كثرة	-11.575280
▁والعربية	-11.575433
▁جورج	-11.575442
▁2005؛	-11.575575
صاف	-11.575848
▁الشرف	-11.575956
الجزء	-11.576056
▁المنتج	-11.576243
▁المأمونة	-11.576385
age	-11.576687
معدل	-11.576797
اسا	-11.576825
▁والإيدز	-11.576830
توخى	-11.576940
حض	-11.577053
▁2012	-11.577073
▁المختص	-11.577220
▁الحاسم	-11.577298
▁127	-11.577332
▁Court	-11.577376
▁يبحث	-11.577432
▁صار	-11.577585
▁need	-11.577736
▁تمتلك	-11.577825
تغطية	-11.578170
▁بالتصديق	-11.578286
▁اندماج	-11.578444
دلي	-11.578500
▁المستثمرين	-11.578527
▁اللائحة	-11.578748
▁للملكية	-11.578906
▁بث	-11.578980
▁يتوفر	-11.579209
ظه	-11.579556
▁ونعرب	-11.579821
▁التن	-11.579829
▁المرتفعة	-11.580024
▁2001-2010	-11.580033
▁الامور	-11.580122
▁المعدة	-11.580329
▁العوائق	-11.580418
▁اليورانيوم	-11.580418
▁اللاجئون	-11.580450
▁المتساوية	-11.580709
▁وأبرز	-11.580716
▁والتخلص	-11.580748
▁جلساتها	-11.580799
▁الثروة	-11.580806
▁والقيم	-11.580845
▁بضع	-11.580854
▁129	-11.580860
▁حظيت	-11.580889
▁موثوقة	-11.581075
▁باقي	-11.581149
ice	-11.581262
4,	-11.581324
▁يجرى	-11.581758
▁للآثار	-11.581777
▁تكفي	-11.581798
لن	-11.581890
▁للتكيف	-11.581920
▁حلا	-11.581981
▁لتصبح	-11.582385
▁القياسية	-11.582386
نظام	-11.582607
▁موجه	-11.582751
ff	-11.582781
▁ثلثي	-11.582969
توافر	-11.582985
▁ونيبال	-11.583354
▁155	-11.583445
اؤه	-11.583453
▁ونصف	-11.583462
▁يوسف	-11.583564
▁بتصويت	-11.583565
▁شاب	-11.583645
▁بتر	-11.583824
عزز	-11.584000
▁نشكر	-11.584232
▁يتسق	-11.584278
▁المحمية	-11.584307
▁والتشجيع	-11.584320
▁استمع	-11.584341
▁استرع	-11.584421
كوك	-11.584422
▁قاض	-11.584437
▁استضافة	-11.584790
أجرى	-11.584913
▁للجمهور	-11.585038
▁طبيب	-11.585041
▁سيتعين	-11.585068
▁بالجرائم	-11.585418
▁مغ	-11.585650
▁وهدف	-11.585708
▁الحم	-11.585747
▁منطقتنا	-11.585913
خضع	-11.585994
▁الفحص	-11.586076
▁وتقرر	-11.586388
▁والتفاهم	-11.586515
رفض	-11.586691
شعر	-11.586707
▁والقضاة	-11.586797
فاني	-11.586915
▁مقار	-11.587156
▁للمجتمعات	-11.587244
▁مقدما	-11.587328
ليف	-11.587379
▁ونتطلع	-11.587467
▁ذك	-11.587542
صنع	-11.587558
فرق	-11.587580
▁بحفظ	-11.587622
ثني	-11.587625
1999	-11.587684
▁بطاقة	-11.587796
▁الرسول	-11.587808
▁للقضاة	-11.587833
خطر	-11.587839
ting	-11.587906
/1)	-11.587972
▁وتكفل	-11.587977
▁نيل	-11.588022
▁نور	-11.588058
تصرف	-11.588122
▁لمنح	-11.588165
▁يتزايد	-11.588174
▁مقاطعات	-11.588280
▁132	-11.588284
▁المتأخرة	-11.588352
▁للطرف	-11.588391
مساعدة	-11.588563
▁1:	-11.588668
ظن	-11.588679
▁والعالمية	-11.589136
حدود	-11.589313
▁وأحاط	-11.589480
▁الجنسيين	-11.589628
/61/2	-11.589636
غت	-11.589697
▁بتخفيض	-11.589879
معاهدة	-11.589924
ظمت	-11.590016
رخص	-11.590123
▁الميليشيات	-11.590215
▁تلحق	-11.590325
▁البث	-11.590419
▁الجبلية	-11.590424
▁●	-11.590495
▁مرت	-11.590935
شعار	-11.590952
تمكن	-11.590990
▁65-	-11.591053
▁والمنتجات	-11.591493
▁العملاء	-11.591744
ملاحظة	-11.591847
▁عليك	-11.591848
▁وآثارها	-11.591907
▁الكفاية	-11.591943
▁التكميلي	-11.591997
▁خروج	-11.592016
▁الداعية	-11.592303
▁الكوبي	-11.592329
▁والعلوم	-11.592332
لهذه	-11.592342
▁المحققة	-11.592381
▁ببدء	-11.592608
▁يدرس	-11.592887
▁وأوروغواي	-11.592893
▁الرفاه	-11.592974
▁حقق	-11.592988
▁إعانات	-11.593027
ليا	-11.593253
▁ونؤيد	-11.593294
▁تقديري	-11.593330
▁أق	-11.593538
▁مهامه	-11.593583
▁وموظفو	-11.593699
▁لتعليم	-11.593739
▁وقابل	-11.593819
▁للبند	-11.593948
▁كيمبرلي	-11.593979
▁دعاوى	-11.594087
▁والنهج	-11.594202
▁تحرك	-11.594299
وكو	-11.594319
▁أروشا	-11.594760
زرع	-11.594890
form	-11.595081
▁لمثل	-11.595142
▁(5	-11.595150
▁الوفورات	-11.595232
▁يرتكب	-11.595237
▁مجالا	-11.595403
صوغ	-11.595407
▁المدرسين	-11.595463
▁66-	-11.595764
▁أف	-11.595894
50)	-11.596231
▁للعمال	-11.596291
ذار	-11.596355
▁حسين	-11.596362
▁@	-11.596490
▁تعادل	-11.596570
▁تقم	-11.596601
▁والإنجازات	-11.596714
▁موضوعي	-11.596951
▁لأهداف	-11.597054
▁نموذجا	-11.597539
▁التحرك	-11.597561
فترة	-11.597610
▁وتقدر	-11.597674
يمي	-11.597742
طاق	-11.598123
▁وتتخذ	-11.598128
va	-11.598186
▁انتخب	-11.598271
إقليم	-11.598589
▁مطلقا	-11.598726
37)	-11.598810
▁ويتألف	-11.598875
▁المستهلك	-11.598880
▁كوك	-11.598999
▁مصنفة	-11.599067
نزع	-11.599148
▁وفاء	-11.599154
▁طالبان	-11.599402
روض	-11.599451
▁338	-11.599725
▁تنتقل	-11.599910
▁والاجتماع	-11.599952
▁لتخفيض	-11.599956
▁بالإبلاغ	-11.599959
▁1994.	-11.600040
حرية	-11.600079
دعا	-11.600125
▁وتح	-11.600179
▁بالطاقة	-11.600221
▁موج	-11.600226
خزن	-11.600271
رئاسة	-11.600281
▁تثني	-11.600349
▁للمواطنين	-11.600635
▁أتقدم	-11.600861
▁المواجهة	-11.600946
▁المعتاد	-11.601021
▁تصنيع	-11.601026
وسط	-11.601069
▁لتوزيع	-11.601421
▁توج	-11.601441
▁المناخية	-11.601525
▁المهنيين	-11.601880
▁زيارته	-11.601957
فذ	-11.602077
عدت	-11.602153
▁أعم	-11.602222
ern	-11.602253
▁متواصلة	-11.602565
▁وسلطات	-11.602649
مراعاة	-11.602662
▁التوضيح	-11.602677
▁اقرأ	-11.602808
▁نوقشت	-11.603188
▁اعترفت	-11.603241
▁لطلبات	-11.603276
▁التراخيص	-11.603476
▁تزود	-11.603654
وتي	-11.603686
▁يمكنهم	-11.603746
ka	-11.603889
▁بالمقر	-11.603891
▁الأسهم	-11.603938
/32	-11.603997
▁تشغل	-11.604080
خطط	-11.604174
▁تاريخية	-11.604270
▁Z	-11.604388
▁لتجنب	-11.604403
▁ديباجة	-11.604532
▁والوارد	-11.604741
▁تحميل	-11.604803
▁136	-11.604877
▁مصممة	-11.604904
▁موقفها	-11.604920
▁علنية	-11.604940
▁تسمية	-11.604996
حيا	-11.605036
صادر	-11.605045
▁سوريا	-11.605053
لها	-11.605117
▁المنسقة	-11.605303
▁السلائف	-11.605378
تناسق	-11.605557
▁ومبدأ	-11.605584
▁طي	-11.605656
▁استماع	-11.605758
جماع	-11.605929
▁وحسن	-11.606065
▁ارتباط	-11.606108
▁محتوى	-11.606121
▁مركبة	-11.606122
▁استعدادها	-11.606141
▁وليبريا	-11.606146
▁راسخا	-11.606335
▁إنشائها	-11.606409
▁لقوات	-11.606471
رص	-11.606878
▁واستراتيجية	-11.606883
▁2003؛	-11.606975
▁الازدواجية	-11.607097
▁أدخل	-11.607254
▁بسيطة	-11.607455
▁بندا	-11.607455
▁النداءات	-11.607465
SC	-11.607739
ass	-11.607985
▁وإشراك	-11.607992
ميزان	-11.608011
▁الجسدية	-11.608026
▁بلغراد	-11.608331
▁يؤخذ	-11.608428
▁تستغرق	-11.608462
▁يشكلان	-11.608490
▁مشابهة	-11.608537
▁التجميع	-11.608682
▁أذكر	-11.608749
لجزء	-11.608919
▁الناشئ	-11.608949
▁وتضطلع	-11.609036
رتها	-11.609296
▁لقسم	-11.609365
▁وتأمل	-11.609375
▁للمساهمة	-11.609423
▁واستقرار	-11.609487
▁بالب	-11.609579
▁مؤسسي	-11.609596
الاضافة	-11.609918
▁للحيلول	-11.610112
▁الدولارات	-11.610125
▁أحرزت	-11.610382
/62/7	-11.610470
▁قو	-11.610484
▁يتكلم	-11.610544
▁التعريفات	-11.610777
خطوط	-11.610818
زانيا	-11.611202
▁استبدال	-11.611275
▁بالوثائق	-11.611296
14)	-11.611323
حمي	-11.611598
▁أدعو	-11.611719
▁السلسلة	-11.611727
▁تجتمع	-11.611732
▁إلكترونيا	-11.611762
مبيدات	-11.611832
▁واللوائح	-11.611849
▁والتوصية	-11.611907
نفاذ	-11.612068
نه	-11.612075
▁تنتظر	-11.612138
▁<	-11.612162
▁أعاد	-11.612546
سلاف	-11.612561
بعة	-11.612649
ضح	-11.612882
mi	-11.612908
ندا	-11.612973
▁جه	-11.613083
▁جوانبها	-11.613194
▁سيد	-11.613359
▁محاربة	-11.613505
▁وفعال	-11.613585
▁الندوة	-11.613686
▁لأمن	-11.613744
صنف	-11.613806
▁خصصت	-11.613809
▁Ar	-11.613836
صن	-11.613872
▁اللغوية	-11.613883
▁انتهكت	-11.613991
▁والرئيس	-11.614016
▁فقالت	-11.614139
▁133	-11.614144
**	-11.614555
▁نوعا	-11.614559
▁إم	-11.614761
▁المنطلق	-11.614985
▁والشراكات	-11.615271
▁يرغبون	-11.615312
▁وكم	-11.615575
▁بغير	-11.615615
▁للحياة	-11.615672
sp	-11.615893
▁ويدعم	-11.616055
▁الأصعدة	-11.616066
▁الجرف	-11.616169
/53/	-11.616282
▁بتسليم	-11.616778
لاحق	-11.616915
▁اننا	-11.616917
▁بالدرجة	-11.617075
عبر	-11.617213
▁بديلا	-11.617459
▁ومضت	-11.617486
▁اهتمامها	-11.617487
▁Pa	-11.617517
▁وبدلا	-11.617661
وشي	-11.617812
ديا	-11.618019
▁ضمنا	-11.618051
▁الحكمة	-11.618081
▁ركز	-11.618275
▁حلقت	-11.618402
▁إس	-11.618423
خيل	-11.618690
▁عشوائية	-11.618734
▁اتهام	-11.618893
▁وتوافق	-11.618989
▁بمشاريع	-11.619239
▁تأذن	-11.619326
▁لعامي	-11.619352
▁لتكون	-11.619398
▁ملكوت	-11.619444
▁الآمن	-11.619822
▁المسجلين	-11.619838
بدء	-11.619871
قضاء	-11.619925
▁وطرائق	-11.619943
▁مسجلة	-11.619947
▁الكميات	-11.619996
تسي	-11.620217
▁إرشادات	-11.620283
▁واجتماع	-11.620342
▁لاجتماعات	-11.620447
▁Economic	-11.620463
ثي	-11.620472
▁المفترض	-11.620594
▁القلب	-11.620599
▁تتصرف	-11.620691
▁أهدافه	-11.620852
▁تستدعي	-11.621000
▁تصاعد	-11.621412
2,	-11.621431
الحوكمة	-11.621670
▁الأسلوب	-11.621771
▁ألقى	-11.621810
▁المخزون	-11.621938
▁منقحة	-11.621964
▁يخل	-11.622508
all	-11.622630
/62/6	-11.622763
إلغاء	-11.622795
▁منشأة	-11.622807
▁تعزى	-11.622848
أصول	-11.622891
المعهد	-11.622946
▁التحصين	-11.623013
▁لشركة	-11.623143
تنافس	-11.623219
تني	-11.623246
▁Council	-11.623271
▁تباين	-11.623343
الو	-11.623599
▁للوجستيات	-11.623672
▁متوازن	-11.623693
▁أشكركم	-11.623983
وفيتش	-11.624264
أسلوب	-11.624295
▁الجر	-11.624335
▁والثقافات	-11.624476
▁عاد	-11.624503
▁المغ	-11.624515
▁أمناء	-11.624522
42)	-11.624641
▁وكبار	-11.624746
▁وإكوادور	-11.624848
.26	-11.625077
fr	-11.625167
▁الانترنت	-11.625281
▁ذاك	-11.625375
مته	-11.625596
▁المسح	-11.625644
▁التباين	-11.625690
our	-11.625699
▁166	-11.625883
gen	-11.625927
▁ينتخب	-11.626163
▁المئة	-11.626249
دليل	-11.626287
قاتل	-11.626312
غال	-11.626365
▁تسلح	-11.626374
▁الواضحة	-11.626765
▁المعين	-11.626872
▁أرسل	-11.626911
▁بصفتهم	-11.627172
▁إيصالها	-11.627284
▁القص	-11.627315
▁والسياسة	-11.627504
مؤسس	-11.627530
▁تقف	-11.627593
اجتماع	-11.627599
▁للمضي	-11.627754
▁نستطيع	-11.627933
كول	-11.628239
▁والعقلية	-11.628254
▁تبرر	-11.628532
تدهور	-11.628556
▁وشفافة	-11.628571
▁ويذكر	-11.628573
ونيا	-11.628613
▁سمح	-11.628650
▁الضغوط	-11.628751
▁تعارض	-11.628832
▁انعقد	-11.628911
▁المرت	-11.629268
رخ	-11.629288
▁التدريس	-11.629390
لممارسة	-11.629437
▁المستوردة	-11.629511
تفاقم	-11.629537
▁وتسوية	-11.629686
▁(2009)	-11.629815
▁الخطير	-11.629868
تبرع	-11.629911
▁زلنا	-11.630136
▁المنشور	-11.630311
▁التعهدات	-11.630372
▁ونظمت	-11.630408
5/	-11.630583
▁لع	-11.630686
▁التبني	-11.630796
▁الكارثة	-11.630807
40)	-11.630940
▁والمحاكم	-11.630960
▁الالكتروني	-11.631054
▁لتعميم	-11.631182
▁والطلب	-11.631198
الافتقار	-11.631367
net	-11.631804
▁ويتعلق	-11.632011
▁برمته	-11.632024
▁للش	-11.632257
▁الرو	-11.632299
▁الشمس	-11.632743
▁رائد	-11.632945
▁للتطبيق	-11.633042
▁الميس	-11.633225
▁وجورجيا	-11.633364
▁فيمكن	-11.633382
▁مسح	-11.633702
▁والمواطنين	-11.633772
▁بالطلب	-11.633969
44)	-11.634142
▁حريتهم	-11.634147
مركز	-11.634162
▁بموارد	-11.634185
▁بحظر	-11.634186
فرع	-11.634259
▁يتطلع	-11.634526
▁فنسنت	-11.634582
ترتيب	-11.634624
لقى	-11.634770
شعب	-11.634830
▁فلسطيني	-11.635094
▁سداسي	-11.635150
▁1967،	-11.635242
▁لتيمور	-11.635395
▁والاعتراف	-11.635413
▁المصرفي	-11.635492
قيمة	-11.635637
▁تثقيف	-11.635680
▁لتسجيل	-11.635949
الأرجنتين	-11.636058
بوا	-11.636106
▁منصفة	-11.636210
▁الأسري	-11.636300
▁2002-2005	-11.636757
نصوص	-11.636986
▁ستظل	-11.637143
▁الدائر	-11.637253
▁جامع	-11.637403
▁بدخول	-11.637431
▁المنت	-11.637549
▁توفالو	-11.637552
▁اتخاذه	-11.637630
▁يعل	-11.637760
▁وتخصيص	-11.637849
▁تبعث	-11.638034
▁عر	-11.638354
باني	-11.638374
▁العملات	-11.638625
▁الامتيازات	-11.638660
▁متزايدا	-11.638665
▁عوضا	-11.638678
تقلب	-11.638685
أولئك	-11.638721
AN	-11.638725
▁موس	-11.638746
سمع	-11.638789
▁والجو	-11.638826
ضيف	-11.638868
▁متكررة	-11.638967
▁67-	-11.639059
▁مقررها	-11.639161
▁النقابات	-11.639248
حارب	-11.639361
▁2006-2007.	-11.639621
▁قبلت	-11.639789
▁والمحامين	-11.639877
▁للمعاهدة	-11.639880
▁محدودا	-11.639938
▁توقيت	-11.640119
.4/2004/	-11.640234
سري	-11.640296
▁والتعصب	-11.640330
▁وسيقدم	-11.640372
▁القرصنة	-11.640411
▁ملديف	-11.640502
▁العبء	-11.640665
▁لنظم	-11.640724
▁الثلاثي	-11.640739
▁وتوزيعها	-11.640808
ba	-11.641008
▁الوثيقتين	-11.641049
▁ووصف	-11.641111
وكل	-11.641114
▁يرتكبها	-11.641422
▁أسرته	-11.641586
▁ويتناول	-11.641932
▁ترجع	-11.642398
حادث	-11.642449
▁تطبيقا	-11.642562
▁بتكلفة	-11.642665
tain	-11.642749
▁الاستعراضات	-11.642785
▁التحليلية	-11.642848
▁بوت	-11.642906
▁ثان	-11.643145
▁بإلغاء	-11.643256
▁الملكوت	-11.643330
▁وإسبانيا	-11.643431
▁مالك	-11.643463
مساندة	-11.643496
▁باللاجئين	-11.643561
▁القريبة	-11.643701
▁الآفات	-11.643983
لازم	-11.643997
▁وتظل	-11.644042
▁الوسائط	-11.644208
▁جنس	-11.644247
▁يعاد	-11.644284
▁وحظر	-11.644365
▁الأقران	-11.644380
▁القبارصة	-11.644380
▁يحاول	-11.644385
8/	-11.644440
▁والصحية	-11.644737
▁وآثار	-11.645005
▁لأطفال	-11.645174
▁العموميين	-11.645252
▁أفقر	-11.645269
▁حصرا	-11.645453
▁فرعي	-11.645517
غذي	-11.645664
▁ملحق	-11.645676
▁والكاميرون	-11.645739
تدفق	-11.646072
ملاحقة	-11.646221
▁أثبت	-11.646373
▁الايام	-11.646454
ذن	-11.646496
▁أغسطس	-11.646678
▁المقدر	-11.646791
▁الأزرق	-11.646844
▁مهنية	-11.646897
▁واستغلالهم	-11.647130
لصليب	-11.647186
▁يسري	-11.647348
▁الحيلولة	-11.647370
▁الآلي	-11.647422
▁للمملكة	-11.647484
▁التزمت	-11.647654
▁تعقيد	-11.647756
▁تنظمها	-11.648010
▁المفصلة	-11.648240
سلطة	-11.648379
▁المستخدمين	-11.648433
▁الإجازة	-11.648729
▁المنق	-11.648772
▁دستورية	-11.648838
▁وتساعد	-11.648877
هولندا	-11.648908
▁أهميتها	-11.649027
▁طرأت	-11.649095
▁الحملات	-11.649193
▁كيفو	-11.649320
▁مهمتها	-11.649377
▁تربية	-11.649467
▁الخطأ	-11.649604
بيرو	-11.649637
▁للوفود	-11.649729
▁والعملية	-11.650071
▁To	-11.650096
▁Women	-11.650140
▁تثبيت	-11.650234
تنوع	-11.650243
▁عرقية	-11.650484
▁November	-11.650552
▁أسبوعين	-11.650903
▁تفضلتم	-11.650991
▁كاهل	-11.651006
نتظر	-11.651098
▁ترصد	-11.651136
▁إنساني	-11.651263
▁ووسط	-11.651368
مصلحة	-11.651472
-14	-11.651646
علق	-11.651968
▁أركان	-11.652043
▁لآخر	-11.652215
▁التفسيرية	-11.652241
▁وتناول	-11.652288
▁لأننا	-11.652574
▁comp	-11.652725
▁فق	-11.652736
▁مهني	-11.652761
صديق	-11.652859
▁135	-11.652990
▁ويعزز	-11.653117
▁للتخطيط	-11.653210
▁العذبة	-11.653447
▁وعم	-11.653479
▁المنتديات	-11.653520
▁ننظر	-11.653540
▁تصف	-11.653543
▁اليابانية	-11.653555
▁البعيد	-11.653828
▁يتقدم	-11.653971
▁استئصال	-11.654016
▁والفصل	-11.654072
▁المعتادة	-11.654291
.1,	-11.654387
▁القوالب	-11.654689
▁المنهجي	-11.654911
▁مهمته	-11.655039
زيد	-11.655062
▁بأهداف	-11.655096
فون	-11.655272
▁وأخذ	-11.655585
▁وزامبيا	-11.655744
▁وتزايد	-11.655901
▁المواءمة	-11.656055
▁لشعوب	-11.656216
▁يتعي	-11.656273
▁لتغيير	-11.656453
▁شريك	-11.656509
▁كونها	-11.656613
▁فك	-11.656665
no	-11.657024
/59/1	-11.657042
▁134	-11.657174
▁المبنى	-11.657340
▁قائمتي	-11.657370
39)	-11.657577
▁والصعوبات	-11.657595
▁شباب	-11.657643
▁تختار	-11.657681
▁اختتم	-11.657846
ence	-11.657920
▁ماسة	-11.658039
▁وثلاث	-11.658094
▁التحرش	-11.658177
▁اندلاع	-11.658231
▁اجتذاب	-11.658426
▁يحصلون	-11.658486
ساق	-11.658570
▁حظي	-11.658823
▁برينديزي	-11.658842
أسلحة	-11.658941
لغي	-11.659142
▁ويعتمد	-11.659282
mer	-11.659468
إلقاء	-11.659494
▁أسفها	-11.659747
▁المصري	-11.659755
إسرائيل	-11.659916
▁سلف	-11.660066
جتمع	-11.660073
▁لتحليل	-11.660103
▁إيراد	-11.660171
▁كاب	-11.660190
▁الروحية	-11.660284
tra	-11.660296
▁أتكلم	-11.660310
متها	-11.660436
RES	-11.660543
-18	-11.660860
▁ورفض	-11.660894
▁الفلسطينيون	-11.661079
▁1963	-11.661236
▁شهري	-11.661409
CD	-11.661473
▁لسد	-11.661473
▁والحراجة	-11.661760
▁وتدعيم	-11.661796
▁بمصادر	-11.662185
▁أبدتها	-11.662354
▁مدد	-11.662499
53)	-11.662554
▁للمؤتمرات	-11.662724
▁ضابط	-11.662910
توفر	-11.662956
تخل	-11.663077
بورغ	-11.663170
▁خدم	-11.663382
/59/5	-11.663432
▁العون	-11.663441
▁الصارم	-11.663697
بطل	-11.663721
مز	-11.663729
▁واستكمال	-11.663735
▁وعلم	-11.663813
▁استخداما	-11.663850
▁يوضع	-11.664103
▁العمود	-11.664128
شاهد	-11.664203
▁كالتالي	-11.664288
▁لتلقي	-11.664314
وفد	-11.664524
▁(7	-11.664951
▁فريد	-11.665046
-154	-11.665109
▁استعراضها	-11.665165
للذين	-11.665515
▁المدربين	-11.665601
▁بعدها	-11.665835
اغو	-11.665841
▁ميكرونيزيا	-11.665943
▁ليهوه	-11.665951
▁أصدرته	-11.665960
▁عزل	-11.666072
▁Ministry	-11.666784
▁التبرع	-11.667109
▁المحكوم	-11.667234
▁ومناقشة	-11.667273
▁الفردي	-11.667301
▁وأثر	-11.667339
/31	-11.667348
كوس	-11.667711
▁57/1	-11.667715
▁يشار	-11.667835
▁k	-11.667945
ni	-11.668018
▁للاشتراك	-11.668041
حاج	-11.668111
▁أهلية	-11.668502
▁68-	-11.668537
باي	-11.668617
▁والشرق	-11.668670
رأة	-11.668820
إيطاليا	-11.669104
▁وأشكال	-11.669110
▁يؤديه	-11.669176
ــــــــــــــــ	-11.669352
▁إحياء	-11.669426
▁لش	-11.669656
▁أنتيغوا	-11.669779
▁والبنات	-11.669937
▁أذن	-11.669997
▁التركي	-11.670007
▁يبرز	-11.670132
جني	-11.670139
▁تنميتها	-11.670169
وذ	-11.670185
▁الإنكليزية	-11.670464
▁الخصوبة	-11.670628
▁الاستثناء	-11.670739
تواضع	-11.670898
▁يهوذا	-11.670987
▁بأس	-11.671169
▁محاكمات	-11.671261
▁مول	-11.671268
2004	-11.671320
▁فني	-11.671334
▁مقابلات	-11.671466
▁نموذجي	-11.671576
▁جانبا	-11.671798
▁أبوجا	-11.671869
▁موقعا	-11.672109
إنشاء	-11.672165
▁المتكبدة	-11.672253
▁وعام	-11.672358
▁مشمولة	-11.672379
▁هدفها	-11.672411
▁مقبولا	-11.672617
▁وتمشيا	-11.672675
ساند	-11.672769
1/	-11.672898
ليل	-11.672955
▁وواجبات	-11.672983
▁والنشر	-11.673097
▁فم	-11.673375
-24	-11.673527
روح	-11.673620
▁تركيزا	-11.673671
▁ومس	-11.673742
▁يتوجب	-11.673770
▁المهاجرون	-11.673804
▁h	-11.674074
▁مرتكبيها	-11.674209
▁Journal	-11.674363
▁أعادت	-11.674787
▁وروح	-11.674905
▁للفرد	-11.674979
▁مترابطة	-11.674985
▁لوحدة	-11.675051
▁تناشد	-11.675211
X	-11.675517
▁يجدر	-11.675601
▁مساكن	-11.676020
▁المسلمين	-11.676181
▁واستحداث	-11.676295
يتو	-11.676375
يمان	-11.676481
▁مقبلة	-11.676490
▁ووجهت	-11.676513
وثق	-11.676530
▁مصادرة	-11.676762
▁لأنهم	-11.676865
▁والمد	-11.676877
يبة	-11.676937
▁المثل	-11.676969
افية	-11.677147
▁للاقتصاد	-11.677236
▁بمجموعة	-11.677597
▁2-1	-11.677773
▁استهداف	-11.677855
دته	-11.677949
▁ينتمي	-11.677959
▁الفع	-11.678257
▁داخلي	-11.678274
▁ضعيفة	-11.678360
▁القادرة	-11.678594
▁للفتيات	-11.678601
▁برج	-11.678755
▁3)	-11.678818
▁تجدد	-11.678837
3،	-11.678859
▁المصدرة	-11.678890
▁مستحقة	-11.678950
▁ومصرف	-11.679027
▁وبخصوص	-11.679071
30)	-11.679204
iv	-11.679372
1998	-11.679394
وثيقة	-11.679464
زاز	-11.679487
راي	-11.679505
▁استفادت	-11.680131
▁69-	-11.680231
▁والرابع	-11.680598
▁غرينادين	-11.680724
▁غيرهم	-11.680735
▁نشجع	-11.680841
توطيد	-11.681002
الق	-11.681040
▁ليسوتو	-11.681066
دافع	-11.681263
▁مقابلة	-11.681431
ضغط	-11.681439
ظاهرة	-11.681801
▁الخيرية	-11.681911
▁برنامجها	-11.681962
▁بالص	-11.681985
▁والفتاة	-11.682002
▁سورينام	-11.682055
متوسط	-11.682115
▁لأمان	-11.682180
▁لعل	-11.682230
خدمة	-11.682486
▁المنظمتين	-11.682573
▁2006؛	-11.682912
▁خلافا	-11.683000
▁مصاب	-11.683006
▁قبولها	-11.683036
2.	-11.683058
1.	-11.683290
▁إظهار	-11.683387
▁آي	-11.683479
▁هار	-11.683790
/62/2	-11.684531
▁للإناث	-11.684561
▁فيجب	-11.684572
▁أملها	-11.684599
▁إنفاق	-11.684769
▁للتصديق	-11.684827
رمي	-11.685002
▁تضر	-11.685064
تضافر	-11.685224
▁للبضائع	-11.685236
21)	-11.685350
▁والإنتاج	-11.685378
▁للدراسات	-11.685416
▁المب	-11.685480
▁صحفي	-11.685616
▁حيويا	-11.685683
▁تسير	-11.685778
▁يشكلون	-11.685863
▁الحرارة	-11.685926
▁الجبر	-11.686011
▁صح	-11.686011
▁الاب	-11.686187
▁تتوقع	-11.686218
لد	-11.686234
▁الجبال	-11.686242
▁واحت	-11.686375
الميزانية	-11.686582
إلحاح	-11.686707
18)	-11.686868
يلو	-11.687080
▁ويسر	-11.687201
▁المراعاة	-11.687273
▁حص	-11.687345
▁التعقيد	-11.687576
▁بوصة	-11.687593
▁وأيد	-11.687678
▁بالمطالبات	-11.687696
برم	-11.687840
▁مضادة	-11.688021
▁بأشكال	-11.688260
▁بوش	-11.688554
▁مسافة	-11.688872
▁الوسط	-11.688980
/54/	-11.689001
si	-11.689004
منا	-11.689013
▁ورق	-11.689198
تجانس	-11.689269
▁المستهلكة	-11.689277
▁dis	-11.689344
▁2001؛	-11.689354
▁بلدة	-11.689457
▁السمات	-11.689641
▁التسهيلات	-11.689699
▁قلت	-11.689754
▁موضوعا	-11.689801
▁الاستثناءات	-11.689909
▁مدته	-11.690171
▁إنكار	-11.690384
Pro	-11.690460
▁بفرض	-11.690460
▁للان	-11.690582
▁مزمور	-11.690608
▁قادرا	-11.690728
ms	-11.690730
▁حديث	-11.690806
اتفاق	-11.691006
▁جدية	-11.691098
حتاج	-11.691203
41)	-11.691206
▁والسياحة	-11.691418
▁الإفادة	-11.691733
▁خالص	-11.691871
وسائل	-11.691878
▁المعرضين	-11.692054
يوني	-11.692111
تشاطر	-11.692191
▁افت	-11.692203
▁لشراء	-11.692314
▁بتوزيع	-11.692332
▁تستلزم	-11.692333
▁أهدافا	-11.692391
▁عقاب	-11.692489
ord	-11.692649
▁الباطن	-11.692717
▁حديثه	-11.692772
فوض	-11.692885
تعامل	-11.692904
▁ويركز	-11.692986
▁المغربية	-11.692987
▁لجامعة	-11.692994
ابات	-11.693110
وبا	-11.693273
▁الاستبعاد	-11.693355
▁قلقا	-11.693381
▁131	-11.693563
خدمت	-11.693925
▁التجهيز	-11.694325
▁الوقائي	-11.694387
▁الشك	-11.694409
▁والاتفاقيات	-11.694660
▁يرفع	-11.694793
▁الوسيلة	-11.694840
▁مشاركا	-11.694877
▁وتكرر	-11.694906
▁ستجري	-11.694911
▁وغ	-11.694982
▁أبريل	-11.695185
▁أثرا	-11.695263
▁يعوق	-11.695401
▁كاس	-11.695467
▁تأثيرات	-11.695608
▁يناقش	-11.695849
▁ويقدر	-11.695888
دائن	-11.696154
▁تفاعل	-11.696204
▁المقابلة	-11.696341
ناظر	-11.696727
▁المزارع	-11.696728
▁أبدته	-11.696733
كاس	-11.696758
ستجيب	-11.696831
▁فتوى	-11.696896
▁لاستراتيجية	-11.696955
7،	-11.697209
▁الإعفاء	-11.697304
▁1991.	-11.697532
▁منصف	-11.697665
▁نفذ	-11.697817
▁الإمكانيات	-11.697919
▁شجعت	-11.697972
متطوع	-11.698307
▁مساواة	-11.698368
▁مطابقة	-11.698404
▁والمادية	-11.698833
▁يشملها	-11.698897
▁نواجه	-11.699061
▁ورود	-11.699140
ثقل	-11.699243
▁حماس	-11.699319
▁ظ	-11.699571
▁إنني	-11.699611
اكو	-11.699642
▁تكمل	-11.699700
يسي	-11.700017
▁Press	-11.700064
الأونكتاد	-11.700090
ak	-11.700118
▁الملف	-11.700241
▁النظامية	-11.700324
▁المتطوعين	-11.700492
تعاطف	-11.700523
▁ويشدد	-11.700796
تركز	-11.700803
ذة	-11.700807
▁ودعمها	-11.700909
▁انتهى	-11.700940
▁وشجع	-11.700988
يتس	-11.701078
▁اعتقاد	-11.701300
▁ودولية	-11.701355
▁have	-11.701361
▁الإيرانية	-11.701427
وهي	-11.701597
▁تجاوزت	-11.701598
▁الصحيحة	-11.701730
يونيسبيس	-11.701793
▁الأرجح	-11.701902
غري	-11.701925
▁st	-11.701927
▁no	-11.701992
أسف	-11.702198
▁تطرح	-11.702211
▁والإنعاش	-11.702226
▁ترتب	-11.702359
▁نشأ	-11.702417
▁بمسؤولياتها	-11.702548
▁باللجنة	-11.702622
▁إشارات	-11.702757
▁المنتخبين	-11.702822
▁نتمكن	-11.702896
ئن	-11.703005
▁شفافة	-11.703070
▁لتزويد	-11.703095
▁المحرومة	-11.703103
bi	-11.703200
واكب	-11.703215
▁طاقة	-11.703235
▁المواعيد	-11.703476
▁الجافة	-11.703580
▁وادي	-11.703628
▁السعادة	-11.703771
▁المستكملة	-11.703868
ضطر	-11.703918
▁حب	-11.704021
▁التعددية	-11.704082
▁الفاو	-11.704107
معيار	-11.704126
▁مشاركتهم	-11.704232
▁والإسهام	-11.704306
▁منصبه	-11.704451
▁الموقر	-11.704462
فور	-11.704679
▁لتعديل	-11.704687
▁ممارستها	-11.704780
▁والمؤثرات	-11.704838
تحمل	-11.704857
وحد	-11.705138
▁شهور	-11.705295
▁تفعيل	-11.705437
وفر	-11.705503
▁واعتبر	-11.705506
per	-11.705513
Chief	-11.705524
▁المستشفى	-11.705694
▁المواطن	-11.705925
▁An	-11.706325
▁وتعكس	-11.706360
فرض	-11.706455
▁بارزة	-11.706515
▁تفشي	-11.706517
▁اثنان	-11.706586
/59/2	-11.706616
▁وجرت	-11.706704
▁والأرجنتين	-11.706762
عملية	-11.706932
سكو	-11.706944
▁سوازيلند	-11.707019
▁مركزي	-11.707107
ينو	-11.707115
▁بلوغه	-11.707287
طائفة	-11.707295
▁دع	-11.707355
▁الأخشاب	-11.707407
▁ارتكابها	-11.707467
▁سبقت	-11.707494
▁نم	-11.707556
▁للبروتوكول	-11.707702
▁اعادة	-11.707741
تكوين	-11.707857
الاضطلاع	-11.707859
▁رح	-11.708138
▁بيل	-11.708263
▁تطورا	-11.708296
▁بنو	-11.708365
▁ترسيخ	-11.708419
▁مراقبين	-11.708517
▁عمالة	-11.708619
▁الخل	-11.708697
▁أعض	-11.709044
▁لبروتوكول	-11.709234
▁نجاحا	-11.709253
▁للفقراء	-11.709276
▁خلاله	-11.709281
▁توصياته	-11.709437
قائد	-11.709495
▁(2004).	-11.709556
▁وترتيبات	-11.709628
راح	-11.709651
▁July	-11.709659
▁التبغ	-11.709819
▁تؤمن	-11.709934
ستقبل	-11.710127
▁الأداة	-11.710350
▁لازمة	-11.710431
كثف	-11.710456
▁الكوبية	-11.710572
▁الصالح	-11.710744
▁للوكالات	-11.710904
▁وتخطيط	-11.710958
نيجيريا	-11.711067
▁لإثبات	-11.711116
حفظ	-11.711158
طبع	-11.711167
كفل	-11.711275
▁وناقش	-11.711308
▁وتاريخ	-11.711352
▁2008-2009.	-11.711791
▁والحرية	-11.711913
/2/	-11.711999
▁معروضة	-11.712020
▁والبرلمان	-11.712432
▁وهيكل	-11.712461
صاحب	-11.712584
▁إخلال	-11.712790
موعد	-11.712832
▁وهندوراس	-11.712918
تصاعد	-11.712934
able	-11.713039
▁الإيطالية	-11.713138
ستان	-11.713142
▁فرنك	-11.713191
▁السهل	-11.713238
▁وأيدت	-11.713265
تصور	-11.713276
▁مدنيين	-11.713350
▁لغير	-11.713377
16)	-11.713449
▁يقدموا	-11.713610
▁(16)	-11.713640
▁بالمحكمة	-11.713659
▁المنتظر	-11.713689
▁لقضية	-11.713737
ومة	-11.713754
▁70-	-11.713786
▁يستجيب	-11.713851
▁أوراق	-11.714003
▁استقبال	-11.714032
▁وجماعات	-11.714047
▁والمفوضية	-11.714122
تكفل	-11.714145
بحر	-11.714296
سكا	-11.714297
▁ولجان	-11.714607
▁وسيواصل	-11.714655
▁البا	-11.714660
والد	-11.714684
11)	-11.714853
▁إلخ	-11.714865
▁مستشفى	-11.715075
▁ختامية	-11.715364
▁(12	-11.715459
▁عشرات	-11.715511
▁الآمنة	-11.715708
تنافى	-11.715819
▁الساحة	-11.715883
▁المعقول	-11.715910
▁الموردين	-11.716147
▁تفضيل	-11.716159
▁واتفاقات	-11.716162
▁سيواصل	-11.716191
▁يضر	-11.716212
▁وعما	-11.716246
▁لمهام	-11.716338
▁٣٢	-11.716406
▁شفوي	-11.716522
▁يكتسي	-11.716677
تأمل	-11.716680
▁والغاز	-11.716784
سلسلة	-11.716878
1994	-11.717010
▁ببذل	-11.717088
▁المسبق	-11.717092
▁خوسيه	-11.717116
▁فكيف	-11.717213
▁تغيرات	-11.717220
▁الحاضرين	-11.717299
+	-11.717413
▁(1973)	-11.717580
▁الإجابة	-11.717634
▁حدودها	-11.717654
▁تأثر	-11.717813
زمع	-11.717975
▁الرحم	-11.718102
زيادة	-11.718232
▁يكونون	-11.718467
▁لديك	-11.718533
▁والموافقة	-11.718663
▁يتلقون	-11.718722
▁الروانديين	-11.718794
▁عوائق	-11.718883
▁قواتها	-11.718925
/2)	-11.719123
▁بالبرنامج	-11.719179
▁عائقا	-11.719298
▁استئماني	-11.719324
▁62/1	-11.719359
رحب	-11.720034
▁والملاحظات	-11.720094
▁المصادرة	-11.720117
▁وحجم	-11.720162
▁للجماعات	-11.720211
▁مستندات	-11.720358
▁جبر	-11.720496
/60/1	-11.720500
▁رياض	-11.720738
▁بجدية	-11.720806
▁متناول	-11.720843
صندوق	-11.720984
26)	-11.721267
▁(15)	-11.721450
▁ويظل	-11.721552
▁وأصدرت	-11.721560
▁الضريبي	-11.721600
▁مكتبة	-11.721601
▁المشروط	-11.721862
▁العنيفة	-11.721872
▁التمكين	-11.722080
▁مناهج	-11.722111
وهو	-11.722142
▁عيش	-11.722143
▁اث	-11.722260
▁يسير	-11.722317
▁وليختنشتاين	-11.722350
ملا	-11.722513
شراك	-11.722607
▁العموم	-11.722652
فية	-11.722677
▁زالوا	-11.722725
راءات	-11.722803
سلم	-11.722812
▁المطبوعة	-11.722873
نوي	-11.723003
تخصص	-11.723072
▁العمومي	-11.723072
درجت	-11.723219
تيل	-11.723243
▁York	-11.723311
▁يأمل	-11.723313
▁السمك	-11.723440
▁الجواب	-11.723607
شرط	-11.723710
46)	-11.723885
tes	-11.724096
▁4)	-11.724149
▁الي	-11.724298
▁السمية	-11.724366
-17	-11.724369
المرتبطين	-11.724421
▁اضطلاع	-11.724631
▁144	-11.724637
▁افريقيا	-11.724645
▁مجهول	-11.724675
عثر	-11.724733
▁Mo	-11.724919
▁إدانته	-11.724936
▁مادية	-11.724969
▁وهيئاتها	-11.725032
▁المتساوي	-11.725069
▁للجهات	-11.725094
ear	-11.725110
▁طور	-11.725221
▁ينف	-11.725257
صمم	-11.725323
حو	-11.726167
▁وأس	-11.726184
▁ونوعية	-11.726288
▁طرحت	-11.726344
▁submission	-11.726435
▁وتغطي	-11.726507
خاطب	-11.726715
▁مسؤوليته	-11.726758
▁لنفس	-11.726761
تسو	-11.726892
art	-11.727154
▁ex	-11.727180
▁المحظورة	-11.727214
▁والأقليات	-11.727315
▁(1967)	-11.727341
▁وبدعم	-11.727427
▁استثنائي	-11.727468
▁تضاعف	-11.727837
▁3-1	-11.727990
▁149	-11.728032
▁ومهام	-11.728237
▁(1995)	-11.728278
▁بتخصيص	-11.728629
▁بالمقرر	-11.728791
▁ضارة	-11.728797
▁تشريعي	-11.729128
▁المستشارين	-11.729129
.22	-11.729196
▁للعدو	-11.729279
▁وصفا	-11.729498
▁النباتات	-11.729548
13)	-11.729725
ثمر	-11.729797
▁ويقول	-11.730009
▁وفييت	-11.730232
▁للمراجعة	-11.730424
قاطع	-11.730429
▁والمقبلة	-11.730443
حملة	-11.730574
تربية	-11.730606
▁هد	-11.730652
▁والمتفجرات	-11.730887
▁حينئذ	-11.731021
▁139	-11.731055
▁le	-11.731152
▁وتقليل	-11.731246
▁وكجزء	-11.731335
▁المدارية	-11.731454
▁البنزين	-11.731549
▁156	-11.731880
▁ضئيلة	-11.731893
▁بتمديد	-11.731909
▁يقوض	-11.731970
▁وخط	-11.731981
▁باليوم	-11.732013
▁الحاصلة	-11.732205
▁والبعثات	-11.732232
EM	-11.732236
▁(20)	-11.732349
▁المؤدية	-11.732357
▁القتالية	-11.732417
خار	-11.732671
▁محتويات	-11.732683
▁كاليدونيا	-11.733005
▁بمقدور	-11.733140
ويا	-11.733255
▁إحاطات	-11.733348
▁المقاومة	-11.733467
▁والأفرقة	-11.733525
▁مشروعية	-11.734037
▁ودراسة	-11.734041
▁ثقافية	-11.734279
سحب	-11.734347
▁للديمقراطية	-11.734474
▁وسانت	-11.734529
▁قطاعي	-11.734697
▁ماريا	-11.734885
▁السعر	-11.735118
▁الاولى	-11.735210
▁عراقي	-11.735235
▁وموزامبيق	-11.735376
جهز	-11.735621
▁كلاوت	-11.735764
▁June	-11.735838
/46	-11.736456
VI	-11.736586
▁للقياس	-11.736683
▁تصريف	-11.736765
▁والأمر	-11.736820
▁الفريدة	-11.736878
▁وأك	-11.736965
▁خماسي	-11.737054
▁وممثلو	-11.737069
▁يقارب	-11.737175
▁مشاركته	-11.737226
▁الخارجيين	-11.737471
▁الفاصلة	-11.737569
▁سيظل	-11.737633
▁استفتاء	-11.737635
▁ليسوا	-11.737831
▁والمعاملة	-11.737894
▁فالم	-11.737924
عبء	-11.738002
▁تحي	-11.738003
بير	-11.738410
▁والمدارس	-11.738529
▁أنفسنا	-11.738535
▁145	-11.738775
▁137	-11.738912
▁71-	-11.738987
▁ترأس	-11.739344
▁تعسفا	-11.739441
يسو	-11.739467
▁بمجلس	-11.739568
يزي	-11.739759
▁تعرقل	-11.739857
▁سم	-11.740234
▁نواتج	-11.740393
▁الأمطار	-11.740456
قتصر	-11.740458
▁إصابات	-11.740779
▁إذكاء	-11.740895
▁مكانة	-11.740926
▁لموظف	-11.741157
▁التكافؤ	-11.741180
▁وستقدم	-11.741384
▁الخلاف	-11.741515
▁والط	-11.741530
▁طوعا	-11.741701
▁تلعب	-11.741724
▁الحريات	-11.741744
▁الزيادات	-11.741745
▁ملتزم	-11.741795
▁قطعت	-11.741986
▁ويشارك	-11.742000
جمل	-11.742110
جانب	-11.742266
▁الكندي	-11.742322
بيت	-11.742328
▁تسونامي	-11.742331
▁يفرضها	-11.742464
لتها	-11.742543
▁وشرق	-11.742568
▁ومناطق	-11.742605
ong	-11.742639
ساهم	-11.742657
تناول	-11.742764
▁بكلمة	-11.742805
▁وأم	-11.742844
تعارض	-11.742984
▁تشج	-11.743004
▁وحلها	-11.743026
▁للسلامة	-11.743049
▁بالقوات	-11.743071
▁قادمة	-11.743131
▁يستغرق	-11.743142
تعاقد	-11.743202
▁نؤمن	-11.743382
تمشى	-11.743451
▁والبند	-11.743488
▁الوصف	-11.743519
▁نواحي	-11.743873
سترشد	-11.743905
البرنامج	-11.743965
▁يمول	-11.744114
▁اختصاصها	-11.744361
احتياط	-11.744484
▁الآ	-11.744524
▁تتعهد	-11.744646
▁بالاعتماد	-11.744679
▁أثرها	-11.744690
▁للمحاكم	-11.744720
خفض	-11.744789
▁أنسب	-11.744952
▁منحت	-11.745103
▁وإدراكا	-11.745341
▁اضطر	-11.745412
▁تنفذها	-11.745892
▁استحقاق	-11.745934
▁مجتمعة	-11.746075
▁لقوانين	-11.746096
▁الريفيات	-11.746294
▁المفيدة	-11.746295
▁سعت	-11.746875
▁(200	-11.746881
▁منطقتي	-11.746884
▁تعميق	-11.746986
▁Reports	-11.747071
▁بالبيانات	-11.747207
▁العشرة	-11.747215
▁وكازاخستان	-11.747231
▁بلدكم	-11.747244
▁للرجل	-11.747256
ربين	-11.747352
▁الأوان	-11.747406
ــــــــ	-11.747423
▁يومين	-11.747613
▁لأسلحة	-11.747849
▁وإلغاء	-11.747855
▁مط	-11.747856
▁2:	-11.748128
تكافؤ	-11.748137
1997	-11.748310
تعليق	-11.748497
▁مستقلا	-11.748541
▁الفرار	-11.748627
▁التشكيل	-11.748810
▁نظامه	-11.748905
▁إعدادها	-11.749116
28)	-11.749133
▁يزالون	-11.749250
▁النسخة	-11.749384
▁يسود	-11.749450
▁التعاهدية	-11.749464
▁منظمتنا	-11.749557
▁CD	-11.749653
▁الشيطان	-11.749664
جزر	-11.749813
شتى	-11.749845
▁المتداخلة	-11.749856
▁2006-2007،	-11.749975
▁لحركة	-11.749999
تناقص	-11.750267
▁ومرة	-11.750362
▁del	-11.750406
نعم	-11.750502
▁ومسألة	-11.750558
▁الانتهاك	-11.750598
▁72-	-11.750790
▁انك	-11.750955
▁أتيح	-11.751100
▁شعر	-11.751245
▁التلفزيون	-11.751333
▁المصروفات	-11.751368
▁وبروتوكولها	-11.751573
جيران	-11.751598
▁نيو	-11.751606
▁وبدء	-11.751652
▁نعلم	-11.752007
▁وشمال	-11.752202
▁للحضور	-11.752593
▁تجسد	-11.752700
▁استخلاص	-11.752748
▁الاختلاف	-11.752769
▁أنجز	-11.752783
زود	-11.752901
▁مرشحين	-11.753090
▁غرف	-11.753163
tic	-11.753169
ٌّ	-11.753243
60)	-11.753376
▁بالنجاح	-11.753508
▁والشروط	-11.753542
▁الاقليمية	-11.753557
▁محيط	-11.753769
▁بالتقارير	-11.753849
▁بحياة	-11.753981
▁للدور	-11.753989
▁متأخرات	-11.754074
▁دوليين	-11.754224
▁(15	-11.754278
▁العرفية	-11.754422
/50	-11.754457
▁المحالة	-11.754460
▁فكان	-11.754544
رمان	-11.754836
▁الهندية	-11.754932
رشد	-11.754975
طلع	-11.755075
▁تتطلع	-11.755219
ستخلص	-11.755324
▁للاست	-11.755410
▁يحترم	-11.755911
▁موظفون	-11.755912
▁حو	-11.755936
▁ويعكس	-11.756033
▁انتق	-11.756295
مزمور	-11.756322
▁وفلسطين	-11.756419
▁الشفوي	-11.756585
▁وظيفتين	-11.756756
▁للإصابة	-11.756800
أعضاء	-11.756837
▁لإدخال	-11.756885
/34	-11.756928
▁الصفحتان	-11.757174
غادر	-11.757213
▁العلامات	-11.757288
▁وانضمت	-11.757373
▁الاحتياطية	-11.757422
▁1948	-11.757477
▁وشك	-11.757483
مؤتمر	-11.757574
▁تخرج	-11.757716
▁المزعوم	-11.757969
▁التح	-11.758029
▁الأرباح	-11.758040
▁زمام	-11.758108
أنشأت	-11.758132
▁لأفغانستان	-11.758297
رؤ	-11.758629
▁بالفقر	-11.758719
▁وإلا	-11.758804
▁المحال	-11.758897
45)	-11.759006
▁وحددت	-11.759018
56)	-11.759044
▁قوام	-11.759095
▁بعث	-11.759142
لمستويات	-11.759210
يعقدها	-11.759350
▁وصفها	-11.759457
);	-11.759485
▁الامم	-11.759533
خبير	-11.759637
▁رسالته	-11.759735
▁التعاريف	-11.759902
▁تكريس	-11.759987
تعقب	-11.760049
▁الأخ	-11.760298
▁افضل	-11.760378
▁again	-11.760393
▁للبيان	-11.760416
▁الكف	-11.760515
▁مخزون	-11.760837
▁نواصل	-11.760865
▁كيلومتر	-11.760878
▁تسيير	-11.760932
نزل	-11.761041
انسحاب	-11.761144
▁1998-1999	-11.761355
قرب	-11.761378
▁والذخيرة	-11.761778
▁مقررة	-11.761800
▁وز	-11.761803
ؤكد	-11.761960
نتي	-11.762107
▁August	-11.762239
▁وجيزة	-11.762259
▁بالأهمية	-11.762366
▁الأمة	-11.762655
▁الفا	-11.762682
▁2004؛	-11.763000
▁والخطط	-11.763076
▁فرجن	-11.763213
▁أنهما	-11.763241
▁وتوصياتها	-11.763424
▁المسيحي	-11.763514
▁وأنظمة	-11.763563
▁المراهقات	-11.763628
▁الضخمة	-11.763637
لاع	-11.763647
▁does	-11.763667
▁والسعي	-11.763891
ساعد	-11.763893
▁دافع	-11.764000
do	-11.764012
▁ميناء	-11.764034
▁translation	-11.764088
▁الانتفاع	-11.764202
▁بروني	-11.764256
حصر	-11.764521
▁وقيم	-11.764533
▁توصياتها	-11.764694
▁التنازل	-11.764982
▁أصدقاء	-11.765161
▁Annex	-11.765475
▁صحفية	-11.765554
يسا	-11.765791
▁وزمبابوي	-11.765857
49)	-11.766171
عترف	-11.766247
مقارنة	-11.766276
▁ورهنا	-11.766419
▁استجابت	-11.766451
▁(8	-11.766636
▁انني	-11.766863
▁الخرطوم	-11.766866
تبادل	-11.766923
▁قول	-11.767226
▁جانبها	-11.767333
ٱس	-11.767356
▁مساعدتها	-11.767464
يغ	-11.767504
بدل	-11.767570
▁ناشئة	-11.767638
▁خطيا	-11.767739
ستثمر	-11.767812
▁بالأحكام	-11.767828
▁وأنشأ	-11.767837
امثال	-11.767847
▁تعددية	-11.767848
▁المقبول	-11.767849
▁مفصل	-11.767866
▁يوف	-11.767979
▁السبع	-11.767985
▁الكرة	-11.768270
كرا	-11.768277
▁(1997)	-11.768367
▁لتحويل	-11.768510
▁المحافظات	-11.768724
▁والمسنين	-11.768738
▁الفل	-11.768887
▁بالدولة	-11.768887
▁مواطنين	-11.768895
▁سياستها	-11.768902
▁تسود	-11.768917
app	-11.768983
▁التعداد	-11.769012
▁منطلق	-11.769175
▁واللوازم	-11.769193
▁وتبسيط	-11.769458
▁التهم	-11.769484
▁يصف	-11.769562
▁بالنقل	-11.769695
/62/1	-11.769819
▁للعولمة	-11.769838
▁ينجم	-11.769958
مبادئ	-11.770060
▁بالاستثمار	-11.770142
▁وضعته	-11.770190
▁الصافي	-11.770469
/26	-11.770576
▁يخصص	-11.770655
▁وداخل	-11.770700
▁147	-11.770826
▁للمقارنة	-11.770868
تواتر	-11.770879
▁المستقلين	-11.770888
▁المودعة	-11.770950
نته	-11.771091
▁قلقهم	-11.771148
بصر	-11.771492
▁المحر	-11.771511
▁وسيقوم	-11.771516
▁تعقب	-11.771574
تجار	-11.771706
▁ينقل	-11.771759
/2،	-11.771809
.2/57/	-11.771881
▁المبتكرة	-11.771937
▁وتسليم	-11.771968
تقييم	-11.772057
انتخاب	-11.772079
▁بالبرامج	-11.772235
▁Affairs	-11.772446
▁المستجدة	-11.772447
▁نجحت	-11.772448
▁المرجانية	-11.772466
▁التجنيد	-11.772618
▁رعاياها	-11.772723
غفل	-11.772922
▁الجينية	-11.772941
/51	-11.773036
هيئ	-11.773092
▁حثت	-11.773097
▁الشهري	-11.773108
▁الماسة	-11.773241
▁المسكن	-11.773255
▁صريحة	-11.773298
▁وأهم	-11.773332
▁المكونة	-11.773363
▁their	-11.773372
▁Protocol	-11.773374
za	-11.773401
▁فائض	-11.773598
▁فانواتو	-11.773643
نهج	-11.773719
▁2002؛	-11.773724
▁والتصحر	-11.773846
▁لسيراليون	-11.773849
▁di	-11.773947
▁مرتبة	-11.774049
كلي	-11.774266
▁والمرض	-11.774379
▁تعريفا	-11.774525
▁معنا	-11.774606
▁وبيان	-11.774606
▁مسكن	-11.774740
▁ضريبة	-11.774851
وادي	-11.774871
وجود	-11.774921
vo	-11.775093
▁Office	-11.775114
▁بياناتها	-11.775238
▁والرفاه	-11.775248
سياس	-11.775334
▁يج	-11.775360
▁الأعم	-11.775659
▁يستطيعون	-11.775670
▁were	-11.775716
▁مشفوعة	-11.775716
▁تخلف	-11.775720
▁وشركاء	-11.775723
▁دقيقا	-11.775755
▁تضارب	-11.775780
▁ولت	-11.775939
▁وآخر	-11.776088
▁Environment	-11.776121
يكس	-11.776123
▁ابت	-11.776228
▁والرابطة	-11.776236
▁بريد	-11.776246
▁البحثية	-11.776290
▁السكاني	-11.776324
.3/62/	-11.776524
▁(1992)	-11.776726
شهد	-11.776826
▁واجهت	-11.776877
▁المعوقات	-11.776881
▁تجريها	-11.776912
▁الروحي	-11.777013
▁الشهور	-11.777123
▁اكت	-11.777170
▁217	-11.777265
▁وسم	-11.777269
▁وسلامتها	-11.777353
▁مدعوة	-11.777424
▁المتسم	-11.777501
▁التداولية	-11.777549
▁الاستيراد	-11.777637
▁سمات	-11.777668
▁نتج	-11.777698
▁٣٣	-11.777757
▁الحظ	-11.777793
▁العميقة	-11.777924
تحيز	-11.777962
▁الغوثية	-11.778057
▁وتيمور	-11.778063
قرأ	-11.778079
▁للنزاع	-11.778094
!	-11.778103
▁الأشد	-11.778165
فكرة	-11.778210
يص	-11.778464
رأ	-11.778471
▁نظير	-11.778498
▁محددا	-11.778621
▁الأخص	-11.778763
نفس	-11.778804
استبدال	-11.778849
▁يعقوب	-11.778924
▁اعترافا	-11.778930
ندر	-11.778955
▁يتكون	-11.779148
▁يبي	-11.779178
▁معاش	-11.779428
يغا	-11.780046
▁مقدمو	-11.780059
25)	-11.780075
▁رق	-11.780115
سهل	-11.780207
▁ألقاه	-11.780425
قاوم	-11.780836
▁المطلق	-11.780874
▁under	-11.780892
▁العبارات	-11.780926
يعزى	-11.781039
▁التق	-11.781077
▁الانتخابي	-11.781180
▁والقضائية	-11.781194
▁إسناد	-11.781433
▁يلقي	-11.781433
ضمان	-11.781667
▁السحب	-11.781869
▁الراغبة	-11.782013
▁المراد	-11.782028
سابق	-11.782125
▁زيادات	-11.782196
ستعاض	-11.782549
فشل	-11.782773
▁تدني	-11.782798
▁باستقلال	-11.782875
تهديد	-11.783112
صو	-11.783148
▁الميدانين	-11.783308
▁القنوات	-11.783745
▁اللوازم	-11.783754
▁مقرها	-11.783807
▁وحدد	-11.783833
▁141	-11.783837
▁اسبانيا	-11.783925
▁سفينة	-11.784104
.4/2006/	-11.784150
▁ولاسيما	-11.784174
▁شهرين	-11.784196
▁المدنيون	-11.784466
▁الموسع	-11.784624
▁للمنافسة	-11.784644
▁أفضت	-11.784660
▁دورتيه	-11.784752
▁تبيان	-11.784954
▁بعام	-11.785087
▁وتتناول	-11.785105
▁ٱلط	-11.785105
▁يعي	-11.785492
شهر	-11.785547
▁تأسف	-11.785582
▁تعيينات	-11.785586
▁الأمفيتامينية	-11.785588
▁نز	-11.785679
▁كام	-11.785732
-2004	-11.785748
▁تمتنع	-11.785793
▁مفرط	-11.785868
▁اول	-11.785882
▁للإطار	-11.786317
▁سعي	-11.786402
▁جذور	-11.786535
▁963	-11.786724
▁Inter	-11.786860
تداخل	-11.786919
▁its	-11.787040
▁أجرته	-11.787108
▁الاستيلاء	-11.787122
/28	-11.787128
▁ويضطلع	-11.787183
▁المتداول	-11.787338
▁أش	-11.787358
▁لتنظر	-11.787372
▁ويرجع	-11.787405
▁السوابق	-11.787480
▁اقتراحا	-11.787579
▁بالإعلان	-11.787600
سوم	-11.787664
▁المكمل	-11.787942
▁لموضوع	-11.787992
▁للتخلص	-11.788029
▁لاستخدامها	-11.788031
قاض	-11.788177
▁جم	-11.788225
▁المنصرم	-11.788428
▁21,	-11.788440
ical	-11.788706
▁النق	-11.788806
مبدأ	-11.788841
▁والمراقبين	-11.788895
▁لمعلومات	-11.788914
▁وتجهيز	-11.788937
▁طعن	-11.788962
▁مطرد	-11.788985
▁غامبيا	-11.789375
▁تنظيمها	-11.789392
▁European	-11.789426
ريان	-11.789614
تدبير	-11.789625
▁وقتل	-11.789711
▁العبادة	-11.789851
ترابط	-11.790051
مكتب	-11.790396
▁بتكاليف	-11.790410
▁أصدرتها	-11.790624
▁وقطع	-11.790657
▁un	-11.790684
▁تكتسي	-11.790758
شج	-11.790839
▁والاستقلال	-11.790993
مقاضاة	-11.791002
▁اجراء	-11.791167
ner	-11.791221
▁تنوي	-11.791222
▁ويغطي	-11.791239
▁143	-11.791312
▁السيئة	-11.791313
باشر	-11.791360
▁تشديد	-11.791367
▁ولكسمبرغ	-11.791617
▁المسعى	-11.791712
▁وأجرت	-11.791758
▁تشترط	-11.791788
▁Po	-11.791811
▁نصب	-11.792439
▁توا	-11.792440
يبا	-11.792490
▁والتر	-11.792627
.4/2005/	-11.792665
▁مورد	-11.792671
▁Ho	-11.792713
▁قاموا	-11.793131
▁175	-11.793140
▁المضمار	-11.793177
▁أمان	-11.793200
درك	-11.793340
ستمع	-11.793435
52)	-11.793458
أستراليا	-11.793500
▁مانح	-11.793680
▁تهميش	-11.793737
▁المثيرة	-11.793816
▁واستعمال	-11.793852
▁المنظ	-11.793948
▁تص	-11.793963
▁مسؤوليتها	-11.793964
▁وتتطلع	-11.794097
صبح	-11.794130
▁ترجو	-11.794132
▁المحتوى	-11.794139
▁والحلقات	-11.794140
ضبط	-11.794149
▁وأخرى	-11.794153
▁إلزامية	-11.794528
▁شجع	-11.794693
tor	-11.794740
▁التعزيز	-11.794874
▁وإثيوبيا	-11.795213
▁التعليمات	-11.795322
▁اشتراكات	-11.795546
▁الإبراهيمي	-11.795561
▁سلفا	-11.795643
▁تنتمي	-11.795646
▁تصفية	-11.795888
خبراء	-11.795903
▁وسان	-11.795955
واحدة	-11.796103
تتسم	-11.796227
/61/1	-11.796411
▁البروتوكولين	-11.796499
▁داكار	-11.796559
▁شحن	-11.796600
حيث	-11.796607
▁جسم	-11.796701
تمثل	-11.796765
▁آخذا	-11.796831
▁(18)	-11.796885
▁التشاورية	-11.796966
▁نجم	-11.797040
▁ايمان	-11.797199
▁مترا	-11.797273
▁يزعم	-11.797792
▁لولا	-11.797858
▁ردها	-11.798115
▁السر	-11.798162
54)	-11.798248
نادي	-11.798433
▁غيره	-11.798511
▁ويواصل	-11.798708
ؤيد	-11.798806
AP	-11.798846
▁ليتسنى	-11.798993
▁أبرزت	-11.799098
▁73-	-11.799205
▁أستاذ	-11.799350
فلت	-11.799391
▁والهيئة	-11.799870
▁إنتاجية	-11.799892
حقيقة	-11.800314
▁بتزويد	-11.800344
▁الوسيط	-11.800349
▁والعمال	-11.800419
▁وتضمنت	-11.800469
▁بالعملية	-11.800535
ساس	-11.800654
▁التب	-11.800756
ثا	-11.800787
▁ربع	-11.800826
▁ورقم	-11.800836
▁وضعف	-11.800932
▁بالنتائج	-11.801140
بهذه	-11.801206
▁القديم	-11.801316
▁ويضم	-11.801330
كتور	-11.801379
▁بإزالة	-11.801475
▁لحقت	-11.801478
▁أج	-11.801558
▁الاستثنائي	-11.801719
▁وقيام	-11.801805
▁بورت	-11.801805
▁الاجتماعيين	-11.801889
موت	-11.801991
▁وناميبيا	-11.801997
24)	-11.802121
مجلس	-11.802149
أخلاقيات	-11.802213
▁وتعتمد	-11.802245
▁دائن	-11.802307
▁وهايتي	-11.802337
▁146	-11.802456
▁اشتركت	-11.802469
غوي	-11.802526
عارض	-11.802592
▁والمرفق	-11.802707
-25	-11.802731
▁الرشيدة	-11.802834
كلوريد	-11.802865
▁للأعضاء	-11.803045
▁عمدا	-11.803095
▁واختتمت	-11.803670
▁والإطار	-11.803695
▁بزيارات	-11.803706
▁المتعهد	-11.803806
عتزم	-11.803811
▁والمخاطر	-11.803859
▁دروس	-11.803862
▁وانتهاكات	-11.804014
▁كلام	-11.804165
▁المأساوية	-11.804244
▁بالملكية	-11.804312
▁لأسر	-11.804319
▁إجراؤها	-11.804417
▁يحب	-11.804551
▁القبرصي	-11.804599
▁والمعوقين	-11.804668
تعديل	-11.805083
/1/	-11.805107
▁الحذر	-11.805146
▁والمقترحات	-11.805152
▁157	-11.805199
▁تلت	-11.805325
▁ويعرض	-11.805375
بنى	-11.805472
▁بمعاهدة	-11.805547
▁والاتجاهات	-11.805571
UN	-11.805742
القرارات	-11.805850
▁التمرد	-11.806007
▁February	-11.806114
حالات	-11.806157
حظر	-11.806339
▁الغيار	-11.806603
▁المرفقات	-11.806608
▁المقصد	-11.806677
▁وبيع	-11.806689
▁بالسلامة	-11.806696
تزامن	-11.806824
we	-11.806874
▁وركزت	-11.807220
كتب	-11.807362
▁القرية	-11.807455
▁بمقر	-11.807468
▁متاحا	-11.807487
▁الأسترالية	-11.807602
▁استأنف	-11.807656
▁وبوركينا	-11.807797
▁مثيرة	-11.807922
▁والريفية	-11.808051
▁وستقوم	-11.808072
▁142	-11.808173
▁1.5	-11.808223
▁أحكامها	-11.808266
▁المواتية	-11.808533
▁نسعى	-11.808539
متفق	-11.808556
▁علاقته	-11.808572
▁بسن	-11.808576
▁المستحيل	-11.808609
▁حذوها	-11.808625
دخلت	-11.808681
▁وبعبارة	-11.808704
▁74-	-11.808766
▁ازدواجية	-11.809120
▁أكاديمية	-11.809428
▁بالمعنى	-11.809430
▁فعله	-11.809468
تطلع	-11.809500
12)	-11.809577
▁المشكلات	-11.809735
▁لوقا	-11.809832
قون	-11.809977
▁(17)	-11.810003
▁2005).	-11.810020
▁خوف	-11.810157
آل	-11.810169
/33	-11.810221
▁للإسهام	-11.810277
ton	-11.810329
▁May	-11.810703
▁فجوة	-11.811053
▁واسعا	-11.811613
▁تدعي	-11.811632
▁مستمد	-11.811654
رضى	-11.811872
ضت	-11.812016
▁وأفغانستان	-11.812055
▁ضدهم	-11.812222
▁جهودهم	-11.812309
/36	-11.812409
▁بناءة	-11.812419
الحالة	-11.812423
▁حالما	-11.812439
▁روبرت	-11.812439
▁يستعمل	-11.812442
▁تعهدات	-11.812746
▁جلب	-11.812860
▁الحاسوبي	-11.812918
▁عبارات	-11.812935
▁لتقاسم	-11.813139
▁بمبادرات	-11.813152
عادة	-11.813168
▁اللوجستية	-11.813189
▁بالطرق	-11.813240
100	-11.813347
▁عظيم	-11.813506
IDB	-11.813625
▁فكل	-11.813629
▁الساري	-11.813657
فيينا	-11.813704
▁تمث	-11.813756
عبة	-11.814337
ؤثر	-11.814759
▁العدائية	-11.814835
▁لشروط	-11.814856
▁مرجع	-11.814901
▁ناجمة	-11.814964
▁تتوخى	-11.815020
▁يمث	-11.815112
▁المدعية	-11.815238
▁تنويع	-11.815281
▁بالغا	-11.815352
▁يشاركون	-11.815441
▁لإطار	-11.815593
▁ألقي	-11.815636
▁والمعني	-11.815637
▁com	-11.815715
سكان	-11.815758
الجوانب	-11.815799
▁مقعدا	-11.815964
▁بلغات	-11.816034
ستنتج	-11.816104
▁أنجزت	-11.816114
▁تحددها	-11.816236
▁بجرائم	-11.816266
▁السكنية	-11.816422
▁يؤمن	-11.816483
▁جير	-11.816524
▁مين	-11.816640
▁تشو	-11.816948
▁مراسل	-11.816981
▁2015،	-11.817039
تغي	-11.817179
▁أنشأتها	-11.817239
لخص	-11.817250
▁بالتمويل	-11.817306
▁148	-11.817309
▁واقتراح	-11.818087
▁Protection	-11.818244
▁والمتعدد	-11.818245
▁بأفريقيا	-11.818251
شيد	-11.818460
▁فهما	-11.818543
▁لحم	-11.818615
▁والغايات	-11.818736
▁00/10-00/13	-11.818769
▁وتحتاج	-11.818847
هية	-11.818849
العلاقة	-11.819065
▁دونما	-11.819114
▁للنهج	-11.819118
ارك	-11.819135
▁الإنمائيين	-11.819321
9/	-11.819498
▁إير	-11.819609
be	-11.819662
▁التقريرين	-11.819731
▁دعمنا	-11.819746
▁أحال	-11.819753
▁الكتيب	-11.819983
▁وأنغولا	-11.820103
▁ينتهي	-11.820177
▁ومقاصد	-11.820199
▁يناير	-11.820240
▁شهدنا	-11.820379
▁المدمرة	-11.820542
51)	-11.820744
▁وبطريقة	-11.820745
▁لفلسطين	-11.820803
▁أذنت	-11.820813
▁بالتقييم	-11.820948
/27	-11.821012
▁الإضافيين	-11.821013
▁والدي	-11.821099
▁للاحتفال	-11.821177
▁الصغار	-11.821246
▁شدة	-11.821511
▁بأفضل	-11.821547
▁بالشراكة	-11.821619
▁والتشاور	-11.821673
▁النفطية	-11.821695
▁see	-11.821829
▁اليوناني	-11.822004
الفقرتين	-11.822120
دما	-11.822140
▁الصحف	-11.822172
▁لبس	-11.822192
▁العريضة	-11.822210
▁الفروع	-11.822221
لسيطرة	-11.822338
ud	-11.822562
▁تواجهه	-11.822669
bo	-11.822723
▁المرجعي	-11.822741
فوا	-11.822751
▁الكونغرس	-11.822887
▁الملزمة	-11.822901
▁لمدى	-11.822912
▁التوقيعات	-11.823127
▁الاحداث	-11.823138
▁المتحدثين	-11.823178
▁ومثل	-11.823405
▁اقترحها	-11.823830
▁2007؛	-11.823973
▁تحتل	-11.824143
▁والسكن	-11.824187
▁يذهب	-11.824337
▁لاستكمال	-11.824373
▁قيامها	-11.824409
▁كحد	-11.824492
▁فأكثر	-11.824590
▁أإ	-11.824633
قارن	-11.824701
ide	-11.824861
▁الأطباء	-11.824932
فرح	-11.824967
▁وبنما	-11.825151
▁شركائها	-11.825176
▁المرتفع	-11.825493
▁كاراباخ	-11.825594
▁مكانا	-11.825684
مراقبة	-11.825745
▁لحقوقه	-11.825748
▁بإطلاق	-11.825833
▁الهولندية	-11.826086
جيب	-11.826155
تسا	-11.826325
▁الاختياريين	-11.826368
▁الابد	-11.826407
▁وسنغافورة	-11.826432
▁نعتبر	-11.826509
▁العقارية	-11.826582
▁وخبراء	-11.826592
▁معارضة	-11.826735
عوض	-11.826837
ort	-11.826921
▁يحرم	-11.827054
▁والفعالة	-11.827062
▁المحاربين	-11.827091
serv	-11.827221
▁يحرز	-11.827634
HR	-11.827733
مكان	-11.827798
▁والتطورات	-11.827831
▁ومالية	-11.827874
-2،	-11.827965
▁كاري	-11.828011
▁إلحاحا	-11.828071
نماء	-11.828105
▁الفصول	-11.828169
▁للدراسة	-11.828530
▁باي	-11.828560
index	-11.828563
اطة	-11.828964
▁النظامين	-11.829209
▁التخفيضات	-11.829253
lan	-11.829412
▁بتدريب	-11.829486
▁دولا	-11.829622
▁مؤلف	-11.829975
بوي	-11.830028
▁الفجوات	-11.830029
▁بطابع	-11.830040
▁الطبيعيين	-11.830158
▁السو	-11.830180
▁مربع	-11.830187
وقائع	-11.830188
▁للاستفتاء	-11.830262
نيك	-11.830404
▁إيل	-11.830467
▁الجريدة	-11.830692
▁منهجيات	-11.830770
▁المرتكب	-11.830829
اؤهم	-11.830839
وجي	-11.830871
▁الطالبة	-11.830896
▁البي	-11.830971
▁الثمانينات	-11.831037
▁ويكفل	-11.831051
▁مرحلي	-11.831175
▁يسع	-11.831338
/62/3	-11.831349
▁والجوانب	-11.831526
47)	-11.831566
.4/2002/	-11.831577
▁الذخيرة	-11.832007
▁لإحراز	-11.832007
إزالة	-11.832397
▁أكرا	-11.832468
▁العلنية	-11.832479
▁قطعة	-11.832673
▁المكتبة	-11.832879
▁وبحث	-11.832921
▁حاجات	-11.832938
وظيفتان	-11.833081
▁ظرف	-11.833095
▁الايمان	-11.833127
▁قدموا	-11.833132
▁وطرح	-11.833174
▁الصيف	-11.833363
▁انقطاع	-11.833375
▁يلتزم	-11.833375
58)	-11.833397
▁which	-11.833493
▁استفاد	-11.833542
ابع	-11.833566
▁تناسب	-11.833612
▁المدعو	-11.833613
▁التصفية	-11.833776
ities	-11.833858
▁والتعذيب	-11.834022
▁ندوة	-11.834024
▁الصغرى	-11.834062
وفين	-11.834157
▁وفنزويلا	-11.834369
▁انطلاق	-11.834500
▁للمدنيين	-11.834536
إدانة	-11.834684
▁الوصل	-11.834684
▁تول	-11.834945
▁اسطنبول	-11.834981
▁افتقار	-11.834995
▁والمست	-11.835050
▁يكمل	-11.835056
غطي	-11.835186
▁اختارت	-11.835335
▁يقلل	-11.835401
▁مساندة	-11.835432
▁نريد	-11.835482
▁وذك	-11.835545
لقد	-11.835567
نيت	-11.835891
/55/4	-11.836051
▁واتحاد	-11.836059
up	-11.836112
▁قومية	-11.836124
تعتزم	-11.836336
▁الصالحة	-11.836455
▁الاشخاص	-11.836475
▁ألماتي	-11.836478
▁المتراكمة	-11.836493
حات	-11.836564
▁برسالة	-11.836897
▁مؤلفة	-11.836949
▁Bo	-11.836951
ديو	-11.837201
▁عينت	-11.837204
▁وتعهد	-11.837303
فعت	-11.837308
▁موافقتها	-11.837375
▁فاس	-11.837449
▁صفر	-11.837513
▁متأخر	-11.837528
نتا	-11.837570
▁Global	-11.837887
▁Special	-11.837964
▁الهيئتين	-11.837964
▁رابطات	-11.837964
▁لليونيدو	-11.837964
▁الرحلات	-11.838007
▁الحضر	-11.838029
▁IDB	-11.838293
▁والاحتجاز	-11.838466
▁سددت	-11.838509
▁أبدى	-11.838557
▁المؤلفة	-11.838618
▁طوارئ	-11.838725
▁وخلصت	-11.838843
▁هكتار	-11.838961
باحث	-11.838970
▁ومجتمع	-11.839115
▁مرتبط	-11.839125
▁مختص	-11.839336
▁منتج	-11.839367
▁استأنفت	-11.839555
▁الكريم	-11.839600
▁تور	-11.839725
توفير	-11.839741
▁مستعد	-11.839797
▁شكر	-11.839817
▁طبع	-11.839817
▁كينشاسا	-11.839843
▁بالتدريب	-11.839926
▁شكلا	-11.839950
▁والإيرادات	-11.839957
▁45/14	-11.840229
▁للموظف	-11.840487
وكس	-11.840502
بقى	-11.840522
▁75-	-11.840533
tri	-11.840761
دراس	-11.840872
▁والمشاورات	-11.841101
▁القائلة	-11.841433
2008	-11.841523
قناع	-11.841543
▁تتقيد	-11.841567
▁الوقوف	-11.841660
▁الارتقاء	-11.842056
▁(13	-11.842091
▁للعالم	-11.842257
فخر	-11.842352
الاستعانة	-11.842421
▁الملفات	-11.842694
▁الحسنة	-11.842781
▁الشريف	-11.842924
/55/5	-11.842965
فير	-11.843003
▁متسق	-11.843003
ستضيف	-11.843025
▁تأثرا	-11.843207
▁تسدد	-11.843375
▁والآخر	-11.843465
وفاة	-11.843500
▁نتفق	-11.843513
▁والاست	-11.843587
▁الإضافة	-11.843681
▁وأول	-11.844045
▁ألم	-11.844106
▁البريطاني	-11.844123
▁عاش	-11.844172
الكلمة	-11.844231
إطار	-11.844390
▁الحاليين	-11.844410
▁والمس	-11.844520
▁الإجرام	-11.844638
▁التأثيرات	-11.844650
نجا	-11.844766
▁التقد	-11.844926
▁التذكير	-11.844959
▁للاهتمام	-11.844959
حوزة	-11.844969
▁كنتيجة	-11.844987
▁فبراير	-11.845181
▁فردي	-11.845211
كبت	-11.845497
تقديم	-11.845555
.4)	-11.845637
لإفلات	-11.845640
▁شف	-11.845694
▁المنتجين	-11.845721
Dec	-11.845748
▁2-3	-11.845930
▁أولوياتها	-11.845964
▁آثارا	-11.846001
▁يهتم	-11.846025
▁أختتم	-11.846264
ساو	-11.846273
وضح	-11.846281
لتان	-11.846308
▁حقوقه	-11.846581
▁المانحون	-11.846647
تذكر	-11.846683
/4/	-11.846707
تخلى	-11.846718
شترك	-11.846798
▁بالتنوع	-11.846868
▁روز	-11.846889
▁والمسؤولين	-11.846902
/25	-11.847096
مدة	-11.847346
▁Mar	-11.847378
كانون	-11.847683
خف	-11.847701
▁الإدانة	-11.847796
▁شق	-11.847805
Comment	-11.847808
▁رفيق	-11.847912
▁2004).	-11.847916
▁جنسي	-11.847943
▁قيادته	-11.848021
-00	-11.848055
▁محت	-11.848088
▁وحين	-11.848145
▁آدم	-11.848160
▁للنتائج	-11.848318
▁بارز	-11.848390
▁لمرفق	-11.848535
رسو	-11.848625
▁ترتكبها	-11.848672
▁شرك	-11.848796
▁اني	-11.848802
جان	-11.848851
▁والحسابات	-11.848979
▁وإي	-11.848989
ماليزيا	-11.849023
▁أهنئكم	-11.849127
▁بخفض	-11.849201
٢٠٠	-11.849247
▁ملحوظا	-11.849321
▁والصومال	-11.849482
▁وفعاليتها	-11.849493
▁الديمغرافية	-11.849507
▁البرلمانات	-11.849616
مجموع	-11.849769
▁أخصائي	-11.849895
انو	-11.849948
▁يسجل	-11.850170
▁المناهض	-11.850211
▁تمييزي	-11.850373
ضغوط	-11.850483
▁دبلوماسية	-11.850742
▁يستخدمها	-11.850793
شان	-11.850806
▁جزئي	-11.850835
ذت	-11.850996
▁شاركوا	-11.851067
▁ترح	-11.851081
▁الكرسي	-11.851106
▁الحرفية	-11.851131
▁الممثلون	-11.851166
SP	-11.851329
▁يقف	-11.851406
▁طبعا	-11.851448
▁للمس	-11.851458
▁وتولي	-11.851649
▁مارتن	-11.851687
▁الإداريين	-11.851794
▁بأننا	-11.851889
▁فعندما	-11.851930
▁لدي	-11.851995
▁متباينة	-11.852003
▁أوتاوا	-11.852024
▁تحياته	-11.852036
/3/	-11.852103
▁يكشف	-11.852191
▁المعززة	-11.852257
▁this	-11.852508
▁المصفاة	-11.852508
▁الميناء	-11.852551
▁المالك	-11.852603
▁تمخض	-11.852625
بلجيكا	-11.852627
▁تتغير	-11.852879
بعض	-11.852908
▁تمويلها	-11.852984
تسامح	-11.852998
15)	-11.853039
▁1988،	-11.853067
▁عاجلا	-11.853106
▁وتنفيذه	-11.853257
▁التجديد	-11.853328
طلاق	-11.853374
▁والأردن	-11.853556
▁158	-11.853594
▁يتسن	-11.853725
▁اقتناء	-11.853940
▁للنظم	-11.854071
خشى	-11.854074
▁Li	-11.854111
▁الشهرية	-11.854163
▁أقرتها	-11.854207
vers	-11.854258
-5)	-11.854413
▁حقوقها	-11.854540
one	-11.854633
أماكن	-11.854649
▁المعيارية	-11.854750
مطبوع	-11.854938
▁وقوانين	-11.855008
▁لمبادرة	-11.855186
▁190	-11.855229
▁المنفذ	-11.855246
▁شمولا	-11.855267
▁المهنة	-11.855334
▁تحذف	-11.855569
▁الخبيرة	-11.855677
▁إعانة	-11.855787
حجة	-11.855791
▁تديرها	-11.855828
▁ملي	-11.855917
▁تسيطر	-11.855947
▁164	-11.856158
▁الراسخ	-11.856182
▁بنفسه	-11.856189
▁الساتل	-11.856525
▁أعمالنا	-11.856540
▁والغ	-11.856846
▁يق	-11.857017
ina	-11.857020
الجدول	-11.857079
▁الثماني	-11.857187
/55/2	-11.857286
▁باستكشاف	-11.857399
▁المفتش	-11.857464
57)	-11.857466
▁وغسل	-11.857504
▁انشاء	-11.857542
▁الميسر	-11.857547
▁المعلن	-11.857612
▁يندرج	-11.857626
تشا	-11.857638
▁فاعل	-11.857700
▁قضيته	-11.857787
قاص	-11.857811
▁يمتلك	-11.857924
▁وأعطي	-11.858117
▁الشاغرة	-11.858141
لمرحلة	-11.858366
▁كويتي	-11.858412
/57/3	-11.858476
▁يحمي	-11.858500
/2001/15/	-11.858596
ure	-11.858618
▁وبروتوكولاتها	-11.858710
▁المنتخب	-11.858742
▁أقسام	-11.858786
الفصل	-11.858930
▁152	-11.859045
▁350	-11.859055
▁المشبوهة	-11.859097
▁وتزويد	-11.859241
▁تسببت	-11.859415
▁قانونها	-11.859445
▁وضوح	-11.859479
▁154	-11.859548
صص	-11.859583
▁فس	-11.859607
▁المصممة	-11.859608
▁خر	-11.859633
أكون	-11.859735
▁صباحا	-11.859807
▁وتجنب	-11.859823
آر	-11.859999
59)	-11.860044
EN	-11.860063
▁التحريرية	-11.860307
▁والعسكرية	-11.860339
▁للجزاءات	-11.860373
▁X	-11.860422
▁ٱلد	-11.860423
فرادى	-11.860476
شرع	-11.860519
ورية	-11.860592
▁دوري	-11.860615
▁تنجح	-11.860627
▁الأنباء	-11.860650
انتهاء	-11.860662
كخطوة	-11.860937
ابو	-11.861057
▁والتركيز	-11.861134
▁النسبي	-11.861145
▁ومسؤولية	-11.861171
▁التاليين	-11.861198
▁دأبت	-11.861238
إجازة	-11.861318
▁وتمكن	-11.861345
.4/2000/	-11.861422
▁ضررا	-11.861594
كاف	-11.861747
35)	-11.861985
▁2000؛	-11.862034
▁البائعين	-11.862048
▁إصدارها	-11.862061
▁شج	-11.862164
▁منخفض	-11.862177
▁المذكورين	-11.862186
▁النيبالي	-11.862214
أجزاء	-11.862246
▁رضا	-11.862333
▁وإدخال	-11.862353
▁والتعليمية	-11.862462
جنس	-11.862630
ربما	-11.862702
▁بلدانا	-11.862837
أفكار	-11.862865
▁وموريشيوس	-11.863015
▁76-	-11.863093
▁الغش	-11.863270
مبر	-11.863290
▁عرفات	-11.863340
▁ويدعي	-11.863868
▁تحو	-11.863914
▁لق	-11.863954
▁عبئا	-11.864203
▁الرواندية	-11.864256
▁شهريا	-11.864407
▁1)	-11.864622
▁الهائل	-11.864629
▁تل	-11.864722
▁محافل	-11.864722
▁تتقدم	-11.864726
▁لصنع	-11.864739
▁مقتنع	-11.864813
الشروع	-11.864832
▁الأح	-11.864908
ازل	-11.865005
ذبح	-11.865012
شمول	-11.865045
ef	-11.865053
▁الإرشادية	-11.865053
▁الائتمانية	-11.865152
▁تاسعا	-11.865218
▁قرن	-11.865409
▁بالمبادرات	-11.865413
▁وتطويرها	-11.865425
راغ	-11.865464
▁كهذا	-11.865466
▁نصه	-11.865468
▁بسبل	-11.865502
▁جاز	-11.865716
▁المرغوب	-11.865730
▁المسل	-11.865788
▁وزاد	-11.866065
▁وفتح	-11.866109
▁يوج	-11.866175
▁يؤسف	-11.866249
▁الوحشية	-11.866251
▁والإسكان	-11.866273
▁عودته	-11.866453
▁أكان	-11.866597
▁خرائط	-11.866619
▁بالممتلكات	-11.866716
▁الصحراوي	-11.866755
▁والعديد	-11.866757
/45	-11.866996
▁متضافرة	-11.867140
▁مستقر	-11.867190
▁161	-11.867194
ki	-11.867199
.29	-11.867218
▁ولاياتها	-11.867268
▁الرزق	-11.867270
▁194	-11.867355
▁لانتهاكات	-11.867360
▁بيوت	-11.867384
▁وزادت	-11.867567
▁والز	-11.867774
▁مساهمتها	-11.867806
شغ	-11.867830
▁وكشف	-11.867947
61)	-11.868050
▁1-1	-11.868592
▁المتعلقين	-11.868718
▁وأثرها	-11.868752
▁وفهم	-11.868793
لكامل	-11.868828
▁اقترحه	-11.868888
▁حلقي	-11.868988
▁وعل	-11.869157
▁الغالبية	-11.869213
▁السويسرية	-11.869238
▁وميانمار	-11.869364
تلق	-11.869554
قتر	-11.869607
▁تحليلات	-11.869614
خراج	-11.869625
ep	-11.869758
▁Social	-11.869833
▁2-4	-11.869923
اظ	-11.869938
▁مطلوبة	-11.869990
▁وقطر	-11.870014
▁والبيولوجية	-11.870092
▁لحظة	-11.870353
▁احتجاج	-11.870493
جذب	-11.870567
▁بالتوصيات	-11.870764
▁المنحى	-11.870893
▁المندوبين	-11.870896
men	-11.871058
▁بنفسها	-11.871078
▁الحيازة	-11.871126
▁زعم	-11.871250
▁بالملاحظة	-11.871300
▁محمود	-11.871377
▁أقامت	-11.871436
وهم	-11.871511
تجاهل	-11.871572
▁يدير	-11.871651
▁بحدوث	-11.871930
▁law	-11.871980
▁بعثت	-11.872174
▁الفائض	-11.872192
▁المنتمي	-11.872227
▁اللوجستي	-11.872262
برغ	-11.872375
▁قطري	-11.872469
تغير	-11.872571
▁ساد	-11.872703
ei	-11.872810
▁Ha	-11.872871
ev	-11.873133
▁متوازنة	-11.873397
▁قب	-11.873487
▁الهشة	-11.873767
▁قيودا	-11.873785
دعوى	-11.873789
▁CCPR	-11.873815
ميت	-11.873919
▁يستدعي	-11.873990
صغر	-11.874205
▁وتضع	-11.874325
▁المطارات	-11.874372
▁للتكنولوجيا	-11.874379
ولت	-11.874391
▁الدمج	-11.874441
▁الممتاز	-11.874677
شتر	-11.874752
27)	-11.874786
ومبا	-11.874806
▁واعتبارا	-11.874845
تعداد	-11.874872
▁للشروط	-11.874899
دهش	-11.874902
▁إسرائيلية	-11.874972
▁يستبعد	-11.875095
▁تدريجي	-11.875101
يذ	-11.875124
يوحنا	-11.875438
▁بحقوقهم	-11.875512
▁والتأمين	-11.875616
▁لتقصي	-11.875779
▁عانت	-11.875784
/56/3	-11.875806
إلى	-11.875834
▁التعاوني	-11.875834
▁ونساء	-11.875888
▁واليمن	-11.875937
▁اليوندسيب	-11.876066
▁بالمزيد	-11.876172
▁القيادي	-11.876266
رأي	-11.876524
79)	-11.876787
بدأ	-11.876815
▁جوهريا	-11.876822
▁1966	-11.876886
▁وكي	-11.876887
ions	-11.877312
▁مقترحة	-11.877320
▁الألعاب	-11.877651
▁الماضيين	-11.877735
▁الإغلاق	-11.878048
▁وشمل	-11.878118
▁بجعل	-11.878221
▁للعلوم	-11.878289
إذكاء	-11.878346
▁صيغ	-11.878412
▁للعلم	-11.878416
حاف	-11.878476
الحاشية	-11.878489
▁تسريح	-11.878606
▁والبريطانية	-11.878610
▁تهدي	-11.878622
▁بآثار	-11.878638
▁2).	-11.878662
بيع	-11.878718
DE	-11.878937
▁آلي	-11.879004
▁ومعاهد	-11.879016
▁عدوان	-11.879067
▁الالتماس	-11.879142
▁192	-11.879250
النهوض	-11.879530
gi	-11.879548
فرج	-11.879616
▁159	-11.879657
▁1-2	-11.879724
▁والرابعة	-11.879768
▁مدرس	-11.879834
▁غور	-11.880095
▁بلغة	-11.880136
بنية	-11.880223
تفاعل	-11.880297
▁العن	-11.880358
▁بانتهاك	-11.880687
راقب	-11.880799
هدف	-11.880816
▁تتماشى	-11.881103
▁اكتسب	-11.881129
أجور	-11.881289
▁وتشكيل	-11.881473
▁والتجاري	-11.881496
▁الكو	-11.881545
▁تطلع	-11.881657
▁Government	-11.881725
55)	-11.881762
▁يتوافق	-11.882082
▁باعتبارهم	-11.882086
▁تقري	-11.882100
بنغلاديش	-11.882121
▁قضي	-11.882147
▁مقاييس	-11.882471
إجهاض	-11.882503
قضي	-11.882509
▁طفيفة	-11.882693
لمنفعة	-11.882727
▁الزاوية	-11.882768
▁وتعليقات	-11.882804
/61/5	-11.882851
اعتبار	-11.882854
تري	-11.882935
لبس	-11.882963
▁probab	-11.883081
▁وهياكل	-11.883306
▁للوضع	-11.883350
▁تقوض	-11.883487
▁أمامنا	-11.883542
▁تتميز	-11.883636
▁وجامايكا	-11.883648
▁نقوم	-11.883921
رحت	-11.883934
▁التنقيحات	-11.883956
▁مذيل	-11.883998
يبي	-11.884068
ذكرى	-11.884109
▁مسؤولياتها	-11.884167
▁أضعف	-11.884245
▁April	-11.884330
▁والمفاوضات	-11.884330
▁مهد	-11.884450
حرق	-11.884655
▁تتيحها	-11.885028
▁نشير	-11.885029
▁لقاع	-11.885133
ودة	-11.885327
29)	-11.885356
حركة	-11.885439
ستغل	-11.885459
▁أوليا	-11.885462
▁رأيها	-11.885562
▁بسحب	-11.885637
▁الإيفوارية	-11.885841
▁استيقظ	-11.885896
▁سقوط	-11.885897
▁المتعاقدين	-11.885898
▁بمرور	-11.885898
▁بتهمة	-11.886084
▁دوريا	-11.886250
▁ويستخدم	-11.886496
تقاعد	-11.886578
▁متخصص	-11.886819
تعل	-11.886900
▁وعددها	-11.886909
▁ورح	-11.886931
▁شكوك	-11.886936
▁لبن	-11.887072
▁وتلقي	-11.887080
▁(9	-11.887200
▁التلف	-11.887285
اختلاف	-11.887367
جلت	-11.887428
صحة	-11.887448
▁وتلبية	-11.887454
▁أدائها	-11.887469
▁687	-11.887500
▁تردي	-11.887670
▁للمسؤولية	-11.887763
▁ستنظر	-11.887812
▁(14	-11.887855
▁التعاونيات	-11.888034
74)	-11.888158
▁بإدماج	-11.888165
▁المتعمد	-11.888173
▁"1	-11.888275
▁تتزايد	-11.888367
سجن	-11.888601
▁شريكا	-11.888646
حيازة	-11.888724
▁شطب	-11.888810
▁احيانا	-11.889034
▁لدخول	-11.889035
▁الظلم	-11.889036
▁بحثا	-11.889132
▁المقابلات	-11.889191
▁1989،	-11.889284
▁تهتم	-11.889341
▁الألماني	-11.889350
استبعاد	-11.889361
▁مقاتل	-11.889549
▁مسيحي	-11.889591
▁والتأهيل	-11.889598
▁معاقبة	-11.889691
▁الضيق	-11.889853
▁مسؤولون	-11.889872
22)	-11.889883
▁المعرب	-11.889984
▁1514	-11.890036
▁معادلة	-11.890104
▁مساء	-11.890118
▁عش	-11.890460
▁165	-11.890521
br	-11.890615
▁نشيد	-11.890809
▁المرتب	-11.890837
▁مقيم	-11.890882
تدابير	-11.891069
▁(1993)	-11.891184
شرعية	-11.891245
▁المو	-11.891304
▁مقتنعة	-11.891481
▁Bank	-11.891659
▁بالوصول	-11.891751
▁للاستراتيجية	-11.891871
▁ونلاحظ	-11.891876
▁بتسجيل	-11.891891
تظاهر	-11.891906
▁تصدرها	-11.892128
أزمة	-11.892332
▁منفردة	-11.892412
▁53/1	-11.892448
ارد	-11.892530
▁جمعت	-11.892535
كوت	-11.892538
▁ويسعى	-11.892607
▁تومي	-11.892630
▁'7'	-11.892710
▁بالمعدات	-11.892712
وسع	-11.892740
▁للظروف	-11.893021
يخ	-11.893279
سرة	-11.893320
▁droit	-11.893347
▁ووفد	-11.893455
▁وثالثا	-11.893458
▁وأولويات	-11.893479
▁الجوهري	-11.893561
▁للأجور	-11.893991
▁معظمهم	-11.894047
▁ڠ	-11.894069
▁استعرضت	-11.894121
▁تولت	-11.894196
▁نقدر	-11.894210
مجال	-11.894238
▁Me	-11.894277
ip	-11.894301
▁ذكرى	-11.894408
▁الدبلوماسيين	-11.894715
▁انهيار	-11.894740
▁ومستشار	-11.894752
▁فوكلاند	-11.894815
▁تونغا	-11.894865
كافح	-11.894961
▁الصرب	-11.894990
▁المغلقة	-11.894995
▁po	-11.894997
هتم	-11.895051
▁77-	-11.895068
▁نائبا	-11.895168
▁نفوذ	-11.895359
▁لاتفاقات	-11.895438
▁مكتوب	-11.895455
▁عسكريا	-11.895555
▁وتخزين	-11.895613
.9/4	-11.895783
▁والمعرفة	-11.895786
▁والممارسة	-11.895793
اكتشاف	-11.895804
▁التفاعلي	-11.895839
▁وارت	-11.895896
▁للمتابعة	-11.895964
▁يطلق	-11.896086
غور	-11.896139
▁مقاضاة	-11.896297
▁وكمبوديا	-11.896380
▁رخصة	-11.896405
ain	-11.896425
▁أمني	-11.896497
▁المعاد	-11.896604
▁لائق	-11.896699
▁لتنفيذها	-11.896876
▁Ca	-11.897161
▁آرائها	-11.897243
▁وتذكر	-11.897763
▁رجلا	-11.897851
ck	-11.897871
70)	-11.897921
حماية	-11.897967
▁2006).	-11.898202
مرحلة	-11.898283
.30	-11.898325
▁متكلم	-11.898396
▁تناقص	-11.898561
▁وظيفته	-11.898575
▁أشيد	-11.898706
▁2005-2006	-11.898708
▁تقديرا	-11.898856
▁المك	-11.898875
/2001/1	-11.899017
▁التعريفية	-11.899098
▁النبي	-11.899114
▁والوفاء	-11.899149
▁مجانية	-11.899170
▁op	-11.899771
so	-11.899798
▁الري	-11.900503
▁صحيحا	-11.900578
سيس	-11.901052
▁متعمقة	-11.901117
مقرر	-11.901155
▁توزع	-11.901324
▁En	-11.901418
انفتاح	-11.901437
▁وتطور	-11.901574
▁Republic	-11.901697
▁اتضح	-11.901715
ولاية	-11.901719
▁يمارسون	-11.901721
أوغندا	-11.901767
▁إب	-11.901875
▁الاله	-11.901886
توازن	-11.902172
▁بمجتمع	-11.902229
▁أهل	-11.902269
▁الوراثية	-11.902334
خلف	-11.902421
▁ضغوط	-11.902436
▁بتوافر	-11.902490
طفل	-11.902574
امة	-11.902669
▁واخت	-11.902826
2-0	-11.902839
▁مفتاح	-11.902840
▁وترمي	-11.902853
ON	-11.902980
تجربة	-11.903009
▁المقدمين	-11.903017
ليك	-11.903204
▁للممارسات	-11.903294
duc	-11.903314
▁وعادل	-11.903726
فرة	-11.903931
▁ومفاده	-11.903969
▁عز	-11.903995
▁يتحدث	-11.904043
حواسيب	-11.904099
▁للتغيير	-11.904141
▁ويحق	-11.904260
▁00/11	-11.904329
ميز	-11.904414
▁الريفي	-11.904621
▁وباراغواي	-11.904629
▁واقعة	-11.904669
صالح	-11.904845
▁تتعامل	-11.904987
▁ممارسته	-11.904998
▁هائل	-11.905184
▁آيسلندا	-11.905276
▁قيادي	-11.905285
▁اتباعها	-11.905289
▁المجمع	-11.905380
▁الأوامر	-11.905413
▁سيلزم	-11.905512
▁محب	-11.905595
كتشف	-11.905638
ai	-11.905746
▁تشرع	-11.905780
á	-11.905943
▁مشجعة	-11.906074
▁نصا	-11.906181
▁أثارت	-11.906213
▁78-	-11.906370
/59/4	-11.906463
إرساء	-11.906591
▁بالنص	-11.906615
▁المراعي	-11.906647
▁إعفاء	-11.906715
/55/3	-11.906732
بغاء	-11.906824
ثل	-11.907009
▁نجح	-11.907141
▁محدودية	-11.907216
▁حقائق	-11.907547
تأخ	-11.907559
▁المعدنية	-11.907596
▁March	-11.907643
▁باستعمالها	-11.907660
▁الأيدي	-11.907672
▁جدار	-11.907701
▁للرد	-11.907730
▁تدعمها	-11.907967
▁بعينه	-11.907991
▁ودولة	-11.908197
▁بالمعاهدات	-11.908325
▁دعائم	-11.908614
▁أتم	-11.908628
▁لسلام	-11.908701
32)	-11.908739
▁فرح	-11.908752
.28	-11.908814
▁ونشجع	-11.908865
▁سيتطلب	-11.908869
▁يتجلى	-11.908895
cur	-11.908898
خاص	-11.909163
▁سعيه	-11.909353
▁المسلم	-11.909369
▁يفضل	-11.909417
▁المواضيعي	-11.909448
▁163	-11.909925
▁دعمهم	-11.909965
التشريع	-11.910151
▁طبيعتها	-11.910156
شرت	-11.910162
▁اكتمال	-11.910223
▁(2000).	-11.910224
▁رسالتي	-11.910298
▁المنشود	-11.910690
امكانية	-11.910912
إرادة	-11.910935
▁بتوقي	-11.911017
▁كونه	-11.911367
▁وضم	-11.911410
▁ومعدل	-11.911527
▁وجدير	-11.911627
33)	-11.911704
POPS	-11.911824
▁بأمن	-11.911990
.26/	-11.912019
-28	-11.912066
▁لصون	-11.912222
▁أبخازيا	-11.912359
▁بتقارير	-11.912373
▁غار	-11.912377
▁ولكل	-11.912385
▁داعي	-11.912454
▁الإعلامي	-11.912592
▁2-2	-11.912696
▁اشخاص	-11.912907
▁ومكافحتها	-11.913079
▁خبيرا	-11.913177
▁والشعب	-11.913350
▁الاستجابات	-11.913472
غية	-11.913561
AT	-11.913600
▁والأصول	-11.913626
ممارسة	-11.913659
ted	-11.913687
IC	-11.913740
▁وتابع	-11.913897
▁ووظائف	-11.913980
▁يقال	-11.914065
▁موقفا	-11.914109
▁بتبادل	-11.914120
توق	-11.914145
▁خصم	-11.914179
▁تسو	-11.914248
▁الملكي	-11.914314
▁ودائرة	-11.914348
حوادث	-11.914387
▁الملاك	-11.914480
▁فصول	-11.914536
▁وأعد	-11.914589
▁ستتخذ	-11.914689
▁مجتمعاتهم	-11.914866
▁الصريح	-11.914979
▁إنشاؤها	-11.915067
▁والاستراتيجية	-11.915076
إشاعة	-11.915083
▁عزمه	-11.915179
/2004	-11.915573
برهن	-11.915605
▁التحسين	-11.915666
▁وإرس	-11.915807
تضامن	-11.915853
▁الكحول	-11.916052
▁سيصدر	-11.916059
▁للمناقشات	-11.916121
▁Vi	-11.916125
فسر	-11.916389
▁Ms	-11.916392
زاهة	-11.916402
▁إع	-11.916454
واو	-11.916457
ستهلك	-11.916636
▁للمقاومة	-11.916660
▁مدقع	-11.916764
▁تمويلا	-11.916850
▁القياسي	-11.916879
فه	-11.916911
▁إنمائي	-11.917116
المشار	-11.917180
▁وتخضع	-11.917279
▁والعامة	-11.917580
▁Se	-11.917914
▁بسيط	-11.917926
▁للإحصاءات	-11.918121
حرم	-11.918162
▁للبشرية	-11.918279
▁تعرضوا	-11.918722
▁يدلي	-11.918777
▁الترحيل	-11.918818
بدالة	-11.919045
▁وصولا	-11.919129
▁1993.	-11.919200
▁other	-11.919242
▁التج	-11.919252
▁بدافع	-11.919290
▁مؤسس	-11.919300
▁أقام	-11.919641
▁يرسل	-11.919712
▁لبيان	-11.919998
طعن	-11.920040
62)	-11.920353
▁يومية	-11.920420
▁والجفاف	-11.920471
اعتراض	-11.920642
.4/2001/	-11.920644
▁البرتغالية	-11.920723
▁وضمن	-11.921009
▁تحدي	-11.921059
▁مديرة	-11.921146
تكثيف	-11.921212
اءة	-11.921412
2/	-11.921510
وزير	-11.921638
▁آس	-11.921660
▁مث	-11.921770
▁حياتها	-11.921799
▁تجيز	-11.922114
▁ضئيل	-11.922137
/57/2	-11.922227
▁والدورات	-11.922422
ica	-11.922546
▁جاد	-11.922546
▁القن	-11.922566
نحت	-11.922579
▁يبقي	-11.922582
▁151	-11.922668
▁الشبان	-11.922753
▁البروتوكولات	-11.922759
▁النمط	-11.922890
▁للتوزيع	-11.922897
▁تحم	-11.923580
▁حفز	-11.923676
الفقرتان	-11.923713
▁بميثاق	-11.923841
▁لانتهاك	-11.923975
▁استعداده	-11.924086
ee	-11.924251
▁الغرب	-11.924290
▁والضمان	-11.924519
▁el	-11.924520
▁240	-11.924824
▁ولها	-11.924830
لسنوات	-11.924840
▁والمهني	-11.925073
▁سول	-11.925091
lic	-11.925261
▁أسفه	-11.925406
▁مهامهم	-11.925409
▁كلاهما	-11.925506
▁للعام	-11.925734
▁الاستيطان	-11.925794
▁ومدغشقر	-11.925831
▁تراعى	-11.925880
▁التزامهم	-11.925904
رؤساء	-11.925982
▁قلوب	-11.925987
لقاء	-11.926064
معهد	-11.926141
▁علنا	-11.926221
wa	-11.926250
نفق	-11.926360
ind	-11.926369
▁العزيز	-11.926415
▁05	-11.926477
▁ويزيد	-11.926498
▁بنيويورك	-11.926500
تفاوض	-11.926589
▁ابتكارية	-11.926788
▁تصويبات	-11.926861
▁مساهماتها	-11.926951
ang	-11.927178
▁يسمع	-11.927273
العوامل	-11.927507
▁سألت	-11.927619
▁وللأسف	-11.927629
▁مستخدمي	-11.927630
▁وحمايتهم	-11.927636
fe	-11.927802
80)	-11.927852
▁أرى	-11.927957
نتهك	-11.927980
▁زعيم	-11.928004
استخدام	-11.928135
▁والصينية	-11.928143
تأكد	-11.928237
▁حجز	-11.928382
ٱلت	-11.928637
▁تشاطر	-11.928769
▁تعليل	-11.928850
▁وخلص	-11.928886
▁للوثائق	-11.928889
▁وحر	-11.928969
▁النسائي	-11.929017
▁يغطيها	-11.929051
▁وتساءل	-11.929130
مبي	-11.929146
▁واختيار	-11.929226
▁3).	-11.929322
نخرط	-11.929453
▁المحتاجين	-11.929672
▁ويجتمع	-11.929730
▁معاهد	-11.929737
▁ملزما	-11.929819
▁المراقبون	-11.929908
ite	-11.930122
/5/	-11.930180
▁والرياضة	-11.930189
▁يهم	-11.930270
روج	-11.930397
▁المحوري	-11.930406
▁جاهزة	-11.930521
نيوزيلندا	-11.930569
▁والخامس	-11.930661
▁زوجته	-11.930720
ستحق	-11.930978
▁عمليتي	-11.931067
▁مقتضيات	-11.931158
إبقاء	-11.931246
▁والتعليقات	-11.931283
▁أصغر	-11.931302
▁مسرح	-11.931572
▁للمنتجات	-11.931576
▁الآتي	-11.932118
▁بالوفاء	-11.932225
تيان	-11.932512
▁162	-11.932558
نقص	-11.932704
▁أطلس	-11.932723
ادا	-11.932816
▁لهيئات	-11.932816
▁والأمهات	-11.932963
▁ياء	-11.932967
▁سك	-11.932986
▁Gu	-11.932993
▁للاستقرار	-11.932994
▁مستفيضة	-11.933010
▁جادة	-11.933036
علوم	-11.933182
ريز	-11.933194
▁إعلانا	-11.933246
/48	-11.933318
▁وتوحيد	-11.933351
▁الزوجة	-11.933433
▁غالي	-11.933491
▁الهكسان	-11.933508
توف	-11.933515
مبالغ	-11.933825
▁الشابات	-11.933907
▁التسع	-11.934072
▁تعريض	-11.934118
▁inter	-11.934237
▁وإبلاغ	-11.934317
عيش	-11.934567
▁تعيينهم	-11.934801
▁اكبر	-11.934868
عتقد	-11.934930
▁مكلف	-11.935159
▁دائمين	-11.935191
قابل	-11.935266
▁مفتوحا	-11.935314
▁ملء	-11.935328
▁السلف	-11.935334
▁للمبادرات	-11.935361
▁وإنجاز	-11.935390
▁1701	-11.935435
▁بالان	-11.935458
تجنيد	-11.935489
act	-11.935937
▁مولود	-11.935937
تعاظم	-11.936170
▁نعيش	-11.936249
▁لاختيار	-11.936263
31)	-11.936310
ey	-11.936327
نيس	-11.936438
تنطبق	-11.936552
▁تمييزا	-11.936594
▁إقامته	-11.936722
83)	-11.936797
▁متطابقت	-11.936926
أهلية	-11.937045
su	-11.937055
▁بالبعثة	-11.937093
▁مؤهلات	-11.937095
مثال	-11.937111
▁اتبعت	-11.937248
▁جهدها	-11.937254
▁ببيع	-11.937535
▁يقود	-11.937615
▁تكلمت	-11.937634
▁وتنميتها	-11.937667
هذ	-11.937727
▁(1).	-11.937752
ناق	-11.937756
▁الأع	-11.937765
▁تحسنا	-11.937778
▁بالدخول	-11.937890
فص	-11.937914
▁مكلفة	-11.937947
▁غرين	-11.937978
▁وقبول	-11.938088
▁بالقنابل	-11.938197
▁العصر	-11.938612
▁الصحفي	-11.938620
▁79-	-11.938647
▁الإشارات	-11.938795
▁شرعي	-11.938892
▁الطائفة	-11.938998
▁والأعضاء	-11.939028
▁80-	-11.939082
▁تشاور	-11.939109
▁طالبا	-11.939285
▁أفضى	-11.939304
▁المخصصين	-11.939333
▁يحملون	-11.939524
▁الاستثمارية	-11.939534
▁وتكنولوجيات	-11.939536
▁حاكم	-11.939580
/35	-11.939635
▁ترتكز	-11.939642
كميات	-11.939660
▁حلها	-11.940089
دولة	-11.940415
▁بالأقليات	-11.940645
▁claim	-11.940665
كلف	-11.940851
▁المختارة	-11.941001
فنلندا	-11.941101
تماسك	-11.941102
ستون	-11.941137
▁الأخلاقيات	-11.941279
▁الكاثوليكية	-11.941358
شاد	-11.941369
▁أبحاث	-11.941750
▁المحاولات	-11.941751
▁لمتطلبات	-11.941751
▁تبقي	-11.941993
▁للبت	-11.942028
صاغ	-11.942191
▁قمت	-11.942269
▁المتاجر	-11.942278
▁مقديشو	-11.942302
▁وتقر	-11.942335
▁بالمخاطر	-11.942354
▁إقليميا	-11.942444
▁دفعة	-11.942467
تاجر	-11.942621
tt	-11.942647
▁المنش	-11.942843
▁المرسلة	-11.942980
▁ملموسا	-11.943052
▁والحصانات	-11.943110
▁رائدة	-11.943220
▁وتكرارا	-11.943234
▁والبناء	-11.943304
▁ومواردها	-11.943305
▁والخط	-11.943678
▁ضار	-11.943727
▁اختلافات	-11.943815
نماذج	-11.943870
▁الأعباء	-11.943882
▁كوم	-11.943913
ارس	-11.943923
▁ورسم	-11.944174
عيت	-11.944180
وكيل	-11.944212
▁جندي	-11.944358
▁والتفاوض	-11.944407
▁وقدرة	-11.944465
▁استطاعت	-11.944477
▁للإنذار	-11.944515
▁رعايته	-11.944518
مقاطعة	-11.944520
▁الإبداع	-11.944544
▁جسيم	-11.944587
▁كتيب	-11.944656
التقرير	-11.944679
▁أردنا	-11.944952
▁بكون	-11.944985
نوع	-11.945026
▁دوافع	-11.945069
▁بوجوب	-11.945071
قرر	-11.945241
▁استقصاء	-11.945299
▁للنفط	-11.945624
▁تدريس	-11.945694
▁واعترف	-11.945694
▁بجدول	-11.945783
▁٣٤	-11.945789
ولين	-11.945809
حرك	-11.945915
▁للاتفاقات	-11.945928
▁الطبيب	-11.945938
الطرف	-11.945941
▁الزوجات	-11.945956
▁وكا	-11.946015
▁وعشرين	-11.946177
▁بوي	-11.946229
▁المنهجيات	-11.946269
▁الأعداد	-11.946313
ICC	-11.946314
▁2002-2003.	-11.946424
▁بأثر	-11.946517
حتى	-11.946636
▁تلقيت	-11.946677
▁الغطاء	-11.946696
▁وتنسيقها	-11.946703
▁بالاهتمام	-11.946733
▁لوكالات	-11.946869
اقتناء	-11.946896
▁ويضع	-11.946928
▁الاضطهاد	-11.946975
▁وعادة	-11.947098
65)	-11.947110
▁تعذيب	-11.947197
▁تواجد	-11.947202
▁للمجموعة	-11.947268
لط	-11.947282
▁جنائي	-11.947319
mb	-11.947342
▁الإجرامي	-11.947369
▁للمحافظ	-11.947392
▁اعط	-11.947473
▁إلينا	-11.947507
▁منظومات	-11.947667
▁(2).	-11.947726
▁سافر	-11.947752
▁لشهر	-11.947777
▁التقنيات	-11.947814
▁التمديد	-11.947861
ous	-11.947884
▁المعت	-11.948224
-2000	-11.948230
▁ومقترحات	-11.948403
▁بتشكيل	-11.948706
▁تمام	-11.948896
▁هافانا	-11.948956
▁وشركائها	-11.949153
قلت	-11.949344
وحدات	-11.949466
▁تصاريح	-11.949778
▁لقي	-11.949914
▁ينصب	-11.949976
▁December	-11.950068
▁ومضمون	-11.950071
▁الاخوة	-11.950109
les	-11.950176
AS	-11.950305
▁يتخذه	-11.950487
كوف	-11.950506
▁إجرائية	-11.950536
▁الموضوعات	-11.950562
68)	-11.950618
▁زاوية	-11.950629
▁الأنماط	-11.950700
تمخض	-11.950751
▁وطنيين	-11.950923
▁يراه	-11.950942
الإدلاء	-11.951100
▁البار	-11.951305
▁السم	-11.951306
▁1737	-11.951311
▁خصص	-11.951379
▁الانتقالي	-11.951414
ملك	-11.951443
تسلم	-11.951520
يدو	-11.951530
ran	-11.951532
▁والانتهاكات	-11.951535
▁استمارة	-11.951617
▁5)	-11.951741
وافق	-11.951801
أشخاص	-11.951859
▁للحرب	-11.951886
▁الصلاحيات	-11.951898
اوات	-11.951946
▁امثال	-11.951995
71)	-11.952180
▁إجبار	-11.952311
▁المواطنة	-11.952315
أفراد	-11.952503
▁أبدي	-11.952525
▁كشفت	-11.952545
▁وبإمكان	-11.952586
▁واثق	-11.952738
▁الرصاص	-11.952857
▁بالتركيز	-11.952857
▁والترويج	-11.952857
▁يتلق	-11.953040
▁مهنة	-11.953164
▁المنس	-11.953200
▁الجه	-11.953213
▁بانتهاكات	-11.953377
▁الموكلة	-11.953419
▁لشبكة	-11.953450
▁أهميته	-11.953611
▁سال	-11.953615
إعلان	-11.953747
▁للناس	-11.953794
▁للتنبؤ	-11.953975
▁المجاني	-11.954353
In	-11.954407
▁وبالفعل	-11.954664
▁باختيار	-11.954688
▁أصيب	-11.954736
▁المندوب	-11.954808
▁يقم	-11.954840
▁العدوانية	-11.954922
▁والمتمثل	-11.954964
تحول	-11.955084
▁النفاسية	-11.955085
▁المؤثرة	-11.955096
ja	-11.955202
▁استمعنا	-11.955247
▁وأخ	-11.955318
▁ينوي	-11.955445
عمليات	-11.955461
بروميد	-11.955560
.51	-11.955587
مدير	-11.955635
▁للمشاركين	-11.955654
تحالف	-11.955655
▁مرنة	-11.955714
▁وضوحا	-11.955811
▁واعتبرت	-11.955943
▁ضده	-11.956323
▁المستطاع	-11.956449
▁وحكم	-11.956454
▁وقسم	-11.956586
▁1992.	-11.956816
▁دعوته	-11.956900
▁نشهد	-11.956916
87)	-11.956990
▁وحشد	-11.957034
▁فمثلا	-11.957040
▁اعداد	-11.957050
تسبب	-11.957079
▁ممث	-11.957222
69)	-11.957273
▁جمعيات	-11.957407
34)	-11.957417
▁بلاغات	-11.957433
▁يتغير	-11.957504
▁4-1	-11.957546
▁قاضيا	-11.957567
إنسان	-11.957651
▁الأكاديمي	-11.957715
وصل	-11.957771
82)	-11.957880
ID	-11.957885
لتزم	-11.957894
▁تعيينه	-11.957915
▁عرقلة	-11.957919
▁اتفاقيتي	-11.958063
شطب	-11.958117
▁والتمتع	-11.958268
أوكرانيا	-11.958276
▁ويعود	-11.958484
▁حققته	-11.958505
جلسة	-11.958608
▁إبان	-11.958938
▁الاضطرابات	-11.959017
▁بخاصة	-11.959032
▁تدوين	-11.959037
▁مفهوما	-11.959038
▁وديمقراطية	-11.959040
▁وبذل	-11.959067
▁تنفي	-11.959106
▁شمول	-11.959256
__	-11.959278
lt	-11.959365
▁للتكاليف	-11.959479
36)	-11.959583
جودة	-11.959668
▁المتطرفة	-11.959862
▁(19)	-11.960000
▁Ex	-11.960006
▁المجاري	-11.960093
▁نظرنا	-11.960125
▁لاستئناف	-11.960144
/57/1	-11.960195
شحن	-11.960237
▁لتبرير	-11.960379
▁تنافسية	-11.960420
لائم	-11.960534
▁September	-11.960708
▁العظيم	-11.960722
▁يمتد	-11.960742
▁تكبد	-11.960814
▁والبن	-11.960815
ستخد	-11.960848
-2)	-11.960881
▁للبنان	-11.960950
وتيرة	-11.961152
▁الفشل	-11.961157
77)	-11.961164
تفشي	-11.961239
▁والمناقشات	-11.961271
▁الاخرى	-11.961314
▁وإما	-11.961350
▁(22)	-11.961407
زول	-11.961673
▁وتقول	-11.961725
▁داغ	-11.961758
▁فول	-11.961807
▁المناقصة	-11.961834
وئ	-11.961969
.39	-11.961989
▁والضمانات	-11.962107
▁لتوضيح	-11.962398
▁للأقليات	-11.962398
▁والمعنية	-11.962487
إدامة	-11.962518
▁البيوت	-11.962606
▁آمال	-11.962822
▁كلامه	-11.962969
الجزائر	-11.963045
مناصب	-11.963104
عقل	-11.963141
▁القمع	-11.963195
صناع	-11.963221
▁حادثة	-11.963282
ert	-11.963397
tr	-11.963426
ربط	-11.963501
▁لتقليل	-11.963572
/3)	-11.963654
▁مانحة	-11.963695
▁أجراه	-11.963797
▁تبع	-11.963820
▁موجودا	-11.963887
▁والمعاهدات	-11.963897
تحسن	-11.964011
وائم	-11.964057
▁كايمان	-11.964143
عوامل	-11.964499
تأديب	-11.964544
▁يان	-11.964734
▁تفصيلي	-11.964803
▁نسبتها	-11.965045
uni	-11.965100
▁المسج	-11.965195
▁صربسكا	-11.965234
▁وشركات	-11.965246
▁الجامعي	-11.965595
▁يعتبرون	-11.965615
تكامل	-11.965728
▁واتخذ	-11.965923
▁أجمع	-11.966113
▁العزل	-11.966166
▁انتخبت	-11.966290
▁أكرر	-11.966414
▁والخارجية	-11.966522
▁220	-11.966534
▁بالتوقيع	-11.966549
▁حرص	-11.966570
▁General	-11.966587
▁استعدادا	-11.966775
أذربيجان	-11.966877
مصروفات	-11.966969
▁والكونغو	-11.967016
تحسين	-11.967086
مؤهل	-11.967174
▁يحددها	-11.967176
▁بالقول	-11.967338
نسخة	-11.967350
▁وانتهاك	-11.967399
الفرع	-11.967433
▁ويأمل	-11.967485
▁يكتسب	-11.967551
▁يعامل	-11.967586
▁والاغتصاب	-11.967660
▁البط	-11.967738
بيئة	-11.967758
86)	-11.967771
▁لالتزامات	-11.967860
▁بيانها	-11.967875
وريس	-11.967884
ments	-11.967957
je	-11.968024
▁تكميلي	-11.968035
▁استئجار	-11.968052
▁عززت	-11.968073
تعمق	-11.968157
/15/	-11.968180
حاسب	-11.968299
▁نووي	-11.968392
4/	-11.968473
▁رئيسيين	-11.968514
▁بالتطورات	-11.968614
▁الرهائن	-11.968619
ينما	-11.968680
19)	-11.968795
.1/62/	-11.968855
فتش	-11.968873
▁انسان	-11.968918
▁واقعي	-11.968999
▁عقدته	-11.969006
▁واستمع	-11.969067
حاضر	-11.969243
▁والمجال	-11.969318
النرويج	-11.969330
▁189	-11.969477
كسي	-11.969572
▁أورد	-11.969600
▁مانو	-11.969610
▁تتسق	-11.969757
▁مقتنعون	-11.969835
▁داعمة	-11.969866
▁لمعالي	-11.969997
▁للدعوة	-11.970037
▁واستمعت	-11.970071
▁الاستحقاق	-11.970108
▁باتت	-11.970244
▁والعناصر	-11.970275
▁جسد	-11.970326
-15	-11.970331
▁إبعاد	-11.970361
▁العمالية	-11.970592
يشي	-11.971239
▁ميس	-11.971286
▁فبعد	-11.971345
▁والأدلة	-11.971445
▁شهدتها	-11.971556
72)	-11.971687
▁وطرق	-11.971740
▁اغتيال	-11.972031
▁ولادة	-11.972133
▁استطاع	-11.972171
▁منفذ	-11.972181
▁وقواعدها	-11.972250
جواز	-11.972255
▁تستضيف	-11.972380
▁باختصاص	-11.972401
▁وتحقق	-11.972425
▁الأقدم	-11.972482
صعب	-11.972489
▁موقعها	-11.972507
▁ديني	-11.972524
▁مقدارها	-11.972543
شمل	-11.972729
▁للوثيقة	-11.973005
▁191	-11.973079
.5)	-11.973166
▁2004-2005.	-11.973181
▁سمحت	-11.973187
▁مشيرا	-11.973318
▁متناسب	-11.973658
▁اللحظة	-11.973741
▁info	-11.973969
▁ودورات	-11.974020
63)	-11.974072
▁أراض	-11.974161
▁Group	-11.974309
▁ويقتضي	-11.974309
▁أثارها	-11.974744
كري	-11.974776
▁السياحية	-11.974862
▁وماذا	-11.975051
▁يقين	-11.975100
64)	-11.975116
▁للإشراف	-11.975451
▁لتكاليف	-11.975454
▁نقر	-11.975571
-4"	-11.975607
▁الحادة	-11.975617
▁الحالتين	-11.975786
يرات	-11.975901
▁الزبائن	-11.975929
▁الظواهر	-11.976007
/47	-11.976117
▁ودائمة	-11.976263
▁طيبة	-11.976410
▁الأشياء	-11.976459
▁بتحويل	-11.976484
ساكن	-11.976578
▁يزود	-11.976686
▁وتعقد	-11.976760
▁والتوصل	-11.977205
▁حركات	-11.977208
▁بمعنى	-11.977280
▁متعاقدة	-11.977468
▁لإشراك	-11.977533
بالنيابة	-11.977669
▁ونمو	-11.977741
▁ومهارات	-11.977754
▁النواحي	-11.977820
الحق	-11.977839
تحدد	-11.977910
▁been	-11.977920
▁وتحرير	-11.978117
▁إبراهيم	-11.978127
فعال	-11.978215
▁بالعلاقات	-11.978312
ريو	-11.978443
▁تأثيرها	-11.978483
مضي	-11.978529
▁لغزو	-11.978667
بوروندي	-11.978754
▁يعر	-11.978849
▁والانضمام	-11.978885
▁والاحتفاظ	-11.978909
▁سيارة	-11.978947
▁ومقر	-11.978948
▁الأشجار	-11.979054
▁تسليط	-11.979087
▁الحيز	-11.979487
▁القطع	-11.979647
▁عمد	-11.979659
▁بقيت	-11.979740
▁هلسنكي	-11.979830
▁تغييرا	-11.979936
خوض	-11.979947
▁صرامة	-11.980032
▁السويسري	-11.980123
▁يرتكز	-11.980248
▁الواجبات	-11.980268
▁بواجبات	-11.980276
اجي	-11.980290
إنتر	-11.980328
▁30/14	-11.980539
▁أعمالا	-11.980551
▁بالحوار	-11.981028
تلف	-11.981047
توصي	-11.981112
▁الفصائل	-11.981180
▁Institute	-11.981183
▁su	-11.981228
ko	-11.981245
▁استثناءات	-11.981255
▁الشكوك	-11.981300
▁وإني	-11.981668
▁السالف	-11.981915
▁وتنقيح	-11.981995
▁عقدا	-11.982053
مرض	-11.982089
▁مكرسة	-11.982114
▁الحرائق	-11.982256
▁التماسك	-11.982320
▁r	-11.982488
ملكية	-11.982492
▁قادرين	-11.982562
▁حاولت	-11.982586
▁البناءة	-11.982607
▁يرتكبون	-11.982745
▁لغربي	-11.982840
▁بالتزاماته	-11.982888
▁الطيور	-11.982908
▁إبطال	-11.982923
▁تصد	-11.982939
▁عضويتها	-11.982955
▁مؤهلين	-11.982974
سمى	-11.983109
▁القطب	-11.983155
جوز	-11.983408
▁استقلالية	-11.983441
▁الموح	-11.983547
▁واستقلال	-11.983665
▁بالرعاية	-11.983956
ادو	-11.983994
▁كوس	-11.984157
▁البرمجيات	-11.984292
▁بتقدير	-11.984344
▁دان	-11.984385
▁التنقيح	-11.984623
▁Policy	-11.984633
▁مخالف	-11.984639
المبادئ	-11.984685
بيد	-11.984729
▁البدل	-11.984832
للحصول	-11.984861
▁الصربية	-11.984865
▁شير	-11.985003
▁طرأ	-11.985075
▁التقاليد	-11.985279
▁متوفرة	-11.985286
السويد	-11.985557
▁ناف	-11.985784
▁تشملها	-11.986171
8،	-11.986299
▁يستذكر	-11.986478
▁آرائهم	-11.986541
▁بتنقيح	-11.986705
▁هاي	-11.986717
▁وسلم	-11.986726
ؤم	-11.986970
":	-11.987055
▁حقل	-11.987092
▁غادرت	-11.987103
لأسعار	-11.987124
/60/5	-11.987146
-1،	-11.987208
▁(21)	-11.987209
▁إنجازه	-11.987332
▁81-	-11.987430
▁بالأولوية	-11.987459
▁تخلص	-11.987700
برمجة	-11.987702
▁ثغرات	-11.987780
غرام	-11.987805
نقذ	-11.987840
عقود	-11.987958
cr	-11.987968
▁استمرارية	-11.987998
▁والعائدين	-11.988098
▁مدع	-11.988102
▁الظهر	-11.988108
▁لثلاث	-11.988341
▁للطرفين	-11.988343
▁المنصفة	-11.988517
مخاطبة	-11.988562
▁للتضامن	-11.988901
▁بتغيير	-11.988902
▁بمراعاة	-11.988914
▁حصيلة	-11.988914
/60/3	-11.988955
▁بالمشاريع	-11.989098
نكر	-11.989141
▁وأصدر	-11.989193
▁المصطلح	-11.989213
FPA	-11.989301
▁جانيرو	-11.989312
▁الجسدي	-11.989402
66)	-11.989475
▁لفرض	-11.989484
▁وبنن	-11.989526
▁للبيع	-11.989532
▁بالجريمة	-11.989785
▁تسريع	-11.989812
▁أفيد	-11.989920
75)	-11.989951
شديد	-11.989992
شرح	-11.990191
▁إرهاب	-11.990334
▁قوامها	-11.990417
▁ونهج	-11.990453
▁هجرة	-11.990486
▁بلدهم	-11.990524
▁ومستويات	-11.991000
▁يستتبع	-11.991070
▁وبوصف	-11.991295
▁خلاصة	-11.991325
▁تضررا	-11.991346
▁الكائنات	-11.991437
▁الاكتواري	-11.991575
▁للصومال	-11.991575
رسالة	-11.991623
▁حسنة	-11.991882
▁ويتسم	-11.992201
▁بأنواع	-11.992262
▁الابتكارية	-11.992289
▁الإنكليزي	-11.992296
▁مخططات	-11.992600
▁لست	-11.992726
▁الإلمام	-11.992800
▁ترو	-11.992811
▁وصحة	-11.992899
▁بحري	-11.992906
▁شب	-11.992932
▁الإصلاحية	-11.993050
▁توزيعها	-11.993094
▁الكون	-11.993098
نتيجة	-11.993110
خفي	-11.993178
▁المتعل	-11.993237
▁الرعايا	-11.993325
cent	-11.993423
▁المزدوجة	-11.993472
▁مؤرخت	-11.993545
▁الحواسيب	-11.993593
إمدادات	-11.993744
▁للتشاور	-11.993781
▁والشرقية	-11.993787
▁للامتثال	-11.993900
صورة	-11.993980
تراجع	-11.993995
▁الأمير	-11.994007
صال	-11.994069
▁إضافيين	-11.994371
▁مصمم	-11.994678
مباشرة	-11.994700
▁الجيل	-11.994727
▁المنشورة	-11.994913
▁بجروح	-11.995070
غناء	-11.995083
▁والسماح	-11.995113
▁والفقرات	-11.995156
بمقتضى	-11.995164
▁الألبان	-11.995168
كتمل	-11.995433
▁بكامله	-11.995457
▁أهنئ	-11.995478
▁الشيوعي	-11.995647
▁بقرارها	-11.995991
▁وأرصدة	-11.996012
سود	-11.996136
التغيرات	-11.996376
▁بجنيف	-11.996527
▁وسعها	-11.996548
توخ	-11.996565
▁العدو	-11.996598
▁ترحيبا	-11.996634
▁المنتخبة	-11.996645
▁بمفرده	-11.996717
▁أخير	-11.996859
لجأ	-11.996924
▁قناة	-11.996941
▁ميداني	-11.997004
▁الرابطات	-11.997025
▁وقدرتها	-11.997111
▁تتابع	-11.997288
▁الضريبة	-11.997326
▁رغبته	-11.997327
▁ومحكمة	-11.997385
▁بالعمليات	-11.997388
▁ناورو	-11.997414
▁ويخضع	-11.997519
.3/57/	-11.997824
▁والمدنية	-11.997842
دود	-11.997843
RE	-11.997915
▁وأد	-11.998028
يفو	-11.998069
▁وأسبابه	-11.998143
إسبانيا	-11.998435
▁المكثفة	-11.998546
▁لتشغيل	-11.998567
فيس	-11.998599
▁معيشي	-11.998744
▁إجرائها	-11.998872
▁ومعالجتها	-11.998985
▁تخصم	-11.999152
▁نقابات	-11.999167
▁توطين	-11.999228
لفعالية	-11.999247
▁أفرادها	-11.999269
▁اولاد	-11.999378
▁يؤد	-11.999567
أدوات	-11.999660
▁المصنفة	-11.999760
▁التعايش	-11.999798
▁المجني	-11.999805
▁أبدأ	-11.999875
▁مثير	-11.999909
.32	-12.000055
▁Legal	-12.000394
▁هاتان	-12.000562
▁ترابط	-12.000686
جزئ	-12.000870
تفق	-12.000876
▁المؤرخين	-12.001031
▁الليبرية	-12.001106
▁الموسعة	-12.001164
iz	-12.001302
▁التدوين	-12.001495
/52/	-12.001753
▁اولا	-12.001882
▁ومعدلات	-12.001989
▁رحلة	-12.001991
▁وتدرك	-12.002040
▁للأحداث	-12.002081
▁محروم	-12.002109
/40	-12.002369
جرم	-12.002410
09)	-12.002599
▁المرشحة	-12.002886
علامات	-12.002910
▁المصرية	-12.002946
كير	-12.002965
▁وانخفض	-12.003154
▁والإنكليزية	-12.003255
▁تماشيا	-12.003260
▁والتربية	-12.003360
جولة	-12.003558
▁لتوليد	-12.003682
▁انضمامها	-12.003778
▁تلاميذ	-12.003822
▁الثورة	-12.003982
▁167	-12.003989
▁ظاهر	-12.004037
▁للوحدة	-12.004045
▁التطرف	-12.004173
▁السبت	-12.004359
▁بعقود	-12.004388
▁لعب	-12.004454
▁مؤيدا	-12.004521
▁1998)	-12.004893
▁إدارته	-12.004958
▁بالمنافسة	-12.005018
تتبع	-12.005038
▁حرم	-12.005276
▁وانضم	-12.005498
▁استراتيجياتها	-12.005694
▁مطلقة	-12.005699
▁ينظمها	-12.005888
▁شرف	-12.005902
▁دفاعا	-12.005916
▁زخم	-12.006005
▁الإجباري	-12.006196
▁يفسر	-12.006200
▁طلاب	-12.006210
ذلت	-12.006271
▁Br	-12.006617
ماس	-12.006778
▁أوطانهم	-12.006785
فرز	-12.006962
فقد	-12.006971
▁تنجم	-12.007392
خيار	-12.007569
▁2008؛	-12.007588
▁تفكيك	-12.007599
▁احتياجاتهم	-12.007824
سترد	-12.007830
تشارك	-12.007863
OzL	-12.007963
▁والمر	-12.007964
▁نتوقع	-12.007970
▁أمانات	-12.008034
67)	-12.008049
▁متفاوتة	-12.008091
▁يتأثر	-12.008113
▁للمستقبل	-12.008133
▁يتابع	-12.008221
▁وقضية	-12.008463
▁وانظر	-12.008481
▁January	-12.008554
▁واحتمال	-12.008842
▁لاستكشاف	-12.008890
.35	-12.008968
▁الجامعية	-12.008983
▁المضرورة	-12.009068
ä	-12.009143
▁والاهتمام	-12.009146
▁بمس	-12.009237
تجلى	-12.009319
▁مقياس	-12.009350
▁السلك	-12.009364
▁لمراكز	-12.009487
▁مشار	-12.009494
▁الانفصال	-12.009627
▁مفر	-12.009638
▁حوارا	-12.009739
▁لمعظم	-12.009740
▁أزمات	-12.009749
▁أعتزم	-12.009789
-22	-12.009836
تونس	-12.009954
▁المنال	-12.009992
ورات	-12.010083
▁إنتاجها	-12.010256
▁والمانحين	-12.010333
▁وأذربيجان	-12.010334
ختار	-12.010370
▁بالتصدي	-12.010454
تنظيم	-12.010649
air	-12.010677
▁ناقصا	-12.010884
▁المستعرضة	-12.010924
▁الطيبة	-12.010975
▁والتلفزيون	-12.011265
▁القيادية	-12.011285
لصق	-12.011376
▁الجرم	-12.011405
▁(18	-12.011449
▁المعتقلين	-12.011497
دروس	-12.011504
▁الأحراج	-12.011531
▁تقتضيه	-12.011628
▁وتتصل	-12.011948
▁(20	-12.011987
مؤسسة	-12.012041
▁Minister	-12.012165
▁للتعجيل	-12.012240
▁الخصوصية	-12.012306
▁بقواعد	-12.012391
▁المشر	-12.012563
ó	-12.012695
▁المهلة	-12.012733
▁83-	-12.012747
▁وأية	-12.013070
أسواق	-12.013087
كافئ	-12.013127
رجل	-12.013145
▁ثمار	-12.013188
▁الخلف	-12.013647
cl	-12.013649
▁ومشاركتها	-12.013698
زلي	-12.013752
▁بالشروط	-12.013762
▁لوكالة	-12.013765
إحاطة	-12.013849
▁استنساخ	-12.013884
▁متوقعا	-12.014195
▁230	-12.014201
▁استهدفت	-12.014378
▁للتطورات	-12.014481
▁العينات	-12.014538
▁خادم	-12.014562
▁واستخدامهم	-12.014586
▁معرضة	-12.014691
/60/7	-12.014693
▁الحادثة	-12.014781
▁طالبي	-12.014792
▁تدمج	-12.014793
▁صدق	-12.014905
▁اشتر	-12.015029
▁استجواب	-12.015072
/57/5	-12.015239
▁للرابطة	-12.015424
▁(24)	-12.015549
▁الاعتراضات	-12.015602
▁وميثاق	-12.015701
▁بالقواعد	-12.015733
▁رؤ	-12.015798
▁المسرح	-12.015800
السودان	-12.015841
▁المعل	-12.015875
▁عمق	-12.015887
▁الاعت	-12.016026
زعج	-12.016107
▁اف	-12.016209
▁للجريمة	-12.016232
▁الأتراك	-12.016262
▁والسفر	-12.016310
▁1996/31	-12.016336
▁يعترض	-12.016408
▁وزاري	-12.016525
▁Public	-12.016672
▁العدوى	-12.016738
▁قاد	-12.016795
توجب	-12.016912
▁تعيق	-12.017006
/29	-12.017089
▁للقاعدة	-12.017102
سلا	-12.017409
▁للب	-12.017445
▁الآخذ	-12.017483
▁تفكير	-12.017583
▁ينت	-12.017632
▁كير	-12.017814
▁1968	-12.018025
▁واتساق	-12.018065
▁المحفوظات	-12.018100
▁ترسيم	-12.018164
▁قاسية	-12.018197
▁تدبيرا	-12.018302
▁عائلة	-12.018375
▁كرو	-12.018377
▁للتشريعات	-12.018837
سفير	-12.018952
▁يريدون	-12.019005
▁وخلق	-12.019035
▁طرحها	-12.019045
▁شيوعا	-12.019094
بائع	-12.019099
▁174	-12.019354
4،	-12.019546
▁المكتوبة	-12.019785
▁حسم	-12.019899
▁الوزن	-12.019907
▁والنفسية	-12.020123
ستمد	-12.020168
▁جمعها	-12.020285
▁للمحاسبة	-12.020288
▁غادر	-12.020404
▁يستخدمون	-12.020406
تجنب	-12.020502
▁صانعي	-12.020624
▁غالب	-12.020648
▁التقييد	-12.020673
/250	-12.020818
▁وسعيا	-12.020985
▁بالمؤسسات	-12.021034
تقسيم	-12.021274
تفويض	-12.021275
▁مدخل	-12.021331
▁والاستعراض	-12.021394
مراكز	-12.021477
▁سمك	-12.021548
▁للشراكات	-12.021633
▁وكرر	-12.021639
▁الإخلاء	-12.021776
▁الأولاد	-12.021870
▁2003).	-12.021910
▁يلجأ	-12.022025
عقوبات	-12.022130
▁حرفي	-12.022140
▁طب	-12.022236
▁الفتوى	-12.022264
▁لقبول	-12.022331
▁بالتزامها	-12.022468
EX	-12.022489
▁المبيعات	-12.022532
▁الشحنات	-12.022583
▁السفراء	-12.022592
]؛	-12.022752
▁بأنني	-12.022815
▁2000).	-12.022985
▁والأرصدة	-12.023002
تحويل	-12.023025
2000/40	-12.023036
▁اختفاء	-12.023057
▁النافذة	-12.023102
▁التنسيقي	-12.023219
▁٣٥	-12.023449
▁بالمساهمة	-12.023544
إلزام	-12.023967
▁للإنفاق	-12.024027
▁الأشغال	-12.024087
ستلزم	-12.024110
▁تصرفات	-12.024224
▁>	-12.024250
▁الفت	-12.024283
▁والجزء	-12.024298
▁وموريتانيا	-12.024675
▁إسرائيلي	-12.024720
وصول	-12.024782
▁15)	-12.024911
▁اتساقا	-12.024939
▁وتناولت	-12.025014
▁علمي	-12.025224
▁أضعاف	-12.025228
▁ورجال	-12.025255
▁وعلاج	-12.025333
▁التحاق	-12.025336
▁وتتعاون	-12.025442
اقتصاد	-12.025542
▁وإجراءاتها	-12.025572
▁والمراكز	-12.025578
▁وطاجيكستان	-12.025702
▁تستبعد	-12.025726
ph	-12.025786
▁2007-2008	-12.025973
▁شعار	-12.026033
▁أنظر	-12.026416
▁الخصوم	-12.026453
▁الإنشاء	-12.026476
pro	-12.026643
صريح	-12.027001
يتبع	-12.027067
▁أبرم	-12.027193
▁خف	-12.027446
▁٣٧	-12.027803
IT	-12.027833
رجي	-12.027857
ung	-12.028104
▁شين	-12.028148
▁المكونات	-12.028155
▁العملة	-12.028156
▁تقويم	-12.028209
نوعية	-12.028236
▁ويتضح	-12.028255
▁Name	-12.028256
سلك	-12.028259
▁ضرائب	-12.028297
.36	-12.028303
-2007	-12.028454
▁حجمها	-12.028511
▁82-	-12.028984
قاضي	-12.029259
▁التكوين	-12.029450
▁المعتمدين	-12.029703
▁إقفال	-12.029708
▁بالبحث	-12.029710
▁شنت	-12.029892
▁التقييدية	-12.030017
▁Centre	-12.030042
▁وتصدير	-12.030245
▁لشخص	-12.030315
حول	-12.030329
asp	-12.030442
تعسف	-12.030517
▁طيران	-12.030692
▁بالمشتريات	-12.030828
العمل	-12.030865
▁(2005).	-12.030891
▁حقول	-12.030910
▁المبل	-12.030940
▁بإيجاد	-12.031017
▁وجنيف	-12.031064
يبو	-12.031173
▁ومنتجات	-12.031314
▁والعجز	-12.031839
▁وتوجه	-12.031957
▁تشيد	-12.032007
انه	-12.032017
إمكان	-12.032048
▁والإدارات	-12.032140
▁إغفال	-12.032316
▁معتمدة	-12.032326
▁سيئة	-12.032345
▁تستوفي	-12.032522
▁اختلافا	-12.032541
▁بالقرارات	-12.032557
▁تستكمل	-12.032648
▁إزالتها	-12.033063
▁أعمالهم	-12.033256
▁مجل	-12.033342
▁مستنسخة	-12.033362
تأصل	-12.033498
rea	-12.033606
▁ارتفاعا	-12.033606
▁تحضير	-12.033607
▁الصوت	-12.033659
▁قار	-12.033694
▁ثقته	-12.033792
أموال	-12.033830
▁سنا	-12.033835
▁مركزها	-12.033980
▁ردت	-12.033998
▁والكيميائية	-12.034276
▁الدعارة	-12.034292
▁تواتر	-12.034298
▁حساسة	-12.034379
▁تراث	-12.034429
▁أحيان	-12.034443
▁يتح	-12.034556
▁المخد	-12.034587
▁النشرة	-12.034655
▁تحويلها	-12.034806
اختطاف	-12.034853
الرتبة	-12.034898
آراء	-12.034912
▁(1994)	-12.035028
▁المعزز	-12.035074
▁5/1	-12.035285
▁متعلق	-12.035620
▁كري	-12.035651
▁2008-2011	-12.036094
▁للمادتين	-12.036095
وزن	-12.036105
▁المحت	-12.036475
▁تتوافق	-12.036550
▁مشفوعا	-12.036700
▁اثناء	-12.036701
تطابق	-12.036702
▁بجلاء	-12.036711
▁وأداء	-12.036711
ación	-12.036756
اداة	-12.036948
حضار	-12.036957
▁إضعاف	-12.036990
▁أحسن	-12.036996
▁انفرادي	-12.037037
▁المعم	-12.037376
لأحوال	-12.037447
▁وأجريت	-12.037570
وما	-12.037648
كفاء	-12.037835
▁لاستعمال	-12.037850
▁كدولة	-12.037868
▁ICCD	-12.037916
▁يتوافر	-12.037917
▁والنزاهة	-12.037951
▁والعام	-12.038260
▁معامل	-12.038274
فيتامين	-12.038300
انتقاد	-12.038401
▁إيتوري	-12.038525
▁اللازمين	-12.038653
▁يرون	-12.038727
ثيو	-12.038802
▁وقود	-12.039005
▁للتعويضات	-12.039064
ذخائر	-12.039109
▁تغذية	-12.039159
كرس	-12.039199
▁دينامية	-12.039221
▁الجدوى	-12.039579
▁برد	-12.039724
▁التخزين	-12.039742
▁لوفد	-12.040076
عني	-12.040095
زارع	-12.040125
▁Department	-12.040351
▁تأديبية	-12.040355
▁وناشد	-12.040376
▁ولدينا	-12.040472
▁لتوحيد	-12.040522
▁بلداننا	-12.040762
▁متكافئة	-12.040775
▁للقذائف	-12.040789
ؤول	-12.040836
▁والاستنتاجات	-12.040856
▁للأقاليم	-12.040961
▁واحتجاز	-12.040986
▁والميادين	-12.041158
▁البرازيلية	-12.041173
تيحت	-12.041370
ik	-12.041593
بوس	-12.041724
▁Be	-12.041771
▁(16	-12.041780
▁وتدريبهم	-12.041970
AB	-12.042113
▁بجوانب	-12.042182
▁يتوخى	-12.042205
▁٤٠	-12.042274
تقصي	-12.042628
فاض	-12.042649
▁لتر	-12.042664
▁صافية	-12.042708
▁وأعدت	-12.042755
▁بالاسبانية	-12.042792
▁الثقيلة	-12.042886
5,	-12.042897
▁بالاجتماع	-12.042914
▁فرضت	-12.042961
az	-12.043170
تجمع	-12.043199
إحياء	-12.043240
▁عالمنا	-12.043268
ven	-12.043438
▁سلطتها	-12.043587
تقاسم	-12.043828
▁نقابة	-12.043881
▁التداول	-12.043905
كث	-12.043994
▁ومتطلبات	-12.044017
▁(11	-12.044039
▁وإسهام	-12.044055
▁القناة	-12.044109
.27	-12.044325
تعجيل	-12.044340
.33	-12.044536
▁والنيجر	-12.044629
.4/5	-12.044749
-2002	-12.044790
▁حادة	-12.044847
▁التحليلات	-12.044914
▁وشرع	-12.045082
خلاص	-12.045159
حالته	-12.045235
▁مكثف	-12.045279
▁الرائد	-12.045696
▁المفرطة	-12.045696
nc	-12.045698
▁القبرصية	-12.045947
▁علاقاتها	-12.046019
▁Africa	-12.046187
▁طارئة	-12.046349
2007	-12.046362
▁ببيانين	-12.046462
▁النظ	-12.046700
/1998/	-12.046817
▁عادت	-12.046820
هيكل	-12.046860
▁Ge	-12.046981
▁الأرياف	-12.047079
▁والانتساب	-12.047079
النظام	-12.047099
▁والخامسة	-12.047194
.3/59/	-12.047227
ونغو	-12.047229
غاي	-12.047252
▁لوظائف	-12.047279
▁المولد	-12.047310
▁يناهز	-12.047367
▁الإمكانات	-12.047461
▁وسيط	-12.047472
عقاقير	-12.047503
عائل	-12.047517
▁منتديات	-12.047631
▁جوزيف	-12.047693
▁للآلية	-12.047886
▁للمشكلة	-12.048000
-2005	-12.048031
▁وأشاد	-12.048136
▁المحيل	-12.048151
▁الهاتفية	-12.048167
▁وأربعة	-12.048183
غرامة	-12.048282
▁الإقراض	-12.048402
إخطار	-12.048450
76)	-12.048514
لأنواع	-12.048665
▁مماثلا	-12.048735
▁الهيكلة	-12.048823
uk	-12.048882
▁يبدي	-12.048939
▁الأهم	-12.049050
▁الدرس	-12.049216
▁260	-12.049334
▁الانتماء	-12.049537
▁الميدانيين	-12.049712
▁تعليقها	-12.049844
ستا	-12.049973
▁والمدعي	-12.049992
▁بالصراعات	-12.050007
سعى	-12.050051
▁والبطالة	-12.050153
▁وخيمة	-12.050156
▁وإرساء	-12.050387
سى	-12.050567
▁المعالم	-12.050646
▁المترتب	-12.050715
▁والوضع	-12.050748
/2002/30/	-12.050765
منشآت	-12.050830
▁غايات	-12.050847
▁وألبانيا	-12.051029
▁2007).	-12.051132
▁الضعفاء	-12.051132
▁الأقاليمي	-12.051190
▁تلف	-12.051210
اليونيدو	-12.051244
▁ثابتا	-12.051253
▁الصد	-12.051289
▁بمتطلبات	-12.051384
▁يفتح	-12.051419
▁زر	-12.051511
▁بجانب	-12.051556
▁Case	-12.051558
أولاد	-12.051582
▁ممولة	-12.051589
▁امتياز	-12.051591
ضيق	-12.051828
▁الحامل	-12.051835
90)	-12.051874
▁تستمع	-12.051899
▁منتخب	-12.052053
لجهة	-12.052061
▁وأنواع	-12.052098
▁اخو	-12.052167
78)	-12.052330
▁الإذاعي	-12.052393
أقل	-12.052460
تثبيت	-12.052497
▁الكفاءات	-12.052622
▁لسلطات	-12.052658
▁وجهتها	-12.052683
▁بارا	-12.052706
▁استخراج	-12.052728
▁طائ	-12.052753
▁يوصى	-12.052824
▁it	-12.052863
▁الامتحانات	-12.052953
▁صارخ	-12.053189
▁سيل	-12.053237
▁أوسلو	-12.053267
▁Distr	-12.053471
ليش	-12.053546
▁تصوير	-12.053626
.3/	-12.053643
سرطان	-12.053645
▁راجع	-12.053655
85)	-12.053673
ten	-12.053711
صناديق	-12.053758
▁بالتزكية	-12.053853
▁الباحثين	-12.053855
▁والاتساق	-12.053855
▁والجمهور	-12.053933
▁مناوب	-12.054092
▁has	-12.054132
▁خطي	-12.054379
▁ويوضح	-12.054432
▁شبعا	-12.054512
▁الماوري	-12.054615
▁يعنى	-12.054871
رافق	-12.054895
الطابع	-12.054954
تشويه	-12.055119
mon	-12.055153
كوب	-12.055162
▁وكثير	-12.055283
▁مجدية	-12.055343
▁أساسها	-12.055404
▁لليونسكو	-12.055708
▁لمفهوم	-12.055765
▁العاطلين	-12.055808
▁وتنظر	-12.055836
▁المستعمل	-12.055986
الصور	-12.055992
▁وارتفع	-12.056079
▁ذاتيا	-12.056184
▁همرشولد	-12.056327
▁واللوجستي	-12.056327
▁هيلانة	-12.056335
▁وآمل	-12.056342
▁ينشر	-12.056450
▁رتب	-12.056694
▁وبغاء	-12.056778
▁تحسنت	-12.056875
خمسة	-12.056951
par	-12.057175
توسع	-12.057182
▁صناع	-12.057206
▁إجمالية	-12.057331
▁تهمة	-12.057355
▁شريط	-12.057411
▁كبح	-12.057494
استشعار	-12.057506
تدخل	-12.057519
مبو	-12.057521
مطالبة	-12.057564
▁نبذل	-12.057577
▁الهندسية	-12.057578
▁الإست	-12.057607
ah	-12.057634
▁لإقرار	-12.057651
▁وفدا	-12.057677
▁جوازات	-12.057687
▁المرصودة	-12.057707
▁المرتبة	-12.057786
حتفظ	-12.057798
▁الفيضانات	-12.057936
ier	-12.057975
▁والأسئلة	-12.058100
▁مخاوف	-12.058189
▁الذهاب	-12.058198
▁زخما	-12.058256
▁00/12	-12.058259
▁المرشح	-12.058304
المحكمة	-12.058415
قنع	-12.058460
▁2.5	-12.058530
▁والمهام	-12.058584
.1/60/	-12.058694
تحد	-12.058700
▁المساحة	-12.058722
▁للشروع	-12.058827
▁التوقف	-12.058879
esa	-12.058895
▁الات	-12.058972
▁المقاييس	-12.059054
استيراد	-12.059115
▁مشروط	-12.059375
▁لآثار	-12.059393
▁والمخدرات	-12.059429
▁القنصلية	-12.059431
أسماء	-12.059443
قضية	-12.059521
▁فيليب	-12.059666
▁والأهم	-12.059794
▁الافتراض	-12.059815
▁المناوبين	-12.059867
▁التقي	-12.059986
▁شد	-12.060008
▁وساعد	-12.060032
▁احتجازه	-12.060061
▁الإندونيسية	-12.060101
▁1.2	-12.060115
▁أث	-12.060127
خروج	-12.060219
▁توليها	-12.060229
▁وصناديق	-12.060380
التقيد	-12.060597
▁تتنافى	-12.060643
▁والتفاعل	-12.060711
SGB	-12.060729
▁الخزانة	-12.060783
▁الويب	-12.060787
▁2020	-12.060922
▁للمعاهدات	-12.061080
▁نار	-12.061239
▁محافظة	-12.061376
38)	-12.061575
▁تعدل	-12.061671
fi	-12.061740
fa	-12.061891
▁نزاعات	-12.061891
▁فوقها	-12.061896
▁مشمول	-12.061903
▁Research	-12.061932
▁عديد	-12.062000
▁وعناصر	-12.062025
▁بمفهوم	-12.062088
▁إذاعة	-12.062311
▁work	-12.062593
que	-12.062619
ique	-12.062630
تشابه	-12.062780
▁يسم	-12.062784
▁الإعاشة	-12.062840
▁الأساسيين	-12.062852
▁بالمناطق	-12.063116
غط	-12.063154
▁اليك	-12.063254
قضاة	-12.063272
▁منشأ	-12.063304
كور	-12.063806
▁1958	-12.063864
▁الإثير	-12.063963
▁معتقدات	-12.064133
▁فتاة	-12.064198
▁والبر	-12.064274
▁عمود	-12.064337
▁ورئي	-12.064363
▁المثارة	-12.064417
سيشمل	-12.064455
▁التردد	-12.064606
الردود	-12.064616
<	-12.064922
▁تأكد	-12.064995
▁أقوال	-12.065089
▁للطلبات	-12.065135
أشغال	-12.065221
▁بوقت	-12.065266
الموارد	-12.065312
لإعراب	-12.065312
▁المجلة	-12.065320
وغا	-12.065438
كينيا	-12.065602
▁المعقولة	-12.065617
è	-12.065635
اندا	-12.065639
مدرسة	-12.065649
▁تتوصل	-12.065928
▁تحليلية	-12.065967
▁ندعم	-12.065978
▁ريب	-12.065979
RI	-12.065990
تعايش	-12.066015
▁"2	-12.066076
▁الاستكشاف	-12.066130
▁لاسيما	-12.066297
المراقب	-12.066301
▁84-	-12.066541
▁اهتمامه	-12.066582
▁إنذار	-12.066763
▁أرجو	-12.066770
/63	-12.066875
▁لنهج	-12.066898
▁واله	-12.067066
▁أطلب	-12.067178
▁مكتوبة	-12.067192
معاناة	-12.067339
▁اليهودية	-12.067422
يجدر	-12.067438
▁سيطرتها	-12.067539
▁والواجبات	-12.067540
▁وأرمينيا	-12.067741
▁والقوة	-12.068123
غانا	-12.068252
▁والتابع	-12.068365
▁والموضوعية	-12.068711
شترط	-12.068758
▁رحلات	-12.068848
▁محنة	-12.068867
جيز	-12.068904
▁ترحيل	-12.069030
▁بوظائف	-12.069045
مركبات	-12.069312
▁لجوء	-12.069424
▁يقيمون	-12.069452
▁وجوده	-12.069493
▁حذر	-12.069615
▁إنشائه	-12.069634
▁ساتل	-12.069755
han	-12.069757
▁المحل	-12.069762
▁الهجومية	-12.069912
▁والعنصرية	-12.070005
ستي	-12.070026
نواتج	-12.070036
▁الإخبارية	-12.070047
إيلاء	-12.070115
▁مبيدات	-12.070151
▁رئي	-12.070234
▁أصاب	-12.070243
▁إدراكا	-12.070315
▁وأع	-12.070366
▁السالفة	-12.070568
/55/6	-12.070689
▁بالأسرة	-12.070704
▁وتلقت	-12.070707
لسعادة	-12.070862
/61/3	-12.070941
▁تأثرت	-12.071035
▁بخط	-12.071149
▁وتوضح	-12.071257
▁لعلاج	-12.071412
لاعتراف	-12.071677
▁والعقبات	-12.071934
▁والثقة	-12.071955
▁تمضي	-12.072117
▁فيديو	-12.072284
▁فإنهم	-12.072357
لوقا	-12.072366
▁طبقت	-12.072371
كيل	-12.072447
▁حاد	-12.072506
وجد	-12.072510
▁يجيز	-12.072921
▁قضائيا	-12.072963
▁بمع	-12.073027
▁بأساليب	-12.073135
افات	-12.073206
▁مقالات	-12.073225
▁لغاية	-12.073259
▁كيتس	-12.073357
▁اتسمت	-12.073364
وظيف	-12.073369
▁المجل	-12.073396
▁أقلية	-12.073572
▁المنجزات	-12.073572
▁مصروفات	-12.073628
▁عضوين	-12.073632
▁تدير	-12.073637
▁بمسؤوليات	-12.073650
▁حفل	-12.073664
▁والازدهار	-12.073759
▁اعتقل	-12.073764
▁بمناقشة	-12.073782
▁للالتزام	-12.073816
▁بالممارسات	-12.073830
▁الماشية	-12.073831
▁إيمان	-12.073863
▁المطبق	-12.073880
▁المخالفات	-12.073920
▁أصدره	-12.073923
▁يرك	-12.073936
▁حرمة	-12.074092
صت	-12.074178
▁المقت	-12.074228
▁إجرامي	-12.074347
10).	-12.074477
▁مايكل	-12.074522
▁وإل	-12.074596
رفي	-12.074629
سبان	-12.074686
▁وطبيعة	-12.074831
▁الرقيقة	-12.074945
▁مؤهلة	-12.074990
▁وتنتهي	-12.075088
ومن	-12.075171
اريس	-12.075224
▁1962	-12.075304
شراكة	-12.075609
▁سيتيح	-12.075701
▁عظيمة	-12.075763
▁يكاد	-12.075794
▁معلم	-12.075818
1/59/	-12.075836
ther	-12.075858
تجاوب	-12.075890
.105/	-12.075911
خرة	-12.075914
▁وتجميع	-12.076032
▁cit	-12.076038
▁والفنية	-12.076097
إكوادور	-12.076125
ization	-12.076219
قض	-12.076233
▁تأشيرة	-12.076346
▁بوينس	-12.076371
▁والثانوية	-12.076447
▁خاضع	-12.076544
▁ملتمسي	-12.076660
▁تداول	-12.076740
▁تحركات	-12.076813
▁تقصير	-12.077156
▁موافقته	-12.077210
▁يحي	-12.077237
مستودع	-12.077272
▁أثرت	-12.077363
▁يقتضيه	-12.077470
▁نتائجها	-12.077513
▁لكوسوفو	-12.077611
▁للدخول	-12.077611
▁he	-12.077788
▁مزيج	-12.077966
▁اليورو	-12.077992
▁دستوري	-12.078149
▁بالفلور	-12.078249
▁وأعاد	-12.078268
▁2-5	-12.078472
▁الإثيوبية	-12.078603
تساوي	-12.078605
▁حافظ	-12.078614
▁متبادلة	-12.078648
▁الالتماسات	-12.078650
▁بالقراءة	-12.078928
▁57/3	-12.078959
▁تدخلات	-12.079043
جيش	-12.079121
▁بالترتيبات	-12.079125
▁رجاء	-12.079199
▁ناقشت	-12.079312
▁بالثناء	-12.079512
▁ينال	-12.079690
▁85-	-12.079703
إصابة	-12.079718
▁173	-12.079749
▁الداخلة	-12.079784
▁أعقبت	-12.079850
▁معارض	-12.080001
▁محظورة	-12.080055
▁سينظر	-12.080092
▁الشبكية	-12.080094
▁هامبسون	-12.080145
▁تراه	-12.080149
▁الواقعية	-12.080182
▁التحليلي	-12.080248
▁1965	-12.080292
▁حضرت	-12.080453
ire	-12.080486
▁وسبع	-12.080603
▁راح	-12.080763
▁يخالف	-12.080780
▁قسرا	-12.080788
▁زرع	-12.080833
شدد	-12.081006
▁لتحديات	-12.081134
▁بالظروف	-12.081141
إذ	-12.081309
▁النهر	-12.081377
صلح	-12.081386
▁التدفق	-12.081552
▁المشرف	-12.081552
▁وازداد	-12.081564
▁بالتوصية	-12.081566
▁والتهديدات	-12.081624
عاملات	-12.081687
▁خلافات	-12.081706
▁ميزان	-12.081747
▁193	-12.081901
▁الضميمة	-12.082049
▁تشكيلة	-12.082104
/6/	-12.082111
▁بأمانة	-12.082673
▁60/251	-12.082784
▁للزراعة	-12.082785
▁بالخطة	-12.082931
▁نسخا	-12.083076
▁والآراء	-12.083136
▁Ra	-12.083246
▁الإيراني	-12.083246
▁للعودة	-12.083252
▁إنعاش	-12.083378
▁الأج	-12.083496
▁(23)	-12.083559
▁الأوغندية	-12.083618
تعيين	-12.083708
لنقابات	-12.083724
▁المعلوم	-12.083771
▁تأهيلهم	-12.083802
بدو	-12.083850
▁بألا	-12.084022
أنظمة	-12.084167
▁باستخدامها	-12.084373
▁ليبيريا	-12.084596
▁كثافة	-12.084603
▁لمنصب	-12.084676
RC	-12.084722
▁الحركات	-12.084734
▁كفاح	-12.084769
▁النظرية	-12.084846
▁177	-12.084908
تنظمها	-12.084946
▁ومست	-12.084962
▁بإعمال	-12.085103
قاس	-12.085132
▁والثانوي	-12.085132
▁بقطاع	-12.085218
▁بالصينية	-12.085243
▁إرشاد	-12.085279
وفو	-12.085296
تضخم	-12.085312
كسر	-12.085319
▁هائلا	-12.085351
▁تجريبي	-12.085550
▁بغسل	-12.085633
فذت	-12.085717
▁ومسؤول	-12.085730
▁مجاني	-12.085827
▁وتكييف	-12.085870
▁والسبعين	-12.085871
▁تدار	-12.085875
▁For	-12.086083
▁للضمانات	-12.086172
▁فلو	-12.086271
▁لكوبا	-12.086281
المغرب	-12.086325
كرت	-12.086449
lect	-12.086453
لوس	-12.086453
▁بإنتاج	-12.086505
▁والتعديلات	-12.086511
▁والتشريعية	-12.086517
لجمعيات	-12.086617
حجم	-12.086656
▁أشرت	-12.086693
توحيد	-12.086843
▁تدعى	-12.086905
▁للتطبيقات	-12.086929
▁يحت	-12.086930
▁الطفلة	-12.086996
لمان	-12.087103
▁شخصي	-12.087106
ME	-12.087120
▁بمدى	-12.087183
▁تكبدها	-12.087200
▁القائد	-12.087320
▁نضع	-12.087447
▁المتخصص	-12.087464
▁نظمته	-12.087492
▁للمنازعات	-12.087579
▁تحافظ	-12.087614
▁ومتكاملة	-12.087717
تطلب	-12.087726
▁الصلاة	-12.087789
▁التوحيد	-12.087815
مستشار	-12.087819
▁(500	-12.087872
ight	-12.087940
▁ووق	-12.087984
▁وتثني	-12.088065
راعى	-12.088095
علاقة	-12.088107
▁يديرها	-12.088214
تسهم	-12.088219
▁ممتازة	-12.088255
nn	-12.088324
خز	-12.088338
▁تحضيرية	-12.088364
ارتي	-12.088407
تنطوي	-12.088427
▁وبدل	-12.088483
▁الملاحقة	-12.088555
▁بطلبات	-12.088702
▁ميزة	-12.088861
ـــــــــ	-12.088894
▁لتقارير	-12.088974
▁الكونغوليين	-12.089010
▁عاجز	-12.089025
▁الاستقبال	-12.089066
▁أرباح	-12.089177
▁وموثوق	-12.089206
باقي	-12.089326
94)	-12.089353
▁طريقها	-12.089353
▁مشتريات	-12.089383
▁امت	-12.089395
الدعوة	-12.089530
▁بالاو	-12.089538
ile	-12.089552
ساءل	-12.089712
▁كيب	-12.089800
الف	-12.089804
▁خرقا	-12.089909
▁بمثل	-12.089932
▁تضعها	-12.089939
▁(100	-12.089994
▁المضمونين	-12.090171
▁منازعات	-12.090294
▁وملاوي	-12.090348
▁موجهت	-12.090441
جهاز	-12.090513
▁ويتمتع	-12.090522
لكفالة	-12.090755
▁بتنفيذها	-12.090880
▁موزعة	-12.090897
▁لجزر	-12.090983
▁المتطورة	-12.090992
▁الودية	-12.091038
▁توقيف	-12.091054
سبي	-12.091387
▁تردد	-12.091414
ستحدث	-12.091521
▁الفئتين	-12.091628
▁تدوير	-12.091629
تفريغ	-12.091708
▁المثلى	-12.091813
باستثناء	-12.091830
▁متهمين	-12.091904
▁والتعلم	-12.091982
▁يمتثل	-12.092102
▁استعمل	-12.092106
▁الجي	-12.092186
▁بالدعوة	-12.092221
▁تقلص	-12.092255
▁التراكم	-12.092258
▁أجيال	-12.092278
▁نادرا	-12.092378
▁جغرافية	-12.092466
▁وساعدت	-12.092473
▁So	-12.092497
▁مكتبا	-12.092546
كبير	-12.092564
▁ستساعد	-12.092586
▁مناقشته	-12.092593
▁حياتي	-12.092626
▁إبادة	-12.092762
▁لبيانات	-12.092844
▁ابراهيم	-12.092913
▁مهاجر	-12.092920
▁حولية	-12.092930
▁الشاهد	-12.093009
سنة	-12.093122
▁ابنه	-12.093146
▁وعملت	-12.093196
▁page	-12.093277
▁مبدئيا	-12.093320
اغا	-12.093373
▁الأحد	-12.093411
▁يعلق	-12.093437
▁973	-12.093464
▁الاقليمي	-12.093493
▁اقترحته	-12.093495
▁وركز	-12.093511
ons	-12.093723
▁والتنفيذية	-12.093741
▁الهندسة	-12.093879
/99	-12.094361
▁والمجالات	-12.094427
طرائق	-12.094460
▁إسلام	-12.094508
صيغة	-12.094678
▁ثانوية	-12.094823
▁المرفوعة	-12.094842
▁يهيب	-12.094842
▁البصرية	-12.094844
▁بوقوع	-12.094845
فسح	-12.094895
▁والمدعين	-12.095066
▁لتعريف	-12.095109
▁أضيف	-12.095142
تشكل	-12.095151
▁3:	-12.095362
▁تجسيد	-12.095412
▁نقلت	-12.095590
▁ينضم	-12.095650
▁أنشطتهم	-12.095819
ثنائي	-12.095891
▁وقر	-12.096009
▁حواجز	-12.096131
▁معالم	-12.096263
▁تطويرها	-12.096305
حصانات	-12.096343
▁انفك	-12.096376
/58/7	-12.096414
▁التأثر	-12.096472
ذات	-12.096695
>.	-12.096704
▁حياتنا	-12.096788
▁مرتفع	-12.096852
▁محبة	-12.096923
eg	-12.097033
▁هبوط	-12.097035
▁وشكر	-12.097065
▁تحال	-12.097073
موس	-12.097131
قنصل	-12.097344
▁للنفايات	-12.097355
▁والفر	-12.097525
po	-12.097712
▁للأزمات	-12.098065
▁الهايتية	-12.098104
▁الانتحار	-12.098187
▁أدعوه	-12.098244
سيف	-12.098319
نبذ	-12.098403
▁Sa	-12.098476
▁تفسيرا	-12.098755
▁امتنانه	-12.098795
بالا	-12.098989
▁168	-12.099095
▁كلمتي	-12.099140
ستهل	-12.099229
تسارع	-12.099231
▁يرت	-12.099253
▁بالسنة	-12.099286
▁السوفياتي	-12.099311
▁خدمته	-12.099541
▁وشعبها	-12.099614
▁وتسلم	-12.099646
▁أعقب	-12.099774
▁الشمول	-12.099910
▁تشيرنوبيل	-12.100005
▁والرخاء	-12.100006
▁ومثلما	-12.100029
إثبات	-12.100031
▁الفراغ	-12.100051
▁عباس	-12.100178
نغا	-12.100197
جامايكا	-12.100204
افا	-12.100312
▁السوقي	-12.100369
▁لثقافة	-12.100554
▁الصدمات	-12.100584
▁والبعثة	-12.100603
طمئن	-12.100609
▁يقي	-12.100634
▁بتشغيل	-12.100652
▁يجسد	-12.100694
يسوع	-12.100738
المرسوم	-12.100750
▁النظراء	-12.100819
▁المقار	-12.100847
▁الكويتي	-12.100956
▁الحاد	-12.100960
▁مدفوعة	-12.101147
▁ائتمان	-12.101186
▁يمثله	-12.101278
تأهب	-12.101328
▁محرك	-12.101331
.261/	-12.101431
▁إطلاقا	-12.101469
زراعة	-12.101497
▁بالقطاع	-12.101677
▁اجتماعاتها	-12.101682
▁وسكان	-12.101812
▁شعبه	-12.101909
▁وانطلاقا	-12.101948
▁الإيذاء	-12.101987
▁راس	-12.102101
▁تشغيلية	-12.102124
▁عسكريين	-12.102132
▁مؤشرا	-12.102166
الأوساط	-12.102345
▁القيد	-12.102392
▁بالسلع	-12.102455
▁بانتخاب	-12.102726
▁الكومنولث	-12.102816
▁حالتها	-12.102904
قواعد	-12.102918
▁425	-12.103074
قتبس	-12.103168
جنيف	-12.103231
▁Health	-12.103246
03)	-12.103250
line	-12.103255
▁وسير	-12.103388
▁توماس	-12.103391
▁تفاوض	-12.103638
▁سلس	-12.103657
▁تتناولها	-12.103745
▁امتناننا	-12.103817
▁سند	-12.103902
▁الأمناء	-12.103935
▁حوض	-12.103961
-21	-12.104196
▁العسكريون	-12.104202
▁ضمير	-12.104269
▁عميقة	-12.104434
▁حريته	-12.104484
▁استقلالها	-12.104656
▁وتواجه	-12.104680
▁للاستغلال	-12.104721
▁للتدخل	-12.104862
▁سنت	-12.104955
طير	-12.105012
▁تطلعات	-12.105112
▁لمحو	-12.105199
▁توق	-12.105234
▁مديرية	-12.105321
جلب	-12.105333
▁والكاريبي	-12.105353
▁تولد	-12.105484
▁يتناولها	-12.105543
خطورة	-12.105824
▁وتسويتها	-12.105846
sion	-12.106163
▁الإمكانية	-12.106174
▁المسيحيون	-12.106262
▁عق	-12.106301
▁عدالة	-12.106313
▁للمبادرة	-12.106365
▁قمنا	-12.106447
▁غرينادا	-12.106506
▁دنيا	-12.106754
▁الثمن	-12.106819
▁التش	-12.106856
▁المدفوع	-12.106946
عطاء	-12.107022
▁تنازل	-12.107059
▁التحصيل	-12.107148
▁والإرشاد	-12.107179
▁وتأكيد	-12.107196
▁بالتساوي	-12.107232
▁موح	-12.107291
▁وممارساتها	-12.107420
▁والتوزيع	-12.107601
▁إجراءاتها	-12.107717
▁غاز	-12.107746
زات	-12.107760
-31	-12.107788
▁do	-12.107873
▁تقليديا	-12.107884
سدي	-12.107899
حلول	-12.107927
▁الدالة	-12.108014
▁للإنتاج	-12.108134
▁والعودة	-12.108253
الها	-12.108270
طعم	-12.108382
▁لمصالح	-12.108455
▁فندق	-12.108463
▁4-2	-12.108477
صيانة	-12.108534
▁حققتها	-12.108554
▁غايته	-12.108643
ack	-12.108665
▁Com	-12.108722
▁وتجديد	-12.108802
▁تفجير	-12.108815
▁المعياري	-12.108857
ڤي	-12.108894
▁يخرج	-12.109008
▁فري	-12.109049
▁آثاره	-12.109057
▁بفرص	-12.109143
▁بحل	-12.109308
▁مغزى	-12.109368
▁نش	-12.109408
/61/4	-12.109434
▁تمكينية	-12.109489
▁وتظهر	-12.109561
84)	-12.109610
▁ارتياحه	-12.109779
▁الدوريين	-12.109978
رعايا	-12.109984
خلاف	-12.109998
استبقاء	-12.110085
▁تفضل	-12.110108
زيت	-12.110125
▁والتجمع	-12.110353
▁التعبئة	-12.110448
▁التزم	-12.110521
▁المسن	-12.110639
▁توصيتها	-12.110695
▁UNCC	-12.111072
▁وأفيد	-12.111254
▁وترك	-12.111378
▁جزئية	-12.111579
غيل	-12.111589
▁أشياء	-12.111640
70/	-12.111992
▁عاليا	-12.112056
▁نداءات	-12.112082
▁صيغته	-12.112091
▁وخارج	-12.112144
▁إيجار	-12.112216
▁المقاضاة	-12.112224
حاز	-12.112267
▁Di	-12.112275
▁وصدر	-12.112368
▁Conference	-12.112382
▁المقترن	-12.112432
خسارة	-12.112439
▁العالميين	-12.112445
كبر	-12.112482
▁الصومالي	-12.112582
▁فكر	-12.112659
▁5-2	-12.112830
▁يجريها	-12.112871
▁أدق	-12.112984
▁جلي	-12.112988
▁لاقتراح	-12.113050
▁وبو	-12.113175
▁احتجازهم	-12.113368
▁172	-12.113482
حجب	-12.113554
▁أعربوا	-12.113588
▁تعب	-12.113643
▁فصاعدا	-12.113686
▁المرج	-12.113807
▁لمخاطر	-12.113877
▁الشاغل	-12.114219
▁جاهدة	-12.114348
▁شعرت	-12.114367
▁عيد	-12.114419
▁185	-12.114557
▁لينظر	-12.114701
▁ضمنها	-12.114747
▁أسبوعا	-12.114756
▁الأنديز	-12.115012
▁سندات	-12.115359
▁أبداه	-12.115502
▁تبرع	-12.115515
▁الخطابات	-12.115573
▁ويقع	-12.115653
▁all	-12.115665
▁النقيض	-12.115675
▁أرضية	-12.115682
▁يعملن	-12.115791
▁الدوليون	-12.116204
▁الأل	-12.116221
▁يحسن	-12.116262
▁النوايا	-12.116317
التنمية	-12.116323
▁المتضمنة	-12.116328
▁الانكليزي	-12.116332
▁خيارا	-12.116337
رجئ	-12.116409
صافي	-12.116414
▁تورط	-12.116415
▁يعقدها	-12.116467
REP	-12.116535
▁التف	-12.116613
▁رغبت	-12.116646
▁الجم	-12.116685
▁تنهض	-12.116733
أنظر	-12.116854
▁Do	-12.116880
هذين	-12.116961
▁المستضعفة	-12.116971
▁لبعثات	-12.116982
&	-12.117026
▁التحرر	-12.117087
CR	-12.117100
73)	-12.117103
▁الانخراط	-12.117335
▁واستكشاف	-12.117345
▁الرسم	-12.117578
à	-12.117629
▁برلين	-12.117652
محتوى	-12.117713
▁تسمى	-12.117817
▁والقيادة	-12.117826
che	-12.117932
▁وتقترح	-12.118188
▁حظ	-12.118192
▁ويحتاج	-12.118325
▁(1990)	-12.118326
▁وأبدى	-12.118483
صدور	-12.118572
▁واستنتاجات	-12.118947
▁(1996)	-12.119065
▁الطبع	-12.119117
▁وتوغو	-12.119144
▁فست	-12.119360
اعمال	-12.119523
▁نفايات	-12.119528
▁الإسهامات	-12.119695
▁فمنذ	-12.119740
ختتم	-12.119826
▁تعديلها	-12.119938
ديز	-12.120022
▁الملوثة	-12.120116
▁سمعت	-12.120133
▁الخير	-12.120147
▁مسيرة	-12.120467
▁المبرر	-12.120481
▁بالشيخوخة	-12.120647
▁والزواج	-12.120754
▁الاستقصاء	-12.120790
ib	-12.120838
▁أنغيلا	-12.120975
لتقي	-12.121347
▁وسيطب	-12.121363
عنف	-12.121387
mp	-12.121407
▁للمجموعات	-12.121434
▁بأمر	-12.121482
▁مصنع	-12.121483
▁تعتمدها	-12.121505
▁آخ	-12.121560
ub	-12.121572
▁بحثها	-12.121657
▁بالاعتراف	-12.121692
▁3-2	-12.121716
مخطط	-12.121813
▁للجن	-12.121817
▁اغتصاب	-12.121885
pr	-12.121912
▁دمار	-12.122159
.7)	-12.122190
▁صموئيل	-12.122250
▁ارتكبها	-12.122258
▁باس	-12.122271
▁والثنائية	-12.122308
▁بالوثيقة	-12.122325
▁عاشرا	-12.122330
▁الصواريخ	-12.122565
▁عمرها	-12.122617
/1995	-12.122732
▁Permanent	-12.122911
▁وتتبع	-12.122916
▁الاستناد	-12.122930
▁للكشف	-12.123009
ix	-12.123027
▁ـــــــــــــــ	-12.123168
▁أسم	-12.123280
▁مكتبها	-12.123356
▁تلقتها	-12.123380
▁ju	-12.123408
▁October	-12.123574
▁تأييدهم	-12.123697
▁وآخرها	-12.123780
توتر	-12.123792
▁المنشودة	-12.123803
▁الممر	-12.123814
▁السطر	-12.123871
▁ببيانه	-12.124031
تصو	-12.124059
▁غريب	-12.124159
ظر	-12.124200
▁المعاصر	-12.124288
▁مأمونة	-12.124416
▁متعمد	-12.124431
كبح	-12.124575
▁بتصميم	-12.124595
▁ميزانيتها	-12.124740
▁وقيرغيزستان	-12.124899
▁Secretary	-12.124900
▁الحجج	-12.124922
مدفوعات	-12.124926
▁انتقل	-12.124965
▁شلل	-12.125118
▁فقراء	-12.125320
▁باعتماده	-12.125341
أحكام	-12.125426
/56/1	-12.125452
▁صناعية	-12.125496
▁نبذ	-12.125550
▁التوص	-12.125636
/56/7	-12.125652
▁المتكلمون	-12.125662
▁إيقاف	-12.125710
▁يشرف	-12.126022
▁للمانحين	-12.126124
▁طو	-12.126155
▁تعرضا	-12.126177
▁متعمق	-12.126230
تعزز	-12.126361
▁86-	-12.126553
▁تعاوني	-12.126595
▁التفصيلية	-12.126651
▁تحذير	-12.126787
وصف	-12.126796
▁يذك	-12.126884
رجو	-12.126927
قراءة	-12.127191
▁1).	-12.127261
▁المشروعات	-12.127358
▁public	-12.127473
▁السلوفاكية	-12.127531
▁وذهب	-12.127582
▁وتأثيرها	-12.127615
▁والبحرية	-12.127708
▁وسياسية	-12.127794
▁وأسباب	-12.127835
▁تنعكس	-12.128021
▁عداد	-12.128031
▁السمعية	-12.128226
▁والمنسق	-12.128296
▁إقامتهم	-12.128323
▁عودتهم	-12.128386
تحرر	-12.128567
▁المحرك	-12.128682
.43	-12.128836
▁بالأحرى	-12.128888
▁للبنك	-12.128890
▁ارتياحها	-12.128980
الاطار	-12.129041
bu	-12.129093
تمحور	-12.129117
▁الشريك	-12.129238
▁للأولويات	-12.129285
▁تعاونه	-12.129292
▁وأطر	-12.129413
▁متحدث	-12.129456
▁Association	-12.129554
▁الدعاية	-12.129560
▁ودراسات	-12.129575
ملأ	-12.129654
▁بمفردها	-12.129666
▁مفص	-12.129848
▁الجماهير	-12.129976
▁استندت	-12.130062
▁أمامها	-12.130207
▁البوليساريو	-12.130220
▁التقى	-12.130301
▁أحرزه	-12.130317
▁203	-12.130322
▁لحسابات	-12.130461
ائط	-12.130483
▁بالتكنولوجيا	-12.130668
▁المعر	-12.130677
تراكم	-12.130724
-2006	-12.130816
▁سأل	-12.130859
▁يسيطر	-12.130965
▁وحصل	-12.131009
▁الأط	-12.131024
▁بعده	-12.131031
فري	-12.131063
▁تكرس	-12.131095
▁الرجاء	-12.131308
بدائل	-12.131377
نغي	-12.131413
▁نوعها	-12.131491
▁برمودا	-12.131556
▁والجامعات	-12.131557
88)	-12.131582
▁الحقل	-12.131754
▁ضخم	-12.131841
▁نارية	-12.132048
▁لمساعدتها	-12.132089
▁تشخيص	-12.132223
الج	-12.132318
92)	-12.132325
▁تسويات	-12.132349
.40	-12.132446
يمكن	-12.132689
▁إعداده	-12.132743
▁للصكوك	-12.132911
▁محظور	-12.132986
/56/2	-12.133142
▁الأمانات	-12.133156
▁ويست	-12.133172
▁الثنائيين	-12.133189
▁عزز	-12.133238
▁الحصة	-12.133336
آذار	-12.133533
▁المترجمين	-12.133563
▁بالبعثات	-12.133563
▁بإرسال	-12.133631
▁اسمها	-12.133702
▁وستعقد	-12.133846
▁وتكثيف	-12.133955
▁والاستثمارات	-12.134126
-0	-12.134230
▁نذكر	-12.134248
cc	-12.134270
▁بالحرب	-12.134352
▁تلو	-12.134366
▁جانبية	-12.134419
▁Environmental	-12.134760
▁سلاسل	-12.134902
▁يلعب	-12.134938
▁تأدية	-12.135044
الضرر	-12.135070
▁الجورجي	-12.135110
▁مبيعات	-12.135326
▁بإنجاز	-12.135380
▁اصط	-12.135468
▁حينه	-12.135468
▁تضافر	-12.135486
▁المورد	-12.135540
▁مرجعي	-12.135542
▁تنازع	-12.135559
▁بالوضع	-12.135567
▁والانضباط	-12.135579
▁وعرضت	-12.135617
▁87-	-12.135659
▁اساس	-12.135845
استثمار	-12.135890
▁تفرضه	-12.136208
▁تعبيرا	-12.136221
▁176	-12.136337
▁ولكنهم	-12.136476
▁المرخ	-12.136660
▁وتوضيح	-12.136911
▁والإحصاءات	-12.137327
ستوك	-12.137387
.38	-12.137430
تهن	-12.137432
▁المهتمين	-12.137585
har	-12.137845
▁مضطر	-12.137941
▁صارت	-12.138096
.34	-12.138127
▁التحيز	-12.138167
▁أشمل	-12.138169
▁وغرب	-12.138217
▁الحديد	-12.138344
لوقوف	-12.138379
▁مستخدمة	-12.138486
▁التيسير	-12.138507
▁ودوائر	-12.138626
▁مستحق	-12.138699
▁جز	-12.138865
▁تستوجب	-12.138946
▁بذاتها	-12.138959
▁الجمود	-12.139059
▁للسفر	-12.139168
▁يسرني	-12.139242
▁أخلاقي	-12.139261
▁الشرير	-12.139268
لاحتفاظ	-12.139298
▁بولي	-12.139445
▁وشهدت	-12.139456
▁والعلمية	-12.139535
▁المنشطات	-12.139610
▁88-	-12.139781
▁الإرشادات	-12.139804
إثارة	-12.139853
▁سمة	-12.140142
▁المجتمعي	-12.140162
إثيوبيا	-12.140196
▁وكون	-12.140267
▁وتصنيف	-12.140274
▁جدي	-12.140359
▁أمران	-12.140372
▁المكون	-12.140549
فها	-12.140662
▁حجما	-12.140708
▁المطلوبين	-12.140769
عاء	-12.140924
استفزاز	-12.141122
تسري	-12.141216
▁يتعل	-12.141268
▁تجار	-12.141332
▁تدريجية	-12.141348
▁المستفيد	-12.141420
▁أبداها	-12.141571
91)	-12.141629
▁والبنية	-12.141635
▁الاتهامات	-12.141705
▁استجابات	-12.141768
▁ألقت	-12.141915
▁المطار	-12.141973
▁غربي	-12.142077
▁التجمعات	-12.142102
99)	-12.142268
▁القبائل	-12.142298
▁وتهريب	-12.142303
▁ارسل	-12.142346
▁معلقة	-12.142375
رأس	-12.142404
▁الثدي	-12.142477
▁الضباط	-12.142627
▁أوصي	-12.142722
▁الياباني	-12.142835
▁والأحداث	-12.142972
▁قاعات	-12.143062
▁الجمركي	-12.143099
▁وأعيد	-12.143108
▁بجنوب	-12.143167
▁الإضرار	-12.143475
▁والمنشورات	-12.143524
▁والأم	-12.143551
▁والعالم	-12.143590
▁آيرس	-12.143701
▁المحتوي	-12.143733
▁والشامل	-12.143779
▁خرج	-12.144041
▁موقفه	-12.144137
▁المستقاة	-12.144174
اختيار	-12.144200
▁Sch	-12.144230
▁حكوميين	-12.144509
▁لسبب	-12.144564
▁الإساءة	-12.144612
▁للترتيبات	-12.145002
▁ملح	-12.145053
▁ائتلاف	-12.145132
والي	-12.145165
▁فضائية	-12.145185
▁تدر	-12.145196
وسيلة	-12.145231
▁والجدول	-12.145372
▁محفلا	-12.145566
▁وبعثات	-12.145719
▁وأربع	-12.145722
▁بروتوكولات	-12.145725
تقاعس	-12.145905
▁الإنجاب	-12.145912
▁اشعيا	-12.146173
▁أبديت	-12.146338
▁Work	-12.146345
▁الحفظ	-12.146412
طلعات	-12.146511
▁وطلبات	-12.146608
▁بالمنطقة	-12.146685
الاتفاقية	-12.146791
/59/6	-12.146988
▁Canada	-12.147033
▁لاستغلال	-12.147036
▁المصادقة	-12.147038
وباء	-12.147064
▁ومتعدد	-12.147205
▁بنطاق	-12.147460
▁اتبع	-12.147480
▁مستقلين	-12.147490
ضار	-12.147511
lar	-12.147520
▁نطاقه	-12.147744
▁انتهاج	-12.147765
▁يعارض	-12.147796
▁وعواقبه	-12.147840
تدفقات	-12.147877
الإمارات	-12.147956
▁1-3	-12.147980
/1997/	-12.148054
▁181	-12.148225
صات	-12.148400
UR	-12.148510
دبابات	-12.148566
▁الكوري	-12.148589
أحدث	-12.148629
▁تنتخب	-12.148723
▁معزز	-12.148725
ضخ	-12.149102
▁عانى	-12.149107
.50	-12.149115
مالي	-12.149130
ألقى	-12.149285
▁تأمر	-12.149479
▁وأنشئ	-12.149631
▁الناقورة	-12.149750
▁السيادية	-12.149753
غواتيمالا	-12.149762
▁رموز	-12.149807
▁واضعي	-12.149848
▁لزوم	-12.149858
▁كانا	-12.150128
▁تمسك	-12.150302
/37	-12.150342
▁التأسيسية	-12.150415
▁المكتبات	-12.150497
▁179	-12.150537
▁سجين	-12.150736
▁الاختبارات	-12.150744
▁وقادة	-12.150751
▁national	-12.150920
وفقا	-12.150940
▁لسنوات	-12.150944
▁للحاجة	-12.150957
▁والمهاجرين	-12.151112
▁الرحلة	-12.151157
▁تلجأ	-12.151266
اندو	-12.151310
▁أحالت	-12.151390
▁بإشراك	-12.151613
▁والدوائر	-12.151686
▁للتنوع	-12.151710
▁تقلل	-12.151744
▁دراسته	-12.151777
▁يملكون	-12.151787
▁المؤهلة	-12.151799
▁أجانب	-12.151980
▁أنشأها	-12.152037
▁89-	-12.152152
▁معتمد	-12.152152
▁ناشط	-12.152221
الفاكس	-12.152256
▁يربط	-12.152331
▁البسيطة	-12.152478
▁وإطلاق	-12.152569
/57/4	-12.152767
▁الرقابية	-12.153157
St	-12.153162
يولوجي	-12.153269
رغبة	-12.153404
▁186	-12.153515
▁نشدد	-12.153515
▁متوقعة	-12.153579
▁القادمين	-12.153772
▁بالف	-12.153775
▁طهران	-12.153841
▁بارك	-12.153938
▁تتلق	-12.154019
▁ممتاز	-12.154022
▁للتسجيل	-12.154092
▁نادي	-12.154259
ستو	-12.154266
▁سهولة	-12.154390
أطفال	-12.154415
▁يتواصل	-12.154487
▁Review	-12.154542
▁بالصراع	-12.154709
إغلاق	-12.154725
▁وحيدة	-12.154871
▁الوطنيون	-12.154897
▁للحالات	-12.154943
▁المتخصصين	-12.154992
▁وبتعزيز	-12.154996
تبنى	-12.155151
ولايات	-12.155169
▁الهدنة	-12.155206
▁وتتوقع	-12.155213
▁واستعرض	-12.155306
▁اليدوية	-12.155315
ستكشف	-12.155454
▁وبأنه	-12.155575
رتفع	-12.155702
▁وتفادي	-12.155734
▁للتشجيع	-12.155807
▁Foreign	-12.155889
pos	-12.155996
/41	-12.156020
▁ابتكار	-12.156123
CCPR	-12.156150
89)	-12.156155
▁والتع	-12.156230
▁للزوج	-12.156382
▁آم	-12.156419
▁عشرين	-12.156482
▁فرضها	-12.156486
▁التساؤل	-12.156573
▁Inc	-12.156688
▁يسعون	-12.156799
▁برن	-12.156880
▁مستوطنات	-12.157073
زور	-12.157207
▁ينعكس	-12.157290
▁يستطع	-12.157446
▁اعتراضا	-12.157452
حتجز	-12.157478
▁صيغتها	-12.157760
▁اتصل	-12.157774
▁والتصرف	-12.157784
▁ومؤسساتها	-12.157800
يزا	-12.157851
▁تصعيد	-12.157857
▁للجلسات	-12.157948
▁راي	-12.158010
▁وتذك	-12.158117
∗	-12.158139
سبق	-12.158212
▁تجريبية	-12.158272
▁بالأراضي	-12.158435
ld	-12.158622
▁والطرق	-12.158651
▁إعدام	-12.158655
▁للتكامل	-12.158823
▁الهي	-12.158893
▁o	-12.158918
▁والوظائف	-12.158944
▁خاضعا	-12.158990
▁للمفوض	-12.159033
▁الرقيق	-12.159065
▁(3).	-12.159087
تصل	-12.159222
▁187	-12.159264
▁متع	-12.159296
مؤشر	-12.159345
▁المنصف	-12.159359
▁اللواء	-12.159386
í	-12.159560
▁للكتاب	-12.159813
▁والإيذاء	-12.159842
▁الطموح	-12.160004
▁ستؤدي	-12.160200
▁برغم	-12.160276
▁بمرض	-12.160292
▁ولماذا	-12.160321
▁استمعت	-12.160496
▁دوراته	-12.160501
▁التكلم	-12.160652
▁إجمالا	-12.160691
▁التحلي	-12.160749
▁بالبروتوكول	-12.160884
ré	-12.161312
▁تكثف	-12.161347
▁الساحقة	-12.161378
▁وتنشيط	-12.161410
لمصلحة	-12.161427
▁والكامل	-12.161432
▁دراستها	-12.161465
▁رج	-12.161577
▁يسترشد	-12.161679
▁بتعريف	-12.161729
▁المتأخرات	-12.161860
▁كاي	-12.161933
▁التصوير	-12.162068
▁المتضرر	-12.162172
▁سواتل	-12.162332
▁للتقليل	-12.162392
هاجم	-12.162829
▁إهمال	-12.162863
توعية	-12.162987
▁بحقهم	-12.163022
عاني	-12.163074
استثناء	-12.163202
▁مترجم	-12.163217
▁سيت	-12.163395
▁تجاريا	-12.163436
ding	-12.163442
▁والناشئة	-12.163460
▁واما	-12.163582
سيطر	-12.163593
عاهد	-12.163624
▁مساعي	-12.163641
▁الأقلية	-12.163728
▁He	-12.163765
▁الباقية	-12.163888
▁450	-12.163910
▁لرد	-12.164016
▁وأحيانا	-12.164134
▁صعبا	-12.164143
▁سجون	-12.164213
ريت	-12.164395
▁قص	-12.164395
▁مستهل	-12.164513
▁سوي	-12.164571
▁الالت	-12.164790
▁الانتظار	-12.164824
▁الخالصة	-12.164827
▁التشريد	-12.164844
أيلول	-12.164976
▁الاحتكار	-12.164988
▁التعميم	-12.164996
▁إلزام	-12.165157
▁وكلما	-12.165195
▁رش	-12.165219
ظلت	-12.165262
▁يتعامل	-12.165408
وطن	-12.165413
▁1955	-12.165444
▁وتعترف	-12.165451
▁نطلب	-12.165476
▁concern	-12.165514
▁المتاخمة	-12.165515
▁وتمثيل	-12.165521
▁والنص	-12.165524
▁للفضاء	-12.165538
▁لتصحيح	-12.165619
KP	-12.165674
-2001	-12.165679
تعرف	-12.165679
▁والمدن	-12.165726
رير	-12.165784
▁30/11	-12.165814
▁واعتمادها	-12.166079
▁السمسرة	-12.166215
ئيل	-12.166295
/61/6	-12.166510
-1)	-12.166723
▁الأستاذ	-12.166746
▁المقالات	-12.166889
▁للفلسطينيين	-12.166897
▁المتقاعدين	-12.166912
▁الإضراب	-12.166918
▁رئيسه	-12.166974
▁وحمايته	-12.167145
▁للجرائم	-12.167242
▁يشيد	-12.167319
▁للتعليق	-12.167338
▁الأخبار	-12.167351
▁الشارع	-12.167621
وظف	-12.167786
ديمقراطي	-12.167856
▁عائد	-12.167861
/51/	-12.168330
▁والتوظيف	-12.168359
▁غضب	-12.168368
▁سعى	-12.168374
▁1612	-12.168386
▁وينطوي	-12.168421
وقع	-12.168537
مقابل	-12.168675
▁مأوى	-12.168704
▁إست	-12.168733
tat	-12.168946
▁مثمرة	-12.168989
▁يرصد	-12.169093
صحيح	-12.169184
▁رائع	-12.169235
▁توفي	-12.169264
▁استهلالي	-12.169291
▁صل	-12.169404
ow	-12.169482
طيب	-12.169649
لكيفية	-12.169658
▁واغادوغو	-12.169668
▁المعتزم	-12.169704
ys	-12.169797
رضية	-12.169885
▁يولد	-12.169937
الفاو	-12.169967
▁إرسالها	-12.170050
▁والجيش	-12.170277
▁تشرف	-12.170397
▁الحاجات	-12.170458
حرف	-12.170475
▁الاخيرة	-12.170575
مسؤول	-12.170592
▁رحم	-12.170647
▁منازلهم	-12.170749
▁ليبيا	-12.170905
▁وتلتزم	-12.170909
نسخ	-12.170970
▁موسم	-12.171061
▁وكرامة	-12.171067
▁محاور	-12.171077
▁(1978)	-12.171096
▁مدونات	-12.171231
▁المنطق	-12.171319
▁تاريخه	-12.171335
▁سهلة	-12.171443
▁المقسم	-12.171494
▁موارده	-12.171573
▁عملتم	-12.171740
▁الأبوين	-12.171784
▁للحساب	-12.171909
▁القنابل	-12.172461
▁المميزة	-12.172483
ek	-12.172541
▁المشروح	-12.172543
▁محقق	-12.172574
▁موضح	-12.172644
▁104-	-12.172983
▁أنشط	-12.173035
▁الاحتياطيات	-12.173056
كاي	-12.173135
▁بكيفية	-12.173145
od	-12.173161
▁وستظل	-12.173189
▁ضدها	-12.173213
▁الزوار	-12.173253
▁منازل	-12.173327
ors	-12.173506
▁التخصص	-12.173523
لوم	-12.173543
▁للمدعي	-12.173607
▁معنيا	-12.173731
▁أوردت	-12.173742
▁الكنائس	-12.173839
▁وأبرزت	-12.173921
▁المعرض	-12.174021
تنازل	-12.174182
▁ربيع	-12.174251
▁محاصيل	-12.174282
▁وقياس	-12.174299
▁النباتية	-12.174546
▁وتوافر	-12.174610
▁مجلد	-12.174646
▁تساءلت	-12.174743
راش	-12.174795
▁والملكية	-12.175001
▁مرك	-12.175095
▁(25)	-12.175191
▁التسويق	-12.175233
▁تري	-12.175306
▁ألفا	-12.175372
▁وتنوع	-12.175376
▁قابلا	-12.175443
▁عاتقها	-12.175460
▁يميز	-12.175471
▁المفتشين	-12.175500
▁وإيران	-12.175510
▁واردات	-12.175564
▁لكثير	-12.175568
ستغرق	-12.175727
▁متبادل	-12.175735
▁الجمهوري	-12.175780
▁ببالغ	-12.175781
▁Mon	-12.175815
▁مدين	-12.175838
▁امتناني	-12.175905
▁مرتب	-12.176120
▁103-	-12.176147
طمأن	-12.176292
مناولة	-12.176355
▁المأساة	-12.176372
مطار	-12.176392
▁وبرينسيبي	-12.176630
▁إخلاء	-12.176667
▁ألبان	-12.176855
▁والطويل	-12.176920
▁المجمعة	-12.176958
▁فقرات	-12.176972
rg	-12.177213
بارك	-12.177252
▁بتعبير	-12.177316
▁باطراد	-12.177329
المرحلة	-12.177430
▁الأخطاء	-12.177718
▁بقائمة	-12.177728
▁يتوصل	-12.177802
▁اط	-12.177840
▁صرح	-12.177841
▁90-	-12.177915
تخلف	-12.177948
▁انفجار	-12.178029
▁البترول	-12.178031
▁البرازيلي	-12.178059
▁الجنرال	-12.178081
▁للتأمين	-12.178124
▁2002).	-12.178182
▁كرر	-12.178276
▁مشاركين	-12.178442
▁وأيا	-12.178443
▁فلي	-12.178493
▁الشفويين	-12.178543
حامي	-12.178596
▁101-	-12.178750
▁دعوتها	-12.178758
تمام	-12.178775
▁لأثر	-12.178782
▁للط	-12.178801
▁التك	-12.178854
▁مستشاري	-12.178951
/39	-12.178963
غرفة	-12.178983
جوب	-12.179040
mail	-12.179131
▁الأبواب	-12.179157
▁الغد	-12.179318
▁القصف	-12.179509
▁لرسم	-12.179527
▁بريطانيا	-12.179564
▁أذك	-12.179675
▁متصل	-12.179777
▁احتجز	-12.179853
▁المصحوبين	-12.180128
▁والشبكات	-12.180130
-29	-12.180452
▁النرويجية	-12.180462
▁ووصل	-12.180494
▁تفصل	-12.180550
▁تتحول	-12.180593
مواكبة	-12.180712
تلوث	-12.180782
▁المستوطنين	-12.180830
ron	-12.180874
طات	-12.180892
رامي	-12.180949
▁ديلي	-12.180977
▁والقطاعات	-12.180978
مواعيد	-12.181020
▁التسويات	-12.181229
CH	-12.181246
كثر	-12.181313
▁مركزيا	-12.181455
▁نواجهها	-12.181464
▁InfoFinland	-12.181532
▁المجانية	-12.181608
▁صيغت	-12.181786
▁اختلال	-12.181798
/62/4	-12.181849
وزي	-12.181959
▁بيوم	-12.182011
▁لتسليم	-12.182014
حسم	-12.182219
▁ألفونسو	-12.182235
▁الكتروني	-12.182240
▁واتباع	-12.182273
▁ومستدامة	-12.182320
▁المضاد	-12.182425
43)	-12.182467
▁متوقع	-12.182479
109	-12.182481
▁الآنفة	-12.182528
▁لإنقاذ	-12.182537
▁100-	-12.182608
▁ستصدر	-12.182937
▁التربوية	-12.182966
▁ومجالات	-12.183231
▁الاستعمارية	-12.183367
▁مطالبتها	-12.183462
▁دفعها	-12.183540
▁بالانتخابات	-12.183641
▁وأسفر	-12.183645
▁القدم	-12.184032
▁وبعدها	-12.184105
▁والقاضي	-12.184138
▁ريال	-12.184139
▁نفاذها	-12.184175
▁وتش	-12.184310
▁عمومي	-12.184315
▁المصاعب	-12.184949
مبعوث	-12.185385
▁لأفضل	-12.185543
▁∗	-12.185552
▁والتاريخ	-12.185558
▁Tel	-12.185704
▁Rapporteur	-12.185752
▁الزمالات	-12.185752
▁South	-12.185753
▁يرأس	-12.185779
▁وآلية	-12.185842
▁المحك	-12.185948
▁بالمؤتمر	-12.186009
▁Pr	-12.186119
امبا	-12.186350
▁وأشكر	-12.186478
المعني	-12.186573
داي	-12.186651
▁تتبعه	-12.186680
▁نقول	-12.186845
▁والرأس	-12.186858
ans	-12.186900
▁وأسفرت	-12.187099
▁صكا	-12.187105
▁والوحدة	-12.187150
▁الصيدلانية	-12.187163
يجي	-12.187192
cu	-12.187437
▁تفسر	-12.187562
▁مساس	-12.187770
▁المتوازن	-12.187854
▁خرقت	-12.188066
▁استصواب	-12.188111
AM	-12.188174
▁أحزاب	-12.188556
▁التشخيص	-12.188576
▁والحمل	-12.188728
81)	-12.188766
▁183	-12.188770
▁حجة	-12.188785
▁والسادسة	-12.188958
▁وجرح	-12.188960
▁صناعات	-12.188978
طباعة	-12.189088
▁مؤكدة	-12.189249
▁الانفجار	-12.189283
▁اخذ	-12.189377
▁وأكدوا	-12.189404
▁تنجز	-12.189420
تموز	-12.189452
/60/2	-12.189556
▁ومتى	-12.189571
▁شعبنا	-12.189612
eu	-12.189695
▁action	-12.189804
▁احتراما	-12.189837
عدوى	-12.189874
▁شهرية	-12.189978
▁ووردت	-12.189996
▁المركبة	-12.190042
▁بالأمراض	-12.190061
لاتفاقيات	-12.190316
▁انتخابه	-12.190341
▁هيوغو	-12.190454
▁الإجرائي	-12.190633
▁إعمار	-12.190725
▁الدار	-12.190819
ستأنف	-12.190829
mit	-12.190832
▁للمركبات	-12.190833
OP	-12.190908
▁قم	-12.190964
أوجه	-12.191122
▁تعز	-12.191129
تزداد	-12.191177
▁وتدل	-12.191265
▁1986،	-12.191292
محفل	-12.191298
▁إيمانا	-12.191321
▁لمطالب	-12.191325
▁قصة	-12.191423
▁أدين	-12.191526
▁بالتسليم	-12.191721
▁والإعلانات	-12.191762
جيد	-12.191898
تغذية	-12.191937
▁تعكف	-12.192024
▁واستفسرت	-12.192053
96)	-12.192182
▁والسوق	-12.192196
تكملة	-12.192346
▁المشتركون	-12.192377
▁مضت	-12.192426
زون	-12.192476
▁احب	-12.192485
▁مفصلا	-12.192508
▁يسوده	-12.192522
غوس	-12.192575
▁استهل	-12.192615
▁لكننا	-12.192650
تقي	-12.192657
رمز	-12.192717
▁Ltd	-12.192827
▁بملاحظات	-12.192827
▁دوام	-12.192958
▁بالمحيطات	-12.192982
▁بسط	-12.193202
▁للاستمرار	-12.193233
التزام	-12.193294
▁5-1	-12.193339
▁الإغراق	-12.193433
av	-12.193478
▁والجنسية	-12.193624
▁وخبرات	-12.193702
▁والحر	-12.193711
▁المتنازع	-12.193864
شبه	-12.193959
▁ويتوقف	-12.194044
▁per	-12.194077
مساعد	-12.194265
▁المرجوة	-12.194280
واجب	-12.194281
▁مساهم	-12.194283
▁السرطان	-12.194338
▁الإذاعية	-12.194507
لفقرتين	-12.194543
▁للأداء	-12.194712
▁موسعة	-12.194790
▁الإرهابيون	-12.195207
▁المتعمق	-12.195215
.44	-12.195240
▁وتوصياته	-12.195353
▁أيض	-12.195399
عتاد	-12.195511
▁وشعوب	-12.195547
▁المتعددين	-12.195575
▁متعاقد	-12.195589
▁وموضوعية	-12.195652
▁والشواغل	-12.195671
▁للإحصاء	-12.195683
▁تقييمها	-12.195783
▁"3	-12.195804
▁إعسار	-12.195867
▁الوالد	-12.195885
▁جبال	-12.195941
المسائل	-12.195986
▁كائن	-12.196044
▁المعاهد	-12.196068
▁بلورة	-12.196079
▁فعاليته	-12.196088
▁اتفاقي	-12.196115
▁وتتمتع	-12.196173
sk	-12.196261
تيك	-12.196281
▁1949،	-12.196297
▁ويتطلع	-12.196364
مكافآت	-12.196383
▁الولادات	-12.196383
▁دومينيكا	-12.196383
▁للنشر	-12.196402
▁بيئات	-12.196421
▁الشغور	-12.196465
▁طموح	-12.196465
▁المدخلة	-12.196614
▁الاطار	-12.196696
▁راسخة	-12.196709
▁تتح	-12.196722
>	-12.196915
▁معززة	-12.196955
▁سليما	-12.197058
▁1950	-12.197095
▁الارتحال	-12.197096
▁كعنصر	-12.197096
▁والمتصلة	-12.197097
انتكاس	-12.197101
▁امي	-12.197174
ثري	-12.197312
▁الأردنية	-12.197360
▁part	-12.197368
▁الموس	-12.197375
▁مطلوبا	-12.197389
▁متكلمين	-12.197443
رني	-12.197573
▁يوفرها	-12.197610
▁الملزم	-12.197643
▁والسبب	-12.197738
▁التسل	-12.197773
▁والكرامة	-12.197809
▁ونشكر	-12.197894
تقويض	-12.197908
▁بالفعالية	-12.197930
▁واللا	-12.197966
▁سمي	-12.197974
▁فماذا	-12.197977
▁العصابات	-12.198235
▁مواز	-12.198437
▁تحتلها	-12.198452
▁Un	-12.198645
▁خدماتها	-12.198678
▁التفجير	-12.198812
▁تقلبات	-12.198822
▁مختلفا	-12.198972
.31	-12.198984
▁اظهر	-12.199010
▁والاستهلاك	-12.199014
▁تنمو	-12.199073
▁دوريات	-12.199204
▁(400	-12.199224
▁ترحيبه	-12.199255
1992	-12.199265
▁وبقدر	-12.199401
95)	-12.199440
▁واقتصاد	-12.199444
▁قاصر	-12.199618
▁الممتازة	-12.199667
▁بالبريد	-12.199869
فارق	-12.199903
▁وصفه	-12.199921
▁وشواغل	-12.199952
▁مقومات	-12.199965
ربح	-12.200268
▁110-	-12.200480
تلك	-12.200536
▁تدريبي	-12.200813
▁قادت	-12.200882
▁الحس	-12.200893
▁وموقع	-12.200972
▁انتخابية	-12.201116
▁للمسؤولين	-12.201171
ité	-12.201203
▁وسياساتها	-12.201230
ative	-12.201291
▁للمزيد	-12.201353
تردي	-12.201359
und	-12.201361
▁حالته	-12.201378
▁المنفجرة	-12.201385
▁يحظ	-12.201476
▁بتجميع	-12.201496
▁ملاحقة	-12.201830
▁نقدم	-12.201840
▁الصفر	-12.201899
▁الغزو	-12.202023
▁للتوصية	-12.202080
▁مأخوذ	-12.202100
▁بنظم	-12.202180
.4/2003/	-12.202439
.1/61/	-12.202540
▁التدخين	-12.202817
▁انشغال	-12.202818
▁والروسية	-12.202821
FAO	-12.202830
سول	-12.202961
CE	-12.203049
▁1954	-12.203115
▁والنفسي	-12.203200
▁تعطيل	-12.203556
▁زراعية	-12.203713
▁العطاء	-12.203717
▁سيشكل	-12.203763
▁مدعو	-12.203871
▁سماع	-12.203971
▁ومستقلة	-12.204174
▁هدفنا	-12.204237
▁available	-12.204251
▁يلبي	-12.204656
البريد	-12.204711
▁والمصادر	-12.204725
▁91-	-12.204887
▁مقدس	-12.204992
PA	-12.205107
▁المكتبية	-12.205170
أعباء	-12.205202
▁جواب	-12.205291
▁الدانمركية	-12.205398
وزا	-12.205460
▁معيشية	-12.205515
▁محليين	-12.205536
▁سيعمل	-12.205564
▁تبرم	-12.205644
تشدد	-12.205691
▁ساحة	-12.205698
▁رجعة	-12.205816
▁دانيال	-12.205850
مضاعفة	-12.205853
▁مبني	-12.205853
شهادة	-12.206002
▁راسخ	-12.206112
▁قاله	-12.206342
▁وكايكوس	-12.206409
▁عتبة	-12.206434
▁للأجانب	-12.206452
حزن	-12.206508
داول	-12.206534
▁الأزواج	-12.206573
▁لسان	-12.206670
مسك	-12.206690
▁المترابطة	-12.206821
▁يتعرضن	-12.206836
▁التص	-12.206994
▁وشبه	-12.207016
▁اللزوم	-12.207129
▁مقصود	-12.207132
▁105-	-12.207146
▁مشيئ	-12.207309
▁الإحصاء	-12.207527
▁جاك	-12.207662
▁ارتياح	-12.207726
▁التداخل	-12.207763
▁ولوازم	-12.207851
موافقة	-12.207914
▁جانبي	-12.207974
▁المستأجر	-12.208072
▁184	-12.208086
ya	-12.208313
وبو	-12.208447
نيسان	-12.208656
غلي	-12.208679
▁المهمشة	-12.208741
▁وسيساعد	-12.208755
▁نزال	-12.208784
▁للمسألة	-12.208793
▁تهيئ	-12.208797
▁للدائن	-12.208812
ترينيداد	-12.208941
▁إقناع	-12.208950
يجوز	-12.208960
▁i	-12.209038
أطراف	-12.209232
وكلاء	-12.209236
▁لتصنيف	-12.209291
▁ناغورني	-12.209291
▁الثناء	-12.209294
▁III	-12.209536
▁والأطر	-12.209544
▁نشطا	-12.209683
درين	-12.209927
PLOS	-12.210018
.42	-12.210126
▁حافظة	-12.210176
▁حدثا	-12.210322
▁جسيما	-12.210385
▁Sh	-12.210429
بادرت	-12.210506
▁الشرعيين	-12.210861
▁اصدار	-12.210922
ستنفد	-12.210993
▁تعاونت	-12.211132
▁قضت	-12.211140
▁بشبكة	-12.211205
▁بالقدرة	-12.211321
▁واقعا	-12.211372
▁وميتوهيا	-12.211459
▁نعترف	-12.211612
▁نبدأ	-12.211637
عمال	-12.211662
▁تعاريف	-12.211665
▁مشكلات	-12.211687
نكو	-12.211971
▁الزيتون	-12.212105
▁1946	-12.212110
▁الكرازة	-12.212183
▁المسافرين	-12.212184
▁المنجزة	-12.212266
▁عناوين	-12.212354
▁(17	-12.212494
▁الفنلندي	-12.212602
▁تأشيرات	-12.212660
▁عموم	-12.212691
.105/8	-12.212760
▁تلي	-12.212821
▁اشار	-12.212829
تحقيق	-12.212837
▁وتوعية	-12.212847
▁تناقض	-12.212852
▁الملابس	-12.212907
▁وعود	-12.212982
▁رود	-12.213380
▁نوبل	-12.213416
▁ويقد	-12.213449
▁والاستبعاد	-12.213494
ward	-12.213569
▁لحمل	-12.213586
▁باري	-12.213587
▁تاريخيا	-12.213599
▁والتمثيل	-12.213632
▁ايجاد	-12.213634
▁استحدثت	-12.213690
▁ونرجو	-12.213761
▁210	-12.213918
▁الأنسب	-12.213938
▁(800	-12.213975
▁تيس	-12.214051
▁ومعالي	-12.214120
▁توليه	-12.214149
▁والنزاعات	-12.214149
▁الراسخة	-12.214170
▁المعو	-12.214224
▁ايل	-12.214226
▁وعنوانه	-12.214230
مدخلات	-12.214250
ركز	-12.214262
▁لظروف	-12.214485
▁والسن	-12.214684
▁تضييق	-12.214817
▁مادي	-12.214938
▁والحرمان	-12.215122
▁102-	-12.215157
▁اعتداء	-12.215340
▁المخابرات	-12.215808
▁محا	-12.215820
▁جهودهما	-12.215871
تجريم	-12.215909
▁المنفذين	-12.216096
▁ed	-12.216104
اغتصاب	-12.216112
▁والسلوك	-12.216185
▁مذكور	-12.216216
▁حائز	-12.216251
▁حرجة	-12.216364
▁106-	-12.216372
▁وتحد	-12.216393
▁جيو	-12.216488
▁الأمريكتين	-12.216535
▁قذائف	-12.216535
▁2009)	-12.216762
▁ابدا	-12.217235
▁والتدخل	-12.217243
▁نزاهة	-12.217334
التدابير	-12.217338
كولومبيا	-12.217338
▁تنفيذي	-12.217397
مساءلة	-12.217448
▁القصر	-12.217771
▁السكك	-12.217823
▁يشتبه	-12.217967
▁للدستور	-12.217993
كتفي	-12.218007
▁والرسوم	-12.218016
▁والأو	-12.218027
شاغل	-12.218168
▁رئاسته	-12.218177
▁الشاب	-12.218249
▁البعيدة	-12.218339
تورط	-12.218378
▁ٱلل	-12.218453
▁خو	-12.218454
▁بالجنس	-12.218470
▁السكر	-12.218672
▁خوان	-12.218856
▁يحتل	-12.218976
▁والمق	-12.219052
▁توازنا	-12.219196
لغى	-12.219257
.6)	-12.219262
مبراطور	-12.219451
▁وعموما	-12.219460
ريش	-12.219487
▁موق	-12.219522
▁باهظة	-12.219538
▁للفصل	-12.219631
▁يراعى	-12.219767
/7/	-12.219840
▁وينظم	-12.219913
▁للإقليم	-12.220103
▁حافزا	-12.220235
▁ورفضت	-12.220297
الصلة	-12.220357
▁راج	-12.220366
لتوعية	-12.220419
▁ووفق	-12.220552
▁بجريمة	-12.220691
/3،	-12.220736
▁مؤتمرا	-12.220808
▁واضعة	-12.220910
▁والتغيير	-12.221046
▁اهتمامات	-12.221372
▁عليكم	-12.221492
لجوانب	-12.221606
▁الورقات	-12.221703
▁نسائية	-12.221709
▁بالسفر	-12.221830
▁شان	-12.221987
▁مشرد	-12.222095
▁قيامه	-12.222133
HRI	-12.222166
▁المتنقلة	-12.222373
▁92-	-12.222555
▁ويسمح	-12.222576
تعلق	-12.222610
إمعان	-12.222827
.2/60/	-12.222861
▁والتوسع	-12.222870
▁ألي	-12.223023
انتهاك	-12.223058
ber	-12.223078
▁والانتقال	-12.223100
▁المسماة	-12.223140
▁ويأتي	-12.223145
▁يرأسها	-12.223201
حديث	-12.223295
▁3-3	-12.223395
▁يرح	-12.223494
امتلاك	-12.223568
▁أعمق	-12.223659
▁تكتسب	-12.223663
.3/60/	-12.223724
عاب	-12.223978
▁Part	-12.224065
▁بإقرار	-12.224125
▁اليمنية	-12.224372
▁أقيمت	-12.224538
▁العلاجية	-12.224561
▁وترشيد	-12.224566
▁بأنفسهم	-12.224570
▁احتياز	-12.224809
▁الصنع	-12.224854
▁ثلاثي	-12.225365
AI	-12.225459
▁تعزيزها	-12.225573
قطاع	-12.225608
▁بالتعذيب	-12.225888
▁آت	-12.225911
▁وله	-12.225915
▁متحدة	-12.225980
▁كيلو	-12.226011
اور	-12.226026
▁عضويته	-12.226117
الدول	-12.226139
تعبير	-12.226241
▁المزاعم	-12.226519
▁تجن	-12.226560
▁أقصر	-12.226613
الأشكال	-12.226681
▁يعرفون	-12.226696
▁وتحمي	-12.226729
▁جنيه	-12.226816
شكو	-12.226820
▁للممثلين	-12.226850
تدرب	-12.226854
خام	-12.226876
▁الممول	-12.226952
▁00/14	-12.227544
▁المخروط	-12.227579
▁موتوك	-12.227662
▁يورد	-12.227734
تحل	-12.227808
▁ملوك	-12.227834
بارا	-12.227845
▁الفن	-12.228061
▁طيب	-12.228148
CAT	-12.228163
يغو	-12.228192
▁معونة	-12.228257
مشاورات	-12.228295
▁بأمور	-12.228336
▁ساند	-12.228981
▁للزواج	-12.229084
▁عمومية	-12.229116
▁مسج	-12.229117
▁كابل	-12.229120
▁أخطاء	-12.229245
▁وعادلة	-12.229258
▁اكتسبت	-12.229302
▁منهن	-12.229461
▁التيمورية	-12.229520
▁عميقا	-12.229535
▁information	-12.229708
▁باللجوء	-12.229708
▁المؤاتية	-12.229715
▁شركائنا	-12.229724
den	-12.229916
▁Mi	-12.229945
▁استشارة	-12.230108
▁للسيطرة	-12.230175
▁ومنغوليا	-12.230189
ويات	-12.230250
دإ	-12.230272
بيلاروس	-12.230281
▁يعرقل	-12.230339
▁متناسبة	-12.230372
▁يسكن	-12.230408
▁التسعة	-12.230433
▁يثني	-12.230528
كوستاريكا	-12.230555
اثنين	-12.230584
تصر	-12.230588
.2.	-12.230654
dr	-12.230763
▁ووفرت	-12.230877
كتسب	-12.230888
▁مونت	-12.230934
/58/3	-12.230998
▁طبق	-12.231072
شعاع	-12.231144
▁1980،	-12.231230
▁السخرة	-12.231246
كريم	-12.231323
▁تتو	-12.231342
ana	-12.231501
▁شابه	-12.231542
▁ونواب	-12.231586
▁أشخاصا	-12.231635
▁الزي	-12.231686
▁note	-12.231740
/57/7	-12.231757
طائرة	-12.231858
▁مهن	-12.231877
▁بالبلد	-12.231920
▁التجزئة	-12.231921
▁وأبدت	-12.231927
▁ينجح	-12.231973
الفلبين	-12.232025
▁الدو	-12.232187
▁الجسيم	-12.232201
▁يتصدى	-12.232310
tu	-12.232482
▁بالاقتراح	-12.232505
▁بقوانين	-12.232535
▁تصديقها	-12.232691
▁اعتقادا	-12.232735
01)	-12.232964
▁تابعين	-12.233120
▁الحجز	-12.233148
▁والنزاع	-12.233157
▁عريض	-12.233201
▁تبن	-12.233396
▁بحزم	-12.233479
▁حصولهم	-12.233494
▁التحويلية	-12.233505
▁قبض	-12.233553
▁تدور	-12.233594
▁الارجح	-12.233658
▁وشفافية	-12.234534
▁كيانا	-12.234537
▁تغطيها	-12.234541
▁أقصاها	-12.234979
/2000/8	-12.235029
فجر	-12.235113
▁صارم	-12.235128
▁واقتصاديا	-12.235231
ستشهد	-12.235329
▁وزع	-12.235387
بغي	-12.235399
▁نفسك	-12.235502
▁للاحتلال	-12.235587
spect	-12.235604
▁النهائيين	-12.235698
vis	-12.235742
▁المعاقين	-12.235821
▁مرتكبو	-12.235873
▁موطن	-12.235963
تحاور	-12.236048
جاري	-12.236067
▁بكم	-12.236160
▁المتلقاة	-12.236360
▁بوغانفيل	-12.236360
▁حجج	-12.236419
▁للأموال	-12.236587
og	-12.236626
▁للتعريف	-12.236650
▁والتأهب	-12.236707
/60/4	-12.236730
▁6-2	-12.236739
▁الكت	-12.236771
▁لاستحداث	-12.236781
▁مكن	-12.236865
نطق	-12.236893
▁إرشادية	-12.236979
غون	-12.237024
▁تختتم	-12.237081
▁برفض	-12.237459
▁وأظهرت	-12.237597
جلي	-12.237666
▁عائق	-12.237725
ll	-12.237830
▁الصبغة	-12.237844
▁الصداقة	-12.237859
▁كارل	-12.238016
تمييز	-12.238070
▁والروح	-12.238135
▁متهم	-12.238266
▁جديا	-12.238332
▁سيدتي	-12.238350
▁تتحدث	-12.238360
8,	-12.238428
▁وتقتضي	-12.238586
تجهيز	-12.238643
tions	-12.238803
▁أضف	-12.238982
▁ولوائح	-12.239069
▁بالمبادرة	-12.239098
▁الضمير	-12.239165
▁ونق	-12.239169
▁الجماهيري	-12.239218
▁استند	-12.239274
▁أثارتها	-12.239426
▁مزاعم	-12.239800
▁يدي	-12.239800
▁وبوسع	-12.239802
▁حس	-12.239852
▁القتلى	-12.239923
▁وحفظها	-12.239925
▁وتقديمها	-12.239968
▁للتجزئة	-12.240074
ربع	-12.240091
ual	-12.240403
▁نبو	-12.240419
▁والنواتج	-12.240457
فصح	-12.240507
▁والأفكار	-12.240715
▁وإدارية	-12.240819
قطر	-12.241051
▁الأوجه	-12.241100
▁التسرب	-12.241138
▁التزاماته	-12.241149
/56/6	-12.241294
▁178	-12.241388
▁وسيعمل	-12.241446
▁171	-12.241562
▁بقوله	-12.241593
▁اشتراطات	-12.241613
▁إلزاميا	-12.241642
▁تتجلى	-12.241669
▁حرارة	-12.241669
▁ناجم	-12.241691
▁دلائل	-12.241702
▁أمنا	-12.241725
▁افتتح	-12.241787
▁(600	-12.241889
▁مسؤولياته	-12.242059
▁خبر	-12.242129
▁التنقيب	-12.242310
▁وبحسب	-12.242333
▁يتعلم	-12.242340
▁المعونات	-12.242402
▁لنوع	-12.242515
▁2004-2007	-12.242592
▁جمعاء	-12.242709
▁والأحزاب	-12.242743
▁لتجهيز	-12.242806
▁دبلوماسي	-12.242862
ND	-12.243054
▁والانكليزية	-12.243056
▁يناشد	-12.243059
▁بالرق	-12.243081
/55/8	-12.243087
/4)	-12.243196
▁mo	-12.243198
▁تحدثت	-12.243261
▁موف	-12.243346
▁سيارات	-12.243547
▁أضاف	-12.243565
▁والاقتراحات	-12.243805
▁الأحفوري	-12.243810
تسل	-12.244131
▁الحياد	-12.244143
/56/4	-12.244383
▁(26)	-12.244516
▁المطبوعات	-12.244554
▁اخترقت	-12.244606
▁سلمت	-12.244668
مقاومة	-12.245008
▁محمية	-12.245081
▁التل	-12.245111
▁التركيب	-12.245308
▁السديد	-12.245323
زاد	-12.245421
▁دوس	-12.245522
▁بمؤتمر	-12.245546
▁سوءا	-12.245582
▁غال	-12.245706
▁الأفضليات	-12.245846
▁تقتر	-12.245906
▁السندات	-12.245963
جوهر	-12.246033
ثور	-12.246042
▁مشجع	-12.246057
▁امور	-12.246250
▁واجتمع	-12.246345
ise	-12.246346
▁ادرك	-12.246467
▁تستغل	-12.246579
▁والمنح	-12.246610
▁للاقتراح	-12.246665
▁الرموز	-12.246680
▁الإجازات	-12.246753
▁اللجنتين	-12.246753
▁بسلام	-12.246758
سدد	-12.246796
▁مسموح	-12.246797
▁خدمتهم	-12.246820
▁المقاولين	-12.246887
▁وينظر	-12.247048
▁ختاما	-12.247073
▁لتشكيل	-12.247146
▁الراغبين	-12.247261
▁التسبب	-12.247287
▁ثلاثين	-12.247350
▁ليصل	-12.247378
▁وتأييد	-12.247423
▁الفريد	-12.247485
▁بالانضمام	-12.247545
▁بالفائدة	-12.247545
▁للمعونة	-12.247547
▁وشج	-12.247575
▁أخر	-12.247610
رعي	-12.247616
▁تحرص	-12.247676
لاعتبارات	-12.247771
▁بمق	-12.247885
▁بطرائق	-12.247931
▁برزت	-12.248048
▁أشكالا	-12.248125
طالما	-12.248176
▁الحضانة	-12.248252
تفكك	-12.248265
▁المزروعة	-12.248296
▁الاختراع	-12.248303
▁بحملات	-12.248309
▁بنظر	-12.248334
▁معسكرات	-12.248339
▁الائتلاف	-12.248353
▁وتنظم	-12.248405
صربيا	-12.248490
▁اختبارات	-12.248530
▁تعمد	-12.248582
▁الزائدة	-12.248640
روبي	-12.248671
▁مخل	-12.248746
المطالبات	-12.248789
▁جماعيا	-12.248816
▁وبالأخص	-12.249046
▁2007/2008	-12.249048
/38	-12.249065
▁بمعزل	-12.249085
Prog	-12.249092
▁والحركة	-12.249120
غطى	-12.249123
الواردة	-12.249277
▁وخل	-12.249303
▁استراتيجيا	-12.249351
▁بابل	-12.249387
غزو	-12.249393
▁مقرا	-12.249474
▁غوما	-12.249516
▁لادن	-12.249540
شوف	-12.249641
▁للترويج	-12.249798
▁مجر	-12.249818
تعاضد	-12.250050
jo	-12.250200
▁بالنهج	-12.250263
▁المتع	-12.250323
عضو	-12.250375
▁الرقمي	-12.250423
▁حية	-12.250441
▁وتأسف	-12.250563
▁يتحول	-12.250680
▁All	-12.250751
▁قتلوا	-12.250783
البرتغال	-12.250819
▁وضعهم	-12.250880
▁ذوو	-12.250916
▁اضافة	-12.250986
▁كأن	-12.251121
▁ترتفع	-12.251239
▁مستهدفة	-12.251251
▁استقال	-12.251253
▁اقتراع	-12.251390
إعداد	-12.251476
▁هويتهم	-12.251488
▁يستغل	-12.251494
▁والمصالح	-12.251509
▁1-4	-12.251732
▁قدراته	-12.251798
▁الهدوء	-12.252055
▁للمسنين	-12.252077
/59	-12.252205
▁البطاقات	-12.252327
▁الغموض	-12.252431
▁55/25	-12.252537
▁Ta	-12.252831
▁حكمها	-12.252845
▁الاثني	-12.253004
▁الرفض	-12.253248
▁شعبي	-12.253439
10-	-12.253656
حون	-12.253781
▁درب	-12.253814
▁هيئتها	-12.254005
▁انتخابكم	-12.254117
▁مصرفية	-12.254136
▁وتأهيل	-12.254350
▁الفتاة	-12.254381
▁الكتابة	-12.254405
▁غدا	-12.254434
▁للتأثر	-12.254466
▁شكره	-12.254680
▁المشاورة	-12.254769
تعذر	-12.254822
▁والخصوم	-12.254885
▁1982،	-12.254965
▁تعزيزا	-12.254978
▁وفيجي	-12.255084
▁الادخار	-12.255091
▁المرخص	-12.255099
▁تقنيا	-12.255102
OR	-12.255226
كرواتيا	-12.255380
داف	-12.255450
إفادة	-12.255554
▁المسي	-12.255684
▁الموف	-12.255697
▁بالمعاهدة	-12.255775
▁الوجهة	-12.255795
▁لنظر	-12.255835
▁وفن	-12.255883
▁وتزيد	-12.255891
▁الراحة	-12.255942
▁عنصرية	-12.255992
▁السياساتية	-12.256162
▁رؤيا	-12.256297
يسرنا	-12.256337
الحيلولة	-12.256389
▁دينارا	-12.256495
▁وحصاناتها	-12.256560
▁والتجارب	-12.256588
▁فثم	-12.256664
▁عنيفة	-12.256679
▁بمحام	-12.256720
▁يخضعون	-12.256752
/56/8	-12.256766
▁وورد	-12.256863
محدودية	-12.256869
▁توفيرها	-12.256932
▁تعاقدية	-12.257175
لنقاط	-12.257184
▁Exp	-12.257258
▁وسيؤدي	-12.257437
▁الإشعاعية	-12.257442
▁تعطى	-12.257812
▁ليون	-12.258042
▁وعلاقات	-12.258101
بالإشارة	-12.258165
▁ممتنة	-12.258207
▁دورتي	-12.258306
/62/5	-12.258314
▁وتفسير	-12.258337
▁وهيئاته	-12.258373
▁GC	-12.258383
▁وتشتمل	-12.258455
▁(25	-12.258667
▁93-	-12.258710
▁وإستونيا	-12.258738
▁so	-12.258840
▁أبيدجان	-12.258858
▁وأهدافها	-12.258902
▁النهوج	-12.258937
▁تسهيلات	-12.259130
حتفل	-12.259322
▁للنجاح	-12.259617
▁ووج	-12.259628
ستعين	-12.259639
▁المشردون	-12.259663
▁جنين	-12.259729
▁tra	-12.259757
▁إيف	-12.259908
▁الجد	-12.259963
وقد	-12.259974
▁أطفالهم	-12.260087
▁الكثيرين	-12.260186
▁التحري	-12.260244
متر	-12.260295
▁أموالا	-12.260334
▁وتصدر	-12.260348
بسيط	-12.260376
▁للمعدات	-12.260383
بغض	-12.260468
van	-12.260487
فرغ	-12.260609
▁ابو	-12.260619
ثرو	-12.260731
▁زيارتها	-12.260857
▁وانتقل	-12.260937
▁أشدد	-12.260951
▁والولاية	-12.260988
▁وطنهم	-12.261006
▁إمداد	-12.261079
▁يقابل	-12.261349
غلو	-12.261383
فصيل	-12.261512
استطاعة	-12.261631
ستبعد	-12.261637
▁(24	-12.261752
▁المظاهرات	-12.261768
استهداف	-12.261936
▁الجلي	-12.262051
▁لنساء	-12.262099
▁إيفان	-12.262106
▁وشفاف	-12.262192
▁واختبار	-12.262242
تكرر	-12.262419
▁270	-12.262454
▁كوارث	-12.262487
هنالك	-12.262497
see	-12.262516
▁وأعادت	-12.262611
str	-12.262613
▁Justice	-12.262656
مخلفات	-12.262666
▁وتبذل	-12.262746
▁وتسبب	-12.262830
▁الاطلاق	-12.262835
▁كوبي	-12.263319
▁خططها	-12.263395
▁ازدواج	-12.263438
▁حربي	-12.263567
▁تشريد	-12.263731
▁باستحداث	-12.263921
▁مدنيا	-12.263999
حقائق	-12.264015
/61	-12.264111
▁مرغوب	-12.264183
▁وتصدت	-12.264186
▁لإحلال	-12.264224
▁والتحكم	-12.264297
▁تملكها	-12.264418
▁بالكوارث	-12.264482
▁الإصدار	-12.264523
▁0.5	-12.264544
▁Ad	-12.264621
▁قدراتهم	-12.264749
▁وظائفهم	-12.264828
▁والمواقف	-12.264959
▁Man	-12.264997
جامع	-12.265170
▁لتقديمها	-12.265203
▁والمنشآت	-12.265357
منطق	-12.265439
▁أنشأته	-12.265456
رؤوس	-12.265742
▁حتما	-12.265759
▁صياغتها	-12.265760
▁واشترك	-12.265760
▁مصيرها	-12.265762
▁إفلات	-12.265785
▁يغير	-12.265822
ase	-12.265847
تشو	-12.265912
▁تحسب	-12.265948
▁الأصليون	-12.266020
نقطة	-12.266138
لرابطات	-12.266185
▁الصلبة	-12.266423
استقطاب	-12.266484
جنسية	-12.266592
▁أعطت	-12.266626
▁وأوزبكستان	-12.266843
aw	-12.266888
▁ذكرته	-12.266889
▁ادارة	-12.267078
جدوى	-12.267088
روت	-12.267117
▁(28)	-12.267118
معاقبة	-12.267190
نذر	-12.267202
▁التحدث	-12.267231
▁إلزامي	-12.267297
▁للضمان	-12.267323
مائة	-12.267467
▁وصار	-12.267529
▁طلبته	-12.267551
-2008	-12.267828
▁يفقد	-12.268087
OS	-12.268093
▁ومفوض	-12.268134
▁المعتقدات	-12.268153
▁ستار	-12.268237
تكون	-12.268255
▁تلافي	-12.268387
▁نحقق	-12.268447
▁جني	-12.268456
▁لنص	-12.268608
▁إيضاحات	-12.268639
▁بممثلي	-12.268787
▁الافتراضات	-12.268797
/60	-12.268871
أجهزة	-12.268885
▁اليمين	-12.268941
انغو	-12.268977
.2/59/	-12.269161
▁مطلق	-12.269229
▁بارزا	-12.269265
إيقاف	-12.269462
▁والتماس	-12.269491
▁والجمارك	-12.269553
تمرد	-12.269554
▁مسودة	-12.269657
▁الديمقراطيات	-12.269690
رادي	-12.269771
▁مصالحها	-12.269798
▁بالرصد	-12.269832
▁معكم	-12.269902
تقبل	-12.269954
▁مبعوث	-12.269984
/221	-12.270030
▁أرست	-12.270075
نزو	-12.270114
▁متأخرة	-12.270206
02)	-12.270266
▁المطروح	-12.270267
▁الاعلان	-12.270302
روز	-12.270362
▁دعمت	-12.270492
▁ساحل	-12.270569
▁ماديا	-12.270614
▁الكمي	-12.270714
▁الأعمار	-12.270718
ger	-12.270775
▁الجاني	-12.270860
▁للميثاق	-12.270948
▁بأعداد	-12.271067
▁التهميش	-12.271106
ob	-12.271208
▁والماء	-12.271242
▁بالاستفادة	-12.271321
▁وصلات	-12.271493
▁غوا	-12.271605
▁صغيرا	-12.271636
▁عاملين	-12.271695
▁المحمولة	-12.271757
▁العظيمة	-12.271815
▁معقوفتين	-12.271834
▁أصناف	-12.271835
▁القيادات	-12.271861
TE	-12.271985
▁ويسرني	-12.272086
▁للصين	-12.272294
كذب	-12.272330
▁ومبادئها	-12.272349
▁أقرته	-12.272379
▁البرلمانيين	-12.272449
▁شاول	-12.272472
ثلج	-12.272567
▁المحتجز	-12.272712
▁متحدثا	-12.272777
▁108-	-12.272864
▁los	-12.272954
▁ومواطن	-12.273061
نهي	-12.273123
▁معسكر	-12.273259
خوف	-12.273282
▁وفيينا	-12.273334
حامل	-12.273557
▁جناح	-12.273606
▁فكم	-12.273617
▁اعتزامه	-12.273671
▁ودمج	-12.273701
▁سيسهم	-12.273767
▁قررته	-12.273780
▁كلفت	-12.273832
▁والقتل	-12.273839
▁اعتراضات	-12.273887
▁تحفظا	-12.273961
▁لإبرام	-12.273969
ime	-12.274117
صيغ	-12.274125
▁ببروتوكول	-12.274287
▁بالتخطيط	-12.274346
/58/1	-12.274364
▁وتحديات	-12.274382
▁وتركيز	-12.274428
▁تهنئ	-12.274456
▁النقصان	-12.274597
▁أقارب	-12.274617
▁ونف	-12.274646
▁واستئصال	-12.274653
▁تستذكر	-12.275024
إجمالي	-12.275163
▁بالتحديات	-12.275276
▁ومحل	-12.275290
حذو	-12.275311
▁تؤد	-12.275343
مناطق	-12.275390
سيء	-12.275454
▁30/16	-12.275551
▁للجبال	-12.275688
▁الأنهار	-12.275702
ترسخ	-12.275798
▁لمستقبل	-12.275897
▁تعق	-12.275982
▁بنص	-12.276093
▁والسفير	-12.276206
ميانمار	-12.276278
DI	-12.276321
▁107-	-12.276339
▁ومجتمعات	-12.276361
استخلاص	-12.276461
▁الصحيين	-12.276754
وندو	-12.276890
▁بيننا	-12.276981
▁الحص	-12.277145
ug	-12.277220
▁الإفصاح	-12.277258
▁أعرض	-12.277320
ممتلكات	-12.277348
▁الأسترالي	-12.277487
▁الانفتاح	-12.277593
▁Director	-12.277675
▁تركس	-12.277821
▁أنتاركتيكا	-12.277840
▁وأثنى	-12.277952
▁الولد	-12.277957
▁العمد	-12.278102
eds	-12.278103
/55/1	-12.278122
توس	-12.278209
▁عينات	-12.278217
تعافي	-12.278288
▁للمطالبات	-12.278343
جادل	-12.278355
▁الملموس	-12.278735
▁والاشتراك	-12.278773
▁للعمالة	-12.278808
تجارة	-12.278967
إسناد	-12.279022
/85	-12.279190
▁شيك	-12.279413
▁ويعتزم	-12.279484
ning	-12.279518
/63/4	-12.279605
▁قديمة	-12.279720
▁وتسريحهم	-12.279811
▁تذهب	-12.279838
يتر	-12.279951
▁القاع	-12.279957
▁واي	-12.279957
1996	-12.280012
▁هيكلية	-12.280127
▁ويقر	-12.280302
▁تلقاها	-12.280327
أقراص	-12.280432
SS	-12.280584
▁وتنظيمها	-12.280609
▁تركت	-12.280643
▁pre	-12.280731
ادرة	-12.280848
▁مزدوج	-12.281314
▁قاطع	-12.281558
▁Trans	-12.281825
▁بالحياة	-12.281860
▁الضوئي	-12.281877
تواطؤ	-12.281881
▁شرائح	-12.281952
▁حيازتها	-12.282228
▁واستهلاك	-12.282327
ari	-12.282553
شركاء	-12.282570
إقامة	-12.282623
▁التصالحية	-12.282650
▁ومعاقبتهم	-12.282650
صادف	-12.282752
▁تعتمده	-12.282793
▁إدماجها	-12.282879
▁آمل	-12.282900
▁فراغ	-12.283053
احتلال	-12.283106
93)	-12.283155
استجابة	-12.283170
إجراء	-12.283171
▁كعضو	-12.283182
05)	-12.283247
▁وبات	-12.283286
▁والميزنة	-12.283301
▁الديمغرافي	-12.283386
▁ديل	-12.283415
▁الجزائية	-12.283427
▁والتقاليد	-12.283482
▁الفتيان	-12.283525
كارثة	-12.283608
▁وأمين	-12.283627
▁جذب	-12.283689
▁وإنفاذها	-12.283852
▁يولى	-12.283931
▁تفصيل	-12.284140
▁وأقاليم	-12.284204
▁المستقرة	-12.284208
▁الهواتف	-12.284321
▁قدرتهم	-12.284523
▁عالي	-12.284595
tre	-12.284626
11).	-12.284687
▁اعد	-12.284790
▁العشوائي	-12.284948
▁أنباء	-12.284950
▁الشيشان	-12.284985
▁مكفول	-12.285008
▁ايجابي	-12.285028
▁السوفياتية	-12.285039
▁وانتخب	-12.285078
▁نسلم	-12.285085
▁اضافية	-12.285117
▁دائريا	-12.285132
▁للبقاء	-12.285169
دراسة	-12.285207
▁تعجيل	-12.285227
▁العراقيل	-12.285324
▁صم	-12.285492
يولي	-12.285522
▁الأرضي	-12.285552
▁الوسطاء	-12.285590
▁كسر	-12.285730
▁El	-12.285753
▁محايدة	-12.285757
▁تكاد	-12.285809
رفت	-12.285832
يزو	-12.285853
▁اتصالا	-12.286348
حمايته	-12.286460
▁داع	-12.286527
▁والائتمان	-12.286541
محاكاة	-12.286627
▁case	-12.286643
آفاق	-12.286770
أكاديمي	-12.286784
lin	-12.286802
▁نشاطها	-12.286833
ؤمن	-12.286900
▁زميل	-12.286936
الاستعاضة	-12.286984
▁بحجم	-12.286998
▁بالنزاع	-12.287065
معارضة	-12.287123
▁معقولا	-12.287215
▁المليشيات	-12.287321
/1999/25	-12.287376
▁دعوات	-12.287395
▁اقل	-12.287745
▁انتقاد	-12.287750
▁اختر	-12.287831
لبلوغ	-12.287944
نتفع	-12.288114
▁وأجبرته	-12.288149
▁تواريخ	-12.288185
▁95-	-12.288287
تركيا	-12.288298
▁وتلا	-12.288305
▁الصمت	-12.288323
▁أراضيهم	-12.288435
تايلند	-12.288516
▁تحق	-12.288848
▁ويسهم	-12.288884
▁والمساعدات	-12.288886
ـ77	-12.289005
▁سكنية	-12.289105
▁استجد	-12.289290
شرق	-12.289296
▁التقنيين	-12.289313
يدرو	-12.289359
▁للمدين	-12.289446
ؤجل	-12.289527
رومانيا	-12.289555
▁تسريب	-12.289582
▁الوشيك	-12.289670
▁بطريق	-12.289788
▁الجليد	-12.289830
▁للتحفظ	-12.289894
▁وأمام	-12.290048
▁بالعقد	-12.290066
▁للاستهلاك	-12.290088
▁اين	-12.290158
▁بيك	-12.290254
خفف	-12.290279
▁الحاويات	-12.290294
▁أرفق	-12.290331
▁الرومانية	-12.290384
/44	-12.290418
▁وصولها	-12.290432
▁للانتقال	-12.290447
▁للبوسنة	-12.290447
▁لانتشار	-12.290448
▁المساهمين	-12.290454
▁والفتيان	-12.290476
▁يعشن	-12.290492
▁فلسطينيا	-12.290671
▁يعول	-12.291054
▁الأفيونية	-12.291150
▁ويعترف	-12.291192
▁مليونا	-12.291209
▁خاطئ	-12.291221
▁أحث	-12.291260
2010)	-12.291342
▁وتجارة	-12.291364
▁للسفير	-12.291467
▁شعبها	-12.291563
▁188	-12.291612
▁يبذله	-12.291651
▁للشركة	-12.291728
▁المعركة	-12.292032
▁195	-12.292231
▁وفقدان	-12.292246
▁غرامة	-12.292320
ement	-12.292357
▁ودورها	-12.292650
'2'	-12.292701
1-2	-12.292728
ضرائب	-12.292808
▁لأوانه	-12.292824
جريمة	-12.292844
▁يساوي	-12.292866
مناشدة	-12.292878
▁كشرط	-12.292882
خريطة	-12.292954
▁وآثاره	-12.292993
▁التعل	-12.293018
▁بالقيمة	-12.293053
داخل	-12.293168
▁والأثر	-12.293316
▁رين	-12.293400
▁للاستعمال	-12.293423
▁(300	-12.293465
لغرض	-12.293487
▁بمصالح	-12.293592
▁الإحاطات	-12.293594
▁نقصان	-12.293607
▁للشرب	-12.293675
ليت	-12.293692
اشتراطات	-12.293912
▁إعلامي	-12.294016
▁بالإسهام	-12.294044
▁دمرت	-12.294055
▁انعكاس	-12.294199
▁بالاحتجاز	-12.294369
▁بآخر	-12.294387
▁6-1	-12.294394
▁وسلامته	-12.294418
اقتطاع	-12.294435
إثراء	-12.294631
▁والصيانة	-12.294730
▁ومستقبل	-12.294827
أنشطة	-12.294925
▁بالوكالة	-12.295006
واحد	-12.295082
▁ومشاكل	-12.295108
▁سلطاتها	-12.295155
/2004/20/	-12.295158
▁نوايا	-12.295266
▁المسمى	-12.295402
فيلي	-12.295491
▁بالسلم	-12.295677
يكون	-12.295749
▁ميت	-12.295807
▁109-	-12.295815
▁ةي	-12.295848
تفجر	-12.295877
▁يستوجب	-12.295962
▁كابيلا	-12.295981
▁وازدياد	-12.296230
▁الحجر	-12.296246
ov	-12.296518
▁بالعودة	-12.296553
أفضل	-12.296580
▁وجهه	-12.296660
▁والفوائد	-12.296729
الممثل	-12.296742
غرب	-12.296844
▁الأبوية	-12.296862
▁تنفر	-12.296949
qui	-12.296970
▁مرتفعا	-12.297103
▁وكرامتهم	-12.297214
▁صنف	-12.297321
▁ناتج	-12.297368
▁ستعمل	-12.297401
▁المشجعة	-12.297432
▁963-5935	-12.297517
▁متلقية	-12.297523
▁بواقع	-12.297524
▁OF	-12.297833
خاض	-12.297882
▁متفرغ	-12.298027
▁صحتها	-12.298034
▁وأساس	-12.298138
▁20,	-12.298218
ng	-12.298240
▁بأمان	-12.298240
▁مصارف	-12.298253
▁الأضواء	-12.298306
▁للمدارس	-12.298306
▁الأصغر	-12.298424
▁بسعر	-12.298429
▁ومبادئه	-12.298453
▁المقيدة	-12.298467
▁المكسيكية	-12.298510
▁ونفس	-12.298731
حساب	-12.298831
▁انفاذ	-12.298840
/82	-12.298944
▁والتأثير	-12.298973
▁إنهم	-12.298994
▁حددته	-12.299055
▁حصانة	-12.299085
▁المراسلات	-12.299096
▁خاطئة	-12.299105
ختلط	-12.299212
▁التناوب	-12.299540
▁المشت	-12.299552
قصور	-12.299590
▁التفضيلية	-12.299593
▁الاصطناعية	-12.299838
AL	-12.299850
▁إشعارا	-12.300169
▁المحاسبي	-12.300184
سيل	-12.300297
fer	-12.300352
▁يحاولون	-12.300425
▁مبينة	-12.300459
▁00/9	-12.300489
arm	-12.300606
▁وحدهم	-12.300647
▁أطباء	-12.300684
▁كتدبير	-12.300715
▁اعتزام	-12.300774
▁ونشيد	-12.300874
/2000/9	-12.301041
ess	-12.301409
▁المبتدئين	-12.301467
ants	-12.301480
سيو	-12.301579
▁للخروج	-12.301628
▁مقارن	-12.301631
▁أوكتين	-12.301670
▁ملتزمون	-12.301794
for	-12.301847
المدافعين	-12.301940
▁الكمبودي	-12.302266
▁مواجهتها	-12.302291
▁تصميمها	-12.302348
▁والفلسطينيين	-12.302385
▁Trade	-12.302387
▁المكثف	-12.302396
▁نفهم	-12.302477
/2001/2	-12.302739
▁هدفه	-12.302863
▁الجلستين	-12.303052
aire	-12.303060
شتبه	-12.303153
▁الأوبئة	-12.303191
▁(27)	-12.303267
▁أسماك	-12.303520
▁ببلدان	-12.303528
▁تشا	-12.303529
▁أسف	-12.303618
▁تطب	-12.303701
▁الخلية	-12.303710
▁البلطيق	-12.303843
▁متوافقة	-12.303856
▁ومتابعتها	-12.303894
▁وصم	-12.304122
إرشاد	-12.304176
▁وشرعت	-12.304183
▁تسن	-12.304192
press	-12.304205
gn	-12.304256
▁امتنع	-12.304273
▁واستخدمت	-12.304413
▁2-6	-12.304506
▁رزق	-12.304665
▁ونفقات	-12.304698
▁لعضو	-12.304717
▁تعديلا	-12.304737
▁مخالفات	-12.304752
▁والمصارف	-12.304765
▁متهما	-12.304892
▁يمثلان	-12.304899
▁وتبي	-12.304921
▁مشاورة	-12.305012
▁الاحتمال	-12.305098
▁يخبر	-12.305100
▁أنطونيو	-12.305438
▁الإعانة	-12.305440
▁وتثقيف	-12.305484
نقض	-12.305756
▁وباسم	-12.305766
▁بالإكراه	-12.305791
لائحة	-12.305824
▁أضرارا	-12.305870
شبك	-12.305896
▁1353	-12.306192
ددة	-12.306202
▁94-	-12.306215
▁الأثناء	-12.306227
▁الأخصائيين	-12.306229
▁وملاحظات	-12.306231
▁وبلد	-12.306246
▁بالزواج	-12.306279
▁القوام	-12.306339
▁مشروعات	-12.306411
▁وكلاء	-12.306436
▁ويعيش	-12.306491
▁بتدمير	-12.306532
▁والحلول	-12.306637
▁المواطنون	-12.306643
▁ورأس	-12.306765
▁باعتزام	-12.306770
▁2008/2009	-12.306816
▁والاندماج	-12.306898
▁ويكرر	-12.307078
▁سيس	-12.307113
▁تمكينها	-12.307223
استقصاء	-12.307250
▁شحنات	-12.307367
▁والمركبات	-12.307427
▁وهن	-12.307436
▁202	-12.307488
▁وتكافؤ	-12.307639
تكتيك	-12.307668
▁ومواقع	-12.307819
▁دراية	-12.307842
تقادم	-12.307844
ach	-12.307914
▁Per	-12.307930
▁لشمال	-12.307935
▁Act	-12.308085
▁ارتكبتها	-12.308233
كانت	-12.308270
.45	-12.308508
التعليم	-12.308821
▁ودليل	-12.308891
▁العل	-12.308937
▁وجوه	-12.308941
▁وشهد	-12.308951
▁1964	-12.309090
▁حولها	-12.309095
▁وابن	-12.309123
▁الأرز	-12.309280
▁بالدراسة	-12.309352
▁تنقيحات	-12.309385
عمم	-12.309550
▁مدعومة	-12.309563
▁الصارمة	-12.309720
▁وصي	-12.309807
صون	-12.309836
▁متزوج	-12.309910
▁اللي	-12.309941
▁والمهنية	-12.309963
▁وغو	-12.309970
▁والمساهمات	-12.310011
▁موثوقية	-12.310044
▁الانعقاد	-12.310210
▁احتفال	-12.310271
AD	-12.310369
▁والرد	-12.310496
▁الانتقام	-12.310637
rr	-12.310715
▁نون	-12.310877
▁يضطلعون	-12.310947
▁الحاضرة	-12.310954
▁تفقد	-12.310999
▁بالتحقق	-12.311022
▁الآفة	-12.311084
▁تسويق	-12.311107
▁المقاصد	-12.311136
▁والاقتصادات	-12.311231
▁السب	-12.311241
قيادته	-12.311257
▁إخفاق	-12.311291
▁مطابق	-12.311372
غسل	-12.311526
▁كلفة	-12.311547
▁للشواغل	-12.311809
/2003/40/	-12.311816
▁المخولة	-12.311856
▁الاستهلاكية	-12.312073
▁يقلق	-12.312193
▁المحاور	-12.312241
▁بالاضطلاع	-12.312346
▁3-14	-12.312366
▁الصح	-12.312369
▁يستكمل	-12.312383
▁المستقبلي	-12.312407
مضايقة	-12.312535
تختلف	-12.312638
▁والإنفاذ	-12.312671
▁التفاوتات	-12.312761
▁لأمين	-12.312781
▁للتهديدات	-12.312781
▁للتحويل	-12.312798
▁العقدين	-12.312852
▁مبي	-12.312880
ثلاث	-12.313107
▁ودخل	-12.313320
▁الطباعة	-12.313345
▁مداولاته	-12.313360
▁رس	-12.313449
▁الدينامية	-12.313608
▁لسداد	-12.313690
اؤنا	-12.313762
▁قريبة	-12.313804
▁الرضا	-12.313857
▁للجنس	-12.313877
the	-12.313979
▁حملت	-12.313986
▁وضحايا	-12.313995
▁والاستحقاقات	-12.314212
▁1999؛	-12.314234
▁نشيط	-12.314249
▁تخطط	-12.314294
▁خطابات	-12.314313
▁لأم	-12.314328
▁شاهدا	-12.314352
مقدمة	-12.314368
مهرجان	-12.314387
ea	-12.314427
▁اللبنانيين	-12.314504
الرجوع	-12.314511
تضم	-12.314517
▁واليونسكو	-12.314549
▁احتواء	-12.314699
▁حارا	-12.314817
▁الإسكوا	-12.314847
▁يضيف	-12.314901
▁تثقيفية	-12.314916
▁للإسراع	-12.314954
▁بانضمام	-12.315012
▁ــــــــــ	-12.315013
▁والأخرى	-12.315013
تبرير	-12.315025
▁تماسك	-12.315108
▁توقفت	-12.315265
▁المحقق	-12.315267
▁فات	-12.315408
▁استعراضه	-12.315564
pl	-12.315595
▁والمشروع	-12.315691
▁سلطته	-12.315715
▁تقسم	-12.315751
▁الفائت	-12.315840
▁مقيدة	-12.316061
▁Th	-12.316067
▁ومتكامل	-12.316250
جزيرة	-12.316265
▁2013	-12.316304
مارك	-12.316318
▁كمسألة	-12.316504
▁4-3	-12.316519
▁between	-12.316619
▁الفاصل	-12.316749
▁والسابعة	-12.316953
▁البال	-12.317142
▁الضرب	-12.317198
قيمت	-12.317219
▁أراضيه	-12.317296
▁وتنويع	-12.317296
▁مشو	-12.317573
pp	-12.317625
▁وتعريف	-12.317723
▁المهر	-12.317768
▁أدانت	-12.317985
▁والتحدي	-12.318047
▁بالمنظمة	-12.318091
▁تمثلت	-12.318129
▁ومركبات	-12.318156
لبنان	-12.318165
استؤنفت	-12.318226
▁المختبرات	-12.318230
▁والحياد	-12.318251
▁96-	-12.318271
▁ويرمي	-12.318304
▁والمهن	-12.318512
▁بمذكرة	-12.318521
▁اليونانيين	-12.318577
▁والبيان	-12.318634
▁درست	-12.318665
▁مرحليا	-12.318837
.47	-12.318935
**،	-12.318945
▁الإشادة	-12.319032
▁والموظفون	-12.319036
▁الكتلة	-12.319136
▁المتف	-12.319374
▁تأكيده	-12.319416
أطباء	-12.319427
▁استع	-12.319521
بيانات	-12.319568
بالتشاور	-12.319677
▁بإبرام	-12.319693
أسباب	-12.319827
▁الحشرات	-12.319839
▁تيسيرا	-12.319966
▁متكلمون	-12.319982
▁مؤسساتها	-12.320140
/60/8	-12.320153
▁والبلديات	-12.320189
are	-12.320214
▁يحافظ	-12.320362
▁207	-12.320394
افتراض	-12.320490
صالات	-12.320505
▁ويوافق	-12.320517
تعدى	-12.320541
▁وأثنت	-12.320647
ional	-12.320669
تفوق	-12.320711
▁قصف	-12.320917
عتب	-12.320973
إسراع	-12.321089
▁بمعدلات	-12.321120
▁تمكنها	-12.321217
▁نبت	-12.321306
▁التشارك	-12.321551
▁طفيف	-12.321634
مذكرات	-12.321659
ساي	-12.321699
▁تنظيمي	-12.321759
▁يتول	-12.322193
▁إحداهما	-12.322259
▁نناشد	-12.322260
▁بقليل	-12.322266
▁البوروندية	-12.322267
▁المخاوف	-12.322330
▁المكفولة	-12.322362
▁ومراقبتها	-12.322464
-2003	-12.322482
▁تراوح	-12.322542
▁عدل	-12.322706
نمي	-12.322769
▁وآخرين	-12.322797
▁وجودهم	-12.322845
▁الأيتام	-12.323069
▁للطلاب	-12.323069
▁بالعدالة	-12.323096
▁وطابع	-12.323112
▁السيولة	-12.323121
▁نظرية	-12.323164
▁212	-12.323176
▁كارلوس	-12.323183
▁المعال	-12.323272
▁بالاستغلال	-12.323278
ؤون	-12.323395
▁لمبادرات	-12.323438
▁المقاول	-12.323514
▁الاش	-12.323556
▁والأساليب	-12.323572
▁وتساهم	-12.323853
▁رئاسي	-12.323906
▁30/10	-12.324170
own	-12.324224
▁مربعا	-12.324258
▁الصلاحية	-12.324348
▁ناد	-12.324383
▁بواجب	-12.324415
دفن	-12.324464
▁نتاج	-12.324471
دفوع	-12.324608
▁للانتشار	-12.324686
▁تويتر	-12.324698
▁وأبدي	-12.324772
▁يتمكنوا	-12.324783
▁يخلق	-12.324902
▁طعام	-12.324937
▁بشر	-12.325154
عبئ	-12.325329
▁ومش	-12.325573
قمة	-12.325623
▁شغور	-12.325693
▁ملاحظاته	-12.325698
عبارة	-12.325829
▁واللجوء	-12.326307
▁الرطبة	-12.326308
▁للنفقات	-12.326309
▁وواحد	-12.326317
▁عاصمة	-12.326628
تحت	-12.326633
▁صعب	-12.326678
▁وتعزيزه	-12.326729
▁يقو	-12.326759
▁Ga	-12.326775
▁'8'	-12.327120
▁احتفالا	-12.327122
▁نهوج	-12.327140
1,	-12.327145
▁للأمهات	-12.327164
▁المطر	-12.327189
جرد	-12.327315
▁نسبية	-12.327316
▁الكلفة	-12.327341
▁تصر	-12.327410
nes	-12.327417
▁جرم	-12.327700
رجاء	-12.327714
نمط	-12.327789
▁1.3	-12.327867
▁واستقلالها	-12.327902
▁مطلب	-12.327947
حرر	-12.327951
▁ودعما	-12.328111
▁وربط	-12.328140
▁والمساكن	-12.328327
▁والتهديد	-12.328481
▁تزو	-12.328693
▁الآمال	-12.328749
▁والرابطات	-12.328775
صان	-12.328809
view	-12.328815
▁اعتقاده	-12.328914
▁جنسيتها	-12.329074
▁بالضبط	-12.329147
حصة	-12.329156
▁قطعتها	-12.329257
▁والتدمير	-12.329379
▁رجعي	-12.329415
▁ومحددة	-12.329562
▁واستحقاقات	-12.329572
▁مؤهل	-12.329580
▁نقدي	-12.329667
▁الظاهر	-12.329703
ناضل	-12.329778
سنغافورة	-12.329821
بولندا	-12.329858
المادتين	-12.329865
▁استراتيجيتها	-12.329918
▁يطلبون	-12.329961
.2).	-12.329962
▁ممثليها	-12.329997
حصى	-12.330275
▁بتفسير	-12.330322
▁ملابس	-12.330378
إيواء	-12.330441
قياس	-12.330446
▁انتخابهم	-12.330597
▁تفاعلية	-12.330760
▁تبد	-12.330912
قبرص	-12.330963
▁بتعليقات	-12.330988
▁للانبعاثات	-12.331111
/61/8	-12.331167
فوري	-12.331173
▁ناهيك	-12.331188
▁سالم	-12.331243
خلق	-12.331278
راسل	-12.331279
▁لشرط	-12.331328
▁حائزة	-12.331522
▁وأل	-12.331586
▁وتسريح	-12.331731
▁ووقعت	-12.331812
فيروس	-12.331841
▁ثقافات	-12.332004
▁لمقدمي	-12.332032
▁اعلان	-12.332096
▁التطرق	-12.332161
▁بأسباب	-12.332489
▁روا	-12.332540
▁وتصديرها	-12.332552
sess	-12.332618
▁طاقات	-12.332891
▁واسترسل	-12.332937
▁ووصول	-12.333048
الين	-12.333157
استباق	-12.333197
▁للتأثير	-12.333363
أمر	-12.333385
▁والنامية	-12.333642
/43	-12.333662
▁القطبية	-12.333665
▁والجمعيات	-12.333676
▁المعوقون	-12.333755
▁جمهور	-12.333815
▁CAT	-12.333954
▁وجيهة	-12.334017
▁وتحسينها	-12.334132
▁للتعلم	-12.334231
▁منحه	-12.334232
▁التابعون	-12.334404
▁الأقسام	-12.334411
٪	-12.334455
▁اثنتين	-12.334455
▁اعتداءات	-12.334482
▁تعاقب	-12.334506
▁وإعطاء	-12.334551
▁يكتب	-12.334622
▁والاحتلال	-12.334641
▁للبدء	-12.334739
500	-12.334787
▁ملاذ	-12.334873
▁Car	-12.335123
▁منحها	-12.335140
▁Series	-12.335278
▁بشخص	-12.335369
▁وتطبق	-12.335466
▁وستشمل	-12.335480
نهض	-12.335585
▁التنويع	-12.335629
▁نشاطات	-12.335640
أسبوع	-12.335685
▁Organization	-12.335692
اندي	-12.335736
▁أخلاقية	-12.335809
▁98-	-12.335820
▁تعسفية	-12.335856
▁أمير	-12.335891
▁الطبقة	-12.335905
▁سيف	-12.335923
▁توجيها	-12.335933
▁الإريترية	-12.335958
▁بسخاء	-12.336095
▁Programme	-12.336100
▁الحريري	-12.336173
▁بسلطة	-12.336186
▁والاستدامة	-12.336205
▁يعب	-12.336308
▁ناجح	-12.336377
▁وتقنية	-12.336399
الباب	-12.336402
▁America	-12.336472
▁تنسق	-12.336538
▁والعقوبات	-12.336574
الاحتفال	-12.336602
▁تكف	-12.336614
tive	-12.336615
مصارف	-12.336639
▁الاقتص	-12.336709
ér	-12.336768
▁استخدامات	-12.336864
▁والغذاء	-12.336911
▁ادراج	-12.336975
▁سيستمر	-12.337074
▁ونشاط	-12.337296
▁والأداء	-12.337313
▁لفهم	-12.337326
▁وتعيد	-12.337345
▁ميلو	-12.337357
97)	-12.337577
ción	-12.337659
ean	-12.337732
▁البيئات	-12.337732
▁المتأصلة	-12.337734
▁بالبلاغات	-12.337734
▁التقصير	-12.337762
▁التناسب	-12.337824
▁ويوم	-12.337914
▁انفرادية	-12.338098
▁اطلاع	-12.338564
▁مزدوجة	-12.338606
اليونيتار	-12.338680
▁يتميز	-12.338699
▁وكر	-12.338706
▁وأطلق	-12.338758
طابق	-12.338851
▁نفاذه	-12.338870
▁لاسترداد	-12.338926
الدولة	-12.339017
▁اقام	-12.339082
low	-12.339106
▁اخبر	-12.339143
▁الماليين	-12.339190
▁مجرم	-12.339338
▁معبر	-12.339512
▁أنشأه	-12.339851
▁سيوفر	-12.339862
السيدة	-12.339869
▁والكاريب	-12.340048
▁وتؤثر	-12.340078
▁وضد	-12.340079
gre	-12.340175
▁المتمردة	-12.340199
▁بالثقة	-12.340219
▁توضيحات	-12.340315
▁وأثار	-12.340364
▁والدا	-12.340368
▁تضيف	-12.340382
▁بوسعها	-12.340401
▁بأنشطتها	-12.340430
-15)	-12.340646
▁وورقات	-12.340683
جهود	-12.340721
du	-12.340757
▁للإيدز	-12.341020
▁يطرأ	-12.341032
▁تفتح	-12.341060
▁99-	-12.341194
▁للموئل	-12.341247
▁الازدياد	-12.341473
▁ومنصفة	-12.341502
▁اشهر	-12.341516
▁حدوده	-12.341591
▁ادع	-12.341747
DS	-12.341843
▁مقترنة	-12.341844
▁والتوجيهات	-12.341857
ولوجيا	-12.341899
▁الانتاج	-12.341899
▁والإدماج	-12.341920
▁أفرادا	-12.341980
▁يعيق	-12.342059
▁الاحتياز	-12.342191
▁ساريا	-12.342220
/2000/11	-12.342406
اسو	-12.342470
▁أحيلت	-12.342481
▁تحملها	-12.342522
▁المستثمر	-12.342698
▁(30)	-12.342827
101	-12.342869
انبعاثات	-12.342884
▁تقديرهم	-12.342999
▁الفض	-12.343039
المجلس	-12.343111
▁المزمور	-12.343425
▁التهريب	-12.343495
نيبال	-12.343553
▁97-	-12.343623
▁وتوثيق	-12.343835
▁متينة	-12.343881
▁الألم	-12.343941
▁اكتمل	-12.343965
▁صريحا	-12.344013
▁والخطة	-12.344063
تناقض	-12.344139
▁ونحو	-12.344178
▁للتركيز	-12.344318
▁لتدعيم	-12.344319
▁111-	-12.344424
▁الأبخازي	-12.344428
الإفلات	-12.344623
▁التطبيقية	-12.344715
▁باختلاف	-12.344789
/96	-12.344813
تعددية	-12.345093
journal	-12.345150
ification	-12.345165
▁مشددة	-12.345178
▁المناقصات	-12.345218
▁لانعدام	-12.345278
خاطر	-12.345312
ins	-12.345484
▁سويا	-12.345549
صلاحية	-12.345572
غاز	-12.345782
▁وأنشطته	-12.345932
▁ومكوناتها	-12.345972
▁التسريح	-12.345973
▁مسألتي	-12.346019
▁الارهاب	-12.346042
▁المثمر	-12.346148
زيا	-12.346221
▁وأمنها	-12.346237
ونية	-12.346338
▁بالجزاءات	-12.346376
▁الفاسدة	-12.346433
▁مجتمعية	-12.346463
▁سرا	-12.346482
▁موازية	-12.346508
▁خدام	-12.346539
▁الهك	-12.346613
▁التثقيفية	-12.346708
▁بريتوريا	-12.346800
▁الاستجواب	-12.346801
▁انقضت	-12.346803
▁الاحت	-12.346876
▁ومث	-12.346902
▁التسلسل	-12.346982
تساوق	-12.347061
▁تنم	-12.347126
▁والأموال	-12.347295
امات	-12.347407
مختبر	-12.347437
▁للشركاء	-12.347596
▁والمبالغ	-12.347604
▁والإناث	-12.347631
موائد	-12.347690
▁الإيواء	-12.348170
▁التأشيرات	-12.348188
▁الجورجية	-12.348341
▁كالم	-12.348365
▁وتمكينها	-12.348422
▁العرضي	-12.348462
▁ألغام	-12.348512
مالفيناس	-12.348539
▁دلالة	-12.348544
▁الابتكارات	-12.348631
doc	-12.348763
ster	-12.348766
▁التخصيص	-12.348812
▁سفارة	-12.348920
▁الطالب	-12.348926
▁بحقه	-12.348933
▁مقت	-12.348995
انغا	-12.349047
يليو	-12.349120
16).	-12.349207
▁وضبط	-12.349265
▁بانتظار	-12.349288
▁يصر	-12.349342
▁اك	-12.349591
▁الزمان	-12.349603
▁مستشارين	-12.349674
لته	-12.350077
ثمانية	-12.350079
▁دمشق	-12.350120
▁واستعداد	-12.350120
▁العائلات	-12.350124
▁منسقا	-12.350134
ستفاد	-12.350255
▁راموس	-12.350332
▁حلولا	-12.350383
ral	-12.350534
▁يضطر	-12.350594
▁عنوانها	-12.350688
▁يحصلوا	-12.350840
▁المتجر	-12.350845
▁إنجازها	-12.350873
سانت	-12.350912
▁خاتمة	-12.350963
▁ورسوم	-12.351048
▁مأذون	-12.351083
▁تحتج	-12.351101
▁العادات	-12.351207
▁السخي	-12.351208
نفايات	-12.351491
-1998	-12.351512
Imp	-12.351574
.5/59/	-12.351589
▁مقترحا	-12.351702
▁وتحديدا	-12.351710
▁إحساس	-12.351782
▁يقترن	-12.351791
▁(700	-12.351849
▁Fund	-12.351860
ومو	-12.352041
▁السماوية	-12.352062
▁والأساس	-12.352161
▁تمهيدا	-12.352243
▁متطوعو	-12.352289
▁نجا	-12.352364
▁محتجز	-12.352515
▁وتناشد	-12.352616
▁شروطا	-12.352651
▁والمدنيين	-12.352757
90-	-12.352851
▁ومنسقة	-12.352858
▁الهادي	-12.352898
▁واستقلاله	-12.352970
▁بيلي	-12.353296
▁تسهل	-12.353334
▁العالقة	-12.353450
▁والحالات	-12.353498
▁والأديان	-12.353573
▁العقيدات	-12.353588
▁انتقلت	-12.353683
▁جوي	-12.353703
▁Vol	-12.353717
▁تعسفي	-12.353738
▁الحرجي	-12.353758
▁ونظ	-12.353807
▁مستحقات	-12.353960
▁الإيضاح	-12.354064
▁طرحتها	-12.354075
▁مكافئ	-12.354177
▁حظرا	-12.354308
استدامة	-12.354368
▁الإلغاء	-12.354512
▁2001-2002	-12.354601
▁جين	-12.355001
▁والإعداد	-12.355330
▁متلازمة	-12.355442
▁عينه	-12.355447
▁بتناول	-12.355472
ولوجية	-12.355508
▁الأخلاقي	-12.355559
▁عوض	-12.355564
▁للشك	-12.355567
▁وتوليد	-12.355567
▁يجلب	-12.355609
▁المذكرات	-12.355645
▁ومساعدتهم	-12.355766
▁وتتفق	-12.355855
▁توضيحا	-12.355921
▁المؤيدة	-12.356012
▁مدعاة	-12.356032
▁Qu	-12.356172
▁فاعلية	-12.356216
old	-12.356256
▁الدافع	-12.356265
▁Bar	-12.356459
▁قرون	-12.356631
▁ويصبح	-12.356744
Docs	-12.356789
تخفيض	-12.356830
▁المدانين	-12.356898
▁هويته	-12.356918
▁مشيرة	-12.356936
استيفاء	-12.356950
▁تورد	-12.357128
▁الدي	-12.357131
▁المشروعية	-12.357180
▁رغبات	-12.357182
▁حصولها	-12.357197
▁3-4	-12.357400
ٱح	-12.357409
▁لكنهم	-12.357534
▁(22	-12.357578
▁واللغة	-12.357643
200	-12.357742
▁وإقليم	-12.357910
منشور	-12.357928
بيري	-12.358237
mission	-12.358360
▁ودعوا	-12.358492
تسويات	-12.358511
ناقلات	-12.358513
▁السلس	-12.358536
▁يخلف	-12.358737
▁صو	-12.358764
ميليشيا	-12.358851
▁والتمكين	-12.358960
▁السفارة	-12.358993
▁يمتنع	-12.359036
▁بحساب	-12.359056
▁وتحسن	-12.359168
▁تنال	-12.359180
▁واذا	-12.359228
▁الكوكايين	-12.359282
▁المكو	-12.359306
▁التوثيق	-12.359396
▁دفاعات	-12.359410
▁وساهمت	-12.359478
▁وحول	-12.359634
▁الأحادية	-12.359677
▁شبكي	-12.359903
▁استنتاجاته	-12.360227
als	-12.360542
▁لشرق	-12.360556
▁نجمت	-12.360600
▁أنجع	-12.360771
▁التوجهات	-12.360851
أخصائي	-12.361002
درء	-12.361044
▁علقت	-12.361078
▁الدفاعية	-12.361189
▁لوك	-12.361237
▁(23	-12.361312
ook	-12.361389
▁كقاعدة	-12.361481
▁طابعا	-12.361504
باري	-12.361534
▁وقوعها	-12.361535
يجب	-12.361552
fo	-12.361582
نشعر	-12.361779
▁فائقة	-12.361800
▁وترويج	-12.361820
▁الناجين	-12.361829
▁وروسيا	-12.361854
▁Te	-12.361877
▁يشعرون	-12.362007
▁التمس	-12.362036
▁بظروف	-12.362075
▁وليسوتو	-12.362129
▁كاتب	-12.362221
▁والهيكل	-12.362266
أجوبة	-12.362267
ستوعب	-12.362283
▁والكشف	-12.362433
▁للتوقيع	-12.362531
▁اقتضت	-12.362597
▁العناوين	-12.362710
▁الحائز	-12.362747
▁ناشئ	-12.362943
▁112-	-12.363121
▁ذوات	-12.363317
▁ويظهر	-12.363356
فاوض	-12.363459
نساء	-12.363490
▁ننسى	-12.363505
▁وسيظل	-12.363510
▁الاستشارات	-12.363511
▁والقانوني	-12.363593
▁غني	-12.363833
▁تكاليفها	-12.363886
محبة	-12.363960
نجو	-12.364192
تطرف	-12.364198
▁الإنهاء	-12.364243
▁وميزانية	-12.364310
▁المأمول	-12.364347
▁وكامل	-12.364401
▁قياسا	-12.364429
▁الأذربيجاني	-12.364656
▁نوعه	-12.364722
▁يبق	-12.364761
▁غون	-12.364806
▁خص	-12.364813
▁الفو	-12.364833
ريكي	-12.365050
▁نقح	-12.365164
laimant	-12.365170
▁Treaty	-12.365188
▁بعزم	-12.365343
تدارس	-12.365522
▁والمستشار	-12.365639
her	-12.365687
▁مقالة	-12.365856
▁Paris	-12.365860
▁دراسي	-12.365875
▁الزملاء	-12.366032
▁ومولدوفا	-12.366032
▁والتهميش	-12.366033
▁تطرأ	-12.366042
ترد	-12.366047
▁قبوله	-12.366053
▁بأجر	-12.366078
▁Action	-12.366139
▁المناظرة	-12.366145
▁لمدير	-12.366228
▁مارتين	-12.366551
▁الإحساس	-12.366667
اختبار	-12.366810
▁الأفريقيين	-12.366827
▁اليونيتار	-12.366832
▁On	-12.367072
ازدياد	-12.367109
▁ودورة	-12.367283
▁فخلال	-12.367386
إرهاب	-12.367405
الضفة	-12.367445
▁بالنظم	-12.367684
▁المولودين	-12.367690
للمزيد	-12.367705
▁يراد	-12.367706
▁الحفر	-12.367798
▁المفتشون	-12.367859
▁وتحول	-12.367914
▁البيض	-12.367955
▁تداخل	-12.368042
▁أساسيين	-12.368185
يوان	-12.368321
▁ببحث	-12.368391
▁الخلاصة	-12.368533
▁مشكل	-12.368592
نطاق	-12.368609
▁2006/2007	-12.368776
▁غينو	-12.368782
▁الخصخصة	-12.368794
▁الماضيتين	-12.369050
▁والمجموعة	-12.369082
انخراط	-12.369099
أداة	-12.369125
يتحتم	-12.369281
▁وصفت	-12.369362
إجتماع	-12.369415
سهولة	-12.369503
▁للفيروسات	-12.369612
▁نتذكر	-12.369622
/64	-12.369624
أمثلة	-12.369679
▁السمو	-12.369716
▁بتعليم	-12.369809
فلسطين	-12.369825
▁والديون	-12.369995
▁ساري	-12.370088
▁المستجدات	-12.370133
▁وتقضي	-12.370152
▁يشكر	-12.370253
▁ونيروبي	-12.370262
04)	-12.370310
▁وتدعي	-12.370430
دبلوم	-12.370431
▁التدقيق	-12.370445
▁مراقبا	-12.370505
▁لازم	-12.370538
▁العهدين	-12.370642
▁مقال	-12.370769
▁إيدي	-12.370778
▁معاون	-12.370864
▁شاغلا	-12.370911
رقية	-12.370952
▁كريم	-12.370986
▁تحليقا	-12.371118
▁Ba	-12.371156
▁وشراء	-12.371312
عرقل	-12.371439
▁بعملها	-12.371469
▁ثبتت	-12.371595
تصفية	-12.371712
سأعتبر	-12.371746
▁الشاقة	-12.371910
تناوب	-12.371938
▁السواحل	-12.371960
▁للسودان	-12.371960
aff	-12.371973
▁سيمكن	-12.372011
▁نظامية	-12.372036
▁نضمن	-12.372176
▁تقابل	-12.372232
▁2003-2004	-12.372291
▁الميل	-12.372346
▁نتخذ	-12.372349
▁يتبعها	-12.372442
▁الوالدية	-12.372510
▁خلية	-12.372576
▁برنامجية	-12.372590
▁التيقن	-12.372717
تمايز	-12.372790
▁نكرر	-12.372836
▁عرفت	-12.372866
▁وموظفيها	-12.372924
▁1945	-12.373063
▁لخطط	-12.373063
دواعي	-12.373271
▁لانتخاب	-12.373307
▁ad	-12.373370
▁الانمائية	-12.373560
▁والحضرية	-12.373663
▁سيرجيو	-12.373669
تشجيع	-12.374125
السرعة	-12.374167
▁وتعزى	-12.374309
▁المدعين	-12.374352
▁حبس	-12.374408
▁المشترعة	-12.374510
▁بالنفع	-12.374551
▁المخص	-12.374577
▁بالاتحاد	-12.374755
▁غذائية	-12.374946
ساك	-12.374963
/98	-12.375085
▁ليما	-12.375134
▁للأمراض	-12.375418
nt	-12.375450
آداب	-12.375459
▁واستعمالها	-12.375546
تقييد	-12.375926
▁والمش	-12.375952
▁بالعراق	-12.375976
▁الدوليتين	-12.376055
▁الحبي	-12.376221
▁يؤدون	-12.376221
سرقة	-12.376234
▁يموت	-12.376238
king	-12.376262
▁تحرزه	-12.376273
▁المحور	-12.376287
▁وسعادة	-12.376381
▁تكل	-12.376478
▁بالمجلس	-12.376578
▁يخلص	-12.376666
تساهل	-12.376677
جماعة	-12.376685
سرية	-12.376753
▁تكملة	-12.376816
▁سلك	-12.376904
▁أمثال	-12.376986
tan	-12.376994
▁بتلقي	-12.377070
▁والمستشارين	-12.377110
وكالات	-12.377199
▁اللوجستيات	-12.377633
▁ستصبح	-12.377694
▁لإدراجها	-12.377803
▁وبإ	-12.377836
▁القاطع	-12.377863
▁للمحيطات	-12.377890
▁والتكسينية	-12.377921
▁الاستمرارية	-12.378008
▁للتهديد	-12.378231
▁والتزاماتها	-12.378245
سقف	-12.378263
.13)	-12.378326
سطح	-12.378349
آس	-12.378381
▁الكسب	-12.378416
▁American	-12.378648
مندوب	-12.378696
▁والكهرباء	-12.378776
▁النيل	-12.378882
▁للقضية	-12.378929
▁انتاج	-12.378990
▁المساهم	-12.379041
yl	-12.379235
▁لإحداث	-12.379257
▁الحرارية	-12.379314
▁العائد	-12.379323
▁صارخا	-12.379400
▁يشج	-12.379548
▁الاغتيال	-12.379631
▁يوكوتا	-12.379632
▁وأنماط	-12.379676
▁فار	-12.379919
▁رسالتكم	-12.380015
تداول	-12.380031
▁والشبكة	-12.380040
/58/6	-12.380108
/58/2	-12.380132
▁يكرس	-12.380226
▁ولجميع	-12.380245
▁والاعتداءات	-12.380305
ft	-12.380330
▁والإنقاذ	-12.380352
ترتبط	-12.380471
▁والحضارات	-12.380490
▁المعلم	-12.380536
▁داو	-12.380654
بشارة	-12.380688
docs	-12.380721
▁مطردة	-12.380729
نيباد	-12.380757
▁وتقريرا	-12.380769
▁المزمنة	-12.380836
يترتب	-12.380945
▁مسارات	-12.380995
▁بمهامها	-12.381041
▁والمتوسط	-12.381062
أجنبي	-12.381222
▁وسجل	-12.381255
لامركزية	-12.381345
▁تلاتيلولكو	-12.381345
▁الحراجة	-12.381347
لمسات	-12.381521
▁سرطان	-12.381533
▁حصرية	-12.381666
▁شمالي	-12.381676
ric	-12.381769
/42	-12.381837
▁وبيت	-12.381861
▁ويطالب	-12.381898
▁المجر	-12.381913
▁اغتنام	-12.381935
▁التعافي	-12.381971
▁الإشرافية	-12.381973
▁أصلية	-12.381984
▁1997)	-12.382013
▁لعلم	-12.382102
الكاميرون	-12.382131
▁مصيره	-12.382170
▁بمخاطر	-12.382209
▁مسلم	-12.382704
▁تصيب	-12.382721
▁للمرفق	-12.382737
▁أرفع	-12.383016
▁للألغام	-12.383060
▁مظالم	-12.383063
▁الاستشارة	-12.383090
▁الحساسية	-12.383195
الجرعات	-12.383396
▁مئة	-12.383420
▁المنفصل	-12.383648
▁ويحظر	-12.383882
▁ساي	-12.383914
▁الإفراط	-12.383920
▁الإهمال	-12.383934
ico	-12.383971
▁كامب	-12.384258
▁والموقع	-12.384275
▁يضعها	-12.384744
▁ربح	-12.384769
بينما	-12.384876
▁ٱت	-12.384901
▁وطوال	-12.384916
▁يلق	-12.385238
▁موضوعات	-12.385258
▁ونشرت	-12.385299
▁ومنهجية	-12.385303
▁1503	-12.385478
يهود	-12.385561
▁وسلطت	-12.385595
▁بالترحيب	-12.385640
▁والانتخابات	-12.385643
▁المدمجة	-12.385648
▁طوائف	-12.385658
▁6).	-12.385714
▁لابد	-12.385856
▁ووحدته	-12.386049
إجراءات	-12.386054
▁السند	-12.386202
▁التقويمية	-12.386503
▁ذخائر	-12.386750
▁يرتفع	-12.386757
▁الفاعل	-12.386910
▁مراقبون	-12.387290
▁الشرائية	-12.387456
dep	-12.387466
نزلاء	-12.387481
▁لارتفاع	-12.387490
تطبيق	-12.387523
▁عابر	-12.387534
▁لوظيفة	-12.387606
▁والأرض	-12.387696
▁المصابات	-12.387763
/55/7	-12.387800
▁وباعتبار	-12.387847
▁قلقنا	-12.387873
▁لولايته	-12.387919
▁تطابق	-12.388103
▁الهبوط	-12.388206
▁لاستيعاب	-12.388227
▁خضوع	-12.388227
▁الكهنة	-12.388232
▁التوليد	-12.388234
▁للمشاورات	-12.388238
▁إنجاح	-12.388248
▁للبنات	-12.388263
▁تميل	-12.388276
▁وسعت	-12.388332
موجز	-12.388404
▁خشخاش	-12.388419
▁أوفدت	-12.388534
▁أدائه	-12.388900
ڤ	-12.388935
▁ابد	-12.388973
▁عقار	-12.389086
ez	-12.389104
▁نفسية	-12.389104
▁196	-12.389122
إدماج	-12.389134
▁المأزق	-12.389136
▁والحيوانات	-12.389203
رصيد	-12.389205
لتحسين	-12.389221
▁للدائنين	-12.389421
▁الصحيفة	-12.389502
ore	-12.389569
يولوجية	-12.389589
▁سيعزز	-12.389684
▁مملوكة	-12.389957
▁تطلق	-12.390017
▁موجة	-12.390038
▁المحليون	-12.390346
▁والسادس	-12.390353
▁ومنصف	-12.390408
▁الموفدة	-12.390409
▁التمكن	-12.390671
▁(30	-12.390691
▁صارما	-12.390823
IM	-12.390854
▁بحيرة	-12.390882
▁بالشباب	-12.390884
▁750	-12.391171
▁ومسؤولي	-12.391323
▁CCW	-12.391404
▁معيارا	-12.391573
▁وتعميمها	-12.391603
▁بوسادا	-12.391685
▁واتجاهات	-12.391685
IP	-12.391768
▁وترأس	-12.392014
▁Lo	-12.392066
▁توتر	-12.392126
▁1996)	-12.392164
لحماية	-12.392359
▁الرياض	-12.392430
57/270	-12.392479
▁والنباتات	-12.392552
▁دايتون	-12.392567
▁المتكرر	-12.392652
▁ابا	-12.392696
▁موعدها	-12.392781
▁للماس	-12.392876
▁Ko	-12.393095
▁الأفق	-12.393210
▁أغتن	-12.393312
▁والمسؤول	-12.393312
القراران	-12.393362
ممت	-12.393796
▁(29)	-12.393929
ale	-12.393930
itu	-12.393950
▁التراجع	-12.393961
▁وبمساعدة	-12.394053
▁بالتحفظات	-12.394080
fin	-12.394217
▁وثقافية	-12.394287
▁والأدوية	-12.394289
▁للتعبير	-12.394309
برين	-12.394463
▁متابعتها	-12.394524
▁fa	-12.394601
مقتضيات	-12.394799
▁والمنتدى	-12.394802
▁وأصيب	-12.394939
▁الأفقي	-12.395047
تلاميذ	-12.395078
▁التأمل	-12.395134
▁بتركيز	-12.395156
أوروغواي	-12.395210
إبادة	-12.395224
محطات	-12.395392
▁صوتي	-12.395395
▁للمصالحة	-12.395482
▁والتواصل	-12.395829
▁بالمركز	-12.395861
قبالة	-12.395919
▁2009؛	-12.396021
▁للمراهقين	-12.396028
بند	-12.396177
Com	-12.396202
▁6-3	-12.396280
▁٣٦	-12.396296
▁للبحر	-12.396339
▁والفقراء	-12.396468
▁وتقد	-12.396482
▁المحطات	-12.396496
▁الذري	-12.396534
▁كررت	-12.396538
/10/	-12.396615
مخيمات	-12.396716
▁نير	-12.396793
▁Society	-12.396895
▁حياد	-12.397033
▁النقابية	-12.397105
الأونروا	-12.397156
▁لفحص	-12.397185
تحديد	-12.397310
▁بالإصلاح	-12.397356
▁الخلايا	-12.397358
▁سلميا	-12.397359
▁خلافة	-12.397542
▁زائر	-12.397620
غاني	-12.397647
▁شوطا	-12.397803
وزارات	-12.397806
توجيه	-12.398260
▁كتلك	-12.398413
▁والمراقب	-12.398455
كوري	-12.398508
تكيف	-12.398512
▁الملتزم	-12.398543
source	-12.398646
مغادرة	-12.398742
عصب	-12.398765
أوساط	-12.398903
US	-12.398963
▁صفات	-12.399011
▁والفني	-12.399047
▁الاهتمامات	-12.399054
▁المأمون	-12.399078
▁يشاركوا	-12.399120
▁إقرارها	-12.399311
▁113-	-12.399332
▁الترشيحات	-12.399343
▁سانتياغو	-12.399360
▁بالغرض	-12.399410
▁اختير	-12.399450
▁تخول	-12.399541
▁الممارسين	-12.399570
▁خصوصية	-12.399601
▁وتهديد	-12.399613
▁بسداد	-12.399619
▁الحبوب	-12.399650
▁إرادته	-12.399740
▁بإخطار	-12.400156
▁قطاعية	-12.400225
pt	-12.400260
▁سهل	-12.400273
▁للممتلكات	-12.400354
▁وبلوغ	-12.400398
▁يقتل	-12.400399
▁وزارت	-12.400438
▁وأدعو	-12.400605
مهد	-12.400691
▁مدعوون	-12.400865
▁بمستويات	-12.401258
▁بأربع	-12.401264
▁المولود	-12.401309
GE	-12.401341
موجودات	-12.401392
▁بوثائق	-12.401439
▁المتنامية	-12.401468
مسيحي	-12.401571
▁CERD	-12.401759
▁إيغ	-12.401781
▁والجنساني	-12.401801
▁وتدفع	-12.401939
ps	-12.401954
▁لتخصيص	-12.402039
▁الظهور	-12.402133
▁طابعها	-12.402142
▁خليج	-12.402220
▁مؤكدا	-12.402259
ارتفاع	-12.402278
▁جنسيته	-12.402319
▁هشة	-12.402466
▁وتستهدف	-12.402488
▁الإكراه	-12.402554
▁الفنون	-12.402686
▁الشائعة	-12.402701
كتيب	-12.402770
▁للإجراء	-12.402795
▁عبيد	-12.402955
▁والوقود	-12.403011
▁الأونرابل	-12.403015
▁وسنواصل	-12.403076
▁ثورة	-12.403229
▁والأونكتاد	-12.403408
▁ستجرى	-12.403461
▁وطيد	-12.403505
تمنى	-12.403556
▁لمصادر	-12.403584
▁لكسب	-12.403635
▁right	-12.403653
▁تاريخها	-12.403713
عتقل	-12.403873
▁الهيروين	-12.403886
▁ولغوية	-12.403891
▁كوي	-12.403902
▁وسيتطلب	-12.404055
▁وشيك	-12.404101
▁سيصبح	-12.404358
تخرج	-12.404394
▁بإمكانها	-12.404494
▁تصدره	-12.404680
▁برازيلي	-12.404767
▁يناسب	-12.404793
▁والديني	-12.404816
▁متغير	-12.404826
لمس	-12.404829
▁السيارة	-12.404848
النمسا	-12.404925
▁الأيدز	-12.404979
▁المفر	-12.404980
▁محاسبة	-12.404984
▁الدوريات	-12.404991
▁الأصدقاء	-12.405069
▁تأكيدها	-12.405204
الأعمال	-12.405247
ks	-12.405273
تعدين	-12.405278
ick	-12.405354
▁يصح	-12.405495
▁الاستفسار	-12.405574
▁الأسنان	-12.405653
▁لإتمام	-12.405681
▁لرفض	-12.405700
اكتساب	-12.405837
▁دير	-12.405855
إسقاط	-12.405915
▁وأسر	-12.405915
RA	-12.405925
▁عيار	-12.405980
▁(900	-12.406180
▁اللقاحات	-12.406198
منظومات	-12.406370
▁يكلف	-12.406398
▁مداولاتها	-12.406453
▁الانقسام	-12.406519
▁الدوافع	-12.406520
▁الفظائع	-12.406572
▁راغب	-12.406617
▁بالاقتصاد	-12.406689
تقويم	-12.406777
▁للمهام	-12.406797
تلاءم	-12.406887
▁بالتزامن	-12.406944
▁وإع	-12.407062
▁الانحراف	-12.407085
▁انجاز	-12.407225
▁بسجل	-12.407392
▁تستطع	-12.407543
▁وجيبوتي	-12.407656
▁لتأثير	-12.407790
ميثاق	-12.407888
▁يكتمل	-12.407958
تأهيل	-12.408069
▁نعيد	-12.408441
▁23,	-12.408601
▁المسيطر	-12.408921
جهت	-12.408971
▁منخفضا	-12.408992
▁مثار	-12.409011
▁بالجزء	-12.409041
▁متأكد	-12.409162
▁وافتتح	-12.409186
▁للمطالبة	-12.409332
كيس	-12.409418
▁ليلة	-12.409501
▁والتحليلات	-12.409556
▁وأحرز	-12.409574
▁الإنس	-12.409630
فوس	-12.409952
تزوج	-12.410024
▁التفاؤل	-12.410042
▁والتحريض	-12.410166
الزيادة	-12.410172
▁بالسعي	-12.410220
▁360	-12.410452
افتتاح	-12.410596
▁متكاملا	-12.410598
▁يزور	-12.410681
▁الطقس	-12.410930
1995	-12.410941
▁والغابات	-12.410943
▁بالإعاقة	-12.410989
▁المخل	-12.411366
زير	-12.411533
تظل	-12.411716
▁وتقل	-12.411942
ability	-12.412037
▁رؤيته	-12.412201
▁الكثيرون	-12.412255
▁الفارق	-12.412621
عتها	-12.412676
▁التبليغ	-12.412727
▁ويضمن	-12.412806
▁التحضر	-12.413127
▁235	-12.413143
▁تقاعد	-12.413312
▁بالمرفق	-12.413407
▁إعمالا	-12.413411
ado	-12.413475
▁ايوب	-12.413530
▁جعلها	-12.413551
▁إصرار	-12.413578
▁للجيش	-12.413710
▁قسري	-12.413738
▁ذويهم	-12.413793
▁أضيفت	-12.413829
▁bo	-12.413920
▁1284	-12.413946
▁ورك	-12.414027
مواصفات	-12.414343
▁وحقوقهم	-12.414349
▁بإطار	-12.414358
▁متطورة	-12.414476
تيس	-12.414488
PBC	-12.414494
▁بأفراد	-12.414631
▁ويجعل	-12.414744
▁حصلوا	-12.414952
▁ويتخذ	-12.415122
▁عنصري	-12.415176
▁114-	-12.415219
موضوع	-12.415242
محاصيل	-12.415252
▁اليهم	-12.415369
▁مزعوم	-12.415370
▁الرضاعة	-12.415452
▁الورق	-12.415566
الأردن	-12.415610
▁تحر	-12.415785
▁بروز	-12.415812
▁شائع	-12.415874
▁بصوت	-12.415920
▁والتأكد	-12.416011
▁ناتجة	-12.416222
تطعيم	-12.416240
stitution	-12.416444
▁خليل	-12.416467
▁السموات	-12.416481
▁وقانونية	-12.416567
بيك	-12.416737
▁بالتقدير	-12.416785
▁فلسطينيين	-12.416858
▁يقيد	-12.416907
▁كرئيس	-12.416976
▁Europe	-12.417031
▁طرفي	-12.417083
▁للأخطار	-12.417125
أعراف	-12.417197
▁بالأسعار	-12.417275
▁بالمجان	-12.417285
▁تركية	-12.417287
/1996	-12.417390
ادارة	-12.417461
زلية	-12.417482
▁وستعمل	-12.417530
▁والوحدات	-12.417749
▁والاستمرار	-12.417772
▁التزايد	-12.417809
▁الدؤوبة	-12.417880
/2001/5	-12.418014
▁اهمية	-12.418101
▁عائلات	-12.418145
▁وبالطبع	-12.418146
▁والقرى	-12.418204
▁استهلت	-12.418261
ملوك	-12.418359
▁مساهمته	-12.418444
▁والضعف	-12.418471
wi	-12.418603
ood	-12.418610
cess	-12.418659
منهجيات	-12.418678
صواريخ	-12.418817
▁الكمنولث	-12.418818
رست	-12.418868
▁تتواصل	-12.418874
▁المتكل	-12.418904
▁بالضمانات	-12.418906
متلك	-12.418913
▁لومي	-12.418927
▁تلغي	-12.418979
▁article	-12.418981
▁للتعيين	-12.419091
▁ونمائه	-12.419135
▁تكبدتها	-12.419159
▁الازدواج	-12.419189
▁ضريبية	-12.419360
▁أتباع	-12.419376
مفهوم	-12.419379
▁أسب	-12.419614
▁والتوازن	-12.419627
أعضائ	-12.419712
▁كارا	-12.419919
تعذيب	-12.419987
▁وهؤلاء	-12.420035
▁تسليمه	-12.420079
▁روي	-12.420177
▁الكولومبية	-12.420211
▁التناقض	-12.420325
▁لنمو	-12.420362
▁معينين	-12.420368
▁وعالمي	-12.420404
▁التفوق	-12.420443
▁المزمن	-12.420568
▁الفحوص	-12.420583
▁للعلاج	-12.420686
▁المعنوية	-12.420754
▁التصريح	-12.420760
▁أخبار	-12.420772
توصيات	-12.420893
▁لاختبار	-12.420900
▁للمؤسسة	-12.420925
▁بمقتضاه	-12.420961
موجهة	-12.421244
▁بشراء	-12.421256
المعروف	-12.421360
لترخيص	-12.421441
▁الرياضي	-12.421484
▁مسعى	-12.421488
/2007	-12.421528
▁أنصبتها	-12.421586
▁الصدارة	-12.421609
▁٣٨	-12.421833
▁مفتشي	-12.421894
▁197	-12.421900
▁الرائع	-12.422116
▁ومقاييس	-12.422151
▁استغرقت	-12.422237
▁ووجد	-12.422294
Re	-12.422379
▁والمحاسبة	-12.422433
▁بالمرونة	-12.422473
▁الديانات	-12.422492
▁فرنسي	-12.422535
▁ترقيم	-12.422536
▁تعاليم	-12.422546
▁لغته	-12.422605
▁انواع	-12.422619
2/61/	-12.422790
▁المرضية	-12.422889
الآراء	-12.422940
▁اكتشف	-12.423062
▁ديمقراطيا	-12.423167
امتياز	-12.423225
▁مساعدته	-12.423269
▁تكتنف	-12.423364
▁الدينيين	-12.423395
▁ندين	-12.423549
▁وأتاحت	-12.423553
▁لمواطني	-12.423629
▁Comp	-12.423712
▁ستستخدم	-12.423871
▁والأسواق	-12.423901
ضين	-12.423919
▁والبرمجة	-12.423946
نڠ	-12.424050
متثل	-12.424129
▁المرات	-12.424145
▁توفره	-12.424168
▁بانخفاض	-12.424196
▁الأدبي	-12.424225
▁تدميرها	-12.424239
أساتذة	-12.424287
▁ينتقل	-12.424334
▁إحرازه	-12.424346
▁الماثلة	-12.424515
.5/54/	-12.424520
بداية	-12.424684
▁204	-12.424827
▁إعادته	-12.424956
▁التونسية	-12.425017
▁مسمى	-12.425079
▁واستئناف	-12.425154
▁انتقاء	-12.425175
▁تطرق	-12.425203
▁00/17	-12.425206
طائرتان	-12.425246
▁115-	-12.425398
▁عدلت	-12.425406
▁اللاجئات	-12.425426
▁وتتشرف	-12.425432
▁التناسبية	-12.425541
▁المواصفات	-12.425590
▁كابول	-12.425606
▁رده	-12.425703
▁الأذى	-12.426052
▁بالديمقراطية	-12.426053
▁حمايتهم	-12.426070
▁سويسري	-12.426229
▁أدان	-12.426314
▁لحجم	-12.426342
الزيارات	-12.426468
▁ويتبين	-12.426494
▁قرص	-12.426656
hen	-12.426733
▁اياه	-12.426734
-1-1	-12.426756
▁أساسيان	-12.426822
▁Na	-12.426897
▁وإيلاء	-12.426962
ستقر	-12.426991
▁الجراح	-12.427018
▁list	-12.427039
▁بالتأمين	-12.427066
جاني	-12.427073
ستجد	-12.427263
▁تقو	-12.427286
لزيادة	-12.427352
▁والمبادرة	-12.427448
▁تليها	-12.427825
▁people	-12.427844
▁بأدوار	-12.427844
▁ابتدائية	-12.427852
▁women	-12.427882
▁ٱلض	-12.427985
▁وتعميق	-12.427987
/68	-12.428035
▁إسهامها	-12.428088
توصل	-12.428238
▁بأحد	-12.428241
▁مدمرة	-12.428265
▁الإسباني	-12.428438
نتدب	-12.428536
▁المرتقبة	-12.428675
اتخاذ	-12.428700
▁بالوقاية	-12.428742
▁جيمس	-12.428746
يبقى	-12.428772
▁وتعاطي	-12.428782
▁النيجيري	-12.428807
الاتفاق	-12.428859
▁انعقدت	-12.428859
▁63/1	-12.428929
▁امتثالها	-12.429013
▁بالاستقلال	-12.429020
▁التفاوضية	-12.429127
شاش	-12.429132
▁يرافق	-12.429199
أنشئت	-12.429254
▁يدعمها	-12.429254
كيف	-12.429350
12).	-12.429510
▁198	-12.429546
pi	-12.429572
world	-12.429641
▁الاقتراض	-12.429642
▁المتحققة	-12.429845
▁يستوفي	-12.429982
شعاب	-12.430145
▁تتعدى	-12.430211
▁بالمسألة	-12.430223
▁لمؤسسة	-12.430230
▁لعملها	-12.430321
▁يمضي	-12.430381
▁عرق	-12.430453
▁وسأل	-12.430538
▁للأونروا	-12.430542
▁ونناشد	-12.430542
▁وسيتعين	-12.430544
▁الركاب	-12.430545
▁المرشحات	-12.430590
▁الحمائية	-12.430610
▁والمستوى	-12.430780
▁طالبت	-12.430821
عبرانيين	-12.430936
▁واستدامة	-12.430970
▁تساءل	-12.431194
▁تعت	-12.431196
▁التحضيرات	-12.431259
▁بالخطر	-12.431288
▁ومعامل	-12.431450
▁Fax	-12.431491
▁إخفاء	-12.431503
غولي	-12.431602
▁الابن	-12.431677
▁اتسم	-12.431679
▁التحديث	-12.431773
حزيران	-12.431852
▁عابرة	-12.431951
▁التجريبي	-12.432025
اقتران	-12.432047
▁وأتاح	-12.432173
▁انخراط	-12.432184
▁رغبتهم	-12.432188
▁تغيرت	-12.432211
▁development	-12.432346
▁والوفيات	-12.432356
▁يتضمنها	-12.432384
▁حكيم	-12.432417
▁والإقامة	-12.432543
شتغل	-12.432809
▁لمجموعات	-12.432839
راه	-12.432840
▁قرى	-12.433141
▁صادراتها	-12.433196
▁لاحتمال	-12.433198
▁Mission	-12.433247
▁والهجمات	-12.433247
▁انفسهم	-12.433256
▁بترتيبات	-12.433261
▁توب	-12.433296
▁بالحكومة	-12.433352
▁جنسانية	-12.433365
▁شخصيات	-12.433371
إيجار	-12.433452
▁As	-12.433452
▁reported	-12.433511
▁367-	-12.433579
▁بادعاء	-12.433620
اقتراح	-12.433624
▁يول	-12.433681
▁شرم	-12.433714
▁ومعرفة	-12.433863
▁تمتعا	-12.433891
▁state	-12.433909
▁زين	-12.433924
ورث	-12.433990
▁نقي	-12.434011
▁صن	-12.434099
▁زيد	-12.434118
▁لتمثيل	-12.434151
▁الشتاء	-12.434162
▁أسمع	-12.434243
▁فسيكون	-12.434245
▁الحيوانية	-12.434258
▁تفكر	-12.434594
▁والأمان	-12.434681
▁الممنوح	-12.434746
▁بالحبس	-12.435111
/2000/10	-12.435118
عند	-12.435124
▁المائي	-12.435302
/01	-12.435356
▁تطهير	-12.435544
▁Sub	-12.435607
المجموعة	-12.435631
قرابة	-12.435699
اريا	-12.435820
▁ومساهمات	-12.435873
▁بالمسؤوليات	-12.435960
▁العنابي	-12.435986
▁أعظم	-12.436047
شروط	-12.436357
فحوى	-12.436510
ليغ	-12.436527
▁الكاثوليك	-12.436862
▁والإنذار	-12.436866
/1998/44/	-12.436869
▁التظلم	-12.436871
▁الدراية	-12.436871
▁التوصيتين	-12.436894
▁المثير	-12.436951
ومات	-12.436954
▁47;	-12.437044
راسي	-12.437084
▁بجد	-12.437110
edu	-12.437115
▁تفسيرها	-12.437181
CERD	-12.437257
6,	-12.437350
▁للتعديل	-12.437355
▁والبت	-12.437385
▁مواصفات	-12.437457
▁Pre	-12.437556
اشتراط	-12.437579
▁والثامنة	-12.437608
▁للاستثمارات	-12.437720
أبو	-12.437724
▁وسحب	-12.437783
▁عارض	-12.437875
▁ارميا	-12.437936
▁يوحي	-12.437983
▁مهتمة	-12.437997
▁16,	-12.438015
▁الإخطارات	-12.438019
▁أوروبية	-12.438074
▁يغادر	-12.438112
▁رائعة	-12.438355
▁الملحوظ	-12.438383
▁ميلاد	-12.438457
▁لوي	-12.438478
مصداقي	-12.438527
▁إحصائي	-12.438660
رنادو	-12.438669
▁الاستنشاق	-12.438680
▁الحياتية	-12.438687
▁225	-12.438704
▁وجلسات	-12.438743
▁بسوء	-12.439064
▁أحيط	-12.439146
07)	-12.439259
▁تنظ	-12.439371
▁والانتعاش	-12.439422
▁التصديرية	-12.439590
▁الشبيهة	-12.439591
▁مفتش	-12.439635
iss	-12.440069
السنغال	-12.440089
▁التقادم	-12.440179
▁مقام	-12.440237
▁ايطاليا	-12.440467
▁لاجئين	-12.440655
▁اقترب	-12.440810
تكاليف	-12.440835
▁مبررات	-12.440885
▁حض	-12.440906
بريد	-12.440964
طلقت	-12.440986
ati	-12.440994
▁الفواتير	-12.441067
▁وأدرجت	-12.441090
▁أولو	-12.441158
▁ويعاقب	-12.441227
تحلى	-12.441321
should	-12.441407
▁للأنثى	-12.441427
▁اثني	-12.441484
▁نطالب	-12.441489
▁لتولي	-12.441509
▁برمجيات	-12.441826
▁بضائع	-12.441867
▁بالأمين	-12.441969
▁والمؤسسي	-12.442050
▁المفصل	-12.442093
▁المحسوب	-12.442170
▁الاتفاقيتين	-12.442266
▁اسئلة	-12.442317
▁بتخفيف	-12.442317
▁توحي	-12.442322
▁للقيود	-12.442322
▁والأوضاع	-12.442330
▁الفلزات	-12.442331
▁نزيهة	-12.442414
▁ستبدأ	-12.442465
ضباط	-12.442470
▁يحس	-12.442553
نوف	-12.442653
سيراليون	-12.442742
دولار	-12.442869
▁الموسم	-12.442913
/57	-12.443007
XX	-12.443075
▁للبرلمان	-12.443113
▁وموناكو	-12.443230
▁بالعديد	-12.443232
▁Su	-12.443244
▁تسب	-12.443312
rat	-12.443337
السلطات	-12.443460
▁تنتشر	-12.443472
▁نتجت	-12.443566
XI	-12.443633
▁لاقتصاد	-12.443744
تنسيب	-12.443832
▁موجها	-12.443833
▁بتمكين	-12.443973
cha	-12.444103
▁فهمها	-12.444123
كرز	-12.444168
CHW	-12.444175
▁ماكاو	-12.444180
صاد	-12.444185
اضطهاد	-12.444231
وبي	-12.444304
▁ومهما	-12.444697
▁وتتم	-12.444781
sen	-12.444887
▁تترجم	-12.444957
▁الموفد	-12.444962
رارات	-12.444967
.2/62/	-12.444974
تطهير	-12.445034
▁ويتفق	-12.445035
▁والمستشفيات	-12.445056
▁الناشطين	-12.445105
▁تاون	-12.445134
▁لأمر	-12.445212
▁تعمم	-12.445258
ؤخذ	-12.445313
▁وصدرت	-12.445344
amp	-12.445503
▁منجزات	-12.445656
▁بالخدمة	-12.445691
▁اضطرابات	-12.445740
▁الأنظف	-12.445969
▁وغايات	-12.446024
إحكام	-12.446052
▁مزاول	-12.446070
▁عائلته	-12.446175
▁اصبح	-12.446192
▁متعاطي	-12.446214
ناط	-12.446271
▁بمجالات	-12.446539
يشار	-12.446642
▁بإمكانه	-12.446809
إعانات	-12.446897
ستهان	-12.447069
▁شائعة	-12.447272
▁تحب	-12.447289
كاز	-12.447318
▁تعرضهم	-12.447389
ديوان	-12.447429
▁ويؤثر	-12.447704
▁وأمر	-12.447786
▁تفعله	-12.447915
▁ويشعر	-12.447933
▁والباب	-12.448042
تنويع	-12.448058
منشأة	-12.448071
المحيطات	-12.448127
▁ماء	-12.448171
▁والدوليين	-12.448293
اعتناء	-12.448300
▁مأساة	-12.448306
ميزة	-12.448384
▁الاتساع	-12.448428
▁لنطاق	-12.448428
nel	-12.448532
▁المشاعر	-12.448549
▁والطب	-12.448562
سبل	-12.448576
ris	-12.448609
▁امتنانها	-12.448641
▁مكافحته	-12.448782
▁ويواجه	-12.448959
▁للاتفاقيات	-12.449133
تقلص	-12.449157
نتس	-12.449218
تكاثر	-12.449291
▁الخاطئة	-12.449318
أشرطة	-12.449369
▁ونتوقع	-12.449479
▁Paper	-12.449654
▁وأمان	-12.449678
▁باستغلال	-12.449687
▁أعمارهن	-12.449718
/49/	-12.449766
▁مكت	-12.449841
▁أطلع	-12.449949
▁وسيادته	-12.449958
▁روحيا	-12.450034
▁قلبي	-12.450163
تصويت	-12.450189
▁وعامة	-12.450224
▁المكرس	-12.450230
▁كمصدر	-12.450267
▁وتزويدها	-12.450290
معلومات	-12.450320
▁سور	-12.450349
▁مازال	-12.450368
احتواء	-12.450386
▁أصعب	-12.450403
▁والتوقعات	-12.450563
▁بأمراض	-12.450607
▁٤٥	-12.450727
▁Comment	-12.450746
ستوف	-12.450820
يانا	-12.450830
▁المدون	-12.450850
06)	-12.450857
ليان	-12.451024
▁والمستمر	-12.451132
متنع	-12.451138
▁اتهامات	-12.451207
▁وإنتاجها	-12.451298
▁شل	-12.451356
▁المتعاقبة	-12.451471
سمة	-12.451588
▁الأبد	-12.451704
▁ميدانيا	-12.451752
▁معالجته	-12.451931
▁بيير	-12.452045
▁موردي	-12.452106
▁لحكم	-12.452379
▁التسديد	-12.452391
▁للسياحة	-12.452391
▁شبيهة	-12.452400
▁قسط	-12.452441
▁مصاعب	-12.452496
▁بالأفراد	-12.452650
▁الحرفي	-12.452652
▁206	-12.452677
ابريل	-12.452697
▁أدرك	-12.452729
▁حاسوب	-12.452745
▁التقليديين	-12.452796
▁دولته	-12.452981
▁المشمولين	-12.453021
▁ويرأس	-12.453024
▁الخشب	-12.453087
▁جميل	-12.453184
▁ممر	-12.453265
▁بعبارات	-12.453313
▁لوسط	-12.453337
▁ستوفر	-12.453515
▁ويقرر	-12.453557
▁والدبلوماسية	-12.453598
▁بالتفاوض	-12.453634
عائدات	-12.453645
لمصائد	-12.453698
▁وينفذ	-12.453705
ij	-12.453880
▁للموضوع	-12.454083
▁القوقاز	-12.454233
كلورديكون	-12.454248
▁معنوي	-12.454377
▁هشاشة	-12.454460
مؤشرات	-12.454490
▁كتابيا	-12.454599
▁وسيصدر	-12.454610
▁للأخشاب	-12.454700
▁وتطالب	-12.454759
98)	-12.454872
/201	-12.454888
▁تخف	-12.454986
▁الماوي	-12.455121
تموها	-12.455200
▁التغي	-12.455206
▁7-1	-12.455250
▁وكتب	-12.455279
/6)	-12.455350
▁التقلبات	-12.455365
▁جلال	-12.455469
▁محاضرات	-12.455577
▁وغابون	-12.455609
lex	-12.455729
▁2200	-12.455757
▁لأشخاص	-12.455890
▁فكانت	-12.455891
▁النسيج	-12.456084
▁عجلة	-12.456131
▁شارون	-12.456261
▁وإلقاء	-12.456269
▁يشغلون	-12.456349
▁الهوة	-12.456523
▁زيت	-12.456855
الإبقاء	-12.456883
▁مؤيدة	-12.456960
MC	-12.456965
▁القاحلة	-12.457004
▁النهارية	-12.457130
0.0	-12.457216
file	-12.457267
▁العار	-12.457362
▁وساهم	-12.457381
▁والمواضيع	-12.457532
جدت	-12.457767
▁والنقدية	-12.457797
▁ولدعم	-12.457914
▁وصيانتها	-12.457929
▁وكأنه	-12.457977
الفئة	-12.458130
▁سنين	-12.458323
▁إداريا	-12.458343
▁والتعريف	-12.458399
▁زوجة	-12.458443
عنوان	-12.458454
عقب	-12.458482
▁لغم	-12.458616
▁نشارك	-12.458692
▁بنك	-12.458776
▁تفسيري	-12.458872
▁الحجة	-12.458874
▁الدعوات	-12.458884
▁المعابر	-12.458920
▁تتقاسم	-12.458976
▁المتنامي	-12.459080
▁والمسا	-12.459256
▁ينعم	-12.459292
▁ردودا	-12.459330
▁متمتع	-12.459413
▁كريست	-12.459586
▁وغيانا	-12.459597
▁المحصلة	-12.459603
▁انتشارها	-12.459603
▁بالإفراج	-12.459676
خطئ	-12.459712
▁أنقل	-12.459772
▁والأصل	-12.459779
▁إفرادية	-12.459781
▁ومفهوم	-12.459818
▁ريفية	-12.459876
▁مهتم	-12.459887
▁التقسيم	-12.459964
▁بطء	-12.459975
▁وعق	-12.460050
▁وجمعية	-12.460185
▁القنب	-12.460364
العناصر	-12.460412
▁4-5	-12.460568
▁تسحب	-12.460645
▁بقاع	-12.460764
▁بموظفي	-12.460863
تنعقد	-12.460868
▁المقصودة	-12.460883
مستند	-12.460896
▁تكتمل	-12.460900
▁نولي	-12.460914
▁السطح	-12.460972
▁أباد	-12.460987
▁وتحمل	-12.461114
▁الثلثين	-12.461153
قرارات	-12.461409
▁النيران	-12.461414
▁ڤ	-12.461419
تسرب	-12.461421
▁الإسرائيليون	-12.461475
▁نسل	-12.461613
قبض	-12.461620
▁عثر	-12.461637
▁تلخيص	-12.461637
▁والصناعية	-12.461639
▁وأسلحة	-12.461654
q	-12.462148
ساخ	-12.462201
▁نسق	-12.462213
▁مواطنا	-12.462360
▁قضى	-12.462371
▁كتابي	-12.462441
خالص	-12.462503
▁2005/2006	-12.462570
▁الأثاث	-12.462616
▁التحق	-12.462685
▁ونؤمن	-12.462712
▁وظائفها	-12.462729
▁ديونها	-12.462773
chi	-12.462822
▁199	-12.462988
واشنطن	-12.463058
صغي	-12.463063
▁لتعويض	-12.463080
▁أسبانيا	-12.463120
▁الذاكرة	-12.463197
▁العاديين	-12.463269
▁بفحص	-12.463270
طري	-12.463391
ديناميات	-12.463403
▁الإب	-12.463460
▁تعليقاته	-12.463495
استرقاق	-12.463505
▁للنداء	-12.463591
نجزت	-12.463667
rd	-12.463758
وشا	-12.463827
▁ملم	-12.463940
▁الصفقات	-12.464007
▁وقدرته	-12.464009
▁باستكمال	-12.464112
▁ستشمل	-12.464118
▁يعدل	-12.464177
▁تقديرية	-12.464182
▁والتقدير	-12.464230
إيفاد	-12.464237
▁للمتطوعين	-12.464431
▁Parties	-12.464445
تفادى	-12.464504
لعموم	-12.464646
▁مدرجا	-12.464663
▁السطحية	-12.464673
▁ناتجها	-12.464746
▁كره	-12.464893
▁والتقييمات	-12.464931
كلور	-12.464934
▁بالحالات	-12.464934
▁باتفاقات	-12.464982
▁حادي	-12.465030
▁قسرية	-12.465092
▁بتع	-12.465193
▁وأخذت	-12.465208
غرين	-12.465260
جتذب	-12.465301
▁تحرم	-12.465328
▁الملتحقين	-12.465361
▁وتأتي	-12.465406
أذون	-12.465482
▁بالمصالح	-12.465498
▁المخدرة	-12.465588
▁والفضاء	-12.465631
▁تركيزها	-12.465821
▁ونقاط	-12.465878
تماثل	-12.465880
▁موافاة	-12.465886
خطوة	-12.465955
00)	-12.465992
▁عولمة	-12.466038
▁وصولهم	-12.466048
▁وفيروسه	-12.466128
▁المخلص	-12.466142
▁توفرت	-12.466248
▁خبرته	-12.466249
▁الكوكب	-12.466340
▁الرواتب	-12.466380
▁الجزئية	-12.466462
▁تسلسل	-12.466643
▁وحرياته	-12.466682
▁ومواجهة	-12.466875
▁للشبكة	-12.466980
مشكوك	-12.467021
▁ارتكابه	-12.467023
البلدان	-12.467046
حلقات	-12.467091
▁مصرفي	-12.467129
▁عدن	-12.467176
▁الصفحتين	-12.467226
▁المتحفظة	-12.467232
▁مقيد	-12.467248
▁استباقية	-12.467249
▁دأب	-12.467344
▁ومدتها	-12.467451
▁شجرة	-12.467502
led	-12.467881
SG	-12.467900
شباط	-12.467986
sis	-12.468008
▁"4	-12.468043
▁نادرة	-12.468141
▁Kingdom	-12.468161
▁للهياكل	-12.468161
▁بالإجراء	-12.468184
▁يواجهه	-12.468359
▁تتجه	-12.468379
▁المدعومة	-12.468391
برمجيات	-12.468409
▁مرشحا	-12.468422
▁آرائه	-12.468534
▁مقدميه	-12.468563
/2007/6	-12.468599
طاع	-12.468644
▁القابلية	-12.468765
▁يعز	-12.468768
▁فساد	-12.468799
▁الموقعين	-12.468826
شتمل	-12.468998
▁الربيع	-12.469020
▁يخول	-12.469138
eur	-12.469157
لكس	-12.469275
▁آفة	-12.469294
▁قلبه	-12.469357
▁تسد	-12.469378
▁الصبي	-12.469501
▁ديكو	-12.469590
▁التماسا	-12.469802
▁وتعويض	-12.469848
أسوأ	-12.469857
▁الشق	-12.469909
▁مفاجئ	-12.470033
هجرة	-12.470103
▁organ	-12.470193
▁القاصر	-12.470232
▁المحار	-12.470417
▁الشقيق	-12.470428
▁للإرهابيين	-12.470552
▁وفحص	-12.470655
▁وبطبيع	-12.470697
▁تساؤلات	-12.470835
▁للتر	-12.470903
▁للاعتداء	-12.470969
▁وتشريعات	-12.470970
▁بوابة	-12.471023
▁فأصبح	-12.471030
▁بالإعراب	-12.471117
▁أسندت	-12.471169
▁San	-12.471171
▁EC	-12.471200
▁يترأس	-12.471207
▁محوري	-12.471318
▁بنت	-12.471326
▁وتقاليد	-12.471379
مقاييس	-12.471467
▁تسبق	-12.471548
بدى	-12.471694
▁بالمشروع	-12.471741
توليكم	-12.471750
▁وبوتسوانا	-12.471777
▁والتزامها	-12.471823
▁التقديم	-12.471858
▁بالمعوقين	-12.471908
▁بتسديد	-12.471909
▁الملاذ	-12.472122
▁والموافق	-12.472182
▁ويبرز	-12.472361
▁بتعليق	-12.472481
▁نقدا	-12.472602
▁act	-12.472646
▁حربية	-12.472679
▁لآليات	-12.472690
أرقام	-12.472698
▁(31)	-12.472799
▁البكتريولوجية	-12.472847
▁والضوابط	-12.472847
▁بالمملكة	-12.472979
▁الدائنون	-12.473104
▁الكيني	-12.473139
▁احتياطية	-12.473145
▁بالمشاكل	-12.473164
▁بثلاث	-12.473244
▁الاعتيادية	-12.473335
فينات	-12.473350
▁بوب	-12.473375
▁القرض	-12.473477
▁المريض	-12.473586
▁خططا	-12.473758
تشاور	-12.473786
▁وغامبيا	-12.473787
▁المتناهي	-12.473838
▁للجامعة	-12.473950
even	-12.473992
▁والخدمة	-12.474019
-2-1	-12.474100
مليون	-12.474168
▁يجدون	-12.474193
▁كيم	-12.474307
▁اضطرت	-12.474331
رنو	-12.474343
ler	-12.474369
▁par	-12.474592
▁قضيتي	-12.474618
15).	-12.474657
▁والتوفيق	-12.474728
▁لإكمال	-12.474729
▁عمرهم	-12.474740
▁التأديب	-12.474801
mar	-12.474848
▁النبيلة	-12.474900
▁حكوماتهم	-12.475059
▁المنطقتين	-12.475109
▁ويحيط	-12.475213
▁الداخليين	-12.475218
/211	-12.475313
▁والجنس	-12.475343
▁لأطراف	-12.475419
▁280	-12.475436
▁209	-12.475507
▁للاحتجاز	-12.475669
▁وتقليص	-12.475679
EP	-12.475686
▁مضافة	-12.475686
▁منفرد	-12.475720
▁الموسيقى	-12.475790
▁بمؤشرات	-12.475829
▁التعر	-12.475840
▁إفادة	-12.475981
▁والمأوى	-12.476115
▁مسارها	-12.476119
▁المؤر	-12.476377
تحفيز	-12.476393
▁116-	-12.476407
▁1995)	-12.476450
أخوات	-12.476600
▁للمرشحين	-12.476613
▁أجواء	-12.476644
▁معرفته	-12.476871
▁بالتزاماتهم	-12.476877
▁غاي	-12.477193
▁حدوثها	-12.477197
▁مختار	-12.477280
▁وممثلون	-12.477386
TI	-12.477440
▁جغرافي	-12.477519
▁بيتا	-12.477538
ö	-12.477555
▁الطبقات	-12.477622
▁والعولمة	-12.477701
▁ممتنون	-12.477703
▁205	-12.477726
▁صيف	-12.477785
▁الخضوع	-12.477964
فاس	-12.478025
▁استهلاكها	-12.478118
▁التاليتين	-12.478195
▁والتحالف	-12.478212
▁المدل	-12.478317
▁واسترع	-12.478343
yn	-12.478380
▁لكنني	-12.478437
▁والصناعات	-12.478502
▁إيواء	-12.478562
▁بشيء	-12.478576
wer	-12.478581
▁حدده	-12.478607
▁المخاطرة	-12.478666
pri	-12.478692
▁والمنسقين	-12.478960
▁وتكامل	-12.479198
▁الثقيل	-12.479300
▁عربية	-12.479304
▁مرصد	-12.479378
▁بتخطيط	-12.479445
▁جراح	-12.479496
▁وتأخذ	-12.479517
استعمال	-12.479546
▁مضاد	-12.479600
documents	-12.480051
▁وتعالج	-12.480142
ينيو	-12.480202
▁يتقاض	-12.480289
tar	-12.480324
▁استرليني	-12.480391
▁بالتهديدات	-12.480393
▁روك	-12.480436
▁تأكيدات	-12.480551
▁1572	-12.480662
لتحق	-12.480717
▁الصامي	-12.480737
▁بالقوانين	-12.480819
▁وجيم	-12.480881
▁الأطول	-12.480882
▁وبغض	-12.480988
mmunit	-12.481063
▁High	-12.481339
▁الاضطراب	-12.481343
▁أرباع	-12.481345
▁لموظفين	-12.481405
▁تسويتها	-12.481441
▁بالزراعة	-12.481442
▁فشلت	-12.481704
▁للتعرف	-12.481722
▁Bu	-12.481764
▁117-	-12.481803
General	-12.481894
▁أمدها	-12.481899
▁أليس	-12.481909
مجموعات	-12.481955
إسلام	-12.481976
▁ومساعدتها	-12.482005
▁وحملات	-12.482038
%20	-12.482080
▁سانتوس	-12.482087
▁رشيد	-12.482194
▁باشتراك	-12.482285
▁بتجميد	-12.482285
▁موريس	-12.482363
▁لفئات	-12.482749
الواقع	-12.482817
▁التحذير	-12.482998
▁ممتن	-12.483035
▁وسفر	-12.483057
▁فترتي	-12.483182
▁شعوبها	-12.483194
بصرف	-12.483642
▁بتأكيد	-12.483643
▁مزمن	-12.483811
فخامة	-12.483842
▁توصيل	-12.483850
▁Feder	-12.484116
▁countries	-12.484184
▁وأجزائها	-12.484184
▁متفجرة	-12.484190
▁يخف	-12.484191
▁لتصل	-12.484272
▁لتحديث	-12.484384
▁متماسكة	-12.484518
▁وتبرز	-12.484578
▁أنجزته	-12.484598
تباه	-12.484677
▁بالحكومات	-12.484787
▁وعنصر	-12.484818
▁تصدي	-12.484819
تنسجم	-12.484821
مشورة	-12.484849
▁الإدراك	-12.485134
▁بجراح	-12.485145
▁نتعلم	-12.485146
إرشادات	-12.485243
عفى	-12.485246
▁جمة	-12.485330
▁إنصافا	-12.485373
▁لخلق	-12.485498
▁البيضاء	-12.485529
تسمح	-12.485827
▁118-	-12.486028
▁اتباعه	-12.486045
▁والبحار	-12.486088
▁المفقودة	-12.486161
▁للنزاعات	-12.486182
▁إياها	-12.486282
▁وقراراتها	-12.486378
▁المندرج	-12.486387
vel	-12.486428
▁2000/2	-12.486549
▁غرو	-12.486609
▁وقائي	-12.486669
سندات	-12.486745
▁المعاون	-12.486833
▁المتحد	-12.486945
▁ومستدام	-12.486951
تزو	-12.486976
لقادة	-12.486979
▁الأوليمبية	-12.487040
▁والحقيقة	-12.487071
▁الرواندي	-12.487124
فائها	-12.487134
▁London	-12.487242
▁ذهبت	-12.487494
تشمل	-12.487572
▁متوفر	-12.487668
val	-12.487784
▁وردود	-12.487797
استبانة	-12.487830
غرافية	-12.487868
▁out	-12.487900
▁وسوازيلند	-12.487992
▁التصرفات	-12.488108
تفعيل	-12.488158
▁دعوت	-12.488256
▁النور	-12.488329
▁وآيسلندا	-12.488419
▁هبط	-12.488740
▁الطبيين	-12.488811
▁والترابط	-12.488948
▁متوافرة	-12.488956
▁شمولية	-12.489028
▁قاطعة	-12.489038
▁1559	-12.489370
باريس	-12.489477
الإنترنت	-12.489514
مضبوطات	-12.489540
▁والبضائع	-12.489651
▁صادرا	-12.489676
إتلاف	-12.489858
▁Derecho	-12.489902
▁الألبانية	-12.489908
▁والمرونة	-12.489917
▁حلقتي	-12.489931
▁مقره	-12.490002
nor	-12.490044
▁حسنا	-12.490101
▁المنوال	-12.490130
▁218	-12.490200
▁هرب	-12.490241
▁ديفيد	-12.490258
▁نجاحها	-12.490458
▁المنهج	-12.490530
▁يتحملون	-12.490535
▁والحدود	-12.490612
▁المقطوعة	-12.490700
▁رفضها	-12.490779
▁ينجز	-12.490812
الجمعية	-12.490911
▁متقدم	-12.491167
▁معاشات	-12.491199
تقارير	-12.491220
▁كنسبة	-12.491319
▁المتعمقة	-12.491357
▁لليابان	-12.491815
▁المتضافرة	-12.491818
ban	-12.491880
تفكيك	-12.491902
▁متواز	-12.491997
▁تضررت	-12.492103
▁استنفد	-12.492184
▁10/10	-12.492197
تيح	-12.492305
▁الطابق	-12.492421
▁استهلال	-12.492679
الناس	-12.492691
▁اضطلاعه	-12.492748
▁للجوء	-12.492774
▁الاشياء	-12.492775
تغاضي	-12.492785
▁والوقت	-12.492815
▁الهلاك	-12.492871
▁وعليها	-12.492960
▁بثلاثة	-12.492963
▁أخبر	-12.493027
▁روتيني	-12.493074
▁لتصميم	-12.493155
ara	-12.493168
▁اراد	-12.493299
▁المتميزة	-12.493423
▁والمقر	-12.493563
▁السائل	-12.493608
▁اهتمامنا	-12.493711
▁بفوائد	-12.493731
▁والمتجددة	-12.493731
▁ومراقب	-12.493746
-1999	-12.493804
▁وسلطة	-12.494056
▁ويحد	-12.494085
▁استفسار	-12.494115
▁ومقدمي	-12.494131
▁عقلية	-12.494289
▁الملكة	-12.494352
▁حرمانا	-12.494390
▁مكنت	-12.494493
▁كجلس	-12.494514
▁مجاورة	-12.494578
▁انتعاش	-12.494581
▁الصوماليين	-12.494639
▁يأت	-12.494647
▁وكبير	-12.494661
▁واضعا	-12.494694
▁أنفسهن	-12.494696
▁وعلاقته	-12.494704
▁احترامها	-12.494774
▁تتكبد	-12.494814
▁تنخفض	-12.494856
▁الكويتيين	-12.494878
▁بيته	-12.495012
cus	-12.495165
2-4	-12.495402
▁للآخرين	-12.495407
▁وتبادلها	-12.495433
لإدلاء	-12.495473
▁وسرعة	-12.495659
▁المهددة	-12.495779
لغازات	-12.495829
▁والإنتاجية	-12.496361
▁لبوروندي	-12.496388
▁وتدخل	-12.496533
▁الامتنان	-12.496614
▁افراد	-12.496682
▁هدم	-12.496706
▁ويفيد	-12.496724
▁وإنجازاته	-12.496805
▁وتعكف	-12.496899
▁والمفوض	-12.496975
▁معلما	-12.496984
▁ليو	-12.496992
▁بالخصوص	-12.497159
▁رفعها	-12.497200
rn	-12.497270
tur	-12.497393
▁ببطء	-12.497396
▁والخسائر	-12.497548
▁والمواقع	-12.497576
▁التلقائي	-12.497583
▁مطبوعة	-12.497599
الهياكل	-12.497700
▁عنصرين	-12.497708
▁ستستمر	-12.497744
▁موقفنا	-12.497746
▁النشاطات	-12.497751
▁ومياه	-12.497757
مخصصات	-12.497811
▁وأمنهم	-12.498007
أكثر	-12.498161
▁تسرب	-12.498302
▁فبعض	-12.498319
▁المفاهيمية	-12.498434
▁وأسعار	-12.498539
عتد	-12.498610
▁211	-12.498915
جدول	-12.498928
▁يفكر	-12.498942
بطاقات	-12.498973
▁208	-12.499415
▁status	-12.499502
▁au	-12.499527
▁للتحضير	-12.499554
تعابير	-12.499658
▁المتواضع	-12.499683
▁2-7	-12.499851
▁حرصا	-12.499914
▁(32)	-12.499917
▁سيتي	-12.500012
▁واستند	-12.500037
التخلص	-12.500153
ont	-12.500199
تحصين	-12.500314
▁لئل	-12.500365
about	-12.500474
▁بيهوه	-12.500474
▁بمستقبل	-12.500488
▁والنشاط	-12.500977
▁وإدارته	-12.501117
▁متفقة	-12.501141
▁المكافحة	-12.501148
▁لنفسها	-12.501166
اختفاء	-12.501197
▁هوادة	-12.501245
▁والقاعدة	-12.501316
▁ويدفع	-12.501348
الاكتفاء	-12.501390
▁للمحكمتين	-12.501434
▁ومصائد	-12.501434
▁الأوقيانوغرافية	-12.501435
▁ويرتبط	-12.501435
▁للناقل	-12.501439
▁قائلين	-12.501440
▁تفسيرية	-12.501451
▁المستعادة	-12.501492
▁المحققين	-12.501571
اسية	-12.501575
إيجابي	-12.501595
بوركينا	-12.501595
▁مستعدون	-12.501626
▁وباستثناء	-12.501632
▁الاستعراضية	-12.501681
▁تنامي	-12.501761
▁تدلي	-12.501899
▁للإنجاز	-12.502109
ker	-12.502319
مالك	-12.502341
▁والأغذية	-12.502401
▁ينسجم	-12.502404
▁الوصم	-12.502483
البيولوجية	-12.502576
▁تتأكد	-12.502771
▁إعفاءات	-12.502959
▁والتعامل	-12.503166
▁ويقضي	-12.503287
نتو	-12.503413
▁المسنات	-12.503450
▁الفقه	-12.503755
▁معاملتهم	-12.503774
▁المجدي	-12.503775
▁للأثر	-12.503846
▁والمشر	-12.503910
08)	-12.504018
▁الكاريب	-12.504020
بنادق	-12.504055
▁والإمدادات	-12.504094
انتقاء	-12.504098
لاجراءات	-12.504272
▁الإنتربول	-12.504306
▁الاشارة	-12.504478
▁مشابه	-12.504480
▁افسس	-12.504610
▁المعوق	-12.504653
▁تطو	-12.504700
▁العق	-12.504736
▁للدائرة	-12.504798
▁ضمانية	-12.504830
▁تتطور	-12.504915
▁براون	-12.505060
▁باللغتين	-12.505309
▁فرانك	-12.505449
▁الإيداع	-12.505455
خصم	-12.505514
ضحية	-12.505561
▁يصير	-12.505595
use	-12.505672
▁خريف	-12.505778
los	-12.505809
▁تحويلات	-12.506124
▁التشادية	-12.506227
▁Persons	-12.506279
▁الفائز	-12.506284
▁مختلطة	-12.506284
القواعد	-12.506324
▁لتمكينهم	-12.506324
▁will	-12.506325
▁كنف	-12.506345
▁والتعليق	-12.506408
إرغام	-12.506488
▁37,	-12.506496
مهور	-12.506597
▁قنبلة	-12.506598
▁معينا	-12.506616
تسهيل	-12.506791
▁بتأثير	-12.506849
▁تنوه	-12.506935
▁تزعم	-12.506983
▁المسبب	-12.507027
▁وأسهمت	-12.507051
mat	-12.507083
▁النفوذ	-12.507251
▁والدراية	-12.507255
▁ببعثات	-12.507269
▁والتحقيقات	-12.507279
▁بالأمس	-12.507364
▁أعلم	-12.507381
▁المتلقي	-12.507420
▁بمسؤولياته	-12.507427
▁بتجديد	-12.507617
▁معقد	-12.507653
▁الذهن	-12.507882
هيمنة	-12.507886
▁الملاحظ	-12.507942
▁مبكرا	-12.508145
▁والقائم	-12.508215
▁ريتشارد	-12.508224
الخروقات	-12.508226
▁والأعراف	-12.508294
▁1397	-12.508397
▁ويتعرض	-12.508588
▁لأشكال	-12.508766
▁الاستقلالية	-12.508785
▁يوني	-12.508935
ميس	-12.509009
إطالة	-12.509046
▁الكيميائي	-12.509053
▁التدوير	-12.509197
▁بموقف	-12.509217
▁باكو	-12.509220
▁الاحترار	-12.509231
واني	-12.509235
▁العصرية	-12.509320
▁السوريين	-12.509379
▁المعق	-12.509435
▁المهد	-12.509686
أدلة	-12.509702
*:	-12.509716
▁تحري	-12.509837
▁المعتدي	-12.509852
7,	-12.509874
▁بالتصويت	-12.509958
▁احتياج	-12.510028
▁للضرب	-12.510163
▁المناجم	-12.510174
▁يغيب	-12.510201
▁المنفقة	-12.510392
أصدقاء	-12.510547
▁حاجز	-12.510798
▁المنحة	-12.510813
مجابهة	-12.510871
NGO	-12.511045
ــــــــــــ	-12.511085
▁والسجون	-12.511158
▁البراءة	-12.511217
▁المتضمن	-12.511412
توطن	-12.511426
▁توم	-12.511581
لكيانات	-12.511597
▁التفسيري	-12.511847
▁ثمرة	-12.511933
▁لمداولات	-12.512130
▁وصدقت	-12.512212
▁استباقي	-12.512303
▁تحرز	-12.512451
▁لتأكيد	-12.512467
▁أراد	-12.512560
▁والإصلاحات	-12.512645
▁ويلات	-12.512848
▁المعاقبة	-12.512888
▁باحث	-12.512938
▁المقيد	-12.513024
▁بحملة	-12.513147
▁الحافل	-12.513153
▁الخطي	-12.513156
▁يرأسه	-12.513241
▁سيعتمد	-12.513268
▁مصحوبة	-12.513343
تلاحم	-12.513346
▁لموقف	-12.513351
الأجسام	-12.513367
▁ناقل	-12.513396
▁فاي	-12.513539
ؤدي	-12.513633
▁مبارك	-12.513711
▁فبال	-12.513766
تالي	-12.513856
هيئات	-12.513862
▁لكشف	-12.513910
▁والطفولة	-12.514080
▁التنويه	-12.514082
▁مستشفيات	-12.514087
▁إصابته	-12.514110
الصفحة	-12.514127
▁أبنائه	-12.514137
▁الحضارة	-12.514192
▁لقراري	-12.514506
▁بالإطار	-12.514544
مخالف	-12.514581
▁ذريعة	-12.514616
▁نغو	-12.514616
▁201	-12.514740
▁نأخذ	-12.514826
/2005/6	-12.514838
▁المرف	-12.514849
الحفاظ	-12.514885
تحرش	-12.514942
▁Children	-12.515062
ستحسن	-12.515173
▁شت	-12.515179
▁وبينت	-12.515376
▁المخالفة	-12.515400
▁الفلك	-12.515676
▁فادحة	-12.515765
▁وضرب	-12.515767
الجريدة	-12.515793
حاجة	-12.515862
300	-12.515896
الأكثر	-12.515923
▁الاسترشاد	-12.516041
▁□	-12.516042
80-	-12.516106
▁بدأنا	-12.516162
تمحيص	-12.516204
▁جاي	-12.516259
▁اتهم	-12.516390
امبي	-12.516439
نجي	-12.516517
▁غيل	-12.516871
▁ممارساتها	-12.516959
▁تعسفيا	-12.516990
▁Discrimination	-12.517021
▁الهولندي	-12.517021
▁بتمثيل	-12.517021
▁حكومتا	-12.517022
▁يشاطر	-12.517024
▁ألبرت	-12.517085
▁أمة	-12.517209
▁للصناديق	-12.517225
▁علمت	-12.517486
▁والتغييرات	-12.517599
تنبأ	-12.517604
▁لأجهزة	-12.517606
▁أدائهم	-12.517617
ory	-12.517654
tro	-12.517721
بديل	-12.517837
▁أدل	-12.517939
▁يخطر	-12.517961
▁الإحيائي	-12.518005
/111	-12.518062
بقت	-12.518119
ism	-12.518162
▁قتال	-12.518168
مهاجمة	-12.518302
▁وتخزينها	-12.518483
ship	-12.518554
يانغ	-12.518618
كومنولث	-12.518654
▁للجدول	-12.518772
▁يسعنا	-12.518785
▁المناط	-12.518806
▁وأيسلندا	-12.518868
▁شنغهاي	-12.518987
▁ورابطات	-12.518987
106	-12.519015
▁المقال	-12.519065
▁تعليمي	-12.519137
▁بياناتهم	-12.519149
▁الخضراء	-12.519172
▁ومؤ	-12.519239
▁اولادهم	-12.519285
لمزيد	-12.519604
▁الموازية	-12.519636
▁بالله	-12.519775
▁المرش	-12.519788
يكمن	-12.519899
▁الزلزال	-12.519971
▁موحدا	-12.520002
▁تجريه	-12.520018
المنظمات	-12.520235
▁بالحقن	-12.520251
▁والري	-12.520273
▁بالأرض	-12.520308
hr	-12.520398
مشاريع	-12.520481
▁ترت	-12.520516
▁مثمر	-12.520578
▁موضوعيا	-12.520635
▁226	-12.520668
▁الوديعة	-12.520670
.03.	-12.520696
▁15/10	-12.520780
ستسعى	-12.520834
▁يبرره	-12.520881
▁ra	-12.520888
917)	-12.520934
▁الانضباط	-12.520985
سيك	-12.521022
▁الأد	-12.521171
▁لوزير	-12.521173
▁لتدمير	-12.521205
▁تكيف	-12.521223
▁ومجال	-12.521240
▁ختان	-12.521400
▁لمواد	-12.521411
▁السود	-12.521480
114	-12.521626
سلطنة	-12.521664
▁ويدل	-12.521780
▁توطينهم	-12.521829
▁وإف	-12.521935
▁his	-12.521994
/102	-12.522219
▁يتضم	-12.522238
▁متنام	-12.522244
احتجاج	-12.522327
▁ومتوازن	-12.522431
بورصة	-12.522438
.5/60/	-12.522471
▁مدرب	-12.522552
تفسير	-12.522704
▁1956	-12.522887
▁بطيئا	-12.522929
▁متواضعة	-12.522941
ock	-12.523129
▁تعمير	-12.523139
▁محايد	-12.523331
▁قتلت	-12.523378
day	-12.523431
يونغ	-12.523709
مهندس	-12.523769
▁شكرا	-12.523851
▁ومثال	-12.523912
▁الإفريقي	-12.523947
لتيسير	-12.523977
▁السامة	-12.524068
▁وفور	-12.524162
لاغ	-12.524169
▁119-	-12.524181
mu	-12.524250
▁الرائعة	-12.524312
▁5-3	-12.524330
انخفاض	-12.524342
▁تكنولوجية	-12.524567
▁المستبعد	-12.524772
▁النضال	-12.524919
▁قوسين	-12.524953
▁مولد	-12.524962
▁الإيطالي	-12.524987
PO	-12.525066
▁الرياح	-12.525086
lor	-12.525123
▁ينخفض	-12.525201
▁وتحظى	-12.525279
يوليو	-12.525443
▁واسم	-12.525466
إعسار	-12.525525
▁داي	-12.525626
▁France	-12.525628
ورك	-12.525652
▁بالهدف	-12.525801
▁رخص	-12.525843
▁مصداقيته	-12.526016
▁والبحرين	-12.526103
▁ومقد	-12.526300
▁يتيحها	-12.526453
▁215	-12.526702
▁والتشغيل	-12.526710
▁مساحات	-12.526889
▁وتشويه	-12.526943
▁باحتمال	-12.526947
▁الأمريكيين	-12.527135
▁الجلد	-12.527163
ox	-12.527186
▁والمشتريات	-12.527287
▁قدموه	-12.527324
▁وتعدد	-12.527411
▁والشر	-12.527569
هؤلاء	-12.527634
▁تنفق	-12.527874
▁Security	-12.527881
▁الساعات	-12.527884
▁ونجاح	-12.527894
-2-2	-12.527938
▁ويوجه	-12.527987
▁ويشرف	-12.528059
▁امتنان	-12.528061
▁مركب	-12.528131
▁أبكر	-12.528282
محاسبة	-12.528513
▁1.4	-12.528572
▁وحيازة	-12.528842
▁1521	-12.528872
▁للمصابين	-12.528874
▁1718	-12.528878
▁حمايتها	-12.528892
▁وفعالا	-12.528945
▁متسقا	-12.528948
▁لتكوين	-12.529151
▁كبر	-12.529171
▁بقراره	-12.529182
▁إسقاط	-12.529284
▁تدع	-12.529301
تسليط	-12.529435
▁استقر	-12.529536
▁والبروتوكولين	-12.529647
▁ويتصل	-12.529647
كلوروفورم	-12.529871
▁الهاربين	-12.529878
استتباب	-12.530013
▁سنتي	-12.530062
▁توفيق	-12.530075
▁It	-12.530126
▁التحالفات	-12.530137
▁نجتمع	-12.530277
سبت	-12.530292
▁الابدية	-12.530313
▁بؤر	-12.530348
▁بالكثير	-12.530493
▁والأخذ	-12.530596
▁بالتكاليف	-12.530649
▁بالفصل	-12.530695
نقح	-12.530802
▁والرأي	-12.530806
▁Civil	-12.530863
كغ	-12.530998
▁بالعمالة	-12.531003
▁بفتح	-12.531013
▁مراعية	-12.531027
▁تطبقها	-12.531098
▁الإع	-12.531143
مبنى	-12.531425
▁30/9	-12.531528
▁والتصدير	-12.531534
/104	-12.531612
▁السيناريو	-12.531624
▁شعبية	-12.531636
▁الجنين	-12.531664
▁فاق	-12.531700
تصبح	-12.531771
▁trans	-12.531782
▁تساند	-12.531944
/78	-12.532041
▁تذييل	-12.532209
▁المؤسس	-12.532216
▁مترابط	-12.532250
▁ولفت	-12.532386
▁عبرانيين	-12.532459
▁المشرع	-12.532576
▁نافذ	-12.532634
▁والقائمة	-12.532655
ومبي	-12.532679
هشاشة	-12.532786
▁المجم	-12.532830
▁حاسوبية	-12.532862
▁والعناية	-12.532864
تور	-12.532868
▁تسارع	-12.532892
▁العشوائية	-12.532899
▁عممت	-12.532931
▁مستعمل	-12.533058
▁عينة	-12.533155
▁السبعينات	-12.533178
نعت	-12.533359
تدني	-12.533474
▁بنداء	-12.533493
▁يفصل	-12.533516
▁المبدئية	-12.533597
▁مصطلحات	-12.533621
▁ووقت	-12.533722
▁بآليات	-12.533792
▁بالاتفاقات	-12.533852
▁بالقضية	-12.533950
▁فروق	-12.534102
▁Jo	-12.534257
▁تدوم	-12.534275
▁درجت	-12.534427
▁يشرع	-12.534492
مثابرة	-12.534502
▁ولديها	-12.534719
▁المنكوبة	-12.534852
▁المصداقية	-12.534858
▁تتلقاها	-12.534955
▁المحسنة	-12.534966
▁عيوب	-12.535051
▁وفعل	-12.535487
▁وبنفس	-12.535514
▁تبادر	-12.535647
▁بالفيديو	-12.535852
▁وحكومته	-12.535855
▁اضطلاعها	-12.535914
eng	-12.536060
9,	-12.536080
▁الازدهار	-12.536096
▁ساب	-12.536121
▁ملكيتها	-12.536169
▁المرتقب	-12.536187
dy	-12.536197
يونيو	-12.536392
تتكون	-12.536696
▁1957	-12.536748
▁والثمانين	-12.536853
▁الخليعة	-12.536855
▁خليفة	-12.536900
كيماويات	-12.537090
يتلقى	-12.537107
▁شفاف	-12.537169
▁بإسهام	-12.537214
غالي	-12.537288
▁اشتراء	-12.537339
▁للحظر	-12.537426
البدء	-12.537506
▁مظهر	-12.537528
جزأين	-12.537644
▁الصوتية	-12.537801
▁Center	-12.537856
▁الأر	-12.538057
▁ومديري	-12.538141
▁مرتبطا	-12.538247
▁عهدا	-12.538340
▁120-	-12.538388
▁للشعبة	-12.538499
▁بالحصانة	-12.538520
▁الأسبقية	-12.538586
حطم	-12.538760
way	-12.538765
▁وقابلية	-12.538811
مستأجر	-12.538859
▁والتسهيلات	-12.538860
▁جسامة	-12.538862
▁والقبلية	-12.538866
▁للدورات	-12.538997
طبيب	-12.539103
▁المصنعة	-12.539190
منت	-12.539393
إقرار	-12.539616
توغل	-12.539812
▁السويدي	-12.539854
▁والصغيرة	-12.539864
▁les	-12.539877
اقتصار	-12.539884
▁للقدرات	-12.539890
▁شريف	-12.539999
▁122-	-12.540086
▁Washington	-12.540107
▁تتفاوت	-12.540204
▁ورو	-12.540321
كازاخستان	-12.540405
استشاري	-12.540514
▁بالقتل	-12.540521
▁بالاقتراع	-12.540557
▁مراكش	-12.540870
▁طواعية	-12.540884
▁ولكنني	-12.540915
ستثنى	-12.540965
▁ويضيف	-12.541021
▁مساعدتهم	-12.541067
▁ووقع	-12.541160
▁القادر	-12.541306
▁Arab	-12.541345
▁شهدته	-12.541346
▁تتحسن	-12.541355
▁سيلفا	-12.541615
▁بحثية	-12.541615
▁توصيته	-12.541748
▁منافسة	-12.541765
▁بالأحداث	-12.541873
▁باستحقاقات	-12.541878
ings	-12.541901
tel	-12.541985
▁يصيب	-12.542050
▁بيعها	-12.542189
▁لاحترام	-12.542230
▁المناوب	-12.542324
bl	-12.542376
▁متميزة	-12.542391
hu	-12.542428
▁العبر	-12.542517
يطت	-12.542520
العدد	-12.542629
معاينة	-12.542647
▁تنق	-12.542754
▁وضباط	-12.542768
Ru	-12.542824
▁للجمارك	-12.542882
▁محسنة	-12.542899
▁رفيعي	-12.542989
leg	-12.543142
▁كبديل	-12.543385
▁أسفل	-12.543451
▁Ka	-12.543535
▁الألف	-12.543574
▁1874	-12.543654
شيك	-12.543697
غرس	-12.543762
▁والإهمال	-12.543900
▁تلقيها	-12.543914
▁العينية	-12.543951
▁مساو	-12.543962
▁الهادف	-12.544000
▁لازما	-12.544044
/88	-12.544166
▁تقارب	-12.544292
كوي	-12.544318
▁نقض	-12.544542
▁وطويلة	-12.544612
▁ومقبول	-12.544623
المصدر	-12.544663
▁ميم	-12.544700
طرق	-12.544719
▁البعث	-12.544823
▁سلطان	-12.544890
ference	-12.544904
▁أحياء	-12.544906
تآمر	-12.544957
▁سيادتها	-12.545005
زياء	-12.545102
أشجار	-12.545109
▁مصاريف	-12.545281
▁نتكلم	-12.545376
ital	-12.545614
▁الموضح	-12.545632
▁٥٠	-12.545670
▁سيضطلع	-12.545687
ving	-12.545740
▁الناظمة	-12.545908
▁تجريد	-12.545982
ade	-12.546223
▁"5	-12.546342
▁المؤمنين	-12.546457
▁مختبر	-12.546520
▁ومصدر	-12.546589
▁أعدادا	-12.546785
▁بممارسات	-12.546920
سلوفاكيا	-12.546939
▁المشجع	-12.546963
▁استعمار	-12.546965
▁00/16	-12.546976
▁North	-12.547055
▁كدليل	-12.547134
▁لأولويات	-12.547144
▁ويسلم	-12.547158
▁بالدين	-12.547209
▁أكون	-12.547254
▁اضط	-12.547278
▁الحاج	-12.547357
▁المختصين	-12.547391
▁الضمني	-12.547564
▁كتبت	-12.547589
bil	-12.547773
▁لإبلاغ	-12.548029
▁كيغالي	-12.548039
▁وولايات	-12.548101
ختص	-12.548204
▁بالتثقيف	-12.548288
▁مكر	-12.548473
▁امتحان	-12.548518
▁بالماس	-12.548617
سيكفل	-12.548922
▁للعناصر	-12.548999
▁لتوقيع	-12.549033
▁330	-12.549041
▁بالمدرسة	-12.549097
▁امتحانات	-12.549138
درات	-12.549180
▁بيولوجية	-12.549394
▁الاختلالات	-12.549425
▁مزودة	-12.549499
▁وأرقام	-12.549630
▁للقطاعات	-12.549659
▁قصص	-12.549797
▁وصلة	-12.549845
▁أجبر	-12.549931
▁النازحين	-12.549958
▁للإيرادات	-12.549958
▁للنقاش	-12.549958
▁والتبرعات	-12.549963
▁المفضية	-12.549968
▁لفظة	-12.549988
▁تخفض	-12.550141
▁بمشاكل	-12.550331
▁تبعات	-12.550415
▁يتقرر	-12.550440
▁لمسؤوليات	-12.550494
▁اعتقد	-12.550529
▁ليلا	-12.550533
▁الخلل	-12.550542
▁زارت	-12.550621
▁شاغرة	-12.550707
▁خطتها	-12.550837
▁صغر	-12.550864
ستطيع	-12.550897
rmed	-12.550946
▁نيودلهي	-12.550974
JIU	-12.550978
▁والدائم	-12.550985
▁الهيدروكلوري	-12.550992
▁لشركات	-12.550994
▁213	-12.551000
▁الحتمي	-12.551077
▁توافرت	-12.551101
▁التجاريين	-12.551214
▁يبل	-12.551301
واظب	-12.551321
▁يحال	-12.551409
بدالات	-12.551506
تصدى	-12.551546
▁فسخ	-12.551551
vision	-12.551570
/72	-12.551953
▁4-15	-12.551975
▁باستئناف	-12.551990
▁والخيارات	-12.552005
▁1.6	-12.552016
▁المصد	-12.552040
-2009	-12.552072
▁أهالي	-12.552085
دفاع	-12.552386
▁إعالة	-12.552399
ama	-12.552500
تمركز	-12.552504
▁ثانوي	-12.552702
▁المربوط	-12.553007
▁جسر	-12.553011
▁التكي	-12.553092
▁فارغ	-12.553096
▁تطورت	-12.553163
▁227	-12.553270
▁المبر	-12.553564
ound	-12.553597
▁لتنشيط	-12.553677
تساوى	-12.553688
▁لقدرات	-12.553971
▁who	-12.554072
▁اعظم	-12.554140
▁التيموريين	-12.554206
▁الإرث	-12.554233
▁238	-12.554260
▁واقتراحات	-12.554289
▁ودقيقة	-12.554309
▁للقاضي	-12.554340
ننتقل	-12.554378
▁بالنشاط	-12.554430
▁كراس	-12.554502
▁ستحتاج	-12.554564
▁تشغيلي	-12.554605
▁وتطرق	-12.554619
قاليد	-12.554621
▁وتعطي	-12.554775
▁باعتمادها	-12.554838
place	-12.554841
▁الاشتراطات	-12.554920
▁متري	-12.554938
▁سيعرض	-12.555017
▁41/213	-12.555045
▁مفروض	-12.555088
▁اذهب	-12.555314
الأنشطة	-12.555327
▁مريض	-12.555328
ink	-12.555527
▁المشمول	-12.555547
▁وأولوياتها	-12.555585
عجب	-12.555641
▁أودعت	-12.555699
متعة	-12.555722
▁أشعر	-12.555727
ادعاءات	-12.555739
محنة	-12.555836
▁التكرار	-12.555968
محرقة	-12.555974
طاعة	-12.556066
▁بالارتياح	-12.556066
▁بالقاعدة	-12.556265
▁قوله	-12.556313
▁التايلندي	-12.556372
غاث	-12.556496
▁يعتمدون	-12.556757
▁ردودها	-12.556769
▁للتحرير	-12.556809
▁أصدرها	-12.556907
▁(34)	-12.556918
/1997/40/	-12.557087
ختبر	-12.557088
▁والملاحة	-12.557093
تردد	-12.557095
▁حقوقهن	-12.557226
▁حكمت	-12.557364
فني	-12.557464
▁معوقات	-12.557478
of	-12.557791
▁وكررت	-12.557831
▁الانشغال	-12.558109
▁ودخول	-12.558113
▁نوقش	-12.558119
▁للوقت	-12.558146
▁الاستبيانات	-12.558489
▁استبانة	-12.558507
غتصب	-12.558844
مستندات	-12.558908
▁وتجاوز	-12.558966
▁المتكاملين	-12.558989
▁بالقياس	-12.559011
لتعمير	-12.559070
تقوم	-12.559138
▁الأولمبية	-12.559158
/107	-12.559190
▁وسيستمر	-12.559227
▁للمقر	-12.559264
▁مبان	-12.559267
▁صحته	-12.559381
▁إجرائي	-12.559411
▁تقريب	-12.559458
▁فتحت	-12.559497
▁ومحاكم	-12.559509
▁تصديرها	-12.559530
ales	-12.559586
▁يتذكر	-12.559588
▁sur	-12.559632
▁وتدميرها	-12.559649
▁أخل	-12.559658
▁للصحافة	-12.559667
▁المسلمة	-12.559748
▁خرجت	-12.559751
▁عمدت	-12.559813
▁كشوف	-12.559830
▁الأبوة	-12.559863
▁والقنصلية	-12.560160
▁فذلك	-12.560162
▁يشر	-12.560364
▁النزاهة	-12.560400
▁حضانة	-12.560486
▁تكر	-12.560507
▁تعرضها	-12.560517
▁لفتح	-12.560539
▁121-	-12.560607
▁African	-12.560621
▁الاقل	-12.560623
▁العملياتية	-12.560779
منظمات	-12.560826
▁لاتحاد	-12.561012
▁خبرتها	-12.561020
▁مرن	-12.561074
▁النيوزيلندي	-12.561183
▁غارسيا	-12.561213
▁ندرة	-12.561280
▁بقدرات	-12.561554
▁234	-12.561566
▁شريكة	-12.561633
▁1343	-12.561980
▁بالتشجيع	-12.562051
▁واحتياجاتها	-12.562120
▁والولادة	-12.562212
▁مطولة	-12.562340
CT	-12.562623
▁للنشاط	-12.562635
▁الصادق	-12.562716
▁إخراج	-12.562737
▁Oxford	-12.563096
مناورات	-12.563098
▁شركائه	-12.563215
▁وعندئذ	-12.563237
▁وحصول	-12.563241
ملاءمة	-12.563254
▁لوازم	-12.563265
▁انتباهكم	-12.563287
السكك	-12.563425
▁لممارسات	-12.563513
▁Dis	-12.563592
▁لنشاط	-12.563775
-21)	-12.563845
▁لديهن	-12.564040
عاود	-12.564124
news	-12.564160
▁مقدور	-12.564209
▁حققنا	-12.564274
▁للأنظمة	-12.564448
▁لطرف	-12.564472
بيوت	-12.564599
▁مواطنو	-12.564689
eh	-12.564692
▁القاضية	-12.564740
▁تعليمهم	-12.564750
▁منتسب	-12.564750
▁والمعاناة	-12.564798
▁للإغاثة	-12.564923
▁كهيئة	-12.564952
تنشيط	-12.565198
▁أصبحوا	-12.565229
▁والمنهجية	-12.565297
▁الايجابي	-12.565298
تذرع	-12.565359
▁والمناخ	-12.565386
▁Dr	-12.565432
▁ليحل	-12.565702
اهو	-12.565959
▁النوم	-12.565990
▁وإبرام	-12.566083
▁الوئام	-12.566328
▁وشرطة	-12.566384
▁وأمراض	-12.566404
▁لأربع	-12.566422
▁فعاليات	-12.566437
▁الاستيطانية	-12.566484
باغ	-12.566613
▁اهل	-12.566640
▁2004/2005	-12.566978
▁ممتلكاتهم	-12.566981
sch	-12.567048
أفريقي	-12.567200
▁الإخفاق	-12.567315
خلاصة	-12.567320
وظيفتين	-12.567390
▁سرقة	-12.567418
دعاوى	-12.567455
▁الحار	-12.567466
▁أسو	-12.567497
▁النهار	-12.567599
▁أناشد	-12.567616
▁نوح	-12.567692
▁تخبر	-12.567857
▁البتة	-12.567882
▁العكسي	-12.567909
/2006/8	-12.567928
▁صواريخ	-12.568007
تولي	-12.568110
قضايا	-12.568273
تضارب	-12.568359
▁لترويج	-12.568393
▁بالمناخ	-12.568398
▁للجدل	-12.568404
▁ويقيم	-12.568422
▁such	-12.568454
▁وملزم	-12.568502
▁55/235	-12.568635
▁مازالت	-12.568766
▁حساسية	-12.568885
▁المقيمون	-12.569005
الفريق	-12.569067
▁أبسط	-12.569201
▁سمعنا	-12.569205
أنتيغوا	-12.569328
▁مراعاتها	-12.569427
▁يقودها	-12.569686
▁والتدريبية	-12.569745
▁شأف	-12.569780
▁(33)	-12.569889
▁223	-12.569929
vol	-12.570013
▁أفسح	-12.570057
▁الاسترداد	-12.570146
سواء	-12.570309
▁المحب	-12.570331
▁تضرر	-12.570353
▁إنشاؤه	-12.570422
▁أونتاريو	-12.570461
▁War	-12.570466
▁واستدرك	-12.570569
▁but	-12.570665
أساس	-12.570735
▁خالق	-12.570931
▁بيوتهم	-12.570952
خصخصة	-12.571110
▁برأي	-12.571166
▁***	-12.571186
▁أمنها	-12.571328
▁والتحرش	-12.571469
▁©	-12.571513
▁متفقا	-12.571522
▁القطن	-12.571524
▁وشرح	-12.571595
لاتجاهات	-12.571603
▁تقاليد	-12.571790
▁أهدافنا	-12.571801
النساء	-12.572159
▁اثر	-12.572315
▁وأشاروا	-12.572325
▁بالشرق	-12.572415
▁العاطفي	-12.572536
▁التمويلية	-12.572590
214	-12.572602
/2006/10	-12.572646
▁هامبورغ	-12.572669
▁وانغ	-12.572704
▁الدع	-12.572797
▁هال	-12.572876
ren	-12.573011
▁العطل	-12.573222
▁غض	-12.573234
▁لدمج	-12.573256
▁الجانبية	-12.573314
▁محوريا	-12.573320
government	-12.573573
▁والغرب	-12.573581
▁العقارات	-12.573598
▁وتشيد	-12.573663
▁المجد	-12.573725
▁تخطر	-12.573891
ريكو	-12.574118
بطء	-12.574190
▁وبلدي	-12.574209
▁اتجاها	-12.574335
▁مضيق	-12.574364
أصوات	-12.574391
▁التكر	-12.574482
▁بتسهيل	-12.574585
▁والعادل	-12.574702
▁تسميته	-12.574809
▁وتدني	-12.574868
▁لنفسه	-12.574900
▁276	-12.574982
▁خضعت	-12.574995
يفيتش	-12.575068
▁محط	-12.575103
▁مبررا	-12.575305
▁يساعدنا	-12.575371
▁العكسية	-12.575494
▁المسلحين	-12.575518
▁فرانسوا	-12.575655
▁باطلة	-12.575663
▁216	-12.575808
▁يشبه	-12.575873
▁بالسماح	-12.575941
▁الإسعاف	-12.576433
▁المستدامين	-12.576473
▁المتكافئة	-12.576530
▁تعم	-12.576599
▁يدعون	-12.576629
▁للسلوك	-12.576695
▁النشرات	-12.576944
▁وستركز	-12.576982
لكل	-12.577046
مستشفي	-12.577066
مساواة	-12.577145
▁وعرضها	-12.577238
▁الكبد	-12.577454
▁معاملته	-12.577489
▁لانك	-12.577598
▁275	-12.577695
▁المفضل	-12.577724
▁بالامتنان	-12.577738
▁محتجزين	-12.577801
▁لوثائق	-12.577826
▁بذاته	-12.577952
▁الملاحية	-12.578004
▁123-	-12.578018
/2001/3	-12.578126
▁حدتها	-12.578239
▁تابعا	-12.578309
ستنسخ	-12.578323
▁كميا	-12.578332
/2006/9	-12.578406
▁متكرر	-12.578410
▁تتصف	-12.578562
▁ووصلت	-12.578579
▁المدخرات	-12.578642
▁تحضر	-12.578675
▁وتجميد	-12.578781
▁والداخلية	-12.578793
▁وإحالته	-12.578872
▁الموضع	-12.578940
ada	-12.578978
▁الترشيح	-12.578982
▁ناصر	-12.579058
▁الفحم	-12.579156
▁لتعاون	-12.579248
▁والطويلة	-12.579429
▁العقلي	-12.579507
؟"	-12.579540
الاعتبارات	-12.579676
موازاة	-12.579723
▁وحمل	-12.579759
▁Plan	-12.579775
▁الحب	-12.579788
▁والإصحاح	-12.579826
▁والضرائب	-12.580047
▁units	-12.580145
▁قرض	-12.580151
▁لهيكل	-12.580276
▁محر	-12.580459
▁ضئيلا	-12.580514
▁المدافعون	-12.580642
▁الحيوان	-12.580769
.5/62/	-12.580770
▁ينهض	-12.580813
▁الاسئلة	-12.580873
▁زملائي	-12.580873
▁التسعينيات	-12.580873
▁العيوب	-12.580880
▁والامتناع	-12.580881
يستي	-12.580947
▁ودعوة	-12.580997
▁المكم	-12.581044
▁ساكن	-12.581074
▁يدركون	-12.581206
▁معلوم	-12.581288
سحق	-12.581295
تجدد	-12.581302
▁الرض	-12.581330
لمجالس	-12.581391
▁وتؤمن	-12.581467
▁ترأسها	-12.581486
آجال	-12.581513
▁أفهم	-12.581710
▁باحتجاز	-12.581920
▁إط	-12.581980
▁منقولة	-12.581996
▁Nor	-12.582118
▁للمرافق	-12.582139
▁حتمية	-12.582166
▁الأهلي	-12.582208
▁ضمت	-12.582223
▁تسليح	-12.582302
▁Article	-12.582433
▁اخي	-12.582454
.105/7	-12.582494
ring	-12.582584
نتقص	-12.582625
▁ويزعم	-12.582637
▁قيما	-12.582683
▁Ne	-12.582870
أبخاز	-12.582898
▁وسجلت	-12.583172
▁المبدئي	-12.583237
.5/61/	-12.583380
▁دومي	-12.583439
▁متدنية	-12.583541
▁لخبراء	-12.583731
▁برئيس	-12.583732
work	-12.583931
انعكاسات	-12.583939
▁وتصل	-12.583950
▁تفاعلي	-12.583966
▁تمارسه	-12.583986
▁اليتامى	-12.584018
▁تشارلز	-12.584018
▁كهربائي	-12.584024
حرمة	-12.584032
▁وممتلكاتها	-12.584045
▁موات	-12.584105
▁للقرن	-12.584146
دحض	-12.584154
▁وإخضاع	-12.584249
▁التنظيمات	-12.584295
لتحديد	-12.584374
/1990	-12.584479
▁ويشتمل	-12.584533
▁تنتهجها	-12.584538
▁نعزز	-12.584580
▁شاغر	-12.585115
▁3.5	-12.585150
▁اصل	-12.585201
▁بدوام	-12.585217
لأفعال	-12.585351
▁فرز	-12.585361
▁بالاستخدام	-12.585404
▁انتقائية	-12.585480
▁الجاد	-12.585484
اكين	-12.585773
ze	-12.585779
أعمال	-12.585851
▁تفضيلية	-12.585857
حكومتي	-12.585978
اليونان	-12.586018
▁والأزمات	-12.586121
▁شهدها	-12.586160
▁الاستطلاع	-12.586220
▁(40)	-12.586393
▁العنيف	-12.586551
تعميم	-12.586733
▁الصارخة	-12.586741
▁بالاحترام	-12.586766
▁والفعلي	-12.586782
▁1947	-12.586815
▁ستضطلع	-12.586843
▁روس	-12.586855
▁اجر	-12.586897
▁المشروطة	-12.587020
conf	-12.587062
فول	-12.587098
/2008/2	-12.587143
▁تذليل	-12.587174
▁تشكيلها	-12.587204
▁يعانين	-12.587397
منهاج	-12.587574
▁وناقشت	-12.587712
تألف	-12.587762
التحفظات	-12.587872
▁جمهوري	-12.587986
▁الانسجام	-12.588225
▁ومؤخرا	-12.588226
▁233	-12.588263
▁ألغت	-12.588322
▁التخلف	-12.588440
كنيسة	-12.588460
▁والحرب	-12.588511
▁كأحد	-12.588556
▁الرعب	-12.588592
▁الكوكا	-12.588693
▁الانتقائية	-12.588759
▁بالشبكة	-12.588886
ازدهار	-12.589078
لغاية	-12.589109
▁البنين	-12.589127
▁بالهوية	-12.589322
main	-12.589371
سيتولى	-12.589390
▁أعط	-12.589395
▁شعوبنا	-12.589477
.3/58/	-12.589525
▁نكفل	-12.589657
▁دينار	-12.589726
▁مستوطنة	-12.589905
▁البذور	-12.589953
▁صياغته	-12.590178
▁عملهما	-12.590214
▁مدمج	-12.590321
▁ويدرك	-12.590321
▁الثغرة	-12.590337
▁برشلونة	-12.590337
▁سعودي	-12.590411
▁بهمة	-12.590415
ible	-12.590675
▁ولتنفيذ	-12.590970
▁سيزيد	-12.591022
▁تحفظاتها	-12.591051
الخيار	-12.591055
▁إحالتها	-12.591077
▁6-4	-12.591356
▁248	-12.591357
▁للتوفيق	-12.591393
▁وجوانب	-12.591393
▁لتدريس	-12.591394
▁والمستدامة	-12.591437
▁دعونا	-12.591445
▁وواجب	-12.591456
▁ومحامي	-12.591552
▁الصريحة	-12.591722
▁بارتفاع	-12.591743
▁واعتماده	-12.591757
▁الدائنة	-12.591825
▁محكم	-12.591835
رابع	-12.591892
▁فواتير	-12.591967
▁وتمديدها	-12.592079
/2005/2	-12.592081
▁استغرق	-12.592167
/2007/1	-12.592248
▁وإثر	-12.592260
ناهز	-12.592309
▁استحدث	-12.592323
▁وتمنح	-12.592336
خدمات	-12.592427
-29)	-12.592434
▁المتدهورة	-12.592457
▁الواقي	-12.592498
▁ناشد	-12.592565
▁حمو	-12.592733
▁مؤات	-12.592935
▁للقمة	-12.593071
▁بصون	-12.593098
▁ولإ	-12.593099
إخلاء	-12.593233
▁4-4	-12.593475
▁بالمتفجرات	-12.593512
▁رأيت	-12.593540
▁وساموا	-12.593552
▁طرحه	-12.593574
▁كنيسة	-12.593582
▁عادوا	-12.593633
▁محاكمتهم	-12.593646
▁بحرارة	-12.593657
▁وموضوع	-12.593666
▁المثول	-12.593695
بطاقة	-12.593767
▁"6	-12.593920
▁بمقتضاها	-12.594243
▁ينمو	-12.594293
▁حاج	-12.594312
▁جام	-12.594370
▁نركز	-12.594378
▁الكريمة	-12.594447
رسلت	-12.594465
▁التحريات	-12.594563
▁item	-12.594604
▁المقارنات	-12.594604
▁بتحديث	-12.594638
▁لنداء	-12.594712
▁باجتماع	-12.594810
▁ولتقديم	-12.595018
▁لولايات	-12.595029
▁الإستراتيجية	-12.595031
▁مساعيه	-12.595034
▁استيائه	-12.595066
▁قطعا	-12.595160
▁بالدفاع	-12.595323
▁وخلافا	-12.595374
▁مرفقات	-12.595475
NPT	-12.595630
▁يتهدد	-12.595639
▁والسجلات	-12.595644
▁النقالة	-12.595709
▁جوفية	-12.595722
الشراكة	-12.595869
▁ينتظرون	-12.595916
▁مساحتها	-12.595925
▁الافتراضي	-12.596047
▁متكافئ	-12.596081
▁النقود	-12.596138
▁الغازات	-12.596157
▁زائرة	-12.596173
▁الادارة	-12.596239
▁لمديري	-12.596276
▁الضار	-12.596295
▁يزو	-12.596305
▁تشن	-12.596423
▁وتبقى	-12.596518
تنامي	-12.596545
▁التقارب	-12.596665
▁الإعالة	-12.596680
▁الفاعلين	-12.596699
▁الجزائرية	-12.596702
▁الانطباق	-12.596722
▁2001/2	-12.596736
▁تكلفتها	-12.596799
▁توخيا	-12.596807
HCH	-12.596816
▁والتطرف	-12.596835
▁والأسباب	-12.596871
cia	-12.596889
الالتزام	-12.596912
تكنولوجيا	-12.597173
▁والعقود	-12.597347
الأمر	-12.597713
▁محورية	-12.597876
▁لمقتضيات	-12.597942
البروتوكول	-12.598053
▁أدار	-12.598115
ركت	-12.598156
▁منتجي	-12.598297
▁فانه	-12.598437
▁340	-12.598465
▁يمين	-12.598527
▁إرادتها	-12.598583
▁3-5	-12.598628
▁ليوم	-12.598830
▁الرشد	-12.598890
الحطام	-12.598893
▁دورتين	-12.598906
▁العقل	-12.598987
PS	-12.599044
▁المنصة	-12.599095
▁التطهير	-12.599294
▁الاط	-12.599443
مقتضى	-12.599464
▁دخولها	-12.599503
▁للكيانات	-12.599566
▁والمعتقد	-12.599577
▁للتحدي	-12.599582
▁وحدث	-12.599885
▁وقضاة	-12.599887
▁متفجرات	-12.599894
▁واعترافا	-12.599895
▁صقل	-12.599898
▁الطالع	-12.599905
▁والرامية	-12.599905
▁كتيبة	-12.600004
▁لبذل	-12.600058
المساواة	-12.600093
▁تحوي	-12.600111
زاي	-12.600220
▁عشوائي	-12.600232
▁الپ	-12.600256
▁خشب	-12.600271
▁غاب	-12.600325
▁المائ	-12.600346
▁للتمكين	-12.600389
▁واتفاقيات	-12.600396
▁للرب	-12.600436
▁والضحايا	-12.600495
▁المحورية	-12.600537
تنظ	-12.600623
▁هادفة	-12.600694
▁5-4	-12.600768
▁للمح	-12.600898
▁مقاطعتي	-12.600988
▁ويساهم	-12.600999
▁توس	-12.601044
▁1.8	-12.601359
▁احتفظ	-12.601496
▁والخروج	-12.601547
▁Par	-12.601590
▁حميد	-12.601622
▁أمثل	-12.601666
▁"1-	-12.601709
zi	-12.601737
▁احتلالها	-12.601849
▁يسعدني	-12.602052
▁والنقابات	-12.602075
▁320	-12.602110
وغرافي	-12.602146
راني	-12.602193
▁وجدوا	-12.602276
▁وآراء	-12.602325
▁بتزايد	-12.602382
▁وحشية	-12.602385
تعويض	-12.602533
/1991	-12.602561
▁خلو	-12.602655
وثيق	-12.602688
ny	-12.602705
▁المبك	-12.602710
استقالة	-12.602730
▁والأخلاقية	-12.602869
▁المقعد	-12.602922
▁تقلب	-12.602999
OC	-12.603029
مرفوض	-12.603062
▁ستنشأ	-12.603206
▁relat	-12.603247
▁الوثائ	-12.603452
▁mar	-12.603528
لحاجات	-12.603559
▁وتقو	-12.603615
▁بقتل	-12.603642
▁الخلاص	-12.603715
ميدان	-12.603716
▁أثني	-12.603922
كثافة	-12.603932
▁للتوجيه	-12.604013
▁بعلاقات	-12.604167
▁وتتحمل	-12.604208
▁والدمار	-12.604299
يسكو	-12.604321
▁الفتح	-12.604458
▁لالتزاماته	-12.604708
▁وشركاؤها	-12.604863
▁اقتصر	-12.604962
▁مستودع	-12.605130
▁يقوموا	-12.605131
▁فهرس	-12.605153
▁كيلومترات	-12.605193
قذف	-12.605432
▁تسليمها	-12.605571
▁مصالحهم	-12.605584
استمرت	-12.605591
▁301	-12.605593
▁ثقيل	-12.605740
▁والطرائق	-12.605749
▁الجانبان	-12.605783
▁لغينيا	-12.605822
▁معتقد	-12.605831
▁228	-12.605979
▁Commissioner	-12.606158
▁نقصانا	-12.606229
▁منتهكة	-12.606337
▁الصيغ	-12.606435
▁التفاعلية	-12.606482
search	-12.606518
▁الشقيقة	-12.606530
▁تسببها	-12.606704
▁ويورد	-12.606748
▁وتجمع	-12.606755
▁للحركة	-12.606791
▁والمستقبل	-12.606874
▁كاد	-12.606971
دينامية	-12.607038
▁غابات	-12.607108
اقتباس	-12.607138
▁مسلك	-12.607170
▁السرد	-12.607252
▁حرج	-12.607267
▁والتاسعة	-12.607294
▁النطاقات	-12.607355
▁متتالية	-12.607387
▁والمتطلبات	-12.607387
▁محفوظات	-12.607390
▁والإعاقة	-12.607409
▁اللورد	-12.607532
الدانمرك	-12.607550
▁(35)	-12.607574
▁الصفوف	-12.607611
▁ستسهم	-12.607621
▁أونغ	-12.607728
▁للاستقلال	-12.607731
▁المطابقة	-12.607951
▁الأعاصير	-12.608010
ستوفر	-12.608351
▁بحثت	-12.608414
▁Management	-12.608460
▁مناقشتنا	-12.608460
▁أجهزتها	-12.608461
▁وترسيخ	-12.608461
▁Head	-12.608500
▁Mu	-12.608500
▁مارتينيس	-12.608529
▁حذو	-12.608579
▁تاي	-12.608590
/1996/15	-12.608706
الغلاف	-12.608718
▁الشائع	-12.608843
▁124-	-12.608847
▁واستراليا	-12.608951
▁منفعة	-12.608978
▁الاستشاريون	-12.609007
لتجميد	-12.609277
▁تصو	-12.609339
▁Sp	-12.609346
▁تشريعها	-12.609399
▁ينس	-12.609420
▁الفعاليات	-12.609457
▁ومنتظم	-12.609550
▁مطبوعات	-12.609557
▁إلمام	-12.609655
.96.	-12.609660
الاتجار	-12.609668
▁موافق	-12.609682
▁مكو	-12.609805
▁الفيدرالية	-12.609971
إنجاز	-12.610084
▁عراقيل	-12.610103
بالغ	-12.610145
▁والتكنولوجي	-12.610315
▁محافظي	-12.610455
▁تعرضه	-12.610545
▁انعكس	-12.610641
▁والفنون	-12.610694
▁والمواءمة	-12.610733
▁وفعاليته	-12.610749
أشادت	-12.610771
▁المختار	-12.610840
تطوير	-12.610871
▁مبرم	-12.610900
over	-12.610980
تلقي	-12.611070
▁أخذها	-12.611142
▁وتطبيقاتها	-12.611185
▁الخمسية	-12.611213
▁الكفاف	-12.611329
▁الانتحارية	-12.611490
▁بالأطراف	-12.611683
▁الشدة	-12.611710
▁حراس	-12.611843
▁الإدراج	-12.611876
ich	-12.611887
فورد	-12.611916
▁كوفا	-12.611984
▁المهاجرة	-12.612157
▁المرك	-12.612338
▁بمصطلح	-12.612379
▁دحر	-12.612426
▁الاستعدادات	-12.612612
▁including	-12.612774
▁219	-12.612816
▁المجاز	-12.612873
هنغاريا	-12.612977
شاحنات	-12.613042
▁المتغيرات	-12.613089
▁تتشاور	-12.613186
▁بادرت	-12.613306
▁براءات	-12.613373
▁بصندوق	-12.613390
▁الفلبينية	-12.613605
انكماش	-12.613645
▁إثراء	-12.613702
▁لوحدات	-12.613767
▁ورفاههم	-12.613791
▁رسالتها	-12.613874
▁وبلا	-12.613964
▁الاستفسارات	-12.614017
تجزؤ	-12.614018
ized	-12.614102
▁واحترامها	-12.614297
▁والمحاضر	-12.614355
الأطفال	-12.614431
/7)	-12.614505
▁مبادرته	-12.614538
▁ارتكابهم	-12.614552
▁والتطبيقات	-12.614577
▁الباقي	-12.614579
▁تناوب	-12.614822
▁والجنسي	-12.614836
▁تبديد	-12.614894
▁والصادرات	-12.614942
hchr	-12.614943
▁الساخن	-12.614964
▁125-	-12.615025
صابون	-12.615051
▁126-	-12.615161
▁Pol	-12.615261
▁مطالبته	-12.615302
▁واعتبار	-12.615374
▁وشعبا	-12.615589
▁والكثير	-12.615698
▁لقاءات	-12.615725
▁حافز	-12.615771
▁والرق	-12.615772
نزي	-12.615790
sign	-12.615967
تهدئة	-12.616033
▁والمنهجيات	-12.616070
▁الحمراء	-12.616099
▁ومترابطة	-12.616136
▁وينتظر	-12.616146
▁ستنفذ	-12.616240
▁تأل	-12.616274
▁ولايتي	-12.616441
الملاحظات	-12.616464
▁المفتاح	-12.616535
▁والتعجيل	-12.616640
استكمال	-12.616707
▁الراديو	-12.616730
غينيا	-12.616777
urs	-12.616798
▁إذاعية	-12.616897
▁والترقية	-12.616897
▁للتفكير	-12.617105
▁وإعاقة	-12.617122
▁يوسع	-12.617169
▁سيول	-12.617213
▁الأرمن	-12.617259
▁للعقود	-12.617396
▁1624	-12.617730
النبذ	-12.617746
احتياج	-12.617957
▁وفئات	-12.618193
ave	-12.618263
الناتو	-12.618388
▁صفقة	-12.618396
أيرلندا	-12.618463
حصانة	-12.618489
بولي	-12.618650
▁العقيدة	-12.618672
▁use	-12.618854
▁تستأنف	-12.619099
▁عالجت	-12.619190
▁Criminal	-12.619278
▁للاستئناف	-12.619278
▁تقام	-12.619321
مضادات	-12.619406
▁طائلة	-12.619448
▁الكاتب	-12.619457
▁لأب	-12.619571
▁للطعن	-12.619714
▁المحرقة	-12.619715
▁مجم	-12.619776
▁Bi	-12.619807
▁والعمر	-12.619878
نتائج	-12.619997
▁والبلاغ	-12.620305
▁تتضم	-12.620360
▁police	-12.620366
▁الدانمركي	-12.620373
▁إعصار	-12.620452
▁أكتب	-12.620551
▁1-5	-12.620673
63/5	-12.620703
▁تتدخل	-12.620764
▁التشاركية	-12.620857
▁لعبة	-12.620911
▁والكف	-12.620962
▁نثني	-12.620982
▁المرحلية	-12.621007
▁الخريطة	-12.621104
▁البريدية	-12.621147
▁222	-12.621181
▁واضطلعت	-12.621217
▁Droit	-12.621455
المواثيق	-12.621456
▁بالوقود	-12.621457
▁للولادة	-12.621457
▁جهازا	-12.621662
▁٤٤	-12.621756
▁1959	-12.621865
▁يملكها	-12.621986
▁بالخير	-12.622005
▁تنس	-12.622313
▁والتصميم	-12.622360
▁طفيفا	-12.622456
▁بالاست	-12.622483
▁للالتحاق	-12.622545
▁المسألتين	-12.622546
▁المتزوجات	-12.622547
▁للانتهاكات	-12.622547
الإنتربول	-12.622582
▁ومقرراتها	-12.622583
▁جاري	-12.622669
كالي	-12.622869
▁الأتعاب	-12.623021
▁والتأكيد	-12.623055
▁أقاليمها	-12.623082
▁يدع	-12.623152
نتفق	-12.623281
▁لتسديد	-12.623637
▁الفوضى	-12.623639
▁غذاء	-12.623639
▁إيكولوجي	-12.623645
▁النظير	-12.623675
▁برلمانية	-12.623679
ستعم	-12.623730
▁نقترح	-12.623774
▁(0.	-12.623870
▁تحظ	-12.623878
▁مكرس	-12.623889
زمالة	-12.623894
▁اعترضت	-12.623959
▁وتركيب	-12.623968
és	-12.624021
▁نناقش	-12.624060
▁مستعدا	-12.624388
▁يخطط	-12.624408
تنازع	-12.624483
▁التبعية	-12.624741
.3,	-12.624861
▁الاصلي	-12.624865
nnual	-12.624956
▁مجهود	-12.625087
RT	-12.625175
▁المغربي	-12.625318
.5/58/	-12.625340
اعداد	-12.625360
▁كراهية	-12.625578
▁الحكوميون	-12.625752
▁بيتكيرن	-12.625824
▁رواتب	-12.625854
▁مستشارا	-12.625862
▁لدورات	-12.626067
▁229	-12.626140
القابلية	-12.626232
iti	-12.626258
▁Fa	-12.626486
lement	-12.626534
▁والشحن	-12.626595
▁استنباط	-12.626678
▁وأجاب	-12.626715
أهابت	-12.626790
▁مصطفى	-12.626920
▁والمطلوب	-12.626920
▁الميراث	-12.626921
▁550	-12.626927
▁يصدق	-12.626936
▁فأولا	-12.626998
▁بحقيقة	-12.627015
▁أوقف	-12.627028
▁واجبة	-12.627061
/58/4	-12.627476
▁أطفالها	-12.627480
▁المطالبين	-12.627597
rom	-12.627902
▁والإصابات	-12.628016
▁للبلاغ	-12.628025
▁وتضيف	-12.628123
▁وحرمان	-12.628230
▁الموظفات	-12.628274
▁قاطعا	-12.628561
▁النصح	-12.628714
Uni	-12.628728
▁237	-12.628787
▁وخبرته	-12.628901
▁والدخل	-12.628983
صفحة	-12.629022
▁اعرف	-12.629108
▁والوساطة	-12.629113
▁المنتشرة	-12.629114
▁اللعب	-12.629164
▁الانطلاق	-12.629170
▁سوم	-12.629182
▁يميل	-12.629194
▁انتظاما	-12.629195
▁آفات	-12.629196
▁المنتسبين	-12.629241
▁وسيتيح	-12.629265
▁لجورجيا	-12.629331
▁أعماق	-12.629343
الأقاليم	-12.629548
▁التمهيدي	-12.629586
▁يعتقدون	-12.629589
▁والإعادة	-12.629640
▁النرويجي	-12.629748
▁حصتها	-12.629753
▁ونتائجها	-12.629788
▁الحاكمة	-12.629795
▁system	-12.629969
▁مضمونة	-12.629969
▁بالقيم	-12.629988
▁واستخدم	-12.630080
ثمار	-12.630139
▁النفساني	-12.630200
▁اكتظاظ	-12.630213
▁للفيزياء	-12.630213
▁وفوائد	-12.630214
▁جلعاد	-12.630216
اندرا	-12.630639
▁تجني	-12.630716
idad	-12.630734
▁المجرم	-12.630743
▁وتفكيك	-12.630818
▁ونقدر	-12.630835
▁ويستعرض	-12.630913
تمهيد	-12.630959
▁النفطي	-12.631033
العراق	-12.631036
rs	-12.631079
إصدار	-12.631119
▁وبذا	-12.631254
▁ضلوع	-12.631313
▁فقيرة	-12.631372
▁وعززت	-12.631412
▁المتفرغ	-12.631429
▁درسا	-12.631433
▁يستحيل	-12.631461
▁وبروتوكوليها	-12.631472
▁لتجميع	-12.631713
▁وملك	-12.631773
▁ومشاورات	-12.631818
▁الإثيوبي	-12.631849
▁بالرد	-12.632025
منغوليا	-12.632132
▁لكوت	-12.632183
▁حضرها	-12.632212
▁وموظفين	-12.632282
▁المعارض	-12.632285
اردو	-12.632320
▁بالاستجابة	-12.632332
▁التخويف	-12.632414
▁والإعدام	-12.632414
▁والمنافسة	-12.632414
▁المتدربين	-12.632415
▁ابتدأ	-12.632418
▁محفوف	-12.632418
▁النظافة	-12.632433
لتوفير	-12.632545
استصلاح	-12.632562
وفورات	-12.632590
▁أقترح	-12.632595
▁التقاضي	-12.632642
▁وتسل	-12.632795
موريشيوس	-12.632829
▁مشتبه	-12.632844
كلاهما	-12.632969
▁البرامجيات	-12.633017
▁المنتهي	-12.633035
▁بالمساهمات	-12.633035
▁Or	-12.633048
▁المخيم	-12.633117
▁وأرحب	-12.633121
ham	-12.633146
معايير	-12.633387
▁كفر	-12.633450
▁Watch	-12.633516
▁الشجاعة	-12.633516
▁الفيزيائية	-12.633519
▁الهنغاري	-12.633535
▁للقدرة	-12.633535
▁مكملة	-12.633538
▁وأدان	-12.633575
/2000/1	-12.633635
▁لأزمة	-12.633737
▁مساعدين	-12.633791
▁أكملت	-12.633942
▁شيخ	-12.633968
هذا	-12.634029
▁لتنقيح	-12.634070
▁واجتماعيا	-12.634202
▁ومتسقة	-12.634214
▁221	-12.634321
▁ويدير	-12.634374
▁انتهك	-12.634406
▁والجنوبية	-12.634449
▁يعملوا	-12.634480
▁تلميذ	-12.634624
انفاذ	-12.634666
اختصار	-12.634740
▁الإنقاذ	-12.634799
▁جامعات	-12.634865
▁سيشيل	-12.634894
▁صبي	-12.634942
▁كونغرس	-12.635018
▁x	-12.635094
▁ضمنيا	-12.635300
▁214	-12.635342
▁والمؤرخ	-12.635491
▁الحقوقيين	-12.635639
▁وحريات	-12.635667
▁علو	-12.635690
قهر	-12.635694
▁حاشية	-12.635731
▁صاروخ	-12.635771
▁المزود	-12.636135
انشاء	-12.636357
▁تمهيدية	-12.636436
مصطلح	-12.636561
▁لتفسير	-12.636583
كيلوغرام	-12.636799
فتتح	-12.636813
▁قراءته	-12.636955
▁بالمرض	-12.636961
EQ	-12.637008
▁للعيش	-12.637255
CI	-12.637296
▁استشاريين	-12.637302
تشابك	-12.637346
▁بأم	-12.637364
▁الجيولوجية	-12.637570
▁نحاول	-12.637699
▁بطبيعتها	-12.637788
▁amount	-12.637819
▁ٱم	-12.637839
▁للتفتيش	-12.637938
▁مجهزة	-12.637949
أسئلة	-12.637978
▁مديرو	-12.638097
منازعات	-12.638209
▁لاستراتيجيات	-12.638290
▁246	-12.638304
▁مثول	-12.638423
▁أصابت	-12.638485
▁موسع	-12.638532
/50/	-12.638783
▁فاتح	-12.638880
▁اضطراب	-12.638972
▁التفصيلي	-12.638974
▁ويزداد	-12.639050
▁والمعادن	-12.639054
▁التجاوزات	-12.639056
▁الجب	-12.639064
تيهما	-12.639075
▁بتصديق	-12.639174
cept	-12.639271
▁أوفى	-12.639400
***	-12.639455
▁فضلك	-12.639507
فييت	-12.639525
▁وزعت	-12.639525
مسؤولين	-12.639608
▁التسونامي	-12.639695
لتصريف	-12.639699
▁54/4	-12.639706
▁لتطور	-12.639893
▁والميدان	-12.640098
▁للطائرات	-12.640158
▁والاعتقال	-12.640158
▁عطلة	-12.640173
▁وتحليلات	-12.640280
▁المحطة	-12.640281
hy	-12.640404
▁58/316	-12.640447
▁sp	-12.640735
▁الأعراف	-12.640751
▁non	-12.640816
لانتفاع	-12.641005
112	-12.641084
cip	-12.641136
▁وإلحاق	-12.641269
▁الرسالتين	-12.641270
▁News	-12.641289
روك	-12.641348
▁وتتوفر	-12.641370
▁الاعمال	-12.641426
▁يستمع	-12.641750
/2006/5	-12.641793
شعل	-12.641932
اليونديب	-12.642380
لختنشتاين	-12.642381
▁مقترنا	-12.642404
▁رادع	-12.642599
▁المتأخر	-12.642653
▁وتدفقات	-12.642707
nu	-12.642789
▁وكأن	-12.642896
وتشي	-12.642899
▁وحساب	-12.643009
محام	-12.643033
▁والمؤسسة	-12.643062
law	-12.643226
-1-3	-12.643297
/58/5	-12.643375
▁وقمعه	-12.643412
▁كيسانغاني	-12.643495
▁7-2	-12.643501
▁المسارات	-12.643618
▁سنتان	-12.643861
▁قدرتنا	-12.643927
أفلام	-12.643973
إحصاء	-12.644006
▁الموازنة	-12.644109
▁المؤمن	-12.644145
▁ومنظم	-12.644385
كتف	-12.644398
▁الميزاني	-12.644470
منتديات	-12.644545
تنسيق	-12.644657
▁ينتشر	-12.644717
خزانة	-12.644724
▁المعقد	-12.644741
▁والتعددية	-12.644796
▁خضع	-12.644929
أوبئة	-12.645112
▁اللغوي	-12.645205
▁تقاعدي	-12.645220
▁العائدة	-12.645248
حاط	-12.645299
▁أسرى	-12.645393
▁نهب	-12.645428
▁رئاسية	-12.645556
▁جيرانها	-12.645757
108	-12.645799
سكاب	-12.645819
▁مسوغ	-12.645844
▁اشتملت	-12.645934
▁لهايتي	-12.646197
▁حفر	-12.646347
▁والتخلف	-12.646357
▁تكرارا	-12.646518
▁الحراري	-12.646522
▁مكرر	-12.646566
▁الإعاقات	-12.646586
▁إفريقيا	-12.646842
▁الناحيتين	-12.646843
▁بمؤسسات	-12.646864
غلاطية	-12.646889
▁شيوخ	-12.646921
▁بعثته	-12.647020
nz	-12.647256
▁إخبارية	-12.647292
▁٦٠	-12.647308
▁127-	-12.647404
تأثير	-12.647672
▁رفح	-12.648088
▁تمارسها	-12.648091
▁المري	-12.648120
▁مستعملي	-12.648142
▁وسورينام	-12.648159
▁نفط	-12.648180
▁مريم	-12.648327
ew	-12.648339
▁تبرهن	-12.648385
▁بصراحة	-12.648386
▁ويستمر	-12.648417
▁البولندية	-12.648616
▁كريستين	-12.648617
▁المقيمة	-12.648654
▁129-	-12.648723
▁بنات	-12.648747
▁ميلا	-12.648796
▁والتحرير	-12.648845
▁وحاول	-12.648985
دوائر	-12.649281
▁بأوجه	-12.649353
▁لإع	-12.649694
عرقلة	-12.649701
▁بالسلطة	-12.649944
تسلسل	-12.650105
▁وغني	-12.650119
▁تجم	-12.650196
حاسوب	-12.650232
▁تترأس	-12.650250
▁ذروته	-12.650256
▁كأعضاء	-12.650291
نخبة	-12.650428
▁والحكومية	-12.650538
▁القضائيين	-12.650549
▁ويحصل	-12.650642
مصايد	-12.650675
▁لحكومات	-12.650682
تعاط	-12.650745
▁الرؤوس	-12.651015
▁البارا	-12.651136
▁يشغلن	-12.651254
▁وامتثال	-12.651324
▁وكوسوفو	-12.651324
▁بدوافع	-12.651325
▁المعهود	-12.651344
▁كتلة	-12.651367
▁may	-12.651403
×	-12.651464
▁وطول	-12.651587
▁وتجهيزها	-12.651621
▁661	-12.651688
▁مسبوقة	-12.651717
▁مستعدين	-12.651844
نحن	-12.651968
▁up	-12.652051
اساءة	-12.652178
▁كلورو	-12.652270
▁ووطنية	-12.652480
▁والأجانب	-12.652576
▁members	-12.652585
▁للتنظيم	-12.652740
▁ومخاطر	-12.652790
▁الاستهلالية	-12.652853
▁حالتهم	-12.652858
▁كأم	-12.652905
▁الناشطة	-12.652917
حكومات	-12.652967
▁اربعة	-12.652973
تيري	-12.652999
▁---	-12.653131
▁التفرقة	-12.653133
▁يخدمون	-12.653152
▁والمناقشة	-12.653165
▁مرهون	-12.653188
▁وقدراتها	-12.653502
▁والآباء	-12.653574
▁الارشاد	-12.653576
▁فصلا	-12.653644
▁وضمانات	-12.653751
ries	-12.653802
▁المطب	-12.653967
▁الهبات	-12.654000
إدراج	-12.654180
▁تغذي	-12.654181
▁تحالفات	-12.654214
▁اللقاء	-12.654317
▁المستورد	-12.654363
▁جنيها	-12.654455
▁نفقة	-12.654544
▁ضخامة	-12.654636
▁يتعهد	-12.654692
▁(1997-2006)	-12.654699
▁الوخيمة	-12.654699
▁لاجتذاب	-12.654699
▁ارتأت	-12.654722
إرجاع	-12.654746
▁سائق	-12.654838
▁والديهم	-12.654943
▁بيريز	-12.654968
▁document	-12.655107
▁النازية	-12.655283
▁الآب	-12.655314
▁310	-12.655323
▁ويمنح	-12.655423
▁التعويضية	-12.655505
▁الهامش	-12.655528
▁ونطاقها	-12.655578
▁يحين	-12.655625
▁والملابس	-12.655826
▁children	-12.655828
▁تبليغ	-12.655869
▁والتوثيق	-12.655901
▁يتساءل	-12.655924
▁يختارون	-12.655964
▁لتبسيط	-12.655985
▁فتيات	-12.656007
▁والوعي	-12.656072
▁وأسهم	-12.656247
▁ووكيل	-12.656322
اندماج	-12.656380
فساد	-12.656468
▁الاستمارة	-12.656643
▁الكتابية	-12.656711
ستهدف	-12.656772
.2/2004/	-12.656910
▁صممت	-12.656953
ثورة	-12.656968
ستوفى	-12.657094
▁واجهتها	-12.657102
▁تخلق	-12.657143
▁والهندسة	-12.657144
ضحت	-12.657159
قريب	-12.657217
إصلاح	-12.657219
▁تصحيحية	-12.657315
فهرس	-12.657325
هيدروكربون	-12.657360
▁ضعيفا	-12.657454
▁توفيقي	-12.657486
▁يمكنني	-12.657619
▁الأرجنتينية	-12.657638
▁المنوط	-12.657824
/5)	-12.657856
▁الزعيم	-12.657904
▁وحزيران	-12.658036
▁جغرافيا	-12.658038
▁243	-12.658062
▁تشغيلها	-12.658077
▁الشهداء	-12.658088
▁paragraph	-12.658119
▁مناصبهم	-12.658161
▁موك	-12.658175
/2001/4	-12.658206
▁ويبي	-12.658216
▁والطابع	-12.658255
▁ويستهدف	-12.658575
▁وإحالة	-12.658641
▁ويهيب	-12.658648
▁تحريض	-12.658792
▁المتكاملان	-12.659032
▁يتناقض	-12.659084
▁المتباينة	-12.659216
ling	-12.659246
▁1.7	-12.659286
▁لبيع	-12.659288
▁وتعقيد	-12.659303
▁مساوية	-12.659407
أذن	-12.659412
▁تحضيرا	-12.659447
stru	-12.659458
▁لفرنسا	-12.659681
خارج	-12.659862
▁الكولومبي	-12.659870
▁سلط	-12.659929
إنقاذ	-12.660207
▁نسمح	-12.660237
▁لغياب	-12.660354
▁المحايد	-12.660414
استنكاف	-12.660435
▁Union	-12.660511
▁موري	-12.660590
▁والجديدة	-12.660826
▁المتجه	-12.660892
▁المنشئ	-12.660915
▁القض	-12.661304
▁اربع	-12.661410
▁المشابهة	-12.661483
▁بالتعديلات	-12.661486
نتمي	-12.661550
▁نوافق	-12.661564
إيداع	-12.661676
▁الجدل	-12.661851
▁ملكا	-12.661879
▁والتطبيق	-12.661971
▁الاميركية	-12.662028
▁تصنيفها	-12.662168
▁والجزاءات	-12.662215
▁الزائد	-12.662243
ميزنة	-12.662253
▁لمرافق	-12.662316
mil	-12.662340
▁Yearbook	-12.662618
▁المتورطين	-12.662619
▁ذخيرة	-12.662619
▁نيقوسيا	-12.662667
▁وبالتحديد	-12.662717
▁الغضب	-12.662801
red	-12.662803
▁عازم	-12.662828
مضايقات	-12.662894
▁وصور	-12.662899
▁وسلوك	-12.663239
▁والإنساني	-12.663245
▁بالشرطة	-12.663333
أوزبكستان	-12.663390
ستعان	-12.663509
▁وتعلق	-12.663537
المعلومات	-12.663589
▁أوقفت	-12.663604
▁للتصدير	-12.663616
▁الوافية	-12.663741
▁ورعايته	-12.663755
▁بموقع	-12.663766
Document	-12.663767
▁East	-12.663776
▁أكدوا	-12.663871
▁النمساوية	-12.663892
▁يتركز	-12.664008
▁ويعيد	-12.664106
▁البارزين	-12.664160
▁لاستيراد	-12.664199
لاستيلاء	-12.664373
▁المعز	-12.664656
▁تطل	-12.664793
ender	-12.664824
▁تنهي	-12.664923
▁مداولاتنا	-12.664958
/2008/6	-12.664998
اكاو	-12.665053
إضافات	-12.665088
▁احتلت	-12.665235
غضب	-12.665252
▁للمعاملة	-12.665358
▁باسترداد	-12.665507
▁عصرنا	-12.665678
▁بالأدلة	-12.665729
▁بالأساس	-12.665747
▁290	-12.665881
الإدارة	-12.665903
▁المجيبة	-12.666069
▁المتطرفين	-12.666136
▁ضعيف	-12.666173
▁232	-12.666212
▁المتغير	-12.666497
▁فارق	-12.666598
لتوريد	-12.666613
▁أجد	-12.666698
▁مشتر	-12.666775
إلهام	-12.666916
تصميم	-12.666946
▁ولمنع	-12.667081
▁Option	-12.667095
.2/2001/	-12.667163
▁وجزء	-12.667172
▁سوابق	-12.667173
حساسية	-12.667257
▁المئات	-12.667297
▁غول	-12.667317
▁بطالة	-12.667335
أكاديمية	-12.667340
imp	-12.667469
▁طاقتها	-12.667507
▁استشارات	-12.667747
▁والعسكري	-12.667952
▁266	-12.667953
▁واكت	-12.668056
القضاء	-12.668156
منظور	-12.668232
▁وايرلندا	-12.668312
▁صلاحيتها	-12.668313
▁وعشرون	-12.668313
▁والتشغيلية	-12.668519
تقرر	-12.668535
▁والمضي	-12.668563
▁تعازي	-12.668636
▁اتخذنا	-12.668708
▁تبل	-12.668850
ستطلاع	-12.668880
▁لتركيا	-12.668923
▁وباستخدام	-12.668930
▁للتفاعل	-12.668984
▁وملتمسي	-12.669153
▁عروضا	-12.669212
▁المختفين	-12.669456
▁مألوف	-12.669456
▁بقمع	-12.669469
▁وصكوك	-12.669500
السنوات	-12.669549
▁وإدارات	-12.669595
▁وجيه	-12.669633
▁الحكومتين	-12.669678
▁المشبعة	-12.669724
تملك	-12.669841
▁وجماعة	-12.669845
▁محرر	-12.669888
خصوبة	-12.669933
▁والتعايش	-12.670054
▁128-	-12.670056
▁المحرر	-12.670147
▁للدفع	-12.670255
▁الحسن	-12.670279
▁والطفلة	-12.670304
▁أشاد	-12.670510
▁والنظافة	-12.670599
▁الدلائل	-12.670600
▁بريشتينا	-12.670600
▁لغوية	-12.670647
▁وأرى	-12.670690
▁ووفيات	-12.670719
▁المحكم	-12.670774
يتجلى	-12.671124
▁يتردد	-12.671227
▁شروح	-12.671251
▁الاعتباريين	-12.671347
▁000.1	-12.671356
▁يتبعه	-12.671566
▁متميز	-12.671578
/103	-12.671652
▁يضفي	-12.671769
fact	-12.671906
▁أرد	-12.672032
▁وانتهاء	-12.672123
▁وحسابات	-12.672133
▁والموت	-12.672261
▁سيبدأ	-12.672383
▁(36)	-12.672625
▁أنجزه	-12.672719
ابلاغ	-12.672732
▁تشريعا	-12.672853
▁اليقظة	-12.672892
▁البديهي	-12.672894
▁حرف	-12.672919
▁وغزة	-12.672954
▁وحولها	-12.673034
▁الحقيقيين	-12.673100
▁للعوامل	-12.673153
أيار	-12.673214
▁ولديه	-12.673216
البنود	-12.673277
▁الموتى	-12.673364
▁رومان	-12.673409
انهيار	-12.673509
▁وزارية	-12.673656
SI	-12.673868
خض	-12.673976
▁Information	-12.674040
▁يتجاهل	-12.674056
▁Tra	-12.674065
▁وخيارات	-12.674077
▁اقتراب	-12.674145
▁التوقيف	-12.674188
▁والقادة	-12.674284
▁والدراسة	-12.674296
▁منفصلا	-12.674451
SO	-12.674470
▁ويتعاون	-12.674525
▁التكاثر	-12.674538
▁فجر	-12.674582
▁الفري	-12.674601
▁بتوحيد	-12.674644
تدفئة	-12.674757
▁والسابع	-12.674775
▁أهب	-12.674802
▁لدليل	-12.674860
CMP	-12.675044
▁ونس	-12.675141
▁Child	-12.675185
▁أسلحتها	-12.675189
▁فيسبوك	-12.675195
▁والحواجز	-12.675208
▁خفيفة	-12.675213
العنف	-12.675250
▁حريص	-12.675292
▁مصفوفة	-12.675294
▁بتأمين	-12.675355
▁بونيا	-12.675490
▁بشري	-12.675582
▁صلتها	-12.675706
▁والديه	-12.675814
▁اقتسام	-12.675833
▁يسدد	-12.675922
▁التمكينية	-12.675926
▁وجهاز	-12.676038
ency	-12.676155
▁لوجستي	-12.676341
▁مستوفاة	-12.676399
كثير	-12.676421
▁حاجته	-12.676456
▁وأجهزتها	-12.676512
▁التفرغ	-12.676528
▁لكان	-12.676532
▁لاستئصال	-12.676537
.02.	-12.676553
تكبد	-12.676671
2010	-12.676732
▁وحققت	-12.676757
▁سيدلي	-12.676834
ناميبيا	-12.676908
▁استمارات	-12.677006
▁بإمكانهم	-12.677078
▁للمدن	-12.677357
▁أسرية	-12.677385
▁تحريك	-12.677399
وفسكي	-12.677402
▁Science	-12.677492
▁الإفرادية	-12.677492
▁المقننة	-12.677493
▁المتزوجة	-12.677496
ology	-12.677497
▁وقيمة	-12.677967
riv	-12.677980
ويس	-12.678082
▁بالدفع	-12.678082
des	-12.678087
▁جولات	-12.678100
▁ابنها	-12.678205
لإبقاء	-12.678277
▁للزيادة	-12.678320
▁خسر	-12.678387
▁مقدرة	-12.678396
BDE	-12.678447
▁الفضل	-12.678468
▁الجنجويد	-12.678645
▁لأبحاث	-12.678645
▁وغياب	-12.678658
▁يمدد	-12.678733
▁وصاحب	-12.678802
▁سلامتهم	-12.679187
▁صوتت	-12.679314
▁مقدمتها	-12.679397
▁والتحول	-12.679701
att	-12.679765
▁الموصوفة	-12.679801
▁الوقوع	-12.679802
▁لمناقشات	-12.679814
▁للإنفاذ	-12.679854
▁شكري	-12.679897
water	-12.679917
▁ضحيته	-12.679951
▁10/15	-12.680007
▁يطلع	-12.680278
▁هجوما	-12.680301
▁تفسيرات	-12.680363
▁لاحظنا	-12.680364
▁المنشئة	-12.680404
تحكم	-12.680690
▁أنصبة	-12.680792
▁الإجلاء	-12.680817
▁صدام	-12.680840
▁القبلية	-12.680969
▁خلاص	-12.680979
▁مذنب	-12.680984
مبادلات	-12.680996
▁واستأنف	-12.681009
▁المخالفين	-12.681015
▁يعط	-12.681042
▁بالمكتب	-12.681088
ثام	-12.681098
▁والأشكال	-12.681300
▁خالد	-12.681423
▁الاحتياج	-12.681625
▁تخي	-12.681730
▁فرضته	-12.681735
▁لإطلاع	-12.681748
▁بدنية	-12.681813
▁جاريا	-12.681999
▁986	-12.682048
▁تايلور	-12.682114
▁والساحلية	-12.682115
▁مفقود	-12.682120
ستحضر	-12.682159
▁تدريبهم	-12.682168
▁بإخلاص	-12.682179
▁حاضرا	-12.682194
يجا	-12.682277
▁وأثره	-12.682319
▁واضطلع	-12.682467
اعتماد	-12.682630
▁ٱخ	-12.682698
ارتأى	-12.682714
▁التقريب	-12.683465
▁امرا	-12.683472
▁الضميري	-12.683591
▁بواسطتها	-12.683592
▁الاسرائيلي	-12.683879
▁المغادرة	-12.683884
▁راض	-12.683913
▁اختيارهم	-12.683921
▁التجول	-12.684388
▁وإزالتها	-12.684433
▁ونيفيس	-12.684435
وعز	-12.684457
▁تجلب	-12.684499
▁للتوظيف	-12.684515
▁Sea	-12.684521
▁0.2	-12.684885
▁مونتي	-12.685138
/2008/1	-12.685178
▁والانتهاك	-12.685193
▁1333	-12.685205
▁مرشد	-12.685333
▁131-	-12.685361
▁وحزب	-12.685532
▁بالإشراف	-12.685594
▁وإيرادات	-12.685594
▁المصاحبة	-12.685598
▁تشين	-12.685639
▁ومحو	-12.685741
▁2004/2	-12.685776
▁لتمديد	-12.685778
▁مختبرات	-12.685844
▁وسيوفر	-12.685909
▁CO	-12.685956
▁Ju	-12.686049
▁وكشفت	-12.686072
أوسع	-12.686152
▁الثلث	-12.686204
يتكون	-12.686289
▁الليلة	-12.686297
▁تتع	-12.686398
▁للخط	-12.686428
▁كوكب	-12.686475
الهدف	-12.686606
▁الغواتيمالي	-12.686756
تغاضى	-12.686757
▁بإحراز	-12.686757
▁وتقني	-12.686768
▁للاعتقاد	-12.686769
انتعاش	-12.686854
▁بالتحقيقات	-12.686917
▁راشد	-12.686917
▁متجددة	-12.687031
▁وتستطيع	-12.687263
▁تشوب	-12.687303
▁تعلمون	-12.687363
▁صالحا	-12.687454
إيران	-12.687459
▁اجت	-12.687633
▁والمعتقدات	-12.687656
لمهمة	-12.687666
▁والفيضانات	-12.687674
▁ستركز	-12.687790
▁بمقترحات	-12.687853
▁بمسؤوليتها	-12.687880
▁System	-12.687922
▁وإمكانيات	-12.687922
▁الزيجات	-12.687923
▁للوالدين	-12.687924
▁النفقة	-12.687939
▁والمصرف	-12.687957
AIDS	-12.687966
▁المجموعتين	-12.688001
▁بدرجات	-12.688004
▁التصريحات	-12.688059
حوسبة	-12.688070
▁استعيض	-12.688094
▁ساك	-12.688180
▁يوقع	-12.688422
حظى	-12.688523
▁مدافع	-12.688602
ينتهي	-12.688680
▁وفع	-12.688735
▁للضغط	-12.688806
▁الإبعاد	-12.689008
▁protection	-12.689086
▁والارتقاء	-12.689111
▁وتفرض	-12.689116
▁الصديقة	-12.689121
▁أحدثت	-12.689258
▁ودخلت	-12.689321
▁(38)	-12.689363
▁كامي	-12.689613
▁مرهونة	-12.689659
▁يحفظ	-12.689703
▁ستشكل	-12.689741
▁لتجريم	-12.689783
▁وأذن	-12.689803
▁130-	-12.689849
▁2005/2	-12.690063
موسيقى	-12.690112
▁قاطبة	-12.690253
▁ترحيله	-12.690297
▁كلاين	-12.690316
▁الجائزة	-12.690319
▁ماركوسي	-12.690345
تقدير	-12.690498
▁308	-12.690578
زيادات	-12.690587
▁الافتتاحي	-12.690601
▁برلماني	-12.690661
els	-12.690675
▁المعج	-12.690851
▁سجناء	-12.690884
بنن	-12.690941
▁وتقنيات	-12.691238
▁تطرحها	-12.691304
▁وسيعرض	-12.691316
limination	-12.691422
▁civil	-12.691422
▁(1981)	-12.691481
▁2-8	-12.691550
امتحان	-12.691578
بورت	-12.691792
▁وتستمر	-12.691812
التوصل	-12.691856
▁لقب	-12.691890
▁تآكل	-12.691978
▁لمناطق	-12.692042
احترام	-12.692043
▁والاختطاف	-12.692085
▁239	-12.692095
▁غري	-12.692224
▁256	-12.692253
▁للعقوبة	-12.692320
▁والتصديقات	-12.692389
▁(43)	-12.692420
▁UNS	-12.692519
/2005/1	-12.692589
▁كوتونو	-12.692610
▁للمعاملات	-12.692822
▁وسواء	-12.692932
▁للبشر	-12.693115
▁تكافح	-12.693119
▁مخصصا	-12.693120
▁القادرين	-12.693417
▁وإدخالها	-12.693432
▁ولجنته	-12.693818
▁الحراسة	-12.693850
تبن	-12.693959
لرقابة	-12.694249
▁العشرون	-12.694318
▁ومشاركتهم	-12.694379
▁مسبوق	-12.694526
▁اشعر	-12.694644
▁وجيش	-12.694713
▁سيناريو	-12.694818
اقتحام	-12.694879
▁يصنع	-12.694930
▁المتجدد	-12.695089
▁وعوامل	-12.695211
▁any	-12.695328
كربون	-12.695347
▁والطبية	-12.695371
▁العسير	-12.695540
▁وتدير	-12.695588
mm	-12.695589
▁تحفيز	-12.695628
▁بوست	-12.695646
▁قوامه	-12.695788
الإجراءات	-12.695921
الله	-12.695952
▁إستراتيجية	-12.696039
president	-12.696107
▁Company	-12.696108
▁الترفيه	-12.696113
▁والوفود	-12.696113
▁ومساهمته	-12.696133
▁الاصلاح	-12.696147
Ch	-12.696252
مؤلف	-12.696268
▁التعوي	-12.696302
تأث	-12.696314
▁توخ	-12.696416
▁عفو	-12.696472
/2006/7	-12.696500
▁منطقيا	-12.696604
aux	-12.696759
▁متماسك	-12.696788
▁وحصانات	-12.696822
يوجز	-12.696898
ثمن	-12.696954
▁Ver	-12.697265
▁بالتوازي	-12.697283
▁الوعود	-12.697294
▁لجلسات	-12.697321
▁والموجهة	-12.697368
▁56/24	-12.697436
▁ينم	-12.697453
بديت	-12.697472
▁أرادت	-12.697515
▁الليبري	-12.697557
▁وواضحة	-12.697559
▁الجندي	-12.697697
▁تكلف	-12.697863
▁وأدلة	-12.697928
▁ومسؤولياتها	-12.697991
▁للكثير	-12.698090
ena	-12.698179
▁ووفدي	-12.698302
ملتقى	-12.698323
▁وموحد	-12.698419
▁والخفيفة	-12.698460
▁جمال	-12.698534
▁ضابطا	-12.698563
لأوراق	-12.698714
▁٣٩	-12.698782
▁مسر	-12.698833
▁زائدا	-12.698926
▁التلفزيونية	-12.699123
text	-12.699256
▁السماوي	-12.699296
▁رئاستها	-12.699336
▁لجرائم	-12.699446
أرمينيا	-12.699557
وصاية	-12.699629
▁للذكور	-12.699639
▁مغادرته	-12.699717
▁الصكين	-12.699751
▁وخبرة	-12.699764
▁ألماني	-12.699845
AWG	-12.699892
▁ومرض	-12.699911
▁اختطف	-12.699938
▁كمركز	-12.699988
▁التأسيسي	-12.700071
▁يقابلها	-12.700225
mber	-12.700278
▁سقط	-12.700346
/54/7	-12.700496
الأمن	-12.700498
الرئيس	-12.700564
▁استكملت	-12.700576
استراتيجيات	-12.700584
119	-12.700604
▁2009/2010	-12.700817
▁أشارك	-12.700840
▁Bas	-12.700937
ممرضات	-12.701015
▁الطالبات	-12.701158
▁مقربة	-12.701342
▁حققها	-12.701402
▁صادقة	-12.701542
log	-12.701591
▁ويشار	-12.701614
▁الملحوظة	-12.701785
▁التغذوي	-12.701998
▁انتحار	-12.702075
▁اقتصادها	-12.702121
▁ويأخذ	-12.702200
تعمد	-12.702275
/57/6	-12.702320
▁pour	-12.702369
▁لائقة	-12.702591
▁بالبنود	-12.702651
▁أضافت	-12.702691
stat	-12.702830
Institut	-12.702881
حيز	-12.702942
▁يبرهن	-12.702992
تسنى	-12.703089
▁يتصف	-12.703116
▁للمعارف	-12.703179
▁والوئام	-12.703179
▁224	-12.703202
▁بالفرص	-12.703224
▁ويشك	-12.703263
▁الهوتو	-12.703350
▁تركيزات	-12.703376
▁أدوية	-12.703424
يضاف	-12.703479
▁بالزيادة	-12.703485
الوثائق	-12.703752
حتذى	-12.703879
▁يخفض	-12.704057
▁صانع	-12.704103
▁والبقاء	-12.704181
▁يأمر	-12.704265
don	-12.704291
▁للهجمات	-12.704363
▁سواحل	-12.704367
▁كتابية	-12.704424
reg	-12.704618
▁الملو	-12.704620
▁خصوصي	-12.704740
▁241	-12.704776
▁حياتك	-12.704834
▁حروب	-12.704924
▁صاغ	-12.705138
▁كوكبنا	-12.705263
▁255	-12.705359
▁التمثيلية	-12.705385
▁خضم	-12.705521
▁تباطؤ	-12.705547
▁والمعلمين	-12.705550
استصدار	-12.705633
سخر	-12.705877
▁التنمي	-12.706083
▁خبراتها	-12.706085
▁وتدين	-12.706227
▁شقيق	-12.706271
قشور	-12.706400
إحاطت	-12.706430
▁شريعة	-12.706472
التشديد	-12.706612
▁حرائق	-12.706688
▁وتسع	-12.706697
▁title	-12.706734
▁بالمفاوضات	-12.706734
▁لتقليص	-12.706734
▁ثياب	-12.706783
▁المدخل	-12.706984
خرائط	-12.706989
▁استضاف	-12.707014
▁مسي	-12.707121
▁249	-12.707244
▁650	-12.707388
▁المنفصلة	-12.707413
تصدر	-12.707489
▁سيتولى	-12.707839
▁الاستنساخ	-12.707921
▁وولايتها	-12.707925
▁ينته	-12.707991
تطوع	-12.708024
▁الأفلام	-12.708118
▁اعرض	-12.708209
▁وتوصل	-12.708229
▁المنبر	-12.708760
▁تحولت	-12.708769
▁بخدمة	-12.708949
▁باماكو	-12.709112
▁الاحيان	-12.709114
الكيفية	-12.709273
▁وملموسة	-12.709434
▁لقاح	-12.709435
▁ومنتج	-12.709560
▁ووجدت	-12.709771
▁حققه	-12.709785
لتراخيص	-12.710032
▁نقد	-12.710093
▁مجتمعاتنا	-12.710170
غرق	-12.710174
▁المستحضرات	-12.710302
▁الثروات	-12.710305
/2002/2	-12.710317
▁والمعونة	-12.710323
ثيرت	-12.710330
▁منتجة	-12.710384
▁المحكمتان	-12.710414
▁النفاس	-12.710503
▁Land	-12.710599
▁نتناول	-12.710659
▁مرحلتي	-12.710677
▁للإنسان	-12.710721
▁٤٢	-12.710857
▁تتجاهل	-12.710923
▁وأؤكد	-12.711020
البنك	-12.711021
▁وبكل	-12.711040
▁أوروبي	-12.711073
▁لتأييد	-12.711119
▁132-	-12.711135
▁ساق	-12.711279
▁نيكولا	-12.711367
IX	-12.711432
▁للأفرقة	-12.711484
▁فريتاون	-12.711493
▁للمساعدات	-12.711495
▁والشابات	-12.711536
▁أتعاب	-12.711582
▁تساؤل	-12.711664
▁للجنسين	-12.711703
▁المهيمن	-12.711916
MO	-12.712076
▁هنري	-12.712219
▁يتجه	-12.712245
▁وترجو	-12.712258
▁253	-12.712441
▁حصار	-12.712525
▁صاد	-12.712605
تفاهم	-12.712629
▁لشواغل	-12.712687
▁سائدة	-12.712692
▁أفغاني	-12.712707
يحظى	-12.712784
▁قوتها	-12.712848
المشتغلين	-12.713001
▁والتدهور	-12.713100
▁لكندا	-12.713174
DH	-12.713286
▁وتشج	-12.713406
1986	-12.713511
▁تطبيع	-12.713558
لماذا	-12.713560
3-4	-12.713582
▁واهتمام	-12.713615
▁يستحقون	-12.713752
▁وزعماء	-12.713853
▁وسلامتهم	-12.713857
▁بالمتطلبات	-12.713881
▁مميزة	-12.713910
▁يؤذن	-12.713923
ستبدل	-12.713941
▁تعطل	-12.714019
يمبا	-12.714052
▁ميغ	-12.714142
▁الورقية	-12.714264
▁المتحصل	-12.714302
▁القارات	-12.714361
▁يتولون	-12.714406
▁النقية	-12.714448
▁والشراء	-12.714530
▁يدور	-12.714666
▁USA	-12.714797
▁تعاوننا	-12.714996
▁والثمانون	-12.715076
▁سلطت	-12.715101
جمال	-12.715205
داوم	-12.715221
▁جونسون	-12.715224
/2006/2	-12.715242
▁يستفيدون	-12.715412
▁آد	-12.715547
▁وفوق	-12.715613
▁للتحليل	-12.715708
▁ويمك	-12.715807
وليس	-12.716023
▁للاستماع	-12.716277
سماسرة	-12.716374
▁ثقافيا	-12.716466
▁الغريب	-12.716478
▁وترتيب	-12.716496
▁يجدد	-12.716599
▁دائر	-12.716688
▁وبهدف	-12.716931
لبت	-12.717110
▁سيجعل	-12.717171
▁لكولومبيا	-12.717218
فسد	-12.717465
▁الصهيوني	-12.717474
▁ورزازي	-12.717474
إحجام	-12.717476
▁والتحضير	-12.717487
▁الاشرار	-12.717517
▁للإسكان	-12.717519
▁والقروض	-12.717559
▁الاحتكا	-12.717576
▁تغطيتها	-12.717607
بلغاريا	-12.717674
La	-12.717680
▁persons	-12.717875
/2006/1	-12.717942
مقبولية	-12.718019
▁صاف	-12.718043
▁تجمعات	-12.718066
▁مأمون	-12.718362
▁مدمجة	-12.718365
▁تلاميذه	-12.718379
▁انفصال	-12.718627
▁مناقشاتنا	-12.718644
▁والدخول	-12.718676
▁أسطول	-12.718764
إخضاع	-12.718791
▁الخفض	-12.718904
برمج	-12.718985
▁لنيل	-12.719060
دهوك	-12.719117
▁they	-12.719125
▁الأسرى	-12.719211
▁حضرية	-12.719228
▁للإشارة	-12.719257
▁اخبار	-12.719340
▁انحراف	-12.719379
▁نصيبها	-12.719446
▁ناجحا	-12.719730
▁فمع	-12.719865
▁المسروقة	-12.719876
▁بالمجالات	-12.719968
▁الأوربي	-12.719996
▁رأسمال	-12.720081
▁الكائن	-12.720115
ED	-12.720177
▁سادت	-12.720183
▁تكبدت	-12.720225
▁بالنفقات	-12.720293
▁وآب	-12.720493
▁إجراؤه	-12.720506
▁133-	-12.720601
▁المضايقة	-12.720651
php	-12.720701
▁المنفعة	-12.720814
▁كالآتي	-12.721079
▁لإبراز	-12.721080
▁الفيلم	-12.721128
dg	-12.721128
ضآلة	-12.721148
▁بالرقابة	-12.721201
▁كفاءتها	-12.721246
▁رودلي	-12.721278
▁يقولون	-12.721336
▁مدرسية	-12.721378
▁بأول	-12.721397
▁إسقاطات	-12.721403
▁للبني	-12.721416
▁والخطرة	-12.721417
▁المجسد	-12.721570
▁الوافدين	-12.721580
vent	-12.721648
▁وتعهدت	-12.721656
▁مستصوب	-12.721730
▁Gre	-12.721832
▁للمنظور	-12.721860
▁لوران	-12.722002
ازدواجية	-12.722028
▁تتبادل	-12.722045
▁Studies	-12.722285
▁بالأسماء	-12.722475
شبع	-12.722543
▁اتسع	-12.722595
▁سيسمح	-12.722641
▁las	-12.722685
فزع	-12.722701
▁تعزي	-12.722875
▁الجسد	-12.722876
▁قوته	-12.722881
▁اطلاق	-12.722973
المكتب	-12.722986
/2005/3	-12.723035
▁محافظات	-12.723133
▁وتركمانستان	-12.723375
▁الإم	-12.723379
▁أحادية	-12.723427
Indigenous	-12.723491
▁والأخطار	-12.723491
▁والتقديرات	-12.723527
▁ينفذها	-12.723617
▁استهدف	-12.723619
▁السياح	-12.723660
▁الإطلاع	-12.723663
جائزة	-12.723771
▁العميل	-12.723900
▁يتكبد	-12.723915
▁بالجنسية	-12.724151
▁المصنع	-12.724222
▁دروسا	-12.724363
▁ذكور	-12.724377
▁برفق	-12.724417
▁جذرية	-12.724454
▁المطال	-12.724494
▁حافل	-12.724554
ges	-12.724625
én	-12.724678
▁وتسويق	-12.724699
▁لمكاتب	-12.724706
▁ثروة	-12.724722
▁الاثن	-12.724732
▁الحصاد	-12.724984
▁بالماء	-12.725054
▁بالاشتراء	-12.725190
▁التطوع	-12.725401
▁إضاف	-12.725428
▁ويصل	-12.725574
▁Go	-12.725667
▁فجأة	-12.725908
مهاجر	-12.725918
لسوء	-12.726060
▁الوافد	-12.726623
▁تشهدها	-12.726651
▁2-9	-12.726667
▁سراحه	-12.726681
▁أثير	-12.726865
▁صمت	-12.726890
▁عقليا	-12.726989
▁المركب	-12.727074
▁ارشاد	-12.727129
حبوب	-12.727239
تدمير	-12.727259
▁وسيركز	-12.727324
فيضانات	-12.727374
▁الإيمان	-12.727423
▁لنحو	-12.727423
▁497	-12.727659
▁المفتشان	-12.727836
▁تؤك	-12.727894
▁شاقة	-12.728050
▁مهاراتهم	-12.728054
تغيير	-12.728228
▁مكسيكو	-12.728331
▁ملامح	-12.728338
▁إلغاؤه	-12.728339
▁وإدماجها	-12.728354
▁لاكتساب	-12.728477
ternal	-12.728662
▁لوحة	-12.728688
▁حادا	-12.728893
▁بارامترات	-12.729041
MS	-12.729044
▁فاز	-12.729126
▁واجتمعت	-12.729143
المعاهدات	-12.729227
▁وواضح	-12.729278
بحيرات	-12.729302
web	-12.729316
▁فريدا	-12.729392
أدنى	-12.729423
▁ترشح	-12.729447
▁وصحته	-12.729542
الاجتماع	-12.729544
▁بمواد	-12.729575
▁جيرغا	-12.729597
▁بحذف	-12.729611
▁زبائن	-12.729612
▁والعبور	-12.729731
▁ممول	-12.730017
تطبيع	-12.730019
هتدي	-12.730022
▁ويصف	-12.730035
▁تستمد	-12.730062
▁بدنيا	-12.730119
▁والتحسينات	-12.730120
تآزر	-12.730122
▁محكوم	-12.730165
▁cases	-12.730192
▁المنتمية	-12.730392
SD	-12.730473
▁نائية	-12.730489
▁والربط	-12.730493
▁متجدد	-12.730535
▁لويز	-12.730592
▁اسبوع	-12.730762
▁والطلاب	-12.730762
▁لدراسات	-12.730774
▁والمقاصد	-12.730781
▁واسترداد	-12.731137
▁سميث	-12.731143
▁ووفر	-12.731196
▁والمعاملات	-12.731249
▁جوبا	-12.731348
مئات	-12.731415
زعماء	-12.731623
▁المرصد	-12.731676
▁المرصود	-12.731699
▁مالفيناس	-12.731857
▁مستواها	-12.731924
▁decision	-12.731976
▁الانطباع	-12.731976
▁الإدمان	-12.731978
▁والاقليمي	-12.732040
▁الطول	-12.732087
دوس	-12.732167
▁محافظ	-12.732226
السيد	-12.732299
ضايق	-12.732306
▁التصور	-12.732313
▁Op	-12.732433
▁والعسكريين	-12.732591
▁بالعولمة	-12.732639
▁247	-12.732678
▁التواريخ	-12.733016
▁المأخوذ	-12.733193
▁والإعمار	-12.733193
▁والقصد	-12.733357
.2/2000/	-12.733383
حمى	-12.733401
▁للمشتريات	-12.733699
الجماعة	-12.733760
▁التجريم	-12.734074
▁مشاهدة	-12.734209
▁تعاقد	-12.734215
/2000/5	-12.734340
▁بالإعلام	-12.734413
▁ثغرة	-12.734414
▁والترفيه	-12.734416
تأهل	-12.734511
▁الفارين	-12.734520
▁وإغلاق	-12.734529
▁وحياد	-12.734741
▁هاتفية	-12.734766
▁محاكمته	-12.734881
▁ستتم	-12.734978
▁كتيبات	-12.735026
التمييز	-12.735064
▁بصيغة	-12.735087
▁ملتزما	-12.735209
▁أعبر	-12.735462
▁للائتمان	-12.735634
▁التجار	-12.735950
▁طموحة	-12.736206
▁كرس	-12.736331
يفان	-12.736412
▁استقصاءات	-12.736430
▁للفساد	-12.736447
بروني	-12.736553
▁الباقين	-12.736720
▁حثيثة	-12.736856
▁شكرنا	-12.736858
▁ميشيل	-12.736893
▁تخطي	-12.736914
▁الوعد	-12.736972
بطاريات	-12.737109
▁وستساعد	-12.737146
▁المعادية	-12.737229
▁لنائب	-12.737423
▁بالمنتجات	-12.737427
▁للاعتماد	-12.737648
▁49/1	-12.737797
/105	-12.737861
▁135-	-12.737972
▁عواصم	-12.738081
▁واللاعنف	-12.738091
▁جيريمي	-12.738114
▁وسياسي	-12.738200
الخدمات	-12.738307
جرعة	-12.738315
ملوثات	-12.738490
▁وكنا	-12.738559
▁لهدف	-12.738580
bor	-12.738662
▁تلقائية	-12.738684
▁والعرق	-12.738727
▁بالعرض	-12.738735
▁الامتحان	-12.738794
▁الصم	-12.738794
اتقاء	-12.738831
▁التفجيرات	-12.738856
af	-12.738900
يانو	-12.739064
▁دؤوب	-12.739313
▁افكار	-12.739357
▁وتابعت	-12.739518
▁بائع	-12.739603
▁اخيرا	-12.739623
▁يحاكم	-12.739633
صراحة	-12.739861
▁بالأداء	-12.739928
حوافز	-12.739939
▁الوالدون	-12.739975
▁134-	-12.740234
▁وكفاءتها	-12.740369
▁للجمع	-12.740384
▁meeting	-12.740444
▁الأغنياء	-12.740533
▁Education	-12.740534
▁وأندورا	-12.740560
طليعة	-12.740587
نخفض	-12.740681
يحتوي	-12.740820
وراثة	-12.740838
تضييق	-12.740996
▁الإعفاءات	-12.741067
▁لموقع	-12.741252
▁تعه	-12.741354
▁التهمة	-12.741546
▁بمصائد	-12.741761
▁للوزراء	-12.741761
▁المتحاربة	-12.741762
▁والتنبؤ	-12.741762
▁المتظاهرين	-12.741763
▁ومناقشات	-12.741765
▁لأنشطتها	-12.741827
del	-12.741973
▁المساندة	-12.742028
▁مبر	-12.742118
▁تزوير	-12.742119
lle	-12.742143
▁252	-12.742230
الاطلاع	-12.742253
▁بأفغانستان	-12.742410
▁306	-12.742533
▁إثني	-12.742555
Supp	-12.742715
شبيه	-12.742792
▁أوجدت	-12.742826
▁الأذهان	-12.742991
▁عولجت	-12.742991
▁لعناصر	-12.743038
▁الإصرار	-12.743114
▁Min	-12.743176
ku	-12.743286
تخطى	-12.743321
une	-12.743419
لسائر	-12.743490
▁محاسبي	-12.743602
غفر	-12.743641
▁ثقيلة	-12.743784
▁ويعاني	-12.743858
ino	-12.743953
تطرق	-12.743957
▁أطنان	-12.744224
▁العقبة	-12.744325
▁الحارة	-12.744368
IPM	-12.744397
▁فحوص	-12.744450
▁سرعا	-12.744511
شئون	-12.744576
▁مجابهة	-12.744616
row	-12.744618
التضحية	-12.744704
case	-12.744818
▁التأخيرات	-12.744913
▁اقتناعها	-12.744958
▁Air	-12.744967
▁بلاغا	-12.744997
▁بمجال	-12.745088
▁ريادي	-12.745254
▁بخطر	-12.745292
▁افتراضات	-12.745404
▁مبعوثي	-12.745450
▁أنابوليس	-12.745458
▁إشارته	-12.745500
شكاوى	-12.745625
▁يبرم	-12.745639
▁تنطلق	-12.745840
▁كجه	-12.745908
▁فرضتها	-12.745911
▁أنقرة	-12.746140
▁انظ	-12.746156
▁يلغي	-12.746223
ía	-12.746250
رحلة	-12.746254
▁المتوق	-12.746256
▁مرحلتين	-12.746301
▁751	-12.746452
part	-12.746511
▁لمحاضر	-12.746540
▁والشمول	-12.746596
▁الراحل	-12.746706
▁اعضاء	-12.746748
يتز	-12.746824
▁الصربي	-12.746826
▁وسرعا	-12.746874
▁تقاضي	-12.746952
لروابط	-12.746961
▁وندرك	-12.747023
▁نابع	-12.747149
▁دعيت	-12.747165
United	-12.747169
▁التطلع	-12.747190
▁الباكستانية	-12.747206
ju	-12.747256
▁أقيم	-12.747372
دودة	-12.747381
نصف	-12.747398
▁والام	-12.747483
▁258	-12.747731
▁over	-12.747828
▁مجرى	-12.747848
▁مرموق	-12.747934
▁والطبيعي	-12.747943
▁following	-12.747973
▁والاختبار	-12.748077
▁عصب	-12.748158
▁احتياطيات	-12.748239
▁كلمتها	-12.748255
ye	-12.748335
▁مسو	-12.748359
ناشط	-12.748475
▁سيتخذ	-12.748609
▁مصانع	-12.748731
▁عديدون	-12.748866
▁others	-12.748878
لزئبق	-12.748918
▁لأساليب	-12.748921
▁هاجم	-12.748934
▁سيحدث	-12.748988
▁وعمان	-12.749055
رواندا	-12.749104
▁والميزانيات	-12.749165
▁Member	-12.749171
ium	-12.749340
▁المصيد	-12.749516
نثى	-12.749577
▁ملاحظ	-12.749691
▁الميزة	-12.749747
لتسريع	-12.749814
إيذاء	-12.749897
▁person	-12.750009
▁لمسؤولي	-12.750029
▁بخطى	-12.750225
▁العبودية	-12.750237
▁الشرح	-12.750291
▁مساعيها	-12.750318
▁267	-12.750330
▁تروج	-12.750375
▁المسافة	-12.750506
▁توصف	-12.750528
▁بإيفاد	-12.750558
▁وتوسع	-12.750634
▁ومراجع	-12.750749
▁وتقييد	-12.750773
▁المستخد	-12.750793
▁والجغرافي	-12.750900
أقارب	-12.751081
▁بالفساد	-12.751196
▁وأحدث	-12.751260
▁بضحايا	-12.751316
▁ويعالج	-12.751385
▁ثور	-12.751409
▁ناجعة	-12.751628
▁المؤبد	-12.751694
▁دبي	-12.751874
▁أولهما	-12.752019
▁يهيئ	-12.752027
▁نيس	-12.752143
▁يضعف	-12.752172
▁بالاتصالات	-12.752202
▁259	-12.752242
بالإضافة	-12.752384
▁مانويل	-12.752396
▁ترسي	-12.752461
تمارين	-12.752604
▁جمي	-12.752707
▁نرجو	-12.752710
▁dé	-12.752760
فظائع	-12.752813
▁participa	-12.752888
▁المتمردون	-12.752888
▁ليقوم	-12.752910
▁بالصكوك	-12.752913
▁للاغتصاب	-12.752923
▁الانقطاع	-12.752932
▁ويجد	-12.752934
▁تلفزيون	-12.752936
▁الموزعة	-12.752969
▁أقساط	-12.753014
▁المؤدي	-12.753057
▁والسطو	-12.753070
مبيعات	-12.753152
▁كوين	-12.753299
▁مصم	-12.753448
/2007/7	-12.753735
▁انتشر	-12.753828
▁136-	-12.754033
▁تزوج	-12.754043
▁تضطر	-12.754114
▁للهجوم	-12.754131
▁ومقصدها	-12.754135
النفقات	-12.754190
▁الموكول	-12.754225
مستجمعات	-12.754251
▁وتوقيت	-12.754292
▁معاناته	-12.754313
شيخوخة	-12.754357
▁وتعاونها	-12.754379
أولويات	-12.754397
▁مواقفها	-12.754465
ننوه	-12.754481
التوصية	-12.754550
▁وتشك	-12.754641
▁للرأي	-12.754675
TC	-12.754695
▁الاسرائيليين	-12.754725
▁يعم	-12.754736
▁137-	-12.754794
▁الآداب	-12.754813
▁يفعله	-12.754972
▁ميلان	-12.755029
▁ترسان	-12.755260
▁وبربادوس	-12.755289
▁'9'	-12.755376
▁الشاطئ	-12.755376
▁الطاقات	-12.755386
▁لحياة	-12.755412
▁المشو	-12.755486
▁لإرسال	-12.755502
الجيش	-12.755503
▁وخطر	-12.755681
▁الآجال	-12.755696
للسكان	-12.755764
تكمن	-12.755906
▁يأسف	-12.756082
إسهام	-12.756269
▁استرجاع	-12.756622
▁المؤجلة	-12.756626
▁245	-12.756649
▁للديون	-12.756661
▁والإعانات	-12.756675
▁التذرع	-12.756972
▁أخاطب	-12.757085
▁التعدي	-12.757190
قنوات	-12.757281
▁اللوم	-12.757283
▁تعازينا	-12.757582
▁وتيسر	-12.757586
▁ومجالس	-12.757607
لتوقيت	-12.757802
▁الضالعي	-12.757919
▁جيني	-12.757981
▁لوصف	-12.758001
▁ينعقد	-12.758008
▁دينامي	-12.758224
▁المقي	-12.758318
استقامة	-12.758359
▁Les	-12.758472
▁للآليات	-12.758493
▁370	-12.758858
De	-12.758946
Country	-12.759121
▁للأجيال	-12.759121
▁والنجاح	-12.759124
fccc	-12.759129
فرط	-12.759144
▁والتبادل	-12.759187
▁تشاورية	-12.759295
▁ومقدار	-12.759428
▁وتدرج	-12.759621
▁مكملا	-12.759658
▁لوكيل	-12.759732
ness	-12.759892
▁الهيدرو	-12.759970
.4/61/	-12.760006
▁sub	-12.760018
▁يرجو	-12.760058
▁بالتح	-12.760183
▁دفتر	-12.760384
▁بمهمته	-12.760485
▁ومستمر	-12.760531
▁واستعرضت	-12.760724
▁سيمون	-12.760867
▁الحرف	-12.760992
▁وجاءت	-12.761275
معاودة	-12.761324
▁لانخفاض	-12.761336
استمارات	-12.761460
▁للمكسيك	-12.761625
▁بطيئة	-12.761626
▁official	-12.761627
▁جلستين	-12.761630
▁المروعة	-12.761636
▁الإستونية	-12.761639
▁والمشردون	-12.761671
لتحريض	-12.761675
جورجيا	-12.761721
▁المعبر	-12.761743
▁المدينين	-12.761808
▁تنبع	-12.761988
▁يشوع	-12.762106
▁الكوبيين	-12.762134
▁ننتظر	-12.762153
▁244	-12.762186
▁روج	-12.762260
▁المصن	-12.762384
لاويين	-12.762464
▁ويعقد	-12.762764
▁والاحتياطيات	-12.762880
▁المناظر	-12.762916
المجتمع	-12.762928
▁لأنغولا	-12.763020
▁كيس	-12.763045
▁للموقع	-12.763124
السنة	-12.763157
▁محص	-12.763185
BP	-12.763357
▁جسديا	-12.763394
تعادل	-12.763535
▁معتقل	-12.763594
▁المصانع	-12.763726
▁دوربان	-12.764091
▁لاستقبال	-12.764136
▁والتسويق	-12.764136
▁الانقلاب	-12.764137
▁الإحصائيات	-12.764209
▁واضطر	-12.764223
▁يونغ	-12.764223
▁وستستمر	-12.764242
▁غيار	-12.764277
-1-2	-12.764291
▁غرام	-12.764368
▁الدموية	-12.764412
▁265	-12.764522
خصوم	-12.764684
▁236	-12.764957
▁تقليد	-12.765121
▁وتمول	-12.765129
▁يتحكم	-12.765317
▁child	-12.765391
▁Peace	-12.765394
▁Cont	-12.765410
▁والأمومة	-12.765458
خيانة	-12.765465
▁فضائي	-12.765480
شكركم	-12.765552
▁شوب	-12.765655
▁حرس	-12.765668
▁بالتحكيم	-12.765779
▁بالإدلاء	-12.765818
مكافأة	-12.765937
فانواتو	-12.765944
▁مستندة	-12.765957
▁لمجالات	-12.765961
▁حتفهم	-12.766008
ala	-12.766128
pan	-12.766162
▁ويفضل	-12.766187
عترض	-12.766235
▁يلتحق	-12.766244
شكلت	-12.766325
▁محتجزا	-12.766352
▁فنيين	-12.766407
▁المأساوي	-12.766507
▁وساد	-12.766559
▁المذبح	-12.766625
▁وسيطة	-12.766758
▁والإغاثة	-12.766782
▁التخصيب	-12.766805
▁لروح	-12.766994
▁بالصندوق	-12.767018
▁وموجز	-12.767134
mis	-12.767486
▁الوبائية	-12.767610
لتدقيق	-12.767668
▁بالمشردين	-12.767915
▁والاستعداد	-12.767916
لحظ	-12.767938
▁تستتبع	-12.768037
▁والعنصر	-12.768137
▁And	-12.768205
▁الهيمنة	-12.768287
▁6-5	-12.768529
زوعة	-12.768568
▁المقرض	-12.768826
برنام	-12.768970
▁العريض	-12.769041
▁مستفيض	-12.769041
206	-12.769051
▁انتقائي	-12.769137
▁فلاديمير	-12.769177
▁الظرف	-12.769202
▁الديانة	-12.769203
كلفة	-12.769214
▁غموض	-12.769466
▁المنجز	-12.769483
▁تسمع	-12.769617
▁العز	-12.769731
شارات	-12.769778
▁ياسر	-12.769791
تيسر	-12.769894
▁أشرف	-12.769957
115	-12.770124
/2006/3	-12.770211
▁يشرح	-12.770276
مساهمات	-12.770301
▁المستعم	-12.770358
▁تلميذا	-12.770436
▁ويسعدني	-12.770440
▁الجسور	-12.770450
ظروف	-12.770470
▁نضال	-12.770530
▁الاشتراع	-12.770544
▁وريث	-12.770549
▁والشمال	-12.770718
▁ونزاهة	-12.770731
▁للرسالة	-12.770756
السبل	-12.770760
صقل	-12.770934
▁نمطية	-12.771106
▁التصحيحية	-12.771266
▁ويعطي	-12.771370
ملفات	-12.771375
▁قلبك	-12.771411
▁الكهر	-12.771474
▁بصفت	-12.771529
▁اكتشفت	-12.771560
▁Treaties	-12.771708
▁حفاز	-12.771717
▁العازل	-12.771787
▁We	-12.771829
▁وسأك	-12.771939
▁آلة	-12.771943
.2/2002/	-12.772274
▁باستراتيجيات	-12.772280
▁تاميل	-12.772291
ريتري	-12.772330
ڤا	-12.772404
Mail	-12.772454
▁الفرعيتان	-12.772574
▁واشت	-12.772611
▁وأرسلت	-12.772666
▁بوصول	-12.772673
▁والتآزر	-12.772702
أثنى	-12.772799
▁الترقية	-12.772882
▁لليبريا	-12.772975
▁وخصائص	-12.772975
▁للسجناء	-12.772976
▁والإجرائية	-12.772977
▁تسي	-12.773012
إفشاء	-12.773037
▁دإط	-12.773166
▁فاصل	-12.773267
▁ومحايدة	-12.773285
▁Da	-12.773291
▁أتناول	-12.773391
لطف	-12.773523
'3'	-12.773544
dans	-12.773582
الحادية	-12.773604
حزب	-12.773798
▁الفنادق	-12.773880
▁الهو	-12.773883
▁جول	-12.773986
▁عدو	-12.774050
▁جمركية	-12.774244
▁الجذور	-12.774245
▁بشهادات	-12.774246
▁مستحيلا	-12.774348
▁وتطلعات	-12.774448
وسكو	-12.774560
▁الأسبوعية	-12.774575
▁الأوكراني	-12.774710
▁نوب	-12.774762
▁وإنصاف	-12.774773
International	-12.774819
▁مكافأة	-12.774969
ذريعة	-12.775047
▁محالة	-12.775056
ويؤكد	-12.775085
▁آلات	-12.775140
▁والسؤال	-12.775230
▁مداخل	-12.775434
▁مدربين	-12.775490
▁Conventions	-12.775561
لتقلبات	-12.775606
نشدد	-12.775818
▁خام	-12.775829
▁عشية	-12.775836
▁أدي	-12.775950
▁جرح	-12.776053
▁لمجتمعات	-12.776096
▁والجهاز	-12.776138
▁جليا	-12.776181
الخسائر	-12.776198
▁قرضا	-12.776320
فتوى	-12.776346
lia	-12.776503
▁واجباتهم	-12.776747
▁رئاستكم	-12.776787
▁ضميمة	-12.776791
▁وقاية	-12.776961
▁الخريف	-12.776968
/2008/4	-12.777039
▁بالبحوث	-12.777247
▁مقنعة	-12.777304
▁علاجية	-12.777329
▁للتسوية	-12.777430
استشارة	-12.777537
▁بأنشطته	-12.777700
▁droits	-12.777791
▁وأحث	-12.777807
▁إجابة	-12.778070
▁بالسلوك	-12.778092
▁يحو	-12.778100
ax	-12.778131
▁الإندونيسي	-12.778133
▁التضارب	-12.778411
▁اوضح	-12.778461
▁للتجديد	-12.778511
▁زودت	-12.778523
▁والثنائي	-12.778560
إضراب	-12.778617
▁سالف	-12.778629
▁وسيعقد	-12.778765
لأعوام	-12.778859
▁تأجيج	-12.778879
استيطان	-12.778960
▁فنيا	-12.778970
▁بمطالبات	-12.779090
▁وتعاني	-12.779126
▁سعينا	-12.779147
طوارئ	-12.779169
▁السعودي	-12.779243
▁المعنوي	-12.779302
▁للأرجنتين	-12.779337
▁الفائقة	-12.779338
▁سيناريوهات	-12.779356
▁التحوطي	-12.779379
▁لاتباع	-12.779394
▁فوريا	-12.779398
إفساح	-12.779401
▁بإذن	-12.779462
▁ولوضع	-12.779489
▁الحرس	-12.779527
الإيسا	-12.779534
تمديد	-12.779663
ley	-12.779675
▁المنطقية	-12.779993
▁نقبل	-12.780361
▁وتحظر	-12.780522
▁الكرواتية	-12.780537
▁التخريب	-12.780613
الآلية	-12.780619
▁الموسيقي	-12.780638
▁إفادات	-12.780663
▁الأوكرانية	-12.780731
▁وتجنيد	-12.780837
الحقوق	-12.780853
▁الركن	-12.780911
▁تصنف	-12.780929
دمجت	-12.781026
▁الآية	-12.781404
▁يوقف	-12.781569
المنظمة	-12.781625
▁يوري	-12.781668
▁الوحشي	-12.781805
تنشئة	-12.781851
▁وإحراز	-12.781893
▁implementation	-12.781917
▁ردع	-12.781950
▁ورغبة	-12.781960
▁مذهل	-12.781973
▁٤١	-12.781980
▁59/296	-12.782187
▁أمهات	-12.782207
▁التراب	-12.782245
▁٤٣	-12.782316
▁سيركز	-12.782366
▁المسم	-12.782439
▁سراحهم	-12.782747
105	-12.782867
أوصياء	-12.782876
▁الخلوي	-12.783089
▁الشغب	-12.783185
▁عطاءات	-12.783203
▁إعراب	-12.783209
▁2002/2	-12.783274
▁لمشاركته	-12.783339
▁ائتمانات	-12.783397
لحصص	-12.783524
tin	-12.783562
بنسبة	-12.783662
▁عظيما	-12.784014
▁يدافع	-12.784021
▁المديونية	-12.784119
▁عدلا	-12.784222
▁عادات	-12.784349
▁بالانتهاكات	-12.784457
▁الهايتي	-12.784491
▁والعدد	-12.784647
▁وتوجيهات	-12.784802
حبط	-12.784903
▁305	-12.785000
▁الاختلال	-12.785060
▁وسيلزم	-12.785128
▁Ab	-12.785140
▁منظمي	-12.785448
▁التوضيحات	-12.785478
▁المشك	-12.785688
▁كشريك	-12.785739
▁والصداقة	-12.785739
▁الثمينة	-12.785740
▁المسبوق	-12.785740
▁الوحدوي	-12.785742
▁ابليس	-12.785744
▁Division	-12.785747
تأنيث	-12.785812
ature	-12.785845
▁للمرء	-12.785937
▁لانتخابات	-12.786087
صوب	-12.786159
▁بالتهنئة	-12.786202
▁التذكارية	-12.786323
انطباق	-12.786335
▁الناقصة	-12.786343
▁يتيسر	-12.786391
▁المحس	-12.786394
▁231	-12.786419
تبقى	-12.786490
▁نعتمد	-12.786530
▁البارز	-12.786536
XIII	-12.786669
▁والادعاءات	-12.786737
▁into	-12.786746
▁رودريغيس	-12.787024
▁للأوضاع	-12.787024
▁مواضع	-12.787033
بضائع	-12.787223
أحد	-12.787259
▁داعم	-12.787439
110	-12.787491
▁Switzerland	-12.787724
col	-12.787873
▁مقصد	-12.787877
▁أدمجت	-12.788116
english	-12.788313
▁المرعية	-12.788323
▁بالعقاقير	-12.788529
محطة	-12.788540
▁الموفرة	-12.788584
امبو	-12.788607
▁بالحدود	-12.788634
▁خلايا	-12.788653
▁الحج	-12.788676
▁جنسيتهم	-12.788723
▁مستنيرة	-12.788829
▁273	-12.788910
أكفأ	-12.788954
▁مرقس	-12.788991
▁للمساهمات	-12.789068
التجارة	-12.789069
متقاعدين	-12.789150
▁Ri	-12.789187
▁شاكر	-12.789253
▁الحافز	-12.789279
▁الحرم	-12.789493
نبرغ	-12.789557
يوبي	-12.789598
▁للمزارعين	-12.789599
لأصناف	-12.789617
▁مضر	-12.789628
▁138-	-12.789632
▁فرانسيسكو	-12.789669
الحصة	-12.789718
▁ريفي	-12.789908
▁نحب	-12.789941
قنابل	-12.789971
▁بخطط	-12.790103
▁يهودي	-12.790327
شاي	-12.790614
▁الاستقصاءات	-12.790712
▁App	-12.790778
▁كرة	-12.790809
▁التربوي	-12.790836
▁الهليكوبتر	-12.790890
▁بالمهاجرين	-12.790891
▁التكليف	-12.790908
▁ضالع	-12.791009
▁انتداب	-12.791049
▁نفكر	-12.791226
▁ويثير	-12.791299
FI	-12.791491
▁والتسجيل	-12.791500
▁سحبت	-12.791505
▁موانئ	-12.791695
▁والمقاطعات	-12.791782
قرت	-12.791901
▁عرقي	-12.791950
▁فرعيا	-12.791990
▁إنصاف	-12.792037
▁الطارئ	-12.792135
▁المكانية	-12.792148
▁المطل	-12.792157
▁أوسيتيا	-12.792195
▁مبدئية	-12.792216
▁تنبيه	-12.792232
▁للسفن	-12.792256
المحافظة	-12.792308
▁برز	-12.792405
dia	-12.792412
▁للمنح	-12.792457
▁قيادية	-12.792727
▁المنفق	-12.792770
▁والمحاكمة	-12.792780
▁وافر	-12.792882
أسماك	-12.792885
▁الجليل	-12.792989
▁وفاته	-12.793113
▁اليهودي	-12.793389
▁كارتاشكين	-12.793476
▁Char	-12.793595
/2005/7	-12.793642
▁الكثافة	-12.793768
ستضاف	-12.793861
▁بدمج	-12.794055
▁فوض	-12.794075
▁المانيا	-12.794110
إحاطات	-12.794169
▁بطرد	-12.794257
▁بالقدرات	-12.794319
▁سيتعرض	-12.794467
كسيد	-12.794577
▁خارجيين	-12.794598
▁مظاهرات	-12.794646
▁تحرر	-12.794687
▁Representative	-12.794771
▁للطيران	-12.794773
▁الأعظم	-12.794826
▁المفاهيمي	-12.794967
▁بالنمو	-12.795074
▁وأيار	-12.795095
▁مخرج	-12.795133
▁خصوصيات	-12.795278
▁مأساوية	-12.795527
▁للاستراتيجيات	-12.795588
▁بقائه	-12.795712
▁المصغ	-12.795734
▁القاصرين	-12.795851
▁312	-12.795941
▁الضخم	-12.796042
/2004/6	-12.796143
▁تجاوب	-12.796221
▁صفقات	-12.796446
لخطوات	-12.796613
▁الكاهن	-12.796667
▁المزارعون	-12.796769
الذين	-12.796862
▁عزيز	-12.796919
عائلة	-12.797242
▁كلتيهما	-12.797294
▁للبرازيل	-12.797367
▁متماثلة	-12.797372
▁Principles	-12.797428
▁تحف	-12.797662
▁ولأسباب	-12.797703
TP	-12.797735
▁1455	-12.797826
الاستنتاجات	-12.797884
▁غز	-12.797884
▁US	-12.797955
▁لمجموع	-12.798160
▁كعامل	-12.798203
▁للتقريرين	-12.798243
▁زائدة	-12.798261
زمبابوي	-12.798265
rc	-12.798570
ريخ	-12.798643
▁منتقاة	-12.798668
▁الأرميني	-12.798679
▁التنفسي	-12.798714
▁وأظهر	-12.798714
طريق	-12.798718
▁set	-12.798759
▁تودع	-12.798812
▁واختصاصات	-12.798843
اقتفاء	-12.798844
▁التعاقدي	-12.798862
▁ونقح	-12.798880
▁التبريد	-12.798895
▁فائدته	-12.798935
▁وتمديد	-12.799023
▁المساء	-12.799387
Res	-12.799401
▁المنقول	-12.799442
▁والمباني	-12.799519
▁ڤي	-12.799606
▁مداخلات	-12.799632
السؤال	-12.799709
▁هلاك	-12.799720
▁بقياس	-12.799774
لكفاءة	-12.799836
▁139-	-12.799841
▁263	-12.799880
▁تواترا	-12.799935
▁النباتي	-12.799957
▁العواصم	-12.799969
▁للمسؤوليات	-12.799969
▁والإلكترونية	-12.799972
▁بيئي	-12.799976
▁ونقابات	-12.799987
▁بالامتناع	-12.800006
▁إجلاء	-12.800179
▁القديس	-12.800267
▁الانتداب	-12.800562
▁بالممارسة	-12.800697
▁عالج	-12.800719
▁والمعاهد	-12.800924
▁وقوف	-12.800943
مؤقت	-12.801091
▁OP	-12.801151
▁Tri	-12.801260
▁إحباط	-12.801273
▁وكنت	-12.801289
▁لصيد	-12.801298
▁جدل	-12.801332
▁المراسم	-12.801342
صحائف	-12.801435
▁أنفسها	-12.801439
▁تتجنب	-12.801488
▁الصفقة	-12.801520
برامج	-12.801569
▁وتجعل	-12.801606
▁يحتج	-12.801655
تصدي	-12.801841
▁963-53	-12.801872
بلاد	-12.801910
▁251	-12.801979
الجلسة	-12.802157
أنغولا	-12.802238
▁عبادة	-12.802259
▁اتحادية	-12.802318
▁4-6	-12.802330
Vol	-12.802387
global	-12.802576
▁لتشريعات	-12.802584
▁ترساناتها	-12.802649
▁وجداول	-12.802656
▁منطقي	-12.802697
▁لالتماس	-12.803074
▁بالتدخل	-12.803139
▁محن	-12.803215
.4/63	-12.803278
تآكل	-12.803285
اسبانيا	-12.803308
/2007/5	-12.803578
▁304	-12.803579
تحتفظ	-12.803630
IR	-12.803802
إعانة	-12.803858
off	-12.803881
▁Application	-12.803885
▁المألوف	-12.803885
▁والتصنيف	-12.803885
▁باعتراف	-12.803886
▁الباحثون	-12.803889
▁والمكان	-12.803966
استمرار	-12.803979
▁الآلات	-12.803987
▁الاحتفالات	-12.804019
▁عظم	-12.804020
▁لمتطوعي	-12.804314
▁لتثقيف	-12.804340
مملكة	-12.804503
▁قرأت	-12.804553
.9/631	-12.804607
إعارة	-12.804697
med	-12.804772
إريتريا	-12.804823
▁تستعين	-12.804887
▁لمنتجات	-12.804944
ضلل	-12.805113
▁سيئ	-12.805116
▁تتباين	-12.805164
▁الأقطار	-12.805195
▁بمقاصد	-12.805195
▁والأضرار	-12.805195
▁للضرر	-12.805201
▁تايمز	-12.805207
▁المضطرب	-12.805209
▁للطابع	-12.805209
▁فضل	-12.805230
▁الزيت	-12.805258
▁متنقلة	-12.805277
كملت	-12.805318
لتشييد	-12.805439
▁لتتبع	-12.805621
SER	-12.805627
▁تصنع	-12.805647
▁287	-12.805728
/2002/1	-12.805761
▁تبريرها	-12.805936
▁الجوهر	-12.806242
▁للغير	-12.806307
الإرهاب	-12.806466
▁ترقية	-12.806467
▁ويبدأ	-12.806479
▁والقطري	-12.806561
▁المخططات	-12.806579
▁الآنسة	-12.806590
▁إحصائيات	-12.806881
مسؤولية	-12.806897
صمامات	-12.806918
▁البولي	-12.807171
▁لفعل	-12.807275
بيرغ	-12.807342
▁اتقاء	-12.807351
▁أجابت	-12.807384
حينما	-12.807432
▁محك	-12.807489
▁تجس	-12.807629
الجهات	-12.807770
▁وعاصمتها	-12.807817
▁العقاري	-12.807888
▁يحوز	-12.807895
report	-12.808026
▁سكوت	-12.808041
▁وتندرج	-12.808085
/2004/7	-12.808209
▁المظاهر	-12.808213
▁فأشار	-12.808252
▁إدانتها	-12.808301
▁معتاد	-12.808415
/1993	-12.808421
▁لتحمل	-12.808513
▁وإحلال	-12.808702
/2000/2	-12.808776
▁دفن	-12.808950
▁فبإمكانك	-12.809072
▁تفو	-12.809084
▁بنيت	-12.809095
▁المنضمة	-12.809134
▁غنية	-12.809206
▁وتحديثها	-12.809253
▁المتعد	-12.809318
▁والتمس	-12.809460
▁254	-12.809474
▁العرف	-12.809519
▁2050	-12.809641
▁أضر	-12.809656
▁مسؤولو	-12.809661
▁يانغ	-12.809701
▁سكرتير	-12.809718
▁ويستطيع	-12.809731
▁بمدة	-12.809754
ستعصي	-12.809778
Misc	-12.809842
▁فأنا	-12.809880
▁الدماء	-12.809924
▁بالسل	-12.809934
▁للاتجاهات	-12.809991
▁بضمانات	-12.810125
▁قياسية	-12.810286
▁بوسعنا	-12.810340
▁140-	-12.810410
▁بالتماس	-12.810436
▁social	-12.810448
▁الوافي	-12.810536
▁اكتسبتها	-12.810613
▁إيجاز	-12.810627
▁للسوق	-12.810709
▁بتجنيد	-12.810748
▁ويعاد	-12.810819
▁والمعوقات	-12.810947
▁للموقف	-12.810962
▁1747	-12.811044
رسى	-12.811191
نوقشت	-12.811288
▁وأحالت	-12.811328
▁حراسة	-12.811364
▁كريمة	-12.811594
▁بانتشار	-12.811765
▁نوميا	-12.811782
▁لمعدلات	-12.811785
▁ميسورة	-12.811807
▁Force	-12.811841
▁حوزته	-12.811881
▁والجدير	-12.811881
117	-12.811894
▁تمهيد	-12.811920
▁لمساعدتهم	-12.811924
▁بالمطالبة	-12.812087
▁لجريمة	-12.812424
▁وبتقديم	-12.812539
▁سيواجه	-12.812714
المغلقة	-12.812805
▁حمد	-12.812806
▁شكواه	-12.813081
▁consider	-12.813084
▁كاليفورنيا	-12.813084
▁باستطاعت	-12.813085
▁ستنتهي	-12.813086
▁سعداء	-12.813089
▁الإحالات	-12.813234
▁فعلنا	-12.813235
يستكمل	-12.813349
▁تتفاقم	-12.813356
▁وتوقعات	-12.813409
▁معادن	-12.813449
فتقد	-12.813559
▁توليف	-12.813597
bas	-12.813821
الإسلامية	-12.813925
▁منشئ	-12.814011
وثائق	-12.814172
▁كرست	-12.814260
▁استهلالية	-12.814283
▁ومتوازنة	-12.814380
▁خامس	-12.814383
▁الاستخراجية	-12.814405
▁زمالات	-12.814405
▁لتصدير	-12.814410
▁Forum	-12.814433
▁الافريقي	-12.814499
▁السيادي	-12.814539
▁امل	-12.814571
▁القراء	-12.814586
▁ولدت	-12.815031
استشارات	-12.815079
لجرف	-12.815117
إقفال	-12.815205
▁تصادف	-12.815314
▁إمارة	-12.815398
▁بالأرقام	-12.815417
▁والشاملة	-12.815473
▁مشرف	-12.815542
▁الوراء	-12.815762
▁الأنتيل	-12.815773
▁الجائز	-12.815773
▁had	-12.815804
سكرتير	-12.815885
▁الوثيقتان	-12.815928
▁عذر	-12.815985
▁شحنة	-12.816041
▁شاق	-12.816062
▁ديوان	-12.816099
▁يقرأ	-12.816118
▁جذريا	-12.816369
▁ويلز	-12.816386
ثلث	-12.816392
▁بذور	-12.816545
▁والإسرائيلي	-12.816823
▁المأجور	-12.816998
▁والكتب	-12.817034
▁معقودة	-12.817067
▁الإيضاحات	-12.817076
▁نايجل	-12.817082
▁وتهدد	-12.817102
▁بشهادة	-12.817113
▁العازلة	-12.817186
▁والتعدين	-12.817192
زكي	-12.817374
▁وأدلت	-12.817411
RO	-12.817473
▁السمة	-12.817785
يعقوب	-12.817864
الموقف	-12.817884
▁تبث	-12.817917
الجماعات	-12.818018
▁يعقب	-12.818018
▁وتعيينات	-12.818028
▁والحوافز	-12.818082
▁سقف	-12.818172
▁18-22	-12.818279
▁أمومة	-12.818281
▁بأدلة	-12.818334
▁والعرقية	-12.818365
▁بالصومال	-12.818378
▁للأمريكتين	-12.818378
▁وبريطانيا	-12.818378
▁حاصل	-12.818419
▁فلوريد	-12.818423
▁Other	-12.818444
uel	-12.818502
▁للعيان	-12.818573
▁وإدراجها	-12.818720
الصلات	-12.818905
▁ستمكن	-12.818969
لمجالات	-12.819097
▁سوري	-12.819109
لكسمبرغ	-12.819498
▁فائق	-12.819699
▁وثقافته	-12.819706
▁الجثث	-12.819707
▁للآمال	-12.819707
▁بزمام	-12.819715
▁النزعة	-12.819735
▁صائب	-12.819743
▁ريفاس	-12.819762
▁تغيب	-12.819939
▁عيون	-12.819957
▁الكائنة	-12.820058
▁يبد	-12.820081
ترأس	-12.820491
ient	-12.820566
▁الجدية	-12.820609
▁جنديا	-12.820704
بروتوكول	-12.820822
-178	-12.820937
▁وملديف	-12.820990
▁احتفاظ	-12.821036
▁تدقيق	-12.821036
▁زملائه	-12.821037
▁إجابات	-12.821044
▁بتضمين	-12.821047
▁بالمعاملات	-12.821198
▁الخدم	-12.821331
▁380	-12.821387
▁واتساع	-12.821394
إحلال	-12.821403
الزعماء	-12.821622
▁الريفيين	-12.821939
شمال	-12.822110
▁الحاجز	-12.822226
▁ميسرة	-12.822261
▁والأمية	-12.822325
▁تخالف	-12.822369
▁الهنود	-12.822378
▁والتطور	-12.822437
▁المصاب	-12.822458
▁والحالية	-12.822507
تتلقى	-12.822543
▁النينيو	-12.822554
ating	-12.822692
▁نقطتي	-12.822721
rist	-12.822763
عزيمة	-12.822766
▁أمواج	-12.822810
▁ضياع	-12.823030
/2006/4	-12.823173
▁لتحل	-12.823189
1987	-12.823236
▁تآزر	-12.823253
andesgericht	-12.823700
▁ببنود	-12.823701
▁مونتسيرات	-12.823701
▁موافاته	-12.823738
tect	-12.824128
▁141-	-12.824173
▁الوكيل	-12.824232
▁مؤيد	-12.824271
▁أجاب	-12.824464
ريتش	-12.824548
113	-12.824709
▁بتقاسم	-12.824741
▁حازمة	-12.824849
▁للمتطلبات	-12.825037
▁تأسست	-12.825041
▁لضباط	-12.825074
▁issues	-12.825098
▁قارة	-12.825107
▁واعتقال	-12.825131
▁الكرواتي	-12.825138
▁الساعي	-12.825154
▁معادل	-12.825167
▁تنظيف	-12.825193
▁الاجرام	-12.825214
ito	-12.825235
▁مؤكد	-12.825438
265	-12.825801
▁يولدون	-12.825881
▁الدافعة	-12.825991
▁لتجاوز	-12.826027
نيكاراغوا	-12.826229
سلوفينيا	-12.826232
▁مرحلية	-12.826283
▁58/4	-12.826359
▁project	-12.826373
▁التنموية	-12.826373
/2005/15/	-12.826385
▁بلادنا	-12.826408
▁الملخص	-12.826416
▁لمقر	-12.826466
▁منتشرة	-12.826797
الأسس	-12.826943
▁2014	-12.827001
▁طعون	-12.827001
مؤازرة	-12.827016
▁الكيانين	-12.827088
▁ستتولى	-12.827164
▁والمساعي	-12.827171
تنقسم	-12.827226
▁الصلب	-12.827354
تموه	-12.827691
▁المرنة	-12.827691
ستمر	-12.827714
▁الاجمالي	-12.827728
▁تضفي	-12.827729
▁year	-12.827749
▁الفارسي	-12.827784
▁ركن	-12.827950
▁143-	-12.827992
ien	-12.828020
▁الهرمي	-12.828066
encia	-12.828163
▁وطالبت	-12.828216
▁تخفف	-12.828308
▁لعالم	-12.828327
▁these	-12.828566
▁أعضاؤها	-12.828589
▁تسلط	-12.828921
▁توصيف	-12.828940
/2008/3	-12.828985
▁المبنية	-12.829049
▁والتفاوت	-12.829052
▁وأشد	-12.829069
▁مرحلته	-12.829095
▁مستهدف	-12.829205
my	-12.829225
▁الموثوق	-12.829323
▁بانعدام	-12.829358
▁غطاء	-12.829453
▁وخارجه	-12.829748
▁ايدي	-12.829805
أيضا	-12.829820
▁حضروا	-12.829823
▁55/5	-12.829828
▁سيحتاج	-12.829858
▁السرقة	-12.829948
▁مسلحين	-12.830064
▁ألحقت	-12.830194
▁وتنشر	-12.830222
حادي	-12.830295
▁3-7	-12.830302
▁انكلترا	-12.830395
▁ستعتمد	-12.830434
▁التكييف	-12.830476
▁والميثاق	-12.830494
▁نبني	-12.830565
▁رغب	-12.830597
▁بالسكن	-12.830825
▁لوحظت	-12.830936
▁استطع	-12.830957
▁بسجلات	-12.831113
▁البشارة	-12.831116
▁بالانسحاب	-12.831138
▁إكراه	-12.831301
▁وديع	-12.831555
▁لرأس	-12.831716
▁وآمنة	-12.831740
▁وبيئية	-12.831741
▁انصب	-12.831764
▁والمفاهيم	-12.831764
بونتلاند	-12.831766
▁فاصو	-12.831777
▁والموضوع	-12.831999
▁العلني	-12.832126
▁وأعقب	-12.832171
▁تديره	-12.832200
▁استجاب	-12.832419
▁والنسب	-12.832514
▁متحد	-12.832767
▁والتنقل	-12.832904
▁صحفيا	-12.832960
▁معيارية	-12.832970
هبوط	-12.832987
بموافقة	-12.833046
▁Assembly	-12.833085
▁Assessment	-12.833085
▁الماجستير	-12.833085
▁شاسعة	-12.833085
▁office	-12.833086
▁تخريب	-12.833089
▁المصوبة	-12.833214
▁المتوائم	-12.833267
تسرع	-12.833273
كولا	-12.833301
وتس	-12.833442
▁بمقاطعة	-12.833446
▁بالبت	-12.833483
▁تمدد	-12.833546
▁بالتسجيل	-12.833565
اقتسام	-12.833943
▁والأمل	-12.833947
ستغطي	-12.834046
الأبعاد	-12.834051
▁ببلد	-12.834335
▁لربط	-12.834359
▁للوقود	-12.834435
▁اليأس	-12.834436
▁المكتوب	-12.834553
▁بالرئيس	-12.834610
▁الموريتاني	-12.834618
▁لقيود	-12.834765
▁السوداء	-12.834960
ظواهر	-12.835294
▁وموقف	-12.835480
▁للتمتع	-12.835616
▁متسم	-12.835696
▁Secretariat	-12.835782
▁التحميل	-12.835818
▁عاطل	-12.835940
▁ميغيل	-12.835945
▁مشروطة	-12.836185
▁بالفريق	-12.836489
▁رواية	-12.836624
▁تنشط	-12.836647
▁بممتلكات	-12.836800
لارتقاء	-12.836832
▁محض	-12.836875
بيروقراطي	-12.836927
لمواقف	-12.836939
▁بالحرية	-12.837008
▁activities	-12.837133
/2000/7	-12.837138
▁بالاتساق	-12.837138
▁بعدئذ	-12.837140
▁وعاجل	-12.837162
▁الطلاء	-12.837321
▁ألحق	-12.837344
▁وظيفي	-12.837410
لإعاقة	-12.837477
▁وباختصار	-12.837493
▁القرش	-12.837539
▁والصيد	-12.837728
▁وصيد	-12.837962
▁7-3	-12.838052
▁الزوجان	-12.838052
▁أطفالهن	-12.838382
TO	-12.838481
▁الخادم	-12.838507
▁لترتيبات	-12.838508
▁متروك	-12.838529
▁تخليص	-12.838531
▁عصا	-12.838570
▁وانتهت	-12.838572
ترقية	-12.838773
▁ومتابعتهما	-12.838809
▁مهندس	-12.838886
▁والتلوث	-12.838963
العولمة	-12.839211
▁اللاسلكية	-12.839218
ami	-12.839226
شفاء	-12.839317
▁الضيافة	-12.839349
▁تدخ	-12.839467
▁الصادقة	-12.839632
▁مظلة	-12.839643
▁المنخرط	-12.839721
▁يكتنف	-12.839841
▁بكرامة	-12.839844
▁تأجير	-12.839847
▁مقتضب	-12.839847
لأعداد	-12.839860
▁وانتخابات	-12.839877
▁وبابوا	-12.839934
▁الإيفواري	-12.839983
الأمين	-12.840080
▁272	-12.840375
uc	-12.840938
▁CLAIM	-12.841198
▁تسالونيكي	-12.841198
▁الرجعية	-12.841207
▁UNCTAD	-12.841228
▁adopted	-12.841234
▁بالمائة	-12.841241
▁أحادي	-12.841257
▁ازدهار	-12.841267
▁مستحيل	-12.841286
▁المهرة	-12.841296
▁الضعيف	-12.841347
▁الخشبية	-12.841567
▁للهدف	-12.841745
ترعى	-12.841850
تقارب	-12.842118
▁القطر	-12.842198
توزيع	-12.842272
الأمانة	-12.842372
▁exp	-12.842434
▁وتعر	-12.842453
▁الخلط	-12.842477
▁مهينة	-12.842568
▁موثقة	-12.842573
▁الرباط	-12.842664
مجلة	-12.842734
ubmission	-12.842776
ورقات	-12.842842
▁جزيل	-12.842894
▁المنهاج	-12.842928
less	-12.843387
▁تباشر	-12.843449
▁التصعيد	-12.843614
▁منفصلين	-12.843625
▁resolution	-12.843917
▁الديموغرافي	-12.843918
▁بموافقته	-12.843918
▁بتكليف	-12.843919
▁الرخاء	-12.843921
▁وظهور	-12.843921
▁ناس	-12.843928
▁ثبوت	-12.844069
▁الانمائي	-12.844076
توسيع	-12.844155
▁الصفات	-12.844205
▁لمسؤولية	-12.844269
▁فأعرب	-12.844414
ages	-12.844481
▁بالتأييد	-12.844517
▁تشري	-12.844666
▁52/12	-12.844758
▁لعقود	-12.844800
▁نجعل	-12.844831
hal	-12.844962
▁المرح	-12.845037
▁334	-12.845054
▁مروحي	-12.845239
▁النشيط	-12.845283
▁اللامساواة	-12.845297
▁respect	-12.845326
▁دعوتهم	-12.845369
▁257	-12.845476
ality	-12.846094
مستشفى	-12.846188
▁142-	-12.846288
▁يسلط	-12.846352
▁ستعزز	-12.846596
▁والقطرية	-12.846641
POPRC	-12.846643
▁through	-12.846644
▁الإحباط	-12.846644
las	-12.846683
▁والإثنية	-12.846770
▁كبلد	-12.846795
▁الإرسال	-12.846870
غمر	-12.847199
▁تسنى	-12.847284
▁تطوع	-12.847285
مقاضاته	-12.847445
تتاح	-12.847574
DCP	-12.847630
cho	-12.847820
1989	-12.847886
▁اليوني	-12.847897
.6/59/	-12.847936
▁آش	-12.847959
▁المفاتيح	-12.848010
▁بالإنابة	-12.848010
▁حكومتنا	-12.848010
▁وإبراز	-12.848010
▁المؤثرات	-12.848013
▁وأوضاع	-12.848014
▁المتدنية	-12.848015
▁المكلورة	-12.848030
▁unit	-12.848083
▁ومستقل	-12.848328
▁لدورته	-12.848435
▁أصيبوا	-12.848666
الطريق	-12.848815
▁تبديل	-12.848886
▁لقوا	-12.848910
اختراق	-12.848940
▁سوك	-12.849092
▁1160	-12.849113
/64/	-12.849292
▁الانتساب	-12.849379
▁كارتاخينا	-12.849379
▁البيروقراطية	-12.849383
/2007/2	-12.849600
▁اقليم	-12.850088
▁الخليل	-12.850121
صهر	-12.850149
▁claims	-12.850409
▁متزامنة	-12.850482
▁باسكو	-12.850639
▁نفوس	-12.850675
▁انسجام	-12.850677
▁خلل	-12.850677
▁المرافعات	-12.850748
▁الفرح	-12.850960
▁التهاب	-12.851003
▁Australia	-12.851209
▁المفص	-12.851214
▁والتدفقات	-12.851310
▁مبعث	-12.851334
▁الممو	-12.851397
▁تنتهج	-12.851457
▁غرامات	-12.851480
▁بتكوين	-12.851630
▁تشغلها	-12.851725
▁العلامة	-12.851754
تذييل	-12.851757
▁هادئة	-12.851775
▁وظيفية	-12.851996
▁للمحامين	-12.852122
مرتكز	-12.852187
▁صحتهم	-12.852212
▁المنبثق	-12.852313
▁الاكثر	-12.852332
كوفيتش	-12.852524
▁الدينامي	-12.852542
▁حازم	-12.852780
▁ستتناول	-12.852821
▁المنظمتان	-12.852822
صدارة	-12.852856
▁للهند	-12.853125
▁صبر	-12.853262
▁أيسر	-12.853280
▁للإعداد	-12.853474
▁Torture	-12.853494
▁وستجري	-12.853515
كيمياء	-12.853612
▁والإبادة	-12.853624
▁تكرمت	-12.853658
▁للسجل	-12.853665
▁والنقدي	-12.853694
▁والحروب	-12.853715
▁أصيل	-12.853761
▁للردود	-12.853805
▁عدوانية	-12.853862
عشرة	-12.854367
▁مسؤولياتهم	-12.854401
إخفاق	-12.854475
▁والإرادة	-12.854564
▁اجاب	-12.854683
▁واللغوية	-12.854869
▁الزائرة	-12.854870
▁تكديس	-12.854875
▁تنعم	-12.854975
المدير	-12.855236
▁144-	-12.855247
▁لمركبات	-12.855364
▁145-	-12.855623
▁295	-12.855712
مقاطعات	-12.855754
▁والدليل	-12.855758
▁اللقاءات	-12.855811
▁قلنا	-12.855913
▁فاست	-12.856169
إتفاقية	-12.856247
▁جاكرتا	-12.856248
▁بالكلام	-12.856256
▁الدؤوب	-12.856455
مجيء	-12.856494
▁يستأنف	-12.856514
▁والمجالس	-12.856603
▁there	-12.856686
▁السك	-12.856689
▁المستضعفين	-12.856704
▁إياه	-12.856706
▁مسؤوليتنا	-12.856826
▁تماثل	-12.856927
▁مساع	-12.857151
التثبت	-12.857257
بوليفيا	-12.857267
▁تشبه	-12.857474
▁وموضوعي	-12.857491
▁لشبونة	-12.857626
▁عاجزة	-12.857779
▁شانيه	-12.857793
زامبيا	-12.857831
▁التونسي	-12.857949
▁كثيفة	-12.858073
▁خصوم	-12.858222
بالشرطة	-12.858327
▁التصاريح	-12.858457
▁منظمته	-12.858644
▁معارضته	-12.858730
▁حاويات	-12.858978
▁الأمازون	-12.859009
▁بالتشريعات	-12.859021
▁يقترب	-12.859026
▁الرواية	-12.859046
▁يعكف	-12.859065
▁أذى	-12.859066
يڤ	-12.859343
▁المتكافئ	-12.859406
▁إجازات	-12.859450
▁فصيل	-12.859490
pre	-12.859532
▁يجيب	-12.859628
▁نسمع	-12.859672
▁المعاق	-12.859688
تفجيرات	-12.859742
▁لتوه	-12.859773
▁مستبعد	-12.859895
▁للوفد	-12.859984
▁لضبط	-12.859986
▁الروماني	-12.860167
▁ينكر	-12.860305
▁بالخبرة	-12.860407
▁ومعارف	-12.860480
1985	-12.860602
أواسط	-12.860691
▁وتثير	-12.860739
▁الإريتري	-12.860742
▁147-	-12.860820
▁مخالفا	-12.860884
▁واستفاد	-12.860888
▁للتأكيد	-12.860899
إعالة	-12.861092
▁كمساهمة	-12.861109
رواسب	-12.861119
فيجي	-12.861136
car	-12.861183
▁تتحكم	-12.861237
#	-12.861312
▁والأزمة	-12.861503
▁مجاز	-12.861506
▁الحرج	-12.861657
▁واثقون	-12.861728
▁بودابست	-12.861775
▁ستوكهولم	-12.861775
▁بالرسائل	-12.861776
oper	-12.861838
ساعة	-12.861867
▁المقترض	-12.861877
▁وبوتان	-12.862036
▁30/12	-12.862085
▁عزو	-12.862122
▁البلجيكية	-12.862253
▁ينهي	-12.862265
▁والخوف	-12.862416
▁can	-12.862464
أمريكا	-12.862648
▁اشعياء	-12.862727
استحقاق	-12.862782
▁تعو	-12.862818
▁مضاعفات	-12.862833
▁موزع	-12.862992
pub	-12.862997
تأتى	-12.863022
economic	-12.863163
▁وضروري	-12.863194
استهلاك	-12.863217
udi	-12.863253
بصدد	-12.863442
▁الوفاق	-12.863489
▁تحصين	-12.863647
▁استعان	-12.863748
▁كيتو	-12.863807
▁292	-12.863892
وحشية	-12.864175
▁راو	-12.864467
▁بالبرتغالية	-12.864558
▁المراهقة	-12.864570
▁والروابط	-12.864583
▁الأقارب	-12.864637
▁والعادات	-12.864717
▁520	-12.864858
▁وتحترم	-12.864904
▁والجماعية	-12.864922
▁والتوتر	-12.865108
▁للتع	-12.865110
prin	-12.865310
▁ولادته	-12.865322
▁استوف	-12.865337
▁اتفقنا	-12.865547
أقسام	-12.865805
▁وحرياتهم	-12.865882
▁ويشيد	-12.865906
▁الطائفتين	-12.865942
▁عكسية	-12.865942
▁اقول	-12.865970
▁الحصبة	-12.866073
▁بالعقود	-12.866245
▁لجهاز	-12.866302
▁البلوتونيوم	-12.866306
▁مميز	-12.866379
يتزايد	-12.866444
▁اتمام	-12.866584
▁التحو	-12.866776
غابون	-12.866812
▁والنوعية	-12.866854
▁السابقتين	-12.866946
▁بالتطبيق	-12.867097
ani	-12.867124
▁وإجمالا	-12.867334
▁two	-12.867344
تراعي	-12.867458
▁رفات	-12.867464
مولدات	-12.867918
▁تراقب	-12.868060
ein	-12.868138
▁انطلقت	-12.868226
▁المتناسب	-12.868340
▁ويحدث	-12.868378
1988	-12.868673
▁للمحتجزين	-12.868730
▁السلفون	-12.868745
▁الدرجات	-12.868770
▁حركت	-12.868798
▁خصخصة	-12.868889
▁وتمكينهم	-12.869204
.2/2003/	-12.869257
▁أتمنى	-12.869340
▁تراها	-12.869714
حضانة	-12.869785
▁يسو	-12.869906
إجازات	-12.870077
▁مطروحة	-12.870126
▁والطائرات	-12.870126
▁المتزوجين	-12.870128
▁وثلاثين	-12.870315
▁بالرقم	-12.870340
▁طارئ	-12.870397
▁مؤهلا	-12.870443
▁المسيرة	-12.870654
▁نفع	-12.870769
▁0.1	-12.870792
▁وتفعيل	-12.870838
etter	-12.870875
▁سهلا	-12.871008
▁تعاقدي	-12.871099
مخالفة	-12.871133
▁استحالة	-12.871248
▁وقادرة	-12.871249
▁55/4	-12.871314
real	-12.871315
▁جوائز	-12.871521
لعلاقة	-12.871524
▁الراشدين	-12.871525
▁غباغبو	-12.871525
▁ويناشد	-12.871527
▁وحدثت	-12.871538
▁سمو	-12.871562
الابتعاد	-12.871585
▁وخصصت	-12.871600
▁one	-12.871787
▁وأحال	-12.871829
فصاح	-12.871849
▁وتوف	-12.871949
▁ناتجا	-12.871974
▁تصريحات	-12.872046
▁الحصرية	-12.872125
استشراف	-12.872222
▁المجهود	-12.872376
▁بالاتفاقيات	-12.872436
▁146-	-12.872511
.198	-12.872551
▁المعينون	-12.872622
VIII	-12.872838
▁المشغل	-12.872896
▁إلغائها	-12.872906
▁وثقافات	-12.872926
▁المقاصة	-12.872932
▁بينهيرو	-12.872987
▁انسجاما	-12.872999
إغراء	-12.873205
out	-12.873329
▁تنميته	-12.873392
/54/8	-12.873529
السلام	-12.873668
▁كرامتهم	-12.873735
▁الأبناء	-12.873843
▁جذري	-12.873938
▁بإيطاليا	-12.874187
▁أصر	-12.874258
acy	-12.874312
▁المصادفة	-12.874331
ini	-12.874333
تشكك	-12.874361
▁الريادي	-12.874367
إذاعة	-12.874412
▁بالإصلاحات	-12.874567
via	-12.874607
▁بيتك	-12.874628
▁الوظيفتين	-12.874716
very	-12.874827
تثنية	-12.875161
هندوراس	-12.875203
تبين	-12.875208
▁يضاعف	-12.875662
اندونيسيا	-12.875731
▁للتشغيل	-12.875731
▁للرياضة	-12.875732
/1995/40	-12.875747
▁نمضي	-12.875868
▁منطقية	-12.875942
.1-3	-12.876054
▁الجدي	-12.876085
▁متزامن	-12.876376
▁المشي	-12.876599
الرسالة	-12.876607
ستلهم	-12.876762
▁بالمواضيع	-12.877058
بلورة	-12.877079
رهاب	-12.877088
▁الترفيهية	-12.877134
▁شواغر	-12.877139
treaty	-12.877140
▁لمعالجتها	-12.877140
▁NPT	-12.877233
▁وأهميتها	-12.877318
▁وإدماجهم	-12.877326
▁وترفض	-12.877334
ضطل	-12.877393
استراليا	-12.877480
▁انعكاسات	-12.877550
▁تشونغ	-12.877611
▁ومجتمعاتهم	-12.877722
▁طموحات	-12.877730
▁لحفز	-12.877769
▁المودع	-12.877886
العاملون	-12.878007
اختلال	-12.878064
▁اولادك	-12.878119
▁السكري	-12.878126
▁اثنتان	-12.878287
▁استقدام	-12.878305
▁أكيد	-12.878309
▁58/3	-12.878311
▁التحركات	-12.878312
▁جهدنا	-12.878460
▁يقطع	-12.878484
ئتلاف	-12.878499
▁Island	-12.878547
▁يقطن	-12.878606
▁الادارية	-12.878616
▁رأوا	-12.878628
▁معتدل	-12.878678
آسيا	-12.878799
لعام	-12.878810
▁ذراع	-12.878831
uis	-12.878840
DR	-12.878914
البوسنة	-12.878945
▁الترقي	-12.879021
▁الليبريين	-12.879194
معنى	-12.879249
غطاء	-12.879253
▁loss	-12.879331
▁الأخلاق	-12.879400
▁الإجهاد	-12.879511
▁والجلسات	-12.879626
▁المفضلة	-12.879639
▁بثمن	-12.879725
▁0.8	-12.879898
▁الجادة	-12.879941
▁المبت	-12.879950
▁الاعلام	-12.879960
▁بمسؤوليته	-12.880014
▁اصطحب	-12.880120
▁بالمستحق	-12.880157
▁المدافع	-12.880217
مغالاة	-12.880261
▁المبذول	-12.880266
▁لإسهام	-12.880281
▁نعالج	-12.880351
▁يصاحب	-12.880687
▁الميسور	-12.880740
▁ويصدر	-12.880752
▁المنسوجات	-12.880903
▁صمم	-12.880973
yo	-12.881114
غاس	-12.881131
آثار	-12.881174
لجان	-12.881262
▁الفنان	-12.881304
▁التوسيع	-12.881323
▁الزلازل	-12.881370
▁بسلوك	-12.881371
▁وحضور	-12.881377
▁والتعهدات	-12.881385
▁آلام	-12.881392
▁والمنافع	-12.881399
▁وجريا	-12.881497
▁ترافق	-12.881517
ally	-12.881749
▁جونز	-12.881776
▁البصرة	-12.881790
▁السينما	-12.881971
▁كيلوغراما	-12.882208
▁إيذاء	-12.882221
▁بكلمات	-12.882300
▁تشرك	-12.882306
▁البدو	-12.882567
جاهد	-12.882660
▁1546	-12.882694
▁TRANSLATORS	-12.882784
▁بالعنصرية	-12.882787
▁ومرجع	-12.882791
▁باستعداد	-12.882802
acial	-12.882887
enti	-12.882889
تعاريف	-12.882995
اختلاس	-12.883027
▁الكحولية	-12.883053
▁المحظور	-12.883105
▁متخصصين	-12.883237
▁موجات	-12.883248
▁كمنظمة	-12.883420
▁المحزن	-12.883798
احتمال	-12.883944
▁استلم	-12.884080
▁وممتلكاتهم	-12.884217
▁بساطة	-12.884261
▁المؤتم	-12.884493
المسؤولية	-12.884506
▁والحل	-12.884541
▁ونثني	-12.884663
معيشة	-12.884761
▁بمنظور	-12.884935
▁ومعترف	-12.884940
▁الحثيثة	-12.885174
بإنشاء	-12.885610
▁Germany	-12.885619
▁شاحنة	-12.885620
▁بدراسات	-12.885638
▁واشتراك	-12.885640
▁خبرائها	-12.885692
▁لواجبات	-12.885704
اكتفاء	-12.885792
يستلزم	-12.885863
/2005/5	-12.885871
▁new	-12.885918
▁للسعي	-12.885925
▁علني	-12.885950
▁مؤيدي	-12.886148
▁الاحتمالات	-12.886159
ينظمها	-12.886259
▁ويخلص	-12.886515
▁يدمج	-12.886515
افسس	-12.886741
▁لمواطنيها	-12.886798
إطفاء	-12.886837
▁victim	-12.887040
▁نهنئ	-12.887043
▁الاشتباه	-12.887046
▁المتعين	-12.887174
▁ونتمنى	-12.887232
▁مقيمين	-12.887431
▁الليبي	-12.887440
▁الينا	-12.887690
▁تصلح	-12.887704
▁ودوليا	-12.887860
/2004/4	-12.887865
▁والبغاء	-12.888155
▁بموظفين	-12.888330
▁وتبدأ	-12.888370
معطيات	-12.888451
▁ملاحق	-12.888453
▁50/227	-12.888462
▁Network	-12.888462
▁وإضافية	-12.888462
▁وثابت	-12.888463
▁كودوري	-12.888464
▁للفرانكوفونية	-12.888464
▁للمقترحات	-12.888465
مشاطرة	-12.888478
▁للاستخدامات	-12.888483
▁اعتناق	-12.888634
▁وبذلت	-12.888644
▁نزوح	-12.888660
cation	-12.888874
▁بالمستوطنات	-12.888897
تحليل	-12.888898
▁وسلام	-12.889063
▁ويستفيد	-12.889143
▁مدفوع	-12.889215
▁باول	-12.889262
▁مستواه	-12.889262
▁رافق	-12.889264
1993	-12.889484
▁فارو	-12.889628
▁الاجرامية	-12.889710
▁والطلاق	-12.889791
خيب	-12.889835
▁category	-12.889887
▁إنترنت	-12.889888
▁يعتد	-12.890025
264	-12.890140
▁أحر	-12.890153
▁أفقي	-12.890195
▁ملاحظته	-12.890212
▁ويوغوسلافيا	-12.890449
▁والمنظور	-12.891063
▁فكرية	-12.891076
▁Recommend	-12.891303
▁organizations	-12.891314
▁الشحيحة	-12.891314
▁للبنود	-12.891314
▁الجلالة	-12.891315
▁كطرف	-12.891321
▁تشتد	-12.891348
2/58/	-12.891381
نافية	-12.891456
▁تنسحب	-12.891480
لكفاح	-12.891509
▁للأسواق	-12.891682
▁وسريعة	-12.891768
▁لانبعاثات	-12.891783
▁وباتخاذ	-12.891785
▁متمرد	-12.891907
▁لأعرب	-12.892110
▁بافتراض	-12.892184
▁المعادلة	-12.892200
▁للتشريع	-12.892282
▁تمهيدي	-12.892303
العواقب	-12.892366
▁الجبرية	-12.892400
ألياف	-12.892488
chem	-12.892528
ische	-12.892681
▁يتوق	-12.892690
▁general	-12.892741
▁shall	-12.892742
▁ميليشيات	-12.892772
tention	-12.892915
▁ويفترض	-12.893070
▁جماهير	-12.893137
▁وبأي	-12.893146
▁277	-12.893206
▁الرمل	-12.893241
.192/	-12.893483
▁لقيت	-12.893518
▁لمساعدته	-12.893562
▁القرون	-12.893896
▁ويشهد	-12.894135
▁الجرحى	-12.894175
▁والباحثين	-12.894177
▁والندوات	-12.894183
▁This	-12.894220
▁بالاستقرار	-12.894220
▁المجاعة	-12.894233
لكائنات	-12.894275
تبديد	-12.894533
▁بثقة	-12.894550
▁هز	-12.894607
ets	-12.894708
توفالو	-12.894806
▁متورط	-12.894902
مومة	-12.894951
▁الحكيمة	-12.894964
▁ستتيح	-12.895104
54/54	-12.895418
weather	-12.895605
▁وتشييد	-12.895609
▁some	-12.895651
▁والصحفيين	-12.895678
▁رئاسيا	-12.895771
▁عربي	-12.895845
gin	-12.895903
▁لجأ	-12.895913
▁يموتون	-12.896024
▁الشروح	-12.896118
/122	-12.896222
تخطي	-12.896224
▁استكمل	-12.896288
▁الشاق	-12.896463
غرو	-12.896626
▁والمعالجة	-12.896682
▁المشبع	-12.896692
▁متضافر	-12.896724
.2/2005/	-12.896940
▁First	-12.897039
▁مينسك	-12.897093
ever	-12.897118
▁المنطوي	-12.897479
▁السبعين	-12.897667
▁نراه	-12.897689
▁148-	-12.897776
▁إسكان	-12.897863
▁للتطوير	-12.898033
ett	-12.898201
إظهار	-12.898249
▁الإدعاء	-12.898310
▁للأجهزة	-12.898444
▁موجودين	-12.898447
▁مانيلا	-12.898534
▁ومتوسطة	-12.898560
▁أفرج	-12.898670
▁أثنت	-12.898673
▁شوهد	-12.898743
152	-12.899293
▁Col	-12.899302
▁مسرور	-12.899311
▁باختصار	-12.899381
▁فقبل	-12.899516
صحافة	-12.899610
▁للقيادة	-12.899841
▁للمرتبات	-12.899917
▁الامناء	-12.899921
▁يأكل	-12.899946
▁بالقذائف	-12.899953
▁وتجارب	-12.899953
▁قيادات	-12.900007
كيري	-12.900027
▁خبز	-12.900201
▁استونيا	-12.900259
أقامت	-12.900425
▁تعال	-12.900555
▁حاسوبي	-12.900623
▁الافتراضية	-12.900754
/61/7	-12.900756
▁إينو	-12.900827
▁والنتيجة	-12.900834
مداخلات	-12.901054
الأيدز	-12.901058
▁الغرف	-12.901251
▁تستكشف	-12.901287
▁غمباري	-12.901356
▁Project	-12.901357
▁المستكمل	-12.901363
▁والجداول	-12.901401
دبلوماسية	-12.901629
▁التقت	-12.901796
ator	-12.901869
▁Cr	-12.901908
▁مارست	-12.901984
▁المكل	-12.902007
▁وإيداع	-12.902016
/2000/4	-12.902099
▁واستهل	-12.902107
أمواج	-12.902306
▁أداؤه	-12.902357
▁الحزن	-12.902566
▁ناي	-12.902582
▁انفسنا	-12.902803
▁بالتعليقات	-12.902803
latest	-12.902825
▁الفقيرات	-12.902839
▁أوفد	-12.903075
خزانات	-12.903076
▁المفاجئة	-12.903143
▁محق	-12.903441
▁الخشخاش	-12.903519
unep	-12.903523
▁والإصابة	-12.903526
▁يتجنب	-12.903647
سداسي	-12.903711
▁للعرض	-12.903885
▁1952	-12.903931
▁بالقائمة	-12.904036
تواءم	-12.904108
حوض	-12.904183
ological	-12.904222
▁للمعلمين	-12.904246
▁للتلوث	-12.904337
▁286	-12.904422
▁المتطابقتي	-12.904426
الإجراء	-12.904550
▁اقترن	-12.904779
زعامة	-12.904820
▁فردوس	-12.904866
إجرام	-12.905005
▁مسبب	-12.905019
162	-12.905136
▁المحتم	-12.905143
▁وصرح	-12.905347
▁لمقاصد	-12.905478
▁الموثوقة	-12.905585
▁أسامة	-12.905586
▁ومجد	-12.905676
▁الإصحاح	-12.905691
▁والتصحاح	-12.905691
▁بالمقترحات	-12.905693
▁والمدرسين	-12.905695
يوغسلافي	-12.905698
▁فبدون	-12.905718
get	-12.905797
count	-12.905919
▁العظم	-12.905972
▁روم	-12.905984
MSP	-12.906464
معاشرة	-12.906637
▁محارب	-12.906778
▁المعمم	-12.906986
▁282	-12.907075
▁مكعب	-12.907083
أحجار	-12.907097
▁للطبيعة	-12.907114
▁والأهمية	-12.907125
▁include	-12.907141
▁مشبوهة	-12.907141
▁وكشمير	-12.907141
▁والرسائل	-12.907142
▁والظلم	-12.907143
▁والأخصائيين	-12.907144
▁الإسقاطات	-12.907145
▁يغلب	-12.907176
▁بركة	-12.907275
▁نيران	-12.907518
▁هاو	-12.907761
▁للتحسين	-12.907894
▁تصوغ	-12.907944
الإشارة	-12.908080
▁واستفادت	-12.908323
▁والأماكن	-12.908401
▁واللاجئون	-12.908597
▁وحاليا	-12.908607
▁مزورة	-12.908701
▁لاستقلال	-12.908855
▁ترشيحات	-12.909019
النظر	-12.909122
لمشكلات	-12.909582
/1996/	-12.909617
حقيقي	-12.909765
/2000/3	-12.909863
▁مصحوبا	-12.909911
▁وتشهد	-12.909958
▁15/13-45/1	-12.910045
▁الركائز	-12.910046
▁والتفاضلية	-12.910047
▁والجنائية	-12.910047
/2004/3	-12.910097
إشهار	-12.910125
▁الحكوم	-12.910139
▁الأقوال	-12.910156
▁تدمر	-12.910199
▁طبيعته	-12.910247
قدامى	-12.910349
▁حزن	-12.910409
▁المصابون	-12.910490
▁طورت	-12.910500
ادئ	-12.910724
▁سيؤثر	-12.910789
▁برنارد	-12.911054
▁المرشحون	-12.911174
▁صعد	-12.911378
/2004/5	-12.911459
indigenous	-12.911500
▁عقوبته	-12.911506
▁المستنيرة	-12.911669
▁جزأين	-12.911841
▁الأنغولي	-12.911967
▁59/250	-12.912176
▁ناقصة	-12.912200
▁4-8	-12.912302
تزود	-12.912332
▁إجماع	-12.912433
▁استلزم	-12.912716
▁وتشترك	-12.912836
▁١٠٠	-12.912864
▁بتولي	-12.912874
OEWG	-12.912958
▁بخسائر	-12.912959
▁والزراعية	-12.912959
▁condition	-12.912960
▁العيادات	-12.912961
▁انقسام	-12.912963
▁إشكال	-12.912976
▁مقصورة	-12.913007
كمنولث	-12.913101
▁غيسة	-12.913129
Joint	-12.913218
▁ترعاها	-12.913589
وطني	-12.914048
▁الهالونات	-12.914318
▁سراييفو	-12.914419
إشعال	-12.914423
▁بمعدات	-12.914470
▁بمعظم	-12.914474
▁زورق	-12.914598
▁زائد	-12.914648
▁المؤجر	-12.914825
▁وحظيت	-12.914961
▁للاقتصادات	-12.915086
▁متدرب	-12.915203
جيبوتي	-12.915211
▁التيموري	-12.915312
ٱلش	-12.915408
أشعة	-12.915416
media	-12.915453
▁أضيق	-12.915473
▁تداعيات	-12.915477
▁غامضة	-12.915525
صوماليلاند	-12.915563
▁الريح	-12.915571
▁إرهابيين	-12.915656
البرامج	-12.915701
الأطراف	-12.915830
▁الاستعباد	-12.915881
▁لمرتكبي	-12.915900
▁الأمتعة	-12.916002
ابتدائي	-12.916055
▁اختراع	-12.916187
▁محمي	-12.916313
▁2003/2004	-12.916388
▁بمسؤولياتهم	-12.916393
▁متفرقة	-12.916427
تبلور	-12.916512
استراتيج	-12.916581
▁Brit	-12.916821
أهداف	-12.916897
▁الآفاق	-12.916935
ستفسار	-12.916936
▁Judgment	-12.917345
▁التنظيف	-12.917345
▁المجندين	-12.917346
▁المصنوعة	-12.917346
▁واللغات	-12.917358
▁فوارق	-12.917359
▁تقليدي	-12.917370
مصابيح	-12.917377
حاصر	-12.917505
▁الخوذ	-12.917512
gg	-12.917525
▁دربان	-12.917525
▁آيات	-12.917533
▁حافلة	-12.917714
▁وبوضع	-12.917736
▁والقضائي	-12.917815
المنسقان	-12.917946
▁والمدفوعات	-12.917986
▁بالحمل	-12.918104
▁أمانتها	-12.918133
▁يتقاسم	-12.918148
▁اصاب	-12.918206
▁والفلسطيني	-12.918458
▁معيشتهم	-12.918525
mark	-12.918571
▁والمديرين	-12.918644
تسعة	-12.918725
مفتوح	-12.918766
europa	-12.918811
▁الهدايا	-12.918811
▁بالقيود	-12.918814
▁للتغيرات	-12.918816
▁process	-12.918836
▁legal	-12.918841
▁ذاكرة	-12.918861
▁بالتصرف	-12.918886
تأدية	-12.918927
▁الانهيار	-12.919027
/2000/6	-12.919031
▁نيكول	-12.919089
▁غرس	-12.919116
▁كمجموعة	-12.919257
▁وسجلات	-12.919277
▁ويطبق	-12.919312
atter	-12.919454
سيسعى	-12.919474
أوعية	-12.919597
▁لعمال	-12.919604
▁يعمم	-12.919701
▁كرسي	-12.919786
berg	-12.920023
▁والأكاديمية	-12.920048
▁وسينظر	-12.920093
▁لإظهار	-12.920159
▁بوجومبورا	-12.920280
▁لإيصال	-12.920280
▁وتماشيا	-12.920282
▁عائلية	-12.920300
▁الاقتراب	-12.920384
▁صاغت	-12.920394
إنتاج	-12.920649
▁يتطرق	-12.920750
▁عضويتهم	-12.921037
العيش	-12.921183
تناغم	-12.921200
▁1533	-12.921255
▁149-	-12.921264
▁الاجراء	-12.921335
▁للمراقبين	-12.921380
▁تقترب	-12.921480
▁بتجهيز	-12.921563
▁هجر	-12.921629
▁الباهظة	-12.921750
▁الوجوه	-12.921751
▁ومواقف	-12.921751
▁للثقافة	-12.921949
كنتيجة	-12.922003
▁المؤسستين	-12.922165
▁رشحت	-12.922374
▁بالمبدأ	-12.922563
▁عثمان	-12.922879
▁المسائ	-12.922957
ازدراء	-12.923224
▁للمستعملين	-12.923224
▁وسلمت	-12.923226
▁لمفاوضات	-12.923227
▁أوكونور	-12.923229
▁فجوات	-12.923243
إسهاب	-12.923330
▁ويتحمل	-12.923357
▁التبسيط	-12.923460
جزاءات	-12.923635
▁عجب	-12.923820
▁موازنة	-12.923929
New	-12.924040
▁جاهزا	-12.924229
▁30/15	-12.924272
▁وتستحق	-12.924402
▁تنقص	-12.924410
▁عباد	-12.924430
▁للتكنولوجيات	-12.924513
NI	-12.924668
▁إسماعيل	-12.924698
present	-12.924700
▁للانتصاف	-12.924709
▁والمعنوي	-12.924797
▁منسوب	-12.924905
ختطف	-12.925200
▁مسألتين	-12.925331
let	-12.925362
▁302	-12.925426
▁تحريات	-12.925697
▁151-	-12.925786
▁تستثمر	-12.925808
▁قناعة	-12.926222
▁الحائزين	-12.926235
▁أنفقت	-12.926239
▁مصلحته	-12.926268
55/33	-12.926415
▁المستهدفين	-12.926602
▁الخاطئ	-12.926684
▁المنافس	-12.926698
▁حروف	-12.926853
▁بالمناقشة	-12.926885
▁دولتان	-12.926925
▁58/5	-12.927122
قفل	-12.927197
▁الأنغولية	-12.927204
▁وتوظيف	-12.927212
▁نهار	-12.927406
graph	-12.927521
تجسيد	-12.927529
▁أعمار	-12.927616
▁ووزراء	-12.927656
▁المجيبين	-12.927658
▁بتعاطي	-12.927667
▁بمرافق	-12.927671
191	-12.927688
.93.	-12.927929
▁لتقييد	-12.927969
▁اللج	-12.928034
▁Mc	-12.928045
▁الخصم	-12.928236
▁الحريق	-12.928316
▁عصابات	-12.928390
أخشاب	-12.928595
▁وحظي	-12.928596
▁تجيب	-12.928766
▁تنقح	-12.928915
▁مشاركون	-12.929086
▁الدرك	-12.929090
▁وابتكار	-12.929135
▁لحدوث	-12.929136
▁مفاتيح	-12.929136
سيقتضي	-12.929154
▁نلتزم	-12.929208
▁850	-12.929321
كيميائي	-12.929380
▁تتصدر	-12.929551
أتمنى	-12.929585
▁تختص	-12.929610
▁الاربع	-12.929615
▁يسد	-12.929682
▁للاعتراض	-12.929709
▁التاج	-12.929808
▁بالرسالة	-12.929822
▁Misc	-12.929848
direct	-12.929855
▁بإيداع	-12.929944
▁بمحض	-12.930115
المكاتب	-12.930160
المطالبة	-12.930227
▁استفزاز	-12.930267
▁المصو	-12.930342
الفوارق	-12.930404
▁الاجتهاد	-12.930619
▁ركائز	-12.930619
خاذ	-12.930625
▁والمنتجة	-12.930627
▁بقايا	-12.930637
▁للباب	-12.930769
▁إسرائيليين	-12.930779
تيسير	-12.930788
▁HIV	-12.930809
معمودية	-12.930894
▁Cl	-12.931293
▁المدمر	-12.931480
▁النمساوي	-12.931513
▁المشكل	-12.931589
▁يعمد	-12.931632
▁وعزم	-12.931683
تصفح	-12.931813
▁يحتجز	-12.931834
▁الكبريت	-12.931969
فحوص	-12.932106
▁واختتام	-12.932107
▁المختبرية	-12.932109
▁وتسيير	-12.932110
▁المسقطة	-12.932114
▁الرفالات	-12.932126
▁الاشجار	-12.932137
▁الاكتظاظ	-12.932172
▁الموز	-12.932405
▁والنطاق	-12.932413
▁تشنها	-12.932644
وجاهة	-12.932732
▁WT	-12.932837
▁إكس	-12.932906
▁متجه	-12.933308
▁يطعن	-12.933385
/177	-12.933475
أرباح	-12.933561
▁النابعة	-12.933603
▁برهنت	-12.933618
▁ورابعا	-12.933632
▁اسباب	-12.933742
سعدنا	-12.933793
UK	-12.933866
الإعلان	-12.934021
إدعاء	-12.934081
الاستثمار	-12.934186
GEN	-12.934296
▁والموانئ	-12.934305
▁اطلع	-12.934572
/54/4	-12.934592
▁المزعومين	-12.934684
▁تعظيم	-12.934821
▁ومستقرة	-12.934928
▁زمان	-12.934985
لمنافع	-12.935028
▁الاسبانية	-12.935083
▁كومالو	-12.935110
▁المذنب	-12.935114
▁car	-12.935182
▁للقارة	-12.935323
150	-12.935476
182	-12.935477
▁2000-2003	-12.935533
▁ومتسق	-12.935640
▁استدعاء	-12.935795
▁سيساهم	-12.935947
▁وسيشكل	-12.935992
▁أفلا	-12.936031
▁Unit	-12.936068
المعايير	-12.936107
أصحاب	-12.936266
-3-1	-12.936293
▁وبليز	-12.936590
cas	-12.936737
▁وبالشباب	-12.936739
▁فوفقا	-12.937076
▁المماثل	-12.937134
▁تهاني	-12.937177
فوز	-12.937246
إقدام	-12.937253
▁المتسقة	-12.937416
▁انبثقت	-12.937574
▁علق	-12.937632
212	-12.937648
round	-12.937812
▁وبتنفيذ	-12.937826
▁بالمناقشات	-12.938072
▁والتقى	-12.938082
▁مؤسف	-12.938091
▁جذاب	-12.938131
▁والفهم	-12.938190
جرائم	-12.938264
▁ومستمرة	-12.938302
▁الامراض	-12.938329
ناسور	-12.938437
▁تصب	-12.938465
▁IF	-12.938486
▁الانتفاضة	-12.938624
▁ترعى	-12.938731
الصحة	-12.938763
▁ستواجه	-12.939017
▁بالخارج	-12.939021
▁والخارجي	-12.939102
ü	-12.939175
▁بالتناوب	-12.939346
▁×	-12.939380
▁بالإقامة	-12.939450
▁متداخلة	-12.939582
▁خشية	-12.939590
لمراحل	-12.939594
▁الحائط	-12.939649
▁وبالتنسيق	-12.939658
إجلاء	-12.939673
▁كمبالا	-12.939703
▁تدب	-12.939720
مذابح	-12.939770
▁الكثيفة	-12.939922
▁جلد	-12.940042
▁باتفاقيات	-12.940292
ڠو	-12.940390
▁نفق	-12.940467
▁access	-12.941067
ñ	-12.941068
▁الطاولة	-12.941068
▁المشروبات	-12.941070
-2012	-12.941187
▁ازال	-12.941263
▁احتكار	-12.941268
▁معلنة	-12.941287
▁______	-12.941643
▁لمصطلح	-12.941804
▁بالاستمرار	-12.941893
▁بالأولويات	-12.941926
ques	-12.941936
▁هاري	-12.941953
-33	-12.941961
▁303	-12.941969
▁المستحسن	-12.942122
▁كندي	-12.942407
▁مساويا	-12.942410
▁ويشترك	-12.942464
ura	-12.942513
▁الجيولوجي	-12.942524
▁بالإحصاءات	-12.942534
▁بريفلاكا	-12.942569
▁روبنسون	-12.942569
▁للصحفيين	-12.942569
▁الركود	-12.942573
▁observations	-12.942574
▁1996-1997	-12.942620
▁اشكال	-12.942642
إشارة	-12.942669
المركز	-12.942685
▁باتريك	-12.942735
▁بالمصادر	-12.942864
▁خطايا	-12.943115
▁راتب	-12.943223
▁إضافات	-12.943328
ضريبة	-12.943345
▁India	-12.943400
▁يدوية	-12.943572
▁والمزيد	-12.943582
▁تتكرر	-12.943587
▁والطلبات	-12.943609
آليات	-12.943715
▁النقابي	-12.943748
▁فاقت	-12.943921
سوري	-12.944010
▁بخمس	-12.944046
▁الكانتونات	-12.944073
▁لتلافي	-12.944081
▁سائدا	-12.944087
▁باطلا	-12.944126
فاجأ	-12.944160
كفالة	-12.944286
-1997	-12.944396
▁والكراهية	-12.944422
▁الميليشيا	-12.944428
▁وأجري	-12.944439
▁الكمال	-12.944614
ida	-12.944647
▁اهتم	-12.944681
▁الميت	-12.944798
▁غسيل	-12.944919
1984	-12.945058
▁الخلق	-12.945340
مناقشة	-12.945548
▁والعدوان	-12.945584
▁بأفعال	-12.945586
▁هولمز	-12.945588
▁ويهدد	-12.945609
اتحاد	-12.945623
نقصان	-12.945829
▁التنازع	-12.945894
وڤ	-12.945912
▁والمعدل	-12.945973
▁يخفف	-12.946001
▁الباكر	-12.946101
▁التفريق	-12.946264
الحد	-12.946412
▁يقاس	-12.946526
▁إحاطتي	-12.946569
▁بالشخص	-12.946667
▁للأجر	-12.946699
٥٠	-12.946712
183	-12.947031
lla	-12.947076
▁استفسرت	-12.947088
▁شريحة	-12.947090
▁والوجدان	-12.947091
▁تجزئة	-12.947101
▁والحركات	-12.947140
إهانة	-12.947148
▁للوائح	-12.947336
▁الأفضلية	-12.947599
▁تراب	-12.947607
▁والأخلاق	-12.947683
/2004/2	-12.947853
▁الحصيلة	-12.947960
▁وللجنة	-12.948349
now	-12.948511
▁كوستا	-12.948588
▁where	-12.948598
▁واشتملت	-12.948598
▁وزوجته	-12.948604
▁أثينا	-12.948687
عكف	-12.948740
IF	-12.948792
▁ميزات	-12.948796
vic	-12.948813
/2007/4	-12.948866
hel	-12.948899
▁يصلح	-12.949008
▁ويعين	-12.949110
▁بالأزمة	-12.949142
عسكري	-12.949263
▁تعجل	-12.949289
-226	-12.949520
▁البارامترات	-12.949573
▁للمبدأ	-12.949678
▁309	-12.949736
▁للمؤشرات	-12.949830
▁المتميز	-12.949831
/233	-12.949889
▁اقليمية	-12.949893
bel	-12.950024
▁البروفيسور	-12.950110
▁ياوندي	-12.950112
▁الفوقية	-12.950113
▁ومفيدة	-12.950120
▁بالإنترنت	-12.950167
▁ومعقدة	-12.950177
▁والدكتور	-12.950182
ines	-12.950209
▁ايلول	-12.950434
▁ميسر	-12.950484
▁للمرضى	-12.950487
▁للبرمجة	-12.950562
▁307	-12.950618
▁ذهاب	-12.950620
▁مستوطن	-12.950664
▁تشرح	-12.950739
▁النادرة	-12.950769
▁وإيصال	-12.950847
▁وبروح	-12.951135
▁مقاول	-12.951139
▁150-	-12.951337
▁يتدخل	-12.951402
ky	-12.951472
▁طرابلس	-12.951626
▁المسجونين	-12.951631
dditional	-12.952033
▁يبني	-12.952044
▁أتى	-12.952107
▁والتوجه	-12.952381
rec	-12.952445
▁المتعذر	-12.952663
▁المرن	-12.952770
▁ويحتفظ	-12.952773
▁والتحصين	-12.953120
▁لصغار	-12.953147
▁أجسام	-12.953229
▁دافيد	-12.953265
▁الراعية	-12.953329
▁للغة	-12.953405
▁روسي	-12.953419
▁بتحرير	-12.953475
يقال	-12.953517
▁البولندي	-12.953774
▁الحوزة	-12.954103
▁شيوع	-12.954128
▁والتعرف	-12.954494
OM	-12.954566
▁شوك	-12.954576
▁مبسطة	-12.954679
▁معركة	-12.954782
▁ومراقبون	-12.954879
News	-12.954892
▁بالمعاملة	-12.955015
لتقط	-12.955017
▁للمراكز	-12.955037
▁التاليتان	-12.955354
تنظمه	-12.955375
مدخرات	-12.955665
صحح	-12.955766
▁والانفتاح	-12.955865
8/218	-12.956025
نشوء	-12.956173
▁country	-12.956184
▁يزاول	-12.956188
مراحيض	-12.956208
▁بالكشف	-12.956222
▁العبرانية	-12.956226
الفقر	-12.956313
اطمئنان	-12.956314
▁مبيكي	-12.956339
▁المضايقات	-12.956429
▁وولف	-12.956460
عبودية	-12.956514
▁اعتاد	-12.956839
▁للمخطط	-12.956927
▁57/5	-12.956974
Ur	-12.957097
▁ومطالب	-12.957227
▁ويسعدن	-12.957274
▁ببلوغ	-12.957492
١٠	-12.957554
▁المكالمات	-12.957710
▁بتصدير	-12.957715
▁session	-12.957720
side	-12.957745
mod	-12.957843
▁المستنفد	-12.957878
▁والمخطط	-12.957905
▁والهوية	-12.957918
▁لحزب	-12.957970
▁مستودعات	-12.958005
fici	-12.958055
ania	-12.958189
▁للتوسع	-12.958226
bs	-12.958264
▁بالعلم	-12.958491
أساليب	-12.958599
▁زانغ	-12.958616
▁تدارك	-12.958768
لمفاهيم	-12.958935
العنصر	-12.958960
▁النقابة	-12.958987
▁يستجد	-12.959057
▁لسيطرتها	-12.959236
▁الآمرة	-12.959274
▁غوميز	-12.959283
مصاعب	-12.959285
▁(1980)	-12.959334
▁تجربتها	-12.959372
▁المستأنف	-12.959441
▁أخفقت	-12.959595
▁ثقافي	-12.959653
▁والإقصاء	-12.960130
▁مرئي	-12.960638
▁وتقيم	-12.960643
▁2009-2010	-12.960765
▁الاصحاح	-12.960765
▁بإشراف	-12.960765
▁الرشوة	-12.960766
▁والمزايا	-12.960795
▁ويفرض	-12.960884
▁قذيفة	-12.960917
▁الوالدان	-12.960975
▁الآبار	-12.961132
▁والمراقبون	-12.961179
طهر	-12.961312
▁وتصف	-12.961385
▁Lu	-12.961495
خدع	-12.961518
تدريب	-12.961667
▁تتحرك	-12.961962
▁العمودية	-12.961987
▁الانفصالية	-12.962267
▁للإنسانية	-12.962273
ذبذب	-12.962301
مستوصفات	-12.962353
▁جسدية	-12.962405
▁وإمكانات	-12.962412
النهج	-12.962516
تحديات	-12.962553
▁عزمنا	-12.962959
▁المتسق	-12.962987
▁والمسجل	-12.963034
▁التقري	-12.963237
▁وغرضها	-12.963243
▁يعفي	-12.963308
▁وتعلن	-12.963442
▁جاهز	-12.963542
أقساط	-12.963673
إنماء	-12.963817
▁أسلحتهم	-12.963830
▁استخبارات	-12.963830
▁البورتوريكي	-12.963830
▁عوائد	-12.963833
▁الضامن	-12.963846
▁لزاما	-12.963910
▁بتفصيل	-12.963924
▁وحدوث	-12.963938
▁للقوى	-12.963946
▁ينفق	-12.963955
دأب	-12.964095
تترتب	-12.964097
▁والأسرية	-12.964293
▁والإساءة	-12.964400
ينكو	-12.964481
▁احس	-12.964544
تدويل	-12.964605
▁صيني	-12.964718
فرانس	-12.964767
▁باستيراد	-12.964815
▁للفيروس	-12.964887
comm	-12.964990
زهر	-12.965262
▁العصي	-12.965324
▁وغرينادا	-12.965365
▁ذبيحة	-12.965366
▁هليكوبتر	-12.965366
▁وطبيعته	-12.965370
▁تتهدد	-12.965371
▁الميثان	-12.965377
تلاعب	-12.965464
▁للسوقيات	-12.965555
علاوة	-12.965589
▁الحكيم	-12.966055
▁ينسق	-12.966162
▁زميلي	-12.966278
▁الصخر	-12.966547
▁وتمنع	-12.966577
▁هادي	-12.966678
▁للموجودات	-12.966682
▁المذابح	-12.966719
▁للإقامة	-12.966843
▁كإطار	-12.966887
تضاؤل	-12.966905
▁اجتياز	-12.966905
▁بتوضيح	-12.966905
▁الإتحاد	-12.966906
▁إتباع	-12.966908
▁يرقى	-12.966915
▁المعرفية	-12.966933
▁النيابي	-12.966969
▁بالقبول	-12.966986
▁المنتسب	-12.967012
▁أنثى	-12.967048
▁أنتجت	-12.967129
أنسجة	-12.967168
mal	-12.967459
▁يتصرفون	-12.967483
▁يهد	-12.967507
▁يسار	-12.967573
▁الداعم	-12.967610
▁تكلل	-12.967673
/2004/1	-12.967939
▁عقلي	-12.968218
ece	-12.968319
GG	-12.968380
▁الفتاكة	-12.968446
▁لتركيز	-12.968447
▁لاستقرار	-12.968449
▁واستضافت	-12.968453
▁يصادف	-12.968470
انخفضت	-12.968562
تواريخ	-12.968588
▁1820	-12.968775
▁المدان	-12.968777
تثبط	-12.968810
▁time	-12.968868
▁شارع	-12.969020
▁1541	-12.969531
▁التطلعات	-12.969555
▁Fo	-12.969796
▁ابحث	-12.969872
▁Conflict	-12.969989
▁المستوطنون	-12.969989
▁أبرياء	-12.969992
▁ذروة	-12.969993
▁ونيفس	-12.969997
▁الصواب	-12.970018
▁يتلقاها	-12.970149
▁المطلب	-12.970221
المعدلات	-12.970238
▁يتسع	-12.970281
تلقوا	-12.970301
إغراق	-12.970302
نتبه	-12.970402
▁إعادتهم	-12.970448
▁تحفز	-12.970506
▁وحوار	-12.970674
▁Asia	-12.970739
خطابات	-12.970889
رؤيا	-12.970966
▁والإذاعة	-12.971053
▁الهش	-12.971162
الخصائص	-12.971390
▁وملائمة	-12.971538
▁Declaration	-12.971539
الإفراج	-12.971591
▁فارس	-12.971627
▁نشبت	-12.971660
لصعوبة	-12.972118
منتجات	-12.972160
▁تفترض	-12.972230
▁قنابل	-12.972315
▁والتسليم	-12.972437
▁اندلعت	-12.972558
▁للملك	-12.972558
▁الموطن	-12.972687
▁ويتواصل	-12.972723
▁العتاد	-12.972845
▁Cultural	-12.973083
▁الأنظار	-12.973083
▁الفوتوغرافي	-12.973083
▁بالملاريا	-12.973083
▁لإنجاح	-12.973083
▁الباطلة	-12.973083
▁الترهيب	-12.973083
▁لأراضي	-12.973084
▁Crime	-12.973090
CRIC	-12.973098
▁ذهني	-12.973158
1-603	-12.973204
-1-5	-12.973210
خاتم	-12.973793
▁تعذ	-12.973853
▁الولاي	-12.974010
تفضيل	-12.974065
▁قاصرا	-12.974121
▁إحالته	-12.974236
▁154-	-12.974594
▁كوالالمبور	-12.974632
▁البغايا	-12.974633
▁المرموق	-12.974635
.109/	-12.974686
▁الكبريتيد	-12.974778
▁لتوظيف	-12.974895
التنفيذ	-12.974916
▁أسبوعيا	-12.975156
جلستان	-12.975601
▁الملتمس	-12.975683
▁بالموجودات	-12.975908
مستجدات	-12.975931
▁وتلزم	-12.976039
▁وتصنيع	-12.976185
بكالوريوس	-12.976186
▁الماهرة	-12.976188
▁يتكلمون	-12.976208
سنوات	-12.976234
▁والوزارات	-12.976329
▁أنابيب	-12.976368
مسرح	-12.976451
▁تستحدث	-12.976493
▁وأمانات	-12.977024
أفقر	-12.977194
▁بالمشورة	-12.977358
info	-12.977421
▁sent	-12.977505
table	-12.977530
▁احتفل	-12.977551
▁سيتوقف	-12.977694
▁لاشتراك	-12.977740
▁2006-2010	-12.977741
اكتوبر	-12.977745
▁برفاه	-12.977746
▁ضوئي	-12.977751
NO	-12.977773
▁وداع	-12.977821
▁كريستيان	-12.977911
▁يتزوج	-12.977977
▁للهيكل	-12.978058
▁حوكم	-12.978534
rop	-12.978595
each	-12.978621
تعريض	-12.978924
▁ومشاركته	-12.978969
▁تفاوضية	-12.979004
عصر	-12.979141
بواسطة	-12.979178
▁أدركت	-12.979237
▁result	-12.979298
▁Colombia	-12.979299
▁وأغراض	-12.979299
/2005/4	-12.979302
▁الملامح	-12.979303
▁مصيرهم	-12.979373
Oberl	-12.979417
▁عيادة	-12.979424
▁الدماغ	-12.979471
/2007/3	-12.979549
▁تتطابق	-12.979553
▁ووزعت	-12.979683
121	-12.979690
▁استعدادهم	-12.979718
▁بمساهمات	-12.979737
رموز	-12.979877
طنب	-12.980124
▁فئتي	-12.980433
▁الاخت	-12.980543
بالاستناد	-12.980744
▁الشواطئ	-12.980858
encils	-12.980859
▁تجربتنا	-12.980860
▁مرخص	-12.980945
IPC	-12.980972
▁الفترتين	-12.981003
▁يتأتى	-12.981047
▁المدونات	-12.981098
▁إهانة	-12.981125
▁يسقط	-12.981266
▁بالجنسين	-12.981420
▁أتت	-12.981998
▁للرئاسة	-12.982278
موزامبيق	-12.982296
▁الهيدروغرافية	-12.982426
inter	-12.982513
باللغة	-12.982523
▁وباعتماد	-12.982819
▁٤٨	-12.982834
▁سانحة	-12.983027
تدبر	-12.983205
▁Her	-12.983315
118	-12.983427
▁بحياته	-12.983487
▁الحولية	-12.983568
▁استفسارات	-12.983653
▁وأخبر	-12.983827
إخفاء	-12.983915
▁النازي	-12.983947
▁بالانقراض	-12.983986
▁يماثل	-12.983988
▁made	-12.984011
وقراطي	-12.984224
▁1999-2000	-12.984334
▁ومنهجي	-12.984491
▁مستهلك	-12.984508
محافظة	-12.984614
وجبة	-12.984728
الأشخاص	-12.984731
-3-2	-12.984834
▁المصاريف	-12.984866
▁للحزب	-12.984916
التحدي	-12.984939
▁153-	-12.984950
▁Peoples	-12.985078
▁تعلمنا	-12.985245
▁ميزانيته	-12.985261
▁ذهن	-12.985317
▁ستيفن	-12.985600
الكويت	-12.985720
قطيع	-12.985758
▁مزود	-12.985953
▁العداء	-12.986481
▁يتشاور	-12.986576
ane	-12.986621
لأا	-12.986636
▁وعينت	-12.986759
▁الثان	-12.986835
▁لاستهلاك	-12.987099
▁particular	-12.987123
▁المميز	-12.987153
▁تتساءل	-12.987226
▁الإجماع	-12.987330
▁للخلاف	-12.987359
▁الصلح	-12.987473
sum	-12.987723
▁تكتفي	-12.988355
▁وفى	-12.988374
▁وستنظر	-12.988385
▁إيلام	-12.988420
▁أتطرق	-12.988477
▁متمشية	-12.988695
▁والتخزين	-12.988695
▁للمستثمرين	-12.988696
▁وخبرائها	-12.988697
▁ويكتسي	-12.988697
▁يسألون	-12.988704
▁المتطرف	-12.988708
▁المفرغة	-12.988718
▁وللمجتمع	-12.988731
الناتج	-12.988825
زبائن	-12.988863
▁الصدمة	-12.989021
▁السائق	-12.989054
مطالبات	-12.989301
▁وكرامته	-12.989326
▁56/4	-12.989987
▁آريا	-12.990169
eth	-12.990170
▁أزواجهن	-12.990271
▁الإجابات	-12.990272
▁للآباء	-12.990273
▁والأجنبية	-12.990276
▁بالمهارات	-12.990280
▁الشهير	-12.990549
▁الاشتراط	-12.990665
كروب	-12.990717
▁ظواهر	-12.990883
▁الكهربائي	-12.991075
▁ينبع	-12.991232
▁بالقبض	-12.991495
▁كمثال	-12.991688
▁المتعاونة	-12.991857
▁مسابقة	-12.991862
▁وتشريد	-12.991899
نبني	-12.991945
▁armed	-12.991978
elle	-12.992013
▁1803	-12.992042
مقادير	-12.992126
▁وحاسم	-12.992126
▁الفلكية	-12.992167
▁ستتطلب	-12.992427
▁اغت	-12.992488
▁التملك	-12.992555
▁الروس	-12.992891
▁ويناقش	-12.993231
كمبوديا	-12.993389
▁وتفتيش	-12.993427
▁افعل	-12.993428
▁يراقب	-12.993464
▁ويليام	-12.993469
▁وإتمام	-12.993531
▁مؤمن	-12.993572
▁الاحتيازي	-12.993612
▁تسأل	-12.994349
▁Non	-12.994350
▁ناقص	-12.994420
▁نقف	-12.994489
▁نغتنم	-12.994580
▁والحوادث	-12.994645
▁الترسانات	-12.994678
▁والأجور	-12.994735
▁الجانحين	-12.995009
▁الضالعة	-12.995009
▁بالصحراء	-12.995009
▁وبحوث	-12.995011
MISC	-12.995014
▁بشهادته	-12.995016
▁لإقناع	-12.995115
▁تتضح	-12.995178
▁ولتمكين	-12.995217
▁والقبول	-12.995228
تغليف	-12.995234
▁تدخر	-12.995624
▁يسحب	-12.995779
▁West	-12.995968
▁تنافسي	-12.996016
▁تلبيتها	-12.996129
▁Mac	-12.996210
▁وبنات	-12.996262
Cambridge	-12.996594
▁الجميلة	-12.996622
▁زيارتي	-12.996655
▁للشهود	-12.996741
omb	-12.996931
▁يبيع	-12.996970
▁الأنابيب	-12.997268
.6/62/	-12.997373
القضية	-12.997445
▁وليد	-12.997560
ستؤدي	-12.997700
▁محمل	-12.997912
▁ويدخل	-12.997917
▁بالتكيف	-12.997966
▁والمستندات	-12.998076
.12/1/	-12.998246
خلال	-12.998267
▁ينطلق	-12.998273
▁عانوا	-12.998308
▁سينغ	-12.998363
111	-12.998467
قوانين	-12.998528
▁ونعتبر	-12.998534
إكراه	-12.998663
▁الناقص	-12.999041
▁ناميا	-12.999078
الأهداف	-12.999202
▁المعيشي	-12.999228
استفتاء	-12.999289
▁يفعلوا	-12.999476
123	-12.999771
▁Refugee	-12.999771
▁بسلطات	-12.999819
▁بحماس	-12.999829
▁شارما	-12.999881
▁خليط	-12.999883
▁باليورو	-12.999902
تعميق	-12.999914
▁الملتقى	-12.999961
▁مؤتم	-13.000051
▁وهدم	-13.000051
600	-13.000382
▁الأوغندي	-13.000622
▁وأربعين	-13.000624
▁واتضح	-13.000669
إطعام	-13.000690
▁ستدرج	-13.000847
لوحة	-13.000883
▁وعواقب	-13.001065
▁التلميذ	-13.001364
▁كاتماندو	-13.001364
▁واستكهولم	-13.001364
▁والاستخبارات	-13.001364
Agenda	-13.001367
▁Regional	-13.001367
▁بالشركات	-13.001369
CTOC	-13.001377
▁العتبة	-13.001382
▁لجماعات	-13.001387
▁تدافع	-13.001440
▁Korea	-13.001449
▁للوباء	-13.001492
▁وارسو	-13.001496
تبكير	-13.001640
▁بالمهمة	-13.001666
▁وحكمت	-13.001678
▁ولتشجيع	-13.001759
▁عميل	-13.001804
▁انطباعا	-13.002026
▁ستحدد	-13.002102
▁بعشر	-13.002147
▁للبلاد	-13.002288
لدلالة	-13.002544
▁اقترف	-13.002550
▁المتصور	-13.002632
▁بالعبارة	-13.002778
▁نانو	-13.002786
▁بالسرية	-13.002898
▁والمقصود	-13.002959
▁paper	-13.002960
▁بأشد	-13.002972
بربادوس	-13.003030
▁القطعية	-13.003046
▁بالتعيين	-13.003075
▁الاموات	-13.003101
▁مرضيا	-13.003195
▁ميراث	-13.003198
▁الأقرب	-13.003274
▁المصوتين	-13.003293
التهرب	-13.003662
▁للضحية	-13.004189
▁Amnesty	-13.004556
▁للصعوبات	-13.004556
▁نجامينا	-13.004556
▁Survey	-13.004557
▁Vienna	-13.004557
▁المتوفى	-13.004558
▁ويؤمل	-13.004558
▁بالتبرعات	-13.004561
جوسكانز	-13.004566
▁زوار	-13.004874
63/6	-13.004992
▁يسعني	-13.005019
اشتغال	-13.005082
▁الشرائح	-13.005273
▁التذكاري	-13.005428
▁التهنئة	-13.005612
خدام	-13.005660
البلاغ	-13.005672
UNCTAD	-13.006120
▁الاستخبارية	-13.006156
▁المقبوض	-13.006156
▁بالانتقال	-13.006156
▁لإشراف	-13.006156
▁للإفراج	-13.006156
▁وصعوبة	-13.006156
▁متطابقة	-13.006167
▁جاهدا	-13.006179
▁عيادات	-13.006224
▁الحيطة	-13.006263
لإجابة	-13.006304
/2001/6	-13.006413
▁بالأموال	-13.006448
▁ومهمة	-13.006675
▁الملائكة	-13.006772
لإخلال	-13.006817
▁ومصادرتها	-13.007366
▁حريات	-13.007678
▁الفييتنامي	-13.007758
▁المأهولة	-13.007758
▁ملوثة	-13.007760
▁وإعلام	-13.007816
▁التساوي	-13.007863
▁وصايا	-13.007889
▁تتطرق	-13.007920
▁التحامل	-13.008015
▁والجزر	-13.008062
▁للشحن	-13.008307
▁للتسليم	-13.008495
▁شيخوخة	-13.008700
▁مستنسخ	-13.008800
طمح	-13.008919
▁dur	-13.009052
}	-13.009363
▁وإتاحتها	-13.009364
▁الأيبيري	-13.009366
▁غرينلاند	-13.009412
تمكين	-13.009482
▁بالزئبق	-13.009492
▁النصيب	-13.009596
▁والمادي	-13.009645
▁وجماعي	-13.010118
▁يوصف	-13.010273
▁her	-13.010307
book	-13.010424
▁يعينهم	-13.010526
▁التحاور	-13.010652
▁متحف	-13.010653
▁يتأكد	-13.010722
▁المنسوب	-13.010756
▁الحجية	-13.010934
▁والضعيفة	-13.010971
{	-13.010973
▁القضيتين	-13.011004
تشوهات	-13.011333
▁هشا	-13.011455
▁المعارضين	-13.011873
▁المستفيدون	-13.011986
▁وختم	-13.012133
▁المؤق	-13.012404
روسي	-13.012446
▁كإجراء	-13.012525
▁Issues	-13.012582
▁conflict	-13.012582
▁والقنصليين	-13.012582
▁القمامة	-13.012584
▁بحصول	-13.012585
سبايدر	-13.012594
▁المرحلتين	-13.012595
واكس	-13.012606
▁واستثمارات	-13.012636
▁تيري	-13.012677
▁المجمدة	-13.012830
ويرحب	-13.012931
62/208	-13.012957
▁التمست	-13.013155
▁وتنميته	-13.013296
▁بالآليات	-13.013353
ستغرب	-13.013491
/225	-13.013620
ترقب	-13.013671
▁حيوانات	-13.014004
▁القلبية	-13.014074
ندوسلفان	-13.014195
ذبائح	-13.014196
▁التشهير	-13.014196
▁المواهب	-13.014196
▁والسريع	-13.014226
▁والنهب	-13.014297
tom	-13.014317
▁والعالي	-13.014318
▁مشاهد	-13.014470
▁علانية	-13.014577
▁ونقر	-13.014666
النسبة	-13.014874
▁الأحادي	-13.015286
▁للطرق	-13.015485
▁Right	-13.015495
▁بريطاني	-13.015505
2-5	-13.015729
▁الجاهزة	-13.015810
▁وحيازتها	-13.015810
▁بالتصحر	-13.015811
▁والامتيازات	-13.015813
▁وإنسانية	-13.015833
▁مقتطفات	-13.015951
▁واللامركزية	-13.015989
▁بالإيجاب	-13.016256
▁فئتين	-13.016292
▁يتقيد	-13.016313
▁للعضوية	-13.016453
▁يعجز	-13.016713
▁واحتياجاتهم	-13.016807
▁نتقدم	-13.016883
202	-13.017076
▁وأدائه	-13.017186
لطوائف	-13.017291
▁العقيد	-13.017377
▁الآجلة	-13.017428
▁والإسبانية	-13.017428
▁البلاستيكية	-13.017429
▁مفترق	-13.017429
▁ونكرر	-13.017462
▁جريدة	-13.017556
▁المهاجر	-13.017710
▁بالأثر	-13.017819
▁تحبذ	-13.018002
bre	-13.018091
▁نالت	-13.018130
▁الثوري	-13.018584
▁والحزب	-13.018657
نتقى	-13.018698
▁ويستحق	-13.018826
SAICM	-13.019046
▁المعسكرات	-13.019050
▁بمزايا	-13.019050
▁كتائب	-13.019050
▁إبداع	-13.019075
المجلد	-13.019102
▁احتاج	-13.019116
bro	-13.019214
▁للعدل	-13.019251
▁زلت	-13.019253
▁انسحبت	-13.019375
▁ودورته	-13.019403
▁وتستفيد	-13.019679
تايوان	-13.019771
140	-13.019852
▁تستوعب	-13.019923
▁اكل	-13.020243
▁لوقت	-13.020445
▁provide	-13.020600
▁الممث	-13.020648
▁regard	-13.020672
▁situation	-13.020673
▁والمشتركة	-13.020677
▁وامرأة	-13.020678
▁لنفقات	-13.020700
▁أسماؤها	-13.020713
aciones	-13.020745
بوتسوانا	-13.020912
خداع	-13.020964
▁المتبرع	-13.021085
حائز	-13.021198
المؤتمر	-13.021274
▁المضبوطات	-13.021287
▁مطو	-13.021418
▁اصلاح	-13.021446
▁اتخ	-13.021575
▁الجولات	-13.021779
▁0.6	-13.022124
الرسم	-13.022138
committee	-13.022300
▁والثروة	-13.022306
▁ومدارس	-13.022378
▁used	-13.022414
الكلمات	-13.022419
شقاء	-13.022433
-2950	-13.022469
▁المربع	-13.022623
▁ودراسته	-13.022645
▁ويثني	-13.022671
.4/55	-13.022778
▁اصبحت	-13.022817
▁قوبل	-13.022857
▁تتناقض	-13.023237
▁الناشط	-13.023264
▁الباكستاني	-13.023388
لفونات	-13.023396
إقصاء	-13.023430
rant	-13.023790
▁ويقصد	-13.023791
إعمال	-13.023854
those	-13.023927
▁Agency	-13.023928
▁لتوكيلاو	-13.023928
▁بالتعهدات	-13.023940
القاهرة	-13.023970
▁ونشير	-13.024035
▁تلقائي	-13.024132
▁العصبي	-13.024385
▁ادعت	-13.024412
▁والسرية	-13.024452
ترشح	-13.024459
تعطل	-13.024540
wo	-13.024765
▁المقتضيات	-13.024768
سياستنا	-13.024785
الحكم	-13.024796
تسليم	-13.024858
تلفزيون	-13.024946
▁العوز	-13.025149
لخسائر	-13.025182
2009	-13.025344
▁ILO	-13.025558
▁الالتقاء	-13.025559
▁بالتغييرات	-13.025560
▁كموظف	-13.026032
ful	-13.026118
▁أسهل	-13.026146
▁والثغرات	-13.026256
▁وبخلاف	-13.026296
▁للأحزاب	-13.026305
▁ممرات	-13.026314
شيش	-13.026361
▁20/10	-13.026372
▁والأولاد	-13.026411
تأييد	-13.026416
إستونيا	-13.026425
▁بالترتيب	-13.026526
▁الفيدرالي	-13.026533
▁الجذري	-13.026536
▁وطنه	-13.026648
شعوب	-13.026848
/55/9	-13.027094
▁لانعقاد	-13.027192
▁ابرام	-13.027212
▁الضئيل	-13.027224
based	-13.027318
ليختنشتاين	-13.027500
▁الفرز	-13.027824
▁المشغ	-13.027931
▁ولغات	-13.027960
▁ومعروض	-13.028293
tech	-13.028385
▁المخالف	-13.028425
▁نقرأ	-13.028755
ú	-13.028830
▁بالكوبالت	-13.028830
▁والتخويف	-13.028830
▁الاعدام	-13.028832
▁وأرباب	-13.028832
▁لمواقع	-13.028834
▁لأمراض	-13.028919
▁قيادتكم	-13.029014
▁بوكار	-13.029041
té	-13.029119
▁باشرت	-13.029266
jur	-13.029302
▁وتحاول	-13.029387
▁مقنع	-13.029481
▁كأس	-13.029590
حاويات	-13.029627
▁السطو	-13.029999
▁بالتوجيه	-13.030177
▁الأشعة	-13.030315
▁والجبر	-13.030399
▁التحف	-13.030452
▁باعتقال	-13.030468
▁John	-13.030469
▁بالتشرد	-13.030478
▁المشهد	-13.030590
▁والعاشر	-13.030598
▁الراتب	-13.030608
ضطهد	-13.030742
أحزاب	-13.030780
▁أنتهز	-13.030787
متعارف	-13.030934
▁الاستيعاب	-13.030939
▁ستنظم	-13.030967
صمت	-13.031056
ثابر	-13.031060
▁نتشاطر	-13.031070
▁للسكن	-13.031174
▁ومسؤوليته	-13.031498
زهار	-13.031849
▁الرؤيا	-13.031870
▁بمضمون	-13.032110
▁البشعة	-13.032111
▁بالحسابات	-13.032113
▁للديمقراطيات	-13.032114
▁أذهان	-13.032117
▁أعراض	-13.032235
▁وترغب	-13.032358
▁مهددة	-13.032521
جتهد	-13.032557
▁تتولاه	-13.032576
▁تشرد	-13.032648
الهيئات	-13.032665
▁محترف	-13.032673
▁2004-2006	-13.032676
▁إحضار	-13.032824
لمثول	-13.032951
▁سيتناول	-13.033068
▁وتطلعاته	-13.033098
▁ستبقى	-13.033179
يزومر	-13.033236
▁وجمعيات	-13.033612
▁الاسبوع	-13.033756
▁للمشتركين	-13.033756
▁الأرامل	-13.033757
▁للصادرات	-13.033761
تلمذة	-13.033798
†	-13.033853
▁آنف	-13.033886
أرملة	-13.033991
▁البنوك	-13.034046
157	-13.034214
▁والمستفيدين	-13.034449
▁بالتفاعل	-13.034618
أحقية	-13.035243
▁التليفزيون	-13.035402
▁دساتير	-13.035402
▁متشابهة	-13.035415
▁المتزامن	-13.035464
▁اماكن	-13.035588
▁وعلقت	-13.035648
▁رحيل	-13.035664
▁كيني	-13.035776
▁claimant	-13.036267
عذب	-13.036280
تدارك	-13.036450
▁بالروح	-13.036451
▁يمهد	-13.036640
خجل	-13.036653
تحتوي	-13.036697
▁بأرواح	-13.037053
▁غونزاليس	-13.037053
▁شجاعة	-13.037096
▁٢٠٠٠	-13.037204
▁انقضى	-13.037561
▁تجتذب	-13.037707
home	-13.038006
▁المساع	-13.038090
▁هروب	-13.038235
▁الضابط	-13.038290
▁للمصالح	-13.038484
▁أحط	-13.038682
▁بالشهادة	-13.038703
▁الدعائم	-13.038707
▁لأوضاع	-13.038708
▁كفاءات	-13.038784
▁العقائد	-13.039052
▁٤٦	-13.039179
انفصال	-13.039232
▁group	-13.039450
لأبناء	-13.039457
▁وسعنا	-13.039495
▁comment	-13.039558
▁إدواردو	-13.039683
غيانا	-13.039909
▁Countries	-13.040361
▁بالإحباط	-13.040361
▁بالإنجازات	-13.040363
▁Investment	-13.040364
▁بقوائم	-13.040367
▁المواشي	-13.040422
تفتقر	-13.040517
▁تعول	-13.040572
أضحى	-13.040860
▁ستيفان	-13.040944
▁وبنود	-13.040963
الكرسي	-13.041270
موجات	-13.041804
▁establish	-13.042019
▁رمضان	-13.042020
▁بالمواعيد	-13.042060
▁Federation	-13.042101
▁متسع	-13.042166
▁احتيال	-13.042221
▁الهويات	-13.042321
▁النهب	-13.042446
▁للكبار	-13.042553
▁امتثل	-13.042561
▁الخراف	-13.042724
▁ونطالب	-13.042744
▁التصورات	-13.042967
/23370	-13.043048
▁استنتجت	-13.043365
▁health	-13.043681
▁received	-13.043681
▁وإعادتهم	-13.043681
▁البرادعي	-13.043682
▁بمشاركته	-13.043683
▁إيس	-13.043714
/2004/9	-13.043731
الإنجليزية	-13.043770
/54/6	-13.043832
▁2005-2015	-13.043912
poli	-13.044240
▁الاستهلالي	-13.044745
بيجين	-13.044973
لمعاهدات	-13.045332
▁إشادة	-13.045349
▁السداسية	-13.045350
▁المشددة	-13.045376
أشكال	-13.045475
▁الفاشر	-13.045478
ضخامة	-13.045486
▁براءة	-13.045509
▁الاضافي	-13.045524
▁الخلفيات	-13.045800
▁ويوصى	-13.045834
-00/13	-13.046002
▁متكل	-13.046135
104	-13.046234
ترسانات	-13.046238
▁وتتعهد	-13.046272
▁بالمنظور	-13.046382
▁لأشد	-13.046638
THE	-13.046934
-2-3	-13.046962
▁Israel	-13.047011
▁وضوابط	-13.047011
▁والأثاث	-13.047021
▁وتبني	-13.047056
▁كضمان	-13.047105
▁استغل	-13.047178
▁أخريين	-13.047276
▁تمنيات	-13.047316
▁أردت	-13.047575
▁تتحلى	-13.047738
▁الناموسيات	-13.047787
▁وترصد	-13.047798
▁والحيوان	-13.048515
▁والوفاة	-13.048536
▁العاطل	-13.048676
▁بالتخفيف	-13.048681
▁بواعث	-13.048681
▁الاستدلال	-13.048683
▁جاهدين	-13.048689
▁والمتقدمة	-13.048690
▁المناصرة	-13.048693
▁كارولين	-13.048744
شقاق	-13.048789
تبوأ	-13.048796
▁سقطت	-13.048824
▁الخالق	-13.048865
▁ومرفقاته	-13.049224
فنزويلا	-13.049278
▁ليبلغ	-13.049278
▁المنظومات	-13.049528
oma	-13.049636
▁ممنوع	-13.050121
▁الأوزبكي	-13.050353
▁يوكوهاما	-13.050353
▁بتعدد	-13.050376
▁حاوية	-13.050380
▁٥٠٠	-13.050463
▁ويندرج	-13.050581
▁وأرسل	-13.050758
▁معربا	-13.050832
bli	-13.050868
▁والحرف	-13.051280
▁رامي	-13.051412
▁البلجيكي	-13.051451
▁استراتيجيته	-13.051789
تفادي	-13.051890
▁الاقتناع	-13.052028
المنطقة	-13.052036
▁الندوات	-13.052051
▁لقوائم	-13.052055
▁العصيبة	-13.052106
▁الجلوس	-13.052136
▁وقوائم	-13.052244
▁صلوات	-13.052251
قوارب	-13.052367
▁ونوعيتها	-13.052422
▁المعقوف	-13.052853
ize	-13.052901
▁بالعالم	-13.052904
▁يتلقوا	-13.052925
▁والعزل	-13.053351
لافتقار	-13.053413
▁ونهب	-13.053483
ضحايا	-13.053562
▁زوال	-13.053697
▁للإنعاش	-13.053706
▁والقوالب	-13.053708
▁اجوبة	-13.053712
▁للسلاح	-13.053805
▁برميل	-13.053817
توعيتهم	-13.053837
▁لواندا	-13.053974
▁الأنفس	-13.054080
▁تتردد	-13.054174
▁Val	-13.054531
▁مهر	-13.054585
▁وأهاب	-13.054852
▁الفضلات	-13.054866
تشتت	-13.054869
▁نابلس	-13.055387
▁المواصلات	-13.055392
▁الواعدة	-13.055401
▁والمحددة	-13.055417
لمزايا	-13.055664
أستاذ	-13.056135
▁لجأت	-13.056247
بصمات	-13.056252
▁الإثن	-13.056492
/2001/7	-13.056589
أعيان	-13.056808
▁اكون	-13.056816
▁policy	-13.057070
▁والمتعاقدين	-13.057073
LCS	-13.057092
▁ثروات	-13.057153
تنميط	-13.057165
تنقية	-13.057467
سيناريو	-13.057603
-1-4	-13.057764
▁المحتجزون	-13.057793
▁نستمر	-13.057821
ألقاب	-13.058020
3/77	-13.058098
▁وبتقرير	-13.058188
▁ستناقش	-13.058655
▁المعطاة	-13.058758
▁والمقاضاة	-13.058765
▁والاضطهاد	-13.058825
▁للتراث	-13.058853
▁طاقم	-13.058865
▁الافتتاح	-13.058980
▁التنشيط	-13.059212
▁يدويا	-13.059313
▁للمستفيدين	-13.059315
▁لوحات	-13.059333
No	-13.059653
▁نتصدى	-13.059737
▁استذكر	-13.059937
▁ويمنع	-13.060176
▁للشفافية	-13.060446
▁المانعة	-13.060463
▁بفاعلية	-13.060465
▁مناصرة	-13.060532
الملوثات	-13.060556
▁وتنشأ	-13.060620
▁والأفعال	-13.060648
▁سيعود	-13.060716
لكيري	-13.060719
▁السمعة	-13.060728
▁2006-2009	-13.060802
▁وتعني	-13.060881
▁والصحافة	-13.061565
موثوقية	-13.061781
استبيان	-13.062021
اليمن	-13.062037
spanish	-13.062138
▁والبدلات	-13.062144
▁مباحثات	-13.062149
▁ترقى	-13.062150
▁والخاضع	-13.062177
INC	-13.062202
▁الميول	-13.062256
▁بالمضي	-13.062330
▁تخلو	-13.062495
Net	-13.062722
مستقاة	-13.062871
▁تكميل	-13.062921
تكتسي	-13.063000
▁كمراقب	-13.063168
▁160-	-13.063713
▁instalment	-13.063833
▁الودائع	-13.063833
▁المطاعم	-13.063834
▁النزوح	-13.063836
▁والمفتوحة	-13.063837
▁بخطوات	-13.063890
▁تحاشي	-13.063950
تأسس	-13.063953
مخلوقات	-13.064053
▁الشفاء	-13.064155
▁تلائم	-13.064350
▁مدمر	-13.064549
▁بالفشل	-13.064729
▁الجمال	-13.064776
▁اسأل	-13.065187
▁احذف	-13.065283
201	-13.065292
▁لرفاه	-13.065536
▁ستبذل	-13.065719
▁للغات	-13.065761
▁المشاة	-13.065817
▁بالجملة	-13.066072
علاء	-13.066360
عاهات	-13.066451
▁بالشكاوى	-13.066520
▁وأدخلت	-13.066643
زعيم	-13.066809
ados	-13.066862
▁Jur	-13.066914
▁only	-13.067019
▁الملغومة	-13.067231
▁بتفتيش	-13.067231
▁الجنايات	-13.067238
مآوى	-13.067273
▁السرور	-13.067716
تتوقف	-13.068065
/226	-13.068387
▁أخفق	-13.068765
▁للمصارف	-13.068784
/2001/9	-13.068837
▁المباحثات	-13.068937
▁المآسي	-13.068938
▁التعاطي	-13.068941
▁تتشاطر	-13.068949
▁إرث	-13.068984
ارتفعت	-13.069278
▁groups	-13.069363
/2008/5	-13.069475
.6/55/	-13.069519
▁الكفالة	-13.069568
▁بالدولار	-13.069636
▁لوحده	-13.069981
قولبة	-13.070152
▁اعترض	-13.070198
▁تلفزيونية	-13.070547
بروتستانت	-13.070641
▁التأليف	-13.070642
▁تخويل	-13.070645
▁للمستخدمين	-13.070645
▁وأثبتت	-13.070647
▁القسط	-13.070653
▁السيناريوهات	-13.070666
▁بعمق	-13.070667
▁مارتينيز	-13.070694
▁جسور	-13.070731
▁اشتمل	-13.070888
▁رباعي	-13.070949
▁والإسرائيليين	-13.071146
▁ينقص	-13.071177
▁وباطل	-13.071190
▁للإدارات	-13.071279
الناقل	-13.071305
▁بالضحايا	-13.071373
▁للانتخاب	-13.071471
▁ستزيد	-13.071611
▁met	-13.071935
▁بالأمان	-13.072262
/1994/20/	-13.072349
▁بفائدة	-13.072351
▁46/182	-13.072352
▁للعدد	-13.072782
▁الانتقامية	-13.073148
▁للطريق	-13.073235
Dept	-13.073749
▁المحتفظ	-13.073777
إعاقات	-13.073801
تقوض	-13.073868
▁السجينات	-13.074059
▁51/210	-13.074063
▁لفرص	-13.074116
▁اللوح	-13.074285
▁فخور	-13.074473
▁التجميد	-13.074501
▁انتهائه	-13.074755
انطوت	-13.074824
▁الرهن	-13.074922
▁ext	-13.075091
▁ستتمكن	-13.075109
▁أسرهن	-13.075174
▁ملجأ	-13.075562
▁للمشتري	-13.075661
مجاميع	-13.075844
▁للفرص	-13.075861
▁وأثيرت	-13.076185
مركبة	-13.076764
▁الماثل	-13.077044
BI	-13.077093
▁فرانسيس	-13.077405
▁لأخطار	-13.077497
▁والصحراء	-13.077497
french	-13.077498
▁وأراضي	-13.077512
▁أوشيما	-13.077523
▁أسمائهم	-13.077555
كفاية	-13.077701
▁بالأفعال	-13.077724
▁ساخن	-13.077834
▁واهتمامات	-13.077881
▁اللطف	-13.077909
action	-13.078041
تطويع	-13.078118
▁دايس	-13.078449
▁الأسبق	-13.078479
أطرح	-13.078486
▁ترعاه	-13.078489
▁ايليا	-13.078608
TH	-13.078701
▁وتضاف	-13.079097
عتقاد	-13.079098
▁Labour	-13.079218
▁المحتاجة	-13.079226
▁للمتكلمين	-13.079242
▁الأسمدة	-13.079272
▁نظيفة	-13.079310
▁امتدت	-13.079363
حرائق	-13.079376
▁ارتبط	-13.079402
▁المحص	-13.079563
▁الحفل	-13.079732
▁وتعود	-13.079927
▁نرغب	-13.080135
▁ودقيق	-13.080463
▁الإقصاء	-13.080611
▁غاسبار	-13.080941
▁بالمعارف	-13.080942
▁حيوان	-13.080953
رطوبة	-13.080995
▁تشتري	-13.081033
▁شاشة	-13.081071
▁المشتكي	-13.081161
▁60/266	-13.081455
أشياء	-13.081734
▁الحيتان	-13.081759
بوابات	-13.082211
▁الضبط	-13.082332
▁Environ	-13.082541
المقدرة	-13.082624
▁Tribunal	-13.082669
▁وواقعية	-13.082669
▁لسلوك	-13.082670
▁للجماهيرية	-13.082670
▁ميكروغرام	-13.082673
▁أبطأ	-13.082683
▁والأرقام	-13.082694
▁وقيود	-13.082694
▁فاضح	-13.082742
▁لمعدات	-13.082819
▁والمستقبلية	-13.082827
▁والقرن	-13.083114
▁وتكرار	-13.083229
▁٧٠	-13.083678
ضحك	-13.083714
▁الإيصال	-13.084032
▁المشاع	-13.084052
▁الشبه	-13.084371
▁address	-13.084398
▁للمدرسين	-13.084401
▁والوسطى	-13.084401
قسائم	-13.084405
▁الكاناك	-13.084408
ضروب	-13.084557
▁واستطاع	-13.084768
▁وتتعرض	-13.084921
▁للتحالف	-13.084977
▁للانتهاء	-13.085210
▁والعاملات	-13.085293
▁Humanitarian	-13.086132
▁حكومتكم	-13.086132
▁بوغوتا	-13.086133
▁تذاكر	-13.086134
▁والمشاركين	-13.086135
▁والمهينة	-13.086136
▁الهيدروجين	-13.086154
▁والزوجة	-13.086156
▁السفلي	-13.086176
▁المعمورة	-13.086184
.6/61/	-13.086214
▁تسييس	-13.086270
▁وساطة	-13.086324
وازن	-13.086809
▁توافي	-13.086862
الفرنك	-13.086926
▁للفئة	-13.086986
▁ساحلية	-13.087049
▁ويحقق	-13.087097
▁وتصحيح	-13.087226
تقتصر	-13.087470
▁الخداع	-13.087629
▁للاستدامة	-13.087686
▁الرواسب	-13.087788
▁جاف	-13.087831
▁وللدول	-13.087852
rich	-13.087859
▁awards	-13.087869
▁بشجاعة	-13.087869
▁بأوضاع	-13.087870
▁المواجهات	-13.087873
امتصاص	-13.087873
▁2002/2003	-13.087877
▁فكثيرا	-13.087891
▁ازاء	-13.087911
▁وتولت	-13.088168
▁سولاري	-13.088214
غرافي	-13.088226
▁آبائهم	-13.088381
▁للأنصبة	-13.088533
▁دعامة	-13.088616
▁بالأعضاء	-13.088841
▁المناعي	-13.089153
▁58/269	-13.089607
▁support	-13.089607
▁بإطلاع	-13.089607
▁للأبحاث	-13.089607
▁ونزيه	-13.089621
▁قومي	-13.089720
▁الغرامة	-13.089846
-1-6	-13.089977
recht	-13.090043
▁وحلقت	-13.090089
▁القرص	-13.090190
▁الفتاح	-13.090592
▁يحبذ	-13.090919
▁والخارج	-13.091104
▁وبالعمل	-13.091193
▁الصاروخ	-13.091349
▁رودريغيز	-13.091350
▁وسلائفها	-13.091350
▁ومبتكرة	-13.091350
▁تؤتي	-13.091356
▁الضائع	-13.091362
▁جزعها	-13.091368
▁الاطفال	-13.091371
▁وانتقال	-13.091420
▁خاليا	-13.091438
▁مغاير	-13.091530
▁غطت	-13.091580
▁الأكمل	-13.091788
▁الاشعار	-13.091843
ستحوذ	-13.091971
الحوار	-13.092217
▁العمراني	-13.092276
▁الاستهداف	-13.092617
▁التعقيم	-13.092710
▁الملاحي	-13.093068
▁للحرية	-13.093090
▁الاحتياطات	-13.093104
▁نوعيتها	-13.093109
▁بنفقات	-13.093122
▁المحلفين	-13.093154
▁الحازم	-13.093169
▁أنظار	-13.093209
ختام	-13.093242
▁للإمداد	-13.093284
قافلة	-13.093328
NG	-13.093346
▁والمضايقة	-13.093428
▁(2008-201	-13.093448
لمقاصد	-13.093533
الصدمات	-13.093590
▁الأعمدة	-13.093592
▁المدراء	-13.093755
البرلمان	-13.094023
▁Cap	-13.094040
▁الاخير	-13.094098
▁والقوى	-13.094233
سفينة	-13.094399
▁والاستجابات	-13.094856
▁وتسريع	-13.094857
▁النحاس	-13.094867
▁Food	-13.094941
▁اليسار	-13.095001
معالجات	-13.095045
أسامة	-13.095616
الملحق	-13.095863
▁الدواء	-13.095892
▁احفظ	-13.095935
لحواجز	-13.096284
/57/387	-13.096312
▁Technology	-13.096595
▁معزولة	-13.096637
▁وتعقبها	-13.096678
▁People	-13.097127
ador	-13.097276
امتداد	-13.097381
▁المقدار	-13.097492
الصندوق	-13.097524
▁ومزيد	-13.097756
▁المفاجئ	-13.097931
▁كأدوات	-13.098076
▁جامو	-13.098297
▁measures	-13.098349
▁practice	-13.098350
▁هدد	-13.098373
إيضاحات	-13.098375
▁انسحب	-13.098407
▁للمحفل	-13.098497
▁مسألتا	-13.098578
point	-13.098793
استحداث	-13.098989
▁بصحته	-13.099168
زخر	-13.099187
▁بالإنتاج	-13.099214
ستجاب	-13.099245
تحذير	-13.099260
مشتقات	-13.099314
رفيق	-13.099385
▁سياسته	-13.099603
▁كممثل	-13.099953
▁زراعي	-13.100009
▁متعاقبة	-13.100108
▁المساحات	-13.100109
▁لشبكات	-13.100119
▁وأنظمتها	-13.100119
▁كلينتون	-13.100121
▁لدستور	-13.100127
▁والتطهير	-13.100183
▁المعارك	-13.100187
▁زيادته	-13.100198
صحيفة	-13.100405
▁القطار	-13.100489
▁للتحول	-13.100863
▁القدماء	-13.100953
ضابط	-13.101010
انتزاع	-13.101112
▁كبند	-13.101158
إسعاف	-13.101161
▁Liber	-13.101299
▁المعتقل	-13.101529
▁حتمي	-13.101599
▁Japan	-13.101865
homme	-13.101867
▁34/401	-13.101867
▁arrest	-13.101867
▁٢٠٠١	-13.101868
▁للصناعات	-13.101871
▁ومصداقية	-13.101914
▁وصحية	-13.101921
▁الفونو	-13.101923
هزيمة	-13.102059
▁بالتوعية	-13.102150
استكشاف	-13.102207
▁بالرجل	-13.102295
PLC	-13.102350
بصيرة	-13.102375
▁شارل	-13.102494
نيران	-13.102702
الكميات	-13.102726
اقتداء	-13.102881
▁تذكاري	-13.102946
IG	-13.103106
▁صواب	-13.103122
bb	-13.103128
▁وتناقش	-13.103263
▁للتحكم	-13.103391
▁مؤخ	-13.103394
▁بالمساءلة	-13.103605
ميكانيكي	-13.103627
▁طشقند	-13.103630
▁لأنفسهم	-13.103636
▁عقيدة	-13.103688
▁وشراكات	-13.103722
▁بطلان	-13.103783
▁والتنافس	-13.104282
▁البشير	-13.104486
زميل	-13.104630
▁للملوثات	-13.104663
▁الإساءات	-13.104855
حافز	-13.105053
/2001/10	-13.105066
▁للاضطهاد	-13.105076
▁OHCHR	-13.105397
▁الانجازات	-13.105397
▁خورخي	-13.105397
▁للسويد	-13.105399
صهاريج	-13.105400
▁الترجمات	-13.105420
▁ومؤداه	-13.105432
▁جملتها	-13.105436
▁بجهد	-13.105446
اشتراء	-13.105669
▁٦٥	-13.105789
▁للمتعاقد	-13.105901
evue	-13.106088
▁الذرة	-13.106196
can	-13.106327
▁انطباع	-13.106435
▁والفحص	-13.106480
▁للربط	-13.106496
▁والتعاريف	-13.106588
/2004/8	-13.106593
إخوان	-13.106891
تفاضل	-13.107166
▁963-9196	-13.107167
▁المغتربين	-13.107167
▁صبغة	-13.107168
▁جثث	-13.107171
▁متداولة	-13.107177
▁مستفيدة	-13.107192
▁محمول	-13.107211
▁مشغول	-13.107249
استقدام	-13.107614
▁المتحقق	-13.107704
مساحة	-13.108069
▁Corporation	-13.108431
▁متفاوت	-13.108560
اغسطس	-13.108939
ناشيونال	-13.108942
▁الرعاة	-13.108943
▁القدوة	-13.108946
▁الاطباء	-13.108966
▁الطراز	-13.109108
400	-13.109187
تعظيم	-13.109260
▁الخمير	-13.109278
▁وأسرته	-13.109830
تنقيح	-13.110001
DEC	-13.110011
▁سونغ	-13.110055
▁نتحدث	-13.110097
باراغواي	-13.110123
▁وشركائه	-13.110181
▁ويقابل	-13.110408
▁إسترليني	-13.110716
▁الانتقاص	-13.110716
▁التشكيك	-13.110716
▁المحاماة	-13.110717
▁وانتهى	-13.110729
▁ومظاهر	-13.110759
▁الخضر	-13.110777
▁وحياة	-13.110849
/203	-13.110926
تحاش	-13.111145
▁2002-2006	-13.111294
تصعيد	-13.111672
▁تربوية	-13.111779
ساحل	-13.112149
▁التلاعب	-13.112249
▁والإيكولوجي	-13.112496
▁المتتالية	-13.112497
نمذجة	-13.112498
▁أرياس	-13.112505
ستخرج	-13.112536
▁review	-13.112552
▁رشق	-13.112994
.4/1998/	-13.113187
تيقن	-13.113317
▁ويصعب	-13.113936
اثنتان	-13.114178
▁Deput	-13.114277
▁ألكسندر	-13.114278
▁للأضرار	-13.114278
تثبيط	-13.114280
▁للإشعاع	-13.114324
▁اجتاز	-13.114388
▁والمستويات	-13.114412
لإقراض	-13.114532
▁أكرم	-13.114561
▁المصفوفة	-13.115070
▁سيمك	-13.115197
مديونية	-13.115338
▁للتبادل	-13.115375
▁نسأل	-13.115397
/56/9	-13.115448
محصلة	-13.115712
▁بوخارست	-13.116064
▁الشريحة	-13.116067
▁الليتواني	-13.116112
▁لجهات	-13.116125
▁الشتات	-13.116190
▁(1989)	-13.116319
hold	-13.116747
▁الدكتوراه	-13.116838
▁وتستعرض	-13.116955
▁انخرط	-13.116957
▁ونهائي	-13.117079
▁الهيدرولوجي	-13.117852
▁تندوف	-13.117860
▁التجريد	-13.118059
▁نملك	-13.118059
ويعرب	-13.118455
▁ثمينة	-13.118596
▁الإعصار	-13.118648
▁نواح	-13.118960
إيجاد	-13.118994
oz	-13.119287
ازدادت	-13.119370
▁والسجن	-13.119520
bert	-13.119643
▁مطروحا	-13.119645
اجتثاث	-13.119646
▁العائمة	-13.119646
▁واليأس	-13.119646
▁Gender	-13.119704
تعقيم	-13.120028
▁الأغلب	-13.120272
/2002/4	-13.120622
الأسلحة	-13.120657
السلفادور	-13.120911
▁التعدد	-13.121121
5/55	-13.121262
▁بالشواغل	-13.121440
▁والتسعين	-13.121442
▁هندسي	-13.121456
▁طاهر	-13.121496
▁الإضافات	-13.121716
الليزر	-13.121964
▁الفردوس	-13.122313
▁التصحيح	-13.122451
atory	-13.122570
▁بالاختصاص	-13.123040
ç	-13.123239
▁باغواتي	-13.123239
▁٢٠٠٤	-13.123239
▁لكرامة	-13.123241
الكمية	-13.123294
لسنتين	-13.123329
▁استعادت	-13.123329
.2005/	-13.123354
-2015	-13.123404
▁ودقة	-13.123536
▁بالمبالغ	-13.123913
▁بالتحليل	-13.124164
▁الاساس	-13.124280
2011)	-13.124497
▁Hague	-13.125041
▁الفلسفة	-13.125041
▁والتفضيلية	-13.125042
▁وبرلمان	-13.125042
▁المتردية	-13.125050
▁المجهزة	-13.125050
▁الاسترالي	-13.125102
الايدز	-13.125201
▁محاولته	-13.125250
▁للتحرك	-13.125396
▁الموثوقية	-13.126284
MD	-13.126299
نكسات	-13.126704
▁والمحتجزين	-13.126846
▁بالتخلي	-13.126860
▁أستطيع	-13.126913
تجاور	-13.126977
fect	-13.127060
▁ومحاكمتهم	-13.127071
لترسيم	-13.127234
خصوصية	-13.127594
▁Bel	-13.127617
حقيبة	-13.127685
▁للوقائع	-13.127772
▁والمدرسة	-13.127798
▁التنفي	-13.127983
▁التأسيس	-13.128028
/216	-13.128199
▁اضافي	-13.128451
▁President	-13.128654
▁الركيزة	-13.128654
▁وإكمال	-13.128659
▁والطالبان	-13.128659
▁فاجاب	-13.128704
▁لمكافحته	-13.128736
▁تحوز	-13.128791
▁وبالذات	-13.128867
نشاط	-13.128958
▁ينج	-13.129019
ادماج	-13.129139
ario	-13.129304
▁بالمقابل	-13.129441
▁ومحاضر	-13.129456
▁والإكراه	-13.130116
▁example	-13.130466
▁السكرتارية	-13.130466
▁المراهقون	-13.130472
▁ترجمتها	-13.130473
▁بالسلاح	-13.130692
▁الكامن	-13.130750
▁الاكبر	-13.130769
TED	-13.130864
TRA	-13.130912
▁وسيبدأ	-13.130933
أولى	-13.130939
▁الحضاري	-13.131034
▁والمنصف	-13.131054
▁سلفكم	-13.131198
▁بالحظر	-13.131376
▁بالمؤشرات	-13.131886
لاستئجار	-13.132022
▁بالكرامة	-13.132280
▁بانعقاد	-13.132280
▁visit	-13.132309
▁٥٥	-13.132876
▁أهليته	-13.133488
indicat	-13.133498
إشراك	-13.133931
▁Practice	-13.134099
▁النوافذ	-13.134099
▁لحصول	-13.134102
▁دعوني	-13.134189
▁حساس	-13.134198
▁متوافقا	-13.134206
▁والكاري	-13.134296
▁الاستئجار	-13.134374
استنباط	-13.134584
▁البعثتين	-13.134605
إحداثيات	-13.134621
DO	-13.134631
▁والتحكيم	-13.134836
قضى	-13.134851
زخم	-13.134921
تحايل	-13.134950
▁رحلته	-13.135199
Fr	-13.135239
شريعة	-13.135293
▁والمستنيرة	-13.135921
▁مخازن	-13.135921
▁زملاء	-13.135922
▁بحوزته	-13.135926
▁اليونيفيل	-13.135938
▁مزرعة	-13.135942
▁order	-13.136052
كوارث	-13.136279
تحدى	-13.136306
اشعيا	-13.136308
human	-13.136362
حولية	-13.136591
شيخ	-13.136855
cher	-13.136875
▁ركاب	-13.137156
▁Ben	-13.137284
استمارة	-13.137368
▁سيبقى	-13.137381
▁طاقته	-13.137408
▁روث	-13.137577
▁المتفاوض	-13.137735
▁باليرمو	-13.137747
▁شوارع	-13.137748
▁بالذنب	-13.137751
▁مجديا	-13.137758
▁لتضمين	-13.137760
▁level	-13.137762
▁الإمارة	-13.137795
▁والتراث	-13.137938
/215	-13.137950
ايرادات	-13.138084
▁المتأثر	-13.138203
سيتي	-13.138354
▁2005-2007	-13.138497
▁وسيدعم	-13.138690
دقق	-13.138823
▁والبيئي	-13.139307
علامة	-13.139332
▁والمناسبات	-13.139573
▁رهينة	-13.139575
▁إلياسون	-13.139576
▁بالامتيازات	-13.139576
ano	-13.140323
▁والاستيراد	-13.140528
ألبانيا	-13.140832
▁الاستيعابية	-13.140880
ستدل	-13.140903
▁الممتد	-13.141189
تباعد	-13.141325
questionnaire	-13.141404
▁اميركا	-13.141405
▁وإعادتها	-13.141405
▁إدمان	-13.141425
▁لترشيد	-13.141428
كيمياوي	-13.141475
▁المتناول	-13.141667
إغفال	-13.141870
107	-13.142097
▁فالدول	-13.142178
▁البوليفي	-13.142385
▁المجاور	-13.143023
▁torture	-13.143239
▁'10'	-13.143240
▁Study	-13.143240
▁impact	-13.143240
▁بالصعوبات	-13.143240
▁ركيزة	-13.143240
▁السهر	-13.143445
▁السكوت	-13.143517
▁ستطبق	-13.143557
▁56/253	-13.143570
▁مراجعته	-13.144182
▁ومسار	-13.144426
try	-13.144475
▁بالعمال	-13.144679
▁للتلاميذ	-13.144823
▁مبتكر	-13.144859
▁would	-13.145078
▁غوسماو	-13.145078
▁ونزاهته	-13.145078
▁الليندين	-13.145081
▁ومناقشته	-13.145157
▁المصدق	-13.145258
الفجوة	-13.145332
ستجوب	-13.145844
▁والاضطرابات	-13.145903
▁الصبر	-13.146167
اليونيب	-13.146466
القطاع	-13.146497
national	-13.146526
لهواتف	-13.146729
▁education	-13.146919
▁programme	-13.146919
▁لتأسيس	-13.146919
▁شعائر	-13.146920
▁وتصريف	-13.146921
▁translate	-13.146926
▁الاحتباس	-13.146953
إحقاق	-13.146956
▁مابوتو	-13.146959
نموفيك	-13.147013
▁للأمومة	-13.147016
▁بالأشعة	-13.147833
▁والنقص	-13.147879
▁متابعته	-13.148498
▁المكفول	-13.148546
▁Cooperation	-13.148765
▁Resources	-13.148765
▁التأشيرة	-13.148765
▁جريئة	-13.148767
▁taken	-13.148811
▁وحرصا	-13.148912
▁مساندته	-13.148944
▁وبالمقارنة	-13.149031
public	-13.149200
▁ويراعي	-13.149392
فنادق	-13.149455
مناظير	-13.149606
▁زوجتي	-13.149618
▁اليونيدروا	-13.149699
▁للشكاوى	-13.149884
تلخص	-13.150322
▁باهظ	-13.150426
مضاعفات	-13.150610
▁والمطارات	-13.150621
▁الدعامة	-13.150631
تنحية	-13.150653
▁بالتحضير	-13.150683
▁الوسم	-13.150780
.4/59/	-13.150947
▁ارتئي	-13.150986
▁لخمس	-13.151010
▁الشاكي	-13.151193
▁بمعناه	-13.152095
▁الشاغر	-13.152288
▁ويقوض	-13.152473
157/24	-13.152480
▁بونتي	-13.152503
▁يرتدون	-13.152568
▁الموائل	-13.152717
▁استنتج	-13.152909
▁Organizations	-13.153411
▁الاساسية	-13.153700
▁ساوث	-13.154138
▁البواليع	-13.154320
▁ويختلف	-13.154321
▁require	-13.154322
▁ساعتين	-13.154327
▁مقصورا	-13.154742
▁ويعكف	-13.154895
بصفتي	-13.154903
▁فبموجب	-13.155015
البنى	-13.155025
نقابة	-13.155408
▁وأطلع	-13.155480
.6/60/	-13.155772
▁Control	-13.156178
▁Political	-13.156178
▁جوهانسبرج	-13.156178
▁حفاظا	-13.156178
▁وتفاصيل	-13.156178
▁الحجارة	-13.156224
▁فتواها	-13.156246
.4/1999/	-13.156334
▁التفضيل	-13.156597
عولمة	-13.156842
▁سماح	-13.157421
/2002/6	-13.157660
استنادا	-13.157878
▁Foundation	-13.158041
▁48/141	-13.158042
▁بالمصداقية	-13.158047
▁الكاكاو	-13.158089
▁ألعاب	-13.158101
▁لوفيات	-13.158123
▁الإنبعاثات	-13.158152
▁ولاحقا	-13.158275
▁نسيج	-13.158314
استبداد	-13.158606
/1373	-13.158663
▁النقاب	-13.158829
▁وندعم	-13.159015
▁بالادعاء	-13.159613
إستخدام	-13.159830
▁alleged	-13.159905
▁Covenant	-13.159906
▁Internacional	-13.159906
▁للأفضليات	-13.159906
▁Chemical	-13.159907
▁زائفة	-13.159908
▁الخبز	-13.159927
▁الحافظة	-13.159942
mann	-13.159955
تأقلم	-13.160252
خماسي	-13.160468
الصورتان	-13.160665
/2002/11	-13.161111
▁المشاهد	-13.161285
▁الاسباب	-13.161863
▁ويسهل	-13.161867
▁نزيه	-13.162156
كاليدونيا	-13.162282
لإذن	-13.162388
▁حارس	-13.162552
تنبغي	-13.163222
أنفلونزا	-13.163649
▁annex	-13.163649
▁تريليون	-13.163649
▁للعقاب	-13.163650
▁الحفاز	-13.163651
▁مقطوع	-13.163651
▁لهجوم	-13.163676
▁والشبان	-13.163780
ordinat	-13.163792
▁ICCPR	-13.163794
▁Iran	-13.163821
▁والتربة	-13.163936
▁المجردة	-13.164019
/2001/8	-13.165021
▁والإثني	-13.165510
▁الذروة	-13.165525
▁برسائل	-13.165527
▁والتقليدية	-13.165527
▁ومفتوحة	-13.165556
▁نضج	-13.165710
تداعيات	-13.166050
حقائب	-13.166093
تشكيل	-13.166255
▁والتجديد	-13.166369
▁سنواصل	-13.166372
▁انبعاث	-13.166428
▁مشعة	-13.166566
▁بوكافو	-13.167404
▁منسجمة	-13.167417
يتفاوت	-13.167419
▁حضارة	-13.167504
مزيج	-13.167569
▁بالمرافق	-13.167643
▁رقعة	-13.167741
▁اخرج	-13.167867
▁هورتا	-13.168039
▁الجوائز	-13.168168
ified	-13.168192
▁انتظر	-13.168797
cret	-13.168889
▁هيئتي	-13.168954
▁Status	-13.169288
▁غالاكسي	-13.169288
▁كيسنغاني	-13.169288
▁كينغستون	-13.169288
▁ومفاوضات	-13.169289
▁يقضون	-13.169295
▁اكتواري	-13.169300
▁عائلتي	-13.169343
▁قارتنا	-13.169561
▁Coll	-13.169903
تكاتف	-13.169981
▁الليبيري	-13.170091
▁ويشترط	-13.170688
▁المبرمجة	-13.171044
راصد	-13.171065
▁Available	-13.171174
▁الكهرمائية	-13.171174
▁مونروفيا	-13.171174
▁الغرامات	-13.171183
▁تهانئ	-13.171189
▁لتعاطي	-13.171190
▁الاردن	-13.171196
▁المفقود	-13.171199
PT	-13.171274
مبادرات	-13.171283
▁واليهود	-13.171358
▁الصمود	-13.171366
▁يستوفو	-13.171486
▁الهاون	-13.172160
▁مساعدتنا	-13.172280
خادع	-13.172339
▁بتفاصيل	-13.173064
▁للتصنيف	-13.173064
هآرتس	-13.173065
▁كملاذ	-13.173070
▁وتهميش	-13.173079
▁الريادة	-13.173154
▁السينية	-13.173239
▁Ph	-13.173437
▁اخوته	-13.173678
▁وسيضطلع	-13.173747
▁بصلة	-13.173812
استرداد	-13.173863
جسيم	-13.174063
RW	-13.174238
متحن	-13.174790
▁خروقات	-13.174958
▁المتخلفة	-13.174965
▁China	-13.175015
▁السجين	-13.175414
▁وأتيح	-13.176230
uri	-13.176273
▁المقياس	-13.176366
تتأثر	-13.176414
تباطأ	-13.176626
°	-13.176856
▁بالاستئناف	-13.176856
▁بليبريا	-13.176856
▁كشمير	-13.176857
▁ومطلوب	-13.176857
▁الزجاج	-13.176862
▁وشروحه	-13.176864
▁النضج	-13.176872
▁لتوثيق	-13.177046
.109/2000/	-13.177098
▁والنائية	-13.177338
لكانتون	-13.177762
إساءات	-13.177854
▁للربح	-13.177941
الموصولة	-13.178200
الشعوب	-13.178645
onstellation	-13.178758
▁والمسلمين	-13.178760
▁وشباب	-13.178949
▁ومبعوثه	-13.178954
▁NY	-13.178999
▁غويك	-13.179237
▁للاندماج	-13.180023
▁يكف	-13.180418
▁وطموح	-13.180665
▁بشبكات	-13.180678
▁عدائية	-13.180865
لألعاب	-13.182446
▁بسلاسة	-13.182571
▁وصلاحيات	-13.182576
▁متطرفة	-13.182580
تلاف	-13.182655
▁سوزان	-13.182784
▁كارني	-13.182820
أفغانستان	-13.182960
▁أحيي	-13.183172
▁البكر	-13.183180
محور	-13.183722
aid	-13.184240
▁والجرحى	-13.184483
▁محفوظة	-13.184495
▁Board	-13.184526
▁15/13-30	-13.184557
▁إعجاب	-13.184569
▁لتبلغ	-13.184817
▁بعمر	-13.184870
fu	-13.185234
▁فيرجن	-13.185575
▁سيميبالاتينسك	-13.186398
▁continu	-13.186399
▁٢٠٠٢	-13.186399
▁المطاط	-13.186406
▁نحيي	-13.186429
▁Latin	-13.186456
▁تأكل	-13.186460
▁تساور	-13.186487
▁المطولة	-13.186522
اغتنام	-13.187016
استسلام	-13.187019
السماو	-13.187075
▁Har	-13.187165
▁61/276	-13.187245
▁مسائ	-13.187507
▁Develop	-13.187796
لنواحي	-13.187854
▁التصح	-13.187971
▁ميخا	-13.188087
▁Data	-13.188121
jan	-13.188179
▁بأضرار	-13.188317
▁الهيئتان	-13.188318
▁والعاطفي	-13.188318
▁المستفيض	-13.188326
▁اليسير	-13.188533
اتساع	-13.188625
ستنبط	-13.188645
▁ياباني	-13.188972
لإطلاع	-13.189001
ble	-13.189298
▁الإستراتيجي	-13.189591
▁المتراكم	-13.189676
▁ستستفيد	-13.189717
▁والمستدام	-13.190233
▁البروفسور	-13.190241
▁اصدقاء	-13.190242
▁والسبعون	-13.190242
chinese	-13.190243
▁المراسيم	-13.190244
▁والنفط	-13.190248
▁إعطائ	-13.190252
▁أرجأ	-13.190254
▁والألعاب	-13.190270
▁المغنطيسي	-13.190348
▁1996-2005	-13.190400
▁بالسداد	-13.190415
▁والقدس	-13.190434
▁والمقصد	-13.190463
ديناميكية	-13.190817
▁حافة	-13.191265
إجهاد	-13.191495
▁وروتردام	-13.192167
▁مهيأ	-13.192174
▁ووسمها	-13.192174
أرخبيل	-13.192186
▁الأكيد	-13.192225
اقفة	-13.192240
▁الناجع	-13.192241
▁2007-2009	-13.192518
▁للمصادر	-13.192792
مخافر	-13.192819
▁للاستكشاف	-13.192990
▁كنقط	-13.193058
▁Use	-13.194072
▁التمريض	-13.194098
▁باستفاضة	-13.194098
▁لهجمات	-13.194103
▁وميزانيات	-13.194103
▁ورسائل	-13.194104
▁بزيارته	-13.194105
▁المتنافسة	-13.194107
▁contribution	-13.194115
XIV	-13.194373
▁حصائل	-13.194375
▁ناشر	-13.194417
'1'	-13.194729
CCW	-13.194734
▁للمطالب	-13.194967
▁متساويا	-13.195070
▁نتوصل	-13.195297
▁description	-13.196033
▁institutions	-13.196033
▁وبشرية	-13.196085
▁والأنواع	-13.196123
قاذف	-13.196159
▁والسفن	-13.196238
▁جوليان	-13.196359
▁لبنود	-13.196472
/55/305	-13.196632
▁مبدئي	-13.196691
▁ولصالح	-13.196799
rate	-13.197872
▁وتدريجي	-13.197970
▁بصرامة	-13.197971
▁والإنفاق	-13.197971
▁والمناهج	-13.197978
▁الإتصال	-13.197984
▁نيوز	-13.198275
▁الفاتح	-13.198324
▁للتحريج	-13.198485
▁سافي	-13.198565
▁وسيعزز	-13.198586
ذاكرة	-13.199565
▁بالمبلغ	-13.199646
اليوم	-13.199825
▁الإيديولوجي	-13.199919
▁والعقاب	-13.199920
▁لأعضائها	-13.199932
embre	-13.200141
▁المطو	-13.200214
▁ثراء	-13.200493
تعريف	-13.200553
لياقة	-13.200646
▁للمصرف	-13.200871
▁وحيوي	-13.200875
▁لتصويته	-13.201318
ux	-13.201750
اضافة	-13.201775
▁والمعاشات	-13.201861
▁ثقتنا	-13.201864
▁Martin	-13.201871
▁للوفيات	-13.201876
▁ناخب	-13.201951
▁Humanos	-13.202139
▁Direct	-13.202682
النقطة	-13.202887
▁ويتعي	-13.202988
تأشيرات	-13.203156
▁خلفيات	-13.203323
▁بأخرى	-13.203807
▁كمبرلي	-13.203807
▁حينذاك	-13.203811
▁الغلبة	-13.203814
▁وإهمال	-13.203842
مآوي	-13.204183
/2003/2	-13.204888
▁وستشكل	-13.205067
▁زاخ	-13.205655
▁الانتقائي	-13.205742
▁الخفيف	-13.205749
▁subject	-13.205759
▁بالترويج	-13.205760
▁المخازن	-13.205761
▁العواصف	-13.205762
▁متأنية	-13.205763
▁يتعاطون	-13.205764
▁بتوظيف	-13.205904
▁والمكلف	-13.205982
▁وميزانيته	-13.206007
127	-13.206400
▁45/9	-13.206475
▁الحمض	-13.206756
▁سيتمكن	-13.207515
كثيرون	-13.207572
▁كفاءته	-13.207630
treatment	-13.207716
▁Recueil	-13.207717
▁principle	-13.207717
▁الإفلاس	-13.207717
▁الانزعاج	-13.207717
▁العشائر	-13.207717
▁أحواض	-13.207721
▁تتوخاه	-13.207726
▁وكمثال	-13.207862
▁المهارة	-13.207885
▁related	-13.207908
▁بالموقع	-13.207946
حصلت	-13.208090
أنصبة	-13.208252
▁معلقا	-13.208378
ناهض	-13.208524
لاستعانة	-13.208866
Mar	-13.208991
▁وهامة	-13.209262
▁اتجار	-13.209325
▁بكوسوفو	-13.209678
▁وتداولها	-13.209732
-4-1	-13.209904
▁الاشعاع	-13.209971
منسوجات	-13.210339
▁للمحيط	-13.210610
uz	-13.210661
bin	-13.210705
رتقب	-13.211085
▁relation	-13.211196
▁حسبانه	-13.211287
▁سيشارك	-13.211304
مصانع	-13.211388
▁change	-13.211642
▁الليبرالي	-13.211642
▁لدارفور	-13.211642
▁كاتا	-13.211669
المانح	-13.211876
secu	-13.212028
burg	-13.212105
▁عقول	-13.212197
معاونة	-13.212420
▁تربو	-13.212433
▁للضريبة	-13.212624
not	-13.213181
▁Netherlands	-13.213611
▁الاسلامية	-13.213611
▁السفلى	-13.213611
▁والمراهقات	-13.213620
▁05/10	-13.213687
▁ندوات	-13.213703
▁ونجم	-13.213720
▁تنحصر	-13.213811
محفوظ	-13.213817
▁القمح	-13.214060
▁Franc	-13.214161
Comm	-13.214221
/62/8	-13.214285
صفحات	-13.214310
اشعياء	-13.214348
▁احداث	-13.214970
منتهى	-13.215487
الجرائم	-13.215518
undp	-13.215547
▁Columbia	-13.215583
▁individual	-13.215583
▁إحداها	-13.215583
▁ستكهولم	-13.215583
▁والزيوت	-13.215585
▁المؤذية	-13.215587
▁الشاشة	-13.215599
▁اللامركزي	-13.215605
.96/9	-13.215608
▁إشعاعي	-13.215686
▁وبالمقابل	-13.215780
▁تهيم	-13.216288
▁الخرق	-13.216289
▁0.9	-13.216735
▁اليود	-13.216739
▁استجل	-13.217284
ستشارك	-13.217453
-235	-13.217558
▁متفائل	-13.217561
▁والعاجل	-13.217575
▁ميتشل	-13.217586
▁الأيديولوجي	-13.217609
▁وأفرقته	-13.217622
▁ناجع	-13.217651
▁اللوي	-13.218533
▁محصول	-13.218875
color	-13.218937
إلكتروني	-13.218951
▁account	-13.219540
▁section	-13.219541
▁لتعليل	-13.219541
▁Water	-13.219542
▁بالنفط	-13.219543
تواطئ	-13.219608
▁ببضع	-13.219621
▁خصبة	-13.219715
-2977	-13.219744
▁بتاتا	-13.219751
▁بالعدل	-13.219786
COMM	-13.220331
▁ونجح	-13.220713
ستبدأ	-13.221058
تعليم	-13.221191
PP	-13.221497
▁sector	-13.221523
▁الإسهال	-13.221523
▁accord	-13.221524
▁هتلر	-13.221525
▁والقذائف	-13.221539
▁لرجال	-13.221549
يادتكم	-13.222700
▁يونس	-13.223229
▁اوروپا	-13.223512
▁قرطاجنة	-13.223512
▁لتخزين	-13.223513
▁والمستهلكين	-13.223514
▁وعسكرية	-13.223544
مقاول	-13.223788
▁بالتبني	-13.223804
▁متبقية	-13.223975
▁سواها	-13.224116
▁المصائد	-13.224210
▁تستعد	-13.224660
تنصل	-13.224903
قاعدتي	-13.225272
▁سيادته	-13.225351
▁استناد	-13.225430
English	-13.225502
▁اميركي	-13.225508
التدريب	-13.225590
الدنيا	-13.225752
موانئ	-13.226119
▁استشهد	-13.226651
للأسباب	-13.226683
▁نحتفل	-13.226987
▁بموج	-13.226994
الدروس	-13.227397
▁كوماراسوامي	-13.227499
▁Initiative	-13.227500
▁المختطفين	-13.227501
▁ادخال	-13.227504
▁دانييل	-13.227509
▁963-3	-13.227547
▁بالإسكان	-13.227567
▁المتشارك	-13.227640
▁واحتجز	-13.227748
▁مفعم	-13.227782
▁ألوان	-13.227896
▁تخم	-13.227904
▁بالتعريف	-13.228239
ute	-13.228419
chap	-13.228726
الآثار	-13.228748
▁للدوائر	-13.228828
gan	-13.229355
▁الرهيبة	-13.229502
▁فاطمة	-13.229504
ستحث	-13.229523
▁مسافات	-13.229579
▁روبير	-13.229874
▁للاشتراء	-13.230350
الماوي	-13.230504
▁الحديقة	-13.230539
▁الهبة	-13.230736
التماس	-13.230868
▁issue	-13.231114
▁تجربته	-13.231487
ossg	-13.231498
▁ومتشابكة	-13.231505
▁الاصابة	-13.231508
▁ومزايا	-13.231509
▁ترؤس	-13.231511
۲	-13.375840
É	-13.382817
○	-13.473122
§	-13.536384
$	-13.566772
■	-13.583746
ê	-13.636468
♦	-13.651620
ô	-13.698503
\	-13.907741
ã	-13.927664
ć	-14.098382
±	-14.157369
о	-14.204004
←	-14.247375
а	-14.281182
®	-14.286928
ھ	-14.358601
ø	-14.383681
â	-14.422522
š	-14.435808
и	-14.435809
第	-14.469486
۰	-14.469826
~	-14.483749
•	-14.487563
ی	-14.497899
ï	-14.526781
н	-14.534131
р	-14.556524
č	-14.571736
е	-14.579427
с	-14.651452
Ö	-14.685210
❑	-14.774959
ž	-14.853047
≥	-14.883977
т	-14.883980
å	-14.937752
û	-14.937753
в	-14.948862
٭	-15.030303
Ü	-15.067343
▫	-15.132301
д	-15.159512
Á	-15.201773
к	-15.230967
î	-15.230973
ë	-15.276432
一	-15.340228
≤	-15.357120
у	-15.426706
ک	-15.426710
μ	-15.463408
Ž	-15.463414
ဪ	-15.561525
ă	-15.582359
õ	-15.603638
❖	-15.647596
ı	-15.670324
А	-15.693581
′	-15.717381
Å	-15.717389
л	-15.741774
Č	-15.741780
ה	-15.766778
→	-15.792420
י	-15.792422
ß	-15.818736
·	-15.818737
м	-15.818740
ו	-15.902113
п	-15.931523
−	-15.931524
^	-15.961830
不	-15.992829
÷	-15.993077
Š	-16.025339
二	-16.058268
‛	-16.058670
ο	-16.093151
✔	-16.128866
ā	-16.165905
ş	-16.165905
я	-16.165905
ğ	-16.204365
ц	-16.204365
چ	-16.204365
И	-16.286030
ń	-16.286032
◀	-16.286032
ù	-16.286034
│	-16.286036
文	-16.329466
Ó	-16.329510
ý	-16.329510
Ä	-16.329512
ы	-16.374964
٫	-16.374964
七	-16.422129
з	-16.422581
М	-16.422583
€	-16.422583
ī	-16.422585
❏	-16.422585
ò	-16.472582
À	-16.472584
æ	-16.472584
⇦	-16.472584
¿	-16.472586
意	-16.524635
ש	-16.525211
Р	-16.525213
∙	-16.525217
人	-16.580469
Ú	-16.580770
ś	-16.580770
●	-16.636353
گ	-16.639593
Ñ	-16.639595
ì	-16.702095
Ο	-16.702095
⁄	-16.702095
О	-16.702099
Г	-16.768755
ę	-16.768757
С	-16.768759
ר	-16.768759
Ç	-16.768761
ł	-16.768763
́	-16.768763
ь	-16.840187
ň	-16.840191
Ø	-16.917112
К	-16.917116
分	-16.999859
İ	-17.000444
ב	-17.000444
∑	-17.000446
▵	-17.000446
▿	-17.000446
П	-17.091349
Н	-17.091354
ח	-17.091356
◂	-17.091356
ю	-17.091358
β	-17.191353
Í	-17.191355
נ	-17.191355
◇	-17.191355
В	-17.191357
α	-17.191360
公	-17.302212
۱	-17.302464
ą	-17.302465
ő	-17.302465
̧	-17.302465
ע	-17.302465
א	-17.302467
ĕ	-17.302473
Е	-17.302475
集	-17.426838
海	-17.427460
̆	-17.427465
κ	-17.427465
פ	-17.427465
ф	-17.427467
È	-17.570320
З	-17.570322
Т	-17.570322
ל	-17.570322
Д	-17.570324
⇨	-17.570324
自	-17.736559
ū	-17.736988
◗	-17.736988
Î	-17.736990
ů	-17.736990
ż	-17.736990
©	-17.933752
Б	-17.936983
Ô	-17.936989
Δ	-17.936989
Φ	-17.936989
ג	-17.936989
Đ	-17.936991
ʹ	-17.936991
У	-17.936991
כ	-17.936991
前	-17.936991
﴾	-17.936991
Л	-17.936996
害	-18.186678
ό	-18.186987
ׁ	-18.186987
ᅡ	-18.186989
ᅩ	-18.186989
☜	-18.186989
️	-18.186989
£	-18.186991
外	-18.187002
持	-18.519480
材	-18.519798
ד	-18.520321
π	-18.520323
ק	-18.520323
০	-18.520323
ᅵ	-18.520323
▸	-18.520323
❍	-18.520323
食	-18.520323
Ū	-18.520325
̃	-18.520325
Ë	-18.520327
ᅣ	-18.520329
に	-18.520401
ギ	-19.019934
ᄌ	-19.020164
ט	-19.020315
ף	-19.020319
卷	-19.020319
̅	-19.020321
ᅳ	-19.020321
張	-19.020321
ȩ	-19.020323
Ч	-19.020323
Ы	-19.020323
ٕ	-19.020323
ᄅ	-19.020323
ᅥ	-19.020323
ễ	-19.020323
☒	-19.020323
い	-19.020323
線	-19.020323
🇮	-19.020323
🇶	-19.020323
桜	-19.020325
🇲	-19.020327
Ê	-19.020329
∆	-19.020329
之	-19.020329
Ã	-19.020332
な	-19.020363
敬	-19.020363
と	-19.020422
う	-19.020441
た	-19.020441
を	-19.020481
道	-19.943024
适	-19.943125
送	-19.943224
远	-19.943325
还	-19.943424
辞	-19.943523
转	-19.943624
路	-19.943724
越	-19.943825
超	-19.943924
购	-19.944025
贫	-19.944124
责	-19.944223
负	-19.944324
谂	-19.944424
谁	-19.944525
讲	-19.944624
订	-19.944725
视	-19.944824
褁	-19.944923
裕	-19.945024
被	-19.945124
街	-19.945225
蜁	-19.945324
虑	-19.945425
虋	-19.945524
英	-19.945623
航	-19.945724
肧	-19.945824
股	-19.945925
肃	-19.946024
考	-19.946125
翲	-19.946224
翰	-19.946323
翀	-19.946424
缩	-19.946524
络	-19.946625
给	-19.946724
绘	-19.946825
练	-19.946924
纵	-19.947023
纪	-19.947124
粮	-19.947224
类	-19.947325
篇	-19.947424
策	-19.947525
税	-19.947624
移	-19.947723
福	-19.947824
票	-19.947924
磠	-19.948025
碐	-19.948124
硾	-19.948225
砱	-19.948324
真	-19.948423
省	-19.948524
监	-19.948624
界	-19.948725
男	-19.948824
甘	-19.948925
玲	-19.949024
王	-19.949125
猂	-19.949224
牵	-19.949324
版	-19.949425
熟	-19.949524
灾	-19.949625
瀱	-19.949724
澳	-19.949825
温	-19.949924
渐	-19.950024
渎	-19.950125
淘	-19.950224
流	-19.950325
活	-19.950424
注	-19.950525
油	-19.950624
河	-19.950724
沙	-19.950825
汰	-19.950924
殊	-19.951025
标	-19.951124
杂	-19.951225
朼	-19.951324
末	-19.951424
朄	-19.951525
暘	-19.951624
显	-19.951725
昭	-19.951824
映	-19.951925
早	-19.952024
斯	-19.952124
搾	-19.952225
握	-19.952324
探	-19.952425
掌	-19.952524
挑	-19.952625
择	-19.952724
拉	-19.952824
护	-19.952925
投	-19.953024
托	-19.953125
才	-19.953224
战	-19.953325
或	-19.953424
怱	-19.953524
急	-19.953625
念	-19.953724
志	-19.953825
得	-19.953924
律	-19.954025
影	-19.954124
张	-19.954224
廷	-19.954325
延	-19.954424
康	-19.954525
干	-19.954624
州	-19.954725
岛	-19.954824
山	-19.954924
尽	-19.955025
富	-19.955124
容	-19.955225
如	-19.955324
头	-19.955425
增	-19.955524
塞	-19.955624
塔	-19.955725
坦	-19.955824
均	-19.955925
困	-19.956024
啟	-19.956125
响	-19.956224
史	-19.956324
反	-19.956425
原	-19.956524
厄	-19.956625
卸	-19.956724
即	-19.956825
卡	-19.956924
博	-19.957024
南	-19.957125
单	-19.957224
协	-19.957325
勒	-19.957424
削	-19.957525
初	-19.957624
创	-19.957724
假	-19.957825
候	-19.957924
信	-19.958025
传	-19.958124
企	-19.958225
价	-19.958324
令	-19.958424
从	-19.958525
五	-19.958624
乌	-19.958725
丼	-19.958824
丹	-19.958925
世	-19.959024
丁	-19.959124
䧐	-19.959225
䠱	-19.959324
䙈	-19.959425
䙆	-19.959524
䙃	-19.959625
䀳	-19.959724
䀂	-19.959824
㦘	-19.959925
・	-19.960024
ガ	-19.960125
⏬	-19.960224
≅	-19.960325
↔	-19.960424
⃠	-19.960524
―	-19.960625
Ấ	-19.960724
ᡀ	-19.960825
ᠱ	-19.960924
᠁	-19.961025
ᇡ	-19.961124
Ⴗ	-19.961224
Ⴉ	-19.961325
၃	-19.961424
ຈ	-19.961525
ไ	-19.961624
ಎ	-19.961725
ణ	-19.961824
ఊ	-19.961926
צ	-19.962025
ֹ	-19.962124
ָ	-19.962225
ֵ	-19.962324
ִ	-19.962425
э	-19.962524
Х	-19.962626
Ж	-19.962725
φ	-19.962824
̿	-19.962925
̛	-19.963024
ǎ	-19.963125
ƃ	-19.963224
ź	-19.963326
Ś	-19.963425
Ř	-19.963524
Œ	-19.963625
Ő	-19.963724
ņ	-19.963825
Ł	-19.963924
Ĺ	-19.964025
į	-19.964125
ġ	-19.964224
Ē	-19.964325
ĉ	-19.964424
þ	-19.964525
Þ	-19.964624
Ì	-19.964725
马	-19.964825
领	-19.964924
颁	-19.965025
须	-19.965124
難	-19.965225
附	-19.965324
门	-19.965425
针	-19.965525
采	-19.965624
酌	-19.965725
逐	-19.965824
违	-19.965925
起	-19.966024
贡	-19.966125
说	-19.966225
语	-19.966324
话	-19.966425
训	-19.966524
认	-19.966625
認	-19.966724
见	-19.966825
荣	-19.966925
背	-19.967024
者	-19.967125
罗	-19.967224
继	-19.967325
箱	-19.967424
算	-19.967525
简	-19.967625
立	-19.967724
稿	-19.967825
磎	-19.967924
碒	-19.968025
确	-19.968124
硕	-19.968225
短	-19.968325
知	-19.968424
着	-19.968525
百	-19.968624
献	-19.968725
涉	-19.968824
测	-19.968925
毕	-19.969025
段	-19.969124
欧	-19.969225
构	-19.969324
极	-19.969425
杰	-19.969524
束	-19.969625
曾	-19.969725
星	-19.969824
旅	-19.969925
施	-19.970024
放	-19.970125
收	-19.970224
撰	-19.970325
措	-19.970425
控	-19.970524
恩	-19.970625
彰	-19.970724
庭	-19.970825
府	-19.970924
序	-19.971025
布	-19.971125
市	-19.971224
尼	-19.971325
寿	-19.971424
对	-19.971525
子	-19.971624
始	-19.971725
女	-19.971825
太	-19.971924
培	-19.972025
城	-19.972124
因	-19.972225
器	-19.972324
善	-19.972425
品	-19.972525
命	-19.972624
吸	-19.972725
否	-19.972824
口	-19.972925
午	-19.973024
勘	-19.973125
动	-19.973225
剂	-19.973324
到	-19.973425
划	-19.973524
况	-19.973625
再	-19.973724
内	-19.973825
兰	-19.973925
先	-19.974024
充	-19.974125
倲	-19.974224
倱	-19.974325
保	-19.974424
例	-19.974525
京	-19.974625
予	-19.974726
丙	-19.974825
䘧	-19.974924
䀠	-19.975025
㠁	-19.975124
び	-19.975225
〲	-19.975325
⠲	-19.975426
≈	-19.975525
∼	-19.975624
※	-19.975725
ờ	-19.975824
ỏ	-19.975925
ị	-19.976025
ặ	-19.976126
࠲	-19.976225
ъ	-19.976324
щ	-19.976425
Ю	-19.976524
Ц	-19.976625
Й	-19.976725
ω	-19.976826
λ	-19.976925
θ	-19.977024
Χ	-19.977125
Υ	-19.977224
Ţ	-19.977325
ľ	-19.977425
Ė	-19.977526
Ă	-19.977625
Ï	-19.977724
¶	-19.977825
防	-19.977924
邀	-19.978025
迟	-19.978125
连	-19.978226
近	-19.978325
达	-19.978424
贸	-19.978525
解	-19.978624
著	-19.978725
而	-19.978825
美	-19.978926
结	-19.979025
等	-19.979124
种	-19.979225
础	-19.979324
班	-19.979425
环	-19.979525
然	-19.979626
源	-19.979725
水	-19.979824
民	-19.979925
比	-19.980024
每	-19.980125
止	-19.980225
核	-19.980326
果	-19.980425
望	-19.980524
是	-19.980625
易	-19.980724
料	-19.980825
整	-19.980925
支	-19.981026
总	-19.981125
式	-19.981224
希	-19.981325
已	-19.981424
展	-19.981525
局	-19.981625
宣	-19.981726
官	-19.981825
完	-19.981924
它	-19.982025
天	-19.982124
司	-19.982225
变	-19.982325
区	-19.982426
北	-19.982525
务	-19.982624
减	-19.982725
写	-19.982824
具	-19.982925
便	-19.983025
份	-19.983126
习	-19.983225
临	-19.983324
东	-19.983425
䙅	-19.983524
㠱	-19.983625
♥	-19.983725
◘	-19.983826
▨	-19.983925
▥	-19.984024
∴	-19.984125
∞	-19.984224
ứ	-19.984325
ᄂ	-19.984425
ڥ	-19.984526
ְ	-19.984625
τ	-19.984724
γ	-19.984825
ȣ	-19.984924
ģ	-19.985025
高	-19.985125
验	-19.985226
面	-19.985325
随	-19.985424
邮	-19.985525
遵	-19.985624
设	-19.985725
西	-19.985825
范	-19.985926
致	-19.986025
至	-19.986124
纳	-19.986225
究	-19.986324
磌	-19.986425
碞	-19.986525
电	-19.986626
求	-19.986725
气	-19.986824
析	-19.986925
来	-19.987024
括	-19.987125
拟	-19.987225
批	-19.987326
当	-19.987425
守	-19.987526
境	-19.987625
围	-19.987724
包	-19.987825
办	-19.987925
也	-19.988026
♠	-19.988125
▾	-19.988226
▲	-19.988325
δ	-19.988424
Â	-19.988525
﴿	-19.988625
键	-19.988726
量	-19.988825
重	-19.988926
费	-19.989025
请	-19.989124
维	-19.989225
续	-19.989325
织	-19.989426
管	-19.989525
相	-19.989626
甲	-19.989725
点	-19.989824
洲	-19.989925
法	-19.990025
格	-19.990126
机	-19.990225
推	-19.990326
必	-19.990425
平	-19.990524
幕	-19.990625
届	-19.990725
室	-19.990826
安	-19.990925
妨	-19.991026
奖	-19.991125
域	-19.991224
商	-19.991325
听	-19.991425
农	-19.991526
修	-19.991625
位	-19.991726
们	-19.991825
今	-19.991924
产	-19.992025
两	-19.992125
ᄆ	-19.992226
ᄀ	-19.992325
ڊ	-19.992426
מ	-19.992525
ּ	-19.992624
Ј	-19.992725
ά	-19.992825
Σ	-19.992926
ě	-19.993025
ē	-19.993126
职	-19.993225
编	-19.993324
综	-19.993425
绍	-19.993525
系	-19.993626
磄	-19.993725
研	-19.993826
状	-19.993925
烃	-19.994024
洋	-19.994125
本	-19.994225
明	-19.994326
改	-19.994425
情	-19.994526
实	-19.994625
备	-19.994724
取	-19.994825
历	-19.994925
则	-19.995026
准	-19.995125
六	-19.995226
何	-19.995325
介	-19.995424
亚	-19.995525
◯	-19.995625
ᄉ	-19.995726
ہ	-19.995825
ш	-19.995926
ί	-19.996025
ř	-19.996124
Ð	-19.996225
长	-19.996325
豁	-19.996426
获	-19.996525
耗	-19.996626
级	-19.996725
秘	-19.996824
磆	-19.996925
溴	-19.997025
正	-19.997126
款	-19.997225
应	-19.997326
履	-19.997425
参	-19.997524
制	-19.997625
免	-19.997725
做	-19.997826
供	-19.997925
体	-19.998026
些	-19.998125
个	-19.998224
⇓	-19.998325
ᄋ	-19.998425
ڑ	-19.998526
ם	-19.998625
і	-19.998726
ķ	-19.998825
间	-19.998924
边	-19.999025
证	-19.999125
计	-19.999226
科	-19.999325
碳	-19.999426
氟	-19.999525
新	-19.999624
数	-19.999725
担	-19.999825
性	-19.999926
层	-20.000025
就	-20.000126
士	-20.000225
副	-20.000324
全	-20.000425
♣	-20.000525
─	-20.000626
≡	-20.000725
⇐	-20.000826
ŏ	-20.000925
非	-20.001024
途	-20.001125
财	-20.001225
言	-20.001326
联	-20.001425
理	-20.001526
消	-20.001625
步	-20.001724
权	-20.001825
排	-20.001925
大	-20.002026
四	-20.002125
化	-20.002226
加	-20.002325
别	-20.002424
八	-20.002525
业	-20.002625
三	-20.002726
Ⴃ	-20.002825
ч	-20.002926
金	-20.003025
资	-20.003124
调	-20.003225
要	-20.003325
臭	-20.003426
生	-20.003525
物	-20.003626
照	-20.003725
氧	-20.003824
此	-20.003925
开	-20.004025
建	-20.004126
地	-20.004225
列	-20.004326
◦	-20.004425
Ф	-20.004524
ų	-20.004625
部	-20.004725
规	-20.004826
能	-20.004925
现	-20.005026
最	-20.005125
度	-20.005224
处	-20.005325
向	-20.005424
可	-20.005526
举	-20.005625
专	-20.005726
Ş	-20.005825
预	-20.005924
磂	-20.006025
磀	-20.006124
由	-20.006226
根	-20.006325
政	-20.006426
多	-20.006525
他	-20.006624
⇧	-20.006725
通	-20.006824
进	-20.006926
质	-20.007025
碘	-20.007126
氯	-20.007225
月	-20.007324
时	-20.007425
据	-20.007524
合	-20.007626
入	-20.007725
与	-20.007826
上	-20.007925
▀	-20.008024
过	-20.008125
查	-20.008224
期	-20.008326
执	-20.008425
所	-20.008526
及	-20.008625
以	-20.008724
х	-20.008825
̊	-20.008924
载	-20.009026
用	-20.009125
同	-20.009226
发	-20.009325
了	-20.009424
日	-20.009525
家	-20.009624
讨	-20.009726
济	-20.009825
按	-20.009926
ж	-20.010025
选	-20.010124
章	-20.010225
条	-20.010324
后	-20.010426
各	-20.010525
交	-20.010626
ð	-20.010725
术	-20.010824
技	-20.010925
基	-20.011024
团	-20.011126
件	-20.011225
б	-20.011326
ţ	-20.011425
代	-20.011524
ű	-20.011625
下	-20.011724
đ	-20.011826
论	-20.011925
学	-20.012026
๐	-20.012125
该	-20.012224
额	-20.012325
并	-20.012424
任	-20.012526
中	-20.012625
◊	-20.012726
œ	-20.012825
限	-20.012924
有	-20.013025
◄	-20.013124
‡	-20.013226
席	-20.013325
估	-20.013426
为	-20.013525
这	-20.013624
评	-20.013725
▄	-20.013824
问	-20.013926
经	-20.014025
其	-20.014126
表	-20.014225
磈	-20.014324
委	-20.014425
主	-20.014524
目	-20.014626
出	-20.014725
国	-20.014826
事	-20.014925
∅	-20.015024
г	-20.015125
题	-20.015224
九	-20.015326
蒙	-20.015425
程	-20.015526
报	-20.015625
小	-20.015724
名	-20.015825
行	-20.015924
草	-20.016026
告	-20.016125
利	-20.016226
⇩	-20.016325
ᅬ	-20.016424
特	-20.016525
尔	-20.016624
号	-20.016726
й	-20.016825
关	-20.016926
工	-20.017025
成	-20.017124
案	-20.017225
在	-20.017324
‐	-20.017328
□	-20.017328
于	-20.017426
年	-20.017525
Ć	-20.017626
将	-20.017725
ė	-20.017824
提	-20.017925
审	-20.018024
书	-20.018126
作	-20.018225
项	-20.018326
和	-20.018425
决	-20.018524
↑	-20.018625
十	-20.018724
组	-20.018826
员	-20.018925
次	-20.019026
缔	-20.019125
方	-20.019224
约	-20.019325
√	-20.019424
定	-20.019526
会	-20.019625
ၽ	-20.019726
ၻ	-20.019825
↓	-20.019924
的	-20.020025
议	-20.020124
◆	-20.020226
Я	-20.020273
が	-20.020273
ア	-20.020273
ィ	-20.020273
シ	-20.020273
ソ	-20.020273
デ	-20.020273
ー	-20.020273
✌	-20.020298
ת	-20.020311
ŭ	-20.020317
Ə	-20.020317
ơ	-20.020317
ư	-20.020317
Α	-20.020317
Ứ	-20.020317
♓	-20.020317
ツ	-20.020317
仔	-20.020317
火	-20.020317
蹦	-20.020317
ᄃ	-20.020321
ᄇ	-20.020321
ᄎ	-20.020321
ᄏ	-20.020321
ᄐ	-20.020321
ᄑ	-20.020321
ᄒ	-20.020321
ᅦ	-20.020321
ᅧ	-20.020321
ᅭ	-20.020321
ᅮ	-20.020321
ᅲ	-20.020321
ạ	-20.020321
∕	-20.020321
▶	-20.020321
▼	-20.020321
☃	-20.020321
✋	-20.020321
禾	-20.020321
ˈ	-20.020323
Η	-20.020323
Ι	-20.020323
Ν	-20.020323
ι	-20.020323
Њ	-20.020323
ј	-20.020323
ז	-20.020323
ס	-20.020323
ٓ	-20.020323
ٔ	-20.020323
ۄ	-20.020323
۳	-20.020323
Ẹ	-20.020323
☁	-20.020323
♡	-20.020323
❄	-20.020323
さ	-20.020323
も	-20.020323
ん	-20.020323
ス	-20.020323
メ	-20.020323
ャ	-20.020323
ル	-20.020323
住	-20.020323
偉	-20.020323
光	-20.020323
別	-20.020323
動	-20.020323
営	-20.020323
字	-20.020323
宅	-20.020323
島	-20.020323
忠	-20.020323
災	-20.020323
粉	-20.020323
花	-20.020323
講	-20.020323
|	-20.020325
٬	-20.020325
♛	-20.020325
Ĭ	-20.020327
ǒ	-20.020327
杉	-20.020327
檜	-20.020327
給	-20.020327
仙	-20.020330
墙	-20.020330
Ђ	-20.020348
の	-20.020348
逸	-20.020348
Ш	-20.020374
つ	-20.020374
秒	-20.020374
よ	-20.020424
ら	-20.020424
る	-20.020424
れ	-20.020424
断	-20.020424
決	-20.020424
›	-20.020426
(	-20.020525
し	-20.020525
て	-20.020525
違	-20.020525
