</s>	0
<unk>	1
.	2
,	3
▁	4
▁the	5
s	6
▁to	7
▁of	8
▁a	9
▁and	10
▁in	11
?	12
:	13
▁that	14
'	15
▁-	16
▁is	17
▁(	18
▁e	19
-	20
▁I	21
▁for	22
▁you	23
)	24
a	25
‌	26
▁”	27
t	28
▁“	29
▁na	30
▁be	31
▁i	32
i	33
’	34
e	35
▁not	36
▁te	37
▁he	38
▁with	39
▁on	40
m	41
▁it	42
▁de	43
d	44
▁we	45
u	46
o	47
;	48
▁o	49
▁are	50
▁The	51
▁an	52
▁as	53
▁—	54
▁will	55
▁have	56
▁was	57
!	58
▁his	59
na	60
▁God	61
▁A	62
▁ti	63
▁they	64
▁sa	65
▁do	66
▁me	67
▁Jehovah	68
▁from	69
▁by	70
n	71
ta	72
▁this	73
▁li	74
▁‘	75
▁ka	76
y	77
▁la	78
k	79
la	80
▁so	81
▁or	82
▁them	83
▁ku	84
▁nga	85
ka	86
te	87
▁your	88
▁who	89
ni	90
▁all	91
▁their	92
▁_	93
r	94
▁ma	95
▁can	96
▁ni	97
...	98
▁him	99
▁at	100
▁ko	101
▁le	102
▁no	103
re	104
▁ne	105
l	106
da	107
▁se	108
▁ta	109
ti	110
to	111
li	112
an	113
▁di	114
▁ki	115
le	116
▁%	117
،	118
▁E	119
▁ya	120
▁ha	121
ma	122
▁n	123
▁"	124
g	125
c	126
▁us	127
en	128
b	129
▁our	130
▁u	131
▁what	132
ne	133
ko	134
ra	135
▁da	136
▁’	137
ga	138
▁Jesus	139
▁He	140
sa	141
▁And	142
de	143
er	144
se	145
lo	146
si	147
ing	148
▁my	149
▁pa	150
▁one	151
▁و	152
▁ke	153
▁were	154
▁has	155
▁1	156
in	157
ba	158
▁mo	159
▁In	160
▁si	161
▁[	162
▁What	163
▁when	164
no	165
▁ba	166
▁had	167
▁ri	168
/	169
▁We	170
▁but	171
h	172
̣	173
tu	174
p	175
ن	176
▁which	177
▁people	178
▁mu	179
ر	180
▁s	181
ri	182
▁O	183
▁en	184
ro	185
ke	186
wa	187
▁re	188
z	189
ya	190
di	191
ku	192
‘	193
▁about	194
]	195
ی	196
▁shall	197
mi	198
ar	199
▁may	200
▁out	201
ed	202
ki	203
▁You	204
ja	205
▁those	206
va	207
j	208
▁man	209
▁said	210
▁Bible	211
т	212
▁y	213
▁would	214
mo	215
▁wa	216
me	217
al	218
▁l	219
▁It	220
ve	221
▁S	222
ng	223
▁d	224
▁up	225
و	226
▁un	227
ˈ	228
▁if	229
▁va	230
do	231
lu	232
ch	233
▁time	234
▁«	235
▁et	236
ye	237
▁did	238
▁there	239
zi	240
mu	241
je	242
ʼ	243
▁tu	244
yo	245
es	246
▁been	247
ci	248
x	249
▁How	250
▁should	251
м	252
▁also	253
▁her	254
_	255
st	256
hi	257
v	258
م	259
▁No	260
с	261
ه	262
▁more	263
be	264
ha	265
к	266
▁и	267
的	268
is	269
▁ye	270
л	271
▁ra	272
w	273
▁Na	274
za	275
▁su	276
bi	277
й	278
▁But	279
▁m	280
▁b	281
▁know	282
vi	283
▁c	284
pa	285
▁به	286
ly	287
ny	288
▁bi	289
х	290
so	291
we	292
f	293
▁ai	294
▁into	295
ge	296
а	297
▁life	298
▁go	299
▁lo	300
S	301
▁This	302
go	303
▁mi	304
▁Allah	305
on	306
▁other	307
▁size	308
▁ia	309
"	310
у	311
▁C	312
▁So	313
и	314
▁For	315
▁t	316
▁some	317
▁good	318
bo	319
▁how	320
▁2	321
ca	322
A	323
д	324
ll	325
ce	326
▁&	327
н	328
▁ga	329
▁mai	330
е	331
▁po	332
ru	333
▁men	334
▁Ma	335
fa	336
р	337
ho	338
▁je	339
▁make	340
▁'	341
▁way	342
▁things	343
gi	344
▁like	345
ت	346
▁They	347
nga	348
▁help	349
▁на	350
as	351
▁ca	352
▁such	353
ни	354
▁bu	355
га	356
▁To	357
▁day	358
▁za	359
it	360
▁than	361
he	362
man	363
▁If	364
▁ar	365
▁que	366
▁ang	367
▁а	368
▁these	369
▁pe	370
س	371
C	372
ን	373
▁come	374
us	375
▁any	376
á	377
I	378
▁die	379
ра	380
▁mga	381
▁over	382
▁du	383
▁made	384
E	385
▁ci	386
▁K	387
на	388
▁could	389
▁then	390
▁chi	391
).	392
▁its	393
po	394
▁she	395
▁only	396
‍	397
▁many	398
▁does	399
sta	400
­	401
il	402
pe	403
▁U	404
nu	405
▁Do	406
▁work	407
п	408
bu	409
▁B	410
▁even	411
▁hi	412
▁M	413
▁k	414
▁N	415
▁before	416
▁Ka	417
▁per	418
▁say	419
▁love	420
du	421
wo	422
vo	423
pi	424
ш	425
▁oku	426
▁name	427
з	428
▁because	429
q	430
▁am	431
▁в	432
г	433
▁see	434
▁ja	435
▁When	436
▁P	437
ze	438
▁yo	439
да	440
▁Lord	441
▁just	442
▁D	443
▁g	444
。	445
▁Sa	446
ي	447
é	448
fi	449
▁er	450
wi	451
í	452
▁al	453
the	454
▁need	455
▁world	456
▁Se	457
ir	458
▁first	459
▁fa	460
▁G	461
▁earth	462
ла	463
▁right	464
▁у	465
▁unto	466
et	467
та	468
ter	469
▁As	470
ش	471
▁take	472
nan	473
▁Paul	474
▁L	475
ʻ	476
▁Ta	477
▁La	478
zo	479
▁с	480
or	481
не	482
kan	483
▁con	484
at	485
▁new	486
th	487
▁ge	488
▁tau	489
el	490
ten	491
▁nu	492
▁»	493
co	494
▁bo	495
tan	496
в	497
▁vi	498
▁T	499
▁Ko	500
ли	501
▁children	502
yi	503
я	504
ч	505
▁Why	506
▁که	507
."	508
ju	509
ма	510
▁must	511
ም	512
ji	513
▁years	514
▁ho	515
▁after	516
▁now	517
▁get	518
وه	519
ل	520
▁two	521
ngo	522
▁ئه	523
▁ut	524
os	525
▁Christ	526
su	527
ы	528
ж	529
▁down	530
▁3	531
▁That	532
▁Ne	533
ste	534
hu	535
ia	536
▁ny	537
jo	538
▁co	539
▁want	540
▁file	541
men	542
ver	543
▁да	544
gu	545
▁за	546
chi	547
▁v	548
un	549
▁Re	550
ndi	551
▁ver	552
B	553
▁Me	554
্	555
▁ا	556
▁w	557
▁pro	558
nya	559
▁being	560
▁ده	561
▁Li	562
(	563
▁Israel	564
ran	565
▁use	566
་	567
▁Si	568
▁give	569
▁Ba	570
ur	571
am	572
um	573
▁against	574
ት	575
š	576
vu	577
▁له	578
▁don	579
▁z	580
▁19	581
▁others	582
▁ب	583
lar	584
▁van	585
▁/	586
Name	587
▁ro	588
%	589
▁og	590
▁ana	591
▁De	592
cu	593
▁here	594
▁paper	595
ad	596
▁pag	597
ል	598
“	599
دا	600
▁۽	601
▁well	602
ُ	603
ا	604
▁under	605
▁el	606
▁lu	607
D	608
▁Te	609
M	610
ā	611
▁An	612
лар	613
pu	614
▁fi	615
▁han	616
▁faka	617
▁para	618
ны	619
▁Pa	620
den	621
ка	622
▁F	623
▁faith	624
▁Ha	625
▁own	626
▁h	627
san	628
▁im	629
▁came	630
ти	631
▁по	632
▁።	633
▁kon	634
▁where	635
▁den	636
▁kan	637
ut	638
▁ak	639
̦	640
▁yi	641
id	642
▁atu	643
▁pu	644
▁ru	645
▁des	646
▁Mo	647
dan	648
T	649
▁Be	650
ር	651
▁used	652
ле	653
▁through	654
▁All	655
▁p	656
▁pi	657
tra	658
са	659
но	660
▁set	661
gen	662
lan	663
▁م	664
ina	665
2	666
▁example	667
د	668
ন	669
▁son	670
▁family	671
▁very	672
han	673
▁av	674
▁another	675
▁qui	676
O	677
▁А	678
▁upon	679
ك	680
▁ad	681
sti	682
▁sin	683
▁ال	684
▁Ku	685
▁spirit	686
▁Dios	687
▁H	688
ын	689
▁x	690
▁ed	691
▁let	692
▁nan	693
▁gi	694
F	695
▁pou	696
▁says	697
ва	698
▁might	699
▁را	700
▁Christian	701
▁Mu	702
ana	703
mba	704
der	705
▁away	706
▁‵	707
ó	708
▁à	709
▁back	710
▁great	711
ри	712
▁heart	713
aga	714
ú	715
▁Kingdom	716
ý	717
▁David	718
▁Then	719
б	720
ita	721
aki	722
ق	723
▁folder	724
ment	725
▁не	726
nd	727
▁f	728
▁find	729
▁Christians	730
▁place	731
▁10	732
▁kg	733
tar	734
र	735
▁اور	736
▁found	737
▁sang	738
ler	739
▁page	740
N	741
▁kuti	742
▁5	743
न	744
▁del	745
▁nou	746
▁mau	747
▁ve	748
▁til	749
▁pre	750
▁true	751
ak	752
▁think	753
▁iti	754
sh	755
▁4	756
ə	757
▁mea	758
▁There	759
▁dan	760
▁fe	761
ь	762
▁among	763
▁15	764
▁person	765
▁same	766
▁much	767
▁ber	768
▁Le	769
क	770
▁–	771
▁op	772
▁most	773
▁every	774
ն	775
tion	776
▁Da	777
▁ба	778
▁Witnesses	779
P	780
ल	781
▁der	782
▁become	783
▁Ya	784
ло	785
nda	786
▁з	787
▁Ti	788
▁ji	789
zu	790
ty	791
G	792
▁each	793
▁words	794
▁Jehova	795
cha	796
ի	797
▁•	798
▁om	799
H	800
▁part	801
ң	802
▁between	803
▁cu	804
tor	805
▁che	806
dy	807
▁aba	808
▁truth	809
▁end	810
fu	811
▁His	812
▁show	813
em	814
▁nak	815
▁death	816
▁Is	817
ية	818
те	819
▁wo	820
ِ	821
ß	822
4	823
▁ir	824
ро	825
▁Ki	826
▁laj	827
▁3:	828
▁given	829
▁Ni	830
ş	831
▁"%	832
▁house	833
▁il	834
▁vaka	835
त	836
ز	837
▁।	838
ê	839
ме	840
3	841
▁هه	842
▁whom	843
ና	844
▁put	845
▁congregation	846
▁تو	847
្	848
▁ei	849
▁too	850
ان	851
fe	852
▁Mi	853
▁Po	854
ة	855
▁من	856
que	857
eb	858
▁les	859
▁information	860
▁hand	861
▁та	862
ngu	863
▁Can	864
che	865
ৰ	866
▁'%	867
ã	868
▁word	869
▁ndi	870
▁never	871
ven	872
то	873
▁ch	874
ry	875
▁message	876
▁jo	877
▁á	878
▁faa	879
paper	880
▁kai	881
ہ	882
▁au	883
▁non	884
▁eo	885
о	886
▁Ra	887
ban	888
ine	889
▁iya	890
▁Ja	891
ག	892
▁She	893
▁keep	894
▁ama	895
1	896
▁အ	897
▁ва	898
né	899
▁days	900
▁V	901
ा	902
ک	903
ria	904
ą	905
ä	906
ul	907
▁New	908
▁2:	909
▁نه	910
ndo	911
ስ	912
▁som	913
▁Bu	914
▁ones	915
▁My	916
▁without	917
V	918
ми	919
▁spiritual	920
ب	921
ди	922
▁Di	923
ngi	924
lla	925
ند	926
mbo	927
▁why	928
▁while	929
▁system	930
nde	931
یه	932
▁tal	933
à	934
len	935
▁sing	936
▁։	937
ات	938
ә	939
U	940
▁human	941
▁R	942
▁ju	943
▁believe	944
▁7	945
▁ena	946
▁6	947
▁land	948
▁open	949
▁И	950
▁፡	951
min	952
▁long	953
▁zi	954
è	955
),	956
▁thou	957
ки	958
он	959
▁On	960
▁С	961
nye	962
ይ	963
▁year	964
和	965
▁John	966
نى	967
র	968
▁important	969
▁ce	970
▁12	971
▁times	972
де	973
ф	974
▁gu	975
▁sent	976
▁brothers	977
▁means	978
ю	979
▁number	980
дан	981
ብ	982
▁X	983
▁Lo	984
ol	985
ون	986
tt	987
5	988
▁por	989
▁о	990
▁saying	991
wu	992
▁today	993
▁es	994
یان	995
ren	996
qa	997
▁bwa	998
ck	999
ner	1000
▁One	1001
▁himself	1002
▁med	1003
ន	1004
▁nor	1005
▁آھي	1006
了	1007
▁nag	1008
Y	1009
▁1:	1010
▁went	1011
õ	1012
▁again	1013
▁20	1014
shi	1015
▁fo	1016
▁Satan	1017
ع	1018
▁4:	1019
▁е	1020
Ꮅ	1021
▁order	1022
ua	1023
▁ag	1024
▁At	1025
ს	1026
े	1027
▁ته	1028
▁called	1029
▁ek	1030
▁three	1031
▁feel	1032
▁të	1033
▁het	1034
ರ	1035
tur	1036
▁States	1037
ে	1038
▁Wa	1039
nt	1040
▁Atua	1041
▁к	1042
▁Could	1043
ты	1044
▁European	1045
tha	1046
sto	1047
▁8	1048
gan	1049
▁(_	1050
mbi	1051
ан	1052
▁ara	1053
ि	1054
rin	1055
за	1056
мо	1057
▁ap	1058
▁ن	1059
ü	1060
▁1,	1061
ਰ	1062
▁zo	1063
▁الم	1064
▁Commission	1065
▁Peter	1066
▁ئا	1067
▁کے	1068
▁со	1069
ं	1070
▁Bi	1071
▁Je	1072
▁yang	1073
се	1074
▁going	1075
▁ки	1076
▁Yehova	1077
▁kwa	1078
ah	1079
ོ	1080
ი	1081
ू	1082
▁5:	1083
ek	1084
▁W	1085
▁ка	1086
که	1087
ɛ	1088
▁king	1089
▁still	1090
nge	1091
mwe	1092
▁vo	1093
▁ل	1094
kin	1095
kwa	1096
▁both	1097
ድ	1098
▁By	1099
▁oo	1100
▁се	1101
▁image	1102
▁young	1103
▁کي	1104
▁fai	1105
▁Ke	1106
ыр	1107
▁told	1108
ା	1109
▁gave	1110
qui	1111
▁home	1112
ست	1113
▁é	1114
▁got	1115
▁до	1116
▁par	1117
▁Article	1118
▁view	1119
▁*	1120
▁af	1121
▁Let	1122
ò	1123
▁En	1124
▁power	1125
R	1126
▁doing	1127
▁parents	1128
▁Our	1129
འ	1130
лы	1131
▁met	1132
▁جو	1133
▁father	1134
▁read	1135
ས	1136
ton	1137
ć	1138
sia	1139
ال	1140
im	1141
▁off	1142
▁ᎠᎴ	1143
▁pri	1144
ц	1145
▁Ca	1146
▁service	1147
▁ہے	1148
म	1149
▁something	1150
lin	1151
lik	1152
▁9	1153
▁ae	1154
▁30	1155
▁Moses	1156
té	1157
sin	1158
tre	1159
स	1160
پ	1161
▁ت	1162
L	1163
▁در	1164
▁bann	1165
▁themselves	1166
ž	1167
lle	1168
▁ala	1169
ní	1170
▁på	1171
Ꮧ	1172
▁together	1173
▁6:	1174
ô	1175
au	1176
▁Father	1177
▁cha	1178
▁kita	1179
▁У	1180
▁yn	1181
ӗ	1182
yn	1183
▁Read	1184
▁ao	1185
▁bring	1186
tta	1187
ھ	1188
sha	1189
per	1190
ко	1191
▁old	1192
▁est	1193
▁done	1194
ం	1195
xa	1196
▁18	1197
ts	1198
▁took	1199
لا	1200
▁really	1201
▁though	1202
Ꭲ	1203
▁я	1204
▁following	1205
ż	1206
▁learn	1207
ł	1208
▁cannot	1209
▁በ	1210
ক	1211
ire	1212
▁Word	1213
▁Ꭴ	1214
▁የ	1215
▁کی	1216
K	1217
го	1218
ers	1219
▁Go	1220
dzi	1221
▁tell	1222
▁full	1223
cho	1224
▁However	1225
Ꮫ	1226
ן	1227
ু	1228
yan	1229
▁J	1230
是	1231
▁last	1232
▁ou	1233
tin	1234
че	1235
ë	1236
▁tatou	1237
mbe	1238
ot	1239
ñ	1240
▁peace	1241
Ꮒ	1242
qu	1243
”	1244
▁Vi	1245
▁Now	1246
▁ма	1247
ise	1248
▁during	1249
▁Ri	1250
▁bir	1251
ыл	1252
▁ọ	1253
▁في	1254
▁worship	1255
▁left	1256
ӕ	1257
▁xa	1258
ր	1259
ile	1260
▁Yes	1261
ದ	1262
▁study	1263
▁live	1264
ው	1265
ӑ	1266
ар	1267
ai	1268
tia	1269
▁look	1270
▁Ho	1271
ре	1272
▁Hi	1273
▁saß	1274
ning	1275
ske	1276
▁little	1277
▁Su	1278
▁support	1279
kon	1280
ña	1281
ི	1282
▁Co	1283
ས་	1284
ст	1285
▁11	1286
▁course	1287
▁law	1288
ੇ	1289
Ꮕ	1290
▁wife	1291
▁hu	1292
را	1293
чи	1294
െ	1295
▁ug	1296
▁close	1297
ላ	1298
W	1299
▁ме	1300
▁Tu	1301
▁data	1302
▁Pi	1303
مان	1304
▁far	1305
▁um	1306
ite	1307
▁tó	1308
ча	1309
▁cho	1310
ҫ	1311
ა	1312
tsa	1313
▁መ	1314
▁от	1315
▁kua	1316
ге	1317
ene	1318
▁em	1319
â	1320
▁und	1321
ү	1322
ी	1323
▁aka	1324
▁able	1325
▁thy	1326
xi	1327
bal	1328
▁tan	1329
ા	1330
rá	1331
▁tra	1332
▁vu	1333
ды	1334
ུ	1335
son	1336
ган	1337
ster	1338
▁Bo	1339
▁always	1340
▁thee	1341
▁ua	1342
▁Your	1343
ъ	1344
ken	1345
ಾ	1346
ation	1347
▁city	1348
▁Show	1349
dir	1350
▁کو	1351
▁better	1352
ده	1353
▁Al	1354
រ	1355
▁det	1356
▁knowledge	1357
ба	1358
న	1359
▁therefore	1360
ski	1361
tro	1362
nder	1363
▁мо	1364
ky	1365
▁until	1366
▁Jerusalem	1367
▁nei	1368
▁са	1369
在	1370
▁text	1371
▁ask	1372
▁அ	1373
▁una	1374
pp	1375
▁maka	1376
ción	1377
ો	1378
æ	1379
ali	1380
▁Ga	1381
ט	1382
ber	1383
▁те	1384
ು	1385
ے	1386
ona	1387
▁disciples	1388
fer	1389
ым	1390
▁com	1391
▁hope	1392
▁r	1393
ನ	1394
▁thing	1395
nie	1396
▁mind	1397
▁جي	1398
▁Yahweh	1399
ল	1400
ु	1401
▁water	1402
қ	1403
▁child	1404
▁то	1405
ie	1406
▁Who	1407
pan	1408
▁25	1409
▁LORD	1410
▁book	1411
▁Ge	1412
▁ò	1413
▁mata	1414
▁Z	1415
▁era	1416
ը	1417
▁vei	1418
▁holy	1419
▁brother	1420
tes	1421
▁faithful	1422
▁saw	1423
▁kau	1424
خ	1425
▁apostle	1426
▁ה	1427
▁brought	1428
ic	1429
▁Name	1430
ç	1431
▁Con	1432
▁سے	1433
ط	1434
▁women	1435
ен	1436
ша	1437
▁आ	1438
▁having	1439
ring	1440
ነ	1441
▁wi	1442
▁Some	1443
ব	1444
▁Are	1445
Ꭹ	1446
ለ	1447
प	1448
▁servants	1449
во	1450
ν	1451
به	1452
ट	1453
▁best	1454
ह	1455
ет	1456
▁ever	1457
▁face	1458
▁Pe	1459
The	1460
od	1461
▁14	1462
▁fear	1463
ला	1464
▁Not	1465
▁про	1466
nn	1467
land	1468
▁yet	1469
▁ní	1470
isi	1471
▁Ꭰ	1472
व	1473
▁Y	1474
ré	1475
୍	1476
ረ	1477
ling	1478
▁Son	1479
▁bar	1480
́	1481
ર	1482
ত	1483
ها	1484
▁became	1485
▁seen	1486
ben	1487
▁Pro	1488
▁different	1489
▁sure	1490
ար	1491
ил	1492
▁news	1493
tte	1494
▁Oh	1495
ම	1496
▁бер	1497
▁After	1498
▁Abraham	1499
ি	1500
▁т	1501
▁files	1502
▁iz	1503
▁Ut	1504
▁16	1505
thi	1506
fo	1507
лан	1508
▁بۆ	1509
వ	1510
▁list	1511
mas	1512
年	1513
▁ان	1514
פ	1515
▁heaven	1516
λ	1517
▁میں	1518
ਨ	1519
υ	1520
▁serve	1521
ыш	1522
ح	1523
▁os	1524
ù	1525
▁aku	1526
ले	1527
▁Member	1528
Ꮓ	1529
य	1530
▁االله	1531
ų	1532
▁။	1533
▁अ	1534
ala	1535
ska	1536
▁United	1537
ку	1538
▁Or	1539
ę	1540
▁ex	1541
@	1542
lé	1543
▁case	1544
ում	1545
▁ata	1546
ser	1547
▁ᎾᏍᎩ	1548
▁24	1549
▁бу	1550
τ	1551
ግ	1552
▁car	1553
Ꭿ	1554
ता	1555
Ꮎ	1556
гә	1557
ion	1558
▁night	1559
ab	1560
ص	1561
▁б	1562
hia	1563
▁2.	1564
।	1565
▁Va	1566
uta	1567
ем	1568
▁free	1569
зи	1570
▁ທີ່	1571
ول	1572
▁17	1573
sion	1574
▁already	1575
ম	1576
እ	1577
ē	1578
ව	1579
چ	1580
▁These	1581
ታ	1582
yu	1583
▁Council	1584
▁...	1585
▁window	1586
▁mar	1587
ට	1588
▁certain	1589
▁care	1590
യ	1591
nia	1592
nik	1593
ntu	1594
▁wrote	1595
▁With	1596
▁oyo	1597
å	1598
by	1599
▁war	1600
xe	1601
▁ilo	1602
či	1603
▁Du	1604
ger	1605
▁我	1606
▁account	1607
▁var	1608
▁!	1609
▁mean	1610
▁heard	1611
▁next	1612
ای	1613
mos	1614
ин	1615
▁dia	1616
▁ayeke	1617
▁О	1618
ర	1619
ڪ	1620
ks	1621
▁ways	1622
▁possible	1623
▁Za	1624
bar	1625
▁һәм	1626
▁personal	1627
ға	1628
▁within	1629
▁の	1630
▁call	1631
ι	1632
γ	1633
tik	1634
▁خوا	1635
▁ona	1636
idh	1637
ע	1638
▁around	1639
▁living	1640
▁13	1641
▁د	1642
▁الله	1643
ገ	1644
▁later	1645
ат	1646
▁Fa	1647
প	1648
си	1649
ate	1650
▁los	1651
able	1652
▁Ro	1653
▁Т	1654
▁1.	1655
▁agus	1656
ap	1657
Comment	1658
tsi	1659
▁change	1660
▁fu	1661
▁high	1662
▁asked	1663
lá	1664
▁ко	1665
▁ха	1666
Ꮣ	1667
▁gen	1668
▁often	1669
▁result	1670
ні	1671
▁understand	1672
kß	1673
ры	1674
▁article	1675
▁ми	1676
isa	1677
▁Jo	1678
▁selected	1679
ර	1680
ين	1681
▁از	1682
тар	1683
▁mag	1684
ada	1685
མ	1686
▁Regulation	1687
نا	1688
▁sam	1689
▁making	1690
▁mother	1691
▁kar	1692
des	1693
、	1694
ð	1695
▁nya	1696
ք	1697
▁dead	1698
ов	1699
ом	1700
ı	1701
▁iyo	1702
tal	1703
▁ч	1704
▁value	1705
ik	1706
ndu	1707
▁taken	1708
▁respect	1709
dza	1710
▁för	1711
▁fact	1712
▁pé	1713
▁Ye	1714
ེ	1715
ร	1716
ux	1717
▁turn	1718
▁eyes	1719
ви	1720
00	1721
▁evil	1722
ې	1723
▁nothing	1724
▁tí	1725
น	1726
est	1727
▁consider	1728
▁Un	1729
ama	1730
ར	1731
▁Ar	1732
kwe	1733
▁ora	1734
▁sy	1735
ў	1736
oni	1737
▁„	1738
μ	1739
6	1740
зы	1741
▁نا	1742
ль	1743
tus	1744
▁می	1745
gar	1746
ର	1747
▁ser	1748
ọ	1749
up	1750
▁har	1751
▁क	1752
▁och	1753
bra	1754
ని	1755
):	1756
▁speak	1757
▁бол	1758
َ	1759
▁է	1760
▁4.	1761
▁including	1762
ssa	1763
las	1764
one	1765
nes	1766
▁woman	1767
▁%1	1768
▁kuma	1769
▁kas	1770
bil	1771
ಿ	1772
ను	1773
▁isa	1774
lig	1775
▁بر	1776
▁body	1777
»	1778
č	1779
sen	1780
ម	1781
▁Nu	1782
ੀ	1783
▁ira	1784
ח	1785
▁wrong	1786
▁Picture	1787
కు	1788
▁available	1789
▁point	1790
ron	1791
ру	1792
▁پ	1793
ਤ	1794
ల	1795
▁پر	1796
ុ	1797
ira	1798
▁स	1799
▁reason	1800
ما	1801
ini	1802
sch	1803
▁ob	1804
▁ministry	1805
▁Open	1806
ያ	1807
era	1808
▁nie	1809
ো	1810
▁ಅ	1811
▁control	1812
ang	1813
▁group	1814
aj	1815
ო	1816
▁type	1817
▁Well	1818
ف	1819
ac	1820
ig	1821
ਲ	1822
▁public	1823
▁ì	1824
ур	1825
▁light	1826
▁کہ	1827
▁future	1828
▁تا	1829
መ	1830
च	1831
▁جا	1832
kar	1833
▁ini	1834
ራ	1835
▁ኣ	1836
tá	1837
па	1838
▁ratou	1839
▁አ	1840
غ	1841
▁के	1842
▁began	1843
▁att	1844
nta	1845
sz	1846
ស	1847
ud	1848
ach	1849
ան	1850
▁tama	1851
வ	1852
χ	1853
▁д	1854
▁whether	1855
ڵ	1856
्	1857
人	1858
द	1859
ث	1860
▁cause	1861
ม	1862
▁ń	1863
î	1864
tas	1865
тер	1866
ble	1867
Z	1868
▁error	1869
ό	1870
nje	1871
▁nos	1872
op	1873
▁lan	1874
▁gui	1875
▁жа	1876
▁provided	1877
▁tin	1878
▁according	1879
▁follow	1880
ار	1881
ה	1882
ಲ	1883
les	1884
pen	1885
nis	1886
བ	1887
▁mana	1888
for	1889
▁known	1890
య	1891
ҡ	1892
▁preaching	1893
▁bwe	1894
▁kind	1895
▁blood	1896
sk	1897
ара	1898
ø	1899
وں	1900
ké	1901
ɣ	1902
rë	1903
Ꮑ	1904
▁ano	1905
▁31	1906
lia	1907
тә	1908
uma	1909
▁lix	1910
▁ي	1911
una	1912
نه	1913
▁Иегова	1914
▁ን	1915
▁Ver	1916
്	1917
▁Him	1918
በ	1919
mat	1920
▁country	1921
EC	1922
不	1923
▁hear	1924
▁matter	1925
▁od	1926
▁food	1927
cia	1928
نىڭ	1929
iti	1930
mpa	1931
Ꭶ	1932
сь	1933
mer	1934
▁th	1935
ो	1936
া	1937
ڻ	1938
▁--	1939
let	1940
ने	1941
▁با	1942
▁Gu	1943
▁present	1944
▁El	1945
▁xi	1946
ray	1947
▁ndị	1948
ര	1949
▁და	1950
wan	1951
▁при	1952
▁countries	1953
ant	1954
ī	1955
▁whole	1956
▁amin	1957
ag	1958
▁enn	1959
▁но	1960
val	1961
▁hath	1962
ំ	1963
gt	1964
7	1965
▁thought	1966
▁бир	1967
▁usa	1968
▁few	1969
▁ze	1970
ή	1971
▁па	1972
▁అ	1973
ሉ	1974
иб	1975
ס	1976
▁report	1977
有	1978
▁प	1979
▁since	1980
ам	1981
▁Please	1982
▁action	1983
би	1984
▁Iehova	1985
▁indeed	1986
▁start	1987
▁اس	1988
▁someone	1989
ད	1990
ය	1991
ө	1992
ره	1993
▁Error	1994
nja	1995
▁ngan	1996
▁ter	1997
▁ብ	1998
ӑн	1999
aka	2000
А	2001
▁current	2002
▁uma	2003
tos	2004
▁using	2005
▁didn	2006
ҳ	2007
▁”?	2008
▁forth	2009
ד	2010
ം	2011
▁Those	2012
▁continue	2013
▁ng	2014
lah	2015
▁provide	2016
ប	2017
▁Even	2018
ше	2019
ani	2020
ל	2021
të	2022
om	2023
▁zu	2024
▁».	2025
▁special	2026
క	2027
▁uku	2028
▁receive	2029
▁received	2030
▁Per	2031
lt	2032
我	2033
▁From	2034
▁è	2035
ләр	2036
ɔ	2037
▁ur	2038
▁Ang	2039
8	2040
▁21	2041
ນ	2042
▁Adam	2043
X	2044
ਿ	2045
▁би	2046
▁language	2047
ци	2048
pha	2049
▁j	2050
▁King	2051
α	2052
▁প	2053
▁sons	2054
▁purpose	2055
ྱ	2056
▁3.	2057
▁hin	2058
▁ኣብ	2059
ری	2060
ting	2061
▁ngo	2062
ವ	2063
▁clear	2064
анд	2065
▁prayer	2066
▁12:	2067
▁money	2068
wana	2069
ura	2070
▁ይ	2071
▁hearts	2072
ۇ	2073
ui	2074
▁му	2075
van	2076
10	2077
ง	2078
stra	2079
ോ	2080
ту	2081
▁yon	2082
eth	2083
σ	2084
ല	2085
▁wu	2086
ా	2087
▁ع	2088
▁ку	2089
can	2090
ok	2091
ari	2092
▁See	2093
▁28	2094
?"	2095
▁orang	2096
ј	2097
▁آ	2098
ля	2099
mes	2100
:%	2101
ມ	2102
▁ব	2103
ना	2104
▁san	2105
".	2106
▁ал	2107
▁23	2108
▁unit	2109
▁Man	2110
▁Mr	2111
ब	2112
▁ken	2113
ว	2114
▁joy	2115
▁questions	2116
yon	2117
mbu	2118
ụ	2119
▁key	2120
дир	2121
▁air	2122
▁р	2123
res	2124
ു	2125
▁си	2126
▁toward	2127
▁command	2128
type	2129
ces	2130
mak	2131
▁program	2132
▁22	2133
▁کا	2134
▁ako	2135
tis	2136
▁second	2137
▁created	2138
▁question	2139
▁mpe	2140
▁period	2141
▁Because	2142
▁tou	2143
num	2144
▁vai	2145
▁Yeah	2146
eg	2147
ló	2148
ent	2149
▁four	2150
▁Psalm	2151
▁Whether	2152
▁স	2153
bli	2154
؟	2155
EN	2156
ী	2157
dos	2158
يا	2159
▁س	2160
ээ	2161
▁sara	2162
▁doo	2163
Ꭸ	2164
▁из	2165
▁bad	2166
▁min	2167
ተ	2168
ம்	2169
are	2170
ា	2171
dar	2172
▁27	2173
tz	2174
kha	2175
iz	2176
চ	2177
▁however	2178
anna	2179
▁kina	2180
dde	2181
iga	2182
kho	2183
ာ	2184
adh	2185
▁àwọn	2186
一	2187
▁mate	2188
uti	2189
▁works	2190
ει	2191
▁swi	2192
▁है	2193
ila	2194
▁knew	2195
▁tâ	2196
▁righteous	2197
אָ	2198
▁via	2199
▁anything	2200
ች	2201
ائ	2202
▁እ	2203
use	2204
▁hands	2205
▁kag	2206
▁မ	2207
تا	2208
വ	2209
thu	2210
▁kana	2211
▁experience	2212
▁leave	2213
▁Iesu	2214
▁local	2215
ቲ	2216
▁pas	2217
▁你	2218
▁П	2219
sar	2220
▁í	2221
ர	2222
▁ту	2223
्य	2224
ੋ	2225
ۆ	2226
▁needed	2227
sy	2228
▁jun	2229
▁ati	2230
▁koe	2231
▁hard	2232
rum	2233
▁Job	2234
▁please	2235
گ	2236
▁neither	2237
▁Europe	2238
bili	2239
ຕ	2240
▁Yet	2241
lok	2242
▁zot	2243
ି	2244
▁ເຮົາ	2245
iki	2246
କ	2247
ན་	2248
▁problem	2249
▁29	2250
▁Yesu	2251
▁gin	2252
ర్	2253
▁أ	2254
gy	2255
▁line	2256
▁members	2257
▁situation	2258
ке	2259
ர்	2260
து	2261
ხ	2262
▁File	2263
你	2264
▁mankind	2265
▁isi	2266
لى	2267
▁نے	2268
າ	2269
▁bon	2270
▁yourself	2271
▁heavens	2272
כ	2273
gin	2274
▁problems	2275
sí	2276
ity	2277
سه	2278
▁inter	2279
▁0	2280
▁diri	2281
uri	2282
تان	2283
▁lava	2284
▁Select	2285
▁elders	2286
▁ina	2287
jen	2288
න	2289
▁Committee	2290
fan	2291
ሰ	2292
▁Union	2293
ק	2294
▁talk	2295
ത	2296
20	2297
▁Of	2298
ે	2299
▁application	2300
ue	2301
▁humans	2302
ḥ	2303
ید	2304
▁fer	2305
▁qa	2306
▁try	2307
nto	2308
▁бар	2309
▁qu	2310
▁happy	2311
▁side	2312
▁fil	2313
lay	2314
▁answer	2315
rí	2316
▁ten	2317
▁marriage	2318
ft	2319
▁move	2320
▁fellow	2321
▁husband	2322
ո	2323
nji	2324
pat	2325
▁ከ	2326
▁Matthew	2327
ғ	2328
tri	2329
mon	2330
lè	2331
▁бо	2332
▁に	2333
▁sí	2334
dia	2335
▁eat	2336
anga	2337
ere	2338
▁coming	2339
日	2340
▁loving	2341
ጠ	2342
▁needs	2343
گه	2344
rt	2345
▁Cha	2346
લ	2347
ị	2348
▁ndo	2349
ዳ	2350
ក	2351
▁fine	2352
▁5.	2353
▁mwa	2354
▁په	2355
▁plan	2356
▁State	2357
▁tagata	2358
غا	2359
த	2360
▁10:	2361
ende	2362
ӕн	2363
▁return	2364
(_	2365
▁friends	2366
▁share	2367
▁kwe	2368
▁EU	2369
nzi	2370
ram	2371
ல	2372
ย	2373
▁او	2374
stu	2375
త	2376
▁Jews	2377
▁wicked	2378
▁tä	2379
▁benefit	2380
▁аз	2381
ി	2382
án	2383
▁ari	2384
иш	2385
دىن	2386
▁Many	2387
▁nda	2388
ker	2389
▁century	2390
▁Ru	2391
▁Day	2392
▁save	2393
ೇ	2394
▁comes	2395
▁wisdom	2396
▁wax	2397
ج	2398
от	2399
▁tala	2400
ris	2401
▁small	2402
9	2403
த்த	2404
ዕ	2405
ת	2406
ад	2407
ய	2408
▁հ	2409
ਾ	2410
ň	2411
▁Say	2412
ej	2413
ካ	2414
lang	2415
ите	2416
ල	2417
▁tino	2418
▁ah	2419
▁gonna	2420
ip	2421
▁above	2422
月	2423
19	2424
শ	2425
▁helped	2426
ము	2427
▁Don	2428
oc	2429
▁bá	2430
▁nations	2431
▁ин	2432
க்க	2433
ፍ	2434
lí	2435
ວ	2436
ì	2437
lwa	2438
nte	2439
▁real	2440
▁Men	2441
ക	2442
ງ	2443
hla	2444
▁ប	2445
raa	2446
port	2447
ظ	2448
yl	2449
▁strong	2450
ી	2451
▁ዝ	2452
і	2453
▁Scriptures	2454
্য	2455
▁sta	2456
▁fire	2457
pro	2458
▁area	2459
േ	2460
▁document	2461
ێ	2462
φ	2463
ಡ	2464
▁kitai	2465
mana	2466
▁dat	2467
▁Mar	2468
ล	2469
ሳ	2470
▁خ	2471
▁11:	2472
▁<	2473
ela	2474
▁trust	2475
ग	2476
syon	2477
▁प्र	2478
▁ہیں	2479
▁کان	2480
્	2481
ደ	2482
▁26	2483
▁wanted	2484
lag	2485
▁meetings	2486
▁Ju	2487
ся	2488
ati	2489
io	2490
▁Па	2491
dda	2492
▁decision	2493
ԥ	2494
cht	2495
ጽ	2496
▁আ	2497
bel	2498
▁ph	2499
▁aki	2500
▁toe	2501
▁yeke	2502
▁ۋە	2503
の	2504
▁field	2505
▁lives	2506
▁х	2507
ğ	2508
მ	2509
phe	2510
▁Where	2511
▁ကို	2512
tā	2513
▁Kon	2514
ակ	2515
yr	2516
format	2517
ህ	2518
ક	2519
į	2520
mp	2521
▁las	2522
▁remember	2523
aba	2524
ex	2525
اد	2526
့	2527
▁everything	2528
ο	2529
▁taking	2530
ал	2531
ும்	2532
تی	2533
▁ни	2534
▁ihe	2535
keun	2536
▁অ	2537
▁Thus	2538
▁Wi	2539
ാ	2540
ጥ	2541
ale	2542
▁3,	2543
ngaahi	2544
lek	2545
▁است	2546
▁ourselves	2547
nin	2548
ກ	2549
▁ej	2550
bat	2551
▁social	2552
uk	2553
ente	2554
▁desire	2555
▁К	2556
Other	2557
И	2558
Q	2559
bre	2560
ज	2561
▁certainly	2562
nak	2563
ක	2564
ھي	2565
ón	2566
ດ	2567
▁counsel	2568
лі	2569
дер	2570
ora	2571
ara	2572
yen	2573
یا	2574
▁Hu	2575
ባ	2576
▁pay	2577
hon	2578
▁surely	2579
▁ти	2580
أ	2581
▁makes	2582
▁aan	2583
ish	2584
ū	2585
▁whaka	2586
ksi	2587
cß	2588
ά	2589
ness	2590
▁May	2591
sul	2592
ಕ	2593
ха	2594
ئ	2595
ෙ	2596
▁м	2597
▁mit	2598
▁го	2599
ே	2600
▁whose	2601
ngan	2602
lli	2603
ҭа	2604
sel	2605
▁health	2606
ҙ	2607
▁कर	2608
ማ	2609
ӕй	2610
ੁ	2611
▁head	2612
سا	2613
▁40	2614
gg	2615
kk	2616
وانه	2617
▁tar	2618
ନ	2619
▁Organiser	2620
ەت	2621
ৰ্	2622
▁lead	2623
▁anointed	2624
ਕ	2625
▁ተ	2626
vel	2627
cer	2628
▁near	2629
ա	2630
ilo	2631
େ	2632
ར་	2633
Ma	2634
▁fè	2635
▁இ	2636
pre	2637
tum	2638
▁א	2639
ып	2640
tua	2641
▁thus	2642
də	2643
π	2644
ង	2645
يەنى	2646
tut	2647
ff	2648
ве	2649
▁الأ	2650
▁2,	2651
tel	2652
ist	2653
▁ṣe	2654
မ	2655
▁во	2656
▁aika	2657
nna	2658
mma	2659
▁KDE	2660
▁dé	2661
▁soon	2662
▁מ	2663
mpi	2664
▁remain	2665
set	2666
▁Therefore	2667
▁Г	2668
دى	2669
▁latou	2670
ă	2671
ssi	2672
tí	2673
dwa	2674
რ	2675
ก	2676
mento	2677
ano	2678
▁till	2679
▁self	2680
▁een	2681
▁Move	2682
▁ré	2683
▁Ci	2684
rwa	2685
▁based	2686
\	2687
ит	2688
▁э	2689
▁Chi	2690
▁Э	2691
ns	2692
▁yan	2693
▁Am	2694
ལ་	2695
ens	2696
ς	2697
▁meeting	2698
из	2699
run	2700
ام	2701
▁authority	2702
▁activities	2703
vis	2704
▁Canno	2705
▁eller	2706
▁THE	2707
Ꭽ	2708
თ	2709
ħ	2710
▁Pu	2711
▁happened	2712
ේ	2713
▁vis	2714
▁Daniel	2715
tika	2716
kka	2717
ન	2718
वा	2719
ω	2720
ер	2721
▁10.	2722
▁relationship	2723
▁age	2724
▁kei	2725
▁су	2726
▁World	2727
▁felt	2728
▁8.	2729
▁ਸ	2730
dat	2731
ण	2732
ល	2733
com	2734
ál	2735
mata	2736
વ	2737
чы	2738
▁mas	2739
mit	2740
▁और	2741
ੱ	2742
Ꭺ	2743
▁national	2744
ؤ	2745
κ	2746
ure	2747
▁development	2748
บ	2749
▁create	2750
▁Yo	2751
▁Pre	2752
ҳа	2753
▁Es	2754
▁avoid	2755
сы	2756
ض	2757
▁wise	2758
▁ear	2759
▁vol	2760
ته	2761
▁13:	2762
▁written	2763
das	2764
ld	2765
▁7.	2766
▁وہ	2767
▁Add	2768
jar	2769
ત	2770
▁further	2771
▁Ка	2772
ம	2773
▁50	2774
า	2775
▁որ	2776
ಮ	2777
▁soul	2778
nas	2779
taki	2780
City	2781
▁де	2782
нӑ	2783
▁۾	2784
var	2785
▁7:	2786
mal	2787
▁Fo	2788
లు	2789
үү	2790
▁baptized	2791
▁ake	2792
▁å	2793
фи	2794
▁។	2795
▁آن	2796
▁ке	2797
war	2798
▁died	2799
▁level	2800
න්	2801
▁once	2802
▁learned	2803
ሕ	2804
▁ພະ	2805
lä	2806
▁pan	2807
ಗ	2808
бо	2809
сем	2810
ड	2811
ወ	2812
ё	2813
ቅ	2814
▁xe	2815
▁33	2816
ਾਂ	2817
bwa	2818
▁Ꮧ	2819
",	2820
ត	2821
хә	2822
mar	2823
▁tai	2824
▁ali	2825
▁az	2826
א	2827
▁ҳам	2828
лә	2829
кә	2830
ମ	2831
ᏍᏗ	2832
ද	2833
▁Joseph	2834
▁position	2835
ு	2836
▁iki	2837
ին	2838
▁ح	2839
▁pie	2840
▁В	2841
sko	2842
ия	2843
▁Д	2844
▁6.	2845
▁nen	2846
▁skal	2847
ის	2848
ክ	2849
ö	2850
િ	2851
ili	2852
ូ	2853
▁international	2854
▁uz	2855
kt	2856
ito	2857
▁Par	2858
ün	2859
▁necessary	2860
▁five	2861
ად	2862
▁mé	2863
▁sija	2864
▁temple	2865
▁working	2866
sten	2867
▁sur	2868
ах	2869
dd	2870
ບ	2871
র্	2872
ိ	2873
▁enough	2874
▁tak	2875
▁school	2876
ຍ	2877
▁glory	2878
ရ	2879
▁(%	2880
້	2881
ata	2882
ay	2883
sse	2884
tura	2885
ção	2886
い	2887
▁along	2888
▁Come	2889
ži	2890
▁ete	2891
र्	2892
ér	2893
▁ima	2894
եր	2895
▁хо	2896
ның	2897
tse	2898
▁Indeed	2899
▁ул	2900
con	2901
ыз	2902
▁pray	2903
ow	2904
mm	2905
nni	2906
▁об	2907
my	2908
ೆ	2909
nar	2910
asa	2911
▁Wo	2912
mber	2913
▁pla	2914
ב	2915
iza	2916
дыр	2917
হ	2918
ኣ	2919
zen	2920
▁sub	2921
ေ	2922
▁aga	2923
▁nke	2924
tso	2925
rä	2926
▁enter	2927
▁dhe	2928
ನು	2929
para	2930
მა	2931
مه	2932
▁ም	2933
चा	2934
স	2935
mus	2936
▁act	2937
▁သ	2938
▁Just	2939
▁Fe	2940
▁yu	2941
ги	2942
wer	2943
▁Israelites	2944
gra	2945
▁apply	2946
▁Isa	2947
▁ရ	2948
tak	2949
mme	2950
▁ар	2951
▁least	2952
met	2953
▁giving	2954
You	2955
▁Biblia	2956
Ꮙ	2957
بر	2958
▁آھن	2959
рт	2960
ij	2961
of	2962
ман	2963
▁early	2964
▁regard	2965
ũ	2966
▁وال	2967
▁kaj	2968
kulu	2969
रा	2970
zh	2971
ib	2972
▁gives	2973
kom	2974
ც	2975
▁ó	2976
лу	2977
û	2978
▁difficult	2979
ต	2980
▁measures	2981
ీ	2982
▁は	2983
▁stand	2984
▁ל	2985
sho	2986
bh	2987
din	2988
лык	2989
▁ہو	2990
get	2991
▁label	2992
ુ	2993
▁چ	2994
ses	2995
ත්	2996
мӕ	2997
kai	2998
▁voor	2999
▁ҳа	3000
▁form	3001
▁particular	3002
▁dagiti	3003
org	3004
▁GNOME	3005
▁ಕ	3006
ու	3007
▁12.	3008
11	3009
ще	3010
▁lie	3011
▁mercy	3012
▁ша	3013
int	3014
mis	3015
▁anyone	3016
ג	3017
ún	3018
0	3019
ו	3020
▁knows	3021
ել	3022
▁sh	3023
▁خود	3024
ung	3025
ច	3026
▁Q	3027
▁Com	3028
же	3029
▁temporary	3030
ਸ	3031
▁ac	3032
.”	3033
▁Ọ	3034
ప	3035
▁reading	3036
she	3037
taan	3038
▁ເ	3039
េ	3040
▁9.	3041
▁ब	3042
▁sea	3043
▁ay	3044
▁concerning	3045
lem	3046
▁greater	3047
Ꮵ	3048
ක්	3049
▁prophet	3050
ೂ	3051
▁Ve	3052
teri	3053
J	3054
▁lea	3055
▁nó	3056
▁von	3057
▁righteousness	3058
ندو	3059
▁ໃຫ້	3060
rea	3061
جا	3062
▁teaching	3063
õn	3064
▁sem	3065
▁material	3066
到	3067
▁ви	3068
ང་	3069
▁ezi	3070
hr	3071
▁except	3072
ғы	3073
್ಯ	3074
▁سه	3075
▁address	3076
ா	3077
τα	3078
▁Не	3079
▁General	3080
▁tre	3081
▁ئە	3082
▁ما	3083
▁promise	3084
▁enjoy	3085
▁Ф	3086
▁past	3087
▁Solomon	3088
▁ਹੈ	3089
▁Isaiah	3090
▁—⁠	3091
িত	3092
ró	3093
▁accept	3094
uli	3095
▁ab	3096
▁lost	3097
ვ	3098
▁loto	3099
jer	3100
▁nation	3101
tau	3102
дар	3103
▁sun	3104
▁common	3105
▁Ꭲ	3106
ive	3107
▁đ	3108
▁especially	3109
▁म	3110
▁dua	3111
▁ᎯᎠ	3112
شت	3113
▁angels	3114
og	3115
▁Die	3116
տ	3117
▁waa	3118
▁alone	3119
▁seek	3120
上	3121
leg	3122
اف	3123
oon	3124
ей	3125
▁п	3126
▁state	3127
▁în	3128
▁effect	3129
▁itu	3130
▁gra	3131
zin	3132
க	3133
day	3134
AL	3135
mene	3136
▁teach	3137
ই	3138
▁Did	3139
Ꮿ	3140
Ꮟ	3141
▁dos	3142
▁Bar	3143
ും	3144
▁سو	3145
▁thinking	3146
гу	3147
ну	3148
ਮ	3149
လ	3150
▁believers	3151
▁third	3152
▁changes	3153
вер	3154
מ	3155
▁bil	3156
ರ್	3157
nk	3158
bri	3159
▁attention	3160
اء	3161
▁months	3162
▁ב	3163
▁seven	3164
ส	3165
▁fra	3166
▁contact	3167
lor	3168
▁ñan	3169
▁Lu	3170
▁voice	3171
တ	3172
▁Б	3173
▁Use	3174
צ	3175
ಯ	3176
ណ	3177
▁Saul	3178
▁shi	3179
ane	3180
bha	3181
▁rest	3182
lə	3183
inn	3184
▁send	3185
lama	3186
▁akan	3187
zwa	3188
▁Ва	3189
▁を	3190
▁kingdom	3191
tera	3192
▁kindness	3193
▁100	3194
▁>	3195
▁mis	3196
ś	3197
ະ	3198
ବ	3199
▁là	3200
▁menu	3201
▁од	3202
▁sense	3203
ಸ	3204
պ	3205
▁kae	3206
▁ສ	3207
▁تم	3208
ert	3209
log	3210
ple	3211
net	3212
▁tautolu	3213
▁item	3214
▁8:	3215
ez	3216
нең	3217
▁meet	3218
▁door	3219
Ꮈ	3220
ੂ	3221
12	3222
ר	3223
▁και	3224
hé	3225
ӣ	3226
▁nti	3227
pla	3228
ί	3229
ṛ	3230
kla	3231
ду	3232
▁OF	3233
▁की	3234
▁kala	3235
▁අ	3236
dor	3237
▁dy	3238
ש	3239
▁game	3240
▁ре	3241
agh	3242
▁ស	3243
мы	3244
▁answered	3245
▁На	3246
ە	3247
▁@	3248
tà	3249
▁14.	3250
മ	3251
▁lè	3252
▁11.	3253
▁flesh	3254
In	3255
▁moved	3256
▁date	3257
▁Nations	3258
▁ຈະ	3259
ೋ	3260
kat	3261
▁ک	3262
▁në	3263
دۇر	3264
▁Law	3265
▁Most	3266
▁similar	3267
ྲ	3268
▁ໃນ	3269
nic	3270
▁он	3271
red	3272
▁і	3273
ele	3274
▁eb	3275
▁hold	3276
▁II	3277
▁stay	3278
gle	3279
ۈ	3280
▁sen	3281
sam	3282
tori	3283
tter	3284
ด	3285
▁ing	3286
▁دو	3287
▁Evolution	3288
мен	3289
▁ସ	3290
▁kia	3291
▁strength	3292
dé	3293
ide	3294
ир	3295
రు	3296
ix	3297
jn	3298
दा	3299
▁الت	3300
▁turned	3301
▁ಮ	3302
ער	3303
▁appropriate	3304
▁witness	3305
▁conditions	3306
່	3307
Ꮢ	3308
сан	3309
డ	3310
ക്ക	3311
▁ئى	3312
ැ	3313
ț	3314
▁display	3315
ሩ	3316
▁mala	3317
ε	3318
▁ໄດ້	3319
ិ	3320
cion	3321
▁ist	3322
▁15:	3323
▁Да	3324
▁friend	3325
▁roto	3326
аш	3327
▁में	3328
▁serving	3329
по	3330
▁religious	3331
▁və	3332
ती	3333
ذ	3334
▁உ	3335
mente	3336
že	3337
pri	3338
▁process	3339
▁large	3340
rus	3341
▁kaka	3342
▁heavenly	3343
▁perfect	3344
О	3345
▁Gi	3346
Ꮃ	3347
▁forever	3348
▁Е	3349
ં	3350
▁Have	3351
▁wala	3352
ដ	3353
ቀ	3354
тан	3355
▁principles	3356
ندا	3357
▁religion	3358
▁15.	3359
▁interest	3360
င်	3361
▁services	3362
▁Book	3363
▁rights	3364
lı	3365
▁į	3366
▁mena	3367
մ	3368
▁pen	3369
▁Il	3370
▁required	3371
ከ	3372
ז	3373
Л	3374
ӕм	3375
▁ahụ	3376
▁write	3377
▁allow	3378
sima	3379
▁व	3380
▁ك	3381
▁اوھان	3382
ય	3383
.»	3384
ั	3385
ket	3386
▁dem	3387
rie	3388
shon	3389
rang	3390
▁ду	3391
▁ein	3392
del	3393
cy	3394
▁13.	3395
stru	3396
▁gy	3397
000	3398
▁për	3399
ور	3400
▁bisa	3401
qi	3402
အ	3403
▁failed	3404
▁pra	3405
ць	3406
▁else	3407
વા	3408
tie	3409
ים	3410
▁അ	3411
▁conduct	3412
sé	3413
▁से	3414
ef	3415
事	3416
▁security	3417
▁format	3418
ła	3419
mik	3420
▁کر	3421
▁sé	3422
க்	3423
ิ	3424
▁Sch	3425
ich	3426
▁dị	3427
▁San	3428
▁16.	3429
য়	3430
ટ	3431
▁paragraph	3432
ئي	3433
ša	3434
ପ	3435
▁mingi	3436
▁pr	3437
ста	3438
ებ	3439
▁Fi	3440
ras	3441
▁να	3442
▁ແລະ	3443
▁xban	3444
▁pour	3445
ów	3446
გ	3447
way	3448
тор	3449
▁پا	3450
▁considered	3451
eka	3452
cz	3453
sun	3454
še	3455
▁ຂອງ	3456
khe	3457
▁ngu	3458
pon	3459
▁sal	3460
▁stop	3461
▁ئۇلار	3462
ында	3463
gang	3464
tay	3465
lic	3466
▁fully	3467
▁کرد	3468
رى	3469
до	3470
▁less	3471
▁Failed	3472
▁won	3473
Ꮂ	3474
▁Image	3475
▁kept	3476
all	3477
ako	3478
tó	3479
গ	3480
វ	3481
▁anda	3482
▁financial	3483
▁Ieova	3484
▁taught	3485
中	3486
▁π	3487
نی	3488
▁bala	3489
ന്	3490
gh	3491
dik	3492
▁Her	3493
uro	3494
ট	3495
θ	3496
ు	3497
▁walk	3498
ೊ	3499
nden	3500
xo	3501
▁sins	3502
▁okuti	3503
ий	3504
▁ப	3505
▁أن	3506
▁sister	3507
▁changed	3508
▁apostles	3509
▁قا	3510
▁muri	3511
▁eka	3512
▁rather	3513
会	3514
stri	3515
▁нь	3516
▁ў	3517
▁maga	3518
▁Will	3519
قا	3520
უ	3521
aq	3522
ের	3523
▁access	3524
▁esta	3525
▁sound	3526
nem	3527
ges	3528
̨́	3529
Ꮩ	3530
খ	3531
▁tua	3532
зар	3533
ទ	3534
ord	3535
▁matters	3536
▁15,	3537
mini	3538
ս	3539
ிய	3540
ley	3541
kor	3542
▁St	3543
▁گ	3544
tho	3545
ጋ	3546
ĩ	3547
khu	3548
put	3549
▁ਦੇ	3550
▁ف	3551
▁false	3552
aw	3553
▁products	3554
eli	3555
far	3556
▁Jéhovah	3557
ран	3558
好	3559
▁és	3560
ċi	3561
▁CD	3562
▁anak	3563
મ	3564
▁17.	3565
▁க	3566
န်	3567
▁started	3568
▁yango	3569
ე	3570
▁ló	3571
▁Such	3572
▁pea	3573
zione	3574
▁offer	3575
▁32	3576
▁éí	3577
ҳо	3578
▁tro	3579
tam	3580
ня	3581
▁View	3582
hí	3583
▁Egypt	3584
▁կ	3585
nen	3586
▁ம	3587
tere	3588
▁4,	3589
ري	3590
eri	3591
▁wong	3592
կ	3593
▁дар	3594
▁5,	3595
це	3596
▁9,	3597
We	3598
wen	3599
▁ວ່າ	3600
ub	3601
ើ	3602
থ	3603
hy	3604
に	3605
▁general	3606
usa	3607
har	3608
▁Nga	3609
▁subject	3610
rs	3611
▁sou	3612
以	3613
if	3614
ор	3615
▁لا	3616
▁likely	3617
гән	3618
ċ	3619
сто	3620
ḍ	3621
ER	3622
▁loved	3623
qo	3624
־	3625
▁لل	3626
জ	3627
▁shows	3628
▁ол	3629
▁раз	3630
жи	3631
▁iai	3632
кы	3633
leri	3634
▁Mary	3635
▁máa	3636
kola	3637
▁kwi	3638
▁fan	3639
▁ক	3640
لار	3641
▁easy	3642
は	3643
▁azo	3644
▁understanding	3645
▁market	3646
▁mail	3647
▁का	3648
wy	3649
▁servant	3650
▁Mark	3651
▁Dan	3652
los	3653
η	3654
▁Oku	3655
dig	3656
лек	3657
හ	3658
श	3659
tali	3660
lum	3661
ать	3662
ava	3663
pie	3664
▁People	3665
▁ש	3666
zer	3667
း	3668
áá	3669
ित	3670
▁Timothy	3671
ді	3672
С	3673
▁seo	3674
▁lot	3675
▁न	3676
▁decisions	3677
▁force	3678
▁aj	3679
▁involved	3680
▁14:	3681
ख	3682
▁bes	3683
▁serious	3684
▁Save	3685
▁wat	3686
▁search	3687
ಪ	3688
ου	3689
▁longer	3690
▁leswaku	3691
ого	3692
কে	3693
ard	3694
▁Although	3695
ian	3696
▁das	3697
▁mpo	3698
লে	3699
phi	3700
પ	3701
▁Mai	3702
تے	3703
car	3704
дә	3705
▁ਪ	3706
ных	3707
▁sign	3708
▁Community	3709
▁ዚ	3710
▁sala	3711
▁pass	3712
သ	3713
ola	3714
ийн	3715
ם	3716
dah	3717
▁Judah	3718
hara	3719
mani	3720
hat	3721
تى	3722
sala	3723
ër	3724
▁accordance	3725
нинг	3726
▁moun	3727
▁Good	3728
taka	3729
ká	3730
▁gift	3731
▁sisters	3732
▁6,	3733
▁Vo	3734
lim	3735
দ	3736
▁Er	3737
мас	3738
▁је	3739
ડ	3740
წ	3741
▁Luke	3742
▁α	3743
▁sp	3744
▁referred	3745
▁Text	3746
▁vir	3747
ನ್ನು	3748
▁appointed	3749
ട	3750
ения	3751
▁aßan	3752
сә	3753
▁single	3754
▁apa	3755
▁protection	3756
▁held	3757
amba	3758
▁Since	3759
▁colour	3760
ES	3761
က်	3762
▁truly	3763
▁listen	3764
ong	3765
эр	3766
▁married	3767
▁places	3768
лик	3769
▁й	3770
▁basis	3771
μα	3772
▁sacrifice	3773
▁evidence	3774
kó	3775
▁dina	3776
ė	3777
▁sheep	3778
▁xu	3779
ẹ	3780
▁Ма	3781
▁tab	3782
ڕاستی	3783
▁six	3784
rè	3785
ქ	3786
ρ	3787
್	3788
យ	3789
ть	3790
▁tat	3791
ov	3792
▁ikke	3793
gli	3794
δ	3795
▁ị	3796
өн	3797
ಣ	3798
ел	3799
▁project	3800
εί	3801
part	3802
ີ	3803
don	3804
न्	3805
्या	3806
▁choose	3807
▁ເປັນ	3808
▁ago	3809
▁ná	3810
▁wó	3811
▁እዩ	3812
▁Okay	3813
▁ఆ	3814
▁Consider	3815
iso	3816
▁8,	3817
ula	3818
▁issue	3819
ով	3820
อ	3821
ě	3822
tti	3823
ச	3824
▁disc	3825
▁naga	3826
elle	3827
rik	3828
▁kin	3829
hen	3830
stre	3831
▁dis	3832
30	3833
пе	3834
ને	3835
sor	3836
▁को	3837
▁source	3838
▁Noah	3839
dz	3840
▁က	3841
▁esi	3842
▁Would	3843
ى	3844
ör	3845
▁nge	3846
روه	3847
ndra	3848
▁resurrection	3849
▁wants	3850
им	3851
▁Car	3852
kuti	3853
ե	3854
50	3855
rò	3856
้	3857
▁indi	3858
ithe	3859
▁чи	3860
▁enda	3861
ড	3862
mine	3863
oj	3864
▁attitude	3865
▁Х	3866
▁ස	3867
ør	3868
▁history	3869
▁morning	3870
▁Create	3871
▁efforts	3872
Ꭼ	3873
line	3874
▁Qu	3875
▁60	3876
đ	3877
▁drink	3878
▁)	3879
▁có	3880
Ᏻ	3881
▁ಬ	3882
gwa	3883
IN	3884
اب	3885
▁While	3886
хи	3887
▁wait	3888
ši	3889
ado	3890
այ	3891
▁training	3892
▁Ze	3893
▁த	3894
tet	3895
▁Ai	3896
uka	3897
жа	3898
▁எ	3899
▁job	3900
▁million	3901
▁Does	3902
аа	3903
+	3904
י	3905
lela	3906
stro	3907
▁spoke	3908
▁як	3909
▁location	3910
star	3911
zya	3912
ා	3913
vé	3914
▁По	3915
▁behind	3916
ன	3917
ყ	3918
ტ	3919
▁judgment	3920
▁Hey	3921
▁quality	3922
ों	3923
▁ket	3924
jet	3925
లో	3926
▁revealed	3927
▁anga	3928
ژ	3929
▁net	3930
▁على	3931
▁eye	3932
▁Cor	3933
▁rule	3934
kana	3935
ོད	3936
ас	3937
▁ol	3938
тай	3939
▁た	3940
ties	3941
▁24:	3942
ys	3943
क्	3944
lər	3945
▁че	3946
对	3947
tat	3948
▁leen	3949
dis	3950
llu	3951
▁play	3952
rat	3953
▁ф	3954
▁specific	3955
▁て	3956
▁مان	3957
fon	3958
▁ҡ	3959
ύ	3960
än	3961
ரு	3962
▁г	3963
мә	3964
nsa	3965
lak	3966
▁parti	3967
▁হ	3968
ob	3969
▁მ	3970
dem	3971
▁За	3972
▁ക	3973
▁whatever	3974
گە	3975
ici	3976
nti	3977
法	3978
▁ہم	3979
▁Kristo	3980
▪	3981
▁yourselves	3982
▁results	3983
▁បាន	3984
▁foki	3985
▁Ex	3986
▁res	3987
▁god	3988
▁signs	3989
▁kuri	3990
▁Ch	3991
▁complete	3992
Ꮹ	3993
▁Unable	3994
lie	3995
vit	3996
ON	3997
▁är	3998
▁guidance	3999
ür	4000
ె	4001
kre	4002
▁include	4003
ப	4004
ffi	4005
▁anyị	4006
eh	4007
ên	4008
ֿ	4009
▁ande	4010
▁server	4011
▁covenant	4012
fen	4013
▁kom	4014
▁ಹ	4015
▁Like	4016
خت	4017
る	4018
▁chic	4019
gue	4020
സ്	4021
▁ᎨᏒ	4022
▁taimi	4023
▁35	4024
▁ñu	4025
bwe	4026
lom	4027
या	4028
het	4029
▁feelings	4030
▁looking	4031
--	4032
oti	4033
▁ancient	4034
ms	4035
▁inte	4036
▁ھ	4037
▁either	4038
ჲ	4039
ത്ത	4040
еш	4041
▁ដែល	4042
▁everyone	4043
▁untuk	4044
▁पर	4045
ӑр	4046
▁ش	4047
igi	4048
бар	4049
▁fakama	4050
▁kò	4051
▁સ	4052
ते	4053
▁run	4054
għ	4055
▁chu	4056
inga	4057
▁Ama	4058
▁session	4059
▁kun	4060
▁Det	4061
fin	4062
▁draw	4063
▁pod	4064
▁ban	4065
эл	4066
ರು	4067
kel	4068
⁠	4069
▁پوء	4070
▁Sam	4071
bona	4072
ou	4073
▁test	4074
ך	4075
▁business	4076
ਟ	4077
iri	4078
may	4079
Н	4080
▁total	4081
сти	4082
uko	4083
ence	4084
уа	4085
لىق	4086
▁final	4087
lit	4088
ሪ	4089
პ	4090
▁mentioned	4091
▁shown	4092
▁punishment	4093
qßue	4094
▁Greek	4095
sal	4096
▁Corinthians	4097
رو	4098
ី	4099
▁ਅ	4100
ਣ	4101
▁fell	4102
▁art	4103
zzjoni	4104
▁reward	4105
▁Jacob	4106
▁Their	4107
dá	4108
▁daughter	4109
▁Yàlla	4110
下	4111
ಹ	4112
▁Acts	4113
▁obey	4114
▁Internet	4115
ፈ	4116
▁established	4117
▁kill	4118
tic	4119
▁कि	4120
▁organization	4121
▁या	4122
qar	4123
▁ز	4124
来	4125
cher	4126
гы	4127
cent	4128
iro	4129
iya	4130
ព	4131
▁role	4132
▁یہ	4133
ID	4134
کان	4135
mai	4136
▁шу	4137
ዝ	4138
▁að	4139
Ᏼ	4140
نے	4141
kri	4142
▁ç	4143
▁ច	4144
▁st	4145
री	4146
▁room	4147
tima	4148
▁kuwi	4149
▁Proverbs	4150
ి	4151
form	4152
ሮ	4153
▁Mat	4154
nce	4155
▁kuba	4156
▁mes	4157
tud	4158
נ	4159
▁tur	4160
▁raised	4161
mā	4162
▁जा	4163
rom	4164
พ	4165
▁video	4166
lon	4167
ssen	4168
▁Today	4169
sso	4170
▁με	4171
▁vor	4172
▁ngi	4173
ნ	4174
ಿಸ	4175
ый	4176
▁үз	4177
ค	4178
كى	4179
▁নি	4180
▁comfort	4181
▁states	4182
rre	4183
له	4184
▁standards	4185
▁nau	4186
▁cui	4187
rú	4188
▁mbi	4189
▁baa	4190
gun	4191
▁З	4192
ગ	4193
کی	4194
ො	4195
▁manu	4196
ller	4197
ун	4198
шь	4199
▁ຄວາມ	4200
▁alle	4201
ос	4202
ோ	4203
▁doubt	4204
▁various	4205
lis	4206
▁Look	4207
▁vy	4208
amo	4209
ಳ	4210
▁ste	4211
umu	4212
nze	4213
oku	4214
▁poor	4215
▁path	4216
▁ready	4217
କୁ	4218
▁First	4219
▁este	4220
>	4221
་བ	4222
ño	4223
ዓ	4224
▁Ꮷ	4225
=	4226
ima	4227
▁ис	4228
▁tree	4229
má	4230
మ	4231
ən	4232
ffe	4233
▁increase	4234
kò	4235
▁killed	4236
▁tri	4237
nne	4238
▁بىلەن	4239
and	4240
għa	4241
▁Edit	4242
ध	4243
ийг	4244
ए	4245
▁دا	4246
ée	4247
Е	4248
ол	4249
▁month	4250
эх	4251
▁9:	4252
▁cut	4253
▁bí	4254
át	4255
mut	4256
▁cuan	4257
ime	4258
റെ	4259
▁ame	4260
ii	4261
▁none	4262
▁Ч	4263
kira	4264
▁economic	4265
▁events	4266
lala	4267
ына	4268
▁tidak	4269
▁myself	4270
asi	4271
با	4272
▁English	4273
ന	4274
▁το	4275
▁noa	4276
▁born	4277
gha	4278
▁James	4279
rak	4280
ლ	4281
▁եւ	4282
▁ក	4283
▁bear	4284
су	4285
kah	4286
atu	4287
▁trans	4288
▁natural	4289
▁doesn	4290
▁post	4291
▁areas	4292
cin	4293
င်း	4294
ese	4295
hana	4296
ਸ਼	4297
মা	4298
▁ग	4299
▁Yéhuwah	4300
යි	4301
▁creation	4302
▁ج	4303
▁fight	4304
▁ved	4305
▁oko	4306
në	4307
stan	4308
ھو	4309
▁մ	4310
▁alla	4311
ros	4312
yin	4313
action	4314
ná	4315
▁Ab	4316
▁17:	4317
▁hono	4318
▁suffering	4319
э	4320
وان	4321
!"	4322
bit	4323
▁takes	4324
ҟа	4325
зу	4326
М	4327
dən	4328
pra	4329
وم	4330
▁urang	4331
ний	4332
mati	4333
▁вы	4334
▁lé	4335
ρα	4336
unga	4337
రి	4338
▁mal	4339
ул	4340
▁named	4341
▁panag	4342
▁cum	4343
▁ensure	4344
ute	4345
لىرى	4346
һ	4347
▁dal	4348
kara	4349
sika	4350
▁7,	4351
▁feet	4352
▁Search	4353
▁ਮ	4354
ના	4355
til	4356
ṣ	4357
▁followed	4358
▁ප	4359
▁हो	4360
వా	4361
há	4362
сен	4363
mise	4364
▁της	4365
nene	4366
▁Set	4367
▁រ	4368
▁trying	4369
▁ಸ	4370
قى	4371
▁several	4372
▁actually	4373
▁Я	4374
▁government	4375
▁imitate	4376
▁regarding	4377
β	4378
要	4379
ρο	4380
શ	4381
▁ຄົນ	4382
AN	4383
▁fast	4384
ዋ	4385
▁enggau	4386
ance	4387
uni	4388
▁offering	4389
ზ	4390
▁tale	4391
utu	4392
ith	4393
▁Ua	4394
▁lived	4395
▁examples	4396
dra	4397
▁Remove	4398
▁status	4399
တ်	4400
し	4401
ស្	4402
ee	4403
tara	4404
▁authorities	4405
ҭ	4406
лӑ	4407
leke	4408
▁sama	4409
long	4410
tä	4411
▁Faka	4412
▁ಆ	4413
▁þ	4414
▁Annex	4415
ши	4416
▁preach	4417
ува	4418
▁qualities	4419
ୁ	4420
▁everlasting	4421
▁တ	4422
ণ	4423
▁build	4424
▁қа	4425
▁priest	4426
▁Directive	4427
llo	4428
moni	4429
spe	4430
▁rej	4431
▁getting	4432
rd	4433
ino	4434
▁nde	4435
ద	4436
zy	4437
▁သည်	4438
ӗр	4439
▁দ	4440
▁itself	4441
▁promised	4442
▁showed	4443
▁followers	4444
ön	4445
▁bụ	4446
mail	4447
▁ପ	4448
ատ	4449
▁deal	4450
kọ	4451
▁tr	4452
нар	4453
▁fruit	4454
▁Here	4455
ப்ப	4456
ळ	4457
▁praise	4458
▁Ad	4459
որ	4460
▁۔	4461
▁Samuel	4462
▁ការ	4463
▁18.	4464
ု	4465
▁ди	4466
▁option	4467
bb	4468
ष	4469
ଣ	4470
ika	4471
▁Ꮔ	4472
▁ዘ	4473
nnen	4474
zvo	4475
ση	4476
ntes	4477
▁actions	4478
▁ubu	4479
ille	4480
dí	4481
▁honor	4482
▁circumstances	4483
יק	4484
eta	4485
ன்	4486
ᏍᎩ	4487
cul	4488
▁gan	4489
He	4490
▁led	4491
▁deeds	4492
▁бы	4493
ő	4494
▁baba	4495
▁individuals	4496
▁Jesús	4497
▁Eli	4498
mə	4499
კ	4500
lele	4501
ುವ	4502
15	4503
эн	4504
ଲ	4505
▁Sta	4506
▁mill	4507
▁slave	4508
like	4509
ение	4510
▁related	4511
bele	4512
▁mg	4513
を	4514
▁commanded	4515
tani	4516
▁ज	4517
▁ಇ	4518
Ꮳ	4519
lary	4520
dze	4521
▁Aba	4522
▁Romans	4523
▁lá	4524
▁loo	4525
▁tia	4526
gon	4527
نھن	4528
stat	4529
▁allowed	4530
му	4531
ର୍	4532
▁concerned	4533
hay	4534
ཚ	4535
▁hal	4536
үр	4537
り	4538
tanga	4539
▁dá	4540
▁determined	4541
▁rules	4542
)،	4543
▁İ	4544
gira	4545
▁उ	4546
დ	4547
banga	4548
yé	4549
sem	4550
▁gone	4551
▁ren	4552
大	4553
ці	4554
ջ	4555
▁opened	4556
▁lē	4557
▁taha	4558
▁bol	4559
vaka	4560
▁không	4561
▁due	4562
▁user	4563
▁hours	4564
▁Ꮵ	4565
▁jeung	4566
лен	4567
▁lay	4568
ல்	4569
বা	4570
▁naa	4571
国	4572
ẽ	4573
ین	4574
دە	4575
▁hour	4576
ང	4577
ತ	4578
աց	4579
▁kada	4580
▁ایشان	4581
▁სა	4582
▁sida	4583
ட்ட	4584
▁fall	4585
▁relevant	4586
ー	4587
▁പ	4588
▁ວາ	4589
▁focus	4590
ली	4591
ulo	4592
▁Dr	4593
▁É	4594
▁meaning	4595
▁ҳ	4596
ै	4597
ود	4598
yar	4599
ໂຫ	4600
llen	4601
će	4602
▁class	4603
▁opportunity	4604
▁ந	4605
ски	4606
vet	4607
เ	4608
لي	4609
ction	4610
▁ជា	4611
ân	4612
tit	4613
▁То	4614
▁М	4615
ൂ	4616
▁Uni	4617
tions	4618
nsi	4619
taa	4620
zar	4621
▁بال	4622
▁tuku	4623
Ꮪ	4624
лер	4625
ug	4626
уд	4627
hel	4628
▁happen	4629
ົ	4630
▁como	4631
▁strengthen	4632
▁System	4633
▁ആ	4634
▁provisions	4635
rira	4636
▁believed	4637
▁¿	4638
оу	4639
رة	4640
ед	4641
্যা	4642
еи	4643
่	4644
▁Dis	4645
ഹ	4646
wé	4647
թ	4648
▁tax	4649
non	4650
▁cast	4651
▁saved	4652
▁main	4653
jek	4654
▁education	4655
▁political	4656
▁sight	4657
לע	4658
▁Other	4659
tok	4660
ות	4661
▁Paulo	4662
▁bé	4663
symbols	4664
▁ມີ	4665
▁Africa	4666
ят	4667
iň	4668
▁dha	4669
▁direction	4670
ой	4671
jel	4672
▁umu	4673
▁Ce	4674
ਡ	4675
▁ເຢ	4676
یش	4677
▁إ	4678
өө	4679
wó	4680
ენ	4681
gre	4682
და	4683
dit	4684
yň	4685
ጣ	4686
▁hoê	4687
▁modern	4688
vin	4689
▁reach	4690
▁»,	4691
دو	4692
▁moko	4693
▁Та	4694
ײַ	4695
кі	4696
▁Creator	4697
地	4698
▁под	4699
▁Со	4700
▁policy	4701
▁ਨੂੰ	4702
か	4703
ων	4704
▁mode	4705
▁خدا	4706
▁clean	4707
ρι	4708
kki	4709
usi	4710
▁kuwa	4711
▁mbeni	4712
ero	4713
gna	4714
ሃ	4715
alo	4716
▁кыл	4717
▁section	4718
kali	4719
▁War	4720
▁aye	4721
▁შე	4722
ሊ	4723
ਖ	4724
Ꮥ	4725
▁14,	4726
▁Kâcuaß	4727
nom	4728
▁December	4729
▁kor	4730
cio	4731
ца	4732
▁ж	4733
يو	4734
یں	4735
ген	4736
▁16:	4737
ײ	4738
▁servi	4739
idad	4740
çi	4741
ghị	4742
گا	4743
▁info	4744
▁Para	4745
▁ச	4746
▁ш	4747
▁chan	4748
unit	4749
为	4750
iv	4751
▁super	4752
▁вә	4753
▁progress	4754
ena	4755
▁нӕ	4756
ral	4757
▁addition	4758
өр	4759
tala	4760
▁freedom	4761
▁tawo	4762
▁ty	4763
zwe	4764
ifica	4765
▁ху	4766
▁space	4767
▁visit	4768
ō	4769
▁spiritually	4770
mpo	4771
▁Apa	4772
mwa	4773
▁ያ	4774
હ	4775
bay	4776
▁jé	4777
▁ప్ర	4778
mé	4779
▁لاء	4780
▁श	4781
▁mafai	4782
bet	4783
ээр	4784
shu	4785
ೀ	4786
cor	4787
▁អ្នក	4788
▁blessings	4789
▁request	4790
ret	4791
No	4792
ሎ	4793
▁company	4794
▁ق	4795
▁بی	4796
ኽ	4797
గా	4798
ହ	4799
af	4800
ӗн	4801
ciones	4802
▁cä	4803
▁office	4804
▁priests	4805
▁deep	4806
فا	4807
chen	4808
പ	4809
lam	4810
റ	4811
▁imi	4812
جھ	4813
йы	4814
ida	4815
ິ	4816
▁бил	4817
▁simply	4818
ფ	4819
▁returned	4820
▁ह	4821
ül	4822
mek	4823
▁تي	4824
▁Gra	4825
▁laid	4826
kal	4827
▁ад	4828
ture	4829
▁ख	4830
वर	4831
▁Type	4832
出	4833
lai	4834
▁Ş	4835
agi	4836
▁fun	4837
lus	4838
є	4839
▁prayers	4840
če	4841
▁standard	4842
tek	4843
art	4844
▁mouth	4845
▁ê	4846
▁lor	4847
▁Right	4848
ů	4849
rish	4850
▁bilen	4851
▁Ser	4852
▁يا	4853
▁lautolu	4854
ec	4855
AS	4856
▁perhaps	4857
▁During	4858
үн	4859
▁نہیں	4860
dre	4861
▁Revelation	4862
гъ	4863
▁جن	4864
▁amount	4865
Ꮞ	4866
▁kay	4867
lisa	4868
▁üçin	4869
kwu	4870
Ꮆ	4871
चे	4872
▁short	4873
▁daga	4874
ເ	4875
▁provides	4876
थ	4877
сын	4878
sjon	4879
sp	4880
▁Pri	4881
igu	4882
▁mere	4883
ян	4884
gga	4885
▁Ben	4886
Na	4887
▁bit	4888
Re	4889
ස්	4890
انی	4891
▁Den	4892
▁din	4893
Ꮸ	4894
▁sì	4895
▁requirements	4896
ӯ	4897
▁белән	4898
مى	4899
रे	4900
Ka	4901
▁dit	4902
▁lege	4903
ier	4904
▁mei	4905
BAR	4906
▁Get	4907
▁ئۇ	4908
▁behold	4909
▁Information	4910
▁chak	4911
tem	4912
గ	4913
سى	4914
▁programme	4915
▁आहे	4916
▁છે	4917
▁letter	4918
lat	4919
ሓ	4920
▁Parliament	4921
▁reg	4922
ġ	4923
▁مو	4924
ਦਾ	4925
▁tënë	4926
▁Ng	4927
▁maintain	4928
▁Holy	4929
▁forward	4930
ير	4931
▁vil	4932
▁respond	4933
▁nakai	4934
ாக	4935
▁energy	4936
▁baka	4937
ཁ	4938
▁ប្រ	4939
▁yâ	4940
▁Ба	4941
▁week	4942
ម្	4943
nyi	4944
jin	4945
▁□	4946
▁pos	4947
*	4948
▁ez	4949
stä	4950
lio	4951
dere	4952
▁legal	4953
tele	4954
mina	4955
ران	4956
▁half	4957
▁του	4958
▁thousand	4959
▁katoa	4960
▁instead	4961
ര്	4962
ന്ന	4963
▁Ak	4964
▁ਦੀ	4965
▁;	4966
▁ил	4967
▁empty	4968
her	4969
▁hy	4970
цәа	4971
▁added	4972
▁cases	4973
▁mark	4974
▁noku	4975
ห	4976
▁10,	4977
▁fl	4978
pò	4979
من	4980
▁loyal	4981
lyk	4982
就	4983
▁#	4984
ڭ	4985
▁remove	4986
▁mama	4987
موو	4988
▁bato	4989
yna	4990
ву	4991
τε	4992
โ	4993
ീ	4994
▁11,	4995
▁ද	4996
fs	4997
cur	4998
▁regular	4999
mun	5000
▁બ	5001
ori	5002
ew	5003
rem	5004
▁kur	5005
ే	5006
▁ε	5007
wn	5008
ril	5009
▁má	5010
cie	5011
kh	5012
▁lin	5013
win	5014
ெ	5015
jú	5016
ող	5017
nos	5018
—	5019
▁dans	5020
ono	5021
▁tenamit	5022
gal	5023
▁Spirit	5024
ਹ	5025
oa	5026
par	5027
oli	5028
▁tele	5029
dina	5030
ட	5031
ց	5032
▁га	5033
▁table	5034
▁supported	5035
▁пар	5036
▁continued	5037
ຸ	5038
用	5039
▁waka	5040
▁default	5041
ూ	5042
का	5043
▁parau	5044
▁pot	5045
స	5046
ּ	5047
▁responsibility	5048
▁mereka	5049
▁iš	5050
▁gain	5051
hin	5052
aha	5053
তে	5054
▁soo	5055
▁normal	5056
▁ການ	5057
▁speaking	5058
lī	5059
▁sort	5060
▁willing	5061
▁Only	5062
bus	5063
▁త	5064
LA	5065
▁asi	5066
pli	5067
sak	5068
▁ကြ	5069
▁ບໍ່	5070
▁pëpe	5071
vita	5072
▁password	5073
▁active	5074
▁მო	5075
▁direct	5076
бе	5077
▁kolo	5078
▁lê	5079
▁effort	5080
▁region	5081
འི་	5082
▁ਦ	5083
▁Ꮒ	5084
▁specified	5085
▁2008	5086
▁cor	5087
▁carry	5088
▁toko	5089
▁kadagiti	5090
ista	5091
▁powerful	5092
第	5093
▁persons	5094
ை	5095
▁International	5096
▁dau	5097
▁لێ	5098
▁wonderful	5099
ған	5100
▁ක	5101
zë	5102
ሱ	5103
▁justice	5104
హ	5105
▁protect	5106
ndan	5107
▁وه	5108
▁Zi	5109
▁icon	5110
ני	5111
▁ӕмӕ	5112
▁confidence	5113
gel	5114
▁physical	5115
が	5116
ታት	5117
না	5118
▁ເຈົ້າ	5119
eti	5120
▁21:	5121
tto	5122
jan	5123
nh	5124
mb	5125
▁hoki	5126
gura	5127
▁ulih	5128
ந்த	5129
lja	5130
▁Мо	5131
▁2006	5132
nner	5133
▁ਕਿ	5134
ті	5135
▁для	5136
▁Im	5137
▁base	5138
▁kami	5139
▁abantu	5140
▁Far	5141
▁kri	5142
સ	5143
ించ	5144
▁big	5145
▁Um	5146
▁fathers	5147
gri	5148
▁check	5149
▁List	5150
▁mba	5151
ario	5152
▁Babylon	5153
▁tene	5154
▁enemies	5155
tari	5156
AR	5157
info	5158
▁tried	5159
▁që	5160
▁প্ৰ	5161
▁thereof	5162
ҩ	5163
▁alt	5164
▁Synchronising	5165
▁2000	5166
▁ran	5167
▁messages	5168
▁sia	5169
▁older	5170
ነት	5171
▁19.	5172
▁eta	5173
وا	5174
ţi	5175
ཆ	5176
▁button	5177
▁According	5178
stel	5179
▁fin	5180
▁Ꮎ	5181
▁tayo	5182
▁building	5183
▁Group	5184
ок	5185
▁Del	5186
▁kona	5187
▁fir	5188
со	5189
▁Time	5190
TA	5191
▁outside	5192
▁ទ	5193
▁12,	5194
▁Ji	5195
स्त	5196
▁तो	5197
▁sega	5198
gara	5199
eki	5200
▁Roma	5201
▁deka	5202
bin	5203
ih	5204
فر	5205
▁add	5206
eren	5207
▁пре	5208
▁بۇ	5209
sent	5210
▁eli	5211
▁accepted	5212
▁hundred	5213
60	5214
ного	5215
▁bread	5216
▁wish	5217
▁risk	5218
▁tena	5219
▁cities	5220
क्ष	5221
xic	5222
nek	5223
▁pat	5224
wò	5225
MA	5226
tive	5227
װ	5228
▁abo	5229
▁ам	5230
چى	5231
vá	5232
OR	5233
ві	5234
▁گفت	5235
tayo	5236
▁Devil	5237
त्	5238
分	5239
▁خداوند	5240
▁anti	5241
▁values	5242
UN	5243
▁pagpa	5244
▁Rather	5245
થ	5246
ҙә	5247
▁blessing	5248
אַ	5249
▁winak	5250
nika	5251
ვი	5252
por	5253
▁Ek	5254
▁ska	5255
▁2007	5256
▁IN	5257
ಭ	5258
者	5259
vas	5260
ძ	5261
▁management	5262
▁prepared	5263
▁amo	5264
itu	5265
ញ	5266
▁destroyed	5267
▁für	5268
▁content	5269
▁individual	5270
ес	5271
▁dire	5272
▁एक	5273
▁condition	5274
የ	5275
▁URL	5276
▁olu	5277
ώ	5278
ạ	5279
▁غ	5280
ӳ	5281
ία	5282
heb	5283
▁бай	5284
ში	5285
ที่	5286
▁inspired	5287
▁beginning	5288
▁Take	5289
Т	5290
ht	5291
EU	5292
ቢ	5293
▁Ε	5294
аи	5295
▁incßaß	5296
▁Op	5297
ingen	5298
ග	5299
定	5300
▁angel	5301
ën	5302
anda	5303
▁helps	5304
К	5305
فت	5306
тӕ	5307
▁19:	5308
▁clearly	5309
ær	5310
▁decided	5311
chß	5312
▁Ana	5313
▁contains	5314
▁സ	5315
лари	5316
ति	5317
▁č	5318
▁treatment	5319
▁prove	5320
ള	5321
▁kad	5322
ዘ	5323
▁event	5324
ରେ	5325
لی	5326
ଚ	5327
შ	5328
▁reasons	5329
▁contra	5330
Ᏺ	5331
ала	5332
所	5333
▁ለ	5334
▁grow	5335
▁happiness	5336
▁nje	5337
त्र	5338
ԥш	5339
▁simple	5340
▁member	5341
nyu	5342
▁2004	5343
▁divine	5344
▁bay	5345
olo	5346
▁throughout	5347
▁uni	5348
▁18:	5349
う	5350
suu	5351
▁favor	5352
40	5353
▁load	5354
▁ഇ	5355
▁Por	5356
▁carried	5357
وع	5358
ń	5359
ding	5360
▁Hebrew	5361
ೆಯ	5362
▁سا	5363
▁develop	5364
▁την	5365
ီ	5366
ून	5367
▁eiloa	5368
▁Аллоҳ	5369
رام	5370
▁advice	5371
▁President	5372
dzo	5373
▁သူ	5374
▁иш	5375
▁၊	5376
kil	5377
шы	5378
ann	5379
▁names	5380
▁Des	5381
ell	5382
ັນ	5383
▁saith	5384
▁auf	5385
kisa	5386
▁afraid	5387
έ	5388
ቕ	5389
sig	5390
▁quix	5391
ई	5392
før	5393
▁sorry	5394
ct	5395
sca	5396
ත	5397
ார்	5398
är	5399
▁caused	5400
▁obu	5401
▁activity	5402
▁transport	5403
▁lahi	5404
భ	5405
ham	5406
jas	5407
▁អ	5408
ole	5409
▁ప	5410
▁Watchtower	5411
▁ground	5412
▁Keep	5413
ੈ	5414
ҵа	5415
▁کیا	5416
ਜ	5417
av	5418
ุ	5419
▁America	5420
生	5421
oso	5422
اح	5423
ท	5424
مۇ	5425
say	5426
▁tupu	5427
▁ли	5428
▁memory	5429
ွ	5430
nut	5431
દ	5432
தி	5433
ერ	5434
▁द	5435
▁ս	5436
▁parts	5437
▁mat	5438
டு	5439
▁Organisation	5440
▁spoken	5441
nza	5442
▁نہ	5443
▁70	5444
▁oti	5445
▁naka	5446
mmer	5447
▁reheb	5448
▁മ	5449
▁spe	5450
ige	5451
▁Tra	5452
▁ತ	5453
ચ	5454
pho	5455
but	5456
▁ши	5457
bang	5458
▁ит	5459
▁km	5460
▁20:	5461
ulu	5462
name	5463
LE	5464
▁component	5465
èl	5466
▁nr	5467
子	5468
ਦ	5469
▁groups	5470
щи	5471
▁Genesis	5472
πο	5473
ূ	5474
ത്	5475
▁aton	5476
▁tôi	5477
▁aid	5478
▁پێ	5479
▁girl	5480
म्	5481
iko	5482
ձ	5483
law	5484
اق	5485
If	5486
▁mang	5487
oma	5488
▁bed	5489
нг	5490
ප	5491
ىدۇ	5492
sä	5493
▁mó	5494
ତ	5495
▁prophecy	5496
▁served	5497
рат	5498
▁пред	5499
ები	5500
▁ili	5501
▁نىڭ	5502
vol	5503
▁seem	5504
်	5505
kun	5506
▁ene	5507
وی	5508
ού	5509
▁judge	5510
▁ئێمه	5511
tzen	5512
จ	5513
zza	5514
Д	5515
▁Eebe	5516
tata	5517
ова	5518
▁jen	5519
▁پس	5520
▁More	5521
▁ት	5522
It	5523
شی	5524
мон	5525
▁Dia	5526
▁laws	5527
ිය	5528
▁20.	5529
եց	5530
ર્	5531
▁ŋu	5532
ნა	5533
ধ	5534
tai	5535
ھا	5536
ची	5537
▁connection	5538
▁ማ	5539
▁வ	5540
च्या	5541
▁Aku	5542
▁lei	5543
enda	5544
▁Instead	5545
յ	5546
▁ə	5547
▁forgive	5548
▁Biz	5549
مة	5550
▁tas	5551
行	5552
ပ	5553
▁2009	5554
▁kara	5555
▁associated	5556
▁sz	5557
ais	5558
▁:	5559
fika	5560
idade	5561
бу	5562
▁idea	5563
নে	5564
▁ነ	5565
▁About	5566
lal	5567
▁Ç	5568
▁bango	5569
▁term	5570
plo	5571
▁alimwi	5572
ዛ	5573
▁masa	5574
ສ	5575
gia	5576
▁maa	5577
ación	5578
rup	5579
▁daily	5580
માં	5581
▁opp	5582
kati	5583
vy	5584
▁issues	5585
ሚ	5586
enti	5587
▁kí	5588
▁36	5589
ही	5590
bile	5591
▁rich	5592
mpu	5593
uru	5594
သည်	5595
▁пул	5596
kwi	5597
یم	5598
▁effective	5599
▁اللہ	5600
▁бе	5601
ep	5602
▁ስ	5603
·	5604
cri	5605
laki	5606
▁22:	5607
kle	5608
ସ	5609
▁క	5610
▁ransom	5611
్య	5612
ӧ	5613
▁ee	5614
ಶ	5615
▁ukuba	5616
भ	5617
cal	5618
▁kó	5619
hal	5620
▁ability	5621
▁une	5622
vez	5623
ín	5624
80	5625
▁maua	5626
ami	5627
was	5628
▁immediately	5629
ቱ	5630
▁offered	5631
chu	5632
This	5633
▁ሓ	5634
hó	5635
Pa	5636
ien	5637
▁passed	5638
▁wuxuu	5639
);	5640
ફ	5641
sini	5642
jë	5643
▁सं	5644
ૂ	5645
▁ngoku	5646
aan	5647
▁blessed	5648
▁tonu	5649
▁rè	5650
▁beautiful	5651
сон	5652
riki	5653
ဲ	5654
▁published	5655
▁45	5656
▁sas	5657
gas	5658
sat	5659
▁пу	5660
rit	5661
▁ö	5662
▁dengan	5663
ദ	5664
▁promises	5665
cija	5666
▁couple	5667
▁Kuma	5668
▁pages	5669
nā	5670
▁version	5671
▁entered	5672
▁drive	5673
▁waxay	5674
pé	5675
▁ир	5676
రా	5677
▁деп	5678
ની	5679
▁ק	5680
▁κ	5681
sum	5682
ão	5683
▁ila	5684
iva	5685
ää	5686
▁să	5687
▁ஆ	5688
Р	5689
▁mem	5690
▁nye	5691
▁wine	5692
ক্ষ	5693
gé	5694
▁lang	5695
▁Ꭱ	5696
naki	5697
▁pala	5698
れ	5699
▁Иисус	5700
▁mini	5701
▁tá	5702
▁entire	5703
▁saray	5704
▁filled	5705
多	5706
gad	5707
rar	5708
пер	5709
ੰ	5710
کار	5711
ધ	5712
▁Folder	5713
ін	5714
▁የሚ	5715
▁June	5716
▁Ol	5717
GA	5718
▁ਕ	5719
gala	5720
▁шә	5721
▁بيش	5722
▁gina	5723
▁omu	5724
▁mí	5725
ठ	5726
▁mid	5727
▁21.	5728
▁Em	5729
dii	5730
▁بھی	5731
්	5732
rra	5733
▁ਬ	5734
▁ýa	5735
▁inform	5736
ਬ	5737
rio	5738
ամ	5739
▁လ	5740
▁High	5741
▁implementation	5742
ġi	5743
▁34	5744
ume	5745
▁Delete	5746
ně	5747
▁~	5748
▁Ber	5749
▁inside	5750
zvi	5751
god	5752
▁tsa	5753
ۋا	5754
nyo	5755
tica	5756
▁violence	5757
▁Н	5758
ուն	5759
sut	5760
ps	5761
▁comp	5762
rama	5763
▁seed	5764
շ	5765
▁presence	5766
▁approach	5767
▁chosen	5768
ering	5769
▁box	5770
▁Ia	5771
▁York	5772
జ	5773
▁families	5774
ዮ	5775
▁computer	5776
ҷ	5777
වා	5778
ຄ	5779
ҵ	5780
▁2005	5781
▁Nor	5782
ден	5783
▁ڪ	5784
▁(1	5785
▁Kom	5786
Ꮻ	5787
▁Thank	5788
cé	5789
▁Ш	5790
EL	5791
kaka	5792
hom	5793
ega	5794
tiv	5795
▁uye	5796
ება	5797
▁ibi	5798
▁affect	5799
▁iba	5800
сене	5801
▁が	5802
▁Io	5803
ਿਆ	5804
тыр	5805
Ᏹ	5806
gos	5807
ներ	5808
▁ম	5809
عا	5810
ete	5811
রা	5812
ज़	5813
ீ	5814
issa	5815
▁Yehuwa	5816
wal	5817
▁Act	5818
ING	5819
king	5820
▁bee	5821
بان	5822
ante	5823
▁إلى	5824
▁տ	5825
tira	5826
▁beyond	5827
▁delivered	5828
himo	5829
▁alive	5830
serv	5831
دان	5832
▁Gin	5833
▁opening	5834
▁bag	5835
ပြ	5836
▁shal	5837
▁white	5838
ڌ	5839
▁initialise	5840
झ	5841
tio	5842
RI	5843
▁Display	5844
དུ	5845
▁ала	5846
▁pain	5847
▁aso	5848
▁pang	5849
ės	5850
ണ	5851
hand	5852
た	5853
SI	5854
▁stated	5855
▁instance	5856
▁ahau	5857
▁kue	5858
▁gold	5859
▁Ꭶ	5860
▁olo	5861
else	5862
▁title	5863
ኖ	5864
▁salvation	5865
▁ሰ	5866
▁copy	5867
tè	5868
ದು	5869
▁pagka	5870
▁ව	5871
▁pare	5872
▁DVD	5873
▁dzi	5874
▁suffer	5875
eu	5876
▁languages	5877
▁ҡа	5878
ӕг	5879
gá	5880
▁របស់	5881
▁stra	5882
▁conscience	5883
ծ	5884
sá	5885
▁kali	5886
urs	5887
kur	5888
ણ	5889
▁च	5890
श्	5891
ួ	5892
▁Still	5893
▁thoughts	5894
তি	5895
ár	5896
▁prison	5897
pit	5898
▁vie	5899
▁Canada	5900
▁product	5901
▁ਵਿਚ	5902
▁Iya	5903
▁iray	5904
▁と	5905
▁desires	5906
▁party	5907
▁options	5908
▁qo	5909
▁mel	5910
▁ralal	5911
ýar	5912
ລ	5913
▁ü	5914
▁ന	5915
▁undo	5916
sil	5917
▁entre	5918
▁fulfilled	5919
CE	5920
▁rawa	5921
ائي	5922
dı	5923
▁വ	5924
lua	5925
ddi	5926
laka	5927
uh	5928
▁ry	5929
▁38	5930
▁inn	5931
nau	5932
RA	5933
ük	5934
18	5935
nger	5936
God	5937
▁jan	5938
▁benefits	5939
llan	5940
▁plus	5941
RE	5942
activ	5943
ّ	5944
▁Cu	5945
misa	5946
him	5947
▁okay	5948
mel	5949
▁kuenda	5950
их	5951
pä	5952
ँ	5953
és	5954
▁náà	5955
мі	5956
dom	5957
тәр	5958
▁guide	5959
lement	5960
▁خا	5961
тел	5962
▁Us	5963
ో	5964
▁naba	5965
ča	5966
лӑх	5967
▁animals	5968
▁16,	5969
гүй	5970
▁Yu	5971
ら	5972
▁Comment	5973
▁July	5974
лӗ	5975
▁acts	5976
ques	5977
ျ	5978
җ	5979
▁concern	5980
▁―	5981
elo	5982
▁Ко	5983
▁moral	5984
▁resources	5985
amma	5986
kku	5987
pek	5988
▁anger	5989
▁suka	5990
ሞ	5991
lap	5992
ಲ್ಲ	5993
▁Web	5994
weni	5995
▁â	5996
hle	5997
తి	5998
▁Sha	5999
▁rela	6000
ary	6001
ছে	6002
sang	6003
▁yoku	6004
via	6005
▁uit	6006
▁calls	6007
ಿಗೆ	6008
جيڪي	6009
ств	6010
Ꮺ	6011
аг	6012
mpe	6013
16	6014
ýär	6015
ហ	6016
ىنى	6017
ছ	6018
▁2010	6019
oga	6020
ɖe	6021
гьы	6022
fia	6023
▁gör	6024
စ်	6025
ىسى	6026
▁described	6027
▁Sie	6028
qqa	6029
▁рас	6030
▁fún	6031
同	6032
▁talking	6033
ības	6034
ઈ	6035
ሙ	6036
ore	6037
▁model	6038
▁explained	6039
ني	6040
ස	6041
▁Surely	6042
▁picture	6043
rei	6044
▁ම	6045
බ	6046
▁practice	6047
▁measure	6048
▁ә	6049
个	6050
mbre	6051
τι	6052
دار	6053
▁built	6054
sis	6055
▁awa	6056
sit	6057
▁global	6058
той	6059
▁ע	6060
▁Close	6061
fat	6062
▁included	6063
ավ	6064
vē	6065
tava	6066
lige	6067
pin	6068
nú	6069
▁ଅ	6070
pfu	6071
leka	6072
ism	6073
▁panel	6074
cce	6075
оз	6076
iku	6077
▁त	6078
▁पा	6079
tung	6080
ಬ	6081
ಜ	6082
▁Page	6083
▁environment	6084
▁بێ	6085
inta	6086
▁tata	6087
еп	6088
խ	6089
่า	6090
์	6091
არ	6092
▁(2)	6093
▁Ᏹ	6094
ап	6095
bij	6096
ڕ	6097
▁Hebrews	6098
▁Great	6099
▁են	6100
▁bya	6101
▁Mis	6102
▁deg	6103
şi	6104
amh	6105
▁वि	6106
去	6107
▁Watch	6108
▁Ха	6109
ologi	6110
sser	6111
kke	6112
▁kö	6113
ယ	6114
▁taata	6115
▁לא	6116
ණ	6117
▁එ	6118
oko	6119
باوه	6120
neqar	6121
end	6122
▁2002	6123
kela	6124
▁mine	6125
ڕه	6126
▁baptism	6127
と	6128
ធ	6129
▁Nzapa	6130
▁Fu	6131
IS	6132
▁kings	6133
▁mua	6134
▁تر	6135
nci	6136
ቸው	6137
▁بود	6138
աս	6139
▁wie	6140
▁Default	6141
fra	6142
▁тур	6143
ಾಗ	6144
ි	6145
লা	6146
ړ	6147
▁ਚ	6148
▁що	6149
▁sar	6150
ड़	6151
سل	6152
▁Envelope	6153
▁आणि	6154
▁ý	6155
▁almost	6156
ство	6157
▁మ	6158
jí	6159
▁basa	6160
▁ū	6161
já	6162
▁এ	6163
▁ກັບ	6164
ி	6165
ור	6166
13	6167
▁ព	6168
eke	6169
ın	6170
▁appear	6171
▁positive	6172
▁බ	6173
▁sick	6174
Do	6175
▁behalf	6176
▁Pharaoh	6177
leni	6178
▁warning	6179
▁reports	6180
বে	6181
▁therein	6182
▁web	6183
▁resolution	6184
ssu	6185
leb	6186
▁Window	6187
▁že	6188
▁cooperation	6189
imh	6190
▁precious	6191
▁な	6192
▁Remember	6193
▁فر	6194
П	6195
ás	6196
ખ	6197
ска	6198
▁את	6199
дӕр	6200
tă	6201
▁informa	6202
▁για	6203
▁شا	6204
ther	6205
ན	6206
▁disk	6207
▁nature	6208
▁Moreover	6209
▁13,	6210
▁vin	6211
▁aon	6212
▁chun	6213
తో	6214
▁मा	6215
لە	6216
▁wy	6217
▁Bethel	6218
▁Scriptural	6219
▁सा	6220
▁də	6221
مە	6222
հ	6223
wie	6224
nit	6225
tuu	6226
What	6227
ния	6228
ති	6229
▁top	6230
▁research	6231
▁tā	6232
▁бул	6233
▁त्या	6234
▁বি	6235
nima	6236
▁break	6237
斯	6238
▁Size	6239
▁ajcuiß	6240
▁points	6241
rna	6242
▁ale	6243
ಂದ	6244
▁destroy	6245
ӷ	6246
▁boy	6247
▁ከም	6248
▁ok	6249
▁बा	6250
▁items	6251
bia	6252
▁pioneer	6253
▁adopted	6254
tres	6255
▁price	6256
▁قىل	6257
gut	6258
▁watch	6259
ayo	6260
డు	6261
بێت	6262
ыс	6263
▁showing	6264
▁кон	6265
▁ຄ	6266
ৱ	6267
.1	6268
▁tê	6269
▁ese	6270
▁speech	6271
▁bê	6272
▁сы	6273
اھ	6274
▁prophets	6275
iem	6276
ዎ	6277
▁expression	6278
▁hati	6279
ort	6280
▁বা	6281
▁church	6282
▁Republic	6283
▁ebi	6284
даг	6285
▁qi	6286
▁რომ	6287
ਜ਼	6288
▁atoa	6289
tina	6290
▁кел	6291
▁tiko	6292
▁इ	6293
▁kapav	6294
ларга	6295
▁без	6296
У	6297
נו	6298
▁tot	6299
▁choice	6300
DE	6301
нә	6302
رات	6303
▁2003	6304
енә	6305
تم	6306
▁fit	6307
▁chief	6308
ొ	6309
են	6310
vers	6311
قۇ	6312
▁مع	6313
▁Germany	6314
な	6315
▁tao	6316
lje	6317
aren	6318
ҙе	6319
رد	6320
awa	6321
▁Number	6322
▁star	6323
▁Pablo	6324
▁ᎠᏂ	6325
▁Message	6326
▁spend	6327
rag	6328
kuru	6329
dje	6330
▁mara	6331
ķ	6332
▁manner	6333
уы	6334
аз	6335
▁wives	6336
ede	6337
▁жи	6338
יר	6339
▁fé	6340
jó	6341
زی	6342
bas	6343
,"	6344
nera	6345
▁ο	6346
▁students	6347
▁sexual	6348
▁recorded	6349
ihi	6350
▁roa	6351
نده	6352
ٹ	6353
ҿы	6354
ᏍᎦ	6355
▁nai	6356
၊	6357
ả	6358
▁Unknown	6359
▁их	6360
▁Pen	6361
ova	6362
igen	6363
▁nem	6364
मा	6365
▁láti	6366
rek	6367
ັດ	6368
▁көр	6369
▁ada	6370
De	6371
က	6372
ད་	6373
▁forget	6374
vat	6375
▁ຫ	6376
▁worked	6377
tul	6378
dh	6379
тр	6380
▁እን	6381
▁ອ	6382
тӑр	6383
▁record	6384
▁auto	6385
uga	6386
аҳ	6387
ట	6388
▁ani	6389
▁ს	6390
▁tsy	6391
cita	6392
▁patient	6393
ർ	6394
Ы	6395
kolo	6396
stand	6397
së	6398
шо	6399
dır	6400
дин	6401
▁finn	6402
▁များ	6403
▁below	6404
sinnaa	6405
ət	6406
▁дә	6407
mala	6408
sè	6409
▁Ag	6410
▁ເຮັດ	6411
Ꮨ	6412
▁images	6413
ité	6414
25	6415
To	6416
تو	6417
▁US	6418
зе	6419
ୋ	6420
tang	6421
bere	6422
▁twa	6423
▁integrity	6424
ike	6425
▁October	6426
dus	6427
raoi	6428
ഭ	6429
▁device	6430
▁Ти	6431
▁mil	6432
ുന്ന	6433
▁سان	6434
lip	6435
▁appreciate	6436
▁Cho	6437
udi	6438
▁koutou	6439
▁Á	6440
▁birth	6441
بار	6442
工作	6443
▁ю	6444
▁Ա	6445
▁000	6446
▁این	6447
▁ᎤᏂ	6448
▁2011	6449
▁hell	6450
▁privilege	6451
▁kre	6452
ป	6453
స్	6454
fana	6455
▁patients	6456
▁trade	6457
▁object	6458
▁ос	6459
ອ	6460
gera	6461
PA	6462
▁minutes	6463
▁experienced	6464
ał	6465
▁ezali	6466
▁করা	6467
▁প্র	6468
kama	6469
kele	6470
age	6471
他	6472
▁Ny	6473
ъёс	6474
یت	6475
lash	6476
▁quickly	6477
▁వ	6478
▁swa	6479
▁influence	6480
▁tali	6481
rah	6482
▁True	6483
pur	6484
ttu	6485
år	6486
▁бор	6487
▁destruction	6488
▁deliver	6489
▁Jeova	6490
ash	6491
يون	6492
лаш	6493
kanga	6494
▁parent	6495
▁original	6496
vor	6497
Sa	6498
ï	6499
▁Give	6500
тен	6501
स्	6502
▁seems	6503
ħa	6504
SA	6505
ཡ	6506
▁ത	6507
▁enable	6508
▁hem	6509
▁response	6510
▁2)	6511
kit	6512
ଦ	6513
nica	6514
စ	6515
▁кө	6516
▁Che	6517
sco	6518
ư	6519
▁፣	6520
ို	6521
▁Hall	6522
phu	6523
▁bra	6524
▁sau	6525
rk	6526
▁sobre	6527
cí	6528
Ꮤ	6529
▁Gal	6530
jem	6531
▁š	6532
ற்ற	6533
▁bakal	6534
▁gro	6535
ෝ	6536
▁Ata	6537
▁આ	6538
▁exercise	6539
▁nel	6540
nı	6541
ਗ	6542
▁Table	6543
ಧ	6544
bə	6545
▁discipline	6546
▁ста	6547
▁eme	6548
▁ole	6549
▁Jeremiah	6550
▁Non	6551
ии	6552
▁Yéhuwa	6553
▁ជ	6554
rung	6555
▁low	6556
ကို	6557
ً	6558
▁ٿي	6559
▁step	6560
dwe	6561
▁Jewish	6562
Ꮄ	6563
▁greatest	6564
ின்	6565
íí	6566
SE	6567
▁ве	6568
sai	6569
▁prop	6570
kli	6571
▁equal	6572
▁Roman	6573
▁proper	6574
▁leyi	6575
▁agi	6576
▁Before	6577
▁Another	6578
ED	6579
▁ص	6580
▁former	6581
ез	6582
▁Th	6583
▁bin	6584
ষ	6585
▁2001	6586
rap	6587
▁Zo	6588
زا	6589
▁encourage	6590
ei	6591
แ	6592
▁өчен	6593
ստ	6594
▁90	6595
▁South	6596
كە	6597
▁kandi	6598
だ	6599
▁য	6600
▁rejoice	6601
▁nuan	6602
வே	6603
▁column	6604
ose	6605
▁element	6606
▁stood	6607
ವು	6608
▁helping	6609
baba	6610
▁йӕ	6611
▁courage	6612
רו	6613
▁completely	6614
▁tha	6615
ሁ	6616
▁March	6617
▁directory	6618
፧	6619
▁January	6620
xu	6621
ຫ	6622
▁Са	6623
▁leswi	6624
▁seeking	6625
▁nyen	6626
▁goes	6627
ྟ	6628
tun	6629
▁tag	6630
▁hari	6631
▁town	6632
قد	6633
▁background	6634
mor	6635
ობ	6636
kani	6637
ئا	6638
▁Sal	6639
▁ئۈچۈن	6640
hold	6641
▁meg	6642
▁sto	6643
▁della	6644
ӡ	6645
▁għall	6646
ئى	6647
tir	6648
14	6649
▁earlier	6650
▁steps	6651
▁xo	6652
բ	6653
ella	6654
ິດ	6655
ಿಯ	6656
ও	6657
Ꭵ	6658
tou	6659
pela	6660
▁expect	6661
मे	6662
zon	6663
▁utai	6664
ай	6665
une	6666
می	6667
ී	6668
▁animal	6669
▁כ	6670
▁sila	6671
ule	6672
▁nona	6673
ڭلار	6674
мер	6675
baka	6676
anta	6677
▁congregations	6678
ູ	6679
▁၏	6680
▁अस	6681
▁Но	6682
▁als	6683
這	6684
▁wà	6685
▁vital	6686
▁কৰা	6687
▁бўл	6688
lú	6689
lles	6690
▁Aaron	6691
▁writing	6692
性	6693
▁loss	6694
şa	6695
gge	6696
▁გა	6697
ည်	6698
▁September	6699
▁Bondye	6700
本	6701
▁private	6702
▁так	6703
جل	6704
▁endure	6705
▁forma	6706
▁hor	6707
▁Eve	6708
rhe	6709
န	6710
▁مه	6711
қәа	6712
GenericName	6713
▁Life	6714
▁så	6715
ោ	6716
▁で	6717
ଶ	6718
▁accounts	6719
▁Messenger	6720
اج	6721
▁ወ	6722
▁Yeesu	6723
▁մի	6724
جه	6725
git	6726
གས	6727
▁importance	6728
▁“%	6729
эг	6730
лэн	6731
▁ann	6732
▁responsible	6733
ານ	6734
پا	6735
entes	6736
ек	6737
too	6738
▁جنھن	6739
▁tongana	6740
iden	6741
يل	6742
ини	6743
▁yara	6744
▁До	6745
▁1)	6746
uda	6747
▁17,	6748
sus	6749
цы	6750
པ	6751
khulu	6752
ټ	6753
▁një	6754
ىڭلار	6755
ောက်	6756
bru	6757
▁running	6758
▁select	6759
kau	6760
▁bug	6761
où	6762
▁تۆ	6763
جي	6764
уу	6765
▁Change	6766
▁Ц	6767
ӡа	6768
▁firm	6769
▁23.	6770
mili	6771
onan	6772
ღ	6773
▁inc	6774
ών	6775
zan	6776
▁kata	6777
kina	6778
TE	6779
▁minister	6780
▁weight	6781
▁ದ	6782
تىن	6783
নি	6784
▁standing	6785
▁iloa	6786
ից	6787
cc	6788
▁eh	6789
▁của	6790
хы	6791
▁Sy	6792
▁кү	6793
▁provision	6794
TI	6795
nka	6796
▁ಪ	6797
▁USA	6798
▁basi	6799
▁नि	6800
yè	6801
ƒe	6802
imi	6803
▁kal	6804
▁trials	6805
▁terms	6806
▁knowing	6807
▁quixye	6808
én	6809
lau	6810
papa	6811
▁ᎥᏝ	6812
▁(1)	6813
▁evening	6814
▁desktop	6815
▁sleep	6816
തി	6817
▁sol	6818
▁val	6819
▁し	6820
▁kā	6821
▁humble	6822
▁Behold	6823
▁ე	6824
▁kuli	6825
▁chapter	6826
MP	6827
▁Make	6828
esi	6829
गा	6830
gere	6831
ਵਾ	6832
Б	6833
ɖo	6834
ಚ	6835
▁شد	6836
ans	6837
▁improve	6838
▁color	6839
һа	6840
▁answers	6841
لة	6842
ları	6843
ica	6844
▁assistance	6845
peri	6846
▁Invalid	6847
▁lia	6848
▁উ	6849
IT	6850
▁вид	6851
ቡ	6852
illu	6853
ン	6854
▁operation	6855
་པ	6856
▁reference	6857
▁گا	6858
▁looked	6859
▁Ꮪ	6860
▁må	6861
സ	6862
▁ڏ	6863
▁major	6864
▁reira	6865
pera	6866
turi	6867
▁aya	6868
pas	6869
vä	6870
lich	6871
ło	6872
▁Also	6873
▁қил	6874
▁camp	6875
▁interests	6876
▁19,	6877
վ	6878
ിക്ക	6879
less	6880
bon	6881
▁Jewova	6882
▁՝	6883
▁Ac	6884
Me	6885
▁niya	6886
意	6887
▁Line	6888
ją	6889
▁note	6890
▁Colour	6891
risi	6892
liga	6893
▁ఇ	6894
ช	6895
ement	6896
нӗ	6897
▁practical	6898
ئی	6899
Mo	6900
▁additional	6901
гі	6902
▁riki	6903
▁juõn	6904
amu	6905
▁кур	6906
▁pressure	6907
得	6908
خا	6909
sana	6910
ವನ್ನು	6911
мат	6912
ڙ	6913
▁gods	6914
▁learning	6915
▁chiru	6916
рі	6917
że	6918
▁ele	6919
▁الس	6920
▁Oo	6921
▁Š	6922
▁probably	6923
ശ	6924
▁quin	6925
dala	6926
▁Files	6927
▁mon	6928
▁cover	6929
vad	6930
جو	6931
ான	6932
▁بار	6933
sing	6934
▁או	6935
fai	6936
▁тата	6937
▁эр	6938
▁bare	6939
▁ami	6940
▁dre	6941
▁nh	6942
يء	6943
▁sus	6944
ства	6945
נט	6946
ரி	6947
str	6948
ice	6949
▁ᎨᏒᎢ	6950
ыны	6951
▁appreciation	6952
کانی	6953
▁شما	6954
▁уый	6955
dó	6956
kpɔ	6957
▁exist	6958
ной	6959
omu	6960
▁exists	6961
▁Que	6962
ৰি	6963
ες	6964
ça	6965
▁karo	6966
▁ahead	6967
▁April	6968
▁تە	6969
▁increased	6970
▁lack	6971
nana	6972
යා	6973
▁Les	6974
▁មាន	6975
аны	6976
uf	6977
ṭ	6978
▁network	6979
ӱ	6980
pati	6981
pai	6982
در	6983
ዊ	6984
ګ	6985
Stock	6986
▁cur	6987
ial	6988
▁spread	6989
▁io	6990
▁بن	6991
–	6992
成	6993
▁ş	6994
klu	6995
ğı	6996
▁lwa	6997
ndar	6998
▁Ṛebbi	6999
想	7000
▁ayo	7001
▁qai	7002
▁cara	7003
▁fre	7004
ጸ	7005
ቃ	7006
▁euro	7007
▁Ur	7008
▁dei	7009
ак	7010
▁jej	7011
ato	7012
ыг	7013
▁theme	7014
▁iku	7015
ூ	7016
▁Xa	7017
▁oil	7018
tten	7019
▁भ	7020
્ય	7021
▁riqßuin	7022
লি	7023
້າ	7024
▁সং	7025
▁што	7026
▁jew	7027
Ko	7028
ći	7029
ལ	7030
▁setting	7031
ST	7032
рак	7033
▁кай	7034
ಷ	7035
ല്ല	7036
သော	7037
misi	7038
什么	7039
های	7040
▁उस	7041
้า	7042
▁دی	7043
也	7044
TO	7045
ǧ	7046
▁hast	7047
ME	7048
▁tam	7049
wara	7050
或	7051
▁screen	7052
ண	7053
▁እቲ	7054
▁2012	7055
▁studies	7056
▁effects	7057
tų	7058
lung	7059
ელ	7060
ğa	7061
ҳәа	7062
▁towards	7063
▁mighty	7064
▁sometimes	7065
▁sword	7066
▁refer	7067
шә	7068
ಗಳ	7069
pá	7070
▁society	7071
▁بىر	7072
ev	7073
៉	7074
हा	7075
▁joß	7076
່າ	7077
▁lose	7078
▁ነው	7079
▁kudu	7080
ᏰᏃ	7081
ୟ	7082
▁Help	7083
▁வி	7084
ྒ	7085
▁բ	7086
都	7087
▁prie	7088
▁قوم	7089
▁brings	7090
tã	7091
нэ	7092
▁турган	7093
▁aware	7094
शा	7095
zé	7096
▁safe	7097
▁80	7098
nam	7099
▁sọ	7100
вар	7101
linga	7102
▁safety	7103
▁basic	7104
vent	7105
▁purposes	7106
rà	7107
▁oli	7108
▁vun	7109
̃	7110
▁گے	7111
ᏪᏎ	7112
▁Print	7113
▁ລ	7114
▁proved	7115
AT	7116
▁ас	7117
mera	7118
于	7119
จะ	7120
▁Kristian	7121
▁realize	7122
▁më	7123
▁invited	7124
▁cikin	7125
▁=	7126
▁aomata	7127
Di	7128
▁kasi	7129
▁има	7130
kti	7131
▁Having	7132
▁community	7133
sas	7134
▁begin	7135
▁Nya	7136
▁ɖe	7137
ient	7138
▁mati	7139
▁valid	7140
шта	7141
hua	7142
▁ئێوه	7143
ụrụ	7144
క్	7145
يد	7146
▁Saksi	7147
▁selection	7148
▁Musa	7149
ус	7150
▁тә	7151
▁dalam	7152
isti	7153
▁pati	7154
▁зна	7155
ें	7156
▁reflect	7157
dal	7158
▁saya	7159
რთ	7160
▁bana	7161
▁goal	7162
▁mali	7163
▁Anij	7164
▁win	7165
reg	7166
reke	7167
ಾದ	7168
gram	7169
▁biso	7170
▁godly	7171
▁minn	7172
▁fua	7173
ալ	7174
▁ан	7175
▁fia	7176
tzß	7177
▁eki	7178
▁турар	7179
ڑ	7180
ӕр	7181
▁2013	7182
sty	7183
dhi	7184
▁ça	7185
න්න	7186
New	7187
▁σ	7188
▁dili	7189
▁Enable	7190
▁entry	7191
yd	7192
▁Алла	7193
ade	7194
fn	7195
▁՞	7196
στ	7197
▁sch	7198
тив	7199
▁systems	7200
▁ນັ້ນ	7201
▁ik	7202
▁ఎ	7203
onse	7204
▁EUR	7205
▁aha	7206
чу	7207
▁گه	7208
▁ino	7209
ଳ	7210
▁ಪ್ರ	7211
▁Rom	7212
▁exp	7213
▁interested	7214
ated	7215
▁iman	7216
რა	7217
pot	7218
▁prayed	7219
nun	7220
▁Next	7221
▁ike	7222
▁الب	7223
▁eius	7224
▁faire	7225
မ်း	7226
主	7227
▁που	7228
▁Jiihóvah	7229
iste	7230
તા	7231
▁Ни	7232
▁ikai	7233
▁thousands	7234
▁biz	7235
ական	7236
▁Har	7237
▁דער	7238
▁bere	7239
уп	7240
▁lâ	7241
try	7242
▁seeing	7243
եւ	7244
▁بکه	7245
▁ᎤᎾ	7246
▁articles	7247
্ব	7248
▁gathered	7249
17	7250
▁teie	7251
▁ని	7252
նչ	7253
ێکی	7254
سته	7255
ების	7256
▁Start	7257
▁bara	7258
рав	7259
ພ	7260
mite	7261
تل	7262
ania	7263
▁برای	7264
▁nama	7265
▁sti	7266
encia	7267
nomi	7268
▁té	7269
▁الإ	7270
▁front	7271
▁kolā	7272
▁+	7273
Ᏸ	7274
▁эш	7275
▁μ	7276
ात	7277
▁reported	7278
▁thu	7279
▁story	7280
maki	7281
▁sum	7282
lot	7283
▁disease	7284
▁ਦਾ	7285
каз	7286
▁ል	7287
ਚ	7288
▁q	7289
▁ɣer	7290
▁Government	7291
▁forgiveness	7292
зо	7293
▁Last	7294
▁Jesu	7295
▁tout	7296
▁એ	7297
▁workers	7298
▁bat	7299
Ba	7300
▁ор	7301
▁Tusi	7302
▁Decision	7303
୍ୟ	7304
әр	7305
▁Tab	7306
ん	7307
能	7308
▁settings	7309
▁Find	7310
zera	7311
tivo	7312
ид	7313
▁ons	7314
▁prepare	7315
▁November	7316
で	7317
▁leis	7318
erunt	7319
ٺ	7320
▁წ	7321
▁rate	7322
ció	7323
mí	7324
▁Court	7325
▁પ	7326
▁घ	7327
ți	7328
▁tabata	7329
▁ро	7330
▁goals	7331
yag	7332
▁Bir	7333
riri	7334
ട്ട	7335
ungen	7336
сси	7337
aku	7338
▁production	7339
sek	7340
नी	7341
die	7342
ôl	7343
▁discuss	7344
▁asking	7345
▁zvi	7346
▁walking	7347
laga	7348
»,	7349
gat	7350
▁nji	7351
▁xuku	7352
wul	7353
▁izi	7354
▁worldwide	7355
▁nach	7356
▁regional	7357
▁37	7358
Ꮴ	7359
kiri	7360
▁pē	7361
▁enemy	7362
▁ita	7363
cial	7364
ndre	7365
rif	7366
gne	7367
▁ore	7368
▁wọn	7369
Stencils	7370
bbi	7371
▁manma	7372
▁ໃດ	7373
ndaka	7374
▁Ö	7375
▁mbo	7376
lë	7377
mä	7378
ddu	7379
Jehovah	7380
ande	7381
ਸਾ	7382
▁bodies	7383
▁న	7384
αν	7385
wat	7386
มา	7387
ಸ್	7388
▁Й	7389
▁mari	7390
idae	7391
▁เ	7392
ида	7393
ұ	7394
zwi	7395
她	7396
▁prevent	7397
▁زمین	7398
▁property	7399
על	7400
▁Yakuwa	7401
ергә	7402
▁dar	7403
▁Love	7404
▁granted	7405
ኡ	7406
Ꮝ	7407
看	7408
▁kõn	7409
cen	7410
这	7411
▁iyang	7412
ema	7413
нине	7414
▁Pictures	7415
▁mili	7416
▁applications	7417
ET	7418
▁expressed	7419
利	7420
▁ກໍ	7421
▁regularly	7422
toj	7423
理	7424
▁ਜ	7425
▁Convention	7426
▁particularly	7427
制	7428
swa	7429
▁Kan	7430
▁что	7431
DA	7432
guna	7433
ắ	7434
biri	7435
jā	7436
ယ်	7437
▁link	7438
ppa	7439
hang	7440
flu	7441
dad	7442
زى	7443
▁പ്ര	7444
tò	7445
हि	7446
አ	7447
▁encouraged	7448
ეთ	7449
▁მი	7450
ৃ	7451
▁books	7452
αι	7453
skap	7454
بي	7455
▁vanhu	7456
▁Tapu	7457
rab	7458
ating	7459
▁manush	7460
یر	7461
▁queß	7462
▁ແ	7463
▁yee	7464
କା	7465
ු	7466
▁eight	7467
▁Others	7468
里	7469
▁айт	7470
zel	7471
▁autem	7472
apa	7473
▁currently	7474
ї	7475
▁Au	7476
▁kä	7477
▁Pag	7478
nova	7479
最	7480
▁Import	7481
▁pis	7482
▁elder	7483
bí	7484
mark	7485
Ꮜ	7486
▁principle	7487
▁fana	7488
▁branch	7489
دة	7490
▁^	7491
▁jin	7492
▁Hence	7493
▁Settings	7494
▁haere	7495
bis	7496
▁ра	7497
py	7498
▁Аллаһ	7499
▁import	7500
▁sig	7501
▁18,	7502
дол	7503
▁Библи	7504
ଧ	7505
▁Auto	7506
ற	7507
bantu	7508
▁tera	7509
raj	7510
▁Kuri	7511
ଖ	7512
ရာ	7513
▁Ste	7514
▁pana	7515
▁code	7516
▁displayed	7517
niya	7518
▁22.	7519
▁η	7520
▁uru	7521
▁uu	7522
▁ນີ້	7523
▁мӗн	7524
My	7525
zyi	7526
bânu	7527
▁online	7528
▁ṣ	7529
dang	7530
rri	7531
▁mountains	7532
ذا	7533
ugu	7534
jy	7535
▁фӕ	7536
▁ud	7537
luka	7538
▁Val	7539
ments	7540
▁komp	7541
▁bw	7542
τη	7543
ಟ	7544
▁हैं	7545
లి	7546
く	7547
▁mer	7548
▁àti	7549
▁ክ	7550
sión	7551
mission	7552
▁developed	7553
▁ger	7554
▁কৰক	7555
▁უ	7556
္	7557
US	7558
ᏍᏓ	7559
dam	7560
▁რა	7561
▁akon	7562
ော	7563
委员会	7564
ភ	7565
▁কি	7566
▁late	7567
uku	7568
▁Each	7569
▁music	7570
▁rumal	7571
▁tei	7572
▁lies	7573
▁мен	7574
col	7575
▁અ	7576
ging	7577
ota	7578
ভ	7579
nso	7580
▁വി	7581
ets	7582
▁details	7583
▁خه	7584
muli	7585
ζ	7586
ിയ	7587
dro	7588
▁ط	7589
ius	7590
▁leaders	7591
EG	7592
▁vision	7593
▁nèk	7594
fec	7595
▁ನ	7596
્યા	7597
ზე	7598
▁না	7599
▁archive	7600
▁الح	7601
▁aho	7602
သို့	7603
▁سر	7604
shobora	7605
چا	7606
▁recent	7607
▁lai	7608
▁Ap	7609
ᎯᏳ	7610
▁explain	7611
可	7612
▁ደ	7613
▁Perhaps	7614
▁explains	7615
▁harm	7616
部	7617
▁24.	7618
gno	7619
▁eine	7620
▁darkness	7621
其	7622
▁же	7623
دي	7624
▁raz	7625
Be	7626
说	7627
▁हम	7628
▁attend	7629
▁менен	7630
ኑ	7631
▁expected	7632
▁Бу	7633
ನೆ	7634
swe	7635
▁Isi	7636
gawa	7637
ví	7638
רי	7639
▁dig	7640
▁դ	7641
▁الج	7642
▁الع	7643
▁пӗр	7644
国家	7645
▁ireo	7646
▁bet	7647
▁Худо	7648
RO	7649
enza	7650
тир	7651
▁Tim	7652
dio	7653
żi	7654
ୀ	7655
soq	7656
mã	7657
▁менән	7658
añ	7659
▁volume	7660
NI	7661
▁negative	7662
▁naj	7663
▁Enter	7664
▁بول	7665
illa	7666
ٽ	7667
▁ƒe	7668
▁court	7669
▁мин	7670
kora	7671
▁sereta	7672
დი	7673
ై	7674
▁ئۇلارنىڭ	7675
▁verily	7676
لو	7677
lenge	7678
▁वा	7679
▁manga	7680
kã	7681
ορ	7682
▁foreign	7683
▁ព្រះ	7684
▁grand	7685
▁previous	7686
▁mina	7687
AM	7688
▁Assembly	7689
ить	7690
▁nisi	7691
ું	7692
▁lalu	7693
دی	7694
টি	7695
▁Ali	7696
▁nuk	7697
taj	7698
▁Et	7699
mě	7700
▁becoming	7701
ř	7702
▁road	7703
ход	7704
siya	7705
ph	7706
▁mə	7707
▁lalolagi	7708
ls	7709
jon	7710
ði	7711
âl	7712
▁task	7713
sie	7714
▁ben	7715
▁వి	7716
bla	7717
▁dwell	7718
▁hurt	7719
っ	7720
ውን	7721
IM	7722
ക്ഷ	7723
▁2014	7724
ທ	7725
▁nit	7726
▁Tau	7727
▁għal	7728
▁multi	7729
▁दि	7730
▁dialogue	7731
▁Asia	7732
▁Ꮣ	7733
color	7734
▁range	7735
▁lä	7736
ξ	7737
piri	7738
ਧ	7739
▁challenge	7740
▁spent	7741
ñu	7742
▁hoko	7743
ase	7744
ঁ	7745
▁aus	7746
ക്ക്	7747
ትን	7748
▁nia	7749
inne	7750
ണ്ട	7751
▁blind	7752
▁aron	7753
ள	7754
▁hende	7755
▁mü	7756
▁Later	7757
▁feeling	7758
ਪ	7759
neq	7760
▁battle	7761
明	7762
▁cost	7763
Ο	7764
сі	7765
rij	7766
ཐ	7767
▁się	7768
से	7769
ሽ	7770
▁Copy	7771
▁occurred	7772
▁limited	7773
▁Č	7774
▁sit	7775
ਰਾ	7776
▁जो	7777
▁Joshua	7778
ಟ್ಟ	7779
obo	7780
▁ան	7781
سە	7782
▁Ì	7783
naan	7784
▁Đ	7785
▁challenges	7786
▁Ꮥ	7787
▁mani	7788
kile	7789
▁tabe	7790
▁3)	7791
ะ	7792
noa	7793
▁Thou	7794
那	7795
▁bien	7796
nì	7797
▁39	7798
▁taku	7799
ном	7800
新	7801
▁psalmist	7802
▁significant	7803
EF	7804
ኛ	7805
▁мө	7806
与	7807
pal	7808
▁Home	7809
wiri	7810
nim	7811
▁species	7812
▁କରନ୍ତୁ	7813
▁review	7814
▁agreement	7815
ृ	7816
▁weeks	7817
▁នៅ	7818
▁Tuhan	7819
inna	7820
▁από	7821
bé	7822
اي	7823
▁growth	7824
▁кешеләр	7825
▁loku	7826
▁windows	7827
вед	7828
▁мар	7829
onga	7830
ҙы	7831
▁covered	7832
70	7833
ັບ	7834
бә	7835
тын	7836
▁bú	7837
ష	7838
nc	7839
▁context	7840
▁dir	7841
▁pure	7842
▁ƙ	7843
tụ	7844
▁kati	7845
ან	7846
▁Min	7847
vr	7848
▁parte	7849
▁ပ	7850
▁Ter	7851
hur	7852
▁ፍ	7853
La	7854
▁tenei	7855
▁height	7856
▁includes	7857
▁শ	7858
▁kaya	7859
▁occasion	7860
▁usually	7861
▁یا	7862
并	7863
▁lau	7864
▁`%	7865
▁col	7866
хь	7867
▁nzoni	7868
дор	7869
▁може	7870
▁съ	7871
പ്പ	7872
▁پالڻھار	7873
▁اپنے	7874
▁vel	7875
▁кун	7876
▁earthly	7877
bes	7878
ధ	7879
▁Test	7880
▁Note	7881
aya	7882
▁patience	7883
▁1914	7884
sje	7885
▁dhi	7886
▁စ	7887
▁existing	7888
▁rave	7889
▁файл	7890
వు	7891
▁foretold	7892
िक	7893
تۇر	7894
▁Leza	7895
tico	7896
ŋ	7897
rai	7898
▁statement	7899
nel	7900
beni	7901
ധ	7902
▁Verily	7903
▁ምስ	7904
کرد	7905
؛	7906
▁papa	7907
▁אני	7908
▁ကျ	7909
▁Witness	7910
lā	7911
मान	7912
ggi	7913
zima	7914
నే	7915
▁baby	7916
çe	7917
▁ಎ	7918
▁staff	7919
▁ល	7920
ಗೆ	7921
cos	7922
▁rech	7923
சி	7924
▁אין	7925
بن	7926
▁ដ	7927
▁committed	7928
tī	7929
దు	7930
ઓ	7931
xt	7932
▁site	7933
ది	7934
▁thanks	7935
▁III	7936
▁và	7937
▁اسان	7938
saa	7939
irt	7940
▁moving	7941
vir	7942
▁Jésus	7943
▁kõm	7944
uit	7945
▁ito	7946
ża	7947
ав	7948
▁rey	7949
ред	7950
▁Kana	7951
ισ	7952
49	7953
▁sunt	7954
بل	7955
▁sai	7956
▁anne	7957
▁font	7958
tiva	7959
▁opera	7960
时	7961
▁Sin	7962
ौ	7963
ဝ	7964
▁neque	7965
▁applied	7966
▁lingbi	7967
▁ula	7968
▁ပါ	7969
▁ने	7970
▁gü	7971
بت	7972
▁todo	7973
▁tahi	7974
▁Ask	7975
▁tells	7976
иши	7977
▁wara	7978
▁Alkitab	7979
▁produkt	7980
tɔ	7981
tü	7982
▁nako	7983
OS	7984
▁secret	7985
кән	7986
01	7987
tero	7988
வி	7989
▁мә	7990
▁assignment	7991
ຖ	7992
▁Ул	7993
▁ky	7994
ែ	7995
▁Ե	7996
▁dapat	7997
▁wealth	7998
▁ite	7999
▁râ	8000
▁requires	8001
rika	8002
ี	8003
ние	8004
▁wonder	8005
▁bab	8006
▁vari	8007
▁زیرا	8008
ight	8009
iriza	8010
▁Ale	8011
ま	8012
75	8013
jja	8014
nung	8015
▁imperfect	8016
▁ခ	8017
ous	8018
റ്റ	8019
▁өсөн	8020
üm	8021
▁42	8022
▁ໃຈ	8023
gung	8024
▁assigned	8025
▁waiting	8026
▁bre	8027
ම්	8028
గు	8029
▁قو	8030
▁midst	8031
يق	8032
▁spo	8033
ffer	8034
▁Euro	8035
lju	8036
▁black	8037
ум	8038
(1)	8039
тэ	8040
▁គ	8041
ско	8042
▁directly	8043
▁44	8044
▁ры	8045
bba	8046
គ	8047
۔	8048
▁Which	8049
▁ත	8050
нан	8051
າຍ	8052
▁mahi	8053
siku	8054
▁qua	8055
▁ᎤᏁᎳᏅᎯ	8056
эд	8057
▁unless	8058
ຊ	8059
èn	8060
дын	8061
▁биле	8062
ন্ত	8063
▁Π	8064
▁thank	8065
▁Bri	8066
▁တို့	8067
▁تنھن	8068
skri	8069
▁१	8070
▁Κ	8071
DI	8072
▁placed	8073
很	8074
bula	8075
atsi	8076
ности	8077
▁quite	8078
wɔ	8079
Da	8080
▁bantu	8081
সে	8082
эм	8083
▁Bra	8084
▁success	8085
kala	8086
▁correct	8087
▁rise	8088
▁他	8089
ス	8090
▁ໂ	8091
pis	8092
بی	8093
▁ڀ	8094
hita	8095
zı	8096
nyika	8097
యు	8098
miş	8099
خوا	8100
▁नहीं	8101
rsa	8102
▁chque	8103
▁ndzi	8104
್ರ	8105
hanga	8106
med	8107
plika	8108
▁xin	8109
bong	8110
ಂ	8111
▁اگر	8112
▁Ban	8113
lula	8114
obu	8115
nih	8116
ରି	8117
▁20,	8118
ху	8119
▁જ	8120
▁uses	8121
▁faata	8122
vala	8123
▁bli	8124
▁аст	8125
▁ផ្	8126
ъя	8127
អ	8128
hai	8129
▁ላይ	8130
sim	8131
▁queßx	8132
▁των	8133
asyon	8134
аар	8135
ः	8136
лыҡ	8137
▁nini	8138
таш	8139
▁ind	8140
mie	8141
ful	8142
▁rahi	8143
▁кор	8144
▁Really	8145
▁reached	8146
▁gel	8147
yuda	8148
▁נ	8149
fun	8150
▁ফ	8151
▁pò	8152
dyr	8153
يم	8154
▁hana	8155
▁جس	8156
▁higher	8157
▁fili	8158
All	8159
lf	8160
▁گو	8161
وت	8162
▁فه	8163
ዚ	8164
аж	8165
▁manifest	8166
▁percent	8167
▁کرده	8168
▁oia	8169
ကြ	8170
▁amu	8171
ປະ	8172
▁telā	8173
ções	8174
תי	8175
ไป	8176
ፋ	8177
▁function	8178
▁ț	8179
ів	8180
▁seg	8181
▁wind	8182
▁aw	8183
▁улар	8184
▁police	8185
▁asa	8186
veni	8187
▁gud	8188
▁Children	8189
ាប់	8190
▁master	8191
rī	8192
રી	8193
▁army	8194
▁ké	8195
▁waters	8196
▁personality	8197
vali	8198
idi	8199
▁Ýehowa	8200
sik	8201
tino	8202
▁otro	8203
સ્	8204
▁handle	8205
ongo	8206
och	8207
лт	8208
▁gid	8209
kter	8210
▁दे	8211
прав	8212
▁malo	8213
▁manager	8214
▁פ	8215
▁پنھنجي	8216
ies	8217
rere	8218
mod	8219
▁jeh	8220
ندڙ	8221
nei	8222
ություն	8223
家	8224
င့်	8225
ơ	8226
ඩ	8227
αρ	8228
▁upp	8229
нал	8230
名	8231
▁ак	8232
▁እዚ	8233
ىل	8234
nal	8235
▁delete	8236
▁rejected	8237
став	8238
▁ਹੋ	8239
फ	8240
inda	8241
லை	8242
▁gar	8243
▁È	8244
▁uiga	8245
▁Desktop	8246
▁fish	8247
▁مۇ	8248
աղ	8249
▁Paradise	8250
▁territory	8251
▁ava	8252
LI	8253
ਹਾ	8254
▁capacity	8255
▁cap	8256
mmi	8257
▁card	8258
ᏗᏱ	8259
▁media	8260
▁Ano	8261
دم	8262
▁mada	8263
▁Ndi	8264
▁אַ	8265
▁approval	8266
▁examine	8267
▁ont	8268
ject	8269
▁punkt	8270
ια	8271
▁waar	8272
ža	8273
▁teachings	8274
▁ପ୍ର	8275
kas	8276
▁linga	8277
▁бис	8278
መን	8279
▁anthu	8280
EK	8281
▁dra	8282
▁loves	8283
▁amb	8284
▁nin	8285
ные	8286
مي	8287
cas	8288
вет	8289
▁ando	8290
[	8291
▁maha	8292
لەر	8293
ێک	8294
▁pār	8295
పు	8296
▁ай	8297
▁loko	8298
▁agree	8299
نگ	8300
ssel	8301
бр	8302
cili	8303
▁уи	8304
▁වි	8305
▁sini	8306
▁خۆ	8307
▁millions	8308
▁character	8309
igh	8310
▁või	8311
fici	8312
▁bata	8313
ngga	8314
يات	8315
ος	8316
▁mangi	8317
գ	8318
▁კ	8319
న్న	8320
UE	8321
▁extra	8322
▁promote	8323
▁mountain	8324
saka	8325
side	8326
▁vien	8327
▁produce	8328
▁rei	8329
ngela	8330
▁harmony	8331
ებს	8332
▁tume	8333
CH	8334
▁closer	8335
tuma	8336
▁tangata	8337
▁Ò	8338
рен	8339
▁doctor	8340
ئه	8341
maga	8342
▁mà	8343
▁train	8344
▁hel	8345
▁unity	8346
▁نی	8347
ador	8348
▁Katonda	8349
▁ā	8350
▁Suku	8351
▁1999	8352
▁ship	8353
▁imo	8354
▁taka	8355
mate	8356
88	8357
▁ຫຼາຍ	8358
ᏍᎬ	8359
▁guard	8360
▁ປ	8361
▁Jiova	8362
কা	8363
▁Two	8364
▁aro	8365
▁guy	8366
▁மு	8367
▁sha	8368
▁55	8369
自	8370
▁Click	8371
ვე	8372
ání	8373
▁ನಿ	8374
ները	8375
nay	8376
▁స	8377
gina	8378
▁zva	8379
rü	8380
сэн	8381
▁civil	8382
ھە	8383
▁pal	8384
▁sky	8385
leen	8386
ეს	8387
▁Col	8388
▁lelei	8389
▁tool	8390
▁mā	8391
▁פֿו	8392
▁só	8393
▁Kor	8394
发	8395
here	8396
▁id	8397
▁grateful	8398
рам	8399
▁Check	8400
ře	8401
▁tongue	8402
bò	8403
uv	8404
▁ବ	8405
▁pada	8406
▁dro	8407
were	8408
▁Mag	8409
▁hei	8410
▁بىز	8411
сгьы	8412
som	8413
izi	8414
மா	8415
iwa	8416
sc	8417
rian	8418
ctor	8419
lisi	8420
ជ	8421
ным	8422
vos	8423
▁ایک	8424
ළ	8425
ዲ	8426
▁opinion	8427
▁Α	8428
▁deny	8429
▁уч	8430
ىدىغان	8431
▁جب	8432
▁kepada	8433
gamba	8434
▁Σ	8435
▁egy	8436
చి	8437
దా	8438
▁Mer	8439
མ་	8440
سی	8441
بە	8442
ڕێ	8443
▁rar	8444
▁Mana	8445
सा	8446
▁raise	8447
қи	8448
hamba	8449
sche	8450
▁Shi	8451
▁тө	8452
▁22,	8453
▁eku	8454
▁yes	8455
ਰੀ	8456
▁Inter	8457
▁זה	8458
▁pin	8459
ings	8460
kua	8461
្ល	8462
▁iek	8463
▁زۆر	8464
haka	8465
▁tè	8466
▁host	8467
▁outou	8468
▁Pas	8469
ual	8470
سان	8471
jana	8472
▁Kau	8473
гар	8474
▁noted	8475
әт	8476
▁TO	8477
▁সা	8478
tr	8479
▁ane	8480
ຈ	8481
▁Han	8482
▁عن	8483
▁ide	8484
▁moment	8485
ူ	8486
list	8487
▁ਨੇ	8488
▁amene	8489
▁ئىش	8490
▁যা	8491
ību	8492
▁пра	8493
ċe	8494
ves	8495
pass	8496
ӑш	8497
Ꭷ	8498
wini	8499
▁ու	8500
▁hearing	8501
▁Nie	8502
тап	8503
▁saka	8504
uj	8505
θε	8506
▁procedure	8507
bbli	8508
▁Options	8509
▁సం	8510
▁situations	8511
ура	8512
▁presented	8513
रो	8514
▁lands	8515
▁compassion	8516
luar	8517
ුව	8518
ల్	8519
▁Йәһүә	8520
▁hun	8521
lò	8522
▁silver	8523
usta	8524
▁Sidi	8525
eva	8526
▁France	8527
nju	8528
▁için	8529
▁keeping	8530
▁Art	8531
വാ	8532
▁在	8533
后	8534
▁Анцәа	8535
gama	8536
ۈر	8537
▁mû	8538
ыу	8539
▁дӕр	8540
tsu	8541
▁តើ	8542
▁Mas	8543
ნი	8544
▁ሕ	8545
▁ז	8546
bad	8547
hte	8548
▁Every	8549
▁جان	8550
tî	8551
cë	8552
▁Tohi	8553
▁די	8554
ښ	8555
▁taa	8556
▁tribulation	8557
ٿ	8558
24	8559
▁crowd	8560
▁bro	8561
ပ်	8562
singa	8563
▁nínú	8564
kù	8565
▁ла	8566
▁मु	8567
ýan	8568
maz	8569
「	8570
▁express	8571
▁lesson	8572
▁koya	8573
kia	8574
▁unknown	8575
▁sovereignty	8576
▁ກ	8577
▁مە	8578
▁Sh	8579
▁Nevertheless	8580
sya	8581
pel	8582
▁paid	8583
▁separate	8584
▁whoever	8585
mula	8586
▁prze	8587
ӕд	8588
▁doon	8589
vid	8590
▁gali	8591
▁Ы	8592
tigi	8593
դ	8594
▁هیچ	8595
▁guided	8596
dha	8597
▁करू	8598
▁posi	8599
ື	8600
▁ord	8601
▁Date	8602
还	8603
▁iş	8604
▁qual	8605
▁practices	8606
▁encouragement	8607
▁parties	8608
buh	8609
key	8610
اع	8611
ាយ	8612
▁Over	8613
▁Treaty	8614
LO	8615
ቦ	8616
▁daughters	8617
▁kõ	8618
▁technical	8619
▁پو	8620
fí	8621
▁naan	8622
▁ত	8623
قان	8624
ኻ	8625
او	8626
▁toto	8627
▁ส	8628
▁À	8629
jak	8630
▁although	8631
uc	8632
ப்	8633
ამ	8634
▁diad	8635
our	8636
▁учун	8637
▁seki	8638
▁ที่	8639
تي	8640
▁Gre	8641
дон	8642
▁Security	8643
▁Kua	8644
方	8645
ില്ല	8646
▁Location	8647
rze	8648
▁Mount	8649
rok	8650
hir	8651
dhe	8652
кер	8653
λα	8654
ут	8655
▁ngagai	8656
ბ	8657
ության	8658
▁produ	8659
▁від	8660
▁ጥ	8661
heid	8662
uin	8663
▁ñi	8664
▁یه	8665
▁ခဲ့	8666
95	8667
▁dedicated	8668
ल्	8669
▁decide	8670
《	8671
üt	8672
ቶ	8673
▁sat	8674
▁Kar	8675
▁documents	8676
ێت	8677
lagi	8678
det	8679
KA	8680
▁broken	8681
▁Minister	8682
45	8683
ጻ	8684
ած	8685
ایه	8686
ᏍᎪ	8687
▁Се	8688
gana	8689
ңа	8690
▁Nama	8691
lad	8692
ുള്ള	8693
وس	8694
bera	8695
▁თ	8696
һы	8697
▁δ	8698
ائين	8699
তা	8700
yp	8701
▁anh	8702
▁configuration	8703
ജ	8704
KO	8705
▁Sun	8706
▁وي	8707
лап	8708
▁siya	8709
▁www	8710
▁medical	8711
」	8712
ൊ	8713
ibwa	8714
▁cuanqueb	8715
tag	8716
▁sake	8717
gā	8718
కి	8719
▁root	8720
stav	8721
دۇ	8722
vre	8723
▁Stop	8724
▁bio	8725
UR	8726
rau	8727
enge	8728
niň	8729
▁cre	8730
▁radio	8731
meri	8732
lega	8733
kita	8734
ᏤᎵ	8735
umi	8736
▁Sara	8737
ngen	8738
▁teu	8739
▁stone	8740
šanas	8741
▁Ә	8742
ип	8743
▁ẹ	8744
▁wana	8745
бер	8746
▁មិន	8747
体	8748
rán	8749
▁Vu	8750
▁દ	8751
▁Yi	8752
▁Fire	8753
▁Ph	8754
Ꮼ	8755
▁મ	8756
áil	8757
▁developing	8758
lect	8759
το	8760
gay	8761
bone	8762
▁ohun	8763
az	8764
ков	8765
▁fill	8766
ър	8767
▁taua	8768
▁numa	8769
▁«%	8770
tini	8771
ette	8772
▁тесе	8773
нын	8774
▁ᎢᏳ	8775
85	8776
▁capital	8777
mint	8778
alu	8779
▁кара	8780
rant	8781
sı	8782
▁ярат	8783
kker	8784
▁نو	8785
▁glad	8786
ləri	8787
آ	8788
▁Office	8789
יש	8790
nà	8791
▁military	8792
ခ	8793
ngisa	8794
blo	8795
▁exactly	8796
▁Ah	8797
▁costs	8798
MI	8799
oto	8800
ế	8801
▁mod	8802
bara	8803
مر	8804
▁homes	8805
▁người	8806
▁และ	8807
ას	8808
▁өөр	8809
▁bez	8810
▁Gen	8811
ಲ್ಲಿ	8812
▁jas	8813
тон	8814
өт	8815
lley	8816
▁ngir	8817
▁Matt	8818
▁gö	8819
ထ	8820
▁waste	8821
ҟ	8822
hor	8823
ရှ	8824
ræ	8825
▁hogy	8826
▁ਹ	8827
▁aux	8828
▁ïa	8829
▁של	8830
》	8831
▁Messiah	8832
▁fail	8833
▁pè	8834
ақ	8835
rua	8836
ər	8837
▁hidden	8838
▁zijn	8839
maka	8840
cto	8841
әк	8842
ļ	8843
▁kya	8844
gaan	8845
▁ი	8846
面	8847
▁fulfillment	8848
ံ	8849
rica	8850
àn	8851
▁iho	8852
▁ა	8853
ларни	8854
▁pres	8855
▁vona	8856
▁tona	8857
▁taotao	8858
bala	8859
▁onto	8860
▁قىلغان	8861
▁Asa	8862
▁humility	8863
kay	8864
acht	8865
わ	8866
▁ھا	8867
əm	8868
▁nagpa	8869
ং	8870
▁communication	8871
ាន	8872
▁sacrifices	8873
▁đã	8874
ös	8875
▁allows	8876
▁contrast	8877
▁convention	8878
prim	8879
▁دل	8880
ını	8881
▁پھر	8882
▁hulle	8883
▁household	8884
hun	8885
▁February	8886
▁ਅਤੇ	8887
吧	8888
▁кар	8889
▁чу	8890
oka	8891
▁SONGS	8892
▁Though	8893
▁Mari	8894
kum	8895
tū	8896
ለው	8897
▁48	8898
lema	8899
dno	8900
▁mapa	8901
▁Tre	8902
66	8903
▁Nan	8904
pak	8905
▁Maria	8906
▁relative	8907
બ	8908
▁တယ်	8909
ուր	8910
cum	8911
▁sex	8912
rent	8913
dur	8914
▁kra	8915
▁или	8916
59	8917
ിച്ച	8918
▁кеше	8919
ண்ட	8920
ู	8921
▁नाही	8922
▁youth	8923
قر	8924
▁यहोवा	8925
▁ద	8926
nych	8927
▁իր	8928
yny	8929
▁chix	8930
▁consideration	8931
▁folders	8932
Li	8933
▁Ez	8934
▁gal	8935
રા	8936
▁پی	8937
▁becomes	8938
ոն	8939
pere	8940
▁צ	8941
ੀਆਂ	8942
Add	8943
▁(3)	8944
▁bula	8945
▁affected	8946
ዎች	8947
fal	8948
িক	8949
▁carefully	8950
▁join	8951
CO	8952
▁2016	8953
▁Qa	8954
pos	8955
▁ges	8956
▁不	8957
}	8958
ഗ	8959
▁perform	8960
▁illustration	8961
▁وت	8962
къ	8963
▁4)	8964
拉	8965
▁establish	8966
ತ್ತ	8967
▁хүн	8968
▁Game	8969
▁Kalou	8970
▁пере	8971
▁wilderness	8972
▁sul	8973
1/	8974
қа	8975
▁recognize	8976
nong	8977
▁tem	8978
▁multitude	8979
ᏍᏙᏗ	8980
▁bai	8981
nome	8982
て	8983
▁Nzambe	8984
▁observed	8985
90	8986
▁August	8987
▁ڏي	8988
▁belongs	8989
▁Era	8990
▁etc	8991
लि	8992
天	8993
▁muli	8994
▁Address	8995
је	8996
яр	8997
▁Kita	8998
ngwa	8999
ול	9000
pun	9001
nali	9002
▁tho	9003
▁നി	9004
先生	9005
▁software	9006
ೈ	9007
▁hide	9008
▁تع	9009
▁Free	9010
has	9011
▁ھەقىقەتەن	9012
▁supply	9013
ுக்கு	9014
▁гу	9015
ಾರ	9016
▁Yésus	9017
当	9018
▁fram	9019
رده	9020
▁तर	9021
▁ibukin	9022
▁2015	9023
▁Heb	9024
nio	9025
mic	9026
▁miles	9027
▁Should	9028
पु	9029
kra	9030
уз	9031
▁التي	9032
▁Play	9033
▁23:	9034
ins	9035
▁ਲਈ	9036
lara	9037
bhe	9038
▁across	9039
▁Uku	9040
för	9041
مبه	9042
şy	9043
ahi	9044
▁bari	9045
▁fel	9046
OP	9047
▁ते	9048
▁National	9049
ubu	9050
ில்	9051
័	9052
▁goods	9053
▁nam	9054
▁41	9055
eni	9056
▁sector	9057
ევ	9058
▁pasi	9059
iraa	9060
▁não	9061
ых	9062
वि	9063
dini	9064
问题	9065
▁öz	9066
▁tij	9067
В	9068
▁remained	9069
外	9070
▁produced	9071
زه	9072
▁sacred	9073
▁цы	9074
зын	9075
াৰ	9076
▁nuo	9077
▁hiya	9078
▁observe	9079
▁projects	9080
yang	9081
ща	9082
▁Ме	9083
▁visited	9084
▁ኪ	9085
▁install	9086
▁аб	9087
තු	9088
ted	9089
▁description	9090
ળ	9091
qe	9092
▁හ	9093
▁করে	9094
തു	9095
▁ning	9096
▁paradise	9097
▁էր	9098
cə	9099
Ku	9100
▁niet	9101
▁ਉ	9102
▁Simon	9103
фа	9104
▁meant	9105
wali	9106
ಾಗಿ	9107
▁anali	9108
▁buy	9109
▁ذ	9110
λη	9111
文	9112
лән	9113
▁şi	9114
▁guys	9115
ında	9116
▁isn	9117
ingon	9118
pti	9119
▁strive	9120
▁despite	9121
mur	9122
▁deeply	9123
zioni	9124
▁manatu	9125
▁French	9126
▁vos	9127
dent	9128
kä	9129
tonu	9130
AP	9131
ڕا	9132
▁kao	9133
ään	9134
ымаш	9135
▁notice	9136
▁ਆ	9137
▁sua	9138
General	9139
ไ	9140
▁Eb	9141
лю	9142
▁人	9143
▁Cur	9144
▁ಮಾಡ	9145
▁severe	9146
tif	9147
று	9148
hala	9149
nɔ	9150
જ	9151
▁эле	9152
צי	9153
▁Mal	9154
▁Ꭼ	9155
wala	9156
tig	9157
▁calendar	9158
жээ	9159
▁imagine	9160
यो	9161
▁kw	9162
̀	9163
▁grace	9164
out	9165
▁ach	9166
փ	9167
از	9168
▁kena	9169
oba	9170
ош	9171
खा	9172
time	9173
ுடைய	9174
▁levels	9175
ถ	9176
▁ukuthi	9177
▁是	9178
शी	9179
وب	9180
▁Fre	9181
اري	9182
нча	9183
▁overcome	9184
▁የተ	9185
将	9186
стан	9187
ဒ	9188
▁obi	9189
يت	9190
▁Pharisees	9191
abo	9192
▁declared	9193
bali	9194
ཡིག་ཆ་	9195
▁sir	9196
ىتى	9197
گو	9198
▁German	9199
▁Ihowa	9200
▁pleasure	9201
σης	9202
ndri	9203
▁والا	9204
ningen	9205
là	9206
▁TV	9207
▁хэ	9208
▁%2	9209
bwi	9210
yamba	9211
▁arrived	9212
▁ਗ	9213
▁impact	9214
▁ime	9215
ალ	9216
▁ө	9217
maan	9218
民	9219
Mwari	9220
ido	9221
▁ឲ្យ	9222
-1	9223
▁Ob	9224
▁’?	9225
▁ہی	9226
tya	9227
alt	9228
▁എന്ന	9229
▁estas	9230
▁سىلەر	9231
PS	9232
▁пултар	9233
▁ມ	9234
fwa	9235
▁wò	9236
▁هر	9237
▁kli	9238
shin	9239
ทํา	9240
▁Nda	9241
IC	9242
lav	9243
96	9244
тэй	9245
KE	9246
▁Was	9247
▁accurate	9248
▁population	9249
iñ	9250
▁យើង	9251
▁flock	9252
rana	9253
చ	9254
jun	9255
ଟ	9256
ణ	9257
ٰ	9258
▁paagi	9259
▁Улар	9260
▁installed	9261
▁onye	9262
▁pleased	9263
▁một	9264
ರೆ	9265
MO	9266
ված	9267
▁Australia	9268
AD	9269
araa	9270
▁ɣef	9271
άν	9272
▁Contact	9273
hl	9274
▁careful	9275
02	9276
▁ix	9277
▁xc	9278
▁wá	9279
book	9280
лардан	9281
▁kanga	9282
ահ	9283
▁ав	9284
▁Ɛisa	9285
▁throne	9286
▁ພ	9287
alta	9288
ার	9289
▁gla	9290
kkut	9291
▁♪	9292
▁gün	9293
▁rain	9294
▁red	9295
▁está	9296
ney	9297
▁sei	9298
gor	9299
daw	9300
▁Pan	9301
▁اي	9302
ओ	9303
zana	9304
▁successful	9305
▁kama	9306
▁તે	9307
сте	9308
▁تمام	9309
ахь	9310
lika	9311
vil	9312
န်း	9313
▁Isaac	9314
▁$	9315
▁abin	9316
стра	9317
aedje	9318
ថ	9319
கிற	9320
▁tə	9321
▁এই	9322
май	9323
pó	9324
▁refuge	9325
2/	9326
вод	9327
ว่า	9328
solo	9329
▁consequences	9330
dian	9331
koli	9332
▁idi	9333
ಿದ್ದ	9334
кӗ	9335
ƙa	9336
▁treat	9337
▁تق	9338
98	9339
入	9340
加	9341
Ne	9342
үүл	9343
▁cry	9344
kut	9345
▁Ken	9346
▁budget	9347
ଡ	9348
sze	9349
▁ја	9350
▁ამ	9351
oo	9352
來	9353
▁ҳар	9354
▁{\	9355
▁mais	9356
tim	9357
▁PAGE	9358
▁drawn	9359
▁suffered	9360
kuba	9361
▁اب	9362
zhi	9363
nings	9364
▁games	9365
▁print	9366
▁yô	9367
▁Tama	9368
▁busy	9369
ახ	9370
aghey	9371
▁Box	9372
▁extent	9373
▁алар	9374
ங்கள	9375
кт	9376
▁trouble	9377
▁straight	9378
▁тү	9379
▁Ubuntu	9380
ေး	9381
vela	9382
▁matu	9383
`	9384
▁Brother	9385
انه	9386
▁espiritu	9387
éego	9388
前	9389
▁waxaa	9390
▁Footnote	9391
▁preached	9392
вы	9393
▁más	9394
ତ୍	9395
▁essential	9396
▁phone	9397
öö	9398
▁calling	9399
тель	9400
baga	9401
▁इस	9402
▁Ní	9403
▁string	9404
▁ထ	9405
▁Development	9406
▁tek	9407
▁дип	9408
valu	9409
▁lines	9410
дү	9411
▁sie	9412
▁Jan	9413
ᏁᎸ	9414
bej	9415
▁nodra	9416
▁nun	9417
▁nä	9418
wij	9419
lö	9420
做	9421
đu	9422
hn	9423
plica	9424
ọrọ	9425
ందు	9426
eur	9427
▁αν	9428
▁popul	9429
▁τα	9430
▁jou	9431
pia	9432
த்து	9433
▁బ	9434
▁cross	9435
אַר	9436
की	9437
hatag	9438
▁altar	9439
▁Fer	9440
ない	9441
تر	9442
▁ल	9443
stal	9444
nça	9445
ዩ	9446
▁пур	9447
aidh	9448
୍ଯ	9449
اس	9450
▁adopt	9451
▁torment	9452
▁آپ	9453
▁ક	9454
▁News	9455
ías	9456
▁Бо	9457
け	9458
▁kale	9459
unda	9460
▁kota	9461
及	9462
▁partner	9463
ء	9464
▁پيغمبر	9465
ая	9466
▁Jèhófà	9467
zil	9468
OL	9469
dị	9470
ifi	9471
ால்	9472
teg	9473
vā	9474
▁Key	9475
▁ਕਰ	9476
ក្រ	9477
hlu	9478
▁generation	9479
gur	9480
ён	9481
▁store	9482
ների	9483
nosti	9484
▁ئو	9485
▁enjoyed	9486
▁Az	9487
ᏍᎩᏂ	9488
ਵ	9489
▁Human	9490
▁Secretary	9491
▁potential	9492
سم	9493
rav	9494
▁lower	9495
▁ola	9496
mēr	9497
çy	9498
بو	9499
▁abu	9500
▁attack	9501
▁neighbor	9502
▁Service	9503
▁riches	9504
▁ਭ	9505
▁designed	9506
▁Der	9507
▁sistema	9508
▁Out	9509
▁cer	9510
▁ਸੀ	9511
ız	9512
▁Kaj	9513
▁understood	9514
▁эт	9515
▁border	9516
ico	9517
▁Ino	9518
▁touch	9519
▁پێغ	9520
யா	9521
هه	9522
▁bruk	9523
uia	9524
▁Ü	9525
▁brethren	9526
erna	9527
ҩы	9528
க்கு	9529
▁garden	9530
poq	9531
▁צו	9532
▁ego	9533
கள்	9534
こ	9535
ໍ	9536
▁foi	9537
▁sought	9538
▁Maybe	9539
teur	9540
▁خواهد	9541
▁кал	9542
amente	9543
▁actual	9544
▁framework	9545
▁achi	9546
तो	9547
rka	9548
▁faia	9549
▁trial	9550
EEC	9551
pang	9552
▁hair	9553
ົນ	9554
tı	9555
ҳои	9556
▁Ꮳ	9557
▁treated	9558
▁menga	9559
ಗಳನ್ನು	9560
▁கா	9561
ants	9562
كان	9563
нов	9564
▁teß	9565
anya	9566
▁cßaßru	9567
▁Send	9568
▁फ	9569
ของ	9570
▁lí	9571
See	9572
▁warned	9573
▁သော	9574
▁speed	9575
▁maysa	9576
ക്	9577
▁click	9578
taura	9579
שה	9580
ྐ	9581
ill	9582
ັກ	9583
▁እተ	9584
าย	9585
▁چون	9586
▁Fil	9587
тал	9588
▁Cy	9589
Let	9590
▁claim	9591
eko	9592
ཞ	9593
бан	9594
ᏓᎴ	9595
ագ	9596
▁չ	9597
▁futhi	9598
▁ສະ	9599
▁ኣምላኽ	9600
▁kodo	9601
▁ё	9602
▁hoe	9603
amento	9604
lembe	9605
hem	9606
tru	9607
▁numbers	9608
sid	9609
▁providing	9610
IP	9611
ದಲ್ಲಿ	9612
lɔ	9613
әй	9614
▁faced	9615
ጉ	9616
▁200	9617
▁Ima	9618
ría	9619
чен	9620
ാന	9621
▁reveal	9622
▁ер	9623
ಂತ	9624
▁خۆی	9625
▁length	9626
Al	9627
▁dag	9628
▁weak	9629
rig	9630
▁ခြင်း	9631
দের	9632
▁Hotel	9633
или	9634
▁ange	9635
▁ഒരു	9636
▁kapa	9637
дэг	9638
ಿಂದ	9639
susu	9640
▁gara	9641
信	9642
ати	9643
▁Special	9644
▁rí	9645
▁cal	9646
ibus	9647
▁inuu	9648
▁ezin	9649
లా	9650
ır	9651
▁300	9652
受	9653
ഴ	9654
▁masu	9655
▁ናይ	9656
իս	9657
ố	9658
国际	9659
ping	9660
శ	9661
een	9662
▁defined	9663
ໄ	9664
ṣé	9665
▁güiya	9666
gbu	9667
ିତ	9668
▁izy	9669
▁προ	9670
▁Europa	9671
šu	9672
▁ngeen	9673
▁мӗнле	9674
ගේ	9675
ਤਾ	9676
▁institutions	9677
▁central	9678
▁oder	9679
ക്കു	9680
▁хө	9681
▁Ки	9682
▁contents	9683
▁muka	9684
▁astray	9685
▁është	9686
کات	9687
yong	9688
▁situa	9689
mah	9690
шу	9691
ข	9692
▁65	9693
ኝ	9694
▁hate	9695
▁sak	9696
▁Fin	9697
პა	9698
▁ဆ	9699
ვა	9700
wr	9701
▁ఉ	9702
စာ	9703
ον	9704
ৈ	9705
▁ග	9706
rn	9707
▁iri	9708
而	9709
ێك	9710
▁కా	9711
28	9712
▁sẽ	9713
▁remains	9714
pakita	9715
▁Bya	9716
ဘ	9717
لت	9718
▁persecution	9719
ული	9720
真	9721
▁sö	9722
▁nicht	9723
▁invalid	9724
ussi	9725
▁artikel	9726
khala	9727
▁Video	9728
▁profe	9729
جر	9730
▁apo	9731
▁studying	9732
▁Шу	9733
▁removed	9734
يى	9735
▁kot	9736
▁ngoi	9737
ậ	9738
იან	9739
jor	9740
buhat	9741
▁অনু	9742
▁escape	9743
pí	9744
gs	9745
▁publications	9746
▁Му	9747
▁Van	9748
jali	9749
▁enabled	9750
6/	9751
lite	9752
▁exchange	9753
▁listed	9754
ыт	9755
що	9756
▁بێگومان	9757
▁Has	9758
▁looks	9759
▁rib	9760
▁вэ	9761
tana	9762
Te	9763
▁σε	9764
21	9765
▁ntango	9766
▁hö	9767
нд	9768
দি	9769
▁bis	9770
ismo	9771
▁što	9772
ngin	9773
▁round	9774
რო	9775
▁Finland	9776
إ	9777
enne	9778
▁bizin	9779
▁cri	9780
ட்	9781
▁ת	9782
▁onder	9783
▁easily	9784
dak	9785
ουν	9786
度	9787
▁require	9788
نت	9789
dú	9790
▁Zu	9791
▁bâ	9792
langa	9793
▁Description	9794
گەن	9795
▁wrath	9796
▁zvaka	9797
нер	9798
unu	9799
бө	9800
ئۆ	9801
ago	9802
fir	9803
kus	9804
ულ	9805
▁Pra	9806
pata	9807
▁houses	9808
ल्या	9809
ത്ര	9810
rug	9811
press	9812
iska	9813
▁Ի	9814
حا	9815
▁leading	9816
▁ນ	9817
акан	9818
ӕрд	9819
▁tru	9820
ाइ	9821
▁cried	9822
bed	9823
▁custom	9824
bok	9825
26	9826
след	9827
▁zna	9828
▁ቅዱስ	9829
glo	9830
шәа	9831
putting	9832
▁bë	9833
▁employment	9834
▁ekki	9835
▁Í	9836
▁तुम	9837
ាក់	9838
IV	9839
▁realized	9840
øy	9841
sper	9842
ijiet	9843
▁đi	9844
ভা	9845
▁aspects	9846
وره	9847
▁NW	9848
▁proces	9849
▁moto	9850
▁telling	9851
É	9852
ತ್ರ	9853
▁1998	9854
ནང་	9855
▁Background	9856
▁Maka	9857
▁draft	9858
مو	9859
▁thine	9860
ර්	9861
дән	9862
▁kang	9863
kila	9864
ood	9865
▁lotu	9866
▁naton	9867
ڏ	9868
▁disciple	9869
пас	9870
▁arrangement	9871
▁ລາວ	9872
▁gather	9873
▁Rome	9874
一个	9875
кан	9876
▁шы	9877
ык	9878
▁Petara	9879
▁certificate	9880
▁ой	9881
ਿੱ	9882
bir	9883
▁opportunities	9884
▁yin	9885
▁43	9886
▁Mulungu	9887
▁spi	9888
も	9889
baha	9890
und	9891
▁sá	9892
ಗಳು	9893
vuga	9894
uden	9895
چی	9896
dien	9897
வா	9898
kš	9899
▁vas	9900
▁Sp	9901
sur	9902
ché	9903
▁header	9904
▁aý	9905
▁র	9906
rê	9907
gari	9908
bụ	9909
zali	9910
cam	9911
▁pil	9912
tâ	9913
▁Ҳа	9914
tē	9915
▁bali	9916
▁lya	9917
▁ڪي	9918
▁forms	9919
▁నా	9920
عل	9921
bur	9922
jal	9923
മാ	9924
▁ຈາກ	9925
89	9926
laryň	9927
▁গ	9928
▁៖	9929
ాడు	9930
▁ਇਸ	9931
கள	9932
ತಿ	9933
▁zur	9934
▁visible	9935
▁style	9936
mez	9937
see	9938
▁faama	9939
wè	9940
▁User	9941
▁Agreement	9942
ffen	9943
▁poli	9944
कार	9945
xel	9946
kos	9947
▁contain	9948
▁personally	9949
▁charge	9950
▁Font	9951
په	9952
ват	9953
siga	9954
▁Jos	9955
23	9956
▁hotel	9957
rongo	9958
ră	9959
▁unique	9960
▁ವ	9961
▁ڪري	9962
ವಾಗಿ	9963
▁sich	9964
rdi	9965
▁agreed	9966
daan	9967
全	9968
hoo	9969
▁Public	9970
zio	9971
▁werden	9972
▁nuna	9973
▁ዓ	9974
mere	9975
▁inheritance	9976
λο	9977
▁eventually	9978
件	9979
▁dear	9980
▁ugu	9981
ләре	9982
▁ਲ	9983
▁ແຕ່	9984
ключ	9985
▁bij	9986
ando	9987
jw	9988
лэсь	9989
▁Under	9990
▁wid	9991
过	9992
▁Ame	9993
ປ	9994
ሌ	9995
▁Elijah	9996
▁commandments	9997
▁Би	9998
▁trees	9999
▁مرد	10000
ంగా	10001
வை	10002
ыд	10003
▁recently	10004
▁Tha	10005
▁(2	10006
bro	10007
▁uga	10008
▁طرف	10009
מע	10010
▁espe	10011
▁fat	10012
rey	10013
рә	10014
▁finally	10015
▁completed	10016
culo	10017
ықә	10018
▁pli	10019
き	10020
▁վ	10021
议	10022
ঠ	10023
▁beloved	10024
▁kaba	10025
▁Sea	10026
▁hat	10027
naka	10028
▁Icon	10029
▁tusi	10030
ైన	10031
▁ape	10032
▁wide	10033
▁wall	10034
▁că	10035
▁ги	10036
лары	10037
▁submitted	10038
▁иа	10039
sina	10040
▁ຜູ້	10041
▁limit	10042
ոս	10043
▁tamin	10044
ýa	10045
وق	10046
▁relatives	10047
▁painful	10048
▁это	10049
▁عذاب	10050
▁25:	10051
▁mpi	10052
▁Xikwembu	10053
▁Fra	10054
▁comments	10055
meli	10056
▁زه	10057
ಮಾ	10058
▁approved	10059
▁Sen	10060
mó	10061
▁Password	10062
▁org	10063
▁resurrected	10064
▁bank	10065
▁Tar	10066
ndro	10067
▁requested	10068
cono	10069
মান	10070
▁kwo	10071
▁Esta	10072
▁Ephesians	10073
▁είναι	10074
lina	10075
▁resulta	10076
inen	10077
29	10078
▁reject	10079
NO	10080
Г	10081
▁appeared	10082
ᏓᏅ	10083
SS	10084
ming	10085
报告	10086
நி	10087
ник	10088
▁taute	10089
特	10090
mara	10091
డి	10092
وار	10093
▁Ин	10094
▁solution	10095
▁سب	10096
▁ears	10097
▁tekst	10098
▁kuna	10099
▁dedication	10100
▁యెహోవా	10101
▁causes	10102
▁ທ	10103
▁idin	10104
сыз	10105
رە	10106
▁Xu	10107
བྱ	10108
ள்	10109
▁Ми	10110
ሥ	10111
ടു	10112
▁genuine	10113
ုံ	10114
▁Baib	10115
туу	10116
lyg	10117
nena	10118
▁گھر	10119
▁mú	10120
▁37:	10121
cat	10122
▁Ө	10123
ҽ	10124
că	10125
▁ngem	10126
67	10127
▁তা	10128
യാ	10129
ame	10130
vien	10131
▁wë	10132
hlo	10133
▁kum	10134
hol	10135
λε	10136
ାନ	10137
BA	10138
ئے	10139
mul	10140
zna	10141
▁mano	10142
▁avek	10143
schen	10144
▁audio	10145
▁verses	10146
▁Nou	10147
ັ	10148
▁containing	10149
▁seemed	10150
▁zya	10151
▁Configure	10152
22	10153
hora	10154
▁mig	10155
נע	10156
menti	10157
▁بىل	10158
▁Gilead	10159
گار	10160
▁vinaka	10161
▁Choose	10162
▁VI	10163
▁duty	10164
कर	10165
▁dara	10166
▁centuries	10167
ɗan	10168
Ja	10169
өм	10170
ྤ	10171
▁այն	10172
▁nekk	10173
ီး	10174
	10175
▁dangerous	10176
▁secure	10177
▁race	10178
▁биз	10179
bul	10180
▁equipment	10181
小	10182
ως	10183
bie	10184
▁Tell	10185
▁solo	10186
IA	10187
▁10)	10188
▁School	10189
▁organizations	10190
Ꮖ	10191
ില്	10192
ische	10193
▁chose	10194
▁Бас	10195
bana	10196
▁dí	10197
မှ	10198
▁conversation	10199
▁Qui	10200
86	10201
▁буд	10202
▁بد	10203
सी	10204
▁ađ	10205
ڵه	10206
▁ই	10207
læ	10208
లే	10209
▁worth	10210
▁бел	10211
kké	10212
▁Tôi	10213
теп	10214
▁kupu	10215
▁inhabitants	10216
▁hau	10217
นี้	10218
▁indicated	10219
Ꭾ	10220
▁reasonable	10221
ğu	10222
▁City	10223
ంద	10224
NE	10225
吗	10226
лет	10227
ዱ	10228
▁kabu	10229
nor	10230
ଗ	10231
ಿನ	10232
内	10233
▁tun	10234
zela	10235
▁gur	10236
▁い	10237
▁bh	10238
°	10239
дам	10240
ல்ல	10241
লো	10242
▁гэж	10243
▁programmes	10244
jiet	10245
ിച്ചു	10246
▁Paulus	10247
നാ	10248
faka	10249
zyo	10250
ซ	10251
▁lagi	10252
▁refused	10253
geri	10254
位	10255
ized	10256
үл	10257
▁ჟ	10258
▁ត	10259
ಾಯ	10260
▁яв	10261
▁ඇ	10262
▁nzi	10263
ск	10264
イ	10265
tsha	10266
▁publication	10267
▁devotion	10268
▁ຮັບ	10269
▁Server	10270
▁как	10271
gla	10272
forma	10273
联合国	10274
▁Soon	10275
▁ເຂົາ	10276
vina	10277
eß	10278
▁жана	10279
ത്തി	10280
▁official	10281
▁ਉਸ	10282
bor	10283
▁кӕй	10284
然	10285
hil	10286
▁existence	10287
▁Sidn	10288
گر	10289
лай	10290
▁も	10291
▁нас	10292
▁الن	10293
▁éta	10294
▁Tur	10295
сал	10296
یی	10297
▁journey	10298
ڙي	10299
▁release	10300
▁impa	10301
ိုး	10302
ຂ	10303
μέν	10304
▁afa	10305
▁Similarly	10306
▁आप	10307
▁bã	10308
27	10309
▁Any	10310
▁makapa	10311
IL	10312
51	10313
合	10314
زو	10315
▁үл	10316
fur	10317
رن	10318
рай	10319
▁wõt	10320
empre	10321
▁pran	10322
▁Жа	10323
رب	10324
▁aran	10325
ங்கள்	10326
वी	10327
▁Credit	10328
дө	10329
කි	10330
ван	10331
▁views	10332
ασ	10333
▁tö	10334
рин	10335
fre	10336
basa	10337
▁وا	10338
▁แ	10339
ىمىز	10340
kore	10341
ɗa	10342
▁magazine	10343
рақәа	10344
▁کرتے	10345
▁opposition	10346
ዶ	10347
正	10348
▁ຂ	10349
mir	10350
▁ਨਾਲ	10351
西	10352
▁wasn	10353
eqq	10354
ურ	10355
▁cô	10356
▁Ви	10357
▁пи	10358
ନ୍ତୁ	10359
▁کين	10360
▁ус	10361
▁greatly	10362
ได้	10363
assa	10364
▁pattern	10365
被	10366
uza	10367
TS	10368
são	10369
table	10370
ონ	10371
▁nine	10372
{	10373
әү	10374
▁ä	10375
▁association	10376
гәы	10377
▁Indi	10378
tom	10379
▁পা	10380
▁už	10381
▁maitai	10382
ranga	10383
▁otherwise	10384
▁conclusion	10385
▁rá	10386
ис	10387
▁ພະອົງ	10388
ĝ	10389
၍	10390
▁Pla	10391
வர	10392
ët	10393
zz	10394
об	10395
առ	10396
▁Изге	10397
է	10398
▁literature	10399
▁ສິ່ງ	10400
▁худ	10401
▁taga	10402
▁ᎬᏩ	10403
▁የሆዋ	10404
▁moni	10405
▁plugin	10406
▁Clear	10407
▁ኢ	10408
▁Ал	10409
▁toj	10410
เป็น	10411
▁лу	10412
MS	10413
uz	10414
cept	10415
ည	10416
▁offers	10417
ígíí	10418
▁obedience	10419
▁dhu	10420
▁செ	10421
▁jar	10422
▁Chineke	10423
▁kanggo	10424
▁Kas	10425
imo	10426
▁Network	10427
▁Board	10428
▁danger	10429
wel	10430
▁bahaw	10431
pula	10432
уч	10433
▁koma	10434
心	10435
మి	10436
▁булган	10437
▁types	10438
abi	10439
▁panang	10440
▁سي	10441
▁dje	10442
▁principal	10443
ချ	10444
54	10445
▁Dominus	10446
шӑн	10447
▁Bel	10448
▁28:	10449
ую	10450
лат	10451
они	10452
▁ဖ	10453
jà	10454
▁mä	10455
▁nwere	10456
▁creatures	10457
▁జ	10458
uw	10459
iche	10460
▁bless	10461
тэм	10462
▁Windows	10463
会议	10464
▁team	10465
ộ	10466
▁არ	10467
▁lama	10468
▁akk	10469
tsin	10470
plan	10471
▁Ir	10472
When	10473
▁bound	10474
▁مرا	10475
▁tix	10476
sị	10477
▁bisi	10478
▁mee	10479
▁worse	10480
▁Think	10481
τή	10482
ться	10483
رت	10484
ढ	10485
wọ	10486
انت	10487
لىك	10488
espite	10489
▁Work	10490
ष्ट	10491
▁500	10492
▁difference	10493
اپ	10494
ኤ	10495
zala	10496
ому	10497
▁notes	10498
▁Dar	10499
▁І	10500
▁Fir	10501
ོག་	10502
▁έ	10503
▁lâin	10504
င	10505
уш	10506
త్ర	10507
▁Juan	10508
զ	10509
▁यह	10510
ีย	10511
kii	10512
իր	10513
ף	10514
ル	10515
знач	10516
mbere	10517
▁Source	10518
▁တွေ	10519
え	10520
▁dokument	10521
高	10522
ization	10523
خش	10524
jų	10525
▁prote	10526
▁تن	10527
▁ary	10528
tumik	10529
▁disbelieve	10530
ੜ	10531
▁matou	10532
▁performed	10533
үп	10534
▁sharing	10535
לי	10536
▁đó	10537
▁American	10538
▁instrument	10539
▁Action	10540
ەر	10541
▁ត្រូវ	10542
04	10543
lov	10544
▁apart	10545
▁Си	10546
arta	10547
▁នឹង	10548
zem	10549
各	10550
dica	10551
Ш	10552
▁paka	10553
▁powers	10554
言	10555
▁vre	10556
物	10557
▁ulu	10558
▁oe	10559
▁fami	10560
▁denne	10561
ngele	10562
等	10563
يع	10564
▁ٻ	10565
▁bringing	10566
▁disip	10567
▁र	10568
▁ます	10569
我们	10570
ations	10571
pad	10572
▁Nautilus	10573
▁HTML	10574
lō	10575
▁obedient	10576
▁Chinese	10577
IB	10578
▁ngāue	10579
ibi	10580
dim	10581
▁tako	10582
▁Ис	10583
ंग	10584
▁хӑ	10585
68	10586
▁receiving	10587
oro	10588
ía	10589
▁ក្នុង	10590
▁pule	10591
▁meat	10592
ก็	10593
▁universe	10594
ıl	10595
▁baik	10596
▁series	10597
▁determine	10598
nym	10599
orum	10600
▁ஒரு	10601
▁näme	10602
▁travel	10603
mək	10604
▁tuma	10605
ppe	10606
രാ	10607
▁mâ	10608
▁że	10609
▁ඒ	10610
▁sina	10611
▁ו	10612
▁mera	10613
graf	10614
▁unbelievers	10615
▁gifts	10616
غان	10617
▁ass	10618
▁els	10619
وف	10620
▁Baka	10621
▁cell	10622
rth	10623
▁թ	10624
▁nice	10625
▁lest	10626
▁Ку	10627
ժ	10628
▁aside	10629
▁እንደ	10630
гаш	10631
đa	10632
rabi	10633
▁हे	10634
▁udah	10635
▁submit	10636
▁translation	10637
ით	10638
▁ገ	10639
▁intended	10640
өл	10641
▁leaving	10642
▁eternal	10643
▁quae	10644
નો	10645
के	10646
ောင်	10647
期	10648
▁যে	10649
ינ	10650
▁burn	10651
▁experiences	10652
ču	10653
ligt	10654
▁دیا	10655
▁nyonso	10656
kes	10657
▁5)	10658
▁muna	10659
▁teacher	10660
logo	10661
kula	10662
▁Never	10663
៊	10664
▁кол	10665
▁pian	10666
guma	10667
kè	10668
бра	10669
ville	10670
▁сам	10671
τά	10672
▁hā	10673
▁nax	10674
liku	10675
▁faapea	10676
vě	10677
ୂ	10678
▁Program	10679
▁ڪيو	10680
35	10681
ਤੀ	10682
▁successfully	10683
▁poverty	10684
▁、	10685
▁belong	10686
So	10687
▁darb	10688
മു	10689
▁jab	10690
▁applicable	10691
▁heed	10692
▁Xi	10693
אַל	10694
▁fiafia	10695
▁tanan	10696
▁ശ	10697
ните	10698
▁Про	10699
աշ	10700
oraa	10701
58	10702
Ꮇ	10703
zzjonijiet	10704
sangan	10705
▁được	10706
ွန်	10707
nding	10708
rod	10709
ayaa	10710
με	10711
ەۋ	10712
▁वे	10713
rho	10714
Pro	10715
ଯ	10716
▁ವಿ	10717
них	10718
ҥ	10719
ớ	10720
ком	10721
კა	10722
gem	10723
▁operations	10724
miento	10725
▁involves	10726
▁welcome	10727
▁teachers	10728
රි	10729
pta	10730
வு	10731
ត្រ	10732
▁industry	10733
വര	10734
awo	10735
▁worshippers	10736
azzjoni	10737
▁ის	10738
▁tano	10739
▁Павел	10740
应	10741
▁им	10742
▁چه	10743
▁loyalty	10744
▁souls	10745
▁taste	10746
▁ئۇلارغا	10747
laat	10748
▁direkt	10749
▁جيڪڏھ	10750
▁affection	10751
▁بوون	10752
▁شر	10753
64	10754
▁sve	10755
▁forces	10756
sol	10757
ір	10758
نې	10759
▁pelā	10760
▁faoi	10761
ায়	10762
▁ਨਹੀਂ	10763
▁teßx	10764
▁iyi	10765
▁Editor	10766
▁holding	10767
▁болур	10768
jam	10769
公	10770
ინ	10771
Ta	10772
ਥ	10773
Bo	10774
▁все	10775
▁эк	10776
дык	10777
ରଣ	10778
isen	10779
▁tribe	10780
▁խ	10781
▁fond	10782
ibh	10783
▁لوگ	10784
▁valuable	10785
▁nakon	10786
▁letters	10787
fri	10788
sama	10789
работ	10790
miri	10791
وێت	10792
▁tara	10793
▁moet	10794
▁technology	10795
▁Hudaýyň	10796
▁cultivate	10797
3/	10798
▁hoi	10799
▁Clearly	10800
▁worthy	10801
▁Sorry	10802
▁auala	10803
▁Iz	10804
▁ndipo	10805
▁ši	10806
gó	10807
▁ана	10808
լ	10809
▁kla	10810
▁fol	10811
▁react	10812
▁proposal	10813
થી	10814
kul	10815
▁plans	10816
ndur	10817
▁dell	10818
▁stopped	10819
▁fakata	10820
fil	10821
▁سندن	10822
▁це	10823
▁useful	10824
inte	10825
▁Up	10826
▁witnesses	10827
sione	10828
луу	10829
З	10830
56	10831
һә	10832
它	10833
▁friendship	10834
▁ᏥᏌ	10835
▁qanoq	10836
▁ñõn	10837
▁yana	10838
▁ဖြစ်	10839
条	10840
ํา	10841
▁internal	10842
ല്	10843
▁wis	10844
нәр	10845
mag	10846
▁ຈ	10847
▁làm	10848
ফ	10849
▁46	10850
Se	10851
▁meta	10852
ange	10853
▁assembly	10854
▁shepherd	10855
bira	10856
▁proud	10857
▁competent	10858
▁organis	10859
եմ	10860
ется	10861
▁لئے	10862
AC	10863
▁dü	10864
site	10865
▁muku	10866
▁Om	10867
▁vya	10868
ofo	10869
▁procedures	10870
▁commit	10871
dua	10872
אי	10873
bung	10874
በት	10875
luk	10876
ဆ	10877
▁ਰ	10878
▁heavy	10879
sio	10880
▁Հ	10881
صل	10882
說	10883
▁কর	10884
lipay	10885
ڪر	10886
▁semua	10887
▁Once	10888
ýän	10889
▁compared	10890
31	10891
▁wake	10892
▁uno	10893
వి	10894
▁ရှိ	10895
ендә	10896
▁slu	10897
▁Mont	10898
ées	10899
▁gre	10900
Ε	10901
sach	10902
▁assist	10903
ഷ	10904
よ	10905
cze	10906
▁аны	10907
▁ett	10908
▁Ү	10909
lys	10910
ρά	10911
▁الق	10912
▁vra	10913
▁ris	10914
▁plant	10915
ින්	10916
ynda	10917
▁delight	10918
▁Waay	10919
riko	10920
▁ନାହିଁ	10921
▁dru	10922
with	10923
▁pré	10924
Ꮠ	10925
дай	10926
भा	10927
▁gh	10928
raz	10929
naaj	10930
▁methods	10931
ação	10932
▁ቀ	10933
ribu	10934
▁quan	10935
ელი	10936
ches	10937
▁continues	10938
▁contribute	10939
▁truths	10940
gua	10941
▁дека	10942
னை	10943
▁makambo	10944
▁أو	10945
▁occur	10946
แล้ว	10947
▁Couldn	10948
▁replaced	10949
ڇ	10950
▁UN	10951
டி	10952
▁jet	10953
▁conflict	10954
loo	10955
spri	10956
eza	10957
▁ngangu	10958
રે	10959
ھن	10960
▁onlar	10961
▁destination	10962
▁excellent	10963
legg	10964
▁method	10965
న్	10966
ះ	10967
▁crime	10968
▁student	10969
media	10970
ኸ	10971
ñe	10972
▁URI	10973
▁عمل	10974
▁foot	10975
ችን	10976
▁Kodi	10977
ւ	10978
gir	10979
▁pode	10980
زان	10981
▁pře	10982
▁upper	10983
▁ໆ	10984
uje	10985
רע	10986
ྣ	10987
▁Prophet	10988
▁ბ	10989
vai	10990
czy	10991
igo	10992
ொ	10993
▁problema	10994
▁factors	10995
▁иде	10996
▁ച	10997
кин	10998
▁maximum	10999
سون	11000
▁Ein	11001
ities	11002
▁feed	11003
▁chance	11004
▁tina	11005
▁relief	11006
▁بو	11007
дөр	11008
ginn	11009
کل	11010
▁meng	11011
ndlela	11012
As	11013
▁vä	11014
▁Pedro	11015
ៀ	11016
回	11017
лим	11018
вам	11019
ās	11020
▁នេះ	11021
▁acceptable	11022
99	11023
তো	11024
udo	11025
mbiri	11026
иг	11027
ױ	11028
▁פֿאַר	11029
cel	11030
oki	11031
▁xam	11032
tě	11033
cción	11034
▁primary	11035
aigh	11036
лас	11037
▁Post	11038
учы	11039
▁юм	11040
κο	11041
▁keda	11042
volu	11043
▁né	11044
▁Tri	11045
kov	11046
nsen	11047
	11048
kaj	11049
▁AND	11050
▁روز	11051
▁ניט	11052
▁mot	11053
▁None	11054
▁lata	11055
mil	11056
▁át	11057
ƙar	11058
▁pursue	11059
▁Ik	11060
▁kugira	11061
ρί	11062
▁رہ	11063
што	11064
▁Tan	11065
gende	11066
▁remote	11067
ġġ	11068
▁воз	11069
▁എ	11070
yal	11071
▁average	11072
meni	11073
克	11074
▁pote	11075
▁users	11076
▁Link	11077
ие	11078
ど	11079
tende	11080
▁మా	11081
ኒ	11082
із	11083
▁даа	11084
كل	11085
▁ए	11086
ње	11087
ॉ	11088
wani	11089
▁gele	11090
бат	11091
▁mor	11092
គ្រ	11093
▁लिए	11094
பு	11095
已	11096
ᎦᎵ	11097
خه	11098
لىرىنى	11099
▁Format	11100
▁inga	11101
ydd	11102
elt	11103
sod	11104
▁ਵ	11105
ize	11106
▁Plan	11107
▁quo	11108
▁қо	11109
രു	11110
▁Ps	11111
▁1997	11112
▁cent	11113
saan	11114
▁ھو	11115
ним	11116
قل	11117
▁ಈ	11118
acha	11119
led	11120
rti	11121
重	11122
rã	11123
▁yer	11124
列	11125
richt	11126
បញ្	11127
ezi	11128
▁Nag	11129
▁kam	11130
▁lain	11131
▁sili	11132
▁eci	11133
▁fakatu	11134
▁jä	11135
▁христиан	11136
▁ҡара	11137
ৰে	11138
▁דעם	11139
టి	11140
ата	11141
▁ikkje	11142
lei	11143
ပါ	11144
نها	11145
yer	11146
tning	11147
▁urged	11148
хоҳ	11149
▁ნა	11150
ክር	11151
▁credit	11152
▁pak	11153
бы	11154
▁unable	11155
▁played	11156
▁convinced	11157
NA	11158
▁sind	11159
fé	11160
▁ባ	11161
లను	11162
▁jam	11163
▁نزد	11164
▁bene	11165
▁Document	11166
uto	11167
íní	11168
ям	11169
ཤ	11170
▁ئې	11171
üz	11172
simba	11173
ഥ	11174
▁guiya	11175
▁aad	11176
▁abi	11177
▁dust	11178
waka	11179
▁xqui	11180
әм	11181
oir	11182
«	11183
responsibilities	11184
▁misi	11185
род	11186
▁package	11187
дик	11188
▁koku	11189
▁مش	11190
ӟ	11191
လို	11192
عة	11193
dė	11194
▁تۇر	11195
lise	11196
▁politi	11197
κα	11198
▁خوای	11199
▁Body	11200
ంది	11201
▁pir	11202
▁bur	11203
Imp	11204
ধা	11205
▁Personal	11206
AB	11207
▁kilo	11208
▁eks	11209
oor	11210
▁Asi	11211
lungi	11212
▁mental	11213
âc	11214
kkun	11215
▁wani	11216
但	11217
ລະ	11218
▁yaka	11219
▁була	11220
▁билан	11221
பெ	11222
మైన	11223
mbwa	11224
laj	11225
text	11226
kjen	11227
▁demonstrate	11228
▁press	11229
liche	11230
▁lying	11231
فق	11232
view	11233
▁ही	11234
்	11235
▁commandment	11236
kata	11237
manu	11238
▁Left	11239
使	11240
▁beliefs	11241
▁traveling	11242
▁માટે	11243
▁ڳ	11244
ஸ்	11245
▁مح	11246
йт	11247
▁գ	11248
▁8)	11249
▁کرنے	11250
kazi	11251
▁сӕ	11252
ནས་	11253
يز	11254
ipa	11255
▁Laj	11256
▁growing	11257
burg	11258
ینه	11259
гү	11260
▁β	11261
ਨਾ	11262
▁assessment	11263
▁ነቲ	11264
▁ਕਰਨ	11265
▁construction	11266
▁yìí	11267
▁Muhammad	11268
▁jeg	11269
▁oco	11270
▁ය	11271
kú	11272
ально	11273
II	11274
▁طرح	11275
▁siz	11276
▁sincere	11277
ెను	11278
క్ష	11279
ලා	11280
▁gauna	11281
▁maybe	11282
▁ຊ	11283
▁heads	11284
▁alingbi	11285
▁Мар	11286
gai	11287
дал	11288
▁Nr	11289
ullu	11290
ната	11291
▁уыд	11292
▁ვ	11293
▁aia	11294
тӥ	11295
ੌ	11296
Һ	11297
ରୁ	11298
rô	11299
▁Philip	11300
▁mosusu	11301
▁مر	11302
mann	11303
▁прав	11304
ligi	11305
arput	11306
▁hla	11307
حد	11308
▁Во	11309
▁Memorial	11310
tab	11311
▁cuiß	11312
▁fair	11313
éé	11314
kere	11315
▁Те	11316
▁Ei	11317
▁při	11318
ిన	11319
ვლ	11320
dri	11321
保	11322
pita	11323
гийн	11324
▁turi	11325
▁کوئی	11326
tais	11327
ност	11328
achadh	11329
▁happens	11330
▁iste	11331
▁transfer	11332
▁relating	11333
სა	11334
uwa	11335
▁Catholic	11336
tama	11337
ۇپ	11338
dek	11339
nama	11340
▁tender	11341
▁client	11342
Si	11343
доб	11344
▁companies	11345
▁ଦ	11346
▁koko	11347
For	11348
HA	11349
▁haana	11350
ivi	11351
▁moves	11352
úl	11353
בי	11354
▁Τ	11355
▁phendia	11356
▁ovo	11357
次	11358
тыны	11359
▁ਤੋਂ	11360
инг	11361
gro	11362
▁biri	11363
ገል	11364
ερ	11365
ast	11366
▁grew	11367
▁фа	11368
▁ID	11369
学	11370
▁ኣይ	11371
▁Luka	11372
▁pride	11373
▁Ena	11374
▁sold	11375
кала	11376
▁wouldn	11377
hú	11378
ингиз	11379
▁girls	11380
▁hot	11381
://	11382
களை	11383
มัน	11384
▁woku	11385
▁kuo	11386
мәс	11387
▁track	11388
▁مل	11389
ობა	11390
▁ill	11391
нь	11392
▁Μ	11393
ਫ਼	11394
لارنى	11395
▁вал	11396
تە	11397
pres	11398
▁ika	11399
▁ດ	11400
త్	11401
not	11402
▁Kristiano	11403
▁Ад	11404
▁ካብ	11405
▁ስለ	11406
еит	11407
▁há	11408
▁lwe	11409
▁bei	11410
▁eating	11411
▁ayns	11412
▁gì	11413
▁bisan	11414
ljen	11415
inde	11416
▁Mit	11417
87	11418
▁Nak	11419
sakit	11420
bot	11421
▁ты	11422
▁village	11423
▁bahin	11424
▁nang	11425
rada	11426
લા	11427
$	11428
rina	11429
97	11430
▁flow	11431
▁Jer	11432
▁discussed	11433
▁identify	11434
jur	11435
Mi	11436
tolu	11437
▁besides	11438
发展	11439
rite	11440
▁Young	11441
▁follows	11442
▁nomu	11443
шьа	11444
0}	11445
ᎬᏩ	11446
tant	11447
▁burning	11448
Lo	11449
▁بوو	11450
lana	11451
▁kamata	11452
▁redu	11453
▁dream	11454
▁Tro	11455
▁Bru	11456
▁бас	11457
▁نڪ	11458
▁әйт	11459
▁Finally	11460
▁ngai	11461
äl	11462
ować	11463
ани	11464
78	11465
ës	11466
▁ovi	11467
uan	11468
ខ	11469
▁jest	11470
▁7)	11471
funa	11472
▁meal	11473
▁easier	11474
▁شده	11475
▁Michael	11476
tii	11477
▁gets	11478
ۇش	11479
▁balance	11480
▁sees	11481
ίν	11482
▁lord	11483
mwo	11484
kā	11485
▁offspring	11486
▁faces	11487
▁Data	11488
▁ought	11489
rta	11490
2004	11491
▁હ	11492
▁ҫи	11493
▁map	11494
ların	11495
▁chúng	11496
▁Umu	11497
起	11498
dź	11499
ར་བ	11500
▁Merciful	11501
ninger	11502
/2	11503
员	11504
▁hasi	11505
▁waxaad	11506
▁indicate	11507
▁sinners	11508
39	11509
दी	11510
▁olan	11511
بوو	11512
▁sika	11513
▁ark	11514
▁رو	11515
▁lessons	11516
▁fuq	11517
▁joined	11518
▁Path	11519
رف	11520
▁twelve	11521
▁pero	11522
ult	11523
ཡིག་སྣོད་	11524
iba	11525
şı	11526
සි	11527
▁ڪو	11528
▁kumu	11529
স্থা	11530
▁fifi	11531
▁advantage	11532
ቤ	11533
▁pau	11534
▁نمود	11535
▁stars	11536
▁yake	11537
53	11538
doo	11539
tale	11540
▁mort	11541
▁Italy	11542
▁foto	11543
tungod	11544
▁double	11545
▁ڪندا	11546
▁પ્ર	11547
▁skin	11548
▁circuit	11549
▁mene	11550
▁был	11551
xcha	11552
છ	11553
▁encouraging	11554
tshe	11555
lut	11556
▁partners	11557
مار	11558
cci	11559
уеит	11560
Po	11561
▁output	11562
▁לה	11563
ھر	11564
▁Social	11565
شار	11566
ebe	11567
mang	11568
▁τη	11569
▁confident	11570
▁কা	11571
▁tusa	11572
▁Otuá	11573
OM	11574
ឡ	11575
▁male	11576
▁εν	11577
now	11578
▁elements	11579
▁فرما	11580
taha	11581
llis	11582
zia	11583
▁programa	11584
▁gé	11585
▁nofo	11586
▁ຄໍາ	11587
▁وٽ	11588
▁լ	11589
▁Custom	11590
tú	11591
▁Bib	11592
pet	11593
ორ	11594
▁9)	11595
数	11596
▁шо	11597
ազ	11598
▁ఆయన	11599
شر	11600
dil	11601
itaki	11602
ấ	11603
nost	11604
▁nk	11605
▁Run	11606
ude	11607
▁üçün	11608
ன்ன	11609
ruk	11610
dera	11611
▁Mor	11612
اعت	11613
▁Version	11614
risti	11615
baki	11616
sili	11617
ଛି	11618
▁listening	11619
▁Thanks	11620
▁lọ	11621
টা	11622
ବା	11623
▁discussion	11624
ити	11625
▁roz	11626
מו	11627
▁mbu	11628
mem	11629
57	11630
abot	11631
▁باش	11632
72	11633
▁dette	11634
▁11)	11635
grad	11636
బ	11637
▁katar	11638
ம்ப	11639
▁lowu	11640
Le	11641
koki	11642
▁dë	11643
▁öl	11644
zul	11645
▁katak	11646
▁Ж	11647
qqi	11648
зор	11649
▁ум	11650
aro	11651
మా	11652
▁Conference	11653
isiwa	11654
्र	11655
▁tutu	11656
案	11657
▁Awake	11658
eci	11659
▁Ty	11660
▁proposed	11661
▁hit	11662
CI	11663
ਇ	11664
比	11665
ikira	11666
imiz	11667
▁pane	11668
▁fakamo	11669
▁پادشاه	11670
եղ	11671
kura	11672
▁argument	11673
▁Lot	11674
▁fixed	11675
▁cue	11676
▁Bre	11677
▁TIFF	11678
為	11679
slag	11680
▁gran	11681
▁Pana	11682
▁angry	11683
▁ruc	11684
▁ž	11685
▁ਹਨ	11686
▁કરો	11687
UM	11688
lõñ	11689
▁ಉ	11690
▁អាច	11691
ines	11692
▁Tower	11693
лыг	11694
lda	11695
▁ori	11696
▁ruler	11697
vale	11698
至	11699
▁mõ	11700
▁shared	11701
▁dwar	11702
▁14)	11703
ιο	11704
pú	11705
õl	11706
▁кўр	11707
rö	11708
▁við	11709
▁pasa	11710
njo	11711
77	11712
মে	11713
▁ដោយ	11714
ཇ	11715
▁май	11716
ുക	11717
ಲಿ	11718
▁nə	11719
кун	11720
imp	11721
▁unclean	11722
yà	11723
surat	11724
會	11725
быҙ	11726
شه	11727
向	11728
ਈ	11729
▁Cre	11730
▁Application	11731
▁こと	11732
▁likewise	11733
ità	11734
▁playing	11735
▁dom	11736
▁nequeß	11737
▁symbol	11738
2007	11739
دىكى	11740
ையும்	11741
▁Nje	11742
▁Rights	11743
ið	11744
نم	11745
နှ	11746
rû	11747
▁Command	11748
▁fason	11749
pil	11750
▁dadi	11751
cere	11752
ຜ	11753
▁Йәһвә	11754
بع	11755
▁superior	11756
елгән	11757
▁bel	11758
aina	11759
Η	11760
▁klas	11761
▁voi	11762
09	11763
▁кил	11764
ıq	11765
nnut	11766
егез	11767
وو	11768
eš	11769
ญ	11770
▁सु	11771
్	11772
मो	11773
つ	11774
mh	11775
▁بې	11776
sed	11777
চি	11778
▁Furthermore	11779
IR	11780
জন	11781
▁Imana	11782
▁фар	11783
EM	11784
nz	11785
▁ଆ	11786
▁Net	11787
бі	11788
▁ये	11789
ಕ್ಷ	11790
▁cold	11791
▁lõ	11792
▁Church	11793
组织	11794
chita	11795
▁Central	11796
ক্ত	11797
▁annual	11798
▁ká	11799
▁kuku	11800
นั้น	11801
fla	11802
▁denied	11803
▁smo	11804
▁fini	11805
▁tempo	11806
band	11807
ết	11808
▁suke	11809
rja	11810
▁burden	11811
▁Ýehowanyň	11812
▁finished	11813
▁mö	11814
▁minut	11815
TP	11816
▁Ан	11817
sulat	11818
ىپ	11819
ంత	11820
▁laha	11821
nın	11822
▁reduce	11823
▁နေ	11824
▁mia	11825
tional	11826
▁Current	11827
▁automatically	11828
我們	11829
▁harvest	11830
▁ምን	11831
lior	11832
表	11833
tés	11834
ാണ്	11835
▁Master	11836
ының	11837
jọ	11838
់	11839
sɔ	11840
mò	11841
ኩ	11842
▁τ	11843
▁सर्व	11844
▁Aus	11845
▁syn	11846
▁sufficient	11847
▁അവ	11848
esti	11849
ūr	11850
ശ്	11851
▁στο	11852
▁انھن	11853
▁dóó	11854
\@	11855
▁Vaka	11856
باد	11857
ဟု	11858
vut	11859
▁oci	11860
▁bri	11861
டை	11862
▁ਆਪਣ	11863
▁Reg	11864
shte	11865
)...	11866
▁shoh	11867
ായ	11868
Ꮯ	11869
nggal	11870
▁invitation	11871
▁pred	11872
▁δια	11873
rị	11874
ors	11875
▁mour	11876
▁yra	11877
شته	11878
▁bati	11879
▁East	11880
▁daar	11881
rita	11882
▁priority	11883
▁ase	11884
▁那	11885
▁meda	11886
▁song	11887
von	11888
▁47	11889
▁malu	11890
ordin	11891
▁γ	11892
▁Economic	11893
▁fesoasoani	11894
▁missionary	11895
nzira	11896
៍	11897
▁итә	11898
ල්	11899
▁gwa	11900
▁walked	11901
ځ	11902
▁sed	11903
UL	11904
anan	11905
▁reality	11906
▁шумо	11907
لام	11908
ric	11909
dzie	11910
iten	11911
ച	11912
ាំ	11913
▁cab	11914
▁Yuus	11915
▁kein	11916
ής	11917
▁mgbe	11918
ונג	11919
lly	11920
альны	11921
маш	11922
▁شه	11923
▁hito	11924
شا	11925
▁returns	11926
چه	11927
▁wäch	11928
kera	11929
واز	11930
手	11931
щ	11932
کو	11933
▁か	11934
▁eko	11935
lande	11936
ستی	11937
ไม่	11938
MB	11939
2009	11940
▁couldn	11941
▁appearance	11942
▁Control	11943
ອນ	11944
ುತ್ತ	11945
▁Bal	11946
▁mega	11947
▁ಮತ್ತು	11948
进	11949
ىرى	11950
fekt	11951
▁Govern	11952
▁permissions	11953
руу	11954
kup	11955
▁legislation	11956
▁ᎩᎶ	11957
pus	11958
مل	11959
▁identified	11960
తు	11961
立	11962
gula	11963
▁Gar	11964
▁ዘይ	11965
▁permanent	11966
gres	11967
▁fly	11968
ynyň	11969
పా	11970
▁cava	11971
▁appears	11972
ales	11973
▁रह	11974
▁Manager	11975
▁بنا	11976
مې	11977
▁otú	11978
nad	11979
▁Truth	11980
ām	11981
▁Komisija	11982
▁youths	11983
esa	11984
jos	11985
bulo	11986
▁slow	11987
▁riai	11988
hau	11989
ления	11990
▁performance	11991
ɖ	11992
▁bearing	11993
▁contained	11994
▁ᎢᎦ	11995
раз	11996
▁cuînk	11997
▁nequeßx	11998
▁paragraphs	11999
ավոր	12000
▁Албатта	12001
▁pieces	12002
vana	12003
iw	12004
▁citizens	12005
lun	12006
ჟ	12007
وز	12008
▁گھ	12009
▁adlaw	12010
▁бод	12011
▁θα	12012
íomh	12013
▁ent	12014
ডি	12015
publik	12016
سندس	12017
▁worden	12018
▁لم	12019
kumu	12020
2.	12021
fol	12022
ճ	12023
ډ	12024
▁тип	12025
▁gus	12026
schaft	12027
illi	12028
▁भी	12029
女	12030
ండ	12031
▁yari	12032
▁located	12033
ship	12034
сты	12035
මා	12036
▁ໄປ	12037
pisa	12038
▁struck	12039
ແນວ	12040
tahi	12041
endo	12042
khale	12043
▁arrangements	12044
lata	12045
cle	12046
▁ilegña	12047
▁elderly	12048
ации	12049
▁African	12050
mela	12051
▁dios	12052
リ	12053
ᏍᏗᏱ	12054
▁spre	12055
ելու	12056
Tsy	12057
llar	12058
▁hinga	12059
пор	12060
жу	12061
ρω	12062
кс	12063
TU	12064
▁aei	12065
▁younger	12066
koro	12067
▁hina	12068
stis	12069
▁ñe	12070
gulu	12071
▁lona	12072
ां	12073
▁demons	12074
aire	12075
▁cope	12076
▁anae	12077
ભ	12078
ệ	12079
▁Family	12080
▁Sarah	12081
▁endurance	12082
tą	12083
▁über	12084
ија	12085
▁damage	12086
79	12087
力	12088
该	12089
она	12090
กับ	12091
▁हा	12092
іль	12093
wane	12094
任	12095
yî	12096
ја	12097
hari	12098
2013	12099
వే	12100
ཕ	12101
▁foundation	12102
▁malamu	12103
maj	12104
ыры	12105
▁associate	12106
▁پێش	12107
යේ	12108
▁warm	12109
ছিল	12110
▁уӕд	12111
▁Software	12112
ቻ	12113
▁ќе	12114
▁grup	12115
▁үчүн	12116
▁með	12117
ço	12118
ನ್ನ	12119
▁我们	12120
స్త	12121
pale	12122
ழு	12123
▁ବି	12124
fine	12125
piti	12126
▁alu	12127
▁المتحدة	12128
▁хак	12129
▁Questions	12130
▁Among	12131
การ	12132
xye	12133
\.	12134
ഞ	12135
▁failure	12136
▁praying	12137
ами	12138
▁ಸಂ	12139
လာ	12140
▁tohi	12141
▁proof	12142
▁bla	12143
▁sim	12144
▁river	12145
ិត	12146
ευ	12147
▁اوھين	12148
▁Yehovha	12149
spect	12150
▁Being	12151
ವೆ	12152
▁пе	12153
անք	12154
▁dayta	12155
HO	12156
▁abuse	12157
▁അവര്	12158
▁closely	12159
عه	12160
чак	12161
atan	12162
йн	12163
▁Color	12164
ràn	12165
さ	12166
▁হবে	12167
bulig	12168
roma	12169
▁Welcome	12170
▁raha	12171
▁frame	12172
▁агә	12173
▁divided	12174
▁payment	12175
▁ថា	12176
▁ទៅ	12177
ト	12178
▁ಶ	12179
ция	12180
ዙ	12181
▁ик	12182
өй	12183
ઇ	12184
▁feia	12185
7/	12186
▁cua	12187
▁15)	12188
সমূহ	12189
່ງ	12190
2005	12191
▁52	12192
▁Wait	12193
ືອ	12194
lē	12195
▁בילד	12196
▁board	12197
▁termin	12198
ax	12199
▁entitled	12200
把	12201
▁Land	12202
myaka	12203
▁fields	12204
قی	12205
▁surface	12206
▁pai	12207
▁ата	12208
▁dri	12209
saj	12210
▁بل	12211
▁undeserved	12212
▁worry	12213
ण्या	12214
TER	12215
▁guilty	12216
langan	12217
▁азы	12218
cs	12219
ಕೆ	12220
ISO	12221
▁være	12222
ados	12223
ሆነ	12224
▁strengthened	12225
ną	12226
PE	12227
▁mahimo	12228
▁ው	12229
▁nom	12230
▁Without	12231
ෙන්	12232
wä	12233
▁cy	12234
بین	12235
рон	12236
▁Bup	12237
▁tana	12238
سواء	12239
achd	12240
▁overseer	12241
▁taj	12242
ndang	12243
താ	12244
▁design	12245
▁mention	12246
fy	12247
▁Win	12248
ილ	12249
▁tzij	12250
xx	12251
ಷ್ಟ	12252
ಾನ	12253
▁ibu	12254
али	12255
ඳ	12256
анда	12257
▁rock	12258
▁मे	12259
ጀ	12260
▁4;	12261
▁گر	12262
ූ	12263
خل	12264
қу	12265
▁Хуыцау	12266
▁vali	12267
کر	12268
fr	12269
▁Ara	12270
▁Second	12271
▁Trans	12272
▁princip	12273
▁fulfill	12274
vå	12275
▁юл	12276
▁patut	12277
registr	12278
▁Dha	12279
dul	12280
gona	12281
▁policies	12282
VA	12283
▁yini	12284
▁итеп	12285
ана	12286
রি	12287
▁года	12288
▁spake	12289
ಸ್ತ	12290
вр	12291
▁manako	12292
▁marry	12293
ngelo	12294
▁sə	12295
▁minds	12296
аҭ	12297
▁ආ	12298
▁igi	12299
▁Arch	12300
ök	12301
▁કે	12302
ές	12303
▁vana	12304
▁Scripture	12305
▁өл	12306
▁wãwen	12307
ቐ	12308
ሲ	12309
▁şey	12310
။	12311
ፊ	12312
▁kamu	12313
kaw	12314
dä	12315
▁log	12316
▁Биз	12317
▁ایمان	12318
лем	12319
оуп	12320
通	12321
kayo	12322
▁ун	12323
▁gị	12324
▁logo	12325
▁Project	12326
ాన్ని	12327
▁gate	12328
velo	12329
▁creating	12330
▁grant	12331
▁келтир	12332
▁1990	12333
qßui	12334
我的	12335
▁starting	12336
除	12337
کھ	12338
Ro	12339
▁12)	12340
hwe	12341
▁repent	12342
άλ	12343
riya	12344
▁remaining	12345
▁tae	12346
▁missing	12347
▁sitting	12348
ଭ	12349
▁manda	12350
▁End	12351
▁Ý	12352
▁contrary	12353
▁Kudus	12354
▁concerns	12355
▁mmadụ	12356
▁үҙ	12357
▁Ó	12358
▁panahon	12359
▁նա	12360
там	12361
ـ	12362
▁អ្វី	12363
ool	12364
▁Hell	12365
בר	12366
nquil	12367
ัง	12368
更	12369
▁يې	12370
ായി	12371
▁wickedness	12372
ας	12373
ାଇ	12374
▁riba	12375
▁ndenge	12376
▁immorality	12377
».	12378
ခံ	12379
▁እንተ	12380
▁სი	12381
▁nima	12382
▁behavior	12383
жы	12384
ಲು	12385
▁ӗҫ	12386
▁Ndị	12387
知道	12388
此	12389
qqu	12390
▁panga	12391
რი	12392
▁ມາ	12393
ەن	12394
ຮ	12395
▁bà	12396
▁vala	12397
่ง	12398
▁13)	12399
год	12400
syn	12401
Why	12402
▁Through	12403
▁Amerika	12404
▁ilang	12405
▁tang	12406
File	12407
▁иткән	12408
▁permission	12409
▁ml	12410
მე	12411
▁ຕໍ່	12412
▁Bro	12413
گی	12414
▁Bibiliya	12415
▁সম্	12416
▁Kre	12417
▁מה	12418
▁kwal	12419
த்தை	12420
▁üz	12421
ໃ	12422
ሐ	12423
▁huru	12424
▁meri	12425
他们	12426
▁soldiers	12427
pito	12428
ဖြ	12429
μπ	12430
▁adda	12431
▁jā	12432
▁ពី	12433
▁dhéwé	12434
Ꮲ	12435
ऊ	12436
▁moon	12437
▁Kae	12438
Ն	12439
▁corrupt	12440
▁YOU	12441
▁cel	12442
▁gada	12443
▁House	12444
νο	12445
כן	12446
▁target	12447
▁widget	12448
ါ	12449
▁relations	12450
PI	12451
▁komi	12452
92	12453
ັງ	12454
мак	12455
usar	12456
▁ман	12457
nyama	12458
paa	12459
еү	12460
▁guess	12461
▁def	12462
▁amended	12463
berg	12464
▁funds	12465
ناس	12466
íocht	12467
kumi	12468
سر	12469
KI	12470
▁subjects	12471
ари	12472
▁גע	12473
▁pioneers	12474
▁attended	12475
chin	12476
之	12477
ကျ	12478
ന്നു	12479
▁pale	12480
▁համար	12481
fundi	12482
بۇ	12483
▁lexi	12484
▁fare	12485
▁organized	12486
▁ג	12487
ñija	12488
▁zhan	12489
▁թե	12490
గ్	12491
▁Ꭳ	12492
▁armij	12493
▁environmental	12494
дэ	12495
੍ਹਾਂ	12496
dagi	12497
fise	12498
▁waye	12499
▁scheme	12500
▁adamlar	12501
▁Tera	12502
▁verse	12503
▁èèyàn	12504
▁Ҫ	12505
▁taun	12506
гай	12507
▁સં	12508
ავ	12509
اند	12510
صد	12511
▁ideas	12512
▁seu	12513
▁nyadi	12514
▁initial	12515
yrt	12516
▁bor	12517
▁Без	12518
ങ്ങള	12519
▁Noonu	12520
hum	12521
posta	12522
▁dul	12523
▁touched	12524
▁fale	12525
ប់	12526
▁Jordan	12527
▁fucking	12528
84	12529
ስት	12530
▁ಗ	12531
ედ	12532
šta	12533
gul	12534
▁Má	12535
▁publishers	12536
vant	12537
orden	12538
▁wurde	12539
மாக	12540
▁တစ်	12541
▁north	12542
▁១	12543
ությունը	12544
▁finans	12545
મે	12546
çı	12547
YA	12548
lelo	12549
рез	12550
▁قىلىش	12551
▁ඉ	12552
lugu	12553
▁स्व	12554
▁ወይ	12555
▁ohipa	12556
ная	12557
лам	12558
▁shit	12559
essa	12560
▁Faith	12561
▁disbelievers	12562
▁sao	12563
tela	12564
фер	12565
▁birds	12566
آمد	12567
مت	12568
▁poz	12569
tation	12570
▁clubs	12571
▁ere	12572
PR	12573
▁jak	12574
▁Турӑ	12575
చే	12576
luta	12577
▁Korint	12578
mad	12579
▁နိုင်	12580
▁poku	12581
▁1996	12582
posi	12583
73	12584
ступ	12585
kl	12586
▁hira	12587
▁này	12588
▁acu	12589
▁suna	12590
▁និង	12591
▁bira	12592
ڕی	12593
▁Ра	12594
▁2017	12595
ኰ	12596
кат	12597
如	12598
▁Ger	12599
යක්	12600
▁Insert	12601
uzi	12602
▁burnt	12603
▁buli	12604
bata	12605
▁Spain	12606
▁island	12607
▁twenty	12608
zir	12609
▁Mode	12610
▁drop	12611
▁ਉਹ	12612
μο	12613
ời	12614
▁atene	12615
WA	12616
▁nim	12617
▁sono	12618
дилар	12619
▁Jack	12620
າມ	12621
yandi	12622
▁Os	12623
▁ongo	12624
▁origin	12625
рек	12626
▁Gentiles	12627
स्थ	12628
pital	12629
almente	12630
lø	12631
▁recognized	12632
▁teaches	12633
នា	12634
▁эс	12635
巴	12636
▁Anto	12637
جڏھن	12638
ವಾ	12639
جی	12640
▁tuga	12641
▁ах	12642
There	12643
▁छ	12644
శ్	12645
▁dike	12646
▁iron	12647
▁nanon	12648
زار	12649
Mu	12650
▁cäqui	12651
кен	12652
prov	12653
▁ጊዜ	12654
▁6)	12655
▁declare	12656
ዚህ	12657
▁göz	12658
Ҳ	12659
▁ᎾᏍᏉ	12660
▁quod	12661
larını	12662
▁recommended	12663
yinza	12664
کا	12665
▁nearly	12666
lab	12667
ствен	12668
ppen	12669
siling	12670
স্ত	12671
sih	12672
▁Both	12673
þ	12674
влак	12675
▁eum	12676
▁chur	12677
કો	12678
ཛ	12679
öv	12680
▁بات	12681
▁Ministry	12682
▁jadi	12683
▁buru	12684
кой	12685
▁тор	12686
▁goodness	12687
▁Properties	12688
mando	12689
▁1995	12690
▁سىلەرگە	12691
▁Report	12692
సి	12693
▁slaves	12694
ਫ	12695
▁culture	12696
▁булыр	12697
▁fri	12698
▁tap	12699
▁instruments	12700
▁まし	12701
▁nehenehe	12702
jil	12703
bɔ	12704
prav	12705
▁Vol	12706
bles	12707
кем	12708
▁impossible	12709
inter	12710
kop	12711
άρ	12712
▁NA	12713
▁dimoune	12714
▁emotional	12715
සු	12716
▁උ	12717
presenta	12718
dè	12719
ារ	12720
ပြု	12721
ப்பு	12722
▁الف	12723
▁Back	12724
▁tests	12725
▁ئۆز	12726
▁ഉ	12727
ھى	12728
▁ще	12729
▁institu	12730
▁marang	12731
▁بێت	12732
پى	12733
xar	12734
▁distress	12735
▁kehe	12736
▁ụ	12737
▁Spe	12738
▁वह	12739
▁carrying	12740
▁critical	12741
نيا	12742
▁treasure	12743
تې	12744
▁aktiv	12745
▁Mini	12746
▁المع	12747
כל	12748
▁Hy	12749
▁ದೇವರ	12750
toma	12751
▁concluded	12752
▁Cal	12753
ίας	12754
хан	12755
▁obtained	12756
ээн	12757
▁raa	12758
▁izin	12759
ಕ್ಕೆ	12760
ેલ	12761
▁пол	12762
不是	12763
▁Sc	12764
▁sinful	12765
How	12766
zeni	12767
جى	12768
05	12769
ڻي	12770
takla	12771
SL	12772
▁mwen	12773
▁clothes	12774
▁browser	12775
▁kongregasyon	12776
▁invest	12777
mbela	12778
▁നിങ്ങള്	12779
sera	12780
▁wild	12781
ыбыз	12782
Go	12783
▁Russian	12784
muntu	12785
▁resist	12786
▁ໃຊ້	12787
▁portion	12788
ষ্ট	12789
▁تھے	12790
ym	12791
▁GTK	12792
▁кир	12793
ný	12794
▁dark	12795
bá	12796
▁আর	12797
▁shut	12798
▁Ing	12799
mbang	12800
▁Gro	12801
▁Selection	12802
点	12803
िया	12804
▁lani	12805
▁гар	12806
gum	12807
83	12808
pikeun	12809
▁Red	12810
▁niini	12811
ẓ	12812
作	12813
▁butang	12814
jumi	12815
▁Japan	12816
উ	12817
வர்கள	12818
▁dari	12819
▁Programme	12820
nov	12821
▁kako	12822
▁pina	12823
▁مت	12824
▁North	12825
ույ	12826
ᎸᎩ	12827
▁5;	12828
äh	12829
▁Diyos	12830
▁injustice	12831
chan	12832
から	12833
▁baru	12834
რე	12835
▁edil	12836
ችሁ	12837
ప్ప	12838
ய்	12839
▁će	12840
▁Part	12841
▁Translation	12842
မြ	12843
▁oqo	12844
iyey	12845
▁لوگوں	12846
▁kawa	12847
▁drinking	12848
▁এক	12849
cional	12850
έχ	12851
megi	12852
▁ዜ	12853
▁hai	12854
▁26:	12855
ման	12856
▁regi	12857
▁anxiety	12858
gò	12859
tique	12860
▁چونکه	12861
2008	12862
ъл	12863
▁dose	12864
▁kiri	12865
idu	12866
▁Kristu	12867
▁majority	12868
vul	12869
▁bako	12870
pper	12871
▁tabernacle	12872
maya	12873
▁investment	12874
An	12875
▁George	12876
▁stones	12877
ndha	12878
وط	12879
▁Ég	12880
ტი	12881
▁Ре	12882
stem	12883
▁ඔයා	12884
▁refers	12885
/4	12886
▁Hezekiah	12887
ផ	12888
▁উপ	12889
ሆ	12890
үм	12891
▁Peace	12892
▁ebe	12893
▁Robert	12894
dla	12895
gata	12896
tip	12897
▁iwakken	12898
▁Hello	12899
▁សា	12900
ego	12901
ыгыз	12902
▁noda	12903
λά	12904
▁weapons	12905
/1	12906
dum	12907
yat	12908
ный	12909
dow	12910
▁instructions	12911
gali	12912
▁jalma	12913
▁Listen	12914
▁հետ	12915
ཅ	12916
bina	12917
▁mw	12918
ière	12919
▁China	12920
▁роз	12921
▁вӑл	12922
▁obtain	12923
сам	12924
▁zeal	12925
尔	12926
▁highly	12927
dag	12928
▁حال	12929
▁Abi	12930
гө	12931
bura	12932
ина	12933
ally	12934
చ్చ	12935
▁bó	12936
saga	12937
▁fakaako	12938
fel	12939
▁حه	12940
道	12941
óir	12942
▁ຫຍັງ	12943
▁Call	12944
ӗҫ	12945
ਏ	12946
▁шуыса	12947
rsu	12948
▁xcßajol	12949
▁spa	12950
▁width	12951
程	12952
بى	12953
▁prospect	12954
政府	12955
▁这	12956
▁fac	12957
▁objective	12958
提供	12959
▁Де	12960
ış	12961
ofi	12962
bora	12963
گى	12964
nimo	12965
nermi	12966
▁Bon	12967
▁Р	12968
亚	12969
▁sku	12970
▁ᏴᏫ	12971
hè	12972
▁lekisa	12973
▁dealing	12974
ӕстӕ	12975
▁sor	12976
▁pentru	12977
VI	12978
可以	12979
▁replace	12980
▁dry	12981
ោះ	12982
91	12983
оит	12984
▁adu	12985
ικά	12986
bwino	12987
றி	12988
▁quit	12989
▁anya	12990
ford	12991
த்தி	12992
▁Black	12993
▁olma	12994
zara	12995
ော်	12996
ශ	12997
▁applying	12998
talo	12999
▁12;	13000
▁lok	13001
funda	13002
ങ്ങ	13003
▁Log	13004
▁ਤੇ	13005
प्	13006
fte	13007
▁Ä	13008
▁aita	13009
iş	13010
mı	13011
▁ended	13012
ਆ	13013
▁attending	13014
▁pwo	13015
ڄ	13016
wit	13017
▁drug	13018
▁wedding	13019
個	13020
තා	13021
▁eke	13022
▁Franc	13023
▁gba	13024
yahay	13025
▁баш	13026
mpel	13027
ئن	13028
▁0,	13029
ետ	13030
ufa	13031
▁bila	13032
开	13033
▁በመ	13034
limi	13035
yini	13036
Imana	13037
اں	13038
ենք	13039
▁reign	13040
ksen	13041
▁Screen	13042
▁hen	13043
чно	13044
سو	13045
▁وقت	13046
▁terrible	13047
ané	13048
你的	13049
▁website	13050
▁kif	13051
ndung	13052
erit	13053
lygy	13054
▁lista	13055
онд	13056
▁Vor	13057
▁ڇا	13058
ۇل	13059
▁Nun	13060
▁diha	13061
ರೂ	13062
bati	13063
69	13064
πε	13065
ᎴᎢ	13066
bog	13067
式	13068
ří	13069
嗎	13070
▁Organization	13071
▁barada	13072
më	13073
пол	13074
▁bird	13075
මු	13076
pport	13077
▁arose	13078
▁email	13079
▁मी	13080
▁female	13081
▁Jean	13082
தை	13083
rson	13084
jumu	13085
▁merely	13086
▁kien	13087
▁Nothing	13088
▁رس	13089
▁ጸ	13090
▁asta	13091
тте	13092
▁aɖe	13093
▁ሲ	13094
▁importante	13095
61	13096
IF	13097
oní	13098
▁analysis	13099
▁ፈ	13100
yìn	13101
AU	13102
ਦੇ	13103
▁Preferences	13104
Ι	13105
▁haven	13106
▁Bill	13107
љ	13108
▁menm	13109
gew	13110
િત	13111
män	13112
▁pasal	13113
שי	13114
mali	13115
▁ھن	13116
ларини	13117
фо	13118
ето	13119
ଠ	13120
▁kamo	13121
▁focused	13122
ised	13123
aria	13124
كه	13125
▁დ	13126
ᎦᏔ	13127
▁jamyo	13128
▁Health	13129
▁10;	13130
тү	13131
nă	13132
▁gihe	13133
др	13134
ിക്കുന്ന	13135
▁Title	13136
▁မှာ	13137
ению	13138
▁izay	13139
▁stayed	13140
handel	13141
▁қилиб	13142
▁yalo	13143
ლო	13144
▁Abanan	13145
ଜ	13146
▁input	13147
▁17)	13148
▁limits	13149
mira	13150
ృ	13151
Ꮶ	13152
▁temptation	13153
خى	13154
ਾਹ	13155
yı	13156
chten	13157
enga	13158
▁επι	13159
▁achieve	13160
angan	13161
▁veni	13162
คุณ	13163
▁Bank	13164
▁şeýle	13165
▁ግን	13166
vän	13167
06	13168
▁Cristo	13169
▁satisfaction	13170
▁ຊ່ວຍ	13171
▁viewed	13172
wag	13173
▁vid	13174
Who	13175
▁მე	13176
print	13177
▁materials	13178
▁ئەگە	13179
ҙәр	13180
CA	13181
▁wood	13182
liko	13183
▁zaman	13184
▁Kirist	13185
elijk	13186
▁united	13187
ᏒᎩ	13188
▁bak	13189
▁Ехова	13190
אָר	13191
▁Kara	13192
شم	13193
ақәа	13194
▁arise	13195
▁laga	13196
▁kondi	13197
▁vyo	13198
▁کچھ	13199
ア	13200
▁قد	13201
شان	13202
▁retal	13203
хо	13204
weather	13205
CR	13206
▁mpenza	13207
ምን	13208
▁මම	13209
十	13210
▁center	13211
▁тэ	13212
טע	13213
▁Jezi	13214
▁куыд	13215
▁GIF	13216
twa	13217
▁Sihova	13218
jé	13219
่น	13220
дээ	13221
▁produc	13222
բեր	13223
▁మన	13224
▁omo	13225
▁fakamatala	13226
ырға	13227
▁popular	13228
▁fano	13229
▁tú	13230
ṣe	13231
рас	13232
基	13233
ða	13234
▁bik	13235
པའི་	13236
daj	13237
ৰণ	13238
cker	13239
▁ຂ້ອຍ	13240
▁itan	13241
▁maayo	13242
ուս	13243
▁Jehovap	13244
▁Super	13245
жда	13246
▁ple	13247
ოდ	13248
▁kop	13249
າດ	13250
▁pehē	13251
▁ಸಾ	13252
SO	13253
soma	13254
03	13255
த்	13256
▁дей	13257
▁ຢູ່	13258
szer	13259
▁parable	13260
mama	13261
▁stress	13262
nud	13263
ҡа	13264
cina	13265
▁Sign	13266
лд	13267
▁waxaan	13268
▁quick	13269
èt	13270
ojo	13271
▁yena	13272
▁naha	13273
мент	13274
ਂ	13275
خر	13276
▁%2$	13277
лған	13278
▁zai	13279
ቁ	13280
▁ఏ	13281
▁minimum	13282
ໍາ	13283
nó	13284
သား	13285
▁phải	13286
ڳ	13287
আপ	13288
▁ahaa	13289
▁faiga	13290
▁violent	13291
ngera	13292
▁boo	13293
kod	13294
sino	13295
rə	13296
inių	13297
ສາ	13298
▁sont	13299
ሆን	13300
ველ	13301
ட்டு	13302
▁izany	13303
▁Bondié	13304
br	13305
▁waaye	13306
дел	13307
▁Panel	13308
suku	13309
▁repentance	13310
▁các	13311
▁хар	13312
▁Yesus	13313
õj	13314
▁Frank	13315
▁Loko	13316
ජ	13317
ഞ്ഞ	13318
▁sugad	13319
comp	13320
▁куы	13321
đi	13322
▁Isaia	13323
ọn	13324
▁ของ	13325
▁mac	13326
▁administration	13327
దే	13328
▁speaks	13329
▁иу	13330
▁кам	13331
▁endla	13332
дов	13333
▁Spa	13334
bela	13335
▁kite	13336
▁رکھ	13337
持	13338
রে	13339
▁properly	13340
PP	13341
▁کسی	13342
▁Dad	13343
▁ڪريو	13344
▁Spi	13345
▁Ezekiel	13346
▁сур	13347
▁Amos	13348
ент	13349
▁thể	13350
ved	13351
▁proced	13352
▁released	13353
lunga	13354
▁қилган	13355
ற்க	13356
მო	13357
▁drawing	13358
▁discreet	13359
טער	13360
mentu	13361
σι	13362
▁kore	13363
▁ฉัน	13364
nụ	13365
▁bye	13366
▁sakey	13367
▁mira	13368
อยู่	13369
▁savo	13370
രി	13371
▁honest	13372
▁advance	13373
won	13374
▁prinsip	13375
▁facts	13376
▁distance	13377
prob	13378
▁تھا	13379
▁delle	13380
▁ወደ	13381
əyə	13382
▁clothing	13383
▁Hereafter	13384
ника	13385
Ӕ	13386
▁trai	13387
▁keys	13388
▁trained	13389
bulu	13390
▁Philippians	13391
▁piece	13392
▁Kin	13393
提	13394
BI	13395
▁boat	13396
▁divorce	13397
▁2018	13398
chal	13399
erte	13400
▁ထို	13401
▁baş	13402
▁formed	13403
▁tasks	13404
وش	13405
mpan	13406
▁цел	13407
ól	13408
▁ياخشى	13409
▁၁	13410
▁ну	13411
ņ	13412
▁နှင့်	13413
教	13414
ཀ	13415
్యా	13416
▁leads	13417
▁μέ	13418
解	13419
关于	13420
▁kap	13421
лӗх	13422
தே	13423
ให้	13424
▁ធ្វើ	13425
请	13426
▁terra	13427
時	13428
tuk	13429
▁green	13430
▁throw	13431
Ha	13432
器	13433
▁Menu	13434
▁turning	13435
▁West	13436
ttä	13437
este	13438
▁moo	13439
ម៉	13440
шӗн	13441
osi	13442
▁tapa	13443
▁بعد	13444
cript	13445
▁survive	13446
ิน	13447
▁ES	13448
▁như	13449
▁görkez	13450
▁przy	13451
▁aßin	13452
▁Juda	13453
▁nípa	13454
▁tomorrow	13455
▁خبر	13456
ять	13457
▁chixjunileb	13458
▁assi	13459
▁accomplish	13460
▁naßajej	13461
Artikolu	13462
▁diese	13463
▁өз	13464
化	13465
▁monitoring	13466
▁ọmọ	13467
▁studied	13468
mynd	13469
▁“[	13470
▁igin	13471
死	13472
▁cewa	13473
▁manera	13474
mij	13475
kite	13476
cala	13477
leyo	13478
ац	13479
▁እንዲ	13480
▁middle	13481
pari	13482
ator	13483
▁шын	13484
▁ilu	13485
62	13486
▁zvino	13487
▁téh	13488
õk	13489
ंड	13490
▁Մ	13491
48	13492
▁વિ	13493
тик	13494
▁BIBLE	13495
▁Vis	13496
▁ہوں	13497
▁ነበር	13498
▁kere	13499
▁Mun	13500
▁testimony	13501
инде	13502
▁gas	13503
ister	13504
ņem	13505
styr	13506
πα	13507
ļa	13508
stā	13509
▁cada	13510
▁juga	13511
یانه	13512
зеи	13513
arde	13514
titi	13515
助	13516
rzy	13517
▁evident	13518
▁scale	13519
ване	13520
▁pretty	13521
nyere	13522
gene	13523
ವರ	13524
ድር	13525
▁ҫинчен	13526
ಥ	13527
▁συν	13528
prod	13529
ვნ	13530
▁teh	13531
63	13532
iš	13533
▁unjust	13534
▁ئادەم	13535
mada	13536
anti	13537
දි	13538
▁телә	13539
ቆ	13540
মি	13541
▁yenna	13542
yanda	13543
▁skills	13544
▁нәрсә	13545
▁آسمان	13546
▁stor	13547
▁Timoteo	13548
▁sag	13549
▁မည်	13550
▁tura	13551
▁Mata	13552
cla	13553
μη	13554
▁13;	13555
အား	13556
EB	13557
▁count	13558
▁succeed	13559
▁sho	13560
啊	13561
മായ	13562
▁អា	13563
kö	13564
▁income	13565
▁tears	13566
其他	13567
erings	13568
ров	13569
ава	13570
▁companions	13571
▁connect	13572
▁ᎾᏍᎩᏯ	13573
рд	13574
rez	13575
nke	13576
දු	13577
▁Kur	13578
▁minute	13579
lya	13580
▁persona	13581
▁150	13582
тау	13583
▁Zoom	13584
▁duti	13585
ികള	13586
ການ	13587
цә	13588
ਲਾ	13589
ତି	13590
ции	13591
siz	13592
▁Rum	13593
ência	13594
හි	13595
ени	13596
ους	13597
▁instruction	13598
▁Og	13599
tlh	13600
▁shu	13601
▁conse	13602
nguva	13603
сер	13604
▁seriously	13605
▁وأ	13606
એ	13607
indi	13608
ಿತ	13609
36	13610
▁sinned	13611
▁ও	13612
▁%1$	13613
▁út	13614
▁fle	13615
чо	13616
▁mistakes	13617
▁gir	13618
▁gare	13619
്യ	13620
▁Tang	13621
hunahuna	13622
▁chat	13623
▁Ке	13624
▁row	13625
sport	13626
Ã	13627
ahinga	13628
கி	13629
▁yaco	13630
▁بده	13631
cßul	13632
▁issued	13633
ือ	13634
▁Levi	13635
▁moom	13636
▁adds	13637
quí	13638
гөн	13639
ਾਇ	13640
▁Whatever	13641
ţ	13642
▁år	13643
▁семейство	13644
ਦੀ	13645
▁helpful	13646
ᏙᎯ	13647
اط	13648
▁nulung	13649
▁tuo	13650
▁ڏانھن	13651
▁swear	13652
▁ᎠᏴ	13653
ious	13654
▁brain	13655
▁plain	13656
▁fundamental	13657
▁කරන්න	13658
▁Af	13659
җә	13660
isse	13661
▁south	13662
▁gue	13663
▁ýaly	13664
лын	13665
cra	13666
laş	13667
vou	13668
▁vain	13669
▁terminal	13670
جم	13671
kken	13672
▁Ю	13673
mət	13674
▁etdi	13675
▁toku	13676
سىلەر	13677
mų	13678
字	13679
ҷа	13680
▁көн	13681
рет	13682
▁saan	13683
▁arms	13684
▁Resurrection	13685
▁possess	13686
cem	13687
▁factor	13688
三	13689
jį	13690
▁কৰিব	13691
tivi	13692
见	13693
▁شک	13694
iyo	13695
szy	13696
▁Printer	13697
ере	13698
▁commercial	13699
▁stage	13700
▁Wu	13701
▁bè	13702
▁ဘ	13703
▁cards	13704
দা	13705
▁Dé	13706
арын	13707
所有	13708
▁مس	13709
sob	13710
ారు	13711
实	13712
وج	13713
ʹ	13714
যোগ	13715
▁Filter	13716
financ	13717
▁offerings	13718
▁час	13719
rel	13720
▁pick	13721
dige	13722
▁Jeg	13723
▁tuai	13724
▁ker	13725
▁Centre	13726
imwi	13727
▁freely	13728
sident	13729
็	13730
Қ	13731
estra	13732
tır	13733
▁fá	13734
ຫຼ	13735
نظر	13736
▁وی	13737
▁ਇਹ	13738
▁jag	13739
cana	13740
тары	13741
zie	13742
ӗнче	13743
حم	13744
▁মা	13745
▁Mil	13746
ှ	13747
лах	13748
▁kasance	13749
மை	13750
bun	13751
▁мал	13752
▁scientific	13753
zik	13754
▁rangi	13755
▁kini	13756
vie	13757
ndika	13758
لەرنى	13759
▁abundance	13760
")	13761
07	13762
▁samo	13763
▁ilay	13764
форм	13765
机	13766
sara	13767
▁aza	13768
▁mò	13769
▁musi	13770
They	13771
GE	13772
▁ኸም	13773
εται	13774
σεις	13775
▁Tin	13776
▁tapu	13777
▁tradi	13778
▁turns	13779
шуда	13780
▁êre	13781
▁хи	13782
▁victims	13783
▁булған	13784
▁उन	13785
яз	13786
▁tenā	13787
▁vehicle	13788
visi	13789
由	13790
▁ھڪ	13791
аҡ	13792
▁özü	13793
▁ҫын	13794
▁dwelling	13795
▁telah	13796
▁whosoever	13797
vert	13798
ரிய	13799
eme	13800
▁domestic	13801
▁تمہارے	13802
非	13803
▁anymore	13804
cßam	13805
при	13806
mbala	13807
▁ຮ	13808
▁ஏ	13809
▁beast	13810
دين	13811
▁edýär	13812
▁tetahi	13813
▁হয়	13814
▁ڏينھن	13815
▁seconds	13816
να	13817
әлә	13818
▁Standard	13819
▁деб	13820
▁Israhel	13821
დე	13822
▁بي	13823
ndisa	13824
mbisa	13825
ик	13826
ார்கள்	13827
bant	13828
▁FOR	13829
▁Apo	13830
▁bal	13831
▁increasing	13832
▁entertainment	13833
▁*.	13834
▁links	13835
edi	13836
Ν	13837
▁Levites	13838
▁Хо	13839
▁beste	13840
eho	13841
▁GNU	13842
▁نام	13843
▁characters	13844
ларын	13845
目	13846
ịrị	13847
▁customs	13848
▁شو	13849
▁kwambiri	13850
▁sistem	13851
▁Ruth	13852
ɣi	13853
▁tools	13854
▁difficulties	13855
য়ে	13856
▁immoral	13857
▁directed	13858
▁fara	13859
аст	13860
ন্ট	13861
▁kul	13862
▁lòt	13863
▁अछि	13864
kamba	13865
ох	13866
ۇر	13867
▁güe	13868
▁nemu	13869
గి	13870
ილი	13871
▁असे	13872
▁ਪਰ	13873
▁bhf	13874
term	13875
▁yá	13876
▁departed	13877
kà	13878
juma	13879
▁prices	13880
sett	13881
▁ton	13882
▁qe	13883
қә	13884
saba	13885
tege	13886
vice	13887
▁tumu	13888
ူး	13889
drag	13890
▁uh	13891
▁sese	13892
वे	13893
▁season	13894
чү	13895
ჱ	13896
сак	13897
▁mía	13898
▁دروست	13899
▁Kerisiano	13900
ச்	13901
kot	13902
sele	13903
相	13904
ங்க	13905
▁Section	13906
ндай	13907
ƙ	13908
▁establishing	13909
rer	13910
чӗ	13911
▁Ол	13912
▁rely	13913
▁render	13914
быз	13915
▁bond	13916
▁կարող	13917
▁esse	13918
▁panta	13919
ига	13920
meɛna	13921
▁messengers	13922
▁būti	13923
▁نش	13924
▁Uh	13925
▁kasta	13926
▁Chu	13927
▁station	13928
hag	13929
യും	13930
▁replied	13931
ће	13932
▁talo	13933
ਵੇ	13934
sien	13935
▁چو	13936
▁пулӑш	13937
▁14;	13938
▁rapport	13939
▁башка	13940
лага	13941
ترس	13942
▁bazali	13943
▁są	13944
▁цӕ	13945
▁გ	13946
йм	13947
业	13948
bud	13949
gong	13950
limba	13951
рга	13952
маган	13953
longo	13954
▁iye	13955
ниң	13956
▁belief	13957
▁believing	13958
tunga	13959
▁sources	13960
▁бүл	13961
▁caught	13962
▁huma	13963
▁alofa	13964
ikan	13965
غۇ	13966
▁rau	13967
οι	13968
▁Earth	13969
▁ինչ	13970
кон	13971
sker	13972
యా	13973
▁бид	13974
▁ono	13975
ಿಕ	13976
▁бўлган	13977
▁Ona	13978
ರಾ	13979
vere	13980
▁Mel	13981
güe	13982
▁Ž	13983
ந்து	13984
▁Pero	13985
говор	13986
▁Sometimes	13987
▁وسلم	13988
imu	13989
▁nije	13990
▁一	13991
▁Ꮻ	13992
мын	13993
shad	13994
▁supposed	13995
▁trong	13996
lili	13997
34	13998
াই	13999
टी	14000
▁outstanding	14001
דר	14002
නි	14003
▁آھيو	14004
sab	14005
▁Ubu	14006
▁dum	14007
▁governments	14008
▁Value	14009
աստ	14010
▁တော်	14011
▁պատ	14012
מי	14013
త్త	14014
▁eso	14015
ਲੇ	14016
رمان	14017
▁గ	14018
ردگار	14019
polo	14020
སྒྲིག	14021
▁meditate	14022
▁1994	14023
▁translated	14024
▁doonaa	14025
tuku	14026
▁bottom	14027
ᏍᎨᏍᏗ	14028
ργ	14029
▁хӑй	14030
кор	14031
▁saving	14032
▁Spanish	14033
▁Ս	14034
▁Try	14035
▁konn	14036
Х	14037
بة	14038
▁ئایا	14039
ès	14040
रू	14041
▁menye	14042
ämä	14043
ക്കാ	14044
eel	14045
▁ڕا	14046
يف	14047
фт	14048
▁بولغان	14049
هم	14050
viri	14051
▁Society	14052
▁street	14053
取	14054
மே	14055
▁avec	14056
ื	14057
▁само	14058
rì	14059
▁prior	14060
شود	14061
▁Keyboard	14062
mhair	14063
▁သင်	14064
ларнинг	14065
ੰਦ	14066
▁swo	14067
room	14068
▁ఒక	14069
▁priv	14070
▁centr	14071
ét	14072
tore	14073
▁مال	14074
ฉัน	14075
▁oor	14076
▁hän	14077
▁Galilee	14078
thar	14079
▁generations	14080
▁Samaria	14081
▁سن	14082
ូល	14083
బడ	14084
▁valor	14085
▁представ	14086
▁онҳо	14087
öz	14088
▁että	14089
▁features	14090
гла	14091
áà	14092
▁ég	14093
▁sele	14094
ంలో	14095
▁sending	14096
kry	14097
▁төр	14098
▁bilo	14099
takan	14100
▁ബ	14101
ladh	14102
▁kuka	14103
▁Zechariah	14104
▁corruption	14105
▁rivers	14106
▁describes	14107
versi	14108
ອບ	14109
เจ้า	14110
▁external	14111
▁cup	14112
▁ئۇنىڭ	14113
▁mun	14114
▁pae	14115
ικό	14116
usu	14117
jä	14118
▁Luc	14119
▁nuclear	14120
dzu	14121
maha	14122
mbula	14123
φορ	14124
aires	14125
ιστ	14126
▁Ун	14127
mol	14128
▁naswona	14129
何	14130
ënë	14131
kkel	14132
زم	14133
▁düşün	14134
ически	14135
▁aju	14136
▁күп	14137
▁sets	14138
め	14139
▁vessels	14140
ojn	14141
▁montre	14142
▁hundreds	14143
يال	14144
kaz	14145
BE	14146
ڊ	14147
▁yuko	14148
ጅ	14149
buru	14150
delse	14151
োৱা	14152
leme	14153
κε	14154
76	14155
ං	14156
ҙа	14157
▁ເພື່ອ	14158
▁મા	14159
žu	14160
▁husbands	14161
段	14162
рик	14163
▁onlícnes	14164
▁8;	14165
http	14166
▁bõk	14167
▁healthy	14168
▁väl	14169
Je	14170
ධ	14171
nse	14172
tonga	14173
▁OJ	14174
▁Articles	14175
وي	14176
▁kim	14177
▁planning	14178
▁پاس	14179
▁boys	14180
▁دە	14181
▁spades	14182
genda	14183
miso	14184
▁ᎢᏥ	14185
▁خۆیان	14186
▁dur	14187
▁pun	14188
ሴ	14189
▁τον	14190
▁Zeova	14191
▁andre	14192
hak	14193
阿	14194
▁jobs	14195
വേ	14196
▁conform	14197
▁omanu	14198
▁కొ	14199
ศ	14200
uraa	14201
▁Пре	14202
▁ئۇلارنى	14203
▁toki	14204
长	14205
▁טעקע	14206
дем	14207
fua	14208
ове	14209
▁nida	14210
▁milk	14211
skriv	14212
▁University	14213
ラ	14214
gamit	14215
قرار	14216
hindu	14217
▁Fund	14218
jør	14219
lingi	14220
алы	14221
▁Toolbar	14222
▁aç	14223
▁Google	14224
bâl	14225
ჯ	14226
рес	14227
нче	14228
▁رب	14229
чин	14230
നെ	14231
▁fenua	14232
لم	14233
▁ግ	14234
පු	14235
!)	14236
جێ	14237
▁já	14238
▁participation	14239
ነበረ	14240
eve	14241
▁eile	14242
haa	14243
Ә	14244
▁dys	14245
तु	14246
កា	14247
رش	14248
ӕл	14249
▁vend	14250
▁፤	14251
alis	14252
▁Mexico	14253
vesti	14254
▁laba	14255
▁ук	14256
▁Paia	14257
چە	14258
▁Acht	14259
бур	14260
知	14261
▁Language	14262
▁δεν	14263
ೃ	14264
ിപ്പ	14265
▁overseers	14266
mele	14267
іць	14268
▁iwi	14269
jat	14270
指	14271
נה	14272
▁strategy	14273
▁feels	14274
平	14275
дзӕн	14276
▁naye	14277
зин	14278
▁acting	14279
გა	14280
بح	14281
ार	14282
▁Details	14283
जा	14284
▁эпир	14285
fè	14286
▁fruitage	14287
▁lasting	14288
জা	14289
▁nira	14290
▁broke	14291
▁tavini	14292
▁prae	14293
ໂ	14294
inės	14295
toria	14296
▁channel	14297
▁properties	14298
▁wir	14299
soro	14300
▁degree	14301
ndet	14302
Ñ	14303
▁autori	14304
ģi	14305
▁мэд	14306
▁upright	14307
ŋu	14308
▁collection	14309
▁motu	14310
▁నీ	14311
system	14312
▁eya	14313
▁করুন	14314
▁Imagine	14315
▁addressed	14316
ысь	14317
ýet	14318
пи	14319
ಲ್	14320
▁لو	14321
▁ເມື່ອ	14322
ім	14323
mey	14324
▁nav	14325
▁yali	14326
▁grave	14327
ဂ	14328
找	14329
jisi	14330
▁obligations	14331
▁Ӕ	14332
дагы	14333
ထား	14334
▁describe	14335
▁faci	14336
izing	14337
diri	14338
ես	14339
аб	14340
▁hospital	14341
االله	14342
▁oba	14343
сько	14344
▁Imi	14345
▁hier	14346
shen	14347
تك	14348
▁detailed	14349
batan	14350
▁уҡ	14351
▁6;	14352
▁mature	14353
শন	14354
▁нарса	14355
yas	14356
verti	14357
бере	14358
▁prejudice	14359
▁zimene	14360
“.	14361
ռ	14362
▁herself	14363
▁nói	14364
▁biti	14365
tolo	14366
quer	14367
▁secular	14368
▁wear	14369
ення	14370
▁Light	14371
▁Eva	14372
ப்பட	14373
▁ауаа	14374
bunga	14375
▁atá	14376
pili	14377
▁movement	14378
வும்	14379
▁mabe	14380
ិន	14381
гоҳ	14382
▁east	14383
ади	14384
▁Àwọn	14385
▁fourth	14386
す	14387
نو	14388
iran	14389
dant	14390
▁affairs	14391
έρ	14392
meter	14393
ناو	14394
▁quia	14395
isten	14396
▁କରି	14397
ബ	14398
▁Deus	14399
▁пай	14400
▁Koma	14401
▁với	14402
ож	14403
And	14404
▁ר	14405
▁vide	14406
።	14407
sub	14408
АР	14409
mizi	14410
ığı	14411
ცხ	14412
▁ап	14413
▁کام	14414
үүд	14415
▁zina	14416
؟!	14417
▁ᎨᏎᏍᏗ	14418
itwa	14419
нат	14420
▁insight	14421
GI	14422
▁science	14423
▁ይህ	14424
▁Protocol	14425
▁agaga	14426
yisa	14427
કા	14428
Ꮏ	14429
▁yeah	14430
▁sä	14431
▁drugs	14432
డ్	14433
▁block	14434
▁skr	14435
94	14436
▁wai	14437
жә	14438
ವಾದ	14439
▁penga	14440
▁feast	14441
▁Wala	14442
▁Аллоҳнинг	14443
лаб	14444
ەي	14445
ଉ	14446
▁cares	14447
▁Paper	14448
▁munhu	14449
▁ᎢᏣ	14450
▁regards	14451
Jehova	14452
▁Jehobah	14453
dziko	14454
дек	14455
eṛ	14456
dele	14457
ڵێن	14458
ków	14459
▁Nem	14460
▁author	14461
▁അല്ലാഹു	14462
colo	14463
တော်	14464
▁structure	14465
sobola	14466
▁حق	14467
ngani	14468
जी	14469
▁قىلىپ	14470
▁Apakah	14471
клад	14472
▁आपल्या	14473
▁fho	14474
adas	14475
71	14476
▁aplica	14477
▁regula	14478
▁match	14479
▁grown	14480
▁Account	14481
sip	14482
▁Ilo	14483
▁objectives	14484
isk	14485
▁strengthening	14486
▁sell	14487
▁commands	14488
▁ප්	14489
vra	14490
▁16)	14491
▁widow	14492
▁bił	14493
ൃ	14494
▁filter	14495
▁leske	14496
▁waɗanda	14497
▁ҳара	14498
نجام	14499
ರಿ	14500
üş	14501
▁floor	14502
ҳи	14503
ināt	14504
▁Ireland	14505
▁applies	14506
անդ	14507
öl	14508
erto	14509
qı	14510
ű	14511
▁مثل	14512
▁complex	14513
▁dispon	14514
あ	14515
gero	14516
SP	14517
▁Jag	14518
▁maar	14519
47	14520
όν	14521
័យ	14522
Ki	14523
そ	14524
▁gwe	14525
கொண்ட	14526
32	14527
▁reer	14528
خی	14529
Ꮔ	14530
ży	14531
▁Kwa	14532
▁drew	14533
▁India	14534
ably	14535
▁മാ	14536
ઉ	14537
соб	14538
▁defini	14539
пад	14540
▁oc	14541
▁sax	14542
▁str	14543
▁زن	14544
▁ким	14545
▁زا	14546
יי	14547
▁career	14548
▁болгон	14549
▁curse	14550
▁kuata	14551
тка	14552
ив	14553
lì	14554
TR	14555
33	14556
mentar	14557
nã	14558
▁Top	14559
放	14560
qed	14561
▁اما	14562
өгө	14563
▁fighting	14564
ρε	14565
▁алыр	14566
եք	14567
▁sukila	14568
处	14569
▁lavi	14570
ጨ	14571
▁ຮູ້	14572
labor	14573
cco	14574
ể	14575
▁scriptures	14576
▁پەرۋەردىگارى	14577
▁gikan	14578
▁сана	14579
្យ	14580
หล	14581
роб	14582
▁assured	14583
▁жол	14584
рҭ	14585
▁Ala	14586
▁leaves	14587
▁ҫав	14588
kụ	14589
ropa	14590
cji	14591
▁adam	14592
安	14593
▁һәр	14594
▁những	14595
▁lugar	14596
▁Қа	14597
37	14598
▁کرو	14599
muna	14600
క్క	14601
ۋە	14602
▁Wise	14603
ures	14604
ట్	14605
▁cells	14606
▁twice	14607
ုပ်	14608
▁siti	14609
ев	14610
▁keeps	14611
stellen	14612
тәи	14613
▁reply	14614
▁Guutip	14615
teke	14616
achta	14617
▁કર	14618
▁distribution	14619
▁والم	14620
бри	14621
ดี	14622
▁tere	14623
▁32:	14624
▁represent	14625
▁sweet	14626
ჩ	14627
▁restore	14628
onta	14629
tangira	14630
▁34:	14631
▁చేయ	14632
▁mass	14633
▁wanna	14634
लो	14635
▁diamonds	14636
ттар	14637
▁akong	14638
▁interes	14639
▁sigur	14640
▁troubled	14641
িয়া	14642
2001	14643
▁perish	14644
▁нам	14645
ான்	14646
நா	14647
nega	14648
ົດ	14649
▁aspect	14650
▁determination	14651
δο	14652
▁biex	14653
стоя	14654
suar	14655
▁figure	14656
Эй	14657
▁victory	14658
tulu	14659
യി	14660
AG	14661
▁suitable	14662
▁ضرور	14663
ары	14664
ǽ	14665
▁profile	14666
āk	14667
▁malosi	14668
mą	14669
▁relation	14670
▁tuig	14671
ramid	14672
kami	14673
રો	14674
▁alak	14675
ன்ற	14676
▁lolo	14677
▁οι	14678
▁ӕр	14679
ór	14680
▁кан	14681
▁devices	14682
给	14683
▁bhfuil	14684
接	14685
▁loading	14686
▁sounds	14687
миз	14688
▁efter	14689
gbɔ	14690
▁sad	14691
ရှိ	14692
▁Global	14693
▁600	14694
stin	14695
bord	14696
▁representative	14697
ಂಡ	14698
▁keyboard	14699
▁Вы	14700
ngana	14701
▁favour	14702
▁stock	14703
рист	14704
သက်	14705
▁kuete	14706
▁taki	14707
▁ಕೊ	14708
▁buryo	14709
▁मि	14710
▁Had	14711
▁invite	14712
▁tasi	14713
设	14714
ۋ	14715
▁tad	14716
▁History	14717
38	14718
(2)	14719
spre	14720
elser	14721
▁finding	14722
▁Faa	14723
osta	14724
rett	14725
▁تک	14726
▁هاو	14727
▁suddenly	14728
▁labour	14729
▁sci	14730
▁apostol	14731
▁bus	14732
▁outcome	14733
▁вера	14734
▁regions	14735
▁ҳақ	14736
▁billion	14737
▁asawa	14738
▁arba	14739
▁identity	14740
▁શક	14741
▁cutan	14742
▁ажы	14743
▁comuni	14744
▁possi	14745
เธอ	14746
pare	14747
▁comme	14748
▁rulers	14749
ngila	14750
▁Jon	14751
没有	14752
رج	14753
бал	14754
▁competition	14755
▁deleted	14756
ຽນ	14757
▁tumau	14758
ёс	14759
बा	14760
▁Konqueror	14761
▁pursuant	14762
үнү	14763
▁icons	14764
▁zealous	14765
▁editor	14766
▁tahu	14767
▁debt	14768
uina	14769
dores	14770
stå	14771
tsy	14772
▁Mother	14773
cuânk	14774
സാ	14775
shti	14776
സം	14777
བཟོ	14778
▁fyrir	14779
زانی	14780
ুন	14781
▁Christendom	14782
վում	14783
keke	14784
▁closed	14785
ያት	14786
سي	14787
46	14788
nej	14789
▁देख	14790
▁heigoa	14791
▁kont	14792
▁fruits	14793
▁؟	14794
▁ше	14795
▁leh	14796
▁сиз	14797
打	14798
лэ	14799
ண்	14800
रण	14801
▁Power	14802
▁ເລື່ອງ	14803
يان	14804
▁Иеговӑ	14805
▁contract	14806
▁totoo	14807
▁Го	14808
ਮਾ	14809
以及	14810
▁මෙ	14811
▁1993	14812
▁preview	14813
خور	14814
ário	14815
figur	14816
ərə	14817
▁engage	14818
▁ਯਹੋਵਾਹ	14819
▁ใน	14820
▁contribution	14821
▁પા	14822
ruh	14823
▁osi	14824
virk	14825
гал	14826
conf	14827
zele	14828
▁enim	14829
▁driver	14830
ांना	14831
sọ	14832
ونه	14833
▁Ako	14834
▁Domini	14835
08	14836
▁officer	14837
ൽ	14838
▁Mawu	14839
ليک	14840
▁Tool	14841
ях	14842
ึ	14843
nyň	14844
美	14845
णे	14846
▁conclude	14847
▁lagu	14848
▁și	14849
һү	14850
▁Footnotes	14851
▁Latin	14852
ынан	14853
عد	14854
рем	14855
▁listened	14856
▁audi	14857
hera	14858
▁gli	14859
organ	14860
በር	14861
▁rose	14862
▁あ	14863
post	14864
дыг	14865
▁writer	14866
▁бик	14867
▁koaua	14868
▁kye	14869
▁wird	14870
▁domin	14871
▁Disable	14872
בו	14873
▁Explain	14874
▁fallen	14875
നി	14876
sanga	14877
ŵ	14878
රු	14879
малла	14880
ತ್	14881
▁ярҙам	14882
στη	14883
▁انہیں	14884
шат	14885
▁faithfully	14886
▁obligation	14887
▁Almighty	14888
▁kinds	14889
▁അവന്	14890
▁informed	14891
▁Var	14892
কার	14893
ᏎᎢ	14894
rata	14895
▁protected	14896
сэ	14897
ភាព	14898
yê	14899
▁kids	14900
▁resolve	14901
ᏅᎯ	14902
ผู้	14903
▁launch	14904
▁ότι	14905
▁ভ	14906
▁ချ	14907
ቂ	14908
ặ	14909
▁bow	14910
Ꮷ	14911
արդ	14912
banye	14913
თან	14914
တဲ့	14915
Ar	14916
TORS	14917
jär	14918
world	14919
Á	14920
▁songs	14921
لن	14922
ság	14923
▁beauty	14924
▁cloud	14925
▁दु	14926
ất	14927
▁mwana	14928
kol	14929
▁indicates	14930
جد	14931
▁hanya	14932
▁nta	14933
ект	14934
вој	14935
▁faaa	14936
íonn	14937
▁אתה	14938
▁شي	14939
टा	14940
▁representatives	14941
▁Department	14942
lü	14943
▁пулнӑ	14944
像	14945
▁پەيغەمبەر	14946
ībā	14947
▁Аллаһы	14948
mål	14949
▁magpa	14950
	14951
▁спо	14952
▁sonra	14953
Jo	14954
▁پاڻ	14955
טי	14956
▁ຮັກ	14957
▁vinn	14958
▁Preview	14959
▁გამო	14960
ыцы	14961
ുന്നു	14962
off	14963
▁funk	14964
▁هذا	14965
эв	14966
▁amat	14967
ለም	14968
▁നീ	14969
тгэ	14970
джы	14971
europe	14972
▁tuli	14973
▁scribes	14974
▁ብም	14975
▁bru	14976
这些	14977
lã	14978
▁Very	14979
▁attempt	14980
约	14981
▁Cancel	14982
ӗсене	14983
ppel	14984
▁dėl	14985
▁plu	14986
▁Waxaa	14987
pụ	14988
▁TRANSL	14989
▁peaceful	14990
▁том	14991
▁অব	14992
▁Access	14993
▁ач	14994
▁terus	14995
iyor	14996
ይሖዋ	14997
▁trusted	14998
šanu	14999
рым	15000
Ú	15001
ಂಬ	15002
based	15003
▁missionaries	15004
தா	15005
σε	15006
▁cometh	15007
ccion	15008
从	15009
ję	15010
▁crisis	15011
▁tribes	15012
▁caring	15013
▁¡	15014
▁svoj	15015
82	15016
быр	15017
сс	15018
▁port	15019
▁refuse	15020
▁Export	15021
ච	15022
Yehova	15023
queb	15024
llet	15025
aqq	15026
Kristu	15027
алар	15028
▁مون	15029
▁gotta	15030
▁dà	15031
して	15032
2011	15033
▁peu	15034
ensia	15035
▁burned	15036
વી	15037
▁whereas	15038
▁bolsa	15039
оно	15040
cije	15041
って	15042
▁Volume	15043
▁fakaasi	15044
▁kapati	15045
▁relates	15046
▁ýer	15047
▁appointment	15048
▁Ро	15049
▁pena	15050
▁ไม่	15051
ireo	15052
▁kaha	15053
▁२	15054
ผ	15055
▁ယေ	15056
▁biết	15057
2003	15058
MU	15059
▁sides	15060
ಕ್	15061
şan	15062
▁ചെയ്യ	15063
ighed	15064
▁energi	15065
▁کن	15066
ambi	15067
ង់	15068
▁Hand	15069
▁seat	15070
tulong	15071
ischen	15072
▁requests	15073
▁เรา	15074
eɣ	15075
▁ድማ	15076
▁babe	15077
▁ivyo	15078
▁juon	15079
▁kapit	15080
▁ფ	15081
81	15082
▁criteria	15083
▁privileges	15084
▁administra	15085
▁mange	15086
▁popo	15087
▁Luk	15088
▁alcohol	15089
njalo	15090
unt	15091
▁күр	15092
еиԥш	15093
уда	15094
▁galuega	15095
়	15096
вал	15097
▁પર	15098
▁لای	15099
▁Put	15100
▁hay	15101
▁differences	15102
gger	15103
▁Max	15104
▁လူ	15105
▁කර	15106
▁tz	15107
▁ಒ	15108
ịa	15109
▁connected	15110
▁khi	15111
▁оят	15112
▁involve	15113
▁senti	15114
nish	15115
▁heat	15116
risa	15117
▁shame	15118
▁considering	15119
bare	15120
▁stronger	15121
punkt	15122
िका	15123
▁administrative	15124
હે	15125
▁ପାଇଁ	15126
ク	15127
見	15128
from	15129
שו	15130
▁flee	15131
מה	15132
▁қол	15133
ंद	15134
kommen	15135
▁miss	15136
▁lock	15137
▁Jonathan	15138
▁Likewise	15139
▁họ	15140
czi	15141
▁dispos	15142
▁restr	15143
€	15144
▁White	15145
▁hoo	15146
▁prophecies	15147
▁Answer	15148
ቹ	15149
▁če	15150
▁иймон	15151
▁complet	15152
้น	15153
каш	15154
elli	15155
▁Colossians	15156
▁falu	15157
Finnish	15158
ሑ	15159
▁εκ	15160
▁owner	15161
ਯ	15162
▁fresh	15163
fet	15164
сия	15165
▁Iki	15166
▁Replace	15167
▁grief	15168
▁တွင်	15169
▁tulaga	15170
ŝ	15171
гээ	15172
▁చ	15173
▁köp	15174
方面	15175
今	15176
▁fuck	15177
alaj	15178
▁bl	15179
▁Numa	15180
▁பி	15181
lende	15182
▁आपण	15183
▁ຕ້ອງ	15184
muka	15185
▁کار	15186
▁ধ	15187
▁сай	15188
سۇن	15189
оҳи	15190
umwi	15191
nä	15192
aŭ	15193
ಿದ	15194
▁ਵੀ	15195
раш	15196
nego	15197
lep	15198
่อ	15199
▁queen	15200
ppi	15201
や	15202
▁ook	15203
▁Tak	15204
CC	15205
务	15206
dood	15207
dà	15208
▁idols	15209
▁پي	15210
▁gaga	15211
▁এটা	15212
▁fēfē	15213
▁قیام	15214
▁calm	15215
▁пос	15216
▁kontrol	15217
▁merciful	15218
▁forced	15219
жд	15220
▁ọzọ	15221
lő	15222
▁pole	15223
fara	15224
angá	15225
▁υπ	15226
หน	15227
work	15228
▁bagi	15229
	15230
▁ነገር	15231
▁bones	15232
ષ	15233
ፈል	15234
ስተ	15235
halt	15236
▁Mwa	15237
▁аха	15238
▁leri	15239
▁bilang	15240
ኔ	15241
▁chiruheb	15242
ҫӗ	15243
▁joint	15244
▁emi	15245
гер	15246
ofa	15247
▁responded	15248
that	15249
▁απο	15250
ᏍᏕ	15251
▁Lok	15252
▁ᏂᎨᏒᎾ	15253
▁lâex	15254
▁азоб	15255
▁constantly	15256
fic	15257
▁nagapa	15258
▁Total	15259
▁film	15260
▁Certificate	15261
▁kwalok	15262
▁ᏥᎩ	15263
▁ዘሎ	15264
▁ಅವರ	15265
▁ಹೇಳ	15266
▁rồi	15267
ッ	15268
▁wen	15269
▁эди	15270
#	15271
гон	15272
▁Das	15273
лиги	15274
74	15275
ต้อง	15276
▁ڕاست	15277
ڀ	15278
kunda	15279
▁officials	15280
▁ở	15281
uhi	15282
▁(4)	15283
pré	15284
▁]	15285
93	15286
▁bagay	15287
▁пы	15288
loko	15289
сиз	15290
ului	15291
visa	15292
ǫ	15293
▁Brazil	15294
ുടെ	15295
niar	15296
▁struggle	15297
▁okuba	15298
▁yéen	15299
▁mitaki	15300
ifik	15301
44	15302
konzya	15303
▁healed	15304
原	15305
Ꮀ	15306
▁τις	15307
يب	15308
▁пайда	15309
lista	15310
▁anxious	15311
▁daripada	15312
▁Status	15313
▁criminal	15314
▁kuatisa	15315
▁filii	15316
▁huge	15317
كا	15318
رم	15319
▁marked	15320
ghe	15321
▁pictures	15322
оо	15323
▁substance	15324
▁ᎤᎬᏫᏳᎯ	15325
▁dress	15326
▁булып	15327
▁tamata	15328
▁Eden	15329
▁stuff	15330
▁ኸ	15331
▁ipa	15332
▁eza	15333
ିକ	15334
▁بہت	15335
▁surprise	15336
▁kann	15337
་བྱེད་	15338
▁ਕੀ	15339
ွက်	15340
對	15341
ɣa	15342
▁Mail	15343
дың	15344
lman	15345
▁chara	15346
▁Инмар	15347
دد	15348
рах	15349
imong	15350
▁Hal	15351
▁warn	15352
▁werk	15353
อน	15354
വി	15355
▁debe	15356
▁dialog	15357
▁BE	15358
ின	15359
ksa	15360
▁Chile	15361
utta	15362
▁الأمم	15363
▁Он	15364
script	15365
▁blue	15366
▁poro	15367
pura	15368
▁داد	15369
▁index	15370
▁Full	15371
ๆ	15372
▁Datei	15373
▁Jen	15374
▁መጽሓፍ	15375
toq	15376
▁prav	15377
ēt	15378
▁тар	15379
▁wannan	15380
DO	15381
য	15382
▁ᏂᎯ	15383
mam	15384
ажә	15385
lj	15386
യ്	15387
▁recommendations	15388
▁Switch	15389
▁revelations	15390
නා	15391
łu	15392
▁EC	15393
▁اسرائیل	15394
ախ	15395
▁pannaka	15396
banda	15397
καν	15398
ապ	15399
▁لیے	15400
▁nén	15401
▁Local	15402
▁Down	15403
▁Агар	15404
ତା	15405
▁xbêneb	15406
▁ሰብ	15407
ют	15408
udio	15409
ams	15410
▁pamilya	15411
оп	15412
▁Allow	15413
pana	15414
▁establishment	15415
▁kitsoz	15416
ative	15417
ự	15418
Матф	15419
وح	15420
ӕгъ	15421
▁ví	15422
पा	15423
▁1992	15424
▁dó	15425
▁fled	15426
ธ	15427
▁inclu	15428
ләргә	15429
რჲ	15430
▁trip	15431
▁mwakuri	15432
▁inherit	15433
rate	15434
▁azy	15435
▁Gusti	15436
Time	15437
ᏰᎸ	15438
iah	15439
▁1919	15440
▁pointed	15441
лак	15442
ులు	15443
చూ	15444
دہ	15445
ٹھ	15446
كار	15447
▁Gospel	15448
▁Pilate	15449
azione	15450
িয়ে	15451
▁watching	15452
▁Charles	15453
አምላክ	15454
ত্ৰ	15455
ығыҙ	15456
ിൽ	15457
▁reirei	15458
mong	15459
ҳар	15460
iswa	15461
signa	15462
dyondz	15463
lec	15464
inė	15465
▁пӑх	15466
▁suo	15467
▁ເຖິງ	15468
▁اپنی	15469
зэ	15470
ээс	15471
▁guarantee	15472
▁Baibara	15473
Type	15474
paat	15475
аль	15476
huku	15477
നു	15478
▁mistake	15479
▁woon	15480
▁lenge	15481
▁ruin	15482
▁వారి	15483
▁conducted	15484
ঞ	15485
տեղ	15486
▁igihe	15487
Γ	15488
▁۱	15489
▁wayen	15490
ỏ	15491
şe	15492
лэг	15493
2006	15494
▁initiative	15495
cun	15496
▁Yn	15497
lari	15498
▁alert	15499
ਅ	15500
फ़	15501
itate	15502
ങ്ങൾ	15503
suk	15504
cara	15505
▁fò	15506
▁'%1	15507
▁Brasero	15508
▁அவர்	15509
▁komo	15510
identifi	15511
område	15512
tì	15513
act	15514
שט	15515
因	15516
▁atau	15517
yə	15518
▁district	15519
▁glorify	15520
▁bụrụ	15521
ання	15522
▁ekonomi	15523
шка	15524
▁gbogbo	15525
ries	15526
pul	15527
▁foar	15528
▁الص	15529
றை	15530
лов	15531
▁чор	15532
ymyz	15533
▁kho	15534
▁Yezu	15535
▁puhala	15536
▁վեր	15537
ił	15538
ios	15539
rha	15540
私	15541
▁shot	15542
▁possession	15543
әл	15544
ṛen	15545
▁professional	15546
ाय	15547
மான	15548
▁mount	15549
æl	15550
▁interna	15551
社会	15552
daro	15553
voq	15554
▁xubij	15555
ndawo	15556
uar	15557
цца	15558
lərin	15559
balik	15560
▁คุณ	15561
▁ndlela	15562
▁adultery	15563
вен	15564
тери	15565
▁איז	15566
▁Ent	15567
ଟି	15568
ылган	15569
ษ	15570
તો	15571
Open	15572
тат	15573
ጎ	15574
مەن	15575
▁Ecclesiastes	15576
حی	15577
ฮ	15578
▁Christianity	15579
▁નથી	15580
少	15581
ṛuḥ	15582
Our	15583
ምር	15584
たち	15585
▁نیه	15586
пар	15587
yaw	15588
▁shortcut	15589
▁400	15590
▁cultural	15591
▁барои	15592
2010	15593
түү	15594
kje	15595
ēj	15596
рим	15597
ഫ	15598
▁над	15599
\3	15600
尼	15601
▁الش	15602
▁сал	15603
▁երկ	15604
▁Яҙма	15605
pró	15606
လည်း	15607
▁demand	15608
ਿਆਂ	15609
▁organ	15610
imba	15611
▁այդ	15612
Ꮘ	15613
ව්	15614
▁OK	15615
FF	15616
lərini	15617
ður	15618
ёр	15619
धी	15620
ighet	15621
şti	15622
▁بخش	15623
▁እውን	15624
▁radi	15625
මි	15626
▁Izi	15627
llugu	15628
яв	15629
▁Av	15630
ન્	15631
▁อ	15632
▁στην	15633
▁چیز	15634
พวก	15635
elwe	15636
นะ	15637
▁байсан	15638
kisi	15639
办	15640
▁Het	15641
▁andere	15642
आ	15643
mist	15644
لارغا	15645
ŵa	15646
▁wanda	15647
ఫ	15648
၌	15649
▁Three	15650
▁Chapter	15651
õr	15652
ಕ್ಕ	15653
▁jerbal	15654
▁Anda	15655
▁delay	15656
rz	15657
▁yap	15658
աք	15659
着	15660
ката	15661
▁нэг	15662
saar	15663
▁నేను	15664
свя	15665
vær	15666
adto	15667
▁Guuti	15668
▁fh	15669
▁extended	15670
▁тан	15671
▁bwo	15672
ସ୍ଥ	15673
▁Кор	15674
▁stick	15675
▁murder	15676
▁fishing	15677
ություններ	15678
ጊ	15679
▁magh	15680
▁сез	15681
感	15682
про	15683
▁tatau	15684
▁illness	15685
▁independent	15686
ಕರ	15687
▁mouse	15688
▁ntchito	15689
dür	15690
ради	15691
pala	15692
▁හැ	15693
▁desired	15694
▁ئۇنى	15695
▁pagal	15696
▁አን	15697
▁mafa	15698
עס	15699
lamu	15700
▁يول	15701
色	15702
▁Ef	15703
▁ور	15704
▁gor	15705
mvu	15706
ggio	15707
kaba	15708
को	15709
อย่าง	15710
▁opposite	15711
góó	15712
▁daha	15713
эз	15714
mäge	15715
слов	15716
▁дин	15717
▁كې	15718
ستن	15719
hod	15720
▁lika	15721
▁commission	15722
▁Audio	15723
ësh	15724
aithe	15725
▁бэ	15726
ኦ	15727
▁assurance	15728
mond	15729
grund	15730
nell	15731
ám	15732
օր	15733
▁finish	15734
alidad	15735
▁programs	15736
▁disabled	15737
тың	15738
方案	15739
准	15740
▁edip	15741
▁grupo	15742
ksyon	15743
ứ	15744
хир	15745
▁rooms	15746
▁கு	15747
▁projekt	15748
▁fekau	15749
▁kontra	15750
▁Ст	15751
riro	15752
יל	15753
fica	15754
रि	15755
▁happening	15756
Э	15757
▁کۆ	15758
▁Ðe	15759
pika	15760
áu	15761
Å	15762
ัก	15763
▁нимә	15764
▁xcuanquil	15765
▁compr	15766
нун	15767
Ju	15768
ical	15769
▁Pole	15770
▁decades	15771
sian	15772
▁ico	15773
jö	15774
ཟ	15775
包括	15776
tzeko	15777
▁avel	15778
▁mare	15779
▁tipo	15780
ukuri	15781
मी	15782
Keep	15783
грам	15784
▁joyful	15785
▁discovered	15786
管理	15787
▁compa	15788
ിട്ട	15789
▁trash	15790
য়া	15791
gä	15792
▁mur	15793
▁ኢዩ	15794
ىم	15795
utaki	15796
ырга	15797
ád	15798
▁Sang	15799
નું	15800
acaq	15801
改	15802
▁resource	15803
вест	15804
▁peri	15805
ība	15806
▁మీ	15807
גע	15808
▁fanau	15809
tiko	15810
▁gute	15811
▁mande	15812
▁ذلك	15813
▁ਜਾ	15814
▁beat	15815
▁Year	15816
▁Knowing	15817
▁دار	15818
▁iango	15819
▁noma	15820
▁nähili	15821
▁Prov	15822
▁riq	15823
▁bou	15824
▁аңла	15825
ats	15826
terne	15827
lıq	15828
▁Kra	15829
▁waray	15830
▁ເອ	15831
ូរ	15832
▁hann	15833
▁levu	15834
kɔ	15835
inə	15836
▁choices	15837
voj	15838
feka	15839
simi	15840
▁අපි	15841
▁កម្មវិធី	15842
liwa	15843
▁Аха	15844
▁interesting	15845
▁Res	15846
оқ	15847
ਭ	15848
идан	15849
▁Download	15850
55	15851
ಕಾರ	15852
▁Draw	15853
дей	15854
нга	15855
ົບ	15856
тин	15857
▁ут	15858
▁Journal	15859
▁vagy	15860
▁Foto	15861
▁vidi	15862
▁Contents	15863
▁inay	15864
ഒ	15865
▁Dit	15866
əcək	15867
CD	15868
些	15869
种	15870
www	15871
▁kuva	15872
▁buku	15873
кар	15874
▁Code	15875
রণ	15876
▁variety	15877
łącz	15878
▁toolbar	15879
▁کہا	15880
走	15881
▁Dat	15882
▁dass	15883
ሎም	15884
▁לי	15885
▁dokumento	15886
tọ	15887
▁това	15888
▁buka	15889
ഡ	15890
غىن	15891
hụ	15892
geme	15893
▁нисек	15894
▁allowing	15895
IK	15896
▁جيڪو	15897
▁Support	15898
ቶም	15899
▁போ	15900
ىگە	15901
▁être	15902
▁fade	15903
▁multiple	15904
▁qualified	15905
మే	15906
▁déc	15907
▁passing	15908
▁restored	15909
▁вӗрен	15910
ንም	15911
▁expressions	15912
▁kë	15913
Pre	15914
▁kindly	15915
ọọ	15916
告	15917
лон	15918
▁Micah	15919
▁yidhi	15920
ktu	15921
▁accomplished	15922
pâb	15923
▁kömek	15924
▁Know	15925
▁represented	15926
▁Mrs	15927
quam	15928
▁хэл	15929
dò	15930
▁Deuteronomy	15931
▁тў	15932
▁ናብ	15933
ions	15934
金	15935
స్తు	15936
▁artikkel	15937
▁anpil	15938
▁Aka	15939
▁منجھ	15940
ຽ	15941
ۋەت	15942
▁innocent	15943
ине	15944
ови	15945
▁хуш	15946
уға	15947
▁erit	15948
▁facilities	15949
▁Bet	15950
ᎲᎢ	15951
باشد	15952
ungs	15953
ນາ	15954
କର	15955
▁judges	15956
▁Teach	15957
වු	15958
മ്മ	15959
ός	15960
▁Filip	15961
▁ஒ	15962
langi	15963
шин	15964
▁reform	15965
▁kõj	15966
▁asara	15967
Й	15968
ность	15969
ори	15970
▁XML	15971
мин	15972
▁inner	15973
Jesu	15974
▁ayen	15975
▁signed	15976
▁tim	15977
▁maboko	15978
▁believes	15979
▁objects	15980
只	15981
lù	15982
pụta	15983
sque	15984
ця	15985
▁пов	15986
үче	15987
ште	15988
▁sunu	15989
▁twi	15990
▁പി	15991
رێت	15992
PO	15993
mă	15994
▁todos	15995
ுவ	15996
qatigi	15997
▁mund	15998
stil	15999
իկ	16000
▁miracles	16001
Ġ	16002
ოთ	16003
చు	16004
råd	16005
▁walay	16006
▁popia	16007
ҵара	16008
stö	16009
yaka	16010
tare	16011
▁үйл	16012
▁ਇਕ	16013
▁strike	16014
tő	16015
ቶች	16016
kanye	16017
ила	16018
ິນ	16019
▁25.	16020
▁ឯកសារ	16021
prof	16022
▁comment	16023
ஜ	16024
dudu	16025
รู้	16026
تها	16027
ении	16028
▁yiwen	16029
▁ସନ୍ଦେଶ	16030
▁چيو	16031
کند	16032
వారు	16033
▁reaction	16034
ြ	16035
▁деген	16036
ļu	16037
foto	16038
trato	16039
dyn	16040
ப்பட்ட	16041
▁Anh	16042
မည်	16043
▁Again	16044
▁Tó	16045
▁extension	16046
▁aț	16047
sani	16048
▁%1.	16049
▁Mukaddes	16050
▁ᎠᏎᏃ	16051
▁abroad	16052
inni	16053
▁faaite	16054
▁Xe	16055
▁გვ	16056
ସ୍ତ	16057
▁"%1"	16058
▁Author	16059
laba	16060
▁ብዛዕባ	16061
▁satisfied	16062
▁พระ	16063
ናት	16064
xɔ	16065
▁ᎤᏁ	16066
▁modest	16067
▁liber	16068
UT	16069
别	16070
ڙو	16071
▁Pet	16072
可能	16073
▁ဆို	16074
▁vano	16075
▁Zvi	16076
▁enti	16077
cula	16078
▁Tongana	16079
▁disse	16080
▁badan	16081
▁Calendar	16082
້ນ	16083
▁feature	16084
▁Þ	16085
title	16086
كو	16087
▁cả	16088
快	16089
ium	16090
Α	16091
▁Russia	16092
▁dogan	16093
▁ngkana	16094
▁reminded	16095
▁yoon	16096
▁ພະເຈົ້າ	16097
дун	16098
▁Bíbélì	16099
▁taeka	16100
ҙар	16101
▁quiet	16102
▁ແບບ	16103
▁Management	16104
վել	16105
prop	16106
ял	16107
จาก	16108
▁Бе	16109
▁svar	16110
نێ	16111
他們	16112
ists	16113
▁kosala	16114
▁Chan	16115
ey	16116
▁reporting	16117
тра	16118
▁хеҙмәт	16119
檔案	16120
▁Medi	16121
▁hatred	16122
▁ហើយ	16123
nog	16124
ụzọ	16125
▁Phil	16126
▁ດີ	16127
▁database	16128
bè	16129
▁reduced	16130
iweke	16131
▁ᎤᎵ	16132
▁ада	16133
éré	16134
▁speci	16135
▁জন্য	16136
情	16137
▁minu	16138
нда	16139
isation	16140
ира	16141
▁tres	16142
▁whatsoever	16143
▁climate	16144
▁agenda	16145
▁gata	16146
▁иаа	16147
សេ	16148
HE	16149
၏။	16150
OK	16151
▁nove	16152
▁ᎢᏳᏍᏗ	16153
▁كه	16154
▁قه	16155
չ	16156
▁የሚያ	16157
▁noho	16158
▁chixjunil	16159
▁internet	16160
你們	16161
teka	16162
Bu	16163
sisi	16164
ائی	16165
2012	16166
vano	16167
▁söz	16168
gbó	16169
hgo	16170
▁tõ	16171
▁第	16172
▁admonition	16173
ması	16174
▁threat	16175
▁kino	16176
▁kakai	16177
ᏍᏛ	16178
ANG	16179
▁loud	16180
▁porta	16181
▁Mom	16182
▁دن	16183
▁baro	16184
jung	16185
▁જો	16186
לו	16187
ίσ	16188
▁contributions	16189
▁Study	16190
▁албатта	16191
ົມ	16192
▁qə	16193
▁سال	16194
▁です	16195
طة	16196
▁ила	16197
▁31.	16198
▁direktiv	16199
mbira	16200
▁compare	16201
▁Greece	16202
ії	16203
▁gis	16204
动	16205
ление	16206
হা	16207
▁kinahanglan	16208
جن	16209
▁specify	16210
▁تێ	16211
Рим	16212
▁Ə	16213
▁خواهم	16214
▁cool	16215
▁pita	16216
ጡ	16217
ability	16218
▁cattle	16219
▁Eiropas	16220
▁viv	16221
▁ຊາ	16222
വും	16223
▁түгел	16224
కో	16225
▁سچ	16226
▁क्या	16227
▁ditu	16228
зна	16229
▁ukon	16230
ಮಾಡ	16231
情况	16232
▁Trash	16233
▁Jisu	16234
ڵکی	16235
▁амал	16236
ở	16237
▁hver	16238
▁stat	16239
ӗсем	16240
▁plants	16241
▁کردووه	16242
исти	16243
source	16244
ament	16245
▁ҫак	16246
rede	16247
移	16248
maq	16249
▁involving	16250
▁soki	16251
▁זיך	16252
անց	16253
▁maki	16254
▁अपने	16255
gbà	16256
需要	16257
▁ຄໍາພີ	16258
▁ruling	16259
▁vow	16260
කා	16261
▁thế	16262
iCal	16263
▁constant	16264
▁1"	16265
mbro	16266
▁මේ	16267
▁siata	16268
ổ	16269
CP	16270
roro	16271
▁beneficial	16272
▁Herod	16273
▁spiritu	16274
མི་ཐུབ་པ	16275
▁usu	16276
▁kple	16277
лама	16278
▁appeal	16279
▁Italian	16280
▁leader	16281
ندي	16282
ിരിക്ക	16283
ڄاڻ	16284
፦	16285
һын	16286
ôr	16287
▁quoted	16288
த்தில்	16289
!»	16290
▁highest	16291
▁generally	16292
şə	16293
ىدىن	16294
▁حکم	16295
rgi	16296
ਾਈ	16297
▁deaf	16298
over	16299
联	16300
pupu	16301
▁notification	16302
▁grain	16303
▁kumbe	16304
द्ध	16305
▁என்று	16306
▁selfish	16307
再	16308
ít	16309
ible	16310
▁bida	16311
▁دڵ	16312
▁ពេល	16313
▁rya	16314
▁iá	16315
▁Кү	16316
▁comh	16317
ünü	16318
ವೇ	16319
▁مەن	16320
र्थ	16321
▁تح	16322
▁stream	16323
ဖ	16324
зі	16325
pada	16326
▁rebellion	16327
▁acted	16328
rong	16329
▁familiar	16330
▁Из	16331
▁willingly	16332
ภ	16333
Regolament	16334
▁babo	16335
▁câ	16336
▁reveals	16337
ਉ	16338
íoc	16339
SU	16340
▁తన	16341
อะไร	16342
▁ਪ੍ਰ	16343
ề	16344
▁Este	16345
▁profit	16346
▁эшләр	16347
كەن	16348
▁ambeni	16349
ଥ	16350
ந	16351
▁facing	16352
▁စေ	16353
▁уу	16354
նում	16355
ပြော	16356
▁هم	16357
ούν	16358
heit	16359
▁bukai	16360
EX	16361
ద్ద	16362
ły	16363
▁operating	16364
▁previously	16365
ଫ	16366
▁jako	16367
amin	16368
▁хат	16369
Allah	16370
▁بچ	16371
▁Women	16372
▁fru	16373
▁kij	16374
▁kpe	16375
די	16376
zere	16377
▁messenger	16378
gwi	16379
▁Jehovha	16380
▁firmly	16381
▁conventions	16382
ൈ	16383
schap	16384
▁Кон	16385
▁seventh	16386
▁ends	16387
▁Lâin	16388
kàn	16389
▁machine	16390
▁ساخت	16391
εις	16392
▁dh	16393
gine	16394
▁Ngo	16395
▁Ո	16396
▁Allahın	16397
った	16398
ҳәо	16399
▁その	16400
▁ئازاب	16401
حي	16402
▁claims	16403
▁algun	16404
cuan	16405
ဇ	16406
▁edit	16407
▁penge	16408
ath	16409
▁aim	16410
oji	16411
คร	16412
▁hàn	16413
suka	16414
စား	16415
[1]	16416
▁execute	16417
бай	16418
▁mission	16419
▁neighbors	16420
▁సమ	16421
ัน	16422
▁ውስጥ	16423
▁болох	16424
▁18)	16425
երը	16426
▁Euroopa	16427
ప్పుడు	16428
▁grande	16429
න්නේ	16430
ี่	16431
▁Onlar	16432
▁пурӑн	16433
قە	16434
ያስ	16435
▁puede	16436
ებით	16437
收	16438
▁WHAT	16439
▁XPM	16440
yîb	16441
▁пирӗн	16442
▁Agency	16443
▁йөр	16444
▁ನನ್ನ	16445
гез	16446
ӕв	16447
වේ	16448
▁кижи	16449
▁огыл	16450
▁bought	16451
▁Ms	16452
mbra	16453
ott	16454
▁duties	16455
▁kuru	16456
វិ	16457
ږ	16458
▁stake	16459
cken	16460
▁рух	16461
ordning	16462
ტო	16463
▁whenever	16464
гӕн	16465
рати	16466
无	16467
space	16468
шт	16469
▁Ini	16470
▁kid	16471
▁Previous	16472
kende	16473
ብል	16474
▁Western	16475
dzwa	16476
cijos	16477
од	16478
یل	16479
▁treba	16480
ۈش	16481
▁regulations	16482
plik	16483
▁болгаш	16484
.3.	16485
ცი	16486
ద్	16487
▁Mose	16488
صلی	16489
▁Mala	16490
▁ingin	16491
zet	16492
spod	16493
шир	16494
хай	16495
▁ሓደ	16496
ሻ	16497
▁გან	16498
mbili	16499
▁28.	16500
ներին	16501
没	16502
▁Sir	16503
▁নাম	16504
▁fearing	16505
ுள்ள	16506
NU	16507
▁Sí	16508
▁azali	16509
TC	16510
णार	16511
neru	16512
▁umuntu	16513
ብር	16514
حق	16515
cret	16516
ierung	16517
▁کارو	16518
▁ovina	16519
▁covering	16520
ოლ	16521
常	16522
ють	16523
erne	16524
▁гр	16525
65	16526
ങ്ങള്	16527
▁numerous	16528
▁THIS	16529
аҫҫӗ	16530
lijk	16531
ત્ર	16532
त्या	16533
erera	16534
aght	16535
kuli	16536
▁Long	16537
Wa	16538
ntar	16539
ये	16540
sì	16541
科	16542
figi	16543
viet	16544
▁والے	16545
▁пек	16546
іс	16547
▁чӣ	16548
▁Working	16549
әргә	16550
ଏ	16551
▁gulluk	16552
▁Compare	16553
ନା	16554
Tu	16555
▁PNG	16556
▁līdz	16557
▁fis	16558
▁godi	16559
▁大	16560
▁ណា	16561
▁بەر	16562
лө	16563
సు	16564
▁maong	16565
▁impressed	16566
nesi	16567
jati	16568
ىش	16569
▁politik	16570
gjen	16571
▁уг	16572
ከተ	16573
▁lips	16574
ация	16575
fyl	16576
лож	16577
▁ենք	16578
takse	16579
ersom	16580
må	16581
▁იმ	16582
lere	16583
▁دے	16584
▁adres	16585
▁אױב	16586
▁auch	16587
णी	16588
ڕو	16589
éad	16590
▁thereby	16591
▁برا	16592
▁jwenn	16593
▁vast	16594
ацион	16595
tán	16596
دۇق	16597
查	16598
▁ubi	16599
▁Device	16600
ჭ	16601
וד	16602
Microsoft	16603
▁دیکھ	16604
▁беҙ	16605
▁tetap	16606
▁المت	16607
оч	16608
▁princes	16609
▁การ	16610
bilidad	16611
▁armies	16612
▁دنیا	16613
▁Աստված	16614
▁Tä	16615
▁mild	16616
tulo	16617
▁होते	16618
elen	16619
շտ	16620
eris	16621
▁disaster	16622
/3	16623
▁dog	16624
▁سەن	16625
▁premi	16626
་བྱེད་པ	16627
کن	16628
▁layer	16629
▁patiently	16630
Τ	16631
ovat	16632
لۇق	16633
▁Aga	16634
ҵо	16635
▁Kun	16636
yò	16637
▁été	16638
▁Ар	16639
tö	16640
▁lại	16641
kuavo	16642
▁кӕн	16643
landa	16644
▁bookmarks	16645
▁Parents	16646
▁пӗл	16647
▁Island	16648
ສໍາ	16649
▁Portugal	16650
▁deze	16651
43	16652
▁lifted	16653
ಿಸಿದ	16654
ประ	16655
bë	16656
▁Artikel	16657
ղ	16658
▁था	16659
ཀྱི་	16660
prend	16661
▁Ibi	16662
▁uban	16663
▁amû	16664
▁lawful	16665
HI	16666
pras	16667
▁ھەر	16668
▁ngkai	16669
ዋል	16670
TT	16671
▁heartfelt	16672
▁بنی	16673
▁jaar	16674
ಕ್ತ	16675
▁generous	16676
▁sale	16677
太	16678
Í	16679
▁liaco	16680
īgi	16681
▁Qo	16682
▁ኺ	16683
▁mahu	16684
ମା	16685
ించు	16686
▁kuno	16687
dzɔ	16688
▁Daw	16689
▁talahau	16690
▁بند	16691
▁supporting	16692
▁fault	16693
sua	16694
义	16695
▁possibility	16696
หา	16697
▁ሰባት	16698
vele	16699
▁nnyo	16700
AND	16701
格	16702
▁טעקסט	16703
▁labor	16704
قة	16705
tatud	16706
ареи	16707
kkar	16708
▁наме	16709
▁юу	16710
position	16711
▁йәш	16712
▁Rename	16713
વો	16714
▁هذه	16715
▁jkun	16716
▁admit	16717
masi	16718
▁nur	16719
▁иара	16720
▁eby	16721
нийг	16722
▁Wë	16723
гыз	16724
яш	16725
▁reminder	16726
▁Centr	16727
гин	16728
gje	16729
▁pengawa	16730
ುತ್ತದೆ	16731
▁victim	16732
uria	16733
▁iroun	16734
เล	16735
programm	16736
▁divers	16737
нос	16738
IST	16739
▁templo	16740
ဟ	16741
дав	16742
▁байх	16743
ောင်း	16744
бор	16745
▁chirix	16746
bota	16747
▁الذي	16748
▁ئىمان	16749
▁xbên	16750
▁تمہیں	16751
▁glorious	16752
αγ	16753
▁ronojel	16754
▁Disc	16755
▁statements	16756
▁እዮም	16757
usia	16758
ွား	16759
mış	16760
ឆ	16761
hkan	16762
▁Pete	16763
▁Су	16764
сез	16765
қар	16766
EMAIL	16767
GB	16768
OJ	16769
▁export	16770
uair	16771
▁illustrate	16772
▁Stra	16773
manda	16774
▁possibly	16775
▁аҿы	16776
▁Kristus	16777
ҡан	16778
ደረ	16779
▁blame	16780
▁duma	16781
▁surprised	16782
▁balanced	16783
▁apre	16784
▁judged	16785
ngena	16786
▁Як	16787
▁firstborn	16788
даги	16789
buka	16790
▁पण	16791
твор	16792
غە	16793
▁jos	16794
гыла	16795
OV	16796
▁δι	16797
ደር	16798
▁kotoa	16799
▁នោះ	16800
▁tiempo	16801
σα	16802
▁River	16803
гд	16804
anquil	16805
▁unu	16806
▁England	16807
▁vale	16808
ayaan	16809
gbé	16810
аԥхьа	16811
కా	16812
ống	16813
▁Salmo	16814
▁talked	16815
▁кодта	16816
▁hó	16817
▁При	16818
ħħ	16819
ubah	16820
▁imp	16821
ƙi	16822
▁های	16823
ლი	16824
раб	16825
ӥсь	16826
ᎯᏍᏗ	16827
▁систем	16828
ôn	16829
ери	16830
ាន់	16831
ೆಗೆ	16832
ச்ச	16833
Ð	16834
trabaho	16835
other	16836
▁okwe	16837
সা	16838
реи	16839
üü	16840
▁пире	16841
ۍ	16842
▁vakai	16843
▁manah	16844
ugh	16845
▁pamat	16846
▁ఈ	16847
▁över	16848
▁دوو	16849
tundu	16850
▁פּ	16851
Ā	16852
▁byo	16853
▁witnessing	16854
▁printer	16855
Edit	16856
стер	16857
ைய	16858
▁یک	16859
ίζ	16860
▁chastisement	16861
▁baya	16862
▁راست	16863
行动	16864
▁tauka	16865
如果	16866
▁corre	16867
வன	16868
▁Swi	16869
▁එක	16870
vè	16871
▁այս	16872
କ୍ଷ	16873
ন্ড	16874
▁ফাইল	16875
▁newly	16876
ាល់	16877
▁symbolic	16878
▁قىلىدۇ	16879
ssar	16880
▁йо	16881
▁ឬ	16882
піс	16883
ອງ	16884
▁footnote	16885
▁evaluation	16886
▁agricultural	16887
ใน	16888
ێنه	16889
ጕ	16890
፥	16891
▁Place	16892
LU	16893
сті	16894
▁kaip	16895
ಿಸುವ	16896
▁ginpa	16897
▁zinthu	16898
ites	16899
yá	16900
edad	16901
▁uj	16902
▁Port	16903
▁kabane	16904
فی	16905
▁dä	16906
▁affects	16907
▁Galatians	16908
▁kira	16909
▁Quran	16910
سلام	16911
ంట	16912
▁dealt	16913
▁Exodus	16914
▁ٿو	16915
▁မှု	16916
ہر	16917
▁ngadto	16918
▁Parties	16919
bhu	16920
મા	16921
▁Sub	16922
ሜ	16923
▁mihi	16924
▁Пайғамбар	16925
▁Nehemiah	16926
وض	16927
дук	16928
magy	16929
▁Way	16930
لارنىڭ	16931
▁mafaufau	16932
▁mātu	16933
වෙ	16934
▁participate	16935
adda	16936
▁shell	16937
вор	16938
cisi	16939
เรา	16940
လုပ်	16941
များ	16942
senge	16943
▁Christmas	16944
ချက်	16945
▁arī	16946
▁permanently	16947
▁ಅವನ	16948
▁እንታይ	16949
▁liwat	16950
ാൻ	16951
▁demonstrated	16952
▁preserve	16953
▁Justice	16954
特别	16955
ൾ	16956
▁ngena	16957
ិច	16958
zek	16959
▁Уи	16960
ology	16961
▁duna	16962
▁Position	16963
▁یهوه	16964
▁առ	16965
▁schools	16966
асы	16967
▁manage	16968
▁Authority	16969
fta	16970
▁адӕм	16971
Kummissjoni	16972
дзе	16973
ntis	16974
Ꭱ	16975
”.	16976
▁economy	16977
▁ئاسمان	16978
▁Ша	16979
▁также	16980
will	16981
lakonzya	16982
▁Emma	16983
හා	16984
▁printing	16985
rtu	16986
дат	16987
ɗi	16988
ಯೋ	16989
డం	16990
▁forordning	16991
▁gbà	16992
ografi	16993
▁diseases	16994
▁Player	16995
▁evit	16996
ಪು	16997
lɛ	16998
▁करें	16999
▁Messengers	17000
kaki	17001
▁London	17002
▁29.	17003
▁zia	17004
يدىغان	17005
执行	17006
▁دوست	17007
shwa	17008
લે	17009
pput	17010
View	17011
සා	17012
dī	17013
ganda	17014
фат	17015
▁implementing	17016
▁avela	17017
kiate	17018
▁scope	17019
ovi	17020
▁vua	17021
hli	17022
▁commitment	17023
▁combination	17024
რის	17025
▁kinabuhi	17026
▁خۆش	17027
▁isu	17028
▁nào	17029
ගන්න	17030
▁poured	17031
увчи	17032
▁loolu	17033
▁pol	17034
?»	17035
▁units	17036
▁پەقەت	17037
▁overall	17038
pag	17039
▁sü	17040
tatu	17041
▁amazing	17042
▁leva	17043
▁दो	17044
▁ignore	17045
عي	17046
▁educational	17047
▁introduced	17048
juk	17049
قت	17050
▁ships	17051
▁Anak	17052
▁agreements	17053
reich	17054
▁சொ	17055
անում	17056
二	17057
▁قال	17058
呢	17059
lė	17060
▁яхши	17061
▁оп	17062
sunga	17063
▁Satanas	17064
pesa	17065
▁ຄື	17066
机构	17067
มี	17068
▁fā	17069
▁aikwij	17070
balaj	17071
▁faha	17072
▁পরি	17073
▁เป็น	17074
क़	17075
▁មួយ	17076
▁leste	17077
▁Theme	17078
lerini	17079
▁بڵێ	17080
▁duine	17081
▁ସଂ	17082
ฟ	17083
▁Learn	17084
▁vula	17085
zal	17086
▁summer	17087
▁اڳ	17088
front	17089
▁kandha	17090
▁رھ	17091
▁خانه	17092
▁nọ	17093
▁shepherds	17094
▁lalaki	17095
▁evidently	17096
titsi	17097
▁schedule	17098
▁rates	17099
▁vola	17100
▁sickness	17101
▁соос	17102
▁ಕು	17103
▁forbidden	17104
ᎮᏍᏗ	17105
กล	17106
μά	17107
gwe	17108
مىدى	17109
▁dad	17110
▁insurance	17111
不能	17112
õm	17113
▁Hide	17114
▁Hel	17115
▁અને	17116
တို့သည်	17117
тып	17118
▁declaration	17119
ເລ	17120
▁valley	17121
бү	17122
อง	17123
▁sustainable	17124
▁kell	17125
▁thereafter	17126
▁jsem	17127
▁player	17128
қат	17129
▁ທຸກ	17130
▁iniquity	17131
▁smoke	17132
▁ministers	17133
ṛṛ	17134
▁ساتھ	17135
sapul	17136
ನೀ	17137
tionen	17138
100	17139
▁soil	17140
▁sã	17141
служ	17142
يدۇ	17143
▁уни	17144
কাৰ	17145
▁Ilaah	17146
▁hafa	17147
పి	17148
кта	17149
džia	17150
▁Ioane	17151
cions	17152
మ్మ	17153
▁كۆر	17154
▁iVolatabu	17155
▁dunya	17156
iil	17157
▁περι	17158
▁olara	17159
▁පි	17160
Pe	17161
▁ανα	17162
rụ	17163
اقت	17164
κά	17165
▁kontroll	17166
▁Cer	17167
Ke	17168
SD	17169
▁heal	17170
සේ	17171
▁notify	17172
▁Йегъовӕ	17173
▁ဟော	17174
Ա	17175
ጌ	17176
▁detail	17177
▁ได้	17178
现	17179
ኢ	17180
▁dealings	17181
▁lesh	17182
▁examination	17183
▁COM	17184
JA	17185
δη	17186
شک	17187
▁forgiving	17188
тов	17189
ოს	17190
▁χρ	17191
ኽእል	17192
▁ýyl	17193
глед	17194
مايدۇ	17195
ាស់	17196
jì	17197
▁tahun	17198
طلب	17199
βα	17200
irwa	17201
▁стран	17202
▁arm	17203
▁Unto	17204
▁pondola	17205
▁signature	17206
▁strange	17207
tch	17208
▁communicate	17209
▁ដូច	17210
▁ajcui	17211
▁Xana	17212
通过	17213
▁Islands	17214
чки	17215
ാന്	17216
▁copies	17217
▁ຊູ	17218
▁adoption	17219
▁selle	17220
▁119:	17221
▁wenno	17222
▁occasions	17223
רה	17224
▁resulted	17225
self	17226
▁suggestions	17227
▁беле	17228
▁उप	17229
▁menjadi	17230
sola	17231
▁einer	17232
ӕхх	17233
ែង	17234
▁Sort	17235
▁Ве	17236
▁ನಾವು	17237
▁Plugin	17238
३	17239
结	17240
▁flight	17241
▁president	17242
▁worldly	17243
▁Omo	17244
вис	17245
თა	17246
▁cancer	17247
▁яр	17248
holo	17249
▁ತನ್ನ	17250
ög	17251
Я	17252
▁сар	17253
▁wars	17254
▁hã	17255
▁Jésù	17256
▁fuel	17257
torí	17258
▁име	17259
▁functions	17260
мест	17261
ší	17262
▁reflected	17263
▁dhan	17264
лган	17265
tuar	17266
ាំង	17267
▁Satani	17268
නවා	17269
▁pahina	17270
▁British	17271
▁خدای	17272
קו	17273
ndring	17274
ларига	17275
▁آنها	17276
леп	17277
▁Common	17278
▁уларга	17279
०	17280
▁Tö	17281
▁salt	17282
ณ	17283
▁magaaho	17284
▁Кудай	17285
elsen	17286
▁част	17287
▁union	17288
▁государств	17289
▁tempu	17290
▁Мә	17291
▁Sunday	17292
▁ukuze	17293
▁Мин	17294
dì	17295
देश	17296
▁Official	17297
jè	17298
▁കു	17299
ssuti	17300
▁gun	17301
ification	17302
▁causing	17303
GU	17304
▁pleasant	17305
▁leur	17306
▁serves	17307
▁polo	17308
gwasya	17309
▁Always	17310
зон	17311
▁vehicles	17312
▁1991	17313
▁("	17314
ڵی	17315
መር	17316
▁قىلدى	17317
زال	17318
▁fakt	17319
▁gbé	17320
▁electronic	17321
Բ	17322
▁Japanese	17323
▁էին	17324
цхраа	17325
2000	17326
▁religions	17327
zze	17328
▁pinaagi	17329
▁sorrow	17330
▁category	17331
▁gates	17332
rje	17333
שר	17334
▁Regarding	17335
تعلق	17336
mmel	17337
bibi	17338
kning	17339
увати	17340
共	17341
ុង	17342
jambo	17343
▁Europos	17344
ແ	17345
▁ayé	17346
▁għandhom	17347
struct	17348
aasje	17349
▁verdi	17350
▁tested	17351
ለት	17352
▁Tá	17353
▁uso	17354
मुळे	17355
▁Tata	17356
▁vote	17357
rõk	17358
直	17359
▁ᎾᎿ	17360
ීම	17361
▁catch	17362
▁mọ	17363
▁ငါ	17364
lawo	17365
londo	17366
▁stories	17367
▁centre	17368
ທໍາ	17369
▁tāua	17370
ಿತು	17371
యో	17372
▁тоа	17373
ଷ	17374
▁Papa	17375
▁ເຍ	17376
▁moco	17377
ನ್ನೂ	17378
vanje	17379
স্থ	17380
ρό	17381
Fa	17382
▁bèn	17383
害	17384
Jesus	17385
▁ეს	17386
ሶ	17387
llin	17388
गे	17389
▁сум	17390
代	17391
▁កំណត់	17392
вай	17393
ใ	17394
▁ನಮ್ಮ	17395
ます	17396
เด	17397
▁courageous	17398
▁treasures	17399
▁đến	17400
aíochta	17401
▁Recall	17402
▁wali	17403
гӯ	17404
▁கொ	17405
ሆኑ	17406
▁emotions	17407
▁perlu	17408
لغان	17409
ቋ	17410
Ho	17411
یاندا	17412
进行	17413
▁momo	17414
sengeli	17415
لف	17416
كات	17417
▁singing	17418
▁azalaki	17419
▁peng	17420
ዀ	17421
▁زمين	17422
▁talia	17423
ыкты	17424
▁яки	17425
layo	17426
ྡ	17427
spar	17428
መስ	17429
▁ụmụ	17430
▁hosts	17431
▁pul	17432
▁ກັນ	17433
▁buyo	17434
▁১	17435
▁markets	17436
▁иман	17437
yisi	17438
ᏄᎪ	17439
▁singa	17440
▁fost	17441
▁Есүс	17442
間	17443
▁ନି	17444
▁koji	17445
▁karaoa	17446
وسا	17447
▁manéhna	17448
▁ҳол	17449
▁linked	17450
▁pikir	17451
▁utili	17452
λέ	17453
▁prc	17454
▁più	17455
▁Philistines	17456
▁Elisha	17457
ຣ	17458
▁lebih	17459
▁ਸਕ	17460
▁isuma	17461
גר	17462
▁bør	17463
▁från	17464
▁doors	17465
する	17466
කු	17467
▁searching	17468
inden	17469
llit	17470
okú	17471
▁walls	17472
great	17473
▁пок	17474
▁अनु	17475
пре	17476
▁דאָס	17477
වල	17478
ирован	17479
ᎸᏫᏍᏓᏁ	17480
CN	17481
▁experts	17482
rå	17483
АН	17484
▁Neither	17485
סט	17486
▁Lamb	17487
ដា	17488
▁lua	17489
▁кој	17490
▁amon	17491
▁lift	17492
▁राह	17493
▁pel	17494
ளி	17495
▁mult	17496
ਕਾਰ	17497
▁פֿאַרב	17498
▁IT	17499
▁gw	17500
▁akken	17501
▁gahua	17502
▁shadow	17503
▁آورد	17504
ည့်	17505
bakali	17506
իտ	17507
▁kamar	17508
▁thinks	17509
ಿರುವ	17510
▁capable	17511
▁خوایه	17512
▁contacts	17513
ụlọ	17514
▁olaga	17515
kwazi	17516
ете	17517
▁atong	17518
▁Games	17519
▁cú	17520
▁universal	17521
▁លើ	17522
经	17523
འདི་	17524
պես	17525
ใจ	17526
żjoni	17527
வ்வ	17528
ਲੀ	17529
未	17530
▁ìwé	17531
יו	17532
▁PNM	17533
▁medicine	17534
hlanga	17535
uq	17536
▁ozi	17537
▁Rev	17538
kem	17539
▁reaching	17540
果	17541
▁shine	17542
ཁ་ཕྱེ	17543
▁lokal	17544
tää	17545
वास	17546
▁COVER	17547
उ	17548
صح	17549
▁Horizontal	17550
ਿੰ	17551
▁Photo	17552
▁solid	17553
协	17554
▁ეა	17555
▁boye	17556
▁Был	17557
▁දෙවි	17558
▁asks	17559
2002	17560
▁forty	17561
▁பா	17562
ziona	17563
lichen	17564
▁sē	17565
▁moua	17566
▁reali	17567
▁allocate	17568
▁Ug	17569
ھال	17570
metro	17571
▁engine	17572
ozi	17573
▁Bad	17574
▁कु	17575
▁Poli	17576
▁shed	17577
▁จะ	17578
ការ	17579
▁endeavor	17580
▁garments	17581
▁beside	17582
ழி	17583
سين	17584
nico	17585
▁tonight	17586
反	17587
▁scene	17588
डा	17589
Jehovha	17590
ક્ર	17591
Help	17592
▁dhex	17593
▁aore	17594
项	17595
▁Further	17596
▁hwa	17597
mù	17598
▁ٿا	17599
рал	17600
▁ہر	17601
▁τους	17602
▁kro	17603
▁وارو	17604
▁hvor	17605
▁recall	17606
▁onuň	17607
德	17608
▁churches	17609
back	17610
▁ሁሉ	17611
み	17612
itos	17613
▁tikang	17614
▁إن	17615
▁musu	17616
▁Kings	17617
▁ប្រើ	17618
حص	17619
govor	17620
▁ຢ່າງ	17621
nyina	17622
imą	17623
ííł	17624
▁bibi	17625
▁onge	17626
▁maroñ	17627
▁avè	17628
▁эмне	17629
▁kër	17630
▁molt	17631
ânk	17632
▁rep	17633
▁kü	17634
▁хур	17635
▁Jun	17636
▁guidelines	17637
▁noticed	17638
▁caso	17639
▁ayóó	17640
һеҙ	17641
▁homo	17642
ওয়া	17643
▁vous	17644
▁PRO	17645
▁Kris	17646
▁ڕوو	17647
▁campaign	17648
ҿ	17649
▁یان	17650
▁KP	17651
นี่	17652
▁nå	17653
ཞིག་	17654
▁foolish	17655
▁library	17656
gati	17657
ನೇ	17658
▁falling	17659
▁بے	17660
ıyor	17661
▁Pacific	17662
▁madahka	17663
رز	17664
فل	17665
▁awake	17666
▁основ	17667
ත්ත	17668
▁Meeting	17669
▁ពួក	17670
▁Baal	17671
ਖ਼	17672
arpoq	17673
▁دې	17674
▁مخ	17675
▁চা	17676
▁salah	17677
gabo	17678
зер	17679
▁శ	17680
▁होता	17681
▁వె	17682
▁wherein	17683
▁Sabbath	17684
▁binding	17685
ጢ	17686
▁xch	17687
ိမ်	17688
ള്	17689
▁nota	17690
▁riro	17691
▁extreme	17692
▁کاتێک	17693
▁አስ	17694
文件	17695
itet	17696
واہ	17697
▁Mosaic	17698
liza	17699
Part	17700
परि	17701
ဗ	17702
vision	17703
▁remnant	17704
nir	17705
▁Ту	17706
▁tausaga	17707
Ụ	17708
▁flag	17709
нән	17710
gər	17711
▁execution	17712
▁алып	17713
ிருந்த	17714
▁чад	17715
adur	17716
ইন	17717
шен	17718
ग्	17719
▁spirits	17720
yada	17721
▁nkarhi	17722
▁Education	17723
nô	17724
▁cakava	17725
ācijas	17726
θέ	17727
▁Noa	17728
él	17729
ǹ	17730
▁investigation	17731
▁thrown	17732
ጹ	17733
рэ	17734
ાય	17735
▁bazalaki	17736
ാണ	17737
мал	17738
ქვ	17739
▁بکات	17740
EP	17741
ሸ	17742
▁тыххӕй	17743
tapos	17744
▁haben	17745
पूर	17746
veik	17747
▁Estados	17748
▁nego	17749
▁اسے	17750
▁motivate	17751
▁awaké	17752
lwe	17753
▁preparation	17754
▁නි	17755
īgu	17756
▁rulership	17757
ffici	17758
▁finds	17759
ങ്ക	17760
▁Nä	17761
▁ھەم	17762
AK	17763
▁Configuration	17764
▁ሰዎች	17765
▁adults	17766
▁audience	17767
khona	17768
ਸੀਂ	17769
▁vida	17770
▁Ам	17771
▁Blessed	17772
ақә	17773
▁depth	17774
▁Boroom	17775
ಫ	17776
▁monitor	17777
交	17778
500	17779
▁Fear	17780
▁nígbà	17781
▁Best	17782
▁Main	17783
kombi	17784
▁snow	17785
ningar	17786
ју	17787
▁medium	17788
▁керек	17789
▁Students	17790
UK	17791
ڵات	17792
▁planet	17793
undo	17794
ിന്	17795
▁जे	17796
öw	17797
▁れ	17798
▁anima	17799
dende	17800
ဲ့	17801
szcz	17802
▁bwi	17803
กัน	17804
ሰማ	17805
▁jir	17806
▁علیه	17807
sın	17808
▁mahani	17809
▁punish	17810
▁От	17811
▁keren	17812
▁kangai	17813
ଅ	17814
гувчи	17815
▁Tapi	17816
した	17817
ðu	17818
▁changing	17819
▁povas	17820
даа	17821
▁װי	17822
▁veg	17823
දා	17824
▁metod	17825
voir	17826
soever	17827
ndla	17828
▁officers	17829
▁тут	17830
ϊ	17831
▁Session	17832
ші	17833
▁descendants	17834
▁Христос	17835
▁guides	17836
ебез	17837
унда	17838
rū	17839
▁kapena	17840
Ctrl	17841
▁ог	17842
▁хүмүүс	17843
世界	17844
κό	17845
▁kì	17846
▁tend	17847
▁よう	17848
ĉ	17849
▁để	17850
ruru	17851
▁Kay	17852
▁የሱስ	17853
▁conta	17854
؟»	17855
▁төл	17856
▁دېدى	17857
▁пла	17858
▁slot	17859
▁ўз	17860
ուց	17861
نج	17862
stant	17863
lungu	17864
որդ	17865
ੰਗ	17866
nihi	17867
गी	17868
తా	17869
فه	17870
bhar	17871
有关	17872
▁possessions	17873
▁ямар	17874
▁ຕົວ	17875
▁పరి	17876
▁mester	17877
ཉ	17878
▁bị	17879
▁eos	17880
Lord	17881
▁printed	17882
מען	17883
▁voluntary	17884
▁Whoever	17885
gil	17886
poli	17887
▁យេ	17888
▁alarm	17889
▁prophetic	17890
動	17891
▁किया	17892
▁ଫୋଲଡର	17893
▁زاته	17894
ايمان	17895
▁reduction	17896
łow	17897
გი	17898
▁đây	17899
нес	17900
▁oldu	17901
▁Israelite	17902
ện	17903
▁афтӕ	17904
▁Vel	17905
аў	17906
▁тав	17907
GL	17908
▁fanele	17909
▁latest	17910
▁ទាំង	17911
OT	17912
▁Եհովայի	17913
หม	17914
ლის	17915
▁tidings	17916
▁ᎦᎶᏁᏛ	17917
ಿಗ	17918
sfor	17919
திய	17920
▁invisible	17921
▁най	17922
▁करने	17923
▁китер	17924
لې	17925
▁ᏱᎩ	17926
▁ezalaki	17927
ебеҙ	17928
najan	17929
▁பொ	17930
▁achieved	17931
▁gratitude	17932
cı	17933
▁raj	17934
кыр	17935
ition	17936
١	17937
▁wheat	17938
รับ	17939
产	17940
ເມ	17941
▁ڪندو	17942
▁เขา	17943
îc	17944
▁discern	17945
决	17946
▁abundant	17947
命	17948
▁sự	17949
▁kingi	17950
онро	17951
miz	17952
▁kommer	17953
▁Jonah	17954
▁discouraged	17955
▁weather	17956
ఖ	17957
▁sị	17958
vara	17959
คน	17960
两	17961
▁نما	17962
Burnf	17963
▁tentang	17964
কো	17965
nsu	17966
ଛ	17967
▁gye	17968
▁Lmasiḥ	17969
▁bheith	17970
▁assets	17971
▁wel	17972
▁naru	17973
▁dixit	17974
跟	17975
handling	17976
ば	17977
专	17978
▁ymmyd	17979
▁سزا	17980
▁rece	17981
command	17982
▁سوێند	17983
hina	17984
zę	17985
ئە	17986
ิด	17987
อา	17988
Don	17989
دن	17990
lweni	17991
▁قسم	17992
▁tent	17993
buaka	17994
▁traveled	17995
AKA	17996
ņa	17997
▁Accessible	17998
▁libro	17999
▁Leave	18000
IO	18001
ድን	18002
ଲି	18003
કાર	18004
пис	18005
▁Alle	18006
▁persecuted	18007
▁Index	18008
nwen	18009
RU	18010
▁ክን	18011
▁maeke	18012
▁Trust	18013
▁دست	18014
▁raua	18015
ཀློག་	18016
▁permit	18017
τό	18018
Ꮽ	18019
▁ᎠᎩ	18020
եռ	18021
▁ҫул	18022
ກະ	18023
NAME	18024
▁มี	18025
▁මට	18026
▁Turn	18027
▁thankful	18028
ផ្ទ	18029
доо	18030
▁шан	18031
使用	18032
▁улус	18033
▁begins	18034
▁Following	18035
woord	18036
▁మీరు	18037
▁traffic	18038
▁governing	18039
▁wektu	18040
ҙең	18041
aretak	18042
lugit	18043
рӑм	18044
▁Чи	18045
ką	18046
RC	18047
بات	18048
maly	18049
人权	18050
▁represents	18051
ең	18052
ፉ	18053
▁Director	18054
▁Empty	18055
dool	18056
▁Zion	18057
යට	18058
▁Mü	18059
ੋਂ	18060
لىنى	18061
تب	18062
▁є	18063
earje	18064
▁lenei	18065
▁тума	18066
▁Small	18067
ıcı	18068
PU	18069
▁login	18070
pung	18071
▁refugees	18072
▁Paris	18073
▁olar	18074
▁Dei	18075
款	18076
பி	18077
▁କରିବା	18078
▁effectively	18079
ууга	18080
▁Layer	18081
rė	18082
▁edge	18083
ларның	18084
布	18085
яс	18086
▁nǹkan	18087
▁tayon	18088
▁Everyone	18089
ழ்	18090
ອກ	18091
▁ສາມາດ	18092
եզ	18093
▁Review	18094
লৈ	18095
రణ	18096
▁করতে	18097
ίου	18098
ಿದೆ	18099
เร	18100
niú	18101
▁vald	18102
▁genyen	18103
▁lal	18104
▁truthful	18105
▁traditional	18106
नो	18107
graph	18108
right	18109
korwa	18110
▁tempted	18111
ijos	18112
▁देवा	18113
▁forest	18114
▁Йесо	18115
okra	18116
▁sèvi	18117
关	18118
ండి	18119
ভি	18120
▁ਜਾਂ	18121
UD	18122
們	18123
ረት	18124
▁سی	18125
▁correctly	18126
નિ	18127
لاش	18128
middel	18129
▁telefon	18130
▁други	18131
▁ទេ	18132
权	18133
▁Grand	18134
әттә	18135
ஷ	18136
ള്ള	18137
▁IS	18138
▁heading	18139
▁qor	18140
øg	18141
▁organiza	18142
▁mm	18143
▁remind	18144
▁exposed	18145
পু	18146
ziri	18147
స్థ	18148
▁дээр	18149
▁başla	18150
▁caku	18151
Ꭰ	18152
ემ	18153
▁بدل	18154
▁Commissioner	18155
ঘ	18156
háil	18157
▁ඔහු	18158
▁кандай	18159
ቴ	18160
▁pixels	18161
▁карда	18162
▁”!	18163
▁fought	18164
ınız	18165
▁როგორ	18166
ڍ	18167
▁attribute	18168
یب	18169
▁spring	18170
ላት	18171
Ṣ	18172
മ്പ	18173
▁Connection	18174
ைப்	18175
▁Ҫак	18176
jwe	18177
▁update	18178
ഗ്	18179
▁Readers	18180
▁Kö	18181
îk	18182
▁ýaşa	18183
lalo	18184
让	18185
ڵام	18186
▁abandoned	18187
▁visits	18188
имо	18189
يس	18190
▁Vertical	18191
▁Ning	18192
መለ	18193
▁байна	18194
▁relationships	18195
ской	18196
▁cursor	18197
▁depart	18198
ሠ	18199
0,000	18200
ത്തിന്	18201
▁rendered	18202
hele	18203
・	18204
▁თუ	18205
▁زېمىن	18206
▁{0}	18207
▁ҷо	18208
you	18209
▁ਉੱਤੇ	18210
▁għandu	18211
រា	18212
ješ	18213
▁olotou	18214
horo	18215
▁ھېچ	18216
▁Бер	18217
▁processing	18218
▁reasoning	18219
пус	18220
tör	18221
ണം	18222
راب	18223
/5	18224
▁Ча	18225
▁کې	18226
termin	18227
▁fifty	18228
▁recognition	18229
▁ਕੇ	18230
өк	18231
წყ	18232
athan	18233
èr	18234
ڵگه	18235
▁سۆز	18236
ът	18237
▁storage	18238
Ꭻ	18239
kirin	18240
▁ngke	18241
ضر	18242
▁ئۈ	18243
ൻ	18244
▁famous	18245
▁photo	18246
ələr	18247
ééh	18248
zva	18249
▁gach	18250
ตร	18251
খা	18252
ünk	18253
еле	18254
ៃ	18255
ኮ	18256
▁strangers	18257
▁muntu	18258
怎么	18259
▁devil	18260
▁positions	18261
ത്തെ	18262
▁subong	18263
▁comparison	18264
PG	18265
čno	18266
bù	18267
werk	18268
ঙ	18269
▁muy	18270
σχ	18271
▁risks	18272
fasha	18273
▁olona	18274
▁nädip	18275
tish	18276
▁அவர்கள்	18277
անի	18278
▁eager	18279
▁чухне	18280
▁sites	18281
▁combat	18282
▁Kí	18283
pru	18284
▁Иса	18285
aH	18286
▁ñëw	18287
身	18288
abantu	18289
၂	18290
Control	18291
લી	18292
ຢ	18293
ēju	18294
▁mildness	18295
▁कोण	18296
▁አይ	18297
▁feared	18298
టు	18299
▁lamang	18300
▁እት	18301
▁trouv	18302
▁Ré	18303
నా	18304
	18305
▁поч	18306
▁ගැන	18307
▁مج	18308
▁Hannah	18309
▁gardens	18310
Print	18311
▁ivy	18312
▁lokola	18313
▁newspaper	18314
สา	18315
▁glass	18316
▁ref	18317
▁få	18318
▁cease	18319
▁gebruik	18320
思	18321
▁چاہ	18322
▁Mateo	18323
Δ	18324
elela	18325
▁զ	18326
ખા	18327
miti	18328
یده	18329
▁سک	18330
tuur	18331
▁кылган	18332
ாத	18333
ကြီး	18334
سەن	18335
▁Maximum	18336
▁фе	18337
▁یاد	18338
▁forgiven	18339
ponent	18340
lha	18341
▁television	18342
ețț	18343
▁Marc	18344
▁ដើម្បី	18345
▁тус	18346
ยา	18347
▁సా	18348
కొ	18349
▁Martha	18350
प्र	18351
את	18352
ım	18353
▁Пи	18354
యే	18355
▁spirituality	18356
▁bener	18357
▁raylal	18358
ల్ల	18359
▁Fall	18360
▁sensitive	18361
▁submission	18362
▁bizi	18363
▁ўша	18364
වි	18365
ratidz	18366
▁qori	18367
▁соң	18368
Description	18369
海	18370
▁ẹni	18371
▁reproach	18372
▁mooy	18373
▁photos	18374
▁satisfying	18375
▁ordered	18376
资	18377
▁paying	18378
posto	18379
▁acknowledge	18380
ရေး	18381
▁Bagaimana	18382
止	18383
second	18384
îne	18385
▁ashamed	18386
дог	18387
னி	18388
ᏍᎬᎢ	18389
▁definition	18390
▁жер	18391
තර	18392
▁តែ	18393
իշ	18394
▁worshipers	18395
▁شخص	18396
▁travail	18397
ség	18398
▁ride	18399
¶	18400
പ്പെട	18401
▁ಎಂದು	18402
simo	18403
▁স্	18404
▁ئۇنىڭغا	18405
▁honour	18406
▁Мис	18407
▁latter	18408
▁សម្	18409
кыт	18410
čių	18411
▁lakue	18412
▁crea	18413
▁interface	18414
▁solve	18415
aghyn	18416
▁yén	18417
▁اللجنة	18418
▁لیکن	18419
▁এবং	18420
θη	18421
▁attacks	18422
вин	18423
▁кет	18424
▁armej	18425
▁rightly	18426
ාව	18427
▁rows	18428
▁comply	18429
▁depends	18430
▁pepe	18431
▁exalted	18432
թե	18433
கு	18434
جز	18435
▁Joßcan	18436
▁بولسا	18437
ılı	18438
နည်း	18439
▁ผม	18440
▁Mesia	18441
▁ንም	18442
▁doctrine	18443
raš	18444
year	18445
▁merga	18446
▁honey	18447
▁guajo	18448
buli	18449
ਬਾ	18450
ќ	18451
▁εξ	18452
▁Affairs	18453
▁wishes	18454
▁سته	18455
мый	18456
▁យ៉ាង	18457
▁može	18458
ట్ట	18459
▁nco	18460
▁մեր	18461
rnar	18462
2014	18463
▁Passover	18464
▁itayo	18465
()	18466
▁habits	18467
▁گیا	18468
▁Malo	18469
عمال	18470
▁ышан	18471
Ф	18472
▁ಮು	18473
计	18474
nike	18475
ವಿ	18476
▁clay	18477
▁кӕнын	18478
ਨੀ	18479
▁Шә	18480
▁ýygna	18481
▁armed	18482
botu	18483
▁bolan	18484
▁register	18485
▁хъ	18486
ుల	18487
▁уст	18488
new	18489
майди	18490
▁writes	18491
رق	18492
ສະ	18493
▁kukhala	18494
▁immediate	18495
▁Omu	18496
▁kapab	18497
স্ক	18498
▁како	18499
數	18500
▁ਰਹ	18501
жен	18502
istic	18503
▁aquest	18504
▁pele	18505
tores	18506
▁ಆಗ	18507
▁jãn	18508
▁Бурхны	18509
dóó	18510
▁bëgg	18511
▁ndaxte	18512
Is	18513
avimo	18514
▁remarkable	18515
ющих	18516
▁مدد	18517
▁gab	18518
ṛa	18519
óó	18520
▁çyk	18521
▁oleh	18522
▁clipboard	18523
▁pagkama	18524
▁når	18525
ûn	18526
▁ajor	18527
▁tongaso	18528
▁crazy	18529
▁хӑйӗн	18530
▁ваш	18531
ory	18532
ათ	18533
▁couma	18534
ত্র	18535
tamente	18536
স্ট	18537
FI	18538
▁Ši	18539
▁Dokument	18540
▁runga	18541
▁primer	18542
▁Diad	18543
▁kaw	18544
ጆ	18545
uze	18546
▁мөмкин	18547
▁guests	18548
sap	18549
تۇ	18550
▁advanced	18551
▁Everything	18552
ghan	18553
▁мын	18554
▁remembered	18555
▁dying	18556
過	18557
isela	18558
▁tired	18559
რვ	18560
ماي	18561
▁ນ້ອງ	18562
stoff	18563
▁دەپ	18564
▁estimated	18565
baleb	18566
▁mom	18567
▁като	18568
៌	18569
▁accident	18570
▁presentation	18571
▁আমি	18572
▁fakaha	18573
▁ayat	18574
▁уй	18575
▁testing	18576
▁zuwa	18577
▁mãsu	18578
▁הא	18579
دات	18580
ান	18581
fundo	18582
Airteagal	18583
▁чын	18584
orang	18585
▁ໄບ	18586
▁mismo	18587
ரா	18588
▁Bibele	18589
lave	18590
▁killing	18591
▁Бар	18592
pulo	18593
Save	18594
▁Bí	18595
џ	18596
▁considers	18597
▁kwuru	18598
▁Applications	18599
▁Party	18600
▁begotten	18601
ලි	18602
אות	18603
▁GOD	18604
▁coast	18605
▁prima	18606
求	18607
gr	18608
ንስ	18609
▁prize	18610
▁modified	18611
▁ເບິນ	18612
geven	18613
saq	18614
▁gender	18615
▁pene	18616
▁sentence	18617
▁registered	18618
तील	18619
▁ڪم	18620
▁etmek	18621
▁maranéhna	18622
干	18623
▁entering	18624
▁poto	18625
گیر	18626
fö	18627
വര്	18628
▁harus	18629
זה	18630
anié	18631
▁それ	18632
board	18633
цәеи	18634
▁siña	18635
▁แต่	18636
▁ပေး	18637
dung	18638
▁kese	18639
▁خواهند	18640
▁Paste	18641
▁වෙන	18642
▁creature	18643
▁Sihová	18644
yah	18645
ръ	18646
▁இந்த	18647
▁garanti	18648
▁records	18649
▁horse	18650
lañ	18651
bak	18652
▁horses	18653
నుండి	18654
▁kusala	18655
▁przez	18656
נס	18657
duma	18658
ကောင်း	18659
▁companion	18660
ләрен	18661
▁compliance	18662
▁ಒಂದು	18663
▁ngatanan	18664
▁በተ	18665
▁комп	18666
केँ	18667
ṣẹ	18668
жо	18669
開	18670
▁purchase	18671
▁క్ర	18672
સ્ત	18673
▁prefer	18674
▁همه	18675
მი	18676
▁Sadérék	18677
вър	18678
▁holds	18679
เขา	18680
لىكى	18681
▁marka	18682
ыннан	18683
ное	18684
▁faithfulness	18685
▁gradually	18686
▁қўй	18687
▁дара	18688
▁Messages	18689
▁তাদের	18690
Shortcut	18691
šte	18692
chap	18693
▁zor	18694
ತ್ಯ	18695
▁helper	18696
ロ	18697
▁Bisan	18698
▁Dhe	18699
▁relate	18700
информаци	18701
▁Loading	18702
უნ	18703
▁utiliza	18704
ству	18705
▁رہے	18706
ඟ	18707
▁confirmed	18708
ttivi	18709
▁devoted	18710
ళ్ల	18711
▁brief	18712
▁Continue	18713
ոգ	18714
▁justified	18715
▁иҟа	18716
ATA	18717
शु	18718
ministra	18719
▁buttons	18720
duka	18721
▁Whereas	18722
▁እና	18723
▁differ	18724
itä	18725
ቓ	18726
▁jalan	18727
struktur	18728
达	18729
▁acid	18730
▁Were	18731
▁ຂຶ້ນ	18732
энд	18733
▁Sovereign	18734
▁preceding	18735
▁passa	18736
ear	18737
кам	18738
AI	18739
ಜ್	18740
▁mâc	18741
▁Ýa	18742
হি	18743
▁totally	18744
▁hungry	18745
▁requirement	18746
▁challenging	18747
▁travay	18748
▁ئېيت	18749
▁Policy	18750
JE	18751
▁ڪرڻ	18752
▁ว่า	18753
yise	18754
▁[“	18755
नि	18756
لات	18757
▁ਪਰਮੇਸ਼ੁਰ	18758
▁Sound	18759
▁cane	18760
▁Cui	18761
住	18762
▁famine	18763
▁olw	18764
▁вара	18765
▁Ғайса	18766
▁ciindi	18767
▁proposals	18768
▁Extra	18769
ified	18770
ική	18771
▁Upon	18772
▁ለመ	18773
ਰੇ	18774
ခု	18775
▁ieu	18776
▁punt	18777
▁shape	18778
▁Lá	18779
▁SAW	18780
ühr	18781
вать	18782
ᏍᏔᏅ	18783
▁خوش	18784
▁නැ	18785
în	18786
غل	18787
▁equivalent	18788
▁sarta	18789
▁aroaro	18790
▁Flood	18791
▁branches	18792
無	18793
innar	18794
▁fonts	18795
uck	18796
ᏁᏗ	18797
▁nearby	18798
▁шулай	18799
▁implement	18800
▁maintenance	18801
▁daytoy	18802
ื่อ	18803
син	18804
▁Þæt	18805
▁matahiti	18806
օ	18807
lán	18808
ашон	18809
Bhaibheri	18810
▁кул	18811
▁Crear	18812
▁priorities	18813
▁reliable	18814
luunniit	18815
▁вӑхӑт	18816
מת	18817
طل	18818
akí	18819
سام	18820
ɓa	18821
▁नहि	18822
▁хәл	18823
▁debate	18824
/2006	18825
▁presente	18826
ىشى	18827
▁Gene	18828
ज्ञा	18829
ную	18830
▁эки	18831
лаган	18832
▁roh	18833
▁siglo	18834
失	18835
▁Head	18836
▁byen	18837
▁ھەق	18838
هێنا	18839
ера	18840
▁matua	18841
▁zum	18842
ಳ್ಳ	18843
ിരുന്ന	18844
▁cái	18845
▁Follow	18846
▁wherever	18847
итель	18848
▁steal	18849
▁topic	18850
▁ខ	18851
ылды	18852
▁substances	18853
רא	18854
1999	18855
▁жыл	18856
▁Cain	18857
▁ես	18858
▁extremely	18859
Ä	18860
▁Wherefore	18861
▁scripture	18862
▁hinaaro	18863
gụ	18864
ۈپ	18865
▁йә	18866
zó	18867
▁Zot	18868
▁chapters	18869
▁کریں	18870
nö	18871
ழ	18872
▁Services	18873
ziva	18874
കര	18875
▁däl	18876
ntsika	18877
▁ease	18878
zeka	18879
адиган	18880
▁penting	18881
ңар	18882
ाबू	18883
▁bokk	18884
▁loaded	18885
▁durch	18886
his	18887
▁abide	18888
gore	18889
▁avy	18890
▁Робби	18891
▁pelo	18892
▁ហូវ៉ា	18893
▁influenced	18894
▁zve	18895
▁Changes	18896
esc	18897
▁whenua	18898
▁Ŋu	18899
ætt	18900
Show	18901
hura	18902
kuri	18903
▁samt	18904
кӕс	18905
▁fou	18906
▁€	18907
ውያን	18908
▁ekyo	18909
eachta	18910
екен	18911
则	18912
ኾ	18913
дж	18914
土	18915
▁agencies	18916
लेल्या	18917
▁وري	18918
▁thirty	18919
илган	18920
เค	18921
bọ	18922
建立	18923
话	18924
Com	18925
▁conviction	18926
sumik	18927
ناکه	18928
▁wash	18929
▁Pixab	18930
▁ọrụ	18931
bho	18932
▁suli	18933
ച്ച	18934
dě	18935
klik	18936
hefa	18937
▁reih	18938
arbeid	18939
▁уымӕ	18940
▁inhabited	18941
们	18942
mpul	18943
▁Times	18944
▁Diyin	18945
▁claimed	18946
▁rem	18947
▁नाम	18948
bye	18949
ளை	18950
▁pool	18951
عت	18952
▁Login	18953
▁நீ	18954
дәр	18955
enia	18956
ș	18957
▁pioneering	18958
▁Armageddon	18959
▁vosa	18960
▁comforting	18961
ላቸው	18962
▁dokumentuyo	18963
manga	18964
▁fakaalofa	18965
штыр	18966
ƒo	18967
ētā	18968
གི་	18969
ຟ	18970
▁torture	18971
▁raoiroi	18972
▁stato	18973
guard	18974
തന്നെ	18975
ilay	18976
Ü	18977
▁maintaining	18978
خته	18979
就是	18980
öyle	18981
ndela	18982
диҳ	18983
▁emergency	18984
▁kwaka	18985
▁pacha	18986
ئۇلار	18987
▁Install	18988
tembo	18989
▁http	18990
▁driving	18991
▁module	18992
եկ	18993
ದ್ದ	18994
▁durante	18995
▁ناو	18996
样	18997
రో	18998
▁gathering	18999
داوه	19000
▁automat	19001
▁Давид	19002
▁Aha	19003
▁Зна	19004
▁cuißchic	19005
▁जब	19006
మును	19007
doers	19008
▁ngeri	19009
▁pleasing	19010
▁Бурган	19011
eeya	19012
▁konnen	19013
جب	19014
▁qal	19015
מש	19016
padayon	19017
▁accessible	19018
▁هێناوه	19019
▁canke	19020
▁continuing	19021
կան	19022
מאַ	19023
▁30.	19024
▁wondered	19025
▁លោក	19026
ვრ	19027
່ນ	19028
▁Viewer	19029
აში	19030
▁ӯ	19031
▁fornication	19032
▁packages	19033
ᏅᎩ	19034
▁infrastructure	19035
ក្ស	19036
妇女	19037
▁preparing	19038
ρώ	19039
בע	19040
▁បង្ហាញ	19041
Ū	19042
▁saints	19043
▁lagomatai	19044
▁everywhere	19045
ою	19046
▁suggest	19047
ദ്	19048
▁karon	19049
▁entity	19050
နာ	19051
▁yona	19052
▁taama	19053
▁couples	19054
▁២	19055
公约	19056
алды	19057
wyd	19058
ྦ	19059
▁về	19060
မာ	19061
▁наш	19062
▁ພີ່	19063
xin	19064
BU	19065
▁ваҡыт	19066
▁דורכפֿאַל	19067
▁ចិត្ដ	19068
▁alagad	19069
▁случ	19070
▁оч	19071
light	19072
ਹਿ	19073
▁ተመ	19074
▁Dzi	19075
▁studi	19076
▁ᎪᎱᏍᏗ	19077
▁Thessalonians	19078
▁చెప్ప	19079
▁aoga	19080
ère	19081
صاد	19082
▁सह	19083
țe	19084
▁Файл	19085
▁etter	19086
▁24,	19087
▁Ру	19088
▁Hudaý	19089
▁Dji	19090
▁តាម	19091
▁уйла	19092
▁بين	19093
ନ୍ତ	19094
▁düş	19095
▁Ihe	19096
▁puts	19097
工	19098
▁সময়	19099
ໂລ	19100
▁аларга	19101
▁Browser	19102
▁bendr	19103
mbong	19104
▁square	19105
дым	19106
ప్	19107
▁қилди	19108
▁lady	19109
сно	19110
opera	19111
beera	19112
▁Happy	19113
▁aren	19114
▁worshipped	19115
42	19116
وتن	19117
ግባ	19118
ped	19119
ద్ధ	19120
管	19121
▁clouds	19122
▁wuu	19123
▁ລູກ	19124
▁lamun	19125
▁charged	19126
▁seized	19127
▁ಆತನ	19128
▁periods	19129
ລາ	19130
▁royal	19131
▁crown	19132
▁Bookmarks	19133
võt	19134
▁anyway	19135
change	19136
▁турында	19137
▁lion	19138
▁काही	19139
总	19140
Your	19141
baton	19142
ませ	19143
▁Lock	19144
ራት	19145
▁fleshly	19146
ਛ	19147
▁bookmark	19148
▁ڏس	19149
ткен	19150
▁interess	19151
▁проблем	19152
▁аның	19153
▁jago	19154
▁بولىدۇ	19155
Έ	19156
▁stored	19157
▁Certainly	19158
▁adjust	19159
▁Pawulo	19160
▁planned	19161
cH	19162
▁Ӯ	19163
ろ	19164
▁oath	19165
▁Siz	19166
уның	19167
ৰা	19168
▁interpretation	19169
▁ဝါ	19170
▁tym	19171
▁hunga	19172
bya	19173
▁visiting	19174
τί	19175
тык	19176
▁Music	19177
sunod	19178
▁attendance	19179
▁ᎠᎾ	19180
▁ඔබ	19181
sjons	19182
сөн	19183
▁എന്ത	19184
エ	19185
▁Иара	19186
▁կար	19187
▁hated	19188
▁liboso	19189
▁ຈຶ່ງ	19190
▁چې	19191
gji	19192
ున్న	19193
▁abdi	19194
▁Center	19195
▁Коръән	19196
▁haña	19197
▁arranged	19198
ᎬᏫᏳ	19199
▁юр	19200
警	19201
yenera	19202
væ	19203
▁pregnant	19204
▁importa	19205
▁Subject	19206
▁Momo	19207
ლა	19208
ffa	19209
ӥз	19210
▁vál	19211
lemba	19212
siniz	19213
еб	19214
gereja	19215
▁Sadly	19216
ichte	19217
пред	19218
▁LDAP	19219
▁sugar	19220
Aba	19221
▁Աստծու	19222
ᏙᏓ	19223
some	19224
▁Hold	19225
▁ڪا	19226
▁menya	19227
▁consumption	19228
量	19229
ларида	19230
▁også	19231
▁wagyz	19232
▁Có	19233
▁download	19234
▁того	19235
▁پدر	19236
әһе	19237
▁ఉండ	19238
▁talks	19239
▁captivity	19240
dán	19241
▁xca	19242
taria	19243
▁Swedish	19244
མིང་	19245
masa	19246
ୃ	19247
▁healing	19248
ཡིག་	19249
▁einen	19250
▁mosala	19251
▁Enoch	19252
▁26.	19253
strategi	19254
▁mutane	19255
▁accused	19256
ചി	19257
▁הוא	19258
وێ	19259
▁συμ	19260
▁gəl	19261
▁laeng	19262
ಿಸಿ	19263
ሪያ	19264
ần	19265
▁جائے	19266
▁bile	19267
▁pensa	19268
suus	19269
:“	19270
▁վրա	19271
་དང་	19272
рәк	19273
▁encourages	19274
▁streets	19275
琌	19276
▁Nay	19277
▁ຫນຶ່ງ	19278
ियों	19279
ាត់	19280
▁apparently	19281
▁viewpoint	19282
▁junak	19283
▁өг	19284
शे	19285
▁stupid	19286
▁tàbí	19287
атпӑр	19288
▁Netherlands	19289
▁izan	19290
▁निर्	19291
▁panangi	19292
ಿಲ್ಲ	19293
▁Media	19294
將	19295
igwa	19296
pè	19297
పో	19298
യോ	19299
▁ilaa	19300
▁membantu	19301
ებული	19302
▁authorisation	19303
▁masalah	19304
▁iche	19305
▁pefea	19306
▁ᎦᏙ	19307
цу	19308
▁asleep	19309
geze	19310
▁Hesus	19311
▁condemned	19312
▁conojel	19313
▁developments	19314
dzidzi	19315
▁magazines	19316
▁worst	19317
ۇنداق	19318
ట్టి	19319
▁дуза	19320
的人	19321
▁Regula	19322
▁ເຫັນ	19323
koresha	19324
▁рад	19325
▁remembrance	19326
▁svi	19327
▁организаци	19328
▁አል	19329
彼	19330
▁ഏ	19331
áwọn	19332
awen	19333
▁desert	19334
▁extend	19335
▁displaying	19336
▁العام	19337
ларны	19338
ష్ట	19339
▁tokoni	19340
ೆಯನ್ನು	19341
▁errors	19342
▁үнэ	19343
▁entra	19344
▁Ahab	19345
▁Usa	19346
impli	19347
▁Сен	19348
▁Skr	19349
▁dispute	19350
▁primarily	19351
▁Promised	19352
သာ	19353
ക്കും	19354
注	19355
▁associates	19356
ANA	19357
त्त	19358
тун	19359
வன்	19360
▁كۆ	19361
өлө	19362
▁bħal	19363
Thixo	19364
лық	19365
gesch	19366
тук	19367
▁Labib	19368
тим	19369
tɔwo	19370
▁Jesucristo	19371
▁Members	19372
▁өс	19373
▁Ngem	19374
ussa	19375
▁Ав	19376
Now	19377
▁segui	19378
mbali	19379
Θ	19380
ᏙᏗ	19381
ڪم	19382
manya	19383
▁apartment	19384
ryp	19385
cháin	19386
гӕ	19387
▁defend	19388
нии	19389
▁Notice	19390
ום	19391
пу	19392
▁afterward	19393
ლე	19394
▁Level	19395
▁ҫу	19396
▁MIME	19397
▁απ	19398
pol	19399
ото	19400
です	19401
▁meaningful	19402
▁trí	19403
બા	19404
▁Informa	19405
SV	19406
▁rewarded	19407
lolo	19408
▁makasi	19409
▁ඒක	19410
▁tapno	19411
▁Pentecost	19412
λή	19413
dɔ	19414
▁rename	19415
▁йўл	19416
▁ความ	19417
▁taxak	19418
▁anei	19419
▁buried	19420
▁miracle	19421
рц	19422
▁Mbi	19423
mbola	19424
λι	19425
▁ಯಾವ	19426
ňyz	19427
▁тыт	19428
yandika	19429
ість	19430
قب	19431
ਕਾ	19432
▁scroll	19433
וו	19434
ديد	19435
▁πολ	19436
▁груп	19437
ghyn	19438
егеҙ	19439
▁gained	19440
/%	19441
▁Research	19442
▁inmenu	19443
ساز	19444
▁करा	19445
▁ပြီး	19446
活动	19447
dzē	19448
ශ්	19449
гаа	19450
▁appoint	19451
▁eorum	19452
▁attachment	19453
rangan	19454
لاق	19455
gmaliw	19456
▁соответств	19457
jums	19458
▁сп	19459
ürü	19460
电	19461
▁abilities	19462
▁Petro	19463
тро	19464
▁કરી	19465
▁donn	19466
▁Bbaibbele	19467
▁endured	19468
ēm	19469
▁Фӕлӕ	19470
fulu	19471
الي	19472
べ	19473
▁چاو	19474
sikhathi	19475
▁hospitality	19476
في	19477
kwata	19478
ွဲ	19479
eddyn	19480
ುವುದು	19481
▁spouse	19482
EZ	19483
നേ	19484
▁amounts	19485
局	19486
ෙක්	19487
ៅ	19488
bɛ	19489
▁Parlament	19490
▁దాని	19491
▁ӗҫле	19492
▁appreciated	19493
ია	19494
ታዊ	19495
ናን	19496
tuman	19497
▁adequate	19498
▁доклад	19499
ალი	19500
例	19501
▁генә	19502
وال	19503
▁balay	19504
canab	19505
യെ	19506
།	19507
▁historical	19508
照	19509
லாம்	19510
候	19511
תו	19512
▁onimaki	19513
▁tear	19514
▁ለማ	19515
▁Worship	19516
▁paths	19517
▁Rəbb	19518
▁characteristics	19519
ەك	19520
▁marvelous	19521
▁parol	19522
▁эмес	19523
▁executed	19524
▁ڪندڙ	19525
▁regret	19526
▁pili	19527
ქმ	19528
▁pří	19529
hav	19530
▁epai	19531
ෂ	19532
▁harmful	19533
გან	19534
▁Programm	19535
idat	19536
▁দেখ	19537
гуу	19538
▁njengo	19539
וב	19540
▁glorified	19541
മായി	19542
▁шул	19543
▁ấy	19544
ཏ	19545
▁امر	19546
▁industri	19547
▁مھل	19548
казан	19549
▁Load	19550
哪	19551
▁mâcßaß	19552
ხვ	19553
▁testify	19554
âk	19555
▁Га	19556
აკ	19557
▁implemented	19558
▁nginjil	19559
▁προσ	19560
▁кра	19561
▁enhance	19562
▁largest	19563
▁mô	19564
▁yôqueb	19565
▁langit	19566
ӥ	19567
▁earn	19568
▁35.	19569
хран	19570
▁specifically	19571
▁Դ	19572
▁byi	19573
۲	19574
qin	19575
▁ھوا	19576
▁අප	19577
ضع	19578
▁Iuda	19579
▁preci	19580
hulu	19581
▁mayor	19582
▁yóò	19583
modzi	19584
▁José	19585
▁bheidh	19586
میشه	19587
ੱਕ	19588
▁hopi	19589
▁axaṭer	19590
zvinhu	19591
ਵਰ	19592
ዉ	19593
▁йыл	19594
tvar	19595
ጭ	19596
вали	19597
biya	19598
▁вас	19599
▁misy	19600
ając	19601
▁humbly	19602
▁metal	19603
tajin	19604
šana	19605
▁hypocrites	19606
▁башҡа	19607
▁dignity	19608
dži	19609
ᏩᏛ	19610
▁encounter	19611
▁exact	19612
▁кӑтарт	19613
▁geç	19614
▁وتی	19615
▁tradition	19616
ተኛ	19617
▁funding	19618
▁Ди	19619
▁ate	19620
▁байгаа	19621
▁réir	19622
▁رک	19623
angkan	19624
fung	19625
item	19626
▁ένα	19627
zí	19628
زانن	19629
主席	19630
▁recompense	19631
▁synagogue	19632
▁Jephthah	19633
▁pụrụ	19634
kasala	19635
▁scientists	19636
▁пулсан	19637
▁wordt	19638
▁ungodly	19639
▁expenditure	19640
▁Warning	19641
▁slain	19642
▁faaroo	19643
סי	19644
▁welfare	19645
በል	19646
ίες	19647
ick	19648
▁larger	19649
▁បង្	19650
じ	19651
么	19652
▁heeft	19653
ынц	19654
▁avea	19655
BO	19656
hwii	19657
ầ	19658
▁करता	19659
only	19660
रु	19661
خشی	19662
▁continu	19663
ғи	19664
ಳು	19665
▁forgotten	19666
ంటి	19667
ព្រ	19668
ด้วย	19669
▁ຊີວິດ	19670
▁стр	19671
థ	19672
▁mense	19673
पी	19674
▁ເວົ້າ	19675
▁processes	19676
Color	19677
▁einwõt	19678
енных	19679
ысты	19680
lū	19681
▁chomh	19682
▁ndụ	19683
▁lâat	19684
ೌ	19685
▁elemento	19686
▁કરવા	19687
▁tún	19688
▁жүр	19689
ጃ	19690
රා	19691
▁trata	19692
ເເ	19693
ွေ	19694
ኸውን	19695
ακ	19696
▁kalibotan	19697
大会	19698
▁қилиш	19699
▁Аз	19700
даш	19701
▁foaki	19702
▁exceeding	19703
ουμε	19704
ುವುದ	19705
▁செய்த	19706
vuye	19707
ского	19708
▁aged	19709
▁arrested	19710
søk	19711
▁motivated	19712
▁ᏂᎦᏛ	19713
▁mothers	19714
▁kenn	19715
▁бошқа	19716
▁split	19717
لىقى	19718
▁öň	19719
eerd	19720
gblɔ	19721
ਨਾਂ	19722
▁installation	19723
▁ნვ	19724
тән	19725
▁الط	19726
▁lovers	19727
гир	19728
▁урын	19729
▁accompanied	19730
▁sand	19731
▁vessel	19732
ғо	19733
ையில்	19734
▁korero	19735
нен	19736
▁ông	19737
wá	19738
هۆی	19739
▁communities	19740
▁алган	19741
▁ਹਾਂ	19742
▁இருந்த	19743
ojnë	19744
абул	19745
ονται	19746
▁പു	19747
▁дене	19748
▁slik	19749
马	19750
▁fears	19751
شع	19752
▁whatsthis	19753
зыр	19754
жәа	19755
▁సహ	19756
▁نیز	19757
▁limitations	19758
▁spending	19759
空	19760
सभ	19761
děl	19762
▁lenā	19763
▁قۇرئان	19764
კჲ	19765
▁მათ	19766
▁fayl	19767
▁injection	19768
▁وإ	19769
\\	19770
ជា	19771
▁choosing	19772
omis	19773
▁Air	19774
▁bitter	19775
▁থেকে	19776
▁signal	19777
рын	19778
երի	19779
▁rescue	19780
▁aolep	19781
▁Indian	19782
▁duration	19783
įgo	19784
тӥз	19785
▁Email	19786
诉	19787
henda	19788
▁Judea	19789
▁мене	19790
▁කළ	19791
▁قوي	19792
▁contributed	19793
guru	19794
ێنێت	19795
rząd	19796
lluni	19797
▁Browse	19798
▁いる	19799
▁Mataio	19800
▁likambo	19801
▁Nye	19802
thanda	19803
▁droit	19804
ора	19805
▁එයා	19806
▁شهر	19807
اور	19808
合作	19809
laš	19810
▁канчаар	19811
▁Ten	19812
▁blow	19813
号	19814
▁пурнӑҫ	19815
òn	19816
దేశ	19817
▁utz	19818
รา	19819
▁ទី	19820
ѓ	19821
ింది	19822
▁accompany	19823
▁المح	19824
araka	19825
▁components	19826
యి	19827
▁وارا	19828
▁noise	19829
▁நீங்கள்	19830
▁warnings	19831
ち	19832
čni	19833
▁ení	19834
Κ	19835
▁duha	19836
述	19837
ದೆ	19838
▁konkur	19839
▁sedulur	19840
▁ให้	19841
存	19842
▁време	19843
ෑ	19844
▁yesterday	19845
▁oqar	19846
▁Judas	19847
▁Press	19848
хъуыд	19849
dım	19850
▁ringa	19851
shika	19852
▁Association	19853
樣	19854
ለን	19855
▁ئىنكا	19856
▁comfortable	19857
▁Це	19858
дуу	19859
ୱ	19860
घ	19861
ையை	19862
▁paasi	19863
▁يۈز	19864
▁さ	19865
xbânu	19866
Ꮡ	19867
retak	19868
▁Salamo	19869
Come	19870
▁physically	19871
giye	19872
ଙ୍କ	19873
▁اے	19874
▁nduwé	19875
ົງ	19876
▁animation	19877
▁esco	19878
▁referring	19879
firma	19880
▁մասին	19881
▁makita	19882
ನ್	19883
▁Bizaad	19884
▁які	19885
stup	19886
▁մարդ	19887
▁pit	19888
ណា	19889
▁suggested	19890
▁mengha	19891
▁നിന്	19892
бира	19893
▁obeyed	19894
▁ຖ້າ	19895
ēta	19896
▁modify	19897
▁Δε	19898
الله	19899
wedd	19900
▁Jizọs	19901
▁Kelisiano	19902
▁ບອກ	19903
▁رسول	19904
安全	19905
имиз	19906
▁engaged	19907
▁Efeso	19908
ữ	19909
▁ɣuṛ	19910
▁considera	19911
▁committee	19912
صف	19913
▁Area	19914
నీ	19915
ಡು	19916
▁informacij	19917
▁або	19918
▁چىق	19919
ሬ	19920
ப்பி	19921
ngá	19922
▁grass	19923
▁പറയ	19924
▁industrial	19925
▁odino	19926
ALA	19927
ಸ್ಥ	19928
▁Dri	19929
ጐ	19930
▁proclaim	19931
तात	19932
▁Mé	19933
▁threatened	19934
▁evolution	19935
▁adult	19936
▁povis	19937
▁مۇھەممەد	19938
ылған	19939
སྙིགས་སྣོད་	19940
▁син	19941
trans	19942
▁Jew	19943
tenda	19944
аётган	19945
▁алдын	19946
ткан	19947
▁اسی	19948
сть	19949
▁كېيىن	19950
▁Map	19951
ሮም	19952
▁Step	19953
ରା	19954
▁prez	19955
▁Bala	19956
▁Гайсә	19957
▁raising	19958
▁ఉన్న	19959
▁00:00	19960
ән	19961
ღვ	19962
▁киши	19963
δε	19964
▁՛	19965
▁ស្រ	19966
ອຍ	19967
▁Direkt	19968
▁Абиблиа	19969
▁mō	19970
▁mayuh	19971
jum	19972
cing	19973
rimo	19974
▁الاست	19975
পি	19976
▁propos	19977
▁categories	19978
▁totonu	19979
?”	19980
ign	19981
▁येशू	19982
WE	19983
▁abandon	19984
pravi	19985
▁seorang	19986
▁する	19987
書	19988
row	19989
wã	19990
यु	19991
▁Britain	19992
uteqar	19993
▁Whom	19994
▁deserve	19995
נד	19996
▁dëkk	19997
▁Дар	19998
дүү	19999
▁taime	20000
▁magic	20001
▁haapao	20002
politik	20003
▁pagtuo	20004
kwenza	20005
▁Stock	20006
▁αυτό	20007
مىز	20008
үш	20009
ಡಿ	20010
▁21,	20011
▁promoting	20012
lobi	20013
▁שריפֿט	20014
brir	20015
▁mainly	20016
▁alternative	20017
▁kebuah	20018
ங்களை	20019
ӕгтӕ	20020
արկ	20021
▁مۆمىنلەر	20022
▁ہے۔	20023
onder	20024
▁Caesar	20025
▁judicial	20026
семпе	20027
▁corner	20028
▁expand	20029
ตัว	20030
ψ	20031
téri	20032
غۇچى	20033
▁murid	20034
▁falsehood	20035
▁plis	20036
▁түр	20037
▁между	20038
Location	20039
ሳይ	20040
jaw	20041
ကား	20042
▁ياكى	20043
лау	20044
▁accord	20045
▁xchßôl	20046
▁medlemsstat	20047
▁काय	20048
kë	20049
писа	20050
▁Aßan	20051
建议	20052
▁Besides	20053
▁surrounded	20054
ীয়	20055
wanga	20056
▁Nathan	20057
▁Turkey	20058
▁roof	20059
sätt	20060
▁kaugalingon	20061
disabled	20062
کاته	20063
▁samsvar	20064
▁សម្រាប់	20065
▁చేస	20066
pă	20067
▁វា	20068
ând	20069
siyana	20070
▁virtue	20071
▁aprann	20072
人员	20073
▁scattered	20074
▁كىشىلەر	20075
ერი	20076
▁කො	20077
oje	20078
▁Chat	20079
▁ನಾನು	20080
▁tumenge	20081
වත්	20082
okuba	20083
▁nacional	20084
ंब	20085
▁mixed	20086
▁بیرون	20087
官	20088
▁stands	20089
▁Tools	20090
▁Ла	20091
४	20092
▁цӕмӕй	20093
posa	20094
سانه	20095
▁perceive	20096
▁Remote	20097
pọ	20098
▁μου	20099
▁вакыт	20100
▁einem	20101
▁Baba	20102
▁Legal	20103
▁yaye	20104
先	20105
ದ್ಧ	20106
▁Active	20107
▁adding	20108
▁discussions	20109
▁recalls	20110
່ມ	20111
▁الدول	20112
▁ພວກ	20113
四	20114
ايو	20115
▁эшлә	20116
▁cakacaka	20117
▁тӗл	20118
▁ເຊື່ອ	20119
টে	20120
▁Old	20121
▁fifth	20122
▁afflicted	20123
▁Normal	20124
▁Tā	20125
དགོས	20126
▁assignments	20127
▁ຮຽນ	20128
▁dhéanamh	20129
士	20130
▁injury	20131
▁агар	20132
Ꮰ	20133
▁غير	20134
▁misli	20135
зд	20136
лог	20137
ឹង	20138
▁yokwe	20139
▁communications	20140
代表	20141
▁Using	20142
▁ᎢᏨ	20143
ཡིག་ཆ	20144
▁losing	20145
▁зем	20146
old	20147
▁incense	20148
▁Forgiving	20149
▁Brussels	20150
▁അത	20151
▁punto	20152
▁banyere	20153
▁神	20154
کانیان	20155
▁Moisés	20156
တို့	20157
▁offline	20158
▁weakness	20159
病	20160
ency	20161
▁20)	20162
▁neck	20163
ರಿಯ	20164
تدا	20165
▁Kasi	20166
μεν	20167
Պ	20168
▁silence	20169
ەتكە	20170
PL	20171
▁الك	20172
▁Brooklyn	20173
▁قىلدۇق	20174
▁west	20175
谢	20176
ными	20177
ப்போ	20178
vă	20179
▁mbantu	20180
▁അതി	20181
▁யெகோவா	20182
ଗୁଡ଼ିକୁ	20183
መጽሐፍ	20184
▁ጋር	20185
▁maintained	20186
▁نیک	20187
શે	20188
▁lórí	20189
тур	20190
▁берген	20191
▁Comité	20192
▁attached	20193
nngor	20194
kanda	20195
▁აღ	20196
集	20197
▁boleh	20198
▁چؤ	20199
▁instructed	20200
▁fakatoka	20201
ཐོག་	20202
▁hini	20203
▁тем	20204
च्छ	20205
▁assume	20206
▁whare	20207
▁kodia	20208
rî	20209
▁namely	20210
bunt	20211
▁Afrika	20212
▁առաջ	20213
ڱ	20214
▁Real	20215
mālie	20216
▁ئیتر	20217
▁Kami	20218
▁Track	20219
▁mille	20220
▁avail	20221
သူ	20222
▁orders	20223
алга	20224
earre	20225
yàn	20226
ความ	20227
നും	20228
经济	20229
▁needy	20230
▁закон	20231
示	20232
ສະຫ	20233
глас	20234
راوه	20235
▁آیا	20236
పే	20237
བདམས་ཟིན་པའི་	20238
▁switch	20239
▁olive	20240
▁tribu	20241
radh	20242
▁ኢና	20243
▁Ubangiji	20244
▁Cut	20245
ᎸᎯ	20246
প্ত	20247
▁lioku	20248
▁serpent	20249
▁institution	20250
消	20251
২	20252
タ	20253
▁intense	20254
बर	20255
лаг	20256
mbele	20257
▁Titus	20258
▁wronged	20259
▁داخل	20260
മി	20261
ňa	20262
নো	20263
▁իմ	20264
▁repentant	20265
▁attain	20266
▁என்ன	20267
▁hierdie	20268
▁நாம்	20269
▁bixi	20270
ntang	20271
▁RE	20272
abig	20273
▁residence	20274
▁ಯೆಹೋವನ	20275
ġen	20276
▁lezot	20277
▁route	20278
▁Жахаба	20279
▁lapho	20280
тӕй	20281
க்கும்	20282
▁routine	20283
▁иаҳ	20284
▁exercising	20285
քը	20286
▁spot	20287
▁نخواه	20288
▁equipped	20289
▁threw	20290
水	20291
▁ئىدى	20292
▁deliverance	20293
אַנ	20294
▁Lazarus	20295
▁75	20296
▁KMail	20297
▁determina	20298
تنفيذ	20299
maroñ	20300
смотр	20301
▁դր	20302
▁chifukwa	20303
ാല്	20304
▁arguments	20305
▁reglament	20306
phakathi	20307
wà	20308
ица	20309
ngay	20310
▁ìṣ	20311
อบ	20312
sìn	20313
▁ministerial	20314
σύ	20315
▁お	20316
▁panid	20317
▁ҫине	20318
ார	20319
▁minded	20320
▁बे	20321
▁туш	20322
▁confi	20323
داری	20324
skir	20325
▁seperti	20326
stelling	20327
▁قورق	20328
ιν	20329
▁settled	20330
▁پیش	20331
▁Bookmark	20332
▁Devles	20333
▁суд	20334
قص	20335
spira	20336
▁Connect	20337
êye	20338
hungu	20339
▁באַ	20340
By	20341
▁երբ	20342
▁ある	20343
بہ	20344
▁ಆದರೆ	20345
تڏھن	20346
▁reap	20347
ಚಿ	20348
▁ቤት	20349
▁ґәзаб	20350
uff	20351
▁deed	20352
Kon	20353
語	20354
gize	20355
ඔ	20356
▁jedno	20357
▁shoot	20358
▁Letter	20359
▁Arabic	20360
▁concept	20361
ικές	20362
▁ratio	20363
ныя	20364
▁توکي	20365
▁право	20366
▁شۇ	20367
あなた	20368
കള	20369
▁versch	20370
ngere	20371
ڼ	20372
▁Cursor	20373
▁сме	20374
▁программ	20375
▁arrest	20376
▁artikulo	20377
▁Truly	20378
▁fakataha	20379
qué	20380
▁kakhulu	20381
lý	20382
ଲା	20383
ــ	20384
▁ᎪᎯ	20385
▁ain	20386
▁affliction	20387
▁texts	20388
▁неко	20389
īga	20390
▁rid	20391
▁ntina	20392
களுக்கு	20393
ླ	20394
▁silent	20395
▁Кудайдын	20396
гаар	20397
▁fix	20398
ास	20399
ۈل	20400
▁zero	20401
▁bomoi	20402
▁everybody	20403
ाएँ	20404
డానికి	20405
▁ଗୋଟିଏ	20406
16;	20407
pir	20408
▁Egipto	20409
tondezya	20410
જા	20411
▁unexpected	20412
образ	20413
सार	20414
▁separated	20415
▁ግዜ	20416
lən	20417
▁adjustments	20418
nggawé	20419
▁loyi	20420
▁maoy	20421
▁Ephesus	20422
card	20423
وام	20424
▁abode	20425
ץ	20426
ਤਰ	20427
ದಿಂದ	20428
ию	20429
▁exit	20430
▁хӕ	20431
majala	20432
ttiva	20433
▁hardly	20434
▁Rabbiga	20435
▁concentration	20436
ciindi	20437
දී	20438
▁Messianic	20439
▁вӗсем	20440
ង្	20441
▁Bibilia	20442
份	20443
▁तुम्ही	20444
ые	20445
▁broad	20446
▁Profile	20447
mej	20448
▁خویش	20449
▁pursuing	20450
▁smaller	20451
▁Հիսուս	20452
ənə	20453
▁grasp	20454
ွေး	20455
▁దేవుని	20456
▁supports	20457
ുമ	20458
▁idiin	20459
▁temperature	20460
pandu	20461
хара	20462
置	20463
▁frem	20464
▁wilt	20465
▁سزای	20466
recht	20467
▁faýl	20468
బా	20469
વે	20470
自己	20471
▁ئەمەس	20472
▁Esau	20473
▁панӑ	20474
▁کتاب	20475
▁Woe	20476
▁fakakite	20477
jwi	20478
τέ	20479
▁delivery	20480
[2]	20481
ҵә	20482
▁Miss	20483
▁шухӑш	20484
▁मैं	20485
ሥራ	20486
▁coordination	20487
▁görə	20488
▁winter	20489
නම්	20490
sjonen	20491
▁عام	20492
▁hunger	20493
▁ᎣᏍᏛ	20494
"%	20495
▁Kò	20496
▁Христ	20497
ుకో	20498
▁conto	20499
哥	20500
老	20501
کہ	20502
නය	20503
ಗು	20504
▁23)	20505
▁ຄິດ	20506
认	20507
▁Object	20508
▁ಅವರು	20509
isht	20510
್ಯಾ	20511
▁Sīsū	20512
RAN	20513
ド	20514
▁script	20515
țța	20516
▁පැ	20517
▁repeatedly	20518
▁Аллоҳга	20519
▁cuc	20520
▁earned	20521
▁mundo	20522
▁بودند	20523
▁gbó	20524
eign	20525
▁Hier	20526
▁yingo	20527
miseks	20528
ныг	20529
▁تاوان	20530
▁bright	20531
▁plane	20532
▁cash	20533
▁ethnic	20534
▁garment	20535
▁Anna	20536
బ్	20537
мес	20538
▁Moab	20539
▁acquire	20540
ικών	20541
▁Ий	20542
ᏔᏁ	20543
▁nagka	20544
landu	20545
▁pulong	20546
▁җир	20547
▁explanation	20548
েল	20549
ối	20550
▁goed	20551
▁Advanced	20552
ឋ	20553
▁Bann	20554
jã	20555
ӑп	20556
سې	20557
▁বাৰ্তা	20558
▁[...]	20559
▁responsabil	20560
▁sends	20561
▁faufaa	20562
▁idiay	20563
▁тух	20564
▁cred	20565
せ	20566
cuulac	20567
▁receives	20568
▁munthu	20569
▁Child	20570
ദ്ധ	20571
▁wrongdoing	20572
ಿರ	20573
ვარ	20574
▁በማ	20575
nngitsu	20576
ồ	20577
▁Green	20578
▁त्याच्या	20579
ଁ	20580
▁mòże	20581
▁дур	20582
▁বাবে	20583
เช	20584
▁belajar	20585
٩	20586
▁ýaş	20587
▁seks	20588
▁distributed	20589
▁players	20590
జ్	20591
ђ	20592
DL	20593
▁Column	20594
著	20595
▁зот	20596
বি	20597
▁Case	20598
▁disobedience	20599
ിക്കുക	20600
قرآن	20601
akali	20602
кот	20603
▁என	20604
▁орган	20605
▁visu	20606
Muhammad	20607
察	20608
atigut	20609
དེ་	20610
डी	20611
▁Selected	20612
ικής	20613
▁Benjamin	20614
ᏃᎮ	20615
руш	20616
▁Client	20617
akhi	20618
گری	20619
મો	20620
weereza	20621
▁previ	20622
ritra	20623
▁Model	20624
拿	20625
▁وفي	20626
▁обеспеч	20627
南	20628
விட	20629
െങ്കില	20630
▁tetep	20631
▁Direct	20632
▁statistics	20633
TH	20634
▁аҟынтә	20635
▁fitting	20636
ົວ	20637
▁құ	20638
▁kwaku	20639
เก	20640
सर	20641
kė	20642
▁dies	20643
▁decree	20644
▁тре	20645
مانه	20646
ël	20647
кла	20648
▁depend	20649
eeyey	20650
без	20651
项目	20652
▁پێیان	20653
▁21)	20654
ල්ල	20655
▁бўлса	20656
▁approached	20657
▁weaknesses	20658
ʋ	20659
▁Shall	20660
▁मन	20661
▁Until	20662
▁farm	20663
▁wakali	20664
иқ	20665
▁berkata	20666
▁somebody	20667
▁നാം	20668
low	20669
▁coodagh	20670
ន្ទ	20671
ંગ	20672
ാം	20673
▁continually	20674
▁improved	20675
▁китоб	20676
▁күн	20677
မှု	20678
▁widely	20679
tīv	20680
ਗਾ	20681
▁hæ	20682
▁Poland	20683
▁птица	20684
▁kwiinda	20685
▁sessions	20686
үнө	20687
▁सि	20688
eqqu	20689
步	20690
sled	20691
rət	20692
արտ	20693
▁corresponding	20694
▁Bibliya	20695
▁urip	20696
راض	20697
▁Baş	20698
▁accepting	20699
Տ	20700
▁haec	20701
panga	20702
ወን	20703
ત્	20704
▁wãween	20705
▁27.	20706
▁Lè	20707
▁writings	20708
▁Алар	20709
▁muốn	20710
▁هات	20711
▁پشت	20712
▁òf	20713
ANT	20714
θεί	20715
▁Jerusalén	20716
▁Mpo	20717
▁سگھ	20718
▁ihre	20719
▁inclined	20720
▁wena	20721
▁kßax	20722
Where	20723
håll	20724
▁рухи	20725
اش	20726
▁ຍັງ	20727
▁дӕ	20728
ాయి	20729
▁bore	20730
▁huwa	20731
▁bumi	20732
▁comprehensive	20733
zzjonali	20734
▁деди	20735
▁counter	20736
▁Space	20737
▁protocol	20738
▁habita	20739
▁köz	20740
▁conflicts	20741
▁бүр	20742
mping	20743
gbá	20744
▁pacient	20745
▁پاک	20746
ഷ്ട	20747
▁indica	20748
伊	20749
рок	20750
ələ	20751
اتتى	20752
▁waktu	20753
▁ຫມາຍ	20754
▁band	20755
JO	20756
yari	20757
▁Stay	20758
▁kerana	20759
wydd	20760
▁Folders	20761
▁Marka	20762
ματα	20763
ᏁᎢ	20764
▁Barnabas	20765
▁espirituwal	20766
▁ᏂᎦ	20767
维	20768
լին	20769
ਡੀ	20770
தற்கு	20771
▁atmosphere	20772
▁Order	20773
▁divide	20774
▁inaad	20775
කාර	20776
▁ਵਿ	20777
wise	20778
▁discu	20779
மைய	20780
▁columns	20781
▁tokotaha	20782
ኘ	20783
▁vobis	20784
වන	20785
▁resolved	20786
эй	20787
▁ອາດ	20788
५	20789
▁santi	20790
kaambo	20791
чә	20792
▁poder	20793
ሰብ	20794
▁أي	20795
цӕу	20796
రీ	20797
▁huh	20798
▁sanctuary	20799
▁absence	20800
▁attitudes	20801
▁integration	20802
▁reputation	20803
▁laying	20804
©	20805
▁literally	20806
▁κατά	20807
▁फिर	20808
▁Familia	20809
▁دۆز	20810
ತೆ	20811
▁дээш	20812
▁jaku	20813
▁Saya	20814
вол	20815
▁Done	20816
▁towns	20817
այր	20818
ွယ်	20819
▁stvar	20820
▁Quix	20821
▁سىلەرنى	20822
▁ᎾᏍᎩᏃ	20823
AV	20824
▁soldado	20825
▁shaq	20826
iisii	20827
五	20828
nyembah	20829
▁buvo	20830
▁opinions	20831
leştir	20832
▁veivaka	20833
书	20834
▁br	20835
▁compassionate	20836
ӯҳ	20837
ότητα	20838
uɣal	20839
▁ദൈവ	20840
▁Urang	20841
▁Ewi	20842
ǎ	20843
▁urgent	20844
▁ongoing	20845
▁subjection	20846
商	20847
ردگاری	20848
Ρ	20849
▁کافر	20850
కూ	20851
▁คน	20852
ارا	20853
▁teuana	20854
KS	20855
ymy	20856
▁buildings	20857
▁Amen	20858
▁horoa	20859
xxi	20860
▁କି	20861
▁під	20862
ਵਾਂ	20863
▁يوق	20864
Delete	20865
But	20866
larni	20867
▁dollars	20868
ሄ	20869
▁نمی	20870
▁ergo	20871
ئۇ	20872
▁IV	20873
ர்கள்	20874
▁Sure	20875
▁difficulty	20876
▁imports	20877
ಯೂ	20878
"?	20879
▁kũlĩh	20880
▁شتێک	20881
▁genom	20882
▁मिळ	20883
ea	20884
higugma	20885
▁کێ	20886
▁သည့်	20887
▁Doing	20888
▁گۇناھ	20889
▁Bé	20890
▁его	20891
▁bestowed	20892
▁exposure	20893
ಾಗಿದ್ದ	20894
▁फाइल	20895
హా	20896
▁33.	20897
Behold	20898
▁جگه	20899
▁Jehoshaphat	20900
▁Undo	20901
▁fitchî	20902
▁goats	20903
▁returning	20904
Σ	20905
▁коли	20906
▁âtin	20907
gomba	20908
▁doth	20909
▁worker	20910
ива	20911
▁delegation	20912
▁crying	20913
▁adjustment	20914
▁okw	20915
вид	20916
אל	20917
▁юрт	20918
Ч	20919
фар	20920
ვალ	20921
▁frå	20922
ąą	20923
▁ojú	20924
dın	20925
▁бзиа	20926
▁proceedings	20927
አላህ	20928
▁kontan	20929
级	20930
▁Mac	20931
後	20932
sız	20933
▁Macedonia	20934
▁disbelieved	20935
እታ	20936
話	20937
wäh	20938
▁scri	20939
▁بڕوا	20940
▁παρα	20941
▁പോ	20942
لایه	20943
▁በአ	20944
daño	20945
лығы	20946
▁entrusted	20947
▁solutions	20948
πτ	20949
▁موسی	20950
საც	20951
ុំ	20952
अ	20953
▁συ	20954
▁calamity	20955
link	20956
▁zone	20957
ої	20958
▁Мы	20959
▁იყო	20960
▁offices	20961
族	20962
▁pihia	20963
ock	20964
люб	20965
box	20966
▁कुछ	20967
▁Мәсих	20968
▁cruel	20969
ែន	20970
▁bebe	20971
▁recovery	20972
▁бош	20973
▁ibintu	20974
▁assemblies	20975
ität	20976
▁विश्	20977
▁correction	20978
kkal	20979
▁perspective	20980
▁Iharaira	20981
▁ອື່ນ	20982
▁kahimtang	20983
▁prominent	20984
dę	20985
▁йўқ	20986
▁benefited	20987
ист	20988
▁okwu	20989
ଇ	20990
▁villages	20991
▁ഈ	20992
▁fà	20993
ែក	20994
▁eliminate	20995
▁күз	20996
▁measured	20997
证	20998
▁Third	20999
ತಿಯ	21000
▁ᎢᏳᏃ	21001
核	21002
▁symptoms	21003
▁permitted	21004
▁mahana	21005
▁ڪنھن	21006
dīt	21007
▁आहेत	21008
▁northern	21009
▁Espa	21010
▁umue	21011
▁Так	21012
akwụkwọ	21013
тавон	21014
рӑх	21015
▁sustain	21016
▁каланӑ	21017
gxo	21018
ுகிற	21019
▁merk	21020
▁Kommissionen	21021
▁starts	21022
یوں	21023
ന്ത	21024
▁ನಿಮ್ಮ	21025
ാവ	21026
▁kouma	21027
这个	21028
ZI	21029
▁Executive	21030
ຸດ	21031
▁cooperate	21032
tzea	21033
▁gugma	21034
▁Ovo	21035
▁سمجھ	21036
ół	21037
▁rẹ	21038
▁belli	21039
▁prisoners	21040
▁wenn	21041
▁Bwe	21042
▁arrival	21043
▁kitautolu	21044
▁tinimit	21045
▁Бурганның	21046
▁frequently	21047
exist	21048
▁тот	21049
▁financing	21050
ушу	21051
న్ని	21052
ຶກ	21053
▁afford	21054
▁Cuir	21055
кыл	21056
▁katoatoa	21057
▁gjith	21058
▁Կ	21059
hibalo	21060
ாய்	21061
ジ	21062
▁ಮೇಲೆ	21063
▁Josiah	21064
▁camera	21065
nyana	21066
sicht	21067
れる	21068
▁Within	21069
▁discrimination	21070
▁yoke	21071
app	21072
یعنی	21073
дим	21074
▁խոս	21075
▁kodwa	21076
ዴ	21077
▁Gü	21078
ंत	21079
▁filename	21080
دف	21081
▁captain	21082
/6	21083
ever	21084
غى	21085
дта	21086
▁ਲੋਕ	21087
уны	21088
▁բան	21089
▁combined	21090
▁sales	21091
▁rebellious	21092
чил	21093
ক্ৰ	21094
▁supplies	21095
▁telephone	21096
▁tongues	21097
entia	21098
ற்று	21099
▁گرفت	21100
نھيء	21101
▁Jadi	21102
▁waé	21103
▁អំពី	21104
▁summary	21105
▁propi	21106
▁Бир	21107
ኋ	21108
▁cyf	21109
നം	21110
▁سىلەرنىڭ	21111
ڈ	21112
近	21113
place	21114
▁movie	21115
ிக்க	21116
ків	21117
kõt	21118
νομ	21119
▁بیشک	21120
▁урҭ	21121
▁чун	21122
mplement	21123
▁pää	21124
nneɣ	21125
ᏲᎱ	21126
▁stability	21127
▁đang	21128
▁23,	21129
ecta	21130
▁яхшы	21131
▁Balet	21132
ឹ	21133
mpah	21134
lyf	21135
▁არა	21136
▁Abel	21137
готов	21138
▁swinene	21139
▁existe	21140
▁Бурхан	21141
శా	21142
Ꭴ	21143
▁ਜੋ	21144
ాల	21145
უთ	21146
▁Stat	21147
▁Hour	21148
▁stumble	21149
mbulu	21150
ጂ	21151
▁depression	21152
▁سخت	21153
sök	21154
▁announced	21155
▁ժամանակ	21156
▁Quit	21157
ertifikat	21158
ereza	21159
▁residents	21160
قىيامەت	21161
▁اٿ	21162
ڕۆ	21163
▁Financial	21164
▁driven	21165
▁menyadi	21166
▁چاکه	21167
▁Ху	21168
▁00	21169
lelwa	21170
▁зегьы	21171
ndaki	21172
▁kõmman	21173
vär	21174
▁daɣen	21175
पूर्ण	21176
ological	21177
路	21178
▁շատ	21179
▁28,	21180
▁pair	21181
மி	21182
στε	21183
▁smell	21184
▁Food	21185
▁እየ	21186
▁sicut	21187
▁mbuli	21188
▁نازى	21189
ئەت	21190
wô	21191
▁нав	21192
重要	21193
▁Auf	21194
▁рахь	21195
ительно	21196
▁Institute	21197
ões	21198
▁ярдәм	21199
ದೇ	21200
▁хабар	21201
▁gətir	21202
ത്തു	21203
▁toimi	21204
▁trobul	21205
▁flat	21206
▁xak	21207
▁Output	21208
nthaŵi	21209
▁essere	21210
ungod	21211
▁Manasseh	21212
ợ	21213
lawan	21214
లకు	21215
▁operational	21216
▁ако	21217
▁warner	21218
▁ملک	21219
σω	21220
شتی	21221
ify	21222
ért	21223
▁булды	21224
kê	21225
▁wagt	21226
▁mahitungod	21227
▁права	21228
▁Ыйык	21229
▁Satana	21230
▁dangers	21231
ಗಳಲ್ಲಿ	21232
ӑҫ	21233
yarin	21234
ыя	21235
▁គឺ	21236
▁Switzerland	21237
▁ಸಹ	21238
▁күрә	21239
trakt	21240
նդ	21241
▁penā	21242
▁pornography	21243
▁kontakt	21244
▁promotion	21245
▁mungkin	21246
▁беҙҙе	21247
ափ	21248
▁Biblical	21249
▁wings	21250
MAN	21251
Ж	21252
▁Chronicles	21253
aries	21254
kiisa	21255
▁grieve	21256
▁grad	21257
▁Channel	21258
▁అను	21259
▁plague	21260
Ҡ	21261
मध्ये	21262
▁המ	21263
▁मला	21264
▁Actually	21265
▁theocratic	21266
iyyət	21267
▁ᎠᏆ	21268
▁केले	21269
▁conference	21270
ụwa	21271
▁sports	21272
▁Lé	21273
▁ظالم	21274
grunn	21275
▁باز	21276
▁Praise	21277
▁golden	21278
▁adalah	21279
▁sigui	21280
nıñ	21281
لاردىن	21282
▁moui	21283
Bhayibheli	21284
гын	21285
▁kinautolu	21286
Š	21287
▁చె	21288
▁пал	21289
▁illustrations	21290
Dialog	21291
гур	21292
署	21293
▁Kitab	21294
તી	21295
▁Task	21296
▁tyre	21297
什麼	21298
▁fed	21299
ใช่	21300
▁Наций	21301
▁статья	21302
ланган	21303
msebenzi	21304
▁ຖືກ	21305
▁እያ	21306
గల	21307
▁مسیح	21308
▁ngerti	21309
sariaqar	21310
▁falls	21311
Undo	21312
▁үг	21313
▁cäc	21314
▁Объединенны	21315
▁хъуамӕ	21316
▁vý	21317
▁shew	21318
▁بشأن	21319
▁Bring	21320
▁conscious	21321
▁judgments	21322
▁preferences	21323
▁сӑмах	21324
mende	21325
حر	21326
▁beneath	21327
▁absolutely	21328
ፎ	21329
▁کرتا	21330
this	21331
▁ਸੰ	21332
ләрне	21333
ाच्या	21334
ᏔᏅ	21335
▁ўзи	21336
▁numbered	21337
▁него	21338
▁सांग	21339
NY	21340
▁cache	21341
▁Мен	21342
8/	21343
▁insert	21344
▁vertical	21345
▁feitu	21346
ሒ	21347
▁ниндәй	21348
▁proxy	21349
▁Little	21350
▁kasih	21351
▁conversations	21352
▁Airport	21353
ются	21354
▁taea	21355
▁pagan	21356
法律	21357
قانداق	21358
Chi	21359
خۆ	21360
造	21361
gbè	21362
mèt	21363
▁Middle	21364
每	21365
▁Albert	21366
ೆಂದು	21367
▁ᎢᏯ	21368
▁یو	21369
▁revelation	21370
▁urge	21371
ości	21372
▁ਗੱਲ	21373
▁gjennom	21374
Ғ	21375
ования	21376
▁woe	21377
▁ಅವನು	21378
▁Foundation	21379
нү	21380
ோம்	21381
дары	21382
▁सो	21383
▁عليه	21384
цент	21385
增	21386
▁rw	21387
▁Judgment	21388
лік	21389
▁profeta	21390
▁пункт	21391
upaya	21392
خێر	21393
Acht	21394
运	21395
▁Không	21396
▁nella	21397
▁breath	21398
ējā	21399
alam	21400
ጓ	21401
၏	21402
マ	21403
▁Minimum	21404
▁fiema	21405
GO	21406
ucua	21407
▁Four	21408
▁disappointed	21409
▁mobile	21410
ত্ত	21411
▁confirm	21412
آن	21413
▁repeated	21414
▁العامة	21415
▁facilitate	21416
▁Heart	21417
▁үҙе	21418
▁Egyptian	21419
iems	21420
▁друг	21421
сел	21422
கா	21423
▁pressures	21424
▁locations	21425
▁күрсәт	21426
▁taumafai	21427
▁dunia	21428
▁послед	21429
ử	21430
ልና	21431
ATION	21432
▁fakafe	21433
ٻي	21434
վեց	21435
ဤ	21436
▁күрһәт	21437
▁tablets	21438
▁እቶ	21439
▁sikato	21440
▁بولۇپ	21441
组	21442
	21443
ɖi	21444
▁omnes	21445
▁enjoyment	21446
zalaki	21447
ывыс	21448
▁tabatin	21449
hör	21450
ढ़	21451
▁آھيون	21452
ādā	21453
▁عبادت	21454
▁байдаг	21455
▁ignored	21456
▁brotherhood	21457
ಿರಿ	21458
▁openly	21459
▁normally	21460
cHFF	21461
தன்	21462
▁Paragraph	21463
▁doctors	21464
лук	21465
Install	21466
Yes	21467
▁controlled	21468
▁cycle	21469
▁shortly	21470
▁رفت	21471
нипе	21472
▁Kitai	21473
▁steadfast	21474
▁तेव्हा	21475
ល់	21476
▁буде	21477
▁হৈছে	21478
▁teeth	21479
▁charges	21480
ಖ	21481
▁clock	21482
ടി	21483
规	21484
граф	21485
▁applet	21486
Query	21487
▁Pře	21488
היה	21489
ային	21490
kweni	21491
▁Prayer	21492
▁लोग	21493
▁Blurb	21494
▁kahore	21495
▁Организации	21496
叫	21497
▁Qur	21498
▁ᎠᏓ	21499
▁Excuse	21500
▁Visit	21501
▁hid	21502
▁Judge	21503
▁बि	21504
▁faoin	21505
▁riqßuineb	21506
▁wisely	21507
▁юрат	21508
lling	21509
▁вопрос	21510
lərə	21511
▁ON	21512
▁satisfy	21513
▁Update	21514
▁izmanto	21515
间	21516
മേ	21517
نازل	21518
▁Hari	21519
▁geus	21520
▁ᏧᏂ	21521
服	21522
▁increases	21523
▁համ	21524
品	21525
▁chemical	21526
▁medio	21527
▁preserved	21528
▁checked	21529
▁yâl	21530
ိုက်	21531
ಯೇ	21532
արգ	21533
▁obvious	21534
inio	21535
▁ဘယ်	21536
▁eaten	21537
▁ଫାଇଲ	21538
cl	21539
▁fakamaoni	21540
▁indefinite	21541
▁onun	21542
▁Sweden	21543
▁stabil	21544
▁umur	21545
▁translations	21546
▁дода	21547
▁upset	21548
▁asina	21549
▁backs	21550
フ	21551
gtig	21552
▁rural	21553
▁talitonu	21554
▁ເຫ	21555
მართ	21556
▁znam	21557
તિ	21558
යන්	21559
ned	21560
мәгән	21561
▁opposed	21562
സി	21563
လုံး	21564
▁perfectly	21565
დგ	21566
▁governor	21567
▁settle	21568
ња	21569
▁dinner	21570
ɓ	21571
Ị	21572
តា	21573
ALI	21574
▁dictionary	21575
▁װע	21576
▁EEA	21577
▁subparagraph	21578
▁پھ	21579
ному	21580
▁XBM	21581
▁Ania	21582
▁regul	21583
ubuntu	21584
▁Header	21585
efnydd	21586
据	21587
nissaa	21588
▁lahko	21589
▁sidang	21590
yasen	21591
儿童	21592
选	21593
يوسون	21594
▁Fakamo	21595
▁unrighteous	21596
رکه	21597
▁Од	21598
καλ	21599
éieren	21600
Ó	21601
▁Bondie	21602
▁recon	21603
▁ዝነበረ	21604
ाला	21605
▁силер	21606
▁Chief	21607
▁ჩვენ	21608
▁කරන	21609
▁awareness	21610
బు	21611
തിര	21612
▁دوای	21613
▁Scroll	21614
ית	21615
▁ìgbà	21616
▁ice	21617
ಿಕೊಳ್ಳ	21618
▁Wann	21619
▁shar	21620
▁comforted	21621
▁көрсөт	21622
▁onwe	21623
▁regardless	21624
›	21625
▁اسين	21626
сил	21627
र्म	21628
▁gëm	21629
کاری	21630
▁conclusions	21631
ान	21632
▁soldier	21633
密	21634
קל	21635
ร์	21636
zumi	21637
metri	21638
▁والوں	21639
вала	21640
▁ನಿನ್ನ	21641
▁Specify	21642
▁پسر	21643
9/	21644
▁fakatau	21645
ställ	21646
▁ogé	21647
▁кофир	21648
▁хий	21649
uring	21650
▁lowly	21651
article	21652
▁rejoicing	21653
区域	21654
▁reminders	21655
യുടെ	21656
▁storm	21657
▁ಯೇಸು	21658
▁ring	21659
▁කෙ	21660
▁میان	21661
abuhi	21662
▁ບໍ	21663
▁dance	21664
ኪ	21665
▁rent	21666
ỗ	21667
▁Summary	21668
▁degrees	21669
арҙың	21670
▁associations	21671
▁この	21672
تانه	21673
▁šo	21674
ኦም	21675
០	21676
▁Kondi	21677
▁nañu	21678
▁panjenengan	21679
限	21680
▁recreation	21681
går	21682
▁सब	21683
▁skirt	21684
▁Šta	21685
▁För	21686
▁blev	21687
رێز	21688
▁Available	21689
▁får	21690
▁Visible	21691
▁exciting	21692
▁harsh	21693
▁thì	21694
хъӕ	21695
▁digital	21696
ኵ	21697
▁план	21698
▁zoom	21699
▁regulation	21700
音	21701
▁लग	21702
▁त्यांना	21703
ক্স	21704
▁تنھنجي	21705
▁sorts	21706
▁pull	21707
夫	21708
Иоанн	21709
▁sixth	21710
▁gospel	21711
ခါ	21712
▁illegal	21713
సా	21714
çar	21715
thola	21716
▁thấy	21717
▁күңел	21718
▁acknowledged	21719
▁YaHei	21720
▁appar	21721
▁Content	21722
rette	21723
▁sectors	21724
ennoù	21725
▁devour	21726
იც	21727
കാര	21728
▁colours	21729
▁expert	21730
غه	21731
lemek	21732
▁conceal	21733
jaran	21734
маған	21735
▁employees	21736
urwa	21737
▁Kü	21738
▁lára	21739
полож	21740
任何	21741
գտ	21742
▁histori	21743
▁பய	21744
▁Death	21745
▁Ephraim	21746
▁fekafekau	21747
Թ	21748
▁council	21749
▁transferred	21750
מא	21751
▁drag	21752
ติ	21753
▁Ham	21754
omia	21755
▁იეჰოვას	21756
▁նրանց	21757
▁Share	21758
▁objekt	21759
▁zatlar	21760
▁afternoon	21761
▁Things	21762
▁therapy	21763
▁كىتاب	21764
▁encoding	21765
▁lists	21766
ԥшуа	21767
ഖ	21768
▁Mâ	21769
▁ọma	21770
▁buddy	21771
בא	21772
▁Malachi	21773
്ര	21774
▁кәрәк	21775
	21776
мін	21777
▁controls	21778
▁hoped	21779
▁għandha	21780
▁አንድ	21781
they	21782
ێنن	21783
ត្ត	21784
ಞ	21785
ವರು	21786
▁consistent	21787
ัด	21788
▁shoulder	21789
▁aug	21790
▁efficiency	21791
Look	21792
▁winds	21793
▁letting	21794
▁چوندا	21795
cächa	21796
sürät	21797
▁ເຂົ້າ	21798
▁ਸੁ	21799
īt	21800
іл	21801
uch	21802
▁obeying	21803
▁Şeýle	21804
گىن	21805
▁Pick	21806
▁genera	21807
▁hint	21808
▁allt	21809
छ	21810
▁Numbers	21811
▁hô	21812
ባል	21813
▁taip	21814
▁Fine	21815
▁ಎಂಬ	21816
▁जिस	21817
▁ኸኣ	21818
▁ماڵ	21819
kontrol	21820
▁gross	21821
▁visitors	21822
▁लोगों	21823
ریک	21824
▁želi	21825
гляд	21826
▁κατα	21827
ኹ	21828
▁arrive	21829
▁Biibilimi	21830
▁लोकां	21831
ост	21832
▁readily	21833
▁AS	21834
▁participants	21835
ിലെ	21836
▁scholar	21837
▁womb	21838
ਵੇਂ	21839
▁držav	21840
ౌ	21841
ถึง	21842
▁consent	21843
▁అని	21844
▁ਮੁ	21845
کي	21846
▁percentage	21847
lighet	21848
▁plen	21849
▁speaker	21850
▁ᎤᏲ	21851
diler	21852
▁backup	21853
▁closing	21854
▁sangat	21855
ٌ	21856
ਠ	21857
δικ	21858
ยัง	21859
▁wipe	21860
െയും	21861
▁conten	21862
▁pension	21863
weelede	21864
▁cared	21865
ћ	21866
▁favorite	21867
ကြောင့်	21868
▁але	21869
▁գր	21870
▁eða	21871
зү	21872
▁vakacava	21873
▁Esther	21874
iñiz	21875
▁smoking	21876
▁airport	21877
▁унга	21878
ədə	21879
▁fakamalosi	21880
ģ	21881
ंचा	21882
▁IP	21883
ضا	21884
▁ਵਿੱਚ	21885
▁HIV	21886
论	21887
မျှ	21888
(3)	21889
زد	21890
▁Something	21891
▁আৰু	21892
▁initiatives	21893
▁dimounn	21894
▁ເບິ່ງ	21895
▁Stati	21896
tù	21897
▁locked	21898
gún	21899
▁mourning	21900
儿	21901
▁Wir	21902
nofanira	21903
pl	21904
▁Раббы	21905
▁wrongdoers	21906
▁borders	21907
▁respons	21908
▁кӕны	21909
▁defense	21910
▁absolute	21911
owy	21912
▁សេចក្ដី	21913
▁survey	21914
گوید	21915
▁scholars	21916
ግብ	21917
▁ಸಮ	21918
stante	21919
▁ئاندىن	21920
▁Syria	21921
ξη	21922
▁reactions	21923
▁پەرۋەردىگارىڭ	21924
াল	21925
▁ہوئے	21926
ლთ	21927
▁kuenje	21928
τερ	21929
vilupp	21930
նել	21931
您	21932
▁ĉi	21933
▁នៃ	21934
▁behar	21935
▁তারা	21936
▁lovingly	21937
▁килтер	21938
artut	21939
טן	21940
ēja	21941
▁Ariko	21942
▁push	21943
▁banic	21944
lių	21945
iđ	21946
▁ᎿᏉᏃ	21947
خۆش	21948
יד	21949
ದೇಶ	21950
▁ရန်	21951
▁56	21952
▁তথ্য	21953
achtaí	21954
▁motion	21955
▁Additional	21956
ऱ्	21957
ising	21958
ىڭ	21959
▁bopp	21960
▁exceed	21961
▁նրա	21962
▁stranger	21963
▁cr	21964
▁quando	21965
▁செய்ய	21966
▁ನಾ	21967
▁ekoki	21968
▁biler	21969
▁èyí	21970
▁ISO	21971
лин	21972
▁sunã	21973
tain	21974
टे	21975
▁Ndaxte	21976
▁чугаала	21977
▁ويو	21978
▁Canaan	21979
▁authorised	21980
孩	21981
еннән	21982
▁خۆتان	21983
▁phase	21984
▁Иегъовӕ	21985
▁কোনো	21986
ेल	21987
▁registration	21988
▁deceived	21989
▁resort	21990
▁habit	21991
▁सँ	21992
▁zdrav	21993
▁CO	21994
▁vuravura	21995
Ꮋ	21996
▁plenty	21997
adtong	21998
▁Pages	21999
▁аңа	22000
▁ከመ	22001
▁база	22002
▁эмас	22003
▁करते	22004
▁significance	22005
▁strongly	22006
тыл	22007
▁tooltip	22008
ności	22009
ഷ്	22010
▁hebben	22011
OD	22012
▁waxaana	22013
▁enjoying	22014
▁принцип	22015
▁գործ	22016
ular	22017
▁beasts	22018
▁Temp	22019
axal	22020
त्व	22021
ുകള	22022
▁Kõ	22023
许	22024
خص	22025
▁mutolu	22026
▁pingaar	22027
▁wearing	22028
▁platform	22029
ганда	22030
سبب	22031
▁Пу	22032
▁improving	22033
Copy	22034
▁perfection	22035
▁maturity	22036
▁hidup	22037
▁agba	22038
▁Forward	22039
▁үй	22040
兰	22041
▁endle	22042
▁երե	22043
▁ensuring	22044
▁admitted	22045
▁rising	22046
▁Sodom	22047
Ӑ	22048
ያው	22049
▁counted	22050
በረ	22051
thile	22052
ෙන්න	22053
▁missed	22054
▁ຫຼື	22055
▁tõmak	22056
▁vedlegg	22057
ууд	22058
▁können	22059
ວນ	22060
▁handling	22061
▁انجام	22062
▁নতুন	22063
RS	22064
thandiza	22065
▁unbelieving	22066
附件	22067
kategori	22068
	22069
يندا	22070
▁minor	22071
▁32.	22072
選	22073
▁үтә	22074
▁chain	22075
▁иахь	22076
▁Egyptians	22077
▁takitaki	22078
▁уларнинг	22079
ант	22080
well	22081
▁rewards	22082
▁sc	22083
▁sleeping	22084
▁independence	22085
▁пулма	22086
οποι	22087
▁Shut	22088
▁شۈبھىسىزكى	22089
ਸ਼ਾ	22090
▁humanitarian	22091
▁Environment	22092
sége	22093
▁payments	22094
▁oppression	22095
▁Item	22096
建	22097
▁inherited	22098
ᏍᏆ	22099
▁yẹn	22100
▁dadduma	22101
▁оста	22102
▁хүр	22103
▁काम	22104
ผม	22105
军	22106
▁coffee	22107
現	22108
لۈك	22109
▁Eph	22110
▁пеш	22111
▁இருக்க	22112
بد	22113
▁Hé	22114
计划	22115
▁amendments	22116
錄	22117
▁tauturu	22118
▁subjected	22119
▁questo	22120
acak	22121
▁loose	22122
ଥିବା	22123
▁personnel	22124
根据	22125
▁साथ	22126
▁Olee	22127
တိ	22128
▁mutual	22129
▁keluarga	22130
▁چۈش	22131
●	22132
▁milion	22133
ськомы	22134
публи	22135
cHFFFFFF	22136
▁စိတ်	22137
▁Andrew	22138
τρ	22139
аваць	22140
pē	22141
▁पाह	22142
acağı	22143
▁Manage	22144
▁еиҳа	22145
▁دور	22146
δα	22147
2:	22148
сӑр	22149
▁entirely	22150
олог	22151
ندی	22152
ᎨᏳ	22153
ᏓᏙᎵᏍ	22154
▁distant	22155
▁ປີ	22156
▁قايت	22157
责	22158
▁Live	22159
▁rendering	22160
paakar	22161
▁سوا	22162
领	22163
<	22164
▁Authentication	22165
▁friendly	22166
мати	22167
رون	22168
▁მთ	22169
▁châbil	22170
hígíí	22171
▁dropped	22172
▁sow	22173
▁Bild	22174
▁ball	22175
▁hẽ	22176
ैत	22177
▁кунед	22178
Є	22179
▁बात	22180
ನೆಯ	22181
▁sioni	22182
▁òun	22183
▁phrase	22184
ገለ	22185
omuenyo	22186
▁Joint	22187
▁writers	22188
iteit	22189
ಬೇಕು	22190
անկ	22191
▁ӑна	22192
▁දැන	22193
படி	22194
▁Room	22195
▁approximately	22196
▁зур	22197
ундан	22198
өрү	22199
▁undertaking	22200
▁Беҙ	22201
Գ	22202
▁prince	22203
there	22204
blir	22205
್ವ	22206
حل	22207
յալ	22208
▁assures	22209
لىدۇ	22210
▁emaroñ	22211
్రా	22212
៣	22213
▁fakaaoga	22214
еро	22215
моқда	22216
Unjoni	22217
▁Timote	22218
▁پې	22219
▁मग	22220
ىي	22221
▁angle	22222
ਓ	22223
▁لے	22224
വിട	22225
fò	22226
▁66	22227
▁ჩა	22228
уаз	22229
▁jiġu	22230
▁şu	22231
▁çok	22232
▁ಕರ್ತನ	22233
▁Eventually	22234
føring	22235
▁Commissie	22236
▁యె	22237
▁soň	22238
▁maopay	22239
▁organisations	22240
▁чыл	22241
related	22242
▁Univers	22243
▁clinical	22244
▁कह	22245
▁programma	22246
Ք	22247
▁ಹೆ	22248
こと	22249
▁kubera	22250
әтле	22251
▁yerna	22252
iúil	22253
▁xyânkeb	22254
▁nakoia	22255
ਝ	22256
▁Water	22257
▁Kwi	22258
▁ഞാന്	22259
▁Unlike	22260
▁Archive	22261
метр	22262
▁consult	22263
▁ideal	22264
▁necessarily	22265
▁figurative	22266
ҫӑ	22267
அல்லாஹ்	22268
▁publicly	22269
რჩ	22270
▁liar	22271
▁кызмат	22272
▁Monitor	22273
▁الإنسان	22274
▁escri	22275
▁participa	22276
јата	22277
▁сөз	22278
kaukolan	22279
արի	22280
▁Corinth	22281
าน	22282
▁anywhere	22283
▁тэр	22284
▁dibaptis	22285
▁Ну	22286
دانی	22287
▁бўлиб	22288
dùn	22289
good	22290
▁پیدا	22291
øj	22292
▁Thy	22293
▁dins	22294
owych	22295
аас	22296
▁audit	22297
ებას	22298
kwara	22299
près	22300
▁BY	22301
▁irouia	22302
▁fool	22303
▁боз	22304
nízin	22305
ായിരുന്നു	22306
साठी	22307
▁ўзлари	22308
ಾಧ	22309
▁பிர	22310
artoq	22311
import	22312
▁headquarters	22313
▁earnestly	22314
▁hlád	22315
▁crash	22316
ŋŋ	22317
ీయుల	22318
▁dadka	22319
▁جەننەت	22320
留	22321
free	22322
уан	22323
▁edýän	22324
▁Restore	22325
强	22326
ција	22327
▁donne	22328
▁Fal	22329
ാര	22330
ικ	22331
▁egz	22332
hagaao	22333
现在	22334
ians	22335
Remove	22336
стро	22337
▁Often	22338
▁powěsć	22339
▁Price	22340
سار	22341
记	22342
▁okanye	22343
▁Petrus	22344
▁oqalu	22345
▁Galile	22346
kristo	22347
▁discover	22348
▁گوناه	22349
ZA	22350
ಸಿ	22351
▁Kraịst	22352
▁managed	22353
费	22354
▁კი	22355
▁Ја	22356
ATI	22357
ുണ്ട്	22358
▁obstacles	22359
espiritu	22360
▁العمل	22361
ряд	22362
matic	22363
▁ūađ	22364
▁rare	22365
▁smile	22366
▁domain	22367
▁discernment	22368
▁Card	22369
▁dégg	22370
ης	22371
▁urges	22372
▁expects	22373
▁hates	22374
xaka	22375
▁осмон	22376
nging	22377
▁Halls	22378
▁कारण	22379
▁ბიბლი	22380
nengneng	22381
read	22382
▁Height	22383
▁أع	22384
▁bolup	22385
ється	22386
▁یہو	22387
▁Internal	22388
▁OYA	22389
▁ngbâ	22390
▁mechanisms	22391
Are	22392
▁7]	22393
▁ਬਣ	22394
▁ಇದ	22395
▁Unless	22396
▁өйрән	22397
▁popup	22398
▁ficheiro	22399
ısı	22400
คือ	22401
▁тӑван	22402
ларидан	22403
▁akèh	22404
ຕ່າງ	22405
▁legs	22406
▁zvikuru	22407
engeri	22408
▁kozala	22409
▁পার	22410
▁ਹੀ	22411
kär	22412
▁lamp	22413
▁ဘုရားသခင်	22414
▁prevention	22415
▁emissions	22416
▁vine	22417
▁म्हण	22418
९	22419
▁manag	22420
▁ruled	22421
ယူ	22422
▁Austria	22423
▁51	22424
ᎸᎢ	22425
▁religi	22426
料	22427
▁highlight	22428
ART	22429
ωση	22430
▁Korea	22431
کرێت	22432
▁Low	22433
ons	22434
rdia	22435
ৎ	22436
▁owe	22437
shaka	22438
ио	22439
леген	22440
▁Thomas	22441
ข้า	22442
沒	22443
▁қилин	22444
▁chrij	22445
▁cäka	22446
▁knoweth	22447
▁پێی	22448
▁benn	22449
▁ngasuh	22450
▁ауп	22451
LY	22452
▁Jiisusip	22453
规定	22454
▁Czech	22455
▁cure	22456
جە	22457
▁Park	22458
▁Éí	22459
男	22460
▁propri	22461
▁дунё	22462
▁παρ	22463
ելի	22464
ჰ	22465
▁которые	22466
▁ກ່ຽວ	22467
▁Энэ	22468
▁ñépp	22469
▁disasters	22470
▁Ли	22471
ခြင်း	22472
▁cuban	22473
үң	22474
▁ہمارے	22475
omwoyo	22476
▁hang	22477
▁ئېيتتى	22478
▁അത്	22479
കൾ	22480
ਘ	22481
Лука	22482
▁sanctified	22483
ənlər	22484
▁luwih	22485
▁Dagit	22486
keep	22487
▁میهر	22488
rùn	22489
▁medicinal	22490
ɔkɔ	22491
▁ڪئي	22492
22\	22493
▁ilaq	22494
▁deceive	22495
who	22496
▁afọ	22497
▁хезмәт	22498
▁ଏହି	22499
▁mataupu	22500
ından	22501
▁organisation	22502
▁ڪن	22503
▁existed	22504
▁Multi	22505
▁grounds	22506
آور	22507
▁draws	22508
▁suggests	22509
▁marketing	22510
▁colors	22511
▁regime	22512
▁jour	22513
▁একটি	22514
▁yucuaß	22515
▁लाग	22516
▁subsection	22517
▁пирки	22518
▁சா	22519
сыр	22520
▁här	22521
▁دیگر	22522
▁viewer	22523
▁уларни	22524
kirisu	22525
ಂದರೆ	22526
▁তার	22527
инге	22528
片	22529
رۇن	22530
▁موڪل	22531
类	22532
▁Израил	22533
▁hər	22534
ады	22535
inwõt	22536
▁safeguard	22537
न्या	22538
▁cuenta	22539
▁suiv	22540
ற்ப	22541
▁Starting	22542
ímó	22543
支	22544
▁èdè	22545
ماڻھو	22546
বার	22547
▁eftir	22548
▁ᎤᏪ	22549
3,	22550
▁brochure	22551
liket	22552
kufuna	22553
▁कोई	22554
▁צעפּיכעסל	22555
ਗੇ	22556
პირ	22557
▁negotiations	22558
▁Fel	22559
▁його	22560
▁orí	22561
nogona	22562
▁вань	22563
▁сярысь	22564
▁onların	22565
▁politika	22566
▁ነይሩ	22567
وارد	22568
流	22569
▁Nru	22570
ించిన	22571
ڕیان	22572
▁Tag	22573
▁dobro	22574
决定	22575
▁олар	22576
▁Produkt	22577
hìn	22578
▁literal	22579
▁sektor	22580
ნთ	22581
ӡба	22582
▁Five	22583
▁shares	22584
τική	22585
дарды	22586
▁kugirango	22587
▁repeat	22588
▁дыш	22589
▁suppose	22590
ۋى	22591
▁somewhere	22592
▁Аллаһуга	22593
▁septem	22594
▁değil	22595
¿	22596
▁ṣà	22597
ஞ	22598
มาก	22599
视	22600
ڪي	22601
▁shield	22602
▁lebyi	22603
▁Mess	22604
muuya	22605
्रिय	22606
草	22607
▁Blue	22608
切	22609
▁yẹ	22610
▁επ	22611
▁cäca	22612
बंध	22613
▁hall	22614
▁completion	22615
మో	22616
ڦ	22617
▁schemes	22618
chtig	22619
▁ብኸመይ	22620
沒有	22621
ampiasa	22622
ించి	22623
▁highlighted	22624
▁الأول	22625
罗	22626
待	22627
▁топ	22628
easy	22629
▁kerel	22630
dún	22631
▁parski	22632
وری	22633
▁پہلے	22634
▁updates	22635
▁మనం	22636
▁پڑ	22637
เป	22638
sional	22639
लं	22640
აც	22641
▁خاوه	22642
索	22643
ủ	22644
▁believer	22645
▁пулса	22646
ური	22647
వచ్చు	22648
Λ	22649
▁amending	22650
▁drago	22651
▁ខ្	22652
▁kde	22653
▁parallel	22654
▁شوێن	22655
▁breast	22656
▁considerable	22657
▁Large	22658
▁داود	22659
▁49	22660
UTF	22661
పోయ	22662
▁convey	22663
YE	22664
▁انسان	22665
▁blocks	22666
grupp	22667
▁aimed	22668
lığı	22669
▁feeding	22670
▁steel	22671
▁krav	22672
▁welcomed	22673
ік	22674
▁kamatuoran	22675
▁lifestyle	22676
ቸ	22677
▁Yoh	22678
▁neutral	22679
▁স্থান	22680
▁ọtụtụ	22681
▁Chúng	22682
imalaj	22683
▁Бож	22684
▁بعض	22685
້ອງ	22686
▁Devlesko	22687
▁vào	22688
▁Function	22689
▁sayings	22690
▁jaun	22691
▁seal	22692
效	22693
twor	22694
ాను	22695
پرس	22696
▁nobody	22697
▁cũng	22698
irlər	22699
▁contribu	22700
سىز	22701
▁Eastern	22702
▁Absalom	22703
▁gcás	22704
ጫ	22705
čen	22706
▁Библия	22707
▁wage	22708
Ꮭ	22709
▁Kajaw	22710
▁leuwih	22711
▁ýol	22712
▁સમ	22713
▁என்பத	22714
	22715
رض	22716
има	22717
▁increasingly	22718
▁JEHOVAH	22719
▁uphold	22720
▁repair	22721
Country	22722
minyaka	22723
ధి	22724
YO	22725
ਣਾ	22726
Ŋ	22727
▁त्याला	22728
▁membre	22729
备	22730
▁sudah	22731
▁flying	22732
▁meṛṛa	22733
ද්	22734
▁Nó	22735
▁хайр	22736
网	22737
lă	22738
▁ndax	22739
Next	22740
▁cm	22741
گرت	22742
×	22743
▁Panon	22744
▁penei	22745
সকল	22746
นา	22747
▁зөв	22748
▁mooli	22749
▁hill	22750
▁islands	22751
▁64	22752
▁"{0}	22753
drž	22754
▁micro	22755
▁talents	22756
nneq	22757
▁сүй	22758
▁kakawaki	22759
▁soft	22760
קט	22761
ทั้ง	22762
qua	22763
▁bride	22764
▁sabbath	22765
▁तू	22766
▁inserted	22767
▁تھی	22768
措施	22769
▁proceed	22770
▁ເທ	22771
▁себе	22772
ाने	22773
▁ກໍາລັງ	22774
還	22775
కార	22776
▁tattao	22777
desktop	22778
▁adverse	22779
▁Declaration	22780
▁Original	22781
▁башла	22782
▁باغ	22783
saqar	22784
phele	22785
сад	22786
înk	22787
▁مگر	22788
▁Ýazgylar	22789
kkiriza	22790
提出	22791
ཡོད་པ	22792
▁secondary	22793
چنین	22794
▁المست	22795
ავს	22796
▁Díí	22797
▁pateik	22798
ass	22799
▁TRANSLATORS	22800
▁kodola	22801
▁manamanatu	22802
▁بس	22803
ave	22804
ość	22805
▁permet	22806
▁figures	22807
house	22808
▁occurs	22809
ndry	22810
▁እንደሚ	22811
▁spare	22812
▁cubits	22813
เรื่อง	22814
daky	22815
▁hoping	22816
▁كاپىرلار	22817
支持	22818
▁guilt	22819
మీద	22820
▁lapud	22821
▁layout	22822
▁donations	22823
шар	22824
▁narodo	22825
▁reminds	22826
▁пыр	22827
▁නො	22828
▁accordingly	22829
СТ	22830
ರೋ	22831
srɔ	22832
གནས་ཡུལ་	22833
स्ट	22834
ਦੀਆਂ	22835
▁när	22836
livell	22837
▁bongo	22838
▁insanlar	22839
shumi	22840
▁лиц	22841
テ	22842
才	22843
▁होती	22844
เลย	22845
▁facie	22846
ဖြစ်	22847
▁خواهی	22848
▁17;	22849
▁surrounding	22850
കൂട	22851
▁ਕੀਤਾ	22852
ிலும்	22853
▁23]	22854
▁Бог	22855
▁रख	22856
āciju	22857
▁ruhy	22858
their	22859
▁nghĩ	22860
▁formal	22861
▁ساڭا	22862
▁Friday	22863
▁Mission	22864
выс	22865
▁estate	22866
تتۇق	22867
ៈ	22868
stilling	22869
▁Phone	22870
ویدا	22871
▁slavery	22872
▁spite	22873
ượ	22874
ဉ	22875
▁spoil	22876
你们	22877
ến	22878
▁correspond	22879
ог	22880
▁startup	22881
▁það	22882
llë	22883
▁leg	22884
کش	22885
▁faidhle	22886
dic	22887
▁aofia	22888
印	22889
▁53	22890
▁berasa	22891
ဆုံး	22892
▁nsima	22893
▁proportion	22894
མཚོན་རྟགས་	22895
ဆောင်	22896
ભા	22897
ധി	22898
▁àddina	22899
▁integrated	22900
▁Паул	22901
deling	22902
dygy	22903
▁skj	22904
ացի	22905
▁Шта	22906
jocht	22907
▁journal	22908
▁●	22909
iňiz	22910
▁jannoo	22911
▁Isanyň	22912
▁беше	22913
▁കാണ	22914
▁possessed	22915
▁tvoj	22916
ரை	22917
لەرگە	22918
▁Single	22919
▁kingdoms	22920
effett	22921
гина	22922
▁үе	22923
տր	22924
बी	22925
▁viosi	22926
куп	22927
▁Molimau	22928
▁биргән	22929
முடி	22930
▁Point	22931
хәыц	22932
ానికి	22933
▁witnessed	22934
シ	22935
权利	22936
▁Science	22937
▁қў	22938
▁append	22939
▁Write	22940
ելով	22941
▁việc	22942
▁Ngoku	22943
▁እንዳ	22944
▁boot	22945
mbé	22946
▁organiz	22947
▁प्रति	22948
inquil	22949
▁vậy	22950
▁икәнен	22951
▁پروردگار	22952
නේ	22953
▁introduction	22954
▁samay	22955
ρη	22956
▁skont	22957
▁Foreign	22958
▁disobedient	22959
▁hjá	22960
▁clergy	22961
That	22962
▁presents	22963
ує	22964
gär	22965
▁таоло	22966
▁stable	22967
▁qab	22968
رچی	22969
ዞ	22970
▁chßochß	22971
ật	22972
▁pleases	22973
白	22974
▁хис	22975
ଗୁଡ଼ିକ	22976
▁നിങ്ങള	22977
▁тырыш	22978
૧	22979
监	22980
▁terror	22981
.'"	22982
▁warns	22983
▁Նա	22984
down	22985
部分	22986
čál	22987
ņu	22988
قات	22989
ിനെ	22990
▁प्रकार	22991
▁compensation	22992
▁ixk	22993
具	22994
▁ចំណ	22995
Евр	22996
采取	22997
▁recover	22998
เท	22999
▁کرے	23000
ۇڭلار	23001
▁ᏞᏍᏗ	23002
▁impression	23003
▁كىر	23004
这一	23005
▁amazed	23006
▁identification	23007
▁workspace	23008
▁doubts	23009
▁henhold	23010
正在	23011
▁യഹോവ	23012
▁နှစ်	23013
▁ღვთის	23014
▁xul	23015
oluali	23016
مثل	23017
▁Bottom	23018
▁مست	23019
▁ຮູ້ສຶກ	23020
Region	23021
унинг	23022
▁opposers	23023
▁Stephen	23024
จริง	23025
▁currit	23026
iniai	23027
kompeten	23028
▁mbooloo	23029
▁ordinary	23030
▁valstybė	23031
eelede	23032
▁ខាង	23033
زن	23034
INA	23035
▁अप	23036
▁ເລີ	23037
ांनी	23038
▁Το	23039
▁consultation	23040
清	23041
▁Except	23042
▁Documents	23043
▁ಸು	23044
▁ئاشکرا	23045
▁listeners	23046
▁sample	23047
▁pants	23048
әгәр	23049
ᎦᎸ	23050
ມີ	23051
▁sabab	23052
Β	23053
bonisa	23054
▁enduring	23055
▁banyak	23056
▁Return	23057
ستان	23058
▁ບາງ	23059
▁oħra	23060
חי	23061
၀	23062
▁contracts	23063
▁collect	23064
▁Cyprus	23065
▁ᎤᏪᏥ	23066
▁Lines	23067
▁нарсалар	23068
▁farmers	23069
tumwa	23070
▁documentation	23071
▁rumah	23072
▁ýaz	23073
▁дзы	23074
▁coadan	23075
ðar	23076
хгүй	23077
▁Got	23078
▁ပေ	23079
▁محمد	23080
▁WE	23081
系	23082
гээр	23083
▁જે	23084
ക്കുക	23085
▁imposed	23086
▁Chanchan	23087
▁Possible	23088
nveloppe	23089
▁IM	23090
▁aasta	23091
▁exclusive	23092
▁excuse	23093
▁çox	23094
▁exception	23095
ынга	23096
▁penalty	23097
postolo	23098
▁Street	23099
گۈچى	23100
▁Indica	23101
▁belonging	23102
▁īpaš	23103
گرن	23104
▁lagona	23105
▁cubij	23106
▁usage	23107
igkeit	23108
▁Gideon	23109
市	23110
▁rochben	23111
ക്കി	23112
▁motema	23113
▁mâusilal	23114
▁respected	23115
ნჲ	23116
кӕ	23117
šanai	23118
ኢየሱስ	23119
▁Nove	23120
▁recommend	23121
▁लोक	23122
▁72	23123
▁нумай	23124
▁Trade	23125
▁encountered	23126
单	23127
தில்	23128
ندؤ	23129
ыӵе	23130
ဖို့	23131
▁16;	23132
▁Në	23133
▁Rule	23134
▁ST	23135
▁technologies	23136
▁кардан	23137
▁utawa	23138
Andriamanitra	23139
▁sequence	23140
top	23141
▁mhux	23142
▁več	23143
▁কৰি	23144
▁agents	23145
ъёсыз	23146
▁ແທ້	23147
▁ynnyd	23148
▁bilme	23149
▁suit	23150
▁така	23151
ردوو	23152
দ্ধ	23153
▁memo	23154
▁networks	23155
塞	23156
ій	23157
ҩа	23158
ිත	23159
▁Toggle	23160
▁ແລ້ວ	23161
▁Ҫавӑн	23162
▁ফোল্ডাৰ	23163
head	23164
▁نموده	23165
▁bonds	23166
▁mandate	23167
▁කියලා	23168
もの	23169
ώς	23170
ದರಿಂದ	23171
▁უნდა	23172
▁Gardens	23173
▁ҫӗр	23174
▁bears	23175
▁meditating	23176
▁គេ	23177
ائیں	23178
మె	23179
Ż	23180
کاتێکدا	23181
▁Яҳува	23182
ekileyo	23183
▁navigation	23184
▁ຕາມ	23185
▁နဲ့	23186
▁DE	23187
▁swilo	23188
ᏔᏅᎯ	23189
▁Namun	23190
däki	23191
▁addresses	23192
ับ	23193
▁Setup	23194
жак	23195
կա	23196
和平	23197
▁crimes	23198
komen	23199
ыса	23200
لەرنىڭ	23201
▁15]	23202
▁Jiisusi	23203
▁producers	23204
英	23205
▁کيس	23206
مین	23207
ụọ	23208
ോടു	23209
▁covers	23210
▁customers	23211
必须	23212
导	23213
▁captive	23214
▁тӑв	23215
▁modesty	23216
▁ڈر	23217
▁mình	23218
▁сол	23219
▁Eebaha	23220
便	23221
▁Force	23222
▁division	23223
ன்று	23224
▁Mereka	23225
點	23226
▁ម៉ាស៊ីន	23227
▁sebagai	23228
▁kutegwa	23229
▁lokaci	23230
▁лий	23231
▁sharp	23232
▁traits	23233
ಪ್ಪ	23234
▁courts	23235
hund	23236
▁plugins	23237
▁ಜನರ	23238
▁grows	23239
mision	23240
▁ಸ್ವ	23241
▁хүлээ	23242
യാണ്	23243
▁داده	23244
▁laugh	23245
▁konei	23246
▁bolar	23247
▁проект	23248
▁prescribed	23249
▁ҳеч	23250
उसके	23251
▁beslut	23252
▁yellan	23253
▁ᎡᎶᎯ	23254
ുന്നത്	23255
დება	23256
▁экан	23257
▁ಬೆ	23258
▁Info	23259
▁თავ	23260
க்கி	23261
▁straipsnio	23262
▁staying	23263
形	23264
▁Andre	23265
այի	23266
喜	23267
▁même	23268
▁يامان	23269
▁ёки	23270
tawag	23271
▁ọdún	23272
iel	23273
ును	23274
போது	23275
იდან	23276
▁selv	23277
▁Moises	23278
▁tsara	23279
▁información	23280
▁tẽl	23281
äx	23282
қы	23283
About	23284
▁Ihre	23285
▁аша	23286
▁Directory	23287
▁appro	23288
研究	23289
▁adapt	23290
▁native	23291
ത്തില്	23292
Ẹ	23293
提交	23294
▁Martin	23295
▁prakti	23296
▁dicit	23297
ыште	23298
ᏁᏗᏱ	23299
▁aircraft	23300
▁pēc	23301
ىمەن	23302
▁مڃي	23303
▁reasoned	23304
▁чыгар	23305
▁ዓለም	23306
▁âcue	23307
vanhu	23308
▁Mó	23309
хон	23310
ائے	23311
承	23312
▁анын	23313
კვ	23314
▁տես	23315
▁சு	23316
ljiv	23317
Ꮗ	23318
▁ádaa	23319
▁എന്	23320
▁utter	23321
▁त्याने	23322
1.2	23323
▁ҳидоят	23324
▁examined	23325
▁Петр	23326
არი	23327
oth	23328
▁Portuguese	23329
▁wave	23330
ANI	23331
▁DPI	23332
▁ecce	23333
▁entities	23334
▁dogs	23335
▁prosperity	23336
▁ଆପଣ	23337
minut	23338
בה	23339
▁Ly	23340
▁አለ	23341
▁Chúa	23342
▁ኻብ	23343
▁produces	23344
▁Professor	23345
▁በሚ	23346
防	23347
▁gagne	23348
▁folk	23349
▁waves	23350
▁causa	23351
▁Grace	23352
▁юк	23353
▁Template	23354
▁ہمار	23355
▁ນໍາ	23356
file	23357
▁begun	23358
▁shumë	23359
▁Rachel	23360
▁core	23361
နှင့်	23362
▁болза	23363
▁Automatic	23364
longan	23365
▁forgot	23366
▁worried	23367
лшоит	23368
пай	23369
nehmen	23370
▁shop	23371
▁зегь	23372
▁compromise	23373
دەك	23374
▁aikuj	23375
▁Fili	23376
▁Ghost	23377
▁Же	23378
▁көп	23379
İ	23380
▁efficient	23381
ireacht	23382
▁бараалга	23383
க்கப்பட்ட	23384
▁ኣሎ	23385
▁fakatonu	23386
ື່ອ	23387
▁Above	23388
▁rohani	23389
▁Littafi	23390
ዑ	23391
тул	23392
0.000	23393
▁từ	23394
▁ужа	23395
point	23396
▁collected	23397
kudya	23398
▁Ишԥа	23399
▁गया	23400
▁definitely	23401
▁ਜਾਣ	23402
ëjë	23403
கொள்ள	23404
▁էլ	23405
ique	23406
aysaan	23407
▁enaj	23408
▁Concerning	23409
ઘ	23410
▁housing	23411
▁बदल	23412
តិ	23413
▁horizontal	23414
▁%(	23415
ಂಗ	23416
▁Images	23417
1,	23418
▁mtima	23419
▁Еховагийн	23420
▁выл	23421
▁scr	23422
▁attractive	23423
▁ዝዀነ	23424
tariaqar	23425
ਯਾ	23426
▁സ്വ	23427
▁Monday	23428
▁участ	23429
▁ऐस	23430
▁Notes	23431
कडे	23432
▁Adres	23433
kwiye	23434
▁boobo	23435
口	23436
▁Kontakt	23437
▁Fuck	23438
rim	23439
▁hears	23440
▁tkun	23441
▁Someone	23442
exemple	23443
iskā	23444
▁mates	23445
已经	23446
ellen	23447
дарын	23448
▁ನೀವು	23449
صور	23450
خبر	23451
▁charity	23452
▁supplied	23453
▁consume	23454
Fi	23455
▁Pawlus	23456
カ	23457
▁ئاز	23458
ack	23459
ดู	23460
▁Baca	23461
▁indication	23462
ുവ	23463
▁ເຊິ່ງ	23464
▁electricity	23465
▁motor	23466
卡	23467
▁references	23468
▁smooth	23469
арвардигор	23470
▁melakukan	23471
▁Embimbiliya	23472
ಬೇಕ	23473
▁ҫыр	23474
▁manufacturer	23475
▁ዘለዎ	23476
▁breaking	23477
▁ничек	23478
▁ئۆزلىرى	23479
icamente	23480
▁muamua	23481
▁Enti	23482
▁bize	23483
▁tower	23484
▁preferred	23485
ālā	23486
ىغا	23487
ുകയും	23488
▁Frame	23489
▁birthday	23490
▁familia	23491
Υ	23492
▁myndighet	23493
▁ӑнлан	23494
又	23495
▁maipapa	23496
▁där	23497
▁ᎠᏥᎸ	23498
▁ᎤᏣᏘ	23499
▁Jó	23500
▁Secretariat	23501
▁feidhm	23502
ངོས་	23503
▁usque	23504
▁hiç	23505
▁хаҡында	23506
▁prepara	23507
▁Keys	23508
▁Living	23509
▁administrator	23510
▁የማ	23511
level	23512
▁הענטל	23513
སྤོར་བ	23514
▁individu	23515
▁zakono	23516
ẻ	23517
ലോ	23518
ҳәара	23519
მდე	23520
技术	23521
lmadi	23522
▁motives	23523
▁треба	23524
nerat	23525
hlobo	23526
ቱን	23527
ᏛᎦ	23528
བསུབ་	23529
东	23530
▁teenager	23531
团	23532
▁ырӑ	23533
កូ	23534
▁Apply	23535
зад	23536
▁washed	23537
▁μια	23538
ñin	23539
▁mechanism	23540
▁وتیان	23541
▁кард	23542
▁aposetolo	23543
▁southern	23544
▁бүх	23545
▁masih	23546
▁kitchen	23547
▁grievous	23548
▁gowy	23549
▁desolate	23550
▁ټاکل	23551
ideach	23552
從	23553
▁authentication	23554
مەيدۇ	23555
салар	23556
▁Nice	23557
Ц	23558
▁Eebana	23559
vė	23560
▁observes	23561
ྙ	23562
ឡា	23563
နေ	23564
انید	23565
▁trusting	23566
ecek	23567
▁HOW	23568
▁kabotu	23569
▁pursued	23570
▁Membri	23571
▁Анча	23572
▁tenth	23573
▁ndati	23574
▁urrainn	23575
νη	23576
▁finger	23577
▁priorit	23578
▁ҫавӑн	23579
▁ਨਿ	23580
లేదు	23581
▁updated	23582
▁Kristen	23583
▁Early	23584
мир	23585
▁ڊڄ	23586
▁operate	23587
▁Abram	23588
сизлар	23589
ımız	23590
▁sacrificing	23591
▁vum	23592
2)	23593
iadau	23594
kraft	23595
▁somewhat	23596
▁görün	23597
ace	23598
کے	23599
レ	23600
▁Empathy	23601
டிய	23602
ண்ண	23603
▁гуфт	23604
ery	23605
сү	23606
ब्र	23607
▁kèk	23608
▁linen	23609
aýat	23610
▁حضور	23611
▁Says	23612
▁ages	23613
mandla	23614
▁mokili	23615
▁tendency	23616
▁temps	23617
▁Nazareth	23618
▁reflects	23619
ates	23620
pabila	23621
▁питӗ	23622
▁Deal	23623
▁Ukraine	23624
▁دوزاخ	23625
▁producing	23626
foretak	23627
ேன்	23628
▁хамӑр	23629
eṭṭ	23630
▁locue	23631
▁кандыг	23632
▁whomever	23633
▁realiza	23634
▁widows	23635
基金	23636
əhə	23637
▁arrow	23638
▁approaching	23639
算	23640
▁introduce	23641
5/	23642
区	23643
Database	23644
▁Rotate	23645
▁Cô	23646
▁ہوا	23647
▁Ӕмӕ	23648
▁bä	23649
▁Keriso	23650
ifukwa	23651
▁Apostle	23652
▁uporab	23653
▁videos	23654
ጺ	23655
▁Вӑл	23656
▁ignorant	23657
▁founga	23658
ektor	23659
ýändigi	23660
▁Spiritual	23661
▁Уый	23662
▁мана	23663
▁ndiponso	23664
ស៊ី	23665
▁ಪರಿ	23666
ірі	23667
Ɔ	23668
▁markaas	23669
女士	23670
▁depressed	23671
因为	23672
▁chứ	23673
፤	23674
െന്ന്	23675
dhë	23676
▁ᎤᏩᏒ	23677
▁गेल	23678
ಲೂ	23679
▁πρέπει	23680
éadfaidh	23681
▁politics	23682
ိတ်	23683
發	23684
▁multitudes	23685
▁Assyria	23686
麼	23687
▁ڪتاب	23688
▁trova	23689
▁தொ	23690
ρέ	23691
▁oral	23692
ೀರ	23693
▁جازا	23694
▁Eternulo	23695
пита	23696
▁jekk	23697
▁constitu	23698
ᎷᏤ	23699
desisyon	23700
եցին	23701
▁sinner	23702
▁дөнья	23703
▁संदेश	23704
emple	23705
▁gracious	23706
▁uinnag	23707
গ্র	23708
▁isolated	23709
▁មនុស្ស	23710
ᏙᎴᎰ	23711
▁ከኣ	23712
▁jipañ	23713
▁weapon	23714
kuthi	23715
▁kabèh	23716
▁Accept	23717
▁thyself	23718
ಮಾನ	23719
ांत	23720
കാര്യ	23721
▁չէ	23722
▁operator	23723
აქ	23724
▁itulau	23725
ений	23726
14\	23727
▁consist	23728
KW	23729
▁фарсыл	23730
▁biani	23731
▁komite	23732
▁respects	23733
▁elsewhere	23734
▁144,000	23735
▁prophesied	23736
▁dawn	23737
числ	23738
landır	23739
▁wages	23740
▁striving	23741
æð	23742
քի	23743
▁شە	23744
ష్	23745
εύ	23746
▁Tavita	23747
でき	23748
▁ອ່ານ	23749
ótó	23750
ขึ้น	23751
▁мөһим	23752
matuā	23753
▁علم	23754
▁provinces	23755
▁چوقۇم	23756
♪	23757
කට	23758
อย	23759
▁ວຽກ	23760
வர்	23761
▁maxim	23762
Ё	23763
难	23764
misel	23765
दर्श	23766
nwụ	23767
友	23768
▁statisti	23769
▁escaped	23770
£	23771
▁Pele	23772
▁flood	23773
▁improvement	23774
威	23775
araha	23776
นาย	23777
▁هو	23778
▁emphasis	23779
▁jack	23780
▁gagn	23781
▁Àm	23782
▁ကျွန်ုပ်	23783
නු	23784
âtinac	23785
واو	23786
▁drunk	23787
▁director	23788
টো	23789
▁intention	23790
▁sustenance	23791
▁score	23792
including	23793
σκ	23794
руп	23795
▁earnest	23796
▁щоб	23797
▁մեզ	23798
▁कार्य	23799
▁Prze	23800
hloko	23801
saskaņā	23802
үүгө	23803
▁καθ	23804
▁điều	23805
▁Shortly	23806
▁3;	23807
▁refrain	23808
值	23809
▁machines	23810
▁confirmation	23811
▁પસંદ	23812
國	23813
pindu	23814
":	23815
▁toujou	23816
buumi	23817
ៗ	23818
▁calculated	23819
kārt	23820
▁өске	23821
હા	23822
▁Áko	23823
▁chú	23824
▁imperfection	23825
▁xnaßleb	23826
▁ອາ	23827
▁integra	23828
▁bind	23829
▁ກາ	23830
ött	23831
▁கடவுள	23832
ತನ	23833
▁Star	23834
Ƒ	23835
▁jealous	23836
مال	23837
队	23838
label	23839
▁ছবি	23840
قدر	23841
稱	23842
ں	23843
▁JB	23844
▁таъ	23845
око	23846
▁resul	23847
▁ব্যৱহাৰ	23848
▁demands	23849
▁ਤੁਸੀਂ	23850
عقوب	23851
برنامج	23852
gelijk	23853
▁Contacts	23854
▁үшін	23855
▁perceived	23856
πι	23857
▁dates	23858
▁ສະແດງ	23859
▁içün	23860
▁meek	23861
འདྲ་བཤུ	23862
▁ahaan	23863
▁başga	23864
ப்படி	23865
upay	23866
ിരിക്കുന്നു	23867
مەس	23868
▁chariots	23869
▁одам	23870
▁idolatry	23871
Result	23872
love	23873
▁кый	23874
ización	23875
▁hensyn	23876
▁DO	23877
০	23878
▁ordained	23879
首	23880
▁statutes	23881
এ	23882
bruk	23883
ఞ	23884
▁ամեն	23885
pers	23886
лерге	23887
לה	23888
▁consumer	23889
▁narrow	23890
JI	23891
▁Package	23892
▁він	23893
▁хатын	23894
בן	23895
▁ئیمانداران	23896
ັ້ນ	23897
▁xeß	23898
Istati	23899
চে	23900
考	23901
要求	23902
▁ähli	23903
rebbe	23904
▁licence	23905
▁պետք	23906
▁În	23907
▁Company	23908
▁göstər	23909
▁нима	23910
▁իրենց	23911
ዎም	23912
puesto	23913
▁Роббинг	23914
▁dreams	23915
fayili	23916
พวกเขา	23917
▁constru	23918
▁leadership	23919
▁membuat	23920
▁Protection	23921
▁expenses	23922
ტა	23923
sufficient	23924
▁Austr	23925
當	23926
▁чиқар	23927
▁jealousy	23928
▁hopes	23929
▁despair	23930
ڵکو	23931
▁cristian	23932
▁offentlig	23933
▁जाए	23934
ključ	23935
ಿಕೆಯ	23936
機	23937
▁сүзләр	23938
ኞ	23939
▁university	23940
ប្រ	23941
▁flowers	23942
▁чар	23943
▁ჱა	23944
▁kucita	23945
▁ჟვ	23946
▁61	23947
▁Must	23948
TION	23949
▁বিষয়	23950
▁Judá	23951
▁Pray	23952
▁ስም	23953
ונ	23954
▁kelea	23955
▁கூற	23956
▁akaambo	23957
▁cuib	23958
▁נאָמען	23959
ਮੀ	23960
ഴി	23961
▁realm	23962
▁volunteers	23963
▁Border	23964
容	23965
چن	23966
лення	23967
▁тэд	23968
eriwa	23969
▁Computer	23970
▁composed	23971
▁argue	23972
Ꮉ	23973
▁meditation	23974
▁сервер	23975
▁distribu	23976
-2	23977
4/	23978
▁ਕਰੋ	23979
ขอ	23980
▁свое	23981
▁innovation	23982
▁Extract	23983
▁triem	23984
▁Tsarki	23985
▁jiġi	23986
▁entries	23987
stellung	23988
▁ànd	23989
▁вақт	23990
▁lépp	23991
amp	23992
▁bitch	23993
▁υπο	23994
▁شيء	23995
ward	23996
கூட	23997
▁58	23998
▁інш	23999
หรือ	24000
▁Ever	24001
iyorum	24002
דו	24003
▁Ыйса	24004
▁conversion	24005
▁territories	24006
▁пры	24007
▁joog	24008
场	24009
▁mengu	24010
chokwadi	24011
▁questioned	24012
▁Empire	24013
▁Bethlehem	24014
▁suicide	24015
▁Gör	24016
▁punished	24017
ኃ	24018
▁Unit	24019
▁yield	24020
улга	24021
fully	24022
▁intelligent	24023
▁kwesịrị	24024
ләренә	24025
▁Saint	24026
رمانی	24027
▁ئاماده	24028
funika	24029
▁Leader	24030
▁Mantenna	24031
▁Muslims	24032
ulation	24033
▁forbid	24034
▁þess	24035
▁Язмалар	24036
▁calua	24037
▁passage	24038
▁watched	24039
▁ике	24040
▁մեջ	24041
เพื่อ	24042
完	24043
▁دوزخ	24044
▁იესო	24045
▁approaches	24046
▁ເອງ	24047
شقا	24048
▁நான்	24049
令	24050
▁Igihe	24051
▁Mighty	24052
▁proclaimed	24053
ኣት	24054
▁Finnish	24055
▁аф	24056
ంచ	24057
▁terrorism	24058
yingi	24059
▁bounty	24060
▁uchun	24061
ψη	24062
ומ	24063
▁chuid	24064
Have	24065
▁reigned	24066
▁verify	24067
▁Комитет	24068
▁бара	24069
▁ជ្រើស	24070
్యము	24071
▁ເຊ	24072
教育	24073
▁Saving	24074
▁taxes	24075
▁heritage	24076
▁Nokub	24077
фі	24078
▁Double	24079
ليد	24080
ింప	24081
ոց	24082
▁Business	24083
▁ປະກາດ	24084
yeeya	24085
üşämä	24086
▁яҡшы	24087
▁masani	24088
▁боло	24089
成员	24090
▁spaces	24091
שע	24092
ಹೋಗ	24093
▁ਸਨ	24094
适	24095
▁akoako	24096
▁norma	24097
▁чуртта	24098
▁kujatikizya	24099
▁тура	24100
קר	24101
▁Lebanon	24102
kuqala	24103
▁consumed	24104
▁classes	24105
▁stiagh	24106
making	24107
ncwadi	24108
เอ	24109
▁lieto	24110
▁Base	24111
▁unusual	24112
▁complaint	24113
▁ທັງ	24114
▁fulfil	24115
▁pengidup	24116
ź	24117
▁diet	24118
કી	24119
▁motive	24120
▁ব্যৰ্থ	24121
kaNkulunkulu	24122
▁sealed	24123
වීම	24124
▁fakatasi	24125
付	24126
▁bụla	24127
мисл	24128
▁Hope	24129
▁junelic	24130
▁пәйгамбәр	24131
ικού	24132
ဆို	24133
▁rage	24134
▁Lake	24135
▁mikir	24136
▁آء	24137
▁konā	24138
▁чер	24139
▁blank	24140
▁membro	24141
▁Whaka	24142
გჲ	24143
▁pursuit	24144
▁әйтте	24145
▁temdint	24146
勒	24147
▁baax	24148
യില്	24149
▁Count	24150
yigiriz	24151
▁tries	24152
لىقىنى	24153
▁palm	24154
გთ	24155
▁егьырҭ	24156
ობის	24157
洲	24158
djî	24159
▁Terminal	24160
▁derecho	24161
ଯୋଗ	24162
ਾਪ	24163
▁Denmark	24164
▁mabalin	24165
▁noble	24166
ჳ	24167
▁Granted	24168
▁imådje	24169
▁Kristi	24170
akawanda	24171
▁prevail	24172
ENT	24173
ừng	24174
▁Ngā	24175
▁ME	24176
Kunsill	24177
ooyinka	24178
▁گناه	24179
▁magin	24180
▁بڕیار	24181
▁10]	24182
धा	24183
sebenzi	24184
▁Reload	24185
▁Islamic	24186
▁deeper	24187
▁ᏚᏂ	24188
▁promotes	24189
puli	24190
ɗ	24191
ҭаацәа	24192
▁percaya	24193
▁lake	24194
▁rongorongo	24195
▁Kolos	24196
▁πρό	24197
▁expensive	24198
▁పొ	24199
പ്പെട്ട	24200
▁bạn	24201
ound	24202
▁beg	24203
▁သနည်း	24204
▁warfare	24205
▁чтобы	24206
▁zapisk	24207
▁flocks	24208
一些	24209
அ	24210
▁बना	24211
▁جمیع	24212
▁Near	24213
▁regulatory	24214
▁документ	24215
▁oňa	24216
▁ਯਿਸੂ	24217
▁ово	24218
▁Mon	24219
▁oppose	24220
ন্দ	24221
▁extract	24222
nyumba	24223
уарз	24224
▁privat	24225
▁reserve	24226
ӕттӕ	24227
0000	24228
▁sikatayo	24229
▁Taking	24230
▁haapii	24231
▁особ	24232
▁сёт	24233
▁بيان	24234
▁میرے	24235
ǐ	24236
▁Salit	24237
▁Beibel	24238
▁Much	24239
▁چاک	24240
▁faitau	24241
jcual	24242
▁Bulus	24243
▁años	24244
லி	24245
秘书长	24246
▁ئەلۋەتتە	24247
▁انځور	24248
ators	24249
▁чө	24250
▁regarded	24251
▁член	24252
යෙන්	24253
▁жакшы	24254
▁մեկ	24255
▁formato	24256
▁кылып	24257
美元	24258
▁buffer	24259
verunt	24260
ường	24261
▁partial	24262
▁добро	24263
王	24264
▁Making	24265
дағы	24266
▁template	24267
▁ໂລກ	24268
▁Universal	24269
▁Too	24270
▁bull	24271
▁Palestinian	24272
▁sheet	24273
ுகிறது	24274
听	24275
ბრ	24276
▁wonders	24277
▁username	24278
▁جۆره	24279
france	24280
АТ	24281
▁delighted	24282
פר	24283
دست	24284
▁ສຸດ	24285
ിന്റെ	24286
ırı	24287
▁tomb	24288
▁ښودل	24289
▁Comp	24290
қәеи	24291
syz	24292
▁korakora	24293
ARA	24294
▁Self	24295
▁Category	24296
գն	24297
▁živ	24298
▁bör	24299
ηση	24300
gisha	24301
інде	24302
▁tracks	24303
判	24304
▁واٽ	24305
UROPEAN	24306
▁présent	24307
▁കൊ	24308
▁ظلم	24309
▁hardship	24310
▁expectation	24311
ហេតុ	24312
▁Naomi	24313
▁celebrate	24314
▁fashion	24315
arbeit	24316
▁fr	24317
grens	24318
▁féidir	24319
▁மீ	24320
宣	24321
கின்றன	24322
ਸਟ	24323
ýärdi	24324
וי	24325
▁өзү	24326
യു	24327
ገባ	24328
▁гамәл	24329
بۆ	24330
▁PS	24331
▁participating	24332
▁hinder	24333
▁pilot	24334
▁aogā	24335
▁fierce	24336
▁مۇسا	24337
▁fakakaukau	24338
▁Memory	24339
▁outer	24340
▁Arrow	24341
▁Ўзи	24342
پنھنجن	24343
▁conducting	24344
▁Otherwise	24345
gbalin	24346
▁לך	24347
变	24348
▁Copying	24349
▁Шулай	24350
▁Song	24351
▁ribeb	24352
▁һи	24353
word	24354
ଭା	24355
▁extraordinary	24356
▁ئىلگىرى	24357
▁dlô	24358
၃	24359
▁Fill	24360
▁57	24361
▁शकत	24362
▁handled	24363
rkii	24364
▁Guide	24365
▁manual	24366
▁Ле	24367
刑	24368
द्या	24369
▁ڪوڙ	24370
▁آب	24371
问	24372
ларингиз	24373
▁congrega	24374
ġu	24375
▁boast	24376
▁Saturday	24377
accord	24378
▁Tom	24379
▁tumende	24380
▁эвес	24381
▁coadanyn	24382
▁كەلتۈر	24383
引	24384
▁strategic	24385
▁קינד	24386
prodott	24387
úsáid	24388
دل	24389
оор	24390
Щ	24391
▁cars	24392
▁skulle	24393
▁dünýä	24394
▁vineyard	24395
▁commonly	24396
职	24397
ورو	24398
▁Care	24399
▁posts	24400
▁كۈن	24401
stāv	24402
rìn	24403
▁Mgb	24404
rid	24405
▁iqedsen	24406
▁كۈنى	24407
ຶ	24408
▁Convert	24409
▁много	24410
ிருக்க	24411
▁34.	24412
▁weekly	24413
ಏ	24414
▁tawen	24415
▁luck	24416
ख़	24417
▁chỉ	24418
▁исто	24419
ോട്	24420
ىسىلەر	24421
Take	24422
hē	24423
▁پسران	24424
整	24425
▁Parlamento	24426
▁designated	24427
▁tiaturi	24428
▁eksport	24429
▁ചെയ്ത	24430
▁তালিকা	24431
▁opens	24432
▁ቃል	24433
ගෙන	24434
▁valide	24435
ተን	24436
按	24437
▁قەۋمى	24438
дзі	24439
▁weeping	24440
ంటే	24441
ገር	24442
ыңар	24443
▁understands	24444
▁կամ	24445
▁thick	24446
▁9;	24447
▁mesihçiler	24448
▁Йәһүәнең	24449
▁انہوں	24450
▁países	24451
▁transmission	24452
▁shav	24453
тися	24454
ଷ୍ଟ	24455
སྒེའུ་ཁུང་	24456
▁container	24457
▁ebyo	24458
▁ᏂᎦᎥ	24459
▁18]	24460
ലാ	24461
ුණා	24462
▁Turkish	24463
▁playlist	24464
▁CON	24465
▁адамдар	24466
Con	24467
ương	24468
▁Баш	24469
▁Illustrate	24470
▁ڕۆژ	24471
عمه	24472
▁%-	24473
▁mwin	24474
▁Лу	24475
níigo	24476
ბა	24477
▁vahine	24478
▁कए	24479
følg	24480
љу	24481
▁applicant	24482
ằ	24483
ој	24484
▁tagħhom	24485
▁medlemsstater	24486
黑	24487
สิ่ง	24488
▁caution	24489
▁булса	24490
או	24491
▁Yuda	24492
▁الدولي	24493
garagaza	24494
▁otemjej	24495
▁សូម	24496
▁کلام	24497
▁Library	24498
▁desirable	24499
อร์	24500
▁representa	24501
▁عیسی	24502
▁refreshing	24503
▁lacking	24504
дзинад	24505
ಬ್ಬ	24506
gisho	24507
▁ibben	24508
▁mad	24509
▁KU	24510
È	24511
gaegue	24512
بوون	24513
▁Devleski	24514
▁говори	24515
ečč	24516
▁ਫਾਇਲ	24517
▁ဘာ	24518
िल	24519
▁Testament	24520
گرێت	24521
▁యేసు	24522
ीत	24523
▁Incßaß	24524
▁noteikt	24525
size	24526
▁handed	24527
▁banks	24528
Office	24529
▁trap	24530
▁utterly	24531
▁operators	24532
დნენ	24533
গ্ৰ	24534
▁ਸਾਨੂੰ	24535
kript	24536
▁configura	24537
▁sirbi	24538
▁ئالدى	24539
▁සහ	24540
▁Mesih	24541
▁engka	24542
▁wholesome	24543
▁האָט	24544
▁trebui	24545
▁Belgium	24546
▁crucial	24547
ᏚᎵ	24548
Ꮱ	24549
▁понна	24550
识	24551
wurk	24552
▁rwo	24553
复	24554
бжь	24555
▁shift	24556
โอ	24557
▁janë	24558
▁Moving	24559
ிருக்கிற	24560
▁restrictions	24561
▁بولۇش	24562
eng	24563
▁willingness	24564
▁funny	24565
▁тураһында	24566
▁nights	24567
▁بیان	24568
റിയ	24569
තිය	24570
▁Iraq	24571
ต่อ	24572
▁موٽ	24573
ņēm	24574
▁സത്യ	24575
tambula	24576
צו	24577
▁Supreme	24578
ಂಥ	24579
▁theory	24580
बै	24581
درۆ	24582
章	24583
▁Rapporteur	24584
▁effectiveness	24585
తీ	24586
▁advancement	24587
γε	24588
▁vulnerable	24589
ελ	24590
▁குறி	24591
伙	24592
▁voices	24593
QFont	24594
ááł	24595
▁ᎠᏥ	24596
oloneke	24597
▁peer	24598
အကြောင်း	24599
▁रहे	24600
▁እንዲህ	24601
پێ	24602
▁Rock	24603
γραφ	24604
郵件	24605
ક્ષ	24606
▁selling	24607
▁edition	24608
▁kiss	24609
வில்லை	24610
他的	24611
认为	24612
▁پل	24613
▁earthquake	24614
▁haapiiraa	24615
ýardy	24616
повід	24617
▁cat	24618
▁dated	24619
▁அந்த	24620
▁safely	24621
▁disable	24622
ღმერთ	24623
ముల	24624
▁Johannes	24625
继续	24626
▁کاتێك	24627
▁extensive	24628
dygyny	24629
▁commend	24630
เข้า	24631
▁beach	24632
▁قىلىنغان	24633
etzt	24634
▁modifica	24635
▁Training	24636
▁founded	24637
▁сака	24638
வர்கள்	24639
▁launched	24640
▁childhood	24641
▁subsequent	24642
▁cậu	24643
رنامه	24644
▁ranei	24645
ಜೀವ	24646
▁نېمى	24647
▁кардани	24648
ест	24649
▁matching	24650
livulu	24651
▁Ныв	24652
▁đâu	24653
▁Reading	24654
▁Station	24655
▁چاغدا	24656
दर	24657
▁profound	24658
▁келген	24659
▁ӗнен	24660
▁expectations	24661
ajiem	24662
▁Persian	24663
ांच्या	24664
▁mkpa	24665
▁wakwe	24666
arluni	24667
▁ಆದ	24668
ghang	24669
▁weep	24670
▁fund	24671
必要	24672
ಾಗಿದೆ	24673
▁obliga	24674
▁Character	24675
▁reserved	24676
▁കാ	24677
ರಿಸ	24678
▁offended	24679
▁ඕන	24680
egypt	24681
ען	24682
▁120	24683
čiau	24684
▁сора	24685
రె	24686
保护	24687
աւ	24688
努力	24689
beeld	24690
▁Tâ	24691
坦	24692
▁Ruler	24693
ദി	24694
▁prey	24695
▁transparency	24696
▁ejjab	24697
▁области	24698
▁Anti	24699
▁kretyen	24700
▁Επιτροπή	24701
▁παρά	24702
lərinə	24703
▁senses	24704
န့်	24705
▁కూడా	24706
itis	24707
▁болот	24708
▁пекех	24709
vangeli	24710
▁سخن	24711
▁ਗਿਆ	24712
ાળ	24713
zụ	24714
ldur	24715
▁equals	24716
▁туж	24717
урлар	24718
▁эч	24719
ಲ್ಲಿರುವ	24720
▁थे	24721
obraz	24722
▁ኽን	24723
临	24724
▁faithless	24725
▁Рас	24726
▁fesili	24727
igheid	24728
▁jikin	24729
ဏ	24730
▁overwhelmed	24731
▁significa	24732
fatinas	24733
▁дугайында	24734
makore	24735
▁27:	24736
▁Zezi	24737
▁торган	24738
▁unseen	24739
දර	24740
တော်မူ	24741
▁29,	24742
▁Reset	24743
▁बन	24744
Ī	24745
▁Russell	24746
▁exalt	24747
ಾಪ	24748
▁behave	24749
▁унӑн	24750
▁proverb	24751
lokho	24752
▁Cristiano	24753
▁declaring	24754
▁reads	24755
rück	24756
信息	24757
▁shelter	24758
▁convince	24759
звол	24760
▁promé	24761
▁anersaa	24762
▁امت	24763
ദേശ	24764
▁ਦੁ	24765
upenyu	24766
▁ainm	24767
▁वाट	24768
būt	24769
▁ئاتا	24770
▁circumcision	24771
▁agent	24772
政策	24773
▁mellom	24774
کراو	24775
▁پوښۍ	24776
xesha	24777
▁পৰা	24778
预	24779
▁diýdi	24780
੍ਰ	24781
▁Dictionary	24782
▁Сам	24783
▁proceeded	24784
ทรง	24785
▁නෑ	24786
પ્	24787
▁shoes	24788
▁Exp	24789
kùnrin	24790
พระองค์	24791
▁беҙгә	24792
送	24793
▁គាត់	24794
Ե	24795
ಕೊಂಡ	24796
▁Consequently	24797
оро	24798
▁ہمیں	24799
produkt	24800
▁Quick	24801
६	24802
ức	24803
empla	24804
گرد	24805
ояд	24806
▁initially	24807
шкан	24808
▁dhèwèké	24809
▁Taamaa	24810
stęp	24811
δια	24812
▁сэтгэл	24813
▁म्हणून	24814
сангиз	24815
▁Copyright	24816
▁Arab	24817
▁باشقا	24818
率	24819
▁26,	24820
日至	24821
续	24822
णाऱ्	24823
▁urgency	24824
▁жардам	24825
▁Và	24826
▁structures	24827
▁մեծ	24828
▁усӑ	24829
▁researchers	24830
Ý	24831
▁موسا	24832
יע	24833
▁បើ	24834
گردان	24835
▁Domino	24836
▁hypocrisy	24837
▁smart	24838
▁Off	24839
▁पि	24840
▁ыйт	24841
ሂ	24842
ట్లు	24843
▁чүге	24844
لىشى	24845
paay	24846
▁jox	24847
▁fidel	24848
ბლ	24849
▁awe	24850
Ĉ	24851
ėjim	24852
▁especial	24853
▁גרײס	24854
▁AIDS	24855
▁seeds	24856
▁Priest	24857
▁ئاسمانه	24858
კითხ	24859
▁lots	24860
▁quadr	24861
ण्यात	24862
▁strict	24863
بود	24864
▁Believers	24865
իվ	24866
▁ᎿᏉ	24867
▁Signs	24868
确	24869
▁college	24870
saistī	24871
▁лайӑх	24872
ริ	24873
▁Tapú	24874
▁цӕмӕн	24875
ባቸው	24876
▁dund	24877
▁padha	24878
▁quasi	24879
▁tables	24880
▁kaain	24881
▁directions	24882
डे	24883
▁readers	24884
▁tabs	24885
▁гэта	24886
▁boqor	24887
ساعد	24888
فض	24889
▁دێت	24890
▁EESC	24891
▁Tree	24892
▁Tidak	24893
וק	24894
ᎯᏍᏗᏱ	24895
▁Bulgaria	24896
▁Cap	24897
▁nghe	24898
▁ຫນ້າ	24899
▁Йегъовӕйы	24900
▁روی	24901
系统	24902
▁alike	24903
▁pleasures	24904
sikatoy	24905
▁আল	24906
זו	24907
آخرت	24908
▁چۆن	24909
▁Focus	24910
▁ਮੈਂ	24911
▁boldness	24912
▁undertakings	24913
▁loan	24914
▁mmene	24915
▁pity	24916
▁היי	24917
air	24918
laryny	24919
ziņo	24920
ჟრ	24921
確	24922
ುತ್ತಿದ್ದ	24923
reşmä	24924
▁miraculous	24925
date	24926
▁என்ற	24927
გვ	24928
▁આપણ	24929
▁terram	24930
▁Yohane	24931
▁ਬਾਰੇ	24932
▁было	24933
▁থাক	24934
▁exercised	24935
öld	24936
Қуръон	24937
▁9]	24938
▁profil	24939
▁fafine	24940
عمل	24941
▁bottle	24942
▁áádóó	24943
▁Salomon	24944
▁Said	24945
▁installing	24946
ाई	24947
▁widespread	24948
▁чӗр	24949
ਾਉਣ	24950
▁жет	24951
-3	24952
▁11;	24953
▁survived	24954
▁сезгә	24955
▁ٿيو	24956
ឺ	24957
ың	24958
▁Seeing	24959
ভাবে	24960
▁waited	24961
▁phral	24962
llugit	24963
六	24964
否	24965
▁Pass	24966
▁upbuilding	24967
སྟངས	24968
▁vaega	24969
▁Burn	24970
▁មើល	24971
▁scared	24972
▁तुझ	24973
▁دانا	24974
▁taetae	24975
▁ဒါ	24976
▁chihab	24977
▁parlament	24978
▁Field	24979
▁त्यांच्या	24980
▁माझ्या	24981
disfellowshipped	24982
▁Hann	24983
▁Pierre	24984
ହୋଇ	24985
Ꮦ	24986
▁ñoom	24987
град	24988
▁emõn	24989
▁үед	24990
▁egzanp	24991
▁Congregation	24992
▁begged	24993
vic	24994
Յ	24995
sebenzisa	24996
▁Example	24997
сін	24998
влакым	24999
သုံး	25000
▁dön	25001
▁بىزنىڭ	25002
▁ຊື່	25003
▁វិញ	25004
лыгы	25005
▁cursed	25006
1\	25007
▁legislative	25008
▁Build	25009
▁apî	25010
▁جميع	25011
ራዊ	25012
评	25013
▁brand	25014
▁Муса	25015
修	25016
▁thief	25017
▁avoided	25018
▁арга	25019
▁ໂຢ	25020
▁performing	25021
▁spin	25022
▁kutani	25023
map	25024
ћи	25025
▁Username	25026
▁forsake	25027
▁Heaven	25028
tsiooni	25029
▁disbelief	25030
stellt	25031
▁distinction	25032
▁seeks	25033
▁پھچ	25034
▁Não	25035
▁forefathers	25036
▁survival	25037
▁հաս	25038
▁ավելի	25039
ọdụ	25040
▁því	25041
▁configure	25042
में	25043
▁ᎨᏥ	25044
▁قىلىن	25045
काळ	25046
လိုက်	25047
▁диск	25048
▁Kambe	25049
▁reside	25050
▁worshipping	25051
▁غالب	25052
ющие	25053
ሕዝ	25054
▁Iutaia	25055
▁katawhan	25056
ЕН	25057
▁equality	25058
▁ແມ່ນ	25059
▁ionad	25060
▁منھنج	25061
њ	25062
▁ក៏	25063
ឿ	25064
▁agency	25065
▁Yawut	25066
יט	25067
ration	25068
íinii	25069
▁díí	25070
▁എനിക്ക	25071
▁nødvendig	25072
ហា	25073
ങ്ങളുടെ	25074
▁হয়েছে	25075
▁الدولية	25076
▁admits	25077
▁gedit	25078
▁Norway	25079
▁willed	25080
▁Licence	25081
▁dhaw	25082
▁rod	25083
▁transform	25084
▁ਸਿ	25085
лүк	25086
▁bàkkaar	25087
▁faamaoni	25088
▁dynamic	25089
▁alongside	25090
៤	25091
ень	25092
ҳалшо	25093
▁Style	25094
▁experiencing	25095
▁occurrence	25096
álacha	25097
▁Hudaýa	25098
▁miembro	25099
调	25100
իսկ	25101
italia	25102
▁Dead	25103
▁Раз	25104
▁calf	25105
▁palette	25106
▁corn	25107
▁impre	25108
മോ	25109
тоб	25110
▁ئىچى	25111
▁ਰੱਖ	25112
▁mbage	25113
▁employed	25114
▁אױס	25115
ത്ത്	25116
▁նրան	25117
ဝင်	25118
▁Big	25119
ımı	25120
àng	25121
ԥсҭазаа	25122
▁sincerely	25123
▁Xel	25124
▁professor	25125
▁trabaj	25126
▁Jas	25127
▁discussing	25128
▁zintu	25129
▁чүүл	25130
▁enforcement	25131
မြို့	25132
▁ڕۆژی	25133
вши	25134
इ	25135
दे	25136
▁dedicate	25137
▁condemn	25138
▁Wednesday	25139
▁prompt	25140
პთ	25141
όσο	25142
քան	25143
▁visual	25144
կայ	25145
▁transmitted	25146
▁observing	25147
ท่าน	25148
▁Jika	25149
▁तुम्हार	25150
▁Ewropea	25151
രം	25152
Search	25153
бей	25154
▁ilegñija	25155
▁Irish	25156
▁filifili	25157
▁кас	25158
▁vows	25159
救	25160
爸	25161
▁Years	25162
▁Әммә	25163
▁betray	25164
▁başqa	25165
ból	25166
▁Facebook	25167
▁хәбәр	25168
▁Host	25169
ampl	25170
ìomh	25171
▁timely	25172
▁tiegħu	25173
▁šio	25174
▁جائیں	25175
▁unsere	25176
▁tamarii	25177
ವನ	25178
▁limita	25179
▁alignment	25180
▁ddunit	25181
▁Dawud	25182
▁принят	25183
▁axis	25184
▁тарт	25185
▁مز	25186
אר	25187
▁ოჲ	25188
边	25189
മാണ്	25190
▁85	25191
▁יודע	25192
حسب	25193
▁17]	25194
▁formatted	25195
sardia	25196
▁Configura	25197
▁plot	25198
▁Habakkuk	25199
▁transition	25200
▁bezwen	25201
-8	25202
▁accounting	25203
▁gën	25204
▁అతని	25205
ისთვის	25206
▁хэрэгтэй	25207
▁acquired	25208
▁span	25209
▁شوی	25210
ើង	25211
▁Babylonian	25212
ony	25213
▁këtë	25214
▁deyil	25215
▁эса	25216
嘅	25217
աճ	25218
▁അനു	25219
々	25220
▁PC	25221
▁цард	25222
▁Uea	25223
mpf	25224
▁יכול	25225
Χ	25226
ія	25227
▁Quality	25228
▁Garden	25229
▁larg	25230
▁пуҫла	25231
▁resolutions	25232
kład	25233
▁Nèk	25234
▁тиеш	25235
darbība	25236
▁cookies	25237
tigalugu	25238
▁ոչ	25239
▁Katolik	25240
ଞ	25241
▁tapuaki	25242
▁prevented	25243
ched	25244
ferencia	25245
▁кызы	25246
▁viaco	25247
īgā	25248
னர்	25249
▁السلام	25250
ಮೆ	25251
▁kataposan	25252
▁Width	25253
▁সু	25254
▁बायबल	25255
▁Baịbụl	25256
▁surgery	25257
▁mostly	25258
sluit	25259
Ọ	25260
▁taamnei	25261
▁fig	25262
▁decrease	25263
स्त्र	25264
▁greed	25265
▁yellow	25266
▁aonnaba	25267
▁Label	25268
▁Judio	25269
▁clothed	25270
▁ئۈستى	25271
▁šād	25272
ಯು	25273
▁entrance	25274
▁bheil	25275
▁repay	25276
▁hiding	25277
инглар	25278
คิด	25279
▁stumbling	25280
▁چک	25281
▁Immediately	25282
▁гуноҳ	25283
▁Transfer	25284
▁Teacher	25285
ування	25286
▁jurisdiction	25287
▁свои	25288
ირ	25289
▁carbon	25290
skrift	25291
▁automatic	25292
▁konsider	25293
▁disobey	25294
▁Избан	25295
▁Giê	25296
▁acest	25297
▁seize	25298
dayaw	25299
Close	25300
型	25301
aiky	25302
▁Future	25303
▁tiny	25304
כי	25305
▁Northern	25306
ყოფ	25307
▁nurse	25308
▁Need	25309
▁Recent	25310
▁deepen	25311
▁lifetime	25312
ое	25313
▁removing	25314
▁тӑма	25315
▁touching	25316
▁कहा	25317
▁ffeil	25318
▁cleansed	25319
プ	25320
▁балалар	25321
▁tea	25322
ᏙᎥ	25323
תה	25324
ījumu	25325
▁define	25326
▁dressed	25327
▁необходим	25328
▁килгән	25329
▁foreigners	25330
atioun	25331
▁25,	25332
▁pekoni	25333
▁Kristẹni	25334
ుచున్న	25335
▁mask	25336
pụtara	25337
▁actively	25338
▁שלי	25339
ட்டி	25340
▁Statistics	25341
▁kül	25342
your	25343
▁provisional	25344
▁тухай	25345
▁digaga	25346
path	25347
▁cancel	25348
▁ataahua	25349
▁нинди	25350
▁Communication	25351
纳	25352
لىرىدىن	25353
ாவ	25354
万	25355
▁ລິດ	25356
▁fakafo	25357
نیا	25358
بھی	25359
▁External	25360
▁panaon	25361
即	25362
▁eagerly	25363
ambila	25364
▁ìjọ	25365
sonyeza	25366
▁restricted	25367
ėjo	25368
▁peaceable	25369
fari	25370
▁strategies	25371
▁særlig	25372
ۈڭلار	25373
▁खोल	25374
▁Jericho	25375
▁Private	25376
▁Nebuchadnezzar	25377
▁tapande	25378
ပေါ်	25379
▁política	25380
ħtieġ	25381
ಿತ್ತು	25382
爱	25383
▁پاداشتی	25384
▁taalibe	25385
▁sudden	25386
▁ᎬᏂᎨᏒ	25387
lañe	25388
▁ਬਾਈਬਲ	25389
▁unaware	25390
▁flags	25391
▁behaviour	25392
▁losers	25393
کنند	25394
ddym	25395
▁Online	25396
▁annex	25397
▁Orang	25398
▁Әгәр	25399
▁ඔවුන්	25400
▁nigh	25401
▁Hard	25402
▁хыпар	25403
Un	25404
ові	25405
ئیل	25406
Folder	25407
▁intervention	25408
▁inspection	25409
▁Kodwa	25410
▁certificates	25411
መንፈስ	25412
▁grid	25413
▁වැඩ	25414
கை	25415
▁व्यक्	25416
▁incident	25417
ක්ෂ	25418
▁liked	25419
▁runs	25420
▁Mengapa	25421
ξε	25422
额	25423
ුරු	25424
▁malamalama	25425
▁ຂໍ	25426
▁MA	25427
工具	25428
сенчен	25429
▁биде	25430
మంది	25431
▁gentle	25432
▁адямиос	25433
这样	25434
▁wheel	25435
▁Role	25436
▁അവന	25437
▁app	25438
▁fastsatt	25439
欢	25440
shëm	25441
éiert	25442
▁ஆனால்	25443
lokßoni	25444
யாக	25445
▁lit	25446
▁ټول	25447
ությամբ	25448
▁وارن	25449
▁নহয়	25450
▁taakku	25451
Ċ	25452
້າຍ	25453
▁utmost	25454
▁سامان	25455
▁పె	25456
12.	25457
▁అది	25458
ിക്കുന്നു	25459
▁ទ្រង់	25460
▁Rules	25461
▁кирәк	25462
恐	25463
тарды	25464
▁кылды	25465
▁قىلغۇچىلار	25466
▁2;	25467
▁Кол	25468
▁emotionally	25469
▁Ezra	25470
▁dominion	25471
致	25472
▁slaughter	25473
▁yea	25474
▁adresse	25475
▁उनके	25476
▁lean	25477
▁targets	25478
▁treaty	25479
буд	25480
▁protecting	25481
▁chart	25482
▁originally	25483
These	25484
▁шуд	25485
▁гэсэн	25486
▁bestow	25487
▁ಪಾ	25488
▁praising	25489
▁изге	25490
▁95	25491
▁сайн	25492
▁дигар	25493
▁چڱا	25494
üň	25495
▁omfatte	25496
▁adjusted	25497
Select	25498
стави	25499
▁bone	25500
జన	25501
మూ	25502
▁खेल	25503
nepeg	25504
▁disposal	25505
eeyo	25506
▁Queen	25507
ିବା	25508
▁װײַז	25509
▁cultures	25510
▁mensahe	25511
▁praises	25512
▁gerek	25513
▁Judges	25514
▁anybody	25515
ኺ	25516
係	25517
▁withdraw	25518
▁allocation	25519
▁instala	25520
▁currency	25521
圖	25522
▁spreading	25523
▁katoto	25524
▁publish	25525
▁threats	25526
▁жөнүндө	25527
▁Faithful	25528
Ë	25529
▁Answered	25530
▁Energy	25531
▁справ	25532
場	25533
▁raw	25534
▁üstün	25535
ият	25536
maachen	25537
ување	25538
▁marital	25539
ാത്ത	25540
▁ficheros	25541
▁ඉන්න	25542
ஸ	25543
ಂತೆ	25544
भाव	25545
वचन	25546
▁stressed	25547
гун	25548
▁बोल	25549
▁राजा	25550
▁palabra	25551
εν	25552
▁ទុក	25553
cause	25554
▁boss	25555
▁carané	25556
కాల	25557
▁kahle	25558
▁хэрэг	25559
zīm	25560
ხარ	25561
▁viewing	25562
▁karhi	25563
▁virgin	25564
▁naked	25565
eixe	25566
▁әйткән	25567
hlawu	25568
ờ	25569
ੱਸ	25570
▁tobacco	25571
▁còn	25572
▁Looking	25573
ాలు	25574
▁உள்ள	25575
דבר	25576
ण्यासाठी	25577
▁prospects	25578
▁ನೋಡ	25579
▁көз	25580
▁fakamua	25581
▁saudara	25582
▁चुन	25583
▁pardon	25584
突	25585
▁employer	25586
▁był	25587
▁сред	25588
cap	25589
▁منھنجي	25590
Ṛ	25591
▁nețța	25592
▁stuck	25593
▁deemed	25594
▁страна	25595
کړ	25596
samtang	25597
رنج	25598
▁Row	25599
state	25600
▁چل	25601
▁goý	25602
▁pack	25603
งาน	25604
▁ਸਕਦੇ	25605
▁параметр	25606
室	25607
gharị	25608
▁һич	25609
▁Etenuŋɔŋl	25610
▁drugi	25611
▁Beth	25612
▁ڄاڻندڙ	25613
▁prophesy	25614
ṅ	25615
program	25616
▁GUI	25617
▁resident	25618
▁recommendation	25619
arian	25620
▁privacy	25621
▁aperta	25622
▁zealously	25623
▁jemaroñ	25624
iweyo	25625
lbum	25626
▁फ़ाइल	25627
▁тейеш	25628
▁ڕێبازی	25629
▁тебе	25630
服务	25631
خوانه	25632
१	25633
▁detect	25634
▁фақат	25635
▁Đức	25636
▁மூ	25637
▁пӗлтер	25638
▁хэрхэ	25639
▁دەيدۇ	25640
bestemmelse	25641
▁joyfully	25642
▁defeat	25643
ൊരു	25644
▁answering	25645
▁ئینجا	25646
▁Ignore	25647
бес	25648
▁diligent	25649
▁respective	25650
Moses	25651
בל	25652
▁movies	25653
▁creative	25654
▁despise	25655
▁shouldn	25656
▁Colours	25657
▁Civil	25658
一個	25659
ERE	25660
▁dëgg	25661
▁уыдон	25662
▁numero	25663
▁54	25664
ชา	25665
▁Scientific	25666
▁cutting	25667
▁mortal	25668
phume	25669
تنمية	25670
ҳәеит	25671
▁brass	25672
▁pecca	25673
▁पाठ	25674
▁sanctify	25675
▁cl	25676
▁зүйл	25677
▁былай	25678
▁обще	25679
▁planted	25680
▁شب	25681
▁Polish	25682
▁დრო	25683
▁rejoiced	25684
只是	25685
mplementing	25686
▁7;	25687
བྱེད	25688
▁faaipoipo	25689
जन	25690
висти	25691
▁επί	25692
▁Mouse	25693
▁crushed	25694
▁ດັ່ງ	25695
▁გადა	25696
▁progres	25697
▁kollha	25698
▁Sinai	25699
▁begat	25700
▁cave	25701
▁ئایه	25702
▁bileris	25703
▁temper	25704
▁backing	25705
▁ವಿಷಯ	25706
ကာ	25707
▁Drive	25708
▁nafea	25709
▁rebel	25710
ឈ	25711
▁puzzle	25712
▁روح	25713
▁Dobro	25714
▁һора	25715
▁await	25716
▁nevnt	25717
世	25718
kyali	25719
▁etmeli	25720
▁Skip	25721
▁uniform	25722
▁likened	25723
▁ንኽ	25724
பின்	25725
▁impos	25726
▁badly	25727
▁reducing	25728
▁бўлади	25729
▁Је	25730
ᏍᏆᏂᎪ	25731
прост	25732
▁Module	25733
▁privileged	25734
▁හරි	25735
▁نەرسىلەر	25736
▁Korean	25737
▁consumers	25738
▁ngomong	25739
▁fulfilling	25740
▁assess	25741
έν	25742
▁conclu	25743
గొ	25744
дәге	25745
▁hire	25746
ungula	25747
▁doğru	25748
▁Об	25749
▁ဦး	25750
▁दिया	25751
เส	25752
▁reflecting	25753
നിന്ന്	25754
▁Marriage	25755
▁cleanse	25756
▁apik	25757
▁revised	25758
▁influences	25759
▁urban	25760
Redo	25761
▁CH	25762
▁cleaning	25763
▁respectively	25764
▁Islam	25765
ომ	25766
‐	25767
标	25768
▁قاتتىق	25769
▁lelaki	25770
▁partnership	25771
▁आपल्याला	25772
▁אבל	25773
▁kerja	25774
▁posible	25775
問	25776
hangē	25777
▁бирӕ	25778
▁convert	25779
▁στα	25780
▁deserves	25781
▁stretch	25782
▁болуп	25783
Ø	25784
▁یقین	25785
▁мӗншӗн	25786
ിച്ച്	25787
Ù	25788
ṣì	25789
▁bigger	25790
▁වෙන්න	25791
治	25792
ապես	25793
▁ব্যবহার	25794
ኼ	25795
ရှင်	25796
▁Thursday	25797
▁തന്	25798
Use	25799
▁Launch	25800
▁bill	25801
▁protokol	25802
▁pfuna	25803
▁roll	25804
▁nkaambo	25805
▁апостол	25806
▁لپاره	25807
джын	25808
▁abound	25809
▁Daud	25810
જી	25811
▁pregnancy	25812
▁humankind	25813
▁priesthood	25814
Ö	25815
▁аларны	25816
Not	25817
▁Resolution	25818
လှ	25819
▁مجھے	25820
▁Croatia	25821
▁Hebreo	25822
米	25823
▁prisoner	25824
▁qualify	25825
▁Governments	25826
▁usual	25827
kinahanglan	25828
▁prime	25829
ವಾಗ	25830
▁indigenous	25831
▁vì	25832
▁général	25833
▁فری	25834
▁قەۋم	25835
water	25836
Туррӑн	25837
▁Initial	25838
Ô	25839
▁хорз	25840
▁ডা	25841
ത്യ	25842
▁memories	25843
▁Адам	25844
াম	25845
धार	25846
▁swallow	25847
▁одамлар	25848
▁പാ	25849
▁اھڙي	25850
でしょ	25851
ถูก	25852
ολογ	25853
▁ибодат	25854
ვით	25855
▁їх	25856
▁Եհովան	25857
▁келган	25858
▁rewarding	25859
▁ឈ្មោះ	25860
不要	25861
▁تنھنڪري	25862
▁gaskiya	25863
▁Canadian	25864
aýyş	25865
ҟәы	25866
▁කිරීම	25867
▁risen	25868
రే	25869
▁armor	25870
▁pop	25871
ուղ	25872
▁آنگاه	25873
▁manèh	25874
▁election	25875
بط	25876
▁significantly	25877
▁život	25878
▁আছে	25879
▁determining	25880
▁पै	25881
▁nzela	25882
ٺي	25883
▁Friend	25884
▁fails	25885
everal	25886
▁eternity	25887
▁تاکہ	25888
▁अधिक	25889
编	25890
▁ئیمان	25891
▁consum	25892
▁கோ	25893
▁pengarap	25894
କ୍ର	25895
▁sections	25896
▁ရဲ့	25897
้อง	25898
▁Secret	25899
▁nunc	25900
▁confusion	25901
▁snare	25902
▁Travel	25903
▁weigh	25904
▁courses	25905
▁хөкем	25906
amaanyi	25907
uose	25908
8000}	25909
▁ахӕм	25910
களில்	25911
▁Romania	25912
▁Used	25913
▁પણ	25914
អា	25915
号决议	25916
wandiik	25917
▁Ман	25918
▁Бул	25919
▁ёлғон	25920
مەي	25921
७	25922
▁crew	25923
ٽي	25924
▁తమ	25925
离	25926
yihiin	25927
ථ	25928
पासून	25929
ജീവ	25930
פֿענצטער	25931
▁ទៀត	25932
ajol	25933
▁Jehu	25934
▁Regional	25935
报	25936
▁Comissão	25937
▁wajyp	25938
ଆ	25939
▁ٻڌ	25940
▁әлбәттә	25941
▁Жахабанын	25942
晚	25943
▁mohio	25944
▁assistant	25945
▁sail	25946
ڪافر	25947
buulira	25948
▁ಹಾ	25949
▁inspiration	25950
Contents	25951
trauk	25952
▁ಹೆಚ್ಚ	25953
▁गोष्टी	25954
▁хүс	25955
▁ڏنو	25956
▁Gö	25957
▁xicß	25958
റി	25959
elepas	25960
▁TRUE	25961
ウ	25962
▁ukuntu	25963
控	25964
▁ýüz	25965
▁tozali	25966
▁banget	25967
▁شێوه	25968
▁പറഞ്ഞു	25969
▁مصر	25970
▁kvalit	25971
▁empire	25972
▁दिन	25973
▁Scale	25974
统	25975
▁женщин	25976
▁каршы	25977
sniedz	25978
ออก	25979
▁kerdia	25980
▁جنگ	25981
▁retain	25982
▁diajar	25983
ね	25984
▁59	25985
kanisa	25986
▁vary	25987
יה	25988
▁explaining	25989
▁болон	25990
▁slay	25991
▁62	25992
	25993
▁envy	25994
ገብር	25995
Ӗ	25996
वर्त	25997
▁emphasized	25998
▁checking	25999
▁commitments	26000
▁administered	26001
▁nationale	26002
field	26003
▁низ	26004
▁izinto	26005
▁Elders	26006
▁benar	26007
▁кўп	26008
經	26009
▁пионер	26010
▁reaches	26011
▁rebelled	26012
▁Product	26013
▁hills	26014
ائيندا	26015
દેશ	26016
▁menunjukkan	26017
程式	26018
▁searched	26019
▁giant	26020
▁આવ	26021
▁examin	26022
▁ùr	26023
▁Иерусалим	26024
▁أيضا	26025
▁seneng	26026
▁mystery	26027
▁پہنچ	26028
▁كۆرۈ	26029
▁पृष्ठ	26030
▁rapidly	26031
▁Class	26032
▁kombin	26033
▁ажәабжь	26034
▁quarter	26035
▁Cisco	26036
▁hole	26037
owanje	26038
▁bathroom	26039
▁elections	26040
kwiiya	26041
Ē	26042
▁zimenezi	26043
াস	26044
▁similarly	26045
▁ຕອນ	26046
▁highlights	26047
▁thorough	26048
ဘုရား	26049
▁ئىككى	26050
లె	26051
▁affair	26052
▁сүз	26053
资源	26054
iwile	26055
▁فرعون	26056
▁prosper	26057
ᏗᏢ	26058
บอก	26059
▁derived	26060
▁kopesa	26061
▁mutãne	26062
▁FROM	26063
▁जीवन	26064
رڳو	26065
හු	26066
▁gayod	26067
ത്തിൽ	26068
ышкан	26069
▁tremendous	26070
▁acquainted	26071
▁Speed	26072
▁traditions	26073
ific	26074
▁viđ	26075
罪	26076
▁סעלעקציע	26077
▁frequency	26078
▁Zephaniah	26079
▁pollution	26080
▁Ҫав	26081
▁öwren	26082
▁engaging	26083
▁Additionally	26084
▁būtų	26085
▁kabuñ	26086
▁fakatupu	26087
▁विचार	26088
▁recite	26089
▁ຕົວຢ່າງ	26090
sunik	26091
▁Israa	26092
▁selecciona	26093
▁talanoa	26094
▁pounds	26095
belesya	26096
ለሁ	26097
▁öý	26098
▁Antioch	26099
தான்	26100
▁ngambika	26101
▁Hear	26102
واته	26103
▁ئېيتقىنكى	26104
▁HAS	26105
▁kaineti	26106
▁ruheb	26107
▁банда	26108
▁လော	26109
▁Hungary	26110
▁кылыр	26111
بیت	26112
▁31,	26113
站	26114
sthis	26115
▁Square	26116
▁Генерально	26117
希望	26118
▁repented	26119
▁ገጽ	26120
▁Writing	26121
▁Nobody	26122
▁Representative	26123
▁ເກີດ	26124
▁نیست	26125
ણી	26126
မှာ	26127
▁haughty	26128
▁directive	26129
сун	26130
▁Cyrillic	26131
▁parameters	26132
▁əzab	26133
▁Captain	26134
માન	26135
test	26136
▁Playlist	26137
▁bold	26138
▁assembled	26139
▁рӯз	26140
▁Hosea	26141
▁njegov	26142
ጦ	26143
စဉ်	26144
▁offense	26145
▁visions	26146
اصل	26147
େବ	26148
ലി	26149
▁მას	26150
ነቶም	26151
コ	26152
▁раҳм	26153
”,	26154
interes	26155
nviar	26156
▁Philippi	26157
▁supplication	26158
▁onları	26159
▁ооң	26160
▁ᎠᏓᏅᏙ	26161
▁ᏄᏍᏛ	26162
▁clicking	26163
▁аларның	26164
▁giờ	26165
▁pressed	26166
食	26167
不知道	26168
▁historian	26169
▁вони	26170
▁Fayl	26171
▁péngin	26172
▁қавм	26173
▁ክት	26174
▁park	26175
▁agasala	26176
バ	26177
▁faatupu	26178
pfuura	26179
نمایی	26180
▁lights	26181
▁געקע	26182
نجامی	26183
▁ignorance	26184
▁dzaka	26185
▁trumpet	26186
▁bangsa	26187
▁berýär	26188
▁mamoe	26189
ĵ	26190
▁notified	26191
[3]	26192
▁foods	26193
▁sebäpli	26194
▁Philippines	26195
မှတ်	26196
▁قىلغىن	26197
ర్చ	26198
თვის	26199
▁transactions	26200
druž	26201
▁slowly	26202
अपनी	26203
▁damn	26204
▁versions	26205
▁ठेव	26206
tchî	26207
▁chuwäch	26208
сед	26209
▁Against	26210
▁Religion	26211
▁marks	26212
▁paragraf	26213
▁װײַזן	26214
▁ڕۆژه	26215
▁fairly	26216
สิ	26217
▁quixqßue	26218
ഓ	26219
▁Soviet	26220
▁هي	26221
▁келтирганлар	26222
▁excessive	26223
▁número	26224
▁1;	26225
▁everyday	26226
▁ئۆزى	26227
キ	26228
ware	26229
▁disipulo	26230
▁zonse	26231
▁ዓመት	26232
ගෙ	26233
▁ndomo	26234
▁imprisoned	26235
▁fate	26236
▁internationale	26237
▁ಬಳ	26238
▁Block	26239
しい	26240
▁Шайтан	26241
▁burst	26242
▁اعمال	26243
▁connections	26244
▁protective	26245
▁manifested	26246
▁ытти	26247
ẫ	26248
ಿಗಳ	26249
▁karekea	26250
▁يەر	26251
裁	26252
which	26253
▁શું	26254
▁නැහැ	26255
▁جمع	26256
▁recommends	26257
suporta	26258
▁کرنا	26259
▁Dec	26260
కే	26261
▁aýal	26262
▁faahou	26263
▁owned	26264
ಲ್ಪಟ್ಟ	26265
▁weren	26266
ርከብ	26267
▁uncleanness	26268
▁vegetables	26269
▁Democratic	26270
▁არის	26271
ദാ	26272
▁Silas	26273
▁Mercy	26274
▁قىلىڭلار	26275
普	26276
▁crucified	26277
нгиз	26278
▁immortal	26279
▁puipui	26280
رگیز	26281
တရား	26282
сини	26283
▁Chairman	26284
▁genetic	26285
▁юбор	26286
▁Royaume	26287
▁بسیار	26288
▁প্রদর্শন	26289
▁40:	26290
▁reviews	26291
®	26292
促进	26293
kuphila	26294
▁camps	26295
ᏍᏙ	26296
▁prostrate	26297
▁Cooperation	26298
▁Resize	26299
▁Gospels	26300
▁ጳውሎስ	26301
▁ippãn	26302
വ്യ	26303
▁variable	26304
▁plays	26305
பட	26306
▁redeem	26307
۳	26308
▁roads	26309
▁Што	26310
▁distinguish	26311
ኬ	26312
▁province	26313
▁Administration	26314
owania	26315
▁Found	26316
▁26]	26317
▁consequence	26318
రూ	26319
human	26320
▁pillars	26321
སྔོན་སྒྲིག་	26322
ੱਟ	26323
▁attacked	26324
osis	26325
யோ	26326
▁filius	26327
▁constitute	26328
▁actor	26329
▁можа	26330
▁ယေရှု	26331
From	26332
▁lamb	26333
▁kultur	26334
▁будет	26335
those	26336
▁Java	26337
▁contribut	26338
▁sacrificed	26339
▁skep	26340
▁undertaken	26341
▁lavea	26342
оруж	26343
Right	26344
കൊണ്ട്	26345
८	26346
▁Forum	26347
▁bondage	26348
Џ	26349
▁typical	26350
▁92	26351
▁इस्राएल	26352
ೀಯ	26353
ிலிருந்து	26354
▁15;	26355
పడ	26356
▁album	26357
Î	26358
援助	26359
дүн	26360
▁ਇਨ	26361
▁meantime	26362
▁абзац	26363
σεων	26364
▁models	26365
▁betrayed	26366
წერ	26367
▁freed	26368
τες	26369
▁அது	26370
cro	26371
▁threshold	26372
māfai	26373
▁كەلگەن	26374
▁ginikanan	26375
▁თავის	26376
▁நிச்சயமாக	26377
▁მაგრამ	26378
▁Avoid	26379
▁conformity	26380
▁ladies	26381
目标	26382
ටු	26383
ทาง	26384
模	26385
änner	26386
▁Dark	26387
▁limbuka	26388
▁faeloa	26389
had	26390
▁gaining	26391
▁liars	26392
▁иҟоу	26393
pression	26394
届会议	26395
▁frá	26396
▁Leviticus	26397
▁тынг	26398
ісі	26399
ಿದನು	26400
益	26401
▁куфр	26402
nonot	26403
▁Nígbà	26404
ışı	26405
▁နောက်	26406
gxis	26407
རིགས	26408
▁certainty	26409
▁два	26410
▁Technical	26411
▁Mediterranean	26412
▁corrupted	26413
▁neglect	26414
▁divisions	26415
▁rajwaxic	26416
▁attiecībā	26417
leriň	26418
▁quantity	26419
▁دید	26420
▁triumph	26421
▁relasyon	26422
▁Wow	26423
ಲೆ	26424
▁Speak	26425
▁Regulations	26426
▁Developer	26427
▁ಹಿ	26428
▁Artist	26429
▁հավատ	26430
ঃ	26431
▁ڇو	26432
▁ھالاك	26433
怎	26434
▁©	26435
ሳዕ	26436
▁ᎧᏃᎮᏛ	26437
▁pernah	26438
▁гэр	26439
牌	26440
မြင်	26441
▁чет	26442
▁Burning	26443
▁medicines	26444
ทุก	26445
▁وڃ	26446
▁Jerem	26447
▁живот	26448
配	26449
星期	26450
Then	26451
ክርስቶስ	26452
▁PM	26453
▁auauna	26454
▁copper	26455
▁ስለዚ	26456
▁ᏰᎵ	26457
▁lawyer	26458
▁پاشان	26459
艾	26460
▁thứ	26461
▁бўлди	26462
Ç	26463
▁ສອນ	26464
▁ٽولي	26465
lantaran	26466
screen	26467
▁Кө	26468
能力	26469
mvwa	26470
▁тормош	26471
▁promoted	26472
父	26473
▁ñaar	26474
၄	26475
▁ಒಬ್ಬ	26476
ngisi	26477
▁troops	26478
ћу	26479
▁dwelt	26480
▁лӕггад	26481
rìí	26482
▁bolýar	26483
▁eggs	26484
▁сөйлә	26485
▁قىلغۇچىدۇر	26486
ویش	26487
▁Kifer	26488
帮	26489
▁vakayalo	26490
▁Santa	26491
▁chest	26492
▁diligently	26493
▁ᎦᎸᏉᏗᏳ	26494
▁தீ	26495
7,	26496
izzat	26497
▁çıx	26498
▁trustworthy	26499
▁کم	26500
▁semasa	26501
alia	26502
▁Weather	26503
power	26504
רק	26505
▁Comisión	26506
行为	26507
ىسىنى	26508
▁ໂດຍ	26509
號	26510
▁Talk	26511
‹	26512
▁یافت	26513
ምሳሌ	26514
▁occupied	26515
▁độ	26516
maKristu	26517
▁Trinity	26518
▁hospitable	26519
▁apparent	26520
▁productive	26521
▁Better	26522
▁devils	26523
ination	26524
бора	26525
իչ	26526
ison	26527
▁conquer	26528
ឌ	26529
▁അവരുടെ	26530
▁bungbi	26531
▁roots	26532
гүл	26533
▁tragic	26534
്യം	26535
聖	26536
▁slew	26537
▁Disk	26538
પે	26539
▁работа	26540
grond	26541
▁хъӕуы	26542
▁awaits	26543
▁heirs	26544
▁ყველა	26545
овар	26546
▁ឡើង	26547
▁ունեն	26548
▁rapid	26549
▁observa	26550
གཞན	26551
үндө	26552
ム	26553
ged	26554
skombreyo	26555
ųjų	26556
影	26557
▁sungula	26558
▁мўмин	26559
▁ਕੀਤੀ	26560
erekeye	26561
▁кешеләргә	26562
▁рук	26563
▁бүт	26564
▁Kosovo	26565
▁vetahi	26566
▁belongings	26567
足	26568
▁Brothers	26569
обра	26570
ۈم	26571
▁crowds	26572
▁bamwi	26573
▁دڵنیا	26574
pugut	26575
crea	26576
▁цаг	26577
▁Tuesday	26578
աբ	26579
ዖ	26580
▁նրանք	26581
▁California	26582
▁ئال	26583
हाँ	26584
▁ᎤᏟ	26585
ське	26586
▁булу	26587
ించే	26588
影响	26589
▁truck	26590
ўр	26591
▁anakcuan	26592
▁фӕнд	26593
building	26594
▁gentlemen	26595
▁Сатан	26596
ගි	26597
ագր	26598
▁Jeroboam	26599
chiyani	26600
▁чок	26601
ዐ	26602
more	26603
▁လက်	26604
ներից	26605
ᎵᏍᏓᏴ	26606
▁%3	26607
With	26608
▁restoration	26609
▁teimatoa	26610
นั่น	26611
▁involvement	26612
▁pokati	26613
▁jalloo	26614
▁27,	26615
▁ụfọdụ	26616
▁topics	26617
▁nurodyt	26618
▁мисли	26619
▁ridicule	26620
▁vengeance	26621
-4	26622
Ħ	26623
ず	26624
▁ڕێگه	26625
环境	26626
▁ёмон	26627
投	26628
源	26629
▁резолюци	26630
▁prostitute	26631
▁بڑا	26632
▁kristian	26633
ระ	26634
মেইল	26635
▁çek	26636
уулах	26637
▁rochoch	26638
ಿಯನ್ನು	26639
ใช้	26640
▁torn	26641
▁befall	26642
▁wrap	26643
ларимиз	26644
▁کشت	26645
▁morally	26646
▁creates	26647
▁atbilst	26648
▁breasts	26649
▁акыл	26650
▁Medium	26651
▁মধ্যে	26652
სწავლ	26653
▁guest	26654
神	26655
rich	26656
▁nagsiring	26657
fitxategi	26658
▁tō	26659
▁biniinaa	26660
▁തീര്	26661
▁ҫынсем	26662
▁Anyway	26663
▁random	26664
▁eighth	26665
▁memorial	26666
▁Izrael	26667
▁ເພງ	26668
▁Joel	26669
▁decreed	26670
▁Knowledge	26671
▁адам	26672
dakkel	26673
▁tape	26674
▁uNkulunkulu	26675
▁Knower	26676
▁wound	26677
Co	26678
▁rằng	26679
▁израиль	26680
▁Jude	26681
▁exercises	26682
▁settlement	26683
加强	26684
diği	26685
▁temptations	26686
▁возьма	26687
▁offence	26688
▁ਸਾਰ	26689
▁vacation	26690
▁Alexander	26691
▁आज	26692
記	26693
ត់	26694
▁trading	26695
atiamẽla	26696
▁Printing	26697
▁borne	26698
▁compatible	26699
▁Side	26700
▁जग	26701
ылып	26702
aavoq	26703
▁license	26704
▁resil	26705
စု	26706
▁ڇوته	26707
▁$1	26708
▁oaoa	26709
▁deals	26710
▁سڀڪ	26711
▁wished	26712
▁Այս	26713
▁ھجي	26714
▁spell	26715
▁ᎦᎸᎳᏗ	26716
erekana	26717
▁ასე	26718
ዒ	26719
▁zonke	26720
komeye	26721
▁breakfast	26722
▁Applet	26723
▁2000,	26724
▁seats	26725
▁stretched	26726
အမျိုး	26727
編	26728
Վ	26729
ngenxa	26730
▁obviously	26731
افر	26732
ィ	26733
▁Directori	26734
▁இருக்கிற	26735
then	26736
▁جواب	26737
▁اینک	26738
▁আমরা	26739
တင်	26740
▁Activate	26741
▁Israyeli	26742
▁Какво	26743
▁ghabh	26744
کراوه	26745
▁Arbeit	26746
▁günler	26747
ଘ	26748
▁Bayibuli	26749
▁indicators	26750
哈	26751
▁Fit	26752
▁commended	26753
▁ማለት	26754
▁arrogant	26755
▁JavaScript	26756
▁ਕੰਮ	26757
装	26758
▁philosophy	26759
▁Noble	26760
▁izao	26761
▁Señot	26762
▁rehetra	26763
ííní	26764
▁Henry	26765
ǔ	26766
▁también	26767
скер	26768
▁Question	26769
	26770
▁Schedule	26771
▁Safety	26772
လျှင်	26773
▁confess	26774
▁безгә	26775
▁ҳузур	26776
▁ծառայ	26777
▁देव	26778
裡	26779
እግዚአብሔር	26780
igineqar	26781
▁Alex	26782
▁բոլոր	26783
▁Ло	26784
▁విషయ	26785
▁تۇت	26786
▁zavatra	26787
▁respite	26788
▁rhaio	26789
▁63	26790
▁backend	26791
▁copied	26792
▁hasten	26793
ekolelo	26794
cßut	26795
▁anxieties	26796
▁outlook	26797
្លា	26798
▁عاد	26799
於	26800
Laughter	26801
▁орт	26802
▁ihany	26803
▁Бакӕс	26804
ចេញ	26805
ត្ដ	26806
ணி	26807
▁faster	26808
战	26809
countless	26810
▁householder	26811
▁wept	26812
rsatish	26813
▁Waxay	26814
▁ໄວ້	26815
▁advised	26816
▁малпа	26817
▁мекунад	26818
▁ڕوون	26819
▁exile	26820
विषयी	26821
▁ngbanga	26822
most	26823
別	26824
▁recognised	26825
▁flu	26826
▁displays	26827
▁representing	26828
▁faaalia	26829
nweghị	26830
ிடம்	26831
հատ	26832
bilità	26833
белги	26834
▁ئىبادەت	26835
▁livestock	26836
▁Patyşa	26837
▁advantages	26838
▁naturally	26839
▁consists	26840
▁правил	26841
▁biggest	26842
▁weaken	26843
▁analyze	26844
▁Бирок	26845
▁Wall	26846
▁ngopfu	26847
▁Market	26848
▁filtr	26849
دھ	26850
ෙයි	26851
▁chuyện	26852
▁роҳ	26853
▁केली	26854
▁нест	26855
▁alia	26856
ப்படுத்த	26857
▁plastic	26858
▁секретар	26859
▁Basic	26860
▁қайтар	26861
▁hardships	26862
▁Shit	26863
▁қилади	26864
▁qualifications	26865
▁قورئان	26866
page	26867
▁имон	26868
▁competitive	26869
▁அதிக	26870
▁сизга	26871
tobela	26872
▁एका	26873
杀	26874
▁Gett	26875
phunzits	26876
▁σου	26877
▁Kontrol	26878
附	26879
▁مەغپىرەت	26880
▁گوێ	26881
▁farii	26882
▁կյանք	26883
▁هیدا	26884
sayaat	26885
▁somehow	26886
▁Stand	26887
▁komans	26888
▁proves	26889
▁praised	26890
▁siguiente	26891
Image	26892
▁بابت	26893
▁jóge	26894
▁Унинг	26895
▁appealing	26896
▁jild	26897
▁Division	26898
St	26899
▁வெ	26900
带	26901
第二	26902
▁98	26903
▁beaten	26904
▁STUDY	26905
ञ	26906
▁EN	26907
▁przë	26908
▁направи	26909
▁Italia	26910
▁ନାମ	26911
▁jistgħu	26912
ққа	26913
▁cần	26914
▁inspiring	26915
▁separation	26916
▁wealthy	26917
ybos	26918
▁деган	26919
▁anvendelse	26920
▁Purpose	26921
▁empresa	26922
▁դու	26923
▁chronic	26924
▁Believe	26925
▁йывӑр	26926
▁corrected	26927
▁человека	26928
▁thoroughly	26929
▁Seek	26930
▁Вер	26931
▁ಬರ	26932
▁Speaking	26933
▁synagogues	26934
▁đồ	26935
▁wherewith	26936
▁pannyl	26937
த்துக்	26938
▁Kind	26939
unità	26940
▁Бид	26941
στον	26942
рун	26943
▁discourse	26944
▁gempuru	26945
▁yaxşı	26946
▁зотдир	26947
impwemu	26948
▁җит	26949
ിക്കുകയും	26950
▁Walk	26951
▁తీస	26952
▁Şol	26953
▁હોય	26954
▁Pakistan	26955
▁ອີກ	26956
ᏓᏅᏖ	26957
▁nihił	26958
ington	26959
व्ह	26960
▁তিনি	26961
drift	26962
▁તમે	26963
▁Names	26964
班	26965
▁Iran	26966
▁потреб	26967
▁നിങ്ങളുടെ	26968
▁mono	26969
▁pygamber	26970
公司	26971
▁Split	26972
▁spel	26973
ಕೋ	26974
▁chquiwäch	26975
▁disorders	26976
▁guards	26977
▁tragedy	26978
▁crops	26979
▁justify	26980
▁እዋን	26981
▁Pay	26982
▁Person	26983
▁swift	26984
▁businesses	26985
njongo	26986
څ	26987
Ό	26988
▁thabhairt	26989
Did	26990
▁olduğunu	26991
ுங்கள்	26992
▁intellectual	26993
チ	26994
▁ቦታ	26995
▁passengers	26996
▁disposed	26997
▁ᎣᏏᏳ	26998
africa	26999
▁strife	27000
تعاون	27001
▁shower	27002
▁Himself	27003
▁consultations	27004
▁մենք	27005
▁revision	27006
▁Richard	27007
▁ຜິດ	27008
▁которо	27009
愛	27010
last	27011
▁развития	27012
▁lunch	27013
▁oversight	27014
▁harder	27015
▁5]	27016
▁Jeremia	27017
▁ángel	27018
▁individually	27019
▁ñaan	27020
▁Guinea	27021
ily	27022
▁xol	27023
▁faaaogā	27024
▁secretly	27025
▁naught	27026
údará	27027
▁вуласа	27028
▁емес	27029
▁ကိုယ်	27030
▁Nisan	27031
▁mourn	27032
▁°	27033
▁ਕਿਉਂ	27034
▁тӗрӗс	27035
On	27036
cumque	27037
▁finagalo	27038
▁ئۇلاردىن	27039
ัย	27040
▁department	27041
▁SUBJECT	27042
▁courageously	27043
ড়া	27044
▁flower	27045
▁streams	27046
▁člen	27047
▁ýok	27048
主要	27049
اسرائیل	27050
organisation	27051
▁endless	27052
open	27053
ిత	27054
▁تۆڵه	27055
▁holiday	27056
ësch	27057
▁adịghị	27058
ssjoni	27059
take	27060
▁nervous	27061
▁sore	27062
▁tip	27063
▁recipients	27064
▁mailing	27065
ائڻ	27066
1\4	27067
▁Betel	27068
lets	27069
▁powder	27070
谈	27071
▁нерсе	27072
共和国	27073
▁William	27074
▁faaohipa	27075
▁alobaki	27076
▁Sit	27077
▁margin	27078
▁þú	27079
▁טוב	27080
▁حقوق	27081
)]	27082
▁96	27083
▁artikli	27084
▁tents	27085
▁ಹೇಗೆ	27086
digini	27087
pahayag	27088
▁drove	27089
▁өйрәт	27090
▁ruchichßochß	27091
▁1,000	27092
▁ຈິງ	27093
ುವಂತೆ	27094
武器	27095
▁ຄວນ	27096
▁ਪਾ	27097
▁Columbia	27098
▁ace	27099
▁bomb	27100
▁Eroro	27101
ъёсты	27102
▁paint	27103
▁festival	27104
▁loyally	27105
▁ئايەتلىرى	27106
▁Radio	27107
KR	27108
قىلى	27109
另	27110
പര	27111
▁associating	27112
硂	27113
▁indicator	27114
▁WHEN	27115
hatra	27116
▁дедилар	27117
▁picked	27118
ຢາກ	27119
▁customer	27120
估	27121
ध्य	27122
▁یهودا	27123
▁assure	27124
▁ýerin	27125
ناک	27126
▁дигән	27127
▁Event	27128
▁nthawi	27129
▁аизара	27130
ುತ್ತಾನೆ	27131
▁succeeded	27132
Stop	27133
▁intimate	27134
▁Ñu	27135
တွင်	27136
▁organize	27137
▁oxib	27138
ሀ	27139
▁Lower	27140
▁sebabé	27141
komunika	27142
▁परमेश्वरा	27143
onojel	27144
▁Accordingly	27145
視	27146
tric	27147
▁Rådet	27148
▁Sermon	27149
ராக	27150
uojam	27151
▁amháin	27152
▁shock	27153
▁likeness	27154
▁గురించి	27155
▁removal	27156
ied	27157
ጾ	27158
Аллоҳ	27159
tenkßa	27160
▁holiness	27161
80\	27162
▁فضل	27163
һе	27164
▁hey	27165
▁club	27166
ோடு	27167
▁ranks	27168
▁diýip	27169
▁notifications	27170
འདེམས་	27171
ردگارت	27172
▁យក	27173
qinisek	27174
▁xyâlal	27175
▁ᏗᎧᎿᏩᏛᏍᏗ	27176
▁generate	27177
Rename	27178
сор	27179
▁fakamā	27180
▁ending	27181
▁ساکن	27182
ද්ද	27183
▁народ	27184
ழை	27185
გე	27186
欧	27187
▁kristumiu	27188
▁चाल	27189
▁Aware	27190
▁indicating	27191
▁ahayn	27192
▁средств	27193
▁undoubtedly	27194
▁trend	27195
▁vērā	27196
▁अल्लाह	27197
▁හිත	27198
▁lemnak	27199
▁seeming	27200
▁maslahat	27201
▁Face	27202
▁pachamos	27203
ېڭى	27204
▁horns	27205
kozesa	27206
▁expanded	27207
▁expressing	27208
เมื่อ	27209
▁prodotti	27210
▁Damascus	27211
▁romantic	27212
▁gürrüň	27213
forecast	27214
▁ngezi	27215
▁ඇති	27216
▁Sur	27217
供	27218
เจ	27219
▁invoke	27220
▁rob	27221
▁destina	27222
▁34,	27223
▁peers	27224
毒	27225
ไว้	27226
▁finance	27227
คํา	27228
缔约国	27229
▁каласымаш	27230
▁functioning	27231
ибиз	27232
wood	27233
wiąz	27234
▁fekk	27235
▁ինչպես	27236
▁orientation	27237
▁တော့	27238
▁shout	27239
▁चित्र	27240
▁Atlantic	27241
元	27242
▁Actions	27243
▁getir	27244
▁հարց	27245
just	27246
校	27247
פי	27248
危	27249
مىغان	27250
▁examining	27251
▁Especially	27252
▁Pause	27253
▁damaged	27254
▁unwise	27255
▁trigger	27256
▁Gad	27257
▁overwrite	27258
▁ишеним	27259
▁infection	27260
▁mbeti	27261
▁despised	27262
មា	27263
生活	27264
▁ٻئي	27265
▁അവര	27266
▁illustrated	27267
确保	27268
ματος	27269
▁Meanwhile	27270
cut	27271
▁гына	27272
вір	27273
▁diberi	27274
xcamsi	27275
▁Isṛail	27276
▁кулэ	27277
▁エホバ	27278
▁элч	27279
▁admonished	27280
▁uJehova	27281
ադ	27282
عرض	27283
▁oppressed	27284
資	27285
象	27286
อีก	27287
▁یوسف	27288
▁עם	27289
▁guardian	27290
▁fruitful	27291
▁excited	27292
▁tour	27293
▁arrange	27294
▁oaths	27295
▁Joab	27296
မျိုး	27297
▁dicens	27298
▁pursuits	27299
▁internacional	27300
▁እኳ	27301
ბთ	27302
▁friendships	27303
▁நட	27304
▁parse	27305
Get	27306
▁avoiding	27307
ไม่ได้	27308
▁foremost	27309
ลง	27310
▁Bõtab	27311
ிருப்ப	27312
▁Become	27313
ooyin	27314
传	27315
全球	27316
ຽງ	27317
根	27318
▁Bur	27319
ước	27320
▁एकटा	27321
▁ឧបករណ៍	27322
ಬಹುದು	27323
订	27324
▁ግና	27325
▁artigo	27326
▁Għal	27327
▁período	27328
osios	27329
妈	27330
▁замин	27331
ಲಿಲ್ಲ	27332
▁stating	27333
▁amongst	27334
▁concrete	27335
φέρ	27336
▁ئاگادار	27337
▁Cat	27338
▁cited	27339
джытӕ	27340
ння	27341
▁forecast	27342
▁ponder	27343
▁imported	27344
▁unemployment	27345
mbimbiliya	27346
▁bell	27347
ിലും	27348
▁ինձ	27349
▁hesitate	27350
▁virus	27351
▁attempts	27352
▁editing	27353
▁thrust	27354
ኙ	27355
▁دەرگاھى	27356
born	27357
▁Бү	27358
▁18;	27359
oodii	27360
പ്ര	27361
▁NO	27362
çä	27363
▁זאָל	27364
周	27365
▁táwọn	27366
▁lovely	27367
Yesu	27368
▁enterprises	27369
▁समय	27370
▁HAVE	27371
▁passion	27372
▁ئوي	27373
▁neighborhood	27374
▁83	27375
▁тый	27376
▁Draft	27377
▁%1:	27378
▁बहुत	27379
▁Drag	27380
▁representation	27381
▁unfaithful	27382
▁таңда	27383
آسمانن	27384
▁miraculously	27385
▁masters	27386
息	27387
▁rotation	27388
得到	27389
ण्यास	27390
▁guarantees	27391
▁needle	27392
▁Bin	27393
gbọ	27394
réntah	27395
▁funeral	27396
▁1989	27397
ブ	27398
▁khác	27399
ട്ടി	27400
Π	27401
Φ	27402
▁Hor	27403
Indeed	27404
▁exert	27405
ficient	27406
ന്മാര	27407
▁deposit	27408
犯	27409
▁фил	27410
▁97	27411
нуң	27412
▁papild	27413
中心	27414
tle	27415
▁Extension	27416
▁intend	27417
▁Ntango	27418
▁komuni	27419
▁thence	27420
▁ਕੁਝ	27421
▁Argentina	27422
存在	27423
▁findings	27424
▁protects	27425
▁quixbânu	27426
▁mold	27427
onjila	27428
▁созда	27429
▁регион	27430
snitt	27431
地方	27432
▁shake	27433
▁လေ	27434
▁sexually	27435
▁ڕزگار	27436
▁eligible	27437
▁liver	27438
▁mmụọ	27439
▁86	27440
觉	27441
ыць	27442
▁flash	27443
მსახურ	27444
▁thorns	27445
▁palace	27446
够	27447
even	27448
▁lame	27449
роқ	27450
ಾಗಿರುವ	27451
ज्	27452
▁enabling	27453
▁infected	27454
ੈਂ	27455
▁sabiex	27456
هێنن	27457
▁သင့်	27458
申	27459
▁checks	27460
▁overwhelming	27461
▁இது	27462
መንፈሳዊ	27463
デ	27464
▁relativa	27465
▁nữa	27466
Try	27467
حڪم	27468
▁ужурлуг	27469
備	27470
▁unnecessary	27471
早	27472
▁بلڪ	27473
▁ਕਰਦੇ	27474
▁تیر	27475
▁nadai	27476
maakt	27477
द्र	27478
▁chanchan	27479
▁Ed	27480
▁Refresh	27481
▁ഉണ്ട	27482
▁دیں	27483
▁authorized	27484
▁happier	27485
▁ਤਰ੍ਹਾਂ	27486
▁Европ	27487
▁በለ	27488
À	27489
几	27490
▁realistic	27491
▁команд	27492
▁fearful	27493
▁նաեւ	27494
ӵ	27495
tultuloy	27496
房	27497
▁სამ	27498
▁weeds	27499
Left	27500
▁SE	27501
▁Char	27502
▁kenkuana	27503
展	27504
▁slept	27505
ոյ	27506
▁دین	27507
▁Words	27508
Ł	27509
amine	27510
٢	27511
▁Evropsk	27512
▁эскер	27513
▁որը	27514
▁aktual	27515
▁ہوگا	27516
サ	27517
▁confronted	27518
alajisa	27519
▁ilisima	27520
▁ocean	27521
▁Babilon	27522
事务	27523
▁demon	27524
▁mirror	27525
iff	27526
▁democratic	27527
▁Finance	27528
▁சம	27529
▁қавми	27530
转	27531
▁headed	27532
▁ئازابى	27533
▁adversity	27534
▁deception	27535
ቻቸው	27536
▁confused	27537
ャ	27538
เห็น	27539
▁үткә	27540
ózhǫ	27541
▁afflict	27542
▁njenge	27543
▁Whenever	27544
▁legally	27545
▁тулд	27546
گذر	27547
▁largely	27548
▁spraw	27549
tuhoy	27550
▁Drop	27551
▁honored	27552
▁killer	27553
▁artículo	27554
▁stroke	27555
▁පො	27556
ILI	27557
▁matakainaga	27558
▁Days	27559
▁uncle	27560
▁ھىدايەت	27561
▁wastebasket	27562
יב	27563
ишлари	27564
▁ebintu	27565
៥	27566
▁ýagdaý	27567
▁gukora	27568
▁jinn	27569
৩	27570
ໃຈ	27571
▁tshama	27572
▁đấy	27573
khalidwe	27574
ाची	27575
▁expose	27576
▁honesty	27577
▁Markaasaa	27578
▁restart	27579
▁ແກ່	27580
▁strip	27581
▁Automatically	27582
▁Honor	27583
▁Ісус	27584
Ω	27585
▁օգն	27586
▁accommodation	27587
▁Isn	27588
▁availability	27589
▁faapefea	27590
▁Expand	27591
▁ڪيوسون	27592
ಿಕೊಂಡ	27593
ቈ	27594
ech	27595
த்தின்	27596
活	27597
▁Simple	27598
▁йоҥылыш	27599
▁locally	27600
SC	27601
▁depending	27602
märk	27603
▁Babilonia	27604
盟	27605
▁Rabbigu	27606
▁graphical	27607
▁Seed	27608
šanās	27609
▁Wastebasket	27610
▁ڇڏي	27611
▁Advisory	27612
▁facility	27613
政治	27614
▁ပုံ	27615
▁Progress	27616
▁mashkar	27617
▁Jesse	27618
▁fakamooli	27619
ാകുന്നു	27620
▁xbânunquil	27621
▁þeir	27622
給	27623
▁период	27624
کنید	27625
▁Luxembourg	27626
▁cart	27627
▁سڏي	27628
▁jëm	27629
▁secrets	27630
▁آواز	27631
▁Cross	27632
▁burdens	27633
▁iyagoo	27634
▁publisher	27635
▁biniyé	27636
▁medidas	27637
▁manusia	27638
▁moments	27639
▁achievement	27640
▁بەرگەن	27641
▁гап	27642
▁katawohan	27643
စ္	27644
üyü	27645
▁Reflect	27646
▁معلوم	27647
▁84	27648
▁uhinga	27649
▁bath	27650
▁selecting	27651
▁гөнаһ	27652
▁Unicode	27653
▁drinks	27654
▁այլ	27655
▁Six	27656
▁سنگ	27657
ď	27658
▁circle	27659
▁lilongisa	27660
▁racial	27661
▁jëf	27662
▁achieving	27663
ళ్ళ	27664
▁decline	27665
▁Dutch	27666
iški	27667
تحقيق	27668
▁Kill	27669
▁exemption	27670
▁کھا	27671
▁likoló	27672
这种	27673
▁ingoa	27674
▁Ram	27675
讓	27676
२	27677
ਐ	27678
யில்	27679
▁Аллаһудан	27680
әчәк	27681
▁nindakké	27682
▁insulin	27683
▁persecute	27684
▁liquid	27685
▁Banakristo	27686
РА	27687
▁unexpectedly	27688
వాడు	27689
▁measuring	27690
され	27691
▁generosity	27692
വർ	27693
▁buying	27694
▁mbilimbili	27695
▁tall	27696
▁איבער	27697
▁ຊາຍ	27698
▁អេ	27699
▁Nazi	27700
一起	27701
初	27702
ੜ੍ਹ	27703
▁clients	27704
▁Mass	27705
▁sekeda	27706
▁shore	27707
▁ទទួល	27708
nzvimbo	27709
▁États	27710
▁patriarch	27711
▁nkhani	27712
ට්	27713
फ्	27714
一次	27715
车	27716
temperatur	27717
ທີ່	27718
▁xcßabaß	27719
▁Owner	27720
▁луэ	27721
▁чүү	27722
▁មក	27723
ाचे	27724
▁arrives	27725
▁रूप	27726
▁گئے	27727
争	27728
▁Opening	27729
▁Pattern	27730
▁Bonobo	27731
▁chakßrab	27732
knowing	27733
capacit	27734
റു	27735
Previous	27736
ებულ	27737
ावे	27738
▁ចំពោះ	27739
▁estimate	27740
ਿਕ	27741
under	27742
▁amendment	27743
SIMHE	27744
วัน	27745
地区	27746
▁sown	27747
▁Given	27748
▁Mike	27749
▁ಏನ	27750
▁servers	27751
▁און	27752
▁kamatayon	27753
▁cherish	27754
▁Short	27755
ឹម	27756
▁battery	27757
▁Може	27758
▁تارت	27759
ఘ	27760
▁USED	27761
▁criminals	27762
非洲	27763
▁Congo	27764
▁belonged	27765
uous	27766
▁chariot	27767
▁Ancient	27768
עד	27769
减	27770
At	27771
▁úr	27772
▁қолдан	27773
▁Throughout	27774
áadoo	27775
▁جوان	27776
	27777
▁Evil	27778
▁apositolo	27779
ರಲ್ಲಿ	27780
▁patterns	27781
▁Samaritan	27782
▁memberikan	27783
训	27784
▁accuracy	27785
▁comprend	27786
▁1980	27787
̌	27788
І	27789
ហ្គ	27790
林	27791
▁emails	27792
მვ	27793
▁хъуыды	27794
▁κοιν	27795
▁ସମ୍ପର୍କ	27796
▁بېرىل	27797
▁Jijej	27798
▁نعمت	27799
เอา	27800
▁Transport	27801
▁tirhisa	27802
▁ultimate	27803
▁барча	27804
▁investments	27805
▁converted	27806
▁Armies	27807
▁мүмкүн	27808
▁melihat	27809
▁mobimba	27810
fold	27811
unc	27812
სრულ	27813
▁shopping	27814
တူ	27815
▁District	27816
充	27817
▁certifica	27818
▁функц	27819
oph	27820
▁App	27821
ଗ୍ର	27822
▁Events	27823
▁recited	27824
▁Federation	27825
ost	27826
▁identifying	27827
▁movements	27828
hearted	27829
▁мөэминнәр	27830
审	27831
▁pletic	27832
▁suck	27833
▁smote	27834
▁ଉପ	27835
▁ວິທີ	27836
▁күрен	27837
▁Clean	27838
▁exceedingly	27839
▁males	27840
▁proving	27841
▁thirst	27842
▁springs	27843
牙	27844
▁ತಮ್ಮ	27845
▁greatness	27846
群	27847
▁قىلغۇچى	27848
▁பைபிள	27849
rick	27850
▁evildoers	27851
▁Wektu	27852
▁ਬਹੁਤ	27853
gång	27854
▁bridge	27855
▁सेवा	27856
šķir	27857
▁bars	27858
▁ਮਸੀਹ	27859
▁dragon	27860
▁तुम्हाला	27861
拜	27862
▁terhadap	27863
▁Israël	27864
▁lightning	27865
▁25]	27866
▁кейин	27867
बद्दल	27868
▁ज्या	27869
气	27870
ঈ	27871
ತ್ತು	27872
ခင်	27873
▁තියෙන	27874
▁cultivating	27875
▁Nhưng	27876
▁نفر	27877
▁inactive	27878
ायला	27879
▁liberal	27880
▁assign	27881
▁Into	27882
▁disappear	27883
▁artist	27884
▁ខ្ញុំ	27885
▁IDOSIYE	27886
หน้า	27887
διο	27888
ኩም	27889
▁ram	27890
花	27891
▁disposition	27892
▁नवीन	27893
停	27894
▁institutional	27895
▁propaganda	27896
▁չի	27897
▁renewed	27898
▁кылдыр	27899
ឯ	27900
▁Wisdom	27901
▁մարդկանց	27902
▁Millions	27903
▁Maintain	27904
▁адрес	27905
กระ	27906
▁чорук	27907
▁rank	27908
▁Korah	27909
▁tight	27910
▁അറിയ	27911
▁precise	27912
(4)	27913
▁ئۆل	27914
▁worthless	27915
健	27916
▁também	27917
opay	27918
▁билип	27919
▁നല്	27920
ທີ	27921
▁imitating	27922
▁šī	27923
កម្ម	27924
▁Gịnị	27925
▁scan	27926
▁چشم	27927
▁ٻاجھ	27928
▁2007,	27929
▁ngëm	27930
落	27931
វី	27932
▁barren	27933
▁addressing	27934
▁Cell	27935
▁trafficking	27936
▁disorder	27937
ခြား	27938
▁13]	27939
Ex	27940
▁ҳақида	27941
▁դա	27942
▁برد	27943
ҷо	27944
▁collective	27945
▁жаткан	27946
▁لیا	27947
▁Presidente	27948
▁ӕнӕ	27949
▁Adjust	27950
▁overlook	27951
▁Вә	27952
▁praw	27953
▁Syrian	27954
▁sport	27955
▁Nick	27956
argent	27957
▁centres	27958
▁اولاد	27959
үбүз	27960
なら	27961
select	27962
▁attach	27963
一切	27964
ýandygy	27965
ect	27966
مٿن	27967
▁defence	27968
伯	27969
၉	27970
▁fiery	27971
▁jù	27972
▁айткан	27973
ադր	27974
▁مېنىڭ	27975
its	27976
▁آدم	27977
ಗಿ	27978
▁ਪਹਿਲ	27979
▁അദ്ദേഹ	27980
▁Building	27981
▁Icons	27982
▁بلند	27983
ics	27984
▁73	27985
▁Прав	27986
▁stages	27987
▁dating	27988
▁սիր	27989
▁Week	27990
▁Unidas	27991
▁grants	27992
▁എല്ലാ	27993
▁democracy	27994
ulate	27995
▁faatatau	27996
▁Based	27997
▁humanity	27998
▁mentions	27999
▁pp	28000
▁Length	28001
нарын	28002
击	28003
▁ख़ुदा	28004
▁Kommisjonen	28005
▁Exchange	28006
▁вопросам	28007
▁трос	28008
▁ພໍ່	28009
▁31:	28010
▁massive	28011
▁anguish	28012
▁отношении	28013
▁международно	28014
စေ	28015
▁interview	28016
▁statistical	28017
▁jẹ	28018
▁милемлы	28019
表示	28020
▁URLs	28021
▁aims	28022
▁walks	28023
▁ժողով	28024
භා	28025
▁Redo	28026
▁structural	28027
درا	28028
▁vetiya	28029
▁ከምዚ	28030
uel	28031
▁Learning	28032
၅	28033
▁Klarte	28034
パ	28035
▁මගේ	28036
ార్థ	28037
▁stations	28038
avi	28039
其中	28040
▁accuse	28041
▁offend	28042
rsior	28043
▁Modern	28044
▁ເວລາ	28045
seguro	28046
▁babies	28047
▁чүнү	28048
▁introdu	28049
▁Permanent	28050
ssembl	28051
▁ថ្មី	28052
▁desiring	28053
▁judging	28054
▁deleting	28055
▁fever	28056
▁ìyẹn	28057
▁ਮਿਲ	28058
▁ਹੋਣ	28059
▁ኢሉ	28060
▁tough	28061
▁tzûl	28062
▁Ctrl	28063
▁peak	28064
Replace	28065
▁WAS	28066
▁ඔයාට	28067
Happy	28068
▁beam	28069
နား	28070
▁jump	28071
▁किंवा	28072
izvozvo	28073
▁thanksgiving	28074
▁kanjani	28075
▁devote	28076
▁asset	28077
what	28078
▁sole	28079
ಚ್ಚ	28080
▁Ewropew	28081
ŵiri	28082
▁cßanjel	28083
▁symbols	28084
saysay	28085
▁Layout	28086
▁kasingkasing	28087
▁2,000	28088
▁ပို	28089
▁identifies	28090
ojmë	28091
และ	28092
نداسون	28093
▁goat	28094
▁Rate	28095
▁practiced	28096
▁гэдэг	28097
▁donation	28098
▁alter	28099
Man	28100
fish	28101
▁montré	28102
▁бүзүре	28103
Ў	28104
▁owners	28105
▁Anyone	28106
▁lamps	28107
▁persuaded	28108
▁ርእ	28109
ache	28110
▁قۇر	28111
▁اورشلیم	28112
▁これ	28113
▁kupange	28114
作为	28115
▁බව	28116
တတ်	28117
▁chicuu	28118
sign	28119
لىپ	28120
▁طور	28121
▁filling	28122
▁Tray	28123
▁boundaries	28124
結	28125
نگی	28126
batsira	28127
иңер	28128
▁Vice	28129
▁91	28130
▁statusbar	28131
▁sözleri	28132
ologist	28133
▁Greeks	28134
▁30,	28135
▁transportation	28136
۰	28137
▁ասաց	28138
▁යන්න	28139
ుకొని	28140
▁көч	28141
▁visibility	28142
▁спец	28143
▁Police	28144
▁abụọ	28145
▁Жо	28146
▁chaste	28147
▁seated	28148
▁thật	28149
▁taikom	28150
▁exhortation	28151
▁pipe	28152
fanele	28153
ऐ	28154
▁кӕнӕм	28155
ುತ್ತಾರೆ	28156
▁crush	28157
▁Saying	28158
help	28159
▁foster	28160
▁purchased	28161
▁fewer	28162
▁šali	28163
▁bowed	28164
母	28165
▁مۇشرىك	28166
▁approve	28167
▁Ẹlé	28168
▁belly	28169
▁تاپ	28170
మని	28171
ట్టు	28172
▁phuv	28173
▁ụtọ	28174
abilir	28175
ush	28176
▁alien	28177
▁Input	28178
▁dumb	28179
▁Museum	28180
▁eýer	28181
▁lib	28182
▁правительств	28183
▁ప్రతి	28184
ှာ	28185
▁Store	28186
▁Shortcut	28187
▁boldly	28188
ترین	28189
వారి	28190
▁ndakisa	28191
▁Communities	28192
▁honestly	28193
ୈ	28194
▁trên	28195
▁hơn	28196
▁قسه	28197
▁permits	28198
▁doktor	28199
▁evaluate	28200
फि	28201
ตาม	28202
▁surprising	28203
ములో	28204
▁44.	28205
▁bareinwõt	28206
▁ယင်း	28207
asp	28208
▁virtual	28209
▁հար	28210
▁forgave	28211
▁Rebekah	28212
▁Reply	28213
長	28214
▁adamlaryň	28215
▁ነዚ	28216
▁dalies	28217
▁formula	28218
▁Serbia	28219
▁رحمت	28220
▁ھدايت	28221
יין	28222
people	28223
ыңыз	28224
▁citizen	28225
▁meals	28226
呼	28227
ناسان	28228
▁شاد	28229
੍	28230
▁distressed	28231
▁ଅନୁ	28232
ാതെ	28233
▁ruined	28234
▁terrorist	28235
▁restaurant	28236
▁ceased	28237
▁üzgär	28238
▁acceptance	28239
碼	28240
▁keybinding	28241
▁Button	28242
వర్	28243
שפּ	28244
▁billions	28245
یاخود	28246
▁flour	28247
▁membership	28248
5)	28249
▁چنان	28250
िंग	28251
”;	28252
清單	28253
▁Agent	28254
担	28255
▁følgende	28256
▁但是	28257
▁тавр	28258
▁catiamẽl	28259
啟	28260
▁commendation	28261
▁reyeb	28262
▁Saatani	28263
Õ	28264
ATE	28265
▁underlying	28266
	28267
▁ultimately	28268
▁maaram	28269
▁losses	28270
▁فریشته	28271
▁fraud	28272
cikozyanyo	28273
▁130	28274
ಓ	28275
端	28276
▁fatal	28277
áanii	28278
ஐ	28279
▁frequent	28280
▁seventy	28281
▁ڪافرن	28282
ములు	28283
▁Fonts	28284
▁قربانی	28285
▁سکتے	28286
▁Thereafter	28287
▁quantities	28288
▁تمہار	28289
▁Қо	28290
میزاد	28291
▁pet	28292
ಳೆ	28293
▁virgins	28294
▁ജന	28295
load	28296
ỉ	28297
▁chooses	28298
ॅ	28299
ച്ചയായും	28300
ダ	28301
▁unselfish	28302
ഠ	28303
▁gladly	28304
After	28305
▁dishonor	28306
▁Disabled	28307
▁globe	28308
bìnrin	28309
▁Charter	28310
▁жок	28311
▁Buddy	28312
▁angelic	28313
myzy	28314
ຝ	28315
▁ianao	28316
▁dried	28317
▁دشمن	28318
▁كۆز	28319
itudine	28320
▁dawk	28321
▁ընդ	28322
▁attracted	28323
▁nest	28324
▁bid	28325
▁usilal	28326
▁шундай	28327
▁secretariat	28328
▁Federal	28329
▁rất	28330
phepha	28331
อด	28332
▁панел	28333
檢	28334
んだ	28335
実	28336
愿	28337
zjoni	28338
▁factory	28339
٠	28340
หนึ่ง	28341
▁වගේ	28342
协调	28343
▁Evidently	28344
▁sustained	28345
▁disputes	28346
▁households	28347
尽	28348
▁slander	28349
ínígíí	28350
▁Baibuli	28351
▁Hol	28352
▁మాట	28353
状	28354
▁suspect	28355
▁Script	28356
▁ūú	28357
▁imagination	28358
▁2006,	28359
inate	28360
▁sworn	28361
▁ukoll	28362
▁biziň	28363
▁39.	28364
▁Complete	28365
▁சில	28366
▁ಪ್ರತಿ	28367
analyse	28368
▁قبول	28369
关系	28370
▁loaves	28371
▁awesome	28372
▁capture	28373
ajām	28374
ندێک	28375
▁патша	28376
▁gambling	28377
▁پاك	28378
▁Friends	28379
▁volunteer	28380
بێ	28381
амиз	28382
▁ژیانی	28383
▁Branch	28384
▁लेख	28385
▁washing	28386
payunir	28387
▁பற்றி	28388
▁maşgala	28389
▁mislead	28390
▁hanging	28391
▁nose	28392
▁refreshment	28393
▁Ñe	28394
▁altogether	28395
▁supervision	28396
▁сўра	28397
▁Amendment	28398
▁classified	28399
▁geographical	28400
▁rachoch	28401
▁қара	28402
▁ресурс	28403
▁99	28404
▁surveillance	28405
▁imprisonment	28406
▁doom	28407
▁ئىنسانلار	28408
value	28409
▁hasn	28410
▁қўрқ	28411
▁بانگ	28412
ぃ	28413
▁भर	28414
6,	28415
May	28416
▁governance	28417
▁resistance	28418
უს	28419
▁Oct	28420
▁solely	28421
▁Money	28422
▁डि	28423
▁encontr	28424
▁satellite	28425
ttività	28426
▁disebut	28427
▁đầu	28428
▁Rahab	28429
▁thread	28430
时间	28431
komplet	28432
▁thin	28433
▁struggling	28434
qiniso	28435
ముగా	28436
▁വീ	28437
Peace	28438
▁ይኽእል	28439
▁dependent	28440
▁relacion	28441
▁نماز	28442
▁equally	28443
▁temporarily	28444
▁intentions	28445
eration	28446
▁translate	28447
▁قورئانه	28448
▁ይኹን	28449
▁haply	28450
▁इतर	28451
理事会	28452
Į	28453
▁jail	28454
▁ពាក្យ	28455
設	28456
ცემ	28457
▁pace	28458
▁ECB	28459
іңіз	28460
▁echo	28461
▁thunder	28462
▁Cyangwa	28463
patnag	28464
▁Road	28465
▁sixty	28466
▁Country	28467
▁locate	28468
యున్న	28469
掉	28470
▁Baruch	28471
ធី	28472
訊	28473
▁деятельности	28474
▁ਕਿਸ	28475
▁Increase	28476
▁refresh	28477
員	28478
▁ڈال	28479
▁ຂໍ້	28480
▁shaken	28481
▁Ýazgylarda	28482
▁լինել	28483
బడిన	28484
▁sheets	28485
▁پرانيستل	28486
▁2004,	28487
▁transaction	28488
▁sink	28489
▁vēl	28490
دوو	28491
▁башкалар	28492
▁surrender	28493
▁ថត	28494
▁Seven	28495
▁lofty	28496
▁UBS	28497
▁စကား	28498
▁Elizabeth	28499
▁moderate	28500
财	28501
▁ADOPTED	28502
▁verification	28503
nivîs	28504
ƒ	28505
ுதல்	28506
▁knees	28507
▁injured	28508
▁كېل	28509
必	28510
ங்கு	28511
▁Bug	28512
▁Shift	28513
ଡ଼	28514
▁كىمكى	28515
举	28516
លី	28517
▁invites	28518
▁వచ్చి	28519
▁lumia	28520
▁transformed	28521
யும்	28522
▁нарсани	28523
▁opplysninger	28524
▁Preparing	28525
▁Register	28526
▁höküm	28527
▁judgement	28528
វា	28529
▁Оё	28530
▁ഉപ	28531
panunot	28532
tzßâma	28533
ايىتى	28534
טר	28535
▁Коринф	28536
▁wepaly	28537
▁ဟာ	28538
▁multiplied	28539
▁pledge	28540
▁farmer	28541
▁شوێنی	28542
▁ତାଲିକା	28543
▁ciento	28544
▁skill	28545
▁pile	28546
▁ýetir	28547
▁committing	28548
▁thành	28549
▁возможно	28550
▁Overwrite	28551
▁interfere	28552
▁mess	28553
▁matches	28554
дошт	28555
▁Prime	28556
▁seas	28557
روون	28558
▁பல	28559
医	28560
▁ಇಲ್ಲ	28561
▁ដល់	28562
▁enormous	28563
▁Framework	28564
▁respecting	28565
పై	28566
▁breaks	28567
▁යෙහෝවා	28568
▁ሓቂ	28569
▁Reminder	28570
▁рәхмәт	28571
▁boonse	28572
▁preparations	28573
▁Break	28574
▁đề	28575
▁ନୂତନ	28576
▁Activ	28577
▁laakiin	28578
▁យេស៊ូ	28579
▁mautinoa	28580
▁Afghanistan	28581
▁concentrate	28582
▁ਕੋਈ	28583
▁uýalar	28584
▁නිසා	28585
▁constructed	28586
ிட	28587
▁murdered	28588
▁калган	28589
▁awaiting	28590
▁Ооң	28591
กําลัง	28592
▁replacement	28593
居	28594
▁Mboni	28595
▁discharge	28596
▁proclaimers	28597
▁ọkàn	28598
▁በዚ	28599
ებოდა	28600
użu	28601
▁electric	28602
▁çalış	28603
▁fullscreen	28604
▁cooper	28605
▁secund	28606
▁instruct	28607
▁tempt	28608
aasut	28609
▁severely	28610
▁अंत	28611
▁ўзга	28612
rc	28613
▁كۈندە	28614
नंतर	28615
▁ಬಂದ	28616
审议	28617
வெளி	28618
▁гӕсгӕ	28619
ਦੋਂ	28620
▁tmurt	28621
இ	28622
▁plug	28623
okenn	28624
ଥାଏ	28625
▁gateway	28626
▁incoming	28627
చేసి	28628
▁continuous	28629
▁قىلسا	28630
▁carries	28631
▁“‘	28632
▁hinungdan	28633
make	28634
▁placing	28635
▁Filename	28636
▁weird	28637
▁SA	28638
▁mendapat	28639
▁legitimate	28640
▁جیا	28641
▁thrilling	28642
▁Dhulka	28643
派	28644
▁బైబిలు	28645
▁2001,	28646
▁marine	28647
ಗಳಿಗೆ	28648
▁encryption	28649
ਾਓ	28650
กว่า	28651
▁mischief	28652
▁2005,	28653
▁چوڭ	28654
Parlament	28655
Ad	28656
▁thôi	28657
▁falsely	28658
▁(19	28659
▁မိမိ	28660
有效	28661
▁iespēja	28662
▁scheduled	28663
▁tract	28664
▁Gabriel	28665
気	28666
hibaro	28667
▁expecting	28668
▁senior	28669
▁pressing	28670
▁ажил	28671
▁drowned	28672
def	28673
▁lɣaci	28674
▁Athens	28675
▁generated	28676
▁recalled	28677
▁fortune	28678
▁против	28679
▁ዓይነት	28680
瓦	28681
Even	28682
ಂಟ	28683
▁memper	28684
▁စွာ	28685
ዜ	28686
兒	28687
▁കണ്ട	28688
▁computers	28689
▁ពិត	28690
▁ìwà	28691
▁Pack	28692
ināšana	28693
▁kingship	28694
▁ապա	28695
పెట్ట	28696
▁humbled	28697
▁jigéen	28698
▁informal	28699
▁determines	28700
ලු	28701
▁башта	28702
▁ਜੀ	28703
▁របៀប	28704
▁समा	28705
چوون	28706
▁châcuu	28707
▁Zealand	28708
▁билдир	28709
▁seduai	28710
спользова	28711
▁resting	28712
头	28713
▁לײענען	28714
▁bother	28715
▁Ким	28716
ဖိုင်	28717
▁װאָס	28718
▁Might	28719
▁նոր	28720
▁Alpha	28721
▁chains	28722
▁සිටි	28723
▁ອັນ	28724
▁petition	28725
▁асуу	28726
ዪ	28727
▁Ready	28728
▁tire	28729
▁چيائون	28730
▁arkaly	28731
▁offr	28732
வரை	28733
300	28734
▁stir	28735
Move	28736
char	28737
oz	28738
▁Want	28739
▁substantial	28740
▁нозил	28741
▁ተስፋ	28742
▁ಕೇಳ	28743
▁shade	28744
անալ	28745
▁quoque	28746
▁រូបភាព	28747
▁psalm	28748
▁misava	28749
uyoo	28750
▁elected	28751
▁Documentation	28752
బి	28753
aslemal	28754
sebenza	28755
rac	28756
▁supreme	28757
▁które	28758
▁poly	28759
ایسے	28760
ပေး	28761
▁êrib	28762
ಿಸಲು	28763
▁onoono	28764
▁ilumoor	28765
▁Design	28766
Make	28767
▁текст	28768
cr	28769
ýarlar	28770
▁exclusively	28771
▁людей	28772
▁Include	28773
包	28774
image	28775
number	28776
▁tempered	28777
▁ваъда	28778
▁улон	28779
▁Crime	28780
▁GDM	28781
▁descend	28782
▁straipsnis	28783
▁themes	28784
▁barrier	28785
▁faint	28786
而且	28787
▁aChrétien	28788
▁Regular	28789
▁Camp	28790
ماڭلار	28791
▁Spacing	28792
▁nyebut	28793
कृत	28794
▁nembiak	28795
gent	28796
▁desperate	28797
▁ماڭا	28798
▁günä	28799
▁array	28800
▁bedroom	28801
▁گڏ	28802
▁स्थान	28803
语	28804
▁banned	28805
▁magnificent	28806
တို့ကို	28807
▁Boaz	28808
▁detected	28809
พูด	28810
▁Restart	28811
▁giveth	28812
governmental	28813
▁greet	28814
▁manipud	28815
дзӕ	28816
▁शिक	28817
ących	28818
▁36.	28819
▁Fast	28820
▁פּאַפּקע	28821
▁22;	28822
▁күч	28823
англ	28824
▁empowered	28825
▁Workspace	28826
অ	28827
▁Officer	28828
ntshwa	28829
▁expelled	28830
प्रमाणे	28831
တိုင်း	28832
▁aupito	28833
▁учир	28834
版	28835
▁алайҳиссалом	28836
informazzjoni	28837
▁volont	28838
magazini	28839
ເຫຼົ່າ	28840
▁2003,	28841
ཙ	28842
▁transparent	28843
pt	28844
▁situated	28845
▁Wood	28846
▁እሞ	28847
ocisola	28848
答	28849
第一	28850
کردنه	28851
▁77	28852
▁तुमच्या	28853
排	28854
底	28855
▁Creating	28856
▁люд	28857
▁gang	28858
یاں	28859
▁secretary	28860
▁Joy	28861
ೊಂದಿಗೆ	28862
▁लोकांना	28863
۴	28864
ುತ್ತಾ	28865
▁badness	28866
门	28867
asse	28868
▁sendiri	28869
▁Month	28870
▁Strategy	28871
▁Recently	28872
▁jitõb	28873
瑞	28874
▁brake	28875
▁prohibited	28876
▁implies	28877
▁نیشانه	28878
▁Whose	28879
▁pulled	28880
▁CAN	28881
▁Arthur	28882
▁глав	28883
▁Inc	28884
▁սովոր	28885
▁چاك	28886
举行	28887
▁2008,	28888
сың	28889
▁Boy	28890
▁люди	28891
▁ਲਿਖ	28892
程序	28893
rr	28894
▁Merge	28895
える	28896
写	28897
య్య	28898
ដែ	28899
▁Asian	28900
▁passes	28901
ball	28902
DR	28903
لىرىگە	28904
▁marriages	28905
▁allocated	28906
▁Kanian	28907
▁PDF	28908
уучу	28909
▁volumino	28910
▁Whosoever	28911
▁conquered	28912
▁thieves	28913
ვინ	28914
▁ነገራት	28915
▁accurately	28916
▁convenient	28917
▁Fish	28918
▁formation	28919
ाचा	28920
▁រក	28921
▁Jakob	28922
▁blog	28923
life	28924
▁veil	28925
▁жой	28926
▁vairāk	28927
▁upward	28928
ஓ	28929
▁matamua	28930
▁Kâcua	28931
▁transgressors	28932
эргэ	28933
▁channels	28934
▁fiefia	28935
▁nunjukka	28936
▁görä	28937
▁факт	28938
▁mock	28939
▁Technology	28940
▁राज्य	28941
价	28942
▁attributes	28943
ează	28944
сьёс	28945
▁pengerindu	28946
▁striking	28947
▁Shepherd	28948
▁grab	28949
▁railway	28950
▁Iswidish	28951
▁Tyre	28952
メ	28953
ುಕೊಳ್ಳ	28954
▁pamusoro	28955
▁மிக	28956
▁Timoti	28957
▁Mc	28958
▁Chart	28959
び	28960
▁weighed	28961
ფვ	28962
▁இயேசு	28963
▁6]	28964
▁għad	28965
▁processed	28966
素	28967
▁şol	28968
▁उपयोग	28969
▁Anyị	28970
▁Mobile	28971
▁kiseera	28972
▁responding	28973
▁کړکۍ	28974
▁copying	28975
▁kick	28976
▁Evening	28977
▁убак	28978
▁Institu	28979
ense	28980
▁Lessons	28981
▁valsts	28982
▁അതു	28983
▁эсла	28984
深	28985
▁stakeholders	28986
▁greeting	28987
did	28988
▁Obviously	28989
▁outset	28990
▁प्रेम	28991
▁Important	28992
▁practicing	28993
▁Album	28994
人民	28995
പ്പോള്	28996
១	28997
▁infant	28998
▁mercado	28999
火	29000
质	29001
取得	29002
部门	29003
anggep	29004
ச்சி	29005
▁Caribbean	29006
▁പരി	29007
▁چىقىرى	29008
▁būtu	29009
▁caption	29010
▁fakapotopotoga	29011
推	29012
ांची	29013
▁NOT	29014
▁hired	29015
▁ڪيائين	29016
▁resurrect	29017
▁comprehend	29018
ातील	29019
▁unrighteousness	29020
ாலும்	29021
▁Products	29022
▁kachalal	29023
▁ئېلىپ	29024
ዀኑ	29025
▁Aboobo	29026
▁كىشى	29027
▁сүнс	29028
▁Los	29029
▁призна	29030
▁puarahi	29031
▁fakalavelave	29032
▁investiga	29033
▁связи	29034
▁پڙھ	29035
▁vimue	29036
▁мүмкін	29037
▁whereby	29038
▁expansion	29039
▁ياردەم	29040
▁வேண்டும்	29041
▁тормыш	29042
ಕ್ಕಾಗಿ	29043
▁happily	29044
▁ajoqersu	29045
▁dramatic	29046
▁geçir	29047
▁ungrateful	29048
▁سنوور	29049
▁Modified	29050
▁unfair	29051
▁त्यांनी	29052
▁calculate	29053
▁comforts	29054
▁Jim	29055
▁arrows	29056
Ր	29057
tern	29058
介	29059
▁yongola	29060
▁گردید	29061
▁supplement	29062
ЫР	29063
▁शकतो	29064
dium	29065
▁dzīv	29066
▁grapes	29067
נעם	29068
▁nhiều	29069
▁Tribunal	29070
▁वर्ष	29071
▁Rec	29072
▁Lisbon	29073
▁positiv	29074
daşlar	29075
▁पुर	29076
▁Berlin	29077
▁fingers	29078
▁exceptional	29079
▁Ammon	29080
zumanana	29081
▁trespass	29082
▁wire	29083
因此	29084
▁Alt	29085
▁nequeßiloc	29086
▁pump	29087
▁reader	29088
ไม	29089
▁Bye	29090
▁Prince	29091
▁شتانه	29092
▁xchßôleb	29093
▁lonely	29094
▁Авраам	29095
▁noonu	29096
▁инсон	29097
ଂ	29098
▁Yakobo	29099
▁işleri	29100
▁multiply	29101
სიტყვ	29102
▁loans	29103
▁نشانی	29104
unk	29105
▁қилса	29106
▁Indonesia	29107
nces	29108
▁[2]	29109
▁favorable	29110
▁imperfections	29111
▁Ishmael	29112
പോലെ	29113
▁Exalted	29114
გამ	29115
▁observance	29116
▁Join	29117
▁contend	29118
▁ತೋರಿಸ	29119
▁você	29120
meðferð	29121
禁	29122
▁Komisijos	29123
▁mistaken	29124
teth	29125
▁eastern	29126
▁Books	29127
ళ	29128
▁wondering	29129
▁ойлго	29130
▁Hierusalem	29131
吃	29132
▁मार्ग	29133
▁commissioned	29134
merciful	29135
▁calculation	29136
▁контрол	29137
▁ನಂಬ	29138
▁migration	29139
▁pillar	29140
▁UK	29141
▁ناھ	29142
▁MP	29143
▁hereby	29144
rine	29145
వార	29146
▁Rehoboam	29147
izer	29148
极	29149
▁peýda	29150
▁Manual	29151
cast	29152
▁oldest	29153
▁نوح	29154
▁Contract	29155
關	29156
▁Qt	29157
▁COMMISSION	29158
▁heir	29159
▁spared	29160
ybės	29161
▁38.	29162
▁Gri	29163
ibility	29164
ਆਂ	29165
▁insist	29166
▁composition	29167
▁decade	29168
▁intent	29169
▁Geneva	29170
3)	29171
▁rocks	29172
וס	29173
▁Highlight	29174
▁wanting	29175
▁биске	29176
▁68	29177
城	29178
បាន	29179
▁ANNEX	29180
▁Ինչպե	29181
ဓ	29182
▁ski	29183
/10	29184
border	29185
范	29186
▁formats	29187
▁keymap	29188
▁وڏي	29189
ပြင်	29190
▁greedy	29191
百	29192
▁هفت	29193
▁Ibrahim	29194
ుకున్న	29195
▁estimates	29196
▁луоз	29197
▁мукет	29198
ودوا	29199
▁авыр	29200
▁flame	29201
▁Մի	29202
▁توغرا	29203
▁hubungan	29204
▁assault	29205
▁breach	29206
owanie	29207
▁более	29208
▁ດ້ວຍ	29209
雷	29210
▁hence	29211
▁hurry	29212
ifies	29213
▁belt	29214
kufanele	29215
നിന്നു	29216
▁Ingiriis	29217
刚	29218
参与	29219
负	29220
▁nearest	29221
政	29222
▁بىزگە	29223
▁خەۋەر	29224
親	29225
▁missions	29226
ND	29227
▁Snow	29228
▁Teaching	29229
▁console	29230
▁tokolahi	29231
▁Graphics	29232
දෙන	29233
▁interval	29234
▁Constitution	29235
▁daudz	29236
▁forgives	29237
▁Pat	29238
▁reflection	29239
toatoa	29240
▁suburbs	29241
與	29242
click	29243
▁rapporteur	29244
▁neutrality	29245
▁வழி	29246
▁ಮಕ್ಕಳ	29247
▁accepts	29248
▁rental	29249
▁query	29250
cip	29251
▁Eat	29252
▁tied	29253
审查	29254
▁homeland	29255
▁ኽት	29256
ଙ୍ଗ	29257
യിൽ	29258
▁Golden	29259
▁monetary	29260
▁مثال	29261
ters	29262
▁whakaaro	29263
bonakala	29264
观	29265
▁Puerto	29266
▁THAT	29267
▁dare	29268
▁ہیں۔	29269
വരെ	29270
▁advertising	29271
卫	29272
▁אָרט	29273
▁täsir	29274
Direttiva	29275
▁backgrounds	29276
▁transgression	29277
▁Kerisetiano	29278
▁घेत	29279
▁Rain	29280
よう	29281
▁Lithuania	29282
▁ጉባኤ	29283
EØF	29284
play	29285
▁reckoning	29286
讨论	29287
▁ntiyiso	29288
ไหม	29289
▁ఆమె	29290
▁Chixjunil	29291
境	29292
▁orienta	29293
▁ಸಮಯ	29294
įįł	29295
▁Rose	29296
▁дүр	29297
ДА	29298
▁ပြန်	29299
နေ့	29300
▁SSL	29301
▁Psalms	29302
▁mümkin	29303
ಿಗೂ	29304
▁thrilled	29305
▁disobeyed	29306
▁distinct	29307
▁хоёр	29308
▁ပင်	29309
非常	29310
期间	29311
▁competence	29312
▁configured	29313
▁stimulate	29314
▁Bath	29315
▁bulmadı	29316
gui	29317
▁qullanıla	29318
▁лӱмер	29319
▁Night	29320
▁قيامت	29321
▁колдон	29322
▁அல்லது	29323
▁idol	29324
how	29325
▁Theocratic	29326
▁Likely	29327
)."	29328
cuaß	29329
▁fellowship	29330
▁Afterward	29331
▁Giving	29332
▁ýüregi	29333
▁ketegal	29334
▁қилганлар	29335
Ь	29336
▁foundations	29337
▁crack	29338
stone	29339
kómaki	29340
▁innovative	29341
▁овде	29342
▁centered	29343
▁brush	29344
▁20;	29345
▁recording	29346
▁jūs	29347
▁сезнең	29348
▁қилинган	29349
▁coin	29350
▁благо	29351
▁'%1'	29352
▁2002,	29353
▁breadth	29354
wide	29355
ബ്	29356
▁nwee	29357
小组	29358
្រី	29359
▁Record	29360
▁misled	29361
▁Бұл	29362
▁яшә	29363
院	29364
▁Minor	29365
▁fasting	29366
acy	29367
托	29368
ویستی	29369
دېگەن	29370
ਊ	29371
▁سببان	29372
▁decisive	29373
▁sorted	29374
▁Engine	29375
▁outlined	29376
dokument	29377
▁token	29378
▁nationality	29379
نہیں	29380
▁Haman	29381
izzazzjoni	29382
▁illustrates	29383
▁stocks	29384
▁(5)	29385
犯罪	29386
ઝ	29387
▁marvel	29388
▁idle	29389
▁aught	29390
▁który	29391
▁bridegroom	29392
▁occupation	29393
▁marker	29394
▁beware	29395
▁basically	29396
ಟ್	29397
進	29398
gcwele	29399
▁cancelled	29400
prowadz	29401
▁Process	29402
▁argued	29403
▁adhere	29404
▁withhold	29405
▁1970	29406
▁Entry	29407
▁materially	29408
▁Այդ	29409
ЕР	29410
يمىز	29411
▁award	29412
ტრ	29413
▁37.	29414
▁Cyrus	29415
гиз	29416
Mac	29417
▁Keliso	29418
需	29419
زانێت	29420
เสีย	29421
Because	29422
वरील	29423
▁march	29424
▁నీవు	29425
▁announce	29426
▁organs	29427
▁sentenced	29428
▁آگ	29429
▁Together	29430
▁Request	29431
▁yemdanen	29432
▁быгато	29433
ome	29434
▁MB	29435
▁receipt	29436
ပေါင်း	29437
▁instant	29438
▁Reference	29439
▁throat	29440
Vi	29441
▁ibyo	29442
▁lucky	29443
▁1999,	29444
之间	29445
▁Ocean	29446
នី	29447
▁minus	29448
▁Sheet	29449
▁Everlasting	29450
▁Medical	29451
▁physician	29452
▁Sudan	29453
▁allowance	29454
▁იეჰოვა	29455
▁Cornelius	29456
▁Straight	29457
▁cloth	29458
▁аввал	29459
▁Virtual	29460
▁demanding	29461
▁diýen	29462
▁mocked	29463
जवळ	29464
ྔ	29465
▁Sand	29466
▁junjûnk	29467
▁captains	29468
なく	29469
Ү	29470
▁technological	29471
▁Apparently	29472
▁vial	29473
▁respectful	29474
ектер	29475
▁Unsupported	29476
▁عطا	29477
ほ	29478
▁ئېيتقان	29479
▁1988	29480
▁circumcised	29481
▁ကိုယ်တော်	29482
▁Same	29483
▁ccariɛa	29484
▁cojonelab	29485
▁безнең	29486
▁ಸಹಾಯ	29487
Anness	29488
亲	29489
▁Consejo	29490
▁hotels	29491
atory	29492
▁Serve	29493
ტან	29494
▁103	29495
▁صبر	29496
▁Yea	29497
eceği	29498
▁cùng	29499
▁bersama	29500
▁rating	29501
▁ಯೆಹೋವನು	29502
∙	29503
▁Cover	29504
▁keputusan	29505
▁bolmaly	29506
▁මොන	29507
▁ከሎ	29508
▁producer	29509
▁Queßx	29510
▁آس	29511
pajjiż	29512
▁imagined	29513
ked	29514
▁reconciliation	29515
律	29516
▁rarely	29517
▁vutomi	29518
▁89	29519
▁అయితే	29520
▁чиқ	29521
▁Yahudi	29522
代表团	29523
▁Eric	29524
▁egg	29525
▁provider	29526
▁ташла	29527
▁сакла	29528
▁زیادہ	29529
cil	29530
▁embrace	29531
▁అంత	29532
▁فرمود	29533
應	29534
▁blameless	29535
▁Sw	29536
▁prompted	29537
方法	29538
▁ସଂରକ୍ଷଣ	29539
▁21]	29540
▁intelligence	29541
▁liliu	29542
▁gatnaş	29543
▁Bay	29544
▁judío	29545
▁vanity	29546
NG	29547
▁Duplicate	29548
▁accountable	29549
ံ့	29550
▁Feed	29551
関	29552
▁granting	29553
▁lowest	29554
▁Що	29555
▁تعالی	29556
善	29557
▁MY	29558
Send	29559
ssutsi	29560
▁tablet	29561
▁talavou	29562
▁tail	29563
ୌ	29564
เพราะ	29565
▁Kat	29566
әхкыйк	29567
▁69	29568
▁tokouke	29569
els	29570
▁desarrollo	29571
▁horn	29572
▁сўз	29573
▁chair	29574
களின்	29575
ivity	29576
▁bilýär	29577
mble	29578
▁climb	29579
▁بدات	29580
守	29581
▁poll	29582
▁headship	29583
▁techniques	29584
▁ачык	29585
▁ਇੰ	29586
▁agriculture	29587
▁yimue	29588
▁pertain	29589
▁fichièr	29590
▁Maker	29591
▁いう	29592
▁bicycle	29593
▁បើក	29594
▁19;	29595
▁Kenya	29596
ພາບ	29597
▁rhandza	29598
▁политик	29599
Մ	29600
^	29601
▁occasionally	29602
▁Fehler	29603
Up	29604
▁Strong	29605
▁naalagaa	29606
ている	29607
▁orphans	29608
▁मदत	29609
▁Sho	29610
▁fokotu	29611
▁joke	29612
抱	29613
▁nnọọ	29614
▁олдин	29615
ထာဝရဘုရား	29616
▁16]	29617
婚	29618
Ҿ	29619
ake	29620
社	29621
▁impressive	29622
▁Waiting	29623
lock	29624
ngitsumik	29625
▁ئازار	29626
▁సేవ	29627
അ	29628
▁ປະຊຸມ	29629
背	29630
Apertez	29631
give	29632
▁അങ്ങനെ	29633
▁aloud	29634
▁స్వ	29635
uth	29636
ಾಂತ	29637
▁آخر	29638
▁алабыз	29639
▁anggapo	29640
お	29641
▁88	29642
▁contributes	29643
图	29644
૨	29645
▁violate	29646
▁Criminal	29647
▁Damn	29648
▁Estonia	29649
应该	29650
▁immune	29651
▁ngupaya	29652
▁икки	29653
pożizzjoni	29654
hùn	29655
▁Didn	29656
▁commented	29657
Ɣ	29658
依	29659
▁Chron	29660
▁Festival	29661
▁Rasuul	29662
各国	29663
▁Israeli	29664
▁pious	29665
▁strikes	29666
▁corporate	29667
▁grip	29668
▁rail	29669
ற்	29670
▁kuphela	29671
▁ilinniar	29672
Ո	29673
▁diversity	29674
▁fame	29675
▁Encyclopedia	29676
▁Usage	29677
ऑ	29678
▁результат	29679
▁purple	29680
▁manuscripts	29681
▁papatiso	29682
▁Covenant	29683
where	29684
▁ຍ້ອນ	29685
▁candidates	29686
▁steward	29687
ոլ	29688
▁Camera	29689
▁мәңге	29690
▁Pal	29691
▁petitions	29692
▁pose	29693
cßoxla	29694
▁idolaters	29695
▁مقرر	29696
▁chixbânunquil	29697
іші	29698
▁scourge	29699
▁Tetapi	29700
▁deadly	29701
▁vriama	29702
tyczn	29703
▁pairs	29704
弟	29705
fananidz	29706
▁მისი	29707
作出	29708
чунин	29709
始	29710
▁tone	29711
▁DNA	29712
▁käbir	29713
Out	29714
▁curious	29715
▁ဒီ	29716
PC	29717
▁trends	29718
▁retrieve	29719
▁გულ	29720
▁custody	29721
战略	29722
▁cautious	29723
ৌ	29724
▁trace	29725
▁71	29726
▁instances	29727
▁ہدایت	29728
One	29729
▁overtake	29730
▁Collection	29731
วง	29732
▁Database	29733
▁Published	29734
▁testified	29735
副	29736
▁western	29737
▁Repeat	29738
▁Heights	29739
▁dread	29740
кертме	29741
▁अहाँ	29742
▁solemn	29743
IG	29744
▁folafola	29745
ዅ	29746
▁remembering	29747
ದ್ದು	29748
千	29749
▁Nineveh	29750
rank	29751
▁ສໍາຄັນ	29752
▁improvements	29753
▁ដ៏	29754
▁unsupported	29755
▁نۇرغۇن	29756
▁forsaken	29757
▁lawlessness	29758
考虑	29759
▁сўнг	29760
完成	29761
బంధ	29762
▁पाहिजे	29763
▁sounded	29764
▁keen	29765
▁ອະທິ	29766
▁Clock	29767
▁complement	29768
▁tumindak	29769
▁अर्थ	29770
sky	29771
▁למ	29772
▁Attachment	29773
forgiving	29774
错	29775
▁doeth	29776
▁eagle	29777
▁ድሕሪ	29778
யை	29779
▁submissive	29780
▁նույն	29781
▁authors	29782
▁grieving	29783
▁Pop	29784
▁JPEG	29785
▁lombolola	29786
▁ئوقۇ	29787
▁Cast	29788
any	29789
▁ເນ	29790
▁defiled	29791
▁desolation	29792
▁tread	29793
▁anniversary	29794
▁Abigail	29795
▁Goliath	29796
ลูก	29797
▁អស់	29798
ช่วย	29799
▁ንሓ	29800
▁impose	29801
ნდ	29802
▁ජීව	29803
▁ഞാൻ	29804
▁ఎలా	29805
▁enhanced	29806
▁дээн	29807
星	29808
unto	29809
▁Gtk	29810
▁LIFE	29811
▁אַן	29812
bling	29813
കൊണ്ടു	29814
5,000	29815
600	29816
▁unjustly	29817
▁ਲੱਗ	29818
oßcaßin	29819
▁shewed	29820
▁110	29821
";	29822
▁lays	29823
越	29824
▁protest	29825
▁flowing	29826
▁heavily	29827
▁transgressions	29828
ፕ	29829
▁rush	29830
ಿನಲ್ಲಿ	29831
▁boxes	29832
▁immigrants	29833
▁файда	29834
▁ಪ್ರೀತಿ	29835
學	29836
▁coordinate	29837
▁قىلغانلار	29838
人口	29839
▁mpasi	29840
▁observations	29841
▁honorable	29842
▁そう	29843
▁classification	29844
▁назди	29845
グ	29846
师	29847
▁شۇنىڭ	29848
電	29849
▁Shu	29850
tegeera	29851
▁журнал	29852
▁എന്നു	29853
▁persist	29854
▁ապր	29855
开始	29856
▁pàtàkì	29857
朋	29858
▁Loving	29859
▁activate	29860
▁Imitate	29861
each	29862
▁Present	29863
▁rec	29864
▁violations	29865
▁wrapped	29866
left	29867
▁RA	29868
օրինակ	29869
▁exemplary	29870
▁mines	29871
题	29872
▁upange	29873
יס	29874
▁assessed	29875
▁chanqueb	29876
▁يالغان	29877
▁concludes	29878
▁Gehenna	29879
▁grieved	29880
▁norād	29881
▁Specifie	29882
▁yîbanbil	29883
▁эдилар	29884
▁exhausted	29885
▁cream	29886
▁OR	29887
▁Primary	29888
▁Political	29889
เน	29890
▁آئے	29891
▁2009,	29892
▁deliberately	29893
▁Jah	29894
▁ಕೆಲವ	29895
ۋاتقان	29896
▁accession	29897
▁Savior	29898
інің	29899
▁kātoa	29900
ங்கி	29901
▁خوب	29902
▁atom	29903
▁peeji	29904
rigward	29905
▁complicated	29906
▁көрсету	29907
▁ဖြစ်သည်	29908
声	29909
▁narės	29910
▁captives	29911
▁coins	29912
crat	29913
▁ўхша	29914
▁expresses	29915
▁світ	29916
增加	29917
▁comparable	29918
波	29919
Just	29920
▁Operation	29921
目前	29922
▁Divine	29923
▁meters	29924
▁shirt	29925
▁քանի	29926
៦	29927
▁provoked	29928
ERS	29929
8)	29930
ẳ	29931
▁lions	29932
▁Columns	29933
▁conceived	29934
▁obliged	29935
▁Millennium	29936
▁ялган	29937
▁destructive	29938
▁Meal	29939
▁صرف	29940
▁WHO	29941
▁affecting	29942
▁reception	29943
▁Washington	29944
▁excess	29945
▁2020	29946
▁interpreted	29947
▁invented	29948
azi	29949
ሣ	29950
▁BMP	29951
▁145	29952
證	29953
▁immortality	29954
▁pfumel	29955
▁պահ	29956
▁ಹಾಗೆ	29957
▁បន្ថែម	29958
▁кәферләр	29959
▁Creation	29960
▁mouths	29961
ுடன்	29962
▁wounds	29963
▁Joe	29964
▁ເຊັ່ນ	29965
▁បង្កើត	29966
▁Caleb	29967
▁rinduka	29968
▁painting	29969
व्हा	29970
mfanekiso	29971
ызьы	29972
▁ewõr	29973
▁24]	29974
▁oxygen	29975
自由	29976
対	29977
实现	29978
▁Mur	29979
▁weary	29980
▁Proxy	29981
▁vamanji	29982
▁67	29983
▁okaň	29984
lac	29985
▁Doctor	29986
เหมือน	29987
਼	29988
European	29989
▁perasaan	29990
لىرىمىز	29991
▁pointing	29992
▁Eject	29993
▁girlfriend	29994
▁Thailand	29995
▁manually	29996
mbirhi	29997
Remember	29998
gunakké	29999
▁faults	30000
sɛnga	30001
▁Wuxuu	30002
▁inquire	30003
ဥ	30004
ayagala	30005
▁jëkk	30006
„	30007
▁codes	30008
▁ipse	30009
▁ntirho	30010
▁pocket	30011
Can	30012
▁کتێب	30013
▁sooner	30014
▁abundantly	30015
▁priemonė	30016
อยาก	30017
▁attract	30018
ஹ	30019
Tab	30020
▁Between	30021
▁خاندان	30022
▁gear	30023
▁زىيان	30024
▁Ông	30025
▁ntsena	30026
福	30027
解决	30028
▁Glory	30029
▁wherefore	30030
北	30031
▁دیتا	30032
▁biological	30033
Ј	30034
▁Written	30035
▁Кызьы	30036
His	30037
ngkap	30038
速	30039
▁түшүн	30040
▁portions	30041
▁çünk	30042
易	30043
▁ແມ່	30044
▁Micro	30045
▁mile	30046
▁spacing	30047
ాలను	30048
嘿	30049
సె	30050
独	30051
▁Edom	30052
▁māfua	30053
mẽla	30054
▁County	30055
▁teenagers	30056
发言	30057
良	30058
▁ため	30059
▁managing	30060
▁Santil	30061
▁chamber	30062
▁عورت	30063
▁tiksl	30064
تێک	30065
Home	30066
▁AT	30067
▁чугула	30068
വഴി	30069
▁relax	30070
▁winning	30071
▁attempted	30072
class	30073
▁liability	30074
▁alcoholic	30075
▁debugging	30076
▁collaboration	30077
▁lokasa	30078
▁ସମ୍	30079
▁fold	30080
ిస్తా	30081
▁undermine	30082
▁valued	30083
▁overly	30084
▁durmuş	30085
哦	30086
▁providers	30087
▁saýla	30088
▁treating	30089
▁кардәш	30090
▁شەك	30091
yâba	30092
▁ມື້	30093
▁diverse	30094
▁oh	30095
▁херек	30096
▁merit	30097
bigambo	30098
▁lied	30099
saanidde	30100
亞	30101
支助	30102
ancy	30103
▁announcement	30104
▁நிற	30105
Text	30106
▁eqqarsaat	30107
etic	30108
▁NAME	30109
▁ບົດ	30110
▁bagaimana	30111
▁periodic	30112
播	30113
▁Specific	30114
▁विंडो	30115
予	30116
She	30117
仍	30118
往	30119
▁неъмат	30120
ที	30121
ྗ	30122
▁ҳукм	30123
▁undertake	30124
որեն	30125
▁assumed	30126
ett	30127
▁կատար	30128
▁virtually	30129
▁Scheme	30130
▁Destination	30131
▁kosalela	30132
▁demonstration	30133
شایه	30134
▁Easy	30135
▁Method	30136
▁Provider	30137
▁papers	30138
▁ໃຫຍ່	30139
▁Searching	30140
▁Ark	30141
▁Contrast	30142
nate	30143
▁sapuila	30144
burn	30145
▁disregard	30146
▁fee	30147
▁ସହିତ	30148
洛	30149
▁incurred	30150
▁നട	30151
一般	30152
▁Comfort	30153
еќе	30154
▁ox	30155
ኳ	30156
nngilaq	30157
▁beaucoup	30158
▁Simeon	30159
▁Happiness	30160
▁accidents	30161
code	30162
▁Bureau	30163
ଗୁଡିକ	30164
▁29:	30165
எ	30166
▁360	30167
▁Mah	30168
స్తుంది	30169
▁gray	30170
▁uzņēmum	30171
▁ಅದರ	30172
▁àtàwọn	30173
▁passages	30174
▁79	30175
▁гыйбадәт	30176
▁faifaiga	30177
▁Ќе	30178
▁րդ	30179
▁Serving	30180
ನೂ	30181
▁Describe	30182
聽	30183
▁Alarm	30184
▁ಬೈಬಲ್	30185
ೊಂದು	30186
▁tagħha	30187
伴	30188
▁قىلىدىغان	30189
▁ເກ	30190
▁HE	30191
400	30192
▁Moscow	30193
wed	30194
▁reforms	30195
▁preference	30196
Article	30197
▁ئوخشاش	30198
ૃ	30199
Cause	30200
▁drama	30201
▁trick	30202
▁tideț	30203
▁ئیماندار	30204
ncies	30205
▁Bosnia	30206
▁زیندوو	30207
▁Thai	30208
▁അവരെ	30209
▁Hearing	30210
▁grandmother	30211
▁unleavened	30212
syomeka	30213
▁ጥራይ	30214
▁تەرىپىدىن	30215
▁observation	30216
▁mob	30217
▁parameter	30218
▁frustration	30219
▁guaranteed	30220
▁génn	30221
▁bishop	30222
▁CA	30223
▁disgrace	30224
若	30225
น่า	30226
▁resentment	30227
▁Samson	30228
▁distracted	30229
▁layers	30230
▁longing	30231
指出	30232
▁derogation	30233
▁سۇ	30234
▁نجات	30235
▁Items	30236
▁250	30237
obresi	30238
ogen	30239
▁Mm	30240
verse	30241
▁clothe	30242
▁excluded	30243
▁breathing	30244
▁archives	30245
▁survivors	30246
▁stomach	30247
▁Sooq	30248
แบบ	30249
▁executive	30250
▁koyeba	30251
▁21;	30252
▁cheer	30253
测	30254
▁menggunakan	30255
exp	30256
▁tangatá	30257
▁қиёмат	30258
▁ስለምንታይ	30259
▁Guard	30260
束	30261
▁disappointment	30262
nkqubo	30263
▁females	30264
▁improper	30265
▁զգ	30266
▁วา	30267
相关	30268
▁Appendix	30269
▁ພາສາ	30270
▁Royal	30271
฀	30272
▁grade	30273
▁قائم	30274
▁hurtful	30275
▁سېنى	30276
▁discouragement	30277
▁pains	30278
▁Rating	30279
傳	30280
▁Arm	30281
▁cousin	30282
▁Timbhoni	30283
▁refugee	30284
LL	30285
▁preachers	30286
▁remembers	30287
安排	30288
town	30289
▁demanded	30290
▁distribute	30291
▁relied	30292
ాలి	30293
▁exploit	30294
หลาย	30295
▁Mohammed	30296
▁Batatoli	30297
▁standpoint	30298
case	30299
apakah	30300
▁slightly	30301
▁Gold	30302
▁steady	30303
పరచ	30304
▁idup	30305
ნიშნ	30306
▁देवाच्या	30307
▁Agenda	30308
▁tyrim	30309
▁Ūú	30310
称	30311
▁pointer	30312
▁inclusion	30313
▁Unexpected	30314
Ń	30315
光	30316
rating	30317
险	30318
ssuseq	30319
ಪಡಿಸ	30320
▁ገሊ	30321
耶	30322
▁recovered	30323
▁ලැබ	30324
arch	30325
▁بولدى	30326
▁більш	30327
▁apostate	30328
爾	30329
オ	30330
پەرىشتىلەر	30331
vig	30332
add	30333
▁Georgia	30334
▁neighbour	30335
▁preacher	30336
▁listens	30337
syoma	30338
▁revenue	30339
▁signing	30340
▁1960	30341
▁NY	30342
mazuba	30343
▁complain	30344
客	30345
▁Він	30346
▁impart	30347
pher	30348
▁შემდეგ	30349
▁Assistant	30350
called	30351
▁partake	30352
▁ягъни	30353
Oh	30354
▁blesses	30355
▁экенин	30356
ifier	30357
lation	30358
功	30359
ទេ	30360
▁Trời	30361
▁budgetary	30362
ച്ചു	30363
▁كۆرسىت	30364
▁enjoyable	30365
▁footsteps	30366
▁threatening	30367
▁ចង់	30368
robež	30369
顯示	30370
Nkulunkulu	30371
▁Bat	30372
▁قەسەم	30373
▁قىلىشقا	30374
ஃ	30375
ردگاریان	30376
▁Faýl	30377
▁passwords	30378
▁Numeric	30379
▁ward	30380
▁jibañ	30381
/2003	30382
▁ምዃኑ	30383
▁hook	30384
▁worthwhile	30385
▁organic	30386
▁Untitled	30387
▁Asaph	30388
▁Age	30389
เอง	30390
▁threaten	30391
▁vice	30392
▁Widget	30393
▁lust	30394
▁12]	30395
′	30396
▁holder	30397
saying	30398
▁camels	30399
▁Secondary	30400
▁ասում	30401
▁Permissions	30402
▁កំពុង	30403
ễ	30404
▁ባህ	30405
ምሉእ	30406
▁cable	30407
▁ascribe	30408
▁wounded	30409
ገልጽ	30410
made	30411
联合	30412
▁Barak	30413
迪	30414
▁riding	30415
▁Bwami	30416
▁Wrong	30417
▁richly	30418
▁rebuked	30419
▁verb	30420
▁സമ	30421
พระ	30422
▁purposed	30423
▁hunter	30424
aving	30425
▁separator	30426
▁incorporated	30427
▁stealing	30428
▁continent	30429
รัก	30430
确定	30431
▁معبود	30432
▁plasma	30433
▁Kasano	30434
▁फोल्डर	30435
▁toggle	30436
Ubwami	30437
4)	30438
▁Mill	30439
球	30440
▁Mind	30441
COM	30442
▁potentially	30443
▁գիտ	30444
▁timing	30445
▁Ўз	30446
ቝ	30447
▁logical	30448
▁assisted	30449
▁disappeared	30450
▁rape	30451
▁ກວ່າ	30452
phone	30453
聯絡人	30454
▁formerly	30455
重新	30456
folder	30457
▁esilivilo	30458
▁scatter	30459
చేత	30460
▁свої	30461
ご	30462
▁wholeheartedly	30463
▁controlling	30464
▁License	30465
▁apologize	30466
▁emperor	30467
▁trước	30468
▁Thessalonica	30469
▁coat	30470
址	30471
ops	30472
▁strictly	30473
▁تمہارا	30474
▁troubles	30475
phon	30476
▁करण्याच	30477
▁திரு	30478
▁Setting	30479
empunya	30480
▁Cl	30481
hlanganis	30482
▁ashes	30483
▁HTTP	30484
▁እምበር	30485
ઠ	30486
▁Ubutumwa	30487
▁slip	30488
▁кийин	30489
▁Аллаһуның	30490
司法	30491
▁LA	30492
▁mâcua	30493
▁detention	30494
mhlaba	30495
	30496
▁forests	30497
ڃ	30498
家庭	30499
▁transformation	30500
▁ಕೆಲಸ	30501
▁គ្មាន	30502
▁Charlie	30503
▁Chamber	30504
▁notion	30505
▁Tel	30506
▁dimunn	30507
▁europea	30508
▁emblems	30509
▁inviting	30510
▁translators	30511
▁profession	30512
৪	30513
▁originating	30514
miżuri	30515
▁Foreground	30516
▁abusive	30517
▁Hong	30518
▁ຕັດສິນ	30519
作用	30520
享	30521
ote	30522
▁Kong	30523
ឃើញ	30524
▁fakahoko	30525
▁аҳли	30526
▁מיט	30527
帝	30528
chess	30529
iness	30530
▁dishonest	30531
▁бошад	30532
gidiay	30533
through	30534
▁ئۆلتۈر	30535
▁באַשטעטיק	30536
istorya	30537
éèyàn	30538
▁Salomo	30539
ㄓ	30540
▁មេ	30541
▁кайгы	30542
▁នាំ	30543
onic	30544
▁Encoding	30545
▁goeth	30546
ngkang	30547
培	30548
▁परमेश्वर	30549
▁መገዲ	30550
▁komonisa	30551
▁liberty	30552
古	30553
▁underneath	30554
▁cock	30555
▁Lwaki	30556
։	30557
▁extending	30558
▁ຟັງ	30559
调查	30560
1)	30561
▁snake	30562
▁treacherous	30563
▁tombs	30564
▁Canaanites	30565
▁Peru	30566
▁motivation	30567
៩	30568
▁captured	30569
▁ଏବଂ	30570
fl	30571
ఱ	30572
▁arising	30573
▁បម្រើ	30574
げ	30575
ექ	30576
▁Reign	30577
face	30578
ml	30579
▁nniḍen	30580
▁worshiped	30581
▁Savienības	30582
▁Ūađ	30583
▁നിനക്ക	30584
▁नाव	30585
▁മറ്റ	30586
group	30587
maksā	30588
▁passenger	30589
▁beberapa	30590
▁revealing	30591
dicate	30592
誰	30593
▁gains	30594
▁Latvia	30595
pend	30596
▁swore	30597
▁blast	30598
▁truthfulness	30599
精	30600
▁33:	30601
▁amioga	30602
▁Әмма	30603
Size	30604
than	30605
▁ແປ	30606
Fakazi	30607
▁differently	30608
▁Ash	30609
▁retribution	30610
കൊണ്ട	30611
▁oqaluussi	30612
▁bitterness	30613
two	30614
▁بڑی	30615
▁cimue	30616
▁reviewed	30617
▁sweswo	30618
▁Zedekiah	30619
▁Alice	30620
cus	30621
own	30622
ไม่มี	30623
▁Nigeria	30624
▁plead	30625
lessness	30626
▁multilateral	30627
▁muẽle	30628
▁implications	30629
▁Suppose	30630
▁favorably	30631
▁چاپ	30632
▁Py	30633
▁astonished	30634
璶	30635
▁Languages	30636
▁commits	30637
ቷ	30638
▁manufacture	30639
▁hinkwayo	30640
▁machinery	30641
వ్వ	30642
▁ئېرىش	30643
▁rear	30644
▁ብዙሕ	30645
开展	30646
check	30647
▁ძალ	30648
have	30649
▁declares	30650
กา	30651
▁Twitter	30652
▁42.	30653
▁experiment	30654
▁tray	30655
▁possibilities	30656
▁dwellings	30657
谁	30658
ുകള്	30659
تایبه	30660
▁65:	30661
▁assuredly	30662
▁įgyvendin	30663
▁asamaan	30664
▁Due	30665
▁guns	30666
盾	30667
ిక	30668
▁వాటి	30669
▁Appearance	30670
▁smite	30671
庭	30672
ధాన	30673
▁parking	30674
▁manungsa	30675
▁Freedom	30676
▁Python	30677
▁accelerator	30678
▁Plain	30679
▁immense	30680
俄	30681
▁Accounts	30682
ٻ	30683
▁susijusi	30684
遊戲	30685
ẩ	30686
order	30687
۵	30688
Please	30689
实施	30690
ґ	30691
午	30692
▁imitation	30693
▁failing	30694
paragraph	30695
▁cyane	30696
▁nodrošinā	30697
▁crop	30698
ฝ	30699
▁Alimwi	30700
▁expense	30701
▁Everybody	30702
▁Sąjungos	30703
批	30704
▁cook	30705
▁wrought	30706
filled	30707
▁void	30708
fire	30709
▁harp	30710
▁reverse	30711
ļauj	30712
▁Padomes	30713
▁Average	30714
▁boost	30715
▁midnight	30716
▁ынча	30717
▁`	30718
▁որոշ	30719
▁deceptive	30720
▁görelde	30721
▁neglected	30722
▁Multiple	30723
▁revolution	30724
Μ	30725
▁Whoa	30726
List	30727
▁Bell	30728
▁Flip	30729
▁preventing	30730
▁Resource	30731
▁absorbed	30732
预算	30733
▁mačči	30734
▁байдал	30735
oke	30736
DP	30737
忘	30738
▁kadakuada	30739
▁شەيتان	30740
style	30741
▁turėtų	30742
▁criticism	30743
▁Ministers	30744
资料	30745
▁Slovenia	30746
▁tariff	30747
Ra	30748
▁үст	30749
▁fees	30750
▁prohibit	30751
▁whi	30752
▁քո	30753
▁entirety	30754
ؑ	30755
▁hardened	30756
▁ថ្ងៃ	30757
差	30758
▁delegates	30759
▁Oft	30760
▁म्हणजे	30761
▁employee	30762
▁launching	30763
them	30764
▁Fred	30765
▁restrict	30766
▁cleansing	30767
▁chixyebal	30768
▁زۇلۇم	30769
ใคร	30770
▁rebels	30771
ዅሉ	30772
got	30773
▁მან	30774
▁emphasize	30775
Password	30776
▁Offer	30777
▁encrypt	30778
▁decides	30779
▁خالىغان	30780
Җ	30781
▁SC	30782
lder	30783
▁conquest	30784
之前	30785
fect	30786
working	30787
,000,000	30788
FA	30789
▁translator	30790
ニ	30791
▁simplify	30792
▁kàddu	30793
▁websites	30794
▁ซึ่ง	30795
▁тараф	30796
Those	30797
▁deceit	30798
▁Story	30799
▁dogry	30800
▁Faitau	30801
▁monthly	30802
▁Swiss	30803
▁ខ្លួន	30804
宗	30805
▁ئىنسان	30806
▁herd	30807
بىز	30808
▁drivers	30809
seed	30810
▁1/	30811
▁absent	30812
▁мардум	30813
▁Sheol	30814
.6.	30815
itihka	30816
EST	30817
MENT	30818
യോഗ	30819
▁furniture	30820
▁Youth	30821
▁procurement	30822
▁cured	30823
施	30824
DU	30825
▁precisely	30826
框架	30827
約	30828
▁hakykat	30829
▁mibale	30830
▁Traditional	30831
▁academic	30832
▁Naboth	30833
▁Summit	30834
▁គម្ពីរ	30835
▁tìm	30836
▁candidate	30837
▁вәгазь	30838
▁commander	30839
▁doctrines	30840
▁Kim	30841
▁kidding	30842
▁რომელიც	30843
▁celebration	30844
also	30845
▁Daddy	30846
▁proclaiming	30847
rist	30848
Ž	30849
▁hail	30850
▁favors	30851
玩	30852
▁Failure	30853
倒	30854
味	30855
▁Akristão	30856
领域	30857
▁booklet	30858
▁taýda	30859
ണ്ണ	30860
▁tukuiwa	30861
Mon	30862
cover	30863
▁unlawful	30864
▁ninth	30865
▁inclination	30866
ఠ	30867
▁mounted	30868
แค่	30869
▁parables	30870
加入	30871
▁flows	30872
▁IF	30873
▁exhibition	30874
▁hostile	30875
▁შეიძლება	30876
▁ល្អ	30877
;"	30878
▁njhani	30879
თქვა	30880
▁ڕێنموویی	30881
▁Kate	30882
▁classic	30883
安全理事会	30884
▁twain	30885
▁describing	30886
▁didst	30887
ాల్లో	30888
ஊ	30889
แก	30890
▁hardware	30891
ically	30892
▁ngabdi	30893
▁fisheries	30894
▁IMAP	30895
▁titles	30896
▁workplace	30897
▁Prepare	30898
▁diýýär	30899
first	30900
▁Baltic	30901
▁Ushbu	30902
▁False	30903
▁Hans	30904
▁initiated	30905
▁дүйнө	30906
▁қилувчи	30907
BS	30908
▁patyşa	30909
harm	30910
▁Along	30911
▁ئۇنىڭدىن	30912
▁Site	30913
Ά	30914
▁աշխարհ	30915
ྩ	30916
▁lepok	30917
▁ancestors	30918
▁expired	30919
▁Prophets	30920
▁31]	30921
▁Duration	30922
▁tons	30923
▁standart	30924
▁2010,	30925
▁employ	30926
▁outward	30927
▁drank	30928
▁teams	30929
▁curve	30930
▁rough	30931
真主	30932
▁absorb	30933
▁berunding	30934
▁wallet	30935
▁Hmm	30936
▁Myanmar	30937
▁devastating	30938
▁lacked	30939
▁ۋاقتىدا	30940
▁atonement	30941
▁flexible	30942
▁حاصل	30943
▁activated	30944
▁başlığı	30945
▁guiding	30946
询	30947
ML	30948
▁distressing	30949
▁impress	30950
▁mix	30951
ឌី	30952
ล่ะ	30953
▁asylum	30954
▁focuses	30955
▁wander	30956
▁Hill	30957
▁lawyers	30958
▁Ingab	30959
▁Nepomuk	30960
▁Bob	30961
▁strain	30962
▁Humans	30963
▁educated	30964
▁PO	30965
▁ties	30966
▁unlike	30967
▁fur	30968
▁мекунанд	30969
هێز	30970
▁relieve	30971
免	30972
విధ	30973
严	30974
▁breathe	30975
▁Axaṭer	30976
▁premises	30977
мусулмон	30978
▁gap	30979
▁References	30980
低	30981
▁پەر	30982
▁94	30983
eller	30984
Forward	30985
▁embedded	30986
▁vulavula	30987
▁wool	30988
▁Priority	30989
▁developers	30990
▁delightful	30991
▁savings	30992
၆	30993
▁vaccine	30994
▁accessibility	30995
▁nursing	30996
race	30997
▁divorced	30998
ướ	30999
▁thereon	31000
▁watchful	31001
شێو	31002
▁3,000	31003
▁lambs	31004
▁gatherings	31005
ნე	31006
▁Palette	31007
▁rescued	31008
mbungano	31009
▁Region	31010
▁CPU	31011
nah	31012
▁shining	31013
▁securities	31014
▁aṭas	31015
▁weekend	31016
▁адями	31017
▁devout	31018
улуг	31019
▁Blood	31020
Æ	31021
▁setup	31022
▁optional	31023
▁لائے	31024
▁ຕ້ອງການ	31025
Find	31026
▁pipira	31027
▁unlikely	31028
ゃ	31029
▁observers	31030
▁Deleting	31031
▁cooking	31032
▁Єгови	31033
▁terrified	31034
Give	31035
▁pays	31036
▁Perfect	31037
▁swords	31038
▁persistent	31039
▁reed	31040
ዃ	31041
殺	31042
題	31043
▁Edge	31044
▁Vienna	31045
▁ఇలా	31046
▁aggressive	31047
კლ	31048
user	31049
▁ምእን	31050
析	31051
▁camenak	31052
▁misuse	31053
▁substitute	31054
AH	31055
roll	31056
ean	31057
法院	31058
▁helpers	31059
▁locutus	31060
▁deck	31061
▁vicious	31062
▁jàpp	31063
某	31064
վիր	31065
▁SP	31066
▁compact	31067
▁onward	31068
▁regain	31069
▁អត្ថបទ	31070
pid	31071
▁fetch	31072
吉	31073
requiring	31074
▁professionals	31075
▁recipient	31076
▁سېنىڭ	31077
oe	31078
▁beating	31079
▁electrical	31080
▁purify	31081
▁հետեւ	31082
mõla	31083
Back	31084
▁frames	31085
▁Parent	31086
▁encrypted	31087
▁Attach	31088
▁Sent	31089
▁delivering	31090
▁fluid	31091
冲	31092
▁Thamud	31093
▁Bas	31094
▁2011,	31095
nissamut	31096
FR	31097
kg	31098
▁quotations	31099
▁teenage	31100
▁donor	31101
▁generously	31102
▁Nepal	31103
▁ownership	31104
▁outcry	31105
▁marking	31106
▁separately	31107
▁vaegā	31108
ಮುಖ	31109
ides	31110
Administrative	31111
▁Currently	31112
▁forming	31113
ອີ	31114
▁necessity	31115
▁boiling	31116
▁mālohi	31117
แก่	31118
wàásù	31119
▁Memo	31120
aph	31121
▁virtuous	31122
AGE	31123
▁кенеш	31124
▁Knorr	31125
司	31126
▁گئی	31127
▁māmaní	31128
itude	31129
▁Amount	31130
uce	31131
▁fugitive	31132
clock	31133
▁coverage	31134
▁misery	31135
іння	31136
▁hikwalaho	31137
▁Ìwé	31138
▁Procedure	31139
▁tiles	31140
▁departure	31141
▁launcher	31142
参加	31143
Č	31144
ుటకు	31145
▁бүгү	31146
▁1986	31147
▁Daily	31148
▁torrent	31149
▁చాలా	31150
▁medication	31151
▁pronounced	31152
典	31153
▁Supplement	31154
▁volumes	31155
▁ڕێز	31156
▁◆	31157
▁dominant	31158
▁cop	31159
▁म्हणाला	31160
▁diňe	31161
gate	31162
FS	31163
▁Forget	31164
▁mood	31165
tine	31166
诺	31167
-5	31168
lusyomo	31169
▁leprosy	31170
eo	31171
▁suspension	31172
▁tank	31173
៧	31174
▁samples	31175
▁ప్రేమ	31176
▁arises	31177
▁چھوڑ	31178
▁Tax	31179
▁ئەڭ	31180
▁Ethiopia	31181
注意到	31182
▁executable	31183
bol	31184
▁violation	31185
▁گۇۋاھ	31186
▁shy	31187
▁1950	31188
▁\	31189
▁tags	31190
▁shooting	31191
▁empathy	31192
▁teens	31193
▁scales	31194
▁furnace	31195
▁nevertheless	31196
▁implied	31197
占	31198
▁uncircumcised	31199
迎	31200
▁skilled	31201
▁Len	31202
景	31203
塔	31204
▁ऐक	31205
NS	31206
▁scar	31207
▁Checking	31208
▁lusts	31209
▁Than	31210
▁landscape	31211
৫	31212
ť	31213
▁polytheists	31214
▁touches	31215
埃	31216
Ҷ	31217
▁کیلئے	31218
▁Reuben	31219
▁Kal	31220
▁Made	31221
▁incorrect	31222
▁պատճառ	31223
Bus	31224
▁Scan	31225
DVD	31226
▁proofs	31227
▁زندگی	31228
200	31229
▁surroundings	31230
such	31231
ฉ	31232
RD	31233
sure	31234
▁crossing	31235
山	31236
▁Carl	31237
▁apostasy	31238
▁Hitler	31239
osa	31240
Ꮊ	31241
▁Agrippa	31242
▁Interestingly	31243
▁Ekiga	31244
▁87	31245
▁Sets	31246
▁Success	31247
▁artists	31248
▁ҳисоб	31249
▁ចូល	31250
▁0.0	31251
▁Property	31252
▁1914.	31253
行政	31254
▁គួរ	31255
暴力	31256
ជួយ	31257
jatikizya	31258
▁Natural	31259
▁solar	31260
ain	31261
មួយ	31262
کردنی	31263
嗯	31264
เกิด	31265
▁acquisition	31266
▁Мусо	31267
属	31268
種	31269
▁Tele	31270
bound	31271
ىدىكەن	31272
ਢ	31273
▁grandfather	31274
▁Option	31275
▁beer	31276
一项	31277
▁defile	31278
▁responses	31279
念	31280
▁ARTICLES	31281
▁faingat	31282
Օ	31283
▁barriers	31284
▁illicit	31285
▁سۈ	31286
▁మరియు	31287
▁dancing	31288
▁quota	31289
រៀន	31290
▁Interface	31291
▁Navigation	31292
體	31293
▁տարի	31294
%1	31295
▁ngày	31296
භ	31297
▁93	31298
▁laikā	31299
▁expertise	31300
▁mailbox	31301
ography	31302
▁Throne	31303
▁Isareli	31304
認	31305
Mar	31306
▁plagues	31307
▁abstain	31308
▁firms	31309
▁roles	31310
كۇفرى	31311
ビ	31312
▁мекард	31313
▁appetite	31314
▁10,000	31315
▁Modify	31316
▁Anything	31317
▁Earlier	31318
▁disarmament	31319
証	31320
录	31321
补	31322
▁righteously	31323
▁រចនា	31324
▁gotten	31325
▁gravity	31326
▁stolen	31327
▁чүве	31328
▁መንግስቲ	31329
Th	31330
▁knock	31331
▁graph	31332
▁cow	31333
جۆر	31334
จํา	31335
▁Gentile	31336
▁ھەممىسى	31337
▁Protestant	31338
about	31339
▁boyfriend	31340
▁dash	31341
▁manufacturing	31342
▁78	31343
jekdigi	31344
ONE	31345
▁Form	31346
▁AN	31347
▁Bruce	31348
▁بېرىدۇ	31349
▁итүче	31350
ඹ	31351
▁visa	31352
▁neuro	31353
▁Kalisitiané	31354
▁қандай	31355
abil	31356
mount	31357
Only	31358
残	31359
▁Similar	31360
▁actors	31361
liness	31362
▁esteem	31363
▁یاخی	31364
▁administer	31365
▁Notification	31366
▁deities	31367
顾	31368
▁Launcher	31369
▁Implementation	31370
▁1987	31371
▁addiction	31372
▁mh	31373
kuatiso	31374
秘书处	31375
▁Shape	31376
▁gallery	31377
▁Points	31378
▁Sacred	31379
▁interpret	31380
▁охират	31381
▁confront	31382
hard	31383
▁ceremony	31384
աբար	31385
PT	31386
富	31387
▁arriving	31388
▁Louis	31389
scale	31390
获得	31391
▁historic	31392
▁MO	31393
▁favours	31394
▁enmity	31395
▁emission	31396
▁{	31397
▁رحم	31398
Most	31399
▁colleagues	31400
▁meets	31401
▁sect	31402
▁2012,	31403
▁125	31404
▁obtaining	31405
ching	31406
▁ARE	31407
▁shaped	31408
▁sowing	31409
▁confirming	31410
▁exhort	31411
▁tlhela	31412
▁Mordecai	31413
Լ	31414
▁жоқ	31415
▁Colombia	31416
▁Material	31417
▁ascend	31418
▁keepers	31419
▁withdrawal	31420
▁provoke	31421
▁diabetes	31422
▁àpẹẹrẹ	31423
▁بىلىپ	31424
▁discovery	31425
▁inferior	31426
▁browsing	31427
▁ingredients	31428
▁musical	31429
▁thirsty	31430
▁transfers	31431
搜尋	31432
▁Nabal	31433
▁shameful	31434
▁қалб	31435
▁تۇرغۇچىدۇر	31436
▁tunnel	31437
怖	31438
▁Enjoy	31439
▁Component	31440
гирифт	31441
▁Ecuador	31442
▁whence	31443
٣	31444
ଢ	31445
▁بلکہ	31446
ቄ	31447
▁classmates	31448
▁Fight	31449
▁Slow	31450
▁Categories	31451
▁Salvador	31452
▁exclaimed	31453
▁speakers	31454
▁រូប	31455
▁salute	31456
▁Vietnamese	31457
Ş	31458
▁overflow	31459
▁сеткил	31460
▁advances	31461
▁courtyard	31462
▁هاوار	31463
▁8]	31464
▁Jezebel	31465
▁Tarybos	31466
▁30:	31467
Will	31468
▁29]	31469
▁beheld	31470
▁modes	31471
▁stem	31472
▁therewith	31473
农	31474
خوێن	31475
▁apostates	31476
▁restructuring	31477
▁bury	31478
▁oýlan	31479
▁raises	31480
▁lend	31481
▁2019	31482
▁Fac	31483
▁alpha	31484
▁mentally	31485
ネ	31486
lop	31487
rou	31488
Ս	31489
▁garşy	31490
▁remarks	31491
▁Greater	31492
▁manufacturers	31493
▁uncertain	31494
▁అతడు	31495
tical	31496
▁tableau	31497
▁tribute	31498
▁belied	31499
▁destroying	31500
⁄	31501
▁بىرەر	31502
ִ	31503
▁prevailed	31504
▁thereto	31505
▁40.	31506
‚	31507
▁progressive	31508
▁contentment	31509
▁tendencies	31510
輯	31511
▁peacekeeping	31512
▁הײך	31513
▁Blank	31514
▁recognise	31515
▁MI	31516
▁Fax	31517
▁seasons	31518
▁endures	31519
Quit	31520
▁heathen	31521
ឥ	31522
▁restrain	31523
▁toilet	31524
▁Hot	31525
▁چاہتا	31526
▁writable	31527
登	31528
▁fortify	31529
പേര	31530
▁tooth	31531
dr	31532
กลับ	31533
when	31534
▁Hungarian	31535
▁Signature	31536
ก่อน	31537
▁abortion	31538
▁mud	31539
▁бояд	31540
▁controller	31541
41	31542
▁Orthodox	31543
▁очиқ	31544
hah	31545
ured	31546
▁Comments	31547
▁Sab	31548
▁discard	31549
▁programming	31550
▁yearn	31551
涉	31552
▁gaze	31553
▁11201	31554
▁Sending	31555
▁ticket	31556
▁arch	31557
▁Happily	31558
▁لېكىن	31559
贸易	31560
fore	31561
▁1930	31562
▁knife	31563
because	31564
▁Muslim	31565
▁Лекин	31566
dies	31567
▁ప్రజల	31568
ْ	31569
▁err	31570
▁helpless	31571
▁wholly	31572
▁detection	31573
▁vekongelo	31574
▁Studies	31575
▁stirred	31576
▁xikombiso	31577
▁graves	31578
every	31579
▁crossed	31580
สุด	31581
▁Haggai	31582
ยะ	31583
▁node	31584
▁melt	31585
▁баъзи	31586
▁submitting	31587
▁plate	31588
IES	31589
▁Simplified	31590
▁сизларга	31591
▁rice	31592
KChar	31593
luyando	31594
▁SMEs	31595
▁Gomorrah	31596
▁nhất	31597
▁pestilence	31598
▁inmates	31599
▁brightness	31600
▁unite	31601
▁bilateral	31602
aýyp	31603
▁Deep	31604
▁compelled	31605
▁Bear	31606
▁Encryption	31607
▁desk	31608
▁Selah	31609
▁amend	31610
ees	31611
▁Grant	31612
▁shoulders	31613
▁چاکتر	31614
Ƙ	31615
▁Looks	31616
▁votes	31617
▁Team	31618
▁cheap	31619
▁struggled	31620
恩	31621
▁blemish	31622
▁investigate	31623
▁civilian	31624
▁Rejoice	31625
▁180	31626
гардон	31627
▁earthquakes	31628
互	31629
▁decode	31630
pped	31631
▁clarify	31632
▁revenge	31633
▁вӗсен	31634
ừ	31635
▁believeth	31636
▁nõla	31637
Яън	31638
▁exports	31639
▁uttered	31640
利亚	31641
▁appointments	31642
oxy	31643
ITY	31644
▁روشەن	31645
▁Standing	31646
פּע	31647
▁debug	31648
▁dimensions	31649
▁harbor	31650
▁lesser	31651
▁Instant	31652
▁composite	31653
▁exploitation	31654
▁شېرىك	31655
▁Certain	31656
Christ	31657
tron	31658
▁packed	31659
▁excuses	31660
▁607	31661
mighty	31662
▁Pharisee	31663
▁ӧвӧл	31664
▁celebrated	31665
Whoever	31666
▁apple	31667
▁nowhere	31668
▁eats	31669
▁104	31670
firm	31671
▁recital	31672
▁centurion	31673
▁equity	31674
▁questioning	31675
.[	31676
▁fake	31677
/11	31678
組	31679
▁whither	31680
sec	31681
આ	31682
▁Bull	31683
▁Ethiopian	31684
▁Toward	31685
(1)(	31686
ທ່ານ	31687
演	31688
▁Major	31689
▁directing	31690
▁verified	31691
ชีวิต	31692
▁exquisite	31693
၎	31694
▁Sim	31695
望	31696
▁Answers	31697
▁Probably	31698
▁Valley	31699
kei	31700
▁Danish	31701
▁POP	31702
گێڕ	31703
▁College	31704
▁Pope	31705
▁semi	31706
▁awful	31707
▁camel	31708
▁Unfortunately	31709
ឃ	31710
▁zyoonse	31711
ಠ	31712
▁elevated	31713
▁reconciled	31714
▁unscriptural	31715
▁Uncle	31716
আ	31717
▁partition	31718
Ò	31719
▁abomination	31720
ుకొన	31721
▁Photos	31722
▁بولمايدۇ	31723
▁gl	31724
▁پشتیوان	31725
▁employers	31726
Ծ	31727
ژێر	31728
內	31729
◆	31730
▁bush	31731
康	31732
▁Grid	31733
久	31734
▁Voices	31735
▁protector	31736
▁bytes	31737
▁poet	31738
▁morality	31739
▁rebuke	31740
کردووه	31741
▁EX	31742
▁outright	31743
▁Australian	31744
▁ខ្លះ	31745
ナ	31746
▁stole	31747
▁bleeding	31748
▁መሰኻኽር	31749
▁Guest	31750
arm	31751
▁shepherding	31752
▁Monotheism	31753
▁enthusiasm	31754
Window	31755
▁socket	31756
▁tourism	31757
▁prohibition	31758
ias	31759
▁mixture	31760
▁skins	31761
ils	31762
▁brave	31763
▁doses	31764
เหรอ	31765
▁Burnf	31766
▁chemicals	31767
▁Places	31768
▁1985	31769
وتوو	31770
▁Effects	31771
▁iestāde	31772
▁profits	31773
▁FTP	31774
▁Range	31775
▁tens	31776
▁aging	31777
▁emahlweni	31778
▁talent	31779
▁rejecting	31780
▁Thousands	31781
late	31782
洋	31783
▁vineyards	31784
▁لێخۆشبوو	31785
追	31786
▁loveth	31787
▁1940	31788
▁Greet	31789
▁ھۆكۈم	31790
Here	31791
▁29;	31792
▁fortified	31793
▁Suddenly	31794
▁chase	31795
▁sweat	31796
▁Rich	31797
▁mercies	31798
▁persevere	31799
刪	31800
▁organised	31801
▁welcomes	31802
▁ንየሆዋ	31803
▁76	31804
ュ	31805
▁headers	31806
▁disastrous	31807
▁unbelief	31808
▁SO	31809
▁explore	31810
▁ئەھلى	31811
▁heartwarming	31812
CNS	31813
▁hyper	31814
▁Rutherford	31815
▁Ambassador	31816
▁Ray	31817
бахш	31818
▁Gr	31819
▁logs	31820
پەيغەمبەر	31821
▁VAT	31822
▁panels	31823
found	31824
Ė	31825
▁Enabled	31826
▁ڕۆزی	31827
▁Reason	31828
▁Sar	31829
▁hydro	31830
draw	31831
▁assert	31832
▁utility	31833
▁wing	31834
▁casting	31835
▁pending	31836
博	31837
▁burial	31838
▁confidential	31839
▁boats	31840
▁governed	31841
▁Midian	31842
▁mobility	31843
▁AtkHyper	31844
围	31845
▁Employment	31846
▁exhorted	31847
▁downloaded	31848
▁consolation	31849
▁dirty	31850
▁oxen	31851
២	31852
▁festivals	31853
報	31854
▁mechanical	31855
ֆ	31856
▁straw	31857
▁نزیک	31858
▁зулм	31859
▁competitiveness	31860
ઊ	31861
▁compass	31862
aging	31863
▁Caesarea	31864
▁Reverse	31865
▁altars	31866
▁Introduction	31867
ருக்கு	31868
▁оварда	31869
ครับ	31870
▁Canaanite	31871
▁cling	31872
▁relevance	31873
▁devoured	31874
▁Gog	31875
▁deadline	31876
▁contemplate	31877
ፖ	31878
▁·	31879
▁invent	31880
▁novel	31881
rium	31882
▁Costa	31883
▁Syn	31884
▁1945	31885
▁Almost	31886
▁habitation	31887
▁pearls	31888
▁offset	31889
▁Tract	31890
▁Babylonians	31891
▁Vic	31892
▁blown	31893
polis	31894
tergovernmental	31895
▁Singapore	31896
且	31897
▁convincing	31898
▁delegations	31899
▁fitted	31900
▁wheels	31901
▁warmly	31902
▁Plus	31903
▁monitored	31904
▁specialized	31905
肯	31906
hood	31907
▁deceased	31908
▁protein	31909
▁2013,	31910
▁craft	31911
七	31912
▁Bor	31913
▁prosperous	31914
▁defeated	31915
ading	31916
cell	31917
ifying	31918
▁restraint	31919
pine	31920
▁Sounds	31921
▁reasonably	31922
▁Albania	31923
▁Jane	31924
▁consulted	31925
▁functional	31926
▁sanctification	31927
▁awarded	31928
▁redemption	31929
away	31930
▁appealed	31931
▁chairman	31932
▁privately	31933
▁thorn	31934
hole	31935
▁Domain	31936
▁Privacy	31937
▁compete	31938
▁complaints	31939
▁murderer	31940
▁yard	31941
▁equip	31942
ෘ	31943
▁PA	31944
▁cedar	31945
▁dive	31946
▁specifies	31947
▁Worldwide	31948
▁challenged	31949
▁sailed	31950
▁Hebron	31951
▁Investment	31952
▁compressed	31953
咨	31954
▁Manufacturer	31955
議	31956
▁fascinating	31957
▁redeemed	31958
▁strayed	31959
界	31960
▁Nonetheless	31961
▁45.	31962
▁aids	31963
▁Tony	31964
ground	31965
▁Puzzle	31966
▁1918	31967
▁REGULATION	31968
▁misleading	31969
▁Downloads	31970
▁rings	31971
▁Examples	31972
▁Chou	31973
▁devastated	31974
▁gradient	31975
▁Sing	31976
▁renal	31977
▁reassuring	31978
▁leather	31979
▁utterance	31980
▁پیاو	31981
▁Arise	31982
▁listing	31983
▁Farm	31984
▁measurement	31985
▁Catholics	31986
▁afar	31987
▁swallowed	31988
ికి	31989
▁Palestine	31990
▁selfishness	31991
▁shocked	31992
▁Match	31993
bah	31994
dec	31995
▁schoolmates	31996
▁rooted	31997
Gen	31998
▁ប៉ុន្	31999
▁thumbnail	32000
▁defines	32001
▁unreasonable	32002
၇	32003
▁Cuba	32004
CT	32005
▁Staff	32006
▁honesthearted	32007
▁Tent	32008
▁suggestion	32009
▁closest	32010
▁rein	32011
▁victorious	32012
▁unmarried	32013
▁Tip	32014
▁dwellers	32015
▁constitutes	32016
▁Brazilian	32017
▁Labour	32018
▁withdrew	32019
Bring	32020
▁giver	32021
▁Raise	32022
▁swept	32023
Down	32024
▁Regardless	32025
▁Pixels	32026
▁Limit	32027
▁Malawi	32028
▁forum	32029
文化	32030
▁Num	32031
▁corners	32032
奇	32033
▁(‘	32034
▁Factory	32035
▁Mask	32036
▁Drama	32037
Run	32038
evil	32039
▁beseech	32040
▁sacrificial	32041
▁federal	32042
▁unrepentant	32043
▁inappropriate	32044
▁slider	32045
▁UNDP	32046
授	32047
類	32048
▁contest	32049
▁$2	32050
▁Baptizer	32051
៨	32052
▁drought	32053
▁bosom	32054
▁beard	32055
▁partly	32056
▁deserving	32057
采	32058
降	32059
ustainable	32060
▁alleged	32061
▁disability	32062
▁connecting	32063
▁fired	32064
▁subtle	32065
众	32066
▁casual	32067
▁engineering	32068
▁ruins	32069
▁symbolized	32070
謝	32071
▁gossip	32072
▁74	32073
▁participated	32074
▁2483	32075
dle	32076
▁maps	32077
▁useless	32078
▁syringe	32079
AIDS	32080
▁payable	32081
▁spear	32082
▁decreased	32083
▁subsequently	32084
▁counseled	32085
▁vegetation	32086
▁foreigner	32087
营	32088
▁economies	32089
critical	32090
	32091
▁races	32092
ఒ	32093
▁[1],	32094
▁positively	32095
▁watches	32096
▁enters	32097
▁Americans	32098
▁ceiling	32099
▁105	32100
▁Simulation	32101
▁solved	32102
▁adopting	32103
▁dpi	32104
▁ordinances	32105
ඊ	32106
▁auxiliary	32107
▁Spring	32108
▁embraced	32109
▁scarlet	32110
▁wooden	32111
▁instituted	32112
▁Governor	32113
▁Former	32114
▁circulation	32115
▁Reader	32116
▁sheba	32117
护	32118
▁Animation	32119
▁Shell	32120
Woe	32121
▁Persia	32122
破	32123
▁Showing	32124
载	32125
▁dominated	32126
▁crystal	32127
▁FanFold	32128
rrh	32129
¡	32130
▁noon	32131
used	32132
▁foolishness	32133
▁Brian	32134
▁kills	32135
▁Effect	32136
▁bands	32137
▁refusal	32138
ARY	32139
umber	32140
़	32141
Խ	32142
丹	32143
▁Root	32144
▁plenary	32145
▁Harry	32146
▁goodly	32147
▁necessities	32148
▁genuinely	32149
梅	32150
媽	32151
▁bags	32152
▁beds	32153
▁promptly	32154
▁throwing	32155
▁essentially	32156
▁dock	32157
森	32158
▁Deborah	32159
▁Direction	32160
▁Rico	32161
▁commanding	32162
特派团	32163
▁horsemen	32164
▁prominence	32165
▁perished	32166
▁bite	32167
▁consistently	32168
▁10.)	32169
▁Bit	32170
▁texture	32171
emp	32172
▁transit	32173
▁requesting	32174
▁Mad	32175
▁Operations	32176
Page	32177
▁financially	32178
▁Required	32179
▁hero	32180
dict	32181
▁fraction	32182
▁Results	32183
▁Sadducees	32184
▁castle	32185
▁Levite	32186
▁evidences	32187
▁ghost	32188
▁Train	32189
▁stores	32190
dge	32191
shed	32192
▁Less	32193
▁Susan	32194
▁preliminary	32195
▁marrying	32196
侵	32197
▁Cape	32198
▁deserved	32199
၈	32200
▁logged	32201
▁organizational	32202
▁validity	32203
歧	32204
using	32205
▁2005.	32206
▁intends	32207
၁	32208
▁28;	32209
▁souled	32210
▁materialism	32211
ハ	32212
without	32213
▁condemnation	32214
▁favored	32215
unicode	32216
▁Linux	32217
▁Jump	32218
▁YOUR	32219
▁muscle	32220
▁intensity	32221
▁shrink	32222
▁suspended	32223
▁expend	32224
▁noteworthy	32225
lies	32226
▁barely	32227
▁cheese	32228
EAR	32229
▁COR	32230
▁Upper	32231
▁engines	32232
▁lords	32233
acc	32234
▁warrant	32235
gam	32236
quot	32237
ઢ	32238
▁(%1)	32239
▁scribe	32240
▁decent	32241
▁Cause	32242
▁spies	32243
master	32244
▁certification	32245
▁81	32246
▁plea	32247
▁rival	32248
▁indignation	32249
▁Rio	32250
▁incite	32251
網	32252
▁Judaea	32253
▁reinforce	32254
▁recognizing	32255
ペ	32256
Never	32257
邦	32258
▁discretion	32259
急	32260
Port	32261
▁beforehand	32262
▁reverence	32263
▁mayest	32264
▁passover	32265
▁chiefs	32266
▁specifications	32267
▁silk	32268
▁(*	32269
base	32270
▁Annual	32271
▁Reward	32272
▁ដែរ	32273
▁Taiwan	32274
▁Microsoft	32275
▁confined	32276
▁01	32277
turn	32278
▁posted	32279
儲	32280
計	32281
革	32282
▁Running	32283
gard	32284
lev	32285
▁Countries	32286
▁undergo	32287
▁counts	32288
▁venture	32289
滋	32290
達	32291
▁resemble	32292
▁Missing	32293
▁scenes	32294
试	32295
HAN	32296
席	32297
▁Buy	32298
▁dimension	32299
▁bent	32300
探	32301
台	32302
yard	32303
care	32304
▁predict	32305
势	32306
oid	32307
▁derive	32308
▁occupy	32309
▁retirement	32310
▁trembling	32311
Ъ	32312
▁purity	32313
▁82	32314
▁menus	32315
▁bondmen	32316
▁leaven	32317
▁TH	32318
▁committees	32319
▁exceeded	32320
▁rejection	32321
沙	32322
Well	32323
optional	32324
▁modules	32325
▁portray	32326
۹	32327
ቍ	32328
▁leisure	32329
▁Customs	32330
▁Baptist	32331
▁lodging	32332
▁conferred	32333
符	32334
▁Ker	32335
▁disabilities	32336
▁sober	32337
▁داوای	32338
▁confirms	32339
▁Romanian	32340
▁encamped	32341
▁frustrated	32342
▁Conditions	32343
▁merchants	32344
▁expel	32345
▁lover	32346
▁reacted	32347
▁typing	32348
▁GDP	32349
▁Bou	32350
▁operated	32351
▁ambition	32352
▁sepulchre	32353
▁35:	32354
▁upgrade	32355
▁progressively	32356
/7	32357
6)	32358
▁Respect	32359
▁unacceptable	32360
▁enrich	32361
兄	32362
▁revive	32363
▁siblings	32364
▁duplicate	32365
	32366
▁harlot	32367
oh	32368
▁builds	32369
▁voting	32370
▁prolonged	32371
▁Figure	32372
▁worm	32373
▁exporting	32374
▁uk	32375
▁Bio	32376
800	32377
▁ALL	32378
▁balls	32379
Շ	32380
▁veterinar	32381
Alt	32382
む	32383
▁lodged	32384
ಘ	32385
▁Madam	32386
▁poison	32387
▁bastard	32388
混	32389
▁Thousand	32390
▁Elihu	32391
▁5.)	32392
▁stern	32393
▁Visual	32394
▁Agriculture	32395
▁800	32396
▁Aid	32397
超	32398
▁Deputy	32399
▁(0	32400
▁Kindness	32401
ope	32402
▁wasted	32403
戶	32404
come	32405
edit	32406
▁sufferings	32407
▁bounds	32408
▁Encourage	32409
reate	32410
▁sphere	32411
duct	32412
▁newborn	32413
區	32414
▁styles	32415
▁fools	32416
▁infections	32417
▁labels	32418
▁kit	32419
▁discusse	32420
▁dislike	32421
▁swimming	32422
概	32423
检	32424
▁demonstrates	32425
▁FI	32426
穦	32427
▁Clo	32428
-12	32429
live	32430
▁Confirm	32431
▁posed	32432
keeper	32433
▁finest	32434
phil	32435
▁bunch	32436
▁Orientation	32437
irc	32438
▁specially	32439
▁Optional	32440
▁Chaldeans	32441
▁inadequate	32442
▁tissue	32443
統	32444
▁Viewpoint	32445
▁anointing	32446
▁filesystem	32447
▁2006.	32448
▁plainly	32449
▁haste	32450
▁كاپىر	32451
▁Hang	32452
▁opponents	32453
▁Resources	32454
▁Elias	32455
sons	32456
▁deciding	32457
▁ISSUE	32458
CS	32459
being	32460
帶	32461
覺	32462
▁decay	32463
▁attributed	32464
▁pig	32465
▁quarrel	32466
▁Army	32467
▁directories	32468
▁Either	32469
▁coal	32470
▁Tasks	32471
▁JOHN	32472
▁replies	32473
▁Defaults	32474
▁bas	32475
▁reservation	32476
缔	32477
許	32478
Every	32479
smuch	32480
▁heating	32481
▁Round	32482
▁floating	32483
▁Assyrian	32484
▁consulting	32485
▁20]	32486
▁Chris	32487
▁spy	32488
▁broadcast	32489
Continue	32490
▁resume	32491
▁transmit	32492
▁Karen	32493
▁Topic	32494
▁pause	32495
▁Lady	32496
▁Website	32497
▁minimal	32498
▁unmount	32499
▁Plugins	32500
▁WITH	32501
曾	32502
Document	32503
▁discourage	32504
▁JESUS	32505
▁Maintainer	32506
0)	32507
▁101	32508
▁admonish	32509
Ի	32510
▁Bulgarian	32511
▁Devices	32512
▁delegated	32513
▁Debian	32514
start	32515
▁honourable	32516
▁spouses	32517
▁remedy	32518
quit	32519
▁stops	32520
▁concealed	32521
▁Created	32522
▁2008.	32523
障	32524
▁morrow	32525
▁Malta	32526
▁accessories	32527
ェ	32528
▁intervene	32529
five	32530
▁Sierra	32531
IVE	32532
▁Croatian	32533
▁dew	32534
▁Angel	32535
▁adolescents	32536
▁vocational	32537
show	32538
▁loneliness	32539
▁Calculator	32540
▁Activity	32541
血	32542
▁Capital	32543
▁Flash	32544
▁emblem	32545
Start	32546
▁alms	32547
▁fashioned	32548
▁VII	32549
▁brown	32550
▁blossom	32551
ae	32552
chem	32553
rated	32554
▁debts	32555
▁summoned	32556
▁compound	32557
▁fifteen	32558
▁spiritism	32559
▁איך	32560
▁communicated	32561
▁1998,	32562
▁Added	32563
▁characterized	32564
▁designation	32565
OUR	32566
ional	32567
頭	32568
▁loop	32569
▁hung	32570
ended	32571
little	32572
Date	32573
▁Digital	32574
▁sadness	32575
▁3]	32576
▁Ren	32577
٥	32578
▁iCal	32579
mentioned	32580
gie	32581
▁exult	32582
断	32583
▁2009.	32584
▁::	32585
▁rub	32586
▁hearken	32587
▁incredible	32588
▁Aquila	32589
▁Sanhedrin	32590
▁tickets	32591
erated	32592
Check	32593
disk	32594
œ	32595
▁figured	32596
▁inward	32597
▁prayerful	32598
▁OUR	32599
ဧ	32600
▁trailer	32601
-%	32602
▁undone	32603
after	32604
含	32605
▁miserable	32606
▁Unity	32607
▁sprinkle	32608
emi	32609
object	32610
▁Miscellaneous	32611
AF	32612
▁kindled	32613
esh	32614
▁disclose	32615
▁pitch	32616
▁Yesterday	32617
督	32618
real	32619
▁flights	32620
break	32621
▁hereafter	32622
▁progressed	32623
▁Beach	32624
旅	32625
▁Filters	32626
▁Steve	32627
▁Bolivia	32628
▁Term	32629
▁Wrap	32630
▁designs	32631
▁(6)	32632
似	32633
ways	32634
▁PSALM	32635
ئیں	32636
▁biennium	32637
▁descended	32638
▁populations	32639
▁filters	32640
▁toxic	32641
▁Accessibility	32642
仕	32643
oy	32644
ഘ	32645
▁Applying	32646
▁exhibit	32647
▁Apollos	32648
▁impairment	32649
▁propose	32650
▁Balaam	32651
▁grandson	32652
٤	32653
▁combine	32654
Disc	32655
▁abiding	32656
▁Haiti	32657
▁segment	32658
节	32659
▁assisting	32660
▁injustices	32661
▁stumbled	32662
▁appearing	32663
Ө	32664
search	32665
▁Tags	32666
▁consensus	32667
▁joining	32668
ሏ	32669
coming	32670
▁societies	32671
础	32672
-20	32673
Font	32674
▁surviving	32675
▁monster	32676
▁prisons	32677
連	32678
▁Front	32679
歉	32680
▁sync	32681
▁Ann	32682
upon	32683
▁Eight	32684
tool	32685
船	32686
显	32687
.1.	32688
▁Presentation	32689
▁Presidency	32690
▁packaging	32691
lier	32692
hab	32693
چونکه	32694
村	32695
▁Gaza	32696
▁nerve	32697
▁نوێژ	32698
▁4.)	32699
▁Doc	32700
ook	32701
๊	32702
▁scenario	32703
▁managers	32704
▁outline	32705
Father	32706
▁baseline	32707
Hide	32708
▁fourteen	32709
義	32710
▁refusing	32711
▁flexibility	32712
cop	32713
▁Emperor	32714
▁deceitful	32715
▁sanctions	32716
▁tolerate	32717
▁disturbed	32718
▁deprived	32719
▁idiot	32720
▁thrive	32721
▁4]	32722
▁Congress	32723
▁ascended	32724
▁damaging	32725
▁cleanness	32726
セ	32727
▁Cher	32728
▁selective	32729
▁Lou	32730
▁lad	32731
▁Herzegovina	32732
▁piety	32733
▁trunk	32734
▁Giver	32735
rog	32736
▁industries	32737
返	32738
▁Invisible	32739
▁sodium	32740
▁trips	32741
Read	32742
拟	32743
姆	32744
cup	32745
▁daemon	32746
▁instantly	32747
▁glance	32748
決	32749
▁appreciative	32750
▁donkey	32751
▁cargo	32752
▁parliament	32753
▁insects	32754
▁Hurry	32755
▁Rod	32756
▁stays	32757
▁inches	32758
▁Capernaum	32759
▁Septuagint	32760
rip	32761
▁AD	32762
wing	32763
▁8.)	32764
tent	32765
半	32766
酒	32767
▁Related	32768
▁alternate	32769
▁nearer	32770
單	32771
▁hypo	32772
▁Conflict	32773
iled	32774
▁Ok	32775
▁Guidance	32776
▁Southern	32777
▁films	32778
▁withered	32779
▁officially	32780
▁confidently	32781
▁Roll	32782
gus	32783
▁farming	32784
▁Christlike	32785
▁laboratory	32786
▁concluding	32787
變	32788
▁char	32789
▁adversaries	32790
▁holidays	32791
▁Lee	32792
▁Shechem	32793
▁Sky	32794
▁covetousness	32795
故	32796
▁prevents	32797
▁blend	32798
▁Godly	32799
▁withstand	32800
▁Cro	32801
▁rust	32802
▁Already	32803
▁proclamation	32804
▁confession	32805
笑	32806
▁renewable	32807
▁swim	32808
▁signals	32809
zone	32810
▁intra	32811
iest	32812
ders	32813
▁helmet	32814
Link	32815
▁drives	32816
▁liable	32817
۶	32818
foot	32819
upp	32820
▁landing	32821
▁contacted	32822
▁interaction	32823
▁priceless	32824
ential	32825
▁Blog	32826
▁swine	32827
▁Lives	32828
▁solidarity	32829
▁stiff	32830
▁hostname	32831
United	32832
▁Unread	32833
▁merchant	32834
▁HA	32835
▁belie	32836
rest	32837
specific	32838
▁luxury	32839
委	32840
▁reluctant	32841
▁integer	32842
▁disagree	32843
▁Sister	32844
▁Mankind	32845
▁profitable	32846
ICE	32847
▁realization	32848
▁Bold	32849
gress	32850
lib	32851
▁epi	32852
▁Communist	32853
▁coordinated	32854
▁offences	32855
▁2007.	32856
▁breakdown	32857
▁fleeing	32858
▁manna	32859
rry	32860
武	32861
▁lodge	32862
▁Sat	32863
▁halt	32864
ARD	32865
州	32866
ぐ	32867
▁unprecedented	32868
▁Feel	32869
hmm	32870
THER	32871
enter	32872
▁Jason	32873
▁contemporary	32874
▁112	32875
OLD	32876
▁govern	32877
ঢ	32878
▁humiliating	32879
▁pretend	32880
▁governmental	32881
▁supportive	32882
▁hadn	32883
▁bereaved	32884
▁oneself	32885
ፓ	32886
扩	32887
▁revert	32888
▁Morocco	32889
hour	32890
▁accusation	32891
▁Angels	32892
▁sower	32893
▁schema	32894
▁Mine	32895
▁pushed	32896
ŭ	32897
▁wins	32898
▁Tunisia	32899
徒	32900
▁1995,	32901
▁Bern	32902
碞	32903
▁SOME	32904
覽	32905
None	32906
企	32907
▁Groups	32908
▁awaken	32909
▁shekels	32910
▁intercession	32911
史	32912
oi	32913
▁Cloud	32914
▁Pennsylvania	32915
▁authenticate	32916
▁retail	32917
缺	32918
ఐ	32919
▁Mid	32920
▁[1]	32921
▁eject	32922
▁Backup	32923
构	32924
▁lt	32925
▁bowl	32926
▁hormone	32927
▁Mozambique	32928
▁GIMP	32929
▁adventure	32930
▁routes	32931
▁supper	32932
▁7.)	32933
▁shouting	32934
▁Smart	32935
▁targeted	32936
▁tremble	32937
▁Victoria	32938
伤	32939
▁Azerbaijan	32940
▁Kr	32941
▁1000	32942
▁chooser	32943
▁frozen	32944
▁radiation	32945
▁speaketh	32946
▁Upload	32947
▁concepts	32948
▁Conversation	32949
	32950
▁Caiaphas	32951
▁minority	32952
▁2010.	32953
▁118	32954
▁Huh	32955
ept	32956
▁zones	32957
▁adaptation	32958
▁figs	32959
▁incidence	32960
▁afterwards	32961
▁33,	32962
▁necks	32963
▁Graph	32964
▁Storage	32965
▁Venezuela	32966
.4.	32967
▁supporters	32968
▁trapped	32969
makers	32970
八	32971
▁Madagascar	32972
▁Thinking	32973
▁2014,	32974
▁conservation	32975
▁enjoys	32976
▁Religious	32977
▁graduates	32978
▁attained	32979
▁tie	32980
tec	32981
▁Highlights	32982
▁cake	32983
▁Away	32984
▁720	32985
▁libraries	32986
ously	32987
▁counting	32988
▁rams	32989
▁rolled	32990
▁conveyed	32991
▁Beneficent	32992
▁Blessings	32993
▁logging	32994
▁Antonio	32995
▁VIII	32996
▁ministered	32997
▁distinguished	32998
▁freak	32999
▁FILE	33000
眼	33001
▁aunt	33002
▁Dash	33003
▁Invite	33004
▁106	33005
▁prudent	33006
▁Yourself	33007
▁magnify	33008
▁Yugoslavia	33009
▁vile	33010
融	33011
iii	33012
▁concert	33013
鼓	33014
赞	33015
▁lasted	33016
▁aright	33017
▁bottles	33018
假	33019
lex	33020
▁clue	33021
▁bike	33022
▁Principal	33023
▁Few	33024
▁anoint	33025
local	33026
▁vigilant	33027
▁Sad	33028
▁decimal	33029
▁Sum	33030
▁Forgive	33031
▁LE	33032
▁civilization	33033
dol	33034
▁worshipper	33035
▁slaughtered	33036
▁Iscariot	33037
▁heap	33038
▁tonnes	33039
▁uncertainty	33040
▁Anointed	33041
▁interactive	33042
ಐ	33043
▁unhappy	33044
▁chastise	33045
▁rests	33046
寫	33047
▁Monte	33048
▁extends	33049
▁19]	33050
ulated	33051
▁collapse	33052
▁treatments	33053
▁twin	33054
▁blew	33055
▁claiming	33056
▁Accelerator	33057
裝	33058
▁confessed	33059
▁donated	33060
message	33061
▁Syrians	33062
▁respectfully	33063
Default	33064
▁materialistic	33065
▁Congratulations	33066
▁characteristic	33067
	33068
lands	33069
▁Sisera	33070
▁Works	33071
▁acute	33072
▁underground	33073
Ю	33074
▁Links	33075
▁2011.	33076
▁annually	33077
錯	33078
▁murmuring	33079
▁2004.	33080
黎	33081
▁rational	33082
▁sentences	33083
▁placebo	33084
▁corpse	33085
散	33086
▁complained	33087
ESS	33088
rot	33089
验	33090
▁ECU	33091
▁DVDs	33092
▁Score	33093
trust	33094
▁horrible	33095
▁sufficiently	33096
▁youngest	33097
PER	33098
▁evangelizers	33099
▁rebuild	33100
永	33101
藏	33102
cate	33103
▁Ponti	33104
▁marketplace	33105
▁yeartext	33106
▁yielding	33107
HR	33108
▁flourish	33109
Ə	33110
▁Malcolm	33111
১	33112
▁Meta	33113
▁incomplete	33114
▁Rosa	33115
▁Persons	33116
▁denying	33117
▁Scott	33118
▁cheerful	33119
-10	33120
▁denial	33121
▁originate	33122
▁Opinion	33123
▁oppress	33124
▁Ghana	33125
▁dishes	33126
▁CN	33127
▁panic	33128
▁thither	33129
Satan	33130
▁artificial	33131
▁featured	33132
▁fury	33133
▁Honey	33134
▁Sharing	33135
▁stoned	33136
▁surgeon	33137
▁blinded	33138
▁goddess	33139
gio	33140
▁briefly	33141
▁Epiphany	33142
▁comparing	33143
▁reproof	33144
▁refined	33145
▁basket	33146
钱	33147
▁scrolls	33148
First	33149
▁Town	33150
▁[1	33151
▁displaced	33152
Mail	33153
TOR	33154
▁Thess	33155
▁preservation	33156
▁Hidden	33157
▁Plasma	33158
▁regulated	33159
▁Fair	33160
該	33161
▁Experience	33162
gnome	33163
▁financed	33164
▁Ahaz	33165
業	33166
Or	33167
▁Random	33168
▁persuade	33169
Work	33170
▁Gift	33171
଼	33172
▁reload	33173
Ꮛ	33174
▁concentrations	33175
औ	33176
▁Goals	33177
▁imply	33178
ຂອງ	33179
▁Protect	33180
▁inclinations	33181
RY	33182
▁charm	33183
▁Georgian	33184
へ	33185
aud	33186
▁hunt	33187
▁integral	33188
▁malicious	33189
▁tick	33190
ying	33191
▁1982	33192
▁Battery	33193
▁Offline	33194
ander	33195
safe	33196
▁boasting	33197
▁canceled	33198
▁Culture	33199
▁Kuwait	33200
▁PUBLISHERS	33201
sea	33202
▁admire	33203
▁screenshot	33204
▁Ananias	33205
▁Walter	33206
▁successor	33207
▁withdrawn	33208
▁Territory	33209
▁attachments	33210
▁vivid	33211
▁whilst	33212
困	33213
▁scripts	33214
▁sprout	33215
total	33216
▁Kit	33217
亡	33218
▁repository	33219
▁ext	33220
imian	33221
▁definitions	33222
	33223
▁sincerity	33224
▁tips	33225
▁Wide	33226
▁socio	33227
▁hug	33228
▁1939	33229
▁modification	33230
▁Serbian	33231
▁irre	33232
▁profess	33233
Ɛ	33234
优	33235
lid	33236
2.1	33237
▁parsing	33238
▁livelihood	33239
	33240
۽	33241
▁1984	33242
▁Gas	33243
▁disown	33244
▁freedoms	33245
▁Hospital	33246
▁builders	33247
▁rightful	33248
▁Sri	33249
▁lighting	33250
▁stresses	33251
▁fatherless	33252
eous	33253
▁shortcomings	33254
▁(3	33255
▁Margin	33256
划	33257
馬	33258
▁pound	33259
▁inexperienced	33260
▁firsthand	33261
mode	33262
捐	33263
▁bend	33264
▁Dialogue	33265
▁knowest	33266
▁phones	33267
均	33268
▁Torah	33269
−	33270
▁Gracious	33271
±	33272
LES	33273
~	33274
▁UTF	33275
▁perception	33276
▁assemble	33277
▁Underline	33278
▁grandparents	33279
▁compulsory	33280
▁Commander	33281
▁Philistine	33282
▁cleared	33283
強	33284
▁tropical	33285
▁cops	33286
iving	33287
▁clinic	33288
▁inch	33289
▁́	33290
▁retreat	33291
ending	33292
捕	33293
▁trains	33294
▁enterprise	33295
Enter	33296
chron	33297
▁Release	33298
cient	33299
▁sits	33300
▁ABOUT	33301
▁siege	33302
▁Dollar	33303
▁Practice	33304
▁typically	33305
▁obstacle	33306
▁relying	33307
▁hypocritical	33308
▁Final	33309
▁bribe	33310
Server	33311
難	33312
▁essence	33313
setting	33314
▁cord	33315
▁grooming	33316
怕	33317
▁presently	33318
very	33319
▁Machine	33320
▁Uganda	33321
风	33322
▁Shortcuts	33323
▁Past	33324
many	33325
ttle	33326
▁hunting	33327
▁orbit	33328
▁accusations	33329
▁prayerfully	33330
▁tasted	33331
sized	33332
stop	33333
▁Plant	33334
DER	33335
▁fits	33336
▁feeds	33337
▁dealer	33338
NC	33339
shire	33340
▁ambitious	33341
广	33342
ጴ	33343
▁lifesaving	33344
▁summit	33345
section	33346
Am	33347
▁achievements	33348
range	33349
tone	33350
▁logic	33351
lift	33352
▁earliest	33353
:%02	33354
▁newspapers	33355
▁gladness	33356
▁suppliers	33357
▁weaker	33358
▁Abner	33359
▁considerate	33360
walk	33361
▁12.)	33362
▁Patients	33363
▁preserving	33364
..."	33365
▁Norwegian	33366
▁elect	33367
角	33368
▁specification	33369
▁Ontario	33370
▁trespasses	33371
▁Finished	33372
▁trail	33373
Video	33374
▁hostility	33375
!”	33376
product	33377
▁enjoin	33378
ROM	33379
签	33380
▁ancients	33381
▁Leone	33382
▁warmth	33383
▁sticking	33384
▁bloody	33385
赔	33386
▁Cow	33387
▁Revert	33388
▁anchor	33389
Comp	33390
7)	33391
ଃ	33392
▁Benefit	33393
▁developer	33394
贫	33395
▁shouted	33396
Abraham	33397
▁revolt	33398
UP	33399
▁manners	33400
rb	33401
▁dominate	33402
▁barley	33403
▁Partnership	33404
秘	33405
▁Transparency	33406
▁delicate	33407
紧	33408
▁psalms	33409
Number	33410
▁booking	33411
▁almighty	33412
▁inscription	33413
▁brilliant	33414
▁infusion	33415
▁coping	33416
▁advise	33417
▁stamp	33418
.2.	33419
▁promising	33420
頁	33421
▁1943	33422
▁MD	33423
▁partially	33424
TRA	33425
▁upload	33426
▁Brand	33427
▁lure	33428
▁unlimited	33429
▁Kevin	33430
▁133	33431
▁RO	33432
ฐ	33433
▁woods	33434
▁Eleazar	33435
励	33436
public	33437
▁Guardian	33438
remember	33439
▁suspicion	33440
▁adversary	33441
▁follower	33442
apt	33443
▁nationals	33444
▁Milan	33445
cid	33446
▁discount	33447
▁1.5	33448
▁thanked	33449
Tools	33450
Properties	33451
▁dragged	33452
▁suffers	33453
excluding	33454
套	33455
▁Saved	33456
▁Absolutely	33457
▁Spelling	33458
▁subscription	33459
▁Judaism	33460
▁wont	33461
▁pope	33462
▁Chair	33463
▁dude	33464
▁cultivated	33465
▁Removing	33466
▁Detail	33467
退	33468
▁dial	33469
Applause	33470
▁Olympic	33471
▁sunset	33472
▁Kubuntu	33473
awn	33474
▁Asher	33475
maker	33476
▁destiny	33477
▁pronounce	33478
▁Guidelines	33479
▁unbeliever	33480
ural	33481
▁abominations	33482
▁leaf	33483
满	33484
▁Ball	33485
Free	33486
▁alliance	33487
▁saves	33488
▁Arabia	33489
▁criterion	33490
▁1983	33491
▁scores	33492
Log	33493
▁hither	33494
▁advocate	33495
▁assessments	33496
態	33497
▁textile	33498
▁theater	33499
▁Sham	33500
▁Spell	33501
▁territorial	33502
摩	33503
▁Definition	33504
药	33505
▁Half	33506
▁Ltd	33507
▁spices	33508
▁evangelizer	33509
▁unkind	33510
mont	33511
▁majesty	33512
曆	33513
west	33514
doing	33515
摘	33516
dest	33517
▁football	33518
▁Coast	33519
▁roaring	33520
▁tackle	33521
▁Fifth	33522
▁Perform	33523
▁alienated	33524
Shall	33525
▁forwarded	33526
▁singleness	33527
▁wore	33528
標	33529
Set	33530
▁temperatures	33531
/12	33532
▁differed	33533
▁Wal	33534
▁ICO	33535
▁Yahoo	33536
▁scrap	33537
▁envelope	33538
▁weakened	33539
▁stronghold	33540
▁partakers	33541
▁violated	33542
notation	33543
▁salary	33544
▁Sel	33545
▁rubber	33546
▁spelling	33547
৯	33548
▁String	33549
離	33550
▁deity	33551
▁Industrial	33552
	33553
▁Liberia	33554
▁Videos	33555
▁gently	33556
▁Downloading	33557
૦	33558
▁tension	33559
▁107	33560
▁Naaman	33561
▁Execute	33562
▁Sidon	33563
▁cute	33564
▁adequately	33565
▁centers	33566
▁Nam	33567
▁Whole	33568
▁binary	33569
▁horror	33570
线	33571
Conf	33572
person	33573
▁museum	33574
▁odd	33575
know	33576
▁Circle	33577
▁explosion	33578
▁Linda	33579
▁embarrassed	33580
▁suspected	33581
▁elimination	33582
▁mandatory	33583
劳	33584
ipp	33585
▁GPS	33586
▁bearer	33587
bird	33588
▁ignoring	33589
-6	33590
▁licences	33591
ents	33592
▁algorithm	33593
▁indications	33594
▁horizon	33595
▁Professional	33596
▁pigs	33597
▁Uriah	33598
▁retained	33599
▁doers	33600
▁issuing	33601
▁Dublin	33602
▁Usually	33603
▁beneficiary	33604
▁impatient	33605
▁Leads	33606
▁1979	33607
▁collectors	33608
wall	33609
▁fatigue	33610
▁accomplishing	33611
▁personalities	33612
▁nobles	33613
▁weighty	33614
▁1941	33615
▁Understandabl	33616
▁lecture	33617
Ab	33618
▁Require	33619
▁investigations	33620
訴	33621
clo	33622
▁Finding	33623
▁supervisory	33624
▁contempt	33625
▁architecture	33626
button	33627
▁cunning	33628
▁prostitution	33629
ester	33630
count	33631
▁relieved	33632
▁11]	33633
▁3.)	33634
▁Samaritans	33635
▁hopeless	33636
▁dish	33637
Ì	33638
ឧ	33639
▁incidents	33640
▁realities	33641
▁campaigns	33642
▁diagnosed	33643
▁Slovakia	33644
▁Saudi	33645
▁Highlighting	33646
▁county	33647
▁leaflet	33648
▁undue	33649
astic	33650
▁Sports	33651
ducing	33652
▁Danny	33653
▁Tooltip	33654
▁ample	33655
▁Prior	33656
▁pasture	33657
▁48:	33658
Bookmarks	33659
▁fabric	33660
▁voted	33661
Blessed	33662
control	33663
sensitive	33664
▁Beware	33665
▁Cultural	33666
▁explosive	33667
▁handmaid	33668
▁Priscilla	33669
▁MS	33670
▁Ohio	33671
▁Payment	33672
▁sender	33673
▁indent	33674
omi	33675
▁1997,	33676
▁cameras	33677
▁citizenship	33678
▁Periodic	33679
▁butter	33680
▁compel	33681
▁destined	33682
▁planets	33683
创	33684
▁Majesty	33685
▁combo	33686
▁Edition	33687
▁Treatment	33688
▁Tal	33689
menu	33690
▁discerning	33691
core	33692
▁quote	33693
▁declined	33694
▁Barcelona	33695
票	33696
▁Belarus	33697
▁Wake	33698
▁honors	33699
▁Unmount	33700
▁USB	33701
▁Madrid	33702
ঝ	33703
(5)	33704
ጤ	33705
▁Eccl	33706
ሔ	33707
▁ink	33708
▁counsels	33709
uid	33710
▁indirect	33711
▁Completed	33712
▁observer	33713
▁orderly	33714
▁disputed	33715
▁700	33716
▁bulls	33717
ဣ	33718
▁1946	33719
▁League	33720
▁Forest	33721
▁dump	33722
rov	33723
▁leap	33724
▁variation	33725
▁Mus	33726
▁IMAGE	33727
▁conjunction	33728
實	33729
遭	33730
▁introducing	33731
▁abyss	33732
▁eliminated	33733
▁digits	33734
▁accommodate	33735
▁17.)	33736
▁2015,	33737
▁sorcerer	33738
Preview	33739
▁furnish	33740
▁puffed	33741
▁undergoing	33742
▁keenly	33743
▁SEE	33744
▁Yellow	33745
bear	33746
▁transitional	33747
▁lab	33748
▁accounted	33749
LD	33750
▁insisted	33751
▁stray	33752
▁agrees	33753
▁opposing	33754
▁clever	33755
▁radical	33756
LS	33757
ody	33758
远	33759
ቑ	33760
▁isolation	33761
▁blade	33762
▁Problems	33763
▁insufficient	33764
醒	33765
▁disagreements	33766
▁wretched	33767
actic	33768
▁plates	33769
▁juice	33770
▁orphan	33771
▁adolescent	33772
▁rises	33773
▁Pr	33774
▁Tomorrow	33775
▁2012.	33776
▁Environmental	33777
▁varied	33778
▁outdoor	33779
▁politicians	33780
▁spectacular	33781
▁dreadful	33782
▁RGB	33783
Â	33784
Everyone	33785
▁strings	33786
▁16.)	33787
▁Variable	33788
present	33789
▁regrets	33790
▁unfold	33791
sses	33792
aca	33793
▁Wind	33794
▁maid	33795
車	33796
▁recipe	33797
ョ	33798
▁1981	33799
▁Quebec	33800
▁Sto	33801
ሯ	33802
itch	33803
▁Club	33804
▁evaluated	33805
▁reprove	33806
▁capabilities	33807
君	33808
▁guarded	33809
▁Solid	33810
Ê	33811
▁shorter	33812
▁Bed	33813
▁commemorate	33814
▁hurts	33815
▁Simply	33816
step	33817
▁patent	33818
▁Hotels	33819
▁Jehoiada	33820
Surely	33821
ỳ	33822
▁ftn	33823
▁Flor	33824
▁allowances	33825
處	33826
%%	33827
▁1993,	33828
▁amid	33829
▁Archives	33830
Ҙ	33831
尤	33832
▁GConf	33833
▁Anchor	33834
▁Sco	33835
▁Sans	33836
▁phenomenon	33837
▁arts	33838
▁Morning	33839
石	33840
仅	33841
▁cherished	33842
▁learner	33843
▁Lystra	33844
	33845
▁Reach	33846
▁DA	33847
择	33848
۷	33849
৬	33850
aught	33851
▁Violence	33852
▁SRA	33853
▁Ky	33854
ups	33855
km	33856
▁Angola	33857
fall	33858
▁Cost	33859
▁nuts	33860
▁weighing	33861
▁renew	33862
▁wider	33863
▁ports	33864
▁Temporary	33865
52	33866
▁CDs	33867
青	33868
▁Fourth	33869
▁distract	33870
▁scoff	33871
Toolbar	33872
▁acknowledges	33873
▁Eu	33874
▁[3]	33875
▁sec	33876
▁Proposal	33877
▁delivers	33878
▁AC	33879
▁Somebody	33880
▁endowed	33881
▁Discover	33882
▁Lanka	33883
▁tarried	33884
▁shipping	33885
▁surname	33886
▁Playing	33887
ኅ	33888
TM	33889
▁Prevention	33890
萨	33891
▁engagement	33892
	33893
▁splendor	33894
▁Understanding	33895
against	33896
▁Driver	33897
▁Bethany	33898
▁Dal	33899
▁Smith	33900
▁appropriately	33901
▁dim	33902
▁liabilities	33903
drop	33904
night	33905
	33906
▁Lin	33907
▁reliance	33908
▁heated	33909
▁1.1	33910
射	33911
耳	33912
▁Deut	33913
▁holes	33914
Application	33915
▁Colonel	33916
SM	33917
▁carrier	33918
▁wholehearted	33919
▁straightway	33920
▁119	33921
▁28]	33922
▁Azariah	33923
▁legacy	33924
▁13.)	33925
▁Jezreel	33926
▁Kir	33927
▁listener	33928
Last	33929
▁repeal	33930
▁tolerance	33931
変	33932
toxic	33933
ALL	33934
PRO	33935
▁stalk	33936
▁certified	33937
▁Mak	33938
▁dignified	33939
▁practically	33940
NESS	33941
モ	33942
ening	33943
▁Syntax	33944
▁symbolize	33945
▁Thread	33946
▁clearance	33947
operation	33948
▁32,	33949
▁Annexes	33950
奥	33951
▁boards	33952
▁overview	33953
驻	33954
▁CC	33955
▁appeals	33956
疑	33957
▁Wizard	33958
▁STUDIES	33959
▁Armenian	33960
曼	33961
▁Users	33962
▁Makes	33963
▁rolling	33964
▁Shadow	33965
▁Yearbook	33966
▁reservations	33967
▁Fle	33968
piece	33969
▁nets	33970
▁substantive	33971
專	33972
main	33973
▁publishing	33974
▁resize	33975
▁Thu	33976
▁expanding	33977
▁theft	33978
game	33979
▁hurled	33980
▁chap	33981
direct	33982
▁incline	33983
third	33984
▁Salvation	33985
▁canvas	33986
▁spots	33987
▁typed	33988
▁exported	33989
笵	33990
Ǹ	33991
En	33992
▁Poly	33993
▁playback	33994
▁Analysis	33995
▁rope	33996
▁underline	33997
▁AWAKE	33998
▁justification	33999
▁Abimelech	34000
▁extensions	34001
▁taxation	34002
▁Iceland	34003
▁Debug	34004
▁OpenGL	34005
▁hospitals	34006
▁emerge	34007
▁Coming	34008
▁Prison	34009
▁clause	34010
請	34011
▁considerations	34012
▁1949	34013
▁sponsor	34014
▁Prev	34015
▁breed	34016
▁purified	34017
▁Vatican	34018
▁proceeds	34019
▁timeout	34020
▁departments	34021
產	34022
▁Eye	34023
▁Texas	34024
喺	34025
▁hindered	34026
▁quietly	34027
▁smallest	34028
▁myth	34029
▁succumb	34030
europa	34031
▁Holiday	34032
▁Cart	34033
▁metres	34034
More	34035
▁timber	34036
▁Cru	34037
▁Promise	34038
▁Secure	34039
▁partnerships	34040
▁Experts	34041
擇	34042
▁bacteria	34043
TY	34044
▁worries	34045
▁Baby	34046
▁restoring	34047
讲	34048
▁subsidiary	34049
▁contemporaries	34050
IBM	34051
ಃ	34052
▁foretell	34053
▁simultaneously	34054
▁variant	34055
▁civilians	34056
▁infancy	34057
▁jinns	34058
՝	34059
乎	34060
▁compatibility	34061
▁sometime	34062
▁unread	34063
ዬ	34064
▁understandable	34065
۱	34066
▁Query	34067
▁greeted	34068
▁Sl	34069
▁Potter	34070
▁junk	34071
▁prospective	34072
▁42:	34073
▁Sample	34074
▁shun	34075
▁photograph	34076
▁Suspend	34077
udge	34078
▁workshop	34079
Christian	34080
lk	34081
tract	34082
▁protocols	34083
▁cups	34084
▁147	34085
▁Able	34086
▁MEMORI	34087
▁Population	34088
▁operates	34089
▁Supported	34090
UB	34091
▁Mexican	34092
▁fills	34093
................	34094
▁asunder	34095
٦	34096
▁consciousness	34097
▁dismissed	34098
ibly	34099
▁objection	34100
default	34101
ỡ	34102
▁MAN	34103
ATIONS	34104
▁Imp	34105
▁Ice	34106
▁kissed	34107
▁therefrom	34108
▁prone	34109
▁contradict	34110
▁passport	34111
▁allies	34112
▁Depend	34113
▁diameter	34114
▁nakedness	34115
▁distort	34116
Coptic	34117
▁resumed	34118
坐	34119
allow	34120
▁delicious	34121
NT	34122
▁4.2	34123
幸	34124
Ꮮ	34125
▁pad	34126
▁exclusion	34127
▁adapted	34128
遵	34129
▁summon	34130
▁Rwanda	34131
▁whoso	34132
▁Diagram	34133
▁shocking	34134
slave	34135
户	34136
▁seizure	34137
▁surround	34138
兵	34139
丁	34140
▁conscientious	34141
▁imminent	34142
▁AL	34143
▁Kam	34144
▁emerging	34145
▁1996,	34146
▁14.)	34147
▁visitor	34148
▁breastplate	34149
dpi	34150
▁emphasizes	34151
ミ	34152
▁Activities	34153
▁distorted	34154
MY	34155
๋	34156
蛋	34157
▁interrupt	34158
▁ONE	34159
▁outbreak	34160
▁equation	34161
▁reassure	34162
▁Edward	34163
▁Conventions	34164
TV	34165
▁offender	34166
▁refund	34167
ଓ	34168
▁ATTENDANCE	34169
▁investors	34170
▁09	34171
▁regulating	34172
Bar	34173
▁enforce	34174
▁worn	34175
▁graduated	34176
trop	34177
▁Target	34178
DS	34179
▁designer	34180
ヤ	34181
ENCE	34182
▁Exactly	34183
▁Interest	34184
▁Mozilla	34185
▁forged	34186
▁100%	34187
	34188
oper	34189
▁Trace	34190
▁expire	34191
▁complexity	34192
▁Algeria	34193
▁cooperating	34194
▁leper	34195
option	34196
shan	34197
▁Connecting	34198
紅	34199
atic	34200
▁XX	34201
active	34202
▁Laban	34203
幫	34204
▁Pel	34205
▁chicken	34206
▁Construction	34207
▁wrongdoer	34208
IGHT	34209
Play	34210
▁conferences	34211
▁Oneness	34212
▁seduce	34213
▁Element	34214
▁endanger	34215
Teacher	34216
rain	34217
▁127	34218
▁Forever	34219
▁emotion	34220
▁Poor	34221
▁interpreter	34222
▁Tam	34223
▁interact	34224
▁Hundreds	34225
佢	34226
▁lump	34227
坚	34228
▁Haran	34229
++	34230
▁batch	34231
▁convictions	34232
▁infringement	34233
▁vent	34234
▁treaties	34235
▁Miriam	34236
▁advancing	34237
▁mortality	34238
▁sting	34239
▁authentic	34240
▁manslayer	34241
▁contention	34242
▁identical	34243
cm	34244
▁Humility	34245
▁infants	34246
▁diminish	34247
▁baptizing	34248
▁minimize	34249
▁Angle	34250
Clear	34251
▁prefix	34252
▁rot	34253
ulator	34254
▁Drink	34255
≥	34256
▁1958	34257
▁Statement	34258
▁robe	34259
▁depths	34260
▁CVS	34261
due	34262
▁Medicine	34263
▁seriousness	34264
▁MIN	34265
▁compression	34266
轉	34267
▁Rest	34268
▁delayed	34269
▁systematic	34270
▁queue	34271
▁blamed	34272
▁cries	34273
four	34274
phy	34275
▁Gallery	34276
▁Changing	34277
250	34278
▁drunken	34279
▁Zambia	34280
▁highway	34281
▁Mir	34282
▁attorney	34283
▁seeth	34284
Cancel	34285
▁Below	34286
▁deficit	34287
聞	34288
▁induce	34289
formed	34290
▁alarms	34291
▁psychological	34292
▁Apart	34293
材	34294
▁authorization	34295
▁interior	34296
▁depict	34297
▁liken	34298
FOR	34299
▁1).	34300
▁injuries	34301
▁140	34302
序	34303
▁disrupt	34304
▁moth	34305
▁eleven	34306
尊	34307
調	34308
▁fishermen	34309
▁stepped	34310
▁Anne	34311
▁Marie	34312
▁collecting	34313
▁spit	34314
▁Fat	34315
▁transgress	34316
▁1975	34317
随	34318
("	34319
Some	34320
▁coach	34321
▁disclosure	34322
▁scream	34323
▁43.	34324
▁Las	34325
▁Mum	34326
▁fixing	34327
▁Abort	34328
▁abhor	34329
▁sackcloth	34330
▁seminar	34331
▁Separator	34332
Tell	34333
▁chores	34334
尋	34335
挑	34336
▁IRC	34337
▁Minutes	34338
▁trumpets	34339
▁Panama	34340
▁graphics	34341
copy	34342
▁dull	34343
TIF	34344
▁professed	34345
scribe	34346
▁Mailbox	34347
ょ	34348
▁Fla	34349
▁Padding	34350
▁harmonize	34351
▁riot	34352
▁fleet	34353
▁oven	34354
▁confer	34355
estial	34356
▁AM	34357
绝	34358
▁shapes	34359
▁Mars	34360
▁Decrease	34361
ANCE	34362
Ř	34363
▁avert	34364
minute	34365
檔	34366
hear	34367
▁WHY	34368
▁accomplishment	34369
▁frightened	34370
▁porch	34371
tail	34372
▁fiscal	34373
▁ladder	34374
)%	34375
IE	34376
eck	34377
▁Mean	34378
PD	34379
Thank	34380
angel	34381
onia	34382
٧	34383
▁coupled	34384
▁wording	34385
Value	34386
▁---	34387
▁tourists	34388
Հ	34389
▁Encrypt	34390
▁cohesion	34391
▁excluding	34392
▁prosecutor	34393
▁acquiring	34394
▁accountability	34395
kins	34396
▁3-	34397
▁Delay	34398
▁knocked	34399
▁Generic	34400
▁copyright	34401
▁suspicious	34402
▁Sk	34403
▁edges	34404
▁foregoing	34405
筹	34406
▁NUMBER	34407
▁lightly	34408
૩	34409
油	34410
▁1952	34411
▁restrictive	34412
▁CHAP	34413
▁traces	34414
▁rehabilitation	34415
▁Hunter	34416
ङ	34417
▁cotton	34418
希	34419
▁Gua	34420
▁excitement	34421
viv	34422
▁Reserve	34423
▁capacities	34424
▁1974	34425
▁newer	34426
▁Cambodia	34427
▁Insurance	34428
▁Palm	34429
▁Film	34430
▁115	34431
▁notable	34432
▁URIs	34433
▁suffice	34434
▁02	34435
▁27]	34436
兴	34437
rad	34438
▁banking	34439
Group	34440
▁PEOPLE	34441
▁maritime	34442
.[1]	34443
際	34444
eal	34445
疾	34446
bate	34447
▁merchandise	34448
▁Ner	34449
▁freezing	34450
ఓ	34451
▁ointment	34452
disc	34453
▁rap	34454
▁vector	34455
doc	34456
▁molten	34457
弧	34458
Background	34459
▁Budget	34460
▁syndrome	34461
▁diligence	34462
▁twentie	34463
▁Servers	34464
▁Def	34465
▁Bangladesh	34466
▁2000.	34467
▁15.)	34468
GN	34469
tech	34470
▁conventional	34471
▁exceeds	34472
『	34473
▁Barr	34474
▁detestable	34475
▁9.)	34476
▁Amazon	34477
▁Francisco	34478
▁Med	34479
▁2-	34480
▁ALSO	34481
▁Karl	34482
▁constitutional	34483
DC	34484
▁Nuclear	34485
▁Jimmy	34486
▁contracting	34487
▁groaning	34488
▁premium	34489
▁impacts	34490
▁knight	34491
▁Flag	34492
嘛	34493
▁Cam	34494
▁teen	34495
▁suite	34496
▁universities	34497
ቘ	34498
▁compensate	34499
▁Nature	34500
▁patch	34501
▁inevitable	34502
700	34503
▁UNICEF	34504
▁YEAR	34505
▁Climate	34506
▁tormented	34507
屬	34508
▁GO	34509
flow	34510
遇	34511
▁IU	34512
▁Roger	34513
▁keyword	34514
▁==	34515
▁executing	34516
积	34517
▁AR	34518
▁colored	34519
▁stressful	34520
伺	34521
▁Festus	34522
chy	34523
▁humiliation	34524
▁ritual	34525
▁Demo	34526
Ch	34527
▁impartial	34528
▁Balance	34529
▁discerned	34530
economic	34531
quin	34532
姐	34533
▁EXP	34534
▁methodology	34535
RM	34536
ቼ	34537
fill	34538
▁chances	34539
▁precautions	34540
LED	34541
icon	34542
▁inquired	34543
』	34544
▁greenhouse	34545
▁champion	34546
LIC	34547
▁Beer	34548
▁greetings	34549
▁liveth	34550
lish	34551
▁bitterly	34552
▁Alan	34553
▁Servants	34554
VE	34555
▁Publications	34556
▁presumptuous	34557
cont	34558
▁Oil	34559
▁psycho	34560
▁Hast	34561
craft	34562
oxi	34563
▁Fruit	34564
務	34565
▁1.2	34566
▁dearly	34567
▁tempting	34568
▁stricken	34569
▁overnight	34570
▁Hearer	34571
▁Obey	34572
▁Shiloh	34573
axis	34574
▁Guatemala	34575
▁Malaysia	34576
▁(4	34577
▁atheist	34578
▁gush	34579
▁Caption	34580
keyboard	34581
▁Flu	34582
▁Offset	34583
跑	34584
▁pixbuf	34585
▁Villa	34586
▁abused	34587
▁orange	34588
甚	34589
۸	34590
▁Rise	34591
▁blasphemy	34592
▁perseverance	34593
▁screaming	34594
▁drops	34595
▁sustainability	34596
fast	34597
▁subscribe	34598
avo	34599
▁Shem	34600
▁productivity	34601
▁racism	34602
▁skip	34603
٨	34604
▁dollar	34605
终	34606
▁Fatal	34607
▁Invert	34608
▁composer	34609
▁gay	34610
▁specifying	34611
▁exclude	34612
▁comm	34613
▁imitators	34614
▁headache	34615
▁RES	34616
▁institute	34617
▁dragging	34618
▁Headers	34619
▁Aren	34620
▁dismiss	34621
▁variables	34622
gni	34623
Ւ	34624
▁directives	34625
Empty	34626
▁tribulations	34627
▁Nicodemus	34628
▁nickname	34629
▁invention	34630
▁tourist	34631
▁Anjuta	34632
▁notices	34633
▁reserves	34634
▁Mosque	34635
▁Rica	34636
▁chip	34637
▁Tick	34638
iser	34639
▁fancy	34640
▁outgoing	34641
meters	34642
▁unemployed	34643
bank	34644
▁Leo	34645
▁Cook	34646
▁exerts	34647
▁reset	34648
▁heedless	34649
暗	34650
苦	34651
▁Appointment	34652
▁overlooked	34653
▁seller	34654
thy	34655
▁Statute	34656
Prophet	34657
▁attentive	34658
▁vicinity	34659
▁Zone	34660
▁longtime	34661
▁occurring	34662
▁Different	34663
▁121	34664
▁geometry	34665
简	34666
month	34667
▁Amorites	34668
phan	34669
▁gall	34670
▁costly	34671
▁entertain	34672
parent	34673
▁Sil	34674
▁unworthy	34675
▁schooling	34676
▁squares	34677
▁Beat	34678
▁Carol	34679
▁humor	34680
▁crap	34681
Many	34682
▁laughing	34683
▁macro	34684
▁chambers	34685
▁Chemical	34686
▁ICT	34687
▁Pioneer	34688
▁continuously	34689
▁6.)	34690
▁Various	34691
lead	34692
/2002	34693
▁Drawing	34694
▁Sender	34695
▁Unseen	34696
charge	34697
▁tracking	34698
deprecated	34699
▁Sex	34700
▁skillful	34701
▁disrespect	34702
▁harmless	34703
Ң	34704
▁Symbol	34705
▁triangle	34706
▁edited	34707
▁quarters	34708
▁pouring	34709
飞	34710
▁kidneys	34711
発	34712
Փ	34713
▁disloyal	34714
▁shrewd	34715
	34716
▁Screenshot	34717
▁workspaces	34718
華	34719
▁folly	34720
▁Corporation	34721
▁besought	34722
▁spur	34723
rack	34724
▁LongName	34725
妻	34726
ஈ	34727
▁asshole	34728
▁consecutive	34729
▁proven	34730
▁100,000	34731
▁41:	34732
▁Busy	34733
▁readiness	34734
▁secured	34735
▁Marine	34736
▁CE	34737
▁customary	34738
悪	34739
▁Around	34740
▁organise	34741
iber	34742
▁misfortune	34743
▁eyewitnesses	34744
ographic	34745
ሷ	34746
FP	34747
▁whale	34748
▁136	34749
bai	34750
dou	34751
▁ministering	34752
Photo	34753
▁Stan	34754
▁slight	34755
▁restriction	34756
▁disgusting	34757
▁Customer	34758
宪	34759
▁46.	34760
▁figuratively	34761
▁airplane	34762
▁evangelizing	34763
▁incentive	34764
預	34765
▁Fan	34766
▁heel	34767
▁transfusions	34768
▁Ship	34769
游	34770
▁longed	34771
▁selves	34772
▁bullock	34773
▁purely	34774
Good	34775
▁Alexandria	34776
▁stadium	34777
▁Fulfill	34778
▁Cache	34779
▁preceded	34780
▁tenderly	34781
▁Beginning	34782
▁cooperative	34783
ounce	34784
▁Functions	34785
▁anticipated	34786
coated	34787
▁Gradient	34788
▁Generate	34789
▁pawn	34790
stock	34791
ෆ	34792
▁Reject	34793
▁carpenter	34794
▁recount	34795
ox	34796
▁suppress	34797
脑	34798
holy	34799
▁Sul	34800
Title	34801
logical	34802
▁perverse	34803
▁generator	34804
nall	34805
▁Rabbi	34806
FC	34807
rice	34808
ife	34809
▁Sleep	34810
▁Qua	34811
▁Fullscreen	34812
▁vertically	34813
▁floods	34814
▁pearl	34815
▁residue	34816
▁Distance	34817
▁digit	34818
ECT	34819
11)	34820
OW	34821
ӝ	34822
▁homosexual	34823
▁sperm	34824
Enable	34825
Lock	34826
▁proceeding	34827
▁dioxide	34828
▁ugly	34829
▁Colors	34830
▁tube	34831
rink	34832
ality	34833
▁Jehoash	34834
▁2002.	34835
▁inquiry	34836
▁Dur	34837
▁clone	34838
ベ	34839
▁UNIX	34840
▁profane	34841
unch	34842
▁intently	34843
▁muscles	34844
東	34845
▁severity	34846
▁epidemic	34847
▁Hay	34848
city	34849
ໃນ	34850
▁Magdalene	34851
▁condemns	34852
▁Attributes	34853
▁bullet	34854
▁tenderness	34855
nai	34856
▁Epi	34857
▁uncomfortable	34858
▁Vin	34859
pose	34860
▁slice	34861
▁2001.	34862
▁Leah	34863
▁technique	34864
▁Mirror	34865
▁Planning	34866
▁Preaching	34867
▁Coordinate	34868
▁Kazakhstan	34869
▁desist	34870
▁wizard	34871
CL	34872
▁Fun	34873
▁cancellation	34874
▁expiry	34875
▁insolent	34876
▁rude	34877
EA	34878
lines	34879
▁conquering	34880
▁Steel	34881
▁vowed	34882
▁McC	34883
▁corresponds	34884
▁41.	34885
IANS	34886
icular	34887
IONS	34888
▁construct	34889
▁Treasure	34890
▁downloads	34891
ija	34892
▁worrying	34893
▁communicating	34894
▁1.3	34895
▁candle	34896
ǒ	34897
▁demonstrating	34898
▁Strike	34899
▁efficacy	34900
▁internationally	34901
▁saver	34902
▁attendant	34903
▁conf	34904
took	34905
wind	34906
▁hairs	34907
▁iniquities	34908
▁soundness	34909
▁countenance	34910
lecommunications	34911
逃	34912
approval	34913
vious	34914
▁shortages	34915
ivo	34916
▁Felix	34917
▁picking	34918
▁screw	34919
ฏ	34920
▁depicted	34921
▁Rad	34922
atch	34923
Չ	34924
▁Mono	34925
▁sentiments	34926
Download	34927
▁1978	34928
quality	34929
▁highlighting	34930
▁Province	34931
▁syntax	34932
▁Aye	34933
▁LED	34934
▁Olives	34935
▁Scientists	34936
▁Animal	34937
▁runner	34938
載	34939
▁Directives	34940
▁1947	34941
▁Received	34942
▁pitched	34943
▁vest	34944
▁enhancing	34945
▁ascertain	34946
▁Enterprise	34947
▁quotas	34948
▁sampling	34949
▁justly	34950
▁accommodations	34951
▁shops	34952
onne	34953
▁assuming	34954
▁beverages	34955
▁moreover	34956
▁oppressive	34957
▁singers	34958
▁2013.	34959
▁Centuries	34960
▁Serial	34961
▁generic	34962
▁Zero	34963
迫	34964
▁breeding	34965
▁Alignment	34966
▁hip	34967
习	34968
▁intolerance	34969
▁photographs	34970
▁notably	34971
▁Bridge	34972
▁controversy	34973
▁crooked	34974
▁verbal	34975
▁furnished	34976
▁fragments	34977
▁Naphtali	34978
▁Attention	34979
▁Kha	34980
▁Suffering	34981
rough	34982
▁disciplined	34983
▁worshiping	34984
before	34985
▁interim	34986
▁widgets	34987
Box	34988
▁Bol	34989
▁credentials	34990
▁pagans	34991
▁Josh	34992
▁arbitrary	34993
▁initiate	34994
ink	34995
▁Josephus	34996
▁profiles	34997
country	34998
▁mining	34999
▁realizing	35000
▁directs	35001
ฆ	35002
▁succession	35003
▁plagued	35004
▁burdensome	35005
▁funded	35006
▁Wheel	35007
养	35008
OUS	35009
▁drift	35010
▁Researchers	35011
▁baptize	35012
▁Mountain	35013
▁criticize	35014
▁diagnosis	35015
▁Appeal	35016
▁Expert	35017
▁Gary	35018
▁goddamn	35019
▁Judgement	35020
▁float	35021
详	35022
▁begging	35023
▁befalls	35024
▁rash	35025
▁creep	35026
並	35027
▁Assistance	35028
▁insertion	35029
▁finances	35030
▁nail	35031
Call	35032
▁drawer	35033
▁Assyrians	35034
▁reviewing	35035
▁rigid	35036
▁Parts	35037
▁Tour	35038
▁Expressed	35039
▁Lam	35040
▁Wil	35041
ൗ	35042
zip	35043
▁Scotland	35044
▁1956	35045
does	35046
▁135	35047
▁Lie	35048
Publish	35049
▁PostScript	35050
erson	35051
എ	35052
▁Own	35053
▁Easter	35054
▁Montenegro	35055
▁handsome	35056
▁Somalia	35057
▁descent	35058
aza	35059
yahoo	35060
▁deprive	35061
dmittedly	35062
Screen	35063
麻	35064
DateF	35065
bber	35066
▁oversee	35067
▁Feeling	35068
▁vindication	35069
hearing	35070
▁Firefox	35071
	35072
▁Aw	35073
▁beneficiaries	35074
▁Protector	35075
▁narrative	35076
▁cigarette	35077
rch	35078
▁rebuilding	35079
▁admission	35080
▁tracts	35081
pic	35082
▁endeavour	35083
▁adorned	35084
▁bills	35085
▁wolf	35086
▁Temple	35087
▁deployment	35088
吸	35089
hill	35090
▁Problem	35091
▁Paused	35092
▁healthful	35093
▁disconnected	35094
▁robes	35095
▁21.)	35096
▁109	35097
▁Cool	35098
▁rented	35099
▁Survey	35100
▁%.1	35101
▁accent	35102
▁Hindu	35103
▁abbreviations	35104
▁density	35105
▁proselytes	35106
▁Tir	35107
▁recognizes	35108
▁loader	35109
莱	35110
▁clearer	35111
▁hellfire	35112
worth	35113
▁XDMCP	35114
▁consistency	35115
▁bulk	35116
▁Jay	35117
wait	35118
▁Percentage	35119
▁gesture	35120
▁loses	35121
避	35122
arrow	35123
▁drunkenness	35124
Insert	35125
itz	35126
▁Ted	35127
▁anonymous	35128
▁potter	35129
▁Albanian	35130
▁Luca	35131
▁boring	35132
▁arguing	35133
rect	35134
▁buyer	35135
Sub	35136
▁Timor	35137
▁Telephone	35138
▁compiled	35139
▁knee	35140
▁establishes	35141
▁Respond	35142
▁magnitude	35143
TEN	35144
mport	35145
▁waver	35146
▁CAR	35147
▁Throw	35148
▁USE	35149
樂	35150
▁stack	35151
lene	35152
▁cheek	35153
▁£	35154
九	35155
▁remuneration	35156
▁Upgrade	35157
▁renaming	35158
▁Pointer	35159
▁Sydney	35160
▁identifier	35161
▁robbers	35162
▁Rh	35163
▁thrones	35164
▁Helsinki	35165
▁serial	35166
▁Clipboard	35167
▁fights	35168
▁simplified	35169
▁searches	35170
Import	35171
▁1994,	35172
▁hygiene	35173
▁Rep	35174
▁considerably	35175
▁1976	35176
▁Ayat	35177
▁Academy	35178
▁2003.	35179
▁explanations	35180
乐	35181
▁MATTHEW	35182
▁Universe	35183
▁coordinator	35184
▁Extended	35185
▁appropriations	35186
▁unavailable	35187
▁Decisions	35188
况	35189
▁160	35190
▁organisms	35191
▁Warn	35192
▁outcomes	35193
▁prescription	35194
▁stead	35195
▁diplomatic	35196
▁originated	35197
▁entrust	35198
▁collector	35199
crypt	35200
▁municipality	35201
▁robots	35202
Update	35203
▁Eco	35204
▁diagram	35205
試	35206
headed	35207
▁inspire	35208
▁Walking	35209
▁complied	35210
透	35211
▁containers	35212
▁reasonableness	35213
▁brutal	35214
metric	35215
▁possesses	35216
▁48.	35217
▁backward	35218
▁fingerprint	35219
▁affirm	35220
▁Platform	35221
▁Battle	35222
▁NGOs	35223
▁restaurants	35224
▁suspend	35225
▁aforetime	35226
▁insane	35227
▁apartments	35228
provinces	35229
▁doubtless	35230
▁fountain	35231
	35232
▁loads	35233
▁Koran	35234
&	35235
▁Brightness	35236
▁definitive	35237
▁Loyal	35238
▁Zimbabwe	35239
▁rushed	35240
▁Sep	35241
▁intimacy	35242
▁constituted	35243
▁Monitoring	35244
▁bounties	35245
exe	35246
rought	35247
seven	35248
true	35249
▁superstition	35250
ぜ	35251
▁Reports	35252
Ꭳ	35253
▁Meditat	35254
▁eradicate	35255
▁basin	35256
▁maintainer	35257
▁odds	35258
▁perceptive	35259
▁Expression	35260
▁cycles	35261
贝	35262
▁painted	35263
▁1971	35264
▁1972	35265
▁carriage	35266
▁honoring	35267
boy	35268
▁blows	35269
▁Bah	35270
▁Alert	35271
▁Gaius	35272
▁jointly	35273
vention	35274
▁disturbing	35275
▁handful	35276
▁slide	35277
窗	35278
▁Fixed	35279
▁Stone	35280
▁twisted	35281
speak	35282
▁toys	35283
9)	35284
▁calamities	35285
▁rat	35286
▁Equal	35287
▁accomplishments	35288
▁aggression	35289
▁Installed	35290
▁cleaned	35291
▁sums	35292
▁banquet	35293
▁particles	35294
olic	35295
▁Calculate	35296
▁examines	35297
▁linger	35298
ጁ	35299
Ą	35300
▁2015.	35301
▁parser	35302
▁Backend	35303
effective	35304
▁cords	35305
went	35306
▁euros	35307
▁Channels	35308
▁covet	35309
▁Assessment	35310
▁strongest	35311
▁heareth	35312
prove	35313
▁Challenge	35314
Of	35315
▁HD	35316
▁convicted	35317
▁terrace	35318
▁disturbance	35319
▁raven	35320
▁Slide	35321
右	35322
▁Independent	35323
▁Lost	35324
▁incompatible	35325
໌	35326
Ը	35327
hell	35328
喝	35329
	35330
▁donors	35331
▁loins	35332
▁journalist	35333
▁mute	35334
▁Installation	35335
▁1977	35336
▁Iron	35337
▁similitude	35338
▁Francis	35339
▁1953	35340
▁Exercise	35341
▁Valid	35342
▁Mmm	35343
illo	35344
▁×	35345
eau	35346
▁2.)	35347
▁browse	35348
▁avenge	35349
▁Going	35350
▁Luther	35351
▁limitation	35352
SION	35353
▁curiosity	35354
▁Cel	35355
▁Euphrates	35356
▁Twenty	35357
fellow	35358
▁Florida	35359
Gr	35360
▁facilitat	35361
Ethiopian	35362
▁Risk	35363
▁toxicity	35364
rge	35365
▁interference	35366
▁hazardous	35367
▁supplementary	35368
▁Fellow	35369
▁refuses	35370
▁dug	35371
▁gases	35372
▁Values	35373
▁Accommodation	35374
ddy	35375
gricultural	35376
▁conceive	35377
▁borrow	35378
▁Claire	35379
▁raid	35380
▁infidels	35381
▁sq	35382
▁elector	35383
▁PRE	35384
৭	35385
▁unwilling	35386
▁Chance	35387
ress	35388
Ś	35389
▁storing	35390
▁Tor	35391
▁Electronic	35392
歡	35393
▁Constant	35394
▁nutrition	35395
▁27;	35396
▁Michelle	35397
▁swap	35398
▁databases	35399
▁transgressed	35400
▁Production	35401
▁123	35402
▁definite	35403
▁Lieutenant	35404
▁1.0	35405
▁farther	35406
际	35407
▁rebuilt	35408
▁Award	35409
▁Reform	35410
▁owing	35411
▁Boot	35412
▁Auditors	35413
▁stopping	35414
▁doomed	35415
▁lighter	35416
▁exam	35417
▁lifting	35418
▁Bashan	35419
▁FBI	35420
▁explicitly	35421
cycle	35422
▁Evangel	35423
▁warranty	35424
▁auction	35425
夜	35426
▁bits	35427
▁digest	35428
▁steam	35429
MIN	35430
▁UP	35431
▁tactics	35432
▁padding	35433
▁workshops	35434
▁Copies	35435
释	35436
▁repaired	35437
▁UNCTAD	35438
▁indulge	35439
▁apparatus	35440
▁stairs	35441
▁dense	35442
▁intercourse	35443
▁replacing	35444
▁drill	35445
▁0000	35446
east	35447
▁1967	35448
▁soap	35449
▁Lights	35450
▁raiment	35451
▁aviation	35452
▁receiveth	35453
▁wandering	35454
桌	35455
▁Amsterdam	35456
high	35457
▁swing	35458
▁sinning	35459
▁penalties	35460
▁Reveal	35461
▁fro	35462
▁responds	35463
▁Isabel	35464
▁elegant	35465
▁Dun	35466
▁sects	35467
▁reporter	35468
▁Rob	35469
▁folks	35470
ival	35471
Knowing	35472
▁SU	35473
vailable	35474
▁descendant	35475
▁Owen	35476
遠	35477
▁concentrated	35478
⊿	35479
▁wolves	35480
▁feedback	35481
▁retired	35482
▁sakes	35483
▁vitamin	35484
媒	35485
Blue	35486
Yeah	35487
▁locusts	35488
▁shortcuts	35489
岛	35490
▁erase	35491
▁30;	35492
▁solvent	35493
态	35494
▁Nine	35495
▁elaborate	35496
▁Côte	35497
▁sticks	35498
Id	35499
Reload	35500
▁coral	35501
▁Ooh	35502
▁Blink	35503
zzi	35504
▁overthrow	35505
▁Deliver	35506
针	35507
▁manufactured	35508
▁analyse	35509
▁presentations	35510
▁meekness	35511
ELL	35512
▁Forms	35513
參	35514
▁Integrity	35515
Conversation	35516
▁CYP	35517
▁Recalling	35518
keeping	35519
▁COUNCIL	35520
▁Express	35521
▁Jam	35522
▁intensely	35523
▁unduly	35524
Per	35525
Ŝ	35526
member	35527
▁poultry	35528
▁craving	35529
▁numeric	35530
▁grains	35531
▁08	35532
▁enslaved	35533
▁inherent	35534
▁grey	35535
损	35536
▁bruise	35537
arily	35538
▁Moon	35539
▁fragment	35540
▁unlock	35541
DD	35542
▁22]	35543
▁unset	35544
State	35545
▁Aborting	35546
▁favourable	35547
lute	35548
▁Thumbnail	35549
▁ads	35550
▁collections	35551
▁drum	35552
库	35553
▁Evidence	35554
▁excellence	35555
Before	35556
▁Core	35557
▁102	35558
▁Alive	35559
▁Robots	35560
▁manifestation	35561
▁destroys	35562
▁Registration	35563
proof	35564
Forgiving	35565
▁Adult	35566
servant	35567
spot	35568
▁1992,	35569
染	35570
▁37,	35571
▁entice	35572
▁purse	35573
▁depreciation	35574
▁delegate	35575
▁unpleasant	35576
become	35577
▁polluted	35578
兩	35579
People	35580
▁2.1	35581
▁pleaded	35582
Sal	35583
՞	35584
▁Scores	35585
▁joyous	35586
roy	35587
▁Heading	35588
empt	35589
▁Prompt	35590
▁fax	35591
tree	35592
gifts	35593
▁grandchildren	35594
▁Hit	35595
▁distractions	35596
▁dual	35597
▁mysterious	35598
▁lyrics	35599
▁1955	35600
▁Outlook	35601
▁researcher	35602
▁Ron	35603
▁Timeout	35604
替	35605
▁bubble	35606
▁Audit	35607
▁Castle	35608
▁statute	35609
▁patron	35610
▁Terms	35611
▁reminding	35612
job	35613
▁07	35614
▁Requests	35615
▁hardworking	35616
ૈ	35617
bag	35618
▁toolbars	35619
▁DIS	35620
▁pixel	35621
▁Notwithstanding	35622
▁approves	35623
▁pushing	35624
▁crow	35625
▁darling	35626
▁masses	35627
▁hello	35628
Day	35629
▁Clark	35630
▁Trying	35631
ption	35632
▁COMP	35633
▁restrained	35634
neu	35635
QU	35636
▁47.	35637
▁Indent	35638
▁reportedly	35639
Green	35640
▁paralyzed	35641
bid	35642
▁caravan	35643
▁enriched	35644
讀	35645
▁Gnome	35646
CM	35647
羅	35648
▁Vietnam	35649
Exec	35650
▁denies	35651
service	35652
▁Woman	35653
▁quest	35654
▁opt	35655
▁displeased	35656
▁Jar	35657
▁instill	35658
white	35659
▁fuckin	35660
ility	35661
Book	35662
eon	35663
-19	35664
▁Hum	35665
▁Sync	35666
▁Vas	35667
▁mustard	35668
teen	35669
▁(18	35670
▁lament	35671
▁valiant	35672
▁Magog	35673
▁Graphical	35674
▁brook	35675
ERN	35676
▁enjoined	35677
▁celebrations	35678
Auto	35679
▁pressured	35680
▁plight	35681
▁herbs	35682
▁fuels	35683
▁Carlos	35684
▁Fraction	35685
▁chess	35686
▁GL	35687
▁alternatives	35688
▁ARTICLE	35689
▁CI	35690
rier	35691
▁Military	35692
撒	35693
factor	35694
▁Symbols	35695
▁firstfruits	35696
▁limb	35697
Young	35698
▁Overview	35699
▁Math	35700
▁filed	35701
▁studio	35702
偿	35703
2,000	35704
known	35705
▁rotate	35706
▁Brad	35707
Hear	35708
▁rains	35709
▁Quote	35710
▁groom	35711
▁perfected	35712
▁whisper	35713
弗	35714
▁Doesn	35715
▁Hur	35716
届	35717
▁lowliness	35718
iph	35719
▁Ombudsman	35720
body	35721
▁Unlock	35722
▁oils	35723
▁scientist	35724
挥	35725
▁Zebulun	35726
treated	35727
ቒ	35728
▁canst	35729
层	35730
▁directors	35731
▁erect	35732
▁Lim	35733
▁Vir	35734
▁simulation	35735
▁Guys	35736
弹	35737
▁Alright	35738
▁empower	35739
▁shook	35740
cade	35741
▁Dominican	35742
EW	35743
▁Amy	35744
技	35745
枪	35746
channel	35747
▁1931	35748
乌	35749
▁Motor	35750
▁Verses	35751
trial	35752
▁Behaviour	35753
▁Detective	35754
▁Poverty	35755
苏	35756
yes	35757
▁supplier	35758
▁Potiphar	35759
▁graduation	35760
▁strait	35761
▁herds	35762
▁infinite	35763
▁traitor	35764
▁Ryan	35765
▁prodigal	35766
▁45:	35767
▁fervent	35768
▁immigrant	35769
note	35770
▁Brown	35771
▁morals	35772
▁Cameroon	35773
%2	35774
▁responsive	35775
▁Moldova	35776
▁surplus	35777
riv	35778
▁Referring	35779
▁insignificant	35780
פון	35781
▁hatch	35782
▁reinforced	35783
▁dozen	35784
ズ	35785
▁cows	35786
fearing	35787
session	35788
risk	35789
▁inflict	35790
▁dissemination	35791
▁intensive	35792
▁Funds	35793
▁Compassionate	35794
▁Silver	35795
▁Bab	35796
▁Moosa	35797
▁Completion	35798
▁Pur	35799
▁menubar	35800
延	35801
Menu	35802
▁Counter	35803
▁fullness	35804
▁spec	35805
Skip	35806
促	35807
▁founding	35808
▁scorn	35809
President	35810
▁prosecution	35811
▁11.)	35812
Love	35813
▁Uzziah	35814
▁Disconnect	35815
▁differs	35816
Ղ	35817
**	35818
INT	35819
▁displeasing	35820
▁nephew	35821
▁Prophecy	35822
sson	35823
▁deter	35824
atur	35825
▁Antarctica	35826
▁Resume	35827
▁Ivan	35828
银	35829
▁broader	35830
▁readable	35831
▁watered	35832
總	35833
▁Submit	35834
Key	35835
▁indefinitely	35836
▁Pressure	35837
nation	35838
▁reproductive	35839
伝	35840
▁MATT	35841
▁jacket	35842
▁spray	35843
▁chocolate	35844
闻	35845
▁Bow	35846
▁Safe	35847
▁calculations	35848
▁hometown	35849
访	35850
▁Sol	35851
▁Jose	35852
▁Verse	35853
1,000	35854
▁Euratom	35855
▁Ukrainian	35856
鲁	35857
▁Enough	35858
▁garbage	35859
啦	35860
▁dirt	35861
▁laden	35862
▁partiality	35863
▁dozens	35864
eye	35865
▁Initiative	35866
▁nightmare	35867
▁GA	35868
▁Pot	35869
搞	35870
▁Chad	35871
▁consisted	35872
uffle	35873
省	35874
both	35875
▁comic	35876
limit	35877
▁Johnny	35878
伦	35879
another	35880
▁Dear	35881
▁Gamma	35882
▁interviews	35883
▁sack	35884
▁ripe	35885
吁	35886
▁Sales	35887
▁inclusive	35888
▁guardians	35889
▁prevailing	35890
▁sensible	35891
▁Beautiful	35892
ories	35893
▁quotes	35894
▁filthy	35895
▁Cle	35896
aiah	35897
▁keeper	35898
▁demo	35899
clean	35900
▁Nazis	35901
▁Paint	35902
▁flames	35903
▁dost	35904
▁($	35905
▁closure	35906
▁Salt	35907
▁Carmel	35908
▁Lamp	35909
▁upbringing	35910
▁Beijing	35911
▁QUESTIONS	35912
▁hedge	35913
權	35914
▁Est	35915
▁Baptism	35916
▁CAP	35917
▁seldom	35918
▁Ros	35919
▁cherubim	35920
域	35921
/8	35922
▁Ari	35923
▁Been	35924
▁Brush	35925
▁Defence	35926
▁Armenia	35927
PORT	35928
▁Britannica	35929
՛	35930
▁nominal	35931
dding	35932
horn	35933
Face	35934
▁milliseconds	35935
▁woke	35936
▁instructor	35937
2015	35938
▁Opti	35939
▁contaminated	35940
▁owed	35941
aux	35942
WP	35943
icle	35944
邊	35945
▁roar	35946
stad	35947
▁consolidated	35948
▁111	35949
host	35950
▁recompensed	35951
▁desperately	35952
▁isolate	35953
▁19.)	35954
▁lease	35955
▁robbed	35956
▁Bird	35957
▁Pin	35958
▁GStreamer	35959
▁Meaning	35960
ABLE	35961
RIS	35962
▁Jackson	35963
▁magicians	35964
聲	35965
▁Nathanael	35966
▁enzyme	35967
dumping	35968
▁Mountains	35969
▁Lodge	35970
▁Moral	35971
Connect	35972
▁templates	35973
mato	35974
three	35975
▁Sweet	35976
NL	35977
▁Sennacherib	35978
▁1990,	35979
these	35980
▁1957	35981
▁Importing	35982
▁artistic	35983
▁pluck	35984
▁Loyalty	35985
▁Designer	35986
▁failures	35987
block	35988
Paste	35989
locate	35990
▁tune	35991
蒙	35992
怪	35993
week	35994
▁behaved	35995
▁surprisingly	35996
▁Mama	35997
▁godliness	35998
▁swiftly	35999
duction	36000
▁opacity	36001
邮	36002
frame	36003
▁Tabs	36004
peace	36005
▁Fiji	36006
▁squared	36007
▁Incoming	36008
論	36009
cd	36010
▁Insight	36011
▁Developing	36012
▁BO	36013
▁Ple	36014
▁treats	36015
ガ	36016
▁Operator	36017
▁2.5	36018
▁Notifications	36019
Trans	36020
▁Totem	36021
▁ascending	36022
1:	36023
呀	36024
▁TE	36025
▁(5	36026
▁modifications	36027
▁grape	36028
▁merits	36029
.1)	36030
▁enrolled	36031
▁unconscious	36032
▁1948	36033
▁thigh	36034
lou	36035
▁upstairs	36036
▁explicit	36037
货	36038
▁devised	36039
▁AG	36040
▁Counsel	36041
▁Organ	36042
▁regulate	36043
▁Selector	36044
▁debates	36045
▁labelling	36046
▁predicted	36047
▁14]	36048
▁racing	36049
▁Handle	36050
▁occurrences	36051
▁cloak	36052
▁Pad	36053
▁Lead	36054
衣	36055
FILE	36056
绍	36057
▁Bluetooth	36058
▁Born	36059
▁HO	36060
▁malaria	36061
抓	36062
违	36063
络	36064
▁testifies	36065
▁Debugger	36066
▁conditioning	36067
▁1991,	36068
▁sailing	36069
▁Course	36070
▁endemic	36071
dj	36072
umble	36073
▁hack	36074
▁Gun	36075
▁uncovered	36076
▁nay	36077
▁seals	36078
▁Principles	36079
%%)	36080
▁lifelong	36081
Therefore	36082
▁Flat	36083
▁wiped	36084
▁Firm	36085
▁ridiculous	36086
CFSP	36087
▁misunderstand	36088
▁deliberate	36089
▁pictured	36090
৮	36091
▁coordinates	36092
参	36093
▁pharmacist	36094
▁Define	36095
▁barn	36096
▁descending	36097
▁Touch	36098
▁repel	36099
Nor	36100
▁ornaments	36101
▁Lev	36102
Reset	36103
Ξ	36104
▁distortion	36105
▁1935	36106
according	36107
▁valleys	36108
▁cookie	36109
8,000	36110
▁Vincent	36111
召	36112
▁immigration	36113
▁installations	36114
PH	36115
▁Ferr	36116
▁lip	36117
▁Hyper	36118
▁Stress	36119
▁Tile	36120
節	36121
▁bump	36122
圣	36123
omer	36124
▁Apartment	36125
▁beautifully	36126
蘭	36127
postcard	36128
▁safer	36129
▁Binding	36130
▁Meetings	36131
ሹ	36132
▁rearing	36133
双	36134
▁Discrimination	36135
pay	36136
▁0.5	36137
▁Integrated	36138
▁recur	36139
▁clarified	36140
▁voyage	36141
▁splendid	36142
▁Popup	36143
Orientation	36144
▁doubled	36145
EAN	36146
▁Nation	36147
Thus	36148
▁inflicted	36149
▁kindred	36150
▁physicians	36151
▁Jersey	36152
▁renewal	36153
▁adjusting	36154
▁aggregate	36155
▁decrees	36156
座	36157
終	36158
ྫ	36159
▁Affect	36160
▁Fisheries	36161
Hearer	36162
▁clicked	36163
▁constructive	36164
▁5,000	36165
===	36166
▁122	36167
▁Physical	36168
children	36169
▁1944	36170
▁Ladies	36171
▁Industry	36172
▁altered	36173
kill	36174
Ꮬ	36175
▁Victor	36176
▁KB	36177
fm	36178
▁Ring	36179
none	36180
owned	36181
厅	36182
幾	36183
▁Circuit	36184
▁marveled	36185
▁Cri	36186
▁tense	36187
▁trauma	36188
osh	36189
▁mentioning	36190
▁1973	36191
▁ordinance	36192
moth	36193
▁PL	36194
▁Effective	36195
▁fiber	36196
▁Comm	36197
▁vein	36198
food	36199
ૅ	36200
▁laughed	36201
▁dissolved	36202
▁participant	36203
language	36204
▁Recommendation	36205
▁26;	36206
▁credits	36207
運	36208
▁Eyes	36209
▁`%.25	36210
▁commerce	36211
▁neighbours	36212
▁amounted	36213
▁confounded	36214
▁dreamed	36215
▁organizing	36216
▁Preparation	36217
▁Estonian	36218
▁acknowledg	36219
▁frustrate	36220
)(	36221
▁murmured	36222
▁clarity	36223
▁backed	36224
Wise	36225
metre	36226
stick	36227
woman	36228
▁enlarge	36229
▁reassured	36230
履	36231
▁widen	36232
▁pulling	36233
connect	36234
▁stripped	36235
Ctl	36236
▁circles	36237
▁FR	36238
▁Flower	36239
▁ratification	36240
▁Dam	36241
▁Educational	36242
▁Lydia	36243
▁4.5	36244
▁towers	36245
▁Editing	36246
false	36247
▁sojourn	36248
买	36249
rol	36250
▁bases	36251
▁invitations	36252
▁approachable	36253
▁assessing	36254
▁aroma	36255
▁burns	36256
岁	36257
LM	36258
▁disclosed	36259
▁gnome	36260
▁Patrick	36261
▁overtook	36262
▁doves	36263
▁rotten	36264
steroid	36265
§	36266
▁bombs	36267
▁foreground	36268
▁passive	36269
உ	36270
▁33;	36271
▁insult	36272
▁shark	36273
▁wireless	36274
▁Helper	36275
▁Macedonian	36276
▁mindful	36277
▁Anton	36278
画	36279
▁(10	36280
▁entreat	36281
▁heels	36282
▁influential	36283
▁renamed	36284
berry	36285
▁1920	36286
▁lending	36287
▁decoration	36288
MIS	36289
▁Modem	36290
▁Came	36291
signed	36292
▁enlargement	36293
RIC	36294
▁Marco	36295
▁Won	36296
▁mediator	36297
▁molded	36298
▁scratch	36299
rib	36300
▁SIP	36301
Gu	36302
▁Ant	36303
▁exempt	36304
▁specialist	36305
config	36306
仰	36307
▁Mali	36308
▁Voice	36309
援	36310
wear	36311
▁Regions	36312
▁OTHER	36313
張	36314
▁Chess	36315
South	36316
ソ	36317
▁Steven	36318
▁Nile	36319
▁portrayed	36320
▁prolong	36321
▁Remain	36322
▁Changed	36323
▁relaxed	36324
▁glimpse	36325
▁historians	36326
▁Heavy	36327
▁rip	36328
icide	36329
▁Naturally	36330
▁Excellent	36331
▁finishing	36332
▁scaling	36333
穿	36334
▁intensify	36335
tell	36336
▁inscribed	36337
▁surrendered	36338
vation	36339
架	36340
look	36341
▁battles	36342
-15	36343
街	36344
▁turtle	36345
▁Scripts	36346
▁varieties	36347
操	36348
▁Amaziah	36349
▁shortage	36350
/9	36351
Trust	36352
▁Shaitan	36353
▁murders	36354
▁sup	36355
max	36356
细	36357
PM	36358
User	36359
▁Crete	36360
Noah	36361
▁Lay	36362
▁horizontally	36363
▁perpetual	36364
▁Grow	36365
▁harden	36366
▁Encyclopædia	36367
▁distances	36368
50,000	36369
close	36370
▁Calls	36371
Top	36372
shop	36373
Cor	36374
▁maker	36375
▁override	36376
UG	36377
MM	36378
▁usable	36379
Ć	36380
▁sunlight	36381
▁Boo	36382
▁inflation	36383
▁metadata	36384
▁yoked	36385
▁recordings	36386
▁winner	36387
获	36388
▁50%	36389
▁Objective	36390
▁Ross	36391
▁crawl	36392
▁shadows	36393
▁suggesting	36394
▁sympathy	36395
▁voluntarily	36396
▁AB	36397
▁Marshall	36398
▁1961	36399
坏	36400
▁leak	36401
▁moisture	36402
call	36403
▁blogger	36404
▁handler	36405
▁SHA	36406
▁Margaret	36407
▁Male	36408
▁adulthood	36409
▁Raj	36410
▁migrants	36411
anza	36412
▁Pure	36413
▁Hat	36414
market	36415
▁1999.	36416
▁depended	36417
Antarctica	36418
▁"%2"	36419
▁Falls	36420
▁endorsed	36421
▁meter	36422
渡	36423
Message	36424
▁stature	36425
插	36426
▁GhostScript	36427
▁Sacrifice	36428
Always	36429
▁hydrogen	36430
▁scare	36431
轻	36432
▁compartment	36433
▁complainant	36434
▁Servant	36435
-7	36436
▁aborted	36437
▁interviewed	36438
痛	36439
▁Indicator	36440
▁05	36441
▁EM	36442
▁enlightenment	36443
▁1951	36444
▁Virgin	36445
▁Geo	36446
▁Receive	36447
▁Boston	36448
▁Movement	36449
靠	36450
▁embarrassing	36451
▁sovereign	36452
▁sparrows	36453
1.1	36454
▁ACP	36455
▁habitat	36456
▁tit	36457
▁dining	36458
棒	36459
LF	36460
▁blasphemed	36461
▁guarding	36462
▁bundle	36463
lee	36464
▁advisory	36465
aged	36466
▁inspector	36467
▁baskets	36468
冷	36469
(6)	36470
▁Tokyo	36471
▁foretells	36472
▁Mara	36473
▁defer	36474
▁flies	36475
智	36476
▁Righteous	36477
▁hoc	36478
▁Attribute	36479
▁surveys	36480
friendly	36481
▁Keywords	36482
▁originates	36483
▁mocking	36484
▁reckon	36485
▁Pango	36486
▁UNHCR	36487
▁deepest	36488
▁Accessories	36489
▁rode	36490
full	36491
墨	36492
▁translating	36493
▁(7)	36494
▁Prague	36495
▁Ay	36496
▁Wild	36497
▁indirectly	36498
▁recruitment	36499
continued	36500
▁Gate	36501
slot	36502
▁Remaining	36503
▁Weight	36504
RT	36505
▁supervisor	36506
幕	36507
▁educat	36508
▁AP	36509
▁swelling	36510
▁glow	36511
EUR	36512
Pay	36513
▁futile	36514
▁Forces	36515
scape	36516
▁Inspector	36517
较	36518
▁cigarettes	36519
▁humiliated	36520
IDE	36521
pdf	36522
▁triggered	36523
▁urging	36524
sort	36525
▁Translate	36526
▁Updates	36527
▁inhabit	36528
reach	36529
▁eldest	36530
▁engineer	36531
posed	36532
▁autumn	36533
father	36534
▁Patience	36535
VER	36536
istan	36537
▁Tun	36538
▁Buddhist	36539
▁dumping	36540
▁Ammonites	36541
▁simplicity	36542
▁extinguish	36543
▁urgently	36544
navir	36545
▁Unique	36546
▁(12	36547
▁Choice	36548
▁invasion	36549
▁COMMUNITIES	36550
▁Shared	36551
aeus	36552
ault	36553
▁cabin	36554
▁Context	36555
▁blocked	36556
RR	36557
▁Bus	36558
▁2.2	36559
▁Toronto	36560
▁sensor	36561
▁sheer	36562
▁Disease	36563
▁desktops	36564
▁snippet	36565
▁timetable	36566
▁overcoming	36567
▁affections	36568
▁recurrence	36569
sburg	36570
▁prevalent	36571
絕	36572
▁Prop	36573
consider	36574
▁graphic	36575
▁sunrise	36576
WM	36577
greg	36578
rub	36579
▁Verify	36580
urge	36581
▁Bil	36582
▁Pil	36583
▁Nar	36584
jah	36585
▁stipulated	36586
▁Colossae	36587
▁performs	36588
違	36589
▁testimonies	36590
▁unions	36591
▁sealing	36592
炸	36593
▁tanks	36594
▁Coordination	36595
;".	36596
▁Begin	36597
▁Recogniz	36598
▁proposes	36599
▁vanish	36600
▁carriers	36601
track	36602
▁clearing	36603
▁Bac	36604
ヨ	36605
vouchsafed	36606
質	36607
conv	36608
dine	36609
▁admired	36610
▁paras	36611
▁Century	36612
▁PRODUCT	36613
▁sermon	36614
wl	36615
.’;	36616
▁Emergency	36617
▁repealed	36618
▁Birthday	36619
線	36620
▁Assign	36621
▁Provide	36622
▁Retrieving	36623
▁turmoil	36624
▁updating	36625
▁Fab	36626
▁6,000	36627
▁Connected	36628
▁descriptions	36629
▁palaces	36630
GR	36631
▁cartridge	36632
▁coasts	36633
▁passphrase	36634
▁Sources	36635
▁compounds	36636
▁paste	36637
▁rook	36638
▁Exit	36639
▁suits	36640
national	36641
”)	36642
▁Franz	36643
▁bloodguilt	36644
▁palms	36645
▁defraud	36646
▁plow	36647
▁defect	36648
▁Soft	36649
▁pixmap	36650
▁1962	36651
▁(#	36652
▁awaited	36653
▁landed	36654
San	36655
▁2]	36656
▁Gulf	36657
▁oceans	36658
▁COL	36659
▁satisfactory	36660
▁carved	36661
朗	36662
▁Amalekites	36663
▁Junk	36664
▁ensured	36665
▁mineral	36666
methyl	36667
▁agony	36668
▁Ace	36669
▁spacious	36670
▁repeating	36671
▁swarm	36672
▁safeguards	36673
▁functionality	36674
▁earnings	36675
▁skies	36676
遍	36677
▁philosopher	36678
历	36679
▁boil	36680
▁countryside	36681
▁companionship	36682
▁resisting	36683
Speak	36684
train	36685
▁clip	36686
▁warrior	36687
▁Namibia	36688
▁kilometers	36689
▁Dor	36690
Fullscreen	36691
▁minorities	36692
▁threads	36693
enz	36694
酷	36695
▁Hands	36696
▁solving	36697
▁Dude	36698
▁foodstuffs	36699
html	36700
▁Recipient	36701
▁carpet	36702
current	36703
▁coals	36704
▁charitable	36705
▁hides	36706
▁rats	36707
shot	36708
▁afore	36709
▁Luis	36710
zing	36711
▁Spec	36712
▁Rotation	36713
▁1942	36714
▁automobile	36715
▁nurses	36716
	36717
▁OpenPGP	36718
while	36719
▁attendee	36720
loading	36721
▁STORY	36722
▁Thr	36723
mental	36724
▁substantially	36725
▁Maps	36726
▁Icelandic	36727
俺	36728
ፌ	36729
▁contemplating	36730
▁fucked	36731
▁04	36732
▁1.4	36733
▁curtain	36734
▁fertile	36735
▁Relations	36736
▁uprightness	36737
▁corporation	36738
▁continual	36739
gmx	36740
▁gut	36741
休	36742
▁TA	36743
▁06	36744
弱	36745
▁showers	36746
描	36747
▁dwells	36748
▁Strip	36749
▁disadvantaged	36750
▁bully	36751
▁rods	36752
▁apology	36753
▁harmonised	36754
▁Jake	36755
扇	36756
Û	36757
▁adornment	36758
▁hollow	36759
▁thumb	36760
▁envisaged	36761
▁Gil	36762
▁renowned	36763
ception	36764
minating	36765
▁900	36766
▁twist	36767
▁differing	36768
physi	36769
▁impartiality	36770
▁sockets	36771
ቪ	36772
▁aboard	36773
▁reconstruction	36774
▁farms	36775
bcowan	36776
▁steep	36777
▁Lighting	36778
▁escort	36779
▁Absolute	36780
▁municipal	36781
▁clan	36782
▁germ	36783
▁Queue	36784
▁Tac	36785
▁Austrian	36786
▁fertility	36787
▁Thirty	36788
▁devise	36789
▁Gran	36790
▁portfolio	36791
尚	36792
▁invoked	36793
dev	36794
▁108	36795
敦	36796
▁kidney	36797
▁230	36798
▁Hud	36799
▁hastily	36800
創	36801
▁gems	36802
▁motorcycle	36803
TING	36804
▁Corr	36805
债	36806
faithful	36807
▁cakes	36808
▁accessed	36809
▁Chairperson	36810
▁couches	36811
version	36812
▁Lib	36813
▁Banshee	36814
▁ninety	36815
▁counselor	36816
▁documented	36817
▁kicked	36818
▁Chicago	36819
▁charging	36820
▁religiously	36821
▁Shoot	36822
server	36823
▁Characters	36824
▁delights	36825
▁invaluable	36826
FE	36827
▁warming	36828
Would	36829
▁teleport	36830
Ga	36831
▁dung	36832
▁successive	36833
xclude	36834
▁Programs	36835
Restart	36836
▁Lut	36837
▁declarations	36838
▁filenames	36839
/19	36840
▁vocabulary	36841
▁rested	36842
▁offensive	36843
▁wayward	36844
▁Youths	36845
▁subdued	36846
DB	36847
oul	36848
mper	36849
▁classical	36850
▁attest	36851
▁counterfeit	36852
▁cubit	36853
▁formulation	36854
▁Merc	36855
▁congratulate	36856
▁converse	36857
▁henceforth	36858
睡	36859
▁checksum	36860
▁Via	36861
weight	36862
▁Tommy	36863
▁GR	36864
▁Startup	36865
▁defending	36866
diction	36867
▁beans	36868
▁networking	36869
	36870
▁Wherever	36871
▁enlarged	36872
▁travelling	36873
輸	36874
▁remission	36875
quest	36876
▁separating	36877
左	36878
▁underestimate	36879
▁madness	36880
▁nut	36881
Language	36882
1".	36883
項	36884
▁Consumer	36885
▁Jeh	36886
▁coward	36887
▁128	36888
▁Beyond	36889
LAND	36890
▁sophisticated	36891
▁vegetable	36892
▁DNS	36893
板	36894
▁deposits	36895
▁wasting	36896
▁honoured	36897
▁marble	36898
▁ANY	36899
▁jaw	36900
▁repaid	36901
▁contradiction	36902
/13	36903
lose	36904
▁$3	36905
▁PART	36906
▁lacks	36907
yle	36908
▁fortress	36909
▁Student	36910
▁adversities	36911
▁homework	36912
连	36913
▁trivial	36914
▁titlebar	36915
Network	36916
▁exceptions	36917
▁Santo	36918
▁incorporat	36919
▁preparatory	36920
road	36921
▁fantastic	36922
▁Herald	36923
▁drain	36924
▁cult	36925
▁plunge	36926
▁Cop	36927
▁Ways	36928
▁116	36929
▁Cup	36930
▁UI	36931
▁spectrum	36932
▁waist	36933
▁Fur	36934
▁contractual	36935
▁gradual	36936
▁Bert	36937
▁dividing	36938
▁questionnaire	36939
▁sorcery	36940
	36941
▁penetrate	36942
▁Headquarters	36943
▁Associate	36944
▁Testing	36945
▁workmates	36946
▁wreck	36947
▁enthroned	36948
custom	36949
▁1965	36950
▁loaf	36951
▁pilgrimage	36952
▁headline	36953
▁obediently	36954
▁Instrument	36955
▁Hagar	36956
▁Hath	36957
▁pills	36958
▁Pull	36959
▁characterize	36960
▁marginal	36961
▁stab	36962
dale	36963
holders	36964
續	36965
▁Hint	36966
▁poem	36967
ぶ	36968
▁Expire	36969
▁html	36970
▁bloodshed	36971
▁plains	36972
升	36973
▁Shipping	36974
▁receiver	36975
途	36976
▁CUPS	36977
▁Jabber	36978
▁USD	36979
▁textbook	36980
莉	36981
Ռ	36982
▁poles	36983
张	36984
拘	36985
▁gum	36986
heart	36987
▁asses	36988
▁tutor	36989
▁PER	36990
復	36991
跳	36992
▁contamination	36993
▁Response	36994
▁crashed	36995
▁maneuver	36996
驗	36997
▁Considering	36998
▁Positive	36999
鬼	37000
ፃ	37001
▁Alone	37002
▁abstract	37003
▁alfa	37004
▁coats	37005
▁(@	37006
▁Commandments	37007
▁Odd	37008
▁befell	37009
▁scrutiny	37010
▁Difference	37011
▁mice	37012
▁overshadow	37013
▁Abishai	37014
▁coworker	37015
▁stubborn	37016
▁Hab	37017
▁Lan	37018
▁Measures	37019
▁calculator	37020
ipe	37021
▁Proclaimers	37022
▁(16	37023
▁Southeast	37024
航	37025
▁Lao	37026
▁Flee	37027
▁Hades	37028
▁Judean	37029
▁gaps	37030
logy	37031
▁Engineering	37032
▁refreshed	37033
▁Workers	37034
▁Transparent	37035
▁impelle	37036
▁parted	37037
should	37038
▁inspections	37039
▁bullshit	37040
▁upheld	37041
▁eateth	37042
▁treasury	37043
▁Relate	37044
▁WI	37045
▁piles	37046
Preferences	37047
Ɗ	37048
▁journalists	37049
▁Override	37050
▁Adjustment	37051
▁Equi	37052
▁registry	37053
葉	37054
▁wrapping	37055
move	37056
▁NCB	37057
▁awkward	37058
▁elementary	37059
▁makeup	37060
▁Deutsch	37061
▁hasty	37062
雅	37063
▁dwelleth	37064
▁tsunami	37065
normal	37066
૪	37067
▁foul	37068
▁sheeplike	37069
rico	37070
▁seduced	37071
jack	37072
▁Dog	37073
▁Jeff	37074
▁cluster	37075
▁pink	37076
inus	37077
▁Slovak	37078
▁eternally	37079
▁Subscribe	37080
▁Receiving	37081
ark	37082
▁disagreement	37083
▁dictate	37084
▁remainder	37085
▁Angeles	37086
▁fabricate	37087
into	37088
Pharaoh	37089
▁Netbook	37090
▁couch	37091
▁helicopter	37092
▁youthful	37093
▁dick	37094
▁shrine	37095
RW	37096
broken	37097
▁hearers	37098
▁struggles	37099
Shiftg	37100
▁Obedience	37101
▁electro	37102
▁emerged	37103
▁Observe	37104
▁glasses	37105
SON	37106
escent	37107
▁Pharma	37108
▁unthankful	37109
▁Samba	37110
▁Templates	37111
▁sweep	37112
▁varying	37113
▁muster	37114
▁degradation	37115
▁dramatically	37116
alformed	37117
▁cruelty	37118
▁forehead	37119
▁oracle	37120
▁Gam	37121
▁precision	37122
▁Honduras	37123
▁wombs	37124
▁1]	37125
▁tide	37126
▁criticized	37127
▁crucify	37128
▁laud	37129
爆	37130
Russian	37131
▁transported	37132
▁Flight	37133
▁Neu	37134
▁Esc	37135
▁wheelchair	37136
▁Conduct	37137
▁disappoint	37138
▁dropping	37139
▁leaning	37140
▁Unbelievers	37141
▁punch	37142
▁allergic	37143
▁earthling	37144
献	37145
▁Resist	37146
▁averse	37147
▁TEACHINGS	37148
▁derivatives	37149
▁exhorts	37150
▁terminated	37151
▁intact	37152
祝	37153
▁Holding	37154
▁rolls	37155
▁sigh	37156
▁weekends	37157
▁Dave	37158
▁homeless	37159
▁backwards	37160
▁hating	37161
▁hateful	37162
▁superiority	37163
莫	37164
阅	37165
▁Cameron	37166
▁Rap	37167
̍	37168
Ջ	37169
▁Attachments	37170
▁Behind	37171
▁Hardware	37172
▁applicants	37173
mouth	37174
▁classroom	37175
▁intervals	37176
▁Origin	37177
▁footer	37178
▁Favourite	37179
▁Seeking	37180
▁maildir	37181
▁SDL	37182
▁Glen	37183
▁blowing	37184
▁Stockholm	37185
▁bud	37186
boat	37187
Script	37188
▁Phinehas	37189
▁Neighbor	37190
▁enthusiastic	37191
▁hepatitis	37192
▁instructors	37193
▁Sheba	37194
▁arrogance	37195
▁ASCII	37196
▁troop	37197
▁AUTHORISATION	37198
▁darkened	37199
wick	37200
▁blink	37201
▁Inline	37202
▁preventive	37203
▁148	37204
LIS	37205
▁Originator	37206
Today	37207
force	37208
▁Period	37209
▁likelihood	37210
▁reductions	37211
▁Jerry	37212
proofs	37213
Ӳ	37214
▁satan	37215
▁03	37216
▁benchmark	37217
忙	37218
▁genocide	37219
Address	37220
▁Identity	37221
▁rejects	37222
▁independently	37223
▁releases	37224
▁Communications	37225
▁vines	37226
箱	37227
▁governors	37228
Icon	37229
▁Lisa	37230
▁violently	37231
▁advertise	37232
▁MEDICIN	37233
菲	37234
▁momentous	37235
抗	37236
cation	37237
data	37238
▁deviation	37239
▁satanic	37240
▁exiled	37241
雇	37242
▁Projects	37243
▁Yemen	37244
夾	37245
▁Older	37246
▁unchanged	37247
ACH	37248
▁PURPOSE	37249
微	37250
▁distinctive	37251
▁innermost	37252
URE	37253
▁Ach	37254
▁joints	37255
generating	37256
▁holders	37257
giving	37258
▁occult	37259
▁lap	37260
▁vendor	37261
▁climax	37262
heim	37263
▁DECISION	37264
▁rabbit	37265
▁Confirmation	37266
▁throng	37267
Put	37268
▁weekday	37269
▁Burundi	37270
▁adulterers	37271
▁valuation	37272
hades	37273
▁bellies	37274
▁rider	37275
▁Prevent	37276
bach	37277
▁Mephibosheth	37278
▁celebrating	37279
▁markup	37280
▁monument	37281
vio	37282
▁Bul	37283
▁inlistbox	37284
▁excessively	37285
敬	37286
▁upside	37287
▁NE	37288
▁Jamaica	37289
CES	37290
▁blazing	37291
▁rectangle	37292
▁ethical	37293
▁Rural	37294
▁'{0}'	37295
▁presidency	37296
▁GroupWise	37297
▁Practical	37298
▁dispersed	37299
fusion	37300
▁hybrid	37301
▁yielded	37302
▁malcolm	37303
▁Dy	37304
▁bureau	37305
▁py	37306
▁yearly	37307
▁clarification	37308
▁tattoo	37309
▁glucose	37310
▁diploma	37311
▁casino	37312
▁counteract	37313
▁rampant	37314
Windows	37315
▁Powerful	37316
JK	37317
▁Previously	37318
▁Sexual	37319
▁transfusion	37320
▁chastity	37321
▁volunteered	37322
TURE	37323
▁intercede	37324
empty	37325
▁foe	37326
階	37327
tide	37328
▁Whoso	37329
▁fountains	37330
▁hostel	37331
▁Result	37332
▁coupon	37333
▁doubted	37334
▁brick	37335
▁banner	37336
▁Bethelites	37337
ethyl	37338
▁Jones	37339
▁lamented	37340
▁sharpen	37341
▁Guess	37342
▁Husbands	37343
▁goodwill	37344
Write	37345
▁distresses	37346
▁grabbed	37347
▁Ahaziah	37348
ACE	37349
▁5.1	37350
眔	37351
▁Waste	37352
▁blanket	37353
▁imposing	37354
封	37355
▁detained	37356
▁Wine	37357
激	37358
▁Pine	37359
▁Till	37360
▁conspiracy	37361
▁Fifty	37362
▁Haven	37363
▁purge	37364
▁raging	37365
▁stirring	37366
▁interrupted	37367
▁pervert	37368
GhostScript	37369
John	37370
▁forbids	37371
▁frog	37372
2016	37373
▁30]	37374
▁Nuh	37375
▁Ahasuerus	37376
▁Cogl	37377
▁balances	37378
▁threescore	37379
▁distributing	37380
Options	37381
▁Anthony	37382
ሖ	37383
▁Thought	37384
志	37385
strict	37386
▁Gilgal	37387
▁18.)	37388
葵	37389
▁Sophia	37390
▁WARNING	37391
▁Bomb	37392
▁colorful	37393
▁Helping	37394
▁blur	37395
▁Console	37396
૫	37397
▁Weapons	37398
余	37399
ಢ	37400
▁00:00:00	37401
holder	37402
▁encodings	37403
ボ	37404
atha	37405
credits	37406
etti	37407
▁dishonesty	37408
▁extortion	37409
▁practise	37410
lete	37411
▁VPN	37412
-8859-1	37413
▁ranging	37414
Desktop	37415
▁Beloved	37416
▁Julian	37417
▁measurements	37418
▁receptive	37419
▁Allen	37420
▁LUKE	37421
▁metals	37422
▁burdened	37423
▁Contains	37424
▁consultant	37425
▁grades	37426
▁pic	37427
▁Heritage	37428
Return	37429
ello	37430
▁Hail	37431
ಅ	37432
▁linear	37433
▁Senegal	37434
▁compilation	37435
bl	37436
▁harassment	37437
蒂	37438
find	37439
▁census	37440
▁fence	37441
▁merry	37442
▁choke	37443
▁settling	37444
▁35;	37445
▁consuming	37446
▁ultra	37447
▁subdue	37448
敗	37449
▁Goodbye	37450
▁Whi	37451
▁clot	37452
▁monarch	37453
▁transplant	37454
▁tub	37455
▁API	37456
▁prevalence	37457
▁Meet	37458
▁posting	37459
Statusbar	37460
▁Uploading	37461
▁glean	37462
▁vacuum	37463
▁1.6	37464
▁Suite	37465
▁RU	37466
▁Destroy	37467
▁Booth	37468
zzle	37469
marker	37470
▁resolv	37471
reference	37472
bruce	37473
▁Virginia	37474
▁dam	37475
▁storehouse	37476
▁catalogue	37477
immer	37478
▁encompass	37479
▁Grab	37480
▁clergymen	37481
▁tumor	37482
▁catastrophe	37483
uca	37484
ION	37485
▁math	37486
urg	37487
▁communion	37488
▁unfortunately	37489
▁exporter	37490
▁Logo	37491
▁bucket	37492
▁Mesopotamia	37493
Praise	37494
▁Shade	37495
筁	37496
PPE	37497
▁linking	37498
▁Dev	37499
▁Reporting	37500
▁furious	37501
▁Individual	37502
▁WILL	37503
▁Cards	37504
▁Hittite	37505
▁pipeline	37506
▁vigorous	37507
坛	37508
屋	37509
▁Gender	37510
▁RAM	37511
▁1200	37512
▁travels	37513
隔	37514
MENTS	37515
▁Glo	37516
▁villa	37517
▁WTO	37518
would	37519
▁Abu	37520
▁entail	37521
▁injurious	37522
▁repetition	37523
▁Push	37524
▁Reduce	37525
▁swell	37526
excl	37527
▁knowingly	37528
▁projection	37529
/_	37530
iac	37531
▁dental	37532
English	37533
cca	37534
ref	37535
oire	37536
▁ropes	37537
CON	37538
▁convenience	37539
▁cater	37540
▁printers	37541
ulin	37542
▁fibres	37543
▁incentives	37544
▁Ramah	37545
▁garage	37546
auto	37547
▁bitmap	37548
▁integrate	37549
▁Miles	37550
ෞ	37551
ursuant	37552
mankind	37553
Babylon	37554
旨	37555
smith	37556
▁Apple	37557
▁Lang	37558
Ķ	37559
▁appliances	37560
▁peacefully	37561
策	37562
▁capsules	37563
▁favourite	37564
識	37565
▁welcoming	37566
▁Raw	37567
▁feasts	37568
▁equitable	37569
Each	37570
▁uncircumcision	37571
沃	37572
▁diff	37573
▁Calm	37574
▁incorporate	37575
▁pine	37576
▁4,000	37577
dispos	37578
▁accustomed	37579
▁exec	37580
▁cheat	37581
▁disdain	37582
▁Discipline	37583
▁snatch	37584
軍	37585
▁Suit	37586
▁trademark	37587
Է	37588
▁Gloria	37589
▁uncommon	37590
▁Stefan	37591
▁defects	37592
root	37593
▁persecuting	37594
Ņ	37595
▁EFTA	37596
▁wishing	37597
▁OS	37598
▁Studio	37599
▁Rub	37600
▁rehearse	37601
▁reliability	37602
続	37603
player	37604
▁denotes	37605
▁43:	37606
▁Safeguard	37607
▁admonishes	37608
▁shoe	37609
ケ	37610
inder	37611
▁Elimination	37612
▁ecological	37613
▁succour	37614
cry	37615
▁Eddie	37616
▁fans	37617
▁Bond	37618
▁ICQ	37619
▁expander	37620
▁threshing	37621
▁traps	37622
▁Append	37623
▁impel	37624
Format	37625
▁resisted	37626
▁Cold	37627
▁strap	37628
▁deserted	37629
/93	37630
▁Bound	37631
▁senseless	37632
▁taunt	37633
▁Exposure	37634
▁imitated	37635
顏	37636
standing	37637
mother	37638
▁wary	37639
師	37640
▁Deluge	37641
▁RT	37642
▁Thi	37643
▁rocky	37644
皮	37645
▁crushing	37646
▁remedies	37647
adians	37648
▁Drugs	37649
▁disturb	37650
elect	37651
Salat	37652
generation	37653
▁Jenny	37654
▁Skin	37655
▁wield	37656
▁READ	37657
僕	37658
BR	37659
▁32;	37660
▁decorated	37661
▁reconcile	37662
ツ	37663
ummy	37664
▁Tanzania	37665
Line	37666
▁pastor	37667
▁lazy	37668
▁constitution	37669
▁Snippet	37670
▁alright	37671
▁designate	37672
▁magnetic	37673
Taste	37674
▁resistant	37675
▁cit	37676
▁Processor	37677
▁insect	37678
▁Lithuanian	37679
▁Latvian	37680
▁travelers	37681
▁config	37682
Discard	37683
页	37684
▁Shebna	37685
▁Zadok	37686
▁deem	37687
Status	37688
▁DL	37689
▁IX	37690
▁molding	37691
▁healthcare	37692
▁occasional	37693
▁Pension	37694
Action	37695
▁Summer	37696
▁freight	37697
carbon	37698
▁bait	37699
▁hepatic	37700
digit	37701
▁eunuchs	37702
▁cornerstone	37703
ァ	37704
▁Dolphin	37705
▁Marcus	37706
▁sneak	37707
▁Penalty	37708
string	37709
▁1963	37710
▁mockery	37711
▁AisleRiot	37712
▁ROM	37713
▁appreciatively	37714
▁hurting	37715
▁tribunal	37716
▁Belgian	37717
▁PGP	37718
▁Permission	37719
phor	37720
Yahweh	37721
utter	37722
▁Moved	37723
Custom	37724
avan	37725
▁episode	37726
rophy	37727
raw	37728
▁wit	37729
▁faultless	37730
▁mall	37731
dorf	37732
▁aliens	37733
▁unwanted	37734
贩	37735
▁modestly	37736
minded	37737
▁Dennis	37738
▁Lest	37739
▁daddy	37740
▁portable	37741
KING	37742
▁banana	37743
▁stripes	37744
映	37745
1997	37746
2.2	37747
mum	37748
▁stewards	37749
忍	37750
lumn	37751
▁Breakfast	37752
▁tactfully	37753
ぞ	37754
短	37755
▁illnesses	37756
▁auditor	37757
▁Bun	37758
▁Fog	37759
▁TLS	37760
▁breathed	37761
股	37762
▁lately	37763
atus	37764
▁Courage	37765
eat	37766
亮	37767
▁Dust	37768
▁aligned	37769
▁Late	37770
▁compliment	37771
稳	37772
▁Relationship	37773
▁accidentally	37774
▁switching	37775
plication	37776
▁overseas	37777
▁tangible	37778
▁flaming	37779
▁Loss	37780
▁heartache	37781
▁RAS	37782
▁unfailing	37783
▁Gain	37784
▁alleviate	37785
▁Metal	37786
换	37787
▁versus	37788
INE	37789
▁COP	37790
▁snap	37791
戰	37792
▁authenticity	37793
▁Depth	37794
▁youngsters	37795
deal	37796
▁4-	37797
▁2.0	37798
▁Budapest	37799
▁Inside	37800
▁ham	37801
攻	37802
inch	37803
onetary	37804
▁1954	37805
▁mistreated	37806
▁Lamech	37807
roid	37808
育	37809
▁parliamentary	37810
isunderstandings	37811
▁Shaw	37812
▁Ven	37813
ሦ	37814
▁Tech	37815
Art	37816
bou	37817
drom	37818
▁cleave	37819
▁defended	37820
▁impaired	37821
▁provoking	37822
▁(15	37823
▁airports	37824
▁watchman	37825
nrecognised	37826
▁skillfully	37827
疗	37828
▁drown	37829
▁Mongolia	37830
▁circulated	37831
▁Acc	37832
-9	37833
France	37834
acity	37835
▁Millennial	37836
nium	37837
▁Locate	37838
奉	37839
▁Fri	37840
▁regretted	37841
▁rushing	37842
▁repairs	37843
Sp	37844
vac	37845
▁Examine	37846
▁Helen	37847
▁Hardly	37848
▁favoured	37849
舞	37850
▁Uruguay	37851
▁thumbnails	37852
▁124	37853
▁Emily	37854
▁Solitaire	37855
▁constellation	37856
onfigure	37857
▁successors	37858
(2)(	37859
▁frank	37860
洗	37861
▁\\	37862
▁Scanning	37863
▁engraved	37864
▁unforeseen	37865
▁catching	37866
▁misdeeds	37867
complete	37868
▁quoting	37869
hot	37870
▁lent	37871
•	37872
▁Margins	37873
▁predictions	37874
mac	37875
Had	37876
bury	37877
▁entertained	37878
购	37879
▁Relax	37880
▁114	37881
卖	37882
vietnam	37883
▁occupational	37884
▁1938	37885
▁GmbH	37886
▁fellowman	37887
▁Growth	37888
▁Yusuf	37889
FT	37890
输	37891
▁beef	37892
弄	37893
▁CRTC	37894
唯	37895
▁Yep	37896
▁obligated	37897
▁Kohath	37898
▁Compact	37899
▁Drug	37900
妹	37901
▁coherent	37902
AST	37903
ஆ	37904
▁Seriously	37905
▁Rid	37906
▁pl	37907
▁tarry	37908
Men	37909
阁	37910
▁1950,	37911
▁Band	37912
▁supplications	37913
RG	37914
▁Critical	37915
▁consignment	37916
準	37917
▁19)	37918
italy	37919
affe	37920
▁Shim	37921
▁diamond	37922
▁frustrating	37923
->	37924
▁quake	37925
▁fiction	37926
▁initialize	37927
▁contractor	37928
▁poker	37929
畫	37930
▁Harm	37931
-8859-	37932
▁rained	37933
▁Esp	37934
▁matched	37935
▁Records	37936
sided	37937
▁Strength	37938
▁renounce	37939
▁emptied	37940
▁erring	37941
▁impaled	37942
摆	37943
▁additives	37944
▁nap	37945
emia	37946
▁Programming	37947
▁hurried	37948
▁loosed	37949
▁GE	37950
▁spam	37951
Cl	37952
▁hue	37953
thus	37954
plain	37955
▁establishments	37956
▁sympathetic	37957
▁upcoming	37958
▁Aunt	37959
▁encompasses	37960
▁Atomic	37961
▁apathy	37962
▁126	37963
▁Strengthen	37964
	37965
LT	37966
▁waxed	37967
▁MSN	37968
▁pharmacokinetic	37969
▁valve	37970
▁corporations	37971
胁	37972
URL	37973
nick	37974
Commission	37975
iano	37976
▁substitution	37977
泰	37978
▁Instance	37979
▁colt	37980
▁graduate	37981
▁invaded	37982
▁biodiversity	37983
▁groan	37984
征	37985
毛	37986
▁ungodliness	37987
url	37988
▁Papua	37989
▁extracted	37990
▁warriors	37991
翻	37992
ഛ	37993
kept	37994
▁flew	37995
▁infirmities	37996
▁surge	37997
▁therapeutic	37998
enburg	37999
▁colon	38000
SR	38001
▁mortgage	38002
▁spider	38003
▁indentation	38004
oven	38005
▁Mommy	38006
▁Nairobi	38007
▁sowed	38008
Listen	38009
Zoom	38010
▁probability	38011
▁Zebedee	38012
ゆ	38013
▁Gray	38014
▁Oral	38015
▁grouping	38016
▁emulator	38017
▁magical	38018
▁portal	38019
▁supplicate	38020
GEN	38021
玛	38022
rasero	38023
▁archaeological	38024
▁theories	38025
rath	38026
▁sorting	38027
older	38028
▁Greenland	38029
▁Tux	38030
▁subsidies	38031
▁Ish	38032
導	38033
Username	38034
▁Schengen	38035
▁excels	38036
▁oriented	38037
Which	38038
▁DOES	38039
byte	38040
▁feeble	38041
▁reproved	38042
▁harvesting	38043
▁Bishop	38044
▁Promotion	38045
eff	38046
▁32]	38047
▁portrait	38048
Sam	38049
纪	38050
▁incur	38051
▁beaches	38052
▁NATO	38053
▁Income	38054
▁comprehension	38055
stead	38056
▁endeavored	38057
dress	38058
▁Patch	38059
▁cats	38060
▁taxi	38061
▁trek	38062
▁liberation	38063
▁Shrink	38064
▁jewelry	38065
▁calmly	38066
▁conflicting	38067
▁forbade	38068
礼	38069
▁homosexuality	38070
楚	38071
▁Modification	38072
▁endorse	38073
▁accursed	38074
▁intermediate	38075
▁Smooth	38076
▁beggar	38077
going	38078
metry	38079
▁monkeys	38080
▁Contribut	38081
▁tech	38082
歌	38083
lian	38084
▁Punishment	38085
▁residential	38086
▁Cry	38087
▁educate	38088
▁flavor	38089
▁ft	38090
逐	38091
/15	38092
▁elite	38093
▁tranquillity	38094
0%	38095
▁Dock	38096
▁Hostel	38097
▁AIM	38098
IX	38099
360	38100
▁Features	38101
▁Pic	38102
▁Str	38103
▁tragedies	38104
▁afflictions	38105
▁537	38106
▁chill	38107
▁laughter	38108
▁sustaining	38109
▁nails	38110
▁fossil	38111
▁householders	38112
▁Dream	38113
▁Mahjongg	38114
▁Gregor	38115
stein	38116
▁Appreciate	38117
▁fabricated	38118
▁Soul	38119
▁138	38120
▁journeyed	38121
▁booth	38122
▁hostage	38123
BC	38124
▁disrespectful	38125
野	38126
▁township	38127
Test	38128
▁Arts	38129
▁guile	38130
▁interchange	38131
અ	38132
▁Forgiveness	38133
▁construed	38134
▁Liechtenstein	38135
▁Decree	38136
▁proudly	38137
¤	38138
▁insecure	38139
HS	38140
▁unnoticed	38141
▁Rou	38142
▁oak	38143
aunt	38144
▁economically	38145
▁babes	38146
▁statutory	38147
▁Michel	38148
▁46:	38149
▁fervently	38150
hou	38151
▁10%	38152
▁formidable	38153
▁undesirable	38154
▁fowls	38155
▁variations	38156
刻	38157
▁manuscript	38158
▁Themes	38159
▁frightening	38160
▁chaos	38161
▁salmon	38162
atten	38163
▁Rows	38164
寄	38165
window	38166
▁Dialog	38167
▁Moabites	38168
▁dumped	38169
morph	38170
阶	38171
▁Apartments	38172
▁Directorate	38173
russia	38174
▁Endurance	38175
▁irregular	38176
phosph	38177
Follow	38178
ぎ	38179
▁Amarok	38180
▁Galatia	38181
▁frontier	38182
▁inevitably	38183
▁lifeless	38184
▁Joppa	38185
kind	38186
▁Winter	38187
综	38188
▁allegations	38189
▁norms	38190
谋	38191
POS	38192
▁nurture	38193
anne	38194
design	38195
▁Barry	38196
▁knocking	38197
▁relentless	38198
▁sung	38199
▁Megiddo	38200
▁mixing	38201
▁cosmetic	38202
▁OUT	38203
▁Performance	38204
▁shutdown	38205
▁Nazarene	38206
▁philosophies	38207
▁spark	38208
▁tractor	38209
門	38210
▁Sandra	38211
▁variance	38212
▁splash	38213
▁makers	38214
▁silly	38215
魔	38216
ode	38217
▁Prosecutor	38218
▁arouse	38219
▁importing	38220
▁jury	38221
▁Updating	38222
▁Sticky	38223
▁realise	38224
counties	38225
▁Syl	38226
▁calculating	38227
▁wrongly	38228
瀏	38229
▁Elkanah	38230
▁haul	38231
▁shaking	38232
▁UID	38233
▁boundary	38234
ጳ	38235
▁1922	38236
Verily	38237
Ĝ	38238
▁gene	38239
▁regimen	38240
▁discarded	38241
▁intravenous	38242
▁Benin	38243
▁mutually	38244
▁Curve	38245
▁Slave	38246
▁poetry	38247
氣	38248
▁Disarmament	38249
▁massacre	38250
▁tribal	38251
▁Proclaim	38252
ポ	38253
▁Folio	38254
▁Pap	38255
▁screensaver	38256
▁parish	38257
▁Higher	38258
▁Norman	38259
▁acceleration	38260
▁arc	38261
▁Initially	38262
▁sandwich	38263
▁Taxi	38264
▁genius	38265
▁Multimedia	38266
▁Tableau	38267
▁brochures	38268
▁1513	38269
lv	38270
▁Mines	38271
▁poster	38272
▁Leaving	38273
▁Milton	38274
▁spokesman	38275
杰	38276
defined	38277
▁Eliphaz	38278
▁mountainous	38279
izz	38280
▁phenomena	38281
▁defining	38282
▁1966	38283
Files	38284
▁blasphemer	38285
▁deputy	38286
plane	38287
▁amateur	38288
▁lungs	38289
▁enticed	38290
▁sensitivity	38291
▁constraints	38292
▁Gath	38293
▁fragile	38294
▁Calvin	38295
▁MERC	38296
4,000	38297
▁pipes	38298
拍	38299
▁Nibbles	38300
▁initiation	38301
▁investigated	38302
▁Berg	38303
▁PCX	38304
▁postpone	38305
▁sounding	38306
ough	38307
▁lung	38308
▁proteins	38309
ሾ	38310
▁paused	38311
▁reckoned	38312
strong	38313
▁settlements	38314
▁Gibeon	38315
▁Certificates	38316
▁joker	38317
▁witch	38318
▁cereals	38319
▁0.1	38320
▁hanged	38321
▁Provisions	38322
▁serum	38323
▁Florence	38324
▁Prayers	38325
▁exposures	38326
districts	38327
/97	38328
▁crises	38329
▁robbery	38330
▁shipment	38331
philippines	38332
▁destitute	38333
ザ	38334
▁Kids	38335
▁martyr	38336
nhandled	38337
ጪ	38338
虽	38339
▁defy	38340
▁imperative	38341
▁Administrator	38342
據	38343
▁Compression	38344
▁NEW	38345
logist	38346
▁exchanged	38347
tensive	38348
▁MANY	38349
▁Guy	38350
▁precepts	38351
fault	38352
▁Revolution	38353
▁implant	38354
▁Cookies	38355
▁Kol	38356
▁Photograph	38357
▁Rem	38358
▁Evaluation	38359
▁ticked	38360
▁appendix	38361
▁complaining	38362
▁knot	38363
朝	38364
raising	38365
碍	38366
▁Tru	38367
plied	38368
FIN	38369
American	38370
▁Ages	38371
▁caves	38372
▁founder	38373
graphic	38374
▁presiding	38375
▁yarn	38376
▁peculiar	38377
▁stereo	38378
▁UNION	38379
▁Beep	38380
▁seekers	38381
▁Darius	38382
▁disbelieving	38383
▁incomparable	38384
▁incorruptible	38385
Through	38386
▁labeled	38387
▁Blu	38388
▁facial	38389
scribing	38390
▁kernel	38391
▁beta	38392
▁magician	38393
having	38394
▁rewarder	38395
Truly	38396
/24	38397
▁Bag	38398
▁TB	38399
Whatever	38400
▁COUNTRY	38401
略	38402
task	38403
▁obligatory	38404
▁Kri	38405
▁colony	38406
▁Eternal	38407
▁calcium	38408
Car	38409
▁Wicked	38410
▁geographic	38411
▁retro	38412
▁Classic	38413
▁zoo	38414
▁Harold	38415
▁opposes	38416
▁MiB	38417
▁thrill	38418
▁Janet	38419
▁Tea	38420
▁bliss	38421
ピ	38422
▁Rat	38423
▁continuation	38424
fuel	38425
▁eventual	38426
▁roadway	38427
bert	38428
▁termination	38429
▁envoy	38430
▁Macro	38431
▁delays	38432
King	38433
▁debtor	38434
wrap	38435
▁Visited	38436
▁steadily	38437
娜	38438
▁fractions	38439
▁withheld	38440
protect	38441
witch	38442
▁Orange	38443
MD	38444
▁Negative	38445
▁HISTORY	38446
▁attraction	38447
rock	38448
▁woven	38449
ronic	38450
▁THINK	38451
▁frail	38452
様	38453
▁Expected	38454
Family	38455
▁3.1	38456
▁Incorrect	38457
▁rites	38458
▁Skill	38459
▁esteemed	38460
▁Challenges	38461
▁IDE	38462
corp	38463
▁paintings	38464
▁extraction	38465
▁Barabbas	38466
CU	38467
VAL	38468
▁eco	38469
amide	38470
lux	38471
▁colleague	38472
camel	38473
▁fishes	38474
Joseph	38475
▁circumstance	38476
▁roast	38477
▁orchestra	38478
▁remorse	38479
▁Cancelled	38480
▁Prize	38481
▁surpasses	38482
dave	38483
▁fastened	38484
▁laundry	38485
▁Dean	38486
▁diagnostic	38487
木	38488
▁mist	38489
▁-1	38490
▁patrol	38491
▁fetters	38492
▁ratified	38493
▁defender	38494
▁foam	38495
▁Rooms	38496
▁corrective	38497
▁childless	38498
▁filtering	38499
▁stall	38500
▁usury	38501
▁Methods	38502
▁(6	38503
▁Fingerprint	38504
▁adversely	38505
▁hammer	38506
固	38507
▁Scripturally	38508
▁popularity	38509
ISH	38510
ಇ	38511
▁eighty	38512
▁collapsed	38513
VEN	38514
▁Sustain	38515
▁inventory	38516
▁mounting	38517
aid	38518
▁TIME	38519
▁operative	38520
Ivoire	38521
▁tortured	38522
▁Guarantee	38523
▁prestige	38524
spiritual	38525
▁Charge	38526
▁prophesying	38527
sville	38528
錢	38529
▁Shaphan	38530
▁ridiculed	38531
灾	38532
▁ORIGIN	38533
▁jungle	38534
▁radius	38535
▁Cultivate	38536
▁Messaging	38537
bell	38538
▁cooked	38539
▁legends	38540
▁venue	38541
欲	38542
▁legend	38543
haw	38544
▁Grave	38545
▁wrongfully	38546
think	38547
▁Nordic	38548
▁Decade	38549
▁incapable	38550
▁convent	38551
▁experiments	38552
▁abnormal	38553
▁displease	38554
▁deniers	38555
+)	38556
enny	38557
▁Eliezer	38558
▁Financing	38559
腊	38560
▁Obed	38561
▁decrypt	38562
▁sparing	38563
▁induced	38564
▁Lex	38565
▁climbing	38566
▁sayest	38567
讨	38568
▁Bobby	38569
▁broaden	38570
▁alphabet	38571
▁foresee	38572
▁accumulated	38573
▁perplexed	38574
▁placement	38575
簽	38576
▁SS	38577
▁eliminat	38578
▁SPECIAL	38579
▁landmark	38580
▁planting	38581
▁choked	38582
ULT	38583
▁critics	38584
Leave	38585
uld	38586
▁missiles	38587
▁mourned	38588
▁fantasy	38589
▁impending	38590
▁[4]	38591
▁Closed	38592
avia	38593
estim	38594
MEN	38595
immed	38596
▁Shop	38597
▁Sidebar	38598
==	38599
▁forge	38600
覆	38601
霊	38602
▁Stories	38603
▁disadvantage	38604
▁implicit	38605
▁reconsider	38606
函	38607
毁	38608
▁Establish	38609
▁detective	38610
▁frankly	38611
▁disputing	38612
▁golf	38613
▁Italic	38614
ometer	38615
▁Mol	38616
▁Dick	38617
brother	38618
▁inspect	38619
▁Hydro	38620
▁perceiving	38621
▁Partners	38622
▁plunder	38623
stream	38624
▁Broken	38625
▁commendable	38626
▁KNOW	38627
▁Julia	38628
▁Provid	38629
▁146	38630
▁Blessing	38631
▁Generator	38632
顿	38633
▁Eunice	38634
=(	38635
▁spears	38636
Pause	38637
spread	38638
▁Scope	38639
ဿ	38640
▁Disconnected	38641
▁cleaner	38642
▁Adapt	38643
ordinate	38644
▁creeping	38645
▁oxide	38646
▁soften	38647
▁Compose	38648
▁addict	38649
▁dispense	38650
▁edp	38651
▁Joan	38652
▁Switcher	38653
▁terminate	38654
拒	38655
▁4.3	38656
▁Booking	38657
▁jumped	38658
▁Stu	38659
戦	38660
ider	38661
▁Alcohol	38662
▁footstool	38663
▁Pie	38664
▁knit	38665
▁113	38666
▁recycling	38667
▁showy	38668
▁chop	38669
▁overwhelm	38670
▁Fields	38671
▁damsel	38672
▁mathematical	38673
▁puzzled	38674
TAN	38675
▁SSH	38676
▁additive	38677
▁distraction	38678
▁eradication	38679
▁Understand	38680
▁Improve	38681
倡	38682
▁Jennifer	38683
▁reaffirm	38684
▁unrealistic	38685
▁sticky	38686
▁Floating	38687
▁colourmap	38688
→	38689
quant	38690
▁analytical	38691
HTML	38692
▁Iranian	38693
▁Pidgin	38694
address	38695
句	38696
▁Grey	38697
▁240	38698
▁Dimensions	38699
▁varies	38700
▁eu	38701
▁Preach	38702
blood	38703
▁duck	38704
▁lighten	38705
Ꮾ	38706
(1	38707
works	38708
▁Julie	38709
pent	38710
▁illusion	38711
▁Alias	38712
▁Tai	38713
▁vaccination	38714
▁genes	38715
▁feathers	38716
▁keyring	38717
▁precedent	38718
▁Ezek	38719
▁workman	38720
▁Wilson	38721
pack	38722
▁Dai	38723
▁cage	38724
▁issuer	38725
▁Laodicea	38726
▁♫	38727
▁KWord	38728
▁Iblis	38729
▁undefiled	38730
▁whip	38731
▁Nicola	38732
▁degrading	38733
▁Commit	38734
▁Greatest	38735
▁animated	38736
▁eastward	38737
▁dispatch	38738
▁350	38739
▁Interior	38740
▁rifle	38741
	38742
TL	38743
▁Treaties	38744
▁Amarillas	38745
▁speeches	38746
▁Means	38747
▁befriend	38748
Since	38749
▁protests	38750
▁Righteousness	38751
▁respiratory	38752
hereinafter	38753
▁1,500	38754
▁Oliver	38755
▁plum	38756
lix	38757
▁Saviour	38758
▁Obadiah	38759
▁Mario	38760
▁counselors	38761
▁deduction	38762
XX	38763
▁Concern	38764
▁Finish	38765
rush	38766
chloro	38767
▁arranging	38768
fund	38769
▁Unnamed	38770
▁uncontrolled	38771
▁fanatic	38772
▁compulsion	38773
▁Gradually	38774
▁wiser	38775
GF	38776
▁Akonadi	38777
▁Standards	38778
▁sorrowful	38779
▁MAR	38780
▁defilement	38781
▁129	38782
▁Needs	38783
▁align	38784
▁sware	38785
▁synthetic	38786
HOME	38787
III	38788
▁TR	38789
▁serpents	38790
▁thickness	38791
▁Alliance	38792
▁conception	38793
▁deceiver	38794
▁Solar	38795
▁discouraging	38796
▁supernatural	38797
ノ	38798
Game	38799
▁1959	38800
荷	38801
7,000	38802
▁beset	38803
▁Consult	38804
▁(*.	38805
▁stipulat	38806
▁5.2	38807
▁Wales	38808
▁confusing	38809
LTR	38810
watch	38811
▁murderers	38812
▁divination	38813
▁opponent	38814
▁refrigerator	38815
▁telescope	38816
阻	38817
▁SW	38818
▁freeze	38819
截	38820
▁ICC	38821
▁snares	38822
DIR	38823
▁EP	38824
▁Hair	38825
storm	38826
▁Overall	38827
▁optimistic	38828
擊	38829
汗	38830
▁Togo	38831
RP	38832
▁UNEP	38833
▁hurl	38834
▁Christine	38835
▁Inactive	38836
foo	38837
▁cru	38838
▁platforms	38839
▁Manufacture	38840
▁Rand	38841
▁insulted	38842
llegedly	38843
▁Divide	38844
既	38845
hine	38846
cirt	38847
▁parks	38848
3,000	38849
▁Quite	38850
▁demonstrations	38851
mile	38852
▁deterioration	38853
▁rated	38854
ઞ	38855
▁dots	38856
▁ephod	38857
▁infectious	38858
polytheists	38859
▁betrayal	38860
▁Trials	38861
▁scandal	38862
▁coincidence	38863
▁trait	38864
atta	38865
▁Prof	38866
卢	38867
▁ambush	38868
▁princess	38869
▁Balak	38870
reason	38871
▁hurricane	38872
▁comprising	38873
▁barrel	38874
▁procedural	38875
▁floors	38876
▁Undoubtedly	38877
▁tile	38878
妳	38879
▁intake	38880
glass	38881
though	38882
▁Broad	38883
▁EEC	38884
▁misconduct	38885
▁asserted	38886
▁shave	38887
▁tithes	38888
▁PATH	38889
▁Genuine	38890
▁WORK	38891
▁Gy	38892
▁conditional	38893
趣	38894
▁Bla	38895
▁exhaust	38896
▁laptop	38897
▁mightier	38898
▁roughly	38899
▁donkeys	38900
▁godfearing	38901
▁analyses	38902
▁Quantity	38903
▁pioneered	38904
arra	38905
▁Pam	38906
▁Neh	38907
▁Snap	38908
▁immunity	38909
穷	38910
▁39:	38911
▁locale	38912
▁Hunt	38913
grade	38914
▁Analys	38915
▁boom	38916
▁altitude	38917
▁grudge	38918
▁overjoyed	38919
▁1440	38920
▁focal	38921
▁yeast	38922
323	38923
▁Portrait	38924
▁HP	38925
▁trucks	38926
▁Prove	38927
▁questionable	38928
.[2]	38929
▁Happen	38930
護	38931
▁Approach	38932
▁Miguel	38933
▁sidebar	38934
support	38935
粮	38936
▁Waldo	38937
▁Ul	38938
▁periodically	38939
angle	38940
▁recruit	38941
▁Howbeit	38942
▁dr	38943
oriented	38944
▁adjacent	38945
▁Gross	38946
▁sprang	38947
借	38948
▁Salih	38949
▁Libya	38950
▁commenting	38951
▁linguistic	38952
▁Invest	38953
▁Breakpoint	38954
▁surgical	38955
balance	38956
▁collateral	38957
▁vinegar	38958
▁cliff	38959
▁Siberia	38960
▁reassurance	38961
▁builder	38962
▁scarce	38963
▁scrollbar	38964
cab	38965
LC	38966
▁Shimei	38967
▁retaliate	38968
▁advises	38969
▁FL	38970
▁Venice	38971
fruit	38972
▁Weinberger	38973
▁Behavior	38974
▁herein	38975
▁sobering	38976
▁revenues	38977
ൌ	38978
▁Opera	38979
▁politically	38980
1995	38981
▁enforced	38982
/94	38983
▁lessen	38984
▁preside	38985
MON	38986
▁Realiz	38987
▁deactivate	38988
/20	38989
▁LO	38990
▁Pane	38991
▁JW	38992
▁gentleman	38993
裏	38994
▁blaspheme	38995
▁spoiled	38996
▁PRINCIPLE	38997
▁bodily	38998
▁DeskJet	38999
▁strove	39000
▁Shh	39001
▁merger	39002
▁piano	39003
泛	39004
▁Joash	39005
▁LOVE	39006
▁tolerated	39007
▁neighbouring	39008
▁Forty	39009
▁investigating	39010
▁ordeal	39011
▁violat	39012
/2000	39013
▁Distribution	39014
▁Relief	39015
ovic	39016
plate	39017
▁Mental	39018
▁Lat	39019
▁Montreal	39020
▁Therein	39021
▁embryo	39022
▁haughtiness	39023
▁supposedly	39024
▁mathematics	39025
▁Philo	39026
▁Floor	39027
SH	39028
▁clusters	39029
宝	39030
▁PRI	39031
▁Correction	39032
▁Lars	39033
olating	39034
▁Fr	39035
▁downhearted	39036
迷	39037
▁remit	39038
▁worshiper	39039
键	39040
▁coding	39041
丈	39042
▁Yah	39043
▁Christopher	39044
▁Arctic	39045
▁Riches	39046
▁Shemaiah	39047
▁circum	39048
▁warehouse	39049
▁stunning	39050
▁Alternative	39051
▁extensively	39052
▁envious	39053
辦	39054
icious	39055
▁Bahrain	39056
▁calves	39057
ఊ	39058
▁negotiation	39059
▁Marian	39060
▁maternal	39061
▁Gor	39062
▁cheating	39063
▁intensified	39064
▁urine	39065
▁terrorists	39066
Brother	39067
central	39068
▁misunderstood	39069
▁adorn	39070
▁memorable	39071
Post	39072
anny	39073
boo	39074
Any	39075
▁fist	39076
ፅ	39077
▁ratings	39078
遣	39079
▁applause	39080
Socket	39081
[7]	39082
▁Signal	39083
▁Structural	39084
▁ants	39085
attr	39086
▁skull	39087
▁essay	39088
Ő	39089
▁rituals	39090
▁Benefits	39091
Red	39092
▁Causes	39093
enberg	39094
Brasília	39095
▁Partition	39096
▁Hours	39097
▁Correct	39098
▁lining	39099
▁delusion	39100
▁relaxation	39101
՜	39102
Ẽ	39103
▁Comb	39104
▁Rib	39105
眾	39106
Inter	39107
慢	39108
ience	39109
▁Planet	39110
▁fabrics	39111
▁Suggestions	39112
cyclo	39113
▁Disaster	39114
▁collar	39115
▁oppressors	39116
▁shipwreck	39117
▁Brings	39118
▁Lucy	39119
▁lampstand	39120
hydrate	39121
▁astrologers	39122
nine	39123
▁Delivery	39124
came	39125
▁hazard	39126
rule	39127
▁indispensable	39128
▁straightforward	39129
▁capability	39130
▁phrases	39131
▁4.1	39132
▁pardoned	39133
▁metaphor	39134
Over	39135
hra	39136
ridge	39137
▁anticipate	39138
▁fearlessly	39139
▁Kyoto	39140
▁lottery	39141
controlled	39142
▁eunuch	39143
▁tyrant	39144
SSL	39145
▁ANI	39146
▁Tamar	39147
▁spoils	39148
▁diminished	39149
▁subsystem	39150
▁Copenhagen	39151
▁Lesson	39152
▁Shan	39153
weep	39154
▁constituent	39155
▁praiseworthy	39156
招	39157
Account	39158
▁persistence	39159
nec	39160
▁Porto	39161
▁foreshadowed	39162
▁exiles	39163
ፒ	39164
▁Constantine	39165
▁rack	39166
▁postcard	39167
▁advisers	39168
▁confide	39169
▁watering	39170
▁Turk	39171
LIN	39172
▁Bang	39173
▁entreated	39174
▁lepers	39175
▁underscore	39176
▁Nah	39177
nidirectional	39178
▁Alfred	39179
▁deletion	39180
▁overcame	39181
ask	39182
▁Trouble	39183
▁apt	39184
▁complementary	39185
▁crowded	39186
▁Strategic	39187
▁gestures	39188
agged	39189
▁charming	39190
▁mismatch	39191
▁butterfly	39192
ommun	39193
▁cite	39194
▁HELP	39195
▁annexed	39196
▁turnover	39197
▁unborn	39198
▁Limited	39199
▁apps	39200
▁importer	39201
▁pesticide	39202
▁potent	39203
▁3.2	39204
aved	39205
▁ingredient	39206
▁cement	39207
▁dosage	39208
▁storms	39209
▁Innovation	39210
▁konqueror	39211
8-	39212
.245	39213
▁solitary	39214
▁Jehoram	39215
ሟ	39216
▁(8)	39217
▁anchors	39218
Restore	39219
▁rubbish	39220
遗	39221
▁sweetheart	39222
	39223
Ꮌ	39224
▁Ry	39225
▁confrontation	39226
▁grove	39227
▁Elements	39228
▁SAYS	39229
▁safeguarded	39230
▁stretching	39231
▁Precious	39232
▁mingled	39233
▁Opacity	39234
speed	39235
▁neat	39236
▁polite	39237
▁Jehoiakim	39238
▁bondservant	39239
▁consequently	39240
▁persuasive	39241
Dec	39242
▁Pretty	39243
▁broadcasting	39244
▁nick	39245
▁Electric	39246
▁symlink	39247
delete	39248
plant	39249
▁Territories	39250
▁rhythm	39251
▁perfume	39252
wife	39253
▁stoop	39254
▁dye	39255
▁uncover	39256
eer	39257
▁resolute	39258
▁commodity	39259
lob	39260
▁36:	39261
▁Units	39262
▁fragrance	39263
狗	39264
店	39265
owner	39266
▁Spiritually	39267
▁UNESCO	39268
▁Parameters	39269
▁calleth	39270
懂	39271
▁Favorite	39272
▁pharmaceutical	39273
▁Wash	39274
▁kneel	39275
party	39276
▁Stars	39277
RAM	39278
▁rocket	39279
▁Degrees	39280
▁Saver	39281
▁Gwen	39282
▁unthinkable	39283
Du	39284
▁indoor	39285
▁philosophers	39286
▁Authorisation	39287
▁Kid	39288
▁escaping	39289
▁stimulating	39290
never	39291
pping	39292
▁Migration	39293
lysis	39294
▁affluent	39295
▁magnified	39296
▁rig	39297
▁entrenched	39298
▁persecutors	39299
Eject	39300
▁Condition	39301
▁Worth	39302
▁politician	39303
ひ	39304
EAD	39305
▁Fig	39306
▁coconut	39307
▁fullest	39308
▁wrestling	39309
▁Structure	39310
OOD	39311
▁Delegation	39312
▁Restaurant	39313
▁Gibeah	39314
▁forthwith	39315
▁pots	39316
TED	39317
▁subcutaneous	39318
▁Collapse	39319
▁qualification	39320
condition	39321
▁progressing	39322
▁tales	39323
▁Competition	39324
▁acquaintance	39325
▁majestic	39326
▁milestone	39327
▁scholarship	39328
believers	39329
▁Revision	39330
▁≥	39331
▁KING	39332
▁axle	39333
fghanistan	39334
radi	39335
3%	39336
▁Baasha	39337
▁Transform	39338
▁accidental	39339
▁Provides	39340
▁complications	39341
▁dispose	39342
▁invested	39343
妓	39344
▁Glad	39345
▁Needed	39346
Browse	39347
▁Maya	39348
▁affordable	39349
▁seminars	39350
▁squad	39351
▁Achaia	39352
▁mandates	39353
▁murmur	39354
▁readjust	39355
▁Roy	39356
event	39357
▁Strange	39358
▁Stream	39359
Audio	39360
write	39361
▁retriev	39362
▁Crop	39363
ዥ	39364
▁Hawaii	39365
▁Wycliffe	39366
▁DATE	39367
▁spp	39368
▁unintentional	39369
▁Balkans	39370
▁DC	39371
▁penny	39372
▁unbaptized	39373
▁exposing	39374
▁solicit	39375
▁Refugees	39376
૯	39377
仲	39378
肉	39379
▁Plato	39380
▁sixteen	39381
Ӱ	39382
▁Philadelphia	39383
▁fishery	39384
▁Issachar	39385
▁Palace	39386
▁overthrown	39387
▁wallpaper	39388
verb	39389
▁cramped	39390
ombo	39391
▁Indiana	39392
▁objections	39393
▁thermal	39394
pm	39395
▁disciplining	39396
ifiable	39397
▁abolished	39398
▁chasing	39399
▁pulse	39400
need	39401
FUL	39402
bill	39403
▁Series	39404
▁purchasing	39405
bby	39406
rix	39407
▁packing	39408
▁Gujarati	39409
▁soup	39410
▁(13	39411
▁motherfucker	39412
ener	39413
▁Arabs	39414
wash	39415
El	39416
▁Mix	39417
▁scenarios	39418
olour	39419
▁IUDs	39420
	39421
▁catches	39422
▁ephah	39423
▁Subscription	39424
彩	39425
▁Sufficient	39426
▁codec	39427
▁digging	39428
割	39429
eep	39430
▁1933	39431
▁consolidation	39432
▁Johnson	39433
▁vanished	39434
RL	39435
▁Families	39436
▁locks	39437
▁Magic	39438
▁expenditures	39439
▁slipped	39440
▁plotted	39441
▁hierarchy	39442
▁transgressing	39443
▁merge	39444
▁20%	39445
▁blindly	39446
lander	39447
▁conjecture	39448
▁flirting	39449
dialog	39450
▁Mailing	39451
lessly	39452
▁simpler	39453
6,000	39454
▁Beau	39455
▁›	39456
衡	39457
▁manipulate	39458
unknown	39459
▁Individuals	39460
▁partaking	39461
follow	39462
▁drafting	39463
▁tricks	39464
handed	39465
▁predominantly	39466
却	39467
▁carton	39468
▁lively	39469
▁blindness	39470
▁Eritrea	39471
▁gym	39472
▁robot	39473
▁FAMILY	39474
▁subtitles	39475
▁Cab	39476
▁factions	39477
sheet	39478
▁Marketing	39479
▁Subversion	39480
▁earning	39481
▁indecency	39482
▁tel	39483
tice	39484
Ή	39485
▁Daemon	39486
▁guitar	39487
Wait	39488
Կ	39489
▁baked	39490
▁divert	39491
▁mustered	39492
worthy	39493
▁Alaska	39494
▁Thankfully	39495
▁Availability	39496
▁inculcate	39497
ogenic	39498
▁Fresh	39499
▁Iraqi	39500
▁chloride	39501
▁negotiate	39502
aware	39503
▁ivory	39504
麦	39505
▁assumption	39506
borne	39507
▁24.)	39508
▁exploited	39509
▁addicted	39510
▁courtesy	39511
末	39512
▁Speech	39513
ucci	39514
▁DAY	39515
▁Lily	39516
允	39517
▁Collect	39518
▁blocking	39519
▁exerted	39520
▁tithe	39521
▁Satellite	39522
▁Animals	39523
▁Enlarge	39524
▁bowels	39525
▁contracted	39526
▁coordinating	39527
▁matrix	39528
▁tossed	39529
raf	39530
▁Manoah	39531
▁parade	39532
閉	39533
▁overtaken	39534
pr	39535
▁Morris	39536
▁FA	39537
▁Modesty	39538
▁Olive	39539
▁credibility	39540
▁phases	39541
踪	39542
omo	39543
▁aluminium	39544
origin	39545
▁Seir	39546
▁tumult	39547
aim	39548
▁correspondence	39549
▁Gamaliel	39550
▁dip	39551
▁entitlement	39552
▁physics	39553
▁Ethiopians	39554
▁Wallpaper	39555
▁limiting	39556
▁1968	39557
▁allegiance	39558
▁Village	39559
▁geo	39560
▁tits	39561
廷	39562
install	39563
▁inhibitors	39564
▁proportionate	39565
pop	39566
▁WOULD	39567
▁shone	39568
eria	39569
▁Boat	39570
術	39571
▁seest	39572
▁wholesale	39573
▁enslavement	39574
/18	39575
▁undertone	39576
▁pathway	39577
▁Belgrade	39578
▁Repair	39579
▁quantitative	39580
▁Latest	39581
奴	39582
flower	39583
▁Leonard	39584
▁Updated	39585
▁balloon	39586
▁pest	39587
▁smiling	39588
毫	39589
iq	39590
▁Charlotte	39591
▁league	39592
tresunit	39593
▁Privilege	39594
▁harshly	39595
▁struct	39596
tax	39597
恢	39598
▁mainstream	39599
▁Vital	39600
▁Troas	39601
▁wickedly	39602
娘	39603
-2-	39604
Join	39605
▁CORIN	39606
▁influenza	39607
faith	39608
colour	39609
communica	39610
▁Homepage	39611
▁shooter	39612
▁SAY	39613
▁structured	39614
▁Taylor	39615
▁Barbara	39616
▁defendant	39617
odi	39618
▁gorgeous	39619
2018	39620
▁municipalities	39621
▁Wisely	39622
▁discomfort	39623
▁crowned	39624
htm	39625
▁foreheads	39626
▁fulfilment	39627
▁Conclusion	39628
-16	39629
▁remark	39630
▁Tarsus	39631
▁patriarchs	39632
▁contingent	39633
▁unified	39634
▁cleanliness	39635
▁Android	39636
▁mum	39637
▁rays	39638
▁triple	39639
▁Integer	39640
▁someday	39641
▁Issued	39642
▁displeasure	39643
▁plucked	39644
▁bitrate	39645
▁endureth	39646
▁Casa	39647
▁Embedded	39648
▁attendants	39649
繼	39650
Ph	39651
▁Installer	39652
▁theoretical	39653
▁unfairly	39654
罚	39655
PV	39656
taking	39657
▁disfellowshipp	39658
▁hitting	39659
▁massage	39660
▁penned	39661
Normal	39662
umen	39663
▁Essential	39664
therapy	39665
▁jerk	39666
▁1879	39667
▁optical	39668
▁44;	39669
▁Eagle	39670
▁postal	39671
mind	39672
▁23.)	39673
▁Secondly	39674
▁yields	39675
▁Held	39676
▁duke	39677
▁lawless	39678
▁galaxies	39679
Build	39680
▁ceremonies	39681
▁condone	39682
Ask	39683
▁formally	39684
▁Comoros	39685
▁Jul	39686
▁Exception	39687
▁Hue	39688
杯	39689
▁elevation	39690
▁Iconium	39691
▁chaff	39692
▁Conversion	39693
ሺ	39694
▁broadband	39695
▁blister	39696
▁Listening	39697
ϋ	39698
▁Abijah	39699
▁appointing	39700
▁equi	39701
▁Diamond	39702
▁Responsible	39703
zoo	39704
fulness	39705
▁deviate	39706
▁interventions	39707
▁intriguing	39708
▁superhuman	39709
1996	39710
▁Guil	39711
▁Phillip	39712
▁housetop	39713
▁Signing	39714
▁Fucking	39715
▁Netscape	39716
▁Outer	39717
Reverse	39718
	39719
▁(8	39720
TON	39721
▁briefing	39722
▁invoice	39723
▁motivating	39724
plus	39725
楽	39726
existing	39727
integrat	39728
▁Glass	39729
▁nitrogen	39730
纽	39731
▁Senior	39732
▁treacherously	39733
▁eighteen	39734
Rev	39735
compliance	39736
western	39737
▁Cookie	39738
▁Diff	39739
▁Vehicle	39740
▁7,000	39741
▁stabilize	39742
mitted	39743
eastern	39744
fused	39745
phenyl	39746
▁disseminate	39747
romania	39748
▁refunds	39749
▁galaxy	39750
OUND	39751
邀	39752
▁publicity	39753
▁slope	39754
▁smitten	39755
ඛ	39756
▁attaining	39757
▁jailer	39758
minated	39759
销	39760
▁estimation	39761
▁Billy	39762
Web	39763
▁KOrganizer	39764
▁engineers	39765
erous	39766
▁Loop	39767
▁reunited	39768
ווע	39769
▁Gill	39770
▁surf	39771
▁Darwin	39772
▁Lack	39773
store	39774
▁Animations	39775
▁liberated	39776
▁1969	39777
▁investor	39778
▁scanning	39779
▁unanimously	39780
ocracy	39781
▁goodbye	39782
▁Filesystem	39783
▁chemistry	39784
▁Gui	39785
寻	39786
▁Interactive	39787
▁RIGHT	39788
▁immuno	39789
▁revolve	39790
▁armour	39791
Place	39792
▁analysed	39793
▁Ground	39794
▁authorise	39795
▁scary	39796
Ꮁ	39797
▁iPod	39798
▁pill	39799
▁screening	39800
oil	39801
▁Tube	39802
▁Laura	39803
▁indecent	39804
▁downward	39805
ease	39806
voc	39807
▁(14	39808
bring	39809
join	39810
▁Sergeant	39811
▁predecessor	39812
▁Contain	39813
▁Outside	39814
▁uttermost	39815
▁(20	39816
▁Designed	39817
ender	39818
▁plots	39819
▁restarted	39820
Watch	39821
▁inhibit	39822
▁vague	39823
▁revoked	39824
▁Ibid	39825
▁lectures	39826
▁intervened	39827
▁ACT	39828
▁Discard	39829
▁Depart	39830
▁Melchizedek	39831
▁toast	39832
Was	39833
▁Lei	39834
▁OECD	39835
▁Slovenian	39836
塊	39837
▁bathing	39838
▁gloom	39839
selected	39840
▁Delight	39841
▁savour	39842
▁indifferent	39843
▁dismayed	39844
▁persists	39845
GRE	39846
▁Adoption	39847
▁CAS	39848
▁visualize	39849
uer	39850
▁meditated	39851
nomy	39852
▁Wien	39853
▁Identification	39854
icip	39855
▁coloured	39856
喂	39857
▁MON	39858
▁erroneous	39859
▁Wonderful	39860
▁pierced	39861
EMENT	39862
▁Sid	39863
▁intending	39864
▁indifference	39865
▁forgetting	39866
▁Penguin	39867
▁Chain	39868
▁Oriental	39869
▁BA	39870
hydro	39871
▁technically	39872
▁Scholar	39873
▁Fol	39874
▁systemic	39875
▁staring	39876
▁Lind	39877
▁Ident	39878
▁Sebastian	39879
▁chronicles	39880
狱	39881
▁flush	39882
files	39883
▁brag	39884
▁chemotherapy	39885
▁Taurat	39886
▁Statistical	39887
▁unsuccessful	39888
▁bowing	39889
▁episodes	39890
▁maiden	39891
Throw	39892
isofs	39893
▁theatre	39894
▁treasured	39895
chel	39896
▁marrow	39897
▁curtains	39898
▁Representatives	39899
▁Pha	39900
▁forsook	39901
Son	39902
▁Cruz	39903
▁confidentiality	39904
澳	39905
onnect	39906
philip	39907
Selection	39908
REN	39909
▁Placement	39910
▁instinct	39911
▁remarked	39912
correct	39913
▁KOffice	39914
嫩	39915
▁Barzillai	39916
▁fog	39917
▁reproduce	39918
▁unused	39919
▁Pol	39920
▁daunting	39921
▁marries	39922
読	39923
	39924
ഇ	39925
▁obscure	39926
▁Bless	39927
▁sickle	39928
▁tuberculosis	39929
▁"{0}"	39930
▁voltage	39931
▁Excellency	39932
▁Scrollbar	39933
friend	39934
▁Zalimun	39935
always	39936
▁Railway	39937
▁SOCKS	39938
哇	39939
tile	39940
▁Howard	39941
▁lag	39942
措	39943
▁doubting	39944
▁premature	39945
▁proclaimer	39946
▁Carry	39947
▁bang	39948
▁curb	39949
▁failings	39950
▁Develop	39951
Ti	39952
Ų	39953
経	39954
▁Lift	39955
▁elevator	39956
▁nourishment	39957
▁bricks	39958
▁disobeying	39959
汇	39960
▁vigor	39961
▁Cla	39962
▁shields	39963
▁Deleted	39964
▁Promote	39965
▁transfiguration	39966
rash	39967
ocating	39968
seek	39969
▁Girl	39970
▁acquaintances	39971
feeding	39972
▁lymph	39973
聊	39974
▁bovine	39975
ワ	39976
▁bail	39977
谅	39978
cision	39979
隱	39980
▁carcase	39981
辩	39982
aun	39983
▁PR	39984
▁deluded	39985
aemia	39986
▁Urgent	39987
▁SMTP	39988
▁downloading	39989
▁Gau	39990
▁herald	39991
(12	39992
Canada	39993
▁bloom	39994
▁imbalance	39995
▁Edubuntu	39996
[8]	39997
▁GOOD	39998
ikh	39999
▁revived	40000
▁20,000	40001
▁Majestic	40002
OUGH	40003
pool	40004
▁bathe	40005
▁creativity	40006
recognized	40007
▁MDI	40008
▁conveys	40009
▁cultivation	40010
▁reproached	40011
▁subscribed	40012
▁Wikipedia	40013
傷	40014
▁Fundamental	40015
▁Successful	40016
▁sap	40017
恶	40018
▁bracket	40019
▁moderation	40020
▁stepping	40021
▁(17	40022
meat	40023
▁Carter	40024
▁qualifying	40025
▁deceiving	40026
▁harmonisation	40027
Mode	40028
▁cocaine	40029
▁millennium	40030
▁vigorously	40031
▁terribly	40032
▁layouts	40033
▁uniting	40034
▁Renaming	40035
河	40036
▁tweet	40037
づ	40038
sexual	40039
▁fortunate	40040
▁Robin	40041
▁manipulation	40042
▁unitedly	40043
0.00	40044
rise	40045
▁%4	40046
▁loom	40047
▁Sarai	40048
▁cupbearer	40049
▁iCalendar	40050
▁immersed	40051
▁Tourism	40052
▁Wave	40053
▁[3	40054
▁snack	40055
斗	40056
▁juvenile	40057
▁presses	40058
▁robust	40059
▁Git	40060
▁Sofia	40061
▁compromising	40062
▁travelled	40063
▁sedition	40064
¦	40065
▁Possibly	40066
▁requite	40067
▁HUMAN	40068
▁mbox	40069
Data	40070
▁bounce	40071
▁dilemma	40072
▁exiting	40073
▁efficiently	40074
ograph	40075
▁Catherine	40076
▁ascribed	40077
▁embarrassment	40078
▁earthen	40079
▁editions	40080
▁lobby	40081
▁Attitude	40082
▁fighters	40083
▁releasing	40084
▁sandals	40085
▁Putt	40086
▁unstable	40087
願	40088
oud	40089
▁4.4	40090
▁subtract	40091
layer	40092
磁	40093
Mighty	40094
▁bored	40095
▁ripped	40096
Recent	40097
looking	40098
weapon	40099
▁webcam	40100
esthetic	40101
▁principally	40102
▁thriving	40103
▁EIB	40104
▁Proper	40105
▁conspired	40106
▁marvelled	40107
▁SMS	40108
▁Turning	40109
▁enclosed	40110
▁expanse	40111
▁fitness	40112
▁Authorities	40113
▁NOW	40114
▁Growing	40115
▁residing	40116
▁stink	40117
forever	40118
▁Birth	40119
役	40120
▁refine	40121
▁Tourist	40122
▁musicians	40123
▁170	40124
▁Socialist	40125
▁boarding	40126
▁enlightened	40127
▁Sector	40128
▁cabinet	40129
▁Zerubbabel	40130
拥	40131
▁frontend	40132
▁±	40133
▁Maxim	40134
狀	40135
▁bolster	40136
▁wandered	40137
▁threatens	40138
▁22.)	40139
▁omen	40140
▁1964	40141
▁amass	40142
研	40143
treatment	40144
▁ascension	40145
▁0.2	40146
▁20.)	40147
▁Careful	40148
▁notwithstanding	40149
▁cinema	40150
▁kcm	40151
稿	40152
others	40153
▁Crystal	40154
▁Inbox	40155
▁pap	40156
▁laser	40157
▁penal	40158
▁3.5	40159
▁Bearing	40160
▁activation	40161
▁Alas	40162
RB	40163
▁Nicaragua	40164
▁Processing	40165
▁apologized	40166
▁Maryam	40167
▁Plug	40168
▁prescribe	40169
▁deficiency	40170
▁wondrous	40171
▁FAQ	40172
▁Justin	40173
▁Amazing	40174
▁Leon	40175
▁recorder	40176
▁reaped	40177
▁redistribute	40178
▁songbook	40179
▁franc	40180
▁sanitation	40181
OUT	40182
▁Letters	40183
▁piss	40184
▁spine	40185
NCI	40186
▁**	40187
▁cylinder	40188
▁medal	40189
▁awards	40190
▁squeeze	40191
.[3]	40192
nocode	40193
▁Kontact	40194
▁shallow	40195
taste	40196
▁THERE	40197
▁antichrist	40198
▁appropriation	40199
▁bullets	40200
▁seeketh	40201
▁expressly	40202
▁Matching	40203
▁compromised	40204
▁discontinued	40205
▁electron	40206
▁unreadable	40207
▁quicken	40208
MT	40209
Sir	40210
▁XVI	40211
▁sauce	40212
▁pupils	40213
Knower	40214
▁logout	40215
▁meaningless	40216
▁reproving	40217
▁coherence	40218
TD	40219
▁Encrypted	40220
▁CL	40221
▁Observer	40222
▁assumptions	40223
▁shattered	40224
▁soothing	40225
ITNESS	40226
lord	40227
偷	40228
▁radioactive	40229
萬	40230
▁Artaxerxes	40231
▁JACK	40232
▁residues	40233
▁Included	40234
▁Treat	40235
▁debugger	40236
▁Rick	40237
vine	40238
▁PRC	40239
敢	40240
GER	40241
▁intimidated	40242
▁Indigenous	40243
▁slower	40244
▁molecules	40245
▁psychologist	40246
嗨	40247
▁Brook	40248
▁Gareth	40249
香	40250
▁Fox	40251
-11	40252
▁reiterate	40253
▁unnamed	40254
▁unfortunate	40255
▁Election	40256
▁agreeable	40257
nnie	40258
▁Commercial	40259
▁negotiating	40260
▁roommate	40261
▁Morgan	40262
▁Indonesian	40263
▁Dynamic	40264
▁Serb	40265
▁denomination	40266
felt	40267
▁detest	40268
▁nationalism	40269
Off	40270
cost	40271
▁InfoFinland	40272
▁exclaim	40273
▁Duke	40274
regions	40275
▁Encodings	40276
▁Frequency	40277
▁Rip	40278
▁businessman	40279
▁inhabitant	40280
LAR	40281
contract	40282
shore	40283
▁switched	40284
▁architect	40285
▁customize	40286
▁heeded	40287
瞷	40288
▁Bounty	40289
1994	40290
CAS	40291
▁WBMP	40292
▁stabbed	40293
ACT	40294
udgetary	40295
▁CIA	40296
▁amusements	40297
▁perverted	40298
▁saddle	40299
▁lowered	40300
▁devot	40301
▁abort	40302
▁Barb	40303
▁Jessica	40304
▁Traffic	40305
ensis	40306
▁Adar	40307
込	40308
▁experimental	40309
	40310
predefin	40311
▁tactful	40312
▁Aviation	40313
▁protectors	40314
▁Relative	40315
▁ethics	40316
▁Race	40317
▁Gram	40318
▁Pipe	40319
▁refinement	40320
SN	40321
▁Requirements	40322
▁Matters	40323
▁baker	40324
▁coefficient	40325
▁flavour	40326
▁suited	40327
▁Galileo	40328
▁bark	40329
corn	40330
Reg	40331
▁Cave	40332
▁Fishing	40333
▁Urban	40334
▁guideth	40335
▁Baker	40336
▁careless	40337
▁compelling	40338
▁manifesting	40339
▁disappointments	40340
Sort	40341
▁Integration	40342
▁Movie	40343
▁Niger	40344
▁cube	40345
▁spotted	40346
▁grinding	40347
IAN	40348
▁cooling	40349
▁Translator	40350
▁chew	40351
hath	40352
▁Studying	40353
▁specimen	40354
▁incumbent	40355
露	40356
▁Horse	40357
Hey	40358
▁Mich	40359
▁overlap	40360
App	40361
▁Coll	40362
▁PE	40363
▁jewel	40364
Say	40365
▁Stack	40366
▁Friendship	40367
▁Quiet	40368
▁viable	40369
Ň	40370
▁Ran	40371
▁evolved	40372
USE	40373
▁thoughtful	40374
home	40375
▁viewport	40376
eight	40377
gnostic	40378
righteous	40379
▁Ear	40380
▁staple	40381
▁sway	40382
▁internally	40383
▁plural	40384
▁Benaiah	40385
▁hearkened	40386
册	40387
detect	40388
ໆ	40389
▁unsafe	40390
▁unwittingly	40391
SIS	40392
huh	40393
▁Attack	40394
▁aiming	40395
esis	40396
rro	40397
course	40398
▁endangered	40399
▁naive	40400
claim	40401
▁Thereupon	40402
▁boolean	40403
hul	40404
▁GdkColo	40405
adan	40406
▁Evince	40407
▁borrowed	40408
▁max	40409
▁Built	40410
▁Taste	40411
▁recurr	40412
翴	40413
▁outlines	40414
▁recurring	40415
▁2,500	40416
▁covetous	40417
180	40418
▁Bud	40419
special	40420
▁Called	40421
▁Sihon	40422
▁progeny	40423
▁sanctity	40424
▁Angela	40425
▁caregiver	40426
▁mule	40427
▁cherubs	40428
▁Tamil	40429
clockwise	40430
▁Issue	40431
▁Wives	40432
▁loosen	40433
quet	40434
▁Humble	40435
▁harmdoers	40436
▁tissues	40437
▁Logging	40438
Israel	40439
▁retrieved	40440
逮	40441
nard	40442
▁pee	40443
/01	40444
▁candlestick	40445
▁risked	40446
▁converter	40447
▁Aspect	40448
▁pepper	40449
▁117	40450
▁PET	40451
▁Taliban	40452
hart	40453
▁lamentation	40454
祈	40455
depth	40456
hoe	40457
SAR	40458
▁Gordon	40459
▁Knight	40460
▁PIN	40461
▁TRY	40462
▁eleventh	40463
▁populated	40464
▁distributor	40465
▁beholding	40466
▁misguided	40467
resolution	40468
▁vindicated	40469
dead	40470
Ҩ	40471
▁Stick	40472
▁complying	40473
▁Arena	40474
▁bowls	40475
▁flaws	40476
▁Ruby	40477
▁bishops	40478
▁archaeologists	40479
噢	40480
interoperability	40481
▁Currency	40482
▁Doom	40483
▁potatoes	40484
▁Genre	40485
▁saddened	40486
Domain	40487
▁befit	40488
▁environmentally	40489
▁speechless	40490
牛	40491
▁metabolism	40492
惠	40493
orhynchus	40494
▁brokenhearted	40495
▁dice	40496
▁chicks	40497
▁devoi	40498
▁redirect	40499
▁daylight	40500
瓜	40501
treat	40502
▁corulers	40503
▁solidly	40504
▁globalization	40505
▁ranking	40506
▁Scaling	40507
ऽ	40508
▁Zealous	40509
▁apparel	40510
▁Dedication	40511
▁nonsense	40512
▁accusers	40513
▁[%	40514
▁foes	40515
ඥ	40516
▁hymn	40517
▁ailment	40518
贸	40519
	40520
▁valueless	40521
港	40522
▁Generally	40523
▁JUST	40524
▁Pilot	40525
▁25.)	40526
▁Threads	40527
▁spill	40528
▁FAITH	40529
▁harness	40530
▁glorifie	40531
崇	40532
2.5	40533
▁Registry	40534
▁interactions	40535
saw	40536
▁%1@	40537
▁Buttons	40538
▁unnatural	40539
▁Belize	40540
▁Increased	40541
▁NAT	40542
▁bruised	40543
▁formatting	40544
▁Cartr	40545
▁Stadium	40546
▁Senate	40547
▁Sport	40548
▁1924	40549
▁wonderfully	40550
▁Suggest	40551
▁Factor	40552
▁domination	40553
▁processor	40554
▁NT	40555
operative	40556
▁molecular	40557
Ukrainian	40558
▁negatively	40559
▁gpg	40560
▁Adrian	40561
▁Anglo	40562
▁locking	40563
▁Musician	40564
▁astonishing	40565
▁migrant	40566
▁porn	40567
▁Installing	40568
▁speculation	40569
▁theologians	40570
intestinal	40571
umanitarian	40572
▁affirmed	40573
▁imparts	40574
▁keepeth	40575
▁Maritime	40576
▁corrupting	40577
▁dispatched	40578
things	40579
ਔ	40580
▁commencement	40581
▁investigator	40582
▁tram	40583
▁harvested	40584
▁specialists	40585
▁outta	40586
▁DON	40587
▁minerals	40588
▁revel	40589
▁villagers	40590
▁reimbursement	40591
▁repayment	40592
except	40593
school	40594
▁modifier	40595
▁vampire	40596
CF	40597
clear	40598
▁Determine	40599
▁Magazine	40600
▁Preferred	40601
▁buses	40602
▁disregarded	40603
▁poisonous	40604
▁static	40605
fourth	40606
▁50,000	40607
▁forthcoming	40608
▁obsessed	40609
▁denounced	40610
▁converts	40611
▁Verde	40612
▁Protestants	40613
▁Santiago	40614
PPM	40615
▁Carolina	40616
▁Replac	40617
dynamic	40618
same	40619
勤	40620
▁Pride	40621
闭	40622
▁Gethsemane	40623
▁Gab	40624
▁brackets	40625
accept	40626
▁TFEU	40627
once	40628
▁prophetess	40629
▁chairs	40630
ichi	40631
▁Corinthian	40632
▁breeze	40633
▁elephant	40634
▁extol	40635
▁tubes	40636
▁seasoned	40637
▁unfruitful	40638
▁worms	40639
▁reproduction	40640
▁Resident	40641
▁steering	40642
▁Jebusite	40643
▁Rhode	40644
/14	40645
▁INFORMATION	40646
▁twins	40647
▁Chuck	40648
▁Ridge	40649
響	40650
▁maidens	40651
▁EL	40652
▁bulb	40653
▁TSI	40654
童	40655
rightly	40656
風	40657
▁1925	40658
▁poetic	40659
▁WITHOUT	40660
▁intellect	40661
餐	40662
▁ewe	40663
▁irrespective	40664
duced	40665
▁Mesh	40666
▁parcel	40667
Stand	40668
athite	40669
▁embark	40670
▁hopefully	40671
▁prestigious	40672
▁unwholesome	40673
▁verdict	40674
▁avatar	40675
▁jewels	40676
▁Spider	40677
▁mixer	40678
▁Godwary	40679
▁literacy	40680
▁Irene	40681
▁Psycho	40682
▁lightened	40683
▁wedlock	40684
▁announcing	40685
▁obscene	40686
▁fringe	40687
▁metaboli	40688
▁camping	40689
▁consoling	40690
stage	40691
▁lapse	40692
▁multiplying	40693
▁quench	40694
▁selector	40695
ゴ	40696
▁confuse	40697
▁melted	40698
▁truthfully	40699
败	40700
▁Lebanese	40701
▁30,000	40702
▁139	40703
▁risky	40704
▁Kaz	40705
▁expulsion	40706
▁sweetie	40707
▁Buffer	40708
▁steer	40709
▁Commend	40710
▁crafty	40711
▁≤	40712
▁Dorcas	40713
押	40714
▁Interrupt	40715
▁Native	40716
▁outcast	40717
▁Franklin	40718
▁Disciple	40719
▁costume	40720
▁permitting	40721
Star	40722
▁Attendee	40723
▁conductor	40724
▁timid	40725
1998	40726
ethane	40727
Զ	40728
▁Kadesh	40729
▁Voluntar	40730
▁144	40731
Note	40732
▁bucks	40733
▁lick	40734
▁unfamiliar	40735
▁requited	40736
▁pur	40737
▁momentum	40738
▁thankfulness	40739
msg	40740
▁450	40741
▁DG	40742
▁Equality	40743
▁Remembrance	40744
▁silently	40745
昨	40746
David	40747
▁soccer	40748
ホ	40749
▁barracks	40750
Net	40751
▁Decrypt	40752
▁proliferation	40753
Become	40754
plicate	40755
▁Volunteer	40756
▁mirrors	40757
social	40758
ቛ	40759
pyr	40760
▁concomitant	40761
▁marched	40762
▁Peer	40763
▁pilgrims	40764
▁1936	40765
▁Subtract	40766
▁shareholders	40767
▁Burg	40768
▁penitent	40769
compassionate	40770
▁Myth	40771
flat	40772
▁Couple	40773
fight	40774
▁MARKETING	40775
▁nutrients	40776
Command	40777
▁Catalan	40778
▁erode	40779
sync	40780
▁Zarephath	40781
▁melody	40782
▁drunkards	40783
▁proximity	40784
▁competing	40785
ኗ	40786
▁blaze	40787
▁potassium	40788
▁Galilean	40789
▁Learned	40790
▁foreseen	40791
▁mapping	40792
▁traveler	40793
financing	40794
ologie	40795
▁postponed	40796
▁transnational	40797
directory	40798
still	40799
▁adherence	40800
▁nourish	40801
▁overlaid	40802
▁Bernard	40803
▁timeline	40804
▁vCard	40805
嘴	40806
▁bothered	40807
▁projected	40808
▁vomiting	40809
▁amazement	40810
soul	40811
▁Epaphras	40812
▁chars	40813
▁expedition	40814
▁habitations	40815
▁semen	40816
▁Yourselves	40817
▁cro	40818
▁%02	40819
▁TimeBrazil	40820
▁durable	40821
▁plentiful	40822
▁Specified	40823
▁checker	40824
▁Saxon	40825
▁Digit	40826
▁warp	40827
▁bald	40828
▁Grandpa	40829
▁usher	40830
▁attribut	40831
▁FE	40832
▁Notify	40833
▁brightly	40834
▁preoccupied	40835
▁Elena	40836
▁explorer	40837
佳	40838
/16	40839
believe	40840
▁Fetch	40841
▁Footer	40842
▁forestry	40843
▁converting	40844
gov	40845
▁134	40846
ヘ	40847
▁Gir	40848
otic	40849
zole	40850
cott	40851
-18	40852
written	40853
▁Thyatira	40854
▁advisable	40855
▁slideshow	40856
adi	40857
▁Kro	40858
regional	40859
▁Arrangement	40860
AIL	40861
▁1937	40862
Click	40863
around	40864
▁Shepherds	40865
▁Viv	40866
▁abandoning	40867
▁bevel	40868
▁fibre	40869
▁policeman	40870
dose	40871
▁Female	40872
▁ISAIAH	40873
▁Aristotle	40874
▁cyber	40875
bearing	40876
▁Safely	40877
▁4.4)	40878
▁Stopped	40879
solid	40880
▁Caroline	40881
▁ringing	40882
▁suitcase	40883
Full	40884
options	40885
▁235	40886
▁Fed	40887
▁Capacity	40888
judge	40889
▁Sean	40890
▁enhancement	40891
▁unfaithfulness	40892
▁Mechanism	40893
▁shekel	40894
ethylene	40895
▁excell	40896
▁mercury	40897
lgeria	40898
ആ	40899
▁circular	40900
▁accumulate	40901
▁shortened	40902
拖	40903
Although	40904
▁Unix	40905
▁arthritis	40906
idine	40907
▁charter	40908
▁notebook	40909
▁susceptible	40910
bsp	40911
nning	40912
seeing	40913
kde	40914
▁Dir	40915
▁eclipse	40916
agua	40917
▁Landscape	40918
▁weakening	40919
▁ESC	40920
▁฀	40921
clusion	40922
▁enroll	40923
▁navigate	40924
[5]	40925
▁Esaias	40926
typical	40927
▁extremity	40928
▁absurd	40929
▁subregional	40930
COP	40931
ggling	40932
hm	40933
▁bolt	40934
▁pledged	40935
Hidden	40936
▁mysteries	40937
挪	40938
Vertical	40939
▁magistrates	40940
▁systematically	40941
▁debtors	40942
▁fatherly	40943
▁220	40944
lide	40945
▁Harvest	40946
▁pained	40947
帕	40948
End	40949
igation	40950
▁comprises	40951
▁lightweight	40952
▁Bai	40953
▁Senator	40954
▁conceit	40955
▁wag	40956
summed	40957
暴	40958
▁pangs	40959
凡	40960
Clothe	40961
▁Loved	40962
▁Wor	40963
▁margins	40964
悲	40965
▁statue	40966
GPL	40967
password	40968
province	40969
植	40970
letter	40971
offer	40972
▁Choos	40973
▁treachery	40974
▁Entertainment	40975
▁Lloyd	40976
▁witchcraft	40977
DF	40978
▁Colorado	40979
▁Efforts	40980
001	40981
▁Kick	40982
▁Petersburg	40983
▁Princess	40984
▁superficial	40985
valent	40986
▁(0)	40987
-30	40988
▁1234/2007	40989
▁Jonas	40990
▁Tr	40991
gowen	40992
▁traded	40993
Know	40994
▁organism	40995
▁Zip	40996
▁cushion	40997
▁Jab	40998
▁outweigh	40999
▁phonograph	41000
▁­	41001
Index	41002
૬	41003
▁Graduat	41004
▁Popular	41005
▁Hague	41006
▁Patterson	41007
▁Wayne	41008
▁aroused	41009
ざ	41010
document	41011
▁Danger	41012
▁migrated	41013
hydr	41014
▁corridor	41015
▁persisted	41016
脱	41017
Ԥ	41018
▁Abstract	41019
stay	41020
▁axes	41021
▁YouTube	41022
▁prostrating	41023
lovers	41024
▁SAM	41025
▁wager	41026
/57/	41027
▁1.)	41028
▁Xubuntu	41029
▁resides	41030
▁swearing	41031
▁Joyful	41032
▁tiger	41033
chlor	41034
ギ	41035
▁comb	41036
▁impunity	41037
撤	41038
▁unselfishly	41039
Linux	41040
▁permissible	41041
Mexico	41042
▁Solutions	41043
▁Organized	41044
▁Trip	41045
▁Dial	41046
▁Prefere	41047
▁inability	41048
▁receptor	41049
OF	41050
▁coated	41051
▁naming	41052
▁lemon	41053
▁socially	41054
▁Render	41055
▁encompassed	41056
▁enraged	41057
▁XMP	41058
▁literary	41059
▁rounded	41060
▁averted	41061
▁raped	41062
堂	41063
ZE	41064
▁worksheet	41065
cephal	41066
▁(%2)	41067
▁starving	41068
▁sighing	41069
▁Zacharias	41070
▁explode	41071
▁carnal	41072
అ	41073
TW	41074
▁Equipment	41075
▁subheading	41076
Bissau	41077
▁spiral	41078
corruption	41079
▁Accession	41080
▁fairy	41081
▁interpreting	41082
▁prick	41083
▁prophetically	41084
▁Expanded	41085
▁fooled	41086
▁stretches	41087
▁Brethren	41088
▁bronze	41089
▁sponsored	41090
芬	41091
return	41092
▁Amalek	41093
/60/	41094
YM	41095
▁MORE	41096
▁instructs	41097
Does	41098
gone	41099
▁saturation	41100
癸	41101
▁142	41102
▁Lud	41103
ォ	41104
-14	41105
▁André	41106
▁countdown	41107
▁tactic	41108
launch	41109
utical	41110
▁dev	41111
▁spool	41112
乱	41113
▁Institutions	41114
▁Normally	41115
▁monks	41116
桑	41117
RING	41118
▁Dress	41119
▁extinction	41120
ACK	41121
▁convergence	41122
▁unrest	41123
▁Invitation	41124
▁radian	41125
brazil	41126
▁abideth	41127
▁randomly	41128
▁WEEKS	41129
▁disapproval	41130
▁devising	41131
▁pillow	41132
▁resign	41133
▁idolatrous	41134
▁hazards	41135
▁Preserve	41136
▁traders	41137
▁DID	41138
ITE	41139
▁stag	41140
▁Difficult	41141
▁Distr	41142
▁Generation	41143
▁Khan	41144
conazole	41145
▁firing	41146
▁Recommended	41147
▁Recovery	41148
換	41149
▁imperial	41150
▁reaping	41151
▁Ref	41152
▁Titan	41153
▁embracing	41154
▁shedding	41155
▁Divorce	41156
静	41157
▁dentist	41158
▁singer	41159
▁Atonement	41160
CONF	41161
▁Strengthening	41162
▁traced	41163
▁wildlife	41164
living	41165
▁suffices	41166
匯	41167
ユ	41168
▁Nicholas	41169
▁prostration	41170
▁Lauren	41171
▁Yar	41172
	41173
▁creed	41174
▁opportune	41175
▁relapse	41176
nomic	41177
▁exploration	41178
▁culminat	41179
Ց	41180
▁manifestations	41181
oxa	41182
▁IMAGINE	41183
▁convened	41184
隊	41185
▁Kexi	41186
▁Attend	41187
▁Miller	41188
▁accusing	41189
▁parasite	41190
MER	41191
▁pierce	41192
▁punishing	41193
▁pastures	41194
▁profoundly	41195
super	41196
▁apportion	41197
▁immersion	41198
large	41199
▁Brief	41200
▁exultation	41201
▁1932	41202
▁sadly	41203
▁Emblems	41204
▁chickens	41205
▁mushroom	41206
▁crave	41207
▁sane	41208
▁approximation	41209
仔	41210
fax	41211
▁attentively	41212
▁dependence	41213
▁Abid	41214
hid	41215
▁Escape	41216
▁revolutionary	41217
▁victories	41218
Ұ	41219
▁Tiles	41220
▁Vine	41221
▁riders	41222
Chair	41223
▁deluge	41224
▁dough	41225
▁1934	41226
▁Increasing	41227
▁sailors	41228
▁similarity	41229
▁subfolders	41230
male	41231
▁Significantly	41232
▁Nobel	41233
web	41234
▁laboratories	41235
Settings	41236
▁impede	41237
Automatic	41238
▁Decides	41239
▁Krita	41240
escu	41241
▁grim	41242
▁Lois	41243
plugin	41244
zambia	41245
▁Shulammite	41246
▁harmed	41247
ഐ	41248
▁Zen	41249
▁meteo	41250
権	41251
MC	41252
▁Wireless	41253
▁tensions	41254
burgh	41255
▁Honour	41256
▁creators	41257
▁aquatic	41258
▁BC	41259
▁DEC	41260
▁Dragon	41261
▁assertion	41262
▁Serious	41263
▁cumulative	41264
▁[50	41265
▁creditors	41266
information	41267
≤	41268
▁Serge	41269
▁lid	41270
▁139:	41271
▁Door	41272
▁MIDI	41273
▁inactivity	41274
▁Hushai	41275
▁forecasts	41276
▁gastro	41277
▁insults	41278
触	41279
▁Kyrgyzstan	41280
▁Newsletter	41281
Ժ	41282
▁fasted	41283
▁graciously	41284
竞	41285
▁airspace	41286
ienne	41287
onstellation	41288
▁OH	41289
▁odor	41290
▁Monarch	41291
▁dosing	41292
床	41293
▁acquis	41294
▁nourished	41295
▁strips	41296
▁Cheap	41297
OU	41298
▁mastery	41299
▁vividly	41300
Apply	41301
▁Sharon	41302
▁accelerate	41303
▁Amnon	41304
NN	41305
Blank	41306
▁amends	41307
▁AUC	41308
▁ejected	41309
Questions	41310
▁Carrie	41311
▁Columbus	41312
▁Larry	41313
▁Wastebin	41314
▁faculty	41315
▁unloving	41316
▁Combat	41317
▁cherishe	41318
Euro	41319
▁orally	41320
aut	41321
▁longest	41322
殖	41323
▁Solution	41324
▁therefor	41325
▁Separate	41326
▁awakened	41327
▁formulated	41328
▁numb	41329
▁stove	41330
NET	41331
again	41332
▁girdle	41333
▁Wolf	41334
▁49:	41335
▁luggage	41336
▁Ninevites	41337
▁controversial	41338
ፀ	41339
▁admiration	41340
logic	41341
▁Nova	41342
▁Poker	41343
▁winepress	41344
赛	41345
▁Kent	41346
▁mixtures	41347
▁spreadsheet	41348
▁aversion	41349
▁warring	41350
▁wroth	41351
党	41352
滅	41353
▁drafted	41354
scription	41355
▁boastful	41356
▁Historical	41357
术	41358
▁twelfth	41359
▁submenu	41360
▁RS	41361
▁deployed	41362
▁reef	41363
▁haemoglobin	41364
怀	41365
▁ornament	41366
▁embarked	41367
▁rend	41368
▁Adventure	41369
▁Coles	41370
▁slumber	41371
▁thromb	41372
▁unbelievable	41373
▁Gehazi	41374
▁Manuel	41375
▁regained	41376
▁seasonal	41377
▁complies	41378
▁tenant	41379
▁Instructor	41380
▁Sixth	41381
oolbar	41382
▁Elderly	41383
▁Braille	41384
▁Gang	41385
▁Mayor	41386
▁Impossible	41387
3.1	41388
▁Kirk	41389
興	41390
▁demonic	41391
▁precaution	41392
▁vocal	41393
▁speck	41394
▁Cheese	41395
▁fairness	41396
條	41397
▁(2016)	41398
▁Horn	41399
▁Smoking	41400
▁lens	41401
▁retention	41402
▁testament	41403
▁indignant	41404
▁¶	41405
▁Henri	41406
▁batter	41407
▁nausea	41408
▁westward	41409
▁downstairs	41410
▁pond	41411
▁Coffee	41412
▁segments	41413
▁Reduction	41414
▁Swap	41415
Act	41416
▁joking	41417
vern	41418
▁bridges	41419
▁prejudiced	41420
▁smiled	41421
练	41422
▁Cork	41423
▁lieth	41424
▁Ebed	41425
▁forgetful	41426
▁infirmity	41427
cog	41428
▁Merari	41429
static	41430
▁Fetching	41431
▁taskbar	41432
▁Companions	41433
▁Semi	41434
▁fixes	41435
▁flare	41436
▁inflammation	41437
▁parchment	41438
巨	41439
family	41440
▁Gla	41441
▁Smile	41442
▁catalog	41443
▁Hop	41444
▁reclining	41445
gru	41446
phen	41447
▁Housing	41448
▁contentious	41449
▁Reasonable	41450
▁authorize	41451
▁fondness	41452
隆	41453
▁hardest	41454
▁smoked	41455
▁slightest	41456
▁Pain	41457
▁Solve	41458
Room	41459
▁purification	41460
center	41461
chemical	41462
▁liquidity	41463
▁LIKE	41464
▁Tali	41465
▁increment	41466
Draw	41467
emen	41468
ዄ	41469
▁chunk	41470
▁similarities	41471
▁Attempt	41472
▁misrepresent	41473
▁ISA	41474
▁astonishment	41475
▁differentiate	41476
atalonia	41477
alone	41478
▁credited	41479
▁Shar	41480
番	41481
▁basement	41482
▁primitive	41483
▁Ethan	41484
▁salaries	41485
図	41486
▁Judg	41487
▁Ultimately	41488
▁comparative	41489
猜	41490
軟	41491
折	41492
▁persuasion	41493
▁disapprove	41494
▁emit	41495
▁pretending	41496
▁Closing	41497
▁Kansas	41498
▁fluent	41499
串	41500
/59/	41501
▁Supervisor	41502
something	41503
▁Mizpah	41504
▁bombing	41505
▁jumping	41506
▁ceramic	41507
▁entails	41508
▁miser	41509
▁stare	41510
▁abstention	41511
	41512
hide	41513
▁medieval	41514
Eat	41515
Sign	41516
ൺ	41517
▁flo	41518
▁rainbow	41519
竟	41520
ERT	41521
▁Supply	41522
▁murderous	41523
▁peacemakers	41524
▁eloquent	41525
▁Abdul	41526
▁Spread	41527
.5%	41528
/22	41529
ఛ	41530
▁importers	41531
▁Babel	41532
▁erected	41533
icus	41534
忠	41535
▁deteriorate	41536
▁turbulent	41537
▁Clement	41538
▁exited	41539
▁eagerness	41540
▁Fake	41541
▁Movies	41542
▁gauge	41543
▁FALSE	41544
▁mime	41545
▁unforgettable	41546
perfect	41547
▁rabbis	41548
▁viruses	41549
150	41550
▁Publishing	41551
▁Constitutional	41552
▁attracts	41553
shall	41554
▁Highest	41555
▁Marble	41556
▁batteries	41557
▁encyclopedia	41558
▁forfeit	41559
between	41560
▁arisen	41561
bottom	41562
▁165	41563
▁Browsing	41564
▁Spin	41565
odor	41566
▁archangel	41567
▁disconnect	41568
盖	41569
lug	41570
妮	41571
▁badge	41572
▁donate	41573
ڤ	41574
▁Ahithophel	41575
▁liquor	41576
▁unilateral	41577
▁Girls	41578
▁optimal	41579
▁impulses	41580
zzy	41581
▁sensors	41582
Pattern	41583
▁highways	41584
▁reverential	41585
technology	41586
▁Trinidad	41587
▁Typical	41588
▁competitors	41589
簡	41590
▁54:	41591
▁borrowing	41592
▁fracture	41593
▁locust	41594
▁Swaziland	41595
▁Buck	41596
▁enumerat	41597
丽	41598
▁hover	41599
Possessive	41600
▁Tonight	41601
▁leopard	41602
amar	41603
▁glue	41604
▁Executable	41605
▁fatten	41606
▁utensils	41607
▁Jamie	41608
▁Winthrop	41609
▁fastest	41610
▁refute	41611
▁tightly	41612
▁Anonymous	41613
▁courtship	41614
RON	41615
▁141	41616
▁Ralph	41617
毕	41618
Contact	41619
▁encoder	41620
▁incredibly	41621
▁northwest	41622
EV	41623
▁empathetic	41624
▁umbrella	41625
▁bracelets	41626
▁intrigued	41627
▁plotting	41628
▁irritated	41629
▁piercing	41630
▁reinsurance	41631
▁spawn	41632
gluc	41633
▁satisfies	41634
Like	41635
▁143	41636
▁Dent	41637
▁Oxford	41638
▁conducive	41639
▁obstruct	41640
▁securing	41641
▁Logic	41642
▁materialized	41643
▁grind	41644
▁Gather	41645
▁Newton	41646
▁Armed	41647
値	41648
-13	41649
LAC	41650
▁hoard	41651
usse	41652
Change	41653
▁savage	41654
▁poorly	41655
ຯ	41656
▁attacking	41657
cultural	41658
ukrain	41659
▁blot	41660
▁pollute	41661
▁republic	41662
▁unsure	41663
▁Fully	41664
▁Gabon	41665
▁Nero	41666
Rec	41667
deep	41668
▁190	41669
▁Accurate	41670
▁Tertullian	41671
範	41672
▁Ski	41673
▁surety	41674
fifth	41675
850	41676
御	41677
▁airlines	41678
▁commune	41679
▁insulting	41680
▁stubble	41681
Indian	41682
▁sitteth	41683
漂	41684
▁1010	41685
▁bypass	41686
ridden	41687
ICA	41688
THEIR	41689
▁Bangkok	41690
▁atomic	41691
▁migrate	41692
▁fuller	41693
▁strained	41694
▁Darfur	41695
陆	41696
▁ALSA	41697
▁reinstated	41698
▁Beauty	41699
従	41700
▁ancestor	41701
▁globally	41702
▁underlined	41703
▁Afghan	41704
▁kidnapped	41705
filter	41706
▁museums	41707
▁handheld	41708
pec	41709
▁Cities	41710
▁Khmer	41711
▁negotiated	41712
/1/	41713
▁Sudoku	41714
▁mitigation	41715
▁overflowing	41716
▁stitch	41717
馆	41718
▁Phen	41719
▁kindle	41720
▁Coordinator	41721
▁transient	41722
▁Meditate	41723
▁abominable	41724
▁alteration	41725
▁shades	41726
▁slap	41727
▁myrrh	41728
▁Roller	41729
▁Courageous	41730
▁compress	41731
▁$5	41732
▁Alif	41733
▁disappearance	41734
TIC	41735
▁WARRANTY	41736
▁detrimental	41737
Hell	41738
fit	41739
▁Widgets	41740
▁Trumpet	41741
▁dialect	41742
▁PARTICULAR	41743
▁Saturation	41744
▁athletes	41745
▁featuring	41746
昂	41747
▁ACTS	41748
▁Ext	41749
▁cradle	41750
▁possessing	41751
▁<=	41752
▁Davis	41753
▁HR	41754
▁Tyndale	41755
▁gloss	41756
▁ANSWERED	41757
▁trodden	41758
discrimination	41759
▁Inner	41760
▁derivative	41761
▁Abiathar	41762
▁activists	41763
▁hood	41764
▁intercessors	41765
hair	41766
oxide	41767
apping	41768
Ă	41769
▁buddies	41770
Two	41771
▁musician	41772
TABILITY	41773
▁Composer	41774
▁reared	41775
糟	41776
ဌ	41777
▁91/414	41778
▁SL	41779
▁licensing	41780
▁adhering	41781
▁supervised	41782
▁Justification	41783
▁stain	41784
tender	41785
▁Axis	41786
▁quenched	41787
异	41788
proliferation	41789
rail	41790
▁Clay	41791
▁combustion	41792
ỹ	41793
▁Perl	41794
▁hyperbol	41795
▁malice	41796
贡	41797
▁ecosystems	41798
▁documentary	41799
夠	41800
▁Basically	41801
▁abusively	41802
▁accelerated	41803
▁adolescence	41804
▁innocence	41805
废	41806
纲	41807
▁Economy	41808
▁viral	41809
▁Elam	41810
▁Yugoslav	41811
▁sexy	41812
liest	41813
▁coincide	41814
▁Lac	41815
reaching	41816
Display	41817
▁insecurity	41818
▁procession	41819
aracter	41820
▁clergyman	41821
▁pencil	41822
咗	41823
▁Cuban	41824
RF	41825
▁UNFPA	41826
▁notorious	41827
function	41828
▁inequality	41829
京	41830
▁Bahamas	41831
▁frogs	41832
▁judiciary	41833
▁levy	41834
▁utterances	41835
▁Clip	41836
▁onlookers	41837
▁Aramaic	41838
▁CHILDREN	41839
▁eyesight	41840
ဦ	41841
▁Artemis	41842
▁Useful	41843
▁spontaneous	41844
East	41845
华	41846
phthal	41847
▁comrade	41848
▁untold	41849
▁untruth	41850
▁Quickly	41851
child	41852
angels	41853
▁Stanley	41854
▁discipleship	41855
▁tournament	41856
執	41857
entry	41858
▁confessing	41859
▁optimism	41860
▁frighten	41861
Sound	41862
▁Belief	41863
▁ellipse	41864
▁rally	41865
税	41866
▁THEY	41867
(3)(	41868
lb	41869
▁candy	41870
index	41871
▁5.3	41872
▁wrestle	41873
▁collectively	41874
▁intimately	41875
▁overpower	41876
説	41877
▁TRANS	41878
-02	41879
▁ailing	41880
▁greediness	41881
▁imposition	41882
曲	41883
Deprecated	41884
▁slides	41885
▁trailing	41886
亿	41887
Word	41888
▁Kyle	41889
▁lethal	41890
▁passionate	41891
▁uproar	41892
?'"	41893
▁1923	41894
▁avenger	41895
跨	41896
▁Alphabet	41897
▁REAL	41898
	41899
▁Utility	41900
▁annihilate	41901
▁dared	41902
/17	41903
Chapter	41904
ጮ	41905
▁gentleness	41906
▁traumatic	41907
nail	41908
▁commodities	41909
―	41910
Class	41911
▁denote	41912
▁radar	41913
▁Geometric	41914
▁Lau	41915
▁disgust	41916
▁drastic	41917
▁Micaiah	41918
▁ShortName	41919
削	41920
author	41921
▁Aug	41922
▁vulnerability	41923
colombia	41924
uded	41925
▁Pound	41926
▁dictator	41927
AVE	41928
▁staves	41929
header	41930
▁null	41931
▁urina	41932
▁Arabian	41933
▁breakpoint	41934
▁Qatar	41935
▁discoveries	41936
Colour	41937
▁Zerah	41938
▁dairy	41939
▁sculpture	41940
meeting	41941
▁Cooper	41942
elia	41943
▁yearning	41944
▁2.3	41945
▁KDM	41946
ઃ	41947
▁romance	41948
▁trough	41949
omprehensive	41950
effect	41951
▁Cilicia	41952
温	41953
▁irritation	41954
▁relaxing	41955
▁shaft	41956
▁bonus	41957
▁scent	41958
Ah	41959
▁modem	41960
ྭ	41961
软	41962
▁provocation	41963
▁1800	41964
▁mistreatment	41965
thailand	41966
▁worthily	41967
Music	41968
▁Twelve	41969
▁Opposition	41970
▁Audi	41971
▁Taken	41972
▁embraces	41973
▁flooded	41974
抵	41975
▁deferred	41976
▁mercifully	41977
▁Geographic	41978
1-	41979
▁3,500	41980
堆	41981
▁evaluating	41982
▁organizer	41983
▁perpetrators	41984
Islamic	41985
single	41986
▁Belong	41987
▁ambulance	41988
reply	41989
▁Ephesian	41990
▁PID	41991
▁UA	41992
palette	41993
▁Addresses	41994
▁GENERAL	41995
▁sensation	41996
Tri	41997
▁credible	41998
▁5%	41999
▁LAN	42000
▁absorption	42001
▁adviser	42002
System	42003
▁Spam	42004
▁Tabor	42005
▁undergone	42006
Float	42007
▁braking	42008
▁reiterated	42009
▁spoon	42010
污	42011
▁ray	42012
▁1.7	42013
heaven	42014
▁pitcher	42015
▁Pursu	42016
▁baseball	42017
▁excel	42018
RESS	42019
▁Creative	42020
▁assigning	42021
▁graduating	42022
▁prostrated	42023
▁rivalry	42024
feel	42025
▁Sym	42026
▁luxurious	42027
(7)	42028
▁Feb	42029
▁graciousness	42030
▁poorest	42031
▁KSpread	42032
▁creator	42033
▁Bright	42034
▁buckle	42035
▁Instructions	42036
▁metabolite	42037
background	42038
▁bargain	42039
ឍ	42040
abba	42041
process	42042
▁genealogy	42043
enthusiastically	42044
clusive	42045
▁cleric	42046
▁mightiness	42047
▁theologian	42048
▁vitro	42049
▁coating	42050
chr	42051
hale	42052
▁Midianites	42053
▁balcony	42054
▁uterus	42055
seeking	42056
▁kilometres	42057
▁speedily	42058
词	42059
▁Missionary	42060
▁Seth	42061
▁aided	42062
▁indulgence	42063
udiovisual	42064
▁2.4	42065
▁Temperature	42066
▁pizza	42067
fest	42068
mill	42069
▁Hananiah	42070
▁Adolf	42071
▁biology	42072
▁BORN	42073
▁Delegated	42074
▁Influence	42075
▁besieged	42076
▁Citizens	42077
▁***	42078
▁Compatibility	42079
▁Doug	42080
▁chasten	42081
Community	42082
▁Jael	42083
▁wagons	42084
▁heaps	42085
▁malnutrition	42086
▁tennis	42087
▁HIS	42088
▁Anxiety	42089
▁scorch	42090
▁spectacle	42091
bility	42092
↓	42093
▁bewitched	42094
aggregat	42095
▁Honest	42096
▁Impact	42097
▁Sell	42098
▁hub	42099
▁mistress	42100
bee	42101
etta	42102
▁Michigan	42103
▁commentary	42104
▁Hamath	42105
▁SHE	42106
▁caller	42107
▁testifying	42108
layers	42109
▁erred	42110
埋	42111
writer	42112
▁currencies	42113
▁incidental	42114
▁targeting	42115
png	42116
▁Avi	42117
▁deci	42118
▁discharged	42119
ఆ	42120
▁Becom	42121
▁fluctuat	42122
▁painter	42123
▁thereupon	42124
rchitectural	42125
▁Conv	42126
▁magnet	42127
Load	42128
▁WRITER	42129
▁concerted	42130
▁dressing	42131
▁infidelity	42132
▁Mnemonic	42133
▁energies	42134
7%	42135
ۡ	42136
▁Amon	42137
▁Construct	42138
▁bidding	42139
▁superstitious	42140
▁unsaved	42141
▁confinement	42142
LING	42143
appear	42144
▁Flickr	42145
▁Mate	42146
▁[30	42147
▁Lance	42148
▁referendum	42149
linda	42150
▁CEO	42151
▁Mime	42152
▁correcting	42153
▁publicans	42154
Map	42155
gods	42156
▁Assuredly	42157
▁ratify	42158
▁elephants	42159
sharing	42160
ncluding	42161
▁Kelly	42162
▁buzz	42163
▁gardener	42164
▁switcher	42165
ić	42166
▁Hank	42167
administration	42168
▁cursing	42169
▁slopes	42170
lp	42171
▁Coco	42172
▁Lincoln	42173
▁gleaning	42174
▁sentiment	42175
殊	42176
▁declining	42177
▁coupling	42178
▁Factorial	42179
bridge	42180
numeric	42181
▁baggage	42182
▁minimise	42183
乏	42184
剛	42185
ATIVE	42186
▁Crash	42187
Has	42188
▁Fix	42189
lick	42190
▁symposium	42191
莎	42192
幹	42193
▁Arguments	42194
▁Eurosystem	42195
▁cough	42196
earth	42197
▁Bastian	42198
ought	42199
Mary	42200
▁Pig	42201
▁clam	42202
▁neo	42203
mid	42204
profit	42205
▁pleasurable	42206
ennial	42207
▁Vegas	42208
▁pomegranates	42209
▁tolerant	42210
▁whistle	42211
▁Shopping	42212
solve	42213
▁Conscience	42214
▁Corruption	42215
▁straighten	42216
誓	42217
▁Norfolk	42218
▁Sovereignty	42219
籍	42220
▁Taz	42221
washed	42222
▁divisive	42223
gain	42224
ovo	42225
▁Saw	42226
▁claimant	42227
▁realistically	42228
疆	42229
Disconnect	42230
▁membrane	42231
Buddies	42232
▁Jotham	42233
▁aptly	42234
▁marijuana	42235
umming	42236
▁Hypo	42237
▁bridle	42238
Bottom	42239
LAN	42240
▁expiration	42241
佛	42242
/21	42243
▁Pardon	42244
▁Cypriot	42245
▁ration	42246
1993	42247
rump	42248
▁climbed	42249
▁powerless	42250
since	42251
▁Eduardo	42252
▁instrumental	42253
▁Illustration	42254
▁simplification	42255
▁Assist	42256
▁Detect	42257
▁Hash	42258
Mount	42259
Prince	42260
▁labored	42261
▁transmitting	42262
Ļ	42263
▁Praiseworthy	42264
▁Samantha	42265
▁Williams	42266
▁polar	42267
▁Estimated	42268
▁attainment	42269
▁myths	42270
▁terrain	42271
CRC	42272
▁Cultivat	42273
▁Greg	42274
venezuela	42275
▁Trial	42276
▁dedicating	42277
ordination	42278
▁flip	42279
Burn	42280
▁fascinated	42281
vik	42282
▁ballot	42283
/25	42284
Adam	42285
ฤ	42286
Cam	42287
▁HEBREW	42288
▁reactor	42289
▁Redeal	42290
▁barred	42291
▁roasted	42292
▁Vendor	42293
convert	42294
zur	42295
▁Hart	42296
▁Valencia	42297
1.5	42298
720	42299
▁Known	42300
▁Phase	42301
▁airline	42302
▁merged	42303
紀	42304
Button	42305
beat	42306
▁Historian	42307
▁imaginary	42308
▁validation	42309
▁nought	42310
Everything	42311
▁Reaffirm	42312
▁disowned	42313
▁validated	42314
▁Finger	42315
▁Idle	42316
▁interruption	42317
▁Sequence	42318
LOG	42319
woo	42320
▁Fortune	42321
▁Rendering	42322
▁overturn	42323
▁recourse	42324
▁NOR	42325
▁Tunnel	42326
▁omitted	42327
▁robber	42328
content	42329
▁cubic	42330
▁recovering	42331
▁talented	42332
▁deposited	42333
virus	42334
▁1927	42335
collect	42336
▁INTER	42337
▁SQL	42338
▁brace	42339
▁winners	42340
material	42341
▁aspirations	42342
▁sewing	42343
MIT	42344
▁ASK	42345
▁Jabin	42346
▁Striv	42347
▁monkey	42348
▁51:	42349
▁Bak	42350
▁Boss	42351
▁Emulator	42352
▁Facilities	42353
▁Ep	42354
▁antibodies	42355
▁Gaulle	42356
況	42357
▁licensed	42358
ollate	42359
▁Bart	42360
▁respondents	42361
秨	42362
astien	42363
▁gua	42364
▁tranquil	42365
▁unsearchable	42366
ቫ	42367
▁Augustine	42368
▁comprise	42369
▁fetched	42370
RES	42371
▁VNC	42372
▁Blow	42373
▁Metro	42374
▁Urge	42375
戻	42376
TEXT	42377
trees	42378
▁attractions	42379
▁Hamburg	42380
▁Marcel	42381
▁bearers	42382
▁portents	42383
▁fearless	42384
▁millenniums	42385
▁departing	42386
▁Joanna	42387
▁Misc	42388
▁Nov	42389
▁hamper	42390
▁neighborly	42391
▁facets	42392
▁Cra	42393
▁PROV	42394
異	42395
▁Heshbon	42396
flee	42397
▁diversion	42398
▁slanderers	42399
▁steadfastness	42400
seventh	42401
▁Compar	42402
▁Torture	42403
▁Tarshish	42404
▁warmed	42405
▁Nord	42406
▁roster	42407
	42408
紙	42409
規	42410
▁Facility	42411
▁Preparatory	42412
▁decor	42413
弃	42414
Filter	42415
▁commentator	42416
▁discord	42417
▁filing	42418
▁atrocities	42419
▁whirlwind	42420
▁assassin	42421
▁contentiousness	42422
▁DVI	42423
▁Rent	42424
▁procure	42425
▁futility	42426
▁hop	42427
▁Interval	42428
▁girded	42429
▁Pixbuf	42430
▁Sahara	42431
Sha	42432
▁Investigation	42433
▁Paraguay	42434
▁Helena	42435
▁arrayed	42436
热	42437
▁ridiculers	42438
斷	42439
spoken	42440
▁Rank	42441
▁demographic	42442
▁defam	42443
▁Ellen	42444
▁aquaculture	42445
▁Retry	42446
▁ortho	42447
Should	42448
WG	42449
▁Hom	42450
▁crude	42451
RGB	42452
▁Peacekeeping	42453
▁Undertaking	42454
葡	42455
eco	42456
▁Enclos	42457
▁reintegration	42458
课	42459
plaintext	42460
women	42461
▁Onc	42462
▁hind	42463
▁retire	42464
▁Bass	42465
▁Forced	42466
▁GnuPG	42467
▁Parse	42468
▁apprehend	42469
ַ	42470
▁Casino	42471
鉴	42472
dependent	42473
▁PROVERBS	42474
▁sulphur	42475
cine	42476
▁relinquish	42477
enable	42478
▁certify	42479
▁outfit	42480
▁stewardship	42481
▁toiling	42482
Exp	42483
ultiannual	42484
▁Vision	42485
▁unconditional	42486
雨	42487
linear	42488
spoke	42489
▁heroin	42490
accurate	42491
osphere	42492
▁chieftain	42493
▁propagat	42494
joy	42495
▁ANSWER	42496
▁Consideration	42497
▁endnote	42498
▁paramount	42499
zzo	42500
Ճ	42501
▁Entity	42502
ontrary	42503
▁discreetly	42504
▁Grandma	42505
rose	42506
▁Manifest	42507
▁adulterous	42508
▁nano	42509
▁Brun	42510
聯	42511
▁calibration	42512
ilda	42513
▁1928	42514
▁Graham	42515
▁Quin	42516
▁wrathful	42517
誤	42518
2017	42519
▁Arizona	42520
柄	42521
▁IFRS	42522
▁lee	42523
飛	42524
▁findeth	42525
▁prospered	42526
̈	42527
▁Frankfurt	42528
▁Speaker	42529
▁Tetragrammaton	42530
▁Patient	42531
Selected	42532
▁Pearl	42533
10,000	42534
▁Philemon	42535
▁conservative	42536
▁astronomer	42537
▁optimis	42538
blue	42539
▁Synth	42540
girl	42541
ቨ	42542
▁Beroea	42543
▁REPORT	42544
▁convict	42545
▁indicative	42546
▁Crown	42547
▁attire	42548
剩	42549
▁Silence	42550
▁instructing	42551
error	42552
tieth	42553
▁Blaze	42554
▁beetle	42555
醫	42556
Neither	42557
▁Provision	42558
Height	42559
▁Clutter	42560
吹	42561
▁Ow	42562
▁epistle	42563
▁manifold	42564
▁animosity	42565
▁grasping	42566
▁ammunition	42567
▁deficiencies	42568
▁ditch	42569
▁lender	42570
૮	42571
▁Approval	42572
▁liaison	42573
Create	42574
▁tame	42575
ttered	42576
▁unresponsive	42577
dimensional	42578
sixth	42579
Power	42580
▁Transmission	42581
▁FS	42582
▁Golf	42583
▁Hilkiah	42584
▁Worse	42585
▁haunt	42586
▁Flow	42587
▁Operat	42588
bacter	42589
▁downtown	42590
૭	42591
▁Strasbourg	42592
▁Sense	42593
▁Wilt	42594
▁closeness	42595
▁multimedia	42596
▁defensive	42597
▁scorpion	42598
BER	42599
▁Confidential	42600
▁purifie	42601
▁Mixer	42602
▁prosecute	42603
client	42604
▁squander	42605
▁subordinate	42606
▁heavier	42607
▁bpp	42608
▁visitation	42609
Card	42610
▁0.7	42611
▁transferring	42612
狂	42613
▁Robb	42614
▁mould	42615
▁Rapid	42616
watchtower	42617
▁Reality	42618
▁crocodile	42619
▁mobilize	42620
▁reaffirmed	42621
cross	42622
video	42623
▁ounce	42624
讯	42625
Fear	42626
2%	42627
▁Woo	42628
▁fantasies	42629
	42630
▁Mann	42631
▁STUN	42632
▁blaming	42633
談	42634
nvolve	42635
▁Broadcasting	42636
▁conforming	42637
▁flooding	42638
▁Cairo	42639
▁Locale	42640
MIME	42641
portion	42642
▁extravagant	42643
▁tuna	42644
▁Matter	42645
▁obsolete	42646
▁Arcade	42647
▁Dig	42648
責	42649
▁pruning	42650
▁Fail	42651
▁grammar	42652
listen	42653
▁conversing	42654
▁Dav	42655
▁nominated	42656
▁Joram	42657
▁contested	42658
big	42659
hite	42660
▁countrymen	42661
▁volcano	42662
唱	42663
financial	42664
▁clinically	42665
roductory	42666
▁Novo	42667
▁fables	42668
▁proposing	42669
▁sling	42670
▁hectare	42671
ಆ	42672
▁Revenue	42673
▁rum	42674
▁safeguarding	42675
fluoro	42676
▁broker	42677
▁eligibility	42678
0.4	42679
organism	42680
▁Exiting	42681
▁fornicators	42682
▁lengthy	42683
▁screwed	42684
▁Coping	42685
cake	42686
▁Catholicism	42687
▁ILO	42688
負	42689
merge	42690
▁Sale	42691
▁entangle	42692
/61/	42693
▁Kil	42694
▁smoothly	42695
Amen	42696
▁sweeping	42697
▁Punctuation	42698
▁balancing	42699
▁errand	42700
▁parsed	42701
preset	42702
▁Claus	42703
▁Faso	42704
▁Mic	42705
▁casualties	42706
▁niggardly	42707
▁scepter	42708
▁arbitration	42709
ninth	42710
ቭ	42711
RAND	42712
agaki	42713
▁Janeiro	42714
▁Advers	42715
▁Ahead	42716
▁coalition	42717
▁indebted	42718
dling	42719
▁Somali	42720
oodle	42721
▁Guided	42722
Ver	42723
cuba	42724
▁embryos	42725
误	42726
▁subsidy	42727
▁Extreme	42728
▁rumors	42729
▁CHAR	42730
▁anticipation	42731
▁envi	42732
PGM	42733
▁ROMAN	42734
▁Remembering	42735
▁Gathering	42736
▁Medicina	42737
wild	42738
▁Lucia	42739
vantage	42740
ឱ	42741
▁ACC	42742
▁Trail	42743
▁frankincense	42744
▁Seen	42745
▁envision	42746
▁Immigration	42747
speaking	42748
▁25%	42749
▁XI	42750
▁perdition	42751
▁Shah	42752
▁wailing	42753
PBM	42754
▁McG	42755
▁Wh	42756
Gadu	42757
cite	42758
▁Defense	42759
▁Presence	42760
▁needless	42761
ambo	42762
▁advertisements	42763
▁willfully	42764
Ґ	42765
▁decisively	42766
▁Spool	42767
▁CMS	42768
▁Tiffany	42769
eighth	42770
Ș	42771
▁Arc	42772
▁Hazar	42773
▁stormy	42774
▁Config	42775
▁Luigi	42776
▁Asking	42777
▁curriculum	42778
puerto	42779
umba	42780
ѐ	42781
▁impulse	42782
/100	42783
▁critic	42784
Black	42785
▁flattering	42786
VO	42787
▁shelf	42788
▁Navy	42789
▁approving	42790
▁Gedaliah	42791
▁apprehensive	42792
▁Cherish	42793
▁deprivation	42794
▁intercept	42795
ഔ	42796
▁entrepreneurs	42797
▁favoritism	42798
▁sew	42799
▁hastened	42800
▁blunt	42801
▁truncated	42802
▁Michal	42803
▁debris	42804
▁Transformed	42805
▁accumulation	42806
▁journeying	42807
▁newsletter	42808
▁Sue	42809
▁Guyana	42810
▁WHERE	42811
▁intentionally	42812
ICK	42813
▁faculties	42814
▁habitual	42815
▁turneth	42816
ufuku	42817
▁annoyed	42818
▁lucrative	42819
standard	42820
▁kmail	42821
▁maimed	42822
▁surpassing	42823
▁commenced	42824
▁discriminate	42825
▁steadfastly	42826
▁endear	42827
▁termed	42828
▁Hack	42829
▁gamma	42830
偏	42831
▁Blur	42832
▁POPULATION	42833
▁lurk	42834
1990	42835
▁WORLD	42836
[6]	42837
nap	42838
▁condemning	42839
separated	42840
▁0.3	42841
▁median	42842
calendar	42843
堡	42844
▁Diego	42845
▁affectionate	42846
employed	42847
▁Medes	42848
▁Ransom	42849
▁volcanic	42850
▁COMMITTEE	42851
▁laborers	42852
▁thermo	42853
RIT	42854
▁Insulin	42855
▁inconvenience	42856
▁creditor	42857
灭	42858
▁Sensitive	42859
▁Storm	42860
▁instinctive	42861
▁34;	42862
▁Cleveland	42863
▁Diet	42864
▁compile	42865
▁overreact	42866
週	42867
▁devious	42868
▁Liz	42869
llied	42870
▁NB	42871
▁shipped	42872
structure	42873
▁Vent	42874
▁seventeen	42875
钟	42876
adrach	42877
▁Compile	42878
▁UNIDO	42879
杂	42880
Alone	42881
▁Bush	42882
▁interrogation	42883
▁lime	42884
ෛ	42885
▁Companies	42886
▁GET	42887
▁HEB	42888
▁Nearby	42889
▁Tracker	42890
▁Terah	42891
▁flirt	42892
痷	42893
▁arrogantly	42894
▁Capture	42895
▁autonomous	42896
▁concession	42897
-8)	42898
▁Harvard	42899
▁childbirth	42900
▁upgrading	42901
Report	42902
ỷ	42903
▁burner	42904
▁hosting	42905
propyl	42906
▁Spend	42907
▁overdose	42908
▁trench	42909
▁Aah	42910
bodied	42911
冰	42912
祖	42913
▁Route	42914
▁Subtitle	42915
everlasting	42916
▁heaviness	42917
惡	42918
small	42919
▁Din	42920
圾	42921
▁Addressing	42922
▁resigned	42923
緒	42924
Their	42925
▁Career	42926
cou	42927
▁Firaun	42928
▁defective	42929
▁ozone	42930
▁constraint	42931
▁simulate	42932
until	42933
▁Adonijah	42934
▁Emirates	42935
▁Jess	42936
▁hardness	42937
垃	42938
▁TGA	42939
▁athletic	42940
▁editorial	42941
▁expounded	42942
▁resin	42943
鍵	42944
▁Subtitles	42945
▁breaches	42946
▁breakup	42947
▁friction	42948
厄	42949
dai	42950
hydroxy	42951
▁Burki	42952
▁Successfully	42953
▁substituted	42954
▁Maximize	42955
▁monuments	42956
▁provincial	42957
▁analyzed	42958
▁cruise	42959
費	42960
zaire	42961
▁overthrew	42962
▁palsy	42963
▁resurrecting	42964
pocryphal	42965
▁curing	42966
▁peasant	42967
▁Fahrenheit	42968
▁Makkah	42969
▁Reformation	42970
▁pollutants	42971
▁becometh	42972
▁gnashing	42973
▁skeptical	42974
udan	42975
▁Alexandra	42976
▁Finn	42977
CHA	42978
Ignore	42979
hop	42980
▁heroes	42981
▁Displacement	42982
▁MID	42983
▁mechanic	42984
▁Crisis	42985
■	42986
▁Ella	42987
▁inconsistent	42988
萄	42989
▁expedient	42990
▁Classification	42991
▁Nancy	42992
▁EURO	42993
▁PETER	42994
▁elicit	42995
▁BitTorrent	42996
▁Handbook	42997
▁persecutor	42998
▁Nephilim	42999
▁6.1	43000
▁dancer	43001
▁nuns	43002
▁platter	43003
Mouse	43004
▁peg	43005
▁commonplace	43006
forest	43007
▁Barbados	43008
▁autonomy	43009
▁Alberta	43010
▁Samoa	43011
▁Writer	43012
▁colonial	43013
▁irritating	43014
ographer	43015
▁Brady	43016
▁digiKam	43017
Pane	43018
zine	43019
{1}	43020
▁reversed	43021
▁supporter	43022
▁worsening	43023
▁rooster	43024
ಊ	43025
▁Diana	43026
▁cardinal	43027
▁exempted	43028
▫	43029
lake	43030
▁Jin	43031
Personal	43032
▁Tah	43033
uba	43034
▁Kh	43035
▁Kurdish	43036
emic	43037
琵	43038
ATCH	43039
Advanced	43040
indescribable	43041
tmospheric	43042
▁Accounting	43043
▁kidnapping	43044
▁lane	43045
▁plowshares	43046
▁subsidiarity	43047
minister	43048
▁Annotation	43049
▁Anybody	43050
▁Mik	43051
▁lace	43052
TF	43053
motion	43054
▁overhead	43055
▁Fitting	43056
▁nicely	43057
▁GNUstep	43058
▁Gestapo	43059
Latin	43060
Lib	43061
▁Uncommon	43062
▁inordinate	43063
▁photographer	43064
▁Carmen	43065
▁Formula	43066
▁Hate	43067
距	43068
▁enlightening	43069
▁overtime	43070
report	43071
▁Declare	43072
▁Maximise	43073
▁gird	43074
启	43075
▁Gott	43076
▁SVG	43077
▁KPilot	43078
▁alloy	43079
▁informally	43080
▁practitioners	43081
▁salutation	43082
▁owl	43083
NER	43084
erra	43085
lear	43086
▁bidden	43087
▁dipped	43088
ERA	43089
▁Describ	43090
▁Hoc	43091
▁cellular	43092
location	43093
▁Gravity	43094
▁debilitating	43095
▁quot	43096
製	43097
TICAL	43098
▁Indentation	43099
▁pornographic	43100
▁Cou	43101
▁impediment	43102
▁workforce	43103
oscope	43104
French	43105
▁1929	43106
▁Adobe	43107
▁recreational	43108
EMBER	43109
Reply	43110
▁clown	43111
▁descripti	43112
stom	43113
▁Hiro	43114
Archive	43115
cetic	43116
▁Overcom	43117
▁carving	43118
105	43119
Ceiling	43120
▁256	43121
▁annul	43122
▁beep	43123
▁hypocrite	43124
health	43125
▁Hexadecimal	43126
▁Kel	43127
▁decreasing	43128
▁kinsmen	43129
invalid	43130
○	43131
Greek	43132
activity	43133
▁predefin	43134
▁masturbation	43135
▁Wanda	43136
▁beareth	43137
අ	43138
▁harmonious	43139
▁twofold	43140
▁obesity	43141
▁Megan	43142
▁orgasm	43143
▁Domestic	43144
▁Heli	43145
/02	43146
▁Magnifier	43147
vari	43148
▁$4	43149
glut	43150
▁Honourable	43151
▁Hollywood	43152
▁ensnared	43153
▁maternity	43154
烈	43155
▁Dispos	43156
▁Milk	43157
▁constrained	43158
▁deteriorated	43159
▁Chen	43160
▁acres	43161
▁kinsman	43162
▁Nope	43163
▁Rescue	43164
▁childbearing	43165
▁REV	43166
▁addressbook	43167
▁hydrocarbons	43168
码	43169
虐	43170
▁DOS	43171
▁Meter	43172
▁Turku	43173
▁resignation	43174
註	43175
adamw	43176
▁2.6	43177
▁ecosystem	43178
▁Bytes	43179
▁Gibraltar	43180
▁stedfast	43181
POL	43182
▁Posted	43183
▁astrology	43184
▁harbour	43185
▁pirate	43186
▁precede	43187
▁vomit	43188
▁statues	43189
▁Grayscale	43190
戴	43191
▁neighbourhood	43192
▁predators	43193
▁Franco	43194
▁Pierce	43195
▁Transformation	43196
▁husbandmen	43197
▁feasible	43198
spirit	43199
▁Jerome	43200
▁Munich	43201
▁Violet	43202
▁packets	43203
▁artwork	43204
▁crypto	43205
▁Targa	43206
▁Defend	43207
▁horde	43208
▁185	43209
▁deepened	43210
LV	43211
▁Mul	43212
PART	43213
▁Comic	43214
▁Discussion	43215
▁preferential	43216
▁supervise	43217
▁beguile	43218
▁poisoning	43219
iger	43220
urveillance	43221
▁malign	43222
ቺ	43223
▁Thor	43224
▁ambassadors	43225
▁brew	43226
▁emigrated	43227
▁PAR	43228
▁reestablish	43229
weak	43230
▁trustee	43231
EVER	43232
▁customise	43233
▁Tiny	43234
▁stark	43235
▁Gone	43236
▁(≥	43237
▁Juliet	43238
font	43239
necked	43240
▁vault	43241
▁comma	43242
▁dossier	43243
▁factual	43244
chair	43245
▁Shanghai	43246
plex	43247
status	43248
▁cooperated	43249
▁RGBA	43250
▁easiest	43251
3.2	43252
▁Grade	43253
▁Slideshow	43254
▁richer	43255
▁Raymond	43256
▁combin	43257
xpand	43258
▁Feeder	43259
▁Leg	43260
▁Welfare	43261
Refresh	43262
▁Sheriff	43263
▁chunks	43264
▁outrage	43265
▁troubling	43266
sector	43267
▁Segment	43268
▁probe	43269
While	43270
produce	43271
▁Lastly	43272
▁pronouncements	43273
▁Gentlemen	43274
▁continuity	43275
short	43276
zero	43277
▁accreditation	43278
▁consecrated	43279
Terminal	43280
ૉ	43281
▁Inform	43282
▁emoticon	43283
LRM	43284
▁Eurostat	43285
▁battlefield	43286
Դ	43287
▁Fade	43288
▁mainland	43289
▁Lewis	43290
▁Lion	43291
▁displacement	43292
Match	43293
▁preclude	43294
奶	43295
▁emanat	43296
▁kah	43297
▁Fortunately	43298
▁Persecution	43299
患	43300
hope	43301
▁(9)	43302
▁Quarto	43303
職	43304
suit	43305
▁peripheral	43306
green	43307
▁Verb	43308
▁reviled	43309
TIN	43310
▁spike	43311
Children	43312
haritable	43313
買	43314
▁pyramid	43315
▁Otto	43316
Ʋ	43317
▁Goal	43318
▁affiliate	43319
Geo	43320
▁132	43321
elves	43322
Task	43323
▁Gibeonites	43324
treasure	43325
▁Hon	43326
▁Istanbul	43327
▁Erase	43328
▁pleading	43329
▁Advice	43330
▁detriment	43331
偶	43332
▁collaborate	43333
▁maximized	43334
AIR	43335
grow	43336
375	43337
ameroon	43338
▁Chap	43339
▁adapting	43340
▁concubines	43341
▁doctrinal	43342
▁fasten	43343
binding	43344
udging	43345
▁30%	43346
▁Podcast	43347
▁endearing	43348
History	43349
▁midday	43350
▁Teen	43351
▁maximize	43352
▁repurchase	43353
▁desirous	43354
▁obstinate	43355
BEL	43356
▁smash	43357
▁Nazirite	43358
▁Sail	43359
▁antibiotics	43360
Arrange	43361
SPI	43362
▁dolphin	43363
赫	43364
▁Weekly	43365
▁hut	43366
▁smuggle	43367
▁Married	43368
▁contended	43369
THY	43370
Theme	43371
▁annihilated	43372
▁invade	43373
▁Registrar	43374
inner	43375
▁Junior	43376
▁jeopardize	43377
▁Konsole	43378
▁hol	43379
▁Cassi	43380
▁CPA	43381
▁Marvel	43382
▁revise	43383
縮	43384
SIANS	43385
▁Bezalel	43386
▁Endure	43387
▁Recommendations	43388
▁consultati	43389
rdinary	43390
▁Cephas	43391
▁Depression	43392
▁Origen	43393
▁posterity	43394
▁Cohesion	43395
▁WITNESSES	43396
final	43397
▁descriptor	43398
▁bench	43399
▁progression	43400
▁underscores	43401
NIC	43402
▁newsgroup	43403
▁131	43404
▁courteous	43405
Disable	43406
▁Louise	43407
▁prerequisite	43408
▁CHRIST	43409
▁feareth	43410
graphy	43411
share	43412
▁flatter	43413
▁resent	43414
▁corruptible	43415
▁guessing	43416
默	43417
▁Alta	43418
▁grounded	43419
▁perils	43420
ready	43421
▁feat	43422
▁CRL	43423
▁Explorer	43424
▁MET	43425
▁advantageous	43426
▁analogue	43427
▁masterpiece	43428
shanbe	43429
▁Delegate	43430
▁recounted	43431
▁virginity	43432
KDE	43433
Sho	43434
haven	43435
†	43436
sheba	43437
▁Cruel	43438
Believe	43439
▁outburst	43440
▁Evelyn	43441
▁Wouldn	43442
▁quitting	43443
▁subtitle	43444
潜	43445
▁Hostname	43446
迟	43447
▁Caring	43448
▁TED	43449
▁wastebin	43450
荒	43451
office	43452
▁Infrastructure	43453
Hamster	43454
▁crust	43455
Hu	43456
▁ambassador	43457
▁purposeful	43458
berries	43459
蛤	43460
▁Clockwise	43461
▁DST	43462
▁Participants	43463
▁authoritative	43464
▁outstretched	43465
▁spatial	43466
▁sundown	43467
muscular	43468
▁Cyan	43469
shoot	43470
▁Purchase	43471
Buffer	43472
Advertise	43473
▁ERROR	43474
▁emergencies	43475
叔	43476
搭	43477
RDF	43478
▁Species	43479
▁oct	43480
.9%	43481
dog	43482
衆	43483
olution	43484
DG	43485
▁persevered	43486
▁Lachish	43487
▁accorded	43488
RAP	43489
nclude	43490
▁inauguration	43491
▁starch	43492
▁Receiver	43493
▁Mim	43494
▁humiliate	43495
▁plunged	43496
SQL	43497
▁Mona	43498
▁relent	43499
▁Bhutan	43500
▁Grateful	43501
楼	43502
▁Carbon	43503
EPAR	43504
▁Commitment	43505
▁Halt	43506
▁misspelled	43507
▁Across	43508
▁Mall	43509
▁riddle	43510
▁Existing	43511
▁campus	43512
贴	43513
kaku	43514
▁lovable	43515
▁starvation	43516
▁insolvency	43517
crit	43518
▁Nimrod	43519
▁calamitous	43520
learn	43521
▁logically	43522
▁shifting	43523
▁necklace	43524
Jews	43525
▁Frederick	43526
▁Meshach	43527
▁Delta	43528
▁Mute	43529
▁acceptably	43530
▁papyrus	43531
example	43532
▁Accel	43533
▁Cable	43534
▁dissension	43535
▁fleeting	43536
mexico	43537
¢	43538
▁Attorney	43539
▁clap	43540
▁synthesis	43541
▁Pursue	43542
▁Quota	43543
▁gland	43544
▁strenuous	43545
▁Electro	43546
̄	43547
▁Issues	43548
▁Poll	43549
▁investing	43550
▁quart	43551
隨	43552
▁purifying	43553
soft	43554
▁chick	43555
▁nomination	43556
blind	43557
▁Aram	43558
▁Dance	43559
ங	43560
▁Earl	43561
▁KWin	43562
▁Victory	43563
▁Zacchaeus	43564
Horizontal	43565
▁Horizon	43566
▁Suppress	43567
▁mandated	43568
▁nonetheless	43569
▁succeeding	43570
pixel	43571
▁foolishly	43572
▁Ratio	43573
▁secrecy	43574
▁Riga	43575
▁CMYK	43576
▁Independence	43577
▁plaster	43578
▁Compared	43579
▁incessantly	43580
Roman	43581
▁Johannesburg	43582
▁contending	43583
滿	43584
▁Surprise	43585
▁timezone	43586
▁AU	43587
▁limitless	43588
▁ED	43589
▁encircl	43590
▁archer	43591
▁savior	43592
燃	43593
▁Caution	43594
▁Participation	43595
▁mainstreaming	43596
▁Exemplar	43597
/36	43598
tension	43599
▁175	43600
▁reservoir	43601
▁FREE	43602
▁annoying	43603
▁ordain	43604
▁hereditary	43605
卻	43606
▁Mildness	43607
▁cheaper	43608
▁Grande	43609
▁Recognize	43610
▁SUM	43611
▁celebrities	43612
ぱ	43613
▁Romeo	43614
▁refining	43615
/62/	43616
▁Converter	43617
▁Hag	43618
▁filth	43619
Alas	43620
continue	43621
▁engender	43622
egan	43623
ඤ	43624
▁Symbolic	43625
▁Floyd	43626
▁modalities	43627
▁profitability	43628
卷	43629
▁compassed	43630
恨	43631
please	43632
▁Codex	43633
▁magnifie	43634
▁[5]	43635
剥	43636
VR	43637
▁sank	43638
▁slack	43639
▁animate	43640
▁quotation	43641
▁Danube	43642
▁snapshot	43643
ppointment	43644
織	43645
already	43646
▁Faroe	43647
填	43648
britain	43649
▁contemptible	43650
eira	43651
▁Ensure	43652
▁Informal	43653
▁compute	43654
▁Detach	43655
Far	43656
▁mint	43657
▁tended	43658
▁Epaphroditus	43659
▁frost	43660
Ζ	43661
▁qualitative	43662
▁Contemporary	43663
▁Converting	43664
▁sterling	43665
▁Neo	43666
▁almond	43667
▁faulty	43668
maid	43669
▁Season	43670
▁staggering	43671
▁27.)	43672
穆	43673
▁Advocate	43674
▁Okular	43675
1.3	43676
▁appraisal	43677
GG	43678
Plugin	43679
▁1926	43680
▁campsite	43681
DAY	43682
▁derision	43683
▁Labor	43684
▁Occupied	43685
▁peanut	43686
eater	43687
▁Oak	43688
▁Basel	43689
▁deer	43690
BB	43691
▁halfway	43692
▁sporting	43693
▁grasped	43694
▁paediatric	43695
▁forsak	43696
▁Bitrate	43697
▁traditionally	43698
▁abusing	43699
▁counselling	43700
▁factories	43701
▁glitter	43702
働	43703
▁Rais	43704
▁excused	43705
build	43706
pause	43707
▁Exists	43708
▁sleeve	43709
灵	43710
▁Globe	43711
▁Television	43712
▁inheritors	43713
▁instability	43714
▁patches	43715
THE	43716
▁straying	43717
▁Manag	43718
vertebra	43719
▁Harris	43720
▁Minimize	43721
▁ankle	43722
UTER	43723
details	43724
lateral	43725
Mark	43726
島	43727
▁emitted	43728
拼	43729
Kabul	43730
▁Bethsaida	43731
.4%	43732
natal	43733
▁BiH	43734
▁Ramon	43735
▁chargeable	43736
▁Favor	43737
▁HU	43738
▁orchard	43739
interest	43740
-17	43741
sudo	43742
▁insomuch	43743
▁thoughtless	43744
	43745
/07	43746
▁Dale	43747
▁Katie	43748
▁Pair	43749
Busy	43750
RAD	43751
▁Anger	43752
▁Debates	43753
▁punctual	43754
▁ruthless	43755
▁maize	43756
▁occupancy	43757
▁Identifier	43758
certain	43759
▁agonizing	43760
▁rebelling	43761
better	43762
▁Situation	43763
▁entrepreneur	43764
▁underwent	43765
▁Dawn	43766
▁TCP	43767
▁Nicole	43768
▁Rare	43769
▁disperse	43770
credit	43771
▁stainless	43772
▁Mach	43773
▁recit	43774
▁Customize	43775
读	43776
▁machinations	43777
▁sharply	43778
War	43779
▁Catalogue	43780
▁Mauritania	43781
Lot	43782
▁codex	43783
1991	43784
death	43785
▁specialised	43786
▁Horeb	43787
脚	43788
double	43789
▁Conquer	43790
▁SVCD	43791
weed	43792
door	43793
▁Fernando	43794
▁marvellous	43795
环	43796
/55/	43797
▁Classified	43798
▁DLL	43799
▁farewell	43800
Project	43801
Revert	43802
▁Lawrence	43803
▁Maha	43804
▁Warwick	43805
▁sanction	43806
▁Contributions	43807
▁Echo	43808
▁Modifier	43809
▁Repent	43810
▁switches	43811
洽	43812
feld	43813
▁NOTE	43814
▁rigorous	43815
▁racist	43816
▁abolish	43817
decision	43818
past	43819
▁IAEA	43820
▁mosque	43821
红	43822
詞	43823
▁CRR	43824
▁Repository	43825
▁Augustus	43826
culture	43827
▁Celtic	43828
▁industrious	43829
4.1	43830
▁cartoon	43831
▁overturned	43832
round	43833
▁Andreas	43834
▁counterparts	43835
極	43836
▁Salmon	43837
▁Liaison	43838
▁stance	43839
▁Threat	43840
/58/	43841
▁analyst	43842
▁tact	43843
▁peel	43844
監	43845
paid	43846
▁superlative	43847
ㄆ	43848
陪	43849
▁Claim	43850
▁Tuvalu	43851
began	43852
▁Agree	43853
▁Goes	43854
▁sulfur	43855
▁Unified	43856
▁garlic	43857
▁injure	43858
▁scanner	43859
▁abject	43860
▁pertinent	43861
determination	43862
▁conduit	43863
▁eminent	43864
▁Libyan	43865
▁TX	43866
▁idolater	43867
▁dispel	43868
coles	43869
▁Customise	43870
▁demolish	43871
▁Advertising	43872
園	43873
▁Miami	43874
▁Stark	43875
▁Vulgate	43876
0.1	43877
ethanol	43878
▁Liber	43879
▁bias	43880
▁oblast	43881
register	43882
▁Entries	43883
▁OVER	43884
▁mitigate	43885
##	43886
ICT	43887
▁3.3	43888
▁Logout	43889
領	43890
▁Blind	43891
▁impetus	43892
▁importation	43893
▁rewrite	43894
Pr	43895
▁nutritional	43896
碟	43897
▁%1%	43898
▁Annie	43899
▁revere	43900
▁innumerable	43901
压	43902
resident	43903
▁southeast	43904
症	43905
DN	43906
bau	43907
▁Confidence	43908
▁collision	43909
▁correlation	43910
▁deliberations	43911
▁slanderer	43912
▁antidote	43913
▁mightily	43914
aried	43915
▁Raf	43916
measure	43917
▁Ard	43918
▁lewdness	43919
▁realised	43920
▁compose	43921
32/	43922
QUE	43923
▁pointless	43924
▁seer	43925
▁Viet	43926
itol	43927
▁Kai	43928
▁Valentine	43929
▁Pixmap	43930
▁inwardly	43931
terrorism	43932
▁Decide	43933
▁checkbox	43934
▁litter	43935
sacred	43936
▁Postal	43937
▁Worm	43938
▁scarcely	43939
ROW	43940
▁Frankly	43941
▁Pool	43942
▁scheming	43943
▁strangled	43944
ncredi	43945
▁Whit	43946
▁pissed	43947
♫	43948
residual	43949
▁Bone	43950
冒	43951
維	43952
rgentina	43953
▁Einstein	43954
▁KDED	43955
▁exhaustion	43956
▁impresse	43957
Ru	43958
▁Ehud	43959
▁INDI	43960
▁substitut	43961
▁tasty	43962
ATED	43963
▁FOL	43964
▁Gha	43965
bolic	43966
ቧ	43967
ቖ	43968
▁Twin	43969
▁cholesterol	43970
▁banished	43971
▁destroyer	43972
▁enactment	43973
▁choir	43974
▁anytime	43975
▁spectator	43976
徑	43977
▁garrison	43978
▁puff	43979
▁fostering	43980
▁gtk	43981
▁printery	43982
▁tracing	43983
20,000	43984
▁Lauri	43985
▁followeth	43986
-23	43987
natural	43988
▁philosophical	43989
▁Activation	43990
▁booty	43991
▁Stretch	43992
▁gig	43993
▁implored	43994
▁incremental	43995
▁Wherein	43996
▁concessions	43997
▁Expenditure	43998
▁Oman	43999
▁Painting	44000
▁Pav	44001
▁Recognition	44002
▁Vladimir	44003
▁northward	44004
▁morbid	44005
▁eruption	44006
▁petty	44007
▁Giant	44008
▁militia	44009
▁mortar	44010
▁Cash	44011
▁robbing	44012
▁amusement	44013
▁damned	44014
60,000	44015
▁hesitated	44016
▁myriads	44017
▁PHP	44018
姓	44019
▁Djibouti	44020
▁Holocaust	44021
fighter	44022
▁Olivia	44023
归	44024
Doc	44025
▁Desire	44026
▁kissing	44027
urate	44028
whole	44029
▁commence	44030
▁sponge	44031
isha	44032
▁martyrs	44033
▁permissive	44034
▁Cursed	44035
OSH	44036
▁macroeconomic	44037
▁pigeons	44038
腐	44039
▁Aristarchus	44040
▁sift	44041
▁sketch	44042
▁slaughtering	44043
▁terrifying	44044
▁mammals	44045
▁Cush	44046
▁astounded	44047
叙	44048
徙	44049
▁artifact	44050
▁foil	44051
戒	44052
赣	44053
▁newcomers	44054
▁BOOK	44055
▁Tho	44056
▁0.6	44057
▁Desert	44058
▁actress	44059
▁{1}	44060
Rejoice	44061
yet	44062
▁Swahili	44063
▁birthright	44064
▁sunk	44065
flesh	44066
▁andrew	44067
▁divinity	44068
▁#10	44069
▁cistern	44070
▁Suffer	44071
▁Animate	44072
programme	44073
▁176	44074
▁dungeon	44075
▁quicker	44076
▁slogan	44077
▁platelet	44078
▁proportionality	44079
▁drowning	44080
▁scrolling	44081
▁TAKE	44082
▁coup	44083
▁Combined	44084
▁Intel	44085
Rabbi	44086
conflict	44087
servator	44088
▁Cube	44089
▁Dinah	44090
▁cuisine	44091
▁Jeshua	44092
▁Typing	44093
▁changers	44094
▁daytime	44095
▁roaming	44096
▁tolerable	44097
▁utilize	44098
戈	44099
Again	44100
▁forbear	44101
▁gambler	44102
▁Miracle	44103
▁appease	44104
▁memorandum	44105
▁Aboriginal	44106
▁Halloween	44107
慈	44108
▁Commerce	44109
▁Syriac	44110
▁270	44111
parse	44112
▁equate	44113
挺	44114
▁IMF	44115
▁phosphate	44116
▁ministries	44117
aib	44118
ITIES	44119
▁extinct	44120
glycaemi	44121
▁Gregory	44122
▁Greyscale	44123
什	44124
▁alerted	44125
▁Klotski	44126
▁embroider	44127
▁unlocked	44128
aunchpad	44129
azerbaijan	44130
genic	44131
▁subprogramme	44132
nable	44133
▁Purity	44134
▁CSV	44135
▁Marina	44136
▁chore	44137
-25	44138
URI	44139
pure	44140
▁QU	44141
▁numerical	44142
▁photography	44143
▁simulator	44144
▁trembled	44145
▁particle	44146
▁Measure	44147
▁brink	44148
▁mast	44149
▁petroleum	44150
mime	44151
▁succumbed	44152
適	44153
institutional	44154
▁facilitated	44155
▁subsistence	44156
▁survivor	44157
ẵ	44158
▁0.8	44159
▁toplevel	44160
management	44161
▁Cai	44162
▁Demetrius	44163
▁Policies	44164
▁Premium	44165
靈	44166
0.0	44167
matter	44168
▁XII	44169
账	44170
rach	44171
▁Maj	44172
▁nostrils	44173
▁replenish	44174
▁unblemished	44175
▁aeroplane	44176
▁qualifies	44177
Great	44178
▁punishes	44179
▁categori	44180
period	44181
▁Refer	44182
1.4	44183
9,000	44184
opus	44185
▁reigning	44186
Ֆ	44187
▁colonies	44188
Manager	44189
▁Lutheran	44190
conscious	44191
▁Assignment	44192
▁Prefix	44193
▁Shin	44194
▁heater	44195
▁Alejandro	44196
▁Proc	44197
▁Sardis	44198
▁Synchronise	44199
package	44200
mportant	44201
▁PRODUCTS	44202
▁flax	44203
cyclic	44204
▁Municipal	44205
▁signifie	44206
辛	44207
lva	44208
▁Pleasure	44209
欠	44210
Large	44211
▁END	44212
▁coma	44213
igan	44214
hate	44215
▁Dry	44216
▁Editable	44217
▁Galeon	44218
▁nationalities	44219
▁harmonization	44220
▁Advancement	44221
鱼	44222
▁unprofitable	44223
ogg	44224
sftp	44225
▁ZIP	44226
▁wane	44227
▁Medo	44228
▁Postfix	44229
▁cardiac	44230
▁Kho	44231
▁Kitchen	44232
▁Recording	44233
Faith	44234
Gospel	44235
▁Cheers	44236
shift	44237
▁leaped	44238
▁ROC	44239
▁buffet	44240
figure	44241
▁Cali	44242
▁Meribah	44243
▁issuance	44244
▁southwest	44245
Information	44246
▁Douglas	44247
▁Ourselves	44248
Best	44249
▁Jeremy	44250
patient	44251
¥	44252
▁Estate	44253
lest	44254
▁Vil	44255
euro	44256
▁Cara	44257
▁Particularly	44258
▁Sau	44259
▁smokers	44260
▁Polynesia	44261
▁Tuvaluan	44262
1%	44263
▁Jr	44264
▁Identify	44265
▁schoolteacher	44266
▁unfulfilled	44267
験	44268
▁behaving	44269
▁rouse	44270
otte	44271
whether	44272
皆	44273
/65/	44274
▁autocomplete	44275
Table	44276
[10]	44277
▁missile	44278
▁rang	44279
▁swamp	44280
▁battl	44281
▁Cole	44282
▁distinguishing	44283
▁escalate	44284
aceae	44285
▁Ada	44286
▁hesitation	44287
▁sinless	44288
Retry	44289
Switch	44290
▁Drum	44291
▁Kab	44292
▁fiftie	44293
▁heifer	44294
▁triumphant	44295
▁PAST	44296
▁Zoo	44297
Safe	44298
▁Monthly	44299
▁denominator	44300
▁MARK	44301
Pressure	44302
▁Boolean	44303
▁Scottish	44304
▁Deck	44305
▁Partner	44306
啤	44307
▁SK	44308
▁loyalties	44309
▁mantle	44310
▁transcend	44311
conduct	44312
▁skinned	44313
▁softened	44314
售	44315
▁OHCHR	44316
Ձ	44317
ః	44318
▁Nocera	44319
▁RC	44320
▁slaying	44321
▁Crazy	44322
▁Dow	44323
▁bake	44324
▁homicide	44325
▁pricing	44326
brush	44327
▁Accord	44328
▁concubine	44329
▁wagon	44330
掌	44331
Model	44332
▁Blanc	44333
▁Catch	44334
▁colporteurs	44335
▁Cent	44336
▁Milky	44337
UCK	44338
▁Jigsaw	44339
▁predicament	44340
▁wrist	44341
-2008	44342
▁forbidding	44343
▁slim	44344
2.0	44345
▁FAO	44346
▁precedence	44347
▁ferry	44348
▁illiterate	44349
	44350
SK	44351
▁XMPP	44352
▁cardiovascular	44353
▁vindicate	44354
▁GCompris	44355
Security	44356
▁Minimise	44357
▁Climb	44358
▁probable	44359
▁Div	44360
▁1870	44361
▁abstaining	44362
ಛ	44363
▁PARTICULARS	44364
became	44365
fresh	44366
▁automated	44367
▁calories	44368
▁negligent	44369
cf	44370
NGO	44371
▁Bengali	44372
零	44373
ੳ	44374
▁KAlarm	44375
▁chin	44376
▁cruelly	44377
▁marching	44378
▁Bithynia	44379
▁Env	44380
▁assaulted	44381
▁dictionaries	44382
Mr	44383
▁Adopted	44384
▁distrust	44385
▁terrestrial	44386
▁accede	44387
▁Diane	44388
▁Maggie	44389
▁deride	44390
▁excise	44391
display	44392
▁María	44393
▁leverage	44394
▁culprit	44395
▁(32	44396
▁Accuracy	44397
▁Amid	44398
▁Snapshot	44399
▁whitespace	44400
▁Emil	44401
▁softly	44402
▁vibration	44403
/08	44404
▁Walker	44405
▁eyewitness	44406
▁Jaracz	44407
application	44408
▁designing	44409
▁brighter	44410
▁computing	44411
旦	44412
▁Chloe	44413
▁authorising	44414
▁happiest	44415
▁securely	44416
Unmount	44417
▁Smyrna	44418
Single	44419
▁Avenue	44420
▁Cope	44421
▁Stuff	44422
惩	44423
▁Checker	44424
▁indexed	44425
▁Aqua	44426
mmand	44427
▁checklist	44428
▁sever	44429
▁undermined	44430
尺	44431
aker	44432
▁UNIT	44433
▁contagious	44434
	44435
OCK	44436
▁Settlement	44437
contribut	44438
▁Smoke	44439
Him	44440
▁sanitary	44441
Hue	44442
▁Laptop	44443
▁Criteria	44444
▁Dangerous	44445
▁Fighting	44446
▁symptom	44447
▁Churches	44448
▁Roth	44449
▁Swift	44450
▁debated	44451
▁dogma	44452
▁fallback	44453
▁taxpayer	44454
訂	44455
mbedding	44456
▁Terri	44457
Bible	44458
▁Peninsula	44459
▁Span	44460
▁avenues	44461
洱	44462
▁'%2'	44463
▁Timotheus	44464
▁copyists	44465
▁dependencies	44466
▁sofa	44467
▁Wife	44468
▁exceptionally	44469
単	44470
Deliver	44471
▁Appreciation	44472
▁Peninnah	44473
/03	44474
▁maidservant	44475
▁signify	44476
▁persistently	44477
ؐ	44478
▁Wish	44479
▁RAID	44480
▁flourished	44481
▁humidity	44482
▁mutation	44483
驚	44484
孕	44485
習	44486
▁Mb	44487
▁Salute	44488
▁dishonour	44489
磚	44490
NV	44491
▁Amanda	44492
▁Prim	44493
▁installer	44494
块	44495
▁approximate	44496
pray	44497
▁Deselect	44498
▁oust	44499
▁SME	44500
▁YOUNG	44501
▁Erasmus	44502
▁Sugar	44503
	44504
/26	44505
▁Ramoth	44506
▁filtered	44507
▁bombard	44508
▁Gershon	44509
▁Micronesia	44510
▁Tess	44511
▁knowledgeable	44512
▁remotely	44513
▁Robot	44514
▁Kiss	44515
▁implying	44516
▁encoded	44517
▁NGO	44518
熱	44519
薪	44520
▁Impress	44521
/05	44522
▁155	44523
▁Warsaw	44524
reserve	44525
Ҫ	44526
ඕ	44527
▁Nelson	44528
▁reel	44529
▁Charm	44530
▁homage	44531
▁initiating	44532
▁unruly	44533
▁evolve	44534
▁fulness	44535
疯	44536
desc	44537
vascular	44538
▁DOC	44539
▁trillion	44540
▁feminine	44541
▁penguin	44542
▁HER	44543
▁Monaco	44544
▁Zeus	44545
▁scum	44546
Editor	44547
▁evacuate	44548
▁lookout	44549
▁repairing	44550
龄	44551
.[4]	44552
▁Formatting	44553
▁spilled	44554
戏	44555
Arise	44556
▁exchanging	44557
efficient	44558
▁Mauritius	44559
hee	44560
comprehensible	44561
▁blasphemies	44562
孤	44563
▁Klein	44564
罰	44565
ゲ	44566
兼	44567
▁Joey	44568
▁Torre	44569
▁subsidiaries	44570
▁Rebecca	44571
▁vibrant	44572
Germany	44573
▁Demon	44574
▁Thamood	44575
▁pave	44576
▁shader	44577
▁Nora	44578
▁Raven	44579
Encoding	44580
▁Rabshakeh	44581
▁Refus	44582
▁Severe	44583
cutting	44584
▁Tyler	44585
▁unleash	44586
▁renovated	44587
cloth	44588
uki	44589
Okay	44590
▁Subcommittee	44591
▁discriminatory	44592
▁swerve	44593
drd	44594
▁Expander	44595
▁zip	44596
▁mire	44597
▁Maintenance	44598
UDGE	44599
▁cottage	44600
▁malformed	44601
ጄ	44602
▁3.4	44603
▁Talking	44604
▁axe	44605
▁despaired	44606
▁Casey	44607
▁Naval	44608
▁annuity	44609
坡	44610
disproportionate	44611
translate	44612
▁Wedding	44613
▁Agri	44614
▁Inspection	44615
editor	44616
▁denarii	44617
▁diesel	44618
Saharan	44619
tabilisation	44620
COS	44621
▁gallons	44622
▁Deaf	44623
▁EVERY	44624
▁Kenneth	44625
▁deported	44626
ijk	44627
▁Rear	44628
	44629
Block	44630
Turn	44631
▁recruited	44632
▁snuff	44633
▁Fifteen	44634
↑	44635
▁Julius	44636
▁SOL	44637
▁nomenclature	44638
▁saint	44639
tivate	44640
▁chatter	44641
abel	44642
zol	44643
▁Lip	44644
▁Yankee	44645
▁downpour	44646
▁humbling	44647
▁knives	44648
▁bleak	44649
▁remaineth	44650
▁tailor	44651
▁confiscated	44652
▁fowl	44653
appointed	44654
religious	44655
▁sunshine	44656
▁Dew	44657
▁Ernest	44658
▁landlord	44659
▁Penny	44660
▁pronunciation	44661
▁thwart	44662
▁Parker	44663
▁disquieting	44664
Hard	44665
area	44666
Profile	44667
▁Jupiter	44668
▁Tender	44669
▁abounded	44670
▁completeness	44671
▁dependable	44672
▁nearness	44673
▁stool	44674
▁unequal	44675
▁Sensor	44676
▁ardent	44677
▁exploring	44678
▁logistics	44679
▁reinforcing	44680
Nothing	44681
▁unclear	44682
▁Ongoing	44683
▁correspondent	44684
▁delaying	44685
▁Schema	44686
▁Visibility	44687
▁nowadays	44688
▁Pointing	44689
▁tailored	44690
▁FOLLOW	44691
▁exhorting	44692
▁Photopaper	44693
▁mystic	44694
▁GB	44695
▁TRI	44696
賽	44697
▁BCC	44698
▁advent	44699
▁uploaded	44700
HU	44701
▁#9	44702
▁Dealing	44703
▁flipp	44704
	44705
▁Determined	44706
▁Judith	44707
▁vigilance	44708
▁Cabinet	44709
▁Producer	44710
Flashlights	44711
haled	44712
Multi	44713
▁Alsace	44714
▁Excel	44715
▁Keith	44716
▁lesbian	44717
▁320	44718
▁Eliab	44719
▁TODAY	44720
▁uppermost	44721
▁Thorn	44722
▁degraded	44723
▁disgraceful	44724
▁inspected	44725
▁pussy	44726
▁superb	44727
▁num	44728
▁substantiate	44729
▁Hindi	44730
river	44731
yne	44732
▁denarius	44733
STER	44734
entrepreneurship	44735
▁DISPLAY	44736
▁Staple	44737
ARIA	44738
▁conclusive	44739
▁successes	44740
▁pseudo	44741
▁200,000	44742
▁tumour	44743
凯	44744
▁despondent	44745
▁ceremonial	44746
▁ecstasy	44747
Signed	44748
▁1,200	44749
▁Ferdinand	44750
▁Rash	44751
▁shuttle	44752
▁Oscar	44753
tea	44754
径	44755
▁amino	44756
Extract	44757
urrent	44758
▁Controller	44759
▁gloomy	44760
▁hereinafter	44761
▁filament	44762
▁yelling	44763
Term	44764
▁bandage	44765
▁presume	44766
▁Yang	44767
雪	44768
Ğ	44769
Alam	44770
strange	44771
▁Tap	44772
horse	44773
▁borrower	44774
▁clash	44775
azo	44776
▁ulcer	44777
▁NASA	44778
▁sheriff	44779
▁witches	44780
Object	44781
▁Deliverance	44782
▁standeth	44783
钮	44784
▁Cambridge	44785
▁evoke	44786
▁tracker	44787
▁1,600	44788
▁Pale	44789
▁exotic	44790
▁volatile	44791
▁chef	44792
▁outrageous	44793
▁presumed	44794
▁ribavirin	44795
▁Belshazzar	44796
▁excesses	44797
▁persevering	44798
烦	44799
Source	44800
▁Claude	44801
▁micrograms	44802
nothing	44803
▁cellar	44804
▁headlong	44805
▁untrusted	44806
細	44807
Reference	44808
▁predetermined	44809
巧	44810
赤	44811
electric	44812
▁Definitely	44813
▁rectangular	44814
▁MySQL	44815
▁Racial	44816
▁unwavering	44817
兹	44818
must	44819
▁presumptuously	44820
▁Leaf	44821
	44822
▁Uninstall	44823
▁enacted	44824
▁Proof	44825
▁Tobias	44826
▁widowed	44827
ignore	44828
▁Destruction	44829
▁footage	44830
▁loudly	44831
則	44832
協	44833
/56/	44834
▁Fuel	44835
▁Kish	44836
▁linkki	44837
Ţ	44838
▁Stephanie	44839
▁coil	44840
blog	44841
resumption	44842
▁Ronald	44843
▁leavened	44844
Without	44845
Deactivate	44846
pleased	44847
▁psychiatric	44848
▁Detected	44849
▁benevolent	44850
▁drunkard	44851
▁travellers	44852
剧	44853
Trash	44854
Share	44855
▁Bau	44856
bread	44857
▁asthma	44858
▁biologist	44859
▁dispensing	44860
worm	44861
model	44862
▁Appropriately	44863
▁Nadab	44864
▁flute	44865
▁forfeited	44866
▁roving	44867
▁Stage	44868
▁Tara	44869
▁Holland	44870
▁Phoenix	44871
▁nasty	44872
▁poisoned	44873
Ri	44874
caption	44875
▁Partial	44876
▁boasted	44877
绩	44878
▁Doubtless	44879
▁hitherto	44880
general	44881
▁Threshold	44882
▁boarded	44883
▁chlor	44884
▁Cardinal	44885
▁brazen	44886
▁hesitant	44887
▁headedness	44888
▁porters	44889
▁southward	44890
▁transgressor	44891
▁Redeemer	44892
▁KWrite	44893
▁Shirley	44894
▁flawed	44895
LINE	44896
▁disgraced	44897
▁PCI	44898
▁Zagreb	44899
▁emptiness	44900
▁sicknesses	44901
磋	44902
▁handiwork	44903
▁prediction	44904
▁preset	44905
ocyte	44906
▁Perez	44907
▁millstone	44908
Expectation	44909
▁Bloom	44910
▁Cancer	44911
▁polygon	44912
▁Liv	44913
▁impostors	44914
release	44915
▁Bethuel	44916
頼	44917
▁rainy	44918
QR	44919
▁Observing	44920
▁inhibitor	44921
Jinn	44922
▁speculate	44923
産	44924
▁Buddhism	44925
▁hobbies	44926
▁Tobago	44927
▁hypoglycaemia	44928
▁shovel	44929
镇	44930
subjects	44931
touch	44932
▁15,000	44933
▁abdominal	44934
▁dysfunction	44935
▁monastery	44936
righteousness	44937
▁Crypto	44938
▁shatter	44939
▁soothe	44940
▁stunned	44941
Chat	44942
順	44943
nette	44944
▁nm	44945
▁yöu	44946
▁poorer	44947
▁puberty	44948
▁unsubscribe	44949
赏	44950
▁excellency	44951
KK	44952
▁Abiram	44953
▁Superscript	44954
▁Stroke	44955
destruct	44956
▁169	44957
▁Hai	44958
▁Hopefully	44959
▁tracked	44960
❑	44961
▁#12	44962
▁discontinue	44963
▁kidnap	44964
▁mmol	44965
▁trampled	44966
practical	44967
trade	44968
▁SERVICE	44969
▁kio	44970
骨	44971
▁tighten	44972
浪	44973
▁vexed	44974
▁Manchester	44975
▁arcade	44976
▁concentrating	44977
▁policemen	44978
▁microphone	44979
▁ECR	44980
▁Effort	44981
▁Household	44982
倍	44983
uber	44984
▁Actual	44985
▁Seoul	44986
▁branded	44987
▁Sven	44988
dash	44989
Info	44990
▁Bruno	44991
▁Democracy	44992
▁capsule	44993
▁Stability	44994
▁windstorm	44995
▁Firon	44996
▁egotism	44997
▁Gerar	44998
▁tricked	44999
敵	45000
▁pivotal	45001
ဩ	45002
▁Establishment	45003
▁Talmud	45004
▁UNITED	45005
▁biocid	45006
▁hoof	45007
▁senator	45008
档	45009
▁Daughter	45010
▁Multiply	45011
▁Andorra	45012
▁Confederation	45013
▁Subsequently	45014
▁Wallet	45015
▁detector	45016
▁impulsive	45017
▁Responsibility	45018
▁Wonder	45019
DIS	45020
▁40%	45021
▁Seems	45022
▁admirable	45023
cannot	45024
▁Pink	45025
▁splitting	45026
addle	45027
▁Execution	45028
▁PHIL	45029
▁illegally	45030
▁mentor	45031
Yet	45032
chooser	45033
▁Jacques	45034
▁Sulaiman	45035
優	45036
羊	45037
▁integrating	45038
▁radiant	45039
▁Constraint	45040
▁uncertainties	45041
▁vase	45042
▁Everywhere	45043
Secretary	45044
kie	45045
▁Superior	45046
▁Trib	45047
Lu	45048
Step	45049
▁aftermath	45050
offspring	45051
▁reversal	45052
Point	45053
▁Rab	45054
▁Shakespeare	45055
▁Thick	45056
聚	45057
▁Prepared	45058
▁sheath	45059
ぼ	45060
刺	45061
discriminatory	45062
岸	45063
During	45064
▁embargo	45065
lternating	45066
▁4.6	45067
▁Teresa	45068
▁Generat	45069
▁Preset	45070
▁Saskatchewan	45071
▁supplemented	45072
▁Opaque	45073
▁Outline	45074
▁LET	45075
▁tearing	45076
ጧ	45077
▁XXX	45078
▁flora	45079
Worship	45080
▁synchroni	45081
mask	45082
▁Europol	45083
▁Gustav	45084
▁Container	45085
▁elevate	45086
Pack	45087
▁Abba	45088
▁Occasionally	45089
▁defenseless	45090
▁deteriorating	45091
▁Illinois	45092
gl	45093
▁Dinar	45094
▁#1	45095
▁Doris	45096
▁Sheep	45097
▁Ugh	45098
▁healthier	45099
-2009	45100
▁1.8	45101
▁circus	45102
▁meager	45103
▁mistreat	45104
▁zakat	45105
Honor	45106
ٍ	45107
▁Hub	45108
▁decked	45109
▁iPhone	45110
▁jeopardy	45111
▁judgeth	45112
▁manger	45113
▁panoram	45114
▁rashly	45115
▁Gateway	45116
ongolia	45117
▁danced	45118
▁waking	45119
Phonon	45120
▁Abuse	45121
▁sunny	45122
▁viability	45123
储	45124
▁Translated	45125
▁ceasing	45126
▁skeleton	45127
仇	45128
▁Equatorial	45129
▁drifting	45130
Sanctify	45131
▁Hadad	45132
▁Shear	45133
▁relay	45134
china	45135
lvency	45136
▁Lamentations	45137
熟	45138
▁taunted	45139
帰	45140
▁Imperial	45141
ఢ	45142
▁Batch	45143
▁Comma	45144
▁Twice	45145
▁biblical	45146
▁recalling	45147
畏	45148
▁Leonardo	45149
▁Requested	45150
ligible	45151
▁havoc	45152
▁luxuries	45153
▁Dorothy	45154
▁methyl	45155
▁Nahum	45156
▁Kela	45157
▁inadequacy	45158
▁junior	45159
junc	45160
▁fruitless	45161
▁propitiator	45162
▁Axes	45163
▁consolidate	45164
▁diverted	45165
▁irrelevant	45166
▁reprimand	45167
▁unpaid	45168
暂	45169
rgy	45170
▁weaned	45171
▁bountifully	45172
▁raster	45173
▁retaliation	45174
REGULAR	45175
shirt	45176
▁CONDITIONS	45177
▁Duplicat	45178
▁Scar	45179
▁kW	45180
	45181
▁Penal	45182
▁dl	45183
译	45184
1992	45185
▁astounding	45186
▁fidelity	45187
Đ	45188
▁louder	45189
▁therapist	45190
REF	45191
▁Earnest	45192
▁Ahijah	45193
Paradise	45194
▁#14	45195
▁Mathematica	45196
▁emergence	45197
▁imparted	45198
▁reuse	45199
lbeit	45200
▁Intelligence	45201
▁Noise	45202
▁energetic	45203
▁Eliakim	45204
▁Sixty	45205
▁TIMO	45206
etc	45207
▁Bermuda	45208
▁lingering	45209
GTK	45210
presumptuousness	45211
▁Institution	45212
request	45213
▁psychology	45214
▁confesses	45215
▁stepper	45216
▁voters	45217
▁FORM	45218
▁commute	45219
dust	45220
▁1,5	45221
▁1/2	45222
▁pretended	45223
essional	45224
▁abolition	45225
▁Syntyche	45226
▁stork	45227
▁Henschel	45228
▁moist	45229
▁singular	45230
▁stew	45231
ふ	45232
Paper	45233
▁straitened	45234
▁Forbearing	45235
▁multinational	45236
▁uprooted	45237
▁utilization	45238
▁Aven	45239
▁Conversely	45240
▁Produce	45241
寶	45242
▁Fool	45243
▁floppy	45244
怒	45245
hall	45246
▁Shallum	45247
▁diary	45248
▁comfortably	45249
択	45250
thinking	45251
Ừ	45252
▁Holmes	45253
▁Johann	45254
▁Provided	45255
▁salad	45256
▁inquiries	45257
▁roller	45258
ఇ	45259
▁mosques	45260
▁passeth	45261
Meeting	45262
▁Least	45263
▁Tiberius	45264
▁glutton	45265
▁Ahmed	45266
▁Pornography	45267
▁disappointing	45268
▁paw	45269
panel	45270
Њ	45271
▁Jairus	45272
杜	45273
▁betrayers	45274
▁methodologies	45275
▁namespace	45276
▁protesters	45277
▁Coach	45278
▁derogat	45279
▁Distress	45280
▁Manila	45281
▁advisor	45282
▁sampled	45283
bourg	45284
▁drip	45285
▁omission	45286
▁instalment	45287
▁Nomenclature	45288
▁Arg	45289
▁capita	45290
▁firearms	45291
Glory	45292
▁Resolve	45293
▁paved	45294
▁Ashdod	45295
▁hillside	45296
棄	45297
▁guideline	45298
詩	45299
▁Corporate	45300
▁hateth	45301
▁avenged	45302
▁unrelated	45303
▁Donald	45304
▁herbal	45305
▁intersection	45306
▁boiler	45307
▁edible	45308
Choose	45309
Space	45310
▁Zeruiah	45311
▁exponent	45312
團	45313
松	45314
▁Nina	45315
▁Seminar	45316
歲	45317
▁distinctly	45318
执	45319
▁parked	45320
▁Achan	45321
▁watcher	45322
▁Glorious	45323
▁Radius	45324
▁penis	45325
▁vacancy	45326
AX	45327
▁meteor	45328
Holy	45329
nterim	45330
▁%.2	45331
▁Continuing	45332
▁Deposit	45333
▁foreknowledge	45334
Details	45335
▁Brain	45336
诸	45337
▁Fashion	45338
▁Guam	45339
usually	45340
▁Gap	45341
▁Percent	45342
▁Yan	45343
▁agitated	45344
▁dynasty	45345
Steinberg	45346
bengal	45347
▁revile	45348
▁emphasiz	45349
▁Forgot	45350
▁volunteering	45351
▁Marion	45352
▁SIM	45353
▁narrate	45354
▁solemnly	45355
solving	45356
▁158	45357
▁Buddha	45358
▁legions	45359
▁subservient	45360
▁Darkness	45361
▁shifted	45362
▁heartening	45363
倫	45364
▁Silent	45365
▁shove	45366
辆	45367
钩	45368
▁reconnect	45369
央	45370
Accept	45371
▁suckling	45372
wheel	45373
▁0.4	45374
▁incorrectly	45375
▁quiver	45376
▁unreserved	45377
▁Tobiah	45378
▁streak	45379
▁omit	45380
▁recline	45381
▁reverent	45382
▁bondman	45383
▁Craig	45384
▁activist	45385
▁apostolic	45386
▁awoke	45387
▁foretelling	45388
▁rafter	45389
▁genital	45390
clining	45391
▁Pir	45392
▁hindrance	45393
▁lilies	45394
▁bankruptcy	45395
▁flashes	45396
▁kr	45397
碰	45398
▁Conservation	45399
▁PHARMAC	45400
▁ritonavir	45401
宾	45402
▁overeating	45403
▁Feature	45404
▁PKCS	45405
▁dart	45406
鐘	45407
▁Dakota	45408
▁craftsmen	45409
▁entertaining	45410
▁pulp	45411
▁Dathan	45412
▁Stein	45413
Isn	45414
nitro	45415
▁Validate	45416
▁firmness	45417
▁opaque	45418
▁Tongue	45419
▁dictatorship	45420
▁mansions	45421
Merge	45422
▁folding	45423
▁Palmer	45424
▁cherub	45425
munity	45426
▁ascent	45427
▁consula	45428
▁disbeliever	45429
▁RSS	45430
▁assassination	45431
LEX	45432
sample	45433
▁6.2	45434
▁Alternatively	45435
▁fraudulent	45436
▁pervasive	45437
▁210	45438
▁GM	45439
▁Joyce	45440
▁Numerous	45441
▁hobby	45442
▁illuminate	45443
▁fainted	45444
▁legitimacy	45445
▁manhood	45446
▁constituting	45447
▁thirteen	45448
▁anaemia	45449
▁Taught	45450
裔	45451
▁Verification	45452
▁fiancé	45453
▁forcefully	45454
Hello	45455
▁constancy	45456
▁Goddamn	45457
▁Registered	45458
▁broadly	45459
▁niece	45460
▁unending	45461
▁spice	45462
Unlock	45463
project	45464
2.3	45465
▁Balkan	45466
▁blonde	45467
borg	45468
trained	45469
▁catastrophic	45470
▁pH	45471
▁requital	45472
▁Rubbish	45473
ONG	45474
▁MAY	45475
▁liking	45476
▁confine	45477
▁crag	45478
▁cyto	45479
Service	45480
▁subway	45481
▁Scientist	45482
▁quarantine	45483
▁Metadata	45484
▁exhausting	45485
▁Magenta	45486
▁Ahmad	45487
▁counterpart	45488
▁madam	45489
▁shaved	45490
Though	45491
▁foregleam	45492
throw	45493
▁befallen	45494
▁Gdk	45495
▁VER	45496
妇	45497
Anniversary	45498
▁Bueno	45499
finitely	45500
▁Alzheimer	45501
▁disagreed	45502
Category	45503
▁exterminate	45504
120	45505
▁KGet	45506
▁freshwater	45507
▁intercessor	45508
▁swatch	45509
▁tomatoes	45510
▁godless	45511
▁smartphone	45512
▁Euodia	45513
▁evildoer	45514
▁wink	45515
▁adulteress	45516
▁Stupid	45517
▁suppressed	45518
価	45519
▁tilt	45520
▁Pl	45521
▁Reckoning	45522
▁Transitional	45523
▁Operational	45524
▁intimidate	45525
▁overlapping	45526
glycer	45527
▁northeast	45528
▁oblivious	45529
▁textbox	45530
payment	45531
purpose	45532
▁badger	45533
Continuous	45534
pagan	45535
▁Mecca	45536
▁Accepted	45537
▁CONTROL	45538
▁KGB	45539
▁Lucky	45540
▁summarize	45541
Manual	45542
翰	45543
Mobile	45544
▁simultaneous	45545
ጒ	45546
▁Lana	45547
▁SIS	45548
	45549
▁Welsh	45550
▁melech	45551
▁Breath	45552
▁irregularities	45553
▁perpetrated	45554
0.5	45555
嫌	45556
writing	45557
Pray	45558
▁Bailey	45559
▁750	45560
▁Belarusian	45561
▁LOOK	45562
▁Tigri	45563
▁ambiguous	45564
▁doubtful	45565
serve	45566
▁Amharic	45567
▁loser	45568
▁underwater	45569
insert	45570
▁ATM	45571
▁engrossed	45572
▁flank	45573
▁plaque	45574
▁Exhibition	45575
▁Expressing	45576
▁cdrecord	45577
牲	45578
TAIN	45579
▁Organizer	45580
▁Rejoicing	45581
▁genus	45582
authorized	45583
▁forefather	45584
▁Aires	45585
Har	45586
▁sibling	45587
Mutta	45588
1000	45589
Guard	45590
▁Workshop	45591
▁nourishing	45592
▁ventilation	45593
▁Blast	45594
▁Significant	45595
▁rightfulness	45596
eq	45597
▁Balanced	45598
whose	45599
▁137	45600
▁cereal	45601
ㄠ	45602
▁dine	45603
▁frequencies	45604
▁rainstorm	45605
uplicate	45606
構	45607
happy	45608
oceani	45609
▁Jared	45610
▁communist	45611
覚	45612
evo	45613
▁disheartened	45614
▁mound	45615
▁temp	45616
▁vagina	45617
ubject	45618
ૌ	45619
▁unanswered	45620
ARM	45621
Torah	45622
▁[25	45623
▁basketball	45624
▁judgmental	45625
納	45626
amino	45627
▁Spreadsheet	45628
歩	45629
▁Anita	45630
spring	45631
Ở	45632
▁Kopete	45633
▁erupted	45634
▁tetrarch	45635
obedient	45636
▁tempest	45637
MAR	45638
▁Soldier	45639
AMA	45640
▁Divinity	45641
陷	45642
▁unhealthy	45643
▁warmer	45644
mpty	45645
▁ISBN	45646
▁Aside	45647
▁Deliverer	45648
▁Mormon	45649
▁Harvey	45650
▁1900	45651
▁Forgiver	45652
DlgE	45653
Unless	45654
▁Kap	45655
▁filler	45656
▁summarized	45657
▁Mega	45658
▁lineage	45659
▁Authorization	45660
▁Corner	45661
▁despoil	45662
▁Pact	45663
▁spiritistic	45664
▁Bulletin	45665
▁WAR	45666
Cedar	45667
▁heaped	45668
escence	45669
▁Diotrephes	45670
▁monk	45671
▁unholy	45672
organized	45673
▁Paolo	45674
▁stroll	45675
lection	45676
target	45677
Ḥ	45678
▁Bracket	45679
▁orchid	45680
▁queries	45681
▁kneeling	45682
▁crumble	45683
alut	45684
ANS	45685
Ї	45686
▁Johanan	45687
▁razor	45688
▁Bella	45689
▁PPP	45690
▁Parallel	45691
▁Shane	45692
▁brutality	45693
benzo	45694
▁Bridegroom	45695
▁Nowadays	45696
▁suburb	45697
▁cemetery	45698
▁unleashed	45699
XDG	45700
▁diminishing	45701
.8%	45702
▁Sick	45703
▁dessert	45704
▁Bildad	45705
▁expectancy	45706
胡	45707
▁Lefèvre	45708
▁unpredictable	45709
Member	45710
▁Legislative	45711
▁Methuselah	45712
▁comparatively	45713
┮	45714
▁extremist	45715
津	45716
Wheel	45717
▁43;	45718
▁Pronunciation	45719
▁Terry	45720
▁lieutenant	45721
▁Antwerp	45722
▁Discuss	45723
▁Lub	45724
▁Mohamed	45725
▁fright	45726
▁renounced	45727
▁Massachusetts	45728
▁clerk	45729
▁obeisance	45730
▁spinning	45731
▁Lubuntu	45732
▁0,0	45733
lady	45734
phenol	45735
満	45736
▁taunting	45737
Jacob	45738
▁Thamnophilidae	45739
▁plantation	45740
▁sympathize	45741
enko	45742
Ț	45743
▁365	45744
▁dietary	45745
▁quarterly	45746
▁formulate	45747
▁hypertension	45748
▁prematurely	45749
▁thunderbolt	45750
▁redress	45751
Quot	45752
could	45753
▁alway	45754
▁profaned	45755
▁Iagno	45756
▁Monica	45757
▁antagonist	45758
▁fox	45759
沉	45760
Tabitha	45761
奧	45762
Job	45763
▁synchronize	45764
private	45765
▁(10)	45766
▁Carlo	45767
▁mL	45768
癬	45769
Ģ	45770
▁Tape	45771
▁bequest	45772
▁predictable	45773
谨	45774
▁disillusioned	45775
▁proportional	45776
▁receivable	45777
weightier	45778
▁DJ	45779
▁ESA	45780
禗	45781
Rotate	45782
pick	45783
▁flagrant	45784
ฺ	45785
▁Zin	45786
▁Technologies	45787
▁permeate	45788
▁interferon	45789
搜	45790
OPTION	45791
government	45792
▁hallow	45793
▁injected	45794
▁seizing	45795
▁saturated	45796
▁swollen	45797
especially	45798
▁despising	45799
▁grazing	45800
▁inventor	45801
▁actuat	45802
彈	45803
▁Resort	45804
Paint	45805
enstein	45806
prefectures	45807
▁Honestly	45808
▁Purge	45809
▁advertised	45810
▁extradition	45811
▁Georgi	45812
magne	45813
▁Kishon	45814
▁perilous	45815
▁Gurmukhi	45816
▁chilled	45817
▁shrimp	45818
▁tamper	45819
scope	45820
UA	45821
▁ARCH	45822
▁Literature	45823
▁flawless	45824
糖	45825
Break	45826
▁Invoice	45827
▁Rena	45828
▁SPIRIT	45829
▁Tracing	45830
gave	45831
▁stylesheet	45832
▁velocity	45833
▁appreciating	45834
citation	45835
▁Foot	45836
▁flogged	45837
Spell	45838
▁crane	45839
▁Alma	45840
▁perimeter	45841
誌	45842
3.3	45843
ඨ	45844
▁Huge	45845
▁Promot	45846
▁thirsting	45847
▁unshakable	45848
▁uproot	45849
roperties	45850
▁craftsman	45851
Hallelujah	45852
̉	45853
▁resentful	45854
Calendar	45855
▁polymer	45856
▁selfless	45857
▁Jabesh	45858
▁Sz	45859
▁Mongolian	45860
▁4(1)	45861
IU	45862
ዌ	45863
▁539	45864
▁digesti	45865
▁fishers	45866
▁reviling	45867
袭	45868
▁headstrong	45869
locked	45870
▁Adviser	45871
▁Perspective	45872
▁polygamy	45873
爭	45874
▁Prohibition	45875
▁expound	45876
▁memorize	45877
▁Shouldn	45878
糕	45879
LP	45880
presence	45881
▁flourishing	45882
▁podcast	45883
isco	45884
祭	45885
▁Salem	45886
▁outdated	45887
focus	45888
▁deploy	45889
▁programmers	45890
▁railroad	45891
▁Quanta	45892
▁dissatisfied	45893
▁gratefully	45894
▁violin	45895
▁Teva	45896
▁surveyed	45897
SHIP	45898
▁VCD	45899
later	45900
processing	45901
▁Explore	45902
▁congress	45903
▁Inverse	45904
济	45905
▁Thunderstorm	45906
▁meadow	45907
Solomon	45908
婦	45909
複	45910
▁tangent	45911
Base	45912
▁MPEG	45913
ሡ	45914
▁Biological	45915
▁Football	45916
▁advocacy	45917
▁anthropo	45918
▁pandemic	45919
▁overweight	45920
▁rugged	45921
▁Permanently	45922
▁embarrass	45923
height	45924
▁Hughes	45925
▁trigonometr	45926
▁bonuses	45927
▁drowsiness	45928
▁explored	45929
▁gconf	45930
young	45931
撃	45932
Strike	45933
aternity	45934
▁Embed	45935
瑪	45936
CID	45937
▁Lived	45938
▁afflictive	45939
journal	45940
▁Lab	45941
▁devastation	45942
GC	45943
▁hose	45944
ፏ	45945
▁Moabite	45946
租	45947
▁BBC	45948
▁Phoenician	45949
▁dependency	45950
▁noisy	45951
stress	45952
▁MOD	45953
▁dæmon	45954
hub	45955
▁crosses	45956
▁punk	45957
▁whoredom	45958
ddler	45959
▁Terrorism	45960
▁diarrhoea	45961
Palette	45962
agency	45963
habit	45964
▁Toilet	45965
▁hopeful	45966
▁unchecked	45967
▁Orient	45968
▁Unquestionably	45969
▁usurp	45970
▁Polyglot	45971
乘	45972
▁Interview	45973
▁Trap	45974
▁upgraded	45975
width	45976
▁Emphasiz	45977
▁Pulse	45978
▁Regularly	45979
clamation	45980
Beloved	45981
▁charger	45982
▁inexpensive	45983
powerful	45984
▁Tychicus	45985
▁Unlimited	45986
CLASS	45987
▁Hiram	45988
WH	45989
▁Copper	45990
▁Daisy	45991
▁MU	45992
soluble	45993
▁pastime	45994
▁reproduced	45995
▁supermarket	45996
獄	45997
▁LaTeX	45998
▁contradictory	45999
▁whispering	46000
Tool	46001
ヒ	46002
▁Hurt	46003
▁Roberto	46004
▁composing	46005
▁latin	46006
Qur	46007
▁MOST	46008
▁Decoration	46009
▁Hutter	46010
▁Rental	46011
▁UNDER	46012
▁Vector	46013
▁misplaced	46014
▁multilingual	46015
represented	46016
▁Demand	46017
▁Recompense	46018
▁darken	46019
▁forbearing	46020
common	46021
▁Lima	46022
▁Recover	46023
傻	46024
▁versa	46025
▁Fisher	46026
▁slippery	46027
Stay	46028
▁defied	46029
▁flung	46030
adventure	46031
▁Marty	46032
▁overseeing	46033
▁preface	46034
▁Hezron	46035
▁Blend	46036
▁Pixel	46037
循	46038
Universit	46039
nuclear	46040
secret	46041
▁Interesting	46042
▁Kernel	46043
▁undisturbed	46044
▁Gail	46045
▁puzzling	46046
▁Hajj	46047
▁Tyrann	46048
▁stump	46049
▁Queensland	46050
▁Skype	46051
▁relies	46052
▁tirelessly	46053
▁Atlas	46054
▁ECSC	46055
▁breakthrough	46056
▁pilgrim	46057
歸	46058
mahjongg	46059
▁GiB	46060
▁Leading	46061
▁sensual	46062
▁Opportunities	46063
▁locality	46064
▁Bread	46065
勇	46066
▁Chin	46067
▁Kla	46068
▁alternation	46069
CAD	46070
▁Wasn	46071
▁CCP	46072
▁Quarter	46073
▁Willingly	46074
▁Filled	46075
▁Kentucky	46076
▁LEARN	46077
▁Holder	46078
▁Strikethrough	46079
▁deviated	46080
蠢	46081
応	46082
▁Tariff	46083
▁tackling	46084
▁unprepared	46085
▁vintage	46086
腦	46087
▁(2001)	46088
▁synergies	46089
compatible	46090
▁cathedral	46091
処	46092
traditional	46093
▁Exponent	46094
▁Basis	46095
▁Obama	46096
▁scheduling	46097
▁tanta	46098
▁yacht	46099
luck	46100
▁Seg	46101
▁Seal	46102
▁pathetic	46103
▁Took	46104
▁motto	46105
▁Hermon	46106
▁emphasise	46107
▁informative	46108
▁unhappiness	46109
▁dragnet	46110
greece	46111
▁pneumonia	46112
▁sluggish	46113
骤	46114
▁detain	46115
logue	46116
▁adherents	46117
▁gamble	46118
Seek	46119
▁Eliashib	46120
▁Envoy	46121
▁UNECE	46122
▁reunion	46123
▁Undefined	46124
invest	46125
▁Ruin	46126
▁malfunction	46127
▁Peak	46128
▁Remind	46129
▁empowerment	46130
▁finishes	46131
▁molecule	46132
▁rotated	46133
Output	46134
ysterious	46135
ฎ	46136
▁Theatre	46137
▁MT	46138
▁consort	46139
捷	46140
▁Chooser	46141
▁Mystery	46142
▁Vera	46143
▁chant	46144
▁enlist	46145
▁burying	46146
▁encamp	46147
讽	46148
▁Nethinim	46149
▁cultivator	46150
▁duplication	46151
ckoned	46152
▁adore	46153
▁solitaire	46154
▁silicon	46155
annual	46156
▁Teenager	46157
▁constructing	46158
▁instructive	46159
泊	46160
▁Neil	46161
▁harmonized	46162
inflammatory	46163
walking	46164
▁Consultation	46165
▁Cmax	46166
▁Bartholomew	46167
▁Scythian	46168
▁Unspecified	46169
▁Naples	46170
▁Survive	46171
▁Tennessee	46172
▁pretext	46173
▁Configur	46174
霍	46175
▁Uzbekistan	46176
險	46177
▁Gru	46178
▁Derek	46179
▁Terror	46180
▁commotion	46181
▁pub	46182
贷	46183
spiring	46184
▁Comparison	46185
▁WiFi	46186
▁Autosave	46187
▁Gilbert	46188
▁Ideograph	46189
▁Terra	46190
SIN	46191
▁$10	46192
▁Lombard	46193
▁gull	46194
▁referral	46195
phobia	46196
▁Jesuit	46197
▁Zan	46198
▁burglar	46199
▁claw	46200
震	46201
▁fathom	46202
▁madman	46203
node	46204
▁intricate	46205
▁90%	46206
mproving	46207
VCD	46208
▁Felisa	46209
▁victors	46210
160	46211
▁192	46212
▁Oireachtas	46213
辖	46214
▁analyzing	46215
▁embittered	46216
▁pondered	46217
▁whispered	46218
▁blatant	46219
▁paperwork	46220
▁possessor	46221
勝	46222
惊	46223
	46224
▁Doha	46225
▁LIVES	46226
▁apes	46227
▁computation	46228
Hold	46229
▁0,1	46230
▁1500	46231
▁Bosnian	46232
▁peril	46233
級	46234
scheduled	46235
▁Jubilee	46236
▁canopy	46237
Leste	46238
Repent	46239
opathy	46240
▁incited	46241
▁Championship	46242
▁drifted	46243
▁outwardly	46244
▁vapor	46245
Device	46246
shaped	46247
▁Omega	46248
▁mediation	46249
▁pulmonary	46250
▁syrup	46251
▁Drawer	46252
▁KINGDOM	46253
▁resilience	46254
▁COME	46255
▁conspire	46256
▁geography	46257
牧	46258
▁Myself	46259
▁Sine	46260
▁commemoration	46261
▁Enhanced	46262
▁harassed	46263
▁chronological	46264
cloud	46265
▁CES	46266
▁harmoniously	46267
夺	46268
▁SVN	46269
▁Hanani	46270
▁Kennedy	46271
▁FIRST	46272
▁turkey	46273
▁dilution	46274
▁Marino	46275
丝	46276
▁Elisabeth	46277
▁canoe	46278
erminal	46279
▁Shunem	46280
▁penetration	46281
諾	46282
▁Residence	46283
Whether	46284
▁DjVu	46285
▁Ribeiro	46286
kip	46287
▁lordship	46288
▁mnemonic	46289
▁xenophobia	46290
▁80%	46291
▁Stamp	46292
Europe	46293
▁Completely	46294
▁Kep	46295
▁Scout	46296
▁Sword	46297
▁contraceptive	46298
▁folded	46299
▁fridge	46300
▁simplest	46301
Path	46302
▁Banner	46303
讼	46304
▁hinge	46305
▁loot	46306
▁pollen	46307
▁$6	46308
広	46309
election	46310
▁crep	46311
▁wayfarer	46312
魂	46313
saurus	46314
▁rotat	46315
扰	46316
beneficent	46317
wang	46318
▁168	46319
▁Angie	46320
▁Inspired	46321
▁Qualities	46322
▁unusually	46323
▁Removal	46324
▁sinfulness	46325
▁Airlines	46326
▁Helm	46327
▁MAL	46328
▁Wealth	46329
▁maximised	46330
ٱ	46331
▁blotte	46332
music	46333
▁Binary	46334
▁lobster	46335
▁submarine	46336
▁widower	46337
MIL	46338
▁Compress	46339
▁Incomplete	46340
▁affiliation	46341
杠	46342
melech	46343
▁drastically	46344
▁pact	46345
▁Lemon	46346
▁superscription	46347
▁Belfast	46348
▁employing	46349
▁settlers	46350
▁Spot	46351
▁pigment	46352
▁Katherine	46353
▁veterinarian	46354
coat	46355
worthiness	46356
▁gem	46357
▁momentary	46358
▁Submitted	46359
▁Tattoo	46360
▁retard	46361
▁Industries	46362
▁bleed	46363
▁physicist	46364
▁rabbi	46365
旋	46366
▁Robinson	46367
runner	46368
測	46369
fear	46370
understand	46371
▁Arb	46372
▁Shushan	46373
▁athlete	46374
▁poised	46375
▁envelop	46376
▁troublesome	46377
▁unfit	46378
▁watchmen	46379
RET	46380
▁entangled	46381
喔	46382
▁Vancouver	46383
▁depraved	46384
▁hooked	46385
ommand	46386
▁Purple	46387
▁Rubber	46388
loid	46389
▁Nebat	46390
talk	46391
▁evermore	46392
▁passersby	46393
▁Succeed	46394
256	46395
Include	46396
圭	46397
婆	46398
▁Nowhere	46399
▁Progressive	46400
▁Gear	46401
▁Jealous	46402
▁aspire	46403
▁socks	46404
multi	46405
▁insisting	46406
擔	46407
秒	46408
	46409
▁Matthias	46410
▁PCB	46411
▁messed	46412
issue	46413
▁Abednego	46414
亦	46415
▁Geba	46416
▁warden	46417
▁Collaborati	46418
▁Pour	46419
▁Turkmenistan	46420
▁[6]	46421
▁bouts	46422
▁practicer	46423
▁pupil	46424
譯	46425
▁Anglican	46426
菜	46427
▁Sao	46428
▁nutritious	46429
▁Survival	46430
▁faded	46431
▁reluctance	46432
▁verbally	46433
Spain	46434
▁Athaliah	46435
▁Hivite	46436
▁Quadr	46437
▁technician	46438
HER	46439
Travel	46440
oggle	46441
▁Molly	46442
▁chaired	46443
▁damnation	46444
▁outpouring	46445
2.4	46446
seeming	46447
▁sue	46448
▁wasteful	46449
▁Hawk	46450
▁Gambia	46451
▁disunity	46452
虫	46453
Medium	46454
monger	46455
▁Suriname	46456
▁VoIP	46457
▁cymbals	46458
▁Distributor	46459
▁Collins	46460
▁Sche	46461
▁assimilate	46462
妨	46463
TIS	46464
▁Simone	46465
刀	46466
+2	46467
Ascending	46468
▁cavalry	46469
utomatically	46470
▁Provisional	46471
▁skeptic	46472
▁stamped	46473
棋	46474
comfort	46475
▁Liberal	46476
▁Nahor	46477
▁enlighten	46478
Monitor	46479
▁Maaseiah	46480
▁tiredness	46481
blahblah	46482
▁Admin	46483
▁transposition	46484
▁Array	46485
ourselves	46486
▁CHRISTIAN	46487
▁smuggling	46488
EPHE	46489
▁CHANGES	46490
▁Cyrene	46491
▁conscientiously	46492
▁maze	46493
sofar	46494
▁Trading	46495
▁pottery	46496
▁spun	46497
▁symbolically	46498
.509	46499
▁Arnon	46500
▁XIII	46501
▁peninsula	46502
▁retract	46503
graduate	46504
▁Erik	46505
▁Mythbuntu	46506
▁unfounded	46507
拨	46508
wicked	46509
▁Anderson	46510
▁Tonga	46511
▁birdcatcher	46512
supposing	46513
▁BUT	46514
▁Hypertext	46515
乗	46516
▁Counselor	46517
▁classmate	46518
▁drinkers	46519
▁cheapest	46520
▁feasibility	46521
臨	46522
▁scorched	46523
▁Desk	46524
▁Missouri	46525
▁overheard	46526
▁twilight	46527
▁visionary	46528
宜	46529
▁remarkably	46530
▁Dancing	46531
▁collaborative	46532
▁hunted	46533
▁tyrannical	46534
赶	46535
▁KiB	46536
▁Trustee	46537
▁depriv	46538
▁Inherit	46539
▁brim	46540
xia	46541
▁ESMA	46542
▁greeter	46543
▁Clinical	46544
rejoice	46545
▁Piece	46546
▁digged	46547
▁disguise	46548
▁hamstr	46549
▁insured	46550
▁nucleus	46551
‬	46552
Count	46553
black	46554
▁immodest	46555
▁pregnancies	46556
/85	46557
园	46558
閱	46559
JP	46560
leave	46561
▁Glorify	46562
▁Maltese	46563
▁Nurse	46564
▁filthiness	46565
▁insolence	46566
▁knitte	46567
Invert	46568
▁Blossom	46569
▁Gay	46570
▁footwear	46571
▁→	46572
ഊ	46573
▁Klaus	46574
▁comprised	46575
▁encroach	46576
▁expended	46577
▁tumble	46578
International	46579
account	46580
▁bankrupt	46581
▁civic	46582
▁damp	46583
▁memorized	46584
▁utilities	46585
hof	46586
夏	46587
ury	46588
▁Completing	46589
▁nationalistic	46590
▁Refugee	46591
▁advocating	46592
▁thyroid	46593
▁unpopular	46594
佩	46595
▁Confess	46596
▁Thompson	46597
▁Tiger	46598
▁pomp	46599
Revised	46600
centric	46601
▁cipher	46602
▁Blackjack	46603
▁Certification	46604
▁colossal	46605
伸	46606
▁WH	46607
▁regeneration	46608
▁smashed	46609
▁hastening	46610
腳	46611
burden	46612
▁Wickedness	46613
▁mimic	46614
▁petrol	46615
▁sauna	46616
BIN	46617
▁Aegean	46618
▁agitation	46619
▁antiquity	46620
▁banknotes	46621
▁kinship	46622
Embeddable	46623
rewinding	46624
碎	46625
▁opposer	46626
▁Yield	46627
▁lone	46628
季	46629
▁monstrous	46630
Spanish	46631
Unit	46632
▁spearhead	46633
▁unpunished	46634
Australia	46635
half	46636
previous	46637
▁compliant	46638
▁posture	46639
Þ	46640
▁Emmanuel	46641
▁Hazael	46642
description	46643
military	46644
▁gasoline	46645
Centre	46646
themselves	46647
▁stained	46648
旺	46649
▁Meg	46650
created	46651
global	46652
▁Organic	46653
▁abiders	46654
▁circumcise	46655
▁furthermore	46656
World	46657
▁Donation	46658
▁Eusebius	46659
▁Handling	46660
▁mutt	46661
▁reckless	46662
▁spelled	46663
▁preferably	46664
迅	46665
YZ	46666
▁Restriction	46667
▁champagne	46668
▁Tibetan	46669
▁cuneiform	46670
▁Botswana	46671
▁standardisation	46672
▁stigma	46673
▁Rechab	46674
▁Submission	46675
▁callback	46676
▁lactose	46677
皇	46678
▁revoke	46679
breaker	46680
ኚ	46681
▁Emacs	46682
▁Plate	46683
▁elapsed	46684
business	46685
▁Bliss	46686
▁elbow	46687
ॆ	46688
▁Cubic	46689
▁merciless	46690
gtk	46691
▁Malagasy	46692
▁footprint	46693
congregation	46694
▁Marilyn	46695
▁cheerfully	46696
▁mattress	46697
▁mole	46698
▁dizziness	46699
March	46700
atusbar	46701
legal	46702
▁Tweet	46703
Hosanna	46704
▁Marg	46705
▁Baptized	46706
▁Worthy	46707
	46708
450	46709
TLS	46710
▁Bran	46711
▁Caledonia	46712
▁Warrior	46713
▁identities	46714
▁subvert	46715
▁wiping	46716
White	46717
▁tidy	46718
累	46719
▁Tangent	46720
voking	46721
▁1916	46722
▁lever	46723
▁Alps	46724
▁angrily	46725
▁inequalities	46726
▁microwave	46727
4.2	46728
▁Ekron	46729
▁Rhythmbox	46730
▁Gossip	46731
▁Luz	46732
▁apprehension	46733
▁drained	46734
among	46735
▁Injustice	46736
▁exaggerated	46737
▁pedestrian	46738
▁venerate	46739
Light	46740
Local	46741
▁accumulat	46742
▁omni	46743
▁shaping	46744
▁rabbinic	46745
飲	46746
ayb	46747
▁Originally	46748
▁prototype	46749
▁Murder	46750
▁Wendy	46751
▁sprung	46752
▁vehemently	46753
/63/	46754
▁Sapphira	46755
owski	46756
▁Ahikam	46757
▁Analyze	46758
▁banish	46759
▁impugn	46760
memory	46761
▁Bedford	46762
Wall	46763
aribbean	46764
▁festivities	46765
▁Lyon	46766
plicating	46767
壓	46768
Saturation	46769
▁0,5	46770
▁sufficiency	46771
▁applaud	46772
bath	46773
▁Oxygen	46774
▁mobilization	46775
▁rumour	46776
̧	46777
▁Fold	46778
▁Rough	46779
early	46780
▁Emblem	46781
▁launches	46782
▁forefront	46783
辱	46784
▁Appreciating	46785
▁coffin	46786
▁plowing	46787
▁Judicial	46788
▁ingathering	46789
▁vastly	46790
deeds	46791
▁Zachariah	46792
硬	46793
▁AFTER	46794
▁Frequently	46795
▁Glade	46796
▁scattering	46797
▁accuser	46798
▁embodied	46799
͘	46800
▁HOLDER	46801
▁addictive	46802
振	46803
▁280	46804
▁Injeel	46805
▁Minnesota	46806
▁defiance	46807
▁polish	46808
▁enclosure	46809
DT	46810
‫	46811
▁Claudia	46812
▁Trigger	46813
▁regulator	46814
▁sheltered	46815
増	46816
ٓ	46817
▁genre	46818
呃	46819
須	46820
proper	46821
▁Preliminary	46822
▁QT	46823
▁Walt	46824
▁fetus	46825
▁pleasantness	46826
▁scrub	46827
▁remarry	46828
▁Frost	46829
▁Procurement	46830
尾	46831
甲	46832
zhou	46833
▁pretense	46834
leid	46835
▁bandwidth	46836
▁exhibited	46837
▁vail	46838
▁EMF	46839
▁Stella	46840
	46841
▁Achish	46842
▁sanctifie	46843
顺	46844
sweden	46845
▁concise	46846
▁boiled	46847
▁XV	46848
▁bribery	46849
▁laborer	46850
▁premarital	46851
▁Dump	46852
evaluation	46853
▁Kelvin	46854
▁ideology	46855
▁unjustified	46856
Big	46857
▁hon	46858
▁Troy	46859
▁corresponded	46860
▁Delhi	46861
▁Omri	46862
▁$100	46863
▁undeniable	46864
▁Elaine	46865
▁Staikos	46866
▁lice	46867
酬	46868
modified	46869
▁annihilation	46870
preach	46871
▁bountiful	46872
▁nonce	46873
▁organisational	46874
減	46875
▁ingratitude	46876
ndicating	46877
▁hippo	46878
▁LU	46879
▁darkest	46880
▁usefulness	46881
email	46882
▁aggravat	46883
▁Claudius	46884
▁Missionaries	46885
▁elaborated	46886
▁hull	46887
▁martial	46888
security	46889
▁Legend	46890
▁untouched	46891
rapeutic	46892
receive	46893
輕	46894
▁Mercedes	46895
▁evolutionary	46896
▁oblige	46897
▁Nain	46898
▁VIEWPOINT	46899
▁40,000	46900
▁particulate	46901
disciplinary	46902
▁Libraries	46903
訳	46904
▁Peso	46905
▁falleth	46906
▁workload	46907
貴	46908
▁lenses	46909
Detect	46910
▁Scandinavia	46911
godly	46912
▁Alabama	46913
▁Mold	46914
▁Carr	46915
▁Embassy	46916
▁KPresenter	46917
▁Quest	46918
惯	46919
▁Gambling	46920
▁Horizontally	46921
▁consequent	46922
▁fertilized	46923
▁Cycle	46924
▁GEGL	46925
▁Jur	46926
▁Pending	46927
▁Timezone	46928
▁industrialized	46929
▁pitfalls	46930
▁repression	46931
聘	46932
▁Themselves	46933
査	46934
▁Motivated	46935
▁paradox	46936
▁Muj	46937
▁Regina	46938
▁dyed	46939
薄	46940
▁Advance	46941
▁Eleven	46942
▁Freezing	46943
twitter	46944
▁550	46945
▁Pamphylia	46946
▁edict	46947
▁KIO	46948
▁censer	46949
▁molest	46950
▁servicing	46951
▁watchfulness	46952
▁Visa	46953
耐	46954
MG	46955
income	46956
▁Brunei	46957
▁Obedient	46958
▁brighten	46959
▁foresaw	46960
綴	46961
▁Abby	46962
▁CORRESPONDENT	46963
▁offshore	46964
▁Floppy	46965
▁Macau	46966
▁Simulator	46967
▁charset	46968
▁flaw	46969
▁Celsius	46970
▁harass	46971
▁proxies	46972
▁tentative	46973
amaica	46974
▁roam	46975
/88	46976
▁Carsten	46977
▁Utilities	46978
▁luminous	46979
▁(2004)	46980
▁Estimate	46981
▁christ	46982
▁epic	46983
BEFORE	46984
ඡ	46985
▁Pregnancy	46986
▁complacent	46987
▁tiring	46988
▁Demas	46989
Bay	46990
▁Archbishop	46991
▁Oversight	46992
▁approx	46993
▁formalities	46994
▁0.9	46995
▁Feli	46996
▁chronology	46997
▁debased	46998
Disk	46999
▁perfumed	47000
▁Terre	47001
▁overlay	47002
joint	47003
▁Unclassified	47004
▁430	47005
▁Sharp	47006
▁nitrate	47007
Small	47008
▁Plaza	47009
ۂ	47010
▁CLUE	47011
▁Plot	47012
▁Atlanta	47013
圍	47014
▁Dishon	47015
opics	47016
▁Derbe	47017
▁erosion	47018
▁cessation	47019
▁pebble	47020
ഃ	47021
PDF	47022
lium	47023
▁Indus	47024
	47025
Life	47026
MF	47027
薩	47028
▁manure	47029
PrintPreview	47030
align	47031
▁Bravo	47032
▁imagining	47033
▁rewritable	47034
▁scalp	47035
▁Athena	47036
▁Merry	47037
▁Occupation	47038
▁cone	47039
▁intermediary	47040
屁	47041
Tar	47042
▁Corrigendum	47043
▁anarchist	47044
▁cycling	47045
▁homepage	47046
▁potato	47047
Profession	47048
▁Awesome	47049
▁erased	47050
▁hostilities	47051
▁imprint	47052
▁METHOD	47053
▁Meshullam	47054
▁hallowed	47055
▁Herodias	47056
▁longsuffering	47057
▁Christoph	47058
▁Herbert	47059
▁levied	47060
JIS	47061
fell	47062
ovich	47063
within	47064
▁Hood	47065
▁irritate	47066
▁therapies	47067
狦	47068
Record	47069
bookmark	47070
ovski	47071
▁waged	47072
ጵ	47073
▁2008-2009	47074
▁Alphaeus	47075
▁stdout	47076
cler	47077
production	47078
▁Seventh	47079
▁UTC	47080
▁sewage	47081
▁Amorite	47082
▁Substance	47083
▁fisherman	47084
▁refiner	47085
浦	47086
▁STRING	47087
Both	47088
story	47089
▁Perizzite	47090
▁bruising	47091
Arabic	47092
▁Focal	47093
▁Sophie	47094
▁enshrined	47095
▁grill	47096
▁"%3"	47097
刊	47098
▁weariness	47099
▁Jehoahaz	47100
▁Shutdown	47101
▁forcibly	47102
▁Curse	47103
▁incest	47104
▁tryst	47105
development	47106
▁renovation	47107
▁steeped	47108
▁218	47109
▁6.6	47110
▁Kiribati	47111
▁Recreation	47112
▁Sardinia	47113
▁nicotine	47114
▁warranted	47115
絡	47116
110	47117
▁enthronement	47118
尸	47119
舍	47120
▁accomplishes	47121
▁foreskin	47122
▁surpassed	47123
▁unanimous	47124
▁corroborat	47125
▁Gallus	47126
▁courier	47127
趋	47128
RAIN	47129
esthesia	47130
▁Recommend	47131
▁denunciation	47132
▁Digest	47133
▁compiler	47134
François	47135
▁Bucharest	47136
▁disruption	47137
FTP	47138
▁Dignity	47139
▁Onesimus	47140
▁Acid	47141
▁fondly	47142
▁beverage	47143
▁crocheted	47144
olite	47145
ඬ	47146
▁luxuriant	47147
nature	47148
Simon	47149
▁Patricia	47150
▁Tank	47151
▁resourceful	47152
緊	47153
desirable	47154
Ō	47155
▁Developed	47156
▁sturdy	47157
幅	47158
▁heightened	47159
▁Kiriath	47160
▁Polo	47161
▁Avahi	47162
▁Tetravex	47163
▁Mediator	47164
▁Whither	47165
China	47166
▁Centro	47167
▁Kylin	47168
▁attache	47169
▁recycled	47170
▁unimportant	47171
険	47172
麗	47173
▁Communism	47174
▁drizzle	47175
▁cannabis	47176
▁reconstruct	47177
Pol	47178
▁Basque	47179
▁artery	47180
抽	47181
▁LDCs	47182
▁metformin	47183
According	47184
physical	47185
▁CDDB	47186
▁twig	47187
訓	47188
▁fenced	47189
▁WORD	47190
▁café	47191
▁Canonical	47192
▁skipped	47193
▁Navigate	47194
▁OpenOffice	47195
▁distill	47196
▁menstruation	47197
rousing	47198
麥	47199
▁Gomer	47200
▁Markus	47201
▁unspeakable	47202
chlorothiazide	47203
phrase	47204
wisdom	47205
‵	47206
passwd	47207
▁confound	47208
▁electronically	47209
▁inaugurated	47210
▁Machir	47211
▁Tetris	47212
7.1	47213
SES	47214
▁unavoidable	47215
▁Gesture	47216
▁Sixteen	47217
Sometimes	47218
▁Liquid	47219
▁Wrath	47220
▁allotted	47221
▁Kingston	47222
▁illumination	47223
币	47224
iyah	47225
▁XIV	47226
▁lumin	47227
轮	47228
▁1917	47229
▁Rhine	47230
Tafsir	47231
▁Campaign	47232
▁Hazor	47233
▁Sarajevo	47234
▁implicitly	47235
IMITATE	47236
capped	47237
▁Flame	47238
▁mosaic	47239
▁■	47240
▁3.0	47241
hik	47242
iform	47243
▁dwarf	47244
▁servitude	47245
▁Knock	47246
▁Steering	47247
▁downstream	47248
▁proselyte	47249
CAN	47250
▁reproaches	47251
▁1107/2009	47252
▁Cyril	47253
▁EXIF	47254
▁avian	47255
▁validate	47256
Chinese	47257
▁diarrhea	47258
舊	47259
▁Masoret	47260
▁gazing	47261
▁legendary	47262
lack	47263
▁deriv	47264
=%	47265
grown	47266
▁Garda	47267
omogeneous	47268
▁Andrea	47269
▁bargaining	47270
▁downfall	47271
.12.2006	47272
▁homemade	47273
▁signifying	47274
竒	47275
▁Necho	47276
▁biomass	47277
▁congratulations	47278
▁removable	47279
▁watt	47280
/2006/	47281
Adjustment	47282
anja	47283
spell	47284
Ί	47285
▁Theodore	47286
ptimum	47287
▁Turin	47288
woven	47289
▁convene	47290
▁2006-2007	47291
▁Emoticon	47292
QX	47293
oman	47294
▁starry	47295
効	47296
驱	47297
▁unintentionally	47298
奖	47299
▁Shout	47300
▁Visitors	47301
▁astronomical	47302
▁Rudolf	47303
▁invading	47304
豖	47305
▁limp	47306
▁PEACE	47307
▁indictment	47308
▁workstation	47309
握	47310
▁Natalie	47311
▁1.9	47312
▁fret	47313
▁invaders	47314
neck	47315
▁dusty	47316
midst	47317
▁Ithamar	47318
▁cosine	47319
▁navy	47320
▁wishful	47321
▁refrigerat	47322
EAT	47323
Woman	47324
▁Alicia	47325
▁Plastic	47326
▁circumvent	47327
▁Stalin	47328
▁aloof	47329
▁feather	47330
▁Inquisition	47331
▁Maldives	47332
▁commissioner	47333
▁4.7	47334
▁Expect	47335
▁constrain	47336
▁Pollution	47337
▁Primarily	47338
gilead	47339
▁Identifying	47340
▁Valle	47341
length	47342
▁graze	47343
搬	47344
睛	47345
▁Liberty	47346
▁Madyan	47347
▁SEA	47348
▁crippled	47349
▁snatched	47350
deliver	47351
▁300,000	47352
▁callous	47353
▁malediction	47354
▁navigator	47355
▁Azar	47356
▁Commonwealth	47357
▁yoga	47358
gather	47359
▁elusive	47360
▁invariably	47361
唔	47362
Anyone	47363
affected	47364
curring	47365
▁Tahiti	47366
▁doorstep	47367
▁Maz	47368
reward	47369
▁Sakura	47370
▁Visualize	47371
▁fornicator	47372
▁bequeathed	47373
▁unknowingly	47374
▁veneration	47375
▁uprising	47376
asia	47377
▁exploded	47378
▁Modest	47379
▁RF	47380
▁genealogies	47381
▁manipulated	47382
▁OFFICE	47383
High	47384
kir	47385
▁detainees	47386
▁Sonia	47387
▁discontent	47388
▁precarious	47389
park	47390
敌	47391
▁DTD	47392
▁dissent	47393
▁lengthen	47394
▁Jackie	47395
▁Trademark	47396
遺	47397
▁MR	47398
▁contrived	47399
CAP	47400
▁Surround	47401
▁sergeant	47402
缩	47403
▁Nico	47404
▁Apollo	47405
▁curtail	47406
▁labelled	47407
vinyl	47408
▁Arad	47409
▁reassigned	47410
▁treasuries	47411
梦	47412
▁Employee	47413
▁Mixed	47414
▁Personnel	47415
▁scenery	47416
▁(2015)	47417
▁Directories	47418
▁Manhattan	47419
▁Sicily	47420
▁accredited	47421
▁elaboration	47422
▁visually	47423
▁BENEFIT	47424
▁Enabling	47425
▁endorsement	47426
▁Examining	47427
▁Passphrase	47428
▁Vanessa	47429
▁bouquet	47430
▁joystick	47431
▁Optical	47432
▁observant	47433
▁dresses	47434
▁lounge	47435
伐	47436
access	47437
Channel	47438
ugged	47439
▁Clinic	47440
▁lavish	47441
▁obsession	47442
▁sharper	47443
▁straiten	47444
▁whereabouts	47445
etherlands	47446
▁Compassion	47447
▁Veterinar	47448
▁evangelist	47449
壞	47450
▁Bonn	47451
▁Dubai	47452
▁Hush	47453
▁ensued	47454
/2004/	47455
worship	47456
▁2:2)	47457
▁Cayman	47458
▁compil	47459
汶	47460
chief	47461
litz	47462
▁60%	47463
▁curfew	47464
▁handwriting	47465
宇	47466
NR	47467
provide	47468
▁Furnariidae	47469
Abandon	47470
export	47471
▁Medic	47472
authorised	47473
▁Minute	47474
▁Nadia	47475
▁Rotterdam	47476
▁negligence	47477
▁occupant	47478
▁zombie	47479
Nay	47480
Ӝ	47481
▁Decimal	47482
▁grievance	47483
▁outreach	47484
moved	47485
▁Kristina	47486
▁Saturn	47487
▁Transportation	47488
▁diabetic	47489
▁Austin	47490
▁conspicuous	47491
Oceania	47492
Rahman	47493
Year	47494
▁Ramadan	47495
▁mythology	47496
袋	47497
▁dampen	47498
▁rectify	47499
▁Matrix	47500
▁nurturing	47501
▁repudiate	47502
▁Carefully	47503
▁Ignoring	47504
▁Laboratory	47505
▁Stewart	47506
▁illuminated	47507
▁shred	47508
ങ	47509
▁Kig	47510
▁NULL	47511
▁octal	47512
▁contemplated	47513
▁fabulous	47514
▁shorten	47515
▁startling	47516
▁cheated	47517
▁trample	47518
▁Slot	47519
▁nigger	47520
Delay	47521
omarques	47522
▁Fried	47523
▁Judy	47524
▁articulate	47525
▁auditorium	47526
▁tireless	47527
▁Chang	47528
▁Zealot	47529
▁runway	47530
LCD	47531
ဋ	47532
▁Zeroconf	47533
▁fittingly	47534
▁quiz	47535
▁trustworthiness	47536
谷	47537
Beware	47538
勢	47539
▁Spotlight	47540
▁fierceness	47541
▁Madame	47542
乔	47543
House	47544
▁DOWN	47545
▁Devhelp	47546
▁Gul	47547
▁Manually	47548
▁Olga	47549
▁Ottawa	47550
笔	47551
▁stunt	47552
▁Canvas	47553
▁Wol	47554
▁abounding	47555
▁Teddy	47556
▁crashes	47557
respect	47558
▁Agag	47559
▁earrings	47560
摊	47561
▁Duplex	47562
▁Finishing	47563
▁foliage	47564
▁vanities	47565
▁TIM	47566
▁Thieves	47567
▁pavilion	47568
▁precursor	47569
▁Cappadocia	47570
▁Pergamum	47571
▁Tears	47572
getting	47573
▁berries	47574
▁churchgoers	47575
Clean	47576
▁Turner	47577
▁firewood	47578
▁packet	47579
歳	47580
Debug	47581
judicial	47582
▁contemplation	47583
▁morsel	47584
辑	47585
Basic	47586
▁Improvement	47587
▁Participat	47588
▁detract	47589
▁supremacy	47590
▁counterparty	47591
▁Lux	47592
▁Truck	47593
▁Yaum	47594
▁Apr	47595
▁edifying	47596
▁husk	47597
enabled	47598
両	47599
ፔ	47600
▁Diagonal	47601
▁HERE	47602
▁handwritten	47603
▁ROME	47604
▁Ricci	47605
▁Backspace	47606
▁cyan	47607
▁resizing	47608
臭	47609
▁Harbor	47610
▁auspices	47611
▁disinfect	47612
帳	47613
▁Adversary	47614
▁Lansing	47615
▁PRESIDENT	47616
▁Sight	47617
Madinah	47618
▁Barnes	47619
▁Shealtiel	47620
▁ADMINISTRATION	47621
▁Feather	47622
▁Thaan	47623
▁championship	47624
▁rainfall	47625
忽	47626
▁empowering	47627
▁Corrupt	47628
▁Sandy	47629
▁bizarre	47630
growing	47631
▁Macmillan	47632
▁Muted	47633
▁299	47634
▁engulfed	47635
▁Competent	47636
▁desperation	47637
裂	47638
▁(2006)	47639
▁Harbour	47640
▁brood	47641
▁circulate	47642
欺	47643
transfer	47644
▁Venus	47645
▁frontal	47646
▁marsh	47647
ookie	47648
pattern	47649
▁.........	47650
▁Discernment	47651
拝	47652
Seize	47653
▁interrogat	47654
▁metropolitan	47655
▁torches	47656
▁Paran	47657
▁evince	47658
▁outskirts	47659
▁psychic	47660
▁shears	47661
▁suicidal	47662
▁deafness	47663
▁rumor	47664
▁stipple	47665
洪	47666
paint	47667
▁advocated	47668
憾	47669
▁1999-200	47670
▁Kang	47671
▁unchristian	47672
▁Zar	47673
▁forceful	47674
▁doorway	47675
Expand	47676
▁Repentance	47677
picture	47678
▁GdkPixbuf	47679
initiative	47680
▁Jorge	47681
▁Enhanc	47682
▁Permit	47683
▁substrate	47684
◯	47685
wah	47686
▁ACL	47687
▁3000	47688
▁CSS	47689
▁exterior	47690
▁glacier	47691
▁impoverished	47692
療	47693
▁denounce	47694
▁Beroeans	47695
瞧	47696
▁froward	47697
伍	47698
▁sewer	47699
operate	47700
▁rhetoric	47701
simple	47702
▁aromatic	47703
▁skate	47704
窦	47705
財	47706
▁Newsweek	47707
▁Rebuild	47708
▁vacant	47709
▁veiled	47710
▁identifiable	47711
槍	47712
瑟	47713
盗	47714
Austria	47715
▁Bayer	47716
▁Cathedral	47717
▁NFS	47718
▁Prejudice	47719
▁halo	47720
▁noticing	47721
▁accrue	47722
▁untrue	47723
TLY	47724
▁falter	47725
▁shiny	47726
‪	47727
▁broadcaster	47728
▁shackles	47729
▁spontaneously	47730
▁injunction	47731
▁unforgiving	47732
▁Betty	47733
▁Zoe	47734
▁nurtured	47735
▁ingrate	47736
▁preparedness	47737
▁purer	47738
profile	47739
▁167	47740
▁Algorithm	47741
▁pistol	47742
▁wad	47743
Whenever	47744
▁Nigerian	47745
▁NPT	47746
Bookmark	47747
CEDAW	47748
▁evolving	47749
▁menstru	47750
邪	47751
阵	47752
5%)	47753
▁Chrome	47754
▁restitution	47755
driven	47756
▁handbook	47757
▁pedal	47758
7.5	47759
▁puppet	47760
centre	47761
▁Jedi	47762
▁gratification	47763
configurable	47764
electromagnetic	47765
▁Omar	47766
▁Wallace	47767
庫	47768
spain	47769
workspace	47770
▁suppression	47771
Export	47772
▁Orleans	47773
▁fearsome	47774
▁Worst	47775
▁immature	47776
▁improperly	47777
▁reinforcement	47778
▁Elah	47779
▁Thunder	47780
▁obscured	47781
▁Snake	47782
▁glide	47783
▁scold	47784
▁Mason	47785
▁VAR	47786
▁facilitation	47787
▁misinterpret	47788
▁unevenly	47789
▁veteran	47790
Item	47791
▁Melbourne	47792
▁olanzapine	47793
▁ravaged	47794
陈	47795
▁Eber	47796
▁influenc	47797
▁seaside	47798
萊	47799
ኀ	47800
▁acquit	47801
▁grease	47802
▁grudgingly	47803
discipline	47804
▁Antilles	47805
▁concur	47806
▁keypresses	47807
Quick	47808
▁unlearned	47809
▁debut	47810
mitating	47811
▁740	47812
▁Dj	47813
▁immovable	47814
咱	47815
▁Empower	47816
▁Vengeance	47817
▁defiling	47818
▁Ultra	47819
Very	47820
▁GREAT	47821
▁unselect	47822
▁Afraid	47823
▁Surface	47824
▁twinkling	47825
Bill	47826
▁endlessly	47827
south	47828
▁Tier	47829
▁connectivity	47830
▁Lynn	47831
Allow	47832
India	47833
▁portent	47834
▁Supplier	47835
▁lustful	47836
▁dissuade	47837
▁hiring	47838
▁picturesque	47839
貝	47840
carry	47841
▁Beirut	47842
▁Holiness	47843
▁IPv	47844
OX	47845
pleasing	47846
▁Czechoslovakia	47847
▁Reich	47848
▁chewing	47849
▁Electricity	47850
孟	47851
/2000/	47852
▁slate	47853
▁Trent	47854
絶	47855
knowledge	47856
▁Continent	47857
▁cocoa	47858
▁FEATURES	47859
▁Runner	47860
▁besiege	47861
▁advertisement	47862
▁Ziba	47863
▁frantic	47864
▁Fran	47865
▁Javier	47866
▁inhibition	47867
▁Observatory	47868
歐	47869
▁10:00	47870
▁discontinuation	47871
惑	47872
▁automation	47873
▁pinpoint	47874
German	47875
▁orphaned	47876
▁unquestionably	47877
truck	47878
▁Hearken	47879
▁Reconnect	47880
▁Redirect	47881
▁excerpt	47882
	47883
▁Consultati	47884
Crucify	47885
▁Geography	47886
▁Recurrence	47887
練	47888
▁relics	47889
▁laundering	47890
▁worthlessness	47891
xxx	47892
▁interrogated	47893
▁discredit	47894
Aligned	47895
▁Malay	47896
keypad	47897
▁Karbon	47898
▁Kiev	47899
▁MUST	47900
▁unreal	47901
▁wardrobe	47902
訪	47903
▁Logistic	47904
▁Zelophehad	47905
▁textual	47906
Saul	47907
ඵ	47908
▁1910	47909
▁Complex	47910
▁intimidating	47911
brand	47912
▁RSA	47913
▁carbohydrate	47914
▁monopoly	47915
▁plundered	47916
▁thrice	47917
DAV	47918
1/2006	47919
▁Haitian	47920
Parent	47921
stride	47922
▁Measurement	47923
▁TWO	47924
grees	47925
VISION	47926
▁nickel	47927
▁Iowa	47928
▁Refuge	47929
液	47930
bosheth	47931
loving	47932
ঐ	47933
▁PROVISIONS	47934
▁hiking	47935
▁wp	47936
匈	47937
▁Shelah	47938
▁adhesive	47939
▁elude	47940
▁Shake	47941
礛	47942
999	47943
Proliferation	47944
redits	47945
▁Adolescent	47946
▁darnel	47947
widen	47948
▁deacon	47949
▁wow	47950
▁marred	47951
▁excipients	47952
▁swayed	47953
▁villain	47954
▁Bristol	47955
tribution	47956
▁Watson	47957
▁groundwater	47958
▁prowess	47959
anyone	47960
lunar	47961
▁OSCE	47962
▁seashore	47963
▁SET	47964
▁Vocation	47965
▁(212)	47966
▁entreaty	47967
▁sparked	47968
▁Nest	47969
▁CIS	47970
▁Backward	47971
究	47972
▁NACE	47973
Paul	47974
▁Unemployment	47975
▁bacterial	47976
▁guiltless	47977
▁liberating	47978
▁undefined	47979
▁Flying	47980
▁Triangle	47981
▁Wanna	47982
▁bogus	47983
▁disrupted	47984
▁groupware	47985
▁hewn	47986
叛	47987
Aware	47988
breast	47989
▁aerial	47990
彻	47991
敏	47992
▁unnecessarily	47993
Highlight	47994
▁Analyse	47995
▁mosquito	47996
▁grasshopper	47997
▁parched	47998
stonia	47999
▁Byzantine	48000
▁Granada	48001
▁neatly	48002
▁Deny	48003
▁excavation	48004
▁timestamp	48005
滑	48006
Movie	48007
Unknown	48008
tribe	48009
▁accompanies	48010
▁faction	48011
▁illuminating	48012
扬	48013
▁Metacity	48014
▁lewd	48015
▁minimis	48016
	48017
▁Midland	48018
▁solace	48019
▁Barber	48020
▁Funny	48021
▁Rosen	48022
▁tainted	48023
Rule	48024
▁Haus	48025
▁statistically	48026
CRP	48027
▁agri	48028
▁liquidation	48029
▁uranium	48030
▁Ivoire	48031
▁Finch	48032
▁Oklahoma	48033
▁analogy	48034
▁unequivocal	48035
stuff	48036
▁Kenite	48037
▁smileys	48038
partners	48039
▁2004-2005	48040
▁apprentice	48041
▁Appropriate	48042
▁deducted	48043
ctivate	48044
engine	48045
▁ELSE	48046
▁encampment	48047
▁infringe	48048
wire	48049
▁Accident	48050
▁Regrettably	48051
▁artisan	48052
净	48053
醉	48054
▁psychiatrist	48055
▁Issuer	48056
▁stringent	48057
▁thirteenth	48058
▁illustrious	48059
▁paralytic	48060
Density	48061
▁Frankie	48062
▁Lit	48063
▁Tasmania	48064
▁kioslave	48065
▁oppressor	48066
▁precinct	48067
mild	48068
▁jis	48069
▁shroud	48070
▁Amasa	48071
▁rekindle	48072
ctivatable	48073
▁PLAN	48074
▁Meditation	48075
-2022-	48076
▁carcasses	48077
▁labourers	48078
▁excursion	48079
▁brimstone	48080
▁cracked	48081
歷	48082
▁Broadcast	48083
Certainly	48084
floor	48085
▁Houston	48086
▁reptile	48087
講	48088
▁#%	48089
▁DESIGNED	48090
▁remedia	48091
Eureka	48092
mono	48093
▁inanimate	48094
▁undershepherds	48095
▁uneasy	48096
▁diluted	48097
DateTime	48098
Once	48099
WHO	48100
▁Tajikistan	48101
▁Tobacco	48102
▁securitisation	48103
▁sterile	48104
disbelievers	48105
▁celibacy	48106
漠	48107
ibble	48108
▁ENGLISH	48109
▁Mitchell	48110
▁foreordained	48111
収	48112
Detach	48113
Temporary	48114
bio	48115
▁dismissal	48116
▁dissolve	48117
▁arches	48118
▁lawsuit	48119
雙	48120
Prostrate	48121
▁languish	48122
▁latitude	48123
▁Compliance	48124
▁OIOS	48125
▁Winston	48126
▁Elsewhere	48127
▁ruinous	48128
▁Hippo	48129
▁horrific	48130
ullah	48131
▁Araceli	48132
▁lizard	48133
▁Viking	48134
ignment	48135
▁Ethics	48136
▁Politics	48137
▁scientifically	48138
鲜	48139
▁exaltation	48140
▁sprinkling	48141
▁streamline	48142
缓	48143
Master	48144
▁blasphemous	48145
啥	48146
▁Edinburgh	48147
▁GIcon	48148
▁dinosaur	48149
▁Agnes	48150
▁Bauer	48151
▁Motion	48152
▁emigrate	48153
▁diplomacy	48154
▁diving	48155
▁outstrip	48156
ፐ	48157
▁Colombian	48158
▁rift	48159
Long	48160
▁Pagan	48161
▁Securities	48162
▁profiling	48163
▁reconcil	48164
筑	48165
▁WW	48166
▁abruptly	48167
▁apathetic	48168
▁bleach	48169
▁drone	48170
▁liberalisation	48171
Ӟ	48172
▁ANSWERS	48173
▁Possess	48174
▁fabrication	48175
▁hydraulic	48176
▁vapour	48177
▁Descendants	48178
▁Ticket	48179
▁ancillary	48180
▁barter	48181
▁evacuation	48182
禮	48183
▁Thine	48184
▁ensnare	48185
mobile	48186
▁Markup	48187
▁Napoleon	48188
▁diversification	48189
▁congestion	48190
▁debit	48191
▁forensic	48192
▁immensely	48193
▁implanted	48194
獨	48195
▁Palau	48196
▁Sheldon	48197
▁Tehran	48198
arius	48199
▁EDF	48200
▁Jaime	48201
▁prudence	48202
▁Sci	48203
▁disloyalty	48204
ΐ	48205
▁Elsa	48206
▁insidious	48207
▁Bitmap	48208
▁Somehow	48209
▁colporteur	48210
▁energize	48211
FM	48212
▁Diehl	48213
▁demeanor	48214
脆	48215
arity	48216
▁Archaeology	48217
▁Neutral	48218
▁predator	48219
▁Chaldea	48220
▁dispensation	48221
Death	48222
▁Vince	48223
▁indulg	48224
▁plugged	48225
▁Wrapping	48226
▁irresponsible	48227
▁liberalization	48228
▁tithing	48229
technical	48230
珍	48231
Cap	48232
NUM	48233
▁RN	48234
▁collaborat	48235
▁rearrang	48236
啓	48237
Mag	48238
▁optic	48239
Having	48240
dept	48241
▁Characteristics	48242
▁Gavin	48243
▁Jedaiah	48244
▁Wade	48245
▁sidetracked	48246
▁Bod	48247
▁Fischer	48248
田	48249
▁CONTENTS	48250
▁KEEP	48251
▁Orpah	48252
▁WMF	48253
▁arbitra	48254
Jerusalem	48255
Thumb	48256
court	48257
▁Emotional	48258
▁newlyweds	48259
▁MONTH	48260
▁Polygon	48261
劇	48262
▁TYPE	48263
ORS	48264
▁Lightning	48265
▁junction	48266
汉	48267
▁Approximately	48268
▁Governance	48269
▁honeycomb	48270
须	48271
▁Eutychus	48272
pilot	48273
▁Goshen	48274
响	48275
▁pinch	48276
▁Garr	48277
▁recess	48278
creation	48279
▁Eglon	48280
▁Ishaq	48281
▁cosmic	48282
▁dowry	48283
▁requisite	48284
Sufficient	48285
▁Clara	48286
▁Compound	48287
▁Plague	48288
▁Screensaver	48289
▁needlessly	48290
▁sausage	48291
▁zinc	48292
▁pork	48293
玻	48294
isch	48295
medical	48296
▁Enduring	48297
▁Hinnom	48298
▁Stuart	48299
▁transgresses	48300
PAL	48301
thank	48302
▁deduct	48303
▁deliveries	48304
▁slash	48305
沿	48306
wikipedia	48307
▁Scene	48308
▁cleft	48309
▁Dual	48310
▁barber	48311
4.5	48312
Split	48313
extract	48314
perhaps	48315
tribulation	48316
ஒ	48317
▁stifle	48318
贵	48319
▁UCITS	48320
逆	48321
abbing	48322
▁Elector	48323
▁intrinsic	48324
▁reapers	48325
▁Subscript	48326
June	48327
▁Processes	48328
▁blurred	48329
▁prophesies	48330
▁worsened	48331
▁Architecture	48332
▁Delilah	48333
▁malignant	48334
RATE	48335
structural	48336
▁543/2011	48337
▁Adelaide	48338
▁Silva	48339
kinson	48340
▁chord	48341
▁pronouncement	48342
Organize	48343
▁Moore	48344
▁forerunner	48345
▁inflame	48346
悔	48347
fitting	48348
ጩ	48349
▁dummy	48350
▁963-	48351
▁DURING	48352
▁Habitat	48353
▁UV	48354
▁demeaning	48355
▁indecisive	48356
naval	48357
▁Hospitality	48358
▁arsenal	48359
▁imaging	48360
▁nonessential	48361
▁recession	48362
▁unparalleled	48363
咖	48364
▁debauchery	48365
▁defiantly	48366
▁microscope	48367
邻	48368
completion	48369
ryce	48370
▁CHRON	48371
▁Denied	48372
▁chasteness	48373
▁temporal	48374
▁whirl	48375
scroll	48376
▁Earthquake	48377
▁THESE	48378
▁barbecue	48379
▁homogeneous	48380
fair	48381
▁Protected	48382
▁Stern	48383
▁Titlebar	48384
▁Frontend	48385
▁dissolution	48386
扎	48387
pipe	48388
▁BSD	48389
▁Rabi	48390
▁coastline	48391
▁temperate	48392
▁gratify	48393
▁vulgar	48394
/53/	48395
▁Acknowledge	48396
▁purgatory	48397
Learn	48398
妙	48399
Self	48400
▁intervening	48401
▁adulterer	48402
赦	48403
▁Nebraska	48404
anything	48405
▁Succoth	48406
▁disguised	48407
▁cartel	48408
asco	48409
stituting	48410
▁Interpreter	48411
夢	48412
ymptomatic	48413
▁Lund	48414
▁Trend	48415
▁clad	48416
雄	48417
Cast	48418
▁nationwide	48419
迹	48420
Institut	48421
▁uninstall	48422
Peter	48423
▁forelock	48424
▁moderator	48425
▁magnesium	48426
频	48427
▁impatience	48428
එ	48429
▁Honesty	48430
▁Minimal	48431
▁UNODC	48432
▁admitting	48433
▁mosquitoes	48434
2880	48435
▁Edgar	48436
aea	48437
▁geometric	48438
▁tasting	48439
Human	48440
▁organiser	48441
Calcutta	48442
username	48443
▁Imagin	48444
▁butterflies	48445
▁lax	48446
▁vacancies	48447
ddress	48448
▁cynical	48449
▁palate	48450
▁acquaint	48451
▁truncat	48452
払	48453
▁Campo	48454
▁snail	48455
▁apologizing	48456
▁Gaeilge	48457
▁absolve	48458
▁exemplified	48459
▁horseback	48460
▁Marry	48461
▁Pontus	48462
戲	48463
128	48464
▁LIVE	48465
▁Tatian	48466
ゼ	48467
贺	48468
often	48469
▁predominant	48470
掛	48471
July	48472
ѕ	48473
▁caffeine	48474
▁gulf	48475
running	48476
▁EUSR	48477
▁Writable	48478
▁instilled	48479
driver	48480
xtrapolate	48481
ಎ	48482
▁VCard	48483
▁wail	48484
幼	48485
諸	48486
▁Shark	48487
▁diagnose	48488
▁frivolous	48489
▁hypothesis	48490
honduras	48491
▁Calculating	48492
▁RIP	48493
▁Shine	48494
▁ministration	48495
▁OEM	48496
▁Tirzah	48497
▁Scal	48498
▁astronomy	48499
▁deputies	48500
▁mentality	48501
▁rooftop	48502
Council	48503
▁Pump	48504
▁Abihu	48505
▁Gothic	48506
▁Hook	48507
▁Philistia	48508
▁Desir	48509
expanded	48510
ometric	48511
▁Apostate	48512
▁Interaction	48513
▁meticulous	48514
money	48515
▁STATES	48516
▁Widow	48517
▁rallie	48518
	48519
▁Vitamin	48520
▁tanner	48521
▁Solidarity	48522
▁impartially	48523
	48524
ooh	48525
▁interconnection	48526
INN	48527
▁rejoin	48528
jpg	48529
▁Rah	48530
▁arithmetic	48531
▁conceptual	48532
▁matchless	48533
Habitat	48534
▁WHILE	48535
▁moor	48536
▁Ironically	48537
▁Webcam	48538
▁envied	48539
▁grandma	48540
▁mathematician	48541
诀	48542
▁Babylonia	48543
▁Spellcheck	48544
▁disciplinary	48545
▁floodwaters	48546
▁genealogi	48547
▁reciprocal	48548
Label	48549
▁Linear	48550
▁Riley	48551
▁transcript	48552
Underline	48553
▁WHICH	48554
靜	48555
spokesperson	48556
▁unpack	48557
Icelandic	48558
concern	48559
▁PARENTS	48560
Masjid	48561
▁Français	48562
▁Immoral	48563
▁eighteenth	48564
▁liberate	48565
銀	48566
RN	48567
▁feign	48568
▁resented	48569
▁Brandon	48570
▁cocktail	48571
▁Schw	48572
▁Treasury	48573
▁cobra	48574
▁mundane	48575
▁slit	48576
ː	48577
▁irrigation	48578
▁Reboot	48579
▁unsteady	48580
啡	48581
▁Pul	48582
▁proposition	48583
▁valour	48584
▁ambient	48585
▁artillery	48586
▁Willie	48587
▁LEARNED	48588
nibal	48589
▁Infant	48590
▁hike	48591
▁replicate	48592
▁Composition	48593
▁unbearable	48594
MX	48595
▁bulletin	48596
Participant	48597
butyl	48598
▁%{	48599
▁Montana	48600
septic	48601
▁Nauru	48602
▁insurrection	48603
▁treason	48604
▁vitality	48605
環	48606
vertical	48607
▁ADDRESS	48608
▁concealment	48609
▁embassy	48610
▁Galaxy	48611
▁NSA	48612
▁deforestation	48613
▁Madeira	48614
▁Saleh	48615
▁acclaim	48616
▁dignifie	48617
盘	48618
▁politely	48619
▁rug	48620
essential	48621
volume	48622
▁Wallkill	48623
▁annexes	48624
▁baking	48625
▁ensuing	48626
▁Mutual	48627
▁dagger	48628
▁delegating	48629
▁fertilizer	48630
▁irrational	48631
▁jug	48632
▁narcotic	48633
apless	48634
▁consigned	48635
▁Arnold	48636
▁exposition	48637
milk	48638
roth	48639
▁sediment	48640
▁traveller	48641
迈	48642
/2002/	48643
▁Approved	48644
▁Yukon	48645
▁waterfall	48646
▁Eternity	48647
hypno	48648
▁Communicate	48649
▁ecclesiastic	48650
▁forbearance	48651
▁unforgivable	48652
▁Strigi	48653
▁cerebr	48654
盛	48655
▁boughs	48656
▁cafeteria	48657
▁inadvertently	48658
▁provocative	48659
▁Kathy	48660
hidden	48661
∆	48662
▁Alternate	48663
▁dogmatic	48664
▁munificence	48665
▁Compensation	48666
▁Retrieve	48667
▁esc	48668
炳	48669
魯	48670
ponder	48671
▁MHz	48672
▁Vote	48673
▁quietness	48674
Field	48675
grid	48676
▁wreak	48677
▁dictated	48678
▁revocation	48679
▁Hawaiian	48680
▁Pru	48681
▁Zel	48682
▁infallible	48683
▁Catalog	48684
▁Facilitat	48685
▁Mississippi	48686
▁Torrent	48687
▁Wishlist	48688
▁−	48689
旁	48690
▁Quinn	48691
▁invocation	48692
▁squirrel	48693
▁turbine	48694
▁visibly	48695
clinical	48696
establish	48697
▁Fragment	48698
▁deficient	48699
▁Envy	48700
臣	48701
▁Bitter	48702
▁Connecticut	48703
▁Gezer	48704
▁Jairo	48705
▁Undeserv	48706
▁thoughtlessly	48707
padding	48708
‛	48709
▁disorderly	48710
▁murmurers	48711
稲	48712
▁Chase	48713
▁Folk	48714
▁Magdalena	48715
▁practicable	48716
▁skepticism	48717
▁Ariel	48718
▁Spark	48719
▁marshal	48720
Concerning	48721
▁Harrison	48722
▁degenerate	48723
▁impotent	48724
▁spotlight	48725
▁Tracy	48726
▁avenue	48727
▁circulating	48728
▁scrutinize	48729
▁Immer	48730
▁Jung	48731
▁illegitimate	48732
拯	48733
JULY	48734
▁Aperture	48735
▁Edomites	48736
▁ancestry	48737
▁subset	48738
▁Flock	48739
▁START	48740
▁craftiness	48741
▁photographic	48742
▁sandbox	48743
▁unbalanced	48744
▁verge	48745
1989	48746
Private	48747
▁ballet	48748
側	48749
3/2009	48750
Italy	48751
brook	48752
▁Medina	48753
▁Tallinn	48754
▁Wang	48755
▁intermediaries	48756
觀	48757
▁impair	48758
▁utilized	48759
養	48760
GM	48761
Shift	48762
▁ESendOptions	48763
▁Extraction	48764
▁BACK	48765
▁Propaganda	48766
▁Rita	48767
▁signified	48768
▁soothed	48769
▁Mature	48770
▁Pisidia	48771
Algiers	48772
▁DTEP	48773
▁Durban	48774
▁Guideline	48775
▁Roland	48776
▁acacia	48777
▁fend	48778
▁Literal	48779
▁Thunderbird	48780
Pop	48781
▁intimidation	48782
旧	48783
▁Brotherhood	48784
aileth	48785
▁Ponder	48786
▁mutilation	48787
▁scam	48788
▁Anathoth	48789
▁Rust	48790
▁Zimri	48791
▁terminology	48792
Phone	48793
3.5	48794
▁Designate	48795
▁fanci	48796
▁sarcastic	48797
▁stubbornly	48798
▁unveiled	48799
/54/	48800
nourished	48801
▁Appreciative	48802
▁Illegal	48803
▁Sergio	48804
▁censure	48805
▁rudder	48806
▁vernacular	48807
繁	48808
▁Mash	48809
▁Molkentin	48810
▁Supper	48811
▁ilaha	48812
▁influx	48813
▁courtroom	48814
▁gigantic	48815
▁Benjamite	48816
▁KWallet	48817
▁Nuremberg	48818
▁antenna	48819
▁freezer	48820
▁Lane	48821
▁Wolfgang	48822
▁annulled	48823
▁crumbs	48824
▁stabilise	48825
lluding	48826
▁Apocalypse	48827
▁Muse	48828
▁adulteries	48829
赖	48830
cvs	48831
▁Alien	48832
▁RAW	48833
▁sequel	48834
▁Loose	48835
壁	48836
▁Circumstances	48837
maximum	48838
▁algebra	48839
▁muddy	48840
▁Zeph	48841
	48842
▁Difficulties	48843
▁Potent	48844
▁SETimes	48845
▁Unsubscribe	48846
▁continental	48847
▁embellish	48848
▁irreversible	48849
▁mimetype	48850
▁disparities	48851
Double	48852
▁JAMES	48853
▁acknowledgment	48854
▁Driving	48855
▁Swan	48856
atvia	48857
split	48858
▁Boris	48859
▁perpetuate	48860
reserving	48861
▁THESS	48862
Tube	48863
fornication	48864
obey	48865
herze	48866
▁Rie	48867
▁Zhong	48868
脸	48869
▁impurities	48870
Resolution	48871
酸	48872
▁Nav	48873
▁Ricardo	48874
tomato	48875
▁Electrical	48876
▁Nel	48877
▁demise	48878
▁indelibl	48879
80,000	48880
Scale	48881
merlin	48882
▁Chun	48883
▁longitude	48884
▁ramp	48885
辨	48886
▁Rush	48887
ntrast	48888
▁Appropriation	48889
divisible	48890
▁NEED	48891
▁adoration	48892
▁aeons	48893
▁conserve	48894
粉	48895
▁hospitably	48896
▁royalty	48897
▁playground	48898
▁slanderous	48899
sufficiency	48900
▁Oholiab	48901
▁shod	48902
獲	48903
▁Shinar	48904
▁Spencer	48905
▁blissful	48906
3.4	48907
NFO	48908
ILLE	48909
▁Generous	48910
▁Louisiana	48911
▁Netmeeting	48912
workers	48913
▁Drawn	48914
▁microscopic	48915
衛	48916
1.6	48917
▁CHANGED	48918
▁abated	48919
▁Bézier	48920
▁intoxicated	48921
ぬ	48922
▁democrat	48923
▁Waldenses	48924
▁deplorable	48925
▁retry	48926
▁sensing	48927
Train	48928
▁Fancy	48929
▁miniature	48930
▁patriotic	48931
穌	48932
▁Burma	48933
▁Feedback	48934
▁HEALTH	48935
饭	48936
million	48937
ఎ	48938
▁Aztec	48939
▁antiretroviral	48940
Accelerator	48941
▁Aruba	48942
▁Martyr	48943
▁deflect	48944
瘋	48945
RPG	48946
VAN	48947
▁2.8	48948
▁erotic	48949
quarter	48950
▁ISDN	48951
▁Thorough	48952
▁biased	48953
▁grocery	48954
disabling	48955
▁SG	48956
▁UNCITRAL	48957
▁fried	48958
▁midwives	48959
▁utilisation	48960
sleep	48961
why	48962
▁attainable	48963
▁brutally	48964
▁Civilian	48965
▁Elephant	48966
▁trance	48967
▁Bubble	48968
▁$7	48969
▁Avatar	48970
▁fourscore	48971
▁implore	48972
欣	48973
staff	48974
thumb	48975
▁Arrest	48976
/2001/	48977
▁Proceed	48978
▁gaming	48979
QWeb	48980
policy	48981
▁distraught	48982
框	48983
▁Hellfire	48984
▁ROUTE	48985
▁lush	48986
▁Nano	48987
▁sexuality	48988
爵	48989
category	48990
▁columnist	48991
稍	48992
Render	48993
confidence	48994
▁Doubt	48995
▁Hurricane	48996
▁Impressed	48997
▁Blair	48998
▁Brick	48999
▁Calibration	49000
▁Jodi	49001
▁Graz	49002
▁Münster	49003
▁Subsection	49004
▁Cristina	49005
▁Publication	49006
▁occupies	49007
▁proprietary	49008
盡	49009
ዔ	49010
▁Separation	49011
▁unsuitable	49012
Such	49013
stroke	49014
▁(1998)	49015
▁breathtaking	49016
▁degrade	49017
▁emerald	49018
▁hallmark	49019
▁Crusade	49020
▁hydroxide	49021
cetaxel	49022
clement	49023
▁redundant	49024
荣	49025
/48/	49026
▁Diversity	49027
▁waive	49028
▁Akregator	49029
▁Dismiss	49030
0.2	49031
[13]	49032
▁Parkinson	49033
▁aerodrome	49034
▁beautifie	49035
backup	49036
possibly	49037
▁anchored	49038
loyal	49039
ዷ	49040
▁Copie	49041
▁Husband	49042
▁evade	49043
▁fodder	49044
▁irresistible	49045
▁sparrow	49046
赢	49047
cutaneous	49048
▁Perga	49049
▁advertisers	49050
population	49051
囲	49052
▁ignite	49053
Media	49054
plenty	49055
▁EFSA	49056
▁Siloam	49057
▁chapel	49058
▁granddaughter	49059
▁recitation	49060
▁unfavorable	49061
▁2002-2003	49062
▁Exalt	49063
▁Grenada	49064
▁Transaction	49065
▁bzip	49066
▁broom	49067
▁dries	49068
▁extermination	49069
▁reincarnation	49070
▁Enemy	49071
▁torque	49072
nier	49073
▁WELL	49074
▁moan	49075
▁quickeneth	49076
▁unloaded	49077
▁xml	49078
▁Ibn	49079
▁Neighbourhood	49080
▁brushes	49081
▁prioritiz	49082
ontact	49083
practice	49084
▁Chester	49085
▁MRLs	49086
▁Parameter	49087
▁distillation	49088
▁incurable	49089
宿	49090
▁Acceptable	49091
▁ICAO	49092
▁engraving	49093
▁untimely	49094
/87/	49095
▁Potential	49096
▁Faculty	49097
▁messaging	49098
▁pessimistic	49099
▁Dæmon	49100
▁Fallback	49101
▁Gileadite	49102
▁Outcome	49103
▁regression	49104
▁temperament	49105
▁thwarted	49106
▁guerrilla	49107
▁tease	49108
capacity	49109
latter	49110
▁Dylan	49111
▁Lorraine	49112
▁Witch	49113
姑	49114
Destination	49115
Egypt	49116
ឫ	49117
▁João	49118
▁MPlayer	49119
▁larva	49120
evolution	49121
▁Monochrome	49122
▁transpose	49123
▁̊	49124
ㄇ	49125
▁Leslie	49126
▁dusk	49127
▁impurity	49128
▁Artwork	49129
▁Bounce	49130
▁abnormally	49131
▁minimized	49132
▁STOR	49133
Really	49134
Until	49135
saints	49136
▁Trophimus	49137
▁propound	49138
Pass	49139
▁Niko	49140
▁groundwork	49141
▁unearthed	49142
commit	49143
official	49144
鵝	49145
▁Leipzig	49146
▁Sharpen	49147
▁Skopje	49148
▁carbonate	49149
▁pressur	49150
April	49151
Perhaps	49152
experience	49153
▁Taxes	49154
▁reconstituted	49155
▁relocation	49156
黨	49157
August	49158
▁blueprint	49159
▁plateau	49160
୧	49161
▁serenity	49162
▁sparkling	49163
▁dazzling	49164
▁paternal	49165
贾	49166
▁Ahimelech	49167
▁Josef	49168
▁Warren	49169
▁parrot	49170
▁punishable	49171
dermal	49172
ovsk	49173
▁jasper	49174
▁pastoral	49175
Luc	49176
outermost	49177
▁MAKE	49178
▁TEST	49179
▁bewildered	49180
employment	49181
▁Uzzah	49182
▁dismay	49183
Execute	49184
ocular	49185
Ę	49186
▁smartcard	49187
▁venom	49188
薬	49189
▁meddle	49190
▁tutorial	49191
ranging	49192
schedule	49193
▁pitiful	49194
▁unbreakable	49195
▁ARCHIVES	49196
▁Resistance	49197
▁Schroeder	49198
▁dutiful	49199
▁invigorate	49200
▁reputable	49201
GUE	49202
omycin	49203
▁Encoder	49204
▁Glorified	49205
▁Reinstall	49206
▁hallway	49207
▁Sickness	49208
▁epilepsy	49209
▁lovingkindness	49210
逼	49211
▁Adriatic	49212
▁Healing	49213
▁Logical	49214
▁aluminum	49215
▁infrared	49216
▁Detection	49217
▁Kannada	49218
▁limestone	49219
〔	49220
艺	49221
microbial	49222
▁Genetic	49223
▁pounce	49224
Africa	49225
honor	49226
໋	49227
▁UPS	49228
▁contaminat	49229
▁hundredfold	49230
▁Replies	49231
▁impersonal	49232
/82	49233
▁Reversi	49234
▁TITLE	49235
▁aptitude	49236
▁hexadecimal	49237
▁sinneth	49238
▁unfinished	49239
喀	49240
樹	49241
Hebrew	49242
▁diffuse	49243
clave	49244
declared	49245
referred	49246
▁Triple	49247
▁insurmountable	49248
▁misconception	49249
▁CLOSE	49250
▁commemorat	49251
▁slapped	49252
GPG	49253
▁Bedouin	49254
▁delicacies	49255
▁lukewarm	49256
ESA	49257
laudable	49258
▁Auschwitz	49259
▁criticizing	49260
Raise	49261
▁Hamilton	49262
▁Trafficking	49263
▁contraception	49264
▁unwillingly	49265
Computer	49266
▁Burton	49267
▁grenade	49268
仄	49269
▁Phoebe	49270
Current	49271
▁Bluff	49272
▁Kru	49273
▁Therapy	49274
▁ripping	49275
verride	49276
▁decompress	49277
▁ether	49278
▁suffix	49279
▁Amminadab	49280
▁Obligation	49281
▁Strengthened	49282
▁depiction	49283
▁recognis	49284
▁sensational	49285
agent	49286
▁recompence	49287
哭	49288
éj	49289
▁Silvanus	49290
Diode	49291
▁abdomen	49292
▁betting	49293
/68/	49294
stemming	49295
married	49296
▁Logically	49297
▁Truncate	49298
▁Supplementary	49299
▁foreshadow	49300
▁hugged	49301
crystalline	49302
divided	49303
helper	49304
▁APPEAR	49305
▁Harper	49306
▁WATCH	49307
▁Nikola	49308
▁Enhancement	49309
▁mapped	49310
▁Gaz	49311
▁Tabloid	49312
▁heresy	49313
▁pouch	49314
陶	49315
▁scout	49316
Gamma	49317
Annex	49318
▁Dag	49319
▁Seraiah	49320
▁Slider	49321
▁hurdle	49322
Brazil	49323
laughter	49324
▁pamphlet	49325
▁Calculation	49326
▁Illness	49327
▁Miletus	49328
▁crouch	49329
▁scanned	49330
▁shortsighted	49331
递	49332
regulation	49333
▁Dodge	49334
▁Hatred	49335
▁heartbeat	49336
顯	49337
▁$20	49338
▁STORE	49339
▁acetate	49340
▁principalities	49341
▁allergy	49342
▁brocade	49343
UNI	49344
▁picnic	49345
▁Deletion	49346
▁Kolab	49347
▁Malayalam	49348
▁fortresses	49349
検	49350
▁Dispute	49351
▁illustrating	49352
▁sarcasm	49353
Deaden	49354
▁Screw	49355
▁flex	49356
▁ingenuity	49357
▁soothsayer	49358
Tree	49359
marriage	49360
▁appalling	49361
ヴ	49362
neither	49363
observe	49364
truth	49365
▁Forecast	49366
▁Harmony	49367
▁abducted	49368
▁illiteracy	49369
▁Monterrey	49370
▁Passenger	49371
▁conciliation	49372
▁drainage	49373
▁Temptation	49374
▁emigrants	49375
▁Instruction	49376
▁Singleness	49377
▁bloodstream	49378
刷	49379
▁Allocation	49380
▁Weakness	49381
▁shyness	49382
▁Jihlava	49383
▁PRAY	49384
▁catalyst	49385
▁repatriation	49386
/2005/	49387
▁GID	49388
peru	49389
Consider	49390
▁Argentine	49391
▁Koenig	49392
▁Nethaniah	49393
▁conven	49394
▁movable	49395
folk	49396
▁economist	49397
gift	49398
′′	49399
▁Excess	49400
▁Expositor	49401
▁HotSync	49402
▁Hugo	49403
舉	49404
mention	49405
Proposed	49406
▁bamboo	49407
▁prune	49408
▁unreliable	49409
館	49410
▁Dwayne	49411
▁inkhorn	49412
▁oblation	49413
together	49414
▁Cartridge	49415
▁Shun	49416
▁rodent	49417
▁stash	49418
韩	49419
POP	49420
▁Rimmon	49421
▁Webster	49422
琳	49423
▁Enjoyable	49424
▁Confi	49425
▁Hanan	49426
▁BAT	49427
▁Garcia	49428
▁faraway	49429
藝	49430
▁bodyguard	49431
慮	49432
Property	49433
▁Racing	49434
▁ripen	49435
▁stagger	49436
▁elastic	49437
▁shunned	49438
▁Petra	49439
▁Playback	49440
▁maximise	49441
▁zebra	49442
Template	49443
▁foment	49444
▁stimulus	49445
Applet	49446
Mohammed	49447
▁Blvd	49448
▁negligible	49449
▁ESF	49450
▁ancestress	49451
▁desertification	49452
▁foresight	49453
▁schoolwork	49454
established	49455
70,000	49456
resistant	49457
▁partaker	49458
李	49459
eteorological	49460
▁Moroccan	49461
▁interdependence	49462
committee	49463
▁1908	49464
▁Penn	49465
▁REPUBLIC	49466
▁radiate	49467
▁spann	49468
▁Eager	49469
hypersensitivity	49470
▁Zach	49471
▁deportation	49472
▁dropdown	49473
▁rhino	49474
▁✔	49475
KOI	49476
▁Profit	49477
0,00	49478
Random	49479
zimbabwe	49480
Gabriel	49481
▁Erika	49482
▁autocompletion	49483
毀	49484
Smart	49485
▁purport	49486
▁Reclin	49487
▁abandonment	49488
殿	49489
nigh	49490
▁Census	49491
▁IPTC	49492
	49493
Daughter	49494
▁Hallow	49495
▁optimize	49496
豪	49497
Subject	49498
bulgaria	49499
巡	49500
▁Jehoiachin	49501
矿	49502
蹤	49503
▁Rectangle	49504
▁sentimental	49505
mobili	49506
▁Cassette	49507
▁bereavement	49508
▁unification	49509
▁Rail	49510
▁encode	49511
▁pursuan	49512
Sync	49513
▁Tagalog	49514
▁aglow	49515
▁charcoal	49516
FU	49517
▁Outgoing	49518
▁SASL	49519
▁stimulation	49520
wrong	49521
▁Lecture	49522
1.25	49523
▁Nash	49524
▁assembling	49525
Arab	49526
▁marathon	49527
秈	49528
▁Mitch	49529
▁contrite	49530
▁embalm	49531
▁Ricky	49532
▁schism	49533
颁	49534
domestic	49535
▁$8	49536
▁Cambodian	49537
▁Praetorian	49538
▁arteries	49539
organic	49540
tebasket	49541
▁Composite	49542
▁Lena	49543
▁gnat	49544
▁Shinto	49545
▁fireworks	49546
December	49547
▁Observation	49548
▁Shield	49549
built	49550
▁Alberto	49551
▁metafile	49552
Junk	49553
▁Esf	49554
▁confidant	49555
▁confiscation	49556
▁Champion	49557
▁explanatory	49558
▁grumble	49559
(8)	49560
/2007/	49561
opscotch	49562
▁Zurich	49563
▁Postscript	49564
▁alcoholism	49565
▁lesions	49566
▁Debugging	49567
▁Rwandan	49568
science	49569
▁pelt	49570
▁Monsieur	49571
▁sanctioned	49572
▁surpass	49573
✔	49574
Reuters	49575
sectoral	49576
▁95%	49577
▁Balsa	49578
▁Beneficial	49579
▁Combining	49580
▁Dakar	49581
層	49582
Owner	49583
▁militant	49584
▁moron	49585
炮	49586
▁Damon	49587
▁Rafael	49588
▁globalisation	49589
龍	49590
Women	49591
▁abduction	49592
▁alienation	49593
▁crab	49594
	49595
▁foxes	49596
▁relocated	49597
Distance	49598
▁Reliable	49599
▁contingency	49600
▁Bani	49601
姻	49602
1987	49603
Due	49604
▁biennial	49605
▁Inheritance	49606
▁Terrace	49607
▁paralyze	49608
▁Prophethood	49609
▁overconfident	49610
QIBase	49611
▁loathsome	49612
600,000	49613
OLOGICAL	49614
▁apprenticeship	49615
▁tagged	49616
▁cafe	49617
▁ravages	49618
▁DEATH	49619
▁Legislation	49620
▁Imperfect	49621
▁Ryanair	49622
▁Validity	49623
activated	49624
sitting	49625
▁Negotiat	49626
悉	49627
捨	49628
▁Cease	49629
▁Classical	49630
▁SECTION	49631
▁analys	49632
▁ranch	49633
洞	49634
Ҟ	49635
▁Quake	49636
▁revitaliz	49637
▁Disabilities	49638
▁Storrs	49639
▁yelled	49640
黄	49641
▁Municipality	49642
▁draught	49643
Garden	49644
issile	49645
▁implication	49646
▁mpeg	49647
▁volcanoes	49648
酌	49649
▁Hyperbol	49650
▁TEACH	49651
▁Peacebuilding	49652
▁landowner	49653
autodetect	49654
developed	49655
ová	49656
▁Bathroom	49657
▁dignify	49658
▁Heather	49659
▁Percy	49660
▁Wipe	49661
▁XMMS	49662
▁wallow	49663
▁Stopping	49664
▁sniff	49665
echnological	49666
▁Requirement	49667
▁allege	49668
▁configur	49669
▁stockpile	49670
▁voucher	49671
▁ominous	49672
圈	49673
▁Tokelau	49674
▁Yama	49675
▁bladder	49676
energy	49677
▁parenthood	49678
▁(2005)	49679
▁Gerald	49680
▁Merging	49681
▁multiplication	49682
BOX	49683
Lazarus	49684
▁Bernice	49685
▁beautify	49686
▁jazz	49687
漫	49688
▁REGARD	49689
▁chorus	49690
▁stablish	49691
盒	49692
Financial	49693
approved	49694
existent	49695
indeed	49696
▁abhorred	49697
▁antibiotic	49698
▁gnash	49699
▁randomised	49700
personal	49701
▁PulseAudio	49702
▁Seigo	49703
▁briefcase	49704
▁Polar	49705
▁ingrained	49706
▁revival	49707
▁Economist	49708
▁plenteous	49709
▁stylish	49710
▁trimmed	49711
▁unresolved	49712
俱	49713
呆	49714
脫	49715
▁polio	49716
▁shiver	49717
▁QUESTION	49718
▁Phrygia	49719
▁Tahitian	49720
▁Interpretation	49721
▁bustling	49722
▁failsafe	49723
▁niche	49724
Kill	49725
recommend	49726
▁02110-1301	49727
▁Alexandr	49728
▁clashes	49729
▁distressful	49730
▁accelerating	49731
▁bachelor	49732
above	49733
▁MAC	49734
▁Minsk	49735
▁meanwhile	49736
Enjoy	49737
▁fleece	49738
▁Español	49739
▁understandably	49740
▁Amram	49741
▁Realistically	49742
▁merging	49743
宙	49744
processor	49745
▁Bullet	49746
▁logistical	49747
▁Compressed	49748
▁underwear	49749
Attach	49750
▁Flesh	49751
▁lb	49752
▁trickery	49753
▁Benedict	49754
▁Memorandum	49755
▁fortifie	49756
▁hailstones	49757
▁polytheism	49758
▁precondition	49759
▁vocation	49760
php	49761
▁hospitalized	49762
▁Bavaria	49763
螢	49764
October	49765
everything	49766
菌	49767
▁italic	49768
跡	49769
alpha	49770
▁backpack	49771
Timezone	49772
(9)	49773
plug	49774
▁Matches	49775
▁atheism	49776
淫	49777
▁Bodies	49778
▁Infection	49779
▁vanquished	49780
forward	49781
▁Dagon	49782
▁Antoine	49783
▁Carriage	49784
▁upheaval	49785
▁Elishama	49786
▁convocation	49787
▁decorative	49788
▁depressing	49789
▁doorpost	49790
▁shaving	49791
転	49792
metacity	49793
▁fascination	49794
▁Curtis	49795
▁Dirk	49796
▁Needless	49797
ဍ	49798
▁honeymoon	49799
▁obscur	49800
▁steak	49801
▁Barney	49802
▁LAST	49803
幻	49804
Sighs	49805
Thread	49806
▁onslaught	49807
▁Clari	49808
▁delimiter	49809
▁gourd	49810
▁propriety	49811
▁shareholder	49812
▁clipping	49813
	49814
DCP	49815
Launch	49816
▁Violent	49817
▁furnishes	49818
▁YES	49819
▁beacon	49820
▁forewarned	49821
▁neglectful	49822
▁Abode	49823
▁Hitoshi	49824
▁cdrdao	49825
▁curl	49826
gold	49827
▁excreted	49828
▁outlining	49829
Graph	49830
erritorial	49831
▁waiver	49832
EMEA	49833
▁Cheri	49834
▁hopelessness	49835
▁tyranny	49836
▁Discount	49837
▁ACCOUNT	49838
▁Gonn	49839
▁Static	49840
▁revisit	49841
詢	49842
finger	49843
▁loathe	49844
▁vulture	49845
NTSC	49846
udu	49847
▁EPH	49848
▁Hangul	49849
▁VIP	49850
Chairman	49851
wayne	49852
▁Accomplish	49853
▁automotive	49854
BSD	49855
▁Sammy	49856
▁Torment	49857
▁acoustic	49858
during	49859
readable	49860
▁exhaustive	49861
▁insightful	49862
album	49863
▁cork	49864
Touch	49865
criminal	49866
▁infiltrate	49867
turkey	49868
▁Spray	49869
▁python	49870
commercial	49871
company	49872
▁fortitude	49873
▁Reubenites	49874
▁diversified	49875
▁garb	49876
▁FACT	49877
▁HIM	49878
▁Removable	49879
▁outnumbered	49880
▁repose	49881
000000	49882
▁Specifically	49883
評	49884
Prophesy	49885
[4]	49886
俩	49887
柬	49888
▁Phrase	49889
▁coerce	49890
▁dregs	49891
▁premiere	49892
olecular	49893
▁proactive	49894
buy	49895
oxetine	49896
▁consecration	49897
▁Maxine	49898
Kiribati	49899
▁Castro	49900
▁Rice	49901
▁reprehensible	49902
▁suffixes	49903
below	49904
ontinue	49905
▁sublime	49906
▁wavelength	49907
甸	49908
ASCII	49909
azakhstan	49910
departments	49911
▁Foretell	49912
▁Theophilus	49913
▁planks	49914
	49915
GP	49916
▁Prosecution	49917
▁Tribulation	49918
▁observable	49919
▁perch	49920
▁vestige	49921
urgical	49922
▁amenities	49923
Amendment	49924
Saint	49925
▁headlamp	49926
▁insistence	49927
centralized	49928
▁polished	49929
Loader	49930
甜	49931
▁Acquainted	49932
▁Institutional	49933
▁pavement	49934
▁repositories	49935
assar	49936
▁affinity	49937
▁belligerent	49938
▁regrettable	49939
►	49940
▁Carpet	49941
▁Meyer	49942
▁vex	49943
缴	49944
▁necessitate	49945
JHA	49946
▁populous	49947
牢	49948
whatever	49949
▁Jethro	49950
▁Zakat	49951
▁disposable	49952
湖	49953
▁grandeur	49954
▁painstaking	49955
剪	49956
Grand	49957
artist	49958
▁Luxur	49959
▁Tradition	49960
▁abc	49961
▁ethic	49962
▁WANT	49963
▁migratory	49964
Character	49965
▁Gcalctool	49966
▁Libnah	49967
▁Punta	49968
寨	49969
韦	49970
▁Prospect	49971
辞	49972
▁customarily	49973
▁investigati	49974
▁societal	49975
PID	49976
prayer	49977
uthenticate	49978
ዣ	49979
▁Nevada	49980
▁colonel	49981
▁Sumatra	49982
▁bulwark	49983
擬	49984
Process	49985
▁envisage	49986
屿	49987
Government	49988
▁Beersheba	49989
▁Racism	49990
▁Uniform	49991
▁(1999)	49992
▁Compatible	49993
▁Freeze	49994
▁Kyrgyz	49995
▁pharmacy	49996
Chuckles	49997
everyone	49998
sourcing	49999
▁REVELATION	50000
។	50001
▁Foremost	50002
▁Nikolai	50003
▁Patmos	50004
▁abnormalities	50005
▁roadside	50006
▁1999/468	50007
▁congregate	50008
."'"	50009
National	50010
▁ribbon	50011
▁forevermore	50012
▁penetrating	50013
▁Marti	50014
▁buoy	50015
▁polluting	50016
1.0	50017
AKE	50018
Persevere	50019
▁Synchronize	50020
▁cinnamon	50021
▁Precision	50022
売	50023
砆	50024
骗	50025
radio	50026
▁Detroit	50027
▁hyssop	50028
囚	50029
140	50030
citabine	50031
隐	50032
▁caterpillar	50033
filename	50034
{0}	50035
▁Odessa	50036
▁academy	50037
▁brilliance	50038
▁hungred	50039
▁rue	50040
Accessibility	50041
arj	50042
▁Drift	50043
▁Eugene	50044
▁FDI	50045
▁multiplier	50046
▁Elliot	50047
▁Singh	50048
▁asbestos	50049
▁equator	50050
▁feedingstuffs	50051
▁grafted	50052
▁Mention	50053
▁Wisconsin	50054
▁Bonnie	50055
▁Conrad	50056
▁Hunger	50057
▁concurrent	50058
▁NIS	50059
▁entrap	50060
▁stratagem	50061
	50062
ഢ	50063
▁privily	50064
▁puppy	50065
▁Examination	50066
▸	50067
绑	50068
sulfa	50069
▁Blake	50070
▁soaked	50071
▁AUSTRALIA	50072
▁ingenious	50073
埔	50074
▁clamor	50075
▁Colonial	50076
▁Narcotic	50077
▁Striptease	50078
▁carcass	50079
胸	50080
CEPT	50081
January	50082
▁Lije	50083
▁synthesize	50084
Overwrite	50085
▁ostrich	50086
▁reflex	50087
▁Laurel	50088
▁Shotwell	50089
▁reconstitution	50090
	50091
▁POWER	50092
▁controversies	50093
▁minefield	50094
french	50095
▁Cesar	50096
▁Restoring	50097
▁cohort	50098
▁Courtesy	50099
▁advis	50100
▁sucrose	50101
吓	50102
▁Hanna	50103
▁Oregon	50104
indonesia	50105
▁Brenda	50106
▁GBP	50107
▁durability	50108
▁enticing	50109
▁eyeball	50110
▁Navajo	50111
punishment	50112
▁enchantment	50113
persuaded	50114
乳	50115
Original	50116
▁overriding	50117
▁wreath	50118
▁Personality	50119
▁Secular	50120
▁messiah	50121
calculate	50122
▁THOSE	50123
▁impure	50124
▁Magedon	50125
腿	50126
▁Amazonas	50127
倆	50128
▁bewail	50129
▁navigating	50130
▁benches	50131
▁staunch	50132
玡	50133
▁Mandarin	50134
▁secondhand	50135
▁Visualisation	50136
▁checkpoint	50137
utonomous	50138
▁commenc	50139
▁Glossary	50140
▁exacerbate	50141
▁nightclub	50142
▁uppercase	50143
chamber	50144
盿	50145
▁Demonstrat	50146
▁returnees	50147
Imran	50148
Nicosia	50149
▁Arkansas	50150
▁Concept	50151
▁delta	50152
▁industriousness	50153
▁unrecognized	50154
▁doorbell	50155
▁dubb	50156
▁Chocolate	50157
▁Jonadab	50158
▁Katrina	50159
▁rationalize	50160
tube	50161
▁Maastricht	50162
throat	50163
▁Esperanto	50164
FIX	50165
administered	50166
either	50167
savory	50168
▁tranship	50169
▁tremor	50170
胎	50171
equal	50172
←	50173
▁Admiral	50174
▁Assemble	50175
▁immobil	50176
▁JAS	50177
▁recurrent	50178
川	50179
摄	50180
▁Circular	50181
▁WONDERED	50182
▁participatory	50183
胜	50184
ឪ	50185
▁Breast	50186
▁Opponent	50187
▁problematic	50188
▁unmistakable	50189
Certificate	50190
▁STATEMENT	50191
▁Timestamp	50192
Blazing	50193
▁organising	50194
▁sapphire	50195
▁Mauricio	50196
▁Rak	50197
▁affirmative	50198
▁practitioner	50199
DENT	50200
▁Lagos	50201
▁Rican	50202
▁foreknow	50203
▁Murphy	50204
▁fillets	50205
▁redeploy	50206
▁Uzziel	50207
▁efavirenz	50208
▁hiker	50209
▁Bennett	50210
▁Buzz	50211
▁Transition	50212
▁interfaith	50213
▁terrific	50214
▁yonder	50215
obbing	50216
▁Federico	50217
▁Moderate	50218
▁Zebra	50219
▁alphabetical	50220
▁enslave	50221
赋	50222
voluntary	50223
▁Grief	50224
偽	50225
努	50226
龙	50227
temporary	50228
Ireland	50229
▁FRONT	50230
▁Heinrich	50231
▁coronary	50232
匙	50233
Fast	50234
▁Discern	50235
▁Klondike	50236
▁Outbox	50237
▁WebKit	50238
▁modernisation	50239
▁proprietor	50240
▁1473	50241
▁Achieve	50242
▁cognitive	50243
汽	50244
Haram	50245
smoking	50246
▁Japheth	50247
▁nineteenth	50248
ኴ	50249
ጲ	50250
▁Thirteen	50251
▁prerogative	50252
▁thunderstorm	50253
ammonium	50254
▁DRAW	50255
▁TEENAGERS	50256
▁saliva	50257
剂	50258
Method	50259
▁carcinogenic	50260
▁handicap	50261
▁traffickers	50262
▁Brett	50263
▁Concert	50264
▁accomplice	50265
▁deterrent	50266
▁doorkeeper	50267
▁enquiry	50268
▁leu	50269
▁mommy	50270
ACTIVE	50271
November	50272
▁Pfeiffer	50273
▁somethin	50274
▁unsettled	50275
stigated	50276
▁Asylum	50277
▁caretaker	50278
▁stutter	50279
▁Harun	50280
▁epoch	50281
	50282
▁Humbly	50283
▁grin	50284
▁Gaeltacht	50285
▁Scenario	50286
▁Vantaa	50287
▁lantern	50288
Mushrikun	50289
▁Chil	50290
▁FIND	50291
▁recombinant	50292
蘇	50293
▁relish	50294
▁rescuing	50295
▁stubbornness	50296
尿	50297
▁Almeida	50298
▁Firebird	50299
▁Keilah	50300
▁NetworkManager	50301
▁Rack	50302
▁Shock	50303
▁amulet	50304
100,000	50305
▁Maacah	50306
▁Meaningful	50307
▁cellulose	50308
▁dialysis	50309
▁imaginable	50310
▁reprieved	50311
▁stationary	50312
懲	50313
毎	50314
鼠	50315
different	50316
▁500,000	50317
▁Pavel	50318
▁plough	50319
Under	50320
▁(2003)	50321
▁Concord	50322
Hanoi	50323
Persian	50324
▁Crane	50325
樓	50326
glorious	50327
▁Basket	50328
Friend	50329
▁java	50330
▁odour	50331
Level	50332
▁arbitrator	50333
benefit	50334
▁wineskins	50335
凶	50336
▁flint	50337
▁Clue	50338
▁perversion	50339
Riyadh	50340
rope	50341
▁Asahel	50342
▁Coca	50343
▁Kimberly	50344
▁Mercury	50345
▁chimney	50346
▁divorcing	50347
▁meekest	50348
▁semester	50349
▁shudder	50350
network	50351
▁Legacy	50352
▁Surgery	50353
▁Wilhelm	50354
腹	50355
positive	50356
▁Strict	50357
▁Vilnius	50358
angola	50359
▁Oslo	50360
頓	50361
mplified	50362
慰	50363
▁Vista	50364
▁aggravated	50365
▁mammal	50366
Husbands	50367
▁Clinton	50368
▁Convinced	50369
▁excruciating	50370
▁suitability	50371
▁tv	50372
▁stabilizing	50373
ඌ	50374
▁Kirjath	50375
▁Barbie	50376
▁clutches	50377
▁synonym	50378
▁CALL	50379
▁Caucasus	50380
▁Squeak	50381
uxembourg	50382
▁Cream	50383
▁compulsive	50384
▁Lunch	50385
▁MEMBER	50386
▁Ziklag	50387
/2008/	50388
▁DTMF	50389
疫	50390
stitute	50391
Ћ	50392
▁Bog	50393
▁apologies	50394
▁heinous	50395
▁Radical	50396
▁buffalo	50397
▁shotgun	50398
恋	50399
▁Particular	50400
▁curricula	50401
▁Clarence	50402
▁Consolation	50403
▁dismantle	50404
▁slothful	50405
▁nectar	50406
▁tillage	50407
▁Cluster	50408
▁1.3.1	50409
▁emphatically	50410
▁Authentic	50411
▁Vicky	50412
▁raft	50413
▁Migrant	50414
▁Ophir	50415
▁Reservation	50416
▁highlands	50417
linux	50418
▁Duncan	50419
▁Socrates	50420
▁adjure	50421
観	50422
▁audible	50423
▁extort	50424
▁flask	50425
▁pronouncing	50426
恵	50427
▁Hassan	50428
▁PACKAGING	50429
▁appliance	50430
▁mobilise	50431
▁precept	50432
愚	50433
Header	50434
MacRoman	50435
▁inexcusable	50436
纸	50437
▁Cyber	50438
▁Filipino	50439
▁Grenadines	50440
Variant	50441
▁Clone	50442
▁Patent	50443
▁Testimony	50444
▁despicable	50445
▁prostate	50446
▁Mohammad	50447
▁balm	50448
▁laziness	50449
▁telegraph	50450
Child	50451
lzh	50452
▁cowboy	50453
▁graft	50454
▁mischievous	50455
▁precipitation	50456
environment	50457
genesis	50458
▁cozy	50459
▁flattery	50460
▁slipping	50461
▁Climax	50462
▁Methodist	50463
▁reclaim	50464
撰	50465
housands	50466
▁Ought	50467
▁fermentation	50468
Warn	50469
output	50470
▁Antopolski	50471
▁PARLIAMENT	50472
▁originator	50473
洁	50474
Feed	50475
Program	50476
▁crieth	50477
▁obstruction	50478
▁Laodicean	50479
▁Serena	50480
▁Telegraph	50481
▁annoyance	50482
灰	50483
1200	50484
itta	50485
▁icy	50486
絲	50487
▁EARTH	50488
▁Encouraging	50489
俗	50490
5-0	50491
promise	50492
▁Debbie	50493
▁kindergarten	50494
▁pinnacle	50495
ឬ	50496
▁Appear	50497
▁Monkey	50498
▁excellenc	50499
▁fertiliser	50500
▁woeful	50501
Intense	50502
▁Madison	50503
▁Trinitarian	50504
Walk	50505
▁Resid	50506
▁Router	50507
扭	50508
锁	50509
▁Emilia	50510
▁aggressor	50511
树	50512
	50513
STAR	50514
▁Frozen	50515
▁epitom	50516
▁recede	50517
▁Damage	50518
▁erythr	50519
▁grope	50520
▁irbesartan	50521
▁roadblock	50522
poor	50523
▁SCSI	50524
▁dominance	50525
▁drowsy	50526
誠	50527
▁Suicide	50528
▁misdirected	50529
▁proficiency	50530
垂	50531
▁Meroz	50532
▁Johan	50533
▁misus	50534
▁operand	50535
董	50536
▁COLOR	50537
▁Serpent	50538
▁Seattle	50539
▁Vocabulary	50540
▁Gnostic	50541
	50542
Terrorism	50543
▁foreseeable	50544
▁resembl	50545
诚	50546
xecute	50547
▁jihad	50548
▁linkages	50549
▁retailers	50550
▁Admit	50551
▁Gertrud	50552
Resister	50553
blank	50554
▁paralysis	50555
▁unchangeable	50556
▁Chicken	50557
較	50558
▁Neuro	50559
▁Viktor	50560
▁galleries	50561
▁Ammonite	50562
▁RELAT	50563
▁hallucination	50564
▁samba	50565
▁ancestral	50566
▁replica	50567
▁slut	50568
▁Persis	50569
▁standalone	50570
▁EFFECT	50571
▁MC	50572
▁Thessalonian	50573
▁teem	50574
DATE	50575
▁dishwasher	50576
添	50577
▁AFRICA	50578
撞	50579
砍	50580
▁fancies	50581
氧	50582
degree	50583
dimethyl	50584
▁Fuji	50585
▁hoist	50586
恤	50587
舒	50588
▁Magnatune	50589
▁Pekah	50590
▁repercussions	50591
serif	50592
▁nomadic	50593
▁summarise	50594
▁Outstanding	50595
▁kinsfolk	50596
▁Espoo	50597
▁Expansion	50598
▁Sylvia	50599
▁Campbell	50600
▁reprobate	50601
▁allergies	50602
♦	50603
窥	50604
Rangoon	50605
▁Complain	50606
▁enforcing	50607
▁inquiring	50608
▁Cathy	50609
▁captors	50610
▁receptacle	50611
继	50612
tatistics	50613
▁ESCB	50614
▁microbes	50615
▁ploy	50616
ecent	50617
▁Fourteen	50618
▁enact	50619
懷	50620
September	50621
▁Persistent	50622
▁UNMIK	50623
▁arduous	50624
▁Fond	50625
▁Passport	50626
▁Welcoming	50627
▁babble	50628
▁rectitude	50629
煩	50630
[14]	50631
ransnational	50632
▁Condemn	50633
▁Nahshon	50634
▁unassigned	50635
▁unencrypted	50636
携	50637
▁MARRIAGE	50638
▁sclerosis	50639
▁avocado	50640
铁	50641
monitor	50642
odious	50643
▁Determination	50644
▁Retribution	50645
▁unspecified	50646
Perfect	50647
▁toxins	50648
▁Metropolitan	50649
▁crossroads	50650
▁TAIL	50651
釋	50652
basic	50653
trouble	50654
▁Damaris	50655
▁Syr	50656
滥	50657
▁Planner	50658
奸	50659
▁Schmidt	50660
▁Sprout	50661
▁bracelet	50662
▁leakage	50663
daemon	50664
▁Philippine	50665
Elijah	50666
Eritrean	50667
HP	50668
HRC	50669
▁Mickey	50670
▁Thanksgiving	50671
▁admissible	50672
▁prophethood	50673
▁JOINT	50674
▁Giuseppe	50675
▁motionless	50676
Law	50677
udded	50678
▁Extend	50679
▁longitudinal	50680
▁Manfred	50681
▁MEETING	50682
▁Nutrition	50683
▁oedema	50684
録	50685
▁USSR	50686
▁Wright	50687
氹	50688
nfermented	50689
xalign	50690
▁Compute	50691
▁repulsive	50692
MODULE	50693
▁Kobe	50694
▁augment	50695
▁meddling	50696
Govern	50697
▁plummet	50698
communication	50699
1⁄2	50700
▁Capable	50701
▁Olaf	50702
▁unwary	50703
拠	50704
Eastern	50705
▁Arabah	50706
▁equivalence	50707
▁SIZE	50708
▁antialiasing	50709
evich	50710
▁Microweave	50711
▁Outdoor	50712
▁pronoun	50713
▁propulsion	50714
▁trousers	50715
▁DIRECTIVE	50716
▁Decapolis	50717
▁Niue	50718
▁calumny	50719
▁cherry	50720
▁refract	50721
▁Vessel	50722
▁seamless	50723
Tiempo	50724
▁Renaissance	50725
▁UNOPS	50726
▁chemist	50727
趕	50728
/49/	50729
Better	50730
▁Ethnic	50731
▁Nebuchadrezzar	50732
▁Strait	50733
▁deviating	50734
▁expiation	50735
▁synchronise	50736
▁gymnast	50737
▁liberties	50738
/52/	50739
▁barricade	50740
▁gnaw	50741
▁stamina	50742
▁Blame	50743
▁synonymous	50744
download	50745
▁VIEW	50746
▁WORLDWIDE	50747
elecommunication	50748
korea	50749
▁Salome	50750
▁Pliny	50751
▁nugget	50752
▁parole	50753
Mediterranean	50754
feature	50755
▁Slavery	50756
烟	50757
▁scoop	50758
粄	50759
random	50760
ጿ	50761
▁Fritz	50762
▁PERSON	50763
▁salvage	50764
▁sparkle	50765
liver	50766
▁[@]	50767
Health	50768
ཨ	50769
▁Felipe	50770
Sql	50771
identified	50772
▁hypotension	50773
▁kettle	50774
▁unravel	50775
扔	50776
▁rubbing	50777
▁Acquire	50778
▁Understood	50779
▁muzzle	50780
▁reprisal	50781
11-13	50782
Bank	50783
ؔ	50784
▁Childhood	50785
▁Incremental	50786
▁adequacy	50787
辅	50788
▁Firewall	50789
▁methodological	50790
SCII	50791
▁Powder	50792
▁Substitut	50793
▁boisterous	50794
▁perpetrator	50795
▁Drizzle	50796
▁Vashti	50797
▁erythropoietin	50798
摸	50799
Hijr	50800
▁Zulu	50801
阳	50802
	50803
▁Ivory	50804
唐	50805
▁Ashley	50806
▁SUCH	50807
▁Scarlet	50808
▁discernible	50809
▁suckle	50810
▁wrinkle	50811
卜	50812
ESendOptions	50813
▁Cindy	50814
▁Geographical	50815
▁admissibility	50816
▁legislature	50817
▁vexation	50818
Java	50819
▁PVC	50820
▁Validation	50821
▁inescapable	50822
▁motorway	50823
▁webpage	50824
▁Miranda	50825
▁Beelzebub	50826
▁Kingsley	50827
▁Northwest	50828
▁bemoan	50829
▁Bullshit	50830
▁sliding	50831
▁symbolizing	50832
markup	50833
undeserved	50834
▁Edwin	50835
ఈ	50836
▁PROCEDURE	50837
貼	50838
▁Devotion	50839
▁cowardice	50840
▁decipher	50841
VIDEO	50842
▁Arimath	50843
▁Bryan	50844
▁antigen	50845
▁chaotic	50846
▁hemoglobin	50847
▁withstood	50848
宁	50849
▁Ankara	50850
▁Borrow	50851
▁Destiny	50852
▁KPPP	50853
▁JEWS	50854
▁Jazz	50855
▁Mishael	50856
▁Ultimate	50857
▁forethought	50858
劫	50859
▁creek	50860
▁embed	50861
▁tuck	50862
Devanagari	50863
suffer	50864
▁heroic	50865
▁INTERNATIONAL	50866
▁Lori	50867
▁UNRWA	50868
▁unimaginable	50869
▁Geoffrey	50870
▁Peaceful	50871
▁countervail	50872
▁sheaves	50873
眠	50874
Error	50875
亂	50876
▁Wildlife	50877
negotiable	50878
▁Gentle	50879
▁lagoon	50880
▁motel	50881
▁firearm	50882
▁insignificance	50883
▁Bugzilla	50884
▁Ernst	50885
▁Dhabi	50886
▁backsliding	50887
▁resemblance	50888
▁feud	50889
▁recreate	50890
initial	50891
▁Mineral	50892
▁Punjabi	50893
▁astronaut	50894
▁responsibly	50895
暫	50896
▁Antichrist	50897
▁ablaze	50898
▁erupt	50899
▁Chernobyl	50900
Wisdom	50901
▁Leadership	50902
▁iceberg	50903
▁postpon	50904
▁scooter	50905
▁Physics	50906
▁Sherlock	50907
svn	50908
FID	50909
▁Bohemia	50910
▁Urijah	50911
alkland	50912
▁Guiana	50913
▁Chiasmus	50914
▁lurch	50915
▁teraphim	50916
▁Fortress	50917
▁indices	50918
茶	50919
繪	50920
Czech	50921
▁Camille	50922
▁Mongol	50923
▁Rabbah	50924
積	50925
▁convoy	50926
▁excite	50927
▁underlining	50928
▁unrestrained	50929
recurr	50930
▁Intersect	50931
▁chromosome	50932
Switzerland	50933
▁Liberation	50934
▁Telugu	50935
▁Hellenist	50936
▁versatile	50937
MDN	50938
▁Rehob	50939
▁handicapped	50940
▁Enforcement	50941
▁binge	50942
▁forego	50943
▁Kidron	50944
▁floodgates	50945
蓋	50946
▁Arrival	50947
▁bathtub	50948
▁effectual	50949
嘘	50950
SPA	50951
aldehyde	50952
▁iTunes	50953
▁Exercis	50954
▁bipolar	50955
▁embolden	50956
▁expedite	50957
▁Neighbour	50958
▁elated	50959
▁grapple	50960
▁illustrative	50961
Japan	50962
hook	50963
▁Antarctic	50964
utohide	50965
胞	50966
▁demobilization	50967
冠	50968
済	50969
Transliterate	50970
Wicked	50971
adulterated	50972
modern	50973
氯	50974
	50975
▁$500	50976
▁Guitar	50977
娩	50978
armenia	50979
▁Consistent	50980
▁antibody	50981
▁jurisprudence	50982
擷	50983
▁Aroer	50984
▁Gibbs	50985
▁unrelenting	50986
▁Kazakh	50987
▁proconsul	50988
▁Instagram	50989
▁diaper	50990
▁predestined	50991
壊	50992
dateeditor	50993
▁Principe	50994
▁canonical	50995
▁defiant	50996
▁hump	50997
▁inconvenient	50998
mpersand	50999
▁Suggestion	51000
▁XSLT	51001
▁condescend	51002
▁counterparties	51003
▁anatomy	51004
cquiring	51005
chapter	51006
▁Nebo	51007
▁QUALIT	51008
▁floss	51009
▁coarse	51010
▁inadmissible	51011
7.2	51012
▁EXPIR	51013
▁Gutenberg	51014
▁ecology	51015
▁evaporate	51016
▁locomotive	51017
▁preservative	51018
▁Attendance	51019
▁Protest	51020
▁Silk	51021
鸡	51022
▁intoxication	51023
▁Implement	51024
▁Scheduling	51025
▁grub	51026
▁vertex	51027
Љ	51028
▁ECONOMIC	51029
▁Ziph	51030
▁pomegranate	51031
5/2008	51032
▁facade	51033
▁ginger	51034
specified	51035
▁Milo	51036
▁arbitrarily	51037
▁pediatric	51038
烧	51039
Euratom	51040
Ồ	51041
▁Bastard	51042
▁grumbling	51043
Thou	51044
▁Agencies	51045
▁Pounce	51046
6/2004	51047
▁Cleanse	51048
▁Deceiv	51049
▁Moh	51050
Divine	51051
Invoke	51052
▁FG	51053
▁charities	51054
▁quarry	51055
guatemala	51056
orwen	51057
▁fragmentation	51058
秩	51059
討	51060
finished	51061
▁snapped	51062
▁GIVE	51063
▁Ripper	51064
▁crisp	51065
▁Baghdad	51066
▁Dinner	51067
▁Feast	51068
▁Rupee	51069
▁slaughterhouse	51070
6.2	51071
ernament	51072
▁Arimathea	51073
▁Encode	51074
▁Gerri	51075
〕	51076
▁Grass	51077
闽	51078
pong	51079
▁Molech	51080
▁inaccessible	51081
▁midheaven	51082
陸	51083
CURRENT	51084
▁Intellectual	51085
▁surah	51086
▁Contribution	51087
▁Strategies	51088
aturation	51089
ococcus	51090
▁Hector	51091
▁Relevant	51092
▁SUBSTANCE	51093
顧	51094
▁Episode	51095
▁equitably	51096
▁rubble	51097
滚	51098
	51099
▁cohabit	51100
February	51101
ène	51102
▁Descending	51103
勞	51104
己	51105
▁Tuscany	51106
▁Elevator	51107
▁Exclusive	51108
▁disembark	51109
擁	51110
acquainted	51111
racious	51112
▁Fractal	51113
EXAMPLE	51114
ۃ	51115
▁(2000)	51116
▁Shannon	51117
▁climatic	51118
ools	51119
▁AIFM	51120
▁Apostolic	51121
▁1831/2003	51122
▁Marseille	51123
Œ	51124
▁stint	51125
堅	51126
▁Travis	51127
otti	51128
▁Alfonso	51129
▁Gadites	51130
▁unrecognised	51131
躲	51132
▁Constantinople	51133
▁Nebuzar	51134
▁Seychelles	51135
▁Virus	51136
▁convulse	51137
▁Congolese	51138
▁Kenny	51139
▁Birgit	51140
▁polytheist	51141
sponsor	51142
▁Roald	51143
葬	51144
▁Excessive	51145
▁piracy	51146
顶	51147
▁compeers	51148
▁hectic	51149
▁plausible	51150
▁Hellenic	51151
▁readjustment	51152
Department	51153
▁Diligent	51154
誉	51155
VALUE	51156
▁Cosine	51157
▁regenerate	51158
▁stairway	51159
▁compensator	51160
▁gracefully	51161
▁Kedesh	51162
▁tickbox	51163
▁crookedness	51164
眖	51165
(0)	51166
▁Machinery	51167
▁Salmonella	51168
▁cigar	51169
evilmagi	51170
Ψ	51171
▁Altitude	51172
▁Believing	51173
▁Jehiel	51174
▁enclose	51175
▁horrified	51176
臉	51177
LOW	51178
▁Tragedy	51179
▁pppd	51180
虚	51181
Maintain	51182
ዟ	51183
▁chopped	51184
▁drachma	51185
▁inciting	51186
▁insomnia	51187
▁reliant	51188
耗	51189
▁Gregorian	51190
▁polyester	51191
Welcome	51192
belief	51193
▁Newfoundland	51194
谓	51195
	51196
▁sniper	51197
▁popped	51198
丢	51199
歴	51200
▁invincible	51201
▁unprotected	51202
Priority	51203
▁seafood	51204
帐	51205
16.0	51206
Iqamat	51207
education	51208
▁Tibet	51209
▁intangible	51210
▁disfigure	51211
夹	51212
篇	51213
Western	51214
▁Scanner	51215
▁REACH	51216
	51217
competent	51218
▁EVEN	51219
▁Karma	51220
▁archbishop	51221
▁hydrochloride	51222
▁histogram	51223
▁TOTAL	51224
▁brawl	51225
▁cavity	51226
▁ceasefire	51227
粗	51228
Widget	51229
pious	51230
▁Whilst	51231
▁fauna	51232
▁Anticipat	51233
▁SFTP	51234
删	51235
	51236
郎	51237
▁Tomé	51238
▁aforesaid	51239
▁decency	51240
▁ignominy	51241
affects	51242
▁Regulatory	51243
▁whipped	51244
0/2007	51245
Specific	51246
▁Mattaniah	51247
▁Reconstruction	51248
rchaeological	51249
─	51250
▁handkerchief	51251
▁semicolon	51252
▁disassociate	51253
▁humid	51254
invisible	51255
▁treasuring	51256
▁PLAY	51257
▁depot	51258
▁Principle	51259
▁ellipsis	51260
▁resettlement	51261
厂	51262
▁paltry	51263
▁reappear	51264
春	51265
氏	51266
▁Legion	51267
挂	51268
盲	51269
▁inventories	51270
災	51271
contact	51272
▁corticosteroid	51273
▁paradisaic	51274
▁unscrupulous	51275
distribution	51276
▁ABCDEFG	51277
▁conceivable	51278
▁decorate	51279
乍	51280
▁Pyramid	51281
拆	51282
▁annoy	51283
▁ideological	51284
▁Aggregation	51285
▁Aluminium	51286
▁Cinema	51287
▁Hutu	51288
▁Naj	51289
▁Zech	51290
▁mirage	51291
览	51292
personnel	51293
▁Antônio	51294
▁Unbelievable	51295
浮	51296
▁bubbl	51297
▁gdk	51298
▁Tutsi	51299
▁Trieste	51300
阐	51301
額	51302
▁Craft	51303
▁renown	51304
箭	51305
30,000	51306
▁Creek	51307
▁unceasing	51308
谎	51309
	51310
Anxious	51311
Occurrence	51312
▁Bronx	51313
▁sabotage	51314
Cheer	51315
repeat	51316
▁1373	51317
▁GENES	51318
▁Neundorf	51319
▁anniversaries	51320
ಈ	51321
▁Copernicus	51322
▁Sanballat	51323
▁Tripoli	51324
▁gluttonous	51325
▁scrupulous	51326
奔	51327
kovic	51328
▁$200	51329
▁WM	51330
▁Gazette	51331
▁dissatisfaction	51332
▁eavesdrop	51333
▁unconcerned	51334
賜	51335
▁Margarit	51336
▁Recursive	51337
▁dejected	51338
Chile	51339
▁Vorbis	51340
▁Yoshi	51341
▁gaseous	51342
Board	51343
宛	51344
▁Lysias	51345
▁complicate	51346
劃	51347
commerce	51348
▁Bundle	51349
▁Turtle	51350
▁nonpolitical	51351
惜	51352
daughter	51353
渔	51354
秀	51355
maintain	51356
▁Candidate	51357
▁Pneum	51358
▁finite	51359
▁miscarriage	51360
▁Cologne	51361
▁Forbidden	51362
Aleppo	51363
ቾ	51364
▁Ideas	51365
▁resilient	51366
▁unchanging	51367
international	51368
Ҭ	51369
▁backtrace	51370
▁lunatic	51371
Aaron	51372
occupied	51373
▁slacken	51374
匹	51375
▁benevolence	51376
▁quantum	51377
▁unqualified	51378
贯	51379
published	51380
▁Angry	51381
▁Jephunneh	51382
▁Reconciliation	51383
▁disqualified	51384
▁farmhouse	51385
▁shortfall	51386
▁predestination	51387
蛇	51388
Caesar	51389
Forgive	51390
▁PARTIES	51391
▁Zaragoza	51392
▁dizzy	51393
▁registrar	51394
逗	51395
▁Kedar	51396
▁Retail	51397
▁acquitted	51398
▁kppp	51399
▁Uphold	51400
農	51401
▁communal	51402
庇	51403
uminous	51404
▁CONSIDER	51405
▁preschool	51406
/09/	51407
Parliament	51408
▁cripple	51409
▁instigator	51410
▁presumably	51411
▁smear	51412
茨	51413
frequent	51414
▁barbarian	51415
▁Altogether	51416
▁plumbing	51417
belong	51418
▁Mobility	51419
▁Newcastle	51420
▁Struggle	51421
▁numerator	51422
遞	51423
▁Archaeologists	51424
▁neutropenia	51425
▁sizable	51426
▁stdin	51427
6/2008	51428
▁Friedrich	51429
亨	51430
攸	51431
Activate	51432
▁transitory	51433
祇	51434
▁Efficiency	51435
價	51436
Radian	51437
priestly	51438
wealth	51439
▁Representation	51440
▁carnival	51441
Except	51442
Miserable	51443
breath	51444
▁supervising	51445
▁sadden	51446
༡	51447
▁brunette	51448
▁denominated	51449
▁nullify	51450
husband	51451
▁Gardner	51452
▁atoning	51453
▁unison	51454
Remind	51455
▁Gaelic	51456
▁Manitoba	51457
▁exaggeration	51458
▁sycamore	51459
90,000	51460
llicit	51461
▁Mahanaim	51462
▁honourably	51463
▁acronym	51464
▁betwixt	51465
▁condense	51466
Thousands	51467
▁MAGAZINE	51468
Public	51469
▁crutch	51470
Buy	51471
▁proliferat	51472
▁flap	51473
Wrap	51474
▁unsatisfactory	51475
億	51476
▁blunder	51477
餘	51478
▁swimmer	51479
▁Confident	51480
▁Pilgrimage	51481
animation	51482
抢	51483
▁Interpret	51484
▁nineteen	51485
▁debating	51486
▁WERE	51487
扫	51488
Rapporteur	51489
▁Employers	51490
▁totalitarian	51491
審	51492
▁Antigua	51493
▁Disney	51494
/66/	51495
▁(1992)	51496
▁Hinduism	51497
▁ekiga	51498
Belgium	51499
wonderful	51500
▁Lusaka	51501
▁citations	51502
▁diuretic	51503
▁equilibrium	51504
▁transboundary	51505
infected	51506
▁Cleanliness	51507
▁JUNE	51508
▁Tiberias	51509
▁formulating	51510
▁staircase	51511
▁Aisleriot	51512
▁antique	51513
▁statistic	51514
▁contour	51515
▁escalating	51516
▁greedily	51517
polymer	51518
▁DECIDED	51519
▁KAddressBook	51520
▁choking	51521
Depart	51522
▁Regret	51523
▁Fernand	51524
▁airworthiness	51525
▁concede	51526
▁pulpit	51527
▁Syracuse	51528
▁Plotter	51529
▁BRITAIN	51530
▁Collective	51531
▁OpenVPN	51532
▁mirth	51533
契	51534
▁Enemies	51535
▁Melchisedec	51536
猭	51537
dictionary	51538
▁impossibility	51539
seekers	51540
▁consolidating	51541
▁ENTER	51542
chev	51543
▁McL	51544
▁scourging	51545
▁wiles	51546
▁enquire	51547
▁subregion	51548
ʽ	51549
▁Midianite	51550
▁discrete	51551
罢	51552
▁Mathematics	51553
▁400,000	51554
▁Pristina	51555
▁AUTHOR	51556
beloved	51557
▁intrigue	51558
Zip	51559
▁Scrib	51560
▁enrolment	51561
▁thistles	51562
恰	51563
詳	51564
similar	51565
▁Favour	51566
▁Millimetres	51567
visited	51568
▁Discouragement	51569
▁logarithm	51570
厌	51571
▁ITALY	51572
▁nagging	51573
▁shewbread	51574
▁Prepend	51575
扣	51576
1.7	51577
▁Plovdiv	51578
▁Maturity	51579
▁Nightmare	51580
▁theatrical	51581
▁Tutorial	51582
▁Zidon	51583
▁rheumato	51584
圆	51585
1,600	51586
▁Manuscript	51587
▁Proud	51588
▁tornado	51589
▁KDevelop	51590
▁festive	51591
machine	51592
▁outcries	51593
漏	51594
▁geological	51595
鞋	51596
▁Gratitude	51597
▁Idaho	51598
藥	51599
bitter	51600
▁Exert	51601
▁Jamahiriya	51602
隠	51603
/~	51604
persevere	51605
teaching	51606
▁flea	51607
▁Sap	51608
吵	51609
獺	51610
▁terminating	51611
▁vanilla	51612
▁Everest	51613
孫	51614
▁scramble	51615
/1999/	51616
Province	51617
▁Cutting	51618
▁Mennonite	51619
▁Monument	51620
▁enrichment	51621
	51622
▁Patriarch	51623
ɪ	51624
▁LTSP	51625
▁brute	51626
▁ferocious	51627
▁hawk	51628
▁anchorage	51629
Turkish	51630
▁Physician	51631
▁reagent	51632
	51633
eminence	51634
lideshow	51635
▁Hypocrites	51636
▁Rephaim	51637
▁tilth	51638
绿	51639
enraged	51640
▁Almaty	51641
▁savor	51642
QRegExp	51643
▁permanence	51644
▁Jeduthun	51645
▁Mizpeh	51646
▁multicultural	51647
▁multiplie	51648
▁Amariah	51649
▁exasperating	51650
Miscellaneous	51651
▁Brew	51652
▁dismantling	51653
▁tambourine	51654
溫	51655
陽	51656
▁whistling	51657
hypocritical	51658
▁ZECH	51659
zyme	51660
▁Galilaean	51661
Easy	51662
▁aspirin	51663
▁Daphne	51664
▁excusing	51665
▁gunshot	51666
▁skipping	51667
▁Gerizim	51668
笨	51669
▁privatisation	51670
▁Brisbane	51671
▁Manufacturing	51672
▁MEXICO	51673
▁morn	51674
DEN	51675
▁Dee	51676
▁Berkeley	51677
▁GATT	51678
RandR	51679
▁Astronomical	51680
▁conjure	51681
▁gecko	51682
▁Olympia	51683
▁thirtie	51684
▁Accerciser	51685
▁Citizenship	51686
▁extrabudgetary	51687
▁Klipper	51688
挡	51689
▁Consumption	51690
▁Pharmaceutical	51691
▁magistrate	51692
栄	51693
▁Hashabiah	51694
▁Reproduction	51695
century	51696
▁[9]	51697
▁rattle	51698
▁variability	51699
▁Trump	51700
扮	51701
▁Lucius	51702
栏	51703
傾	51704
犹	51705
▁Havana	51706
nunciat	51707
▁pharmacological	51708
▁KDat	51709
▁vanquish	51710
ኲ	51711
▁archaeology	51712
▁masculine	51713
▁volatility	51714
WRAP	51715
eferences	51716
汤	51717
Animation	51718
▁cheque	51719
▁gangster	51720
▁Scorch	51721
▁Watermark	51722
▁cabbage	51723
▁unloved	51724
▁Rewind	51725
▁weaning	51726
Tabari	51727
uspicious	51728
▁blameworthy	51729
▁infantry	51730
00000	51731
༠	51732
▁typhoon	51733
Answer	51734
▁Pompeii	51735
▁holistic	51736
Distinguish	51737
Sheet	51738
ecuador	51739
▁Recite	51740
▁Valuable	51741
▁Memphis	51742
▁resuming	51743
▁Ararat	51744
▁BELIEVE	51745
▁Wheat	51746
▁Applicant	51747
▁divulge	51748
瞒	51749
	51750
phylactic	51751
negative	51752
¬	51753
▁alabaster	51754
侧	51755
▁Jeffrey	51756
▁wrangle	51757
墓	51758
▁Easily	51759
▁Nederland	51760
▁Corinn	51761
▁Geolocation	51762
▁Gershom	51763
▁Reverend	51764
▁swoon	51765
▁suspense	51766
swerving	51767
▁greas	51768
▁Consolidated	51769
/51/	51770
Ϊ	51771
▁Angat	51772
▁crusade	51773
Global	51774
	51775
▁Orlando	51776
▁cyst	51777
▁felicitous	51778
▁socioeconomic	51779
▁Mourn	51780
▁geni	51781
CHAR	51782
[15]	51783
▁stripping	51784
ဃ	51785
▁Mendoza	51786
▁intuitive	51787
interpret	51788
▁(2017)	51789
蜜	51790
▁Farewell	51791
▁Rational	51792
Shrewd	51793
sweet	51794
▁Rabat	51795
麽	51796
accession	51797
determined	51798
success	51799
▁Monroe	51800
▁felon	51801
▁surmise	51802
	51803
▁ovine	51804
Ӵ	51805
▁Azores	51806
吻	51807
▁Spouse	51808
磨	51809
wives	51810
SOLUTION	51811
▁penitentiary	51812
墙	51813
▁Flavius	51814
▁Hazel	51815
▁Companion	51816
▁phosphorus	51817
践	51818
Append	51819
unrighteous	51820
▁LONG	51821
▁magnificence	51822
▁thresh	51823
頂	51824
atlantic	51825
▁herdsmen	51826
▁INTEREST	51827
猶	51828
▁tempestuous	51829
▁souvenir	51830
▁custodian	51831
▁injur	51832
▁stoning	51833
慎	51834
▁extremities	51835
▁impractical	51836
▁bigotry	51837
▁dashboard	51838
nuclei	51839
▁Afrikaans	51840
▁Mishnah	51841
▁overindulgence	51842
▁radiat	51843
▁constituency	51844
plot	51845
▁Mikhail	51846
▁ONLINE	51847
▁intersect	51848
ׁ	51849
▁Calamity	51850
▁Wichita	51851
▁Criterion	51852
枚	51853
▁uninhabited	51854
豁	51855
▁daydream	51856
凱	51857
贏	51858
灯	51859
	51860
୨	51861
▁collide	51862
Descend	51863
▁SILC	51864
▁paranoid	51865
▁perplexing	51866
▁detergent	51867
Rather	51868
ović	51869
忆	51870
▁Announcement	51871
Messenger	51872
▁Surah	51873
▁Nativity	51874
laundering	51875
▁incarcerated	51876
▁toleration	51877
▁consortium	51878
▁bouncing	51879
▁bromide	51880
Ĺ	51881
▁Hadadezer	51882
▁Intensity	51883
▁KDEPrint	51884
貨	51885
▁morgue	51886
链	51887
/64/	51888
▁scornful	51889
繷	51890
▁Subtle	51891
▁secluded	51892
▁unattainable	51893
乡	51894
▁Eighteen	51895
▁Toñi	51896
percentage	51897
instance	51898
梯	51899
▁clutch	51900
▁PowerDevil	51901
▁centimeters	51902
universal	51903
蔼	51904
廉	51905
饿	51906
	51907
Desaturate	51908
Observe	51909
eternal	51910
▁chinese	51911
▁leasing	51912
❏	51913
▁melodies	51914
▁Noumair	51915
▁gust	51916
娃	51917
補	51918
▁SUPPLY	51919
ѝ	51920
▁insanity	51921
▁nudge	51922
蓝	51923
migration	51924
団	51925
▁Multilateral	51926
▁Bologna	51927
脏	51928
▁partisan	51929
inherit	51930
▁Stereo	51931
▁DAVID	51932
▁Tajik	51933
偉	51934
▁retaliating	51935
瓣	51936
▁BECOME	51937
▁Naught	51938
疭	51939
▁amaze	51940
▁musk	51941
	51942
▁Lionel	51943
▁barrage	51944
賣	51945
▁2010-2011	51946
▁applicability	51947
▁Ethiopic	51948
▁Vacation	51949
朱	51950
▁(2002)	51951
▁Ljubljana	51952
營	51953
▁LANDS	51954
▁Birmingham	51955
▁subdivision	51956
▁fuzzy	51957
	51958
▁SIGN	51959
▁plunging	51960
▁dotted	51961
迄	51962
▁abasement	51963
▁epoetin	51964
括	51965
損	51966
旗	51967
▁Giulia	51968
▁GdkPix	51969
▁Stuttgart	51970
慣	51971
	51972
▁Committe	51973
▁Subtotal	51974
ඈ	51975
皑	51976
笆	51977
UV	51978
ඒ	51979
▁nonexistent	51980
▁Commemorat	51981
▁Lesotho	51982
▁hush	51983
[16]	51984
▁hashtag	51985
remature	51986
▁Adria	51987
丧	51988
▁Symptoms	51989
▁ordinarily	51990
▁reliably	51991
▁disdainful	51992
ぇ	51993
碳	51994
	51995
▁uninvited	51996
▁Harmful	51997
▁repetitive	51998
▁memorizing	51999
▁knead	52000
仁	52001
瓶	52002
▁clutter	52003
襲	52004
▁oblivion	52005
▁Ferguson	52006
矩	52007
▁ownselves	52008
▁Jeeves	52009
▁autopsy	52010
▁ossuary	52011
▁behove	52012
Excuse	52013
Guide	52014
▁Proceedings	52015
▁bragging	52016
▁Consensus	52017
▁Encyclopaedia	52018
ஏ	52019
焊	52020
宽	52021
holah	52022
煙	52023
ྨ	52024
嚴	52025
▁dubious	52026
▁methane	52027
嘗	52028
▁Ceramic	52029
ILITY	52030
豆	52031
▁sanctuaries	52032
▁peddl	52033
method	52034
妥	52035
Ќ	52036
▁edifice	52037
晴	52038
淡	52039
軌	52040
LESS	52041
approximately	52042
▁Pentagon	52043
甘	52044
	52045
answer	52046
▁curry	52047
▁ACTION	52048
庆	52049
▁Abdel	52050
▁Sindh	52051
▁Palermo	52052
▁Tribune	52053
藍	52054
Portugal	52055
魚	52056
	52057
貧	52058
▁histories	52059
圓	52060
稰	52061
▁saffron	52062
冻	52063
廣	52064
乖	52065
	52066
▁Cenchrea	52067
▁quarrelsome	52068
▁FREQUEN	52069
▁Sweetheart	52070
▁Subsidiar	52071
▁anorexia	52072
抑	52073
湾	52074
ඝ	52075
崩	52076
箴	52077
▁Shunammite	52078
▁dewdrops	52079
▁complementarity	52080
	52081
▁blackened	52082
BODY	52083
SHALL	52084
飯	52085
jinns	52086
	52087
▁aspiration	52088
燒	52089
ľ	52090
伏	52091
▁Autodetect	52092
▁coexistence	52093
▁crib	52094
輪	52095
simplified	52096
扱	52097
犠	52098
宅	52099
築	52100
▁shunning	52101
肥	52102
陣	52103
...............	52104
▁Edmund	52105
▁Schumacher	52106
池	52107
ឲ	52108
謀	52109
▁Panorama	52110
勧	52111
横	52112
▁Denver	52113
雑	52114
Ï	52115
▁Antipas	52116
帯	52117
舧	52118
颠	52119
帽	52120
厨	52121
奪	52122
顔	52123
鳥	52124
谴	52125
▁Príncipe	52126
扯	52127
Japanese	52128
bounteous	52129
ntry	52130
▁González	52131
暖	52132
岿	52133
寸	52134
稦	52135
罕	52136
欄	52137
奈	52138
robert	52139
漢	52140
▁perplexity	52141
▁Auckland	52142
汚	52143
涵	52144
謊	52145
奏	52146
賞	52147
佈	52148
纯	52149
齐	52150
▁PROFILE	52151
詹	52152
圧	52153
儀	52154
烏	52155
廢	52156
丟	52157
	52158
喊	52159
掩	52160
Bcc	52161
ugging	52162
▁wrench	52163
ಒ	52164
壤	52165
袖	52166
Quran	52167
▁Julio	52168
▁corpora	52169
勃	52170
饮	52171
▁Associat	52172
▁Yahya	52173
▁Autostart	52174
哀	52175
缅	52176
蓄	52177
/1998/	52178
Pacific	52179
乾	52180
蓬	52181
pixbuf	52182
▁Salamis	52183
拔	52184
礚	52185
镜	52186
elarus	52187
玂	52188
▁Patron	52189
ፆ	52190
▁Kathmandu	52191
perceptive	52192
尝	52193
澄	52194
▁Nacional	52195
❖	52196
獻	52197
砸	52198
钻	52199
	52200
募	52201
▁Desertification	52202
ฒ	52203
▁Ababa	52204
▁UNFCCC	52205
▁indecencies	52206
珠	52207
荡	52208
屎	52209
苯	52210
▁Violations	52211
	52212
Trail	52213
▁citrus	52214
柏	52215
雖	52216
喬	52217
円	52218
hypocrites	52219
glory	52220
懼	52221
昔	52222
潔	52223
鬧	52224
焦	52225
▁escalation	52226
▁Shuaib	52227
	52228
▁bridal	52229
徳	52230
伟	52231
▁consummate	52232
秆	52233
癌	52234
▁Glasgow	52235
蹟	52236
泡	52237
誘	52238
佐	52239
▁nnn	52240
▁locating	52241
惨	52242
hov	52243
፡	52244
弦	52245
摧	52246
畜	52247
恭	52248
÷	52249
迁	52250
専	52251
ቿ	52252
傲	52253
潮	52254
嫁	52255
柔	52256
诊	52257
	52258
惹	52259
Ӧ	52260
扶	52261
幽	52262
械	52263
筿	52264
ぁ	52265
[17]	52266
▁ASEAN	52267
託	52268
猫	52269
׃	52270
渐	52271
課	52272
ឮ	52273
砛	52274
擦	52275
井	52276
ഉ	52277
逾	52278
赌	52279
柱	52280
鎖	52281
尉	52282
聴	52283
聪	52284
滴	52285
钉	52286
坎	52287
◇	52288
缘	52289
肚	52290
龟	52291
滾	52292
鸟	52293
registration	52294
踏	52295
	52296
ಔ	52297
泥	52298
拓	52299
暦	52300
entimetresunit	52301
钡	52302
珊	52303
爷	52304
吐	52305
▁prosecut	52306
筆	52307
跌	52308
镑	52309
旱	52310
挙	52311
遊	52312
蕾	52313
牡	52314
痴	52315
脅	52316
▁infidel	52317
ఉ	52318
匣	52319
郵	52320
ઑ	52321
愉	52322
縣	52323
▁loopholes	52324
哎	52325
姿	52326
鼻	52327
仪	52328
▁Graf	52329
晨	52330
ㄢ	52331
咐	52332
厉	52333
轨	52334
	52335
姉	52336
啲	52337
寓	52338
峰	52339
町	52340
#-#-#-#	52341
羞	52342
➣	52343
純	52344
怜	52345
▁mobiliz	52346
拾	52347
耻	52348
抜	52349
攝	52350
	52351
捜	52352
簿	52353
乃	52354
骚	52355
紹	52356
賢	52357
醚	52358
氟	52359
鏡	52360
鑰	52361
婴	52362
Ĩ	52363
屈	52364
霉	52365
倾	52366
遅	52367
庄	52368
	52369
ฯ	52370
貌	52371
√	52372
斥	52373
挖	52374
糊	52375
黃	52376
▁perchance	52377
曳	52378
伪	52379
陛	52380
披	52381
傢	52382
咒	52383
纠	52384
厳	52385
憶	52386
遂	52387
尖	52388
琴	52389
逻	52390
႔	52391
ཊ	52392
[18]	52393
▁DOCUMENT	52394
赠	52395
闘	52396
騙	52397
	52398
捉	52399
泳	52400
覧	52401
競	52402
	52403
鹿	52404
嵌	52405
嘉	52406
☐	52407
疼	52408
ĥ	52409
冊	52410
ઍ	52411
浴	52412
ඇ	52413
★	52414
慧	52415
拳	52416
爬	52417
犬	52418
▶	52419
Ě	52420
̅	52421
佣	52422
柯	52423
阴	52424
	52425
侦	52426
怨	52427
宰	52428
劣	52429
擎	52430
	52431
傑	52432
丰	52433
	52434
胆	52435
诞	52436
隻	52437
榮	52438
辜	52439
掃	52440
屠	52441
頻	52442
狼	52443
	52444
ˇ	52445
巩	52446
琩	52447
丑	52448
憑	52449
宏	52450
[20]	52451
卑	52452
銃	52453
畀	52454
ഈ	52455
黛	52456
疲	52457
Ấ	52458
児	52459
掘	52460
寝	52461
杆	52462
禱	52463
稣	52464
癘	52465
辭	52466
券	52467
吩	52468
脳	52469
୦	52470
狥	52471
舌	52472
棉	52473
	52474
肩	52475
寧	52476
钥	52477
ጶ	52478
	52479
抄	52480
艘	52481
厩	52482
憎	52483
[19]	52484
云	52485
淨	52486
	52487
賓	52488
猎	52489
悟	52490
齊	52491
労	52492
遲	52493
哋	52494
嚇	52495
愈	52496
焼	52497
鎮	52498
憐	52499
绘	52500
躺	52501
拡	52502
桶	52503
弾	52504
牵	52505
鐵	52506
勉	52507
碭	52508
驾	52509
Ŵ	52510
	52511
玉	52512
遥	52513
孔	52514
盯	52515
ŏ	52516
Ҵ	52517
Ť	52518
慌	52519
盤	52520
陰	52521
岩	52522
吞	52523
∶	52524
催	52525
颗	52526
	52527
奋	52528
繰	52529
膀	52530
	52531
ঊ	52532
屏	52533
隶	52534
ゑ	52535
驅	52536
渴	52537
熊	52538
耀	52539
鈕	52540
	52541
揮	52542
衝	52543
徴	52544
隷	52545
厭	52546
仿	52547
夥	52548
▁inertia	52549
沟	52550
ኜ	52551
慕	52552
冬	52553
ቬ	52554
骑	52555
獎	52556
妄	52557
忌	52558
惧	52559
酚	52560
揭	52561
敲	52562
烂	52563
	52564
ٴ	52565
朵	52566
湯	52567
誕	52568
雜	52569
ŷ	52570
厚	52571
Ӯ	52572
咬	52573
忧	52574
	52575
厘	52576
Ѓ	52577
採	52578
芝	52579
砰	52580
臓	52581
般	52582
衰	52583
黒	52584
歇	52585
僅	52586
宫	52587
ዢ	52588
黙	52589
紫	52590
汞	52591
夕	52592
穝	52593
抖	52594
饥	52595
柑	52596
汁	52597
┰	52598
吨	52599
舰	52600
	52601
婊	52602
孽	52603
肺	52604
叉	52605
雞	52606
堕	52607
雲	52608
巻	52609
爽	52610
辈	52611
耍	52612
艰	52613
瞭	52614
魅	52615
綠	52616
ඉ	52617
猛	52618
恕	52619
喫	52620
秋	52621
迦	52622
↔	52623
籤	52624
ヌ	52625
肈	52626
颜	52627
葛	52628
	52629
	52630
貪	52631
迴	52632
‟	52633
铭	52634
瓳	52635
酵	52636
	52637
瞶	52638
	52639
Ḍ	52640
堵	52641
穴	52642
Ổ	52643
踢	52644
昆	52645
筋	52646
	52647
氨	52648
埠	52649
娶	52650
	52651
ĭ	52652
虎	52653
ၾ	52654
╧	52655
毙	52656
	52657
佬	52658
哲	52659
仓	52660
	52661
椅	52662
蜂	52663
逊	52664
酋	52665
嘲	52666
嚟	52667
瞎	52668
遮	52669
鬆	52670
۾	52671
濟	52672
舶	52673
虛	52674
靡	52675
│	52676
畢	52677
闹	52678
炎	52679
宮	52680
廊	52681
饼	52682
僧	52683
咪	52684
┬	52685
劲	52686
奮	52687
粒	52688
曜	52689
	52690
翼	52691
	52692
浩	52693
斐	52694
罩	52695
豊	52696
溴	52697
੦	52698
ゥ	52699
撥	52700
橋	52701
継	52702
	52703
踩	52704
ㄤ	52705
泣	52706
羽	52707
砂	52708
逝	52709
摔	52710
裤	52711
奎	52712
	52713
凭	52714
罷	52715
呈	52716
୤	52717
桥	52718
୩	52719
绕	52720
՚	52721
飾	52722
巫	52723
渠	52724
ŧ	52725
痕	52726
紐	52727
肝	52728
呵	52729
塑	52730
裕	52731
娅	52732
泽	52733
诈	52734
ፑ	52735
嘆	52736
ሼ	52737
	52738
湿	52739
涯	52740
藉	52741
凌	52742
勘	52743
箇	52744
▁(2010)	52745
賛	52746
叶	52747
姨	52748
矪	52749
矛	52750
勾	52751
昏	52752
盧	52753
喷	52754
纹	52755
	52756
螟	52757
泉	52758
闪	52759
	52760
	52761
ฬ	52762
芭	52763
绳	52764
趟	52765
溶	52766
猪	52767
	52768
	52769
ආ	52770
診	52771
	52772
	52773
ฑ	52774
晩	52775
ɑ	52776
江	52777
祸	52778
⇢	52779
	52780
	52781
唉	52782
	52783
	52784
觸	52785
鬥	52786
〉	52787
璸	52788
繫	52789
摇	52790
寺	52791
盢	52792
弁	52793
趴	52794
	52795
浓	52796
腕	52797
	52798
鮮	52799
	52800
႕	52801
遏	52802
	52803
窃	52804
仮	52805
贖	52806
	52807
鏈	52808
慨	52809
賭	52810
僵	52811
茲	52812
聰	52813
癳	52814
蛮	52815
烤	52816
艇	52817
辺	52818
燈	52819
簀	52820
寿	52821
爹	52822
甡	52823
驶	52824
俾	52825
汀	52826
抛	52827
荐	52828
擾	52829
	52830
兆	52831
雀	52832
堪	52833
丸	52834
抬	52835
遜	52836
暮	52837
绪	52838
冈	52839
捏	52840
趁	52841
parallel	52842
佑	52843
弥	52844
ቮ	52845
寒	52846
殴	52847
剣	52848
叠	52849
誇	52850
ऱ	52851
隣	52852
壮	52853
桃	52854
韓	52855
赚	52856
胖	52857
恒	52858
斑	52859
寬	52860
ፁ	52861
痙	52862
膨	52863
驳	52864
疏	52865
县	52866
澡	52867
萝	52868
羘	52869
卓	52870
豫	52871
舱	52872
ゅ	52873
坑	52874
糑	52875
ఏ	52876
恥	52877
臂	52878
苗	52879
氮	52880
匿	52881
炭	52882
紈	52883
狠	52884
උ	52885
肖	52886
針	52887
府	52888
矗	52889
腰	52890
陀	52891
吊	52892
盽	52893
祷	52894
薇	52895
	52896
ௌ	52897
卒	52898
牆	52899
睇	52900
ਙ	52901
煮	52902
	52903
▼	52904
賴	52905
1⁄4	52906
ゾ	52907
诱	52908
纵	52909
憂	52910
┪	52911
咁	52912
宴	52913
絵	52914
	52915
瞬	52916
兽	52917
嗰	52918
灌	52919
罐	52920
翅	52921
鲍	52922
矹	52923
	52924
丘	52925
悩	52926
粹	52927
烷	52928
ዦ	52929
乙	52930
笲	52931
虔	52932
徹	52933
仙	52934
琪	52935
尘	52936
	52937
撮	52938
诗	52939
晤	52940
妊	52941
屍	52942
杉	52943
礎	52944
営	52945
茄	52946
総	52947
磅	52948
拐	52949
肢	52950
	52951
搖	52952
畍	52953
睹	52954
軽	52955
	52956
沸	52957
氛	52958
ኄ	52959
臺	52960
辣	52961
	52962
ႏ	52963
∮	52964
抚	52965
裸	52966
润	52967
宋	52968
懸	52969
戳	52970
珀	52971
泄	52972
	52973
糧	52974
陳	52975
Ả	52976
峽	52977
竭	52978
	52979
捍	52980
脈	52981
卵	52982
讚	52983
魁	52984
╆	52985
剑	52986
	52987
驹	52988
喚	52989
臘	52990
齢	52991
疟	52992
購	52993
Ư	52994
狙	52995
禲	52996
禦	52997
溃	52998
衫	52999
虧	53000
蔓	53001
譜	53002
兔	53003
炉	53004
琍	53005
筒	53006
胃	53007
昭	53008
冇	53009
廳	53010
蟲	53011
帅	53012
陥	53013
姬	53014
裙	53015
੧	53016
灣	53017
	53018
塗	53019
淘	53020
陌	53021
獶	53022
Ź	53023
碑	53024
厲	53025
璃	53026
┏	53027
剤	53028
	53029
蝴	53030
哼	53031
拋	53032
祉	53033
睲	53034
嫉	53035
ຼ	53036
謹	53037
拦	53038
緑	53039
肇	53040
肤	53041
贈	53042
漸	53043
挨	53044
枝	53045
淋	53046
羆	53047
贱	53048
擅	53049
Ӥ	53050
ʒ	53051
牺	53052
臔	53053
潘	53054
餓	53055
骸	53056
	53057
倣	53058
璣	53059
搶	53060
歓	53061
殘	53062
	53063
Ӣ	53064
闲	53065
輝	53066
鄉	53067
咯	53068
	53069
銷	53070
礙	53071
虑	53072
	53073
揪	53074
刮	53075
絋	53076
禍	53077
	53078
侮	53079
滞	53080
耕	53081
诡	53082
頃	53083
邁	53084
	53085
仗	53086
妞	53087
崔	53088
綁	53089
ଈ	53090
	53091
捣	53092
鈴	53093
ѳ	53094
歯	53095
晶	53096
爺	53097
窾	53098
皊	53099
雕	53100
ऋ	53101
猴	53102
缉	53103
跃	53104
鄰	53105
៏	53106
廃	53107
抹	53108
謙	53109
ឭ	53110
寂	53111
臟	53112
涂	53113
稼	53114
辐	53115
杖	53116
粘	53117
钢	53118
	53119
溜	53120
撑	53121
甩	53122
ɡ	53123
撕	53124
瞴	53125
仆	53126
俊	53127
兑	53128
Ờ	53129
囊	53130
擺	53131
煽	53132
脂	53133
貢	53134
貸	53135
ֹ	53136
ཱ	53137
兮	53138
茜	53139
迭	53140
釈	53141
悬	53142
愧	53143
幣	53144
蘋	53145
狄	53146
ଝ	53147
昼	53148
┣	53149
爛	53150
	53151
簆	53152
饒	53153
鉄	53154
锣	53155
戀	53156
緣	53157
～	53158
辰	53159
壳	53160
償	53161
沮	53162
穩	53163
侣	53164
	53165
Ҽ	53166
惟	53167
狝	53168
睦	53169
肌	53170
廠	53171
柴	53172
├	53173
獸	53174
炒	53175
挿	53176
柜	53177
併	53178
睿	53179
	53180
ְ	53181
郊	53182
癡	53183
硄	53184
	53185
∕	53186
挤	53187
斤	53188
卸	53189
喻	53190
ഏ	53191
‰	53192
ĸ	53193
沈	53194
晓	53195
蹈	53196
辽	53197
	53198
鳴	53199
ָ	53200
輛	53201
壇	53202
豈	53203
騎	53204
ཌ	53205
胀	53206
腔	53207
棍	53208
坪	53209
糶	53210
脖	53211
̆	53212
挝	53213
浸	53214
飢	53215
	53216
饰	53217
ጼ	53218
哨	53219
Ɓ	53220
孙	53221
汰	53222
妒	53223
愤	53224
	53225
┤	53226
垛	53227
揚	53228
奠	53229
	53230
	53231
憤	53232
凝	53233
宥	53234
悅	53235
窟	53236
笷	53237
夸	53238
劍	53239
牠	53240
佔	53241
卧	53242
栋	53243
匡	53244
涨	53245
髮	53246
玄	53247
	53248
	53249
❍	53250
娠	53251
淮	53252
戸	53253
ၿ	53254
胶	53255
閃	53256
頌	53257
唤	53258
挽	53259
搂	53260
弊	53261
ဈ	53262
∞	53263
僚	53264
巾	53265
斜	53266
	53267
୫	53268
喉	53269
̇	53270
纷	53271
狟	53272
愁	53273
緬	53274
寛	53275
ಉ	53276
唇	53277
岗	53278
貓	53279
	53280
	53281
戮	53282
株	53283
捞	53284
浅	53285
盞	53286
垒	53287
೧	53288
駄	53289
叭	53290
噴	53291
狭	53292
衷	53293
錦	53294
̊	53295
揽	53296
硫	53297
ỵ	53298
聆	53299
	53300
膝	53301
艦	53302
藤	53303
兜	53304
榜	53305
晋	53306
昇	53307
締	53308
☞	53309
掲	53310
栽	53311
骰	53312
獵	53313
掠	53314
雾	53315
	53316
	53317
蒸	53318
轰	53319
摺	53320
諒	53321
滤	53322
	53323
簍	53324
舅	53325
Ṅ	53326
煤	53327
੨	53328
竊	53329
跪	53330
敘	53331
脊	53332
銘	53333
盈	53334
悖	53335
ֵ	53336
窮	53337
阑	53338
飼	53339
戚	53340
揍	53341
俘	53342
慷	53343
贪	53344
⇨	53345
ʿ	53346
豬	53347
	53348
芙	53349
拷	53350
騒	53351
骄	53352
೦	53353
脉	53354
膚	53355
豐	53356
	53357
曉	53358
琼	53359
秸	53360
莊	53361
謂	53362
礁	53363
伽	53364
眎	53365
ቚ	53366
兇	53367
胺	53368
‡	53369
瓁	53370
蛛	53371
赐	53372
闯	53373
販	53374
剖	53375
稀	53376
矮	53377
裹	53378
Ũ	53379
癠	53380
髪	53381
駐	53382
鸦	53383
喪	53384
胊	53385
	53386
紋	53387
锋	53388
	53389
	53390
頑	53391
	53392
୪	53393
霸	53394
	53395
羁	53396
褲	53397
	53398
紇	53399
寡	53400
	53401
	53402
梁	53403
扁	53404
༩	53405
呐	53406
潛	53407
爪	53408
翠	53409
靴	53410
	53411
餅	53412
ቊ	53413
獣	53414
喘	53415
晰	53416
絬	53417
蔬	53418
	53419
∗	53420
佇	53421
浏	53422
滩	53423
膜	53424
矶	53425
蕩	53426
誦	53427
揺	53428
豹	53429
庞	53430
棚	53431
慶	53432
駆	53433
徐	53434
Ώ	53435
ぺ	53436
	53437
敖	53438
枯	53439
Ѕ	53440
淹	53441
坊	53442
姦	53443
橄	53444
丙	53445
勁	53446
矫	53447
谍	53448
郁	53449
铺	53450
୮	53451
弓	53452
懦	53453
碗	53454
羛	53455
Ꮚ	53456
ዠ	53457
悼	53458
辯	53459
ဠ	53460
債	53461
峡	53462
涅	53463
肆	53464
┦	53465
蛙	53466
盉	53467
冗	53468
沖	53469
纂	53470
៎	53471
懈	53472
瞄	53473
讶	53474
汝	53475
譬	53476
	53477
倦	53478
畑	53479
謎	53480
祥	53481
憲	53482
蜘	53483
悠	53484
炼	53485
亏	53486
咋	53487
焚	53488
盐	53489
酔	53490
禣	53491
ྷ	53492
痁	53493
績	53494
膽	53495
厕	53496
卿	53497
悄	53498
笼	53499
詰	53500
ۤ	53501
籔	53502
ෲ	53503
擋	53504
ఔ	53505
沾	53506
澤	53507
猩	53508
唆	53509
盆	53510
臥	53511
菏	53512
蔽	53513
幢	53514
芸	53515
跋	53516
匪	53517
፣	53518
〈	53519
腞	53520
闊	53521
捲	53522
綼	53523
褐	53524
輩	53525
嬉	53526
諭	53527
	53528
毯	53529
瑚	53530
盼	53531
玱	53532
閣	53533
勋	53534
喇	53535
ṇ	53536
橡	53537
ヶ	53538
繩	53539
ֶ	53540
眶	53541
缝	53542
郡	53543
	53544
Ύ	53545
腺	53546
賺	53547
⇩	53548
酱	53549
Ů	53550
窝	53551
瓆	53552
盜	53553
铲	53554
	53555
	53556
馈	53557
ಝ	53558
峻	53559
賤	53560
媚	53561
铬	53562
赴	53563
芥	53564
勸	53565
奨	53566
挣	53567
帥	53568
橫	53569
渣	53570
偵	53571
廚	53572
鄙	53573
	53574
墮	53575
眤	53576
緩	53577
軸	53578
慘	53579
姊	53580
瘦	53581
吶	53582
茂	53583
賈	53584
醇	53585
稽	53586
蔚	53587
妖	53588
甄	53589
蹲	53590
	53591
儒	53592
沧	53593
狩	53594
菇	53595
	53596
娱	53597
沢	53598
竜	53599
	53600
舟	53601
熬	53602
侍	53603
翁	53604
顆	53605
	53606
刘	53607
捧	53608
枉	53609
瘾	53610
	53611
	53612
	53613
୬	53614
徽	53615
锡	53616
	53617
	53618
腇	53619
ㄈ	53620
徵	53621
猵	53622
≠	53623
玫	53624
瑰	53625
畴	53626
碧	53627
齿	53628
挫	53629
	53630
	53631
尬	53632
矢	53633
罙	53634
谐	53635
雌	53636
	53637
ঋ	53638
ඖ	53639
侄	53640
瘤	53641
筽	53642
暑	53643
ɐ	53644
芳	53645
	53646
氷	53647
眏	53648
繦	53649
肃	53650
侠	53651
侯	53652
绊	53653
凍	53654
塵	53655
夯	53656
憫	53657
纜	53658
腸	53659
叩	53660
谱	53661
贊	53662
逛	53663
鹰	53664
垫	53665
弘	53666
驕	53667
丛	53668
铀	53669
	53670
逞	53671
娥	53672
晒	53673
脾	53674
॰	53675
庸	53676
涙	53677
紛	53678
倚	53679
蠻	53680
	53681
撐	53682
晕	53683
酪	53684
棵	53685
濃	53686
茱	53687
匠	53688
禬	53689
芒	53690
劑	53691
焰	53692
苹	53693
	53694
侈	53695
嘢	53696
膏	53697
睼	53698
笿	53699
	53700
坠	53701
蚊	53702
铃	53703
穫	53704
醜	53705
涕	53706
眉	53707
巢	53708
棕	53709
臮	53710
蝶	53711
噪	53712
爲	53713
獽	53714
糒	53715
砕	53716
腀	53717
梵	53718
膠	53719
ʃ	53720
帆	53721
槽	53722
漆	53723
穢	53724
ヱ	53725
窓	53726
缠	53727
吼	53728
郭	53729
闆	53730
阀	53731
	53732
逸	53733
烩	53734
窱	53735
鮑	53736
揀	53737
秖	53738
羪	53739
饱	53740
怠	53741
韋	53742
ဳ	53743
倉	53744
吳	53745
榴	53746
	53747
﴾	53748
塌	53749
虏	53750
肠	53751
扒	53752
詐	53753
鹅	53754
逢	53755
壯	53756
织	53757
	53758
୭	53759
獹	53760
哩	53761
宠	53762
﴿	53763
ଵ	53764
吾	53765
隧	53766
Ủ	53767
紆	53768
繺	53769
Ĵ	53770
晃	53771
ÿ	53772
篷	53773
颈	53774
ɒ	53775
	53776
膥	53777
麵	53778
	53779
劝	53780
耽	53781
锅	53782
婭	53783
ཧ	53784
疊	53785
鲸	53786
ጰ	53787
Ố	53788
诧	53789
谊	53790
	53791
Ơ	53792
✓	53793
狡	53794
疚	53795
豚	53796
溺	53797
赁	53798
踊	53799
闇	53800
	53801
Ӡ	53802
珥	53803
噩	53804
嚎	53805
狹	53806
翌	53807
ʊ	53808
塩	53809
搁	53810
狮	53811
‒	53812
敷	53813
溯	53814
皘	53815
笴	53816
簈	53817
肪	53818
膊	53819
	53820
暇	53821
駕	53822
∫	53823
捆	53824
瞦	53825
竹	53826
貯	53827
ヰ	53828
胳	53829
銅	53830
	53831
躍	53832
	53833
╃	53834
ΰ	53835
▷	53836
嗣	53837
痜	53838
橢	53839
溢	53840
贿	53841
	53842
貞	53843
夷	53844
歪	53845
螺	53846
Ÿ	53847
ʁ	53848
穏	53849
邏	53850
薯	53851
┍	53852
	53853
衬	53854
魏	53855
	53856
	53857
訣	53858
▾	53859
昌	53860
甫	53861
೨	53862
斡	53863
涼	53864
輔	53865
	53866
咲	53867
擴	53868
竧	53869
ಋ	53870
啸	53871
橙	53872
繧	53873
璧	53874
盔	53875
៖	53876
ㄏ	53877
猔	53878
蔑	53879
亇	53880
佮	53881
牽	53882
揩	53883
謠	53884
阱	53885
旬	53886
瑿	53887
簘	53888
哺	53889
腾	53890
	53891
୯	53892
	53893
勿	53894
玒	53895
陵	53896
丫	53897
泪	53898
笛	53899
賬	53900
竚	53901
贰	53902
礦	53903
鞭	53904
礶	53905
刁	53906
狐	53907
禽	53908
誨	53909
垮	53910
詛	53911
	53912
悶	53913
炫	53914
諷	53915
	53916
	53917
謬	53918
	53919
ሤ	53920
哄	53921
棘	53922
硈	53923
〇	53924
Ђ	53925
ၚ	53926
昧	53927
繞	53928
贼	53929
渉	53930
稅	53931
錫	53932
堤	53933
煎	53934
犧	53935
涌	53936
硑	53937
舆	53938
癚	53939
遷	53940
渥	53941
篮	53942
轄	53943
	53944
坝	53945
乞	53946
甊	53947
飽	53948
廿	53949
闷	53950
扳	53951
汲	53952
甧	53953
猿	53954
礹	53955
縁	53956
	53957
燥	53958
穀	53959
鑑	53960
巣	53961
蝠	53962
	53963
斌	53964
碿	53965
菊	53966
磷	53967
蜡	53968
┼	53969
凉	53970
絚	53971
ぽ	53972
侶	53973
哉	53974
搏	53975
炊	53976
饶	53977
٪	53978
晝	53979
瑈	53980
籠	53981
诅	53982
勵	53983
捅	53984
芽	53985
踌	53986
弯	53987
掸	53988
猳	53989
芠	53990
☆	53991
珿	53992
癶	53993
赎	53994
	53995
漁	53996
∅	53997
窒	53998
衔	53999
鋼	54000
惕	54001
楷	54002
逍	54003
崖	54004
讃	54005
辟	54006
	54007
啰	54008
曠	54009
溪	54010
猌	54011
纔	54012
躁	54013
呂	54014
猧	54015
縫	54016
賊	54017
羙	54018
蝙	54019
顛	54020
	54021
₱	54022
岳	54023
絞	54024
谤	54025
ጇ	54026
盋	54027
祘	54028
酗	54029
┋	54030
奢	54031
骂	54032
	54033
ଋ	54034
羔	54035
釣	54036
ଙ	54037
攀	54038
疹	54039
瘆	54040
稻	54041
苍	54042
唬	54043
轴	54044
遙	54045
枕	54046
硕	54047
琜	54048
簎	54049
	54050
絏	54051
莲	54052
譽	54053
ዤ	54054
叹	54055
妆	54056
猾	54057
瑙	54058
璉	54059
侨	54060
湊	54061
縱	54062
罵	54063
	54064
	54065
儘	54066
虹	54067
咳	54068
碌	54069
粋	54070
钓	54071
	54072
呪	54073
瞞	54074
镍	54075
挠	54076
穨	54077
貿	54078
狶	54079
竲	54080
┕	54081
▁CLD	54082
氢	54083
獀	54084
癖	54085
纞	54086
廁	54087
籖	54088
縛	54089
晾	54090
聋	54091
ヾ	54092
甮	54093
铅	54094
	54095
ኟ	54096
杨	54097
罺	54098
茎	54099
哟	54100
畉	54101
蘿	54102
撲	54103
棺	54104
睁	54105
鲨	54106
	54107
	54108
	54109
	54110
ႈ	54111
烯	54112
	54113
俯	54114
傅	54115
匆	54116
	54117
ዡ	54118
渗	54119
囉	54120
蚀	54121
鸿	54122
	54123
	54124
璚	54125
篡	54126
肿	54127
腥	54128
躬	54129
舦	54130
	54131
	54132
ɾ	54133
沼	54134
繋	54135
	54136
擠	54137
隸	54138
曹	54139
玥	54140
৷	54141
吟	54142
墜	54143
貰	54144
	54145
擄	54146
耞	54147
ׂ	54148
淇	54149
珇	54150
禫	54151
纒	54152
騷	54153
齡	54154
Ạ	54155
‭	54156
佰	54157
黏	54158
▲	54159
嬰	54160
寞	54161
恼	54162
繻	54163
赂	54164
ఋ	54165
ሿ	54166
圳	54167
彭	54168
札	54169
Ҥ	54170
扑	54171
腎	54172
棟	54173
溉	54174
	54175
祕	54176
	54177
梭	54178
癵	54179
缸	54180
駛	54181
寇	54182
暈	54183
瑀	54184
賦	54185
铜	54186
冤	54187
筐	54188
谬	54189
辍	54190
椒	54191
緄	54192
	54193
宵	54194
疤	54195
鋪	54196
颇	54197
	54198
	54199
滕	54200
灿	54201
粪	54202
醋	54203
	54204
摂	54205
攔	54206
朽	54207
	54208
甉	54209
蔵	54210
咎	54211
磺	54212
銭	54213
筛	54214
茫	54215
	54216
縦	54217
鳳	54218
彎	54219
ゎ	54220
傍	54221
壘	54222
悦	54223
懇	54224
潰	54225
菠	54226
	54227
╣	54228
捡	54229
杭	54230
煉	54231
ऎ	54232
瓷	54233
畅	54234
骋	54235
ዂ	54236
楊	54237
蟿	54238
	54239
藻	54240
	54241
秤	54242
飓	54243
٭	54244
兢	54245
翔	54246
	54247
尴	54248
枢	54249
稚	54250
腫	54251
	54252
屡	54253
	54254
	54255
♥	54256
敞	54257
甅	54258
籌	54259
朴	54260
睫	54261
鉱	54262
ቩ	54263
榄	54264
舎	54265
谜	54266
踞	54267
ۓ	54268
蝗	54269
酮	54270
Ế	54271
噓	54272
淚	54273
	54274
亟	54275
箉	54276
驰	54277
	54278
彙	54279
砲	54280
莓	54281
諜	54282
俠	54283
╬	54284
伞	54285
倘	54286
皂	54287
Ӷ	54288
ঔ	54289
藐	54290
飘	54291
龜	54292
▁dald	54293
垦	54294
澈	54295
瞅	54296
蕉	54297
	54298
嗅	54299
郑	54300
酶	54301
	54302
ぴ	54303
攫	54304
砋	54305
癟	54306
貫	54307
懒	54308
耙	54309
蟻	54310
訝	54311
阔	54312
剃	54313
滨	54314
谣	54315
	54316
ጬ	54317
淺	54318
灘	54319
県	54320
肮	54321
舔	54322
頒	54323
刈	54324
蓮	54325
攞	54326
枠	54327
浆	54328
篊	54329
贬	54330
鸣	54331
熄	54332
胔	54333
裨	54334
	54335
顽	54336
騰	54337
ඍ	54338
琿	54339
衍	54340
廖	54341
搅	54342
綿	54343
釵	54344
陋	54345
	54346
∂	54347
癒	54348
瞏	54349
砫	54350
穖	54351
॥	54352
】	54353
瘟	54354
祐	54355
寮	54356
玷	54357
秂	54358
Ứ	54359
槟	54360
牟	54361
盎	54362
袍	54363
珃	54364
邓	54365
郴	54366
	54367
	54368
ˌ	54369
刃	54370
娯	54371
浑	54372
溝	54373
硉	54374
郷	54375
泵	54376
萎	54377
׳	54378
೯	54379
嗑	54380
坞	54381
蹭	54382
凄	54383
厦	54384
撫	54385
穎	54386
肞	54387
坟	54388
瞓	54389
斧	54390
烃	54391
	54392
屆	54393
窄	54394
縀	54395
【	54396
凑	54397
糸	54398
寥	54399
屌	54400
籇	54401
	54402
欖	54403
薛	54404
锐	54405
霜	54406
顕	54407
੩	54408
帖	54409
扼	54410
蹄	54411
鴨	54412
彰	54413
椰	54414
亭	54415
梳	54416
闖	54417
叮	54418
沫	54419
禜	54420
籐	54421
♬	54422
垄	54423
壽	54424
扉	54425
撇	54426
砃	54427
Ṭ	54428
囑	54429
歹	54430
琘	54431
┾	54432
嘱	54433
絤	54434
〜	54435
緗	54436
玲	54437
邸	54438
̋	54439
爐	54440
癥	54441
縒	54442
镖	54443
╯	54444
薦	54445
邑	54446
	54447
ӓ	54448
╈	54449
娼	54450
痒	54451
譴	54452
趙	54453
	54454
絆	54455
肾	54456
釘	54457
鍋	54458
俏	54459
懐	54460
桁	54461
犁	54462
萃	54463
	54464
噁	54465
蓟	54466
訟	54467
	54468
ํ	54469
彫	54470
氓	54471
绰	54472
芯	54473
	54474
仏	54475
庙	54476
洒	54477
璽	54478
硝	54479
籃	54480
閒	54481
凳	54482
咙	54483
橘	54484
襯	54485
顷	54486
勳	54487
淑	54488
臸	54489
诽	54490
蹦	54491
֊	54492
״	54493
肘	54494
ऍ	54495
崽	54496
彥	54497
濕	54498
	54499
喋	54500
浄	54501
痹	54502
緅	54503
縉	54504
駁	54505
	54506
恳	54507
衅	54508
鑒	54509
馋	54510
叨	54511
挚	54512
猟	54513
	54514
咧	54515
賃	54516
罖	54517
臩	54518
曝	54519
曰	54520
渺	54521
皿	54522
紳	54523
	54524
砞	54525
ؓ	54526
彌	54527
掏	54528
琎	54529
瑍	54530
膛	54531
吴	54532
懶	54533
漿	54534
礟	54535
簙	54536
纤	54537
臀	54538
褒	54539
鸽	54540
嘶	54541
崎	54542
檳	54543
渇	54544
瞻	54545
	54546
凈	54547
喽	54548
掙	54549
熙	54550
髒	54551
	54552
ྕ	54553
肅	54554
̩	54555
妃	54556
Ű	54557
掷	54558
诫	54559
銳	54560
	54561
燕	54562
铐	54563
霧	54564
	54565
侥	54566
潤	54567
誡	54568
鉛	54569
ĕ	54570
咕	54571
巷	54572
櫃	54573
閘	54574
ʌ	54575
矯	54576
丶	54577
婢	54578
舵	54579
ၽ	54580
┯	54581
姜	54582
鋭	54583
雹	54584
ʺ	54585
碾	54586
肋	54587
墻	54588
胤	54589
	54590
	54591
嚷	54592
孝	54593
掟	54594
醬	54595
隙	54596
鞠	54597
ၐ	54598
ㄨ	54599
屑	54600
磯	54601
虾	54602
╟	54603
柳	54604
虜	54605
	54606
ኧ	54607
┘	54608
壹	54609
惱	54610
扂	54611
鄧	54612
闡	54613
鸭	54614
੯	54615
嗜	54616
寵	54617
甦	54618
盃	54619
聾	54620
⁊	54621
搵	54622
栅	54623
汪	54624
籲	54625
钦	54626
	54627
椎	54628
ॊ	54629
咦	54630
峨	54631
	54632
☰	54633
畒	54634
鈍	54635
	54636
脄	54637
腨	54638
頸	54639
齒	54640
吋	54641
咸	54642
怯	54643
砖	54644
秃	54645
餌	54646
	54647
	54648
毗	54649
窖	54650
糞	54651
駝	54652
	54653
	54654
岡	54655
茉	54656
亥	54657
亵	54658
咀	54659
钞	54660
颂	54661
旷	54662
砯	54663
濒	54664
畄	54665
饲	54666
馏	54667
殭	54668
獅	54669
碝	54670
	54671
厢	54672
坤	54673
婶	54674
粟	54675
羬	54676
蟽	54677
ĺ	54678
噉	54679
滇	54680
	54681
ŕ	54682
卦	54683
嫂	54684
憩	54685
竤	54686
篈	54687
绵	54688
賄	54689
暱	54690
瓀	54691
秉	54692
惰	54693
龐	54694
傣	54695
哮	54696
揣	54697
桩	54698
榨	54699
	54700
趾	54701
墳	54702
婪	54703
檬	54704
穐	54705
艙	54706
贞	54707
駭	54708
〝	54709
辉	54710
೪	54711
ㄉ	54712
柵	54713
熔	54714
疎	54715
	54716
匂	54717
吏	54718
吕	54719
嗓	54720
夭	54721
擲	54722
乓	54723
冥	54724
妝	54725
殻	54726
殼	54727
沦	54728
绅	54729
髓	54730
≈	54731
嘎	54732
绞	54733
钵	54734
	54735
╪	54736
咽	54737
掐	54738
蝇	54739
邱	54740
閑	54741
渎	54742
珼	54743
錠	54744
◄	54745
喧	54746
痊	54747
粇	54748
衞	54749
詭	54750
狸	54751
畐	54752
鎊	54753
	54754
凿	54755
婿	54756
篤	54757
苛	54758
賠	54759
辫	54760
吝	54761
欽	54762
殉	54763
	54764
ぷ	54765
ゞ	54766
勺	54767
嚼	54768
瘫	54769
蔡	54770
ἐ	54771
圏	54772
磐	54773
粂	54774
馒	54775
僱	54776
熏	54777
玭	54778
眺	54779
繊	54780
苔	54781
豎	54782
	54783
ˉ	54784
೩	54785
྄	54786
₦	54787
儡	54788
纺	54789
蛾	54790
鑽	54791
崑	54792
掰	54793
瀑	54794
甶	54795
眷	54796
纏	54797
茅	54798
鴉	54799
忒	54800
栖	54801
灼	54802
糷	54803
缆	54804
慑	54805
罂	54806
僻	54807
掀	54808
浜	54809
渤	54810
糾	54811
芔	54812
◀	54813
碩	54814
袜	54815
阮	54816
撼	54817
烘	54818
祅	54819
蠅	54820
Ĥ	54821
抉	54822
眨	54823
乒	54824
凸	54825
惶	54826
淆	54827
篴	54828
觅	54829
轟	54830
鞍	54831
饑	54832
鼎	54833
	54834
悍	54835
栗	54836
	54837
	54838
恫	54839
烹	54840
馅	54841
	54842
冕	54843
劊	54844
匮	54845
岔	54846
沽	54847
臫	54848
隅	54849
鷹	54850
̗	54851
┷	54852
傭	54853
柠	54854
磖	54855
裴	54856
譲	54857
谦	54858
驢	54859
	54860
	54861
ḿ	54862
⇒	54863
烛	54864
蚁	54865
酿	54866
	54867
Ŕ	54868
੫	54869
璊	54870
睜	54871
脓	54872
臆	54873
	54874
嵐	54875
栓	54876
艱	54877
╰	54878
侗	54879
剔	54880
烫	54881
瓊	54882
諦	54883
駅	54884
⌒	54885
➞	54886
耿	54887
	54888
呜	54889
噬	54890
梨	54891
窩	54892
竡	54893
絃	54894
ㄑ	54895
慾	54896
拭	54897
挟	54898
磕	54899
	54900
ඃ	54901
廟	54902
瑼	54903
綢	54904
谛	54905
墩	54906
搐	54907
渊	54908
癮	54909
糵	54910
跤	54911
雰	54912
	54913
	54914
哑	54915
拶	54916
淀	54917
緯	54918
纱	54919
艳	54920
蟺	54921
※	54922
泌	54923
甥	54924
痪	54925
篘	54926
翘	54927
賀	54928
踐	54929
驼	54930
ኆ	54931
∏	54932
驴	54933
齣	54934
	54935
┐	54936
✕	54937
痌	54938
骆	54939
ŗ	54940
ڠ	54941
઼	54942
呻	54943
忏	54944
拇	54945
玦	54946
碱	54947
穞	54948
劉	54949
竕	54950
舘	54951
鍾	54952
冀	54953
呕	54954
嬢	54955
掴	54956
碔	54957
諱	54958
	54959
墟	54960
拎	54961
碙	54962
筈	54963
ɕ	54964
ɹ	54965
剝	54966
岌	54967
蟹	54968
韌	54969
೬	54970
〞	54971
ゝ	54972
喲	54973
嘸	54974
噛	54975
聐	54976
饵	54977
攪	54978
櫻	54979
皌	54980
鍛	54981
驯	54982
鳄	54983
	54984
蒼	54985
贤	54986
撈	54987
瑜	54988
罠	54989
蝦	54990
	54991
	54992
੬	54993
煌	54994
瘸	54995
禾	54996
綺	54997
ႀ	54998
‧	54999
羡	55000
芲	55001
	55002
墊	55003
毖	55004
緝	55005
斃	55006
痺	55007
缚	55008
胱	55009
锥	55010
	55011
̯	55012
ㄣ	55013
娛	55014
恺	55015
甭	55016
纬	55017
锤	55018
	55019
	55020
Ệ	55021
呦	55022
墅	55023
恪	55024
苷	55025
	55026
	55027
┶	55028
唷	55029
棲	55030
瑌	55031
眃	55032
緓	55033
瞪	55034
篩	55035
肕	55036
蘑	55037
锦	55038
饋	55039
殆	55040
猠	55041
莽	55042
餵	55043
鵬	55044
	55045
	55046
೫	55047
冧	55048
尻	55049
泼	55050
溅	55051
粆	55052
膳	55053
육	55054
₫	55055
呸	55056
皗	55057
硓	55058
锻	55059
颤	55060
ʎ	55061
㞢	55062
嗷	55063
撿	55064
朆	55065
淪	55066
편	55067
	55068
喩	55069
畔	55070
	55071
	55072
亜	55073
孺	55074
揃	55075
昵	55076
桂	55077
燔	55078
侏	55079
廈	55080
锯	55081
鹽	55082
	55083
呗	55084
唾	55085
棗	55086
瘍	55087
锚	55088
	55089
吱	55090
盌	55091
縷	55092
蠀	55093
ੲ	55094
ଐ	55095
Ớ	55096
崭	55097
矣	55098
筂	55099
铝	55100
髦	55101
Ӄ	55102
༥	55103
恆	55104
胚	55105
萧	55106
ֲ	55107
忿	55108
攤	55109
琨	55110
镀	55111
	55112
Ộ	55113
咩	55114
尷	55115
拽	55116
狾	55117
	55118
ʕ	55119
└	55120
匀	55121
徘	55122
斕	55123
籜	55124
賂	55125
鹤	55126
؂	55127
嗡	55128
嗽	55129
渭	55130
璝	55131
砏	55132
芮	55133
	55134
皚	55135
禧	55136
絪	55137
蟼	55138
	55139
凹	55140
崙	55141
誼	55142
	55143
棱	55144
橱	55145
濾	55146
煞	55147
簧	55148
肛	55149
	55150
〡	55151
冯	55152
喃	55153
渾	55154
瞺	55155
窍	55156
綾	55157
鋒	55158
	55159
⁪	55160
▵	55161
▿	55162
噂	55163
璓	55164
谭	55165
壶	55166
徊	55167
祟	55168
紁	55169
襟	55170
踹	55171
軒	55172
೮	55173
Ề	55174
啞	55175
飄	55176
剰	55177
扛	55178
挛	55179
篏	55180
綤	55181
鯨	55182
೭	55183
亩	55184
咆	55185
瞳	55186
笹	55187
	55188
倪	55189
囱	55190
拌	55191
	55192
	55193
ኍ	55194
仑	55195
侪	55196
刹	55197
廂	55198
腑	55199
諧	55200
趨	55201
靶	55202
	55203
ॲ	55204
烙	55205
燭	55206
瘂	55207
禥	55208
縸	55209
蒜	55210
螂	55211
̨	55212
啱	55213
婉	55214
暢	55215
槛	55216
袒	55217
怡	55218
秏	55219
竖	55220
錶	55221
	55222
౦	55223
ぉ	55224
旳	55225
洩	55226
甁	55227
隘	55228
伎	55229
凤	55230
孵	55231
焗	55232
癲	55233
紗	55234
緍	55235
锭	55236
	55237
ฌ	55238
ኁ	55239
幌	55240
彦	55241
泻	55242
焉	55243
玶	55244
礩	55245
稬	55246
	55247
	55248
垣	55249
蚌	55250
蠟	55251
贮	55252
ઋ	55253
෴	55254
ቔ	55255
ṃ	55256
ῖ	55257
▄	55258
咄	55259
坍	55260
崗	55261
洄	55262
犀	55263
磝	55264
腓	55265
赡	55266
馨	55267
	55268
傘	55269
勻	55270
拙	55271
梗	55272
毅	55273
浇	55274
琂	55275
耑	55276
	55277
	55278
匕	55279
啪	55280
嘩	55281
妍	55282
瑕	55283
羭	55284
耚	55285
蜥	55286
亢	55287
壌	55288
憨	55289
擒	55290
絢	55291
貶	55292
Ď	55293
൪	55294
൯	55295
Ậ	55296
樱	55297
橛	55298
	55299
➾	55300
帘	55301
帜	55302
撬	55303
耴	55304
韶	55305
	55306
Ŭ	55307
┢	55308
恿	55309
斟	55310
犢	55311
珸	55312
痢	55313
遴	55314
鬱	55315
悯	55316
捫	55317
猋	55318
秦	55319
	55320
擂	55321
濯	55322
癫	55323
稴	55324
罹	55325
袱	55326
鉤	55327
嘟	55328
庶	55329
殷	55330
脋	55331
葱	55332
੭	55333
━	55334
呒	55335
岆	55336
濫	55337
绸	55338
藕	55339
裘	55340
੮	55341
攜	55342
炖	55343
窽	55344
Ắ	55345
杏	55346
滔	55347
粿	55348
虱	55349
铆	55350
倩	55351
劈	55352
畕	55353
痘	55354
籹	55355
钝	55356
ὁ	55357
╝	55358
廓	55359
璂	55360
疵	55361
萌	55362
褂	55363
ヵ	55364
吠	55365
庁	55366
秅	55367
紊	55368
	55369
丐	55370
瑆	55371
砐	55372
蝎	55373
跺	55374
骇	55375
鯊	55376
鲤	55377
齋	55378
ऩ	55379
塘	55380
妲	55381
斩	55382
湧	55383
爻	55384
辊	55385
酯	55386
ʔ	55387
➤	55388
嘔	55389
戯	55390
搗	55391
琐	55392
籈	55393
肸	55394
藩	55395
鴿	55396
	55397
	55398
呑	55399
娇	55400
岭	55401
淤	55402
灸	55403
獴	55404
釜	55405
媳	55406
憋	55407
赃	55408
	55409
Ꮍ	55410
⇧	55411
壕	55412
玵	55413
癩	55414
窰	55415
粧	55416
ɜ	55417
彗	55418
斉	55419
榻	55420
獁	55421
眒	55422
祑	55423
綻	55424
舷	55425
蟑	55426
馳	55427
	55428
癢	55429
祍	55430
穛	55431
躇	55432
	55433
噹	55434
揉	55435
摒	55436
楞	55437
讐	55438
轿	55439
魄	55440
Ȧ	55441
ʇ	55442
༣	55443
╭	55444
圃	55445
焕	55446
鈔	55447
༢	55448
༧	55449
ፄ	55450
冶	55451
沐	55452
漲	55453
缶	55454
褥	55455
顎	55456
	55457
̶	55458
叢	55459
哒	55460
妬	55461
崛	55462
畸	55463
盠	55464
硅	55465
ഋ	55466
ぢ	55467
诬	55468
躯	55469
骯	55470
	55471
	55472
倖	55473
硚	55474
笺	55475
篖	55476
糂	55477
腻	55478
舮	55479
苇	55480
苟	55481
駱	55482
嗦	55483
淵	55484
睾	55485
窺	55486
粥	55487
诶	55488
̤	55489
ㄛ	55490
唠	55491
毋	55492
灑	55493
燙	55494
筵	55495
蔗	55496
踝	55497
	55498
ඓ	55499
□	55500
潦	55501
竿	55502
糉	55503
襪	55504
麓	55505
	55506
	55507
	55508
	55509
喱	55510
暨	55511
桿	55512
珆	55513
甀	55514
籩	55515
茵	55516
褻	55517
	55518
	55519
拢	55520
氰	55521
瑣	55522
穓	55523
纐	55524
蹴	55525
═	55526
渦	55527
碪	55528
蜴	55529
酥	55530
鑄	55531
霞	55532
오	55533
	55534
婷	55535
搾	55536
疮	55537
綝	55538
蹿	55539
	55540
║	55541
朕	55542
穹	55543
縞	55544
Ể	55545
屉	55546
恙	55547
拱	55548
瀆	55549
縄	55550
钚	55551
Ự	55552
啼	55553
嫖	55554
惚	55555
澆	55556
碘	55557
閲	55558
闸	55559
髄	55560
	55561
ɦ	55562
ㄐ	55563
姥	55564
樸	55565
甠	55566
縤	55567
诠	55568
诵	55569
	55570
┫	55571
娟	55572
斬	55573
眀	55574
篋	55575
蔭	55576
薰	55577
蚂	55578
산	55579
	55580
▆	55581
♠	55582
怂	55583
殃	55584
銬	55585
성	55586
	55587
ヮ	55588
凰	55589
尹	55590
惫	55591
曬	55592
渋	55593
珂	55594
瘘	55595
簾	55596
艶	55597
钠	55598
	55599
傀	55600
孢	55601
穗	55602
紮	55603
綜	55604
錬	55605
韵	55606
Ľ	55607
ۀ	55608
┈	55609
嗶	55610
姫	55611
泞	55612
疦	55613
芋	55614
誣	55615
钴	55616
조	55617
✅	55618
哗	55619
斋	55620
枷	55621
瞡	55622
瞨	55623
祔	55624
窘	55625
鶏	55626
	55627
	55628
嗇	55629
嗝	55630
恍	55631
悚	55632
涡	55633
獗	55634
珨	55635
琠	55636
羨	55637
蛍	55638
袓	55639
飙	55640
	55641
	55642
	55643
Ợ	55644
厥	55645
叱	55646
斎	55647
晦	55648
竣	55649
縊	55650
缪	55651
蒲	55652
蹂	55653
颖	55654
	55655
	55656
	55657
	55658
	55659
ɨ	55660
ᵻ	55661
ヅ	55662
囤	55663
坨	55664
孀	55665
彷	55666
歎	55667
滝	55668
鋸	55669
鑿	55670
	55671
嚨	55672
爍	55673
玼	55674
祂	55675
蚤	55676
饪	55677
	55678
	55679
	55680
	55681
	55682
	55683
ㄌ	55684
擱	55685
澜	55686
猖	55687
瑻	55688
畓	55689
糦	55690
缮	55691
菓	55692
蚕	55693
赘	55694
鬍	55695
乜	55696
垢	55697
拚	55698
掺	55699
篗	55700
綱	55701
緇	55702
賸	55703
辙	55704
鍊	55705
铸	55706
骷	55707
鱿	55708
	55709
	55710
╲	55711
玙	55712
琭	55713
疶	55714
疽	55715
秽	55716
穂	55717
籋	55718
馴	55719
	55720
ㄥ	55721
峙	55722
桔	55723
桨	55724
糴	55725
绒	55726
绷	55727
국	55728
	55729
	55730
ǜ	55731
〨	55732
幔	55733
瞯	55734
阪	55735
颅	55736
	55737
Ầ	55738
❌	55739
剿	55740
哆	55741
噎	55742
嶺	55743
拈	55744
殡	55745
猥	55746
繬	55747
⋆	55748
抨	55749
毘	55750
涸	55751
玪	55752
疩	55753
眩	55754
禿	55755
稠	55756
parser	55757
┑	55758
僑	55759
啃	55760
懺	55761
掂	55762
琅	55763
磀	55764
诋	55765
	55766
ɲ	55767
ሢ	55768
Ẩ	55769
晉	55770
沌	55771
畊	55772
粛	55773
╊	55774
倔	55775
嗚	55776
塢	55777
慚	55778
稭	55779
辿	55780
黐	55781
스	55782
	55783
	55784
↖	55785
┚	55786
俐	55787
浣	55788
淌	55789
濱	55790
痥	55791
糃	55792
萍	55793
蠈	55794
謗	55795
	55796
	55797
	55798
⟨	55799
惮	55800
攏	55801
脇	55802
茸	55803
黯	55804
	55805
ઔ	55806
噜	55807
噶	55808
珹	55809
疍	55810
瞰	55811
茹	55812
	55813
ˆ	55814
┿	55815
╢	55816
⟩	55817
嘍	55818
祏	55819
粵	55820
鉆	55821
闺	55822
	55823
	55824
	55825
٫	55826
≫	55827
┻	55828
坯	55829
緋	55830
臚	55831
荧	55832
跛	55833
鳍	55834
ᐅ	55835
∑	55836
涴	55837
猘	55838
盳	55839
筳	55840
絫	55841
∧	55842
伶	55843
侬	55844
刽	55845
嘻	55846
朔	55847
楕	55848
硁	55849
蕊	55850
裳	55851
진	55852
	55853
侖	55854
氪	55855
烬	55856
礥	55857
箔	55858
羣	55859
耫	55860
蛸	55861
輿	55862
顫	55863
	55864
	55865
儆	55866
岂	55867
彬	55868
捌	55869
摯	55870
甤	55871
碉	55872
糤	55873
罽	55874
翹	55875
覲	55876
蹋	55877
銫	55878
鏢	55879
	55880
	55881
	55882
媲	55883
戛	55884
梢	55885
沛	55886
皱	55887
臼	55888
	55889
	55890
	55891
	55892
ㄎ	55893
乸	55894
咻	55895
唄	55896
啄	55897
坂	55898
埗	55899
憧	55900
曇	55901
烁	55902
琁	55903
琕	55904
璹	55905
疨	55906
舗	55907
컬	55908
	55909
	55910
Ǫ	55911
੪	55912
Ὅ	55913
丄	55914
湠	55915
羚	55916
霹	55917
頗	55918
骼	55919
鹦	55920
	55921
	55922
	55923
哔	55924
搓	55925
欸	55926
滲	55927
玐	55928
繕	55929
茬	55930
踵	55931
฿	55932
ཝ	55933
ႊ	55934
喵	55935
琢	55936
琦	55937
盚	55938
瞩	55939
碽	55940
褪	55941
蹩	55942
躏	55943
어	55944
한	55945
	55946
Ŷ	55947
ጱ	55948
啧	55949
榈	55950
猀	55951
秙	55952
蕴	55953
	55954
╇	55955
厮	55956
砌	55957
臊	55958
赵	55959
钾	55960
锰	55961
韜	55962
	55963
ጯ	55964
ឳ	55965
Ỏ	55966
嗤	55967
廻	55968
懊	55969
桅	55970
瑅	55971
盝	55972
锈	55973
	55974
	55975
Ǎ	55976
̰	55977
┆	55978
廝	55979
瀕	55980
碕	55981
繭	55982
羱	55983
錨	55984
靼	55985
韧	55986
剁	55987
吭	55988
捎	55989
樑	55990
糗	55991
糙	55992
蛊	55993
轎	55994
ٔ	55995
♡	55996
坻	55997
壺	55998
嬷	55999
嬸	56000
渝	56001
畝	56002
篶	56003
讪	56004
邋	56005
髅	56006
鹉	56007
	56008
ˋ	56009
▅	56010
奄	56011
嶼	56012
暁	56013
曙	56014
渲	56015
琥	56016
盪	56017
禅	56018
繵	56019
膩	56020
蠂	56021
蠱	56022
錘	56023
	56024
	56025
ㄘ	56026
楠	56027
篱	56028
膁	56029
虞	56030
遢	56031
郸	56032
陨	56033
	56034
	56035
┠	56036
゚	56037
惦	56038
滓	56039
潑	56040
珺	56041
癱	56042
箂	56043
簗	56044
繳	56045
螃	56046
遛	56047
醺	56048
钳	56049
靖	56050
ઐ	56051
ㄟ	56052
岐	56053
樁	56054
瀬	56055
皏	56056
睪	56057
竛	56058
翩	56059
葩	56060
靓	56061
	56062
ɫ	56063
┟	56064
☒	56065
嚣	56066
枫	56067
橇	56068
檸	56069
疪	56070
罄	56071
肂	56072
鞑	56073
	56074
₤	56075
∀	56076
湛	56077
烊	56078
瘩	56079
瘪	56080
硆	56081
礮	56082
缀	56083
罝	56084
鴻	56085
	56086
	56087
	56088
≧	56089
⋅	56090
❚	56091
俳	56092
呋	56093
呱	56094
孜	56095
彊	56096
撓	56097
毆	56098
渍	56099
甃	56100
矰	56101
禟	56102
禤	56103
穘	56104
菸	56105
遼	56106
酊	56107
醛	56108
鈄	56109
鏟	56110
鼬	56111
	56112
唸	56113
嘀	56114
攷	56115
滌	56116
漬	56117
潻	56118
禯	56119
紉	56120
謢	56121
餡	56122
	56123
	56124
➡	56125
寐	56126
拧	56127
拴	56128
氦	56129
炬	56130
璍	56131
疙	56132
絴	56133
萤	56134
鉢	56135
	56136
	56137
╋	56138
卯	56139
愣	56140
滦	56141
瞌	56142
籽	56143
絨	56144
纍	56145
蕃	56146
蝕	56147
訛	56148
	56149
	56150
╄	56151
ぅ	56152
咚	56153
孬	56154
寢	56155
帷	56156
彿	56157
拣	56158
獼	56159
皐	56160
眯	56161
硷	56162
綟	56163
觐	56164
釀	56165
雏	56166
霆	56167
	56168
	56169
┎	56170
〃	56171
掣	56172
櫥	56173
絑	56174
纖	56175
羹	56176
苝	56177
蟀	56178
覗	56179
遁	56180
酩	56181
	56182
͡	56183
൦	56184
啫	56185
帚	56186
捂	56187
椭	56188
狺	56189
碯	56190
秎	56191
窜	56192
筏	56193
箫	56194
綽	56195
縬	56196
荊	56197
豌	56198
轩	56199
鄂	56200
镯	56201
Ḿ	56202
宕	56203
屯	56204
巖	56205
拗	56206
捶	56207
洼	56208
瘀	56209
眈	56210
砾	56211
胯	56212
萘	56213
蠕	56214
鑲	56215
	56216
ᵽ	56217
≡	56218
丿	56219
吮	56220
唧	56221
忱	56222
惭	56223
戊	56224
戟	56225
柿	56226
檐	56227
歼	56228
濡	56229
猝	56230
甝	56231
砓	56232
磞	56233
竮	56234
緻	56235
脹	56236
腮	56237
舠	56238
茧	56239
迂	56240
酝	56241
驭	56242
	56243
ʈ	56244
◊	56245
☎	56246
嚕	56247
巒	56248
泮	56249
漩	56250
焙	56251
狽	56252
玜	56253
痫	56254
紡	56255
絹	56256
芞	56257
荆	56258
菁	56259
蟋	56260
輟	56261
酰	56262
	56263
	56264
	56265
ߦ	56266
呛	56267
慫	56268
煲	56269
璏	56270
疉	56271
盏	56272
盹	56273
芖	56274
讳	56275
鐲	56276
閥	56277
颊	56278
鳕	56279
	56280
	56281
	56282
ቜ	56283
Ữ	56284
兀	56285
棧	56286
珈	56287
瑾	56288
痞	56289
笻	56290
綪	56291
纉	56292
翺	56293
腌	56294
	56295
	56296
ˊ	56297
↩	56298
叽	56299
嘞	56300
拂	56301
撅	56302
瓃	56303
皺	56304
瞑	56305
磣	56306
礨	56307
竅	56308
糛	56309
繆	56310
胰	56311
腢	56312
苑	56313
貍	56314
	56315
	56316
	56317
໊	56318
◦	56319
俟	56320
呎	56321
弛	56322
灶	56323
瘠	56324
祿	56325
縡	56326
绽	56327
菩	56328
谟	56329
軀	56330
輻	56331
迺	56332
頰	56333
鹫	56334
	56335
	56336
ǖ	56337
匍	56338
噠	56339
嬌	56340
彀	56341
掳	56342
栈	56343
渓	56344
琗	56345
睭	56346
瞣	56347
笰	56348
糔	56349
蔥	56350
賑	56351
蹊	56352
鄭	56353
镰	56354
	56355
	56356
	56357
	56358
ଔ	56359
噗	56360
噸	56361
捗	56362
樽	56363
疱	56364
睽	56365
禭	56366
蟒	56367
谚	56368
貂	56369
軛	56370
韻	56371
	56372
	56373
̓	56374
≪	56375
嚏	56376
婁	56377
屹	56378
撩	56379
攆	56380
槌	56381
炙	56382
狒	56383
皈	56384
眞	56385
睝	56386
籓	56387
翡	56388
翧	56389
腷	56390
葫	56391
蚱	56392
蛀	56393
蜚	56394
豢	56395
轍	56396
阉	56397
鲑	56398
Ϋ	56399
ၤ	56400
嚐	56401
朮	56402
杅	56403
沥	56404
洙	56405
燉	56406
琉	56407
璆	56408
痉	56409
瞈	56410
礷	56411
禀	56412
簸	56413
纓	56414
膒	56415
芜	56416
蒋	56417
蓉	56418
錐	56419
鎧	56420
鷲	56421
	56422
՟	56423
ਞ	56424
ㄒ	56425
勅	56426
勛	56427
曦	56428
湄	56429
痩	56430
瞥	56431
祀	56432
禔	56433
糥	56434
繃	56435
羇	56436
艷	56437
諺	56438
诲	56439
雁	56440
飆	56441
이	56442
	56443
ٗ	56444
ฃ	56445
ἀ	56446
╡	56447
➌	56448
叁	56449
妾	56450
姪	56451
熨	56452
璖	56453
痲	56454
睬	56455
砵	56456
粁	56457
糐	56458
缕	56459
膌	56460
艹	56461
詫	56462
諗	56463
ꦣ	56464
	56465
	56466
	56467
	56468
	56469
╂	56470
娄	56471
幟	56472
捱	56473
稧	56474
芦	56475
荘	56476
觹	56477
鐐	56478
	56479
	56480
	56481
Ѝ	56482
匐	56483
屜	56484
枭	56485
玌	56486
硙	56487
筝	56488
筷	56489
羥	56490
翷	56491
胐	56492
苂	56493
螞	56494
詮	56495
鱷	56496
	56497
	56498
	56499
ෟ	56500
仨	56501
劾	56502
狵	56503
琄	56504
礢	56505
穡	56506
篒	56507
粽	56508
縐	56509
绣	56510
膙	56511
蜒	56512
蠉	56513
譚	56514
鋳	56515
锌	56516
의	56517
	56518
	56519
	56520
ਃ	56521
◗	56522
刨	56523
忡	56524
擢	56525
涛	56526
笃	56527
籸	56528
縋	56529
耸	56530
胑	56531
蝨	56532
讕	56533
贅	56534
鸥	56535
	56536
	56537
	56538
ԏ	56539
ឰ	56540
Ἔ	56541
₣	56542
₪	56543
孪	56544
尧	56545
悴	56546
抯	56547
檯	56548
漕	56549
澎	56550
紏	56551
緹	56552
翭	56553
胴	56554
苆	56555
葦	56556
詠	56557
钛	56558
镉	56559
霾	56560
饺	56561
黴	56562
Ŗ	56563
ᄋ	56564
〆	56565
呣	56566
嗬	56567
埂	56568
孚	56569
峇	56570
憔	56571
涜	56572
涩	56573
湮	56574
皙	56575
眣	56576
絙	56577
腱	56578
膘	56579
鍍	56580
閨	56581
	56582
	56583
	56584
ἱ	56585
➊	56586
叼	56587
喰	56588
嚢	56589
擰	56590
瘓	56591
糜	56592
緼	56593
羈	56594
耣	56595
苞	56596
荫	56597
荼	56598
萱	56599
贓	56600
郝	56601
頬	56602
Ỉ	56603
Ử	56604
ἰ	56605
┛	56606
┸	56607
冉	56608
啬	56609
憬	56610
攒	56611
旭	56612
涤	56613
狈	56614
畖	56615
痔	56616
礜	56617
筧	56618
耆	56619
阂	56620
鳏	56621
	56622
	56623
ɴ	56624
嗒	56625
嘭	56626
塚	56627
姚	56628
屐	56629
搔	56630
濤	56631
獾	56632
玨	56633
絘	56634
缇	56635
膞	56636
覓	56637
謳	56638
霰	56639
	56640
	56641
	56642
儂	56643
揆	56644
旖	56645
楣	56646
汹	56647
璵	56648
砦	56649
緔	56650
绢	56651
膍	56652
迸	56653
酉	56654
镶	56655
鶴	56656
	56657
ֱ	56658
ఝ	56659
ፂ	56660
凛	56661
唏	56662
帧	56663
撷	56664
槳	56665
濺	56666
皎	56667
睤	56668
稟	56669
窑	56670
綫	56671
羟	56672
蓿	56673
褶	56674
镁	56675
鹹	56676
	56677
	56678
️	56679
┵	56680
兌	56681
嗌	56682
孰	56683
庚	56684
憊	56685
汐	56686
潢	56687
潭	56688
煥	56689
砈	56690
砒	56691
砪	56692
祡	56693
羖	56694
翱	56695
耂	56696
菱	56697
詼	56698
躊	56699
隕	56700
雳	56701
靚	56702
	56703
Ἀ	56704
∠	56705
咔	56706
岬	56707
徨	56708
撘	56709
獿	56710
瓂	56711
瞊	56712
禘	56713
竄	56714
縩	56715
绥	56716
缄	56717
腉	56718
膿	56719
蜿	56720
誒	56721
謔	56722
迥	56723
陡	56724
ቯ	56725
▴	56726
剐	56727
媛	56728
拮	56729
痻	56730
眡	56731
篟	56732
緿	56733
腍	56734
腶	56735
臱	56736
芅	56737
蕭	56738
蘸	56739
蠔	56740
醸	56741
銜	56742
阈	56743
鞏	56744
麋	56745
	56746
	56747
	56748
	56749
仝	56750
坷	56751
寘	56752
彪	56753
抡	56754
摻	56755
曖	56756
滯	56757
牒	56758
痰	56759
痸	56760
睴	56761
碮	56762
窲	56763
篝	56764
艮	56765
謨	56766
鐮	56767
	56768
	56769
	56770
	56771
	56772
	56773
ဴ	56774
┺	56775
✖	56776
➜	56777
咏	56778
嘮	56779
掻	56780
撂	56781
殁	56782
禴	56783
篾	56784
籏	56785
絮	56786
蠋	56787
邂	56788
醡	56789
霓	56790
颶	56791
종	56792
	56793
Արա	56794
Գեղեց	56795
☺	56796
㐲	56797
㨂	56798
㼯	56799
丗	56800
凋	56801
剎	56802
剽	56803
勆	56804
厐	56805
埞	56806
屢	56807
崴	56808
弑	56809
梏	56810
椿	56811
溮	56812
漱	56813
盺	56814
睐	56815
睟	56816
竝	56817
笪	56818
纕	56819
耰	56820
脷	56821
蛎	56822
蟎	56823
衹	56824
貤	56825
逅	56826
酢	56827
钙	56828
饢	56829
驟	56830
魷	56831
로	56832
	56833
	56834
༦	56835
༨	56836
༼	56837
༽	56838
⌦	56839
桎	56840
沪	56841
燬	56842
瓮	56843
甐	56844
畳	56845
癇	56846
盥	56847
硋	56848
碈	56849
绎	56850
绯	56851
臛	56852
莅	56853
蠁	56854
鞘	56855
駒	56856
ȧ	56857
̪	56858
༆	56859
༤	56860
⌫	56861
卤	56862
叟	56863
啶	56864
嫻	56865
楔	56866
涧	56867
瀚	56868
皋	56869
盂	56870
禄	56871
耎	56872
芹	56873
蔻	56874
讷	56875
诌	56876
跷	56877
遡	56878
飪	56879
馮	56880
	56881
	56882
	56883
ㄅ	56884
宦	56885
弈	56886
惋	56887
敛	56888
猅	56889
瘁	56890
硼	56891
碒	56892
礘	56893
穕	56894
繡	56895
襄	56896
钽	56897
镭	56898
요	56899
	56900
	56901
Ƥ	56902
ȋ	56903
ɥ	56904
ӿ	56905
ڣ	56906
☉	56907
勲	56908
嘣	56909
姗	56910
巅	56911
晟	56912
檻	56913
湃	56914
琡	56915
痓	56916
稸	56917
笞	56918
緘	56919
苳	56920
鎌	56921
鱗	56922
鳩	56923
사	56924
	56925
	56926
	56927
	56928
	56929
➔	56930
僮	56931
壩	56932
峭	56933
忤	56934
桜	56935
涝	56936
瑇	56937
粑	56938
茁	56939
蜗	56940
覂	56941
顱	56942
鬮	56943
	56944
	56945
	56946
	56947
	56948
₧	56949
❤	56950
佽	56951
俸	56952
啜	56953
妦	56954
弼	56955
撸	56956
柚	56957
淳	56958
瘡	56959
硃	56960
祙	56961
禪	56962
稯	56963
稺	56964
竳	56965
筥	56966
籬	56967
绌	56968
舩	56969
茴	56970
莢	56971
蛆	56972
誹	56973
铍	56974
骡	56975
	56976
	56977
	56978
	56979
Ặ	56980
₹	56981
⌘	56982
ㄧ	56983
嚮	56984
惘	56985
潇	56986
琶	56987
瑶	56988
盕	56989
籮	56990
籷	56991
缎	56992
罔	56993
腋	56994
蜻	56995
蟆	56996
褓	56997
踱	56998
镣	56999
鲭	57000
鼾	57001
년	57002
단	57003
	57004
ὅ	57005
╩	57006
♩	57007
侩	57008
僊	57009
嚓	57010
恬	57011
掖	57012
敕	57013
枣	57014
淄	57015
漑	57016
猐	57017
痼	57018
碴	57019
祜	57020
箋	57021
紾	57022
胦	57023
膟	57024
芉	57025
菈	57026
薊	57027
鉗	57028
铛	57029
雯	57030
鞄	57031
韭	57032
기	57033
자	57034
	57035
	57036
	57037
	57038
Ŧ	57039
ˀ	57040
ҧ	57041
٬	57042
஛	57043
ၥ	57044
៿	57045
╅	57046
塁	57047
娣	57048
嬪	57049
敝	57050
斂	57051
桐	57052
桦	57053
潟	57054
炔	57055
猁	57056
癐	57057
睳	57058
碸	57059
磂	57060
礫	57061
纫	57062
罿	57063
芄	57064
苜	57065
蔔	57066
蚓	57067
蚯	57068
迢	57069
鲣	57070
	57071
	57072
	57073
	57074
	57075
	57076
̂	57077
Ẻ	57078
⌊	57079
⌋	57080
孑	57081
恣	57082
瑄	57083
痣	57084
盰	57085
眸	57086
砷	57087
竬	57088
纗	57089
蜓	57090
衙	57091
袁	57092
韁	57093
馱	57094
髭	57095
鳗	57096
鳞	57097
	57098
	57099
	57100
	57101
	57102
	57103
ၡ	57104
⁭	57105
➋	57106
ㄍ	57107
咫	57108
弩	57109
恃	57110
悸	57111
摁	57112
暧	57113
栩	57114
梆	57115
楛	57116
檀	57117
欑	57118
獭	57119
玸	57120
玺	57121
肴	57122
莖	57123
貉	57124
赈	57125
酣	57126
铎	57127
鳅	57128
黧	57129
	57130
	57131
	57132
	57133
	57134
	57135
	57136
ऴ	57137
ၸ	57138
╚	57139
ㄩ	57140
㗎	57141
亀	57142
偕	57143
凵	57144
嶄	57145
淩	57146
猂	57147
珮	57148
痝	57149
笙	57150
箕	57151
簑	57152
紂	57153
絯	57154
脯	57155
腁	57156
莺	57157
螳	57158
谕	57159
鑣	57160
锢	57161
闢	57162
馑	57163
지	57164
	57165
	57166
	57167
	57168
	57169
	57170
丞	57171
冢	57172
吽	57173
攙	57174
氫	57175
涮	57176
璜	57177
睰	57178
筍	57179
緞	57180
羯	57181
胓	57182
腣	57183
舜	57184
蓓	57185
赭	57186
霄	57187
颓	57188
麝	57189
麟	57190
	57191
	57192
	57193
	57194
	57195
˂	57196
ӊ	57197
ٕ	57198
ḩ	57199
ḳ	57200
ὸ	57201
⌈	57202
⌉	57203
✗	57204
嘯	57205
坴	57206
娴	57207
愕	57208
挾	57209
樞	57210
瀉	57211
瓢	57212
穒	57213
窯	57214
窿	57215
箄	57216
篅	57217
蚣	57218
蜀	57219
蜈	57220
醴	57221
靂	57222
구	57223
	57224
	57225
	57226
	57227
ѣ	57228
Ễ	57229
ῦ	57230
┖	57231
╦	57232
唁	57233
唖	57234
嘈	57235
孳	57236
巳	57237
抒	57238
杵	57239
榆	57240
漾	57241
澀	57242
澪	57243
燄	57244
猤	57245
礡	57246
笏	57247
籄	57248
籕	57249
聡	57250
舐	57251
苣	57252
蜷	57253
螤	57254
邢	57255
鲈	57256
	57257
	57258
	57259
ᾶ	57260
ῶ	57261
█	57262
ㄚ	57263
囁	57264
婓	57265
嬴	57266
徉	57267
懵	57268
拄	57269
摈	57270
暹	57271
汛	57272
漓	57273
濑	57274
狤	57275
玅	57276
癨	57277
癹	57278
硊	57279
篕	57280
纨绔	57281
萦	57282
蒿	57283
蜢	57284
誊	57285
諮	57286
譏	57287
跚	57288
銹	57289
鲶	57290
鶉	57291
鹑	57292
방	57293
	57294
	57295
	57296
ʾ	57297
಼	57298
ဪ	57299
ὶ	57300
〟	57301
丕	57302
嗆	57303
弔	57304
惺	57305
抠	57306
樟	57307
漯	57308
潺	57309
濁	57310
燼	57311
癴	57312
碵	57313
秧	57314
籡	57315
絩	57316
缰	57317
羦	57318
胕	57319
臦	57320
藹	57321
蝸	57322
蠍	57323
釐	57324
鎘	57325
钶	57326
锂	57327
頹	57328
鲛	57329
鵪	57330
麒	57331
麸	57332
	57333
	57334
	57335
	57336
	57337
ၠ	57338
ၻ	57339
ḱ	57340
Ῥ	57341
⁪⁪⁪	57342
▇	57343
俚	57344
俞	57345
剌	57346
卉	57347
攢	57348
榔	57349
涓	57350
犸	57351
琖	57352
琛	57353
甽	57354
矜	57355
砑	57356
稵	57357
籊	57358
繴	57359
荤	57360
蜃	57361
裆	57362
裱	57363
醌	57364
鎔	57365
铢	57366
黜	57367
	57368
	57369
	57370
	57371
ȩ	57372
ऌ	57373
唑	57374
屄	57375
峈	57376
帛	57377
搪	57378
攣	57379
梓	57380
榖	57381
浊	57382
浙	57383
漉	57384
潸	57385
獠	57386
玊	57387
痽	57388
磔	57389
紽	57390
纄	57391
脐	57392
臍	57393
臕	57394
舽	57395
蛭	57396
谘	57397
霖	57398
餞	57399
髏	57400
鸵	57401
龊	57402
龌	57403
대	57404
	57405
	57406
	57407
	57408
	57409
	57410
	57411
׶	57412
ஔ	57413
ὰ	57414
◎	57415
剋	57416
吡	57417
喳喳	57418
堀	57419
嬤	57420
戎	57421
捋	57422
攬	57423
朦	57424
榭	57425
淒	57426
獃	57427
瑢	57428
瞉	57429
砱	57430
穃	57431
窸	57432
竇	57433
笠	57434
簔	57435
糠	57436
聂	57437
聶	57438
葆	57439
蝉	57440
螨	57441
蟾	57442
覇	57443
讥	57444
邹	57445
鉀	57446
阡	57447
馊	57448
髋	57449
鰐	57450
鼹	57451
	57452
	57453
	57454
	57455
	57456
̡	57457
ඪ	57458
ᅵ	57459
Ỳ	57460
₩	57461
☙	57462
亙	57463
佼	57464
吔	57465
噫	57466
囂	57467
坳	57468
奻	57469
媾	57470
寰	57471
庐	57472
扪	57473
摟	57474
撻	57475
梶	57476
浚	57477
渙	57478
瀝	57479
炽	57480
玆	57481
玍	57482
疡	57483
磃	57484
箸	57485
簇	57486
糱	57487
紌	57488
翳	57489
膓	57490
萸	57491
蒾	57492
藜	57493
蹺	57494
輥	57495
饕	57496
鳟	57497
麾	57498
가	57499
무	57500
	57501
	57502
	57503
	57504
┌	57505
♀	57506
➍	57507
剷	57508
卅	57509
吖	57510
哝	57511
嘧	57512
埸	57513
塀	57514
岈	57515
岑	57516
徬	57517
懮	57518
擼	57519
曷	57520
梧	57521
涎	57522
湘	57523
狿	57524
猽	57525
玾	57526
瑛	57527
稶	57528
箩	57529
綰	57530
苐	57531
茍	57532
荻	57533
蔫	57534
螠	57535
谙	57536
谩	57537
赽	57538
跩	57539
鋤	57540
铂	57541
雛	57542
颐	57543
颧	57544
饯	57545
骏	57546
鬣	57547
魇	57548
鷂	57549
鹸	57550
소	57551
	57552
	57553
	57554
	57555
	57556
	57557
	57558
Ǔ	57559
ǵ	57560
⇦	57561
∈	57562
░	57563
⚓	57564
ㄊ	57565
傈	57566
嗪	57567
捻	57568
梟	57569
櫚	57570
欴	57571
璐	57572
璨	57573
瓸	57574
硏	57575
秗	57576
笋	57577
絊	57578
緉	57579
罯	57580
蛰	57581
蜇	57582
蜍	57583
訇	57584
赝	57585
跆	57586
蹬	57587
锏	57588
颌	57589
鸚	57590
	57591
	57592
	57593
	57594
	57595
ඞ	57596
ᄉ	57597
፱	57598
≅	57599
偎	57600
呯	57601
唵	57602
囪	57603
垠	57604
扴	57605
抿	57606
摀	57607
撵	57608
槃	57609
毡	57610
猒	57611
珑	57612
璼	57613
疸	57614
痿	57615
癑	57616
稨	57617
箍	57618
籥	57619
絛	57620
縎	57621
羮	57622
衲	57623
袤	57624
觊	57625
轢	57626
郅	57627
隼	57628
靭	57629
鵜	57630
鵡	57631
	57632
	57633
	57634
	57635
	57636
	57637
	57638
ˮ	57639
ؠ	57640
ౖ	57641
ೕ	57642
∼	57643
┥	57644
❉	57645
倹	57646
偌	57647
僭	57648
墾	57649
婕	57650
寅	57651
慟	57652
桟	57653
楓	57654
榷	57655
湍	57656
玹	57657
箏	57658
簫	57659
綷	57660
翲	57661
耤	57662
耭	57663
臃	57664
荚	57665
蜊	57666
蝬	57667
覦	57668
觎	57669
讣	57670
酐	57671
釁	57672
颱	57673
餮	57674
馁	57675
鴕	57676
鹼	57677
齪	57678
제	57679
	57680
	57681
	57682
	57683
Ʒ	57684
ǘ	57685
Ⴗ	57686
Ḳ	57687
╁	57688
佸	57689
侃	57690
俑	57691
匾	57692
噻	57693
孱	57694
彆	57695
徇	57696
惬	57697
憒	57698
旯	57699
棠	57700
槤	57701
槿	57702
氾	57703
汎	57704
犊	57705
玴	57706
琈	57707
璀	57708
癆	57709
眐	57710
砊	57711
磑	57712
綥	57713
繨	57714
耊	57715
聳	57716
腆	57717
舖	57718
葺	57719
螒	57720
蠶	57721
衢	57722
讹	57723
诘	57724
贗	57725
蹒	57726
辗	57727
遐	57728
铵	57729
閹	57730
餂	57731
鲯	57732
鲱	57733
齷	57734
친	57735
	57736
	57737
	57738
	57739
	57740
ʂ	57741
˃	57742
̎	57743
Ϸ	57744
ӫ	57745
Ԛ	57746
֖	57747
ٖ	57748
۩	57749
౨	57750
ၼ	57751
ቌ	57752
ὐ	57753
⎶	57754
⏎	57755
␡	57756
┧	57757
◾	57758
☻	57759
❯	57760
亘	57761
佯	57762
僥	57763
哌	57764
壑	57765
壟	57766
愆	57767
曽	57768
滄	57769
漪	57770
燴	57771
琻	57772
瑉	57773
睺	57774
筦	57775
綡	57776
綵	57777
綸	57778
耇	57779
聼	57780
腲	57781
蔦	57782
蝮	57783
螘	57784
蠣	57785
豺	57786
邃	57787
镛	57788
閂	57789
飚	57790
餒	57791
鹏	57792
麺	57793
금	57794
아동절	57795
크	57796
	57797
	57798
	57799
	57800
	57801
ʆ	57802
ʍ	57803
๐	57804
๒	57805
ၱ	57806
፩	57807
Ḡ	57808
▀	57809
咂	57810
噱	57811
堑	57812
巔	57813
幺	57814
抰	57815
搽	57816
摹	57817
泯	57818
熵	57819
熾	57820
瑩	57821
癭	57822
睚	57823
砶	57824
硐	57825
笈	57826
粀	57827
糯	57828
纘	57829
绚	57830
耦	57831
胇	57832
腗	57833
腩	57834
舀	57835
舚	57836
苮	57837
荔	57838
蒔	57839
蘆	57840
蚾	57841
螝	57842
蟄	57843
覷	57844
诏	57845
踮	57846
躪	57847
辮	57848
鏽	57849
鐸	57850
铰	57851
鳃	57852
	57853
	57854
	57855
	57856
	57857
	57858
	57859
	57860
	57861
	57862
	57863
	57864
	57865
	57866
	57867
̪ɣ	57868
ؒ	57869
ၦ	57870
ၵ	57871
ጔ	57872
俣	57873
啮	57874
嚯	57875
囧	57876
坩	57877
奀	57878
媞	57879
峠	57880
愷	57881
憚	57882
掮	57883
朧	57884
杞	57885
杳	57886
梒	57887
汙	57888
熠熠	57889
猡	57890
獰	57891
甯	57892
疇	57893
疣	57894
祁	57895
神輿	57896
繥	57897
羲	57898
肽	57899
膺	57900
苤	57901
蝻	57902
訕	57903
讫	57904
蹶	57905
輾	57906
邵	57907
鍼	57908
钼	57909
餃	57910
馭	57911
鰭	57912
鷗	57913
鹈	57914
黍	57915
들	57916
평	57917
	57918
	57919
	57920
	57921
	57922
	57923
	57924
	57925
	57926
	57927
	57928
Ǒ	57929
ʅ	57930
౩	57931
ᠣ	57932
┅	57933
┲	57934
☏	57935
♣	57936
➢	57937
ㄜ	57938
佃	57939
叻	57940
喎	57941
喙	57942
嘖	57943
囔	57944
堰	57945
孿	57946
戍	57947
摶	57948
擤	57949
樫	57950
沓	57951
燦	57952
璾	57953
畃	57954
疝	57955
盅	57956
眅	57957
瞠	57958
硒	57959
磊	57960
竢	57961
縜	57962
繾	57963
纶	57964
纾	57965
绮	57966
莞	57967
萼	57968
蚜	57969
蚩	57970
衾	57971
覬	57972
誅	57973
跻	57974
轧	57975
镳	57976
霎	57977
驩	57978
급	57979
료	57980
보	57981
서	57982
습	57983
	57984
	57985
	57986
ɢ	57987
ɬ	57988
ɮ	57989
ԓ	57990
ᅡ	57991
Ỗ	57992
ἄ	57993
ἴ	57994
ὲ	57995
∴	57996
❒	57997
゙	57998
倌	57999
冑	58000
哞	58001
岖	58002
嶋	58003
幂	58004
弭	58005
戾	58006
梱	58007
櫺	58008
汜	58009
沁	58010
沱	58011
淖	58012
滂	58013
狎	58014
玠	58015
璋	58016
疧	58017
睨	58018
瞚	58019
矽	58020
砨	58021
窤	58022
筱	58023
粱	58024
缈	58025
聅	58026
臖	58027
舥	58028
茭	58029
菅	58030
蕪	58031
藓	58032
螣	58033
衄	58034
訃	58035
讧	58036
谰	58037
軋	58038
鋁	58039
靳	58040
颚	58041
饗	58042
饞	58043
髻	58044
鳖	58045
鹕	58046
날	58047
등	58048
린	58049
혜	58050
	58051
	58052
	58053
	58054
	58055
	58056
ʟ	58057
ᄂ	58058
ኂ	58059
↶	58060
↷	58061
⇑	58062
┗	58063
┞	58064
╉	58065
❄	58066
佤	58067
俭	58068
倭	58069
剜	58070
哽	58071
喏	58072
囹	58073
圄	58074
孃	58075
杈	58076
烽	58077
玞	58078
璇	58079
痚	58080
瘧	58081
皰	58082
盻	58083
眭耋	58084
瞼	58085
稜	58086
竀	58087
篎	58088
篙	58089
篫	58090
紺	58091
繙	58092
羶	58093
羸	58094
翟	58095
肓	58096
膢	58097
艵	58098
蝋	58099
螖	58100
螯	58101
赊	58102
錆	58103
铯	58104
飴	58105
鬚	58106
鹌	58107
麈	58108
수	58109
용	58110
창	58111
	58112
	58113
	58114
	58115
	58116
	58117
	58118
ǿ	58119
̥	58120
֨	58121
๕	58122
ၶ	58123
ẃ	58124
∵	58125
╫	58126
▽	58127
♂	58128
✎	58129
仃	58130
卍	58131
咿	58132
夔	58133
奚	58134
嫣	58135
尕	58136
岱	58137
嶇	58138
挞	58139
搀	58140
暍	58141
柊	58142
樊	58143
泷	58144
洶	58145
燐	58146
燧	58147
琋	58148
琔	58149
璱	58150
睶	58151
砧	58152
礗	58153
祠	58154
竩	58155
筎	58156
筴	58157
篔	58158
篨	58159
緙	58160
縥	58161
繸	58162
罣	58163
肱	58164
胭	58165
膵	58166
舺	58167
艋	58168
艸	58169
莴	58170
蔯	58171
襁	58172
襠	58173
謁	58174
蹓	58175
醮	58176
鈣	58177
鑫	58178
钒	58179
锄	58180
靛	58181
饉	58182
鬃	58183
눈	58184
준	58185
치	58186
	58187
	58188
	58189
	58190
	58191
	58192
	58193
	58194
	58195
ȣ	58196
֧	58197
ް	58198
ᄆ	58199
ὺ	58200
ῃ	58201
⁪⁪	58202
₺	58203
↗	58204
┓	58205
╱	58206
▒	58207
♭	58208
凧	58209
劓	58210
劬	58211
吆	58212
呉	58213
嘰	58214
塾	58215
孖	58216
尓	58217
慄	58218
慳	58219
戕	58220
擘	58221
椽	58222
殲	58223
毞	58224
淏	58225
玟	58226
疥	58227
眘	58228
睞	58229
碁	58230
竺	58231
籛	58232
糓	58233
縵	58234
臻	58235
舼	58236
艫	58237
荨	58238
蔣	58239
薫	58240
蘊	58241
蜕	58242
褫	58243
讒	58244
讬	58245
辄	58246
遨	58247
遽	58248
酕	58249
醃	58250
錮	58251
闩	58252
陝	58253
霫	58254
鮭	58255
鰻	58256
鲷	58257
鸨	58258
鹬	58259
새	58260
와	58261
	58262
	58263
	58264
	58265
	58266
	58267
	58268
	58269
ǰ	58270
Ϯ	58271
ѧ	58272
֮	58273
ᄀ	58274
ዧ	58275
⌃	58276
♯	58277
〗	58278
俅	58279
冪	58280
咡	58281
哂	58282
噯	58283
噼	58284
嚥	58285
攥	58286
暄	58287
柩	58288
榛	58289
漣	58290
瀟	58291
猍	58292
猬	58293
玳	58294
玿	58295
璛	58296
畘	58297
癪	58298
眳	58299
矚	58300
硌	58301
硔	58302
禩	58303
窪	58304
籰	58305
粅	58306
綣	58307
纛	58308
缛	58309
聒	58310
膣	58311
艼	58312
荀	58313
萵	58314
薔	58315
蛔	58316
蛹	58317
螫	58318
誸	58319
謡	58320
诃	58321
诨	58322
诿	58323
轲	58324
鈉	58325
闵	58326
騾	58327
驛	58328
龚	58329
침	58330
호	58331
회	58332
	58333
	58334
	58335
	58336
	58337
	58338
	58339
	58340
	58341
	58342
	58343
	58344
	58345
	58346
	58347
	58348
	58349
	58350
	58351
	58352
￼	58353
˗	58354
Ѐ	58355
֣	58356
ݿ⎊̢	58357
ߠ	58358
๑	58359
๔	58360
๘	58361
ḫ	58362
☛	58363
✘	58364
亳	58365
兎	58366
冴	58367
厝	58368
啵	58369
喳	58370
囮	58371
捩	58372
昙	58373
橈	58374
橾	58375
殮	58376
澱	58377
燻	58378
牀	58379
犄	58380
犽	58381
玀	58382
瓺	58383
甖	58384
疷	58385
睏	58386
睱	58387
瞔	58388
矺	58389
碆	58390
磏	58391
窈	58392
窕	58393
篦	58394
糬	58395
绫	58396
聀	58397
腼	58398
膐	58399
虺	58400
袈	58401
觝	58402
訶	58403
诛	58404
賒	58405
贄	58406
遑	58407
郏	58408
鈦	58409
阙	58410
陕	58411
陞	58412
餿	58413
鸠	58414
鸯	58415
鸳	58416
黮	58417
다	58418
	58419
	58420
	58421
	58422
	58423
	58424
	58425
	58426
	58427
	58428
	58429
	58430
͠	58431
๖	58432
ႆ	58433
ჵ	58434
ᠤ	58435
↵	58436
∇	58437
╖	58438
╠	58439
☸	58440
✉	58441
✌	58442
ㄗ	58443
剮	58444
啕	58445
噤	58446
垩	58447
堿	58448
奕奕	58449
峦	58450
幀	58451
幡	58452
庵	58453
廄	58454
忾	58455
怦	58456
恁	58457
懾	58458
揾	58459
搡	58460
旌	58461
楂	58462
榫	58463
橔	58464
炯	58465
犒	58466
珞	58467
琝	58468
璗	58469
瓠	58470
癔	58471
睵	58472
稗	58473
箆	58474
糰	58475
綛	58476
綹	58477
緖	58478
繍	58479
繽	58480
缜	58481
缭	58482
缽	58483
翎	58484
耷	58485
胧	58486
脛	58487
膦	58488
荞	58489
蒺	58490
藁	58491
蛞	58492
蝓	58493
裟	58494
觑	58495
謄	58496
譏誚	58497
貲	58498
贍	58499
蹑	58500
蹼	58501
轶	58502
辘辘	58503
醍	58504
醐	58505
釉	58506
鍔	58507
鐳	58508
鑼	58509
钍	58510
铤	58511
锹	58512
閻	58513
闌	58514
闰	58515
陲	58516
馣	58517
鱉	58518
鹭	58519
黝	58520
齁	58521
선	58522
	58523
	58524
	58525
	58526
	58527
	58528
	58529
	58530
ֻ	58531
ॣ	58532
๓	58533
ႇ	58534
Ḩ	58535
Ỡ	58536
‣	58537
┴	58538
╀	58539
╗	58540
▌	58541
◂	58542
❱	58543
➥	58544
〒	58545
俴	58546
卞	58547
嗖	58548
垌	58549
埚	58550
堍	58551
夙	58552
奕	58553
崋	58554
愫	58555
掄	58556
摞	58557
昴	58558
晌	58559
梉	58560
樺	58561
沏	58562
牴	58563
猑	58564
珅	58565
瑤	58566
璞	58567
甕	58568
痵	58569
癉	58570
眧	58571
瞁	58572
祃	58573
祛	58574
秇	58575
秕	58576
稈	58577
篑	58578
糹	58579
縈	58580
缥	58581
耏	58582
耘	58583
胣	58584
胥	58585
蒐	58586
蓖	58587
蕎	58588
薑	58589
虻	58590
詆	58591
誆	58592
諂	58593
謾	58594
賙	58595
踉	58596
轸	58597
鍬	58598
鎗	58599
阎	58600
雍	58601
餾	58602
饷	58603
馐	58604
骁	58605
鬓	58606
鲔	58607
鹊	58608
	58609
	58610
	58611
	58612
	58613
Ŏ	58614
˦	58615
Ӆ	58616
ӆ	58617
Ӽ	58618
ӽ	58619
Ԓ	58620
Ԯ	58621
ԯ	58622
ঌ	58623
ઁ	58624
ഝ	58625
ၳ	58626
ᅳ	58627
Ỹ	58628
ὴ	58629
▢	58630
➎	58631
➦	58632
ヲ	58633
儉	58634
劵	58635
啖	58636
嗱	58637
壬	58638
岚	58639
弋	58640
弒	58641
徜	58642
忐忑	58643
惛	58644
愜	58645
扈	58646
扺	58647
晏	58648
槓	58649
櫂	58650
涟	58651
澹	58652
瀨	58653
瀰	58654
焔	58655
玝	58656
玤	58657
玧	58658
珁	58659
痟	58660
痨	58661
碄	58662
碇	58663
禸	58664
禹	58665
筣	58666
箈	58667
箝	58668
篣	58669
簒	58670
籉	58671
籯	58672
粃	58673
縨	58674
繹	58675
纭	58676
罻	58677
胒	58678
脁	58679
膑	58680
芕	58681
芧	58682
苡	58683
菴	58684
蓑	58685
薅	58686
薏	58687
蝌蚪	58688
蝿	58689
誚	58690
諉	58691
譙	58692
谄	58693
豔	58694
贻	58695
躙	58696
躾	58697
辇	58698
醞	58699
鈹	58700
鋅	58701
铋	58702
铠	58703
锶	58704
閾	58705
鞮	58706
頏	58707
頤	58708
颳	58709
駡	58710
鰓	58711
鸮	58712
립절	58713
선미	58714
선소	58715
장나라	58716
창립절	58717
	58718
	58719
	58720
	58721
	58722
	58723
	58724
	58725
	58726
	58727
	58728
	58729
	58730
	58731
	58732
	58733
	58734
Ǧ	58735
̰ɴ	58736
̱	58737
๙	58738
ွင	58739
ၧ	58740
ሳህለወርቅ	58741
ዘውዴ	58742
ᠳ	58743
ḗ	58744
Ỷ	58745
≦	58746
≽	58747
⎥	58748
△	58749
丼	58750
仟	58751
佘	58752
共团	58753
刎	58754
劄	58755
呷	58756
呾	58757
啋	58758
嗄	58759
嘌呤	58760
堯	58761
婬	58762
嫔	58763
嫡	58764
巍	58765
搋	58766
敍	58767
旮	58768
昊	58769
朊	58770
櫈	58771
殯	58772
氙	58773
氚	58774
浹	58775
涣	58776
涪	58777
溥	58778
瀾	58779
煖	58780
燎	58781
猰	58782
珩	58783
珻	58784
璢	58785
璦	58786
疐	58787
疺	58788
痳	58789
痾	58790
瘴	58791
癞	58792
盫	58793
瞋	58794
矾	58795
硖	58796
磄	58797
礪	58798
祎	58799
祢	58800
禰	58801
穣	58802
筙	58803
箌	58804
絓	58805
縇	58806
繟	58807
纀	58808
缨	58809
翊	58810
聿	58811
胢	58812
胫	58813
荜	58814
薙	58815
藪	58816
蚝	58817
蝾螈	58818
螌	58819
蠹	58820
裇	58821
诩	58822
谔	58823
谧	58824
赅	58825
踴	58826
躓	58827
轆	58828
逄	58829
鉭	58830
銼	58831
鍃	58832
钧	58833
钨	58834
闱	58835
陑	58836
隴	58837
颞	58838
馥	58839
駿	58840
驿	58841
髖	58842
鲂	58843
鵰	58844
鹞	58845
에	58846
우	58847
인	58848
채식주	58849
	58850
	58851
	58852
	58853
	58854
	58855
	58856
	58857
	58858
	58859
	58860
	58861
	58862
	58863
ɳ	58864
̮	58865
̵	58866
ֳ	58867
॒	58868
௾	58869
൨	58870
႐	58871
ᄅ	58872
ឦ	58873
ᠩ	58874
ᠭ	58875
ᠮ	58876
ᠮᠣᠩᠭᠣᠯᠴᠤᠳ	58877
ᠯ	58878
ᠴ	58879
ḇ	58880
ḷ	58881
ṁ	58882
₴	58883
⎤	58884
␣	58885
┊	58886
▓	58887
❀	58888
伊吾县	58889
伊吾镇	58890
俪	58891
凜	58892
叡	58893
呓	58894
喹	58895
姘	58896
婼	58897
孓	58898
峋	58899
嶙	58900
幵	58901
庖	58902
怏	58903
搧	58904
桉	58905
桡	58906
椄	58907
檎	58908
汊	58909
淖毛	58910
渚	58911
溼	58912
炯炯	58913
熒	58914
燮	58915
牦	58916
玃	58917
玖	58918
琲	58919
疢礖	58920
痍	58921
瘙	58922
瘢	58923
砩	58924
礳	58925
禕	58926
禨	58927
穔	58928
竰	58929
筠	58930
筯	58931
籶	58932
糋	58933
紿	58934
絍	58935
絥	58936
緆	58937
缤	58938
羂	58939
翽	58940
肨	58941
臡	58942
荏苒	58943
荟	58944
莹	58945
蒡	58946
蔷	58947
蜧	58948
蝟	58949
螕	58950
螚	58951
螡	58952
誥	58953
讟	58954
趸	58955
跜	58956
轾	58957
辻褄	58958
邨	58959
郪	58960
釆	58961
釬	58962
鈾	58963
銖	58964
铌	58965
锉	58966
镐	58967
韃	58968
餚	58969
馀	58970
鬨	58971
魘	58972
鮪	58973
鴛	58974
鴦	58975
鷙	58976
鸸鹋	58977
같	58978
김	58979
민	58980
방탄소	58981
상	58982
영	58983
정	58984
탄	58985
	58986
	58987
	58988
	58989
	58990
	58991
	58992
	58993
	58994
	58995
	58996
	58997
	58998
	58999
	59000
	59001
ƀ	59002
ѡ	59003
ӈ뵄	59004
ٙ	59005
ۥ	59006
๗	59007
႑	59008
ᶂ	59009
Ẫ	59010
ῷ	59011
↘	59012
⇐	59013
∝	59014
⎡	59015
┝	59016
╨	59017
╳	59018
▐	59019
▻	59020
☮	59021
✿	59022
➧	59023
〖	59024
ヂ	59025
佷	59026
唰	59027
啾啾	59028
喷枪	59029
嚒	59030
埕	59031
塹	59032
孌	59033
幄	59034
彤	59035
徭	59036
怦怦	59037
恸	59038
悌	59039
悽	59040
掇	59041
撣	59042
攘攘	59043
昱	59044
柒	59045
桀	59046
桢	59047
桯	59048
氈	59049
氡	59050
氩	59051
沬	59052
泔	59053
浃	59054
琞	59055
癣	59056
盄	59057
盩	59058
矇	59059
砝	59060
砥	59061
砬	59062
祆	59063
秪	59064
竨	59065
箒	59066
篓	59067
篭	59068
簷	59069
籁	59070
綞	59071
縲	59072
繿	59073
羉	59074
聇	59075
胛	59076
芚	59077
芷	59078
苙	59079
茗	59080
莩	59081
菖	59082
蓼	59083
虳	59084
衩	59085
裾	59086
詡	59087
诟	59088
谏	59089
豴	59090
贲	59091
蹧	59092
逕	59093
鈑	59094
鋰	59095
鎂	59096
铧	59097
锲	59098
镫	59099
靱	59100
鞦韆	59101
餬	59102
饫	59103
鱒	59104
鲅	59105
鹃	59106
계	59107
문	59108
	59109
	59110
	59111
	59112
	59113
	59114
	59115
	59116
﨑	59117
Ǐ	59118
ǻ	59119
ȡϻ	59120
ɻ	59121
ʖ	59122
ˑ	59123
˴	59124
˻	59125
̐	59126
͢	59127
΢	59128
ѡ֐	59129
ѭ	59130
Ѷ	59131
ѹ˵	59132
҆	59133
Ҕ	59134
Ӊϡ	59135
Ԃ	59136
ԋ	59137
ԭ	59138
ؼ	59139
ڒ	59140
ܱ	59141
ݵ	59142
ݼ	59143
ޕ	59144
ૢ	59145
૤	59146
ๅ	59147
ჴ	59148
፪	59149
ᠲᠠᠶᠢᠵᠢ	59150
ᶍ	59151
Ḁ	59152
Ẓ	59153
ẞ	59154
Ẳ	59155
ὑ	59156
ὼ	59157
‖	59158
∨	59159
╮	59160
◻	59161
♒	59162
♻	59163
✚	59164
✬	59165
✮	59166
ㄔ	59167
ㄞ	59168
佗	59169
倱	59170
傎	59171
儕	59172
儸	59173
冼	59174
冽	59175
匉	59176
匱	59177
咘	59178
咥	59179
咷	59180
啻	59181
嗙	59182
嗳	59183
嘥	59184
噘	59185
堇	59186
壅	59187
妤	59188
娈	59189
婓奻	59190
屢屢	59191
弱智	59192
怴	59193
愎	59194
懧	59195
拵	59196
捺	59197
揸	59198
斓	59199
昢	59200
昶	59201
桽	59202
椀	59203
樵	59204
殓	59205
沅	59206
淈抻	59207
濠	59208
炵	59209
猨	59210
甴	59211
畗	59212
畿	59213
疷筰	59214
痤	59215
皃	59216
砉	59217
碓	59218
碜	59219
磆	59220
祗	59221
神紊亂	59222
穰	59223
窶	59224
笱	59225
筡	59226
篯	59227
簕	59228
籟	59229
粤	59230
糡	59231
紸	59232
絒	59233
絔	59234
緕	59235
縆	59236
纈	59237
缬	59238
罈	59239
肣	59240
舏	59241
芛	59242
芺	59243
苀	59244
苨	59245
荃	59246
薮	59247
蘚	59248
蚳蚚	59249
蝰	59250
螛	59251
蠄	59252
覃	59253
覃彸陓洘	59254
訧埭婓	59255
贋	59256
趼	59257
迩	59258
鈞	59259
鉉	59260
鎭	59261
鎰	59262
钸	59263
镬	59264
阜	59265
韆	59266
餛	59267
驍	59268
髇	59269
鬢	59270
鯰	59271
鵑	59272
鸾	59273
鹵	59274
龕	59275
개	59276
꼇	59277
는	59278
무역	59279
역	59280
펳	59281
ퟜ	59282
	59283
	59284
	59285
	59286
	59287
	59288
	59289
	59290
	59291
	59292
	59293
	59294
	59295
	59296
	59297
	59298
	59299
	59300
այս	59301
ἔ	59302
ἡ	59303
ῆ	59304
⇔	59305
⊍	59306
╒	59307
╔	59308
▂	59309
▃	59310
▬	59311
◙	59312
☭	59313
➨	59314
佻	59315
偃	59316
叵	59317
咛	59318
咭	59319
唳	59320
嘮嘮	59321
嘹	59322
囡	59323
尥	59324
崆	59325
幇	59326
怆	59327
愾	59328
慵	59329
戌	59330
搆	59331
摑	59332
撹	59333
昹	59334
栦	59335
桓	59336
梑	59337
毽	59338
沆瀣	59339
泠	59340
洑	59341
灞	59342
爰	59343
猕	59344
猙	59345
獂	59346
玏	59347
珪	59348
瓄	59349
瓒	59350
痂	59351
皓	59352
矬	59353
磟	59354
祺	59355
窣	59356
笢	59357
籣	59358
籾	59359
粕	59360
糽	59361
綞眕	59362
綧	59363
綬	59364
纰	59365
绺	59366
罅	59367
罥	59368
羌	59369
羜	59370
羢	59371
翾	59372
聁	59373
肄	59374
肏	59375
腈	59376
腚	59377
膇	59378
膈	59379
膮	59380
臠	59381
臢	59382
臾	59383
舛	59384
芻	59385
苄	59386
若槻	59387
苭	59388
苺	59389
莪	59390
葳葳	59391
蒞	59392
蚚	59393
蛁	59394
蛉	59395
蜆	59396
螆	59397
蟬	59398
蠓	59399
衊	59400
衪	59401
襖	59402
詣	59403
讦	59404
谀	59405
豇	59406
貽	59407
賡	59408
踺	59409
蹣	59410
躥	59411
迳	59412
逓	59413
郔	59414
郞	59415
醯	59416
醱	59417
鈸	59418
鉅	59419
鉚	59420
鍚	59421
鍶	59422
鏨	59423
鐡	59424
鑷	59425
铈	59426
铉	59427
锒	59428
锗	59429
镅	59430
镊	59431
閔	59432
閡	59433
閤	59434
閩	59435
阖	59436
阰	59437
隈	59438
雉	59439
雫	59440
颻	59441
飒	59442
飨	59443
餽	59444
驮	59445
驸	59446
骛	59447
髑	59448
魃	59449
魟	59450
鱈	59451
鱸	59452
鲟	59453
鳌	59454
鵲	59455
鹳	59456
黠	59457
黩	59458
龛	59459
동	59460
속	59461
아	59462
일	59463
전	59464
	59465
	59466
	59467
	59468
	59469
	59470
	59471
	59472
	59473
	59474
	59475
	59476
	59477
	59478
	59479
	59480
	59481
	59482
ǁ	59483
Ȋ	59484
͍	59485
Ѳ	59486
҉	59487
؋	59488
ރ	59489
ީ	59490
੾	59491
ૢૣ	59492
ൿ	59493
ฦ	59494
໐	59495
໑	59496
໒	59497
໓	59498
໔	59499
໕	59500
໖	59501
໗	59502
໘	59503
໙	59504
ᚼ	59505
ᛒ	59506
Ჯ	59507
ḉ	59508
Ἰ	59509
∃	59510
⊗	59511
⊙	59512
⌀	59513
⌕	59514
⌠	59515
┱	59516
╜	59517
╤	59518
♑	59519
✨	59520
❁	59521
➯	59522
Ɒ	59523
〜で	59524
伉	59525
伫	59526
侘	59527
俎	59528
俨	59529
俵	59530
偲	59531
凝哲同	59532
凫	59533
刍	59534
卺	59535
呇	59536
咣	59537
咤	59538
啣	59539
嗐	59540
噌	59541
囝	59542
囫圇	59543
垀	59544
塋	59545
壷	59546
娑	59547
嫦	59548
岘	59549
巿	59550
忠宏	59551
恻	59552
慇	59553
拫	59554
挈	59555
挎	59556
揄	59557
揶	59558
揹	59559
摳	59560
撚	59561
昋	59562
暉	59563
桝	59564
楯	59565
榊	59566
榕	59567
槁	59568
槲	59569
殄	59570
氤氲	59571
泱泱	59572
淬	59573
渫	59574
湎	59575
澗	59576
濘	59577
炰	59578
焖	59579
犟	59580
狰狞	59581
猄	59582
猓	59583
玑	59584
琙	59585
瑗	59586
甌	59587
癦	59588
眻	59589
睑	59590
瞇	59591
砮	59592
碻	59593
祓	59594
窨	59595
筘	59596
篺	59597
籝	59598
籴	59599
糚	59600
紕	59601
絖	59602
絣	59603
纙	59604
纣	59605
绐	59606
罡	59607
羶衄	59608
翬	59609
耾	59610
肼	59611
胉	59612
脣	59613
臌	59614
艂	59615
芫	59616
芫荽	59617
葷	59618
蒒	59619
蕗	59620
藿	59621
蘃	59622
蛁砩	59623
蛻	59624
蜱	59625
蝼	59626
蝽	59627
螁	59628
衭	59629
袄	59630
褛	59631
訌	59632
訢	59633
訧埭	59634
讯息	59635
賁	59636
蹉	59637
躅	59638
輒	59639
鄯	59640
醤	59641
釧	59642
銶	59643
鍮	59644
鎦	59645
鎬	59646
隋	59647
飩	59648
馄饨	59649
骜	59650
鯖	59651
鰥	59652
鳝	59653
鴇	59654
鶘	59655
鶯	59656
鹄	59657
鼴	59658
ꜜ	59659
ꞌ	59660
객실	59661
고	59662
곡	59663
래	59664
리뷰	59665
밒	59666
사랑	59667
샘	59668
샘김	59669
시	59670
작	59671
체	59672
텔	59673
패럴림픽	59674
	59675
	59676
	59677
	59678
	59679
	59680
	59681
	59682
	59683
	59684
	59685
	59686
	59687
	59688
	59689
	59690
	59691
	59692
	59693
	59694
	59695
ǀ	59696
ǚ	59697
ȷ	59698
ϛ	59699
ѫ	59700
މ	59701
ަ	59702
टू	59703
ॐ	59704
௦	59705
ಌ	59706
൩	59707
ၢ	59708
Ⴞ	59709
ṓ	59710
ṯ	59711
ẅ	59712
⁪⁪⁪⁪	59713
₡	59714
↙	59715
⊕	59716
┇	59717
┹	59718
╥	59719
☹	59720
❮	59721
➠	59722
⨯	59723
〤	59724
〩	59725
㖞	59726
丨	59727
佴	59728
侑	59729
侷	59730
倶	59731
傖	59732
儚	59733
剉	59734
匝	59735
反馈	59736
受命於	59737
呔	59738
呟	59739
呲	59740
唻	59741
啎	59742
啾	59743
嗖嗖	59744
嗲	59745
嘚	59746
嘰嘰喳喳	59747
噥	59748
囿	59749
垀眕	59750
垸	59751
埒	59752
堝	59753
奂	59754
姣	59755
嬲	59756
尪	59757
岍	59758
巽	59759
帼	59760
幗	59761
形态	59762
忸怩	59763
恅	59764
悛	59765
悭	59766
愠	59767
扞	59768
挲	59769
攘	59770
敔	59771
既壽永	59772
晖	59773
暸	59774
枴	59775
枸	59776
栾	59777
楝	59778
榦	59779
槐	59780
樋	59781
樺樺	59782
櫑	59783
櫓	59784
歃	59785
殤	59786
毂	59787
氖	59788
沂	59789
泅	59790
涫	59791
湴	59792
濛	59793
濛濛	59794
炕	59795
煦	59796
燜	59797
玁	59798
玮	59799
珋	59800
琰	59801
瑁	59802
瓏	59803
畦	59804
疢	59805
痦	59806
痶	59807
癎	59808
癝	59809
直隸	59810
眫	59811
瞟	59812
砡	59813
硐衄	59814
碲	59815
禞	59816
秔	59817
稾	59818
穜	59819
穥	59820
竂	59821
竉	59822
篛	59823
篪	59824
篰	59825
粼粼	59826
糀	59827
糎	59828
紓	59829
紼	59830
絀	59831
綯	59832
绉	59833
羄	59834
羧	59835
翪	59836
聈	59837
胄	59838
胘	59839
胟	59840
腤	59841
腪	59842
舫	59843
芁	59844
芘	59845
芟	59846
芣	59847
芩	59848
苬	59849
荳	59850
荽	59851
莨菪	59852
莳	59853
葳	59854
蒓	59855
蕁	59856
蕨	59857
螅	59858
螔	59859
袂	59860
袅袅	59861
袧	59862
褸	59863
訧埭濬倰	59864
誂	59865
诙	59866
诣	59867
谲	59868
貘	59869
赳	59870
赻	59871
跖	59872
踟蹰	59873
踫	59874
躂	59875
躝	59876
躦	59877
軼	59878
逑	59879
逖	59880
部内容	59881
鄋	59882
銨	59883
鋲	59884
鍥	59885
鎚	59886
鎢	59887
鏖	59888
钏	59889
钕	59890
铱	59891
铽	59892
锆	59893
锑	59894
锨	59895
镎	59896
镱	59897
闃	59898
闔	59899
阄	59900
阊	59901
雅晴	59902
霏霏	59903
頜	59904
顴	59905
饅	59906
馎	59907
魑	59908
鰹	59909
鲢	59910
鳎	59911
鳐	59912
鹜	59913
麩	59914
齦	59915
齧	59916
龅	59917
龈	59918
공식앨범	59919
늘부터	59920
닉쿤	59921
달려	59922
랑	59923
른	59924
를	59925
살	59926
살래	59927
슈퍼	59928
슬	59929
시간을	59930
여자	59931
우리는	59932
유리	59933
트	59934
	59935
	59936
	59937
	59938
	59939
	59940
	59941
	59942
	59943
	59944
	59945
	59946
	59947
	59948
	59949
Ǵ	59950
ȯ	59951
Ȼ	59952
˄	59953
˟	59954
̑	59955
̳	59956
գնա	59957
գուցե	59958
հա	59959
ուղղությամ	59960
ջջ	59961
ۦ	59962
݊	59963
އ	59964
ވ	59965
ސ	59966
ޕީ	59967
ި	59968
ެ	59969
ޮ	59970
੏	59971
ૐ	59972
൒	59973
අඳ	59974
කළ	59975
ඣ	59976
ฅ	59977
ྀ	59978
ႂ	59979
႓	59980
፯	59981
ᚦᚢᚱ	59982
៕	59983
ᠨ	59984
ᠬ	59985
ᠬᠤᠨ	59986
ḵ	59987
Ằ	59988
⁣	59989
₮	59990
₽	59991
↲	59992
⇆	59993
⇓	59994
∪	59995
⌨	59996
⎪	59997
⏐	59998
⏶	59999
┽	60000
╠镊	60001
◉	60002
☃☃	60003
☯	60004
☼	60005
♊	60006
♔	60007
⚠	60008
⛔	60009
✠	60010
✪	60011
✫	60012
✰	60013
✱	60014
✴	60015
❧	60016
❾	60017
➏	60018
➟➟➟	60019
⭐	60020
〢	60021
〥	60022
〧	60023
〧〧	60024
ㄖ	60025
五岳散	60026
佟	60027
侚	60028
保持	60029
僈	60030
冁	60031
冏	60032
冬季	60033
刚刚	60034
剀	60035
勀	60036
匏	60037
匢	60038
吒	60039
哐	60040
哞哞	60041
啉	60042
嘜	60043
嘬	60044
噏	60045
噚	60046
囫囵	60047
圣诞老	60048
圹	60049
埓	60050
夘	60051
妩	60052
姍	60053
娆	60054
娓娓	60055
婀	60056
婕妤	60057
媼	60058
容華	60059
屙	60060
峥	60061
嵘	60062
嶽	60063
帑	60064
店乡	60065
徥	60066
忖	60067
忭	60068
恚	60069
愀	60070
愊	60071
慕容	60072
慬	60073
懟	60074
懿	60075
戥	60076
扥	60077
抭	60078
抵押	60079
攣鞮呼屠吾	60080
旃	60081
昡	60082
昭儀	60083
昭華	60084
時間差	60085
暘	60086
杓	60087
杓鹬	60088
枱	60089
枳	60090
标签	60091
榉	60092
槭	60093
橐	60094
殒	60095
毓	60096
氵	60097
汉语	60098
汩汩	60099
汾	60100
泭	60101
洘	60102
浬	60103
淑妃	60104
淑媛	60105
深圳	60106
漒	60107
潅	60108
濳	60109
火鸡	60110
炕璛	60111
炷	60112
煨	60113
熹	60114
牝	60115
犡	60116
犰狳	60117
犴	60118
犷	60119
猦	60120
獐	60121
珉	60122
珋婓	60123
琇	60124
琙瓾	60125
琤	60126
瑠	60127
璅	60128
璠	60129
瓅瓅	60130
瓾	60131
瓿	60132
甑	60133
甾	60134
痆	60135
痑	60136
瘇	60137
癷	60138
眓	60139
眗	60140
眥	60141
睥	60142
睯	60143
睻	60144
砣	60145
砭	60146
硪	60147
碅	60148
碛	60149
碠	60150
礍	60151
礓	60152
礣	60153
礬	60154
礵	60155
礸	60156
礿	60157
禢	60158
禵	60159
秛	60160
秝耋	60161
秶	60162
稢	60163
稷	60164
穔穔	60165
穙	60166
竃	60167
笤	60168
笥	60169
笭	60170
笶	60171
筄	60172
箎	60173
篕	60174
簪	60175
粉玫瑰	60176
糣	60177
紃	60178
絎	60179
絗	60180
絜	60181
縓	60182
縟	60183
縪	60184
繟肬	60185
繤	60186
罤	60187
羉璴	60188
翋	60189
耝	60190
职位	60191
肔	60192
肙	60193
肶	60194
胍	60195
胠	60196
脀	60197
腏肨	60198
腛腖	60199
腤腤	60200
腬	60201
腴	60202
膋	60203
膗	60204
臋	60205
臧	60206
舢	60207
舨	60208
艣	60209
艺帆	60210
芊	60211
苶	60212
蓍	60213
蔍	60214
蔨	60215
蕈	60216
蕓	60217
蕙	60218
薨	60219
藷	60220
蘅	60221
虷	60222
蚅	60223
蚽	60224
蜛	60225
螥	60226
蟠	60227
蠑螈	60228
襤	60229
訾	60230
諄	60231
諯	60232
认识	60233
诓	60234
谂	60235
貴嬪	60236
賅	60237
賌賕	60238
起吃	60239
跶	60240
踯	60241
踰	60242
躡	60243
輀	60244
轭	60245
迵	60246
遶	60247
邯鄲	60248
郯	60249
酞	60250
釙	60251
釦	60252
鈛鈛	60253
鈷	60254
鉬	60255
銛	60256
鐏	60257
钆	60258
钋	60259
钪	60260
钹	60261
铊	60262
铿锵	60263
锃	60264
锕	60265
镦	60266
閏	60267
阨	60268
陓	60269
陔	60270
陬	60271
静静	60272
頷	60273
颯	60274
餧	60275
饃	60276
饜	60277
饬	60278
騁	60279
騖	60280
騸	60281
驷	60282
骠	60283
髂	60284
魉	60285
鯉	60286
鱘	60287
鲫	60288
鳶	60289
鴳	60290
鴴	60291
鷉	60292
鸊	60293
鸞	60294
鹧鸪	60295
鼓励	60296
鼫	60297
齎	60298
龔	60299
니	60300
레	60301
류	60302
발	60303
버	60304
삼	60305
심캠프	60306
안철	60307
여	60308
우영	60309
은	60310
을	60311
저귀	60312
푸	60313
	60314
紻	60315
	60316
	60317
	60318
	60319
	60320
	60321
	60322
	60323
	60324
	60325
	60326
	60327
	60328
	60329
	60330
	60331
	60332
	60333
	60334
	60335
	60336
	60337
	60338
	60339
	60340
	60341
	60342
	60343
	60344
	60345
	60346
	60347
玏	60348
	60349
	60350
	60351
	60352
	60353
	60354
	60355
	60356
	60357
	60358
	60359
	60360
	60361
	60362
	60363
	60364
	60365
	60366
	60367
	60368
	60369
	60370
髡	60371
	60372
	60373
	60374
	60375
︎	60376
ƣ	60377
Ƶ	60378
ǝ	60379
ǣ	60380
Ƿ	60381
ȃ	60382
ȇ	60383
ɱ	60384
ɷ	60385
̑̑	60386
͟	60387
ͣ	60388
Ͳ	60389
͵	60390
ՙ	60391
অজয়	60392
ঘোষ	60393
বেগ	60394
িরোধ	60395
েওব	60396
৳	60397
ଚନ୍ଦ୍ର	60398
ପ୍ରତାପ	60399
ଷଡ଼ଙ୍ଗୀ	60400
ఁ	60401
๎	60402
ၰ	60403
ᄇ	60404
፮	60405
លិថ	60406
ḏḏ	60407
ṟ	60408
ẋ	60409
ẓẓ	60410
Ẕ	60411
ὄ	60412
Ὀ	60413
Ὶ	60414
‿	60415
₵	60416
⃰	60417
℘	60418
℟	60419
↪	60420
↺	60421
⇌	60422
∩	60423
≒	60424
⏩	60425
┄	60426
┡	60427
☂	60428
☜	60429
☺️	60430
♐	60431
❓	60432
➛	60433
〣〣	60434
うござ	60435
㱮	60436
万祥	60437
仂	60438
伉儷	60439
伔	60440
伕	60441
伢	60442
佚	60443
佝僂	60444
佺	60445
俙	60446
倜傥	60447
儅	60448
儐	60449
儼	60450
冥幣	60451
凇	60452
凪	60453
参照	60454
参考	60455
吥	60456
咨询	60457
哏	60458
哢	60459
唗	60460
喑	60461
喷涂	60462
嘤嘤嘤	60463
嚙	60464
囗	60465
囘	60466
囥	60467
囯	60468
圉	60469
圴	60470
坌	60471
垓	60472
埼	60473
堋	60474
妗	60475
姍姍	60476
婌	60477
婖	60478
婜	60479
婥	60480
婵	60481
嬗	60482
宎	60483
宜良	60484
岣饣锇樘	60485
岷	60486
嵋	60487
嵯	60488
嶂	60489
庋	60490
庣	60491
廬	60492
弇	60493
彳	60494
彸彸	60495
徕	60496
心灵	60497
快捷	60498
怓	60499
怢	60500
怵	60501
怿	60502
恀	60503
悵	60504
惆陓	60505
惴惴	60506
慊	60507
懑	60508
戆	60509
戡	60510
拸	60511
拻	60512
挐	60513
挹	60514
捚	60515
搥	60516
撾	60517
擡	60518
昜	60519
昫陓洘	60520
時報	60521
時間	60522
晷	60523
曹妃甸	60524
朸	60525
枙	60526
柘	60527
栀	60528
梔	60529
梛	60530
椋	60531
椐	60532
椥	60533
楢	60534
榎	60535
槪	60536
樊哙	60537
樖羋	60538
橥	60539
櫛	60540
櫸	60541
欒	60542
欝	60543
欻	60544
歆	60545
武神館	60546
毬	60547
沅沅	60548
沤	60549
泐	60550
泓	60551
泗	60552
洨	60553
淙淙	60554
淝	60555
淼	60556
溘	60557
溥儀	60558
滤网	60559
漤	60560
濬迵	60561
灏	60562
炜	60563
烨	60564
煅	60565
爧羌	60566
牯	60567
猞	60568
玎	60569
珽	60570
璑	60571
璟	60572
璫	60573
璴	60574
瓯	60575
甬	60576
畠	60577
疢疢	60578
疳	60579
疴	60580
痠	60581
痮	60582
癙	60583
皛甼	60584
盆踊	60585
眕	60586
眢佪	60587
瞐	60588
瞜	60589
瞽	60590
瞿	60591
破壊	60592
砺	60593
硐衄婓蜆	60594
碖	60595
碡	60596
磉	60597
磓	60598
礴	60599
祒	60600
祣	60601
禎	60602
禙	60603
禺	60604
秋刀魚収穫祭	60605
稔	60606
窐	60607
竽	60608
笝	60609
笯	60610
筜	60611
筞	60612
筮	60613
箪笥	60614
篆	60615
簁	60616
籭	60617
糘	60618
糝	60619
糨	60620
糭	60621
絅	60622
絉	60623
絳	60624
綀	60625
綑	60626
綨	60627
緌	60628
緎	60629
縏	60630
繚	60631
绶	60632
缁	60633
缡	60634
缫	60635
缷	60636
罌	60637
网站	60638
网络	60639
罬	60640
羃	60641
翯	60642
耹	60643
脿	60644
臞	60645
臬	60646
臶	60647
舂	60648
舿	60649
艏	60650
芐	60651
菰	60652
菴媼	60653
萇	60654
萬祥	60655
蒟蒻	60656
蒩	60657
蓦	60658
蓽	60659
蔎	60660
蕯	60661
薜	60662
蘟	60663
虳濬婓	60664
虿	60665
蚐	60666
蜉	60667
蝣	60668
蝶恋	60669
螙	60670
蠖	60671
衵	60672
衿	60673
褔	60674
褡	60675
褫夔	60676
褫眕	60677
褫眕妏蚚	60678
褴	60679
覜	60680
覹	60681
訐	60682
訥	60683
詈	60684
詑	60685
詔	60686
詩蔚	60687
詬	60688
諛	60689
諢	60690
謅	60691
譫	60692
谑	60693
谵	60694
豉	60695
貊	60696
赳赳	60697
跦	60698
踉跄	60699
蹉跎	60700
蹯蹯	60701
躉	60702
輊	60703
輓	60704
輦	60705
轂	60706
载尺寸	60707
辋	60708
辎	60709
辳	60710
逋	60711
逳	60712
逸材	60713
避難	60714
邈	60715
邬	60716
邰	60717
郲	60718
鄘	60719
酘	60720
醱沭	60721
釗	60722
鈀	60723
鈎	60724
鈳	60725
鉵	60726
鉸	60727
鉾	60728
鋇	60729
鋌	60730
鎳	60731
鏇	60732
鏊	60733
鐺	60734
鑊	60735
鑗	60736
钅	60737
钖	60738
铏	60739
铕	60740
铪	60741
锇	60742
锔	60743
镂	60744
镇江校	60745
镓	60746
镕	60747
関心	60748
闕	60749
闶	60750
阳光	60751
阼	60752
陆映像	60753
雎	60754
霪	60755
靄	60756
靦	60757
韪	60758
頚	60759
顥	60760
颩	60761
馍	60762
駟	60763
驃	60764
骅	60765
鬈	60766
鬾	60767
鮔	60768
鮫	60769
鲎	60770
鲽	60771
鴗葞爧邵炴	60772
鶩	60773
鷓	60774
鷺	60775
鹩	60776
麂	60777
黃紀蘇	60778
黄骅	60779
黔	60780
黥	60781
공	60782
과	60783
껄껄	60784
노약	60785
따	60786
박근	60787
분	60788
비	60789
석	60790
술	60791
신	60792
심	60793
연	60794
질	60795
채	60796
토	60797
	60798
	60799
	60800
	60801
	60802
	60803
	60804
	60805
	60806
	60807
	60808
	60809
	60810
	60811
	60812
	60813
	60814
	60815
	60816
	60817
	60818
	60819
	60820
	60821
	60822
	60823
	60824
	60825
	60826
	60827
	60828
	60829
	60830
	60831
	60832
	60833
	60834
	60835
Ɵ	60836
Ƣ	60837
Ʃ	60838
ƪ	60839
ƪǷ	60840
ƫ	60841
ƶ	60842
ǂ	60843
ǃ	60844
ǩ	60845
ȕ	60846
Ɂ	60847
ɩ	60848
̇̇	60849
̒	60850
̕	60851
̚	60852
̬	60853
̲	60854
̲̣	60855
̲̣̣	60856
ͭ	60857
Այս	60858
Եթե	60859
ամարմ	60860
ամեն	60861
անգամ	60862
արտադրելով	60863
գար	60864
գժվեր	60865
էնք	60866
հո՛ս	60867
նը	60868
ններ	60869
պներ	60870
؟؟	60871
۞	60872
އެމް	60873
އޮފް	60874
މޯލްޑިވްސް	60875
ފ	60876
ލ	60877
ގ	60878
ޑ	60879
ޓ	60880
ޕާރޓީ	60881
ޕްރޮގްރެސިވް	60882
ާ	60883
ޯ	60884
এবং	60885
ববি	60886
বিশ	60887
য়ং	60888
য়ের	60889
ির	60890
ৃষি	60891
োয়	60892
ઽ	60893
ૠ	60894
ૢૣૢૣ	60895
ூர	60896
ௗ	60897
කඳ	60898
කෙළ	60899
ළඳ	60900
ෳ	60901
ฦฦ	60902
๑๑	60903
လတေ	60904
အင	60905
ᆼ	60906
ᏣᎳᎩ	60907
ᑀ	60908
៛	60909
ᥙ	60910
ᥱ	60911
ḑ	60912
Ṁ	60913
ṉ	60914
ṝ	60915
ἂ	60916
ἅ	60917
ἑ	60918
ἠ	60919
ἢ	60920
ἤ	60921
ἦ	60922
ἶ	60923
ὃ	60924
Ὁ	60925
ὕ	60926
ὖ	60927
ὤ	60928
ὥ	60929
ὦ	60930
Ᾱ	60931
ῇ	60932
ῥ	60933
‮	60934
‽	60935
⁪⁪⁪⁪⁪⁪⁪	60936
₲	60937
↨	60938
⇛	60939
⊂	60940
⊃	60941
⊖	60942
⊡	60943
⋑	60944
⋮	60945
⋯	60946
⋯⋯	60947
⌂	60948
⌥	60949
⎙	60950
⎯	60951
⎼	60952
⏰	60953
┩	60954
╗┐	60955
╙	60956
█████████░░░░	60957
◡	60958
◢◣◢◣◢◣◢◣	60959
☊	60960
☑	60961
☯☯☯	60962
☵	60963
♈	60964
♎	60965
♞♞♞	60966
⚽	60967
⚽️	60968
⛑	60969
✈	60970
✊	60971
✍	60972
✒	60973
✩✩✩✩	60974
✵	60975
✻	60976
❃	60977
❭	60978
➃	60979
➙	60980
➚	60981
➫	60982
⤵	60983
⦆	60984
⧼	60985
⧽	60986
⨉	60987
⪯	60988
〣	60989
ゆう	60990
ゥウ	60991
ガ浜	60992
ズ」	60993
䁿	60994
丂	60995
乁	60996
乡污染	60997
书签	60998
伅	60999
佰贰拾叁	61000
佶	61001
供包括	61002
依附	61003
俀	61004
倒電	61005
倗	61006
倜儻	61007
偈	61008
做啥	61009
傚	61010
僣	61011
光乡	61012
其实	61013
冂	61014
冚	61015
冞	61016
切割	61017
切糕	61018
剒	61019
劏	61020
劦	61021
勍	61022
募集	61023
匚	61024
卐	61025
单位	61026
危险	61027
卻沒	61028
厚徳	61029
去寻	61030
反核	61031
吃饭	61032
吊鹅	61033
呠	61034
味覚糖	61035
咿咿	61036
哚	61037
哧	61038
唔係	61039
唛	61040
啁啾	61041
問題	61042
啐	61043
啵啵	61044
啷	61045
喐	61046
喷咀	61047
嗔	61048
嗟	61049
嘰嘰	61050
噍	61051
噙	61052
嚄	61053
嚜	61054
囀	61055
囈	61056
囌	61057
囡囡	61058
囫	61059
圇	61060
圜	61061
坶	61062
垀衄	61063
垭	61064
埲	61065
埻	61066
堽	61067
塒	61068
塓衿羋樖	61069
塘镇	61070
墁	61071
変え	61072
复苏	61073
夔茧衄	61074
太阳	61075
奇蹟	61076
奐	61077
妏	61078
妏蚚	61079
妘昜	61080
妯妯	61081
妺	61082
姝伶	61083
娉	61084
婃	61085
婓萳汒	61086
媎	61087
嫒	61088
嫚	61089
嫮	61090
寀	61091
察隅河	61092
寤	61093
少数	61094
居住	61095
屣	61096
屾	61097
峓	61098
崢	61099
嵩	61100
嶯	61101
嶷	61102
嶸	61103
巌	61104
巓	61105
巢穴	61106
幪	61107
庈	61108
库存	61109
廃炉	61110
廸	61111
弯曲	61112
彝	61113
彡	61114
彶	61115
彼岸	61116
往往	61117
忪	61118
怔	61119
怮	61120
恃硐	61121
恒例	61122
恓	61123
悜	61124
悻悻	61125
惆怅	61126
惣	61127
愱	61128
慇懃	61129
懣	61130
戗	61131
戬	61132
扃	61133
把它	61134
抣	61135
抦	61136
挷	61137
挼	61138
捄	61139
掎	61140
掬	61141
揿	61142
搣	61143
摷	61144
撙	61145
撺掇	61146
擧	61147
擻	61148
改善	61149
敁	61150
敃	61151
数量	61152
斛剕	61153
於環	61154
施肥	61155
旎	61156
昕	61157
昵称吧	61158
昻	61159
显示	61160
晔	61161
望車窓	61162
杬	61163
杶	61164
杼	61165
枅	61166
枒	61167
林林林林	61168
果奶	61169
枞	61170
枵	61171
查询	61172
桐箪笥	61173
桠	61174
桲	61175
梜	61176
检查	61177
检疫证	61178
楨	61179
楹	61180
槇	61181
槙	61182
槻	61183
橐橐	61184
檄	61185
檜	61186
檠	61187
櫟	61188
殇	61189
殚	61190
殞	61191
殫	61192
氏县	61193
氘	61194
汕	61195
汜	61196
汤匙	61197
汨	61198
沩	61199
河乡	61200
泱	61201
泸	61202
洉籟	61203
洷	61204
洽谈策略	61205
涷	61206
渇望	61207
温室	61208
温泉芸	61209
溱	61210
溷	61211
满足	61212
潠	61213
潰せ	61214
潼	61215
濬	61216
然呆	61217
然而	61218
爿	61219
牍	61220
犛	61221
犭	61222
狍	61223
狧	61224
狨	61225
独立	61226
玎璫	61227
珄	61228
珍措	61229
珰	61230
琏	61231
琬	61232
瑋	61233
瑋瑋	61234
璐瑶谣	61235
瓤	61236
瓴	61237
甚至	61238
疘	61239
疰	61240
痄眵	61241
症候群	61242
痧	61243
瘻	61244
癈	61245
癜	61246
盆栽	61247
盆栽植	61248
盓	61249
眕奻唳	61250
眕	61251
眪眪	61252
睢	61253
瞝	61254
瞫	61255
矸	61256
砍柴	61257
砎	61258
砜	61259
硐夔	61260
磛	61261
磡	61262
磲	61263
磴	61264
礤	61265
礱	61266
示威	61267
祫	61268
祯	61269
禹哝	61270
秝	61271
租给	61272
秣	61273
稥	61274
穊	61275
穔穔膐	61276
立枯病	61277
竘	61278
竪	61279
笔架	61280
筊	61281
简单描述	61282
簣	61283
粉煤灰	61284
粦	61285
糺	61286
紹介	61287
給食	61288
緣起	61289
繜	61290
繢	61291
纡	61292
绡	61293
绦	61294
缢	61295
网观察	61296
罫	61297
置屋	61298
羀	61299
羰	61300
羿	61301
翑	61302
翦	61303
老虎	61304
考察	61305
耄耋	61306
耋	61307
耐心	61308
肿瘤登记	61309
胵	61310
腟	61311
腭	61312
腯	61313
膜蛤	61314
膻	61315
膾	61316
臝	61317
至善	61318
舋	61319
舑	61320
舳	61321
船舱峪	61322
艄	61323
艉	61324
芴	61325
苴	61326
茚	61327
茣蓙	61328
茼蜆	61329
荌	61330
荥	61331
莒	61332
萠	61333
萣	61334
萳	61335
蔘	61336
蕪箐	61337
藏同	61338
蘆薈	61339
蘗	61340
虼	61341
蚚萇齟	61342
蚚誧	61343
蚰	61344
蚳	61345
蛅	61346
蛋蛋	61347
蛟	61348
蛤絲	61349
蛴螬	61350
螇	61351
螻	61352
衄	61353
衱	61354
褊	61355
褫洇	61356
規則	61357
觔	61358
訄	61359
訑	61360
詻	61361
誑	61362
諍	61363
諫杻	61364
謐	61365
講演依頼	61366
譁	61367
譡邾	61368
譥	61369
譭	61370
譯呢	61371
讉	61372
记住	61373
诰	61374
诳	61375
诹	61376
豻	61377
貧亦	61378
賵陎	61379
赀	61380
资深	61381
赓	61382
赵楚	61383
趼譫	61384
跗	61385
踉蹌	61386
踎	61387
踽踽	61388
蹚	61389
躋	61390
軑	61391
軞	61392
輞	61393
轅	61394
辕	61395
辻	61396
达达哒	61397
追梦	61398
送书	61399
选择	61400
遒	61401
邓飞	61402
邟	61403
部市	61404
郪笢	61405
郫	61406
郵遞	61407
鄒	61408
鄢	61409
酏	61410
酛	61411
醲	61412
醵	61413
釓	61414
釩	61415
釱	61416
釹	61417
鈇	61418
鈈	61419
鈮	61420
鉑	61421
鉻	61422
鉿	61423
銑	61424
銥	61425
銮	61426
鋏	61427
鋝	61428
鋨	61429
錳	61430
鍘	61431
鍰	61432
鎯	61433
鏃	61434
鏜	61435
鏷	61436
鑢	61437
鑭	61438
钫	61439
钯	61440
钰	61441
钷	61442
铒	61443
铟	61444
铨	61445
铳	61446
铷	61447
锵	61448
锺	61449
镗	61450
镧	61451
镨	61452
閙	61453
阆	61454
阌	61455
阢	61456
阭	61457
阴沉	61458
陜	61459
隔书签	61460
隽	61461
霁	61462
霧降	61463
霭	61464
鞣	61465
韩华	61466
韬	61467
颽	61468
风飘絮	61469
飕飕	61470
飜	61471
食べ	61472
餉	61473
餍	61474
饈	61475
饴	61476
馕	61477
驀	61478
驁	61479
马匹	61480
马薇薇	61481
骟	61482
骥	61483
髌	61484
髯	61485
鬲	61486
鬲霤	61487
魍魉	61488
鮒	61489
鮣	61490
鯷	61491
鰤	61492
鲦	61493
鲳	61494
鲾	61495
鳉	61496
鶇	61497
鷚	61498
鷸	61499
鸌	61500
鸛	61501
鸢	61502
鸱	61503
鹀	61504
鹂	61505
鹦鹉史航	61506
鹪	61507
麿	61508
黃岩	61509
黄瑞黎	61510
黽	61511
鼩鼱	61512
齔	61513
齜	61514
齟齬	61515
龃龉	61516
것	61517
공민	61518
궤	61519
그	61520
그냥	61521
깃	61522
깃발	61523
끝	61524
냶	61525
도	61526
도관	61527
도윤	61528
동방신기	61529
돼	61530
되	61531
드	61532
룡	61533
리나	61534
말	61535
메세	61536
면	61537
목	61538
박	61539
박근혜	61540
밠	61541
벨	61542
본주	61543
쁠라	61544
설명	61545
섬	61546
세븐틴	61547
아병	61548
아주머니	61549
안	61550
알아두라고	61551
양	61552
예뻐	61553
원	61554
위	61555
유	61556
으	61557
음	61558
중	61559
즐거운공격	61560
춘추관	61561
춤	61562
카트	61563
컴	61564
테	61565
템	61566
풍선	61567
하	61568
하는	61569
학	61570
형	61571
황찬	61572
	61573
	61574
	61575
	61576
	61577
	61578
	61579
	61580
	61581
	61582
	61583
	61584
	61585
	61586
	61587
	61588
	61589
	61590
	61591
	61592
	61593
	61594
	61595
	61596
	61597
	61598
	61599
	61600
	61601
	61602
	61603
	61604
	61605
	61606
	61607
	61608
	61609
	61610
	61611
	61612
	61613
	61614
	61615
	61616
	61617
	61618
	61619
	61620
	61621
	61622
	61623
	61624
	61625
	61626
	61627
	61628
	61629
	61630
	61631
	61632
	61633
	61634
	61635
	61636
	61637
	61638
	61639
	61640
	61641
	61642
	61643
	61644
	61645
Ĕ	61646
Ɨ	61647
Ƹ̵	61648
Ǡ	61649
Ǭ	61650
Ǻ	61651
ȁ	61652
Ȏ	61653
ȡ	61654
ȳ	61655
ɟ	61656
ɠ	61657
ɧ	61658
ˎ	61659
ˏˋ	61660
̴	61661
̵̵	61662
̷	61663
͕͟	61664
͵Ͳ	61665
ΐΐ	61666
Ψΐ	61667
Ͻ	61668
ѨѨ	61669
Ѵ	61670
ѵ	61671
ґґґ	61672
Ӝ̵	61673
ԱՄԱԳԻԾ	61674
Լճա	61675
Մե՛նք	61676
Քնար	61677
գյուղ	61678
գնում	61679
հայ	61680
հայեր	61681
հայերեն	61682
մը	61683
տերը	61684
քաղաք	61685
֐	61686
؁	61687
؍	61688
؟؟؟	61689
١٣	61690
ڬ	61691
ކު	61692
ކުމުންދޫ	61693
ދޫ	61694
ުނ	61695
अभ	61696
आघ	61697
ऒ	61698
ংব	61699
অভিশপ	61700
আঁচর	61701
ঝর	61702
ববর	61703
রেজ	61704
঳	61705
শিরো	61706
োআ	61707
োটে	61708
਀	61709
ଅଞ୍ଚଳ	61710
ଅଳେଇଚ	61711
କାହିଁକି	61712
କିମ୍ବା	61713
କୋର୍ଟନା	61714
ନାହିଁ	61715
ଭାଷାରେ	61716
ମୋ	61717
கந	61718
கோ	61719
ீர	61720
௨	61721
௨௯	61722
௪	61723
௭	61724
అంతర్వాణి	61725
ഒപ്പം	61726
പൂർണ്ണമായ	61727
ബോബ്	61728
മുരളി	61729
ൢ	61730
൨൬	61731
ඇඳ	61732
ඦ	61733
ෑක	61734
๏	61735
๑๏	61736
๑▬▬▬▬▬	61737
๓๑	61738
๓๚	61739
๛	61740
๛๓	61741
ຜັກຊີຝລັ່ງ	61742
အေ	61743
ေလ	61744
းသ	61745
ှင	61746
ၫ	61747
ၲ	61748
ၺ	61749
ႁ	61750
ႅ	61751
ႍ	61752
႖	61753
ᄏᄏᄏᄏ	61754
ᅌ	61755
ᅩ	61756
ᅮ	61757
ᆞ	61758
ᆪ	61759
ᇸᇸ	61760
ሕገ	61761
ሗ	61762
መንግሥቱ	61763
ሚክያስ	61764
ምንጭ	61765
ባህር	61766
ተሾመ	61767
ቴዎድሮስ	61768
ንጉሥ	61769
አርባ	61770
አድሓኖም	61771
ይከበር	61772
ዯ	61773
ዸዸዸዸ	61774
ገብረኢየሱስ	61775
ጏ	61776
ፇ	61777
፫	61778
፫፫	61779
፭	61780
፮፮	61781
፮፶	61782
፰፮	61783
፵	61784
፻	61785
ᏧᎴᎯᏌᏅᎯ	61786
ᑏ	61787
ᒈ	61788
ᕈ	61789
ច់	61790
លៀ	61791
លៃ	61792
ឥឡូ	61793
េច	61794
េះ	61795
ᣩ	61796
ᤘᤘᤘ	61797
᪡	61798
᭯	61799
ᴥ	61800
Ḓ	61801
ḓ	61802
Ḗ	61803
ḫḫ	61804
ḳḳ	61805
ṓḱ	61806
ṗṗ	61807
ẕ	61808
Ẵ	61809
Ỵ	61810
Ἄ	61811
Ἐ	61812
Ἠ	61813
Ἡ	61814
ἵ	61815
ἷ	61816
Ἱ	61817
ὂ	61818
Ὑ	61819
ὠ	61820
ὡ	61821
ᾳ	61822
Ὰ	61823
Ὲ	61824
Ὴ	61825
ῒ	61826
ῳ	61827
ῴ	61828
Ὸ	61829
⁪⁪⁪⁪⁪	61830
⁫	61831
⁬	61832
₰	61833
∇⊕	61834
∘⃘	61835
∟	61836
∣	61837
∥	61838
∼∼	61839
⊳	61840
⎢	61841
⎫	61842
⎯⎯⎯	61843
␣␣	61844
␤	61845
┇┇	61846
┉	61847
┒	61848
╀	61849
══	61850
╓	61851
╗╫	61852
╙╔╙	61853
╞	61854
╞╞└	61855
╠┴	61856
╨▄╫╓	61857
╩▒╝	61858
▬▬▬▬▬๑	61859
◁	61860
◌	61861
◔◡◔	61862
☀	61863
☁⛄	61864
☃	61865
☝	61866
☝️	61867
☱	61868
☲	61869
☴	61870
☷	61871
☺☺	61872
♢	61873
♨	61874
⚔	61875
⚙	61876
⚙️	61877
⚡	61878
⚫	61879
⚭	61880
⛩	61881
✋	61882
✏	61883
✬✬	61884
❝	61885
❞	61886
➕	61887
⠧	61888
⠼	61889
⦁	61890
Ɽṡ∁	61891
ⳈⳈ	61892
ⵅⵡⵔⵉⴱⴳⴰ	61893
ⵡⴻⵊⴷⴰ	61894
〖茭	61895
〠	61896
〥琒	61897
〦	61898
〻	61899
う少	61900
う必	61901
せば	61902
ぜ採択	61903
で指示	61904
へ戻	61905
ょう	61906
ゐ	61907
゚⊿゚	61908
゚▽゚	61909
サポ	61910
サヨ	61911
ズム崩壊	61912
ダウ	61913
ホテ	61914
ポテ	61915
ミモザ	61916
ミ減量	61917
ㄝˊ	61918
ㄡ	61919
㑨㑨㑨㑨	61920
㼁	61921
䃨䃨	61922
䔘䔘	61923
䙘䙘	61924
䟘䟘	61925
䣨䣨	61926
䧈䧈䧈	61927
䩘	61928
䪈	61929
䭬	61930
丁増朋措	61931
专业	61932
丕肓	61933
业状态	61934
丛林	61935
丝刀切割透	61936
両親	61937
两次	61938
两遍	61939
临强烈	61940
临窗	61941
临缺乏专业	61942
乂	61943
乂乂	61944
久前	61945
乌坎	61946
乔纳森	61947
也无	61948
也没	61949
也累	61950
习惯	61951
习曲	61952
书阅读	61953
乩	61954
云江	61955
互惠	61956
互聯網	61957
亓	61958
五台	61959
五竜岳	61960
五輪	61961
仁堆乡	61962
仅接	61963
仈仈	61964
从植	61965
从没	61966
从济	61967
从硬	61968
从而	61969
令刚从	61970
仵	61971
伂	61972
伈	61973
伍皓	61974
休息	61975
休息室	61976
传承	61977
传授给	61978
伢陎	61979
伥	61980
伲	61981
伵	61982
似乎	61983
似乎没	61984
但专	61985
但其	61986
但愿	61987
佌	61988
位時	61989
位置	61990
佑台灣	61991
佗佗	61992
佝	61993
佞	61994
佥	61995
佪	61996
侂	61997
侐	61998
依恋	61999
依附参赞	62000
侳	62001
俀奻衄埮	62002
俇	62003
俋	62004
俋陎	62005
俋	62006
俓	62007
俔	62008
俜	62009
保护管	62010
保証	62011
保证	62012
保障	62013
俬	62014
俶	62015
倅	62016
個孩	62017
個版	62018
候削减铃	62019
倥偬	62020
倥傯	62021
倦怠	62022
倷	62023
债务	62024
偏私	62025
偱	62026
偷吻	62027
偻	62028
傈僳	62029
傖抇	62030
傖髡	62031
傧	62032
储蓄	62033
傩	62034
催票	62035
僈僈	62036
億玉砕	62037
儈	62038
儌	62039
儷	62040
兆府	62041
光从窗户	62042
兑现	62043
兩個無	62044
八卦	62045
兰送帐	62046
兴奋	62047
其它各	62048
其财	62049
内参	62050
内皆兄弟	62051
冔	62052
军书	62053
冨	62054
冪夔	62055
冪悝	62056
冪梑	62057
冬季施肥少得	62058
冬眠	62059
冰川	62060
冷却	62061
凃	62062
准则	62063
准将	62064
凜冽	62065
几乎	62066
几乎每	62067
凤凰	62068
击查	62069
切就得	62070
切注	62071
刓奻	62072
刖	62073
刚刚从	62074
刚刚创	62075
刚去	62076
別攻撃隊	62077
刭	62078
刲窋	62079
制資源類	62080
剄	62081
前从	62082
前够植	62083
前骑	62084
剑景	62085
剞	62086
劂	62087
务给	62088
劭	62089
劳永逸	62090
効果	62091
勇払郡	62092
勞氏毛氈	62093
勠	62094
包庇	62095
匴	62096
匹兹堡	62097
匼郪傖	62098
半ば	62099
半左	62100
华盛顿次	62101
华秦鹏	62102
单兰	62103
单程防	62104
卟	62105
卟啉	62106
卡债务累积	62107
卡孜乡	62108
卫乡绅	62109
危機管	62110
却得	62111
厒	62112
厝邊	62113
厠	62114
去就	62115
去证	62116
去逛逛	62117
县令	62118
参考资料择	62119
参观斐马	62120
双按	62121
反五輪	62122
反复	62123
反宪	62124
反核部隊	62125
叔叔	62126
受孕	62127
变暖	62128
叫獸	62129
叫饭某某	62130
叮咚	62131
台湾	62132
台灣	62133
吃葡萄皮	62134
同管	62135
吐葡萄葡葡萄	62136
吤冪坅	62137
吤譫	62138
含氯	62139
吲	62140
吴华	62141
吴钩	62142
吸引	62143
呇埣	62144
呇葭	62145
呤	62146
味で	62147
呴	62148
呴晞	62149
呴晞崋	62150
呴晞泔	62151
呶	62152
呼籲	62153
命圏	62154
呾崋	62155
呿	62156
咇	62157
咍	62158
咝咝	62159
咨询记录	62160
哌噻	62161
哘哘	62162
員權	62163
哢哢	62164
哭泣	62165
哲史	62166
哸哸	62167
唗齬唗	62168
啩	62169
啵嚶	62170
喇叭微	62171
喟	62172
喳喳喳	62173
嗖嗖嗖	62174
嗞嗞	62175
嗥	62176
嗩	62177
嗫	62178
嗱嗱	62179
嗻	62180
嗾	62181
嘁	62182
嘌	62183
噌噌	62184
噌鲔	62185
噝噝	62186
噥噥	62187
噥儸	62188
噴火	62189
噺	62190
噻肟	62191
嚀	62192
嚁	62193
嚆	62194
囀昢	62195
囍	62196
囓	62197
囟	62198
团队	62199
圩	62200
圪垯	62201
坏坏	62202
块被损坏	62203
块饭篮	62204
坚实	62205
坚持它	62206
坢	62207
坰	62208
垀夔柲彶	62209
垀眕衄	62210
垀衄	62211
垃圾邮	62212
埀誡	62213
埈皓	62214
埐	62215
域鸭内	62216
埡	62217
埣	62218
埥啻觴	62219
埮	62220
埳	62221
埻秪	62222
堈	62223
堈帤	62224
堊	62225
堎	62226
堥	62227
堫	62228
報源	62229
塙忠	62230
塤	62231
塩辛	62232
填写详细	62233
塸	62234
墙壁	62235
墿	62236
壁紙	62237
壁纸	62238
壇過濾項目	62239
壚	62240
壜	62241
声像	62242
壼	62243
夀	62244
変申	62245
复制	62246
复您帮	62247
复盖	62248
夏季	62249
夏热	62250
夏陌	62251
夏雄	62252
夔劂	62253
夔婬迍濛	62254
夔泭	62255
夔淂	62256
夔諳	62257
夔	62258
夤	62259
太阳直	62260
头岭镇	62261
奇妙附近	62262
奇會考標目	62263
奌	62264
奕瀠	62265
奥宮	62266
奥林匹	62267
奧運	62268
奩	62269
奬	62270
奭	62271
奶油	62272
奷	62273
她已被	62274
奻囥	62275
奻晡	62276
奻眕	62277
奻陬	62278
妏儸	62279
妖怪	62280
妗奻	62281
妗婓怮俇	62282
妗婓怮倷	62283
妗珋	62284
妢坢	62285
妨喷	62286
妫濡	62287
妯娌	62288
妺妺	62289
姆至少	62290
姒	62291
姘姘	62292
姬谷	62293
姹	62294
娒	62295
娘尕扎	62296
娲	62297
娸濬	62298
婄	62299
婊滚	62300
婓巠蚚	62301
婓悜	62302
婓珖	62303
婓眕	62304
婓袚扆	62305
婓躂陎	62306
婓陬	62307
婖倰	62308
婝	62309
婠婠	62310
婥笢	62311
婧	62312
婬珩	62313
媨媨	62314
媸	62315
媽媽監督核電廠聯盟	62316
嫕	62317
嫜	62318
嫲	62319
嫲嫲	62320
嫵	62321
嬈	62322
嬝堎	62323
嬡	62324
嬲崾	62325
孛	62326
孭	62327
學叢刊	62328
宁财神	62329
它叫做兰	62330
它围绕查仿	62331
它太	62332
它将	62333
它每隔几	62334
守护	62335
宍	62336
宎祫笝	62337
宎赻	62338
宎阼	62339
宓	62340
宜蘭	62341
实习奋	62342
実血	62343
客室数	62344
客户	62345
客瑾爷	62346
室做	62347
室蘭郡	62348
宨	62349
宸	62350
寑	62351
審查	62352
対応	62353
封罐	62354
封胶	62355
封追赶太阳照射而	62356
将两	62357
将尽	62358
将抵达	62359
将检查	62360
将棋	62361
将获得专	62362
将转	62363
将避	62364
将难	62365
少林寺拳	62366
尢	62367
尪儸	62368
尪樵	62369
尪迵	62370
就像	62371
尹鸿	62372
尺寸	62373
尽管	62374
居魯	62375
屌丝	62376
岀	62377
岁瓶	62378
岳阳	62379
岸腹	62380
峄挰	62381
峊輦	62382
峚倰捈鳶	62383
峥嵘	62384
峪	62385
峴	62386
崛起	62387
崧	62388
崩壊	62389
崾	62390
嵊	62391
嵗	62392
嶝	62393
川純	62394
巠	62395
巠蚚	62396
左胸	62397
差异	62398
巯	62399
已减少	62400
已受	62401
巴达	62402
布吉	62403
布朗	62404
希瓦	62405
帞	62406
幃	62407
幌別郡	62408
幕组	62409
幕薬	62410
幯嶪	62411
干洗	62412
干燥植	62413
干部	62414
并同	62415
并启	62416
并套	62417
并没	62418
并非	62419
并非巧	62420
幷	62421
幽兰	62422
広報	62423
広義門	62424
庇护申	62425
庈藦	62426
床ず	62427
库禁书	62428
庖庖	62429
店齐	62430
府控制	62431
庳	62432
廋	62433
廐	62434
廢核	62435
弇髡	62436
弟弟	62437
弢	62438
張慈	62439
張敬偉	62440
强核	62441
录像	62442
形似略	62443
形式	62444
形状	62445
彭措	62446
彶覃淕	62447
彸	62448
徂	62449
待业	62450
徐汇	62451
得贝	62452
徠	62453
御坊	62454
御嶽	62455
循证书	62456
徼	62457
心兰	62458
心被损坏	62459
必ず反対	62460
必胜客	62461
必需矿	62462
忌野	62463
忍受塑胶	62464
忍耐	62465
忑	62466
忠經	62467
快蝶	62468
快走	62469
忳	62470
怃怃	62471
怅	62472
怎样	62473
怓攘	62474
怙	62475
怚	62476
怛	62477
怠惰	62478
怬	62479
怬	62480
怮栠	62481
怮栠扞	62482
怮腃	62483
怳ㄙ	62484
怼	62485
恊	62486
恩吉	62487
息网络	62488
恵比	62489
恵袋	62490
恶劣形植	62491
悇	62492
悒	62493
悛	62494
悝	62495
悝倎洘	62496
悢	62497
您咨询老	62498
您选择	62499
您需	62500
悫	62501
悵怹	62502
悵痐	62503
悻	62504
惆悵	62505
惇	62506
惝	62507
惠启	62508
惸俷	62509
愍	62510
愤怒	62511
愴	62512
愼	62513
慍	62514
慢慢适	62515
慪	62516
憘	62517
憮	62518
懨懨	62519
懿欤	62520
战歌	62521
戞	62522
戧	62523
戺拊	62524
戽	62525
扇保持	62526
扌	62527
払う	62528
扬尘无导	62529
扭腰	62530
扲	62531
批准	62532
承鹏	62533
把旧	62534
抌	62535
抍	62536
抔	62537
抡镐	62538
披肩	62539
抱歉	62540
抵押资料	62541
抺	62542
抻	62543
拆遷	62544
拍照	62545
拸垀衄	62546
指做黄页	62547
指望矿布	62548
挌	62549
挕尪	62550
挢阡	62551
挽救	62552
捀	62553
捍卫	62554
损害赔	62555
捤	62556
捯飭	62557
捯饬	62558
捽	62559
掅	62560
掔侳	62561
掗	62562
接受	62563
接触	62564
接近	62565
控制	62566
掭	62567
揇	62568
描画で	62569
描述	62570
插接	62571
插穗插	62572
揖	62573
揙	62574
揤	62575
揧	62576
揭露其	62577
揼	62578
搘	62579
搛	62580
搧搧	62581
摄氏	62582
摥	62583
摰	62584
摳摳	62585
撈屍	62586
撒冷	62587
擇校	62588
擞	62589
擩詌珒	62590
擯	62591
擸	62592
攛	62593
攰	62594
改变	62595
救济	62596
救濟	62597
敢闘賞	62598
散热	62599
敦乔	62600
数量仍	62601
數位	62602
斲	62603
於當前	62604
旖婷	62605
旗袍	62606
无减邮	62607
无卷曲	62608
无标	62609
既往	62610
既然已	62611
旻	62612
昀	62613
昆虫	62614
昆虫卵	62615
昜岕	62616
星巴	62617
映画	62618
昤	62619
昹貊	62620
显微	62621
晁	62622
晇	62623
晈晈	62624
晞	62625
晡	62626
景光达	62627
晰塑料袋	62628
晶蜻蜓	62629
晷	62630
晻	62631
暂无	62632
暐	62633
暪	62634
暴风雨吹	62635
曄	62636
曈	62637
曩	62638
曹霖	62639
曹顒	62640
曾參	62641
曾就	62642
朗朗	62643
朗达	62644
朡	62645
末篤	62646
札幌	62647
朶	62648
朼祫	62649
朿	62650
杈杈	62651
杛	62652
杯阴沉	62653
杰戈林	62654
杲	62655
杷	62656
杷杷	62657
杸	62658
杸瑽	62659
杺	62660
杻笣	62661
枇	62662
枇杷	62663
枑奻	62664
林啟	62665
林愿	62666
林植	62667
林镇	62668
果冻	62669
果垃圾邮	62670
果嶺	62671
果植	62672
果藻	62673
枝野	62674
枥	62675
枪您	62676
枰	62677
柃	62678
柆	62679
柏林	62680
染迹	62681
柔術	62682
柢	62683
柺	62684
柽	62685
栄養	62686
栄養素	62687
栎	62688
树挥	62689
校內達	62690
校部	62691
栲	62692
栳俇婬	62693
栳埜	62694
样做	62695
栺	62696
桤	62697
桥镇	62698
桴婓	62699
桵	62700
桵尪	62701
桵樅	62702
桸	62703
桸硐	62704
梑妢	62705
梤	62706
棂	62707
棘每	62708
棣	62709
椁	62710
椅甲板	62711
植兰	62712
椹	62713
楫	62714
楬	62715
極楽浄	62716
楼門	62717
榅桲	62718
榙	62719
榚	62720
榥	62721
槊	62722
槍桿	62723
槍穂	62724
槶	62725
樊噲	62726
樟哿軗	62727
橄榄绿	62728
橈橈	62729
橋兜町	62730
橏蚢	62731
橦	62732
橬	62733
檞	62734
櫃檯	62735
櫛引	62736
櫩	62737
次托	62738
欳禎	62739
欶	62740
歛	62741
此世	62742
此同	62743
此比例	62744
步步骤	62745
武穴	62746
歳郡	62747
歴史	62748
歴史認識	62749
殍	62750
殛	62751
殺隊	62752
每次	62753
比赛	62754
毛伊	62755
毛刺	62756
毛毡	62757
毴	62758
氊	62759
氐	62760
氬	62761
氲	62762
氳	62763
永續	62764
永远	62765
汃	62766
汒	62767
汒秞	62768
汔	62769
汝宁镇	62770
江选研	62771
汨汨	62772
汴	62773
沔	62774
没玩	62775
沭	62776
沭埮	62777
河内	62778
河蟹	62779
沷	62780
油漆	62781
油画	62782
泐牁	62783
泐礿	62784
泫	62785
泬	62786
泭萇	62787
泾	62788
洌	62789
洏	62790
洟	62791
洷鏍	62792
浀珗	62793
浍	62794
浦兴	62795
浦江镇	62796
浪漫将设置	62797
浴室轻	62798
涠	62799
涽	62800
淅	62801
淅淅	62802
淉孛	62803
淑娟	62804
淕	62805
淕俀	62806
淘汰	62807
淝稹	62808
淝餦	62809
淝鹂	62810
淞	62811
淦	62812
渀	62813
渁⸀	62814
渕	62815
渖	62816
渡航	62817
渡辺	62818
渧	62819
温暖	62820
温泉	62821
湼	62822
満足	62823
溆	62824
源县	62825
準備釋	62826
準備食	62827
溞	62828
溫鐵	62829
滥竽充数	62830
滬	62831
滷	62832
漥	62833
漭	62834
漭禹	62835
漳	62836
潇湘晨	62837
潞	62838
潯	62839
潼郜	62840
澇	62841
澙	62842
激素	62843
濂	62844
濬倰	62845
濮	62846
濶	62847
瀋	62848
瀘瀘	62849
瀞	62850
灌嬰	62851
灌封	62852
灌溉	62853
灰鸽	62854
灵魂	62855
炎黄胄裔	62856
炒饭	62857
炤	62858
炴	62859
為隨	62860
烴	62861
焐	62862
焘	62863
焜	62864
無効	62865
無心	62866
焯	62867
焱	62868
然茫	62869
然酵素	62870
煊	62871
煒	62872
煤矿	62873
照兰	62874
照顾	62875
照顾兰	62876
熏熏鲑鱼礼	62877
熤赽	62878
熹聿	62879
燠	62880
燠刓	62881
燠眊	62882
燸	62883
燻燻	62884
燿	62885
爰呷	62886
爺姚	62887
牉	62888
牉迾鮆鮆	62889
牊	62890
牌镇	62891
牘	62892
牡蛎	62893
犰	62894
状况	62895
犹太	62896
狜	62897
狣	62898
狩猎	62899
狩猎鲑承担部	62900
狰	62901
猢猻	62902
猫头鹰	62903
猱	62904
獚	62905
玊	62906
玢	62907
玮玮	62908
玽	62909
珁珁	62910
珊珊	62911
珋妗	62912
珋婓蜆	62913
珍稀	62914
珏	62915
珩婓	62916
珮珮	62917
珵	62918
琢磨先	62919
琱	62920
琺瑯	62921
琽	62922
瑯	62923
瑽	62924
璌	62925
璔	62926
璙	62927
璮	62928
璺	62929
瓗	62930
瓟汜婓	62931
甚至躲	62932
甩掉	62933
甲措乡	62934
甹	62935
甿	62936
畂	62937
畅畅	62938
畗繟	62939
畚	62940
畛	62941
畟	62942
畺	62943
畿黔	62944
疔	62945
疖	62946
疾患症状	62947
病虫害	62948
痐	62949
痛苦	62950
痛苦实践	62951
痬	62952
痱	62953
痴汉	62954
瘉	62955
瘋狂	62956
瘖	62957
瘜	62958
瘺	62959
癅	62960
癍	62961
登录	62962
皒	62963
皤	62964
皲	62965
盆兰	62966
益智	62967
盛世	62968
盬	62969
目標	62970
直飞赫	62971
盵	62972
眇	62973
眕奻	62974
眝	62975
眭耋蜆崋	62976
睮	62977
睷	62978
瞇瞇	62979
瞛	62980
瞳で	62981
瞹	62982
矍	62983
矍铄	62984
矓	62985
短短数	62986
矮巴马	62987
矱	62988
砙	62989
砟	62990
砠	62991
砩庤	62992
硎	62993
硐倱	62994
硐呁	62995
硐呖	62996
硐淝	62997
硗	62998
硪磲	62999
硪驿	63000
碀	63001
碶	63002
磇磇	63003
磊落	63004
磨损	63005
礐	63006
礧	63007
礽	63008
祈寬	63009
祒恅	63010
祚	63011
祝福数	63012
神戸	63013
神棍	63014
神谷	63015
祼	63016
福植	63017
禮貌	63018
禹匝	63019
禹阌哝	63020
租赁每隔几	63021
秩序	63022
秪匼	63023
积极	63024
积越走越	63025
称将改	63026
秶婖	63027
程序包	63028
程监督	63029
稝	63030
稪	63031
稱绒毛茅膏	63032
稼働	63033
穈	63034
穑	63035
穿紧	63036
窋	63037
窗台	63038
窗帘	63039
窠	63040
竈	63041
竘蚚	63042
竼	63043
笑店	63044
笚	63045
笢侚	63046
笢呁豻	63047
笢悎	63048
笢梑	63049
笫	63050
笭悜	63051
笭汜	63052
笭陔	63053
笼包	63054
筅	63055
策略	63056
策綱領	63057
筚	63058
简单	63059
算程序	63060
算纸	63061
箙	63062
管帐户巩固其	63063
箬	63064
篓每	63065
篠	63066
篽	63067
簌	63068
簡素	63069
籅	63070
籍佳婧	63071
籎饯	63072
籘	63073
籙	63074
籫	63075
籵	63076
籵匋	63077
粉剂	63078
粉前	63079
糅	63080
糖質	63081
糢闆	63082
糬坢	63083
糳	63084
糿	63085
紐約	63086
紹介で	63087
終結核	63088
結婚	63089
絝	63090
給料	63091
絧	63092
絨毛毛氈	63093
絭	63094
統計調査	63095
絶対	63096
綏	63097
網域註冊	63098
緃	63099
緈	63100
緊急	63101
緒穩	63102
練習	63103
縴	63104
縹緲	63105
總結	63106
繚眢佴	63107
繟罫	63108
繾綣	63109
纃緈	63110
级麦	63111
绉绉	63112
给其	63113
继续做	63114
续费	63115
绵绵	63116
绻	63117
缍	63118
缐	63119
缒	63120
缓慢移	63121
缓缓	63122
编码	63123
缟	63124
缟鬣	63125
缩略	63126
缺乏尝	63127
网站订购并得	63128
网网站	63129
罗马	63130
罛	63131
罜	63132
罧	63133
羶彸	63134
羶挲	63135
羶衄侚	63136
羶衄恅	63137
羶衄蚚	63138
羶衄	63139
翏	63140
習慣	63141
習氏狼條脊甲	63142
習近	63143
翕	63144
翚	63145
翠绿	63146
翨	63147
翮阞	63148
老师	63149
老师站	63150
老虎啸	63151
老郡	63152
考え	63153
考虑采	63154
耄	63155
而其	63156
耒	63157
耱〣耱〣	63158
耶稣	63159
耺	63160
聄	63161
职务	63162
聕	63163
聜	63164
聞台	63165
聩	63166
聯盟	63167
聵	63168
肐	63169
肖剑	63170
股市	63171
胂	63172
胖胖胖胖	63173
胗	63174
胙	63175
胪	63176
胻	63177
胿	63178
脂肪	63179
脍	63180
脒	63181
脔	63182
脕	63183
脗	63184
脘	63185
脙茠脣鈥	63186
脤	63187
脺	63188
腃	63189
腈纶	63190
腐朽而	63191
腘	63192
腦殘	63193
腴芛	63194
腾越	63195
膺祚	63196
臈	63197
臋艣	63198
至两棘	63199
至少	63200
舃	63201
舒适马鞍	63202
舙	63203
舢舨	63204
舣	63205
般問題	63206
船舶姑息纵容	63207
艂膮	63208
艅	63209
艪	63210
艭	63211
艾滋病	63212
芀	63213
芃	63214
芍	63215
芒热乡	63216
芪	63217
芽每	63218
芽鞘呢	63219
苅	63220
苒	63221
苩	63222
苯豬	63223
范燕琼	63224
茈	63225
茌	63226
茕	63227
茕茕	63228
茛	63229
茧衄	63230
茩	63231
茪	63232
茫茫	63233
茼蜆珩	63234
茼蜆衄	63235
茼蜆覜	63236
茼蜆鏽	63237
茼蜆	63238
荅	63239
荪	63240
荸荠	63241
莆	63242
莠	63243
莦	63244
莨苕	63245
莰	63246
菁菁远	63247
菌剂	63248
菔	63249
菝	63250
菡	63251
菢	63252
菩薩	63253
華そば	63254
華電	63255
華麺	63256
萈	63257
萋萋	63258
营去	63259
萩	63260
萺	63261
萻	63262
葚	63263
葢	63264
葯	63265
葴	63266
葷怷	63267
葾	63268
蒃詌	63269
蒉	63270
蒎	63271
蒔絵	63272
蒠	63273
蒠蜁绬	63274
蒢忺羌	63275
蒰	63276
蒴	63277
蒷	63278
蒽	63279
蓆	63280
蓑鲉	63281
蓷	63282
蔨▅	63283
蕎麦	63284
蕓蕓	63285
蕞	63286
蕦晞	63287
蕻	63288
薏苡	63289
藏奇遇	63290
藏秘	63291
藩府刻	63292
藺	63293
蘖	63294
虎步	63295
虐殺	63296
虢	63297
虯髯	63298
虳蛁砩	63299
虳寤	63300
虴笳	63301
虽然	63302
蚋	63303
蚑	63304
蚔	63305
蚕食	63306
蚚梑	63307
蚚砩	63308
蚚笢	63309
蚚蚚	63310
蚚踡桲	63311
蚥埣俶	63312
蚧	63313
蚨	63314
蚨蚨	63315
蚬	63316
蚳蛁	63317
蚵	63318
蚶	63319
蛂	63320
蛄	63321
蛈赽	63322
蛋炒饭	63323
蛌	63324
蛏	63325
蛐蛐	63326
蜆侚	63327
蜆訧埭	63328
蜽	63329
蝪	63330
蝴蝶兰	63331
蝴蝶碎碎念	63332
螈	63333
螉	63334
螏蠄	63335
螨喷雾剂	63336
蟈	63337
蟥	63338
蟳	63339
蟹农	63340
蠆	63341
蠲	63342
蠵	63343
血糖	63344
衄侐	63345
衄抻	63346
衄砩	63347
衄羶衄	63348
衄羶衄薊	63349
衄跦	63350
衄奻	63351
衒	63352
衙磉	63353
衠	63354
补充	63355
表演	63356
衱崋	63357
衱崋夔	63358
衱秷	63359
衿窔	63360
袀	63361
袅	63362
袉	63363
袚奻	63364
袛	63365
袢	63366
被印	63367
被吓	63368
被就业	63369
被载壶	63370
被送往	63371
被送走	63372
袮	63373
袼	63374
裃	63375
裎	63376
裏庭で	63377
補強	63378
裠	63379
裥	63380
裸婚	63381
複雑	63382
褑	63383
褫恁	63384
褫眕彶	63385
褫眕杸	63386
褫眕枅軗	63387
褫眕淂	63388
褫眕硐	63389
褫眕礿	63390
褫眕蕞	63391
褫眕蚚	63392
褵	63393
褾	63394
襗	63395
襞笢	63396
襦袢	63397
襭	63398
覃奕	63399
規ユ	63400
覘	63401
覡	63402
覨	63403
覹覹	63404
觀世	63405
觀塘鸿	63406
观景介	63407
览将	63408
觋	63409
角乡	63410
計画	63411
訖	63412
訧	63413
設住宅	63414
詳細	63415
詹姆	63416
詻奻醪	63417
説で	63418
誶	63419
諂諛	63420
諄諄	63421
諈諈	63422
諙	63423
諤	63424
諳	63425
識形態領域	63426
譨	63427
讓您鉗	63428
讦谯	63429
讯息华夏	63430
讯网	63431
记得	63432
记得补充	63433
讴	63434
讽刺	63435
诂	63436
话星	63437
诮	63438
课程	63439
谆谆	63440
谈判筹码	63441
谌	63442
谍棕	63443
谒	63444
谪	63445
谫	63446
谰谰	63447
谶	63448
谷川	63449
谷歌宣布鉻操	63450
谿	63451
豨	63452
豭	63453
豴豴	63454
負債	63455
財団	63456
貣	63457
貨幣戰爭	63458
貯蓄	63459
貴義	63460
賀状	63461
資源	63462
賢斌	63463
賢源	63464
質素	63465
賽萌	63466
贡献食	63467
费兰	63468
费占星	63469
费软	63470
贺江兵	63471
资讯网络媒	63472
走吧	63473
赱	63474
赵县	63475
赻濘	63476
赽冞	63477
赽奻	63478
赽衱褫眕	63479
赽鏍	63480
越世	63481
越兄	63482
越前守	63483
越轻	63484
越郡	63485
足够	63486
趿	63487
跏	63488
跐	63489
踅	63490
踉踉跄跄	63491
踉踉蹌蹌	63492
踏切	63493
踟	63494
踡	63495
踡桲	63496
蹁躚	63497
蹙	63498
蹦火	63499
蹺蹺	63500
蹼鹬	63501
躲貓貓	63502
車窓	63503
軗	63504
軡	63505
軲	63506
轡	63507
轼	63508
辆队	63509
辗轧	63510
达孜乡	63511
达恒	63512
达黎	63513
迍	63514
近得	63515
迖	63516
远远	63517
迡	63518
迤逦	63519
迨	63520
迶	63521
迼讋	63522
送垃圾邮	63523
逃跑	63524
选举	63525
逜	63526
逡	63527
週間	63528
逶迤	63529
逸婷	63530
逹	63531
遇险	63532
運館	63533
達障害	63534
違反	63535
遝	63536
遣送	63537
避孕	63538
邃沁	63539
邇	63540
邑县	63541
邟邟	63542
邯	63543
邺	63544
邾	63545
郄	63546
郑泰勒	63547
郒	63548
郔炰	63549
郘	63550
郣	63551
郧	63552
部份将	63553
部反射	63554
部改	63555
部落客報	63556
部門	63557
郪笢垀衄	63558
郪蚚	63559
鄄	63560
鄊	63561
鄕	63562
鄖	63563
鄭閔	63564
鄺	63565
酙	63566
酥油	63567
醂	63568
醇親	63569
采集	63570
野敬也	63571
野餐	63572
量消	63573
量趋	63574
釔	63575
釔奼	63576
釬蚚	63577
釬驍	63578
釭	63579
釷	63580
鈡	63581
鈥	63582
鈧	63583
鈰	63584
鈽	63585
鉊	63586
鉋	63587
鉓	63588
鉖	63589
鉜	63590
鉣	63591
鉪	63592
鉯	63593
鉲	63594
鉳	63595
鉹	63596
鉺	63597
銀河	63598
銠	63599
銩	63600
銻	63601
鋃	63602
鋓	63603
錇	63604
錒	63605
錚	63606
錧	63607
錾	63608
鍆	63609
鍩	63610
鍳	63611
鎏	63612
鎩	63613
鎵	63614
鏘	63615
鐒	63616
鐙	63617
鐪	63618
鐫	63619
鑚	63620
鑞	63621
鑤	63622
鑦	63623
钇	63624
钊	63625
钓鱼岛	63626
钜	63627
钢筋布朗	63628
钢镶钻	63629
钺	63630
钿	63631
铑	63632
铓	63633
铙	63634
铡	63635
铣	63636
铥	63637
铮	63638
银幕	63639
铿	63640
锍	63641
锎	63642
锖	63643
错误	63644
锝	63645
锡耶纳	63646
锦糖	63647
锨餦	63648
锴	63649
锵锵	63650
锵锵锵锵锵	63651
锿	63652
镌	63653
镝	63654
镡	63655
镤	63656
镪	63657
镺	63658
門町	63659
閊	63660
閎	63661
閕	63662
閟	63663
関連ダウ	63664
閩銓	63665
闪光	63666
闭幕	63667
闱堰	63668
闳	63669
闾	63670
阋	63671
阔依飞	63672
阞	63673
阢磙	63674
阯	63675
防嫉妒	63676
阴暗宛	63677
阶段	63678
阶段但	63679
阶级	63680
阺	63681
阺頏	63682
陇	63683
陉	63684
陉矿	63685
降温	63686
陎陎	63687
陎	63688
陓眊	63689
陘塒	63690
陬赽	63691
隆隆	63692
隍	63693
隐私惯例负责	63694
隗	63695
隳	63696
隹	63697
难惊奇	63698
集团	63699
雨林	63700
雨林腹	63701
電源控	63702
雾雾	63703
雾霾	63704
雿倱衄羶衄衱	63705
霏	63706
霽	63707
靜靜	63708
非核	63709
靠抽签	63710
靨	63711
靨靨	63712
鞦	63713
韋巴	63714
韋駄	63715
韙	63716
頊	63717
預設	63718
領域	63719
頡	63720
頦	63721
顃	63722
顒	63723
類別	63724
類従	63725
顢頇	63726
顳	63727
页首	63728
项仙	63729
顽皮	63730
顿兰	63731
颀	63732
颉	63733
颔	63734
颦	63735
颯颯	63736
颼颼	63737
风险	63738
飑	63739
飞碧	63740
飞腾	63741
飭	63742
饽饽	63743
馔	63744
首先	63745
首府	63746
馜	63747
駈	63748
駑	63749
騮	63750
驒	63751
驽	63752
驾驶	63753
骊	63754
骊歌	63755
骝	63756
骞	63757
骶	63758
髙	63759
髫	63760
鬟	63761
鬠	63762
鬦	63763
鬩	63764
鬰	63765
鬲褫	63766
鬼镇	63767
魣	63768
鮈鲫	63769
鮠	63770
鯇	63771
鯛	63772
鯡	63773
鯢	63774
鯤	63775
鯧	63776
鯽	63777
鰂	63778
鰉	63779
鰊	63780
鰍	63781
鰨	63782
鰱	63783
鰷	63784
鱔	63785
鲆	63786
鲇	63787
鲉鳐	63788
鲌	63789
鲗	63790
鲠	63791
鲡	63792
鲩	63793
鲮	63794
鲵	63795
鲹	63796
鲻	63797
鲼	63798
鳀	63799
鳃鲐	63800
鳔	63801
鳢	63802
鳶狻秝	63803
鳸鳸	63804
鳺	63805
鴃	63806
鴆	63807
鴎	63808
鴒	63809
鴗葞	63810
鴙	63811
鵖	63812
鵘	63813
鵜飼	63814
鵞	63815
鵟	63816
鵴	63817
鶏刺	63818
鶺鴒	63819
鶼	63820
鷄	63821
鷗鷦	63822
鸏	63823
鸟市	63824
鸫	63825
鸬鹚	63826
鸲	63827
鸷	63828
鸺鶹	63829
鹚	63830
鹣鲽	63831
鹦鹉玩	63832
鹱	63833
鹹汜蚰	63834
鹹鹹	63835
鹹	63836
麻で逮捕	63837
黃瑋隆	63838
黄岐	63839
黄砂	63840
黉	63841
黎庆	63842
默俺	63843
黨獨裁	63844
黼	63845
鼈	63846
鼎鼎	63847
鼓掌	63848
鼠族	63849
鼩	63850
齁∼	63851
齬唗	63852
齰	63853
齲	63854
齿轮	63855
龇	63856
龨	63857
ꋈꋈ	63858
ꓨꓨ	63859
ꗈꗈ	63860
ꯋꯥꯍꯧꯗꯣꯛ	63861
가장	63862
갈비	63863
감자	63864
강	63865
강변	63866
객관식	63867
건	63868
건우	63869
검	63870
격	63871
격렬하다	63872
경고	63873
곘	63874
고장난	63875
공사	63876
교	63877
궸궸	63878
그녀	63879
그래프를	63880
그러나	63881
그러므로	63882
그림	63883
김해경전철	63884
꿌	63885
남	63886
너	63887
노동	63888
노약자석	63889
농	63890
농담	63891
뉴	63892
담	63893
답	63894
던던	63895
뎸뎸	63896
도면	63897
독	63898
디	63899
떡볶	63900
또	63901
또는	63902
똸	63903
뙈뙈	63904
라디	63905
람	63906
럼비아	63907
레터	63908
려	63909
례	63910
름	63911
리	63912
릴게	63913
링	63914
마세	63915
만	63916
만족합니	63917
만족합니다	63918
많	63919
매주	63920
매처	63921
모두	63922
몸	63923
물	63924
뭐	63925
미터	63926
밆	63927
밐	63928
바흐리	63929
반	63930
받을	63931
밡	63932
방송사	63933
밯	63934
밳	63935
밷	63936
번	63937
번도	63938
벳	63939
병	63940
볨볨	63941
부	63942
부드러움	63943
부엌	63944
부적합	63945
비까	63946
비롯되었다	63947
비빔밥	63948
뿈뿈	63949
상승하	63950
상위	63951
서울시립	63952
선해양	63953
소리	63954
솔루션	63955
슈퍼창따	63956
시를	63957
심심풀	63958
쌘쌘	63959
안안	63960
암	63961
애	63962
약자에서	63963
업	63964
업데	63965
없	63966
었	63967
에서	63968
엔	63969
엘디	63970
예	63971
예를	63972
예측을	63973
온라	63974
온온	63975
외	63976
외부련결	63977
월	63978
윤	63979
으로	63980
있	63981
자본주	63982
잘알려	63983
장	63984
적	63985
적응	63986
전해	63987
젮	63988
좋	63989
좋아	63990
죠	63991
주	63992
증	63993
증명	63994
증명서	63995
짹짹	63996
쩸쩸	63997
쭸	63998
차례	63999
찬	64000
찻집	64001
청주	64002
초	64003
축하드립니	64004
통키	64005
통해	64006
특징	64007
팅	64008
팅레	64009
파일	64010
판	64011
팩	64012
품설명	64013
퓘퓘퓘	64014
프트웨	64015
하다	64016
학교	64017
합격	64018
합니	64019
합니다	64020
해볼	64021
허	64022
화되었	64023
환불	64024
휴맥	64025
	64026
	64027
	64028
	64029
	64030
	64031
	64032
	64033
縥	64034
膎	64035
	64036
	64037
	64038
	64039
	64040
	64041
	64042
	64043
	64044
	64045
	64046
	64047
	64048
	64049
	64050
	64051
臧	64052
	64053
	64054
	64055
	64056
	64057
	64058
	64059
	64060
	64061
	64062
	64063
	64064
	64065
	64066
	64067
	64068
	64069
	64070
	64071
	64072
	64073
	64074
	64075
	64076
	64077
	64078
	64079
	64080
	64081
	64082
	64083
	64084
	64085
	64086
	64087
	64088
	64089
	64090
	64091
	64092
	64093
	64094
	64095
	64096
	64097
煦扦	64098
	64099
	64100
	64101
妗	64102
	64103
絰	64104
岉	64105
觴詻	64106
	64107
珩	64108
	64109
	64110
	64111
	64112
	64113
赽	64114
婌	64115
夔	64116
	64117
	64118
	64119
	64120
	64121
	64122
	64123
凅	64124
	64125
	64126
	64127
	64128
	64129
	64130
	64131
	64132
	64133
	64134
	64135
	64136
	64137
羶	64138
赻	64139
侂	64140
怮	64141
埰勍	64142
	64143
倷赻	64144
蛅	64145
	64146
	64147
汃	64148
蛅瑽	64149
	64150
	64151
	64152
	64153
	64154
	64155
奻	64156
汜	64157
濬	64158
蔣	64159
鏍硐衄	64160
	64161
妎	64162
	64163
	64164
佴	64165
	64166
	64167
	64168
￯	64169
￼￼	64170
<pad>	64171
