</s>	0
<unk>	1
.	2
,	3
▁の	4
▁the	5
▁,	6
▁に	7
▁to	8
▁は	9
▁を	10
▁of	11
'	12
の	13
▁"	14
?	15
▁て	16
s	17
は	18
▁and	19
▁a	20
▁た	21
を	22
▁I	23
▁	24
▁in	25
▁が	26
▁you	27
▁-	28
に	29
▁that	30
▁と	31
▁is	32
▁で	33
が	34
▁し	35
▁it	36
▁ます	37
"	38
▁for	39
!	40
▁こと	41
と	42
▁(	43
:	44
▁な	45
▁まし	46
▁も	47
▁be	48
▁い	49
▁was	50
▁か	51
t	52
で	53
▁on	54
▁with	55
▁have	56
▁not	57
▁are	58
▁we	59
▁this	60
だ	61
)	62
▁その	63
▁です	64
▁人	65
▁The	66
▁れ	67
▁as	68
▁よう	69
...	70
▁he	71
ない	72
▁they	73
です	74
▁いる	75
▁his	76
▁する	77
▁will	78
▁me	79
▁can	80
て	81
した	82
って	83
▁your	84
▁from	85
▁ある	86
▁You	87
た	88
▁do	89
▁what	90
▁この	91
か	92
な	93
▁God	94
ます	95
▁by	96
▁all	97
っ	98
▁ない	99
▁それ	100
▁から	101
▁at	102
▁my	103
った	104
▁one	105
▁It	106
▁or	107
▁ん	108
も	109
▁And	110
m	111
▁者	112
▁神	113
▁their	114
▁私	115
よ	116
▁who	117
▁う	118
▁ませ	119
▁たち	120
re	121
▁them	122
▁What	123
▁about	124
い	125
▁あり	126
▁an	127
▁We	128
▁were	129
▁Jehovah	130
して	131
▁He	132
▁何	133
▁さ	134
から	135
▁out	136
▁him	137
▁but	138
▁so	139
▁know	140
▁had	141
▁there	142
▁has	143
▁エホバ	144
n	145
-	146
▁would	147
・	148
▁our	149
▁up	150
▁[	151
▁1	152
こと	153
する	154
▁や	155
▁did	156
▁people	157
▁just	158
▁us	159
▁like	160
▁when	161
ing	162
▁的	163
▁time	164
▁if	165
▁あなた	166
▁But	167
▁いう	168
んだ	169
る	170
]	171
▁So	172
▁でしょ	173
▁これ	174
▁no	175
▁ため	176
▁'	177
▁もの	178
▁her	179
;	180
."	181
▁自分	182
▁been	183
▁なり	184
▁more	185
▁―	186
▁・	187
▁そう	188
▁In	189
▁彼	190
▁here	191
▁年	192
ま	193
さ	194
d	195
▁get	196
▁A	197
し	198
▁some	199
▁This	200
▁られ	201
▁right	202
▁don	203
▁聖書	204
▁Bible	205
▁ば	206
ね	207
者	208
▁Jesus	209
ー	210
▁go	211
▁could	212
▁those	213
ll	214
▁see	215
▁しかし	216
▁They	217
▁now	218
▁That	219
人	220
▁said	221
▁れる	222
▁these	223
▁good	224
▁life	225
▁イエス	226
▁No	227
▁how	228
には	229
▁way	230
▁may	231
▁でし	232
▁また	233
ed	234
▁中	235
▁which	236
▁なる	237
ん	238
▁she	239
▁How	240
▁into	241
▁than	242
▁other	243
▁then	244
▁want	245
▁2	246
▁over	247
▁man	248
▁人々	249
ve	250
わ	251
▁一	252
▁should	253
▁going	254
▁only	255
▁think	256
▁does	257
▁そして	258
▁でき	259
▁make	260
や	261
▁わたしたち	262
▁got	263
▁many	264
▁時	265
せん	266
何	267
▁world	268
なかっ	269
▁also	270
▁things	271
▁...	272
▁こう	273
▁need	274
▁なっ	275
▁even	276
いた	277
▁back	278
▁どう	279
▁If	280
▁say	281
▁彼ら	282
▁because	283
私	284
▁本	285
▁‐	286
▁years	287
▁such	288
▁つい	289
a	290
▁come	291
▁work	292
▁なら	293
▁take	294
では	295
てる	296
▁4	297
▁very	298
当	299
事	300
▁first	301
▁day	302
▁two	303
▁5	304
▁どんな	305
▁3	306
ら	307
▁述べ	308
▁down	309
▁日	310
中	311
▁any	312
▁今	313
ly	314
▁なく	315
▁help	316
▁だ	317
▁made	318
のか	319
▁She	320
▁There	321
▁彼女	322
▁Why	323
▁much	324
▁where	325
よう	326
▁第	327
▁its	328
▁before	329
▁being	330
▁really	331
▁次	332
▁わたし	333
▁世界	334
▁君	335
▁すべて	336
▁他	337
あなた	338
▁ここ	339
▁多く	340
▁When	341
▁10	342
▁必要	343
く	344
▁証人	345
ろう	346
しょう	347
します	348
▁love	349
▁well	350
▁something	351
くれ	352
じゃ	353
▁let	354
』	355
▁/	356
▁どの	357
▁よっ	358
▁より	359
▁8	360
▁お	361
▁Well	362
▁考え	363
▁too	364
▁Yeah	365
▁must	366
▁間	367
▁earth	368
▁after	369
いい	370
時	371
▁new	372
▁クリスチャン	373
▁まで	374
でき	375
y	376
▁For	377
だけ	378
2	379
▁家	380
いて	381
▁little	382
▁俺	383
▁never	384
▁find	385
▁Do	386
▁人間	387
あり	388
たち	389
▁見	390
▁ください	391
ある	392
かれら	393
▁なぜ	394
▁through	395
▁Oh	396
▁べき	397
もの	398
er	399
▁二	400
んで	401
この	402
▁後	403
▁give	404
あなたがた	405
▁15	406
▁As	407
▁き	408
▁own	409
▁できる	410
I	411
▁most	412
▁前	413
▁7	414
▁All	415
▁もう	416
まで	417
▁問題	418
▁look	419
がある	420
▁children	421
▁off	422
▁キリスト	423
S	424
その	425
▁name	426
でも	427
ように	428
▁Witnesses	429
▁たり	430
▁gonna	431
▁says	432
▁another	433
▁『	434
▁12	435
▁ページ	436
▁same	437
▁why	438
▁My	439
▁thing	440
それ	441
いる	442
しま	443
▁Now	444
1	445
▁still	446
▁home	447
▁doing	448
▁family	449
▁Christ	450
▁am	451
▁Is	452
▁use	453
▁だけ	454
▁long	455
▁へ	456
そう	457
▁心	458
である	459
in	460
▁men	461
方	462
e	463
▁でも	464
▁page	465
▁Let	466
▁あっ	467
▁Yes	468
▁year	469
彼	470
▁言葉	471
▁away	472
▁times	473
▁私たち	474
b	475
▁tell	476
▁found	477
なら	478
っている	479
▁put	480
ぞ	481
数	482
♪	483
▁might	484
▁6	485
▁僕	486
▁上	487
▁ほど	488
▁others	489
▁20	490
▁Christian	491
▁every	492
▁対する	493
年	494
▁great	495
▁9	496
▁Allah	497
▁場合	498
アッラ	499
▁子供	500
▁られる	501
なく	502
▁place	503
という	504
▁used	505
り	506
▁など	507
▁today	508
達	509
▁11	510
▁One	511
ている	512
▁せ	513
▁C	514
▁true	515
▁three	516
▁came	517
▁Paul	518
▁mean	519
行	520
▁ず	521
なけれ	522
▁To	523
であ	524
▁person	525
▁called	526
ろ	527
the	528
▁again	529
▁each	530
▁3:	531
▁受け	532
▁良い	533
▁part	534
出	535
▁keep	536
▁月	537
▁last	538
▁同じ	539
▁Then	540
している	541
▁もし	542
▁語	543
▁become	544
▁時間	545
▁生活	546
▁愛	547
▁目	548
▁しれ	549
我々	550
▁example	551
▁今日	552
▁2:	553
▁--	554
▁old	555
つ	556
▁大	557
--	558
▁told	559
▁王国	560
された	561
なの	562
ス	563
▁death	564
▁お前	565
かれ	566
▁feel	567
▁course	568
▁around	569
▁助け	570
▁better	571
▁against	572
▁believe	573
られる	574
▁家族	575
子	576
▁18	577
▁研究	578
▁事柄	579
▁節	580
▁点	581
より	582
日	583
たい	584
▁おら	585
ために	586
▁不	587
▁human	588
▁よる	589
▁end	590
▁thought	591
▁under	592
ありま	593
手	594
必要	595
▁与え	596
▁よく	597
上	598
かった	599
▁Lord	600
られ	601
▁left	602
▁kind	603
▁Hey	604
主	605
▁ところ	606
として	607
本	608
▁力	609
▁使徒	610
▁Okay	611
▁number	612
▁always	613
これ	614
▁一つ	615
▁つまり	616
▁それで	617
れ	618
▁means	619
▁done	620
▁heart	621
▁いい	622
▁13	623
▁ever	624
目	625
▁upon	626
▁さらに	627
▁Christians	628
へ	629
▁章	630
われ	631
▁関係	632
▁奉仕	633
▁faith	634
▁without	635
▁パウロ	636
▁His	637
▁地	638
▁14	639
▁book	640
▁S	641
E	642
▁words	643
▁talk	644
▁call	645
▁Come	646
さん	647
言う	648
▁show	649
r	650
知	651
▁16	652
▁while	653
▁truth	654
物	655
▁おい	656
▁たい	657
▁house	658
▁手	659
▁Kingdom	660
3	661
▁anything	662
▁Who	663
▁parents	664
どう	665
分	666
▁days	667
になる	668
▁John	669
▁実際	670
▁Not	671
▁万	672
▁sure	673
▁17	674
▁それら	675
家	676
話	677
▁どこ	678
▁Your	679
あ	680
▁water	681
▁young	682
▁ones	683
▁だれ	684
▁親	685
▁B	686
▁数	687
▁書	688
▁宗教	689
▁live	690
▁between	691
▁Don	692
いま	693
ここ	694
▁Are	695
自分	696
▁spirit	697
にも	698
▁actually	699
なさい	700
▁話	701
▁money	702
▁物	703
後	704
▁night	705
▁New	706
▁both	707
▁信仰	708
▁mind	709
▁different	710
▁among	711
しない	712
され	713
れば	714
ください	715
ことが	716
▁few	717
▁仕事	718
▁来	719
イ	720
▁言い	721
▁関する	722
▁went	723
▁とっ	724
▁Just	725
▁father	726
▁fact	727
▁set	728
だよ	729
▁教え	730
_	731
▁At	732
▁意味	733
▁able	734
▁兄弟	735
th	736
▁とき	737
▁Where	738
▁国	739
▁together	740
す	741
▁himself	742
▁そこ	743
▁記事	744
▁ああ	745
▁得	746
てい	747
▁*	748
▁took	749
▁nothing	750
▁22	751
▁Can	752
▁対し	753
▁often	754
al	755
▁新しい	756
),	757
▁ですから	758
▁思い	759
▁会衆	760
▁確か	761
持	762
▁!	763
▁given	764
▁うち	765
▁世	766
▁lot	767
▁命	768
▁だが	769
▁read	770
▁大きな	771
▁出	772
▁19	773
▁誰	774
▁next	775
▁Some	776
▁所	777
▁word	778
▁power	779
▁though	780
できる	781
▁知っ	782
/	783
A	784
▁study	785
▁dead	786
み	787
▁なさい	788
▁shall	789
▁示し	790
▁hand	791
▁wife	792
でしょ	793
時間	794
▁これら	795
▁wrong	796
大	797
また	798
▁あれ	799
▁mother	800
▁あの	801
▁understand	802
▁best	803
▁ヨハネ	804
▁someone	805
▁important	806
▁system	807
来	808
けど	809
▁hope	810
▁themselves	811
▁マタイ	812
▁problem	813
▁blood	814
▁okay	815
お	816
言っ	817
c	818
▁congregation	819
▁having	820
▁最初	821
▁since	822
▁real	823
▁結果	824
▁living	825
と思	826
▁性	827
だろ	828
▁だから	829
C	830
▁天	831
▁Because	832
見て	833
▁bad	834
力	835
▁later	836
ト	837
▁言わ	838
▁matter	839
▁ask	840
▁However	841
▁図版	842
させ	843
▁教会	844
▁coming	845
▁wanted	846
x	847
▁spiritual	848
▁saw	849
君	850
▁until	851
▁far	852
i	853
▁まだ	854
▁case	855
▁子ども	856
行く	857
▁gave	858
▁真	859
▁bring	860
▁水	861
▁These	862
神	863
▁school	864
▁24	865
▁On	866
▁making	867
▁everything	868
▁Our	869
される	870
▁霊的	871
▁body	872
▁王	873
▁ましょ	874
▁order	875
▁seen	876
▁care	877
▁point	878
▁yet	879
があ	880
▁during	881
ってい	882
▁hard	883
▁child	884
es	885
考え	886
▁死	887
▁woman	888
▁high	889
▁news	890
▁主	891
外	892
▁Mr	893
彼女	894
▁son	895
▁別	896
▁saying	897
▁whole	898
▁せる	899
わたし	900
▁leave	901
▁非常	902
▁already	903
たら	904
▁food	905
思う	906
▁city	907
▁enough	908
られた	909
前	910
▁結婚	911
言って	912
The	913
▁み	914
地	915
▁reason	916
▁だろ	917
▁共	918
▁いや	919
▁change	920
▁21	921
▁fine	922
▁After	923
き	924
▁同	925
▁持	926
ご自分	927
▁whom	928
▁イスラエル	929
▁かれら	930
▁yourself	931
らない	932
▁民	933
▁By	934
▁30	935
▁妻	936
▁Thank	937
▁asked	938
▁try	939
▁女性	940
▁ago	941
▁父	942
▁答え	943
▁Did	944
▁Picture	945
▁became	946
▁され	947
▁women	948
『	949
▁four	950
度	951
う	952
▁学	953
▁Get	954
▁預言	955
同じ	956
▁learn	957
▁影響	958
▁hear	959
男	960
▁sorry	961
になり	962
▁方法	963
▁O	964
▁turn	965
▁理解	966
▁言っ	967
について	968
▁Please	969
▁full	970
▁説明	971
ル	972
▁happened	973
▁cannot	974
的な	975
▁With	976
▁looking	977
▁please	978
べき	979
▁question	980
御	981
▁すぐ	982
▁Look	983
▁start	984
なった	985
▁以上	986
▁war	987
▁P	988
▁face	989
▁Word	990
ア	991
▁よ	992
▁United	993
▁ローマ	994
体	995
▁理由	996
▁percent	997
▁Go	998
l	999
▁おり	1000
▁どうして	1001
誰	1002
▁気	1003
▁実	1004
▁began	1005
▁getting	1006
▁s	1007
▁25	1008
▁子	1009
▁経験	1010
見	1011
o	1012
▁view	1013
▁例えば	1014
▁else	1015
▁heard	1016
▁明らか	1017
▁car	1018
▁身	1019
▁won	1020
▁そんな	1021
ため	1022
▁apostle	1023
ク	1024
▁once	1025
▁幾	1026
▁second	1027
▁small	1028
▁stop	1029
▁five	1030
せ	1031
4	1032
▁さえ	1033
▁million	1034
やる	1035
▁light	1036
▁problems	1037
にして	1038
▁言う	1039
今	1040
▁下	1041
▁big	1042
▁peace	1043
前に	1044
▁remember	1045
的	1046
▁T	1047
▁行なわ	1048
ta	1049
▁friends	1050
▁あなたがた	1051
▁head	1052
▁knew	1053
▁future	1054
▁す	1055
▁あるいは	1056
▁Of	1057
▁崇拝	1058
▁罪	1059
▁eyes	1060
▁trying	1061
▁lives	1062
▁行なう	1063
▁現在	1064
▁用い	1065
5	1066
▁道	1067
▁K	1068
▁だっ	1069
▁持つ	1070
▁knowledge	1071
▁wrote	1072
▁sent	1073
こんな	1074
▁answer	1075
▁makes	1076
▁brother	1077
▁possible	1078
▁worship	1079
ないと	1080
6:	1081
▁すれ	1082
▁世紀	1083
▁ありがとう	1084
ン	1085
きた	1086
▁F	1087
一	1088
▁brought	1089
▁知ら	1090
▁無	1091
▁soon	1092
▁known	1093
▁歳	1094
▁idea	1095
▁真理	1096
▁完全	1097
▁体	1098
▁Here	1099
▁D	1100
来た	1101
ers	1102
▁free	1103
▁米国	1104
▁x	1105
▁Even	1106
▁kill	1107
▁century	1108
▁もっと	1109
ド	1110
▁重要	1111
▁Israel	1112
▁車	1113
かな	1114
▁Or	1115
▁die	1116
▁時代	1117
▁教	1118
―	1119
だな	1120
▁●	1121
▁fear	1122
車	1123
▁業	1124
▁新	1125
心	1126
▁ロ	1127
こう	1128
N	1129
P	1130
▁最も	1131
仕事	1132
▁Good	1133
▁危険	1134
▁religious	1135
▁創造	1136
▁along	1137
▁祈り	1138
▁示す	1139
▁friend	1140
▁ほとんど	1141
▁job	1142
▁支配	1143
▁World	1144
▁happy	1145
▁comes	1146
回	1147
▁少なく	1148
女	1149
▁□	1150
▁close	1151
▁talking	1152
▁目的	1153
▁Peter	1154
所	1155
▁move	1156
▁brothers	1157
or	1158
▁started	1159
▁working	1160
▁From	1161
聞	1162
▁room	1163
▁かれ	1164
▁land	1165
▁service	1166
▁状態	1167
▁M	1168
夜	1169
▁E	1170
どこ	1171
ム	1172
▁country	1173
▁open	1174
▁guy	1175
▁side	1176
▁わか	1177
▁ほか	1178
▁result	1179
▁girl	1180
▁taking	1181
▁場所	1182
▁行動	1183
▁約束	1184
▁ちょっと	1185
▁lost	1186
▁nor	1187
▁ただ	1188
▁求め	1189
殺	1190
▁David	1191
▁面	1192
▁分か	1193
▁Father	1194
▁alone	1195
されて	1196
▁事	1197
▁certain	1198
▁少し	1199
▁一緒	1200
▁全	1201
▁taken	1202
▁ペテロ	1203
▁人類	1204
▁speak	1205
▁thinking	1206
▁however	1207
▁コリント	1208
▁詩編	1209
下	1210
▁States	1211
的に	1212
▁方	1213
▁mankind	1214
月	1215
▁killed	1216
▁persons	1217
ズ	1218
▁cause	1219
▁あなた方	1220
▁information	1221
▁anyone	1222
道	1223
▁husband	1224
▁un	1225
▁Many	1226
to	1227
▁present	1228
思い	1229
もう	1230
場所	1231
▁law	1232
▁nations	1233
良い	1234
▁23	1235
▁&	1236
▁clear	1237
▁地上	1238
わたしたち	1239
▁Yet	1240
▁ways	1241
れた	1242
▁U	1243
タ	1244
俺	1245
ば	1246
▁stay	1247
▁大丈夫	1248
性	1249
▁less	1250
▁信じ	1251
▁age	1252
▁using	1253
みたい	1254
▁分	1255
▁関し	1256
見た	1257
え	1258
▁ユダヤ	1259
▁思	1260
D	1261
▁見る	1262
問題	1263
▁感じ	1264
▁もちろん	1265
▁%	1266
▁morning	1267
▁article	1268
▁sense	1269
世界	1270
B	1271
▁early	1272
とき	1273
▁行く	1274
ですが	1275
▁ええ	1276
▁J	1277
▁とても	1278
▁感謝	1279
▁事実	1280
▁活動	1281
ても	1282
▁King	1283
▁kingdom	1284
▁いつ	1285
▁toward	1286
気	1287
▁large	1288
▁アッラ	1289
ic	1290
▁questions	1291
▁needed	1292
▁病気	1293
間	1294
ないか	1295
▁聞	1296
▁half	1297
々	1298
▁experience	1299
▁control	1300
▁頭	1301
▁Satan	1302
▁Dr	1303
だから	1304
▁学校	1305
▁若い	1306
▁hands	1307
▁religion	1308
▁全く	1309
▁喜び	1310
▁平和	1311
▁注意	1312
▁G	1313
▁生き	1314
なん	1315
▁名	1316
▁government	1317
▁run	1318
▁An	1319
▁past	1320
▁得る	1321
▁ながら	1322
▁myself	1323
▁くれ	1324
▁十分	1325
▁least	1326
▁いつも	1327
▁政府	1328
▁died	1329
▁needs	1330
▁特に	1331
ドル	1332
▁宣教	1333
▁わけ	1334
▁夫	1335
出来	1336
▁よい	1337
▁アメリカ	1338
▁felt	1339
め	1340
▁guys	1341
▁R	1342
ところ	1343
▁ご	1344
▁hours	1345
一緒	1346
下さい	1347
▁地球	1348
▁まず	1349
▁Have	1350
▁100	1351
▁おける	1352
▁そこで	1353
▁line	1354
▁six	1355
▁months	1356
▁purpose	1357
▁40	1358
▁50	1359
▁Be	1360
▁door	1361
▁同様	1362
うか	1363
▁Those	1364
▁Thus	1365
▁気持ち	1366
▁努力	1367
かもし	1368
▁group	1369
▁最後	1370
▁どれ	1371
方法	1372
T	1373
▁bit	1374
▁following	1375
▁knows	1376
▁啓示	1377
▁希望	1378
▁whether	1379
▁serve	1380
able	1381
▁eat	1382
国	1383
▁almost	1384
ぁ	1385
と言	1386
▁存在	1387
▁考える	1388
れない	1389
好き	1390
書	1391
▁meet	1392
▁質問	1393
▁boy	1394
O	1395
▁works	1396
▁isn	1397
▁personal	1398
人間	1399
▁仲間	1400
▁イザヤ	1401
▁marriage	1402
▁re	1403
▁situation	1404
▁learned	1405
はず	1406
▁form	1407
▁hell	1408
ず	1409
▁みんな	1410
▁科学	1411
したい	1412
▁hold	1413
▁約	1414
man	1415
▁態度	1416
▁L	1417
▁いえ	1418
▁動物	1419
▁生じ	1420
▁始め	1421
▁follow	1422
▁Jerusalem	1423
なんて	1424
▁状況	1425
▁indeed	1426
▁伝道	1427
ナ	1428
使	1429
▁◆	1430
▁Son	1431
▁それでも	1432
場合	1433
すると	1434
▁share	1435
意味	1436
▁message	1437
▁self	1438
▁自由	1439
つの	1440
への	1441
▁value	1442
人が	1443
ダ	1444
▁霊	1445
多く	1446
▁じゃ	1447
▁language	1448
いない	1449
名	1450
無い	1451
▁いっ	1452
▁号	1453
▁business	1454
▁rest	1455
▁everyone	1456
▁たら	1457
水	1458
▁母	1459
▁easy	1460
▁もと	1461
▁ルカ	1462
▁若者	1463
知っ	1464
▁gone	1465
▁Does	1466
▁Since	1467
▁giving	1468
ほど	1469
信じ	1470
▁return	1471
p	1472
▁1,	1473
▁maybe	1474
▁goes	1475
▁女	1476
▁history	1477
▁longer	1478
▁wait	1479
▁fire	1480
▁弟子	1481
通り	1482
▁Will	1483
▁忠実	1484
▁内	1485
会	1486
6	1487
来る	1488
▁男	1489
▁happen	1490
▁play	1491
▁evidence	1492
▁within	1493
▁rather	1494
▁quite	1495
▁trust	1496
▁behind	1497
▁stand	1498
▁health	1499
▁special	1500
▁および	1501
▁feet	1502
▁行なっ	1503
▁H	1504
▁Matthew	1505
▁humans	1506
▁残	1507
▁preaching	1508
▁faithful	1509
L	1510
リ	1511
▁ね	1512
▁area	1513
▁itself	1514
しろ	1515
▁state	1516
▁baby	1517
ness	1518
▁4:	1519
万	1520
▁終わり	1521
▁near	1522
▁律法	1523
▁記	1524
▁国民	1525
▁組織	1526
▁受ける	1527
▁inside	1528
りま	1529
▁Right	1530
はその	1531
▁ready	1532
元	1533
▁certainly	1534
▁York	1535
▁Maybe	1536
式	1537
▁息子	1538
▁holy	1539
▁度	1540
▁関心	1541
▁サタン	1542
▁戦争	1543
ラ	1544
,"	1545
▁consider	1546
▁story	1547
▁ヘブライ	1548
▁テモテ	1549
とか	1550
▁悪い	1551
▁pay	1552
電話	1553
作	1554
▁犠牲	1555
まだ	1556
U	1557
▁認め	1558
▁社会	1559
よく	1560
▁1:	1561
▁与える	1562
ような	1563
▁especially	1564
▁church	1565
▁呼ば	1566
▁最近	1567
▁disciples	1568
▁以前	1569
見つけ	1570
ませ	1571
期	1572
▁あらゆる	1573
▁People	1574
▁N	1575
▁ten	1576
▁知識	1577
▁tried	1578
▁equal	1579
▁heaven	1580
▁building	1581
▁sir	1582
▁バプテスマ	1583
▁attention	1584
▁決して	1585
もし	1586
によって	1587
▁長老	1588
▁州	1589
▁support	1590
▁week	1591
▁やめ	1592
▁諸	1593
an	1594
▁来る	1595
▁continue	1596
▁種	1597
▁箴言	1598
彼ら	1599
ation	1600
▁probably	1601
▁Like	1602
僕	1603
▁ancient	1604
▁祝福	1605
含ま	1606
ったら	1607
フ	1608
▁Scriptures	1609
▁according	1610
▁ほう	1611
▁誌	1612
▁大会	1613
先	1614
用	1615
▁行ない	1616
▁lead	1617
とも	1618
▁sin	1619
on	1620
▁幸福	1621
▁生	1622
▁個人	1623
▁difficult	1624
たく	1625
▁出席	1626
▁either	1627
▁義	1628
▁king	1629
命	1630
▁W	1631
▁カトリック	1632
▁益	1633
h	1634
M	1635
▁変化	1636
▁5:	1637
▁紙	1638
つもり	1639
▁例	1640
▁ずっ	1641
語	1642
▁際	1643
るか	1644
▁一部	1645
▁public	1646
▁strong	1647
くれる	1648
点	1649
▁Tom	1650
▁28	1651
▁members	1652
こ	1653
カ	1654
▁write	1655
教え	1656
れる	1657
▁言え	1658
▁wants	1659
▁involved	1660
▁皆	1661
しか	1662
▁created	1663
▁reading	1664
▁都市	1665
▁あ	1666
▁将来	1667
▁air	1668
少し	1669
▁countries	1670
▁分かり	1671
▁恐れ	1672
▁de	1673
▁listen	1674
線	1675
▁自	1676
死ん	1677
金	1678
▁地域	1679
機	1680
▁集会	1681
▁西暦	1682
en	1683
▁小さな	1684
?"	1685
it	1686
▁whatever	1687
▁beautiful	1688
▁Catholic	1689
▁account	1690
▁pretty	1691
▁See	1692
▁helped	1693
▁report	1694
▁servants	1695
▁われ	1696
▁自身	1697
▁木	1698
など	1699
値	1700
▁turned	1701
▁minutes	1702
▁common	1703
▁deal	1704
▁行き	1705
▁uh	1706
言葉	1707
くる	1708
化	1709
▁死ん	1710
生	1711
▁思わ	1712
すぐ	1713
▁歴史	1714
に入	1715
なる	1716
▁精神	1717
知ら	1718
▁walk	1719
▁respect	1720
▁先	1721
動	1722
▁THE	1723
▁26	1724
▁奴	1725
▁もっ	1726
見る	1727
▁simply	1728
▁価値	1729
頭	1730
民	1731
▁起き	1732
▁seems	1733
入っ	1734
▁relationship	1735
▁訳	1736
▁promise	1737
▁名前	1738
▁6:	1739
感じ	1740
▁続け	1741
▁gives	1742
私たち	1743
▁enjoy	1744
▁可能	1745
▁above	1746
▁Uh	1747
▁righteous	1748
▁kept	1749
▁couple	1750
▁正しい	1751
▁serious	1752
▁seem	1753
▁forth	1754
▁Moses	1755
▁position	1756
You	1757
▁nation	1758
関	1759
▁interest	1760
▁class	1761
▁loving	1762
▁たより	1763
▁m	1764
▁さあ	1765
▁sound	1766
▁金	1767
▁あと	1768
為	1769
▁p	1770
▁証拠	1771
▁prayer	1772
8	1773
g	1774
死	1775
▁desire	1776
▁口	1777
名前	1778
▁heavens	1779
▁Most	1780
子供	1781
▁late	1782
かけ	1783
7	1784
▁ダビデ	1785
学	1786
行っ	1787
▁cut	1788
▁local	1789
▁thus	1790
一つ	1791
▁ourselves	1792
▁teaching	1793
いう	1794
らば	1795
▁soul	1796
▁save	1797
▁Would	1798
▁母親	1799
以上	1800
関係	1801
▁single	1802
F	1803
▁outside	1804
▁道徳	1805
▁fellow	1806
▁ministry	1807
▁伝え	1808
▁met	1809
む	1810
デ	1811
us	1812
▁shows	1813
▁政治	1814
▁miles	1815
▁states	1816
▁alive	1817
▁takes	1818
▁エルサレム	1819
▁i	1820
▁received	1821
かも	1822
始め	1823
▁Take	1824
▁アフリカ	1825
▁当時	1826
▁感情	1827
▁married	1828
▁English	1829
▁including	1830
入れ	1831
▁知る	1832
がない	1833
与え	1834
▁witnesses	1835
▁人生	1836
させる	1837
▁Psalm	1838
官	1839
ting	1840
助け	1841
▁act	1842
かっ	1843
▁According	1844
▁あんた	1845
▁fight	1846
▁誰か	1847
▁行為	1848
▁f	1849
▁普通	1850
f	1851
0	1852
▁joy	1853
ロ	1854
▁Him	1855
▁short	1856
▁責任	1857
▁While	1858
▁住む	1859
▁office	1860
▁American	1861
▁sister	1862
▁思う	1863
▁perfect	1864
▁くださる	1865
▁greater	1866
▁looks	1867
わけ	1868
解	1869
▁医師	1870
▁Isaiah	1871
▁fucking	1872
▁seven	1873
身	1874
k	1875
▁従	1876
▁entire	1877
▁further	1878
▁様々	1879
▁meeting	1880
全て	1881
▁悪	1882
▁日本	1883
法	1884
▁健康	1885
▁よれ	1886
行き	1887
▁wisdom	1888
G	1889
▁娘	1890
▁外	1891
マン	1892
こそ	1893
▁通し	1894
▁police	1895
もない	1896
▁ことば	1897
▁exactly	1898
▁front	1899
▁magazine	1900
▁Their	1901
▁watch	1902
つけ	1903
面	1904
▁血	1905
▁counsel	1906
▁安全	1907
▁助言	1908
▁勧め	1909
▁nice	1910
▁Today	1911
▁確信	1912
▁33	1913
▁一般	1914
念	1915
ion	1916
ファイル	1917
戻	1918
たか	1919
▁whose	1920
▁現代	1921
▁born	1922
u	1923
のもの	1924
▁情報	1925
▁信頼	1926
▁sea	1927
笑	1928
▁avoid	1929
▁rule	1930
▁modern	1931
▁therefore	1932
▁永遠	1933
▁Jews	1934
だが	1935
▁会	1936
すべて	1937
▁Me	1938
▁とおり	1939
▁phone	1940
▁行	1941
▁回	1942
▁三	1943
▁見方	1944
▁field	1945
奴	1946
▁Greek	1947
▁Creator	1948
▁perhaps	1949
▁比較	1950
▁いいえ	1951
▁material	1952
▁similar	1953
▁sort	1954
▁海	1955
▁電話	1956
▁town	1957
▁provide	1958
▁safe	1959
お前	1960
▁家庭	1961
なければ	1962
次	1963
▁per	1964
▁sleep	1965
▁heavenly	1966
▁全体	1967
▁y	1968
▁moved	1969
▁しまい	1970
▁復活	1971
▁報告	1972
▁written	1973
▁likely	1974
▁doctor	1975
▁ドイツ	1976
共	1977
有	1978
▁hour	1979
ame	1980
居	1981
▁company	1982
▁Such	1983
とても	1984
▁お金	1985
▁sun	1986
すること	1987
▁感	1988
▁昔	1989
する者	1990
無	1991
▁特別	1992
▁すでに	1993
▁evil	1994
欲しい	1995
▁手紙	1996
ソン	1997
▁music	1998
マ	1999
内	2000
▁clean	2001
<	2002
残	2003
見え	2004
▁matters	2005
▁send	2006
エホバ	2007
愛	2008
▁test	2009
そこ	2010
▁showed	2011
▁effect	2012
▁Great	2013
▁reports	2014
信仰	2015
務	2016
▁ギリシャ	2017
▁daughter	2018
el	2019
▁キロ	2020
▁several	2021
Laughter	2022
▁meetings	2023
▁moment	2024
▁離れ	2025
▁警察	2026
▁警告	2027
▁break	2028
様	2029
▁tree	2030
▁changed	2031
▁あろ	2032
▁wicked	2033
▁based	2034
▁31	2035
▁%1	2036
▁held	2037
▁27	2038
▁taught	2039
すれば	2040
▁top	2041
速	2042
▁記録	2043
▁物質	2044
天	2045
▁students	2046
▁違い	2047
▁自然	2048
すか	2049
▁truly	2050
K	2051
▁false	2052
▁sign	2053
▁shit	2054
▁drink	2055
▁トム	2056
▁natural	2057
▁poor	2058
▁books	2059
▁simple	2060
▁receive	2061
▁教育	2062
▁Although	2063
▁list	2064
▁山	2065
▁Luke	2066
▁animals	2067
リー	2068
▁hurt	2069
▁hearts	2070
▁計画	2071
▁違う	2072
▁原因	2073
ち	2074
▁体制	2075
▁Day	2076
▁男性	2077
▁愛する	2078
▁chance	2079
R	2080
▁Mary	2081
▁Adam	2082
▁witness	2083
▁Wait	2084
▁guess	2085
印	2086
▁一方	2087
着	2088
▁game	2089
▁調査	2090
▁wish	2091
▁しまう	2092
▁sometimes	2093
and	2094
▁させ	2095
▁光	2096
そ	2097
▁deep	2098
送	2099
▁二つ	2100
▁doubt	2101
▁letter	2102
使用	2103
新しい	2104
▁thousands	2105
▁読む	2106
乗	2107
▁受け入れ	2108
▁見え	2109
▁急	2110
▁program	2111
▁force	2112
em	2113
オ	2114
▁First	2115
▁function	2116
世	2117
▁備え	2118
▁知り	2119
▁Church	2120
▁conduct	2121
10	2122
▁Africa	2123
▁physical	2124
▁lived	2125
▁plus	2126
▁市	2127
凡て	2128
▁disease	2129
▁声	2130
▁gets	2131
▁反対	2132
▁Hello	2133
▁一致	2134
is	2135
▁yeah	2136
待っ	2137
▁ground	2138
▁type	2139
▁主義	2140
▁places	2141
悪い	2142
▁c	2143
&	2144
▁period	2145
違う	2146
▁plan	2147
火	2148
ity	2149
▁色	2150
▁political	2151
▁入れ	2152
Y	2153
▁feeling	2154
▁よし	2155
▁May	2156
▁decided	2157
▁しか	2158
▁feelings	2159
▁やがて	2160
▁父親	2161
▁ヤコブ	2162
We	2163
のである	2164
こちら	2165
一人	2166
▁elders	2167
▁抱	2168
▁speaking	2169
直	2170
▁Indeed	2171
▁month	2172
▁looked	2173
▁29	2174
▁usually	2175
▁buy	2176
▁wise	2177
▁worked	2178
▁決定	2179
▁brain	2180
▁立場	2181
▁teach	2182
▁すなわち	2183
ur	2184
業	2185
▁pain	2186
▁ま	2187
話を	2188
▁かけ	2189
▁haven	2190
▁data	2191
実	2192
▁かなり	2193
H	2194
▁Watchtower	2195
▁訪問	2196
▁yes	2197
▁issue	2198
▁ご覧	2199
▁心配	2200
▁古代	2201
▁宇宙	2202
発	2203
いけ	2204
z	2205
わよ	2206
▁Revelation	2207
▁愛し	2208
▁言語	2209
▁happiness	2210
▁Re	2211
le	2212
ちゃ	2213
▁読	2214
▁姉妹	2215
分か	2216
ent	2217
▁必ず	2218
▁覚え	2219
▁32	2220
▁organization	2221
くらい	2222
▁示さ	2223
答え	2224
▁大切	2225
▁wanna	2226
んじゃ	2227
▁Two	2228
▁action	2229
▁beginning	2230
▁0	2231
▁text	2232
▁解決	2233
のような	2234
▁thank	2235
▁待っ	2236
いつ	2237
▁ahead	2238
▁benefit	2239
ぜ	2240
▁third	2241
▁security	2242
なり	2243
It	2244
▁due	2245
▁最	2246
形	2247
▁忘れ	2248
以外	2249
得	2250
▁Japan	2251
▁instead	2252
▁accept	2253
▁ye	2254
▁build	2255
▁eye	2256
▁picture	2257
ブ	2258
▁Another	2259
▁Life	2260
にとって	2261
▁わずか	2262
▁使	2263
▁知恵	2264
▁fall	2265
立っ	2266
▁finally	2267
▁happens	2268
▁60	2269
▁耳	2270
at	2271
▁Dur	2272
▁船	2273
ist	2274
▁completely	2275
ディ	2276
▁英国	2277
▁running	2278
▁指導	2279
▁energy	2280
▁attitude	2281
▁built	2282
ることは	2283
▁baptized	2284
▁保護	2285
▁多い	2286
自身	2287
▁Thanks	2288
▁生ま	2289
▁はっきり	2290
▁meaning	2291
▁円	2292
▁afraid	2293
▁forever	2294
▁space	2295
▁loved	2296
▁原則	2297
▁200	2298
▁やっ	2299
▁夜	2300
▁モーセ	2301
▁check	2302
▁したがって	2303
▁parts	2304
まし	2305
▁早く	2306
色	2307
▁常	2308
▁協会	2309
っても	2310
▁suffering	2311
場	2312
▁員	2313
け	2314
▁こ	2315
▁available	2316
▁telling	2317
▁War	2318
口	2319
歳	2320
▁部分	2321
▁stuff	2322
▁white	2323
▁うん	2324
▁visit	2325
▁話す	2326
▁機会	2327
▁すばらしい	2328
▁fast	2329
女性	2330
▁James	2331
▁創世記	2332
▁trouble	2333
▁remain	2334
▁自ら	2335
▁話し	2336
▁加え	2337
▁Man	2338
▁Society	2339
as	2340
▁except	2341
▁Say	2342
▁Abraham	2343
▁Hi	2344
▁reach	2345
▁grow	2346
使徒	2347
▁言って	2348
▁開拓	2349
▁近く	2350
▁Israelites	2351
サ	2352
▁調べ	2353
▁authority	2354
▁患者	2355
▁understanding	2356
▁source	2357
ry	2358
▁4.	2359
9	2360
▁過去	2361
▁w	2362
不	2363
帰	2364
▁たくさん	2365
とした	2366
▁fully	2367
目ざめよ	2368
▁America	2369
コ	2370
▁Really	2371
ie	2372
バ	2373
▁友人	2374
▁初めて	2375
▁治療	2376
▁Roman	2377
▁record	2378
▁正確	2379
▁Tell	2380
▁奴隷	2381
▁necessary	2382
』.	2383
▁3,	2384
▁file	2385
▁高い	2386
▁key	2387
▁divine	2388
▁魂	2389
生き	2390
▁X	2391
▁realize	2392
▁犯罪	2393
▁across	2394
▁真実	2395
連れ	2396
▁Watch	2397
▁はず	2398
▁complete	2399
▁older	2400
たわ	2401
▁interesting	2402
▁wonder	2403
▁black	2404
したが	2405
懲罰	2406
▁ゆく	2407
▁interested	2408
ment	2409
▁ア	2410
▁強い	2411
みま	2412
部分	2413
▁red	2414
▁birth	2415
▁Acts	2416
▁一度	2417
▁こっ	2418
▁choice	2419
▁learning	2420
理由	2421
▁surely	2422
変	2423
▁hit	2424
▁Stop	2425
顔	2426
▁再び	2427
▁prove	2428
てはならない	2429
家族	2430
▁機	2431
▁Proverbs	2432
ザ	2433
▁strength	2434
▁weeks	2435
ることを	2436
▁大学	2437
▁millions	2438
▁むしろ	2439
ツ	2440
▁Keep	2441
起き	2442
受け	2443
▁2.	2444
▁principles	2445
▁protect	2446
▁小	2447
▁sick	2448
▁ど	2449
▁various	2450
▁Sorry	2451
▁フランス	2452
▁か月	2453
合	2454
▁social	2455
▁voice	2456
▁親切	2457
▁caused	2458
例	2459
▁neither	2460
▁ニューヨーク	2461
▁法	2462
だね	2463
▁Only	2464
父	2465
▁step	2466
選択	2467
▁sons	2468
▁殺	2469
部屋	2470
量	2471
▁changes	2472
▁tomorrow	2473
w	2474
▁lose	2475
▁figure	2476
要	2477
▁OK	2478
▁Her	2479
▁刑	2480
チ	2481
▁provided	2482
レ	2483
ニ	2484
まっ	2485
@	2486
▁forward	2487
▁opportunity	2488
▁V	2489
足	2490
▁cases	2491
▁waiting	2492
▁くださ	2493
▁互い	2494
ちら	2495
▁powerful	2496
▁negative	2497
▁そういう	2498
▁results	2499
▁町	2500
▁訓練	2501
▁eight	2502
▁seeing	2503
▁Also	2504
▁temple	2505
▁recent	2506
▁prophecy	2507
食べ	2508
だわ	2509
▁carry	2510
ial	2511
▁forget	2512
通	2513
▁t	2514
音	2515
▁righteousness	2516
▁worth	2517
▁足	2518
▁土地	2519
▁長い	2520
▁e	2521
▁Give	2522
生活	2523
出来る	2524
状態	2525
▁b	2526
▁週	2527
▁食べ	2528
▁offer	2529
▁cold	2530
▁期間	2531
▁considered	2532
約束	2533
そんな	2534
▁ス	2535
▁全部	2536
なきゃ	2537
▁敵	2538
▁Corinthians	2539
▁使用	2540
▁至る	2541
▁appreciate	2542
ッ	2543
▁supposed	2544
▁暴力	2545
▁decision	2546
▁spend	2547
▁70	2548
最も	2549
▁人びと	2550
▁medical	2551
▁それぞれ	2552
▁worry	2553
▁activity	2554
▁出版	2555
▁serving	2556
▁kids	2557
▁wonderful	2558
▁なぜなら	2559
▁写真	2560
▁named	2561
終	2562
探し	2563
敵	2564
▁お願い	2565
約	2566
up	2567
▁または	2568
▁もたらす	2569
▁cost	2570
▁quickly	2571
▁major	2572
▁公	2573
▁violence	2574
▁期待	2575
▁成功	2576
▁Could	2577
▁皆さん	2578
▁effort	2579
▁求める	2580
▁脚注	2581
▁35	2582
▁hundred	2583
▁lie	2584
▁夫婦	2585
シ	2586
起こ	2587
▁playing	2588
ch	2589
▁thousand	2590
▁practice	2591
▁anymore	2592
▁command	2593
▁general	2594
急	2595
▁spoke	2596
絶対	2597
▁level	2598
▁死ぬ	2599
▁Timothy	2600
されている	2601
▁島	2602
▁深い	2603
▁最高	2604
▁More	2605
▁従う	2606
▁ゆえに	2607
▁億	2608
▁shown	2609
高	2610
▁住ん	2611
▁ドル	2612
ベ	2613
▁保つ	2614
▁病	2615
理解	2616
▁moving	2617
▁ジョン	2618
▁テレビ	2619
▁mentioned	2620
▁numbers	2621
▁ダニエル	2622
▁expect	2623
▁ability	2624
▁led	2625
▁process	2626
▁3.	2627
▁asking	2628
▁spent	2629
▁能力	2630
▁Christendom	2631
▁allow	2632
▁デ	2633
▁形	2634
▁Witness	2635
▁しかも	2636
▁image	2637
▁川	2638
▁team	2639
▁メートル	2640
▁両親	2641
番	2642
▁増加	2643
罪	2644
▁fun	2645
▁ころ	2646
▁パパ	2647
▁働き	2648
誌	2649
山	2650
▁subject	2651
忘れ	2652
▁すぎ	2653
▁火	2654
no	2655
▁Law	2656
▁add	2657
▁families	2658
なし	2659
▁まさに	2660
▁Which	2661
▁bed	2662
▁国際	2663
%	2664
▁Dad	2665
▁kindness	2666
全	2667
▁pass	2668
▁hospital	2669
▁stated	2670
▁party	2671
▁road	2672
▁博士	2673
▁pray	2674
▁increase	2675
▁events	2676
▁書き	2677
▁代	2678
声	2679
▁individual	2680
▁mine	2681
▁Jewish	2682
終わり	2683
▁tells	2684
風	2685
文字	2686
▁anointed	2687
▁minus	2688
最初	2689
▁passed	2690
プ	2691
ism	2692
▁believers	2693
人生	2694
▁rich	2695
バー	2696
▁oil	2697
▁送	2698
▁fuck	2699
▁added	2700
▁explain	2701
▁draw	2702
▁食物	2703
▁簡単	2704
▁監督	2705
▁prophet	2706
▁sex	2707
信	2708
+	2709
▁About	2710
▁willing	2711
▁全て	2712
▁習慣	2713
間に	2714
進ん	2715
▁経済	2716
明	2717
▁各	2718
▁explained	2719
▁crime	2720
▁sit	2721
グ	2722
▁computer	2723
思	2724
言わ	2725
または	2726
見せ	2727
▁相手	2728
gt	2729
▁continued	2730
▁freedom	2731
▁準備	2732
▁定め	2733
に対して	2734
▁resurrection	2735
最後	2736
▁sacrifice	2737
▁fish	2738
▁direction	2739
▁gift	2740
▁raised	2741
▁create	2742
▁prison	2743
▁援助	2744
▁begin	2745
▁inspired	2746
▁みな	2747
▁かつて	2748
▁出来事	2749
▁大勢	2750
▁成就	2751
▁満足	2752
▁reported	2753
▁Was	2754
▁shot	2755
▁発見	2756
▁color	2757
▁followed	2758
ia	2759
いくつ	2760
rs	2761
▁destruction	2762
▁training	2763
▁True	2764
▁アダム	2765
▁毎日	2766
▁悪魔	2767
▁imagine	2768
正しい	2769
▁語り	2770
▁高	2771
ar	2772
理	2773
存在	2774
悪	2775
木	2776
▁recently	2777
▁seek	2778
▁nature	2779
▁ママ	2780
▁normal	2781
▁驚く	2782
ジ	2783
説明	2784
20	2785
取り	2786
▁minute	2787
▁助ける	2788
▁South	2789
What	2790
英語	2791
ate	2792
▁clearly	2793
撃	2794
▁8,	2795
▁god	2796
▁ヨブ	2797
ri	2798
il	2799
室	2800
▁一番	2801
kg	2802
▁efforts	2803
ったか	2804
▁gain	2805
▁南	2806
過ぎ	2807
エ	2808
de	2809
▁low	2810
▁羊	2811
▁meant	2812
付け	2813
▁グループ	2814
だけど	2815
▁secret	2816
▁hot	2817
ro	2818
▁apostles	2819
派	2820
do	2821
人々	2822
見える	2823
▁12:	2824
▁earlier	2825
=	2826
▁=	2827
▁Job	2828
▁believed	2829
▁mercy	2830
▁北	2831
▁patient	2832
母	2833
▁旅行	2834
▁term	2835
▁友達	2836
▁promised	2837
▁>	2838
▁beyond	2839
確認	2840
▁邪悪	2841
▁judgment	2842
▁standing	2843
▁戻	2844
▁teacher	2845
▁kid	2846
30	2847
互い	2848
▁pressure	2849
▁エフェソス	2850
▁date	2851
写真	2852
▁式	2853
▁ヨーロッパ	2854
ただ	2855
▁girls	2856
▁train	2857
▁size	2858
▁cell	2859
仲間	2860
▁反応	2861
どんな	2862
▁amount	2863
▁everlasting	2864
▁Daniel	2865
▁revealed	2866
▁bear	2867
▁教える	2868
そして	2869
▁太陽	2870
長	2871
▁音	2872
▁drugs	2873
▁non	2874
▁creation	2875
列	2876
ガ	2877
二	2878
▁angels	2879
▁advice	2880
▁2,	2881
▁calls	2882
▁society	2883
▁touch	2884
▁尋ね	2885
▁Footnote	2886
▁あまり	2887
▁honor	2888
▁conditions	2889
▁followers	2890
▁定	2891
求め	2892
▁45	2893
▁注目	2894
▁命令	2895
▁individuals	2896
▁種類	2897
▁leaving	2898
▁仕方	2899
▁areas	2900
▁final	2901
▁栄光	2902
することが	2903
▁moral	2904
▁信者	2905
計画	2906
▁population	2907
▁former	2908
大丈夫	2909
船	2910
X	2911
側	2912
▁事態	2913
▁produce	2914
▁守る	2915
▁権威	2916
▁regarding	2917
新	2918
▁Devil	2919
▁脳	2920
▁unto	2921
誰か	2922
▁Book	2923
▁Earth	2924
▁Nothing	2925
▁音楽	2926
▁宣べ伝える	2927
▁dangerous	2928
▁Awake	2929
▁Rather	2930
▁量	2931
▁saved	2932
たん	2933
ton	2934
▁reasons	2935
▁好き	2936
▁returned	2937
▁用	2938
うち	2939
▁regular	2940
どうか	2941
▁まあ	2942
設定	2943
なければならな	2944
▁circumstances	2945
▁answers	2946
許	2947
▁proper	2948
人びと	2949
less	2950
▁5.	2951
出す	2952
▁drive	2953
使う	2954
▁contact	2955
野	2956
▁points	2957
一度	2958
▁risk	2959
▁choose	2960
▁sexual	2961
意	2962
▁mouth	2963
▁さて	2964
▁国家	2965
ミ	2966
▁science	2967
▁10:	2968
自	2969
言	2970
種	2971
▁10.	2972
▁expression	2973
▁Mark	2974
▁学ぶ	2975
▁accepted	2976
▁attack	2977
▁animal	2978
▁destroyed	2979
▁laws	2980
▁throughout	2981
▁Europe	2982
▁French	2983
▁現実	2984
らか	2985
▁particular	2986
▁Over	2987
▁growing	2988
▁allowed	2989
行か	2990
常	2991
ive	2992
▁それに	2993
▁becomes	2994
▁歌	2995
▁Listen	2996
光	2997
大きな	2998
ござ	2999
員	3000
▁疑問	3001
▁非	3002
▁聖	3003
ール	3004
せい	3005
▁模範	3006
続け	3007
▁education	3008
座	3009
W	3010
▁becoming	3011
ies	3012
▁書か	3013
において	3014
▁failed	3015
▁あら	3016
▁7:	3017
▁Perhaps	3018
キ	3019
est	3020
▁flesh	3021
▁positive	3022
▁Romans	3023
▁video	3024
▁エレミヤ	3025
▁proved	3026
▁11:	3027
▁homes	3028
▁piece	3029
▁言える	3030
▁連れ	3031
▁Germany	3032
▁St	3033
▁walking	3034
▁環境	3035
of	3036
ながら	3037
▁これらの	3038
▁見つけ	3039
▁富	3040
正	3041
▁喜	3042
▁favor	3043
▁たとえ	3044
▁神殿	3045
▁ship	3046
▁物事	3047
戦	3048
▁condition	3049
▁dog	3050
▁address	3051
▁cancer	3052
▁聖霊	3053
▁none	3054
▁エ	3055
▁音信	3056
リスト	3057
▁influence	3058
ター	3059
行け	3060
▁クレジット	3061
いつも	3062
▁Consider	3063
の間	3064
▁取り	3065
▁original	3066
ご	3067
▁g	3068
▁concern	3069
▁正直	3070
▁greatest	3071
頃	3072
▁sheep	3073
他の	3074
▁献身	3075
▁total	3076
▁詩	3077
▁Credit	3078
▁専門	3079
▁difference	3080
▁hair	3081
ul	3082
▁instance	3083
言え	3084
▁research	3085
▁37	3086
いで	3087
返し	3088
co	3089
による	3090
▁−	3091
op	3092
▁search	3093
▁Un	3094
▁全員	3095
▁gun	3096
▁sight	3097
止め	3098
▁Help	3099
):	3100
▁Hebrew	3101
▁以来	3102
きま	3103
ティ	3104
▁pre	3105
▁covenant	3106
▁trees	3107
権	3108
▁responsibility	3109
息子	3110
▁boys	3111
▁忠節	3112
▁Ah	3113
▁生物	3114
二人	3115
▁目標	3116
ノ	3117
▁長	3118
▁苦しみ	3119
▁crowd	3120
▁justice	3121
結果	3122
▁cover	3123
▁d	3124
▁tonight	3125
▁Hall	3126
分かる	3127
▁basis	3128
▁happening	3129
one	3130
嘘	3131
▁machine	3132
▁writing	3133
▁box	3134
▁運動	3135
ian	3136
▁explains	3137
カー	3138
▁dark	3139
▁dad	3140
知り	3141
▁友	3142
読	3143
▁pick	3144
▁成長	3145
▁paper	3146
どの	3147
▁seemed	3148
▁良心	3149
▁Every	3150
▁danger	3151
▁helping	3152
▁8.	3153
▁新た	3154
▁最大	3155
▁enter	3156
▁keeping	3157
▁centuries	3158
▁Hence	3159
▁speech	3160
娘	3161
覚え	3162
▁apply	3163
血	3164
▁loss	3165
必ず	3166
▁しっかり	3167
▁Before	3168
▁punishment	3169
▁success	3170
▁4)	3171
まえ	3172
▁path	3173
以前	3174
▁技術	3175
▁開か	3176
be	3177
▁特質	3178
た時	3179
▁nearly	3180
よい	3181
▁published	3182
▁lands	3183
▁cells	3184
▁universe	3185
▁裁判	3186
▁マ	3187
▁場	3188
▁病院	3189
▁Line	3190
▁Holy	3191
もっと	3192
▁arrived	3193
▁signs	3194
▁鳥	3195
すべての	3196
書き	3197
▁化	3198
ous	3199
▁described	3200
▁served	3201
▁ばかり	3202
▁考慮	3203
▁average	3204
らせ	3205
▁主張	3206
▁noted	3207
▁銃	3208
▁直面	3209
▁通り	3210
▁Remember	3211
▁肉	3212
▁groups	3213
非常	3214
out	3215
▁evening	3216
▁names	3217
▁military	3218
▁部	3219
▁developed	3220
▁くる	3221
▁見て	3222
▁gold	3223
▁examples	3224
調べ	3225
▁表現	3226
▁囲み	3227
▁Still	3228
就	3229
▁hate	3230
刑	3231
▁ご自身	3232
▁pages	3233
▁basic	3234
▁immediately	3235
▁1914	3236
食	3237
▁sins	3238
▁アブラハム	3239
▁Tower	3240
▁crazy	3241
▁daily	3242
▁somebody	3243
▁lack	3244
▁ゆき	3245
▁Solomon	3246
▁calling	3247
▁drug	3248
▁De	3249
▁雑誌	3250
▁ものみの塔	3251
▁障害	3252
会社	3253
典	3254
▁聖句	3255
▁効果	3256
▁偽り	3257
▁証明	3258
▁追	3259
▁TV	3260
▁•	3261
▁main	3262
all	3263
▁exercise	3264
▁confidence	3265
▁leaders	3266
▁vital	3267
▁うまく	3268
▁showing	3269
▁麻薬	3270
▁table	3271
行い	3272
▁appointed	3273
準備	3274
▁7.	3275
▁race	3276
▁残り	3277
▁食事	3278
士	3279
拍	3280
▁regard	3281
▁reward	3282
結婚	3283
▁billion	3284
▁eating	3285
▁両	3286
▁もはや	3287
伝え	3288
▁role	3289
▁油そそ	3290
たよ	3291
▁cities	3292
▁slave	3293
▁yourselves	3294
▁ところが	3295
▁rate	3296
▁treatment	3297
ant	3298
▁その他	3299
▁huge	3300
話す	3301
▁worse	3302
システム	3303
ヤ	3304
不信	3305
ネ	3306
▁guidance	3307
▁huh	3308
わか	3309
▁glory	3310
変え	3311
▁rain	3312
▁当然	3313
▁くれる	3314
▁要求	3315
▁基本	3316
▁導き	3317
▁年代	3318
▁12.	3319
▁似	3320
Do	3321
▁契約	3322
▁大きく	3323
▁拡大	3324
▁攻撃	3325
▁貴	3326
▁優れ	3327
▁realized	3328
▁対処	3329
るわ	3330
▁straight	3331
▁newspaper	3332
▁9.	3333
▁顔	3334
▁挙げ	3335
ish	3336
空	3337
妻	3338
▁迫害	3339
▁spread	3340
▁filled	3341
▁murder	3342
▁分かる	3343
場合は	3344
▁多	3345
▁向け	3346
son	3347
ビ	3348
▁Though	3349
▁敬意	3350
▁Japanese	3351
星	3352
▁agree	3353
ne	3354
ちゃん	3355
可能性	3356
▁blessing	3357
▁street	3358
▁middle	3359
▁everybody	3360
▁warning	3361
▁それとも	3362
気に	3363
▁youths	3364
v	3365
▁conscience	3366
▁price	3367
位	3368
▁11.	3369
▁Should	3370
am	3371
▁minister	3372
▁ひとり	3373
失	3374
HP	3375
▁分から	3376
かしら	3377
▁Instead	3378
ine	3379
殺す	3380
離れ	3381
簡単	3382
id	3383
役	3384
▁明日	3385
▁Noah	3386
▁34	3387
別	3388
▁1,000	3389
▁4,	3390
▁仕える	3391
▁用いる	3392
今度	3393
▁36	3394
▁取る	3395
▁6.	3396
▁code	3397
▁thoughts	3398
▁予告	3399
ラー	3400
▁Once	3401
週間	3402
V	3403
▁extreme	3404
▁強く	3405
▁13:	3406
▁Times	3407
▁傾向	3408
▁Time	3409
移動	3410
▁busy	3411
▁dream	3412
In	3413
▁careful	3414
▁sisters	3415
故	3416
▁ご意志	3417
▁倍	3418
▁higher	3419
小	3420
▁community	3421
▁concerned	3422
会い	3423
▁fell	3424
▁いろいろ	3425
▁元	3426
▁14.	3427
▁foot	3428
▁症	3429
▁Therefore	3430
実行	3431
学校	3432
▁knowing	3433
▁オ	3434
算	3435
▁もたらし	3436
分から	3437
もなく	3438
▁wide	3439
変更	3440
▁Babylon	3441
▁大変	3442
▁art	3443
▁reached	3444
▁側	3445
▁offered	3446
▁qualities	3447
安全	3448
▁飛行	3449
▁error	3450
▁時期	3451
ものみの塔	3452
▁支持	3453
実際	3454
心配	3455
▁heavy	3456
▁quality	3457
▁cool	3458
ized	3459
▁IN	3460
捜査	3461
▁aware	3462
If	3463
▁豊か	3464
▁caught	3465
▁付	3466
▁認識	3467
▁慰め	3468
▁develop	3469
▁余り	3470
▁appear	3471
▁helps	3472
▁想像	3473
▁Genesis	3474
▁300	3475
▁member	3476
▁prepared	3477
危険	3478
▁利用	3479
▁証言	3480
go	3481
▁congregations	3482
▁environment	3483
出し	3484
▁easily	3485
▁初期	3486
▁putting	3487
死ぬ	3488
God	3489
ING	3490
▁pleasure	3491
▁学び	3492
▁German	3493
▁Pictures	3494
▁使う	3495
▁マルコ	3496
トン	3497
違い	3498
▁心臓	3499
▁向か	3500
▁green	3501
ならない	3502
▁although	3503
しまう	3504
▁dollars	3505
▁そうすれば	3506
▁祭司	3507
▁recognize	3508
▁Joseph	3509
▁stopped	3510
▁suffer	3511
▁responsible	3512
▁翻訳	3513
ぐ	3514
▁許し	3515
▁とも	3516
件	3517
▁Box	3518
▁France	3519
▁Matt	3520
▁つつ	3521
▁働く	3522
▁eventually	3523
▁hearing	3524
▁maintain	3525
代	3526
▁scientists	3527
表	3528
▁バビロン	3529
▁mental	3530
事件	3531
容	3532
▁Ha	3533
▁firm	3534
一番	3535
型	3536
▁カ	3537
▁使わ	3538
▁technology	3539
▁参加	3540
限り	3541
お金	3542
▁Us	3543
▁aren	3544
▁記述	3545
なっ	3546
▁賢明	3547
▁破壊	3548
▁ふさわしい	3549
ling	3550
▁required	3551
▁nine	3552
▁priests	3553
重要な	3554
▁opened	3555
▁文	3556
▁率	3557
▁植物	3558
▁chapter	3559
▁読み	3560
▁十	3561
▁worldwide	3562
▁すると	3563
▁部屋	3564
ばかり	3565
ろうと	3566
州	3567
海	3568
▁causes	3569
▁goal	3570
信者	3571
薬	3572
▁languages	3573
▁activities	3574
▁初め	3575
▁branch	3576
▁続ける	3577
J	3578
▁熱	3579
▁glad	3580
入り	3581
▁attend	3582
▁current	3583
▁include	3584
ると	3585
たもの	3586
▁n	3587
▁エジプト	3588
▁Y	3589
▁関連	3590
▁感じる	3591
軍	3592
▁番	3593
▁particularly	3594
▁workers	3595
▁Fuck	3596
▁Z	3597
▁copy	3598
▁出し	3599
▁5,	3600
ra	3601
▁University	3602
話し	3603
▁きっと	3604
▁みなさ	3605
▁婦人	3606
▁特権	3607
He	3608
▁km	3609
▁会社	3610
▁聞き	3611
▁間違い	3612
la	3613
▁object	3614
かかわら	3615
ぎ	3616
▁まま	3617
▁スペイン	3618
▁13.	3619
▁先生	3620
▁studying	3621
テ	3622
▁美しい	3623
失敗	3624
▁選択	3625
同	3626
▁薬	3627
▁過	3628
▁ran	3629
▁難しい	3630
te	3631
▁会館	3632
▁変え	3633
部	3634
等	3635
連絡	3636
This	3637
▁articles	3638
いわ	3639
上げ	3640
na	3641
向か	3642
um	3643
所に	3644
▁blessings	3645
▁みる	3646
▁island	3647
▁planet	3648
▁standards	3649
▁え	3650
▁15,	3651
▁ideas	3652
▁prayers	3653
▁center	3654
▁escape	3655
▁み使い	3656
▁意見	3657
文	3658
皆	3659
▁blue	3660
友達	3661
▁concerning	3662
▁presence	3663
真実	3664
▁通	3665
ary	3666
▁Al	3667
転	3668
me	3669
▁president	3670
出る	3671
▁リ	3672
▁半	3673
▁fruit	3674
un	3675
lo	3676
▁熱心	3677
先生	3678
▁Jeremiah	3679
▁related	3680
▁species	3681
モ	3682
ty	3683
▁取っ	3684
▁花	3685
ちょっと	3686
▁ユダ	3687
▁なさ	3688
▁hundreds	3689
▁wind	3690
状況	3691
▁Make	3692
素	3693
▁handle	3694
▁80	3695
▁London	3696
▁earthly	3697
▁floor	3698
▁生きる	3699
剣	3700
▁paid	3701
立	3702
▁comfort	3703
▁experienced	3704
れてい	3705
流	3706
▁court	3707
▁global	3708
▁project	3709
▁weight	3710
アメリカ	3711
ほう	3712
▁発行	3713
ダメ	3714
異なっ	3715
▁con	3716
▁軍	3717
▁世話	3718
▁Never	3719
▁いいか	3720
▁behavior	3721
王	3722
▁exist	3723
▁impossible	3724
▁claim	3725
▁従順	3726
▁もしくは	3727
▁死者	3728
守	3729
▁harmony	3730
▁新聞	3731
▁見える	3732
さえ	3733
▁させる	3734
密	3735
men	3736
▁pioneer	3737
▁connection	3738
▁間違	3739
▁missing	3740
▁15.	3741
▁priest	3742
ter	3743
▁brings	3744
▁England	3745
▁公正	3746
▁active	3747
▁ダメ	3748
▁Mom	3749
▁血液	3750
ずっ	3751
買っ	3752
たくさん	3753
今日	3754
なもの	3755
▁watching	3756
▁いずれ	3757
▁anger	3758
んか	3759
▁霊感	3760
▁terms	3761
▁thou	3762
▁始まり	3763
▁み子	3764
▁thanks	3765
▁1,2	3766
友人	3767
▁addition	3768
▁carried	3769
追加	3770
50	3771
▁established	3772
▁turns	3773
▁enemy	3774
▁人口	3775
~	3776
▁promises	3777
▁wall	3778
▁戦い	3779
▁store	3780
▁ほら	3781
▁アルコール	3782
▁ラ	3783
▁手術	3784
▁絶え	3785
▁程度	3786
然	3787
▁spiritually	3788
▁City	3789
▁される	3790
▁中国	3791
するために	3792
聞き	3793
▁失	3794
起	3795
▁station	3796
▁17.	3797
▁drinking	3798
▁司祭	3799
▁fulfillment	3800
基づい	3801
▁measure	3802
▁appreciation	3803
▁wild	3804
随	3805
▁16.	3806
▁values	3807
▁join	3808
▁progress	3809
▁論	3810
▁event	3811
▁foretold	3812
▁surface	3813
▁結論	3814
▁popular	3815
あの	3816
▁Canada	3817
▁student	3818
▁ノア	3819
▁observed	3820
▁怒り	3821
▁教徒	3822
全部	3823
▁容易	3824
▁judge	3825
▁square	3826
引	3827
▁ささげ	3828
▁notice	3829
▁仕え	3830
真理	3831
▁Later	3832
▁occasion	3833
▁catch	3834
▁birds	3835
▁mate	3836
▁働	3837
▁深く	3838
▁correct	3839
店	3840
▁Each	3841
ット	3842
▁destroy	3843
▁国々	3844
▁報い	3845
▁Any	3846
▁seeking	3847
▁90	3848
▁studies	3849
▁window	3850
▁素晴らしい	3851
▁8:	3852
▁North	3853
▁protection	3854
▁み名	3855
▁harm	3856
呼	3857
▁9:	3858
▁accident	3859
入	3860
▁amazing	3861
報	3862
感	3863
▁500	3864
ゲーム	3865
▁進歩	3866
▁note	3867
▁wine	3868
行動	3869
▁宣明	3870
▁座	3871
▁重大	3872
に対する	3873
感謝	3874
▁なれ	3875
▁限り	3876
真	3877
▁ファイル	3878
▁La	3879
▁石	3880
服	3881
▁しばしば	3882
▁fail	3883
▁travel	3884
if	3885
▁churches	3886
age	3887
氏	3888
▁Hebrews	3889
▁役割	3890
tic	3891
▁National	3892
▁任命	3893
▁念	3894
美	3895
▁22,	3896
町	3897
▁mom	3898
▁sky	3899
▁たばこ	3900
▁偉大	3901
ad	3902
▁唯一	3903
▁approach	3904
じ	3905
▁#	3906
▁Excuse	3907
▁Sir	3908
ハ	3909
質問	3910
▁9,	3911
▁victim	3912
スト	3913
辺	3914
▁つけ	3915
▁表わし	3916
ated	3917
▁Cor	3918
▁plant	3919
畏れ	3920
▁army	3921
▁enemies	3922
ted	3923
▁expected	3924
▁lying	3925
▁charge	3926
ウ	3927
▁aid	3928
▁官	3929
▁obey	3930
▁talked	3931
▁youth	3932
▁立て	3933
みる	3934
▁どうも	3935
▁Surely	3936
▁economic	3937
かい	3938
▁generation	3939
▁かなっ	3940
▁6,	3941
▁Show	3942
▁gods	3943
he	3944
▁着	3945
▁paradise	3946
▁つ	3947
▁blind	3948
▁challenge	3949
▁invited	3950
▁大抵	3951
ance	3952
▁determined	3953
▁mountain	3954
▁文書	3955
▁existence	3956
▁leading	3957
lt	3958
▁_	3959
▁一体	3960
▁法律	3961
計	3962
ED	3963
▁national	3964
▁マリア	3965
▁parent	3966
▁vision	3967
▁こそ	3968
▁OF	3969
わたっ	3970
解決	3971
すぎ	3972
昨日	3973
▁warm	3974
げ	3975
▁broke	3976
▁ソロモン	3977
▁英語	3978
ゴ	3979
犬	3980
▁象徴	3981
郎	3982
ite	3983
▁Egypt	3984
No	3985
▁guide	3986
▁miss	3987
▁許	3988
▁access	3989
▁produced	3990
we	3991
▁High	3992
▁international	3993
▁空	3994
ロー	3995
▁Children	3996
▁裁き	3997
つく	3998
>	3999
▁skin	4000
どれ	4001
てお	4002
▁Put	4003
·	4004
▁recorded	4005
▁rules	4006
ful	4007
▁決意	4008
かね	4009
ma	4010
ut	4011
▁win	4012
▁細胞	4013
▁自動	4014
se	4015
▁appropriate	4016
▁立	4017
▁discovered	4018
▁welcome	4019
▁ついに	4020
技術	4021
▁正	4022
▁要素	4023
ケ	4024
自由	4025
▁強力	4026
▁毎年	4027
▁神聖	4028
銃	4029
▁benefits	4030
▁統治	4031
▁取り上げ	4032
▁pro	4033
▁Ask	4034
▁effects	4035
品	4036
産	4037
▁行け	4038
▁bringing	4039
▁deeds	4040
▁大いに	4041
▁Has	4042
いった	4043
リン	4044
傷	4045
▁ひどい	4046
▁カナダ	4047
分かり	4048
ありがとう	4049
▁broken	4050
得る	4051
▁Scriptural	4052
▁closer	4053
▁notes	4054
▁design	4055
▁till	4056
考える	4057
▁出る	4058
▁distance	4059
導	4060
処	4061
▁convention	4062
ヶ	4063
▁指示	4064
▁群衆	4065
▁読者	4066
For	4067
装	4068
▁入る	4069
▁聞く	4070
▁15:	4071
▁思え	4072
▁作	4073
屋	4074
▁relative	4075
夢	4076
底	4077
▁declared	4078
▁貴重	4079
年間	4080
▁India	4081
▁福音	4082
ize	4083
▁lies	4084
▁sitting	4085
▁killing	4086
明確	4087
▁生徒	4088
▁growth	4089
程	4090
▁Sometimes	4091
使い	4092
▁ハ	4093
命令	4094
▁所有	4095
なってい	4096
パ	4097
望	4098
▁あいつ	4099
▁praise	4100
▁パン	4101
▁creatures	4102
半	4103
和	4104
▁placed	4105
▁bodies	4106
▁Am	4107
キー	4108
▁24:	4109
▁survive	4110
for	4111
▁大戦	4112
▁群れ	4113
▁literature	4114
▁避け	4115
▁行か	4116
▁statement	4117
▁生き方	4118
▁規準	4119
ver	4120
▁Love	4121
込み	4122
▁actions	4123
▁インド	4124
▁自己	4125
▁異	4126
▁作る	4127
▁離婚	4128
▁bank	4129
▁入	4130
▁犯し	4131
▁魚	4132
ねえ	4133
▁殺人	4134
▁主人	4135
▁良く	4136
▁reality	4137
▁increased	4138
令	4139
like	4140
▁finished	4141
▁建設	4142
成功	4143
▁近い	4144
▁願い	4145
▁privilege	4146
▁突然	4147
▁nuclear	4148
▁村	4149
▁ぬ	4150
▁事故	4151
▁enjoyed	4152
▁scene	4153
たと	4154
▁doctors	4155
▁楽園	4156
▁honest	4157
在	4158
▁夢	4159
十分	4160
▁leaves	4161
▁望	4162
決して	4163
▁l	4164
▁practical	4165
殺し	4166
▁Sure	4167
▁mistake	4168
▁印刷	4169
▁生命	4170
▁market	4171
▁village	4172
セ	4173
▁affect	4174
▁Soon	4175
▁acts	4176
AR	4177
みんな	4178
▁Others	4179
▁事件	4180
▁fill	4181
▁guard	4182
▁School	4183
▁listening	4184
断	4185
▁II	4186
存じ	4187
▁interests	4188
ating	4189
▁なし	4190
▁少女	4191
授け	4192
▁authorities	4193
▁model	4194
▁成員	4195
▁風	4196
▁指摘	4197
▁Hold	4198
▁手段	4199
▁なんて	4200
▁救い	4201
日に	4202
▁Rome	4203
▁appears	4204
▁expressed	4205
▁Everything	4206
▁emotional	4207
▁regularly	4208
▁trip	4209
せる	4210
▁o	4211
入力	4212
▁オーストラリア	4213
呼ば	4214
ig	4215
▁Three	4216
▁Paradise	4217
▁plants	4218
▁Nevertheless	4219
▁battle	4220
▁おく	4221
▁Whatever	4222
価値	4223
▁メシア	4224
▁speed	4225
▁どうぞ	4226
望み	4227
▁Something	4228
▁なんと	4229
▁回復	4230
▁圧力	4231
et	4232
▁accurate	4233
び	4234
▁conversation	4235
▁権利	4236
eth	4237
▁personality	4238
雨	4239
▁salvation	4240
▁fighting	4241
働	4242
▁boat	4243
▁private	4244
▁Got	4245
シュ	4246
▁kinds	4247
▁高く	4248
▁West	4249
▁steps	4250
▁プログラム	4251
▁建物	4252
小さな	4253
▁奇跡	4254
▁baptism	4255
▁prevent	4256
▁sounds	4257
えば	4258
▁イタリア	4259
たり	4260
12	4261
▁British	4262
▁Red	4263
ah	4264
▁designed	4265
▁terrible	4266
▁西	4267
▁持ち	4268
▁factor	4269
▁wives	4270
▁merely	4271
▁solution	4272
▁rise	4273
▁unless	4274
僧職	4275
▁damage	4276
▁song	4277
▁Messiah	4278
リング	4279
▁express	4280
▁運転	4281
▁forces	4282
やめ	4283
▁slow	4284
▁weapons	4285
対し	4286
チーム	4287
他	4288
▁1970	4289
定	4290
▁酒	4291
わかる	4292
▁Australia	4293
▁古い	4294
▁オレ	4295
ce	4296
▁somewhere	4297
▁今や	4298
発見	4299
▁派	4300
逃げ	4301
▁Last	4302
▁ill	4303
▁21:	4304
▁大人	4305
▁源	4306
▁decisions	4307
▁series	4308
▁四	4309
▁死亡	4310
背	4311
▁chosen	4312
▁respond	4313
▁teachers	4314
▁tribulation	4315
▁支え	4316
▁ねえ	4317
まま	4318
▁しばらく	4319
▁イ	4320
▁TO	4321
てき	4322
ることが	4323
▁victims	4324
▁spoken	4325
▁被害	4326
▁結局	4327
▁逃げ	4328
▁below	4329
▁coffee	4330
▁強調	4331
がい	4332
しい	4333
▁置か	4334
▁壁	4335
▁教授	4336
ニー	4337
隊	4338
▁godly	4339
▁協力	4340
▁raise	4341
▁旅	4342
▁映画	4343
▁East	4344
▁holding	4345
くそ	4346
▁quick	4347
純	4348
▁エネルギー	4349
▁大半	4350
▁2,000	4351
▁意識	4352
▁告げ	4353
病	4354
シー	4355
調	4356
▁伝える	4357
▁stupid	4358
▁避ける	4359
▁China	4360
▁Other	4361
作り	4362
週	4363
▁Eve	4364
▁solve	4365
▁品	4366
質	4367
▁Um	4368
▁17:	4369
犯	4370
▁decide	4371
▁successful	4372
親	4373
▁事務	4374
▁犬	4375
▁大いなる	4376
▁敬虔	4377
▁楽し	4378
▁興味深い	4379
▁たぶん	4380
義	4381
▁moon	4382
▁根	4383
▁pattern	4384
時代	4385
ol	4386
▁pull	4387
▁恐らく	4388
もので	4389
従	4390
▁dedicated	4391
▁loyal	4392
▁teachings	4393
▁seriously	4394
hat	4395
計算	4396
となり	4397
▁ドア	4398
聖書	4399
!"	4400
▁precious	4401
と考え	4402
骨	4403
知る	4404
▁Sam	4405
▁desires	4406
▁ex	4407
▁sacred	4408
▁forgive	4409
▁最善	4410
▪	4411
生まれ	4412
▁右	4413
戻る	4414
▁belief	4415
▁歩み	4416
▁中心	4417
▁grew	4418
▁remains	4419
▁carefully	4420
▁finding	4421
▁systems	4422
▁memory	4423
▁はじめ	4424
▁importance	4425
▁manner	4426
▁patients	4427
▁失敗	4428
▁Christianity	4429
▁drop	4430
▁provides	4431
ロン	4432
▁continues	4433
▁legal	4434
▁抱く	4435
▁特定	4436
ble	4437
▁結	4438
ガン	4439
♫	4440
▁discipline	4441
▁fault	4442
▁fit	4443
▁支部	4444
を行う	4445
▁sell	4446
▁anybody	4447
▁specific	4448
記	4449
City	4450
▁elder	4451
▁さまざま	4452
啓	4453
▁display	4454
▁State	4455
▁writer	4456
別の	4457
研究	4458
▁river	4459
▁wealth	4460
▁赤ちゃん	4461
▁summer	4462
▁ちょうど	4463
▁余	4464
▁開	4465
▁平均	4466
▁development	4467
▁shut	4468
Jehovah	4469
▁保	4470
▁収	4471
のお	4472
▁suddenly	4473
▁サムエル	4474
▁朝	4475
▁heads	4476
▁cross	4477
▁lady	4478
▁gas	4479
メ	4480
▁エゼキエル	4481
▁conclusion	4482
▁direct	4483
の下	4484
▁記念	4485
立て	4486
▁入り	4487
恐れ	4488
▁おそらく	4489
▁starting	4490
▁10,	4491
▁Stay	4492
▁dinner	4493
積	4494
▁answered	4495
▁cry	4496
▁dear	4497
▁謙遜	4498
個	4499
▁herself	4500
▁DNA	4501
▁wear	4502
表示	4503
▁directly	4504
▁Con	4505
▁rock	4506
▁適切	4507
やり	4508
*	4509
▁生じる	4510
▁ほんと	4511
啓示	4512
▁18.	4513
▁7,	4514
▁たいてい	4515
40	4516
▁focus	4517
▁進化	4518
▁African	4519
▁mountains	4520
▁達し	4521
作る	4522
▁apart	4523
魔	4524
▁famous	4525
▁stars	4526
▁strange	4527
▁ice	4528
しく	4529
▁anyway	4530
▁雨	4531
これらの	4532
▁Finally	4533
▁neighbor	4534
▁radio	4535
▁suffered	4536
▁例え	4537
land	4538
▁Jack	4539
▁Mother	4540
▁ransom	4541
終わ	4542
▁bus	4543
▁feels	4544
田	4545
▁forms	4546
▁ら	4547
▁勉強	4548
ci	4549
da	4550
ボ	4551
早く	4552
▁angel	4553
▁lower	4554
▁occur	4555
見つか	4556
▁食べる	4557
社	4558
▁treat	4559
▁教師	4560
▁滅び	4561
▁規模	4562
込	4563
▁痛み	4564
▁少年	4565
▁clothes	4566
▁動か	4567
からだ	4568
▁facts	4569
▁heat	4570
▁limited	4571
▁preach	4572
▁Read	4573
創造	4574
完全	4575
▁汚染	4576
▁直接	4577
▁しるし	4578
倍	4579
▁k	4580
▁教訓	4581
▁dis	4582
▁property	4583
−	4584
状	4585
▁empty	4586
▁宣べ伝え	4587
▁師	4588
住ん	4589
▁traveling	4590
▁issues	4591
▁lines	4592
▁plane	4593
▁television	4594
our	4595
▁servant	4596
▁twice	4597
▁野	4598
億	4599
確率	4600
▁quiet	4601
▁Jacob	4602
へん	4603
▁garden	4604
▁ごく	4605
▁easier	4606
▁地方	4607
▁operation	4608
居る	4609
落ち	4610
▁tired	4611
▁極めて	4612
▁誕生	4613
安	4614
情報	4615
▁uses	4616
▁姿	4617
▁移動	4618
れている	4619
渡	4620
▁Christmas	4621
▁pictures	4622
▁smoking	4623
となる	4624
▁Think	4625
▁taste	4626
▁zero	4627
続	4628
▁Young	4629
▁期	4630
▁count	4631
▁deeply	4632
▁foreign	4633
▁stress	4634
ster	4635
▁14:	4636
▁beauty	4637
島	4638
▁affected	4639
▁covered	4640
▁試み	4641
いたら	4642
▁Among	4643
▁severe	4644
▁star	4645
▁stories	4646
▁supply	4647
指定	4648
記録	4649
良く	4650
▁Actually	4651
▁yesterday	4652
▁hide	4653
é	4654
▁()	4655
どうして	4656
▁dying	4657
▁seed	4658
▁感染	4659
▁クソ	4660
らしい	4661
▁bread	4662
全体	4663
▁輸血	4664
警告	4665
▁42	4666
▁満ち	4667
▁土	4668
▁surprise	4669
▁正しく	4670
▁bar	4671
▁医療	4672
this	4673
▁+	4674
▁8)	4675
石	4676
▁Saul	4677
▁Sea	4678
▁フィリピ	4679
▁Everyone	4680
▁base	4681
▁experiences	4682
寝	4683
▁minds	4684
▁letters	4685
定め	4686
▁response	4687
▁feed	4688
与えられ	4689
多	4690
11	4691
▁angry	4692
の問題	4693
腹	4694
選	4695
▁bought	4696
▁integrity	4697
貴	4698
▁Use	4699
▁不安	4700
川	4701
▁我	4702
創	4703
▁65	4704
▁pure	4705
▁Move	4706
▁増え	4707
▁male	4708
固	4709
▁pieces	4710
■	4711
▁3)	4712
▁未	4713
▁contrast	4714
▁冊	4715
▁一日	4716
so	4717
▁調和	4718
▁north	4719
歩	4720
▁ma	4721
▁いれ	4722
▁48	4723
いいか	4724
▁complex	4725
▁いま	4726
▁refused	4727
▁persecution	4728
▁医	4729
▁Lo	4730
情報を	4731
▁一人	4732
▁encouraged	4733
おり	4734
付	4735
▁unique	4736
無理	4737
首	4738
ったり	4739
▁h	4740
▁危機	4741
いく	4742
▁master	4743
▁思える	4744
おう	4745
▁advantage	4746
▁引	4747
▁dealing	4748
▁fly	4749
▁scale	4750
▁試練	4751
経験	4752
▁manifest	4753
▁setting	4754
▁有名	4755
▁fulfilled	4756
▁powers	4757
▁再	4758
▁解放	4759
最高	4760
兵	4761
目的	4762
My	4763
コン	4764
聞く	4765
▁principle	4766
▁shoot	4767
▁lay	4768
▁smoke	4769
▁location	4770
▁site	4771
▁参照	4772
▁表わす	4773
限	4774
▁賛美	4775
ほしい	4776
▁Sunday	4777
▁励まし	4778
▁1)	4779
▁totally	4780
▁終わ	4781
配偶	4782
▁文字	4783
▁近づ	4784
確か	4785
▁Nations	4786
▁Open	4787
▁relief	4788
▁利	4789
▁surprised	4790
▁Ma	4791
▁ended	4792
▁missionary	4793
▁appeared	4794
▁勝利	4795
▁opening	4796
▁医学	4797
▁beat	4798
▁hey	4799
▁考え方	4800
▁出エジプト	4801
▁abuse	4802
▁提供	4803
▁Moreover	4804
を持つ	4805
ビデオ	4806
▁勇気	4807
気が	4808
▁arms	4809
▁いく	4810
スター	4811
知らせ	4812
▁述べる	4813
▁黙	4814
ナー	4815
博士	4816
殺人	4817
▁twenty	4818
▁困難	4819
酷	4820
▁weather	4821
▁useful	4822
訳	4823
▁finish	4824
▁どうか	4825
▁楽しみ	4826
▁Without	4827
▁included	4828
▁requires	4829
▁anywhere	4830
▁theory	4831
▁保証	4832
▁応じ	4833
▁街	4834
▁務め	4835
▁grown	4836
▁胸	4837
▁entered	4838
▁range	4839
▁多数	4840
率	4841
読み	4842
▁通信	4843
▁sweet	4844
▁健全	4845
両	4846
▁捨て	4847
▁数多く	4848
であること	4849
なぜ	4850
▁ガン	4851
▁服	4852
▁mass	4853
▁official	4854
わが	4855
▁巨	4856
番号	4857
近く	4858
▁constant	4859
▁turning	4860
▁エバ	4861
耳	4862
time	4863
▁warned	4864
▁そのもの	4865
▁journey	4866
▁機関	4867
位置	4868
ence	4869
▁violent	4870
▁Under	4871
Let	4872
肉	4873
▁behalf	4874
晩	4875
決め	4876
▁despite	4877
いてい	4878
秒	4879
▁grand	4880
ほとんど	4881
街	4882
高い	4883
▁visited	4884
▁theme	4885
▁failure	4886
os	4887
▁effective	4888
▁役立つ	4889
▁sad	4890
▁サラ	4891
兄弟	4892
▁darkness	4893
▁化学	4894
▁権	4895
▁sides	4896
▁divorce	4897
▁alcohol	4898
▁Fire	4899
それに	4900
▁14,	4901
▁わかり	4902
▁無視	4903
▁含め	4904
▁Very	4905
▁driving	4906
▁highly	4907
▁おかげ	4908
▁広く	4909
▁払う	4910
コード	4911
馬	4912
▁多分	4913
あれ	4914
ったん	4915
▁Chinese	4916
▁assignment	4917
▁bird	4918
▁願	4919
▁Back	4920
▁sold	4921
歌	4922
▁forced	4923
▁trial	4924
▁いっそう	4925
▁tongue	4926
▁ひとつ	4927
観	4928
▁核	4929
ラン	4930
▁throw	4931
▁害	4932
ついて	4933
▁20.	4934
▁東	4935
▁単に	4936
▁見せ	4937
だし	4938
知識	4939
御許	4940
There	4941
▁空気	4942
▁貧しい	4943
のみ	4944
ドア	4945
▁ガラテア	4946
▁Captain	4947
▁product	4948
開け	4949
ge	4950
師	4951
ever	4952
▁assembly	4953
▁kings	4954
画	4955
▁associated	4956
▁psalmist	4957
▁round	4958
▁聞こえ	4959
走	4960
魂	4961
▁extent	4962
▁luck	4963
▁サ	4964
000	4965
▁games	4966
▁stick	4967
ba	4968
入る	4969
付き	4970
▁remove	4971
脳	4972
▁blessed	4973
▁occurred	4974
00	4975
▁ruin	4976
▁practices	4977
守る	4978
▁purposes	4979
▁当局	4980
▁belong	4981
▁style	4982
▁型	4983
▁bottom	4984
おく	4985
▁コロサイ	4986
▁devotion	4987
ler	4988
▁waste	4989
▁油	4990
▁命じ	4991
▁無理	4992
▁blame	4993
▁mention	4994
▁valuable	4995
ner	4996
▁proud	4997
▁代表	4998
▁左	4999
▁factors	5000
▁5,000	5001
▁camp	5002
▁publication	5003
▁Through	5004
▁sharing	5005
ゆっくり	5006
悟	5007
▁beliefs	5008
▁コ	5009
▁客	5010
現在	5011
?)	5012
▁houses	5013
▁innocent	5014
▁忠誠	5015
定義	5016
見つける	5017
▁length	5018
▁walked	5019
素晴らしい	5020
責任	5021
▁capital	5022
ex	5023
▁400	5024
▁Mo	5025
▁encourage	5026
▁seconds	5027
▁keeps	5028
▁larger	5029
▁trade	5030
▁編	5031
▁連絡	5032
好	5033
▁guilty	5034
▁やすい	5035
▁9)	5036
▁誠実	5037
▁非難	5038
であると	5039
与える	5040
▁Mrs	5041
▁手本	5042
▁生産	5043
きて	5044
old	5045
▁courage	5046
▁労働	5047
▁Next	5048
視	5049
▁fair	5050
園	5051
▁Someone	5052
まれ	5053
▁Ben	5054
▁proof	5055
great	5056
▁damn	5057
▁News	5058
▁代わり	5059
共同	5060
言いま	5061
▁endure	5062
▁ほぼ	5063
▁developing	5064
似	5065
▁ハイ	5066
台	5067
▁files	5068
▁images	5069
器	5070
映画	5071
▁scientific	5072
▁嘘	5073
セル	5074
▁stone	5075
近	5076
ally	5077
by	5078
▁5)	5079
▁greatly	5080
▁squared	5081
▁愛情	5082
削除	5083
ジャ	5084
マー	5085
夫	5086
▁genuine	5087
▁understood	5088
▁observe	5089
息	5090
▁unity	5091
▁相	5092
▁アル	5093
▁管理	5094
▁household	5095
▁personally	5096
▁ブラジル	5097
角	5098
▁つれ	5099
▁外国	5100
▁scared	5101
▁複雑	5102
▁評価	5103
類	5104
▁standard	5105
▁wars	5106
▁press	5107
▁separate	5108
▁気分	5109
悪魔	5110
▁武器	5111
▁設け	5112
:"	5113
▁carrying	5114
▁11,	5115
▁religions	5116
▁ride	5117
▁ロンドン	5118
▁個	5119
去っ	5120
▁adds	5121
▁everywhere	5122
▁mere	5123
▁nobody	5124
▁変	5125
▁threat	5126
line	5127
li	5128
▁assigned	5129
▁晩	5130
相	5131
壁	5132
▁discuss	5133
▁flight	5134
▁単なる	5135
▁件	5136
▁appearance	5137
▁すごい	5138
注意	5139
▁arm	5140
▁request	5141
▁translation	5142
▁割り当て	5143
▁Out	5144
▁帰っ	5145
掛け	5146
ak	5147
攻撃	5148
▁method	5149
全く	5150
^	5151
▁三つ	5152
▁YOU	5153
▁convinced	5154
▁静か	5155
▁収め	5156
▁Miss	5157
▁double	5158
▁18:	5159
▁credit	5160
配	5161
▁dress	5162
パス	5163
fo	5164
▁killer	5165
▁置い	5166
つか	5167
▁contains	5168
▁forest	5169
▁potential	5170
▁比べ	5171
向け	5172
有効	5173
ac	5174
▁task	5175
▁stage	5176
ック	5177
▁Similarly	5178
▁committed	5179
ど	5180
教	5181
▁放	5182
que	5183
▁ごめん	5184
▁ひ	5185
▁indicate	5186
心を	5187
▁extra	5188
▁続	5189
▁Judah	5190
▁female	5191
▁呼	5192
▁meal	5193
すぎる	5194
▁bitch	5195
永遠	5196
▁器	5197
▁洪水	5198
▁秩序	5199
▁続く	5200
なされる	5201
▁12)	5202
▁Agent	5203
▁まるで	5204
▁楽しい	5205
只	5206
▁details	5207
▁兄	5208
影響	5209
▁consequences	5210
花	5211
▁perform	5212
▁やはり	5213
▁像	5214
▁55	5215
▁pointed	5216
▁Mount	5217
▁financial	5218
▁college	5219
▁chief	5220
▁plans	5221
▁元気	5222
▁帝国	5223
▁馬	5224
大学	5225
▁milk	5226
▁ゲーム	5227
▁取り決め	5228
▁21.	5229
天使	5230
現	5231
▁冷	5232
▁familiar	5233
ists	5234
▁相当	5235
▁increasing	5236
変化	5237
▁reasonable	5238
全能	5239
▁43	5240
合う	5241
end	5242
▁Ex	5243
▁generally	5244
▁root	5245
▁術	5246
▁集め	5247
▁governments	5248
▁improve	5249
データ	5250
ベル	5251
再	5252
活動	5253
▁safety	5254
▁sake	5255
▁prayed	5256
▁ごと	5257
▁20:	5258
▁Jo	5259
▁arrangement	5260
▁calm	5261
15	5262
▁探し	5263
機能	5264
ir	5265
▁forgiveness	5266
▁co	5267
▁かつ	5268
▁忍耐	5269
強い	5270
ʹ	5271
▁quit	5272
▁tiny	5273
▁presented	5274
▁previous	5275
館	5276
▁dry	5277
▁fresh	5278
▁played	5279
▁towards	5280
▁見込み	5281
プロ	5282
▁14)	5283
▁Nice	5284
▁ヨセフ	5285
っちゃ	5286
▁President	5287
西	5288
▁loves	5289
救	5290
▁Brother	5291
▁卒業	5292
▁好	5293
ca	5294
曜	5295
▁16,	5296
▁伝統	5297
恩恵	5298
▁um	5299
▁遠く	5300
テスト	5301
最	5302
▁39	5303
▁妊娠	5304
▁言及	5305
ワ	5306
警察	5307
▁地震	5308
言い	5309
▁19.	5310
▁grateful	5311
And	5312
やっ	5313
里	5314
▁lesson	5315
イン	5316
▁vast	5317
右	5318
相手	5319
▁association	5320
▁組	5321
▁38	5322
ッド	5323
60	5324
FBI	5325
▁待て	5326
代わり	5327
▁card	5328
▁exists	5329
▁younger	5330
戦争	5331
▁判断	5332
保存	5333
▁onto	5334
ダー	5335
▁flock	5336
▁有益	5337
▁variety	5338
▁whoever	5339
Applause	5340
▁主権	5341
▁balance	5342
▁boss	5343
▁meat	5344
▁viewed	5345
▁永久	5346
英	5347
▁en	5348
▁ロシア	5349
ソ	5350
▁Bethel	5351
▁記憶	5352
▁aside	5353
▁majority	5354
▁largest	5355
▁April	5356
▁12,	5357
▁Le	5358
▁コンピューター	5359
▁camera	5360
▁closed	5361
▁healthy	5362
▁16)	5363
▁belongs	5364
▁match	5365
▁だめ	5366
▁実現	5367
▁Michael	5368
▁ほんの	5369
利用	5370
▁possibly	5371
▁reflect	5372
©	5373
▁ク	5374
▁content	5375
▁opinion	5376
▁作者	5377
\	5378
▁10)	5379
mo	5380
▁今回	5381
ムーサー	5382
重	5383
▁41	5384
com	5385
合い	5386
▁California	5387
▁患難	5388
お願い	5389
▁16:	5390
▁知らせ	5391
▁銀行	5392
▁骨	5393
▁赤	5394
味	5395
▁止め	5396
▁cars	5397
▁imitate	5398
▁services	5399
▁とりわけ	5400
▁ひどく	5401
▁July	5402
▁applied	5403
▁基づく	5404
▁始ま	5405
能力	5406
慈悲	5407
方向	5408
運	5409
▁faced	5410
▁大統領	5411
▁structure	5412
▁不思議	5413
▁描	5414
▁divided	5415
▁ごめんなさい	5416
▁secure	5417
▁soldiers	5418
▁weak	5419
▁寄付	5420
▁Up	5421
▁discussion	5422
Z	5423
▁Both	5424
持ち	5425
▁treated	5426
▁働か	5427
▁communication	5428
▁humble	5429
▁実験	5430
▁literally	5431
▁発	5432
額	5433
ph	5434
▁位置	5435
アン	5436
▁策	5437
bo	5438
▁Jane	5439
▁drawn	5440
▁movement	5441
▁バ	5442
▁relatives	5443
▁stood	5444
▁建て	5445
調査	5446
▁wake	5447
ru	5448
▁Truth	5449
▁remained	5450
▁basically	5451
開始	5452
way	5453
▁11)	5454
それら	5455
の一部	5456
▁deliver	5457
込む	5458
per	5459
▁19:	5460
▁やめろ	5461
▁人種	5462
かかる	5463
病気	5464
える	5465
▁leads	5466
▁なお	5467
ランド	5468
することは	5469
▁worst	5470
▁幼い	5471
宇宙	5472
聖	5473
▁favorite	5474
▁shape	5475
▁ニュース	5476
鳥	5477
▁描写	5478
のための	5479
宅	5480
▁bag	5481
▁career	5482
▁動機	5483
▁seat	5484
難しい	5485
▁Mexico	5486
▁アン	5487
▁子孫	5488
▁自殺	5489
幸せ	5490
▁marry	5491
▁生涯	5492
▁background	5493
▁causing	5494
▁consideration	5495
▁たとえば	5496
姿	5497
▁ド	5498
▁適用	5499
▁magazines	5500
▁せよ	5501
▁合	5502
われる	5503
奨	5504
100	5505
盗	5506
第	5507
▁悪霊	5508
変わ	5509
▁sword	5510
25	5511
▁helpful	5512
▁prepare	5513
$	5514
▁partner	5515
▁士	5516
に関する	5517
ビル	5518
▁missionaries	5519
主義	5520
▁June	5521
▁了	5522
▁Peace	5523
▁住民	5524
▁$	5525
▁テサロニケ	5526
▁4,000	5527
▁乗っ	5528
▁horse	5529
▁reveal	5530
▁speaks	5531
▁ふ	5532
▁表	5533
▁尋ねる	5534
▁afternoon	5535
▁winter	5536
アップ	5537
▁ears	5538
▁trained	5539
ウン	5540
階	5541
つき	5542
間違	5543
ier	5544
▁Samuel	5545
▁不足	5546
▁Italy	5547
▁使い	5548
父さん	5549
▁dust	5550
▁伴う	5551
あげ	5552
明らか	5553
置	5554
▁removed	5555
▁Ro	5556
▁attended	5557
来い	5558
▁movie	5559
▁released	5560
▁Spanish	5561
▁喫煙	5562
箱	5563
Despite	5564
▁Britain	5565
▁funny	5566
▁hungry	5567
▁歯	5568
▁かかる	5569
▁accounts	5570
▁すま	5571
▁及ぼし	5572
▁schools	5573
▁世代	5574
▁waters	5575
メッセージ	5576
引き	5577
端	5578
▁文化	5579
ka	5580
ga	5581
▁サン	5582
▁変わ	5583
▁Brazil	5584
▁祈る	5585
画像	5586
ho	5587
▁admit	5588
▁formed	5589
▁thinks	5590
▁時々	5591
たし	5592
末	5593
▁44	5594
▁General	5595
▁evolution	5596
▁August	5597
可能	5598
証拠	5599
▁San	5600
▁track	5601
朝	5602
that	5603
いや	5604
▁3,000	5605
▁opposition	5606
▁release	5607
▁及ぼす	5608
▁近	5609
両親	5610
切	5611
▁ストレス	5612
開	5613
▁異なる	5614
▁証し	5615
ウィ	5616
▁レ	5617
らず	5618
▁以下	5619
▁誘惑	5620
日本	5621
▁eternal	5622
▁neighbors	5623
▁studied	5624
拒否	5625
▁寝	5626
▁cope	5627
▁類	5628
▁プロ	5629
▁メキシコ	5630
▁語る	5631
▁起きる	5632
▁逮捕	5633
報告	5634
▁Center	5635
▁device	5636
キリスト	5637
静	5638
▁委員	5639
▁悔い改め	5640
▁dedication	5641
プログラム	5642
放	5643
ile	5644
─	5645
▁AIDS	5646
秘密	5647
▁require	5648
▁tears	5649
三	5650
▁culture	5651
昔	5652
im	5653
でもない	5654
▁jobs	5655
▁線	5656
フィル	5657
音楽	5658
▁walls	5659
▁soil	5660
▁バカ	5661
▁確認	5662
初めて	5663
地球	5664
際	5665
▁ごろ	5666
▁recognized	5667
▁頼む	5668
ヒ	5669
▁chose	5670
▁south	5671
間違い	5672
▁products	5673
▁worried	5674
▁1980	5675
▁受け入れる	5676
地上	5677
長い	5678
▁blow	5679
▁unable	5680
▁つき	5681
得られ	5682
▁Being	5683
▁noticed	5684
▁wedding	5685
わかり	5686
性的	5687
▁一層	5688
▁agreed	5689
▁載せ	5690
▁0.	5691
▁hidden	5692
▁救	5693
▁立ち	5694
izing	5695
▁sub	5696
▁board	5697
リア	5698
多い	5699
▁Master	5700
▁レビ	5701
▁actual	5702
▁始める	5703
千	5704
毒	5705
▁smaller	5706
論	5707
▁Blurb	5708
▁人物	5709
信じる	5710
▁とにかく	5711
▁失礼	5712
Q	5713
▁apparently	5714
▁medicine	5715
▁ビル	5716
▁付け	5717
▁150	5718
▁overcome	5719
ぶ	5720
隠し	5721
▁El	5722
▁European	5723
▁clergy	5724
When	5725
▁essential	5726
▁作業	5727
▁writes	5728
したり	5729
示し	5730
you	5731
▁glass	5732
▁mark	5733
▁Nobody	5734
▁長く	5735
ですから	5736
信頼	5737
▁Ra	5738
▁string	5739
▁役	5740
▁すみま	5741
▁食糧	5742
連	5743
▁estimated	5744
▁園	5745
シャ	5746
▁wearing	5747
取って	5748
▁opposite	5749
チェック	5750
表現	5751
▁Messenger	5752
▁exact	5753
▁決め	5754
▁資格	5755
▁photo	5756
▁ぶどう	5757
AL	5758
DE	5759
ities	5760
▁開発	5761
集め	5762
▁もたら	5763
帰る	5764
di	5765
▁deny	5766
▁ends	5767
▁hardly	5768
▁逆	5769
▁properly	5770
▁族	5771
父親	5772
▁impressed	5773
▁繰り返し	5774
▁装置	5775
au	5776
▁1990	5777
▁値	5778
▁のみ	5779
▁有	5780
▁物語	5781
導き	5782
電	5783
みろ	5784
▁直	5785
▁post	5786
璧	5787
"?	5788
▁Ni	5789
▁disbelieve	5790
▁encouragement	5791
▁mess	5792
▁作り	5793
tro	5794
▁全地	5795
▁思い起こ	5796
ium	5797
▁audience	5798
▁construction	5799
鍵	5800
〕	5801
▁definitely	5802
北	5803
環境	5804
▁thy	5805
それで	5806
取る	5807
▁Ezekiel	5808
▁map	5809
▁17)	5810
▁diseases	5811
▁resurrected	5812
▁snow	5813
▁もっとも	5814
▁欲望	5815
▁degrees	5816
ER	5817
den	5818
▁神経	5819
▁attending	5820
▁commanded	5821
図	5822
▁fat	5823
▁losing	5824
▁target	5825
▁偶像	5826
▁星	5827
▁ベ	5828
▁ベテル	5829
▁店	5830
▁Health	5831
。	5832
政府	5833
▁13,	5834
▁compared	5835
▁faces	5836
▁income	5837
▁人格	5838
▁気づ	5839
▁違	5840
▁Internet	5841
▁含む	5842
▁気づき	5843
ビー	5844
▁paying	5845
▁granted	5846
▁imperfect	5847
人物	5848
red	5849
amp	5850
▁13)	5851
▁December	5852
▁cast	5853
▁涙	5854
▁Frank	5855
▁Paris	5856
▁fourth	5857
▁joined	5858
▁たく	5859
▁changing	5860
▁otherwise	5861
▁サム	5862
▁両方	5863
▁ring	5864
▁warn	5865
虫	5866
▁atmosphere	5867
▁会話	5868
会う	5869
▁gathered	5870
指	5871
▁examine	5872
動物	5873
▁被	5874
▁過ぎ	5875
いても	5876
▁Soviet	5877
▁会議	5878
▁注意深く	5879
▁degree	5880
▁上げ	5881
数字	5882
▁だり	5883
▁兵士	5884
▁提案	5885
▁果たす	5886
▁probability	5887
▁激しい	5888
▁elements	5889
若い	5890
▁居	5891
day	5892
▁台	5893
con	5894
▁involves	5895
▁秘密	5896
▁魅力	5897
管理	5898
犯罪	5899
▁発展	5900
▁records	5901
▁sincere	5902
任	5903
飛行	5904
▁affairs	5905
▁weapon	5906
▁wood	5907
▁申命記	5908
ction	5909
▁inhabitants	5910
▁引用	5911
▁apartment	5912
▁includes	5913
but	5914
▁7)	5915
▁Call	5916
運転	5917
▁painful	5918
▁特	5919
られている	5920
偉大	5921
▁traffic	5922
▁Name	5923
▁duty	5924
▁obvious	5925
村	5926
▁obviously	5927
▁region	5928
▁truck	5929
▁types	5930
▁汚れ	5931
処理	5932
▁交わり	5933
切れ	5934
▁contrary	5935
ければ	5936
紹介	5937
やか	5938
▁magic	5939
▁sat	5940
▁souls	5941
▁およそ	5942
▁Western	5943
▁illness	5944
不義	5945
led	5946
▁poverty	5947
カメラ	5948
ワード	5949
▁幸い	5950
組織	5951
▁film	5952
▁道路	5953
とおり	5954
ファ	5955
▁Spain	5956
gen	5957
▁determine	5958
▁ocean	5959
ber	5960
▁March	5961
▁超	5962
グループ	5963
▁りっぱ	5964
▁weird	5965
▁こんにちは	5966
▁swear	5967
交	5968
▁cup	5969
▁evident	5970
▁trials	5971
ke	5972
▁単	5973
▁suppose	5974
やつ	5975
気持ち	5976
▁rejoice	5977
ごと	5978
大変	5979
頼	5980
▁23.	5981
▁prefer	5982
▁観察	5983
▁Ephesians	5984
上手	5985
▁恐ろしい	5986
られてい	5987
▁部族	5988
▁bigger	5989
大きい	5990
証明	5991
▁上手	5992
▁resources	5993
▁throne	5994
あと	5995
もらう	5996
号	5997
▁Mm	5998
▁供給	5999
▁character	6000
地獄	6001
▁mission	6002
▁offering	6003
▁分野	6004
▁犯人	6005
要素	6006
▁describe	6007
▁associate	6008
ホ	6009
▁selected	6010
▁delivered	6011
lin	6012
らが	6013
腕	6014
▁Try	6015
▁重	6016
装置	6017
ure	6018
▁Fine	6019
▁September	6020
How	6021
▁み言葉	6022
根	6023
▁Shut	6024
▁施設	6025
▁耐え	6026
ついた	6027
▁Professor	6028
▁shared	6029
▁super	6030
行為	6031
▁認める	6032
▁delight	6033
▁腹	6034
▁Ps	6035
▁Wow	6036
▁absolutely	6037
タイプ	6038
▁clothing	6039
地域	6040
▁15)	6041
▁River	6042
▁終わる	6043
hath	6044
▁critical	6045
▁正当	6046
▁dance	6047
▁一時	6048
▁根拠	6049
▁depression	6050
める	6051
▁従い	6052
▁栄養	6053
▁現われ	6054
▁起こ	6055
▁spot	6056
▁導	6057
▁事典	6058
公	6059
▁overseer	6060
▁traditional	6061
▁もらう	6062
▁やる	6063
うまく	6064
▁Hell	6065
▁option	6066
事故	6067
▁システム	6068
▁抵抗	6069
▁bound	6070
▁surgery	6071
▁牛	6072
▁頼	6073
唯一	6074
熱	6075
▁Besides	6076
▁indicates	6077
▁聞か	6078
my	6079
▁planning	6080
▁是認	6081
▁周囲	6082
70	6083
▁rid	6084
▁反	6085
距離	6086
長年	6087
▁excellent	6088
▁rejected	6089
席	6090
lic	6091
▁保ち	6092
▁選ぶ	6093
See	6094
ガー	6095
紙	6096
▁superior	6097
,2	6098
▁adult	6099
▁slaves	6100
かれる	6101
▁贈り物	6102
曲	6103
ley	6104
▁International	6105
▁減少	6106
▁調整	6107
▁demons	6108
▁歩	6109
ator	6110
▁バー	6111
▁剤	6112
▁題する	6113
▁starts	6114
▁suicide	6115
▁つく	6116
▁バス	6117
▁信じる	6118
▁市民	6119
古	6120
ab	6121
▁comments	6122
▁missed	6123
▁機械	6124
▁殺し	6125
▁laid	6126
▁receiving	6127
▁一生	6128
楽	6129
▁同意	6130
▁46	6131
▁6)	6132
▁機能	6133
▁年齢	6134
▁cat	6135
▁burning	6136
▁教理	6137
tor	6138
▁Black	6139
▁なん	6140
▁到来	6141
母親	6142
▁demand	6143
▁恐れる	6144
たいと	6145
タン	6146
▁significant	6147
▁弟	6148
テン	6149
▁compare	6150
▁flying	6151
▁災い	6152
散	6153
▁Asia	6154
▁streets	6155
▁subjects	6156
▁弁護	6157
▁fix	6158
▁後ろ	6159
pi	6160
▁affection	6161
▁中毒	6162
これら	6163
▁Shit	6164
▁Check	6165
▁gifts	6166
己	6167
▁October	6168
ニア	6169
動き	6170
社会	6171
▁application	6172
▁宣言	6173
▁流れ	6174
▁選	6175
80	6176
▁ought	6177
▁pounds	6178
▁変わり	6179
▁対象	6180
▁幾らか	6181
パー	6182
▁spring	6183
▁守	6184
▁幸せ	6185
目撃	6186
▁organized	6187
▁葉	6188
にお	6189
の人々	6190
ップ	6191
▁begins	6192
▁有害	6193
▁発表	6194
バカ	6195
good	6196
局	6197
嫌	6198
重要	6199
▁skills	6200
描	6201
▁引き続き	6202
▁assume	6203
▁楽	6204
▁系	6205
ably	6206
▁industry	6207
▁tea	6208
▁worldly	6209
▁深刻	6210
▁コーヒー	6211
▁contain	6212
▁expensive	6213
▁変える	6214
なければな	6215
メール	6216
▁production	6217
▁図	6218
▁腕	6219
ジェ	6220
想像	6221
▁adults	6222
▁relations	6223
▁tend	6224
▁bomb	6225
▁objects	6226
▁officials	6227
棒	6228
cause	6229
ps	6230
▁tax	6231
▁flow	6232
▁お父さん	6233
▁調べる	6234
捨て	6235
▁territory	6236
▁集まり	6237
かける	6238
消え	6239
▁思い出し	6240
▁賜物	6241
▁かかり	6242
▁elderly	6243
▁湖	6244
ページ	6245
▁近づく	6246
合わせ	6247
▁cash	6248
▁teeth	6249
▁限	6250
▁officer	6251
▁いけ	6252
▁持た	6253
▁波	6254
▁acting	6255
▁冗談	6256
▁Gilead	6257
▁Welcome	6258
▁anti	6259
バス	6260
全然	6261
j	6262
▁史	6263
qui	6264
▁Family	6265
▁Robert	6266
▁v	6267
▁r	6268
▁version	6269
▁箴	6270
皆さん	6271
▁flowers	6272
▁offspring	6273
der	6274
▁22:	6275
▁decades	6276
▁obedience	6277
▁見解	6278
勉強	6279
院	6280
▁クリスマス	6281
だい	6282
▁ear	6283
▁贖い	6284
レン	6285
▁払	6286
▁diet	6287
ass	6288
▁passing	6289
▁verse	6290
ポート	6291
▁January	6292
▁百科	6293
オプション	6294
左	6295
▁pride	6296
▁落ち	6297
べ	6298
サー	6299
▁Pro	6300
▁pleased	6301
策	6302
▁methods	6303
▁honey	6304
▁設計	6305
▁1960	6306
▁House	6307
▁過ごし	6308
害	6309
▁George	6310
▁prophets	6311
友	6312
▁views	6313
▁タイムズ	6314
▁隣人	6315
銀行	6316
▁capable	6317
立つ	6318
▁周り	6319
▁leg	6320
▁地位	6321
▁見いだす	6322
どち	6323
事実	6324
▁""	6325
▁Men	6326
▁Were	6327
▁park	6328
▁様子	6329
借り	6330
大きく	6331
▁Note	6332
▁remnant	6333
▁首	6334
#	6335
▁Pharaoh	6336
▁patience	6337
▁アジア	6338
▁referred	6339
▁緊急	6340
▁driver	6341
▁constantly	6342
▁professor	6343
▁smart	6344
▁items	6345
でる	6346
違	6347
▁22.	6348
▁reference	6349
▁situations	6350
▁victory	6351
事な	6352
▁Mike	6353
▁Work	6354
極	6355
路	6356
▁suggest	6357
▁torment	6358
▁truths	6359
▁通常	6360
▁3,4	6361
▁labor	6362
▁段階	6363
レット	6364
▁;	6365
▁faster	6366
▁media	6367
▁殺す	6368
ave	6369
▁quoted	6370
▁legs	6371
▁mighty	6372
▁permission	6373
▁引き	6374
最大	6375
等しい	6376
ねば	6377
差	6378
▁75	6379
▁Na	6380
言語	6381
▁claims	6382
▁ト	6383
▁絵	6384
モデル	6385
▁事がら	6386
▁内容	6387
を取	6388
乳	6389
To	6390
ship	6391
▁stayed	6392
▁産	6393
つまり	6394
協力	6395
RE	6396
▁identify	6397
▁worshipers	6398
▁安定	6399
手紙	6400
▁user	6401
▁冊子	6402
命じ	6403
髪	6404
▁allows	6405
行う	6406
▁agent	6407
▁不可能	6408
▁種々	6409
百万	6410
細胞	6411
遅れ	6412
▁mistakes	6413
▁妹	6414
ow	6415
▁orders	6416
▁見つか	6417
接	6418
▁loyalty	6419
▁卵	6420
▁見た	6421
▁silver	6422
▁season	6423
はかれ	6424
優れ	6425
che	6426
▁beast	6427
▁意図	6428
男性	6429
ization	6430
▁神々	6431
良か	6432
▁Ten	6433
▁provision	6434
▁ぼく	6435
自然	6436
pos	6437
▁grave	6438
▁professional	6439
▁sleeping	6440
入れる	6441
▁leader	6442
▁諭し	6443
▁到着	6444
▁学生	6445
▁訪れ	6446
受ける	6447
▁prophecies	6448
▁temperature	6449
住	6450
▁ball	6451
▁connected	6452
▁upset	6453
波	6454
▁afford	6455
▁unusual	6456
▁望み	6457
イエス	6458
弾	6459
▁地獄	6460
ger	6461
▁息	6462
▁burned	6463
ましょ	6464
pa	6465
▁電気	6466
ha	6467
旅	6468
絵	6469
▁Biblical	6470
ひ	6471
▁US	6472
▁Latin	6473
▁White	6474
▁Rev	6475
▁lots	6476
▁窓	6477
ious	6478
▁依然	6479
▁虐待	6480
▁Almighty	6481
▁birthday	6482
▁wipe	6483
▁同情	6484
▁扱う	6485
▁牧師	6486
種類	6487
送り	6488
▁therein	6489
▁料理	6490
ジー	6491
嫌い	6492
▁Add	6493
▁Brooklyn	6494
▁beneficial	6495
▁sand	6496
逮捕	6497
▁babies	6498
▁すご	6499
▁工場	6500
激	6501
▁Americans	6502
▁大量	6503
立ち	6504
▁Bill	6505
▁performed	6506
〔	6507
ギ	6508
▁アー	6509
▁verses	6510
▁ジャック	6511
ative	6512
▁salt	6513
ペ	6514
▁スポーツ	6515
▁入れる	6516
酒	6517
▁こういう	6518
ブル	6519
▁En	6520
▁及ぶ	6521
平和	6522
▁lasting	6523
▁ナ	6524
▁興味	6525
クラス	6526
▁2)	6527
▁History	6528
▁Ko	6529
▁9,10	6530
▁succeed	6531
カン	6532
▁picked	6533
▁果たし	6534
聴	6535
ang	6536
▁わかる	6537
▁dropped	6538
▁厳しい	6539
▁地図	6540
美しい	6541
▁19,	6542
▁corner	6543
▁discussed	6544
▁illustration	6545
▁sudden	6546
▁意志	6547
症	6548
▁今後	6549
▁作ら	6550
幅	6551
後ろ	6552
ect	6553
▁Long	6554
▁ha	6555
▁ordered	6556
▁やり	6557
▁抱え	6558
▁ministers	6559
▁remarkable	6560
pe	6561
▁push	6562
▁struck	6563
▁tests	6564
▁suit	6565
▁きれい	6566
▁besides	6567
▁instruction	6568
▁network	6569
▁sing	6570
▁幻	6571
▁Whoa	6572
▁puts	6573
▁replied	6574
予定	6575
▁夏	6576
とり	6577
▁Second	6578
▁bearing	6579
▁爆発	6580
▁食べ物	6581
破壊	6582
ten	6583
▁傷	6584
▁驚	6585
new	6586
▁17,	6587
90	6588
▁equipment	6589
全員	6590
▁Too	6591
▁役立ち	6592
▁語ら	6593
ジョン	6594
▁Everybody	6595
▁claimed	6596
▁conflict	6597
▁crisis	6598
▁用意	6599
呼ぶ	6600
▁jump	6601
▁guided	6602
▁loose	6603
思わ	6604
▁feature	6605
▁represent	6606
▁daughters	6607
▁予定	6608
さま	6609
▁fields	6610
▁mothers	6611
加え	6612
▁Tim	6613
▁arrested	6614
▁iron	6615
エラー	6616
▁breath	6617
▁moves	6618
▁国連	6619
▁版	6620
互	6621
▁話し合い	6622
▁publishers	6623
▁screen	6624
セット	6625
患者	6626
▁advance	6627
▁highest	6628
▁Hav	6629
▁goals	6630
▁Hmm	6631
▁criminal	6632
▁克服	6633
▁nearby	6634
▁publications	6635
▁smell	6636
▁特徴	6637
▁資料	6638
様に	6639
▁sacrifices	6640
▁あそこ	6641
ko	6642
▁誤	6643
▁expressions	6644
ガス	6645
▁describes	6646
▁悲しみ	6647
幸運	6648
▁closely	6649
▁secular	6650
▁このような	6651
▁さらさ	6652
▁そのまま	6653
▁成し遂げ	6654
▁成る	6655
ld	6656
▁Henry	6657
▁friendship	6658
▁叫び	6659
楽園	6660
系	6661
▁additional	6662
▁親族	6663
▁運	6664
▁Alex	6665
▁exposed	6666
▁lucky	6667
置いて	6668
▁Dis	6669
▁Furthermore	6670
▁ささげる	6671
▁わ	6672
▁制御	6673
They	6674
▁Land	6675
▁recall	6676
▁roof	6677
▁shop	6678
▁神学	6679
利	6680
▁Way	6681
▁受	6682
▁断	6683
▁費用	6684
任せ	6685
思え	6686
That	6687
not	6688
▁block	6689
▁buildings	6690
▁hole	6691
戦い	6692
曜日	6693
興味	6694
▁エイズ	6695
▁合わせ	6696
▁造ら	6697
▁hang	6698
▁immorality	6699
▁limit	6700
▁reaction	6701
▁立つ	6702
po	6703
▁招待	6704
▁館	6705
▁Little	6706
▁noise	6707
物語	6708
▁24.	6709
ぐらい	6710
界	6711
▁ピーター	6712
▁呼び	6713
努力	6714
▁hotel	6715
▁invisible	6716
▁祈	6717
を表示	6718
▁Catholics	6719
▁えっ	6720
All	6721
▁lunch	6722
▁礼拝	6723
切り	6724
愛し	6725
▁features	6726
▁sending	6727
▁urged	6728
▁emotions	6729
▁分裂	6730
▁強め	6731
サン	6732
▁ゆえ	6733
▁剣	6734
▁床	6735
org	6736
▁Faith	6737
}	6738
▁マタ	6739
▁傾け	6740
▁混乱	6741
効果	6742
▁burn	6743
▁copies	6744
▁programs	6745
源	6746
▁Joshua	6747
▁located	6748
エネルギー	6749
▁finds	6750
▁solid	6751
▁戻る	6752
▁警官	6753
ること	6754
▁impact	6755
▁質	6756
▁commit	6757
▁みなし	6758
▁トン	6759
▁集中	6760
▁Looks	6761
▁ベン	6762
▁白	6763
我	6764
▁実行	6765
あなた方	6766
続ける	6767
▁ガス	6768
▁列王	6769
サイズ	6770
死に	6771
▁fought	6772
▁sets	6773
希望	6774
pro	6775
▁Again	6776
▁タ	6777
▁acceptable	6778
▁reject	6779
ピ	6780
不明	6781
押し	6782
来世	6783
▁preached	6784
▁disaster	6785
▁わたる	6786
レベル	6787
実験	6788
▁remaining	6789
南	6790
▁Sa	6791
▁refuse	6792
▁局	6793
▁強制	6794
▁heed	6795
▁signal	6796
▁昨	6797
▁resulted	6798
はお	6799
▁link	6800
▁守り	6801
Yes	6802
▁steal	6803
▁悪く	6804
vi	6805
▁storm	6806
▁戦	6807
享受	6808
▁Clearly	6809
▁Isaac	6810
▁depends	6811
▁plain	6812
▁policy	6813
毛	6814
裏	6815
ping	6816
▁marvelous	6817
▁誉れ	6818
進	6819
▁obedient	6820
▁unit	6821
望む	6822
証	6823
set	6824
▁AND	6825
▁slowly	6826
▁entirely	6827
▁素	6828
積極	6829
16	6830
▁attempt	6831
▁engage	6832
▁収穫	6833
▁望む	6834
▁症状	6835
だめ	6836
Why	6837
▁Find	6838
▁exchange	6839
▁パ	6840
▁Mar	6841
▁UN	6842
▁doors	6843
▁職	6844
tion	6845
▁男女	6846
with	6847
▁messages	6848
きっと	6849
夏	6850
決定	6851
▁companies	6852
▁farm	6853
▁pregnant	6854
▁somehow	6855
▁団体	6856
▁軍隊	6857
▁debt	6858
▁出す	6859
▁思いやり	6860
売っ	6861
赤	6862
▁distress	6863
▁fuel	6864
▁男子	6865
穴	6866
ることに	6867
▁Sarah	6868
▁identified	6869
特別	6870
従う	6871
▁concluded	6872
▁spending	6873
▁制限	6874
▁approval	6875
▁bunch	6876
それぞれ	6877
▁bones	6878
▁strike	6879
▁チーム	6880
▁依存	6881
しかし	6882
▁Big	6883
▁Whether	6884
▁believing	6885
▁encouraging	6886
▁peaceful	6887
▁possibility	6888
データを	6889
▁$1	6890
▁costs	6891
▁しもべ	6892
▁連	6893
パン	6894
▁Ar	6895
▁eggs	6896
▁indicated	6897
気分	6898
ud	6899
▁20,	6900
▁ダ	6901
未	6902
▁gather	6903
▁habits	6904
▁sports	6905
▁メッセージ	6906
▁懲らしめ	6907
▁ビ	6908
▁ヘブ	6909
に関して	6910
▁hatred	6911
▁詳細	6912
祈	6913
Comm	6914
▁creature	6915
▁habit	6916
▁シ	6917
少年	6918
▁prospect	6919
▁sought	6920
gu	6921
▁invitation	6922
▁satisfaction	6923
▁mad	6924
▁survey	6925
▁驚き	6926
組	6927
▁あずかる	6928
クルアーン	6929
貸し	6930
▁bond	6931
▁completed	6932
▁というのは	6933
▁meters	6934
▁こら	6935
▁事情	6936
▁千	6937
ぬ	6938
近い	6939
13	6940
ning	6941
▁sovereignty	6942
▁ギレアデ	6943
▁予	6944
▁原子	6945
▁穴	6946
可能な	6947
▁Court	6948
▁oh	6949
ts	6950
▁600	6951
▁compassion	6952
▁entitled	6953
▁visible	6954
▁方向	6955
▁昨年	6956
ron	6957
▁chemical	6958
▁director	6959
▁virus	6960
▁hoping	6961
▁pulled	6962
▁selfish	6963
▁instructions	6964
▁総	6965
せよ	6966
▁levels	6967
▁print	6968
▁セ	6969
加	6970
▁独	6971
▁巻	6972
▁title	6973
▁お母さん	6974
入手	6975
強く	6976
期待	6977
▁嫌	6978
▁表われ	6979
▁emergency	6980
▁岩	6981
▁abandoned	6982
▁ships	6983
▁tool	6984
▁ル	6985
らん	6986
変換	6987
生物	6988
▁Phil	6989
▁owe	6990
▁tons	6991
▁退け	6992
エル	6993
14	6994
▁listed	6995
もら	6996
▁哲学	6997
▁lab	6998
▁確実	6999
▁harvest	7000
▁当たり	7001
もらい	7002
チャンス	7003
▁dogs	7004
▁stake	7005
犠牲	7006
起こる	7007
▁ロマ	7008
▁検査	7009
参加	7010
cr	7011
▁FBI	7012
▁accomplish	7013
▁fathers	7014
▁見いだし	7015
ポ	7016
ロック	7017
太陽	7018
▁改善	7019
▁苦痛	7020
なくなる	7021
▁argument	7022
▁confident	7023
▁完	7024
▁liked	7025
▁shoes	7026
▁sugar	7027
▁union	7028
▁ピ	7029
▁反映	7030
▁悲し	7031
▁選ば	7032
住む	7033
眠	7034
示	7035
▁Had	7036
▁returns	7037
▁計算	7038
科学	7039
科	7040
▁Star	7041
原因	7042
ise	7043
▁ウ	7044
▁恐怖	7045
案	7046
▁excuse	7047
▁stands	7048
▁標準	7049
▁石油	7050
▁うえ	7051
円	7052
正規	7053
▁directed	7054
▁strengthen	7055
保護	7056
▁spite	7057
バン	7058
病院	7059
▁創世	7060
打ち	7061
条件	7062
魔法	7063
▁続き	7064
した時	7065
医者	7066
▁Huh	7067
▁staff	7068
▁struggle	7069
▁条件	7070
▁la	7071
古い	7072
▁49	7073
▁colors	7074
▁pioneers	7075
▁清い	7076
治療	7077
▁Se	7078
▁arranged	7079
▁ignore	7080
▁ruler	7081
▁マジ	7082
ログ	7083
除	7084
▁2000	7085
▁cure	7086
▁react	7087
▁telephone	7088
キン	7089
意思	7090
楽し	7091
退	7092
TED	7093
▁Pet	7094
▁め	7095
▁キ	7096
▁携帯	7097
明日	7098
軍事	7099
▁Imagine	7100
▁citizens	7101
▁experts	7102
▁Leave	7103
▁緊張	7104
聞こえ	7105
▁18)	7106
ニュース	7107
▁element	7108
っかり	7109
▁(19	7110
▁Happy	7111
▁immoral	7112
▁詳しく	7113
▁司会	7114
▁言	7115
▁迎え	7116
▁送り	7117
ツール	7118
▁18,	7119
Read	7120
▁51	7121
▁Certainly	7122
▁arrest	7123
▁対照	7124
あまり	7125
▁Old	7126
▁commercial	7127
▁disciple	7128
▁人気	7129
かなり	7130
18	7131
▁Queen	7132
▁endurance	7133
発生	7134
Compare	7135
ID	7136
▁explanation	7137
▁marked	7138
▁征服	7139
▁Often	7140
成長	7141
戻り	7142
飲ん	7143
▁refer	7144
▁失わ	7145
▁悪行	7146
アイデア	7147
▁circuit	7148
▁verily	7149
▁providing	7150
▁動き	7151
というのは	7152
アルマン	7153
▁Version	7154
▁husbands	7155
▁少ない	7156
▁民族	7157
Be	7158
▁Death	7159
▁breaking	7160
▁取れ	7161
一切	7162
既に	7163
▁bright	7164
▁dwell	7165
▁plenty	7166
▁安心	7167
▁欠け	7168
待て	7169
貰	7170
▁goodness	7171
▁大きい	7172
フランス	7173
諸	7174
▁Bring	7175
▁touched	7176
▁隊	7177
ring	7178
▁capacity	7179
▁politics	7180
▁まったく	7181
納得	7182
▁Set	7183
▁Walter	7184
▁儀式	7185
あらゆる	7186
▁Parents	7187
▁ID	7188
▁essentially	7189
許可	7190
▁Jim	7191
▁ヨシュア	7192
いなか	7193
兄	7194
白	7195
▁fulfill	7196
ネット	7197
学者	7198
▁lights	7199
だったら	7200
ものである	7201
束	7202
良	7203
製	7204
▁None	7205
▁kidding	7206
▁stuck	7207
▁かける	7208
チャ	7209
▁25.	7210
▁毛	7211
使わ	7212
ov	7213
▁November	7214
止	7215
ung	7216
▁mail	7217
▁作用	7218
▁講演	7219
▁oxygen	7220
▁row	7221
▁のち	7222
襲	7223
▁pollution	7224
▁地下	7225
護	7226
▁羽	7227
▁Gen	7228
▁dreams	7229
▁origin	7230
求める	7231
Yeah	7232
▁holds	7233
▁つづけ	7234
▁ディ	7235
慈悲深	7236
za	7237
▁central	7238
赦し	7239
19	7240
▁Ne	7241
▁パラダイス	7242
どころ	7243
満たさ	7244
▁section	7245
アル	7246
感じる	7247
邪	7248
▁opportunities	7249
▁Car	7250
▁neck	7251
▁whereas	7252
つける	7253
言いた	7254
▁Damn	7255
迫	7256
ard	7257
les	7258
▁insight	7259
▁nervous	7260
材	7261
頼む	7262
vo	7263
▁armies	7264
▁prime	7265
▁帰る	7266
普通	7267
記憶	7268
▁Richard	7269
▁humility	7270
▁指	7271
▁裏	7272
原	7273
▁反逆	7274
▁室	7275
大統領	7276
▁considering	7277
精神	7278
魚	7279
act	7280
▁Know	7281
▁愛さ	7282
▁死に	7283
けば	7284
取引	7285
取得	7286
善行	7287
願	7288
off	7289
▁nose	7290
▁mile	7291
▁構成	7292
ックス	7293
分け	7294
自動	7295
Go	7296
▁complicated	7297
▁saving	7298
▁そい	7299
▁そば	7300
ジュ	7301
mer	7302
▁east	7303
▁センチ	7304
字	7305
▁残し	7306
▁1973	7307
▁Union	7308
▁successfully	7309
▁6,000	7310
▁憎しみ	7311
Cause	7312
▁Ta	7313
▁sentence	7314
▁司教	7315
エン	7316
ユー	7317
現れ	7318
▁evidently	7319
▁host	7320
▁わが	7321
もって	7322
学生	7323
生命	7324
▁materials	7325
▁shepherd	7326
▁中央	7327
nd	7328
▁burden	7329
▁許可	7330
悪く	7331
ki	7332
IN	7333
▁Ms	7334
▁USA	7335
▁symbol	7336
▁visiting	7337
▁ジェーン	7338
▁達成	7339
深い	7340
ag	7341
▁47	7342
▁united	7343
隣	7344
iv	7345
▁se	7346
ンドウ	7347
小さい	7348
▁anxiety	7349
▁locked	7350
反対	7351
▁Run	7352
▁coast	7353
▁否定	7354
降り	7355
▁Five	7356
▁checked	7357
▁ソ連	7358
▁維持	7359
▁button	7360
▁あげ	7361
▁いつか	7362
▁払い	7363
変える	7364
あげる	7365
謀	7366
▁Detective	7367
▁witnessing	7368
▁ざる	7369
▁共通	7370
仰せ	7371
取	7372
500	7373
▁comfortable	7374
▁refuge	7375
▁表明	7376
▁introduced	7377
ja	7378
▁mature	7379
▁researchers	7380
▁数々	7381
における	7382
▁entertainment	7383
破	7384
▁120	7385
▁Co	7386
▁ちゃん	7387
▁地面	7388
▁横	7389
くて	7390
▁primary	7391
▁リスト	7392
▁午後	7393
▁72	7394
▁Joe	7395
▁出来	7396
▁生まれ	7397
▁発生	7398
っき	7399
クリック	7400
io	7401
▁推定	7402
▁見つける	7403
やれ	7404
マス	7405
美咲	7406
▁staying	7407
▁集ま	7408
ee	7409
▁differences	7410
▁起こし	7411
▁連邦	7412
are	7413
▁caring	7414
▁establish	7415
▁stronger	7416
▁背	7417
教徒	7418
烈	7419
ek	7420
▁14;	7421
▁equals	7422
▁strive	7423
▁数字	7424
あんた	7425
東	7426
▁falling	7427
▁yellow	7428
半分	7429
▁likewise	7430
▁さん	7431
▁箱	7432
▁description	7433
▁信条	7434
接続	7435
開発	7436
▁メ	7437
▁救出	7438
都市	7439
▁outstanding	7440
▁sickness	7441
▁Science	7442
▁threatened	7443
▁潜	7444
対	7445
歴史	7446
min	7447
▁View	7448
▁会い	7449
▁鉄	7450
問わ	7451
格	7452
留	7453
▁creating	7454
▁hurry	7455
呼び	7456
ran	7457
year	7458
▁pleasant	7459
▁活用	7460
反応	7461
検	7462
監視	7463
▁Russia	7464
▁Select	7465
▁load	7466
▁relationships	7467
▁いわゆる	7468
▁ウィ	7469
▁prophetic	7470
▁カリフォルニア	7471
▁誇り	7472
ա	7473
▁1974	7474
▁rivers	7475
複雑	7476
▁multiply	7477
▁reveals	7478
▁loud	7479
▁ホ	7480
讃え	7481
▁biggest	7482
フィ	7483
書く	7484
▁cultivate	7485
▁法王	7486
▁Nor	7487
▁pair	7488
▁墓	7489
▁腐敗	7490
追	7491
▁deaths	7492
▁identity	7493
▁replace	7494
▁失い	7495
▁徐	7496
▁日曜	7497
〜	7498
▁(2)	7499
▁Republic	7500
▁Russian	7501
▁fruits	7502
▁pursue	7503
▁abundance	7504
▁admitted	7505
▁トラック	7506
▁飲む	7507
嬉し	7508
▁1945	7509
▁ほしい	7510
胸	7511
▁開け	7512
のまま	7513
判断	7514
▁権力	7515
▁流	7516
肢	7517
▁tools	7518
▁ジェイ	7519
▁愚か	7520
クス	7521
背後	7522
let	7523
▁119	7524
▁assured	7525
▁district	7526
▁そ	7527
▁強	7528
向	7529
▁fixed	7530
▁食	7531
王国	7532
▁soft	7533
▁Nick	7534
▁drawing	7535
▁ヘイ	7536
へと	7537
株	7538
▁Tokyo	7539
▁talks	7540
▁ジョージ	7541
▁角	7542
アー	7543
情	7544
ana	7545
▁brief	7546
▁context	7547
▁praying	7548
▁ユー	7549
とこ	7550
▁riches	7551
▁消	7552
いだ	7553
Oh	7554
▁rulers	7555
▁ペ	7556
▁距離	7557
ight	7558
▁circle	7559
キミ	7560
一致	7561
▁Compare	7562
▁follows	7563
▁worthy	7564
▁取ら	7565
瞬間	7566
As	7567
▁いき	7568
▁かね	7569
▁大きさ	7570
▁contribute	7571
▁asleep	7572
なのに	7573
理解し	7574
▁Charles	7575
余	7576
過ごし	7577
▁selling	7578
▁status	7579
▁translated	7580
客	7581
▁19)	7582
▁inner	7583
▁森	7584
俗	7585
土	7586
想	7587
▁height	7588
▁obtain	7589
▁おきて	7590
メートル	7591
▁Four	7592
▁歩む	7593
▁答える	7594
大切	7595
霊	7596
▁cares	7597
▁doctrine	7598
▁やっと	7599
▁招	7600
催	7601
OR	7602
▁equation	7603
▁不正	7604
▁narrow	7605
▁desert	7606
▁reaching	7607
▁sufficient	7608
▁tough	7609
▁イン	7610
SE	7611
▁mid	7612
▁動く	7613
▁置く	7614
▁覆	7615
▁黒	7616
put	7617
▁figured	7618
▁unknown	7619
▁短い	7620
log	7621
勢	7622
▁襲	7623
無駄	7624
▁metal	7625
▁physically	7626
▁rare	7627
▁建築	7628
▁背景	7629
▁負	7630
▁重い	7631
▁facing	7632
▁やめる	7633
▁道理	7634
▁髪	7635
▁Page	7636
▁Truly	7637
▁jail	7638
出せ	7639
▁accomplished	7640
bar	7641
▁砂	7642
上が	7643
▁forgot	7644
▁perfectly	7645
▁principal	7646
▁web	7647
ice	7648
▁"『	7649
▁visitors	7650
▁巣	7651
▁市場	7652
▁Testament	7653
▁Turn	7654
▁multiple	7655
▁numerous	7656
▁連合	7657
▁1972	7658
▁2,3	7659
▁Readers	7660
▁fallen	7661
▁あいだ	7662
▁Translation	7663
▁conscious	7664
▁document	7665
▁singing	7666
弁	7667
ified	7668
▁エル	7669
信用	7670
▁FOR	7671
▁Veri	7672
▁climate	7673
▁crying	7674
▁drunk	7675
▁motion	7676
ck	7677
▁Anything	7678
▁安	7679
▁平衡	7680
▁観	7681
一連	7682
sen	7683
▁Human	7684
▁frequently	7685
▁乳	7686
ておき	7687
▁distribution	7688
▁励み	7689
かわか	7690
仕え	7691
草	7692
ible	7693
▁appreciated	7694
▁online	7695
らせる	7696
ウス	7697
▁February	7698
▁edge	7699
▁長さ	7700
▁agreement	7701
▁guns	7702
▁route	7703
▁合計	7704
健康	7705
▁Street	7706
▁bridge	7707
▁murdered	7708
▁survival	7709
だれ	7710
hi	7711
▁crew	7712
▁ベッド	7713
▁出さ	7714
▁失う	7715
▁Scripture	7716
▁Web	7717
▁attacks	7718
▁lo	7719
んな	7720
評価	7721
黒	7722
▁hall	7723
▁survived	7724
▁善良	7725
もらえ	7726
抜け	7727
▁Q	7728
▁custom	7729
▁とこし	7730
▁もらい	7731
▁暮らし	7732
▁assistance	7733
▁replaced	7734
▁resist	7735
▁こめ	7736
▁避難	7737
無効	7738
▁Pre	7739
ならび	7740
給	7741
▁heading	7742
▁dies	7743
▁Daddy	7744
▁育て	7745
▁訴え	7746
カード	7747
▁Memorial	7748
▁Trust	7749
▁necessarily	7750
▁reign	7751
ゼ	7752
米	7753
▁requirements	7754
▁区	7755
▁爆弾	7756
▁舌	7757
▁高さ	7758
制	7759
▁cop	7760
▁fed	7761
▁まさか	7762
▁Ho	7763
▁investigation	7764
▁なぜか	7765
▁楽しむ	7766
▁皮膚	7767
ze	7768
▁machines	7769
▁だけど	7770
▁クラス	7771
▁giant	7772
▁listened	7773
▁憐れみ	7774
▁異教	7775
▁肉体	7776
片	7777
responsibilities	7778
▁23:	7779
▁detail	7780
▁producing	7781
▁疲れ	7782
▁規則	7783
剤	7784
受け入れ	7785
頂	7786
▁Bye	7787
▁attendance	7788
▁foundation	7789
▁hiding	7790
▁restored	7791
▁sum	7792
▁IT	7793
▁conclude	7794
▁refers	7795
▁Until	7796
▁assist	7797
▁commands	7798
▁lawyer	7799
▁northern	7800
▁アナ	7801
▁感動	7802
礼拝	7803
▁Philippians	7804
▁engaged	7805
▁freely	7806
▁treasure	7807
▁まこと	7808
▁動	7809
▁界	7810
▁製	7811
児	7812
床	7813
隠れ	7814
ti	7815
▁economy	7816
▁pagan	7817
▁responded	7818
▁財産	7819
やり方	7820
検索	7821
▁watched	7822
▁いかが	7823
▁医者	7824
パーティー	7825
割	7826
提供	7827
要求	7828
関わ	7829
▁Prophet	7830
▁midst	7831
▁相続	7832
▁貪欲	7833
ただけ	7834
無し	7835
▁6,7	7836
▁CD	7837
▁Sun	7838
▁stock	7839
▁導く	7840
管	7841
17	7842
バラ	7843
歯	7844
警官	7845
▁Rom	7846
▁あまりに	7847
▁おはよう	7848
奇	7849
悲惨	7850
tra	7851
▁glorious	7852
▁supplies	7853
▁ビデオ	7854
▁処理	7855
ヘ	7856
現実	7857
▁Ecclesiastes	7858
▁Italian	7859
▁善	7860
枚	7861
[	7862
▁Far	7863
▁Lu	7864
▁ordinary	7865
なお	7866
審判	7867
狂	7868
sp	7869
▁属する	7870
本気	7871
▁balanced	7872
▁zeal	7873
▁年間	7874
▁敵対	7875
▁鍵	7876
帰り	7877
▁永	7878
▁盗	7879
▁(1)	7880
▁Indian	7881
▁bother	7882
▁sources	7883
▁救わ	7884
ain	7885
dis	7886
▁printed	7887
▁わざ	7888
▁ミ	7889
いか	7890
ap	7891
▁Ad	7892
▁Bo	7893
▁temporary	7894
▁超える	7895
まず	7896
▁cards	7897
▁outcome	7898
ji	7899
port	7900
▁headed	7901
▁imp	7902
▁lessons	7903
▁supported	7904
▁Greece	7905
▁overseers	7906
▁資金	7907
うね	7908
ーン	7909
▁差し伸べ	7910
▁corruption	7911
▁intelligent	7912
▁きちんと	7913
▁何千	7914
医	7915
▁harder	7916
▁islands	7917
▁thirty	7918
みな	7919
支配	7920
経済	7921
▁Body	7922
▁必ずしも	7923
▁挑戦	7924
流れ	7925
職	7926
ip	7927
▁tobacco	7928
▁完成	7929
らっ	7930
▁exciting	7931
▁メール	7932
▁独身	7933
航空	7934
▁Ka	7935
▁searching	7936
▁うれし	7937
can	7938
▁lift	7939
援助	7940
▁21,	7941
▁Washington	7942
▁symptoms	7943
▁アリ	7944
▁識別	7945
自ら	7946
AN	7947
▁campaign	7948
▁communicate	7949
▁呼吸	7950
▁掲載	7951
▁片	7952
門	7953
▁teaches	7954
▁grass	7955
▁肝要	7956
ぼ	7957
を作成	7958
▁52	7959
▁deserve	7960
▁貧困	7961
牛	7962
▁royal	7963
▁shame	7964
▁やすく	7965
▁買う	7966
クソ	7967
▁Says	7968
▁divide	7969
▁交通	7970
ちに	7971
Who	7972
▁alert	7973
▁healing	7974
▁データ	7975
告げ	7976
▁WHAT	7977
▁冬	7978
▁同じく	7979
▁拒否	7980
▁羊飼い	7981
▁whenever	7982
▁半分	7983
▁薬物	7984
ical	7985
▁Things	7986
▁kitchen	7987
▁st	7988
▁unbelievers	7989
とし	7990
om	7991
▁1975	7992
▁Ba	7993
▁Nazi	7994
▁アイ	7995
カル	7996
ママ	7997
宗教	7998
粉	7999
▁library	8000
▁崩壊	8001
演	8002
▁tremendous	8003
▁つか	8004
過去	8005
▁死体	8006
ああ	8007
▁bless	8008
▁マル	8009
国の	8010
▁runs	8011
▁suggested	8012
面白い	8013
ni	8014
▁コン	8015
将来	8016
終了	8017
▁いら	8018
▁付け加え	8019
巡回	8020
感情	8021
生徒	8022
陰	8023
▁William	8024
▁functions	8025
▁亡くな	8026
▁批判	8027
トップ	8028
旅行	8029
有罪	8030
遠	8031
field	8032
▁band	8033
ボタン	8034
▁challenges	8035
▁demonstrate	8036
▁懸	8037
シア	8038
デン	8039
▁Wall	8040
▁owner	8041
▁th	8042
▁予想	8043
▁欲しい	8044
ライン	8045
▁difficulty	8046
▁rulership	8047
▁偶然	8048
▁詩篇	8049
逆	8050
▁副	8051
そこで	8052
▁Close	8053
▁Council	8054
▁Religion	8055
▁fornication	8056
▁写本	8057
▁寄せ	8058
ション	8059
ワン	8060
単	8061
尋ね	8062
弟	8063
船長	8064
▁Save	8065
▁author	8066
▁possess	8067
思い出	8068
ML	8069
▁songs	8070
▁いかに	8071
▁専心	8072
おうと	8073
▁Har	8074
▁carbon	8075
▁reduce	8076
▁satisfied	8077
▁向こう	8078
▁報道	8079
クター	8080
get	8081
▁invite	8082
▁オー	8083
▁対	8084
▁日々	8085
▁祭り	8086
▁あんな	8087
▁自問	8088
▁21)	8089
▁empire	8090
森	8091
▁Down	8092
▁experiment	8093
▁sorts	8094
▁z	8095
▁留め	8096
しもべ	8097
▁intelligence	8098
▁remind	8099
ひとつ	8100
物質	8101
ions	8102
▁Six	8103
▁awake	8104
▁portion	8105
▁実証	8106
▁画像	8107
することを	8108
獣	8109
▁Home	8110
▁カメラ	8111
▁良か	8112
▁論争	8113
AM	8114
▁End	8115
▁ne	8116
▁乗	8117
▁触れ	8118
▁astray	8119
▁gathering	8120
▁ヒ	8121
▁着け	8122
ちょうど	8123
機械	8124
200	8125
sh	8126
st	8127
▁Power	8128
▁自制	8129
▁走	8130
▁Service	8131
▁represented	8132
▁箇所	8133
始める	8134
返す	8135
45	8136
▁grief	8137
試み	8138
ON	8139
▁concentration	8140
▁gained	8141
▁tall	8142
▁ニュー	8143
▁戻り	8144
mi	8145
▁companions	8146
▁printing	8147
▁偽	8148
▁刺激	8149
▁紹介	8150
▁適	8151
タル	8152
高く	8153
ick	8154
▁excited	8155
▁feeding	8156
の研究	8157
IT	8158
ug	8159
▁IS	8160
▁anxious	8161
▁keys	8162
▁obtained	8163
▁speaker	8164
▁wondered	8165
▁救う	8166
▁至	8167
▁送る	8168
テレビ	8169
ノー	8170
成	8171
部下	8172
▁25:	8173
▁thrown	8174
▁west	8175
▁通じ	8176
▁額	8177
過	8178
24	8179
▁Obviously	8180
▁cook	8181
▁flat	8182
▁schedule	8183
▁レイ	8184
▁極	8185
出発	8186
減	8187
▁gate	8188
▁inhabited	8189
▁native	8190
▁どおり	8191
▁ジョー	8192
メント	8193
投げ	8194
▁Medical	8195
▁sinful	8196
▁おき	8197
▁開始	8198
た方	8199
▁gradually	8200
▁laugh	8201
ジン	8202
▁Middle	8203
▁adding	8204
▁tribe	8205
▁雪	8206
保	8207
▁Ever	8208
▁lock	8209
▁1971	8210
▁lovers	8211
▁ハー	8212
▁本物	8213
▁諸国	8214
▁Per	8215
▁grain	8216
▁intense	8217
▁五	8218
▁努め	8219
▁苦難	8220
食べる	8221
▁Thomas	8222
▁graph	8223
▁reputation	8224
▁娯楽	8225
▁生き残る	8226
▁興奮	8227
▁願う	8228
示す	8229
▁firmly	8230
▁reply	8231
▁印象	8232
▁展望	8233
▁近所	8234
▁Ge	8235
▁vacation	8236
▁低い	8237
▁conducted	8238
▁扱	8239
▁歴代	8240
作品	8241
子孫	8242
▁Send	8243
▁split	8244
フォル	8245
レイ	8246
▁applying	8247
▁concept	8248
▁devoted	8249
cha	8250
▁involving	8251
寛容	8252
,5	8253
val	8254
▁wondering	8255
▁飲ん	8256
▁dangers	8257
▁factory	8258
▁usual	8259
▁層	8260
▁電	8261
▁tape	8262
▁おお	8263
ちだ	8264
所有	8265
▁forgotten	8266
こい	8267
▁ate	8268
▁defined	8269
▁妨げ	8270
おいて	8271
習	8272
▁clock	8273
▁difficulties	8274
▁fishing	8275
▁immediate	8276
▁uncle	8277
▁消え	8278
結	8279
);	8280
▁24,	8281
▁buying	8282
▁queen	8283
▁マイク	8284
ねぇ	8285
▁characters	8286
▁満たす	8287
開く	8288
▁Elijah	8289
▁asks	8290
▁resulting	8291
▁トラ	8292
を設定	8293
政治	8294
構造	8295
king	8296
▁29.	8297
▁permanent	8298
▁小さい	8299
▁crimes	8300
▁movies	8301
内容	8302
完	8303
▁companion	8304
▁traveled	8305
▁tribes	8306
▁gotten	8307
子ども	8308
決	8309
黙	8310
kin	8311
▁covering	8312
▁promote	8313
▁select	8314
▁青年	8315
▁処置	8316
▁区域	8317
▁天使	8318
▁若	8319
欲し	8320
▁産業	8321
メン	8322
▁Questions	8323
▁defense	8324
▁serves	8325
および	8326
世話	8327
勇気	8328
q	8329
▁al	8330
▁friendly	8331
▁prominent	8332
▁waves	8333
スキー	8334
怒	8335
獄	8336
▁arrive	8337
守り	8338
▁rising	8339
▁級	8340
▁製品	8341
かかり	8342
介	8343
▁rescue	8344
っち	8345
一日	8346
中心	8347
▁ハルマゲドン	8348
レー	8349
mp	8350
▁つもり	8351
▁インターネット	8352
▁パリ	8353
▁災害	8354
レス	8355
受	8356
▁appeal	8357
▁harmful	8358
▁解	8359
怒り	8360
料理	8361
非	8362
▁aspects	8363
▁かぎ	8364
▁保険	8365
▁関	8366
eg	8367
▁%2	8368
▁couples	8369
▁最悪	8370
▁滅ぼ	8371
▁道具	8372
トラ	8373
当たっ	8374
▁armed	8375
▁行なえる	8376
down	8377
▁prisoners	8378
▁困	8379
▁少数	8380
▁編集	8381
プロジェクト	8382
二つ	8383
▁bow	8384
▁performance	8385
▁培う	8386
fe	8387
▁buddy	8388
▁枚	8389
▁生存	8390
▁Pope	8391
▁Ruth	8392
▁civil	8393
▁筋肉	8394
預言	8395
▁グ	8396
便	8397
istic	8398
▁Blood	8399
▁Gospel	8400
▁approved	8401
▁bottle	8402
▁reminded	8403
払	8404
疑	8405
▁Light	8406
▁mode	8407
▁宣伝	8408
許し	8409
ach	8410
▁declare	8411
▁pen	8412
▁protected	8413
▁revolution	8414
▁smile	8415
▁以降	8416
マイル	8417
再び	8418
▁club	8419
▁suspect	8420
▁面白い	8421
反	8422
▁inches	8423
▁ワ	8424
▁落ち着	8425
あたし	8426
テキスト	8427
▁Merciful	8428
▁border	8429
▁typical	8430
▁大気	8431
▁死後	8432
ける	8433
ベン	8434
▁tradition	8435
▁プロテスタント	8436
▁心理	8437
▁恵み	8438
▁Deuteronomy	8439
▁render	8440
▁アドバイス	8441
負	8442
▁argue	8443
▁bone	8444
▁etc	8445
▁roll	8446
▁報じ	8447
▁扱い	8448
▁流行	8449
▁設立	8450
補	8451
▁23)	8452
しまい	8453
ザー	8454
バック	8455
年代	8456
未来	8457
正確	8458
葉	8459
▁Hope	8460
▁coat	8461
▁managed	8462
せば	8463
徒	8464
神々	8465
mon	8466
▁Kim	8467
▁beloved	8468
▁buried	8469
▁da	8470
▁southern	8471
▁university	8472
▁金銭	8473
ティー	8474
ors	8475
▁rapidly	8476
▁オランダ	8477
▁一例	8478
▁公園	8479
bi	8480
▁Prov	8481
▁begun	8482
▁distant	8483
▁joyful	8484
▁監視	8485
バイ	8486
▁Inc	8487
▁angle	8488
▁ho	8489
▁フィル	8490
▁ホン	8491
助ける	8492
楽しみ	8493
▁つの	8494
▁なくなる	8495
▁擁護	8496
疲れ	8497
har	8498
▁1976	8499
▁Exodus	8500
▁fundamental	8501
▁prices	8502
▁thereby	8503
出さ	8504
▁massive	8505
▁自体	8506
モン	8507
好み	8508
tal	8509
▁kindly	8510
▁upper	8511
法的	8512
▁cried	8513
▁initial	8514
喜	8515
殊	8516
▁Di	8517
▁contained	8518
▁意	8519
▁脅威	8520
犯人	8521
裕福	8522
▁examination	8523
偽	8524
段	8525
EL	8526
▁体重	8527
▁regret	8528
▁今年	8529
▁制度	8530
▁知	8531
▁青	8532
世代	8533
AT	8534
井	8535
迷	8536
▁aspect	8537
▁computers	8538
▁illustrate	8539
▁姦淫	8540
▁過程	8541
▁Aaron	8542
▁profit	8543
▁うそ	8544
▁幾百万	8545
▁消費	8546
▁禁じ	8547
oc	8548
▁(1	8549
▁塩	8550
▁徹	8551
ヌ	8552
パパ	8553
▁Ministry	8554
おかげ	8555
国内	8556
知れ	8557
▁childhood	8558
▁upright	8559
▁伝	8560
▁初	8561
▁待つ	8562
大地	8563
意識	8564
zi	8565
▁remote	8566
▁server	8567
▁File	8568
▁Watching	8569
▁cops	8570
▁procedure	8571
▁センター	8572
▁ヤ	8573
▁雄	8574
対応	8575
操作	8576
暮らし	8577
▁Lot	8578
ens	8579
▁achieve	8580
▁denied	8581
▁inter	8582
▁shock	8583
▁渡	8584
▁関心事	8585
ショー	8586
▁BY	8587
▁knife	8588
▁純粋	8589
▁5,6	8590
▁Eventually	8591
▁bacteria	8592
▁namely	8593
▁symbolic	8594
▁testimony	8595
▁内部	8596
▁科	8597
▁闘い	8598
▁advanced	8599
▁department	8600
▁existed	8601
▁twelve	8602
▁ザ	8603
携帯	8604
無視	8605
税	8606
▁depressed	8607
▁飲み	8608
当たり	8609
▁Muhammad	8610
▁姉	8611
元気	8612
ES	8613
▁fool	8614
▁mis	8615
▁repentance	8616
ふ	8617
痛	8618
▁Park	8619
▁previously	8620
▁携わ	8621
蔵	8622
領域	8623
▁involve	8624
▁tear	8625
▁畑	8626
くなる	8627
▁customs	8628
▁不法	8629
▁現	8630
停止	8631
▁satisfying	8632
▁勝	8633
妹	8634
▁input	8635
やすい	8636
越	8637
IC	8638
qu	8639
▁acted	8640
▁喜ば	8641
ue	8642
▁enjoying	8643
▁normally	8644
圧	8645
▁Department	8646
▁ages	8647
▁manage	8648
▁既に	8649
くな	8650
ビン	8651
像	8652
熟	8653
財産	8654
▁Encyclopedia	8655
▁stones	8656
▁疑い	8657
ack	8658
back	8659
side	8660
▁neighborhood	8661
{	8662
▁どうし	8663
▁コリ	8664
▁海岸	8665
▁occasions	8666
▁フランク	8667
▁偏見	8668
▁学べ	8669
さらに	8670
りゃ	8671
▁1983	8672
▁generations	8673
▁始まる	8674
▁施し	8675
▁異常	8676
▁遺伝子	8677
返	8678
LE	8679
▁Spirit	8680
▁Water	8681
▁hunger	8682
▁surrounded	8683
▁肺	8684
トム	8685
ヤツ	8686
向き	8687
▁Dan	8688
▁Dead	8689
▁Hitler	8690
▁fears	8691
▁何と	8692
ey	8693
ries	8694
▁NY	8695
▁approaching	8696
▁検	8697
▁活発	8698
▁際立	8699
ワシントン	8700
▁hero	8701
▁mild	8702
▁thereafter	8703
どうぞ	8704
の結果	8705
ーん	8706
ST	8707
▁associates	8708
▁returning	8709
キス	8710
到着	8711
始まり	8712
▁20)	8713
▁foods	8714
▁worker	8715
▁未来	8716
喜び	8717
▁Much	8718
▁mostly	8719
▁partners	8720
▁ファ	8721
▁七	8722
▁分子	8723
▁異邦	8724
ペン	8725
団	8726
残り	8727
▁Journal	8728
▁somewhat	8729
当て	8730
▁Galatians	8731
▁Institute	8732
▁beach	8733
▁conference	8734
▁出かけ	8735
▁簡	8736
▁insurance	8737
▁universal	8738
▁wickedness	8739
あるいは	8740
ダン	8741
▁Better	8742
▁suggests	8743
▁野生	8744
▁sensitive	8745
▁あふれ	8746
恵み	8747
▁depend	8748
▁reasoning	8749
▁淫行	8750
▁表面	8751
▁友情	8752
速度	8753
▁impression	8754
ハイ	8755
祈り	8756
▁comment	8757
▁sharp	8758
▁temptation	8759
▁森林	8760
▁法廷	8761
やら	8762
lar	8763
tu	8764
▁28.	8765
▁Air	8766
▁remembered	8767
▁ずつ	8768
▁列	8769
▁制	8770
いただけ	8771
遺	8772
▁Anna	8773
▁Empire	8774
▁ease	8775
▁療法	8776
▁苦し	8777
▁Regard	8778
▁lovely	8779
▁miracle	8780
▁リー	8781
▁達する	8782
gi	8783
▁1986	8784
▁fruitage	8785
▁わし	8786
シン	8787
群	8788
顧客	8789
Re	8790
▁believes	8791
▁値する	8792
大好き	8793
75	8794
▁rely	8795
▁払わ	8796
▁28,	8797
▁gentlemen	8798
▁illegal	8799
▁mo	8800
▁spirits	8801
▁ウソ	8802
▁他人	8803
▁酸素	8804
▁Anyway	8805
▁output	8806
▁公平	8807
▁破滅	8808
ポイント	8809
市場	8810
chi	8811
▁Th	8812
▁guilt	8813
▁stream	8814
▁時計	8815
pre	8816
▁Central	8817
▁まい	8818
▁優	8819
触れ	8820
soever	8821
▁ミカ	8822
▁厳	8823
▁宝	8824
▁感覚	8825
▁許す	8826
▁Eden	8827
▁manager	8828
▁超え	8829
却	8830
球	8831
▁flood	8832
▁historical	8833
▁observes	8834
▁不満	8835
▁呼ぶ	8836
ボール	8837
族	8838
訓戒	8839
▁保存	8840
基本	8841
here	8842
net	8843
▁bitter	8844
▁database	8845
▁endeavor	8846
▁port	8847
▁熱意	8848
▁prize	8849
▁なあ	8850
▁収入	8851
いき	8852
ear	8853
fer	8854
und	8855
▁Gu	8856
▁Messianic	8857
▁Tract	8858
▁attacked	8859
▁widely	8860
デザイン	8861
判	8862
▁infected	8863
▁隠	8864
▁集団	8865
▁repeat	8866
▁任務	8867
できるように	8868
sis	8869
use	8870
▁氷	8871
▁登場	8872
▁看護	8873
▁記し	8874
▁高校	8875
Is	8876
▁settled	8877
▁1991	8878
▁9;	8879
▁possessions	8880
▁restore	8881
▁valid	8882
▁wash	8883
遠く	8884
other	8885
▁Answer	8886
▁Charlie	8887
▁engine	8888
▁隠れ	8889
探す	8890
▁torture	8891
▁徒	8892
ny	8893
▁飢え	8894
ホテル	8895
car	8896
▁1919	8897
▁1995	8898
▁Supreme	8899
▁offers	8900
▁routine	8901
▁shortly	8902
▁volume	8903
▁下す	8904
▁訪ね	8905
▁absolute	8906
▁girlfriend	8907
▁tested	8908
▁兵器	8909
▁首都	8910
たって	8911
勝利	8912
映像	8913
▁66	8914
▁currently	8915
▁trusted	8916
▁それゆえ	8917
▁賢い	8918
)...	8919
▁plastic	8920
▁論じ	8921
▁shoulder	8922
▁viewpoint	8923
▁パス	8924
▁社	8925
完了	8926
強	8927
馬鹿	8928
▁Fear	8929
▁welfare	8930
▁マイケル	8931
▁メアリー	8932
▁悩ま	8933
RA	8934
▁reduced	8935
▁operations	8936
▁parallel	8937
潔	8938
,1	8939
▁Chief	8940
▁drew	8941
▁review	8942
▁stomach	8943
微	8944
罰	8945
▁Yo	8946
▁j	8947
狙	8948
▁cloud	8949
▁借り	8950
ほか	8951
婚	8952
証言	8953
▁fifth	8954
▁末	8955
han	8956
▁53	8957
▁カー	8958
▁鏡	8959
温	8960
▁fate	8961
▁figures	8962
▁freak	8963
▁加	8964
板	8965
▁Saturday	8966
▁injustice	8967
▁memories	8968
▁ガ	8969
▁御	8970
▁逃れ	8971
奴隷	8972
幸福	8973
教育	8974
興	8975
▁conventions	8976
▁義務	8977
みた	8978
サポート	8979
善い	8980
正しく	8981
深く	8982
▁reads	8983
▁わな	8984
▁屋根	8985
▁雲	8986
異なる	8987
▁Grand	8988
▁breakfast	8989
▁troubled	8990
▁オーケ	8991
▁黒人	8992
▁4,5	8993
▁Armageddon	8994
▁Harry	8995
▁Ok	8996
▁adultery	8997
▁paint	8998
▁produces	8999
▁windows	9000
▁シュ	9001
▁配布	9002
笑い	9003
ill	9004
▁Further	9005
▁headquarters	9006
▁うれしい	9007
マーク	9008
横	9009
百	9010
ide	9011
リンク	9012
変わら	9013
▁breathe	9014
▁corrupt	9015
▁variable	9016
▁基礎	9017
▁引き起こす	9018
▁選び	9019
予	9020
消	9021
▁Martin	9022
▁独立	9023
ロード	9024
以来	9025
va	9026
▁Sovereign	9027
▁commandments	9028
▁falls	9029
▁遠い	9030
サム	9031
造	9032
▁幾千	9033
▁電子	9034
についての	9035
メアリー	9036
専門	9037
武器	9038
▁啓	9039
▁堅く	9040
▁bill	9041
▁threw	9042
▁隣	9043
すごい	9044
投資	9045
EN	9046
ju	9047
▁Colossians	9048
▁indefinite	9049
▁毒	9050
かって	9051
世紀	9052
0.	9053
▁Grace	9054
▁Island	9055
▁Wise	9056
▁demonstrated	9057
▁grant	9058
▁判決	9059
いよ	9060
の色	9061
広がっ	9062
弁護	9063
over	9064
▁7]	9065
▁Probably	9066
▁desk	9067
▁planned	9068
▁列車	9069
捕まえ	9070
Look	9071
▁breast	9072
待ち	9073
▁tight	9074
▁trick	9075
▁楽しく	9076
▁熱帯	9077
セン	9078
パリサイ	9079
飲み	9080
▁1985	9081
▁allowing	9082
▁incredible	9083
▁introduce	9084
▁終え	9085
▁背教	9086
▁wings	9087
▁優先	9088
コマンド	9089
パラ	9090
作成	9091
誕生	9092
ong	9093
▁independent	9094
▁quarter	9095
▁soldier	9096
▁番組	9097
▁Year	9098
▁dwelling	9099
▁戦闘	9100
▁押し	9101
▁降り	9102
サービス	9103
ris	9104
▁16,17	9105
▁agents	9106
▁preserve	9107
▁個々	9108
▁難し	9109
▁食品	9110
層	9111
書か	9112
rd	9113
▁expert	9114
▁joke	9115
▁pope	9116
▁寛大	9117
フィールド	9118
▁abundant	9119
▁provisions	9120
▁relates	9121
▁伴	9122
▁公式	9123
▁筆者	9124
▁職場	9125
▁Neither	9126
▁clouds	9127
▁opposed	9128
▁silent	9129
あたり	9130
せない	9131
救う	9132
▁さい	9133
▁鼻	9134
▁demon	9135
▁fearing	9136
▁起こる	9137
仕	9138
▁awesome	9139
▁緑	9140
障	9141
Our	9142
clock	9143
▁Pharisees	9144
▁separated	9145
まわ	9146
使え	9147
跡	9148
ec	9149
▁dressed	9150
▁mixed	9151
▁rose	9152
▁stolen	9153
▁説	9154
かせ	9155
動か	9156
指揮	9157
Well	9158
▁Somebody	9159
▁wave	9160
▁砂漠	9161
庫	9162
影	9163
▁1979	9164
▁Trinity	9165
▁breathing	9166
▁cooking	9167
▁forbidden	9168
▁vain	9169
▁悪化	9170
▁起こり	9171
グラフ	9172
試験	9173
集	9174
▁6;	9175
▁Pacific	9176
▁ただし	9177
省	9178
▁classes	9179
▁ya	9180
▁なれる	9181
▁ベル	9182
待つ	9183
▁3;	9184
▁abilities	9185
▁deaf	9186
▁writers	9187
▁み父	9188
▁obligation	9189
▁represents	9190
▁なるほど	9191
編集	9192
食事	9193
ham	9194
▁Likewise	9195
▁dealings	9196
▁execution	9197
▁qualified	9198
▁seeds	9199
▁出発	9200
▁囚人	9201
人類	9202
項	9203
47	9204
▁climb	9205
▁enable	9206
▁interview	9207
▁item	9208
▁lifetime	9209
▁定義	9210
▁毎週	9211
▁禁止	9212
性を	9213
But	9214
▁1978	9215
▁cutting	9216
▁intended	9217
▁テスト	9218
▁切り	9219
▁増大	9220
核	9221
長く	9222
▁17]	9223
▁annual	9224
▁displayed	9225
▁extended	9226
▁grade	9227
▁inherit	9228
▁repeatedly	9229
▁submit	9230
▁van	9231
ot	9232
▁grows	9233
▁hopes	9234
▁literal	9235
▁フ	9236
麗	9237
▁preparing	9238
▁scriptures	9239
jo	9240
str	9241
▁Col	9242
▁employment	9243
▁raising	9244
▁無駄	9245
当人	9246
遊	9247
mar	9248
▁8,9	9249
▁accepting	9250
▁ジェームズ	9251
▁低	9252
▁米	9253
企業	9254
手段	9255
早	9256
毎日	9257
▁Eastern	9258
▁800	9259
▁discreet	9260
移	9261
▁Isa	9262
落	9263
▁Chris	9264
▁Photo	9265
▁increases	9266
帯	9267
有名	9268
▁Protestant	9269
▁afterward	9270
▁広い	9271
▁聴	9272
▁買い	9273
マド	9274
ya	9275
▁Women	9276
▁miracles	9277
ն	9278
▁pressures	9279
▁thick	9280
▁カード	9281
▁勤勉	9282
教会	9283
▁adopted	9284
▁chain	9285
▁fingers	9286
▁grab	9287
▁そりゃ	9288
▁どっち	9289
寄	9290
様々	9291
35	9292
▁Especially	9293
▁Kings	9294
▁differ	9295
▁革命	9296
記事	9297
ations	9298
▁era	9299
▁ジム	9300
▁円熟	9301
▁検討	9302
ari	9303
▁Sit	9304
▁せい	9305
時計	9306
▁Within	9307
▁boyfriend	9308
▁eaten	9309
▁informed	9310
▁弾	9311
▁望ま	9312
リス	9313
脱	9314
▁ban	9315
▁会う	9316
▁扱わ	9317
▁携え	9318
▁途中	9319
大な	9320
運動	9321
ast	9322
rate	9323
▁confused	9324
▁isolated	9325
▁tour	9326
打	9327
満足	9328
長期	9329
si	9330
well	9331
▁22)	9332
▁ヨ	9333
▁帰り	9334
償	9335
言える	9336
▁nurse	9337
▁shed	9338
▁地区	9339
▁売り	9340
▁当てはま	9341
▁隠し	9342
キロ	9343
▁determination	9344
▁fashion	9345
▁insects	9346
▁モ	9347
▁睡眠	9348
与	9349
du	9350
▁CA	9351
▁]	9352
▁undeserved	9353
▁今朝	9354
▁午前	9355
猫	9356
表示する	9357
▁27.	9358
▁charges	9359
▁草	9360
お話し	9361
に与え	9362
慢	9363
▁1982	9364
▁swim	9365
▁マー	9366
少女	9367
市	9368
消し	9369
酸	9370
▁Alright	9371
▁書物	9372
覚	9373
▁1988	9374
▁chest	9375
▁silence	9376
▁うつ病	9377
▁beneath	9378
▁prior	9379
▁rice	9380
▁tail	9381
▁守ら	9382
▁Hurry	9383
▁humanity	9384
▁injury	9385
▁特色	9386
▁Best	9387
▁Max	9388
▁cattle	9389
▁extraordinary	9390
▁horses	9391
▁random	9392
▁割	9393
▁競争	9394
more	9395
▁Knowing	9396
▁hoped	9397
▁suggestions	9398
▁乗り	9399
▁attitudes	9400
▁confirmed	9401
▁faithfully	9402
▁finger	9403
▁reflected	9404
▁vehicle	9405
▁ボス	9406
▁beer	9407
▁choices	9408
▁robot	9409
▁thin	9410
アフリカ	9411
提案	9412
高慢	9413
▁amounts	9414
▁approached	9415
▁lonely	9416
▁settle	9417
▁形成	9418
っぱり	9419
勧め	9420
終わる	9421
親切	9422
▁Free	9423
▁disbelievers	9424
▁大陸	9425
▁迫	9426
▁disappeared	9427
▁solar	9428
▁23]	9429
▁26.	9430
▁なくなり	9431
▁強める	9432
▁捜査	9433
橋	9434
▁(3)	9435
▁事業	9436
▁独り	9437
買い	9438
▁Ab	9439
▁deeper	9440
▁default	9441
▁statements	9442
▁視	9443
なくな	9444
コピー	9445
個人	9446
So	9447
ped	9448
▁イギリス	9449
ミー	9450
変わり	9451
窓	9452
▁BE	9453
▁chair	9454
▁curious	9455
▁newly	9456
▁wilderness	9457
▁仮	9458
▁対応	9459
ごく	9460
吉	9461
▁Said	9462
▁aged	9463
▁shooting	9464
▁あり得	9465
周り	9466
様子	9467
oh	9468
▁Post	9469
▁dirty	9470
dy	9471
wood	9472
▁Bad	9473
▁dancing	9474
▁stole	9475
▁か国	9476
▁撃	9477
▁過ごす	9478
▁Real	9479
▁WHO	9480
▁nights	9481
▁nowhere	9482
▁writings	9483
▁直ちに	9484
▁Israelite	9485
▁earthquake	9486
▁possession	9487
▁tender	9488
▁ウィル	9489
▁抱き	9490
突然	9491
象	9492
▁badly	9493
▁早	9494
もあ	9495
冷	9496
静か	9497
1,	9498
ology	9499
▁Green	9500
▁なす	9501
▁数学	9502
▁起	9503
ius	9504
▁移	9505
売	9506
▁Living	9507
▁cleaning	9508
▁limits	9509
her	9510
▁Part	9511
▁captain	9512
▁本誌	9513
▁雌	9514
▁arise	9515
▁column	9516
▁rebellion	9517
▁上昇	9518
work	9519
▁forty	9520
▁repent	9521
▁真に	9522
▁選手	9523
富	9524
察	9525
from	9526
▁apparent	9527
▁筋	9528
奪	9529
par	9530
▁Apparently	9531
▁accused	9532
▁visits	9533
▁wheel	9534
▁あー	9535
ina	9536
▁Bar	9537
▁begotten	9538
▁condemned	9539
▁scholars	9540
▁scientist	9541
テーブル	9542
賞	9543
込ま	9544
37	9545
▁Resurrection	9546
▁dignity	9547
▁hat	9548
▁ラジオ	9549
▁不義	9550
▁奥さん	9551
▁気づか	9552
▁置き	9553
▁芸術	9554
ロス	9555
▁Start	9556
▁実践	9557
▁料	9558
▁理想	9559
ディー	9560
cl	9561
▁decade	9562
▁不滅	9563
▁繁栄	9564
始ま	9565
▁eager	9566
▁im	9567
▁ヨハ	9568
▁四つ	9569
▁regardless	9570
▁repeated	9571
▁誤り	9572
じゃん	9573
ビュー	9574
▁accord	9575
▁ソ	9576
▁投獄	9577
▁橋	9578
建物	9579
don	9580
light	9581
▁behold	9582
▁executed	9583
▁measures	9584
▁resort	9585
▁sinners	9586
▁survivors	9587
▁六	9588
▁貢献	9589
ライ	9590
単語	9591
▁shelter	9592
▁unjust	9593
▁ジャ	9594
▁概念	9595
▁職業	9596
忠実	9597
2)	9598
▁Flood	9599
▁enormous	9600
▁いかなる	9601
イスラエル	9602
聞か	9603
聞け	9604
▁4;	9605
▁Early	9606
▁electricity	9607
▁widespread	9608
▁占め	9609
▁携わる	9610
▁門	9611
ともに	9612
▁desired	9613
▁wrath	9614
▁予防	9615
▁年長	9616
▁燃料	9617
▁示唆	9618
らに	9619
段階	9620
▁inheritance	9621
▁現場	9622
▁遂げ	9623
▁Search	9624
▁player	9625
▁親しい	9626
房	9627
▁DO	9628
▁みなす	9629
▁割合	9630
てあげ	9631
ミス	9632
ライト	9633
SS	9634
will	9635
▁counter	9636
▁focused	9637
▁匹	9638
▁遊び	9639
トリ	9640
▁journal	9641
▁ロバート	9642
▁喜ばしい	9643
眼	9644
迎え	9645
▁31.	9646
▁drove	9647
▁lake	9648
▁surprising	9649
▁thankful	9650
▁範囲	9651
乗り	9652
検査	9653
測	9654
科学者	9655
,3	9656
▁formatted	9657
▁ダン	9658
▁福祉	9659
ock	9660
▁24)	9661
▁farmers	9662
▁何百	9663
▁服装	9664
▁絶滅	9665
▁遅れ	9666
ルート	9667
期間	9668
▁1969	9669
▁ホテル	9670
▁広告	9671
何と	9672
経	9673
IS	9674
his	9675
▁Super	9676
▁altar	9677
▁reliable	9678
▁ruling	9679
▁いっぱい	9680
▁感銘	9681
▁汝	9682
▁銀	9683
ヨ	9684
偉力	9685
▁Che	9686
▁elsewhere	9687
▁realm	9688
▁短	9689
以外の	9690
▁61	9691
▁Must	9692
▁Unless	9693
▁alarm	9694
▁containing	9695
▁famine	9696
▁無事	9697
▁路	9698
るように	9699
▁airport	9700
▁entrance	9701
昼	9702
買う	9703
lu	9704
▁facilities	9705
▁くらい	9706
▁つらい	9707
▁団	9708
32	9709
▁28:	9710
▁Association	9711
▁Organization	9712
▁Talk	9713
▁Whoever	9714
▁罰	9715
もろ	9716
アクセス	9717
手伝	9718
art	9719
▁zealous	9720
▁無料	9721
gue	9722
▁commission	9723
▁かかわり	9724
不可能	9725
油	9726
級	9727
▁Pennsylvania	9728
▁cute	9729
▁sh	9730
▁待ち	9731
住まい	9732
勝	9733
術	9734
▁Em	9735
▁guests	9736
▁mystery	9737
▁クリス	9738
ダウン	9739
トラック	9740
政	9741
議論	9742
▁サマリア	9743
▁ショー	9744
▁穏やか	9745
▁cease	9746
▁channel	9747
▁egg	9748
▁festival	9749
▁industrial	9750
▁ポ	9751
去	9752
次元	9753
▁10,000	9754
▁abroad	9755
▁delay	9756
▁math	9757
▁vote	9758
▁信	9759
▁重荷	9760
閉じ	9761
NG	9762
▁dating	9763
▁defend	9764
▁enabled	9765
▁デート	9766
▁打	9767
▁金属	9768
絶	9769
ration	9770
▁Ca	9771
▁Doctor	9772
▁creative	9773
▁demands	9774
▁fired	9775
▁kiss	9776
▁privileges	9777
▁readily	9778
▁relax	9779
▁三位一体	9780
▁劇	9781
▁統計	9782
▁homework	9783
▁session	9784
▁signed	9785
▁wherever	9786
▁手伝	9787
▁諸島	9788
基	9789
▁admonition	9790
▁client	9791
▁ensure	9792
▁injured	9793
▁rendered	9794
▁執行	9795
▁帰	9796
分析	9797
土地	9798
▁Simon	9799
▁attractive	9800
▁武	9801
コンピュータ	9802
ネットワーク	9803
ード	9804
売り	9805
称	9806
▁existing	9807
▁genetic	9808
▁marks	9809
▁rooms	9810
▁throat	9811
くり	9812
めて	9813
now	9814
▁Alice	9815
▁abandon	9816
▁spreading	9817
▁wishes	9818
▁出来る	9819
▁施す	9820
まっすぐ	9821
US	9822
▁connect	9823
▁有効	9824
▁Upon	9825
▁log	9826
▁優しい	9827
▁相違	9828
救い	9829
ied	9830
ward	9831
▁Students	9832
会議	9833
aw	9834
▁parable	9835
▁restaurant	9836
▁費やし	9837
▁速度	9838
価格	9839
▁Ken	9840
▁crops	9841
▁explosion	9842
▁ノー	9843
▁分析	9844
▁聴衆	9845
クトル	9846
要る	9847
障害	9848
win	9849
▁fleshly	9850
▁na	9851
▁キー	9852
▁臨在	9853
▁製造	9854
動作	9855
精	9856
▁15]	9857
▁bears	9858
▁費	9859
次第	9860
▁Cat	9861
▁Da	9862
▁Mu	9863
▁flower	9864
▁inclined	9865
▁テトス	9866
▁傷つけ	9867
▁引き起こし	9868
▁軽	9869
オー	9870
▁Almost	9871
▁domestic	9872
▁foolish	9873
▁gambling	9874
▁judges	9875
▁理論	9876
オン	9877
cu	9878
lan	9879
▁Jordan	9880
▁それなら	9881
▁加わ	9882
潜	9883
話せ	9884
▁pop	9885
▁testing	9886
▁ポール	9887
▁各々	9888
▁数え	9889
▁闇	9890
働く	9891
構わ	9892
隠す	9893
▁Anyone	9894
▁Han	9895
▁automatically	9896
▁philosophy	9897
ジェクト	9898
送る	9899
name	9900
▁Except	9901
▁collect	9902
▁夕食	9903
▁Mosaic	9904
▁brown	9905
▁crash	9906
▁イスラ	9907
▁企業	9908
▁落ち着け	9909
アナ	9910
fi	9911
row	9912
▁250	9913
▁港	9914
▁荷	9915
フォルト	9916
,4	9917
bu	9918
uck	9919
▁guarantee	9920
▁hated	9921
▁ideal	9922
▁kick	9923
▁rage	9924
▁利益	9925
▁黙想	9926
まり	9927
▁definition	9928
▁dig	9929
▁entering	9930
▁influenced	9931
▁あて	9932
▁氏	9933
▁温和	9934
▁盗み	9935
各	9936
春	9937
▁photos	9938
▁宣告	9939
ひどい	9940
ケン	9941
利益	9942
標	9943
願い	9944
some	9945
▁Bob	9946
▁人工	9947
▁包	9948
避け	9949
tell	9950
▁54	9951
▁announced	9952
▁senses	9953
▁仲	9954
仮	9955
len	9956
ナン	9957
▁Always	9958
▁ark	9959
▁curse	9960
するため	9961
▁Learn	9962
▁PHP	9963
▁cared	9964
▁depth	9965
▁generous	9966
▁organizations	9967
▁ヘンリー	9968
▁生み出す	9969
▁競技	9970
ob	9971
▁cycle	9972
▁warns	9973
▁切	9974
▁孤独	9975
バイス	9976
ファン	9977
動く	9978
支援	9979
▁discover	9980
▁eliminate	9981
▁mood	9982
▁寄	9983
▁平	9984
▁演奏	9985
▁美	9986
サイト	9987
学習	9988
解放	9989
詳細	9990
離	9991
36	9992
▁Judge	9993
▁fascinating	9994
▁fewer	9995
▁バン	9996
▁肩	9997
囲	9998
降	9999
▁Control	10000
▁accidents	10001
▁concerns	10002
▁fan	10003
▁rightly	10004
▁winds	10005
▁レベル	10006
▁近づき	10007
費	10008
途中	10009
▁Museum	10010
▁primarily	10011
▁見事	10012
かし	10013
異	10014
▁Korea	10015
▁brochure	10016
▁pal	10017
▁tied	10018
▁tower	10019
▁タイ	10020
▁ニック	10021
▁主題	10022
▁近年	10023
▁運命	10024
』."	10025
san	10026
▁25,	10027
▁Heb	10028
▁recommended	10029
▁ニ	10030
▁頼る	10031
置き	10032
there	10033
▁dude	10034
▁slightly	10035
▁限界	10036
ベッド	10037
▁devices	10038
このような	10039
ビジネス	10040
復活	10041
▁Governing	10042
▁エリヤ	10043
▁明白	10044
働き	10045
混乱	10046
LL	10047
▁Art	10048
▁click	10049
▁自信	10050
っけ	10051
雄	10052
▁Hereafter	10053
▁Stand	10054
▁attached	10055
▁掛け	10056
御心	10057
若	10058
運命	10059
▁1981	10060
▁Security	10061
▁minor	10062
▁ウイルス	10063
▁少	10064
▁見よ	10065
殺害	10066
被害	10067
SL	10068
▁chapters	10069
▁greed	10070
▁perfection	10071
▁incident	10072
▁referring	10073
▁resolve	10074
▁つける	10075
空間	10076
,000,000	10077
▁Friday	10078
▁brand	10079
▁inform	10080
▁lips	10081
▁readers	10082
▁炎	10083
縮	10084
▁Titus	10085
▁kilometers	10086
▁ふたり	10087
▁群	10088
know	10089
▁earn	10090
▁保健	10091
▁奇妙	10092
▁結構	10093
なれ	10094
ボックス	10095
▁competition	10096
▁dare	10097
▁defeat	10098
▁equipped	10099
▁occurs	10100
▁みことば	10101
▁接触	10102
▁改宗	10103
▁農場	10104
扱い	10105
last	10106
ü	10107
▁19,20	10108
▁charged	10109
▁下し	10110
▁告白	10111
▁失望	10112
▁議論	10113
伝える	10114
太	10115
失う	10116
▁arrangements	10117
▁文字通り	10118
ーヒーム	10119
勤	10120
爆発	10121
ney	10122
ther	10123
▁Source	10124
▁wrongdoing	10125
時期	10126
▁contributed	10127
▁driven	10128
▁処刑	10129
▁向上	10130
▁唱え	10131
▁打ち	10132
やが	10133
久	10134
皮	10135
▁folks	10136
▁historian	10137
▁釈放	10138
おい	10139
困難	10140
審	10141
慣れ	10142
book	10143
▁operating	10144
▁strengthened	10145
▁trap	10146
▁ラン	10147
▁管	10148
▁造り	10149
懸	10150
sign	10151
á	10152
▁1940	10153
▁RE	10154
▁muscles	10155
▁roads	10156
▁units	10157
▁北部	10158
▁煙	10159
▁遺体	10160
▁階	10161
ども	10162
務め	10163
楽しい	10164
ET	10165
属	10166
hmm	10167
▁Heart	10168
▁rough	10169
▁外科	10170
▁我ら	10171
会え	10172
平均	10173
▁Clear	10174
▁PAGE	10175
▁entry	10176
▁steel	10177
▁受け取	10178
▁脱	10179
ロボット	10180
立た	10181
▁Daily	10182
▁frame	10183
▁switch	10184
▁weakness	10185
▁スウェーデン	10186
▁改革	10187
▁最新	10188
▁洞察	10189
▁衛生	10190
ッツ	10191
緑	10192
飲む	10193
ep	10194
▁handed	10195
▁lord	10196
▁shift	10197
▁software	10198
▁いよいよ	10199
▁信用	10200
一体	10201
▁Carrie	10202
▁shadow	10203
▁衣服	10204
▁遅く	10205
▁7,8	10206
▁apologize	10207
▁auto	10208
▁earned	10209
▁funeral	10210
▁latest	10211
▁高め	10212
ング	10213
▁analysis	10214
▁instrument	10215
▁惑星	10216
▁白人	10217
ルール	10218
ai	10219
▁Bank	10220
▁Jonah	10221
▁descendants	10222
▁恵	10223
試し	10224
▁despair	10225
▁equivalent	10226
▁matrix	10227
▁乱用	10228
平	10229
繰り返し	10230
▁radiation	10231
▁woods	10232
▁ぜひ	10233
▁シー	10234
▁春	10235
▁聞こえる	10236
制御	10237
▁Canadian	10238
▁branches	10239
▁satisfy	10240
▁tip	10241
▁む	10242
バージョン	10243
ava	10244
ng	10245
▁permitted	10246
▁taxes	10247
▁整え	10248
▁施	10249
▁邪	10250
▁14,15	10251
▁30.	10252
▁Po	10253
▁imagination	10254
▁ヤツ	10255
ずつ	10256
四	10257
青	10258
▁Google	10259
▁HIV	10260
▁Head	10261
▁inch	10262
▁サウル	10263
▁ロー	10264
▁flee	10265
▁strongly	10266
▁wound	10267
▁正常	10268
▁眠	10269
▁Lamb	10270
▁acknowledge	10271
▁considerable	10272
▁hanging	10273
▁periods	10274
▁transfusions	10275
▁他方	10276
▁成果	10277
▁母さん	10278
数学	10279
最近	10280
950	10281
▁1997	10282
▁37:	10283
▁camps	10284
▁combined	10285
▁expecting	10286
▁おもに	10287
▁にくい	10288
▁促進	10289
▁思考	10290
ose	10291
▁patterns	10292
▁いくら	10293
▁さわやか	10294
ブラ	10295
ユダヤ	10296
弱	10297
権利	10298
済み	10299
bit	10300
gra	10301
▁56	10302
▁白い	10303
いっぱい	10304
ゆ	10305
チン	10306
学ぶ	10307
負け	10308
軸	10309
ay	10310
▁Australian	10311
▁improved	10312
▁motivated	10313
▁wholesome	10314
▁お名前	10315
▁シャ	10316
▁ルツ	10317
▁急げ	10318
▁狂	10319
ons	10320
▁dollar	10321
▁harsh	10322
▁meaningful	10323
▁出産	10324
▁神様	10325
▁警備	10326
ハン	10327
尾	10328
述べ	10329
▁Caesar	10330
▁projects	10331
▁wanting	10332
▁ハン	10333
▁奪わ	10334
サーバ	10335
備え	10336
婦	10337
裁判	10338
▁1977	10339
▁cruel	10340
▁sorrow	10341
▁タイプ	10342
▁勢力	10343
▁相談	10344
▁調子	10345
乱	10346
title	10347
▁Columbia	10348
▁書籍	10349
▁正義	10350
▁誓い	10351
現場	10352
進む	10353
▁array	10354
▁collection	10355
▁employees	10356
▁きわめて	10357
▁性質	10358
難	10359
▁23,	10360
▁celebrate	10361
▁cent	10362
▁originally	10363
▁サル	10364
▁成	10365
きみ	10366
テロ	10367
ミン	10368
兵士	10369
袋	10370
追跡	10371
▁10;	10372
▁1998	10373
▁largely	10374
▁plays	10375
▁positions	10376
▁virtually	10377
▁我が	10378
ビア	10379
規則	10380
ray	10381
▁("	10382
▁convince	10383
▁農業	10384
承	10385
気づ	10386
pri	10387
▁9]	10388
▁Minister	10389
▁かかわる	10390
▁弱い	10391
▁歩ん	10392
▁状	10393
問	10394
▁Hu	10395
▁coin	10396
▁transform	10397
▁南部	10398
イル	10399
指示	10400
▁1918	10401
▁Color	10402
▁Ki	10403
▁plot	10404
▁例外	10405
▁生き物	10406
ノード	10407
house	10408
▁mainly	10409
▁secrets	10410
▁ガラス	10411
▁ポルノ	10412
▁ロック	10413
▁網	10414
也	10415
読む	10416
▁Van	10417
▁naturally	10418
▁当初	10419
コール	10420
Jesus	10421
▁layer	10422
▁任	10423
▁戒め	10424
▁支援	10425
▁来た	10426
覧	10427
box	10428
▁Making	10429
▁applies	10430
▁educational	10431
▁loan	10432
▁texts	10433
▁み前	10434
▁ケ	10435
▁戸	10436
▁抱か	10437
ヒー	10438
射	10439
沢山	10440
渡し	10441
祈る	10442
羊	10443
▁arrival	10444
▁parties	10445
▁フィ	10446
▁分け	10447
モード	10448
ica	10449
▁13,14	10450
▁regards	10451
▁skill	10452
▁slavery	10453
▁weekend	10454
恐怖	10455
▁Want	10456
▁gratitude	10457
▁rates	10458
▁同紙	10459
▁絶	10460
▁起源	10461
なれる	10462
用意	10463
▁humankind	10464
▁permit	10465
▁指し	10466
作業	10467
尉	10468
▁pleasing	10469
滞	10470
low	10471
▁Live	10472
▁grandmother	10473
▁merciful	10474
▁stealing	10475
▁胤	10476
Your	10477
▁Interestingly	10478
▁hi	10479
▁surrounding	10480
▁Ready	10481
▁commonly	10482
▁disappear	10483
▁illustrated	10484
▁linked	10485
▁videos	10486
▁皇帝	10487
▁試験	10488
説	10489
MA	10490
▁28)	10491
▁64	10492
▁infant	10493
▁pocket	10494
▁堅	10495
▁東京	10496
事態	10497
歴	10498
▁ashamed	10499
▁recognition	10500
▁script	10501
▁やもめ	10502
▁機構	10503
ドイツ	10504
下げ	10505
回り	10506
軽く	10507
▁Lake	10508
▁Sp	10509
▁calamity	10510
▁lied	10511
▁動かし	10512
▁古	10513
巧み	10514
起きる	10515
ft	10516
▁broad	10517
▁communities	10518
▁loaded	10519
▁warfare	10520
▁カル	10521
▁修理	10522
▁婦	10523
▁練習	10524
疑問	10525
▁bo	10526
▁specifically	10527
戦う	10528
施設	10529
版	10530
ani	10531
▁assurance	10532
▁プロジェクト	10533
▁低下	10534
収	10535
少なく	10536
▁Near	10537
▁internal	10538
厳しい	10539
同様	10540
▁Child	10541
▁alternative	10542
▁decline	10543
▁increasingly	10544
▁latter	10545
▁そっち	10546
▁ジェ	10547
▁気が	10548
各人	10549
善	10550
▁Press	10551
唱	10552
至	10553
▁失業	10554
▁脂肪	10555
怖い	10556
輪	10557
▁disappointed	10558
▁動かす	10559
▁ダンス	10560
▁ルー	10561
hand	10562
▁fifty	10563
▁sooner	10564
▁すっかり	10565
▁幅	10566
▁開く	10567
以内	10568
行列	10569
関心	10570
題	10571
LY	10572
▁Vatican	10573
▁bio	10574
▁damaged	10575
▁modest	10576
▁widow	10577
▁バイ	10578
▁学べる	10579
▁来い	10580
▁終結	10581
▁customers	10582
▁pet	10583
▁recalls	10584
▁交渉	10585
▁購入	10586
ネル	10587
治	10588
ned	10589
oo	10590
▁1939	10591
▁poured	10592
優	10593
悔	10594
援	10595
▁barely	10596
▁disorder	10597
▁escaped	10598
▁odd	10599
▁判	10600
▁破	10601
▁110	10602
▁Carol	10603
▁Shall	10604
▁controlled	10605
▁rocks	10606
▁ヨナ	10607
▁強盗	10608
▁歓迎	10609
誓う	10610
ո	10611
▁acknowledged	10612
▁estimate	10613
▁immortal	10614
▁授業	10615
▁昼	10616
▁眠り	10617
▁秒	10618
パターン	10619
▁KDE	10620
▁Pentecost	10621
▁accompanied	10622
▁ruled	10623
▁shopping	10624
▁皮	10625
すでに	10626
入ら	10627
維持	10628
▁\	10629
▁define	10630
▁NASA	10631
▁dramatic	10632
▁hunting	10633
▁moments	10634
▁上る	10635
▁中立	10636
▁養	10637
応	10638
tes	10639
▁str	10640
▁かぎり	10641
▁チ	10642
▁マーク	10643
▁教皇	10644
なされ	10645
嬢	10646
head	10647
▁deadly	10648
▁ladies	10649
▁tent	10650
▁不快	10651
▁胎児	10652
フェ	10653
止める	10654
ans	10655
list	10656
▁tragedy	10657
▁ユ	10658
▁一定	10659
▁省	10660
▁話し合う	10661
▁遊	10662
オブ	10663
傷つけ	10664
差し	10665
▁Copy	10666
▁environmental	10667
▁決める	10668
ティング	10669
独特	10670
▁perspective	10671
▁偽善	10672
▁女王	10673
るさ	10674
必要がある	10675
駅	10676
▁Food	10677
▁alien	10678
▁everyday	10679
▁presents	10680
▁美しさ	10681
▁進む	10682
さい	10683
ケース	10684
愛する	10685
靴	10686
▁10,11	10687
▁Assembly	10688
▁forests	10689
▁platform	10690
▁確かめ	10691
マシン	10692
▁flag	10693
▁succeeded	10694
▁悲劇	10695
いたわ	10696
▁Py	10697
▁correspondent	10698
▁prisoner	10699
▁ご親切	10700
▁侵入	10701
RS	10702
▁Follow	10703
▁combat	10704
▁destination	10705
▁fortune	10706
▁rapid	10707
▁じゅう	10708
▁味	10709
▁地帯	10710
▁構造	10711
▁生み出し	10712
▁訓戒	10713
ゾ	10714
手が	10715
無事	10716
生産	10717
▁Enter	10718
▁solved	10719
▁歩く	10720
▁試し	10721
▁途上	10722
挨	10723
理論	10724
選ぶ	10725
22	10726
▁Number	10727
▁alcoholic	10728
▁meals	10729
▁tendency	10730
▁校	10731
key	10732
▁dealt	10733
▁exercising	10734
▁recommend	10735
どのような	10736
AC	10737
▁700	10738
▁Hand	10739
▁Police	10740
▁clay	10741
▁drinks	10742
▁fitting	10743
▁いやし	10744
▁試	10745
岩	10746
驚	10747
▁Mc	10748
▁shepherds	10749
▁当て	10750
▁確証	10751
▁遭	10752
もちろん	10753
ゼロ	10754
ッシュ	10755
一人一人	10756
構築	10757
▁冒頭	10758
▁暗	10759
はっきり	10760
サジ	10761
ホール	10762
ini	10763
ou	10764
▁committee	10765
▁reap	10766
▁vegetables	10767
▁こも	10768
▁サーバ	10769
▁好み	10770
銀河	10771
▁passengers	10772
▁relate	10773
▁residents	10774
▁significance	10775
▁エデン	10776
▁ラテン	10777
▁レッド	10778
禁じ	10779
遣わし	10780
world	10781
▁タイム	10782
▁負け	10783
ドン	10784
ファー	10785
▁continuing	10786
▁particles	10787
▁villages	10788
少ない	10789
bal	10790
▁33.	10791
▁enjoyment	10792
▁pool	10793
▁称賛	10794
尊	10795
確信	10796
right	10797
▁Gal	10798
▁Years	10799
▁globe	10800
▁waited	10801
▁ほ	10802
▁枝	10803
▁遺伝	10804
デル	10805
フォード	10806
一方	10807
振り	10808
裁	10809
規	10810
,6	10811
▁25]	10812
▁Mac	10813
▁liar	10814
▁protecting	10815
▁尊敬	10816
▁賞	10817
▁除	10818
々に	10819
米国	10820
stone	10821
▁Need	10822
▁core	10823
▁expand	10824
▁sole	10825
▁users	10826
▁いただき	10827
▁先祖	10828
▁宝石	10829
▁欲求	10830
ATION	10831
▁bride	10832
▁criminals	10833
▁micro	10834
会話	10835
順	10836
▁options	10837
▁trace	10838
▁ウォルター	10839
▁カール	10840
▁ブルックリン	10841
▁経	10842
▁陥	10843
メータ	10844
呼び出	10845
mount	10846
▁detect	10847
▁sample	10848
▁くださり	10849
▁まさしく	10850
▁われわれ	10851
十	10852
映	10853
死体	10854
虚偽	10855
ging	10856
ments	10857
▁Third	10858
▁discovery	10859
▁peak	10860
▁取り入れ	10861
▁確立	10862
▁説得	10863
任務	10864
前述	10865
証人	10866
ette	10867
▁35.	10868
▁contract	10869
▁formula	10870
▁smooth	10871
▁span	10872
まったく	10873
予測	10874
文化	10875
違いない	10876
ught	10877
▁blocks	10878
▁ignored	10879
▁models	10880
▁safely	10881
▁勇敢	10882
▁馬鹿	10883
▁arguments	10884
▁horrible	10885
▁loop	10886
▁メディア	10887
▁本部	10888
▁評判	10889
ぶり	10890
比べ	10891
▁18]	10892
▁Error	10893
▁Otherwise	10894
▁appointment	10895
▁fever	10896
▁filling	10897
▁mourning	10898
▁transport	10899
▁voices	10900
▁あきらめ	10901
▁反抗	10902
▁席	10903
▁荒廃	10904
▁進	10905
ァ	10906
契約	10907
▁Unfortunately	10908
▁publicly	10909
▁しかしながら	10910
▁キャ	10911
▁気遣い	10912
▁設定	10913
いきま	10914
ユ	10915
感覚	10916
暴	10917
▁Following	10918
▁brilliant	10919
▁bullet	10920
▁celebration	10921
▁serpent	10922
▁tongues	10923
▁ござ	10924
▁創	10925
▁観光	10926
▁進め	10927
ネス	10928
ネー	10929
ification	10930
▁Change	10931
▁Pi	10932
▁commented	10933
▁sustain	10934
▁uni	10935
▁住み	10936
キャ	10937
出来事	10938
徳	10939
they	10940
▁gang	10941
▁pack	10942
▁persecuted	10943
▁urgent	10944
▁ふさわしく	10945
▁ゆだね	10946
▁用心	10947
▁端	10948
つかの	10949
▁Los	10950
▁Tony	10951
▁statistics	10952
▁unclean	10953
▁ロボット	10954
▁膨大	10955
ニング	10956
▁em	10957
休	10958
▁Sha	10959
▁participate	10960
▁ひと	10961
▁性格	10962
けない	10963
撮	10964
砲	10965
cc	10966
ff	10967
▁テーブル	10968
▁公開	10969
▁向ける	10970
ひとり	10971
ゲ	10972
タイム	10973
拶	10974
見ま	10975
hy	10976
▁cooperation	10977
▁liquid	10978
▁visual	10979
▁ポルトガル	10980
▁誤解	10981
▁走る	10982
▁食料	10983
何時	10984
具体	10985
司	10986
爆弾	10987
air	10988
▁Te	10989
▁lion	10990
▁terror	10991
▁troops	10992
▁アイルランド	10993
▁付き	10994
▁反する	10995
▁絶望	10996
去る	10997
報酬	10998
当然	10999
撮影	11000
無く	11001
▁11,12	11002
▁7,000	11003
▁Looking	11004
▁chicken	11005
▁crown	11006
▁roots	11007
▁虫	11008
養	11009
▁cheap	11010
▁ending	11011
▁feast	11012
▁とどまる	11013
すら	11014
ちょうだい	11015
タイ	11016
主張	11017
壊	11018
課	11019
▁16;	11020
▁billions	11021
▁invented	11022
▁license	11023
▁messengers	11024
▁practicing	11025
▁trigger	11026
▁生き残	11027
担当	11028
繁	11029
ok	11030
▁58	11031
▁fairly	11032
▁goddamn	11033
▁原	11034
上げる	11035
心臓	11036
cho	11037
type	11038
▁JEHOVAH	11039
▁Same	11040
▁dictionary	11041
▁handling	11042
▁商業	11043
▁考	11044
みのり	11045
筈	11046
長さ	11047
▁Tu	11048
▁dumb	11049
▁inherited	11050
▁movements	11051
▁戦う	11052
過ぎる	11053
cent	11054
tional	11055
▁Thessalonians	11056
▁gardens	11057
▁officers	11058
▁reminds	11059
▁translations	11060
▁trend	11061
▁valley	11062
▁犯す	11063
ボス	11064
立場	11065
iz	11066
▁cameras	11067
▁pursuit	11068
▁スター	11069
▁ティ	11070
▁ネ	11071
▁人体	11072
▁様式	11073
如何	11074
iff	11075
war	11076
▁practiced	11077
▁proceeded	11078
▁tissue	11079
▁ライオン	11080
▁不可欠	11081
価	11082
実現	11083
教師	11084
講	11085
sch	11086
what	11087
▁folder	11088
▁招き	11089
でし	11090
ダイ	11091
モジュ	11092
休み	11093
直接	11094
節	11095
選ば	11096
▁deliverance	11097
▁joint	11098
▁lawlessness	11099
▁motive	11100
▁tunnel	11101
認め	11102
ե	11103
▁1989	11104
▁bite	11105
▁及び	11106
▁怒	11107
▁憤り	11108
▁板	11109
バル	11110
祖先	11111
Allah	11112
▁assemblies	11113
▁banks	11114
▁idols	11115
▁thief	11116
▁銘	11117
参	11118
安定	11119
抜	11120
掟	11121
標準	11122
雲	11123
ama	11124
cing	11125
▁suitable	11126
▁つづける	11127
▁広範	11128
▁祝い	11129
▁順	11130
資金	11131
▁26]	11132
▁Barry	11133
▁documents	11134
▁transfusion	11135
▁vessels	11136
▁ミス	11137
▁業者	11138
リオ	11139
帳	11140
悲し	11141
校	11142
議	11143
▁cap	11144
▁du	11145
▁mutual	11146
▁predict	11147
▁いわば	11148
▁パーティー	11149
きれい	11150
フリー	11151
匹	11152
市民	11153
才	11154
授業	11155
総	11156
cy	11157
▁ticket	11158
▁transferred	11159
▁向かい	11160
▁孤立	11161
▁立てる	11162
▁遣わし	11163
▁防ぐ	11164
係	11165
騙	11166
▁Step	11167
▁mirror	11168
▁revelations	11169
▁後悔	11170
▁荷物	11171
巨	11172
誓	11173
▁Tri	11174
▁エン	11175
▁変更	11176
焼	11177
▁Research	11178
▁discussing	11179
▁不幸	11180
▁提出	11181
筋	11182
▁26,	11183
▁Carl	11184
▁alike	11185
▁dawn	11186
▁respected	11187
▁彼等	11188
自体	11189
落とし	11190
請	11191
RO	11192
▁fled	11193
▁guest	11194
▁mildness	11195
▁risks	11196
▁towns	11197
▁サービス	11198
▁ナイジェリア	11199
▁ヒトラー	11200
▁訪れる	11201
▁販売	11202
目標	11203
nna	11204
▁1984	11205
▁Chi	11206
▁mud	11207
▁net	11208
▁secretary	11209
▁倒れ	11210
▁学習	11211
▁底	11212
▁振る舞い	11213
▁老	11214
るもの	11215
ハー	11216
大きさ	11217
飛	11218
▁crack	11219
▁endured	11220
▁execute	11221
▁grounds	11222
▁outer	11223
▁rent	11224
▁vector	11225
▁そっ	11226
▁会え	11227
▁多様	11228
▁属し	11229
▁平安	11230
▁罪人	11231
▁速く	11232
出かけ	11233
教授	11234
ark	11235
▁Report	11236
▁combination	11237
▁differently	11238
▁emotionally	11239
▁infection	11240
▁reminder	11241
▁transfer	11242
▁スイス	11243
▁杭	11244
▁行使	11245
▁裁き人	11246
お父さん	11247
作戦	11248
渡す	11249
育	11250
試	11251
▁Modern	11252
▁chemicals	11253
▁subjection	11254
▁witnessed	11255
▁テロ	11256
▁バビロニア	11257
▁大胆	11258
▁遠	11259
尽くし	11260
遅く	11261
▁Kill	11262
▁stranger	11263
▁固く	11264
▁要	11265
ブロック	11266
縁	11267
▁2004	11268
▁Hank	11269
▁delighted	11270
▁initiative	11271
▁sp	11272
▁substance	11273
トゥ	11274
バッグ	11275
炎	11276
痛ましい	11277
▁orbit	11278
▁論議	11279
▁靴	11280
▁飲料	11281
を越え	11282
議員	11283
雪	11284
▁Seven	11285
▁failing	11286
▁grasp	11287
▁がち	11288
▁当てはめる	11289
▁解釈	11290
コーヒー	11291
ヴァ	11292
果	11293
特	11294
続く	11295
long	11296
▁Hang	11297
▁meantime	11298
▁therapy	11299
▁unexpected	11300
▁urge	11301
▁チャールズ	11302
▁栽培	11303
▁極端	11304
▁気候	11305
プル	11306
天気	11307
学び	11308
惑星	11309
早い	11310
替	11311
訓練	11312
豊か	11313
邪悪	11314
By	11315
ino	11316
▁BIBLE	11317
▁Carter	11318
▁sales	11319
▁sequence	11320
▁牧者	11321
▁規定	11322
りに	11323
置く	11324
遊び	11325
▁Yu	11326
▁hill	11327
▁weekly	11328
▁翼	11329
インド	11330
国民	11331
cut	11332
▁affects	11333
▁wisely	11334
▁カン	11335
原子	11336
ez	11337
who	11338
▁Maria	11339
▁faithfulness	11340
▁willingly	11341
▁サイ	11342
▁価格	11343
▁名称	11344
ッチ	11345
怖	11346
規模	11347
賢い	11348
CE	11349
▁Comm	11350
▁affair	11351
▁closing	11352
▁reaches	11353
▁ruined	11354
▁フィリピン	11355
▁ペンテコステ	11356
▁左右	11357
▁税	11358
ぶん	11359
▁10]	11360
▁maintaining	11361
▁殺害	11362
すね	11363
夫人	11364
禁止	11365
27	11366
28	11367
ites	11368
▁comforting	11369
▁comparison	11370
▁pursuing	11371
▁並	11372
▁尊重	11373
▁臨む	11374
▁要する	11375
▁1,2)	11376
▁Egyptian	11377
▁algorithm	11378
▁muscle	11379
▁swimming	11380
▁theater	11381
▁コンピュータ	11382
▁招く	11383
▁損な	11384
▁書く	11385
▁珍しい	11386
するための	11387
地図	11388
掴	11389
隠	11390
▁Boston	11391
▁proverb	11392
▁塔	11393
▁育てる	11394
▁診断	11395
▁領域	11396
挙げ	11397
▁painting	11398
▁ペルシャ	11399
マタイ	11400
ual	11401
▁5;	11402
▁Li	11403
▁abortion	11404
▁golden	11405
▁ホール	11406
▁壮大	11407
▁致	11408
の間で	11409
神経	11410
.).	11411
..."	11412
▁Lady	11413
▁impressive	11414
▁思慮深い	11415
▁築く	11416
▁足り	11417
スタン	11418
変わる	11419
練習	11420
設計	11421
▁MI	11422
▁encounter	11423
▁tropical	11424
▁会長	11425
▁明るい	11426
▁衝撃	11427
双方	11428
巻	11429
幕	11430
▁Guys	11431
▁fatal	11432
▁operate	11433
▁後日	11434
もん	11435
回復	11436
施し	11437
Keep	11438
▁Ja	11439
▁artist	11440
▁multi	11441
▁pushed	11442
▁ノ	11443
▁土台	11444
▁発達	11445
▁臨	11446
向こう	11447
正直	11448
耐え	11449
form	11450
tter	11451
▁acquainted	11452
▁attain	11453
▁coal	11454
▁rendering	11455
▁わたり	11456
▁光景	11457
▁炭素	11458
▁警戒	11459
▁逃げる	11460
中国	11461
分子	11462
沢	11463
▁Mmm	11464
▁assets	11465
▁beg	11466
▁bull	11467
▁password	11468
アルゴリズム	11469
卵	11470
試合	11471
▁distributed	11472
▁earthquakes	11473
▁papers	11474
▁pity	11475
▁repair	11476
▁seventh	11477
▁弱	11478
センター	11479
▁信号	11480
▁激しく	11481
▁衣	11482
▁要因	11483
はならない	11484
uk	11485
▁tens	11486
▁トイレ	11487
▁保た	11488
▁経営	11489
cat	11490
▁agency	11491
▁conflicts	11492
▁debate	11493
▁inspiration	11494
▁樹木	11495
▁移住	11496
防	11497
▁1,500	11498
▁Shortly	11499
▁clever	11500
▁desperate	11501
▁腰	11502
▁違いない	11503
払う	11504
▁Special	11505
▁admits	11506
▁immune	11507
▁stored	11508
▁strangers	11509
▁造	11510
レクトリ	11511
掛ける	11512
空気	11513
認識	11514
集中	11515
lock	11516
ye	11517
▁aim	11518
▁ミスター	11519
▁服従	11520
まして	11521
クラブ	11522
戸	11523
手術	11524
拘	11525
gr	11526
▁83	11527
▁Bay	11528
▁Jude	11529
▁advised	11530
▁extend	11531
▁heal	11532
▁接する	11533
▁breaks	11534
▁ポーランド	11535
▁修道	11536
▁子羊	11537
▁発電	11538
▁精	11539
▁裁	11540
▁進展	11541
宿	11542
▁acid	11543
▁assignments	11544
▁hired	11545
▁womb	11546
▁セックス	11547
▁幼児	11548
▁泣き	11549
▁飲酒	11550
一杯	11551
化学	11552
続き	11553
聞こえる	11554
ENT	11555
YO	11556
▁Additionally	11557
▁chances	11558
▁funds	11559
▁scholar	11560
▁sends	11561
▁堕落	11562
▁次第	11563
イブラ	11564
崇拝	11565
▁Cain	11566
▁Self	11567
▁assistant	11568
▁cigarette	11569
▁errors	11570
▁idiot	11571
▁pilot	11572
▁reside	11573
工場	11574
甦	11575
▁12,13	11576
▁garbage	11577
▁grandfather	11578
▁結び	11579
らわ	11580
喋	11581
適用	11582
▁Doing	11583
▁brave	11584
▁objective	11585
▁passage	11586
▁striking	11587
▁tie	11588
▁ブ	11589
▁発作	11590
まる	11591
最悪	11592
br	11593
ians	11594
▁Force	11595
▁Government	11596
▁Remove	11597
▁experiencing	11598
▁observing	11599
▁rarely	11600
▁加える	11601
▁同僚	11602
▁明	11603
たれ	11604
48	11605
press	11606
▁editor	11607
▁endless	11608
▁shake	11609
▁thoroughly	11610
▁矛盾	11611
もね	11612
失礼	11613
▁beside	11614
▁package	11615
▁slip	11616
▁tag	11617
尿	11618
▁(2	11619
▁たび	11620
ゴン	11621
慎	11622
特に	11623
▁180	11624
▁Explain	11625
▁Hard	11626
▁capture	11627
▁guards	11628
▁heartfelt	11629
▁ゴ	11630
▁行なえ	11631
くあ	11632
社長	11633
赤ちゃん	11634
載	11635
read	11636
▁acquire	11637
▁cheese	11638
▁choosing	11639
▁musical	11640
▁shower	11641
▁アレックス	11642
▁当たる	11643
医療	11644
速く	11645
▁bath	11646
▁confirm	11647
▁シン	11648
▁死人	11649
▁驚か	11650
圧倒	11651
抱	11652
氷	11653
痛み	11654
,7	11655
aries	11656
▁607	11657
▁Wood	11658
▁jealous	11659
▁terrorist	11660
交換	11661
進化	11662
▁IP	11663
▁crap	11664
▁gaining	11665
▁prosperity	11666
▁イサク	11667
▁一員	11668
▁強国	11669
▁野菜	11670
一生	11671
料	11672
生きる	11673
通じ	11674
始まる	11675
容疑	11676
注目	11677
鉄	11678
ery	11679
▁com	11680
▁gray	11681
▁issued	11682
▁teenagers	11683
▁野獣	11684
▁降	11685
ail	11686
▁Baby	11687
▁devil	11688
▁email	11689
▁messenger	11690
▁rewarded	11691
▁おれ	11692
▁代理	11693
増え	11694
期限	11695
▁Smith	11696
▁effectively	11697
▁instructed	11698
▁theocratic	11699
▁traditions	11700
▁倣う	11701
▁取引	11702
スコ	11703
上がり	11704
時点	11705
cal	11706
coming	11707
▁Meanwhile	11708
▁Sub	11709
▁Thou	11710
▁grace	11711
▁poison	11712
▁おいで	11713
▁ボ	11714
▁中絶	11715
▁囲	11716
▁有し	11717
▁話し合	11718
▁Ireland	11719
▁addressed	11720
▁preserved	11721
▁respects	11722
▁shaped	11723
▁ウィリアム	11724
▁内面	11725
▁別れ	11726
であれ	11727
なあ	11728
単に	11729
捜し	11730
des	11731
uff	11732
▁1996	11733
▁awful	11734
▁scattered	11735
▁ビジネス	11736
▁場面	11737
▁火山	11738
荷	11739
TER	11740
▁Left	11741
▁Rick	11742
▁flu	11743
▁spare	11744
▁前途	11745
終え	11746
▁26:	11747
▁Easy	11748
▁beaten	11749
▁calendar	11750
▁conviction	11751
▁doubts	11752
▁sinned	11753
▁specified	11754
▁おも	11755
▁掃除	11756
▁探す	11757
ドー	11758
侵入	11759
更に	11760
詩	11761
▁GOD	11762
▁Notice	11763
▁burst	11764
▁nest	11765
▁plague	11766
▁shell	11767
▁増し	11768
▁理	11769
▁配	11770
▁高価	11771
持た	11772
被	11773
uh	11774
▁Exactly	11775
▁Ye	11776
▁Yep	11777
▁oldest	11778
▁openly	11779
▁おか	11780
▁児	11781
▁新しく	11782
機会	11783
▁Oliver	11784
▁Ti	11785
▁pace	11786
▁spell	11787
▁tries	11788
▁退	11789
▁退屈	11790
ヴ	11791
初	11792
感染	11793
▁Federal	11794
▁Monday	11795
▁trail	11796
ラス	11797
リーダー	11798
抜き	11799
pl	11800
▁Brown	11801
▁electrical	11802
▁pan	11803
▁website	11804
▁お話し	11805
▁衝突	11806
▁見分ける	11807
されること	11808
労働	11809
少	11810
ability	11811
ike	11812
▁Common	11813
▁Sweden	11814
▁recovery	11815
▁見出し	11816
▁赤い	11817
ほ	11818
リスク	11819
集団	11820
af	11821
▁AS	11822
▁adjust	11823
▁epidemic	11824
▁plate	11825
▁shirt	11826
▁wire	11827
▁太平洋	11828
▁穀物	11829
しっかり	11830
アイ	11831
▁12;	11832
▁Believe	11833
▁Marriage	11834
▁piano	11835
▁shine	11836
▁warnings	11837
深	11838
ition	11839
▁avoided	11840
▁explaining	11841
アウト	11842
信号	11843
城	11844
▁Lee	11845
▁Lieutenant	11846
▁Ray	11847
▁向かう	11848
の意見	11849
整	11850
興味深い	11851
選び	11852
ory	11853
▁25)	11854
▁リチャード	11855
▁乾燥	11856
▁就	11857
▁署名	11858
29	11859
▁Map	11860
▁Micah	11861
▁afflicted	11862
▁dependent	11863
▁seized	11864
▁ta	11865
▁取り除	11866
▁本文	11867
▁柔和	11868
▁注解	11869
▁補	11870
▁高度	11871
使える	11872
分布	11873
化する	11874
札	11875
ole	11876
▁Philip	11877
▁creates	11878
▁knock	11879
▁motor	11880
▁えぇ	11881
▁メイ	11882
▁防	11883
うん	11884
布	11885
軽	11886
rus	11887
▁Albert	11888
▁emperor	11889
▁miraculous	11890
▁rape	11891
▁モー	11892
▁図書	11893
▁従わ	11894
▁紛争	11895
づけ	11896
まあ	11897
驚く	11898
gg	11899
▁hunt	11900
▁全き	11901
▁気づく	11902
▁育	11903
▁転	11904
スパイ	11905
部隊	11906
▁Age	11907
▁Millions	11908
▁outlook	11909
▁racial	11910
▁交わる	11911
▁字	11912
▁支払い	11913
▁見倣う	11914
エンジン	11915
疑い	11916
▁Point	11917
▁electric	11918
▁stable	11919
▁落胆	11920
▁起こす	11921
満	11922
▁Scientists	11923
▁Ya	11924
▁achieved	11925
▁dozen	11926
▁planted	11927
▁resistance	11928
▁亡く	11929
クロ	11930
乏	11931
縦	11932
26	11933
proving	11934
sk	11935
tta	11936
▁2002	11937
▁ch	11938
▁monster	11939
▁po	11940
▁wealthy	11941
▁ヘ	11942
▁マク	11943
▁勝る	11944
▁基	11945
▁宿	11946
▁文明	11947
▁農	11948
おけ	11949
▁Babylonian	11950
▁WE	11951
▁bloody	11952
▁custody	11953
▁honesty	11954
▁前進	11955
ビス	11956
遺伝子	11957
▁145	11958
▁Islands	11959
▁URL	11960
▁bicycle	11961
▁reproach	11962
▁サー	11963
▁現象	11964
トル	11965
ドリ	11966
ヌー	11967
ants	11968
▁1968	11969
▁Prince	11970
▁index	11971
▁management	11972
▁organs	11973
▁profound	11974
▁yield	11975
▁老人	11976
メディア	11977
uring	11978
▁Halls	11979
▁noble	11980
▁palm	11981
▁pit	11982
▁presentation	11983
▁尽くし	11984
再生	11985
従い	11986
損	11987
▁Jonathan	11988
▁cow	11989
▁equally	11990
▁sites	11991
▁争い	11992
▁変わる	11993
▁存続	11994
イオ	11995
機関	11996
解析	11997
tel	11998
▁Jew	11999
▁Vol	12000
▁declaring	12001
▁extensive	12002
▁rejoicing	12003
▁ファン	12004
体験	12005
同意	12006
払い	12007
脚	12008
mate	12009
pen	12010
▁Night	12011
▁bathroom	12012
▁boring	12013
▁confusion	12014
▁cousin	12015
▁division	12016
▁duties	12017
▁formal	12018
▁similarly	12019
てこ	12020
故意	12021
能	12022
ski	12023
▁11;	12024
▁95	12025
▁Dutch	12026
▁cultural	12027
▁trapped	12028
▁ケン	12029
▁ハリー	12030
▁昆虫	12031
意見	12032
稼	12033
▁Messengers	12034
▁marijuana	12035
▁proves	12036
▁sale	12037
▁半数	12038
▁庭	12039
印刷	12040
▁Bi	12041
▁Ed	12042
▁lecture	12043
▁wheat	12044
▁泥	12045
▁獣	12046
▁試合	12047
しむ	12048
取れ	12049
▁セント	12050
ジャー	12051
超	12052
run	12053
▁17;	12054
▁Ser	12055
▁upstairs	12056
▁亡くなり	12057
▁負担	12058
因	12059
操	12060
99	12061
▁Andrew	12062
▁Jesse	12063
▁[1	12064
▁medium	12065
▁practically	12066
▁免疫	12067
▁残る	12068
doers	12069
▁absence	12070
▁cents	12071
▁contents	12072
▁declaration	12073
▁maintained	12074
▁profile	12075
▁traits	12076
▁やり方	12077
▁寒	12078
▁翌日	12079
公正	12080
比較	12081
wa	12082
▁32.	12083
▁CO	12084
▁Si	12085
▁bleeding	12086
▁nearest	12087
▁priority	12088
▁チェック	12089
▁信念	12090
わせ	12091
厳	12092
,10	12093
▁144,000	12094
▁192	12095
▁Money	12096
▁format	12097
▁marriages	12098
▁難民	12099
データベース	12100
生成	12101
fr	12102
▁arrange	12103
▁assure	12104
▁chastisement	12105
▁underground	12106
▁コード	12107
▁前もって	12108
ッカー	12109
挙	12110
TH	12111
▁Mind	12112
▁Qura	12113
▁compromise	12114
▁mobile	12115
▁pregnancy	12116
▁rewarding	12117
▁trans	12118
▁マン	12119
▁含	12120
なくなり	12121
投	12122
21	12123
CH	12124
MP	12125
Now	12126
▁Sounds	12127
▁destructive	12128
▁requested	12129
▁あたり	12130
▁チャーリー	12131
▁割礼	12132
▁走り	12133
▁造物	12134
つけろ	12135
ata	12136
ient	12137
▁Hospital	12138
▁enables	12139
▁truthful	12140
▁おいしい	12141
▁ビール	12142
▁ワールド	12143
おかしい	12144
ウェル	12145
オフィス	12146
コース	12147
幾	12148
警備	12149
▁Comp	12150
▁discussions	12151
▁exception	12152
▁punish	12153
▁zone	12154
▁沿	12155
▁脚	12156
▁集める	12157
サイン	12158
ony	12159
ville	12160
▁Chicago	12161
▁flash	12162
▁おかし	12163
▁さっ	12164
▁ブラック	12165
▁丸	12166
▁日付	12167
▁糖	12168
▁速	12169
aki	12170
▁Alan	12171
▁ceremony	12172
▁checking	12173
▁desirable	12174
▁partial	12175
▁winning	12176
▁家畜	12177
▁阻	12178
心霊	12179
行わ	12180
▁$2	12181
▁DVD	12182
▁Santa	12183
▁corn	12184
▁gentle	12185
▁hates	12186
▁とどま	12187
▁休暇	12188
▁国立	12189
▁安息	12190
▁帯	12191
▁材料	12192
ぇ	12193
数値	12194
bel	12195
ving	12196
▁bug	12197
▁ca	12198
▁mentally	12199
▁ob	12200
▁washed	12201
▁エンジン	12202
▁措置	12203
▁進み	12204
を開	12205
room	12206
▁15,16	12207
▁brotherhood	12208
▁沢山	12209
危機	12210
▁5]	12211
▁Prayer	12212
▁correctly	12213
▁吹き	12214
あちこち	12215
サイ	12216
進め	12217
has	12218
water	12219
▁Cho	12220
▁grid	12221
▁opinions	12222
▁paths	12223
▁phrase	12224
▁quote	12225
▁大好き	12226
▁工業	12227
▁成し遂げる	12228
▁衛星	12229
▁飛	12230
うわ	12231
ちま	12232
工	12233
義務	12234
▁sexually	12235
▁ジャン	12236
▁谷	12237
んでも	12238
国際	12239
気だ	12240
Are	12241
lex	12242
▁Jones	12243
▁Russell	12244
▁app	12245
▁approximately	12246
▁clergymen	12247
▁feared	12248
▁ショック	12249
▁最低	12250
▁著名	12251
椅子	12252
▁Gentile	12253
▁borrow	12254
▁insane	12255
▁reader	12256
▁プ	12257
▁交換	12258
▁満たし	12259
▁豊富	12260
▁陰	12261
Where	12262
ress	12263
▁Recently	12264
▁civilization	12265
▁instruments	12266
▁picking	12267
▁strict	12268
煙	12269
足り	12270
▁Sara	12271
▁System	12272
▁challenging	12273
▁employed	12274
▁heavily	12275
▁recover	12276
▁ホーム	12277
▁受け取り	12278
▁温度	12279
県	12280
ces	12281
turn	12282
▁63	12283
▁Corinth	12284
▁Honey	12285
▁exposure	12286
▁mouse	12287
▁protein	12288
▁rush	12289
▁ネット	12290
▁マリファナ	12291
▁判事	12292
▁週末	12293
若者	12294
魔術	12295
hu	12296
▁1935	12297
▁cream	12298
▁wh	12299
▁国境	12300
参照	12301
▁24;	12302
▁Nigeria	12303
▁cake	12304
▁experiments	12305
▁inspiring	12306
▁morality	12307
▁sixth	12308
▁来たる	12309
▁番号	12310
祝福	12311
育て	12312
400	12313
ford	12314
▁Jimmy	12315
▁opens	12316
▁vessel	12317
酸化	12318
▁Berlin	12319
▁Sadly	12320
▁Sal	12321
▁体内	12322
▁忙しく	12323
▁蛇	12324
両方	12325
事務	12326
向かう	12327
▁council	12328
▁pin	12329
▁safeguard	12330
▁weaknesses	12331
▁清め	12332
▁行状	12333
オレ	12334
写	12335
PD	12336
ks	12337
lib	12338
▁fund	12339
▁players	12340
▁touching	12341
▁以後	12342
▁振り返	12343
忘れる	12344
申し上げ	12345
49	12346
De	12347
▁68	12348
▁distinction	12349
▁gates	12350
▁憎む	12351
▁見舞	12352
sha	12353
▁1000	12354
▁Rock	12355
▁fake	12356
▁insist	12357
▁lacking	12358
▁marital	12359
▁きずな	12360
▁現金	12361
▁疾患	12362
▁複数	12363
▁27:	12364
▁Orthodox	12365
▁Passover	12366
▁accompanying	12367
▁virtue	12368
▁けど	12369
▁知らせる	12370
文書	12371
▁passion	12372
▁強さ	12373
▁Dean	12374
▁assault	12375
▁bi	12376
▁discern	12377
▁discernment	12378
▁federal	12379
▁honestly	12380
▁knees	12381
▁mix	12382
▁rebellious	12383
▁お年寄り	12384
▁ねぇ	12385
▁ナチ	12386
▁天的	12387
▁沿岸	12388
▁首尾	12389
史	12390
UT	12391
▁62	12392
▁centers	12393
▁sincerely	12394
▁カナン	12395
▁救援	12396
ええ	12397
ワー	12398
▁2005	12399
▁Du	12400
▁founded	12401
▁祭壇	12402
▁都	12403
ケーキ	12404
存	12405
相談	12406
章	12407
CIA	12408
ric	12409
▁10%	12410
▁Boy	12411
▁colored	12412
▁commandment	12413
▁fence	12414
▁institutions	12415
▁motivation	12416
▁u	12417
▁いっしょ	12418
食べ物	12419
ically	12420
▁Mass	12421
▁biological	12422
▁volunteers	12423
▁備える	12424
▁広大	12425
▁階段	12426
▁離れる	12427
付ける	12428
暴力	12429
爆	12430
ord	12431
▁7;	12432
▁collapse	12433
▁convey	12434
▁photograph	12435
▁sa	12436
▁scripture	12437
▁tragic	12438
▁マラキ	12439
▁給	12440
えて	12441
としての	12442
忙しい	12443
持つ	12444
ese	12445
▁13]	12446
▁hospitals	12447
▁lowly	12448
▁pot	12449
▁sy	12450
▁加わる	12451
▁築き上げる	12452
チュ	12453
奇妙	12454
ral	12455
▁League	12456
▁extension	12457
▁oppression	12458
▁pour	12459
▁スピード	12460
▁売春	12461
▁寿命	12462
▁祝	12463
▁荒野	12464
▁難い	12465
プロセス	12466
300	12467
She	12468
tan	12469
▁26)	12470
▁2;	12471
▁Congregation	12472
▁attracted	12473
▁tempted	12474
▁バル	12475
▁処女	12476
亡くな	12477
細	12478
▁mu	12479
▁productive	12480
▁袋	12481
▁飛び	12482
つつ	12483
ガキ	12484
勝手	12485
拡張	12486
近づ	12487
sure	12488
tz	12489
▁Angeles	12490
▁Study	12491
▁concert	12492
▁drama	12493
▁ぐらい	12494
▁ようやく	12495
替え	12496
玉	12497
▁governing	12498
▁olive	12499
▁properties	12500
▁おめでとう	12501
▁予測	12502
▁吸収	12503
▁建造	12504
安心	12505
起こす	12506
iness	12507
▁advertising	12508
▁ba	12509
▁complain	12510
▁delicious	12511
▁efficient	12512
▁ju	12513
▁observation	12514
▁prevented	12515
▁ネズミ	12516
▁暗い	12517
▁案内	12518
▁表わ	12519
考え方	12520
ace	12521
meter	12522
▁alright	12523
▁blast	12524
▁がたい	12525
▁加わり	12526
▁支える	12527
▁果た	12528
▁黒い	12529
んね	12530
キング	12531
デート	12532
態度	12533
曹	12534
湾	12535
ada	12536
lor	12537
see	12538
▁Forget	12539
▁Mars	12540
▁勝手	12541
▁忘れる	12542
▁細か	12543
▁自国	12544
回転	12545
歩く	12546
▁Might	12547
▁Seriously	12548
▁addiction	12549
▁perish	12550
▁ultimate	12551
▁全面	12552
▁海洋	12553
出身	12554
奥	12555
程度	12556
起こり	12557
Ch	12558
board	12559
▁crush	12560
▁detailed	12561
▁expectations	12562
▁solutions	12563
▁teenage	12564
▁かわいい	12565
▁排斥	12566
▁驚嘆	12567
労	12568
練	12569
UN	12570
rlock	12571
▁50%	12572
▁Unlike	12573
▁丘	12574
▁差別	12575
▁顕著	12576
▁飢きん	12577
なさ	12578
新た	12579
scription	12580
▁8,000	12581
▁Committee	12582
▁Cut	12583
▁Shaw	12584
▁VI	12585
▁piss	12586
▁prey	12587
▁reform	12588
▁walks	12589
きり	12590
ジミー	12591
チョ	12592
23	12593
▁1967	12594
▁快楽	12595
▁犯	12596
ジョ	12597
ダイア	12598
ルーム	12599
帽子	12600
礼	12601
pp	12602
was	12603
▁Drop	12604
▁beating	12605
▁ジャーナル	12606
ンス	12607
更新	12608
自己	12609
ala	12610
yn	12611
▁temper	12612
▁バランス	12613
▁引く	12614
ころ	12615
の理由	12616
▁130	12617
▁Ocean	12618
▁Steve	12619
▁Teach	12620
▁attempts	12621
▁countless	12622
▁ungodly	12623
▁デザイン	12624
▁時点	12625
▁空港	12626
▁通過	12627
▁頼み	12628
の選択	12629
制限	12630
▁24]	12631
▁cooperate	12632
▁idolatry	12633
▁romantic	12634
▁seemingly	12635
▁wing	12636
▁パラ	12637
▁投資	12638
▁接し	12639
▁経過	12640
▁見いださ	12641
▁運ぶ	12642
まさに	12643
面倒	12644
▁bore	12645
▁directions	12646
▁expense	12647
▁shield	12648
▁ジ	12649
▁作品	12650
▁処罰	12651
▁基準	12652
▁果たして	12653
カット	12654
スタ	12655
単位	12656
ev	12657
ix	12658
▁100,000	12659
▁Suddenly	12660
▁edition	12661
▁intellectual	12662
▁インタビュー	12663
▁捕まえ	12664
▁死刑	12665
▁開き	12666
お母さん	12667
まい	12668
タグ	12669
教える	12670
用い	12671
PS	12672
fully	12673
▁99	12674
▁Recall	12675
▁balls	12676
▁behave	12677
▁bell	12678
▁chart	12679
▁farmer	12680
▁naked	12681
▁seated	12682
▁テープ	12683
▁杯	12684
▁負債	12685
▁高齢	12686
それらの	12687
セント	12688
ンズ	12689
共通	12690
製品	12691
cus	12692
▁Message	12693
▁Worship	12694
▁import	12695
▁limitations	12696
▁physician	12697
▁realistic	12698
▁threatening	12699
▁怖い	12700
▁植	12701
▁資産	12702
テル	12703
正義	12704
死亡	12705
ura	12706
▁Order	12707
▁ka	12708
▁バクテリア	12709
▁伴い	12710
▁味わ	12711
▁孫	12712
▁接続	12713
▁針	12714
コンピューター	12715
ズボン	12716
壊れ	12717
読み込	12718
AD	12719
human	12720
▁29,	12721
▁Evidently	12722
▁carries	12723
▁depending	12724
▁farther	12725
▁上り	12726
▁示せ	12727
▁赤ん坊	12728
いただき	12729
夕食	12730
app	12731
ties	12732
▁baseball	12733
▁bedroom	12734
▁frequent	12735
▁holes	12736
▁spirituality	12737
▁techniques	12738
▁動作	12739
▁痛	12740
▁辛抱強く	12741
▁迷信	12742
▁追い求める	12743
キャン	12744
ダンス	12745
活	12746
▁appetite	12747
▁distinguish	12748
▁imperfection	12749
▁mates	12750
▁遂	12751
ニューヨーク	12752
新聞	12753
茶	12754
衣	12755
補助	12756
▁1987	12757
▁HOW	12758
▁Ryan	12759
▁Toronto	12760
▁artificial	12761
▁discouraged	12762
▁lungs	12763
▁ridiculous	12764
▁surgeon	12765
▁清潔	12766
資産	12767
color	12768
uch	12769
▁Enough	12770
▁Zion	12771
▁cancel	12772
▁hello	12773
▁li	12774
▁patiently	12775
▁prejudice	12776
▁バチカン	12777
▁法則	12778
▁飛ぶ	12779
回し	12780
堅	12781
復	12782
金持ち	12783
je	12784
▁27,	12785
▁Promised	12786
▁budget	12787
▁mi	12788
▁purchase	12789
▁形態	12790
▁望ましい	12791
▁盛	12792
ウィン	12793
ンジョ	12794
file	12795
▁103	12796
▁cm	12797
▁compassionate	12798
▁crossed	12799
▁genes	12800
▁laughing	12801
▁maximum	12802
▁コー	12803
▁ゼカリヤ	12804
▁ファラオ	12805
▁予言	12806
▁位	12807
▁忠告	12808
こっ	12809
下る	12810
十分に	12811
増加	12812
始	12813
密接	12814
廃棄	12815
応じ	12816
76	12817
▁Abel	12818
▁Place	12819
▁brains	12820
▁tone	12821
▁treating	12822
▁トリ	12823
▁担当	12824
▁振り	12825
▁運ば	12826
ヌス	12827
佐	12828
名の	12829
老	12830
,17	12831
gan	12832
ken	12833
ww	12834
▁Gi	12835
▁Holmes	12836
▁classroom	12837
▁selection	12838
▁warrant	12839
▁アンナ	12840
▁ジョ	12841
▁トンネル	12842
▁課	12843
アリ	12844
ース	12845
区	12846
恐れる	12847
▁Speaking	12848
▁proclaim	12849
▁旧	12850
さら	12851
内部	12852
撃つ	12853
2,	12854
MS	12855
▁Harold	12856
▁Louis	12857
▁Su	12858
▁crop	12859
▁encourages	12860
▁sang	12861
▁sheet	12862
▁strategy	12863
▁western	12864
▁〔	12865
▁操	12866
ルー	12867
創り	12868
服従	12869
誓い	12870
配列	12871
関連	12872
▁1994	12873
▁bike	12874
▁kills	12875
▁magnificent	12876
▁questioned	12877
▁supporting	12878
▁休	12879
▁苦しむ	12880
▁面倒	12881
ケット	12882
具	12883
▁Texas	12884
▁expectation	12885
▁filter	12886
▁helper	12887
▁refreshing	12888
▁screw	12889
▁流し	12890
とけ	12891
不足	12892
休憩	12893
国家	12894
指導	12895
本物	12896
▁57	12897
▁Concerning	12898
▁Samaritan	12899
▁disappointment	12900
▁kg	12901
▁pioneering	12902
▁vary	12903
▁うわ	12904
▁結ぶ	12905
▁表示	12906
する必要がある	12907
イメージ	12908
ッター	12909
党	12910
ara	12911
▁bullshit	12912
▁cave	12913
▁cigarettes	12914
▁forgiving	12915
▁independence	12916
▁regarded	12917
▁いただく	12918
▁イヤ	12919
▁兆	12920
▁慣行	12921
▁持てる	12922
▁表紙	12923
▁誘拐	12924
どおり	12925
列車	12926
案内	12927
誇り	12928
even	12929
▁Jan	12930
▁Kind	12931
▁crowds	12932
▁mat	12933
▁それどころか	12934
▁もろ	12935
▁当てはめ	12936
▁沈	12937
▁現われる	12938
まれる	12939
修正	12940
初期	12941
匂い	12942
欧	12943
残る	12944
95	12945
ular	12946
×	12947
▁Stark	12948
▁notion	12949
▁percentage	12950
▁tri	12951
▁ugly	12952
▁住宅	12953
▁作成	12954
▁象	12955
▁資源	12956
ハウス	12957
仮定	12958
庭	12959
í	12960
▁Gentiles	12961
▁constructed	12962
▁profession	12963
▁races	12964
▁うる	12965
▁スーパー	12966
▁早い	12967
スク	12968
モノ	12969
着く	12970
ria	12971
▁Previously	12972
▁Sch	12973
▁captured	12974
▁panic	12975
▁じっ	12976
▁つなが	12977
▁抑制	12978
そういう	12979
▁Booth	12980
▁folk	12981
▁guides	12982
▁housing	12983
▁upbuilding	12984
▁vehicles	12985
▁巻き込	12986
▁築	12987
▁載	12988
低い	12989
恋	12990
才能	12991
ր	12992
▁17,18	12993
▁6]	12994
▁Judea	12995
▁Lisbon	12996
▁Text	12997
▁digital	12998
▁emphasis	12999
▁installed	13000
▁senior	13001
▁washing	13002
▁クロ	13003
▁拘	13004
▁汝ら	13005
▁美しく	13006
▁需要	13007
ウェイ	13008
表す	13009
領	13010
ink	13011
▁Divine	13012
▁Ste	13013
▁regions	13014
▁representative	13015
▁wooden	13016
▁たつ	13017
▁報	13018
▁指定	13019
▁由来	13020
▁陛下	13021
ぼう	13022
チェ	13023
ホーム	13024
不安	13025
詰め	13026
配置	13027
dia	13028
▁Finch	13029
▁concrete	13030
▁imprisoned	13031
▁leadership	13032
▁males	13033
▁nerve	13034
▁throwing	13035
▁weigh	13036
▁アッシリア	13037
▁交	13038
▁占	13039
▁書き記	13040
そば	13041
だらけ	13042
ステ	13043
優先	13044
暗号	13045
納	13046
苦労	13047
調べる	13048
▁Francisco	13049
▁expressing	13050
▁gross	13051
▁performing	13052
▁vice	13053
▁和	13054
まとめ	13055
スタイル	13056
ッタ	13057
プリ	13058
ボン	13059
叫	13060
5,000	13061
65	13062
▁30,	13063
▁Jean	13064
▁チャ	13065
▁ネヘミヤ	13066
▁区別	13067
▁聖職	13068
▁訴える	13069
どっ	13070
ウム	13071
マイ	13072
満ち	13073
,0	13074
,8	13075
AP	13076
LA	13077
▁Morning	13078
▁bastard	13079
▁customer	13080
▁eternity	13081
▁intend	13082
▁offices	13083
▁ボート	13084
▁八	13085
▁去	13086
▁指針	13087
具合	13088
欲	13089
PA	13090
▁Convention	13091
▁amazed	13092
▁interpretation	13093
▁judicial	13094
▁kingdoms	13095
▁raw	13096
▁リン	13097
▁励ま	13098
クラ	13099
ゲン	13100
デス	13101
尻	13102
建て	13103
聞かせ	13104
道路	13105
ake	13106
ogle	13107
▁Justice	13108
▁gap	13109
▁intimate	13110
▁motives	13111
▁repentant	13112
▁revelation	13113
▁settings	13114
▁ボク	13115
▁歩き	13116
フォ	13117
構成	13118
誤	13119
rick	13120
▁Draw	13121
▁Scott	13122
▁favorable	13123
▁http	13124
▁peer	13125
▁steam	13126
▁uniform	13127
▁ビタミン	13128
▁商品	13129
を認め	13130
グラム	13131
ラム	13132
レク	13133
対処	13134
01	13135
ify	13136
▁Ancient	13137
▁detective	13138
▁offense	13139
▁slept	13140
▁structures	13141
▁transportation	13142
▁検索	13143
▁粉	13144
▁蓄え	13145
作用	13146
刻	13147
難し	13148
▁Director	13149
▁Found	13150
▁Music	13151
▁Switzerland	13152
▁banned	13153
▁draws	13154
▁マイ	13155
▁寝る	13156
ざ	13157
スクリプト	13158
慎重	13159
away	13160
▁1999	13161
▁bombs	13162
▁fancy	13163
▁lest	13164
▁かわい	13165
▁ギ	13166
▁体験	13167
▁吸	13168
▁問い	13169
▁過ち	13170
場で	13171
77	13172
non	13173
▁9,10)	13174
▁Commander	13175
▁Pe	13176
▁fuckin	13177
▁unlike	13178
▁useless	13179
▁ボール	13180
aku	13181
ulation	13182
▁Ga	13183
▁Gar	13184
▁courageous	13185
▁delightful	13186
▁falsehood	13187
▁galaxies	13188
▁影	13189
ごろ	13190
殿	13191
繋が	13192
OK	13193
▁estate	13194
▁newspapers	13195
▁possibilities	13196
▁signals	13197
▁su	13198
▁えー	13199
▁オリーブ	13200
▁敬	13201
▁著述	13202
▁頼り	13203
クション	13204
記号	13205
85	13206
Come	13207
ators	13208
▁proclaimed	13209
▁satellite	13210
▁trusting	13211
と同	13212
メンバー	13213
対象	13214
識	13215
67	13216
SA	13217
▁aggressive	13218
▁continually	13219
▁rat	13220
▁spoil	13221
▁substitute	13222
▁wage	13223
▁賢く	13224
盤	13225
▁dates	13226
▁わきまえ	13227
▁ニューズ	13228
▁バック	13229
▁優しく	13230
▁抱える	13231
▁逃れる	13232
got	13233
▁Absolutely	13234
▁Eph	13235
▁asshole	13236
▁ignorance	13237
▁mob	13238
▁pa	13239
▁penalty	13240
▁preparation	13241
▁resident	13242
▁steady	13243
▁virgin	13244
▁交わ	13245
▁司	13246
▁吟味	13247
▁年老い	13248
▁当てはまる	13249
▁遣わ	13250
まるで	13251
フィンチ	13252
報い	13253
泊	13254
通信	13255
避難	13256
▁Table	13257
▁ancestors	13258
▁dispute	13259
▁frustration	13260
▁reverse	13261
▁riding	13262
▁strengthening	13263
▁立証	13264
ムハン	13265
加減	13266
戻れ	13267
▁1965	13268
▁Claire	13269
▁fro	13270
▁hurts	13271
▁illustrations	13272
▁pointing	13273
▁stops	13274
▁testify	13275
▁viewing	13276
▁vulnerable	13277
▁住所	13278
▁分別	13279
▁快く	13280
▁成人	13281
▁難	13282
ブック	13283
守護	13284
▁2010	13285
▁Martha	13286
▁avail	13287
▁conversations	13288
▁shares	13289
▁ほっ	13290
▁よろしく	13291
▁乗客	13292
▁返し	13293
いたい	13294
に適	13295
アス	13296
戻す	13297
糸	13298
van	13299
ի	13300
▁continent	13301
▁jungle	13302
▁recompense	13303
▁喜ぶ	13304
▁多少	13305
▁泣	13306
ポンド	13307
法律	13308
課題	13309
道具	13310
魅力	13311
▁chocolate	13312
▁crushed	13313
▁embrace	13314
▁stores	13315
▁うわさ	13316
▁会場	13317
引く	13318
OS	13319
bil	13320
nu	13321
▁Religious	13322
▁Several	13323
▁bro	13324
▁football	13325
▁hook	13326
▁あずか	13327
▁エラー	13328
▁翌	13329
▁辛抱強さ	13330
▁頑張	13331
うる	13332
カウント	13333
ソー	13334
包	13335
5%	13336
▁Blue	13337
▁Dud	13338
▁Judgment	13339
▁Pull	13340
▁bags	13341
▁cloth	13342
▁privacy	13343
▁対策	13344
▁引っ越し	13345
▁珍し	13346
乗る	13347
意志	13348
発表	13349
▁27)	13350
▁hospitality	13351
▁subjected	13352
▁追放	13353
吸	13354
岸	13355
赦	13356
gle	13357
▁2009	13358
▁31)	13359
▁pound	13360
▁seats	13361
▁threats	13362
▁ブラ	13363
▁作物	13364
▁半ば	13365
▁受け継	13366
▁待ち望	13367
張	13368
柄	13369
ola	13370
▁1950	13371
▁97	13372
▁Indians	13373
▁fantastic	13374
▁hire	13375
▁juice	13376
▁stressed	13377
▁べ	13378
▁マックス	13379
▁布	13380
▁職員	13381
▁記者	13382
いろいろ	13383
一部	13384
出会	13385
決める	13386
菌	13387
調子	13388
▁73	13389
▁Creation	13390
▁Lucy	13391
▁deck	13392
▁glorify	13393
▁nuts	13394
▁tank	13395
▁~	13396
▁キャロル	13397
▁チャンス	13398
▁兵	13399
▁凶	13400
▁挙げる	13401
なか	13402
鏡	13403
▁104	13404
▁expose	13405
▁passes	13406
▁score	13407
▁sport	13408
▁stations	13409
▁嘆き	13410
▁欠陥	13411
サル	13412
リース	13413
医師	13414
殴	13415
ache	13416
▁ON	13417
▁Play	13418
▁bills	13419
▁conform	13420
▁lifted	13421
▁mask	13422
▁torn	13423
▁trunk	13424
▁wounds	13425
▁そのうえ	13426
▁回転	13427
▁本来	13428
▁追い求め	13429
午後	13430
周	13431
▁28;	13432
▁900	13433
▁Cal	13434
▁Shh	13435
▁Top	13436
▁corresponding	13437
▁obstacles	13438
▁焦点	13439
▁特性	13440
▁進行	13441
イベント	13442
ラックス	13443
低	13444
兵器	13445
冗談	13446
招待	13447
DNA	13448
iko	13449
▁AWAKE	13450
▁Mi	13451
▁packed	13452
▁unrighteous	13453
▁とらえ	13454
▁上回る	13455
▁後半	13456
▁顧み	13457
コー	13458
割り	13459
都合	13460
mark	13461
thon	13462
▁Alexander	13463
▁Hannah	13464
▁destroying	13465
▁fraction	13466
▁protective	13467
▁典型	13468
▁博物	13469
▁微	13470
▁矯正	13471
▁見捨て	13472
事業	13473
▁Bur	13474
▁ratio	13475
▁ultimately	13476
▁カイン	13477
▁交友	13478
▁戸口	13479
▁曲	13480
▁治める	13481
▁燃える	13482
▁雰囲気	13483
けれど	13484
▁85	13485
▁acquired	13486
▁awe	13487
▁keen	13488
▁links	13489
▁murderer	13490
▁以内	13491
▁勧める	13492
くせ	13493
スペース	13494
丸	13495
完成	13496
part	13497
▁drivers	13498
▁ethnic	13499
▁imagined	13500
▁jumped	13501
▁treasures	13502
▁もらえ	13503
▁ネットワーク	13504
▁真っ	13505
▁誠	13506
予想	13507
大型	13508
籍	13509
▁Communist	13510
▁confess	13511
▁covers	13512
▁expansion	13513
▁meek	13514
▁obeying	13515
▁rural	13516
▁出身	13517
▁苦悩	13518
屈	13519
暗く	13520
災	13521
▁dish	13522
▁engaging	13523
▁formation	13524
▁greedy	13525
▁jet	13526
▁matches	13527
▁neutral	13528
▁phones	13529
▁pulling	13530
▁ranks	13531
▁translate	13532
▁アラン	13533
▁イザ	13534
▁毎月	13535
▁説教	13536
▁階級	13537
もらえる	13538
了	13539
国語	13540
留意	13541
rr	13542
ude	13543
▁Consequently	13544
▁Nathan	13545
▁alongside	13546
▁counting	13547
▁rewards	13548
オフ	13549
コスト	13550
泥	13551
▁Mis	13552
▁aunt	13553
▁ゆ	13554
▁韓国	13555
結構	13556
wise	13557
▁Arthur	13558
▁Perfect	13559
▁Usually	13560
▁commitment	13561
▁happier	13562
▁humbly	13563
▁menu	13564
▁planets	13565
▁アパート	13566
▁出血	13567
フル	13568
別れ	13569
明白	13570
羽	13571
▁Care	13572
▁Either	13573
▁Thousands	13574
▁resolved	13575
▁好む	13576
▁類似	13577
偏	13578
同士	13579
衛	13580
質問を	13581
ami	13582
▁1;	13583
▁Ooh	13584
▁injuries	13585
▁overwhelming	13586
▁prospects	13587
▁storage	13588
▁値段	13589
▁抑え	13590
ローマ	13591
味方	13592
IM	13593
ls	13594
▁Shepherd	13595
▁聴く	13596
▁飲み物	13597
ガール	13598
姉	13599
ind	13600
▁Future	13601
▁Pretty	13602
▁counted	13603
▁pretend	13604
▁youngsters	13605
▁フリー	13606
▁糸	13607
インスト	13608
デー	13609
概念	13610
Don	13611
OL	13612
ith	13613
▁Elizabeth	13614
▁Galilee	13615
▁decree	13616
▁み手	13617
▁唱える	13618
▁湾	13619
▁覚える	13620
▁都合	13621
ピア	13622
液	13623
知れない	13624
自殺	13625
超え	13626
ash	13627
py	13628
▁hung	13629
▁minimum	13630
▁payment	13631
▁punished	13632
▁thereof	13633
▁tracks	13634
▁まとめ	13635
▁依頼	13636
▁係	13637
▁周辺	13638
▁気遣	13639
▁注	13640
困	13641
翻訳	13642
革命	13643
0)	13644
An	13645
ik	13646
▁160	13647
▁Avoid	13648
▁Learning	13649
▁Moscow	13650
▁conducting	13651
▁lean	13652
▁logical	13653
▁scheme	13654
▁コロンビア	13655
▁再生	13656
▁議会	13657
▁魔術	13658
ってお	13659
ゼル	13660
分野	13661
妙	13662
特徴	13663
hal	13664
▁18,19	13665
▁consumption	13666
▁seal	13667
▁介入	13668
▁既	13669
を含む	13670
ローン	13671
艦	13672
she	13673
▁Malawi	13674
▁Ru	13675
▁cor	13676
▁ir	13677
▁measured	13678
▁切手	13679
▁外部	13680
▁弱さ	13681
▁放送	13682
▁航海	13683
商品	13684
複数	13685
誘拐	13686
cul	13687
fun	13688
real	13689
▁Encyclopædia	13690
▁Ephesus	13691
▁Sister	13692
▁assumed	13693
▁mar	13694
▁toxic	13695
▁ごみ	13696
▁慎み	13697
▁異議	13698
そり	13699
たび	13700
勝ち	13701
抱え	13702
炉	13703
確保	13704
谷	13705
vis	13706
▁Britannica	13707
▁SAW	13708
▁dirt	13709
▁expenses	13710
▁scan	13711
▁surviving	13712
▁倣	13713
▁登	13714
▁討議	13715
スターク	13716
切る	13717
96	13718
gar	13719
▁composed	13720
▁minded	13721
▁pleasures	13722
▁teen	13723
▁volunteer	13724
▁お気	13725
▁よか	13726
▁外見	13727
▁射	13728
▁循環	13729
▁禁令	13730
る必要がある	13731
消費	13732
燃料	13733
Good	13734
▁dump	13735
▁para	13736
▁バラ	13737
▁慣れ	13738
▁遭う	13739
▁闘う	13740
ステップ	13741
増	13742
調整	13743
1)	13744
pu	13745
▁Min	13746
▁Public	13747
▁boxes	13748
▁disturbed	13749
▁intention	13750
▁morally	13751
▁printer	13752
▁slide	13753
謙虚	13754
3%	13755
ox	13756
▁Roger	13757
▁concentrate	13758
▁par	13759
▁parameter	13760
▁けが	13761
▁落とし	13762
劇的	13763
望ま	13764
about	13765
▁2,500	13766
▁Dave	13767
▁Jason	13768
▁mortal	13769
▁pig	13770
▁reflects	13771
▁strings	13772
▁タクシー	13773
▁テキスト	13774
▁低く	13775
▁促し	13776
▁減	13777
▁着ける	13778
▁罪深い	13779
保証	13780
販売	13781
ily	13782
tron	13783
▁Choose	13784
▁Courtesy	13785
▁Die	13786
▁Python	13787
▁di	13788
▁spouse	13789
▁強化	13790
我慢	13791
知らず	13792
qua	13793
▁Congratulations	13794
▁educated	13795
▁ok	13796
▁テーマ	13797
▁住まい	13798
▁宗派	13799
▁清く	13800
受け取	13801
履	13802
扱う	13803
unt	13804
▁Atlantic	13805
▁Philippines	13806
▁Pilate	13807
▁Sc	13808
▁convert	13809
▁engineering	13810
▁fails	13811
▁garments	13812
▁happily	13813
▁jealousy	13814
▁striving	13815
▁te	13816
▁teams	13817
▁worshippers	13818
いくら	13819
やがて	13820
マル	13821
他人	13822
属する	13823
恐ろしい	13824
気付	13825
錠	13826
gent	13827
▁Doc	13828
▁Guess	13829
▁HAVE	13830
▁Mommy	13831
▁Netherlands	13832
▁Shi	13833
▁Wisdom	13834
▁attorney	13835
▁consult	13836
▁disasters	13837
▁liver	13838
▁surrender	13839
▁フェ	13840
▁ボブ	13841
▁伝達	13842
▁味わう	13843
光る	13844
託	13845
/2	13846
▁15;	13847
▁16]	13848
▁enclose	13849
▁judged	13850
▁lend	13851
▁palace	13852
▁努める	13853
▁執筆	13854
▁捨てる	13855
▁辛抱	13856
▁返	13857
▁適当	13858
gin	13859
ö	13860
▁believer	13861
▁cleared	13862
▁emotion	13863
▁molecules	13864
▁pushing	13865
▁teenager	13866
▁wages	13867
▁yo	13868
▁ガソリン	13869
▁ヴィ	13870
▁上っ	13871
▁笑い	13872
▁花嫁	13873
セックス	13874
プレート	13875
ユース	13876
乗せ	13877
電気	13878
ore	13879
▁Muslims	13880
▁assures	13881
▁inflation	13882
▁jacket	13883
▁stairs	13884
▁thorough	13885
▁ゆか	13886
▁アテネ	13887
▁神話	13888
▁背中	13889
人口	13890
公開	13891
家庭	13892
導く	13893
騒ぎ	13894
cer	13895
▁Gold	13896
▁altogether	13897
▁beasts	13898
▁connections	13899
▁contribution	13900
▁cultures	13901
▁°	13902
▁それゆえに	13903
▁べく	13904
▁論理	13905
▁迎える	13906
ご覧	13907
怪	13908
杯	13909
潰	13910
短	13911
評	13912
説得	13913
▁Northern	13914
▁Ph	13915
▁Zechariah	13916
▁bishops	13917
▁deserves	13918
▁exercises	13919
▁museum	13920
▁precisely	13921
▁キャンプ	13922
▁ケイ	13923
▁ハワイ	13924
▁動揺	13925
▁輸送	13926
不思議	13927
埋め	13928
演奏	13929
鳴	13930
nic	13931
▁befall	13932
▁charity	13933
▁devastating	13934
▁investment	13935
▁midnight	13936
▁opposers	13937
▁priesthood	13938
▁variables	13939
▁ラッセル	13940
▁休み	13941
しながら	13942
らしく	13943
伝	13944
覆	13945
56	13946
ball	13947
hen	13948
ough	13949
path	13950
▁Aren	13951
▁disobedience	13952
▁electronic	13953
▁harbor	13954
▁oppose	13955
▁owned	13956
▁recreation	13957
▁woke	13958
▁テ	13959
▁仏教	13960
▁平気	13961
▁情	13962
▁有用	13963
▁終了	13964
▁食い	13965
▁黄色	13966
ぉ	13967
ワイン	13968
柱	13969
発明	13970
av	13971
▁Baptist	13972
▁Enjoy	13973
▁Language	13974
▁benefited	13975
▁caution	13976
▁centered	13977
▁consequence	13978
▁consistent	13979
▁curiosity	13980
▁fifteen	13981
▁handled	13982
▁shy	13983
▁tidings	13984
▁おっと	13985
▁バリー	13986
▁容疑	13987
▁郵便	13988
刺	13989
粒子	13990
越し	13991
▁Vi	13992
▁approaches	13993
▁directory	13994
▁estimates	13995
▁formerly	13996
▁governor	13997
▁tension	13998
▁おやすみ	13999
テキサス	14000
小さく	14001
気づき	14002
臭い	14003
苦	14004
600	14005
▁Chronicles	14006
▁Heights	14007
▁Persian	14008
▁Valley	14009
▁Wi	14010
▁Za	14011
▁aging	14012
▁fluid	14013
▁pornography	14014
▁辞典	14015
』"	14016
ゴール	14017
シャー	14018
大人	14019
径	14020
逃げる	14021
ook	14022
tar	14023
▁lately	14024
▁phase	14025
▁poet	14026
▁urges	14027
▁yen	14028
▁余分	14029
▁富む	14030
▁過ぎ越し	14031
▁駅	14032
プラ	14033
弱い	14034
選手	14035
ency	14036
▁Pat	14037
▁receives	14038
▁vegetation	14039
▁傾ける	14040
▁高める	14041
つい	14042
タウン	14043
折	14044
藤	14045
iki	14046
ute	14047
▁33)	14048
▁Lazarus	14049
▁WAS	14050
▁expelled	14051
▁hopefully	14052
▁whatsoever	14053
▁すぐれ	14054
▁追跡	14055
▁頻	14056
一瞬	14057
思い起	14058
立証	14059
観察	14060
68	14061
code	14062
▁District	14063
▁Full	14064
▁Murphy	14065
▁delivery	14066
▁organ	14067
▁そうして	14068
▁児童	14069
▁胃	14070
▁運び	14071
ロシア	14072
数え	14073
現象	14074
芸術	14075
警部	14076
Awake	14077
bra	14078
rid	14079
▁28,29	14080
▁Ju	14081
▁Nebuchadnezzar	14082
▁Port	14083
▁Whom	14084
▁avoiding	14085
▁blown	14086
▁severely	14087
▁stem	14088
▁エド	14089
▁対立	14090
▁小さく	14091
▁役立	14092
▁歓び	14093
大いなる	14094
帰依	14095
did	14096
▁Honor	14097
▁THIS	14098
▁aircraft	14099
▁criticism	14100
▁facility	14101
▁grammar	14102
▁owners	14103
▁unhappy	14104
▁小麦	14105
▁猫	14106
得意	14107
探	14108
決ま	14109
見な	14110
▁20,21	14111
▁bold	14112
▁exit	14113
▁genius	14114
▁precise	14115
▁トニー	14116
▁取り入れる	14117
ボート	14118
呼吸	14119
届	14120
着き	14121
▁Esther	14122
▁fond	14123
▁gear	14124
▁gr	14125
▁immortality	14126
▁lung	14127
▁sink	14128
あっ	14129
あまりに	14130
行ける	14131
▁Unto	14132
▁pardon	14133
▁transformed	14134
▁ヒンズー	14135
▁各自	14136
ボード	14137
強力	14138
98	14139
▁Edit	14140
▁Sin	14141
▁copper	14142
▁goats	14143
どうも	14144
手は	14145
腐	14146
,12	14147
berg	14148
iah	14149
then	14150
wi	14151
▁Ac	14152
▁Lock	14153
▁Susan	14154
▁consciousness	14155
▁corrected	14156
▁oath	14157
▁reportedly	14158
▁あいさつ	14159
▁上げる	14160
▁乗せ	14161
▁島々	14162
▁祖母	14163
▁終わらせ	14164
ソース	14165
会える	14166
住所	14167
供給	14168
容易	14169
az	14170
have	14171
ologist	14172
shi	14173
▁Stephen	14174
▁healed	14175
▁pi	14176
▁predicted	14177
▁subtle	14178
▁technical	14179
▁使え	14180
▁生ずる	14181
女王	14182
▁Athens	14183
▁Bri	14184
▁Library	14185
▁leaf	14186
▁shocked	14187
▁tasks	14188
▁そろそろ	14189
▁つながり	14190
▁なんとか	14191
▁大声	14192
平方	14193
見せる	14194
▁3,4)	14195
▁Bro	14196
▁Uncle	14197
▁arrives	14198
▁dragon	14199
▁physics	14200
▁willingness	14201
▁ご主人	14202
▁幼	14203
偽り	14204
免	14205
勝つ	14206
→	14207
▁Count	14208
▁Group	14209
▁Image	14210
▁Pan	14211
▁answering	14212
▁drag	14213
▁eastern	14214
▁homosexual	14215
▁perceive	14216
▁reactions	14217
▁requirement	14218
▁residence	14219
▁surveillance	14220
▁transmitted	14221
▁worn	14222
わし	14223
ニック	14224
喚	14225
拡大	14226
涙	14227
lim	14228
lot	14229
▁1914,	14230
▁urban	14231
▁ペット	14232
▁告げる	14233
▁操作	14234
▁耐える	14235
ストン	14236
バーグ	14237
背く	14238
2001	14239
TS	14240
dal	14241
▁Against	14242
▁Ann	14243
▁Suppose	14244
▁Taking	14245
▁advantages	14246
▁communications	14247
▁demanded	14248
▁excitement	14249
▁privileged	14250
▁いちばん	14251
▁ルート	14252
▁ワイン	14253
▁服し	14254
▁温か	14255
がかれ	14256
何者	14257
平安	14258
猶	14259
33	14260
ching	14261
rk	14262
▁App	14263
▁Dictionary	14264
▁Kara	14265
▁occupied	14266
▁unseen	14267
▁入院	14268
▁小冊子	14269
▁思い出	14270
▁恥	14271
それなのに	14272
シート	14273
パティ	14274
愚か	14275
有能	14276
ew	14277
ı	14278
▁1946	14279
▁Heaven	14280
▁attempted	14281
▁blew	14282
▁disgusting	14283
▁doctrines	14284
▁knocked	14285
▁lovingly	14286
▁司法	14287
▁歌う	14288
▁触	14289
う者	14290
迷惑	14291
,14	14292
PP	14293
ich	14294
pt	14295
▁1941	14296
▁HTML	14297
▁Poland	14298
▁asset	14299
▁dishes	14300
▁scare	14301
▁単位	14302
ジャック	14303
ジョー	14304
議会	14305
▁elevator	14306
▁orange	14307
▁オリバ	14308
▁実例	14309
▁腐	14310
▁越え	14311
▁駆	14312
苦し	14313
cept	14314
ros	14315
▁Danny	14316
▁Gr	14317
▁ME	14318
▁Sweet	14319
▁flip	14320
▁understands	14321
▁ライ	14322
▁中東	14323
▁倫理	14324
▁同誌	14325
▁器官	14326
▁洗	14327
▁減らす	14328
▁渡し	14329
トー	14330
合計	14331
待	14332
戻ら	14333
滅ぼ	14334
興奮	14335
誦	14336
,15	14337
▁Op	14338
▁Settings	14339
▁Sign	14340
▁adapt	14341
▁needy	14342
▁theories	14343
▁vengeance	14344
▁フォル	14345
▁内側	14346
▁学ば	14347
▁成績	14348
▁題	14349
アプリケーション	14350
ギー	14351
広げ	14352
第一	14353
署名	14354
ati	14355
eung	14356
ister	14357
▁21]	14358
▁furniture	14359
▁pains	14360
▁possessed	14361
▁おそれ	14362
▁ブロ	14363
▁ペン	14364
▁貸し	14365
▁鉄道	14366
しゃ	14367
ようこそ	14368
老齢	14369
,11	14370
bye	14371
just	14372
▁Congress	14373
▁Guard	14374
▁Reading	14375
▁grip	14376
▁interfere	14377
▁meditate	14378
▁ごらん	14379
▁すみ	14380
▁植え	14381
っぽ	14382
テーマ	14383
握	14384
him	14385
▁Small	14386
▁Whose	14387
▁colleagues	14388
▁slaughter	14389
▁人権	14390
▁寛容	14391
▁流刑	14392
▁給料	14393
ィ	14394
奉	14395
抜く	14396
bor	14397
▁($	14398
▁chronic	14399
▁conceal	14400
▁parking	14401
▁太	14402
▁尊厳	14403
▁広める	14404
▁情勢	14405
▁無い	14406
▁話題	14407
そのまま	14408
ノン	14409
信心	14410
推測	14411
count	14412
how	14413
nes	14414
try	14415
▁Coming	14416
▁Main	14417
▁developments	14418
▁forefathers	14419
▁incredibly	14420
▁シリア	14421
▁埋葬	14422
▁工事	14423
▁盲目	14424
▁見張	14425
ニュー	14426
刊	14427
tri	14428
▁29)	14429
▁characteristics	14430
▁tennis	14431
▁tenth	14432
▁ねたみ	14433
▁ナイフ	14434
▁ロト	14435
▁株	14436
▁欠如	14437
▁読ま	14438
まじめ	14439
フィー	14440
レイヤー	14441
塔	14442
止ま	14443
発展	14444
英文	14445
集ま	14446
dic	14447
serv	14448
your	14449
▁Half	14450
▁applications	14451
▁dynamic	14452
▁flies	14453
▁hills	14454
▁pie	14455
▁pink	14456
▁recovered	14457
▁restoration	14458
▁snake	14459
▁そし	14460
▁定める	14461
卒業	14462
婦人	14463
綺	14464
97	14465
born	14466
print	14467
▁Company	14468
▁Crime	14469
▁delegates	14470
▁favour	14471
▁fiery	14472
▁representatives	14473
▁そもそも	14474
▁作家	14475
▁意義	14476
▁生み出さ	14477
を参照	14478
洗	14479
膜	14480
通常	14481
CC	14482
ean	14483
▁Mountain	14484
▁Standard	14485
▁assuming	14486
▁engineer	14487
▁heirs	14488
▁launch	14489
▁ブル	14490
▁読書	14491
▁負う	14492
丶	14493
偶然	14494
展開	14495
神聖	14496
▁THAT	14497
▁emphasized	14498
▁locate	14499
▁murders	14500
▁neglect	14501
▁troubles	14502
▁unlikely	14503
▁きっかけ	14504
▁イメージ	14505
▁敵意	14506
▁燃え	14507
公園	14508
否定	14509
塩	14510
描き	14511
鼻	14512
▁69	14513
▁Florida	14514
▁Forgiving	14515
▁Sydney	14516
▁curve	14517
▁eagerly	14518
▁examined	14519
▁hack	14520
▁politicians	14521
▁お持ち	14522
▁ち	14523
▁エステル	14524
▁味わい	14525
▁商売	14526
▁思想	14527
▁歌い	14528
▁訴訟	14529
▁返事	14530
冬	14531
異常	14532
網	14533
ATO	14534
place	14535
▁Army	14536
▁exalted	14537
▁maturity	14538
▁stretch	14539
がいない	14540
モー	14541
小説	14542
桁	14543
IP	14544
ome	14545
▁Baal	14546
▁Naomi	14547
▁absorbed	14548
▁deed	14549
▁flavor	14550
▁snare	14551
▁witch	14552
▁アア	14553
▁詳しい	14554
依頼	14555
34	14556
Muhammad	14557
mail	14558
▁Education	14559
▁Kenya	14560
▁daddy	14561
▁gay	14562
▁utter	14563
▁将軍	14564
▁本質	14565
▁苦労	14566
▁言い表わし	14567
ッカ	14568
心な	14569
旦	14570
闘	14571
Pro	14572
matic	14573
▁Freedom	14574
▁Lines	14575
▁Space	14576
▁Teacher	14577
▁UR	14578
▁bonds	14579
▁delicate	14580
▁disorders	14581
▁label	14582
▁merit	14583
▁rear	14584
▁recording	14585
▁テモ	14586
▁企て	14587
▁助長	14588
▁秋	14589
hard	14590
▁Rachel	14591
▁deliberately	14592
▁eighth	14593
▁ge	14594
▁テロリスト	14595
▁張り	14596
▁派遣	14597
▁疫病	14598
まった	14599
統計	14600
gram	14601
▁Above	14602
▁Into	14603
▁enduring	14604
▁references	14605
▁refrain	14606
▁remarks	14607
▁ties	14608
▁topic	14609
▁unconscious	14610
▁申命	14611
曲線	14612
comp	14613
▁Nehemiah	14614
▁configuration	14615
▁glasses	14616
▁landing	14617
▁アラ	14618
▁思い出さ	14619
▁才能	14620
▁柱	14621
▁脅し	14622
けれ	14623
イツ	14624
初め	14625
取っ	14626
提	14627
武	14628
dding	14629
pers	14630
▁20%	14631
▁34.	14632
▁8]	14633
▁fits	14634
▁fold	14635
▁handsome	14636
▁quietly	14637
▁暴行	14638
▁評	14639
▁買い物	14640
シャツ	14641
肩	14642
▁$3	14643
▁Kate	14644
▁adopt	14645
▁exile	14646
▁figurative	14647
▁七つ	14648
▁停止	14649
▁名誉	14650
▁土壌	14651
▁建てる	14652
▁採用	14653
うれしい	14654
るための	14655
張り	14656
TP	14657
ets	14658
▁Kong	14659
▁painted	14660
▁peers	14661
▁preferred	14662
▁purchased	14663
▁soup	14664
▁strain	14665
▁tap	14666
▁伝説	14667
▁完了	14668
考慮	14669
ign	14670
take	14671
▁Comment	14672
▁Tommy	14673
▁overall	14674
▁preceding	14675
▁scary	14676
▁silk	14677
▁strikes	14678
▁尾	14679
▁掲げ	14680
▁追求	14681
リオン	14682
権限	14683
略	14684
痛い	14685
開き	14686
body	14687
chan	14688
su	14689
▁'%1	14690
▁crucial	14691
▁decent	14692
▁glorified	14693
▁ward	14694
▁おもちゃ	14695
▁会員	14696
▁刻	14697
▁意欲	14698
▁抗議	14699
ジェット	14700
ドレス	14701
届け	14702
迷う	14703
had	14704
▁Je	14705
▁Watson	14706
▁darling	14707
▁graduates	14708
▁illustrates	14709
▁subtract	14710
▁upward	14711
▁びっくり	14712
▁キャリー	14713
▁ハンナ	14714
▁マリー	14715
▁圏	14716
▁恩恵	14717
▁持ち物	14718
▁棒	14719
▁終	14720
▁絆	14721
オス	14722
チャー	14723
樹	14724
滅	14725
Lord	14726
top	14727
▁1992	14728
▁78	14729
▁Eric	14730
▁Hour	14731
▁cats	14732
▁domain	14733
▁excessive	14734
▁quarters	14735
▁印	14736
▁実在	14737
▁抑える	14738
▁篇	14739
支持	14740
▁abide	14741
▁forming	14742
▁seventy	14743
▁stopping	14744
▁thrilled	14745
▁とり	14746
▁クラ	14747
▁扉	14748
▁発明	14749
▁観測	14750
ニン	14751
含め	14752
流れる	14753
電子	14754
59	14755
ander	14756
cons	14757
dom	14758
▁1963	14759
▁Korean	14760
▁Pa	14761
▁bars	14762
▁mysterious	14763
▁parental	14764
▁オリンピック	14765
▁基盤	14766
▁嵐	14767
▁話せ	14768
さあ	14769
に合	14770
ウイルス	14771
パイ	14772
後悔	14773
済	14774
ination	14775
▁Speak	14776
▁earnest	14777
▁node	14778
▁remembrance	14779
▁stays	14780
▁visitor	14781
▁滞	14782
あんな	14783
ウッド	14784
差し置	14785
慈悲深い	14786
言わせ	14787
高さ	14788
Man	14789
▁59	14790
▁Snow	14791
▁external	14792
▁listeners	14793
▁マシン	14794
▁暗号	14795
益	14796
署	14797
ky	14798
people	14799
▁22,23	14800
▁adequate	14801
▁calculate	14802
▁dr	14803
▁lists	14804
▁monitor	14805
▁proportion	14806
▁sealed	14807
▁お茶	14808
▁負傷	14809
▁陸	14810
浴	14811
滴	14812
現れる	14813
非難	14814
,16	14815
,19	14816
ax	14817
▁1,200	14818
▁adjustments	14819
▁apple	14820
▁honored	14821
▁judging	14822
▁rope	14823
▁scenes	14824
▁照らし	14825
▁眼	14826
▁箱船	14827
▁舞台	14828
▁配慮	14829
にもかかわらず	14830
グリ	14831
テキ	14832
テクノロジー	14833
副	14834
毎	14835
砂	14836
軌道	14837
▁Along	14838
▁Cu	14839
▁Reese	14840
▁Zealand	14841
▁correction	14842
▁divorced	14843
▁finest	14844
▁improvement	14845
▁prince	14846
▁thieves	14847
▁党	14848
▁思い煩い	14849
▁投	14850
ふう	14851
ニス	14852
泉	14853
閉め	14854
駄目	14855
own	14856
vin	14857
▁Brazilian	14858
▁appealing	14859
▁commander	14860
▁oneself	14861
▁screaming	14862
▁supreme	14863
▁あわれみ	14864
▁かんする	14865
▁すむ	14866
▁ガリラヤ	14867
▁喜ばせ	14868
ごめん	14869
商	14870
年齢	14871
観測	14872
BI	14873
sky	14874
▁NOT	14875
▁locations	14876
▁民数記	14877
▁砂糖	14878
▁養う	14879
いな	14880
権威	14881
脅威	14882
行方	14883
onic	14884
▁Jer	14885
▁Johnny	14886
▁NO	14887
▁controls	14888
▁sections	14889
▁wrongdoers	14890
▁ター	14891
▁模様	14892
▁無線	14893
範囲	14894
Not	14895
▁castle	14896
▁concludes	14897
▁convenient	14898
▁gravity	14899
▁rob	14900
▁signature	14901
▁underneath	14902
▁wished	14903
▁worshiping	14904
▁決	14905
▁申し出	14906
▁輝く	14907
▁連盟	14908
おそらく	14909
そのもの	14910
ドゥ	14911
レッド	14912
候補	14913
▁Fair	14914
▁Malachi	14915
▁Mama	14916
▁automobile	14917
▁cu	14918
▁distinct	14919
▁occasionally	14920
▁sweat	14921
▁technologies	14922
▁whale	14923
▁吸う	14924
▁闘	14925
ケール	14926
ナイフ	14927
パーティ	14928
修理	14929
奥さん	14930
支払い	14931
ION	14932
illa	14933
▁Walker	14934
▁babe	14935
▁chairman	14936
▁cited	14937
▁separation	14938
▁もしも	14939
▁捜し	14940
▁黙示	14941
ゆく	14942
を用意	14943
パリ	14944
購入	14945
▁32:	14946
▁Seeing	14947
▁Spiritual	14948
▁associations	14949
▁champion	14950
▁destiny	14951
▁ni	14952
▁registered	14953
▁steadfast	14954
▁くびき	14955
▁スパイ	14956
▁ヴァ	14957
▁使える	14958
▁商	14959
▁普	14960
▁果物	14961
▁泥棒	14962
▁税金	14963
▁話し方	14964
効	14965
掃除	14966
植物	14967
組み合わせ	14968
解く	14969
食い	14970
eb	14971
nce	14972
rich	14973
▁(3	14974
▁Officer	14975
▁armor	14976
▁hardship	14977
▁phenomenon	14978
▁representing	14979
▁rude	14980
▁コミュニケーション	14981
▁マルタ	14982
▁伝染	14983
▁同士	14984
▁散	14985
▁自著	14986
エラ	14987
企	14988
空中	14989
針	14990
free	14991
rie	14992
rry	14993
▁Cross	14994
▁Thought	14995
▁Wind	14996
▁decay	14997
▁loneliness	14998
▁nodes	14999
▁rays	15000
▁scores	15001
▁struggling	15002
▁sweetheart	15003
▁アンド	15004
▁惜しみなく	15005
▁最小	15006
▁狭い	15007
▁異端	15008
▁見いだせ	15009
▁話し手	15010
つれ	15011
らす	15012
句	15013
恵	15014
振	15015
東京	15016
55	15017
▁Path	15018
▁Rose	15019
▁Warning	15020
▁clue	15021
▁committing	15022
▁exercised	15023
▁fires	15024
▁freed	15025
▁suspicious	15026
▁wronged	15027
▁アンタ	15028
▁オーストリア	15029
▁パー	15030
▁フラ	15031
▁田舎	15032
▁見分け	15033
シェル	15034
ドラ	15035
定数	15036
38	15037
does	15038
▁Fred	15039
▁belonged	15040
▁contest	15041
▁humor	15042
▁shortages	15043
▁thrilling	15044
▁下が	15045
▁充	15046
▁励ます	15047
▁宣	15048
▁快適	15049
▁責め	15050
っぽい	15051
落ちる	15052
800	15053
ates	15054
elect	15055
ire	15056
▁Date	15057
▁Tomorrow	15058
▁disabled	15059
▁exhausted	15060
▁proclaimers	15061
▁wolf	15062
▁ひそ	15063
▁カイ	15064
▁リットル	15065
▁勢い	15066
▁幾百	15067
▁引き寄せ	15068
▁畏	15069
▁確固	15070
▁血管	15071
▁輪	15072
▁違反	15073
いえ	15074
リック	15075
出席	15076
登	15077
築	15078
▁"[	15079
▁confession	15080
▁converted	15081
▁fraud	15082
▁fucked	15083
▁qualify	15084
▁ruins	15085
▁seas	15086
▁tire	15087
▁冷たい	15088
▁去る	15089
▁小屋	15090
いずれ	15091
クティブ	15092
マシ	15093
多分	15094
思考	15095
我が	15096
訴	15097
▁sacrificing	15098
▁toilet	15099
▁uphold	15100
▁ごとく	15101
▁み業	15102
▁寂し	15103
▁展示	15104
▁祭	15105
▁美術	15106
▁責務	15107
ヨーロッパ	15108
捧げ	15109
bin	15110
five	15111
▁Arabic	15112
▁Leviticus	15113
▁Priest	15114
▁WHEN	15115
▁accurately	15116
▁assembled	15117
▁fame	15118
▁frozen	15119
▁proceed	15120
▁refugees	15121
▁sunlight	15122
▁決ま	15123
▁災厄	15124
▁裁く	15125
▁警部	15126
分割	15127
比	15128
1%	15129
CD	15130
One	15131
hr	15132
igh	15133
▁Forgive	15134
▁collected	15135
▁downstairs	15136
▁employer	15137
▁enhance	15138
▁enjoyable	15139
▁identical	15140
▁pays	15141
▁pile	15142
▁proposed	15143
▁resting	15144
▁slight	15145
▁おかしい	15146
▁呼びかけ	15147
▁満	15148
▁節約	15149
シャン	15150
凶	15151
飛び	15152
New	15153
▁Eight	15154
▁Ri	15155
▁Sodom	15156
▁barrier	15157
▁crossing	15158
▁deceived	15159
▁ignorant	15160
▁launched	15161
▁prophesied	15162
▁ペテ	15163
▁一言	15164
▁無知	15165
▁知り合い	15166
▁著者	15167
、	15168
すばらしい	15169
ピー	15170
ヵ	15171
Br	15172
Young	15173
▁Eat	15174
▁Made	15175
▁Patrick	15176
▁bishop	15177
▁bush	15178
▁marine	15179
▁wherein	15180
▁ようこそ	15181
▁働き人	15182
▁撮影	15183
▁葬式	15184
上昇	15185
荷物	15186
lon	15187
▁absorb	15188
▁grieve	15189
▁lightning	15190
▁regime	15191
▁shoulders	15192
▁theft	15193
▁軍勢	15194
アパート	15195
情報が	15196
湖	15197
cap	15198
cher	15199
fish	15200
test	15201
▁"%1"	15202
▁2003	15203
▁31:	15204
▁Nay	15205
▁entrusted	15206
▁exclusive	15207
▁films	15208
▁fulfilling	15209
▁preachers	15210
▁retain	15211
▁ポー	15212
▁懸念	15213
▁敬う	15214
▁百	15215
▁笑	15216
サンプル	15217
呼びかけ	15218
▁holiday	15219
▁lover	15220
▁pills	15221
▁フロ	15222
▁任せ	15223
▁削除	15224
▁合う	15225
▁打ち砕	15226
▁議員	15227
チップ	15228
向い	15229
78	15230
gro	15231
▁139	15232
▁31,	15233
▁HE	15234
▁Herald	15235
▁Youth	15236
▁proposal	15237
▁technique	15238
▁triumph	15239
▁vi	15240
▁yard	15241
▁アベル	15242
▁厳しく	15243
▁悩み	15244
▁注射	15245
▁測定	15246
しき	15247
とく	15248
コントロール	15249
ッキー	15250
ランダム	15251
出せる	15252
等しく	15253
間違え	15254
響	15255
AS	15256
ERS	15257
hood	15258
▁Islam	15259
▁Portuguese	15260
▁Sabbath	15261
▁annually	15262
▁arriving	15263
▁hypocrisy	15264
▁relation	15265
▁更に	15266
▁途	15267
書類	15268
食料	15269
高校	15270
cover	15271
▁Fight	15272
▁Major	15273
▁Together	15274
▁YOUR	15275
▁awaiting	15276
▁bees	15277
▁cab	15278
▁claiming	15279
▁fierce	15280
▁investigate	15281
▁sophisticated	15282
▁東洋	15283
レル	15284
ロンドン	15285
改	15286
消化	15287
ker	15288
life	15289
til	15290
▁1944	15291
▁Hong	15292
▁Secret	15293
▁march	15294
▁mixture	15295
▁odds	15296
▁shore	15297
▁sounded	15298
▁wallet	15299
▁イカ	15300
▁エリ	15301
▁キス	15302
▁ハロルド	15303
▁乾	15304
▁何時	15305
▁借金	15306
▁奥	15307
ニュ	15308
ブリ	15309
仲	15310
注	15311
独	15312
ade	15313
▁24,25	15314
▁91	15315
▁GPS	15316
▁Pay	15317
▁females	15318
▁justify	15319
▁rings	15320
▁やれ	15321
▁城壁	15322
▁香	15323
バレ	15324
充	15325
欠	15326
直面	15327
解明	15328
解釈	15329
選挙	15330
state	15331
▁Delete	15332
▁Eddie	15333
▁Maker	15334
▁Praise	15335
▁Quinn	15336
▁landscape	15337
▁seldom	15338
▁tracking	15339
▁yoke	15340
▁とどめ	15341
▁投げ	15342
▁滅ぼす	15343
▁立た	15344
▁詐欺	15345
ざる	15346
ガイ	15347
スティ	15348
ワーク	15349
誘	15350
Ma	15351
Mo	15352
word	15353
▁1948	15354
▁Gardens	15355
▁Happiness	15356
▁Office	15357
▁belonging	15358
▁blog	15359
▁breakdown	15360
▁meditation	15361
▁sixty	15362
▁どんどん	15363
▁めった	15364
▁立ち向かう	15365
▁繊維	15366
エント	15367
ホン	15368
千万	15369
挑戦	15370
気付か	15371
誠	15372
▁Beth	15373
▁Cyrus	15374
▁establishment	15375
▁op	15376
▁ski	15377
▁strip	15378
▁tu	15379
▁wore	15380
▁worthless	15381
▁まれ	15382
▁クラブ	15383
▁一杯	15384
▁啓発	15385
▁山々	15386
▁自覚	15387
いかが	15388
キシ	15389
五	15390
挿入	15391
盛	15392
wan	15393
▁administration	15394
▁backup	15395
▁broadcast	15396
▁cluster	15397
▁manifested	15398
▁パターン	15399
▁入力	15400
▁忙しい	15401
▁細菌	15402
▁身分	15403
▁闘争	15404
のご	15405
ビット	15406
ポー	15407
中央	15408
VI	15409
gy	15410
ncil	15411
▁Brody	15412
▁Clean	15413
▁Hawaii	15414
▁Jas	15415
▁TR	15416
▁democracy	15417
▁fare	15418
▁homosexuality	15419
▁likened	15420
▁profess	15421
▁terminal	15422
▁toys	15423
保持	15424
切り替え	15425
域	15426
殺せ	15427
違反	15428
acy	15429
fin	15430
ged	15431
yö	15432
▁Between	15433
▁Cap	15434
▁Herod	15435
▁Key	15436
▁Off	15437
▁Plus	15438
▁arose	15439
▁confronted	15440
▁derivative	15441
▁drops	15442
▁eleven	15443
▁unbelieving	15444
▁unnecessary	15445
▁デービッド	15446
▁霊性	15447
スーパー	15448
守れ	15449
,500	15450
sum	15451
them	15452
ux	15453
è	15454
▁Elisha	15455
▁Mal	15456
▁Type	15457
▁ants	15458
▁badness	15459
▁hence	15460
▁とどまり	15461
▁年月	15462
▁著作	15463
▁軒	15464
▁退ける	15465
かす	15466
制度	15467
易	15468
驚き	15469
face	15470
its	15471
ood	15472
sel	15473
▁Project	15474
▁coins	15475
▁coupon	15476
▁dried	15477
▁drought	15478
▁fearful	15479
▁hostile	15480
▁pitch	15481
▁ritual	15482
▁こたえ応じ	15483
▁もつ	15484
▁処	15485
▁特異	15486
訪問	15487
賛成	15488
2%	15489
lessness	15490
zu	15491
▁Amazon	15492
▁ST	15493
▁[2	15494
▁bounty	15495
▁chat	15496
▁hardships	15497
▁personnel	15498
▁skull	15499
▁tooth	15500
▁デンマーク	15501
▁繁殖	15502
ラリ	15503
大会	15504
決断	15505
窮	15506
雇	15507
ple	15508
▁Joel	15509
▁Marie	15510
▁belt	15511
▁betrayed	15512
▁discourse	15513
▁garment	15514
▁multitude	15515
▁sentenced	15516
▁streams	15517
▁チョウ	15518
▁待	15519
▁深	15520
マイナス	15521
中止	15522
依存	15523
技	15524
確	15525
過程	15526
6%	15527
sub	15528
▁Caleb	15529
▁Feel	15530
▁Greeks	15531
▁conquered	15532
▁memorial	15533
▁swallow	15534
▁ホルモン	15535
▁審判	15536
▁部門	15537
々しい	15538
デイ	15539
人気	15540
灯	15541
05	15542
Just	15543
char	15544
lit	15545
ological	15546
▁Gary	15547
▁digging	15548
▁frequency	15549
▁heap	15550
▁hears	15551
▁indication	15552
▁leap	15553
▁エディ	15554
▁レストラン	15555
▁不利	15556
▁何者	15557
▁冠	15558
▁同国	15559
▁回り	15560
パーセント	15561
外国	15562
現代	15563
遠い	15564
▁earnestly	15565
▁helpless	15566
▁ホー	15567
▁一団	15568
▁書き送	15569
▁突き	15570
ふり	15571
レート	15572
旨	15573
exp	15574
hole	15575
iding	15576
uri	15577
▁cleaned	15578
▁flew	15579
▁respecting	15580
▁swept	15581
▁vicious	15582
▁教え手	15583
▁食卓	15584
すま	15585
ずる	15586
もたらす	15587
倒	15588
可愛	15589
攻	15590
law	15591
los	15592
ulate	15593
▁Garden	15594
▁certificate	15595
▁medication	15596
▁sessions	15597
▁va	15598
▁violate	15599
▁コントロール	15600
▁家事	15601
▁設備	15602
▁辺	15603
それとも	15604
ボー	15605
墓	15606
,20	15607
Did	15608
avi	15609
zo	15610
▁34:	15611
▁Evening	15612
▁Val	15613
▁dense	15614
▁evaluate	15615
▁measuring	15616
▁monkey	15617
▁obeyed	15618
▁regulations	15619
▁tube	15620
▁応	15621
パートナー	15622
ロイド	15623
化し	15624
地下	15625
巻き	15626
self	15627
▁Era	15628
▁Mari	15629
▁Olivia	15630
▁announcement	15631
▁boundaries	15632
▁closest	15633
▁enthusiasm	15634
▁findings	15635
▁frustrated	15636
▁一掃	15637
▁取り除く	15638
▁図る	15639
▁広げ	15640
▁新鮮	15641
▁深さ	15642
▁特集	15643
▁登録	15644
▁罪悪	15645
徹	15646
軍隊	15647
ef	15648
ms	15649
pic	15650
pol	15651
▁makeup	15652
▁しだい	15653
▁並べ	15654
▁奪	15655
▁空間	15656
▁結合	15657
あそこ	15658
コート	15659
メイン	15660
モンド	15661
ート	15662
仕方	15663
供	15664
幽	15665
最善	15666
種々	15667
遅い	15668
7%	15669
ique	15670
late	15671
mb	15672
their	15673
▁Sur	15674
▁album	15675
▁bowl	15676
▁del	15677
▁denominator	15678
▁forgiven	15679
▁gene	15680
▁influences	15681
▁involvement	15682
▁jin	15683
▁manuscripts	15684
▁officially	15685
▁silly	15686
▁パートナー	15687
▁貿易	15688
ぼく	15689
ジャン	15690
寄せ	15691
果て	15692
達成	15693
Ex	15694
ita	15695
▁MA	15696
▁Sta	15697
▁associating	15698
▁belly	15699
▁clients	15700
▁envy	15701
▁legally	15702
▁zoo	15703
▁いろんな	15704
▁セル	15705
▁トルコ	15706
▁レース	15707
▁差し	15708
虚し	15709
西暦	15710
64	15711
69	15712
IR	15713
ale	15714
▁Ly	15715
▁alter	15716
▁esteem	15717
▁resolution	15718
▁resource	15719
▁shocking	15720
▁ラザロ	15721
▁伏せ	15722
▁復しゅう	15723
▁憲法	15724
▁拡張	15725
▁文字どおり	15726
▁毎	15727
▁選挙	15728
ウェ	15729
シーン	15730
不正	15731
訪れ	15732
辞	15733
EX	15734
Fi	15735
hor	15736
mes	15737
▁Todd	15738
▁certainty	15739
▁describing	15740
▁highway	15741
▁reflection	15742
▁symbols	15743
▁そろ	15744
▁アリス	15745
▁エリック	15746
▁キャン	15747
▁予約	15748
▁占める	15749
クリスマス	15750
死者	15751
脅	15752
lay	15753
▁100%	15754
▁Already	15755
▁Dar	15756
▁controlling	15757
▁deception	15758
▁devote	15759
▁frightened	15760
▁hid	15761
▁innovation	15762
▁tab	15763
▁あずかり	15764
▁ピラト	15765
▁女子	15766
ベリー	15767
一般	15768
物事	15769
酔	15770
▁Karen	15771
▁Papa	15772
▁bat	15773
▁diameter	15774
▁firstborn	15775
▁pants	15776
▁tar	15777
▁ニー	15778
▁境界	15779
▁必死	15780
▁放射	15781
▁無限	15782
▁発揮	15783
▁踊り	15784
▁軌道	15785
スリム	15786
担	15787
秘	15788
血液	15789
閉	15790
fu	15791
▁19;	15792
▁advancement	15793
▁adventure	15794
▁stroke	15795
▁塵	15796
▁屋	15797
▁排	15798
▁欠点	15799
▁比	15800
れん	15801
途	15802
pha	15803
▁1993	15804
▁Amy	15805
▁Create	15806
▁Er	15807
▁Ladies	15808
▁approve	15809
▁chip	15810
▁disk	15811
▁insect	15812
▁instruct	15813
▁standpoint	15814
▁unwise	15815
▁みたい	15816
▁スタイル	15817
▁比喩	15818
▁衝動	15819
ヤン	15820
回る	15821
注文	15822
番組	15823
裏切	15824
麻薬	15825
89	15826
▁21,22	15827
▁Allow	15828
▁Bra	15829
▁Lisa	15830
▁horn	15831
▁overwhelmed	15832
▁processes	15833
▁ボー	15834
▁時刻	15835
▁書類	15836
▁臣民	15837
▁視力	15838
▁鋭い	15839
ッサ	15840
営	15841
戒	15842
枝	15843
照	15844
贈	15845
飛ぶ	15846
2.	15847
Have	15848
ula	15849
▁grandparents	15850
▁trash	15851
▁カラ	15852
▁ゼパニヤ	15853
▁妥協	15854
▁粘土	15855
▁話しかけ	15856
ショット	15857
ベイ	15858
ループ	15859
立てる	15860
贈り物	15861
,18	15862
ND	15863
ichi	15864
ters	15865
▁1930	15866
▁1966	15867
▁Action	15868
▁Aye	15869
▁CIA	15870
▁Judas	15871
▁Par	15872
▁courts	15873
▁el	15874
▁sacrificed	15875
▁taxi	15876
▁threaten	15877
▁ブルー	15878
▁五つ	15879
▁利点	15880
▁画	15881
▁関与	15882
っきり	15883
やすく	15884
カス	15885
テープ	15886
ンポート	15887
描く	15888
tric	15889
▁Coliseum	15890
▁backing	15891
▁biology	15892
▁confessed	15893
▁elephant	15894
▁ghost	15895
▁カータ	15896
▁コル	15897
▁ゴミ	15898
▁免れ	15899
いいえ	15900
わり	15901
パワー	15902
保険	15903
天地	15904
舌	15905
詞	15906
込め	15907
lie	15908
մ	15909
▁1931	15910
▁Accordingly	15911
▁Va	15912
▁bump	15913
▁burial	15914
▁lamp	15915
▁stadium	15916
▁ライト	15917
▁化石	15918
▁工	15919
▁止ま	15920
▁聞け	15921
扱	15922
Can	15923
▁Game	15924
▁Sy	15925
▁booklet	15926
▁density	15927
▁disobedient	15928
▁logic	15929
▁novel	15930
▁organisms	15931
▁ridicule	15932
▁sometime	15933
▁べし	15934
▁ブリ	15935
▁促	15936
▁出会い	15937
▁売	15938
▁政権	15939
▁確率	15940
▁苦しい	15941
強盗	15942
棚	15943
TE	15944
term	15945
▁Austria	15946
▁deceive	15947
▁乗る	15948
▁故郷	15949
▁欺	15950
シェ	15951
ベルト	15952
幹	15953
改善	15954
歓迎	15955
結局	15956
86	15957
most	15958
▁Going	15959
▁Ku	15960
▁artists	15961
▁bestowed	15962
▁favored	15963
▁poll	15964
▁reporting	15965
▁sc	15966
▁talent	15967
▁ベルリン	15968
▁覚	15969
おいで	15970
だら	15971
委員会	15972
確かめ	15973
紳士	15974
88	15975
OM	15976
stepped	15977
▁Del	15978
▁confined	15979
▁searched	15980
▁spin	15981
▁もてなし	15982
▁費やす	15983
ネズミ	15984
推	15985
迷い	15986
追放	15987
▁Relax	15988
▁belongings	15989
▁compound	15990
▁counts	15991
▁dick	15992
▁gossip	15993
▁pairs	15994
▁エチオピア	15995
▁単語	15996
▁幹	15997
▁権限	15998
▁母乳	15999
▁産み	16000
▁西洋	16001
▁課題	16002
ーション	16003
同僚	16004
▁1949	16005
▁Calm	16006
▁Linda	16007
▁Mediterranean	16008
▁bend	16009
▁cal	16010
▁demanding	16011
▁mistaken	16012
▁トロント	16013
▁気温	16014
インターネット	16015
ダウンロード	16016
リアン	16017
広い	16018
短い	16019
薄	16020
話せる	16021
These	16022
VE	16023
▁12]	16024
▁CON	16025
▁Forever	16026
▁Granted	16027
▁Roy	16028
▁Vietnam	16029
▁derived	16030
▁designs	16031
▁revenge	16032
▁sw	16033
▁verb	16034
▁ツ	16035
▁体力	16036
▁喜ばせる	16037
▁懐	16038
▁朗読	16039
▁欠か	16040
▁液体	16041
▁温かい	16042
ガラス	16043
ビール	16044
ees	16045
▁84	16046
▁Emperor	16047
▁Leader	16048
▁Leads	16049
▁attract	16050
▁idol	16051
▁parameters	16052
▁promoted	16053
▁rains	16054
▁relevant	16055
▁stumble	16056
▁styles	16057
▁supplied	16058
▁クレ	16059
▁ヘル	16060
▁下り	16061
▁処分	16062
▁閉じ込め	16063
はじめ	16064
ひどく	16065
ズム	16066
傾向	16067
合わ	16068
敏	16069
本質	16070
貧	16071
ili	16072
▁consume	16073
▁decimal	16074
▁fossil	16075
▁landed	16076
▁stir	16077
▁wool	16078
▁もらえる	16079
▁グレ	16080
▁全般	16081
▁役人	16082
さず	16083
ゴー	16084
下が	16085
寝る	16086
戦闘	16087
渡せ	16088
突	16089
診	16090
進歩	16091
stan	16092
▁Hezekiah	16093
▁columns	16094
▁definite	16095
▁dropping	16096
▁helicopter	16097
▁hypocrites	16098
▁insisted	16099
▁linear	16100
▁patriarch	16101
▁scroll	16102
▁spy	16103
▁アラビア	16104
▁サウロ	16105
▁季節	16106
▁形式	16107
▁朝食	16108
▁祖父	16109
▁謎	16110
▁頭痛	16111
あい	16112
タブ	16113
公平	16114
Then	16115
▁(4)	16116
▁Cannot	16117
▁Mexican	16118
▁bare	16119
▁conclusions	16120
▁disagree	16121
▁horns	16122
▁magnetic	16123
▁professed	16124
▁roughly	16125
▁unfaithful	16126
▁捧げ物	16127
▁推測	16128
▁損害	16129
▁焼	16130
▁重さ	16131
ギリシャ	16132
祭	16133
設け	16134
TION	16135
▁105	16136
▁67	16137
▁aboard	16138
▁accuracy	16139
▁instances	16140
▁manners	16141
▁pale	16142
▁stages	16143
▁tickets	16144
▁ゼ	16145
▁我慢	16146
▁暮らす	16147
▁有利	16148
▁様	16149
▁駄目	16150
大金	16151
敬	16152
eng	16153
▁Business	16154
▁Kevin	16155
▁Sad	16156
▁Social	16157
▁conquest	16158
▁galaxy	16159
▁safer	16160
▁インディアン	16161
▁促す	16162
▁拷問	16163
情報は	16164
括	16165
衝突	16166
表面	16167
誠実	16168
44	16169
AB	16170
arian	16171
▁199	16172
▁Colonel	16173
▁Command	16174
▁Luther	16175
▁Poor	16176
▁boats	16177
▁drill	16178
▁flowing	16179
▁legitimate	16180
▁researcher	16181
▁surprisingly	16182
▁unaware	16183
▁wasted	16184
▁拒	16185
▁捕	16186
▁要約	16187
▁驚異	16188
っぱ	16189
ゼン	16190
ラル	16191
近づく	16192
ele	16193
sia	16194
▁Benjamin	16195
▁Kon	16196
▁colorful	16197
▁generate	16198
▁proclaiming	16199
▁vaccine	16200
▁酷	16201
▁電力	16202
しばらく	16203
ライブ	16204
代表	16205
eous	16206
▁AT	16207
▁Bell	16208
▁Sermon	16209
▁markets	16210
▁miserable	16211
▁selfishness	16212
▁shots	16213
▁spared	16214
▁新約	16215
▁焼き	16216
▁縛	16217
▁至ら	16218
すり	16219
どり	16220
もたらし	16221
餌	16222
oul	16223
▁Billy	16224
▁ED	16225
▁Pick	16226
▁edges	16227
▁generosity	16228
▁quotes	16229
▁remembering	16230
▁trains	16231
▁シドニー	16232
▁下さ	16233
▁到達	16234
▁浮	16235
▁短く	16236
▁鮮	16237
やめろ	16238
モス	16239
冊	16240
接触	16241
経路	16242
訪ね	16243
og	16244
▁Deep	16245
▁affliction	16246
▁gentleman	16247
▁mold	16248
▁shortage	16249
▁specify	16250
▁tech	16251
▁アレク	16252
▁ドー	16253
▁広ま	16254
▁軽い	16255
が可能	16256
勿	16257
At	16258
▁actively	16259
▁declares	16260
▁explore	16261
▁hydrogen	16262
▁shout	16263
▁surroundings	16264
▁けんか	16265
▁増	16266
ぷり	16267
イヤ	16268
スカ	16269
迅	16270
▁Gabriel	16271
▁Sand	16272
▁neat	16273
▁relieved	16274
▁soccer	16275
▁主婦	16276
▁跡	16277
▁金持ち	16278
噂	16279
来たら	16280
栄光	16281
棄	16282
絶え	16283
腸	16284
記入	16285
通し	16286
1.	16287
love	16288
▁44.	16289
▁Nah	16290
▁export	16291
▁extinction	16292
▁faint	16293
▁fleet	16294
▁fo	16295
▁lasted	16296
▁le	16297
▁mill	16298
▁refusing	16299
▁差	16300
▁理性	16301
こういう	16302
ディア	16303
ドライブ	16304
取り組	16305
結合	16306
jw	16307
look	16308
▁Bear	16309
▁Egyptians	16310
▁absent	16311
▁counseled	16312
▁employee	16313
▁lamb	16314
▁pleases	16315
▁sail	16316
▁spectacular	16317
▁uncomfortable	16318
▁アロン	16319
▁一歩	16320
▁不明	16321
▁配下	16322
きれ	16323
たね	16324
ほぼ	16325
コイン	16326
境	16327
投票	16328
撃ち	16329
特定の	16330
4%	16331
km	16332
seed	16333
▁==	16334
▁Aah	16335
▁Afterward	16336
▁Mel	16337
▁Researchers	16338
▁agencies	16339
▁atom	16340
▁betray	16341
▁lawyers	16342
▁morals	16343
▁psychological	16344
▁スト	16345
▁タン	16346
▁フィンランド	16347
どうし	16348
ピュ	16349
口座	16350
訊	16351
返事	16352
Hey	16353
▁Eternal	16354
▁HT	16355
▁anxieties	16356
▁fur	16357
▁judgments	16358
▁misery	16359
▁responding	16360
▁コール	16361
▁可	16362
▁整	16363
▁楽器	16364
サラ	16365
ストラ	16366
ライド	16367
禁	16368
見よ	16369
9,000	16370
gate	16371
made	16372
▁Hor	16373
▁airplane	16374
▁combine	16375
▁crowded	16376
▁dioxide	16377
▁infants	16378
▁infinite	16379
▁outcry	16380
▁reserved	16381
▁samples	16382
▁someday	16383
▁terrorism	16384
▁エレ	16385
▁クレア	16386
▁ダニー	16387
▁異性	16388
ラッシュ	16389
班	16390
▁Happily	16391
▁Problems	16392
▁Wrong	16393
▁drives	16394
▁suggestion	16395
▁とがめ	16396
▁クマ	16397
▁リック	16398
▁憎	16399
▁止まれ	16400
▁物資	16401
▁申	16402
▁皮肉	16403
▁行方	16404
わずか	16405
ティア	16406
豆	16407
費用	16408
via	16409
▁Asian	16410
▁Barnabas	16411
▁Emily	16412
▁Knowledge	16413
▁chamber	16414
▁considers	16415
▁contend	16416
▁earliest	16417
▁mathematics	16418
▁oceans	16419
▁venture	16420
▁ケース	16421
▁占い	16422
▁増える	16423
▁生来	16424
▁虐殺	16425
ガル	16426
可	16427
捉え	16428
災厄	16429
飯	16430
ALS	16431
fold	16432
ico	16433
▁Medicine	16434
▁analyze	16435
▁exam	16436
▁harmless	16437
▁institution	16438
▁mechanical	16439
▁qua	16440
▁sanctuary	16441
▁sustenance	16442
▁イー	16443
▁品物	16444
▁座り	16445
▁脱出	16446
ステータス	16447
スーツ	16448
ライアント	16449
ーツ	16450
姉妹	16451
家畜	16452
zer	16453
▁Anybody	16454
▁contributions	16455
▁cured	16456
▁intent	16457
▁knee	16458
▁paragraph	16459
▁spiritism	16460
▁タバコ	16461
▁ハバクク	16462
▁及	16463
▁問いかけ	16464
▁実体	16465
▁広め	16466
▁欲し	16467
▁洗濯	16468
▁銀河	16469
▁青い	16470
げた	16471
ダル	16472
無限	16473
突き	16474
,13	16475
1,000	16476
keep	16477
zar	16478
▁140	16479
▁1914.	16480
▁Global	16481
▁List	16482
▁arts	16483
▁basement	16484
▁sentences	16485
▁オフィス	16486
▁リサ	16487
▁全土	16488
▁名声	16489
▁装飾	16490
▁遅い	16491
ルカ	16492
ルド	16493
ヴォ	16494
捜索	16495
Music	16496
lf	16497
pass	16498
uz	16499
▁1962	16500
▁19]	16501
▁MO	16502
▁MY	16503
▁ambulance	16504
▁awareness	16505
▁deals	16506
▁garage	16507
▁headship	16508
▁hosts	16509
▁rank	16510
▁shining	16511
▁utterance	16512
▁なんら	16513
▁ひざ	16514
▁アモス	16515
▁接	16516
▁損なう	16517
▁映像	16518
▁講じ	16519
優秀	16520
巣	16521
慎重に	16522
猿	16523
lly	16524
tis	16525
▁exclaimed	16526
▁offerings	16527
▁procedures	16528
▁steep	16529
▁tin	16530
▁アレ	16531
▁エズラ	16532
▁分離	16533
▁境遇	16534
▁激	16535
▁要点	16536
ご存	16537
ッグ	16538
ワル	16539
一時	16540
惨め	16541
抵抗	16542
66	16543
lus	16544
▁30)	16545
▁ARE	16546
▁Bethlehem	16547
▁Churches	16548
▁abused	16549
▁admire	16550
▁argued	16551
▁dialog	16552
▁foremost	16553
▁intentions	16554
▁introduction	16555
▁obliged	16556
▁stating	16557
▁不平	16558
▁備わ	16559
▁拍	16560
▁離	16561
なす	16562
クリスチャン	16563
一般的な	16564
基地	16565
fa	16566
▁00	16567
▁Golden	16568
▁embarrassed	16569
▁imprisonment	16570
▁mayor	16571
▁nursing	16572
▁rows	16573
▁乱	16574
▁修道院	16575
▁徳	16576
▁火事	16577
イギリス	16578
スピード	16579
儀	16580
呼べ	16581
崩壊	16582
知り合い	16583
CO	16584
DI	16585
rad	16586
▁1938	16587
▁35)	16588
▁Edward	16589
▁Olympic	16590
▁Thi	16591
▁gu	16592
▁identifying	16593
▁lifestyle	16594
▁閉じ	16595
ローカル	16596
捕ま	16597
ode	16598
▁Est	16599
▁Ohio	16600
▁brush	16601
▁consumed	16602
▁lawful	16603
▁soap	16604
▁thrust	16605
▁vow	16606
▁ルーシー	16607
▁帯び	16608
▁標的	16609
▁残虐	16610
▁水分	16611
▁総督	16612
▁黄金	16613
刺激	16614
触	16615
ches	16616
post	16617
var	16618
▁1942	16619
▁Coast	16620
▁Seem	16621
▁worthwhile	16622
▁かえって	16623
▁優秀	16624
▁地的	16625
▁思い出す	16626
▁設置	16627
▁集	16628
含	16629
大量	16630
成果	16631
産業	16632
知恵	16633
追い	16634
rite	16635
ua	16636
▁Hy	16637
▁battery	16638
▁consists	16639
▁cur	16640
▁liberation	16641
▁restricted	16642
▁robots	16643
▁shade	16644
▁subway	16645
▁wounded	16646
▁}	16647
▁やぎ	16648
▁カエサル	16649
▁差し伸べる	16650
▁無力	16651
▁賛成	16652
えず	16653
リーン	16654
ルズ	16655
並べ	16656
干	16657
戦略	16658
稿	16659
赤い	16660
";	16661
▁Author	16662
▁Bre	16663
▁Disease	16664
▁Quite	16665
▁Write	16666
▁apostate	16667
▁honorable	16668
▁impress	16669
▁meter	16670
▁potentially	16671
▁rational	16672
▁reasoned	16673
▁まか	16674
▁時折	16675
テーション	16676
フェル	16677
倒れ	16678
寒	16679
将軍	16680
性格	16681
気味	16682
法則	16683
泣	16684
迷わせ	16685
orn	16686
▁1957	16687
▁Few	16688
▁Mail	16689
▁Twenty	16690
▁contacted	16691
▁font	16692
▁neutrality	16693
▁policeman	16694
▁radical	16695
▁transition	16696
▁trustworthy	16697
▁汚	16698
▁猛	16699
▁粒子	16700
▁結びつ	16701
ピン	16702
住人	16703
Happy	16704
zz	16705
▁Cha	16706
▁atoms	16707
▁laying	16708
▁onward	16709
▁prone	16710
▁prostrate	16711
▁tra	16712
▁ハンク	16713
▁レオ	16714
▁北極	16715
▁段	16716
▁決まり	16717
▁知れ	16718
▁陥り	16719
▁雇用	16720
フレンド	16721
不当	16722
伏せ	16723
登録	16724
頑張	16725
3,	16726
▁Information	16727
▁Mankind	16728
▁Test	16729
▁Words	16730
▁citizen	16731
▁floating	16732
▁hesitate	16733
▁individually	16734
▁ヨルダン	16735
▁努めて	16736
▁埋め	16737
▁断言	16738
▁生え	16739
▁祝う	16740
▁覆う	16741
▁銅	16742
かわり	16743
ヒル	16744
宿題	16745
示した	16746
見つかる	16747
46	16748
AV	16749
UL	16750
ologists	16751
▁1961	16752
▁Bruce	16753
▁Evolution	16754
▁lure	16755
▁pictured	16756
▁protest	16757
▁robbery	16758
▁シカゴ	16759
▁プラ	16760
▁人数	16761
▁合わせる	16762
▁復	16763
▁謝	16764
▁関節	16765
き去る	16766
ザン	16767
トーク	16768
尊敬	16769
直す	16770
矢	16771
脱出	16772
TO	16773
▁Based	16774
▁Brian	16775
▁CAN	16776
▁Trans	16777
▁overly	16778
▁perception	16779
▁requests	16780
▁sow	16781
▁suits	16782
▁アーサー	16783
▁トーマ	16784
▁召	16785
▁改め	16786
▁製作	16787
▁観客	16788
ゴリ	16789
強さ	16790
眠り	16791
臨	16792
諦	16793
ora	16794
▁22;	16795
▁90%	16796
▁MAN	16797
▁bored	16798
▁float	16799
▁modesty	16800
▁たたえ	16801
▁ウェ	16802
▁モン	16803
▁ルイス	16804
▁友だち	16805
▁帰宅	16806
▁捕らえ	16807
ブス	16808
マッ	16809
メル	16810
勇敢	16811
招	16812
07	16813
83	16814
labe	16815
making	16816
roid	16817
uous	16818
▁Hands	16819
▁Nope	16820
▁assign	16821
▁newborn	16822
▁swing	16823
▁unemployment	16824
▁yards	16825
▁抜け	16826
▁撃つ	16827
▁観点	16828
ウィル	16829
仕える	16830
報を	16831
限界	16832
ifies	16833
yo	16834
▁Continue	16835
▁Mighty	16836
▁PC	16837
▁butter	16838
▁dominant	16839
▁dominated	16840
▁foster	16841
▁joining	16842
▁rebel	16843
▁slope	16844
▁カレン	16845
▁告発	16846
▁大衆	16847
▁政策	16848
▁有難	16849
▁生態	16850
▁飾り	16851
住民	16852
恥	16853
2,3	16854
43	16855
84	16856
▁Anti	16857
▁Enoch	16858
▁Gun	16859
▁Joy	16860
▁Wake	16861
▁decreed	16862
▁drowned	16863
▁election	16864
▁highlight	16865
▁mentions	16866
▁prescribed	16867
▁publishing	16868
▁societies	16869
▁ホセア	16870
▁商人	16871
▁山脈	16872
▁投票	16873
セー	16874
マッカ	16875
ミング	16876
嘲笑	16877
正しか	16878
経営	16879
play	16880
▁98	16881
▁Eli	16882
▁FROM	16883
▁bits	16884
▁contaminated	16885
▁pipe	16886
▁えさ	16887
▁オブ	16888
▁ヒント	16889
▁姿勢	16890
フラ	16891
ヘル	16892
凄	16893
焼き	16894
苦しみ	16895
鬼	16896
▁Prev	16897
▁Stone	16898
▁TRAN	16899
▁bent	16900
▁craft	16901
▁damaging	16902
▁quantity	16903
▁semi	16904
▁tables	16905
▁tourists	16906
▁undoubtedly	16907
▁あらし	16908
▁どうやら	16909
▁マイナス	16910
▁上司	16911
スポーツ	16912
ルス	16913
或	16914
捏造	16915
老人	16916
pla	16917
▁Muslim	16918
▁Sinai	16919
▁accompany	16920
▁contentment	16921
▁descent	16922
▁disbelief	16923
▁encountered	16924
▁supplication	16925
▁何十	16926
▁倣い	16927
▁損失	16928
▁見張り	16929
かつ	16930
につけ	16931
みが	16932
ギャ	16933
動かす	16934
嘆	16935
小屋	16936
押さえ	16937
視点	16938
走り	16939
退屈	16940
HT	16941
atory	16942
iden	16943
▁33:	16944
▁Bal	16945
▁Building	16946
▁Cause	16947
▁Gospels	16948
▁Jake	16949
▁Sco	16950
▁Stu	16951
▁Walk	16952
▁apples	16953
▁implement	16954
▁timing	16955
▁ありえ	16956
▁ダイヤモンド	16957
▁育ち	16958
▁追い	16959
▁霊者	16960
たまえ	16961
ワイ	16962
律法	16963
独立	16964
赤ん坊	16965
02	16966
TA	16967
town	16968
▁hinder	16969
▁hint	16970
▁rolling	16971
▁secretly	16972
▁shoe	16973
▁versions	16974
▁スカイ	16975
▁宿題	16976
▁設ける	16977
▁静	16978
▁香り	16979
割る	16980
oon	16981
text	16982
▁Bridge	16983
▁Purpose	16984
▁Travis	16985
▁disposition	16986
▁footnote	16987
▁homeland	16988
▁nightmare	16989
▁scheduled	16990
▁spots	16991
▁swift	16992
▁talents	16993
エンド	16994
ブレ	16995
権力	16996
玄	16997
芸	16998
▁19,20)	16999
▁Auto	17000
▁Cool	17001
▁Fall	17002
▁Iraq	17003
▁Wilson	17004
▁deceased	17005
▁diligent	17006
▁lit	17007
▁pressed	17008
▁scar	17009
▁springs	17010
▁いくらか	17011
▁参考	17012
▁増す	17013
▁腎臓	17014
の高い	17015
カラ	17016
以下	17017
当時	17018
把握	17019
責め	17020
過ごす	17021
error	17022
only	17023
▁34)	17024
▁Ger	17025
▁Hans	17026
▁Viewpoint	17027
▁Volume	17028
▁Winter	17029
▁gum	17030
▁hits	17031
▁refreshment	17032
▁robbed	17033
▁update	17034
▁修	17035
▁分かれ	17036
▁発言	17037
あいつ	17038
セッション	17039
戚	17040
揺	17041
NT	17042
phi	17043
than	17044
▁11201	17045
▁34,	17046
▁Barr	17047
▁Kid	17048
▁celebrated	17049
▁characteristic	17050
▁eats	17051
▁fe	17052
▁goat	17053
▁maintenance	17054
▁preacher	17055
▁province	17056
▁rises	17057
▁solving	17058
▁strictly	17059
▁wrapped	17060
▁www	17061
▁恋	17062
▁探検	17063
▁暴露	17064
▁痛い	17065
▁縦	17066
めた	17067
カップ	17068
フィート	17069
上がる	17070
▁360	17071
▁Won	17072
▁consent	17073
▁eliminated	17074
▁occupation	17075
▁wa	17076
▁ホワイト	17077
▁十字架	17078
▁池	17079
▁見かけ	17080
▁込め	17081
イカ	17082
進み	17083
,9	17084
▁1955	17085
▁Friend	17086
▁Import	17087
▁bind	17088
▁businesses	17089
▁cheer	17090
▁condemn	17091
▁gladly	17092
▁sinner	17093
▁smokers	17094
▁vent	17095
▁wheels	17096
▁worshiped	17097
▁たしか	17098
▁ロイ	17099
▁使命	17100
▁台所	17101
▁苦しめ	17102
▁領	17103
コス	17104
将	17105
真っ	17106
置け	17107
雷	17108
PO	17109
ó	17110
▁Brad	17111
▁Eh	17112
▁Royal	17113
▁awkward	17114
▁bucket	17115
▁components	17116
▁convincing	17117
▁thrive	17118
▁welcomed	17119
▁チーズ	17120
▁大使	17121
▁打ち明け	17122
▁抗	17123
▁据え	17124
▁流血	17125
おき	17126
丁	17127
暗	17128
hold	17129
▁1.5	17130
▁diamond	17131
▁lowest	17132
▁misled	17133
▁mon	17134
▁shrink	17135
▁tide	17136
▁via	17137
▁ハッ	17138
▁プラスチック	17139
▁プレゼント	17140
▁信ずる	17141
▁恋愛	17142
▁獲物	17143
▁繰り返す	17144
たす	17145
ぶっ	17146
プレイ	17147
効率	17148
形成	17149
沈	17150
生存	17151
登場	17152
993	17153
II	17154
TT	17155
hem	17156
unit	17157
view	17158
▁Friends	17159
▁Gideon	17160
▁Harvard	17161
▁carpet	17162
▁cord	17163
▁excess	17164
▁hammer	17165
▁アルゼンチン	17166
▁ケニア	17167
▁データベース	17168
▁ベトナム	17169
▁和解	17170
▁壊れ	17171
▁文脈	17172
▁正教会	17173
▁装	17174
▁計	17175
▁鉛	17176
お話	17177
くなり	17178
しり	17179
サイド	17180
思い出す	17181
泣き	17182
直し	17183
La	17184
RY	17185
ography	17186
rt	17187
▁Argentina	17188
▁Fe	17189
▁Record	17190
▁hypothesis	17191
▁invasion	17192
▁マリ	17193
▁ミリ	17194
▁可愛	17195
▁正す	17196
▁郵	17197
クル	17198
揚	17199
混	17200
陸	17201
隔	17202
42	17203
pan	17204
point	17205
space	17206
▁Likely	17207
▁kicked	17208
▁panel	17209
▁relieve	17210
▁revealing	17211
▁unfair	17212
▁マイクロ	17213
▁恐る	17214
▁文献	17215
▁継続	17216
▁腺	17217
グル	17218
最小	17219
社会的	17220
視覚	17221
集合	17222
Scrip	17223
fire	17224
▁Afghanistan	17225
▁College	17226
▁Darwin	17227
▁Julia	17228
▁Larry	17229
▁Rich	17230
▁Victor	17231
▁acceptance	17232
▁aids	17233
▁audio	17234
▁editorial	17235
▁engineers	17236
▁homeless	17237
▁moderate	17238
▁overnight	17239
▁smallest	17240
▁spaces	17241
▁シロ	17242
▁即	17243
▁習わし	17244
づ	17245
プライ	17246
マネー	17247
メニュー	17248
宣言	17249
強制	17250
時々	17251
AME	17252
OW	17253
dict	17254
▁1953	17255
▁29;	17256
▁Ezra	17257
▁Review	17258
▁Senator	17259
▁Shoot	17260
▁axis	17261
▁dull	17262
▁malaria	17263
▁representation	17264
▁scribes	17265
▁いやいや	17266
▁ラビ	17267
▁取り戻	17268
▁合意	17269
▁大西洋	17270
▁強ま	17271
▁教義	17272
▁率先	17273
▁確かめる	17274
▁神秘	17275
▁荒	17276
ウソ	17277
ヨハネ	17278
ーター	17279
仮説	17280
散歩	17281
究極	17282
筆	17283
記念	17284
ase	17285
col	17286
poli	17287
▁Break	17288
▁Canaan	17289
▁Jersey	17290
▁Sh	17291
▁acres	17292
▁beam	17293
▁equity	17294
▁guidelines	17295
▁incentive	17296
▁programming	17297
▁warmth	17298
▁いったん	17299
▁コロ	17300
▁サンゴ	17301
▁ルール	17302
▁在	17303
▁悟り	17304
▁陥る	17305
ぺ	17306
ント	17307
不幸	17308
浜	17309
破滅	17310
験	17311
cit	17312
placing	17313
▁Germans	17314
▁conquer	17315
▁recommends	17316
▁resurrect	17317
▁sector	17318
▁ウィン	17319
▁ガイド	17320
▁ナオミ	17321
▁パンフレット	17322
▁故	17323
〝	17324
ディング	17325
主人	17326
残し	17327
複	17328
開ける	17329
離婚	17330
ME	17331
Te	17332
table	17333
two	17334
unk	17335
▁Fahrenheit	17336
▁Quick	17337
▁bullets	17338
▁leather	17339
▁overlook	17340
▁purple	17341
▁モスクワ	17342
▁寒い	17343
▁満ちる	17344
▁著しい	17345
有意義	17346
機嫌	17347
現金	17348
背景	17349
運ぶ	17350
09	17351
dit	17352
rin	17353
▁96	17354
▁Rights	17355
▁Rio	17356
▁Ze	17357
▁climbing	17358
▁materialistic	17359
▁targets	17360
▁劣	17361
▁怪	17362
▁暗闇	17363
▁裸	17364
マイク	17365
善悪	17366
自信	17367
至上	17368
論争	17369
踏み	17370
ibility	17371
▁11]	17372
▁Saint	17373
▁cuts	17374
▁displays	17375
▁elephants	17376
▁importantly	17377
▁noon	17378
▁sayings	17379
▁unpleasant	17380
▁visions	17381
▁ふざけ	17382
▁クリ	17383
▁ヘビ	17384
▁嫌悪	17385
▁子宮	17386
▁逃亡	17387
イブ	17388
オープン	17389
並	17390
腰	17391
逸	17392
▁Games	17393
▁Working	17394
▁cleanse	17395
▁examining	17396
▁graduation	17397
▁inevitable	17398
▁instantly	17399
▁prompted	17400
▁suspicion	17401
▁tomb	17402
▁なぞ	17403
▁スミス	17404
▁保障	17405
▁広がり	17406
▁待た	17407
▁数十	17408
▁覆い	17409
▁過ぎ去っ	17410
▁録音	17411
区別	17412
沿	17413
翼	17414
願う	17415
CK	17416
DA	17417
thing	17418
▁Bureau	17419
▁Psalms	17420
▁Walt	17421
▁angelic	17422
▁browser	17423
▁instant	17424
▁permanently	17425
▁sustained	17426
▁ひな	17427
▁エノク	17428
▁フレ	17429
▁容器	17430
▁履	17431
▁摂取	17432
▁明示	17433
▁署	17434
兆	17435
分解	17436
英雄	17437
遣わ	17438
食物	17439
87	17440
▁Majesty	17441
▁Sergeant	17442
▁Strong	17443
▁costly	17444
▁doomed	17445
▁suck	17446
▁インフレ	17447
▁パトリック	17448
▁モデル	17449
▁出かける	17450
▁殴	17451
▁沈黙	17452
▁第一	17453
いたり	17454
もしくは	17455
わせる	17456
ゴミ	17457
空港	17458
飾	17459
From	17460
girl	17461
rman	17462
▁1933	17463
▁Face	17464
▁Thereafter	17465
▁WITH	17466
▁coincidence	17467
▁compute	17468
▁devastated	17469
▁likeness	17470
▁maps	17471
▁postpaid	17472
▁密	17473
▁平等	17474
▁成分	17475
▁祈願	17476
とお	17477
プレゼント	17478
メキシコ	17479
保障	17480
意図	17481
財	17482
闇	17483
With	17484
cle	17485
hell	17486
rist	17487
▁2008	17488
▁Bu	17489
▁Goodbye	17490
▁catching	17491
▁complaint	17492
▁fatigue	17493
▁sphere	17494
▁strife	17495
▁terrorists	17496
▁なぞらえ	17497
▁アクセス	17498
▁ブース	17499
▁ミルク	17500
▁価	17501
▁催	17502
▁天候	17503
▁婚約	17504
プス	17505
修	17506
帰れ	17507
手法	17508
時刻	17509
汚れ	17510
詳しく	17511
▁Numbers	17512
▁Seed	17513
▁kingship	17514
▁powder	17515
▁rifle	17516
▁transmission	17517
▁オレンジ	17518
▁サイン	17519
▁届	17520
▁読み書き	17521
多量	17522
辞書	17523
▁20]	17524
▁Kat	17525
▁Problem	17526
▁Promise	17527
▁SONGS	17528
▁appearing	17529
▁briefly	17530
▁conscientious	17531
▁disturbing	17532
▁tends	17533
▁こんばん	17534
▁制定	17535
▁是非	17536
▁欺き	17537
▁物体	17538
▁著し	17539
優しい	17540
見逃	17541
離れる	17542
▁23;	17543
▁Aw	17544
▁Dark	17545
▁Den	17546
▁Ow	17547
▁chase	17548
▁disastrous	17549
▁interviewed	17550
▁masses	17551
▁needle	17552
▁rap	17553
▁travels	17554
▁ツール	17555
▁動脈	17556
▁地中海	17557
▁憂うつ	17558
▁衰え	17559
わく	17560
ポン	17561
レイン	17562
一族	17563
形式	17564
資本	17565
4.	17566
found	17567
misunderstanding	17568
▁immense	17569
▁losers	17570
▁particle	17571
▁popularity	17572
▁scarce	17573
▁segment	17574
▁temperatures	17575
▁作り出す	17576
▁再建	17577
▁同市	17578
あう	17579
シンプ	17580
夢中	17581
手配	17582
駆	17583
31	17584
tur	17585
▁Bon	17586
▁Greater	17587
▁Hill	17588
▁Rain	17589
▁crystal	17590
▁goodwill	17591
▁layers	17592
▁liberty	17593
▁savings	17594
▁skilled	17595
▁sticking	17596
▁ウェブ	17597
▁シャーロッ	17598
▁善意	17599
▁岸	17600
▁疲労	17601
▁負わ	17602
しめ	17603
シス	17604
ロウ	17605
交渉	17606
相当	17607
農	17608
39	17609
ira	17610
▁20,000	17611
▁Amos	17612
▁Fi	17613
▁Shu	17614
▁attraction	17615
▁breed	17616
▁ceiling	17617
▁doubtless	17618
▁dozens	17619
▁networks	17620
▁organic	17621
▁willed	17622
▁培	17623
▁天幕	17624
イス	17625
エゴ	17626
ホー	17627
売る	17628
物体	17629
走る	17630
重い	17631
雑	17632
Me	17633
▁Hindu	17634
▁cursed	17635
▁elaborate	17636
▁faults	17637
▁horizon	17638
▁horror	17639
▁kinda	17640
▁publisher	17641
▁ro	17642
▁varieties	17643
▁やつら	17644
▁信徒	17645
▁止める	17646
▁眠れ	17647
ポール	17648
返せ	17649
ank	17650
ease	17651
nar	17652
ule	17653
▁Archive	17654
▁Cost	17655
▁Inter	17656
▁Portugal	17657
▁attribute	17658
▁authorized	17659
▁disregard	17660
▁peaceable	17661
▁stiff	17662
▁wasting	17663
▁あなたたち	17664
▁つながる	17665
▁ほめ	17666
▁唇	17667
▁城	17668
▁屈し	17669
▁廉直	17670
ソル	17671
奇跡	17672
機会を	17673
8%	17674
PH	17675
▁Nelson	17676
▁arrow	17677
▁cabin	17678
▁coral	17679
▁eh	17680
▁frankly	17681
▁justified	17682
▁magical	17683
▁module	17684
▁neglected	17685
▁processing	17686
▁stimulate	17687
▁symbolized	17688
▁velocity	17689
▁ギリシ	17690
▁ドライバー	17691
▁勘	17692
▁趣味	17693
か月	17694
ハラ	17695
丘	17696
先進	17697
奨励	17698
政策	17699
記述	17700
貧しい	17701
賭け	17702
2,000	17703
▁450	17704
▁Than	17705
▁cheating	17706
▁complexity	17707
▁physicians	17708
▁voluntary	17709
▁フル	17710
▁不良	17711
▁向き	17712
▁成し	17713
▁歓喜	17714
▁着陸	17715
たがって	17716
持て	17717
災い	17718
語る	17719
▁Act	17720
▁Click	17721
▁atomic	17722
▁loses	17723
▁maneuver	17724
▁ordained	17725
▁rod	17726
▁uncertain	17727
▁うるさ	17728
▁仕組み	17729
▁実施	17730
▁巻き	17731
▁市内	17732
▁張	17733
▁条約	17734
▁果て	17735
▁現状	17736
▁艦	17737
▁長官	17738
ゲイ	17739
名誉	17740
地区	17741
牧	17742
認証	17743
降らせ	17744
far	17745
▁Tor	17746
▁highlighted	17747
▁かく	17748
▁よみがえら	17749
▁手伝い	17750
▁狙	17751
▁選択した	17752
割れ	17753
助	17754
密度	17755
怖が	17756
▁Mor	17757
▁Ty	17758
▁Ver	17759
▁circulation	17760
▁extract	17761
▁imposed	17762
▁passenger	17763
▁submitted	17764
▁みずから	17765
▁よろしい	17766
▁取	17767
▁手引き	17768
▁正し	17769
▁滅びる	17770
▁炉	17771
と同様に	17772
即座	17773
清	17774
皿	17775
親友	17776
bro	17777
ense	17778
▁Ve	17779
▁beans	17780
▁heir	17781
▁motivate	17782
▁pursued	17783
▁rubber	17784
▁sauce	17785
▁ブー	17786
▁悲	17787
▁申し訳	17788
あらかじめ	17789
おかしな	17790
ナス	17791
プレ	17792
メイ	17793
受け入れる	17794
志	17795
拝	17796
ella	17797
eu	17798
oph	17799
▁Mercy	17800
▁balloon	17801
▁bee	17802
▁doubled	17803
▁drank	17804
▁farming	17805
▁generated	17806
▁herd	17807
▁initially	17808
▁ink	17809
▁intercourse	17810
▁jam	17811
▁marvel	17812
▁mini	17813
▁repay	17814
▁夢中	17815
▁支払う	17816
▁教室	17817
▁生き延び	17818
▁豆	17819
▁騒音	17820
お客様	17821
ごらん	17822
バンド	17823
フォン	17824
助言	17825
取り出し	17826
arm	17827
star	17828
▁Insight	17829
▁embarrassing	17830
▁hurtful	17831
▁intervention	17832
▁ko	17833
▁retired	17834
▁へりくだ	17835
▁コメント	17836
▁リンク	17837
▁受け取る	17838
▁嫌い	17839
▁職人	17840
からさ	17841
たま	17842
滑	17843
粒	17844
▁1964	17845
▁Victoria	17846
▁builds	17847
▁conversion	17848
▁dug	17849
▁improper	17850
▁laptop	17851
▁outset	17852
▁purposed	17853
▁substances	17854
▁thirst	17855
▁thumb	17856
▁urgency	17857
▁wrap	17858
▁ジェシー	17859
▁ミサ	17860
▁ワシ	17861
▁中傷	17862
▁垂訓	17863
▁帰還	17864
▁直前	17865
▁肥	17866
▁集まる	17867
についても	17868
に基づいて	17869
ハム	17870
最適	17871
残す	17872
add	17873
ane	17874
del	17875
▁1959	17876
▁Helen	17877
▁Nisan	17878
▁abound	17879
▁concepts	17880
▁cultivating	17881
▁raises	17882
▁retreat	17883
▁stumbling	17884
▁ちがう	17885
▁会堂	17886
▁収める	17887
▁合い	17888
▁有する	17889
▁死因	17890
▁見いだせる	17891
▁露	17892
いなく	17893
加える	17894
態	17895
捕まえる	17896
08	17897
rl	17898
▁36.	17899
▁71	17900
▁Nature	17901
▁Stan	17902
▁Vo	17903
▁checks	17904
▁clinic	17905
▁defeated	17906
▁fights	17907
▁とんでもない	17908
▁取り付け	17909
▁布告	17910
▁数千	17911
▁服する	17912
▁真珠	17913
カイ	17914
パル	17915
致	17916
見つめ	17917
顎	17918
because	17919
▁32)	17920
▁Done	17921
▁Qur	17922
▁anniversary	17923
▁arrogant	17924
▁beverages	17925
▁burns	17926
▁construct	17927
▁distribute	17928
▁jack	17929
▁mines	17930
▁mouths	17931
▁prevail	17932
▁princess	17933
▁spider	17934
▁tempered	17935
▁ナイ	17936
▁使者	17937
▁凄	17938
▁放出	17939
▁消防	17940
▁視覚	17941
▁踏み	17942
カレ	17943
キリ	17944
歩き	17945
豚	17946
質量	17947
重大	17948
,800	17949
huh	17950
▁1,3	17951
▁Abigail	17952
▁CB	17953
▁Pass	17954
▁advances	17955
▁brutal	17956
▁chores	17957
▁empathy	17958
▁footage	17959
▁govern	17960
▁planes	17961
▁rats	17962
▁salary	17963
▁swords	17964
▁ヘロデ	17965
▁ポケット	17966
▁レクリエーション	17967
▁圧迫	17968
▁女神	17969
▁滅ぼし	17970
▁連続	17971
▁閉鎖	17972
ありさ	17973
シティ	17974
僅	17975
基準	17976
広	17977
白い	17978
Get	17979
ctu	17980
rah	17981
▁Road	17982
▁await	17983
▁basket	17984
▁cult	17985
▁pronounced	17986
▁seize	17987
▁エリシャ	17988
▁サッカー	17989
▁中止	17990
▁侮辱	17991
▁危ない	17992
▁圧制	17993
▁救助	17994
▁漁	17995
▁玄関	17996
▁脅	17997
▁部隊	17998
偶像	17999
釈	18000
集まり	18001
ivity	18002
▁AN	18003
▁Guardian	18004
▁Nancy	18005
▁Revolution	18006
▁Theocratic	18007
▁contributing	18008
▁membership	18009
▁obligations	18010
▁questioning	18011
▁realizing	18012
▁sects	18013
▁unprecedented	18014
▁weighed	18015
▁ひき	18016
▁ウル	18017
▁切れ	18018
▁劇場	18019
▁売る	18020
▁目覚め	18021
▁綿	18022
▁輝き	18023
▁速い	18024
スキャン	18025
ソフト	18026
ンド	18027
告	18028
業者	18029
話題	18030
bed	18031
itive	18032
nie	18033
which	18034
▁Magedon	18035
▁Para	18036
▁Ron	18037
▁leak	18038
▁oral	18039
▁rebuild	18040
▁recipe	18041
▁widows	18042
▁ぴったり	18043
▁中庭	18044
▁処方	18045
▁夕方	18046
▁嬉し	18047
▁気質	18048
いろ	18049
しょ	18050
にくい	18051
リーナ	18052
暇	18053
民族	18054
見方	18055
ched	18056
▁Derek	18057
▁Lincoln	18058
▁Local	18059
▁Mum	18060
▁classmates	18061
▁debts	18062
▁deserved	18063
▁manual	18064
▁shouting	18065
▁tabernacle	18066
▁trumpet	18067
▁チップ	18068
▁チュー	18069
▁バアル	18070
▁ポート	18071
▁助か	18072
▁天体	18073
▁築き上げ	18074
▁結末	18075
▁頂	18076
アドレス	18077
ペソ	18078
マーン	18079
下り	18080
便利	18081
光栄	18082
答える	18083
緊急	18084
mann	18085
power	18086
▁Deut	18087
▁diamonds	18088
▁distances	18089
▁expanding	18090
▁interior	18091
▁interpret	18092
▁predictions	18093
▁さようなら	18094
▁サイズ	18095
▁ヒゼキヤ	18096
▁フラン	18097
▁右側	18098
▁応答	18099
▁消し	18100
▁称号	18101
▁積ん	18102
▁除去	18103
▁黄	18104
右手	18105
哀れ	18106
日付	18107
汝	18108
競争	18109
限定	18110
54	18111
Here	18112
ced	18113
э	18114
▁Vincent	18115
▁apostasy	18116
▁blamed	18117
▁cock	18118
▁des	18119
▁guitar	18120
▁implies	18121
▁interaction	18122
▁nurses	18123
▁submission	18124
▁temporarily	18125
▁transformation	18126
▁ボストン	18127
▁安らぎ	18128
▁渡り	18129
▁親友	18130
収穫	18131
93	18132
when	18133
▁Answers	18134
▁County	18135
▁Hot	18136
▁Natural	18137
▁Pop	18138
▁dominate	18139
▁expanded	18140
▁graduated	18141
▁guardian	18142
▁miraculously	18143
▁トー	18144
▁マラリア	18145
▁国王	18146
▁地下鉄	18147
▁奪う	18148
▁承	18149
▁指す	18150
▁推	18151
▁欠	18152
▁祖父母	18153
▁菌	18154
「	18155
もっとも	18156
トイレ	18157
ブロ	18158
住宅	18159
尽	18160
救え	18161
誤り	18162
era	18163
eur	18164
ւ	18165
▁29:	18166
▁Cur	18167
▁collapsed	18168
▁displaying	18169
▁inclination	18170
▁jury	18171
▁lofty	18172
▁recite	18173
▁staring	18174
▁timely	18175
▁traitor	18176
▁お告げ	18177
▁トミー	18178
▁ニュージーランド	18179
▁フロリダ	18180
▁妨害	18181
▁娼婦	18182
▁広がる	18183
▁正しさ	18184
▁気付	18185
▁海底	18186
▁用語	18187
アリス	18188
エイリアン	18189
テス	18190
フィン	18191
地点	18192
夜中	18193
曲が	18194
測定	18195
UM	18196
int	18197
oi	18198
tip	18199
▁Ch	18200
▁SO	18201
▁Unit	18202
▁architecture	18203
▁bloom	18204
▁challenged	18205
▁complained	18206
▁glance	18207
▁hatch	18208
▁indicating	18209
▁losses	18210
▁remarked	18211
▁ウォール	18212
▁ポスト	18213
▁乾杯	18214
▁具合	18215
▁取り戻す	18216
▁容認	18217
▁年度	18218
▁慢	18219
▁治	18220
▁肌	18221
の問題は	18222
インチ	18223
以下の	18224
祝い	18225
cia	18226
▁Days	18227
▁LA	18228
▁Makes	18229
▁Rule	18230
▁doom	18231
▁dramatically	18232
▁myth	18233
▁nut	18234
▁rub	18235
▁sits	18236
▁undergo	18237
▁versus	18238
▁vine	18239
▁うつ	18240
▁ふれ告げる	18241
▁コピー	18242
▁ピアノ	18243
▁火星	18244
▁病人	18245
▁終わらせる	18246
ごめんなさい	18247
レース	18248
且	18249
分裂	18250
浮か	18251
72	18252
IV	18253
boy	18254
come	18255
very	18256
▁$10	18257
▁Support	18258
▁classified	18259
▁collecting	18260
▁disposal	18261
▁exquisite	18262
▁friendships	18263
▁fruitful	18264
▁gatherings	18265
▁organize	18266
▁photographs	18267
▁puzzle	18268
▁rescued	18269
▁weeds	18270
▁いただける	18271
▁ゲ	18272
▁ソドム	18273
▁ペルー	18274
▁家具	18275
▁専念	18276
▁損	18277
▁見学	18278
▁軸	18279
到達	18280
平気	18281
Even	18282
ando	18283
cast	18284
isco	18285
▁Accept	18286
▁Ham	18287
▁Rutherford	18288
▁bury	18289
▁cheerful	18290
▁headline	18291
▁inmates	18292
▁paintings	18293
▁pencil	18294
▁quest	18295
▁register	18296
▁trauma	18297
▁憂慮	18298
▁鎖	18299
し続け	18300
すん	18301
ゲル	18302
モア	18303
予約	18304
分離	18305
合わせる	18306
cla	18307
ona	18308
rap	18309
▁4]	18310
▁Cover	18311
▁Display	18312
▁Francis	18313
▁blowing	18314
▁bucks	18315
▁cube	18316
▁disposed	18317
▁dive	18318
▁foreigners	18319
▁inspire	18320
▁lap	18321
▁prints	18322
▁replacement	18323
▁sweep	18324
▁tract	18325
▁unselfish	18326
▁ども	18327
▁グラム	18328
▁スティーブ	18329
▁ベイ	18330
▁ヤバ	18331
▁吸い	18332
▁競走	18333
ばい	18334
トリン	18335
フレ	18336
ヤシ	18337
収入	18338
戴	18339
燃え	18340
王子	18341
編	18342
▁350	18343
▁Humans	18344
▁Meeting	18345
▁admonished	18346
▁affecting	18347
▁calf	18348
▁coordinates	18349
▁flames	18350
▁harlot	18351
▁reception	18352
▁プレ	18353
▁ライアン	18354
▁ロス	18355
▁刈り取る	18356
▁強大	18357
▁持ち主	18358
▁教科	18359
▁火災	18360
▁生き残り	18361
▁行進	18362
▁逃げろ	18363
がかり	18364
ケイ	18365
希	18366
恋人	18367
恩	18368
縛	18369
辛	18370
ero	18371
tine	18372
▁Musa	18373
▁academic	18374
▁bye	18375
▁cleansed	18376
▁faithless	18377
▁gently	18378
▁outward	18379
▁participation	18380
▁pressing	18381
▁wonders	18382
▁なのに	18383
▁出会	18384
▁出現	18385
▁厄介	18386
▁報酬	18387
▁校長	18388
▁発し	18389
▁老化	18390
▁重視	18391
リュ	18392
大勢	18393
屋根	18394
帝国	18395
由	18396
UD	18397
ened	18398
▁Ce	18399
▁Enable	18400
▁Less	18401
▁announce	18402
▁borders	18403
▁devour	18404
▁envelope	18405
▁evolved	18406
▁flocks	18407
▁goodbye	18408
▁jewelry	18409
▁lu	18410
▁rushed	18411
▁sabbath	18412
▁裏切り	18413
▁魔女	18414
かつて	18415
ほんの	18416
問う	18417
快	18418
謎	18419
那	18420
▁Guide	18421
▁Price	18422
▁Video	18423
▁agricultural	18424
▁altitude	18425
▁collar	18426
▁consist	18427
▁cooked	18428
▁heated	18429
▁persist	18430
▁si	18431
▁token	18432
▁worries	18433
▁か所	18434
▁らしい	18435
▁器具	18436
ちが	18437
シック	18438
フォーマ	18439
人形	18440
員が	18441
封	18442
92	18443
ECT	18444
izer	18445
▁Configure	18446
▁Gre	18447
▁Habakkuk	18448
▁chaste	18449
▁classic	18450
▁divisions	18451
▁hitting	18452
▁reminders	18453
▁secondary	18454
▁tolerate	18455
▁twisted	18456
▁ヒー	18457
▁光線	18458
▁尋問	18459
▁弱く	18460
▁採	18461
▁眺め	18462
▁蚊	18463
が不	18464
ひと	18465
アイテム	18466
ティブ	18467
以降	18468
悠	18469
摂氏	18470
林	18471
,23	18472
oku	18473
pet	18474
uni	18475
▁$100	18476
▁25%	18477
▁77	18478
▁Data	18479
▁Excellent	18480
▁Large	18481
▁blend	18482
▁bri	18483
▁dishonest	18484
▁overlooked	18485
▁quake	18486
▁scope	18487
▁trips	18488
▁umbrella	18489
▁ギャング	18490
▁グリーン	18491
▁ビリー	18492
▁メイン	18493
▁保管	18494
▁戻ら	18495
▁放射線	18496
▁毎晩	18497
▁球	18498
▁結核	18499
ディン	18500
トロン	18501
ヴィ	18502
夕	18503
年若い	18504
港	18505
資源	18506
速い	18507
香	18508
AH	18509
ATE	18510
cip	18511
▁Example	18512
▁Mine	18513
▁Plan	18514
▁Protestants	18515
▁abode	18516
▁comp	18517
▁concealed	18518
▁necessities	18519
▁passages	18520
▁primitive	18521
▁trading	18522
▁underlying	18523
▁utmost	18524
▁virtual	18525
▁メンバー	18526
▁聴き	18527
▁輝かしい	18528
▁運河	18529
ジム	18530
タスク	18531
ニク	18532
バリー	18533
ミル	18534
レストラン	18535
下さ	18536
取ら	18537
取り戻	18538
建設	18539
正体	18540
潮	18541
fl	18542
holy	18543
lier	18544
ä	18545
▁Different	18546
▁Eva	18547
▁Judaism	18548
▁appealed	18549
▁deprived	18550
▁dragged	18551
▁employ	18552
▁favors	18553
▁habitat	18554
▁patch	18555
▁plates	18556
▁varied	18557
▁シオン	18558
▁井戸	18559
▁便利	18560
▁反乱	18561
▁悟	18562
▁手話	18563
▁要請	18564
だもの	18565
エイ	18566
スティック	18567
バランス	18568
探せ	18569
習慣	18570
起こし	18571
BAR	18572
def	18573
graph	18574
▁80%	18575
▁Certain	18576
▁Gregor	18577
▁Sound	18578
▁Teaching	18579
▁anguish	18580
▁attributed	18581
▁governmental	18582
▁hug	18583
▁motherfucker	18584
▁originated	18585
▁promising	18586
▁sticks	18587
▁まずい	18588
▁やら	18589
▁よせ	18590
▁サンタ	18591
▁推論	18592
▁敏感	18593
▁林	18594
▁浸	18595
▁石炭	18596
エディ	18597
▁86	18598
▁Tyler	18599
▁borne	18600
▁ceased	18601
▁corresponds	18602
▁distressed	18603
▁inferior	18604
▁legend	18605
▁trucks	18606
▁におい	18607
▁のど	18608
▁停	18609
▁凝	18610
▁必	18611
▁生殖	18612
の権利	18613
フォント	18614
リュー	18615
占	18616
塞	18617
erson	18618
▁Islamic	18619
▁awaits	18620
▁cheat	18621
▁resentment	18622
▁straightforward	18623
▁width	18624
▁zealously	18625
▁そそ	18626
▁ぬぐ	18627
▁弱点	18628
▁微生物	18629
▁思い起こす	18630
▁打つ	18631
▁灰	18632
▁行事	18633
くん	18634
スクリーン	18635
マッチ	18636
団体	18637
従え	18638
教訓	18639
湯	18640
踏	18641
TV	18642
ei	18643
ss	18644
▁Bishop	18645
▁Diagram	18646
▁Writing	18647
▁blank	18648
▁monkeys	18649
▁protocol	18650
▁removing	18651
▁さよなら	18652
▁メリー	18653
▁水面	18654
▁終える	18655
それでも	18656
ゥ	18657
カバー	18658
弧	18659
御名	18660
構	18661
製造	18662
造り	18663
釈放	18664
開けろ	18665
5)	18666
Je	18667
ules	18668
▁1952	18669
▁Believers	18670
▁Denmark	18671
▁Grant	18672
▁Ruler	18673
▁Savior	18674
▁interface	18675
▁peculiar	18676
▁shapes	18677
▁slaughtered	18678
▁spray	18679
▁suggesting	18680
▁supports	18681
▁trillion	18682
▁コート	18683
▁ローレ	18684
▁仕	18685
▁家系	18686
▁懇願	18687
▁折	18688
▁熟	18689
▁独り子	18690
▁獄	18691
▁甘い	18692
▁矢	18693
▁素早く	18694
▁駐車	18695
れること	18696
ェ	18697
ナイ	18698
建築	18699
待た	18700
解読	18701
3.	18702
ƒ	18703
▁Buddhist	18704
▁False	18705
▁Sho	18706
▁Thursday	18707
▁exhibit	18708
▁hopeless	18709
▁mm	18710
▁purse	18711
▁sync	18712
▁もともと	18713
▁クモ	18714
▁ジュー	18715
▁ベルギー	18716
▁把握	18717
▁財政	18718
▁農家	18719
お待ち	18720
塊	18721
宝	18722
CT	18723
ool	18724
▁$5	18725
▁Ana	18726
▁Peru	18727
▁Universal	18728
▁blows	18729
▁boom	18730
▁courtyard	18731
▁gi	18732
▁identification	18733
▁laser	18734
▁persistent	18735
▁ra	18736
▁scream	18737
▁slipped	18738
▁sunset	18739
▁tumor	18740
▁エリザベス	18741
▁プラス	18742
▁失意	18743
▁携わり	18744
▁気象	18745
▁脅か	18746
▁豚	18747
ぅ	18748
バード	18749
ラボ	18750
休暇	18751
坊	18752
虚	18753
談	18754
陥	18755
Gener	18756
base	18757
ked	18758
▁115	18759
▁Alaska	18760
▁Cam	18761
▁Georgia	18762
▁abusive	18763
▁attachment	18764
▁bestow	18765
▁captive	18766
▁chaos	18767
▁continuous	18768
▁counselor	18769
▁diabetes	18770
▁exp	18771
▁footsteps	18772
▁grades	18773
▁ram	18774
▁タイヤ	18775
▁付ける	18776
▁付近	18777
▁獲得	18778
▁黙示録	18779
かせる	18780
エリア	18781
医学	18782
嵐	18783
押す	18784
生き物	18785
Ste	18786
door	18787
ised	18788
make	18789
▁31]	18790
▁44)	18791
▁Morgan	18792
▁competitive	18793
▁executive	18794
▁masters	18795
▁starving	18796
▁supposedly	18797
▁wildlife	18798
▁事例	18799
▁仮に	18800
▁反射	18801
▁炭	18802
▁通る	18803
スペイン	18804
ラジオ	18805
住み	18806
Con	18807
OP	18808
▁Arab	18809
▁Hit	18810
▁Studies	18811
▁bottles	18812
▁deposit	18813
▁frightening	18814
▁haughty	18815
▁priorities	18816
▁restrictions	18817
▁sheer	18818
▁suffers	18819
▁thunder	18820
▁voyage	18821
▁こたえ	18822
▁ずい	18823
▁作戦	18824
▁風邪	18825
キュ	18826
グラ	18827
塗	18828
巡	18829
▁magnitude	18830
▁noteworthy	18831
▁perceived	18832
▁plug	18833
▁positively	18834
▁sprout	18835
▁もうけ	18836
▁アブ	18837
▁照	18838
ウォーカー	18839
キャンプ	18840
シオ	18841
今回	18842
垂れ	18843
寧	18844
業界	18845
畑	18846
監督	18847
真似	18848
頼み	18849
魔女	18850
黄色	18851
iest	18852
▁Been	18853
▁Giving	18854
▁Lin	18855
▁Shin	18856
▁cable	18857
▁lazy	18858
▁pouring	18859
▁profits	18860
▁psycho	18861
▁thirsty	18862
▁取り引き	18863
▁実り	18864
▁持て	18865
▁損傷	18866
▁文句	18867
▁族長	18868
▁流れる	18869
▁清さ	18870
▁知性	18871
▁見つかる	18872
▁話せる	18873
すなわち	18874
叔父	18875
取り上げ	18876
華	18877
lip	18878
▁ONE	18879
▁appoint	18880
▁cautious	18881
▁jerk	18882
▁lame	18883
▁proteins	18884
▁quarrel	18885
▁thrill	18886
▁uncleanness	18887
▁さす	18888
▁グラ	18889
▁危	18890
▁変革	18891
くわ	18892
つなが	18893
レブ	18894
多数	18895
踊	18896
those	18897
▁127	18898
▁26;	18899
▁ISO	18900
▁Stadium	18901
▁fellowman	18902
▁interact	18903
▁regression	18904
▁remembers	18905
▁あえて	18906
▁じ	18907
▁アラブ	18908
▁ワイ	18909
▁予算	18910
▁王座	18911
▁理知	18912
▁触れる	18913
もはや	18914
キュー	18915
ディス	18916
ノート	18917
ベイビー	18918
汚染	18919
消息	18920
眺め	18921
79	18922
May	18923
bus	18924
called	18925
lav	18926
mir	18927
zen	18928
ão	18929
▁125	18930
▁climax	18931
▁feeds	18932
▁greeting	18933
▁quiz	18934
▁relaxed	18935
▁spends	18936
▁thread	18937
▁translators	18938
▁あげる	18939
▁リンダ	18940
▁夫人	18941
▁欽定	18942
▁生ける	18943
▁見地	18944
▁過剰	18945
きたら	18946
スコア	18947
一団	18948
鉱	18949
700	18950
IST	18951
foot	18952
tus	18953
▁Class	18954
▁Johnson	18955
▁Syria	18956
▁bark	18957
▁beef	18958
▁begging	18959
▁fiber	18960
▁forbid	18961
▁historic	18962
▁multiplied	18963
▁railway	18964
▁sadness	18965
▁scales	18966
▁unite	18967
▁warming	18968
▁まく	18969
▁エフェ	18970
▁ギャンブル	18971
▁トル	18972
▁古く	18973
▁標	18974
▁見せる	18975
▁騒ぎ	18976
グラス	18977
ヴィン	18978
孫	18979
忠告	18980
暗い	18981
朗	18982
消す	18983
結論	18984
ote	18985
°	18986
▁40:	18987
▁Fer	18988
▁Hundreds	18989
▁Maggie	18990
▁Signs	18991
▁Tar	18992
▁backed	18993
▁diagnosed	18994
▁inviting	18995
▁reporter	18996
▁teens	18997
▁パイロット	18998
▁久しぶり	18999
▁仲良	19000
▁作り出し	19001
▁参	19002
▁右手	19003
▁国語	19004
▁巻き物	19005
▁広場	19006
▁直径	19007
▁賃金	19008
もつ	19009
シル	19010
ソート	19011
仕掛け	19012
芽	19013
警	19014
輩	19015
rou	19016
▁39.	19017
▁Default	19018
▁Doctors	19019
▁Lebanon	19020
▁Nazareth	19021
▁Sacred	19022
▁Stories	19023
▁breeding	19024
▁counsels	19025
▁dismissed	19026
▁graduate	19027
▁isolation	19028
▁laughed	19029
▁puff	19030
▁unmarried	19031
▁victorious	19032
▁スコット	19033
▁チリ	19034
▁メル	19035
▁傷つける	19036
▁基地	19037
▁抗生物質	19038
▁撃て	19039
▁調理	19040
▁金融	19041
の影響	19042
エッジ	19043
スタート	19044
信念	19045
喜ぶ	19046
足す	19047
通過	19048
57	19049
ell	19050
ges	19051
lands	19052
wha	19053
▁Inside	19054
▁Meet	19055
▁candy	19056
▁demonstration	19057
▁fans	19058
▁hunter	19059
▁improving	19060
▁laboratory	19061
▁liars	19062
▁propaganda	19063
▁sowing	19064
▁stability	19065
▁ガー	19066
▁スペース	19067
▁順応	19068
▁養子	19069
ウェー	19070
バグ	19071
ペア	19072
地位	19073
手足	19074
▁1900	19075
▁Become	19076
▁Cancer	19077
▁Drug	19078
▁Moon	19079
▁ab	19080
▁drain	19081
▁essence	19082
▁protects	19083
▁smiling	19084
▁ジーン	19085
▁マギ	19086
▁固定	19087
▁対抗	19088
▁畜	19089
▁貯蔵	19090
ブラック	19091
傍	19092
▁Copyright	19093
▁Worldwide	19094
▁accuse	19095
▁boiling	19096
▁bribe	19097
▁cultivated	19098
▁longing	19099
▁nail	19100
▁oversight	19101
▁seasons	19102
▁uncertainty	19103
▁vertical	19104
▁代償	19105
▁帽子	19106
▁幕屋	19107
▁折り	19108
▁略奪	19109
▁見つめ	19110
カリ	19111
コーディング	19112
冒	19113
孤児	19114
監	19115
貢献	19116
gal	19117
▁Faithful	19118
▁Nine	19119
▁Sex	19120
▁adhere	19121
▁circles	19122
▁comforted	19123
▁confusing	19124
▁ladder	19125
▁wheelchair	19126
▁いじめ	19127
▁むなしい	19128
▁効率	19129
▁十二	19130
▁同盟	19131
▁就く	19132
▁当たり前	19133
▁数百	19134
▁雨林	19135
たりし	19136
中毒	19137
吹き	19138
譲	19139
Thank	19140
▁Brothers	19141
▁Party	19142
▁Pray	19143
▁Stra	19144
▁Turkey	19145
▁blade	19146
▁container	19147
▁feathers	19148
▁multiplying	19149
▁reflecting	19150
▁removal	19151
▁snakes	19152
▁valued	19153
▁weaken	19154
▁だったら	19155
▁住みか	19156
▁投げ込	19157
▁揺れ	19158
▁疑う	19159
▁積	19160
ばら	19161
マウス	19162
交通	19163
伏	19164
妨げ	19165
正当	19166
看護	19167
長官	19168
63	19169
ano	19170
din	19171
ena	19172
hearted	19173
rent	19174
▁Samaria	19175
▁calculated	19176
▁fi	19177
▁gracious	19178
▁halt	19179
▁joyfully	19180
▁observers	19181
▁pursuits	19182
▁radius	19183
▁とっても	19184
▁代価	19185
▁全身	19186
▁勝ち	19187
▁匹敵	19188
▁推進	19189
▁読め	19190
▁迷	19191
▁香港	19192
よろしい	19193
タス	19194
ヨン	19195
劣	19196
単なる	19197
手助け	19198
fell	19199
vit	19200
▁Cooper	19201
▁Hide	19202
▁Paulo	19203
▁borrowed	19204
▁cage	19205
▁compelled	19206
▁golf	19207
▁nerves	19208
▁permits	19209
▁tapes	19210
▁tastes	19211
▁公衆	19212
▁切っ	19213
▁切る	19214
▁悪夢	19215
▁本能	19216
▁滑	19217
▁縁	19218
▁鼓舞	19219
値段	19220
取り戻す	19221
深刻	19222
舟	19223
辿	19224
近所	19225
58	19226
TY	19227
card	19228
four	19229
lings	19230
rated	19231
search	19232
▁14]	19233
▁50,000	19234
▁Dear	19235
▁Eccl	19236
▁Hotel	19237
▁Tonight	19238
▁detestable	19239
▁homicide	19240
▁infections	19241
▁カラー	19242
▁ガラ	19243
▁スー	19244
▁ライフ	19245
▁交際	19246
▁木材	19247
▁着く	19248
▁瞬間	19249
▁舟	19250
マジ	19251
ミッション	19252
低く	19253
忠誠	19254
閉じ込め	19255
-1	19256
EM	19257
live	19258
nation	19259
oth	19260
▁6,7)	19261
▁Babylonians	19262
▁DC	19263
▁Leo	19264
▁Mad	19265
▁Prime	19266
▁Secretary	19267
▁Thirty	19268
▁breasts	19269
▁colony	19270
▁commissioned	19271
▁comprehend	19272
▁elementary	19273
▁hurting	19274
▁prisons	19275
▁publish	19276
▁tiger	19277
▁unfortunately	19278
▁withdraw	19279
▁wo	19280
▁シナイ	19281
▁ロサンゼルス	19282
▁中世	19283
▁住居	19284
▁余儀	19285
▁固	19286
▁垂	19287
▁発音	19288
▁防止	19289
っ子	19290
ストリー	19291
ダム	19292
バート	19293
外出	19294
笛	19295
美人	19296
都	19297
gres	19298
▁Cisco	19299
▁Pete	19300
▁Ren	19301
▁Respect	19302
▁expects	19303
▁minority	19304
▁outbreak	19305
▁personalities	19306
▁pose	19307
▁praised	19308
▁reducing	19309
▁spotted	19310
▁triangle	19311
▁付き合	19312
▁手がかり	19313
▁精力	19314
例えば	19315
刀	19316
召	19317
文法	19318
連続	19319
IF	19320
gno	19321
mple	19322
too	19323
▁Careful	19324
▁Contents	19325
▁Gra	19326
▁Judges	19327
▁Network	19328
▁abstract	19329
▁enters	19330
▁fashioned	19331
▁flame	19332
▁pepper	19333
▁reserve	19334
▁retirement	19335
▁sacrificial	19336
▁speakers	19337
▁studio	19338
▁サイモン	19339
▁ジー	19340
▁ソビエト	19341
▁ゾンビ	19342
▁同等	19343
▁放棄	19344
▁生み	19345
▁結びつけ	19346
▁耐え忍ぶ	19347
▁証	19348
▁随	19349
やく	19350
ケル	19351
ブルー	19352
ヘレン	19353
メモリ	19354
七	19355
全員が	19356
叶	19357
探索	19358
昨	19359
机	19360
逃	19361
遺体	19362
bound	19363
ene	19364
itter	19365
▁3,500	19366
▁ALL	19367
▁JavaScript	19368
▁Maya	19369
▁Ope	19370
▁Zephaniah	19371
▁accustomed	19372
▁designer	19373
▁excuses	19374
▁fastest	19375
▁fig	19376
▁mount	19377
▁rooted	19378
▁sq	19379
▁syndrome	19380
▁unreasonable	19381
▁winner	19382
▁わき	19383
▁わざわざ	19384
▁フォ	19385
▁入口	19386
▁掛ける	19387
▁明るく	19388
やし	19389
グリーン	19390
役立つ	19391
明瞭	19392
清算	19393
腫	19394
FF	19395
▁Hear	19396
▁Minor	19397
▁Tuesday	19398
▁comic	19399
▁pad	19400
▁tune	19401
▁watches	19402
▁あたかも	19403
▁ゴム	19404
▁ゼロ	19405
▁水準	19406
▁産物	19407
▁親子	19408
▁重力	19409
▁野球	19410
エクス	19411
ピアノ	19412
ブルク	19413
ラウンド	19414
査	19415
真ん中	19416
絶望	19417
若さ	19418
eo	19419
mu	19420
och	19421
▁94	19422
▁Column	19423
▁[3	19424
▁delete	19425
▁mechanism	19426
▁nineteen	19427
▁plugin	19428
▁reactor	19429
▁亡くなる	19430
▁済み	19431
▁滝	19432
▁脅かす	19433
▁調	19434
ツェ	19435
多様	19436
我ら	19437
最低	19438
条	19439
汚	19440
祖父	19441
認める	19442
lah	19443
script	19444
▁Files	19445
▁Sort	19446
▁Ter	19447
▁User	19448
▁depart	19449
▁fabric	19450
▁marking	19451
▁plainly	19452
▁siege	19453
▁youngest	19454
▁ウォーカー	19455
▁ディーン	19456
▁リーダー	19457
▁口論	19458
▁叫	19459
▁執	19460
▁堕胎	19461
▁引き合	19462
▁怖が	19463
▁捜索	19464
▁細	19465
▁繰り返	19466
るために	19467
トス	19468
正常	19469
済む	19470
英国	19471
落ち着	19472
見かけ	19473
04	19474
kill	19475
▁Glad	19476
▁Letter	19477
▁attributes	19478
▁captivity	19479
▁clergyman	19480
▁compete	19481
▁convicted	19482
▁destined	19483
▁exclusively	19484
▁helmet	19485
▁lions	19486
▁luxury	19487
▁marrying	19488
▁organism	19489
▁shark	19490
▁smells	19491
▁suspected	19492
▁オンライン	19493
▁ハンガリー	19494
▁戦車	19495
▁硬貨	19496
▁認可	19497
▁酔っ	19498
下し	19499
伝統	19500
庁	19501
性質	19502
手順	19503
捨	19504
Po	19505
value	19506
▁Regardless	19507
▁Tra	19508
▁disco	19509
▁diversity	19510
▁escort	19511
▁necessity	19512
▁promotes	19513
▁sweetie	19514
▁theology	19515
▁地点	19516
▁浪費	19517
▁課程	19518
▁隠す	19519
っこ	19520
ナル	19521
バイト	19522
レーン	19523
決まり	19524
添	19525
石油	19526
,21	19527
Moses	19528
fulness	19529
ility	19530
pot	19531
ram	19532
rous	19533
▁Hosea	19534
▁Lance	19535
▁Nazis	19536
▁heroin	19537
▁jaws	19538
▁monthly	19539
▁philosopher	19540
▁promoting	19541
▁revolt	19542
▁squad	19543
うつ	19544
き去	19545
イヤー	19546
セイ	19547
ーナ	19548
天才	19549
欺	19550
需	19551
itch	19552
nia	19553
phone	19554
▁Mah	19555
▁Safe	19556
▁cocaine	19557
▁considerate	19558
▁deserving	19559
▁endangered	19560
▁illusion	19561
▁lieutenant	19562
▁truthfulness	19563
▁wrist	19564
▁ジョニー	19565
▁先端	19566
▁力強い	19567
▁暖かい	19568
つながり	19569
ギュ	19570
デュ	19571
ハード	19572
ハーバード	19573
フード	19574
ボーイ	19575
廷	19576
怪物	19577
悲しみ	19578
発電	19579
青い	19580
ITY	19581
ort	19582
▁Grab	19583
▁Graham	19584
▁Ur	19585
▁Wayne	19586
▁controversy	19587
▁dam	19588
▁lighter	19589
▁rip	19590
▁tails	19591
▁グレース	19592
▁コカイン	19593
▁ハニ	19594
▁マスター	19595
▁ミー	19596
▁修正	19597
▁妨げる	19598
▁教区	19599
▁数える	19600
▁目ざめ	19601
かわ	19602
ガード	19603
変動	19604
材料	19605
裁き	19606
要請	19607
city	19608
ered	19609
ida	19610
▁38.	19611
▁74	19612
▁AL	19613
▁Basically	19614
▁Cold	19615
▁Jedi	19616
▁Rebecca	19617
▁beautifully	19618
▁composition	19619
▁cubic	19620
▁greet	19621
▁ki	19622
▁lesser	19623
▁pizza	19624
▁remedy	19625
▁rot	19626
▁shorter	19627
▁sperm	19628
▁あり得る	19629
▁ダー	19630
▁トップ	19631
▁ナザレ	19632
▁ビン	19633
▁知能	19634
▁至り	19635
▁言い訳	19636
▁首相	19637
メラ	19638
リヤ	19639
争	19640
心理	19641
based	19642
▁40%	19643
▁Cass	19644
▁Ram	19645
▁SS	19646
▁cart	19647
▁favorably	19648
▁harmonize	19649
▁investigating	19650
▁opera	19651
▁グラフ	19652
▁ナチス	19653
▁ニサン	19654
▁机	19655
▁移り	19656
▁程	19657
▁言い方	19658
▁道筋	19659
けた	19660
ミリ	19661
卿	19662
台無し	19663
固定	19664
妊娠	19665
授ける	19666
炭素	19667
蛇	19668
輝	19669
94	19670
INE	19671
NY	19672
ature	19673
dir	19674
num	19675
▁92	19676
▁Andy	19677
▁Elders	19678
▁agriculture	19679
▁echo	19680
▁freeze	19681
▁grandchildren	19682
▁lust	19683
▁numbered	19684
▁prospective	19685
▁punch	19686
▁reckoning	19687
▁regain	19688
▁shaking	19689
▁tricks	19690
▁ことごとく	19691
▁オル	19692
▁サメ	19693
▁探	19694
▁未満	19695
▁演じ	19696
▁遭い	19697
▁高ま	19698
ォ	19699
クール	19700
スラム	19701
ナルド	19702
会わ	19703
否	19704
果実	19705
泥棒	19706
閣下	19707
黄金	19708
NO	19709
rse	19710
ç	19711
▁5%	19712
▁Fish	19713
▁LIFE	19714
▁Original	19715
▁autumn	19716
▁bombing	19717
▁currency	19718
▁doll	19719
▁grabbed	19720
▁min	19721
▁offset	19722
▁scenario	19723
▁sneak	19724
▁tense	19725
▁いらいら	19726
▁イラン	19727
▁ドン	19728
▁バプテスト	19729
▁ブレ	19730
▁マラウィ	19731
▁休息	19732
▁地表	19733
しるし	19734
もや	19735
タク	19736
反抗	19737
反逆	19738
語り	19739
追う	19740
aba	19741
▁ashes	19742
▁laughter	19743
▁passport	19744
▁sanctified	19745
▁ともかく	19746
▁バルナバ	19747
▁届け	19748
▁肝臓	19749
▁誓	19750
▁遂げる	19751
八	19752
捕	19753
旗	19754
読め	19755
gers	19756
liness	19757
lum	19758
para	19759
▁Char	19760
▁Due	19761
▁Lutheran	19762
▁charm	19763
▁chasing	19764
▁deer	19765
▁fiction	19766
▁guessing	19767
▁locally	19768
▁occult	19769
▁perimeter	19770
▁territories	19771
▁theologians	19772
▁いたずら	19773
▁スタン	19774
▁ピンク	19775
▁持ち込	19776
▁昼食	19777
▁薬剤	19778
▁重ね	19779
いつか	19780
だす	19781
クレ	19782
奉仕	19783
検討	19784
蔑	19785
衛星	19786
Di	19787
ncy	19788
ying	19789
▁30%	19790
▁Bit	19791
▁Code	19792
▁Filter	19793
▁Irish	19794
▁Virginia	19795
▁accent	19796
▁complaining	19797
▁contradict	19798
▁disobey	19799
▁engines	19800
▁exemplary	19801
▁heroes	19802
▁materially	19803
▁simplify	19804
▁いただ	19805
▁ナン	19806
▁マーフィー	19807
▁一家	19808
▁元素	19809
▁砕	19810
ぐら	19811
ゲート	19812
トロ	19813
ヘン	19814
メー	19815
ラップ	19816
上司	19817
夫婦	19818
放送	19819
73	19820
Okay	19821
miss	19822
▁1943	19823
▁Arctic	19824
▁Belgium	19825
▁Gordon	19826
▁Scientist	19827
▁achievement	19828
▁aloud	19829
▁bang	19830
▁distinctive	19831
▁obsessed	19832
▁obstacle	19833
▁revenue	19834
▁tombs	19835
▁レコード	19836
▁伸ばし	19837
▁切断	19838
▁彫刻	19839
▁怖く	19840
▁断片	19841
▁禁	19842
▁食欲	19843
アイコン	19844
ウェア	19845
ドゥー	19846
備	19847
果た	19848
肌	19849
9%	19850
ea	19851
vy	19852
▁14,15)	19853
▁1922	19854
▁4.0	19855
▁Facebook	19856
▁Finland	19857
▁Sheriff	19858
▁accepts	19859
▁chi	19860
▁factories	19861
▁ingredients	19862
▁minimize	19863
▁pulse	19864
▁temptations	19865
▁und	19866
▁かなう	19867
▁たまたま	19868
▁ゲイ	19869
▁プリ	19870
▁ヘクタール	19871
▁確保	19872
▁粗	19873
▁襲撃	19874
▁誘い	19875
つぶ	19876
ウェブ	19877
チャンネル	19878
バリ	19879
仕組み	19880
対策	19881
mus	19882
oy	19883
ult	19884
▁35:	19885
▁Around	19886
▁Jon	19887
▁Knorr	19888
▁burdens	19889
▁chooses	19890
▁contributes	19891
▁drift	19892
▁embraced	19893
▁ja	19894
▁monsters	19895
▁prop	19896
▁reasonably	19897
▁refusal	19898
▁アサ	19899
▁イラク	19900
▁スクリーン	19901
▁モアブ	19902
▁厚	19903
▁授け	19904
▁有毒	19905
▁相対	19906
リウス	19907
巻き込	19908
海岸	19909
狼	19910
高級	19911
4,	19912
atch	19913
ston	19914
án	19915
▁Kyle	19916
▁Mt	19917
▁cups	19918
▁den	19919
▁download	19920
▁entertain	19921
▁goddess	19922
▁loyally	19923
▁petition	19924
▁protector	19925
▁qualifications	19926
▁restraint	19927
▁woe	19928
▁イングランド	19929
▁エレン	19930
▁キング	19931
▁スライ	19932
▁テクノロジー	19933
▁ブリタニカ	19934
▁免	19935
▁従事	19936
▁復帰	19937
▁輸入	19938
去ら	19939
戦士	19940
指紋	19941
趣味	19942
階段	19943
,700	19944
ARD	19945
die	19946
lation	19947
▁Iron	19948
▁barren	19949
▁cha	19950
▁cries	19951
▁eagle	19952
▁measurement	19953
▁occurring	19954
▁pastor	19955
▁pond	19956
▁rejection	19957
▁sting	19958
▁フィリ	19959
▁リスク	19960
▁刃	19961
▁勝つ	19962
▁緑色	19963
▁聖堂	19964
▁腫瘍	19965
▁誓約	19966
付き合	19967
放し	19968
獲得	19969
軍勢	19970
通る	19971
▁Chile	19972
▁Newton	19973
▁acute	19974
▁beard	19975
▁dislike	19976
▁dividing	19977
▁leisure	19978
▁straw	19979
▁しかる	19980
▁ウェブサイト	19981
▁ヨナタン	19982
▁ロン	19983
▁憎ま	19984
▁抑圧	19985
▁捕虜	19986
▁熟考	19987
▁賭博	19988
▁辞書	19989
ティス	19990
ティン	19991
パート	19992
会見	19993
折り	19994
言い方	19995
貴重	19996
連邦	19997
cell	19998
ras	19999
round	20000
▁79	20001
▁Ain	20002
▁Gulf	20003
▁Marcus	20004
▁Violence	20005
▁Woe	20006
▁bay	20007
▁category	20008
▁emphasize	20009
▁invention	20010
▁pause	20011
▁treatments	20012
▁violation	20013
▁wins	20014
▁キャシー	20015
▁味方	20016
▁構	20017
▁画面	20018
▁組み合わせ	20019
▁薄	20020
▁起因	20021
▁農夫	20022
ぐり	20023
そうした	20024
ジェーン	20025
ターン	20026
寝た	20027
届き	20028
廃	20029
戦え	20030
支え	20031
申し	20032
裂	20033
適	20034
7.	20035
PHP	20036
any	20037
each	20038
reg	20039
▁23,24	20040
▁Assyrian	20041
▁Beautiful	20042
▁Cook	20043
▁Ted	20044
▁beds	20045
▁designated	20046
▁gallons	20047
▁internet	20048
▁kidney	20049
▁titles	20050
▁とうとう	20051
▁分泌	20052
▁政	20053
▁料金	20054
▁方式	20055
」	20056
こり	20057
ょ	20058
コル	20059
付与	20060
保管	20061
恐らく	20062
支払	20063
救助	20064
締め	20065
負う	20066
頑	20067
50,000	20068
MB	20069
Web	20070
atur	20071
eas	20072
fus	20073
ific	20074
▁Mag	20075
▁Russians	20076
▁Scotland	20077
▁Station	20078
▁channels	20079
▁expresses	20080
▁fibers	20081
▁hurled	20082
▁shallow	20083
▁telescope	20084
▁スーザン	20085
▁ネコ	20086
▁上記	20087
▁人形	20088
▁代わる	20089
▁勤め	20090
▁取り組む	20091
▁英	20092
かき	20093
つて	20094
優しく	20095
捕え	20096
His	20097
utter	20098
▁Constantine	20099
▁automatic	20100
▁dread	20101
▁festivals	20102
▁interrupt	20103
▁quantities	20104
▁stamp	20105
▁エイ	20106
▁オハ	20107
▁一見	20108
▁真ん中	20109
▁行列	20110
コメント	20111
ジェイ	20112
ハッ	20113
儲け	20114
動機	20115
専	20116
浸	20117
航	20118
NSA	20119
zy	20120
▁22]	20121
▁Carlos	20122
▁Guinea	20123
▁Haven	20124
▁Sean	20125
▁adverse	20126
▁breach	20127
▁celebrating	20128
▁chemistry	20129
▁gains	20130
▁hyper	20131
▁icon	20132
▁mathematical	20133
▁proclamation	20134
▁utterly	20135
▁ショーン	20136
▁周	20137
▁回避	20138
▁審理	20139
イーサ	20140
オル	20141
クト	20142
ブラウザ	20143
ベース	20144
ーグル	20145
右側	20146
山々	20147
独房	20148
返り	20149
遂	20150
CR	20151
MENT	20152
sey	20153
slave	20154
կ	20155
⁄	20156
▁Annie	20157
▁Hearing	20158
▁Marty	20159
▁Pl	20160
▁Pla	20161
▁Taiwan	20162
▁brick	20163
▁forsake	20164
▁ga	20165
▁imitation	20166
▁infancy	20167
▁orderly	20168
▁seeks	20169
▁spies	20170
▁understandable	20171
▁南極	20172
▁売ら	20173
▁楽しめる	20174
▁漁師	20175
▁良	20176
▁見守	20177
ことなく	20178
ツィ	20179
テニス	20180
作家	20181
尋問	20182
書け	20183
繋	20184
謝	20185
link	20186
pped	20187
▁30,000	20188
▁Columbus	20189
▁Eye	20190
▁afflict	20191
▁closet	20192
▁consumer	20193
▁conventional	20194
▁desiring	20195
▁detected	20196
▁hasten	20197
▁journalist	20198
▁liberal	20199
▁radioactive	20200
▁rail	20201
▁recognizing	20202
▁respectful	20203
▁terribly	20204
▁transplant	20205
▁typically	20206
▁weighing	20207
▁エマ	20208
▁クロー	20209
▁ノルウェー	20210
▁リース	20211
▁哀れ	20212
▁善い	20213
▁固い	20214
▁御国	20215
▁振る	20216
ハンド	20217
子女	20218
流行	20219
辞め	20220
Peace	20221
SP	20222
many	20223
▁COVER	20224
▁Einstein	20225
▁Himself	20226
▁Meal	20227
▁Scientific	20228
▁bu	20229
▁catastrophe	20230
▁likelihood	20231
▁offended	20232
▁presenting	20233
▁suspended	20234
▁tribal	20235
▁いとこ	20236
▁ケイト	20237
▁一貫	20238
▁沿い	20239
▁爆	20240
▁裏切	20241
▁足跡	20242
商売	20243
宮	20244
従わ	20245
爵	20246
配する	20247
防衛	20248
黒い	20249
52	20250
▁Track	20251
▁donations	20252
▁financially	20253
▁orphans	20254
▁polluted	20255
▁serial	20256
▁strongest	20257
▁クー	20258
▁シェ	20259
▁ブライアン	20260
▁取り組	20261
▁正気	20262
執り	20263
渡り	20264
目覚め	20265
避ける	20266
mber	20267
ub	20268
▁Antioch	20269
▁Behind	20270
▁Current	20271
▁Evil	20272
▁Josephus	20273
▁Walking	20274
▁facial	20275
▁foul	20276
▁householder	20277
▁presently	20278
▁resistant	20279
▁surgical	20280
▁variance	20281
▁くつ	20282
▁批評	20283
▁掘り	20284
▁著	20285
うまい	20286
ぐる	20287
ザル	20288
チュー	20289
リアル	20290
十億	20291
指令	20292
殖	20293
殻	20294
減少	20295
申し出	20296
裂け	20297
過ち	20298
阻	20299
Al	20300
On	20301
UE	20302
Un	20303
uc	20304
▁3]	20305
▁Catholicism	20306
▁Wh	20307
▁agrees	20308
▁completion	20309
▁component	20310
▁joking	20311
▁optimistic	20312
▁princes	20313
▁terrified	20314
▁どな	20315
▁デュ	20316
▁ベツレヘム	20317
▁凍	20318
▁天国	20319
▁安い	20320
▁束縛	20321
ノス	20322
丈	20323
反省	20324
画面	20325
臭	20326
設	20327
識別	20328
釣り	20329
閉鎖	20330
Indeed	20331
bad	20332
gger	20333
▁Similar	20334
▁backgrounds	20335
▁bail	20336
▁diagram	20337
▁dimensions	20338
▁discoveries	20339
▁efficiency	20340
▁homosexuals	20341
▁lakes	20342
▁operator	20343
▁patrol	20344
▁pigs	20345
▁rests	20346
▁rhythm	20347
▁slain	20348
▁アドレス	20349
▁ゴー	20350
▁労	20351
▁水道	20352
▁消滅	20353
▁相変わらず	20354
▁除く	20355
▁陪	20356
▁雇い主	20357
おお	20358
やっと	20359
エジプト	20360
ベア	20361
緒	20362
誤解	20363
asi	20364
elder	20365
mini	20366
▁Bas	20367
▁Finding	20368
▁Guy	20369
▁Pakistan	20370
▁Southern	20371
▁begged	20372
▁dentist	20373
▁duck	20374
▁historians	20375
▁ignoring	20376
▁oven	20377
▁prohibited	20378
▁rein	20379
▁和らげる	20380
▁展開	20381
▁誤用	20382
▁警報	20383
▁遺跡	20384
▁集合	20385
セラ	20386
プラン	20387
好む	20388
懐	20389
扉	20390
施	20391
稼ぎ	20392
訴え	20393
ancy	20394
phy	20395
tent	20396
▁Ban	20397
▁Iran	20398
▁Maintain	20399
▁Private	20400
▁Quebec	20401
▁Wil	20402
▁donated	20403
▁lightly	20404
▁observance	20405
▁portions	20406
▁raid	20407
▁specially	20408
▁tattoo	20409
▁warehouse	20410
▁おや	20411
▁ふつう	20412
▁イベント	20413
▁修復	20414
▁危う	20415
▁当惑	20416
▁莫大	20417
くら	20418
どっち	20419
イスラー	20420
クロス	20421
ボル	20422
抱く	20423
洗い	20424
癖	20425
群れ	20426
起きろ	20427
74	20428
cm	20429
▁Cheers	20430
▁Kan	20431
▁Manager	20432
▁addresses	20433
▁downtown	20434
▁exert	20435
▁persuade	20436
▁pockets	20437
▁progressed	20438
▁sheets	20439
▁situated	20440
▁temples	20441
▁vitamin	20442
▁ギデオン	20443
▁サンフランシスコ	20444
▁ジュ	20445
▁広	20446
▁悲嘆	20447
▁散歩	20448
▁目次	20449
▁盲人	20450
▁骨折	20451
せろ	20452
グレ	20453
マスク	20454
加盟	20455
去り	20456
届く	20457
Christ	20458
itis	20459
¶	20460
▁27]	20461
▁Ark	20462
▁Resource	20463
▁appreciative	20464
▁bondage	20465
▁clinical	20466
▁diverse	20467
▁illnesses	20468
▁mum	20469
▁ongoing	20470
▁poisonous	20471
▁recalled	20472
▁reduction	20473
▁relat	20474
▁renewed	20475
▁warrior	20476
▁ミサイル	20477
▁伸び	20478
▁危害	20479
▁小説	20480
▁改	20481
▁託	20482
一歩	20483
伸ばし	20484
収集	20485
屈辱	20486
日々	20487
模倣	20488
熱心	20489
確実	20490
isa	20491
▁5,6)	20492
▁AP	20493
▁Aid	20494
▁Alec	20495
▁Computer	20496
▁Lost	20497
▁domination	20498
▁headache	20499
▁hobby	20500
▁holidays	20501
▁lens	20502
▁nu	20503
▁prevents	20504
▁schooling	20505
▁shops	20506
▁singer	20507
▁あた	20508
▁アマゾン	20509
▁シャワー	20510
▁使い方	20511
▁弁	20512
▁戦士	20513
▁規制	20514
ポケット	20515
報いる	20516
進行	20517
重荷	20518
雑誌	20519
6,000	20520
Ba	20521
ello	20522
mun	20523
▁Matter	20524
▁PRO	20525
▁Prepare	20526
▁Thy	20527
▁arises	20528
▁burnt	20529
▁bust	20530
▁canceled	20531
▁clubs	20532
▁defect	20533
▁determining	20534
▁genuinely	20535
▁hollow	20536
▁imitating	20537
▁imminent	20538
▁inspection	20539
▁kidnapped	20540
▁originate	20541
▁steward	20542
▁verify	20543
▁たたえる	20544
▁テント	20545
▁ハチ	20546
▁プライバシー	20547
▁授	20548
▁残忍	20549
▁献堂	20550
▁糞	20551
うな	20552
そん	20553
なせ	20554
公式	20555
受け取り	20556
手がかり	20557
糞	20558
頂け	20559
飼	20560
Because	20561
Pa	20562
▁Easter	20563
▁Forest	20564
▁Kal	20565
▁Song	20566
▁Trade	20567
▁Unknown	20568
▁abiding	20569
▁aliens	20570
▁arguing	20571
▁correlation	20572
▁deceptive	20573
▁deciding	20574
▁intensity	20575
▁richly	20576
▁おのおの	20577
▁ただ中	20578
▁パイ	20579
▁メシヤ	20580
▁兵役	20581
▁外側	20582
▁導入	20583
▁知力	20584
▁電波	20585
おめでとう	20586
カラー	20587
コンパ	20588
単独	20589
奏	20590
寒い	20591
舞	20592
農場	20593
飾り	20594
dio	20595
ibly	20596
plain	20597
▁advise	20598
▁elected	20599
▁indefinitely	20600
▁screwed	20601
▁あふれる	20602
▁くつろ	20603
▁めぐ	20604
▁パーティ	20605
▁事項	20606
▁汗	20607
▁被告	20608
かえり	20609
デスク	20610
ワシ	20611
予告	20612
切望	20613
基礎	20614
座り	20615
裸	20616
Ha	20617
tti	20618
▁37.	20619
▁Academy	20620
▁Rest	20621
▁Smoking	20622
▁Whereas	20623
▁fragments	20624
▁highlights	20625
▁instructor	20626
▁nucleus	20627
▁sal	20628
▁wolves	20629
▁じっと	20630
▁クジラ	20631
▁サイエンス	20632
▁余裕	20633
▁便	20634
▁取り出し	20635
▁左側	20636
▁捕ま	20637
▁暴動	20638
▁海水	20639
▁解明	20640
やる気	20641
クリア	20642
フレーム	20643
乗れ	20644
保つ	20645
盗み	20646
知らぬ	20647
肺	20648
駐車	20649
enter	20650
▁Anne	20651
▁Export	20652
▁Fort	20653
▁Gro	20654
▁Meaning	20655
▁Program	20656
▁Reach	20657
▁chains	20658
▁crawl	20659
▁focusing	20660
▁junk	20661
▁mailing	20662
▁praising	20663
▁ベルト	20664
▁実感	20665
▁悪意	20666
▁泉	20667
▁留める	20668
▁貞潔	20669
▁運営	20670
ちよ	20671
よこせ	20672
タイトル	20673
万年	20674
地震	20675
診断	20676
論文	20677
資料	20678
関与	20679
TR	20680
▁Allen	20681
▁Earlier	20682
▁Ghana	20683
▁Miller	20684
▁Print	20685
▁Return	20686
▁Slow	20687
▁Temple	20688
▁binding	20689
▁cy	20690
▁fighters	20691
▁firing	20692
▁forehead	20693
▁identifies	20694
▁meets	20695
▁motorcycle	20696
▁psychiatrist	20697
▁stretched	20698
▁traces	20699
▁twist	20700
▁unborn	20701
▁upside	20702
▁シモン	20703
▁再開	20704
▁樹	20705
▁発射	20706
▁目指し	20707
▁着る	20708
▁秘め	20709
▁胎	20710
かわいい	20711
がち	20712
タバコ	20713
リード	20714
六	20715
極めて	20716
症状	20717
簡	20718
糖	20719
統	20720
長老	20721
SH	20722
dra	20723
▁Folder	20724
▁cargo	20725
▁consistently	20726
▁dome	20727
▁idle	20728
▁observations	20729
▁oppressive	20730
▁psychology	20731
▁reproof	20732
▁sec	20733
▁settlement	20734
▁いやす	20735
▁アビ	20736
▁寝室	20737
▁立ち上が	20738
▁雑草	20739
い事	20740
向かい	20741
成し遂げ	20742
朝食	20743
格好	20744
着陸	20745
話しかけ	20746
運び	20747
aging	20748
aid	20749
olic	20750
under	20751
zing	20752
▁$4	20753
▁Pen	20754
▁Swiss	20755
▁Thailand	20756
▁Toward	20757
▁dated	20758
▁elevated	20759
▁enjoys	20760
▁flows	20761
▁touches	20762
▁weep	20763
▁つま	20764
▁イルカ	20765
▁スーツ	20766
▁ワクチン	20767
▁効	20768
▁句	20769
▁発掘	20770
げん	20771
フス	20772
不法	20773
同様に	20774
慈	20775
詩編	20776
駆け	20777
gna	20778
▁Barbara	20779
▁Josiah	20780
▁Michigan	20781
▁Starting	20782
▁blanket	20783
▁engagement	20784
▁fellowship	20785
▁gasoline	20786
▁interpreter	20787
▁missiles	20788
▁occurrence	20789
▁opposing	20790
▁orchestra	20791
▁shaken	20792
▁significantly	20793
▁stabbed	20794
▁アーマン	20795
▁ジュリア	20796
▁ドクター	20797
▁最高潮	20798
▁洗い	20799
▁耐	20800
▁落	20801
▁郊外	20802
すみま	20803
はるか	20804
わっ	20805
ヴィス	20806
掘り	20807
片付け	20808
誘惑	20809
逃れ	20810
雌	20811
axis	20812
bol	20813
clo	20814
rain	20815
ս	20816
▁82	20817
▁Apple	20818
▁Attention	20819
▁Constitution	20820
▁Drink	20821
▁Kelly	20822
▁adversity	20823
▁comparable	20824
▁contacts	20825
▁coward	20826
▁discourage	20827
▁embryo	20828
▁halfway	20829
▁odor	20830
▁polite	20831
▁promotion	20832
▁rival	20833
▁unscriptural	20834
▁ぶっ	20835
▁ニネベ	20836
▁ボタン	20837
▁ワトソン	20838
▁分解	20839
▁外出	20840
▁承認	20841
▁技師	20842
▁暴徒	20843
▁買	20844
おかし	20845
唱え	20846
費やし	20847
dan	20848
inter	20849
lies	20850
rant	20851
yl	20852
▁Mode	20853
▁Nineveh	20854
▁accounting	20855
▁airline	20856
▁featured	20857
▁glimpse	20858
▁honour	20859
▁invent	20860
▁nationalism	20861
▁needing	20862
▁prosper	20863
▁realization	20864
▁ty	20865
▁vacuum	20866
▁wander	20867
▁チェ	20868
▁一面	20869
▁恋人	20870
▁暴	20871
▁看	20872
▁突如	20873
▁音声	20874
ストリート	20875
ビジョン	20876
上級	20877
岡	20878
捨てる	20879
江	20880
82	20881
bon	20882
ware	20883
▁1,600	20884
▁Apply	20885
▁Century	20886
▁Doug	20887
▁Levi	20888
▁Warren	20889
▁abstain	20890
▁convictions	20891
▁poly	20892
▁rolled	20893
▁savage	20894
▁ピン	20895
▁ヨエル	20896
▁化粧	20897
▁支払わ	20898
▁汚い	20899
▁熟練	20900
▁頑	20901
たぶん	20902
みなさい	20903
アプローチ	20904
ギリ	20905
シュー	20906
ヘイ	20907
外れ	20908
幼	20909
換え	20910
晒	20911
検証	20912
発作	20913
,24	20914
81	20915
Hi	20916
▁60%	20917
▁Noble	20918
▁Polish	20919
▁boost	20920
▁camel	20921
▁edit	20922
▁installation	20923
▁meta	20924
▁plea	20925
▁poisoning	20926
▁policies	20927
▁rocket	20928
▁scrap	20929
▁skirt	20930
▁snap	20931
▁synagogue	20932
▁フィリップ	20933
▁ルター	20934
▁丁目	20935
▁災難	20936
▁突	20937
▁解説	20938
▁麻痺	20939
やれる	20940
イイ	20941
ガラ	20942
会場	20943
傷つける	20944
婆	20945
尽くす	20946
暮らす	20947
Take	20948
▁30:	20949
▁89	20950
▁Levites	20951
▁Mental	20952
▁Septuagint	20953
▁blocked	20954
▁disgrace	20955
▁handful	20956
▁mislead	20957
▁tactics	20958
▁unbelievable	20959
▁むだ	20960
▁ダーウィン	20961
▁ラザフォード	20962
▁叔父	20963
▁探し求め	20964
▁肥満	20965
▁虐げ	20966
ケガ	20967
ショック	20968
ポリ	20969
一員	20970
最中	20971
泡	20972
犯す	20973
舎	20974
貨	20975
降伏	20976
dam	20977
keeper	20978
vie	20979
▁Greg	20980
▁Josh	20981
▁algorithms	20982
▁dedicate	20983
▁eighty	20984
▁enforcement	20985
▁gases	20986
▁hypocritical	20987
▁prominence	20988
▁tendencies	20989
▁trailer	20990
▁ふれ告げ	20991
▁エミリー	20992
▁エレベーター	20993
▁ヌ	20994
▁ブロック	20995
▁暴虐	20996
▁経路	20997
▁考察	20998
▁酸	20999
ぱ	21000
ヴァー	21001
印象	21002
広く	21003
広告	21004
投げ込	21005
月間	21006
没	21007
溺れ	21008
発言	21009
砂漠	21010
背中	21011
cca	21012
date	21013
seven	21014
▁2001	21015
▁Address	21016
▁Drive	21017
▁Fortunately	21018
▁Joan	21019
▁Singapore	21020
▁bargain	21021
▁comply	21022
▁convenience	21023
▁creativity	21024
▁dim	21025
▁exhortation	21026
▁hap	21027
▁progressive	21028
▁spokesman	21029
▁stricken	21030
▁viruses	21031
▁volcano	21032
▁やつ	21033
▁スコットランド	21034
▁ヘン	21035
▁レベッカ	21036
▁復興	21037
▁等	21038
▁肝炎	21039
▁褒め	21040
▁言い換え	21041
アート	21042
コフ	21043
切断	21044
見張	21045
記者	21046
避	21047
cup	21048
safe	21049
▁1,0	21050
▁36)	21051
▁Lab	21052
▁allies	21053
▁corporate	21054
▁fertile	21055
▁install	21056
▁invalid	21057
▁jumping	21058
▁racing	21059
▁sensor	21060
▁shells	21061
▁カップ	21062
▁ジェット	21063
▁テン	21064
▁トマス	21065
▁人質	21066
▁仰	21067
▁協議会	21068
▁取って代わ	21069
▁宛	21070
▁巨人	21071
▁干ばつ	21072
▁生まれつき	21073
▁落ちる	21074
ちなん	21075
つら	21076
クリス	21077
トラブル	21078
レーション	21079
不満	21080
余裕	21081
借	21082
借金	21083
通す	21084
load	21085
pho	21086
tical	21087
▁Cri	21088
▁abortions	21089
▁coconut	21090
▁denial	21091
▁outright	21092
▁poetry	21093
▁symbolize	21094
▁いちじく	21095
▁囲い	21096
▁深める	21097
▁衣類	21098
▁裏づけ	21099
▁財布	21100
▁遠慮	21101
ちょ	21102
アイディア	21103
ロール	21104
古代	21105
役割	21106
継が	21107
週末	21108
酸素	21109
3,000	21110
hill	21111
▁Diego	21112
▁Youths	21113
▁farms	21114
▁foregoing	21115
▁grandson	21116
▁hepatitis	21117
▁lethal	21118
▁mortality	21119
▁nevertheless	21120
▁sect	21121
▁shattered	21122
▁お尋ね	21123
▁つまら	21124
▁アス	21125
▁タグ	21126
▁ブルース	21127
▁メン	21128
▁会合	21129
▁座席	21130
▁水素	21131
▁竹	21132
▁西部	21133
▁見逃	21134
お疲れ	21135
トリー	21136
ラベル	21137
則	21138
叫ぶ	21139
提出	21140
留め	21141
親し	21142
逃が	21143
1943	21144
AGE	21145
NE	21146
elli	21147
three	21148
▁Arena	21149
▁Jericho	21150
▁Lou	21151
▁PR	21152
▁Simply	21153
▁dealer	21154
▁fantasy	21155
▁poem	21156
▁populations	21157
▁restrain	21158
▁rotten	21159
▁treaty	21160
▁うまい	21161
▁ふえ	21162
▁ユーモア	21163
▁偏	21164
▁固有	21165
▁思い出せ	21166
▁暗示	21167
▁殻	21168
▁濃度	21169
▁辛い	21170
▁速さ	21171
の両方	21172
ばか	21173
プール	21174
出版	21175
惨	21176
陽	21177
burn	21178
fici	21179
give	21180
▁Failed	21181
▁Given	21182
▁Ol	21183
▁Steven	21184
▁Thess	21185
▁WRITER	21186
▁auxiliary	21187
▁br	21188
▁debris	21189
▁disrespect	21190
▁insert	21191
▁oppressed	21192
▁ponder	21193
▁ray	21194
▁undergoing	21195
▁すき	21196
▁カット	21197
▁グローバル	21198
▁ソール	21199
▁保てる	21200
▁全巻	21201
▁凡	21202
▁収集	21203
▁喉	21204
▁律	21205
▁発育	21206
▁空想	21207
▁違犯	21208
▁配置	21209
クジラ	21210
ムズ	21211
割り当て	21212
応え	21213
推定	21214
淡	21215
見事	21216
RL	21217
sby	21218
▁0.5	21219
▁1800	21220
▁Bor	21221
▁Ker	21222
▁Quit	21223
▁Sim	21224
▁amid	21225
▁desperately	21226
▁injustices	21227
▁nonsense	21228
▁template	21229
▁vault	21230
▁ゴール	21231
▁倉庫	21232
▁受け継ぐ	21233
▁大工	21234
▁守り行なう	21235
▁断食	21236
▁赤子	21237
ツァ	21238
プラグイン	21239
ボロ	21240
処分	21241
宰	21242
思わせ	21243
文明	21244
蓋	21245
道徳	21246
Every	21247
lea	21248
▁2483	21249
▁Person	21250
▁Sleep	21251
▁Town	21252
▁courageously	21253
▁courtesy	21254
▁deities	21255
▁denying	21256
▁erect	21257
▁fugitive	21258
▁hood	21259
▁jaw	21260
▁misleading	21261
▁マイル	21262
▁合図	21263
▁格好	21264
▁種子	21265
いとこ	21266
とこし	21267
コア	21268
値する	21269
悪化	21270
理想	21271
至る	21272
遺産	21273
vir	21274
▁Taylor	21275
▁carved	21276
▁directing	21277
▁hostility	21278
▁lined	21279
▁numerator	21280
▁scratch	21281
▁vows	21282
▁だいたい	21283
▁めぐる	21284
▁ステージ	21285
▁ベラ	21286
▁国旗	21287
▁工学	21288
▁平原	21289
▁空腹	21290
▁組合	21291
▁駆け	21292
プラス	21293
伴	21294
兄さん	21295
劇	21296
勘	21297
打つ	21298
損傷	21299
梅	21300
1000	21301
second	21302
▁2.5	21303
▁2007	21304
▁Amanda	21305
▁Board	21306
▁Protect	21307
▁Sky	21308
▁alphabet	21309
▁ambition	21310
▁establishing	21311
▁fist	21312
▁integral	21313
▁outlined	21314
▁rabbit	21315
▁raining	21316
▁rebelled	21317
▁specialist	21318
▁supper	21319
▁twin	21320
▁whistle	21321
▁wreck	21322
▁キム	21323
▁スティーブン	21324
▁代わ	21325
▁審問	21326
▁座る	21327
▁怪物	21328
▁明快	21329
▁東部	21330
▁洗礼	21331
▁液	21332
▁言動	21333
お答え	21334
使命	21335
出会い	21336
哀	21337
標的	21338
消滅	21339
聖霊	21340
讃	21341
ering	21342
rine	21343
wit	21344
▁Bat	21345
▁Jay	21346
▁Ke	21347
▁Rebekah	21348
▁blossom	21349
▁declined	21350
▁dwellers	21351
▁fishermen	21352
▁incense	21353
▁longest	21354
▁plight	21355
▁professionals	21356
▁tortured	21357
▁クレジットカード	21358
▁ジョーンズ	21359
▁乗り越え	21360
▁市長	21361
▁枢機卿	21362
▁通貨	21363
いかに	21364
んど	21365
ベスト	21366
光明	21367
境界	21368
気づか	21369
銀	21370
防ぐ	21371
飽き	21372
53	21373
oka	21374
thro	21375
▁Books	21376
▁Commission	21377
▁Mountains	21378
▁anchor	21379
▁athletes	21380
▁commend	21381
▁defines	21382
▁impatient	21383
▁molecule	21384
▁monarch	21385
▁payments	21386
▁preventing	21387
▁raped	21388
▁redeem	21389
▁sack	21390
▁surround	21391
▁unfortunate	21392
▁worm	21393
▁いただけ	21394
▁グレン	21395
▁マグ	21396
▁誘	21397
▁退職	21398
▁雑	21399
▁麻酔	21400
くして	21401
ピース	21402
レッスン	21403
ロニー	21404
合衆国	21405
地面	21406
EST	21407
MC	21408
MO	21409
tail	21410
▁Everlasting	21411
▁Sen	21412
▁ample	21413
▁bra	21414
▁climbed	21415
▁conception	21416
▁crashed	21417
▁governed	21418
▁sincerity	21419
▁transgression	21420
▁unwanted	21421
▁おっしゃ	21422
▁デーリー	21423
▁ブラウン	21424
▁収益	21425
▁干渉	21426
▁甲	21427
ウェン	21428
ハート	21429
ライフル	21430
レポート	21431
杖	21432
落とす	21433
71	21434
ben	21435
ern	21436
gre	21437
▁Cole	21438
▁Foundation	21439
▁Room	21440
▁Zoe	21441
▁battles	21442
▁desolation	21443
▁evolutionary	21444
▁fleeing	21445
▁gender	21446
▁invest	21447
▁musicians	21448
▁neuro	21449
▁posted	21450
▁thirds	21451
▁twins	21452
▁weeping	21453
▁ごう慢	21454
▁アプリケーション	21455
▁ケビン	21456
▁バレ	21457
▁ファー	21458
▁レイプ	21459
▁再会	21460
▁塗	21461
▁外れ	21462
▁始	21463
▁治世	21464
▁産む	21465
▁論文	21466
▁走れ	21467
▁間近	21468
イタリア	21469
ナイト	21470
マリ	21471
代理	21472
吐	21473
吸い	21474
図書	21475
姫	21476
払わ	21477
故郷	21478
舞台	21479
覆い	21480
解け	21481
飲め	21482
62	21483
kun	21484
oli	21485
pher	21486
rod	21487
▁2012	21488
▁Bauer	21489
▁Nan	21490
▁Straight	21491
▁departure	21492
▁dock	21493
▁heartwarming	21494
▁lad	21495
▁naught	21496
▁rotate	21497
▁あんま	21498
▁おなか	21499
▁六つ	21500
▁塗り	21501
▁奇	21502
▁己	21503
▁戦略	21504
▁担う	21505
▁推薦	21506
▁提起	21507
▁暗殺	21508
▁耕	21509
▁討論	21510
▁遭遇	21511
うんざり	21512
ぶら	21513
成就	21514
焼け	21515
逃亡	21516
野球	21517
Will	21518
une	21519
▁26,27	21520
▁Africans	21521
▁Ages	21522
▁Arch	21523
▁Images	21524
▁Understanding	21525
▁WHY	21526
▁disturb	21527
▁graves	21528
▁guaranteed	21529
▁hip	21530
▁kidneys	21531
▁nutrients	21532
▁pine	21533
▁respite	21534
▁ゆけ	21535
▁アラスカ	21536
▁ストー	21537
▁バグ	21538
▁レバノン	21539
▁候	21540
▁公表	21541
▁資力	21542
▁都会	21543
センチ	21544
ベス	21545
ーダム	21546
敗	21547
消える	21548
焦点	21549
眠れ	21550
継続	21551
諜	21552
CA	21553
PR	21554
stein	21555
stra	21556
▁Loving	21557
▁Week	21558
▁coastal	21559
▁confidently	21560
▁confront	21561
▁extending	21562
▁founder	21563
▁freezing	21564
▁holiness	21565
▁operated	21566
▁おけ	21567
▁ちく	21568
▁カメ	21569
▁クロス	21570
▁コンクリート	21571
▁勤務	21572
▁報復	21573
▁概して	21574
おばさん	21575
ニスター	21576
ベラ	21577
マネ	21578
ロイ	21579
不能	21580
塵	21581
奮闘	21582
拾	21583
有する	21584
生か	21585
給料	21586
辛い	21587
LES	21588
NC	21589
conf	21590
lied	21591
н	21592
▁..."	21593
▁Beach	21594
▁Development	21595
▁Wild	21596
▁behaviour	21597
▁consuming	21598
▁frustrating	21599
▁nasty	21600
▁plagued	21601
▁prediction	21602
▁sto	21603
▁suspects	21604
▁vivid	21605
▁シャツ	21606
▁ポンド	21607
▁作り上げ	21608
▁別居	21609
▁否	21610
▁恥ずかしい	21611
▁晩さん	21612
▁注文	21613
▁独裁	21614
▁笑顔	21615
▁翌朝	21616
▁談	21617
▁責め苦	21618
▁防御	21619
ファイ	21620
切っ	21621
左側	21622
浴び	21623
玉座	21624
皮膚	21625
確実に	21626
行われる	21627
金属	21628
飲	21629
ima	21630
lash	21631
▁Ave	21632
▁Mon	21633
▁Qu	21634
▁THERE	21635
▁accessible	21636
▁accountable	21637
▁competent	21638
▁cotton	21639
▁finance	21640
▁limb	21641
▁pump	21642
▁ご存	21643
▁だま	21644
▁上がり	21645
▁地理	21646
▁強姦	21647
▁衣装	21648
▁貨	21649
ごう	21650
不要	21651
叫び	21652
圏	21653
屋上	21654
時宜	21655
生理	21656
表記	21657
許す	21658
遭	21659
eh	21660
▁81	21661
▁Amen	21662
▁Esau	21663
▁Personal	21664
▁Quiet	21665
▁diagnosis	21666
▁failures	21667
▁framework	21668
▁invoke	21669
▁rainy	21670
▁sober	21671
▁spark	21672
▁wandering	21673
▁グリ	21674
▁タラ	21675
▁ハエ	21676
▁プール	21677
▁民衆	21678
▁釣り	21679
の保護	21680
ジョブ	21681
厚	21682
喧嘩	21683
彩	21684
役割を	21685
暗闇	21686
殆	21687
生じ	21688
耕	21689
見捨て	21690
認	21691
項目	21692
grad	21693
leg	21694
rue	21695
rum	21696
▁(10	21697
▁Aware	21698
▁Document	21699
▁Fo	21700
▁Gentlemen	21701
▁Globe	21702
▁Low	21703
▁Mid	21704
▁Persia	21705
▁countryside	21706
▁cows	21707
▁decrease	21708
▁derive	21709
▁distinguished	21710
▁grievous	21711
▁kin	21712
▁melt	21713
▁sympathetic	21714
▁technological	21715
▁worshipped	21716
▁いきさつ	21717
▁アレルギー	21718
▁エイミー	21719
▁ステップ	21720
▁バイオ	21721
▁巧妙	21722
▁待ち受け	21723
▁提	21724
▁理事	21725
▁輸出	21726
すな	21727
アプリ	21728
取れる	21729
報復	21730
失い	21731
指輪	21732
癌	21733
種族	21734
穏	21735
罪深い	21736
6,	21737
Tube	21738
front	21739
into	21740
shot	21741
verse	21742
▁(12	21743
▁Governor	21744
▁Operation	21745
▁Team	21746
▁antibiotics	21747
▁cherish	21748
▁couch	21749
▁distracted	21750
▁healthful	21751
▁manuscript	21752
▁preserving	21753
▁psychologist	21754
▁qui	21755
▁いらっしゃい	21756
▁けれども	21757
▁合成	21758
▁堂々	21759
▁天井	21760
▁応じる	21761
▁薄い	21762
▁遺産	21763
ずく	21764
たばかり	21765
らえ	21766
コミュニティ	21767
テロリスト	21768
マスター	21769
向上	21770
帰宅	21771
暁	21772
風呂	21773
VER	21774
change	21775
ington	21776
ush	21777
▁Dun	21778
▁Field	21779
▁Laura	21780
▁Throw	21781
▁barn	21782
▁colour	21783
▁compliment	21784
▁confirms	21785
▁craving	21786
▁descend	21787
▁enabling	21788
▁intact	21789
▁intensive	21790
▁paralyzed	21791
▁pets	21792
▁whales	21793
▁できごと	21794
▁どけ	21795
▁ダリ	21796
▁ベス	21797
▁仕掛け	21798
▁創始	21799
▁田	21800
▁移民	21801
▁腸	21802
▁行ける	21803
が重要	21804
どろ	21805
グマ	21806
ジド	21807
後代	21808
無知	21809
盗む	21810
03	21811
DD	21812
IES	21813
every	21814
itude	21815
roll	21816
tim	21817
vid	21818
▁Ethiopian	21819
▁Generally	21820
▁Mil	21821
▁Nu	21822
▁Past	21823
▁Rh	21824
▁Seek	21825
▁codes	21826
▁heritage	21827
▁legacy	21828
▁livestock	21829
▁patent	21830
▁physicist	21831
▁sailing	21832
▁shadows	21833
▁sheriff	21834
▁stubborn	21835
▁suppress	21836
▁verbal	21837
▁みだ	21838
▁サリー	21839
▁パーセント	21840
▁上がる	21841
▁周期	21842
▁疑念	21843
▁能	21844
カテ	21845
ヴェ	21846
凍	21847
向ける	21848
孤独	21849
憎	21850
支	21851
部門	21852
Those	21853
nis	21854
tte	21855
▁bubble	21856
▁corpse	21857
▁grapes	21858
▁misuse	21859
▁pole	21860
▁purity	21861
▁slander	21862
▁stern	21863
▁violated	21864
▁お話	21865
▁サイト	21866
▁デモ	21867
▁ネル	21868
▁パル	21869
▁此	21870
▁激怒	21871
▁発する	21872
▁締め	21873
ッティ	21874
トリック	21875
ノア	21876
リル	21877
付か	21878
倒す	21879
冠	21880
扱わ	21881
田舎	21882
笑う	21883
致し	21884
裏切り	21885
集める	21886
飲ま	21887
iti	21888
umi	21889
▁Ap	21890
▁Immediately	21891
▁Join	21892
▁Pu	21893
▁actor	21894
▁anonymous	21895
▁evidences	21896
▁inexperienced	21897
▁nephew	21898
▁occasional	21899
▁recited	21900
▁rejecting	21901
▁smoked	21902
▁trends	21903
▁やみ	21904
▁ジャングル	21905
▁ペンシルバニ	21906
▁下ろし	21907
▁基金	21908
▁就職	21909
▁急増	21910
▁悪事	21911
▁温まる	21912
▁父祖	21913
▁置いて	21914
▁茶	21915
▁高まり	21916
継	21917
逆境	21918
91	21919
AND	21920
Time	21921
bla	21922
chu	21923
jack	21924
ku	21925
little	21926
rian	21927
▁2011	21928
▁Dec	21929
▁Howard	21930
▁Sel	21931
▁chariot	21932
▁clip	21933
▁dreamed	21934
▁earthling	21935
▁heating	21936
▁minerals	21937
▁roommate	21938
▁tablets	21939
▁weaker	21940
▁ゆける	21941
▁わざと	21942
▁アニー	21943
▁アポロ	21944
▁アルバート	21945
▁マヤ	21946
▁侵略	21947
▁召し	21948
▁生き延びる	21949
▁申し訳ない	21950
▁講	21951
ほし	21952
まずい	21953
シュア	21954
ソフトウェア	21955
フリ	21956
ブリン	21957
リソース	21958
三角形	21959
事情	21960
券	21961
大いに	21962
尋ねる	21963
応答	21964
文句	21965
申	21966
盛り	21967
知らん	21968
票	21969
論理	21970
fore	21971
res	21972
ube	21973
▁Assyria	21974
▁Goddamn	21975
▁Zo	21976
▁alternate	21977
▁badge	21978
▁boots	21979
▁classical	21980
▁lacked	21981
▁pp	21982
▁sensation	21983
▁someplace	21984
▁すげ	21985
▁グラス	21986
▁タイラー	21987
▁トウモロコシ	21988
▁先頭	21989
▁復習	21990
▁打撃	21991
▁用途	21992
▁習得	21993
▁落ち着き	21994
▁費や	21995
▁魔	21996
つめ	21997
コンテンツ	21998
概	21999
部長	22000
陛下	22001
06	22002
PI	22003
Py	22004
eau	22005
ela	22006
god	22007
ika	22008
pell	22009
worth	22010
▁1947	22011
▁Burn	22012
▁Civil	22013
▁Training	22014
▁Trying	22015
▁chess	22016
▁exalt	22017
▁households	22018
▁lump	22019
▁mono	22020
▁nutrition	22021
▁probe	22022
▁proportions	22023
▁rites	22024
▁salad	22025
▁stresses	22026
▁ざ	22027
▁増やす	22028
▁妙	22029
▁敗北	22030
▁積み	22031
▁解消	22032
▁通う	22033
▁餌	22034
いける	22035
ウル	22036
コウ	22037
余り	22038
停	22039
出され	22040
吹	22041
成績	22042
hoo	22043
stand	22044
▁Bin	22045
▁COM	22046
▁Tab	22047
▁corners	22048
▁disputes	22049
▁fortunate	22050
▁keyboard	22051
▁lighting	22052
▁metaphor	22053
▁multiplication	22054
▁patron	22055
▁preservation	22056
▁supporters	22057
▁はじめて	22058
▁ネイサン	22059
▁ボル	22060
▁家屋	22061
▁幾分	22062
▁恒	22063
▁焼け	22064
▁生長	22065
▁英雄	22066
カナダ	22067
シフト	22068
ドール	22069
交わ	22070
威	22071
情熱	22072
掘	22073
損失	22074
旋	22075
芝	22076
述	22077
omb	22078
▁Fu	22079
▁Jah	22080
▁RO	22081
▁accordingly	22082
▁aggression	22083
▁alarming	22084
▁arch	22085
▁civilian	22086
▁decides	22087
▁poisoned	22088
▁precision	22089
▁risen	22090
▁vocabulary	22091
▁ノート	22092
▁マスク	22093
▁取り組み	22094
▁台湾	22095
▁噴火	22096
▁条	22097
▁純	22098
▁請求	22099
▁遅	22100
▁野心	22101
たかも	22102
られず	22103
ショウ	22104
ストロ	22105
ブン	22106
一斉に	22107
叩	22108
喉	22109
永	22110
部品	22111
SON	22112
jan	22113
lam	22114
pin	22115
▁2000,	22116
▁Dick	22117
▁Hunt	22118
▁adjusted	22119
▁candidate	22120
▁conspiracy	22121
▁dots	22122
▁flour	22123
▁requiring	22124
▁spill	22125
▁sympathy	22126
▁zombie	22127
▁カーラ	22128
▁スタート	22129
▁マラ	22130
▁ラッパ	22131
▁人命	22132
▁宮殿	22133
▁役目	22134
▁混	22135
▁行政	22136
▁詰め	22137
に合わ	22138
やす	22139
クイーン	22140
ドラッグ	22141
ハール	22142
メロ	22143
ローズ	22144
引用	22145
整理	22146
追いかけ	22147
after	22148
ctor	22149
dar	22150
ils	22151
mine	22152
night	22153
▁1,900	22154
▁Cape	22155
▁Eu	22156
▁Fund	22157
▁Godly	22158
▁Hal	22159
▁Naturally	22160
▁Published	22161
▁ceremonies	22162
▁coach	22163
▁coping	22164
▁emerged	22165
▁exploit	22166
▁grim	22167
▁knocking	22168
▁observer	22169
▁rigid	22170
▁カリ	22171
▁持続	22172
▁深み	22173
▁添え	22174
▁直後	22175
▁請願	22176
げさ	22177
げる	22178
アード	22179
ベーション	22180
側面	22181
利口	22182
崎	22183
最新	22184
900	22185
easing	22186
lade	22187
▁(5)	22188
▁Girl	22189
▁accomplishment	22190
▁afterwards	22191
▁assumption	22192
▁blacks	22193
▁comparing	22194
▁hellfire	22195
▁malnutrition	22196
▁nails	22197
▁simultaneously	22198
▁tro	22199
▁ふり	22200
▁ビー	22201
▁威	22202
▁子育て	22203
▁特定の	22204
▁王権	22205
▁秘訣	22206
▁移植	22207
▁軟	22208
▁飲ま	22209
つま	22210
ニヤ	22211
問い	22212
差別	22213
,100	22214
,22	22215
Christian	22216
Some	22217
mode	22218
yes	22219
а	22220
▁Ahab	22221
▁Jerry	22222
▁Radio	22223
▁Window	22224
▁circumcision	22225
▁daylight	22226
▁desktop	22227
▁distressing	22228
▁imperfections	22229
▁intuition	22230
▁millennium	22231
▁neurons	22232
▁proven	22233
▁statue	22234
▁struggled	22235
▁virtuous	22236
▁warriors	22237
▁たいせつ	22238
▁まき	22239
▁セイ	22240
▁ゾウ	22241
▁宮	22242
▁帰し	22243
▁怠	22244
▁戻れ	22245
▁気付か	22246
▁真夜中	22247
▁等しい	22248
▁西側	22249
▁防衛	22250
わず	22251
スタンド	22252
モール	22253
之	22254
新約	22255
美術	22256
負債	22257
Le	22258
ib	22259
kar	22260
source	22261
tract	22262
▁16,17)	22263
▁Branch	22264
▁Former	22265
▁Laurel	22266
▁Mer	22267
▁Woman	22268
▁assemble	22269
▁bothered	22270
▁decisive	22271
▁depths	22272
▁expedition	22273
▁rightful	22274
▁scandal	22275
▁selective	22276
▁sheeplike	22277
▁spectacle	22278
▁vanity	22279
▁vitamins	22280
▁かかわ	22281
▁しめ	22282
▁ジョセフ	22283
▁チョコレート	22284
▁ナショナル	22285
▁忌	22286
▁性行為	22287
▁描く	22288
▁日中	22289
▁日光	22290
▁経て	22291
よろしく	22292
ミュ	22293
下ろし	22294
周囲	22295
怖く	22296
捨てろ	22297
棟	22298
楽しく	22299
灰	22300
福音	22301
Babylon	22302
EO	22303
aving	22304
eat	22305
▁Bolivia	22306
▁Davis	22307
▁Ethan	22308
▁Wednesday	22309
▁boast	22310
▁cheaper	22311
▁emails	22312
▁fetch	22313
▁fourteen	22314
▁greatness	22315
▁mega	22316
▁moisture	22317
▁pod	22318
▁prosperous	22319
▁provoked	22320
▁realities	22321
▁scent	22322
▁shuttle	22323
▁tale	22324
▁vampire	22325
▁weekends	22326
▁反論	22327
▁好ま	22328
▁患	22329
▁殴打	22330
▁願望	22331
の海	22332
クビ	22333
召集	22334
暮れ	22335
機器	22336
永久	22337
渡る	22338
用心	22339
神様	22340
触れる	22341
bber	22342
cco	22343
▁31;	22344
▁Ugh	22345
▁candidates	22346
▁siblings	22347
▁spiral	22348
▁undermine	22349
▁とげ	22350
▁コラ	22351
▁デスク	22352
▁ローラ	22353
▁上空	22354
▁冒険	22355
▁化し	22356
▁常用	22357
▁指輪	22358
▁考案	22359
かり	22360
ひき	22361
タール	22362
失望	22363
左右	22364
架	22365
笑顔	22366
還	22367
ows	22368
▁22,23)	22369
▁39)	22370
▁Contact	22371
▁Cra	22372
▁Deal	22373
▁Fifth	22374
▁booth	22375
▁canvas	22376
▁delivering	22377
▁mining	22378
▁passionate	22379
▁rented	22380
▁skip	22381
▁suffice	22382
▁treacherous	22383
▁worrying	22384
▁うんざり	22385
▁お礼	22386
▁すり	22387
▁カタ	22388
▁コース	22389
▁国教会	22390
▁圧	22391
▁満た	22392
▁秘書	22393
▁鉱山	22394
チーズ	22395
ナツメ	22396
ニウム	22397
冒険	22398
切れる	22399
叩き	22400
気違い	22401
泳	22402
活用	22403
繰り返す	22404
dramatic	22405
ext	22406
hon	22407
osa	22408
woman	22409
▁25;	22410
▁Apostle	22411
▁CDC	22412
▁CORRESPONDENT	22413
▁Ezek	22414
▁Focus	22415
▁IF	22416
▁Julian	22417
▁Non	22418
▁OUR	22419
▁bid	22420
▁casual	22421
▁chips	22422
▁colleague	22423
▁confirmation	22424
▁dumped	22425
▁episode	22426
▁evildoers	22427
▁fascinated	22428
▁maid	22429
▁mortgage	22430
▁partly	22431
▁reluctant	22432
▁rode	22433
▁successor	22434
▁termed	22435
▁torrent	22436
▁なんじ	22437
▁ビクトリア	22438
▁ブラン	22439
▁ホームズ	22440
▁予見	22441
▁好まし	22442
▁忍び	22443
▁慣習	22444
▁最適	22445
▁歩け	22446
▁湿	22447
▁潮	22448
▁煮	22449
▁生か	22450
事項	22451
噛	22452
汚い	22453
相応し	22454
胎	22455
飛ばし	22456
FA	22457
annister	22458
bri	22459
▁AM	22460
▁Challenge	22461
▁Level	22462
▁Negative	22463
▁Oriental	22464
▁Palestine	22465
▁Size	22466
▁authors	22467
▁confidential	22468
▁forecast	22469
▁gaze	22470
▁mole	22471
▁narrative	22472
▁nearer	22473
▁porn	22474
▁posed	22475
▁souled	22476
▁tourist	22477
▁villagers	22478
▁エクス	22479
▁ドラ	22480
▁ヒト	22481
▁主教	22482
▁分類	22483
▁混ぜ	22484
▁無害	22485
▁眠る	22486
▁血圧	22487
▁赤血球	22488
ふれ	22489
アルバム	22490
ペット	22491
リッジ	22492
付く	22493
思える	22494
汗	22495
没頭	22496
胤	22497
RC	22498
maker	22499
met	22500
▁230	22501
▁Angel	22502
▁Push	22503
▁Short	22504
▁accommodate	22505
▁dip	22506
▁dreadful	22507
▁fighter	22508
▁filthy	22509
▁handy	22510
▁impose	22511
▁interviews	22512
▁rebels	22513
▁topics	22514
▁travelers	22515
▁ちょ	22516
▁よそ	22517
▁アイデア	22518
▁ウクライナ	22519
▁デル	22520
▁メモ	22521
▁嘆願	22522
▁戦場	22523
▁控え	22524
▁救い主	22525
▁踊	22526
▁軍人	22527
じま	22528
イング	22529
チェスター	22530
ムシ	22531
周辺	22532
工学	22533
接近	22534
母さん	22535
移住	22536
陣	22537
ask	22538
disfellowshipped	22539
nus	22540
▁1917	22541
▁Chart	22542
▁Cons	22543
▁Illustrate	22544
▁Milk	22545
▁Norman	22546
▁Potter	22547
▁arrows	22548
▁determines	22549
▁develops	22550
▁equations	22551
▁firsthand	22552
▁loans	22553
▁steadily	22554
▁swallowed	22555
▁おっ	22556
▁伐採	22557
▁留ま	22558
▁貧	22559
せられる	22560
アクション	22561
ケツ	22562
ネイ	22563
ヤー	22564
倒し	22565
妨害	22566
封じ	22567
準	22568
硬	22569
警戒	22570
ali	22571
dling	22572
wing	22573
▁Ag	22574
▁Cro	22575
▁Gehenna	22576
▁Index	22577
▁Karl	22578
▁Newsweek	22579
▁Thinking	22580
▁Universe	22581
▁congregational	22582
▁crooked	22583
▁depicted	22584
▁giver	22585
▁glow	22586
▁medal	22587
▁retribution	22588
▁shouted	22589
▁splendid	22590
▁thanksgiving	22591
▁toast	22592
▁ungrateful	22593
▁yearly	22594
▁とりこ	22595
▁どうにか	22596
▁アンディ	22597
▁マット	22598
▁レー	22599
▁上位	22600
▁書士	22601
▁照明	22602
▁経費	22603
▁転換	22604
ゾンビ	22605
ョ	22606
ライダー	22607
一言	22608
大使	22609
本部	22610
欠け	22611
特許	22612
遇	22613
AK	22614
imi	22615
took	22616
▁1920	22617
▁1925	22618
▁70%	22619
▁Ellen	22620
▁Glory	22621
▁Tru	22622
▁boil	22623
▁bolt	22624
▁correspond	22625
▁descended	22626
▁emerge	22627
▁exhibition	22628
▁modified	22629
▁nicely	22630
▁partake	22631
▁plead	22632
▁prevalent	22633
▁reproduce	22634
▁sculpture	22635
▁sights	22636
▁spine	22637
▁stirring	22638
▁sufferings	22639
▁おびえ	22640
▁とりあ	22641
▁ケーブル	22642
▁サポート	22643
▁ストーリー	22644
▁デジタル	22645
▁分ける	22646
▁増し加え	22647
▁庫	22648
▁従え	22649
▁泣く	22650
▁活	22651
▁漂	22652
▁言わせ	22653
エージェン	22654
ンブル	22655
ヴァン	22656
伸び	22657
律	22658
必然	22659
性愛	22660
朝早く	22661
狙い	22662
緊張	22663
DO	22664
IE	22665
oid	22666
ume	22667
uv	22668
▁Alpha	22669
▁Swedish	22670
▁Train	22671
▁addicted	22672
▁boldly	22673
▁concentrated	22674
▁corporation	22675
▁deviation	22676
▁disobeyed	22677
▁draft	22678
▁hardest	22679
▁lords	22680
▁materialism	22681
▁pronounce	22682
▁responds	22683
▁submissive	22684
▁wears	22685
▁なさる	22686
▁丁	22687
▁介護	22688
▁合わ	22689
▁引き上げ	22690
▁思慮	22691
▁愉快	22692
▁蒸気	22693
▁長生き	22694
おれ	22695
ただいま	22696
らぬ	22697
アダム	22698
チョウ	22699
ボク	22700
万軍	22701
厄介	22702
思い出せ	22703
植え	22704
訪れる	22705
近親	22706
適切な	22707
HA	22708
ori	22709
sir	22710
ulu	22711
▁Battle	22712
▁Changes	22713
▁Rig	22714
▁alcoholism	22715
▁clusters	22716
▁critics	22717
▁delta	22718
▁dial	22719
▁employers	22720
▁oaths	22721
▁pious	22722
▁potatoes	22723
▁programmed	22724
▁propose	22725
▁roles	22726
▁speeds	22727
▁stack	22728
▁stirred	22729
▁youthful	22730
▁→	22731
▁オリビア	22732
▁マウス	22733
▁哺乳	22734
▁強烈	22735
▁復讐	22736
▁性病	22737
ゴル	22738
ザック	22739
ッパー	22740
内側	22741
分ける	22742
囚人	22743
回数	22744
悪事	22745
憶	22746
爪	22747
苦しい	22748
IVE	22749
od	22750
vel	22751
▁Dennis	22752
▁Depend	22753
▁Fir	22754
▁Nation	22755
▁Prophets	22756
▁attach	22757
▁evangelizing	22758
▁foretell	22759
▁inadequate	22760
▁laundry	22761
▁pledge	22762
▁prescription	22763
▁sixteen	22764
▁stall	22765
▁sums	22766
▁tanks	22767
▁terrifying	22768
▁thirteen	22769
▁workplace	22770
▁ナンシー	22771
▁ボン	22772
▁一因	22773
▁下がれ	22774
▁加工	22775
▁合衆国	22776
▁崩れ	22777
▁平方キロ	22778
▁形作	22779
▁慈悲	22780
▁暑い	22781
▁治め	22782
▁猿	22783
▁蓄積	22784
▁陰謀	22785
いること	22786
なき	22787
ピーター	22788
モント	22789
伝達	22790
圧力	22791
掛か	22792
欲する	22793
漁	22794
終わらせ	22795
裕	22796
金庫	22797
cket	22798
eer	22799
ffi	22800
inte	22801
ural	22802
μ	22803
▁Colombia	22804
▁Economic	22805
▁Festival	22806
▁Hardly	22807
▁Tree	22808
▁abyss	22809
▁condemns	22810
▁epi	22811
▁fragile	22812
▁hormones	22813
▁mr	22814
▁stray	22815
▁tele	22816
▁visualize	22817
▁volunteered	22818
▁{	22819
▁ゆる	22820
▁下水	22821
▁厳格	22822
▁差し出し	22823
▁志	22824
▁渇望	22825
▁見当	22826
つきま	22827
の他の	22828
やめる	22829
パソコン	22830
別個	22831
療法	22832
,30	22833
EP	22834
MIN	22835
Many	22836
▁2006	22837
▁34,35	22838
▁Bel	22839
▁Moral	22840
▁Present	22841
▁characterized	22842
▁constitute	22843
▁democratic	22844
▁documented	22845
▁harassment	22846
▁killers	22847
▁mall	22848
▁supernatural	22849
▁unnatural	22850
▁すら	22851
▁スタジアム	22852
▁パキスタン	22853
▁一行	22854
▁培い	22855
▁宿舎	22856
▁根絶	22857
▁殉教	22858
▁深め	22859
▁訳し	22860
▁領土	22861
仮想	22862
内密	22863
占め	22864
崩れ	22865
設置	22866
録	22867
Make	22868
NESS	22869
ifying	22870
▁28,29)	22871
▁Link	22872
▁Madam	22873
▁Serving	22874
▁angles	22875
▁carpenter	22876
▁cleansing	22877
▁dia	22878
▁dy	22879
▁extinct	22880
▁infectious	22881
▁maker	22882
▁mounted	22883
▁musician	22884
▁solemn	22885
▁substantial	22886
▁tips	22887
▁undo	22888
▁urging	22889
▁つかま	22890
▁はなはだ	22891
▁去り	22892
▁業界	22893
▁殺せ	22894
▁洗う	22895
▁狩り	22896
▁目指す	22897
▁誘わ	22898
▁諦	22899
きちんと	22900
ぴ	22901
カム	22902
ショ	22903
マルヤ	22904
ミュー	22905
抑え	22906
爆破	22907
置か	22908
買	22909
ANT	22910
hou	22911
tty	22912
ui	22913
▁Agency	22914
▁Cell	22915
▁Miami	22916
▁Nobel	22917
▁Princess	22918
▁backwards	22919
▁bloodshed	22920
▁bounds	22921
▁collective	22922
▁donor	22923
▁falsely	22924
▁incidents	22925
▁invaded	22926
▁jar	22927
▁kidnapping	22928
▁kissed	22929
▁nap	22930
▁psalm	22931
▁query	22932
▁riot	22933
▁ripped	22934
▁rumor	22935
▁schemes	22936
▁swarm	22937
▁vegetable	22938
▁warmly	22939
▁おう	22940
▁インドネシア	22941
▁ガブリエル	22942
▁ベー	22943
▁モル	22944
▁人殺し	22945
▁寂しい	22946
▁手伝う	22947
▁欧州	22948
▁法人	22949
▁知覚	22950
▁筆	22951
▁艦隊	22952
▁貝	22953
❑	22954
あきらめ	22955
しみ	22956
グレー	22957
ゲー	22958
ジョージ	22959
スロー	22960
マラ	22961
メモ	22962
及び	22963
天国	22964
拠	22965
毎年	22966
苦痛	22967
黒人	22968
gas	22969
tree	22970
▁133	22971
▁Ash	22972
▁Behold	22973
▁Len	22974
▁Story	22975
▁Zambia	22976
▁digits	22977
▁disturbance	22978
▁dominion	22979
▁guarded	22980
▁partially	22981
▁progressively	22982
▁prolonged	22983
▁sexy	22984
▁slu	22985
▁sponsor	22986
▁swore	22987
▁vague	22988
▁とらえる	22989
▁イエズス	22990
▁タンパク質	22991
▁ハロー	22992
▁助	22993
▁双	22994
▁妥当	22995
▁手入れ	22996
▁手順	22997
▁支払	22998
▁救い出し	22999
▁済ま	23000
▁爪	23001
▁結び付け	23002
▁表情	23003
▁軍備	23004
ぜい	23005
エルサレム	23006
ステージ	23007
午前	23008
奪う	23009
放射	23010
無線	23011
糧	23012
関わり	23013
9,	23014
friend	23015
▁42.	23016
▁ABOUT	23017
▁Bang	23018
▁Division	23019
▁Elias	23020
▁Puerto	23021
▁Rico	23022
▁Sense	23023
▁bait	23024
▁celestial	23025
▁connecting	23026
▁eighteen	23027
▁extends	23028
▁exult	23029
▁fog	23030
▁furnace	23031
▁intervene	23032
▁outline	23033
▁participants	23034
▁participating	23035
▁philosophers	23036
▁prick	23037
▁restaurants	23038
▁あい	23039
▁いっさい	23040
▁たたき	23041
▁ケベック	23042
▁大酒	23043
▁引き起こ	23044
▁怒る	23045
▁文法	23046
▁業績	23047
▁診察	23048
▁閉	23049
キャプ	23050
ハンサム	23051
ブログ	23052
悩	23053
無料	23054
着け	23055
ador	23056
forgiving	23057
ito	23058
mat	23059
▁Amazing	23060
▁Ibrahim	23061
▁Mont	23062
▁Rat	23063
▁Thessalonica	23064
▁Visit	23065
▁cleaner	23066
▁dilemma	23067
▁enjoin	23068
▁fu	23069
▁gorgeous	23070
▁inappropriate	23071
▁parks	23072
▁regulating	23073
▁sizes	23074
▁translator	23075
▁unwilling	23076
▁ポイント	23077
▁何ら	23078
▁原住民	23079
▁探査	23080
▁活力	23081
▁灯	23082
▁父上	23083
▁祝祭	23084
▁聖人	23085
おさら	23086
きどき	23087
カトリック	23088
ミニ	23089
今朝	23090
信心深い	23091
処罰	23092
導入	23093
敬虔	23094
朽	23095
置き換え	23096
詳しい	23097
骨折	23098
lia	23099
pur	23100
▁27;	23101
▁88	23102
▁Cl	23103
▁banquet	23104
▁beats	23105
▁compromised	23106
▁coverage	23107
▁dismiss	23108
▁elite	23109
▁lottery	23110
▁mal	23111
▁prostitution	23112
▁varying	23113
▁前後	23114
▁向い	23115
▁地質	23116
▁撃ち	23117
▁横断	23118
▁浴び	23119
▁装備	23120
ダニエル	23121
妄想	23122
植	23123
砕	23124
穂	23125
▁1,300	23126
▁Anglican	23127
▁Hol	23128
▁Machine	23129
▁absurd	23130
▁beaches	23131
▁fade	23132
▁grains	23133
▁guiding	23134
▁inward	23135
▁jokes	23136
▁predators	23137
▁swamp	23138
▁sworn	23139
▁tolerance	23140
▁unemployed	23141
▁ひん	23142
▁クーポ	23143
▁ヘラルド	23144
▁ラリー	23145
▁外交	23146
▁枯れ	23147
▁歌詞	23148
▁浸透	23149
▁言い渡	23150
ざま	23151
まう	23152
オリ	23153
ハウ	23154
パーク	23155
ヴィッ	23156
忍耐	23157
況	23158
燃	23159
猛	23160
知らせる	23161
簿	23162
divisible	23163
hol	23164
pect	23165
▁Boss	23166
▁Caribbean	23167
▁Evidence	23168
▁Hungary	23169
▁Ky	23170
▁Ontario	23171
▁Rahab	23172
▁Sports	23173
▁Statistics	23174
▁Thor	23175
▁attacking	23176
▁commendation	23177
▁discrimination	23178
▁enlightenment	23179
▁fee	23180
▁je	23181
▁rotation	23182
▁sensible	23183
▁skeleton	23184
▁stripped	23185
▁threshold	23186
▁vicinity	23187
▁weary	23188
▁アマ	23189
▁ウサギ	23190
▁レーザー	23191
▁ワン	23192
▁保持	23193
▁屈	23194
▁留守	23195
▁示せる	23196
▁義人	23197
▁諸君	23198
ついに	23199
デール	23200
下す	23201
九	23202
助か	23203
携	23204
気落ち	23205
独り	23206
移り	23207
資格	23208
DS	23209
xi	23210
▁1,4	23211
▁Born	23212
▁DE	23213
▁Nile	23214
▁Sheol	23215
▁Tara	23216
▁Wars	23217
▁Williams	23218
▁appeals	23219
▁bugs	23220
▁circumcised	23221
▁induced	23222
▁planting	23223
▁recruit	23224
▁rewrite	23225
▁ser	23226
▁squeeze	23227
▁バナナ	23228
▁ワニ	23229
▁仕打ち	23230
▁件数	23231
▁正体	23232
▁毎朝	23233
▁移入	23234
▁終始	23235
▁頂点	23236
スビー	23237
ゾン	23238
失わ	23239
温度	23240
用語	23241
発射	23242
DF	23243
craft	23244
▁Account	23245
▁Castle	23246
▁Ecuador	23247
▁Kar	23248
▁Roll	23249
▁Rwanda	23250
▁SOME	23251
▁Serve	23252
▁bamboo	23253
▁barriers	23254
▁celebrations	23255
▁complaints	23256
▁copied	23257
▁fertilizer	23258
▁gut	23259
▁gym	23260
▁hunters	23261
▁imply	23262
▁pasture	23263
▁spur	23264
▁synthetic	23265
▁triggered	23266
▁wagon	23267
▁そうそう	23268
▁アホ	23269
▁ガーナ	23270
▁パレスチナ	23271
▁ローズ	23272
▁包み	23273
▁弓	23274
▁慈善	23275
▁日没	23276
▁機器	23277
▁白く	23278
▁語りかけ	23279
びり	23280
デモ	23281
注射	23282
滅ぼし	23283
苦難	23284
貧者	23285
looking	23286
pul	23287
tech	23288
umble	23289
▁(18	23290
▁76	23291
▁Dream	23292
▁Experience	23293
▁Glass	23294
▁Glenn	23295
▁Lawrence	23296
▁Used	23297
▁bridges	23298
▁collision	23299
▁compensate	23300
▁conservative	23301
▁corrupted	23302
▁finishing	23303
▁floors	23304
▁insult	23305
▁integer	23306
▁listens	23307
▁perished	23308
▁priestly	23309
▁repeating	23310
▁repented	23311
▁seriousness	23312
▁shepherding	23313
▁sown	23314
▁transmit	23315
▁violin	23316
▁らい病	23317
▁ウォル	23318
▁カレンダー	23319
▁シーズン	23320
▁スープ	23321
▁南米	23322
▁家々	23323
▁愛す	23324
▁排出	23325
▁探求	23326
▁濃い	23327
▁玉	23328
▁魅	23329
動脈	23330
地方	23331
度々	23332
心地	23333
手伝い	23334
晴れ	23335
除き	23336
3)	23337
FT	23338
ashi	23339
dded	23340
nai	23341
otic	23342
▁Digital	23343
▁Log	23344
▁NE	23345
▁aroused	23346
▁deepen	23347
▁erase	23348
▁greeted	23349
▁martyr	23350
▁notation	23351
▁outfit	23352
▁overseas	23353
▁precautions	23354
▁radar	23355
▁refresh	23356
▁restrict	23357
▁traced	23358
▁あいま	23359
▁いす	23360
▁くだら	23361
▁ドラゴン	23362
▁ロープ	23363
▁例証	23364
▁冒とく	23365
▁双子	23366
▁宿る	23367
▁届く	23368
▁悟る	23369
▁遺	23370
オーバー	23371
クリ	23372
ストレス	23373
データの	23374
少数	23375
往	23376
成し	23377
清め	23378
留ま	23379
輝く	23380
近付	23381
金額	23382
Give	23383
dimensional	23384
eration	23385
▁Com	23386
▁Ford	23387
▁Stress	23388
▁ax	23389
▁butterfly	23390
▁careless	23391
▁dining	23392
▁instituted	23393
▁mammals	23394
▁meditating	23395
▁objection	23396
▁polar	23397
▁scourge	23398
▁shelf	23399
▁shrine	23400
▁ふた	23401
▁シル	23402
▁リベカ	23403
▁原語	23404
▁国外	23405
▁安らか	23406
▁快い	23407
▁撮	23408
▁物品	23409
▁臨み	23410
▁見失	23411
▁輝	23412
▁農民	23413
そく	23414
ばく	23415
ニョ	23416
恐	23417
戯れ	23418
支払う	23419
歌う	23420
7,	23421
Ad	23422
Please	23423
RES	23424
ban	23425
elia	23426
first	23427
iver	23428
much	23429
rating	23430
tate	23431
▁256	23432
▁911	23433
▁Build	23434
▁Commandments	23435
▁Gomorrah	23436
▁JESUS	23437
▁Lester	23438
▁administered	23439
▁apology	23440
▁bodily	23441
▁matching	23442
▁prostitute	23443
▁prototype	23444
▁rep	23445
▁suitcase	23446
▁worms	23447
▁ミシ	23448
▁崇敬	23449
▁形造	23450
▁格	23451
▁狩猟	23452
▁言い開き	23453
▁読める	23454
▁返済	23455
▁養育	23456
チケット	23457
ハニ	23458
不敬	23459
作り上げ	23460
朝鮮	23461
求	23462
覚まし	23463
,25	23464
ddy	23465
※	23466
▁13,14)	23467
▁Dog	23468
▁Express	23469
▁Franz	23470
▁Giver	23471
▁Media	23472
▁Sar	23473
▁arbitrary	23474
▁astonishing	23475
▁joys	23476
▁margin	23477
▁notable	23478
▁parade	23479
▁starvation	23480
▁subsequent	23481
▁superstition	23482
▁さし絵	23483
▁クイン	23484
▁サウス	23485
▁ミツバチ	23486
▁取決め	23487
▁局長	23488
▁松	23489
▁適応	23490
▁閣下	23491
ッコ	23492
ブランド	23493
リティ	23494
例外	23495
揃	23496
浪	23497
浮	23498
統合	23499
轄	23500
重さ	23501
61	23502
BA	23503
atus	23504
lee	23505
scape	23506
▁Cameron	23507
▁PO	23508
▁Safety	23509
▁Server	23510
▁acknowledges	23511
▁altered	23512
▁bin	23513
▁duration	23514
▁explode	23515
▁functioning	23516
▁greenhouse	23517
▁impart	23518
▁petitions	23519
▁refugee	23520
▁supplement	23521
▁wholeheartedly	23522
▁アク	23523
▁スイッチ	23524
▁嘲笑	23525
▁試みる	23526
おじさん	23527
ならず	23528
アム	23529
ーラ	23530
勇	23531
国々	23532
女子	23533
復讐	23534
思慮	23535
抜ける	23536
未熟	23537
索	23538
絶滅	23539
透	23540
風邪	23541
After	23542
LAND	23543
piece	23544
▁4,5)	23545
▁87	23546
▁Franklin	23547
▁Growing	23548
▁Ice	23549
▁Jeff	23550
▁Junior	23551
▁MB	23552
▁Owen	23553
▁cling	23554
▁confuse	23555
▁enmity	23556
▁hospitable	23557
▁influential	23558
▁lane	23559
▁manufacturing	23560
▁nets	23561
▁procession	23562
▁ringing	23563
▁stumbled	23564
▁succumb	23565
▁グレー	23566
▁ジュリエット	23567
▁写	23568
▁分配	23569
▁塊	23570
▁方々	23571
▁海軍	23572
▁監	23573
たいな	23574
フー	23575
ヘッド	23576
中身	23577
出血	23578
十万	23579
撃て	23580
白人	23581
ii	23582
ream	23583
▁108	23584
▁Flash	23585
▁Jessica	23586
▁applause	23587
▁buttons	23588
▁considerably	23589
▁expel	23590
▁fetus	23591
▁inquire	23592
▁mock	23593
▁prevention	23594
▁reserves	23595
▁volcanic	23596
▁まちがい	23597
▁タイトル	23598
▁ルーテル	23599
▁個性	23600
▁大佐	23601
▁虚偽	23602
▁軽減	23603
こない	23604
フォーム	23605
メーカー	23606
人殺し	23607
分類	23608
安い	23609
温室	23610
買え	23611
gging	23612
hel	23613
organ	23614
¢	23615
ón	23616
▁Andrea	23617
▁Complete	23618
▁Energy	23619
▁Eyes	23620
▁Fox	23621
▁Lucas	23622
▁Throne	23623
▁Wonder	23624
▁acquaintance	23625
▁assisted	23626
▁disability	23627
▁escaping	23628
▁hardware	23629
▁instinct	23630
▁negotiate	23631
▁outcomes	23632
▁reassuring	23633
▁vest	23634
▁づけ	23635
▁ケーキ	23636
▁ラハブ	23637
▁ロケット	23638
▁ロジャー	23639
▁各国	23640
▁生む	23641
▁移転	23642
こめ	23643
んよ	23644
アジア	23645
オンライン	23646
キャラ	23647
ジャンプ	23648
タクシー	23649
判明	23650
勝者	23651
責	23652
6.	23653
ENCE	23654
dale	23655
say	23656
were	23657
▁1929	23658
▁Falls	23659
▁Gil	23660
▁Kids	23661
▁Marine	23662
▁abnormal	23663
▁algebra	23664
▁attempting	23665
▁chop	23666
▁commended	23667
▁communicating	23668
▁evangelizer	23669
▁intensely	23670
▁praises	23671
▁publicity	23672
▁sailed	23673
▁tasted	23674
▁towers	23675
▁ぜい	23676
▁やせ	23677
▁免れる	23678
▁叫び声	23679
▁否認	23680
▁葬	23681
▁辛	23682
▁近親	23683
むしろ	23684
インターフェ	23685
スパ	23686
ドニー	23687
ランプ	23688
光景	23689
収益	23690
役立た	23691
楽しむ	23692
無くな	23693
肉体	23694
飢え	23695
-20	23696
cate	23697
page	23698
shed	23699
uct	23700
տ	23701
▁148	23702
▁1958	23703
▁Centuries	23704
▁Jackson	23705
▁Justin	23706
▁Mozambique	23707
▁Options	23708
▁Prison	23709
▁Yesterday	23710
▁consultant	23711
▁despise	23712
▁disc	23713
▁ego	23714
▁fertility	23715
▁foundations	23716
▁furnish	23717
▁gesture	23718
▁membrane	23719
▁opponent	23720
▁subscription	23721
▁tablet	23722
▁textbook	23723
▁九	23724
▁帰せ	23725
▁被る	23726
▁謙	23727
クレー	23728
スキル	23729
ドック	23730
フレッド	23731
悲劇	23732
考	23733
負担	23734
蹴	23735
Of	23736
ounce	23737
▁Costa	23738
▁Gene	23739
▁Pioneer	23740
▁Till	23741
▁comm	23742
▁deity	23743
▁interference	23744
▁interrupted	23745
▁lemon	23746
▁storms	23747
▁summoned	23748
▁supermarket	23749
▁underwater	23750
▁unjustly	23751
▁動機づけ	23752
▁同棲	23753
▁尽くす	23754
▁歓ぶ	23755
▁現に	23756
▁詩人	23757
▁間違え	23758
あて	23759
ドラゴン	23760
プト	23761
ミルク	23762
ーブ	23763
奪い	23764
甲	23765
象徴	23766
開か	23767
震	23768
Jo	23769
itz	23770
lead	23771
rest	23772
▁1932	23773
▁29]	23774
▁Depression	23775
▁Emma	23776
▁Pardon	23777
▁Plato	23778
▁Square	23779
▁UFO	23780
▁Virgin	23781
▁beware	23782
▁civilians	23783
▁corporations	23784
▁dimension	23785
▁eclipse	23786
▁persuaded	23787
▁plagues	23788
▁rash	23789
▁terrain	23790
▁tread	23791
▁whisper	23792
▁ヤコ	23793
▁前方	23794
▁容	23795
▁攻め	23796
▁海面	23797
▁申し上げ	23798
▁逆ら	23799
ダース	23800
マリア	23801
体制	23802
急ぎ	23803
教室	23804
満たす	23805
貧困	23806
載せ	23807
鎖	23808
ova	23809
where	23810
wind	23811
▁Connor	23812
▁Model	23813
▁Strange	23814
▁__	23815
▁criticized	23816
▁deliberate	23817
▁dreaming	23818
▁flexible	23819
▁offensive	23820
▁plains	23821
▁promptly	23822
▁purify	23823
▁rejoiced	23824
▁salute	23825
▁あらわ	23826
▁オプション	23827
▁カスタ	23828
▁シンプ	23829
▁トゥ	23830
▁ラム	23831
▁半島	23832
▁卿	23833
▁受け止め	23834
▁受け継が	23835
▁売買	23836
▁惨事	23837
▁感心	23838
んぞ	23839
クィ	23840
クラン	23841
ーム	23842
並み	23843
同然	23844
大戦	23845
換	23846
構い	23847
,26	23848
blah	23849
burg	23850
rim	23851
ser	23852
ups	23853
wf	23854
▁Arm	23855
▁Dale	23856
▁Tag	23857
▁almighty	23858
▁amateur	23859
▁coordinate	23860
▁exceptional	23861
▁presiding	23862
▁regrets	23863
▁resemble	23864
▁revive	23865
▁rituals	23866
▁shameful	23867
▁skies	23868
▁ブドウ	23869
▁ボランティア	23870
▁具	23871
▁寄稿	23872
▁庭園	23873
▁廃	23874
▁文学	23875
▁曲げ	23876
▁甘	23877
▁礼	23878
▁統一	23879
▁見通し	23880
▁造る	23881
▁順番	23882
ぎり	23883
まみれ	23884
スタンス	23885
ニャ	23886
モンスター	23887
惚れ	23888
見せろ	23889
覗	23890
食う	23891
-2	23892
150	23893
7,000	23894
action	23895
eon	23896
oma	23897
▁Comfort	23898
▁Java	23899
▁Magazine	23900
▁Parker	23901
▁Sul	23902
▁Understandably	23903
▁Value	23904
▁astrology	23905
▁centimeters	23906
▁coefficient	23907
▁cruelty	23908
▁diligently	23909
▁elegant	23910
▁intimacy	23911
▁invites	23912
▁lip	23913
▁massacre	23914
▁microscope	23915
▁preview	23916
▁shook	23917
▁smarter	23918
▁stare	23919
▁tick	23920
▁がんば	23921
▁ご寄付	23922
▁ミカエル	23923
▁中断	23924
▁体系	23925
▁召集	23926
▁木々	23927
▁除き去	23928
づく	23929
トレ	23930
プロトコル	23931
ホームズ	23932
ワット	23933
当たる	23934
必	23935
日曜	23936
figure	23937
horn	23938
▁170	23939
▁@	23940
▁Aunt	23941
▁Ethiopia	23942
▁Israeli	23943
▁alternatives	23944
▁majestic	23945
▁portray	23946
▁replacing	23947
▁wow	23948
▁ありがたい	23949
▁おじ	23950
▁かたく	23951
▁ごちそう	23952
▁全域	23953
▁動詞	23954
▁口語	23955
▁属性	23956
▁捕らわれ	23957
▁欄	23958
▁清	23959
▁盛り	23960
▁議長	23961
▁躍る	23962
▁造り主	23963
きっ	23964
どんどん	23965
ボストン	23966
マイケル	23967
ラプラス	23968
リンゴ	23969
ーズ	23970
上げろ	23971
人種	23972
作れる	23973
垂	23974
愛で	23975
賜物	23976
通知	23977
頼り	23978
鮮	23979
gio	23980
gui	23981
hur	23982
icle	23983
moto	23984
open	23985
tag	23986
tha	23987
▁32,	23988
▁Designer	23989
▁Desktop	23990
▁Insert	23991
▁Question	23992
▁Total	23993
▁anytime	23994
▁chill	23995
▁fuels	23996
▁hometown	23997
▁nano	23998
▁photographer	23999
▁rec	24000
▁transported	24001
▁アンドリュー	24002
▁オオカミ	24003
▁ビッグ	24004
▁レイチェル	24005
▁合理	24006
▁奥様	24007
▁座れ	24008
▁所得	24009
▁拒み	24010
▁支出	24011
▁晴れ	24012
▁聴覚	24013
▁葬儀	24014
ぐれ	24015
ほら	24016
イア	24017
ロープ	24018
伸	24019
倉庫	24020
傾け	24021
団の	24022
姦	24023
建	24024
拷問	24025
漏ら	24026
誤差	24027
,000	24028
arra	24029
ett	24030
map	24031
pg	24032
pid	24033
raz	24034
▁2]	24035
▁AC	24036
▁Boys	24037
▁Casey	24038
▁Murder	24039
▁Simple	24040
▁beforehand	24041
▁companionship	24042
▁customary	24043
▁equality	24044
▁experimental	24045
▁frank	24046
▁hardened	24047
▁reverence	24048
▁rust	24049
▁scr	24050
▁seller	24051
▁sentiments	24052
▁stressful	24053
▁supervisor	24054
▁switched	24055
▁unrepentant	24056
▁vanished	24057
▁ことわざ	24058
▁ヌー	24059
▁一途	24060
▁不信	24061
▁中身	24062
▁岩石	24063
▁幻滅	24064
▁支	24065
▁欲	24066
▁職務	24067
▁色彩	24068
▁資本	24069
▁雷	24070
▁鳴き声	24071
つづけ	24072
なんとか	24073
サブ	24074
デジタル	24075
トレイ	24076
ライズ	24077
一定	24078
旧	24079
明るい	24080
暗殺	24081
模様	24082
育てる	24083
虐殺	24084
,27	24085
,28	24086
aka	24087
gel	24088
illo	24089
ime	24090
range	24091
step	24092
▁%3	24093
▁2,3)	24094
▁Beyond	24095
▁Boo	24096
▁Civic	24097
▁Lives	24098
▁Marcel	24099
▁blinded	24100
▁cement	24101
▁cycles	24102
▁dire	24103
▁hooked	24104
▁labeled	24105
▁measurements	24106
▁merchants	24107
▁occupy	24108
▁rearing	24109
▁resume	24110
▁translating	24111
▁turmoil	24112
▁uttered	24113
▁zoom	24114
▁たちまち	24115
▁なんぢ	24116
▁ウッド	24117
▁タンク	24118
▁トマト	24119
▁ノース	24120
▁ミル	24121
▁欺く	24122
▁盗む	24123
▁総会	24124
▁至っ	24125
▁進路	24126
ゅ	24127
ツイ	24128
ミア	24129
メス	24130
リヒ	24131
使い方	24132
恨	24133
文学	24134
相続	24135
符	24136
粗	24137
講演	24138
足し	24139
踪	24140
追求	24141
gua	24142
▁Brennan	24143
▁Form	24144
▁Moving	24145
▁Parent	24146
▁Rod	24147
▁advocate	24148
▁buses	24149
▁businessman	24150
▁commanding	24151
▁contemplate	24152
▁cyber	24153
▁drastic	24154
▁heel	24155
▁missile	24156
▁obtaining	24157
▁plunge	24158
▁preference	24159
▁tricky	24160
▁まね	24161
▁エア	24162
▁オープン	24163
▁カロリー	24164
▁テレサ	24165
▁パニック	24166
▁ヘリ	24167
▁レンズ	24168
▁内気	24169
▁振	24170
▁槍	24171
▁破る	24172
代償	24173
捧げる	24174
有り	24175
洋	24176
添え	24177
甘い	24178
,29	24179
250	24180
IL	24181
amine	24182
hri	24183
knowing	24184
▁Christine	24185
▁Dexter	24186
▁Europeans	24187
▁Haman	24188
▁Hopefully	24189
▁Oil	24190
▁TH	24191
▁Vas	24192
▁adoption	24193
▁cheek	24194
▁compensation	24195
▁crushing	24196
▁discount	24197
▁expend	24198
▁exploded	24199
▁explosive	24200
▁industries	24201
▁mixing	24202
▁raging	24203
▁shun	24204
▁wrongdoer	24205
▁ぜひとも	24206
▁ギル	24207
▁ターゲット	24208
▁フレッド	24209
▁伝承	24210
▁元々	24211
▁動け	24212
▁取り去	24213
▁噴	24214
▁意味深い	24215
▁救済	24216
▁論評	24217
▁面白	24218
お兄さん	24219
どけ	24220
スタッフ	24221
ハメ	24222
今後	24223
剥	24224
壊す	24225
果たす	24226
霊的	24227
,600	24228
iro	24229
lV	24230
lev	24231
▁Attack	24232
▁Camp	24233
▁Cast	24234
▁Circle	24235
▁Fast	24236
▁Hollywood	24237
▁Pur	24238
▁award	24239
▁backward	24240
▁char	24241
▁charming	24242
▁desolate	24243
▁id	24244
▁ninety	24245
▁powered	24246
▁preparations	24247
▁separating	24248
▁sinning	24249
▁surfaces	24250
▁unbeliever	24251
▁usage	24252
▁variations	24253
▁くじ	24254
▁み座	24255
▁シスター	24256
▁ハニー	24257
▁ヒル	24258
▁ヘリコプター	24259
▁予備	24260
▁千年期	24261
▁図表	24262
▁故国	24263
▁景色	24264
▁決議	24265
▁盗人	24266
▁緊	24267
ポリシー	24268
ヤード	24269
外す	24270
寄付	24271
睡眠	24272
詰ま	24273
話し合	24274
crypt	24275
gh	24276
grow	24277
rock	24278
stick	24279
▁Alexandria	24280
▁Apart	24281
▁Buy	24282
▁Kir	24283
▁Mur	24284
▁Nar	24285
▁Silas	24286
▁ascend	24287
▁campus	24288
▁cartoon	24289
▁counterfeit	24290
▁endowed	24291
▁heels	24292
▁medicines	24293
▁partition	24294
▁インター	24295
▁ウォー	24296
▁オリ	24297
▁スタ	24298
▁バンド	24299
▁付く	24300
▁固め	24301
▁皿	24302
▁裏付け	24303
▁預	24304
こぼ	24305
しすぎ	24306
めい	24307
ウィー	24308
チア	24309
征服	24310
留守	24311
降りる	24312
食用	24313
master	24314
▁190	24315
▁Baptizer	24316
▁Bobby	24317
▁Diet	24318
▁admission	24319
▁advises	24320
▁blindness	24321
▁contempt	24322
▁depended	24323
▁hating	24324
▁nickname	24325
▁pill	24326
▁pretending	24327
▁recognizes	24328
▁remark	24329
▁restoring	24330
▁staggering	24331
▁weakened	24332
▁ご要求	24333
▁ゾー	24334
▁引き出し	24335
▁待ち望む	24336
▁甚だ	24337
▁継	24338
▁顕微鏡	24339
すっかり	24340
の代	24341
ネタ	24342
ユニット	24343
傾き	24344
堂	24345
採	24346
気候	24347
BO	24348
LS	24349
urge	24350
▁1%	24351
▁Betty	24352
▁Birds	24353
▁Bush	24354
▁Pole	24355
▁Race	24356
▁SU	24357
▁administrator	24358
▁ambitious	24359
▁categories	24360
▁chickens	24361
▁curtain	24362
▁devout	24363
▁flights	24364
▁follower	24365
▁genome	24366
▁perfume	24367
▁poles	24368
▁rebuilt	24369
▁sha	24370
▁spa	24371
▁sucks	24372
▁sustaining	24373
▁そら	24374
▁まちが	24375
▁アイザック	24376
▁アップ	24377
▁カラム	24378
▁ダニ	24379
▁ノック	24380
▁墓地	24381
▁大臣	24382
▁巡	24383
▁巡礼	24384
▁弾丸	24385
▁惑わ	24386
▁放射能	24387
▁暗黒	24388
▁畏敬	24389
▁病原	24390
▁見知ら	24391
▁郡	24392
▁霧	24393
せられ	24394
スティン	24395
ドレ	24396
パイロット	24397
ピーク	24398
ヨー	24399
レンジャー	24400
動揺	24401
展	24402
応報	24403
方々	24404
生み出し	24405
稚	24406
考えだ	24407
閉じる	24408
bot	24409
itor	24410
▁1,100	24411
▁Panama	24412
▁Single	24413
▁Trouble	24414
▁appropriately	24415
▁bands	24416
▁chick	24417
▁enthusiastic	24418
▁er	24419
▁humiliation	24420
▁machinery	24421
▁mama	24422
▁modify	24423
▁pension	24424
▁prohibition	24425
▁reacted	24426
▁rounds	24427
▁seventeen	24428
▁slower	24429
▁tissues	24430
▁おとな	24431
▁せいぜい	24432
▁アフガニスタン	24433
▁カルロス	24434
▁キャプ	24435
▁キューバ	24436
▁ジェイコブ	24437
▁ディスコ	24438
▁ハード	24439
▁マーカ	24440
▁リード	24441
▁ルーク	24442
▁初頭	24443
▁卓	24444
▁捕え	24445
▁正に	24446
▁水平	24447
ぶる	24448
れるように	24449
低下	24450
巡礼	24451
待った	24452
放棄	24453
昇	24454
昼食	24455
苦手	24456
金貨	24457
齢	24458
WA	24459
class	24460
critical	24461
dig	24462
sent	24463
udge	24464
using	24465
▁200,000	24466
▁37)	24467
▁Abram	24468
▁Bou	24469
▁Recent	24470
▁adjustment	24471
▁allowance	24472
▁bitterness	24473
▁concluding	24474
▁hail	24475
▁operates	24476
▁risky	24477
▁satellites	24478
▁simpler	24479
▁エサウ	24480
▁エス	24481
▁ゴメ	24482
▁全米	24483
▁地雷	24484
▁幽霊	24485
▁打ちひし	24486
▁河川	24487
▁深まり	24488
▁避妊	24489
およそ	24490
お茶	24491
ジーン	24492
パズル	24493
ピク	24494
ブール	24495
取り組み	24496
指摘	24497
曲げ	24498
礁	24499
組み	24500
買い物	24501
追っ	24502
集会	24503
電力	24504
香り	24505
SU	24506
rat	24507
▁Alfred	24508
▁Gift	24509
▁Mormon	24510
▁Palm	24511
▁Persons	24512
▁allegiance	24513
▁alley	24514
▁dishonesty	24515
▁drawer	24516
▁drone	24517
▁embarrassment	24518
▁essay	24519
▁idolaters	24520
▁implied	24521
▁keenly	24522
▁refrigerator	24523
▁remainder	24524
▁san	24525
▁saves	24526
▁stab	24527
▁チェス	24528
▁ハート	24529
▁働かせ	24530
▁同然	24531
▁宴	24532
▁明かり	24533
▁棚	24534
▁細い	24535
▁虚	24536
▁配達	24537
▁集い	24538
かげ	24539
しばしば	24540
な情報	24541
りっぱ	24542
グローバル	24543
ゲイル	24544
トニー	24545
ラック	24546
ージェント	24547
召し	24548
尽く	24549
惑わ	24550
生え	24551
膝	24552
高度	24553
OUR	24554
eight	24555
lift	24556
show	24557
▁93	24558
▁Cardinal	24559
▁Honestly	24560
▁deepest	24561
▁entity	24562
▁meaningless	24563
▁ozone	24564
▁puzzled	24565
▁sounding	24566
▁sunny	24567
▁technically	24568
▁wax	24569
▁こたえ応じる	24570
▁カッコ	24571
▁シャン	24572
▁フォー	24573
▁モンロ	24574
▁動植物	24575
▁原理	24576
▁字義	24577
▁思いがけ	24578
▁整理	24579
▁芸	24580
あり得	24581
いち	24582
がけ	24583
る前に	24584
クォー	24585
リウム	24586
困る	24587
垣	24588
外科	24589
大佐	24590
役目	24591
憲	24592
探偵	24593
東方	24594
火事	24595
痕	24596
確証	24597
祖母	24598
順番	24599
騒	24600
PG	24601
cie	24602
ml	24603
mod	24604
position	24605
sons	24606
▁1975,	24607
▁Anderson	24608
▁GO	24609
▁Norway	24610
▁Quickly	24611
▁Syrian	24612
▁ascribe	24613
▁condemnation	24614
▁converts	24615
▁county	24616
▁headlines	24617
▁indifference	24618
▁marble	24619
▁privately	24620
▁squares	24621
▁theologian	24622
▁おばあちゃん	24623
▁ひたすら	24624
▁ネブカドネザル	24625
▁保て	24626
▁挿絵	24627
▁既存	24628
▁殺し屋	24629
▁爆破	24630
▁目ざ	24631
かえ	24632
インデックス	24633
オレンジ	24634
セス	24635
ブリッジ	24636
レム	24637
判決	24638
十戒	24639
呪い	24640
平等	24641
強化	24642
恐ろしく	24643
恥ずかしく	24644
成す	24645
捕獲	24646
湿	24647
炭	24648
父上	24649
見失	24650
財布	24651
転送	24652
運営	24653
GL	24654
Ra	24655
iya	24656
lig	24657
▁Foreign	24658
▁Philippi	24659
▁Sexual	24660
▁Thousand	24661
▁Ukraine	24662
▁Whoo	24663
▁bleed	24664
▁electrons	24665
▁innocence	24666
▁joyous	24667
▁lectures	24668
▁mice	24669
▁mist	24670
▁ripe	24671
▁shipping	24672
▁signing	24673
▁sour	24674
▁twentieth	24675
▁おじさん	24676
▁アルバム	24677
▁シンガポール	24678
▁バッグ	24679
▁中間	24680
▁大地	24681
▁幕	24682
▁成す	24683
▁扱い方	24684
▁拒む	24685
▁振動	24686
▁統合	24687
▁診療	24688
アラーム	24689
ノック	24690
フィルム	24691
プログラミング	24692
ペル	24693
ムス	24694
リズム	24695
報道	24696
慰め	24697
指数	24698
捕らえ	24699
採用	24700
栄え	24701
躍	24702
END	24703
TING	24704
hour	24705
lau	24706
makers	24707
merciful	24708
six	24709
▁Animals	24710
▁Bern	24711
▁Christopher	24712
▁Divorce	24713
▁FL	24714
▁Font	24715
▁Gate	24716
▁Reason	24717
▁Target	24718
▁agenda	24719
▁apostates	24720
▁batteries	24721
▁dressing	24722
▁eruption	24723
▁forcing	24724
▁fox	24725
▁imaginary	24726
▁lawn	24727
▁leopard	24728
▁lobby	24729
▁ヨセフス	24730
▁噂	24731
▁尊	24732
▁心痛	24733
▁悩	24734
▁意向	24735
▁策略	24736
▁紅海	24737
▁花婿	24738
▁通報	24739
お持ち	24740
ブラウン	24741
ホスト	24742
儀式	24743
哲学	24744
掛かる	24745
果物	24746
災難	24747
狩り	24748
遊ぶ	24749
Pl	24750
ault	24751
case	24752
dging	24753
grade	24754
inal	24755
ns	24756
vic	24757
▁0.1	24758
▁102	24759
▁30;	24760
▁Delta	24761
▁Dev	24762
▁Important	24763
▁Meta	24764
▁UP	24765
▁["	24766
▁conceived	24767
▁der	24768
▁emphasizes	24769
▁filed	24770
▁halls	24771
▁hurricane	24772
▁illicit	24773
▁loads	24774
▁psychic	24775
▁spectrum	24776
▁stepping	24777
▁timber	24778
▁お手伝い	24779
▁ふる	24780
▁まわり	24781
▁やけど	24782
▁叫ぶ	24783
▁所長	24784
▁文章	24785
▁案	24786
▁疎通	24787
▁除き去る	24788
シング	24789
スピ	24790
チャック	24791
ッキング	24792
ヒット	24793
丿	24794
再現	24795
山岳	24796
思いやり	24797
悼	24798
欄	24799
池	24800
疑う	24801
重ね	24802
野獣	24803
PC	24804
eep	24805
ound	24806
shima	24807
yard	24808
▁38)	24809
▁Alone	24810
▁Fill	24811
▁PEOPLE	24812
▁Pel	24813
▁Pra	24814
▁Switch	24815
▁Technology	24816
▁Wonderful	24817
▁appreciates	24818
▁bench	24819
▁composite	24820
▁encyclopedia	24821
▁enterprise	24822
▁fr	24823
▁lent	24824
▁manufacture	24825
▁supportive	24826
▁therapist	24827
▁virgins	24828
▁whites	24829
▁エクアドル	24830
▁エドワード	24831
▁フラッシュ	24832
▁取り分け	24833
▁壊滅	24834
▁恥ず	24835
▁慈しみ	24836
▁手助け	24837
▁浮か	24838
▁賭け	24839
とっても	24840
オーストラリア	24841
ゲノム	24842
セール	24843
リントン	24844
ンパイア	24845
凡	24846
回す	24847
溶	24848
漏れ	24849
激しい	24850
祭り	24851
罠	24852
見付け	24853
負わ	24854
bling	24855
ester	24856
gun	24857
ille	24858
lT	24859
à	24860
▁Blessed	24861
▁Bull	24862
▁Exalted	24863
▁Laplace	24864
▁Massachusetts	24865
▁Nikita	24866
▁Salt	24867
▁Style	24868
▁Tro	24869
▁battlefield	24870
▁economics	24871
▁ethical	24872
▁nuns	24873
▁sandwich	24874
▁tubes	24875
▁vigorous	24876
▁なき	24877
▁ほこり	24878
▁れんが	24879
▁オカルト	24880
▁ブラッド	24881
▁ボリビア	24882
▁万一	24883
▁改訂	24884
▁杖	24885
▁濃	24886
▁移し	24887
▁苦	24888
▁解雇	24889
▁部品	24890
▁願い求め	24891
アラ	24892
メイト	24893
体重	24894
名簿	24895
増える	24896
栄誉	24897
牧師	24898
節約	24899
該	24900
隣人	24901
-8	24902
ddle	24903
rig	24904
sa	24905
▁Access	24906
▁Archives	24907
▁BR	24908
▁Fac	24909
▁Liber	24910
▁Maps	24911
▁Paper	24912
▁Uganda	24913
▁arena	24914
▁consciences	24915
▁contradiction	24916
▁cookies	24917
▁fra	24918
▁hydro	24919
▁madness	24920
▁magnet	24921
▁marketing	24922
▁pollen	24923
▁portrayed	24924
▁prompt	24925
▁routes	24926
▁supervision	24927
▁waking	24928
▁withstand	24929
▁せっか	24930
▁オゾン	24931
▁ソース	24932
▁テレ	24933
▁メー	24934
▁レジ	24935
▁主任	24936
▁公会議	24937
▁再度	24938
▁出来上が	24939
▁戦時	24940
▁指紋	24941
▁暦	24942
▁浜辺	24943
▁清掃	24944
▁用い方	24945
▁肥料	24946
▁落ち込	24947
あわせ	24948
ドウ	24949
ページの	24950
宝石	24951
帰っ	24952
批判	24953
救出	24954
現わす	24955
生涯	24956
盲目	24957
覚め	24958
運ば	24959
UP	24960
cen	24961
elle	24962
heads	24963
▁AD	24964
▁Abu	24965
▁Calvin	24966
▁Duke	24967
▁FALSE	24968
▁Lower	24969
▁advancing	24970
▁clothe	24971
▁delayed	24972
▁demonic	24973
▁digest	24974
▁humiliating	24975
▁immigrants	24976
▁lifting	24977
▁optional	24978
▁pri	24979
▁railroad	24980
▁singleness	24981
▁skins	24982
▁withhold	24983
▁不和	24984
▁傷つ	24985
▁宝くじ	24986
▁引き付け	24987
▁築き	24988
の範囲	24989
ゾナ	24990
タマ	24991
云	24992
念じ	24993
憂い	24994
既	24995
累	24996
羅	24997
要因	24998
過ごせ	24999
飲み物	25000
high	25001
plan	25002
ulating	25003
▁Contributed	25004
▁Monroe	25005
▁Nicholas	25006
▁Role	25007
▁Visitors	25008
▁astrologers	25009
▁calories	25010
▁comforts	25011
▁cro	25012
▁def	25013
▁dogma	25014
▁headaches	25015
▁heights	25016
▁housewife	25017
▁listener	25018
▁manipulate	25019
▁poorer	25020
▁spreads	25021
▁stink	25022
▁sunrise	25023
▁きる	25024
▁やや	25025
▁フィルム	25026
▁憎み	25027
▁果実	25028
▁歯科	25029
▁汚す	25030
▁薬品	25031
▁衰退	25032
▁詰ま	25033
▁錠	25034
▁飼育	25035
ことば	25036
キア	25037
セキュリティ	25038
ブー	25039
ボーン	25040
ポリス	25041
伍	25042
可能性を	25043
女児	25044
栄養	25045
解き	25046
試練	25047
隅	25048
≪	25049
▁Flight	25050
▁Margaret	25051
▁OR	25052
▁Osaka	25053
▁Win	25054
▁adolescent	25055
▁assess	25056
▁comb	25057
▁distorted	25058
▁drown	25059
▁exposing	25060
▁grieving	25061
▁liquor	25062
▁necklace	25063
▁penetrate	25064
▁prevailed	25065
▁rig	25066
▁tents	25067
▁tightly	25068
▁エラ	25069
▁ケリー	25070
▁ジャーナリスト	25071
▁ヘロイン	25072
▁マーティン	25073
▁乱暴	25074
▁廊下	25075
▁得意	25076
▁悔い改める	25077
▁普及	25078
▁焼か	25079
▁金庫	25080
るところ	25081
セグ	25082
パイプ	25083
人工	25084
同胞	25085
告白	25086
獲	25087
遭遇	25088
BC	25089
bird	25090
lene	25091
peace	25092
▁1923	25093
▁Bath	25094
▁Haiti	25095
▁Mean	25096
▁Oxford	25097
▁Pressure	25098
▁Reports	25099
▁Sanhedrin	25100
▁Side	25101
▁adulthood	25102
▁complications	25103
▁cru	25104
▁explanations	25105
▁fairy	25106
▁injection	25107
▁junior	25108
▁lace	25109
▁notorious	25110
▁purely	25111
▁que	25112
▁spear	25113
▁tires	25114
▁wit	25115
▁ぶり	25116
▁アレクサンドロス	25117
▁サンパウロ	25118
▁ダウン	25119
▁ハル	25120
▁ヨシヤ	25121
▁ラクダ	25122
▁ラス	25123
▁体育	25124
▁帰れ	25125
▁未婚	25126
▁温暖	25127
▁綱	25128
▁表象	25129
▁重く	25130
▁震え	25131
ウォー	25132
ツリー	25133
ヘッ	25134
ホーン	25135
ミーム	25136
ラード	25137
例え	25138
守ら	25139
寄り	25140
抜か	25141
確立	25142
祝	25143
諸島	25144
豊富	25145
,31	25146
People	25147
ania	25148
astic	25149
eck	25150
keeping	25151
▁Atlanta	25152
▁Card	25153
▁Jupiter	25154
▁Sebastian	25155
▁Venezuela	25156
▁complement	25157
▁departed	25158
▁ditch	25159
▁floods	25160
▁generously	25161
▁profitable	25162
▁ranging	25163
▁seals	25164
▁sigh	25165
▁summit	25166
▁trivial	25167
▁アハブ	25168
▁出口	25169
▁割り	25170
▁厚い	25171
▁声明	25172
▁斜面	25173
▁現存	25174
▁調節	25175
▁電池	25176
▁響き	25177
▁食堂	25178
ある程度	25179
いちゃ	25180
カタ	25181
フラン	25182
割り切	25183
回収	25184
場面	25185
巡り	25186
惹	25187
慮	25188
書き換え	25189
荒	25190
飛ば	25191
ening	25192
evil	25193
fight	25194
heim	25195
hn	25196
imo	25197
lute	25198
omi	25199
▁1,7	25200
▁18;	25201
▁Conference	25202
▁Conventions	25203
▁Cornelius	25204
▁Var	25205
▁Zero	25206
▁ankle	25207
▁attained	25208
▁bias	25209
▁booklets	25210
▁bricks	25211
▁casualties	25212
▁clone	25213
▁crude	25214
▁dash	25215
▁jazz	25216
▁overtake	25217
▁proofs	25218
▁rider	25219
▁tunnels	25220
▁さかのぼ	25221
▁アメリカン	25222
▁ティンダル	25223
▁ペンキ	25224
▁注釈	25225
▁突き止め	25226
▁聞き届け	25227
▁言い表わす	25228
▁非行	25229
ちょう	25230
シャイ	25231
セリ	25232
レーター	25233
募	25234
実施	25235
対称	25236
引き起こし	25237
承認	25238
撮り	25239
知能	25240
難い	25241
順序	25242
PL	25243
boo	25244
cker	25245
wed	25246
▁Arizona	25247
▁Il	25248
▁Indonesia	25249
▁SEE	25250
▁Tess	25251
▁Yearbook	25252
▁accusations	25253
▁builders	25254
▁chairs	25255
▁deposits	25256
▁discouragement	25257
▁hurried	25258
▁incidence	25259
▁ordeal	25260
▁premature	25261
▁rampant	25262
▁uncommon	25263
▁ver	25264
▁void	25265
▁ウー	25266
▁孤児	25267
▁王妃	25268
▁目立	25269
▁迎え入れ	25270
アドバイス	25271
コーブ	25272
シオン	25273
チャン	25274
ッソ	25275
マク	25276
名付け	25277
枠	25278
輸送	25279
預か	25280
SI	25281
por	25282
shaw	25283
▁Bernard	25284
▁Communication	25285
▁Correct	25286
▁Design	25287
▁Editor	25288
▁Increase	25289
▁Marshall	25290
▁Moab	25291
▁Showing	25292
▁Tre	25293
▁Understand	25294
▁WORLD	25295
▁Wo	25296
▁[4	25297
▁addressing	25298
▁anticipated	25299
▁ash	25300
▁compass	25301
▁foolishness	25302
▁loaf	25303
▁passive	25304
▁pleaded	25305
▁policemen	25306
▁quant	25307
▁religiously	25308
▁taller	25309
▁vo	25310
▁あくまで	25311
▁にくく	25312
▁テッド	25313
▁台風	25314
▁恐竜	25315
▁材	25316
▁神父	25317
▁芝	25318
▁論題	25319
▁透	25320
▁鎮	25321
▁開ける	25322
ざし	25323
を特定	25324
ゼット	25325
ドッグ	25326
ドリー	25327
ーク	25328
会わせ	25329
偵	25330
機密	25331
溢れ	25332
特性	25333
直前	25334
結び	25335
Lo	25336
netheless	25337
▁Alive	25338
▁Lloyd	25339
▁Ross	25340
▁Shakespeare	25341
▁Tyndale	25342
▁WILL	25343
▁artistic	25344
▁compounds	25345
▁mosquito	25346
▁owed	25347
▁refined	25348
▁sermon	25349
▁tub	25350
▁ウェスト	25351
▁クリア	25352
▁ボーン	25353
▁ライン	25354
▁争	25355
▁和らげ	25356
▁夕	25357
▁引き金	25358
▁方針	25359
▁混合	25360
▁蜜	25361
▁隅	25362
うそ	25363
お姉さん	25364
ぜん	25365
とどまら	25366
の人々の	25367
シマ	25368
ストーン	25369
トウ	25370
利き	25371
創世記	25372
呼ばわり	25373
戯	25374
文章	25375
暗黒	25376
2012	25377
Mar	25378
een	25379
ete	25380
fall	25381
▁1513	25382
▁Beat	25383
▁Carolina	25384
▁Donald	25385
▁Dunham	25386
▁Origin	25387
▁Rica	25388
▁Treasure	25389
▁WI	25390
▁addict	25391
▁bloodstream	25392
▁boldness	25393
▁conf	25394
▁cr	25395
▁despised	25396
▁fellas	25397
▁gigantic	25398
▁labels	25399
▁lifesaving	25400
▁manufacturers	25401
▁nitrogen	25402
▁parked	25403
▁partnership	25404
▁scars	25405
▁spit	25406
▁stove	25407
▁tray	25408
▁ニュートン	25409
▁フォント	25410
▁フー	25411
▁ラベル	25412
▁レン	25413
▁君主	25414
▁年鑑	25415
▁役員	25416
▁怖	25417
✔	25418
かく	25419
イヴ	25420
コロ	25421
シミュレーション	25422
ショップ	25423
ジャケット	25424
マルコ	25425
博物	25426
愛情	25427
授	25428
授か	25429
普遍	25430
繭	25431
詩人	25432
隙	25433
aga	25434
being	25435
bug	25436
iger	25437
oot	25438
osi	25439
▁Detroit	25440
▁Houston	25441
▁Inquisition	25442
▁Kyoto	25443
▁Methodist	25444
▁Scripturally	25445
▁Success	25446
▁Ven	25447
▁aided	25448
▁bundle	25449
▁circumstance	25450
▁crust	25451
▁horizontal	25452
▁imperial	25453
▁infrastructure	25454
▁inverse	25455
▁overflow	25456
▁retire	25457
▁summon	25458
▁unstable	25459
▁veins	25460
▁たどり着	25461
▁ふう	25462
▁ドライブ	25463
▁ハリケーン	25464
▁ルイ	25465
▁先日	25466
▁入り込	25467
▁夜明け	25468
▁学問	25469
▁憤慨	25470
▁敬い	25471
▁済	25472
▁王子	25473
▁疑	25474
に与える	25475
ほんと	25476
を提供する	25477
スカイ	25478
ドス	25479
バター	25480
ヒト	25481
ラント	25482
今や	25483
危ない	25484
応用	25485
意気	25486
敬意	25487
更	25488
BR	25489
chem	25490
lio	25491
mission	25492
saying	25493
▁Channel	25494
▁Environment	25495
▁Girls	25496
▁Jun	25497
▁Khan	25498
▁TRUE	25499
▁Turns	25500
▁Twitter	25501
▁Tyre	25502
▁coma	25503
▁conveyed	25504
▁friction	25505
▁infinity	25506
▁naive	25507
▁schoolmates	25508
▁sponsored	25509
▁subscribe	25510
▁tackle	25511
▁unacceptable	25512
▁upload	25513
▁つる	25514
▁エリコ	25515
▁仕返し	25516
▁力づけ	25517
▁取れる	25518
▁取得	25519
▁守れ	25520
▁寄生虫	25521
▁広まり	25522
▁柔らかい	25523
▁温	25524
➡	25525
テリア	25526
トゥー	25527
ドロ	25528
パネル	25529
前進	25530
固め	25531
悪行	25532
激しく	25533
瓶	25534
ANCE	25535
SC	25536
bag	25537
bert	25538
inator	25539
pal	25540
▁Chad	25541
▁Definitely	25542
▁Drugs	25543
▁Harris	25544
▁III	25545
▁Kick	25546
▁Lydia	25547
▁McC	25548
▁Rid	25549
▁clown	25550
▁contemporary	25551
▁curb	25552
▁defending	25553
▁hypo	25554
▁impaled	25555
▁incite	25556
▁peacefully	25557
▁revolutionary	25558
▁senseless	25559
▁shortcut	25560
▁unexpectedly	25561
▁アブラム	25562
▁エー	25563
▁ヒュー	25564
▁ラボ	25565
▁敷	25566
▁泳	25567
▁渡す	25568
▁興味深	25569
▁舞	25570
▁返す	25571
ぽ	25572
エンジニア	25573
スコット	25574
ニコ	25575
ファイア	25576
ベット	25577
仲良	25578
即	25579
大声	25580
感動	25581
気づく	25582
肥	25583
観点	25584
通報	25585
0.6	25586
going	25587
ove	25588
▁11,12)	25589
▁40,000	25590
▁Defense	25591
▁Ivan	25592
▁Philistines	25593
▁Repeat	25594
▁Speed	25595
▁Tech	25596
▁Voice	25597
▁candle	25598
▁chewing	25599
▁circus	25600
▁cooperative	25601
▁counseling	25602
▁dwarf	25603
▁hormone	25604
▁noisy	25605
▁politician	25606
▁poorly	25607
▁shifted	25608
▁slice	25609
▁suited	25610
▁undesirable	25611
▁violently	25612
▁すべ	25613
▁つまずか	25614
▁オイ	25615
▁パイプ	25616
▁取り上げる	25617
▁後継	25618
▁思わず	25619
▁教え方	25620
▁曲が	25621
▁物価	25622
▁現わし	25623
▁脅かし	25624
けれども	25625
さり	25626
たため	25627
インタ	25628
イー	25629
スキ	25630
ヒュー	25631
ビーチ	25632
マックス	25633
ミオ	25634
モル	25635
リフ	25636
修復	25637
唇	25638
斎	25639
残れる	25640
演説	25641
積み	25642
衰	25643
見つけ出す	25644
遅刻	25645
重力	25646
MAN	25647
kov	25648
▁240	25649
▁Collection	25650
▁Desert	25651
▁Engine	25652
▁Interesting	25653
▁Madrid	25654
▁Manhattan	25655
▁Ul	25656
▁accumulate	25657
▁achievements	25658
▁bulk	25659
▁forgives	25660
▁fragment	25661
▁gangs	25662
▁haul	25663
▁mediator	25664
▁rainbow	25665
▁sovereign	25666
▁squirrel	25667
▁variation	25668
▁ウエ	25669
▁コウモリ	25670
▁ザンビア	25671
▁ソー	25672
▁ティム	25673
▁ペース	25674
▁ヤン	25675
▁依り頼む	25676
▁労苦	25677
▁喪失	25678
▁建	25679
▁意気	25680
▁手続き	25681
▁生成	25682
▁癖	25683
▁見極める	25684
くぞ	25685
じっと	25686
ゆま	25687
コナー	25688
ゾーン	25689
テク	25690
出かける	25691
持たせ	25692
沃	25693
選択した	25694
金利	25695
革新	25696
1958	25697
Spanish	25698
eal	25699
firm	25700
itan	25701
▁Custom	25702
▁Daryl	25703
▁Load	25704
▁Num	25705
▁Possible	25706
▁Share	25707
▁admired	25708
▁astronomers	25709
▁commits	25710
▁consumers	25711
▁counselors	25712
▁descendant	25713
▁embedded	25714
▁hacker	25715
▁impulse	25716
▁inability	25717
▁lays	25718
▁ownership	25719
▁parse	25720
▁pearls	25721
▁persevere	25722
▁pillow	25723
▁pipes	25724
▁simplicity	25725
▁snack	25726
▁superstitious	25727
▁あけ	25728
▁ドレス	25729
▁ブロシュアー	25730
▁ポリ	25731
▁下痢	25732
▁不可	25733
▁側面	25734
▁分派	25735
▁前半	25736
▁増し加える	25737
▁山地	25738
▁情熱	25739
▁憤	25740
▁改良	25741
▁索引	25742
▁雄牛	25743
▁風景	25744
あな	25745
アレ	25746
免れ	25747
利用可能	25748
台なし	25749
怪し	25750
悪夢	25751
搾	25752
整え	25753
秩序	25754
須	25755
120	25756
Co	25757
alla	25758
band	25759
check	25760
ended	25761
handed	25762
rack	25763
▁Decision	25764
▁Fuji	25765
▁Proper	25766
▁Rad	25767
▁Windows	25768
▁Yourself	25769
▁cabinet	25770
▁cleanness	25771
▁creep	25772
▁evenings	25773
▁exceptions	25774
▁heavier	25775
▁intolerance	25776
▁kit	25777
▁livelihood	25778
▁ninth	25779
▁reconciliation	25780
▁sharks	25781
▁steer	25782
▁submarine	25783
▁vile	25784
▁vouch	25785
▁yielding	25786
▁ウェイン	25787
▁キプロス	25788
▁ダウンロード	25789
▁ドラッグ	25790
▁マナ	25791
▁平穏	25792
▁引き裂	25793
▁排除	25794
▁採掘	25795
▁水路	25796
▁演説	25797
▁礼儀	25798
▁耐え忍	25799
▁膝	25800
▁芽	25801
▁財	25802
▁身長	25803
▁通じる	25804
▁遺言	25805
▁順位	25806
アラビア	25807
会合	25808
何千	25809
南東	25810
工作	25811
河	25812
痕跡	25813
野菜	25814
8,000	25815
aj	25816
awa	25817
sacred	25818
▁Away	25819
▁Felix	25820
▁Fro	25821
▁Les	25822
▁Plain	25823
▁Subject	25824
▁Told	25825
▁Wales	25826
▁[5	25827
▁ancestor	25828
▁clearing	25829
▁cone	25830
▁extremes	25831
▁filters	25832
▁forgave	25833
▁forgetting	25834
▁groom	25835
▁grooming	25836
▁lowliness	25837
▁misfortune	25838
▁overweight	25839
▁resisted	25840
▁specialized	25841
▁tan	25842
▁すっ	25843
▁クラウ	25844
▁ココ	25845
▁フェリ	25846
▁世論	25847
▁取って	25848
▁後退	25849
▁微小	25850
▁透明	25851
▁連れ去	25852
▁過ぎ去り	25853
りなさい	25854
オペレー	25855
キラー	25856
コーン	25857
チェス	25858
リエル	25859
ロット	25860
三つ	25861
出番	25862
恥ず	25863
抑制	25864
深さ	25865
目だ	25866
矢印	25867
砂糖	25868
破り	25869
融資	25870
賢く	25871
Right	25872
faithful	25873
order	25874
uke	25875
▁13;	25876
▁1985,	25877
▁Changing	25878
▁Cup	25879
▁Jenny	25880
▁Katie	25881
▁Root	25882
▁annoying	25883
▁arteries	25884
▁constitution	25885
▁consulting	25886
▁decorated	25887
▁enrich	25888
▁equip	25889
▁gospel	25890
▁implications	25891
▁lib	25892
▁lining	25893
▁picnic	25894
▁refuses	25895
▁そっくり	25896
▁よみがえらせ	25897
▁アンドレ	25898
▁ダイア	25899
▁トゥー	25900
▁ハム	25901
▁ワー	25902
▁内戦	25903
▁奥義	25904
▁落とす	25905
▁著書	25906
▁複合	25907
▁見せかけ	25908
▁趣	25909
▁辞め	25910
▁追い出し	25911
っぺ	25912
カレンダー	25913
グレイ	25914
ターゲット	25915
ランス	25916
ラーム	25917
レベルで	25918
ロボ	25919
割合	25920
博	25921
執行	25922
宗	25923
打って	25924
跳び	25925
268	25926
ae	25927
cess	25928
headed	25929
pper	25930
▁12,13)	25931
▁43)	25932
▁Crisis	25933
▁Gas	25934
▁Marco	25935
▁Riley	25936
▁Samaritans	25937
▁assassin	25938
▁bounce	25939
▁designers	25940
▁dose	25941
▁oriented	25942
▁por	25943
▁prevailing	25944
▁respectfully	25945
▁selecting	25946
▁superiority	25947
▁witches	25948
▁ふん	25949
▁もてなす	25950
▁オス	25951
▁カエル	25952
▁カリブ	25953
▁サイエンティスト	25954
▁タブ	25955
▁デニス	25956
▁ナイル	25957
▁ファッション	25958
▁マズ	25959
▁メタ	25960
▁初子	25961
▁受精	25962
▁寺院	25963
▁幻覚	25964
▁引き渡	25965
▁性交	25966
▁泳ぎ	25967
▁絵画	25968
▁訪ねる	25969
▁飲み過ぎ	25970
▁飼	25971
ボルト	25972
傘	25973
刃	25974
利用でき	25975
呪わ	25976
弟子	25977
排除	25978
細か	25979
置換	25980
育ち	25981
角形	25982
諸国	25983
適正	25984
鎮	25985
51	25986
RT	25987
completing	25988
dies	25989
ison	25990
▁1,400	25991
▁15,16)	25992
▁Abuse	25993
▁Lack	25994
▁Mordecai	25995
▁Raise	25996
▁Took	25997
▁accidentally	25998
▁baptizing	25999
▁cliff	26000
▁commemorate	26001
▁computation	26002
▁destroys	26003
▁discharge	26004
▁drum	26005
▁feedback	26006
▁finite	26007
▁flourish	26008
▁hostage	26009
▁insulin	26010
▁interpreted	26011
▁linen	26012
▁manifestation	26013
▁processed	26014
▁rang	26015
▁slay	26016
▁バーバラ	26017
▁マディ	26018
▁占領	26019
▁呑み込	26020
▁嘆	26021
▁堂	26022
▁救い出す	26023
▁最中	26024
▁溝	26025
▁賢	26026
▁遊ぶ	26027
そっくり	26028
べきで	26029
ッチャー	26030
トンネル	26031
一同	26032
壇	26033
有利	26034
泊ま	26035
癒	26036
空け	26037
菜	26038
認知	26039
銘	26040
霧	26041
Love	26042
ides	26043
ipp	26044
kh	26045
osh	26046
wide	26047
zawa	26048
▁1934	26049
▁Boaz	26050
▁Malcolm	26051
▁Parliament	26052
▁Samson	26053
▁TB	26054
▁Teddy	26055
▁Written	26056
▁accusation	26057
▁calcium	26058
▁casting	26059
▁disloyal	26060
▁evangelizers	26061
▁guarding	26062
▁intricate	26063
▁investors	26064
▁maiden	26065
▁reliance	26066
▁settling	26067
▁shipped	26068
▁surge	26069
▁vein	26070
▁つり	26071
▁倣え	26072
▁出費	26073
▁利得	26074
▁押さえ	26075
▁椅子	26076
▁楽しめ	26077
▁脈	26078
その他の	26079
クエリ	26080
ストーリー	26081
ドーム	26082
ホル	26083
ュ	26084
作業を	26085
出世	26086
包帯	26087
増し	26088
抗	26089
招く	26090
持ち上げ	26091
検査を	26092
沙汰	26093
淫	26094
絞	26095
速さ	26096
電球	26097
41	26098
Really	26099
awn	26100
roy	26101
▁45)	26102
▁Angela	26103
▁Czech	26104
▁Describe	26105
▁Prior	26106
▁Unity	26107
▁Ward	26108
▁accomplishments	26109
▁activated	26110
▁aimed	26111
▁assuredly	26112
▁cherished	26113
▁demonstrates	26114
▁fortified	26115
▁hairs	26116
▁mountainous	26117
▁necks	26118
▁nun	26119
▁pathetic	26120
▁respiratory	26121
▁socket	26122
▁spinning	26123
▁storing	26124
▁sunshine	26125
▁tags	26126
▁veil	26127
▁アディ	26128
▁オオ	26129
▁変異	26130
▁少々	26131
▁毛布	26132
▁障壁	26133
お返し	26134
インタビュー	26135
カール	26136
スカート	26137
ッピー	26138
バーン	26139
プリンタ	26140
一本	26141
一枚	26142
一般的	26143
出口	26144
売れ	26145
担っ	26146
磨	26147
繕	26148
2000	26149
VA	26150
dev	26151
drop	26152
fearing	26153
ila	26154
▁%1:	26155
▁Dam	26156
▁Experts	26157
▁Halloween	26158
▁Normally	26159
▁acids	26160
▁acquiring	26161
▁adolescents	26162
▁bur	26163
▁confrontation	26164
▁conservation	26165
▁contracted	26166
▁counteract	26167
▁criticize	26168
▁expectancy	26169
▁explicit	26170
▁monetary	26171
▁obesity	26172
▁prestige	26173
▁scatter	26174
▁ひとたび	26175
▁やむ	26176
▁ゆが	26177
▁ウェイ	26178
▁カム	26179
▁トラブル	26180
▁ブタ	26181
▁マケドニア	26182
▁ミニ	26183
▁ルース	26184
▁冒	26185
▁出生	26186
▁原始	26187
▁呪い	26188
▁呼び求める	26189
▁回る	26190
▁変動	26191
▁嫁	26192
▁幼虫	26193
▁愛着	26194
▁投与	26195
▁援	26196
▁死海	26197
▁紅茶	26198
ありえ	26199
クルー	26200
取り除く	26201
大陸	26202
天皇	26203
政権	26204
美しく	26205
虐待	26206
鳴り	26207
Never	26208
boat	26209
lines	26210
public	26211
usa	26212
▁195	26213
▁Base	26214
▁DON	26215
▁Des	26216
▁Double	26217
▁Dragon	26218
▁Giant	26219
▁Grandma	26220
▁Horse	26221
▁Navy	26222
▁Philadelphia	26223
▁Salvation	26224
▁Sing	26225
▁Stock	26226
▁assert	26227
▁bud	26228
▁collector	26229
▁corridor	26230
▁devised	26231
▁diarrhea	26232
▁ecological	26233
▁fasting	26234
▁interrogation	26235
▁obscene	26236
▁ox	26237
▁proposition	26238
▁repairs	26239
▁stag	26240
▁strengthens	26241
▁succession	26242
▁tactic	26243
▁testified	26244
▁vocal	26245
▁volumes	26246
▁wilt	26247
▁それなり	26248
▁むすこ	26249
▁セキュリティ	26250
▁リズム	26251
▁判明	26252
▁勃発	26253
▁拒絶	26254
▁新生	26255
▁活気	26256
▁砲	26257
▁計り知れない	26258
▁賢人	26259
グレゴ	26260
ナンバー	26261
ヤア	26262
任せる	26263
冷たい	26264
大半	26265
揺れ	26266
楽器	26267
要な	26268
4,000	26269
OV	26270
foo	26271
mos	26272
▁28]	26273
▁Beginning	26274
▁Door	26275
▁Lead	26276
▁NEW	26277
▁Qui	26278
▁Reg	26279
▁agony	26280
▁ailments	26281
▁barrel	26282
▁camels	26283
▁contamination	26284
▁creator	26285
▁cunning	26286
▁distract	26287
▁emblems	26288
▁insignificant	26289
▁instill	26290
▁limbs	26291
▁malicious	26292
▁mischief	26293
▁mocked	26294
▁nationality	26295
▁nowadays	26296
▁politically	26297
▁potent	26298
▁sensors	26299
▁slack	26300
▁けん	26301
▁サンディ	26302
▁ドク	26303
▁ライブ	26304
▁丁度	26305
▁少なから	26306
▁戦後	26307
▁指し示	26308
▁消す	26309
▁遺物	26310
▁金額	26311
ましく	26312
ルト	26313
休日	26314
発達	26315
艦隊	26316
設備	26317
0.0	26318
exa	26319
system	26320
▁KNOW	26321
▁Patty	26322
▁Salvador	26323
▁assisting	26324
▁boarding	26325
▁containers	26326
▁earnings	26327
▁exotic	26328
▁mainland	26329
▁origins	26330
▁owes	26331
▁quitting	26332
▁righteously	26333
▁rushing	26334
▁stretching	26335
▁swap	26336
▁tales	26337
▁universities	26338
▁こわ	26339
▁さらす	26340
▁アンティオキア	26341
▁ジュディ	26342
▁フットボール	26343
▁ロビー	26344
▁作り話	26345
▁摂	26346
▁配列	26347
アブ	26348
サイクル	26349
作り出し	26350
到来	26351
国境	26352
奥地	26353
捕虜	26354
控え	26355
構え	26356
歩け	26357
滅び	26358
甥	26359
競	26360
職業	26361
遷	26362
鞭	26363
asa	26364
blood	26365
ds	26366
oe	26367
ont	26368
stop	26369
wash	26370
Ì	26371
ú	26372
▁1989,	26373
▁Alcohol	26374
▁Case	26375
▁Cyprus	26376
▁Device	26377
▁Erica	26378
▁Fruit	26379
▁Late	26380
▁Military	26381
▁Mohammed	26382
▁Palace	26383
▁Phillips	26384
▁Reign	26385
▁Works	26386
▁Worth	26387
▁adviser	26388
▁automobiles	26389
▁awaited	26390
▁boxing	26391
▁canoe	26392
▁contention	26393
▁depict	26394
▁exploration	26395
▁furious	26396
▁litter	26397
▁motivates	26398
▁operative	26399
▁optimism	26400
▁pagans	26401
▁productivity	26402
▁prohibit	26403
▁swell	26404
▁unrighteousness	26405
▁wires	26406
▁withdrawal	26407
▁へび	26408
▁グア	26409
▁サンプル	26410
▁フィリポ	26411
▁ミラー	26412
▁ラップ	26413
▁乳児	26414
▁傍	26415
▁催し	26416
▁兆候	26417
▁刺し	26418
▁吹	26419
▁感ずる	26420
▁所属	26421
▁目立つ	26422
▁見守る	26423
▁顧みる	26424
じり	26425
ところが	26426
ぶつか	26427
スイッチ	26428
タイミング	26429
ディスク	26430
ドキュメント	26431
ノイズ	26432
リャ	26433
レビュー	26434
中間	26435
大臣	26436
屋敷	26437
緩	26438
dress	26439
ild	26440
kind	26441
liter	26442
obo	26443
rink	26444
user	26445
▁1951	26446
▁Administration	26447
▁Anthony	26448
▁Def	26449
▁Download	26450
▁Gus	26451
▁Kier	26452
▁Returns	26453
▁butcher	26454
▁caves	26455
▁downward	26456
▁empowered	26457
▁encryption	26458
▁environments	26459
▁hardbound	26460
▁implant	26461
▁intake	26462
▁knight	26463
▁leaven	26464
▁opponents	26465
▁paste	26466
▁thoughtful	26467
▁triple	26468
▁wonderfully	26469
▁いだく	26470
▁お待ち	26471
▁けれど	26472
▁ほめたたえ	26473
▁ケル	26474
▁テル	26475
▁ログ	26476
▁差し迫	26477
▁怠惰	26478
▁浴	26479
▁浴びせ	26480
▁試す	26481
▁誓う	26482
ウェブサイト	26483
ジャマ	26484
センサー	26485
幽霊	26486
折れ	26487
振り返	26488
浮かぶ	26489
済ませ	26490
職員	26491
面白	26492
▁29,30	26493
▁43.	26494
▁7,8)	26495
▁Admittedly	26496
▁BO	26497
▁Cry	26498
▁Olympics	26499
▁Outside	26500
▁Oz	26501
▁PA	26502
▁Stick	26503
▁Zoo	26504
▁attendant	26505
▁celibacy	26506
▁colonies	26507
▁founding	26508
▁handler	26509
▁joints	26510
▁keepers	26511
▁offend	26512
▁pun	26513
▁romance	26514
▁ru	26515
▁scanner	26516
▁servers	26517
▁shortcomings	26518
▁simulation	26519
▁stimulating	26520
▁ガル	26521
▁コイン	26522
▁助け手	26523
▁合同	26524
▁平方	26525
▁旗	26526
▁昇	26527
▁明る	26528
▁服役	26529
▁購	26530
▁飲め	26531
キンス	26532
スミス	26533
ニオ	26534
ハシ	26535
ヘブライ	26536
乾	26537
仏	26538
幸い	26539
涼	26540
純粋	26541
atic	26542
dos	26543
ffer	26544
find	26545
inate	26546
mont	26547
г	26548
▁Ahh	26549
▁Chan	26550
▁Cuba	26551
▁EU	26552
▁GET	26553
▁Kit	26554
▁Mission	26555
▁Napoleon	26556
▁Nuclear	26557
▁Running	26558
▁addicts	26559
▁boundary	26560
▁captives	26561
▁consisted	26562
▁controversial	26563
▁defects	26564
▁entries	26565
▁hearted	26566
▁hut	26567
▁judgement	26568
▁knoweth	26569
▁shaft	26570
▁slightest	26571
▁superhuman	26572
▁weighs	26573
▁worshiper	26574
▁しつけ	26575
▁ぞっ	26576
▁びん	26577
▁アニ	26578
▁ウィルソン	26579
▁マッチ	26580
▁打ち上げ	26581
▁早速	26582
▁最古	26583
▁最寄	26584
▁柔軟	26585
▁格言	26586
▁窒素	26587
▁窮	26588
▁結びつき	26589
▁苦情	26590
▁贈	26591
くださ	26592
ぼん	26593
よこしま	26594
キャロル	26595
ギア	26596
シナリオ	26597
スピーチ	26598
テラ	26599
パック	26600
友情	26601
姉さん	26602
申し込み	26603
蜜	26604
表情	26605
配達	26606
錬	26607
,32	26608
cio	26609
ground	26610
▁36:	26611
▁Brain	26612
▁Connection	26613
▁EX	26614
▁Harrison	26615
▁Killer	26616
▁Lam	26617
▁Normal	26618
▁Services	26619
▁Somehow	26620
▁Stanford	26621
▁ascended	26622
▁butterflies	26623
▁compact	26624
▁defendant	26625
▁economically	26626
▁forged	26627
▁indifferent	26628
▁loser	26629
▁microwave	26630
▁mineral	26631
▁mor	26632
▁pearl	26633
▁philosophies	26634
▁recommendation	26635
▁robes	26636
▁widget	26637
▁わく	26638
▁グローブ	26639
▁ゴモラ	26640
▁スキー	26641
▁セク	26642
▁ティー	26643
▁マシュー	26644
▁リリー	26645
▁節度	26646
▁聴力	26647
いでる	26648
充電	26649
叔母	26650
申し訳	26651
目指し	26652
耐え忍ぶ	26653
RV	26654
TU	26655
cum	26656
thy	26657
▁1,5	26658
▁Archer	26659
▁Grimm	26660
▁Grow	26661
▁Hiroshima	26662
▁Holocaust	26663
▁Iris	26664
▁Jeremy	26665
▁Lane	26666
▁Leon	26667
▁Lie	26668
▁breakthrough	26669
▁deficit	26670
▁drunken	26671
▁dwellings	26672
▁encoding	26673
▁exceed	26674
▁herbs	26675
▁lifeless	26676
▁nicotine	26677
▁overthrow	26678
▁plasma	26679
▁reed	26680
▁sap	26681
▁sewing	26682
▁slogan	26683
▁waist	26684
▁こん	26685
▁フランシス	26686
▁中南米	26687
▁付き合い	26688
▁分割	26689
▁刊行	26690
▁将校	26691
▁干	26692
▁恐	26693
▁数値	26694
▁異言	26695
▁誇る	26696
いす	26697
づい	26698
とにかく	26699
キャリア	26700
コツ	26701
プレーヤ	26702
奪わ	26703
招き	26704
溶け	26705
踊り	26706
金融	26707
enc	26708
hara	26709
ost	26710
▁Antonio	26711
▁Mason	26712
▁Pearl	26713
▁compelling	26714
▁discerning	26715
▁hash	26716
▁improvements	26717
▁industrialized	26718
▁inherent	26719
▁john	26720
▁organizing	26721
▁portrait	26722
▁proceeds	26723
▁rack	26724
▁startup	26725
▁voluntarily	26726
▁warmer	26727
▁wastes	26728
▁かご	26729
▁コンサート	26730
▁シベリア	26731
▁ジョンソン	26732
▁ジン	26733
▁ドゥ	26734
▁ニコチン	26735
▁ハンス	26736
▁マルチ	26737
▁倒れる	26738
▁働きかけ	26739
▁写し	26740
▁大国	26741
▁就き	26742
▁投げかけ	26743
▁果	26744
▁追っ	26745
▁釣り合い	26746
ぬけ	26747
イラ	26748
ウォ	26749
スペ	26750
フランク	26751
伴う	26752
入院	26753
助手	26754
反射	26755
呼び出す	26756
地帯	26757
広がり	26758
怒る	26759
暑い	26760
欲望	26761
終末	26762
職場	26763
脇	26764
詐欺	26765
遣い	26766
高地	26767
ract	26768
rrh	26769
such	26770
yan	26771
▁25,26	26772
▁Apollo	26773
▁Background	26774
▁Chron	26775
▁Koran	26776
▁MANY	26777
▁Pain	26778
▁Planet	26779
▁Player	26780
▁Risk	26781
▁Storm	26782
▁Tribune	26783
▁boot	26784
▁courtship	26785
▁detection	26786
▁directive	26787
▁distributing	26788
▁doc	26789
▁drowning	26790
▁embassy	26791
▁forensic	26792
▁gloves	26793
▁inactive	26794
▁melody	26795
▁populated	26796
▁possesses	26797
▁recordings	26798
▁setup	26799
▁ぬぐい去	26800
▁プレイ	26801
▁侵害	26802
▁対話	26803
▁尽き	26804
▁押さ	26805
▁散ら	26806
▁灰色	26807
▁荒れ	26808
こぎ	26809
やあ	26810
やがる	26811
クッキー	26812
バンク	26813
ムダ	26814
ライフ	26815
及	26816
少な	26817
流し	26818
狭く	26819
穏やか	26820
結末	26821
頻	26822
1.5	26823
RG	26824
cur	26825
lac	26826
mah	26827
▁Abe	26828
▁Bravo	26829
▁Couple	26830
▁Geneva	26831
▁Goliath	26832
▁Jump	26833
▁Regular	26834
▁Siberia	26835
▁Wa	26836
▁analyst	26837
▁archive	26838
▁bulls	26839
▁conductor	26840
▁deluge	26841
▁dinosaurs	26842
▁discomfort	26843
▁disrupt	26844
▁exhorted	26845
▁formidable	26846
▁freedoms	26847
▁hardworking	26848
▁massage	26849
▁molecular	26850
▁piety	26851
▁posts	26852
▁rumors	26853
▁sells	26854
▁ste	26855
▁steak	26856
▁sweater	26857
▁sweeping	26858
▁vigorously	26859
▁voted	26860
▁ためらう	26861
▁ねじ	26862
▁セット	26863
▁デイビッド	26864
▁ハガイ	26865
▁ブライ	26866
▁ポン	26867
▁取り計ら	26868
▁止まり	26869
▁民数	26870
▁洞窟	26871
▁罰金	26872
▁部長	26873
▁頑張れ	26874
▁飢餓	26875
あまね	26876
ざん	26877
じゅう	26878
やつら	26879
イザヤ	26880
コロン	26881
ホワイト	26882
ユーザー	26883
作れ	26884
侮辱	26885
健全	26886
勤め	26887
延期	26888
根拠	26889
現わ	26890
秋	26891
穀物	26892
立ち去	26893
落と	26894
軍人	26895
guard	26896
nter	26897
ñ	26898
▁112	26899
▁1919,	26900
▁Wann	26901
▁artery	26902
▁assessment	26903
▁chatter	26904
▁drunkenness	26905
▁ft	26906
▁harvesting	26907
▁humbled	26908
▁ivory	26909
▁relying	26910
▁renders	26911
▁richer	26912
▁roast	26913
▁stain	26914
▁surgeons	26915
▁ジェシカ	26916
▁ジュニア	26917
▁デルタ	26918
▁フィリスティア	26919
▁マスコミ	26920
▁乗り物	26921
▁交信	26922
▁奏	26923
▁存	26924
▁成熟	26925
▁折れ	26926
▁明瞭	26927
▁無罪	26928
▁診	26929
▁通わせる	26930
かぶ	26931
そうして	26932
テオ	26933
デザイナー	26934
バット	26935
ボブ	26936
レコード	26937
問題について	26938
執	26939
爺	26940
統治	26941
観察し	26942
999	26943
FUL	26944
sc	26945
wild	26946
▁32;	26947
▁Au	26948
▁Ball	26949
▁Fla	26950
▁Reformation	26951
▁Sue	26952
▁chin	26953
▁dependence	26954
▁donation	26955
▁electro	26956
▁flooding	26957
▁fury	26958
▁hybrid	26959
▁incline	26960
▁injurious	26961
▁libraries	26962
▁locker	26963
▁magnify	26964
▁ounce	26965
▁peaks	26966
▁seeming	26967
▁sno	26968
▁stronghold	26969
▁tracts	26970
▁wholly	26971
▁きたる	26972
▁インチ	26973
▁チャンネル	26974
▁バター	26975
▁フリ	26976
▁上回	26977
▁全長	26978
▁夫妻	26979
▁惜し	26980
▁懐かし	26981
▁探り	26982
▁接し方	26983
▁昇進	26984
▁海賊	26985
▁買わ	26986
いただく	26987
くよ	26988
けい	26989
とうと	26990
クマ	26991
タウ	26992
下さる	26993
今年	26994
先端	26995
出現	26996
勝て	26997
勤務	26998
吹か	26999
奥様	27000
忙し	27001
洞	27002
洞窟	27003
観客	27004
評判	27005
農業	27006
鋼	27007
FO	27008
TIC	27009
eye	27010
ographer	27011
okie	27012
rio	27013
▁1994,	27014
▁2013	27015
▁Abby	27016
▁Bones	27017
▁Jill	27018
▁Lang	27019
▁Physical	27020
▁accommodations	27021
▁alienated	27022
▁attendants	27023
▁breeze	27024
▁computing	27025
▁copyright	27026
▁fingerprints	27027
▁furnished	27028
▁guarantees	27029
▁hop	27030
▁inscription	27031
▁mound	27032
▁mourn	27033
▁pee	27034
▁resent	27035
▁spears	27036
▁tasty	27037
▁tracked	27038
▁youngster	27039
▁ちがい	27040
▁つづ	27041
▁アカ	27042
▁パティ	27043
▁パン種	27044
▁動産	27045
▁地中	27046
▁愛し合う	27047
▁減らし	27048
▁礁	27049
▁薄れ	27050
▁視聴	27051
▁豪華	27052
▁追いかけ	27053
▁追う	27054
めき	27055
を作成する	27056
アド	27057
ウサギ	27058
クロール	27059
コレクション	27060
ティック	27061
付き合い	27062
偶	27063
参り	27064
同盟	27065
水素	27066
缶	27067
茂	27068
譬	27069
遮	27070
鳴る	27071
3000	27072
ape	27073
arch	27074
bah	27075
berry	27076
hm	27077
mind	27078
mori	27079
ylla	27080
▁107	27081
▁116	27082
▁128	27083
▁1956	27084
▁Bottom	27085
▁Buddhism	27086
▁CEO	27087
▁FI	27088
▁Forty	27089
▁Invalid	27090
▁Lev	27091
▁Members	27092
▁Mill	27093
▁Particularly	27094
▁Sol	27095
▁acquaintances	27096
▁bats	27097
▁bizarre	27098
▁blink	27099
▁capabilities	27100
▁clothed	27101
▁enslaved	27102
▁harp	27103
▁hmm	27104
▁hy	27105
▁impending	27106
▁inclinations	27107
▁renowned	27108
▁sufferers	27109
▁ゴードン	27110
▁リッチ	27111
▁滅	27112
▁納	27113
▁要し	27114
▁資材	27115
▁隻	27116
っぽく	27117
に限	27118
みせ	27119
るべきで	27120
ノイ	27121
バイオ	27122
不利	27123
伺い	27124
品質	27125
引き起こす	27126
快適	27127
昨年	27128
正に	27129
立ち上げ	27130
縄	27131
血管	27132
透明	27133
oci	27134
outs	27135
wain	27136
wh	27137
▁Adrian	27138
▁CH	27139
▁Emotion	27140
▁Male	27141
▁Naaman	27142
▁Possibly	27143
▁SP	27144
▁Stanley	27145
▁alibi	27146
▁blur	27147
▁borrowing	27148
▁chiefs	27149
▁compartment	27150
▁diary	27151
▁fork	27152
▁frames	27153
▁idolatrous	27154
▁informal	27155
▁monitoring	27156
▁monks	27157
▁strategic	27158
▁transforming	27159
▁transgress	27160
▁wretched	27161
▁ちなみ	27162
▁ルーマニア	27163
▁収縮	27164
▁幾十	27165
▁広さ	27166
▁怪し	27167
▁着替え	27168
▁貴族	27169
▁通訳	27170
▁関わ	27171
かご	27172
ともな	27173
に進	27174
の第	27175
ばる	27176
りすぎ	27177
バチ	27178
フラッシュ	27179
下ろせ	27180
不潔	27181
悦	27182
所得	27183
激怒	27184
熊	27185
疾患	27186
筋肉	27187
設立	27188
需要	27189
,400	27190
PER	27191
aged	27192
cular	27193
eries	27194
oke	27195
ope	27196
wait	27197
▁08	27198
▁Ammon	27199
▁Baruch	27200
▁Buddha	27201
▁Chuck	27202
▁José	27203
▁Owner	27204
▁Practice	27205
▁Sca	27206
▁Sophie	27207
▁XML	27208
▁architect	27209
▁canal	27210
▁cholesterol	27211
▁condone	27212
▁creed	27213
▁dignified	27214
▁electron	27215
▁imported	27216
▁intriguing	27217
▁pesticides	27218
▁shrewd	27219
▁skillful	27220
▁smiled	27221
▁sufferer	27222
▁treats	27223
▁withdrew	27224
▁あご	27225
▁イブラ	27226
▁コスト	27227
▁チェコ	27228
▁パナマ	27229
▁ピート	27230
▁丈夫	27231
▁小学	27232
▁弱め	27233
▁疲れ果て	27234
▁覚まし	27235
▁誇張	27236
▁陣営	27237
の分野	27238
アマ	27239
カスタ	27240
ピンク	27241
不可	27242
動かし	27243
外側	27244
嫉妬	27245
属性	27246
征	27247
悩ま	27248
振る	27249
新しく	27250
歌手	27251
無用	27252
生み出す	27253
脈	27254
衣装	27255
負傷	27256
超える	27257
転換	27258
関節	27259
SD	27260
Vi	27261
ising	27262
ree	27263
▁(16	27264
▁Chloe	27265
▁Dana	27266
▁Der	27267
▁Gregory	27268
▁Kin	27269
▁Practical	27270
▁Que	27271
▁Spring	27272
▁\\	27273
▁administer	27274
▁alliance	27275
▁cathedral	27276
▁clearer	27277
▁helpers	27278
▁induce	27279
▁interval	27280
▁migration	27281
▁persecute	27282
▁prosecutor	27283
▁scrolls	27284
▁stocks	27285
▁superficial	27286
▁sur	27287
▁unforeseen	27288
▁おこ	27289
▁じか	27290
▁ならわし	27291
▁仮説	27292
▁提唱	27293
▁更	27294
▁監禁	27295
▁通読	27296
々しく	27297
たびたび	27298
グリッ	27299
バーガー	27300
候	27301
妖精	27302
寂しい	27303
帰れる	27304
急ぐ	27305
箇所	27306
衝撃	27307
郡	27308
10,000	27309
Satan	27310
THER	27311
dow	27312
empt	27313
▁Catherine	27314
▁Deb	27315
▁Jar	27316
▁Manasseh	27317
▁Miriam	27318
▁Pack	27319
▁Penny	27320
▁Protection	27321
▁Vienna	27322
▁adapted	27323
▁backyard	27324
▁bereaved	27325
▁comprehension	27326
▁confirming	27327
▁duplicate	27328
▁owl	27329
▁paragraphs	27330
▁prophesy	27331
▁requesting	27332
▁retina	27333
▁roar	27334
▁sailors	27335
▁splendor	27336
▁yelling	27337
▁おびただしい	27338
▁つまずき	27339
▁コロンブス	27340
▁プラン	27341
▁亜	27342
▁冷凍	27343
▁及ば	27344
▁取り除き	27345
▁妊婦	27346
▁慰める	27347
▁拝	27348
▁毛皮	27349
▁漸	27350
▁表わし示	27351
▁重き	27352
▁陸地	27353
たせ	27354
シカ	27355
ドロップ	27356
下がり	27357
僚	27358
処置	27359
嚢	27360
増やし	27361
彼等	27362
戻し	27363
沈黙	27364
派遣	27365
混ぜ	27366
登り	27367
稼ぐ	27368
表を	27369
迫害	27370
__	27371
agon	27372
flu	27373
▁Animal	27374
▁Canaanites	27375
▁Club	27376
▁Hm	27377
▁Macedonia	27378
▁Ny	27379
▁Observe	27380
▁Sally	27381
▁Senate	27382
▁Understood	27383
▁authentic	27384
▁avenge	27385
▁basketball	27386
▁designing	27387
▁elbow	27388
▁enlightened	27389
▁jurisdiction	27390
▁leverage	27391
▁locks	27392
▁managing	27393
▁matched	27394
▁maze	27395
▁medieval	27396
▁minimal	27397
▁respective	27398
▁responses	27399
▁retrieve	27400
▁つら	27401
▁シェル	27402
▁ダム	27403
▁バージニア	27404
▁メス	27405
▁ルワンダ	27406
▁上下	27407
▁不能	27408
▁商店	27409
▁小切手	27410
▁属	27411
▁幼子	27412
▁悩ませ	27413
▁浮かぶ	27414
▁際立た	27415
▁風潮	27416
こんにちは	27417
ふさわしい	27418
クレア	27419
ザード	27420
スタイン	27421
タッチ	27422
ハリ	27423
ブルック	27424
代金	27425
再開	27426
大気	27427
手続き	27428
狂信	27429
調達	27430
賢明	27431
軒	27432
飛ばす	27433
高位	27434
"6	27435
eros	27436
▁24,25)	27437
▁Communism	27438
▁Electric	27439
▁Ghost	27440
▁appearances	27441
▁arouse	27442
▁atrocities	27443
▁chambers	27444
▁educate	27445
▁hay	27446
▁isolate	27447
▁legislation	27448
▁novels	27449
▁presses	27450
▁pussy	27451
▁quoting	27452
▁scholarship	27453
▁shooter	27454
▁sway	27455
▁tempt	27456
▁unkind	27457
▁インカ	27458
▁ピラミッド	27459
▁ペンギン	27460
▁一目	27461
▁乗り越える	27462
▁域	27463
▁屋外	27464
▁当た	27465
▁往々	27466
▁抜き	27467
▁挿入	27468
▁握	27469
▁敬礼	27470
▁整える	27471
▁正さ	27472
▁謝罪	27473
それなら	27474
われわれ	27475
ウイ	27476
シップ	27477
ジェリー	27478
チューブ	27479
パッチ	27480
ホッ	27481
兆候	27482
受け取る	27483
合理	27484
吸収	27485
売春	27486
変異	27487
年上	27488
無力	27489
煩	27490
規制	27491
間隔	27492
956	27493
KE	27494
lis	27495
mad	27496
pit	27497
turb	27498
wer	27499
▁8,9)	27500
▁Bee	27501
▁Beware	27502
▁Connect	27503
▁IV	27504
▁Listening	27505
▁activate	27506
▁anticipate	27507
▁apostolic	27508
▁brightness	27509
▁cardinal	27510
▁clues	27511
▁collectors	27512
▁demo	27513
▁distraction	27514
▁enforce	27515
▁fooled	27516
▁goin	27517
▁graduating	27518
▁ham	27519
▁ideals	27520
▁inevitably	27521
▁orphan	27522
▁pea	27523
▁questionable	27524
▁receipt	27525
▁reckless	27526
▁reduces	27527
▁sheba	27528
▁skeptical	27529
▁surprises	27530
▁tremble	27531
▁whip	27532
▁カップル	27533
▁セプトゥアギンタ	27534
▁セラ	27535
▁ノーベル	27536
▁介	27537
▁切り取	27538
▁包囲	27539
▁容姿	27540
▁引き受け	27541
▁悔	27542
▁憶	27543
▁重量	27544
うのは	27545
ばり	27546
まく	27547
カリフォルニア	27548
ギャング	27549
ジュース	27550
ズル	27551
ッシャー	27552
ッセル	27553
テラス	27554
ハーク	27555
フラー	27556
ライアス	27557
レイク	27558
レンズ	27559
伝説	27560
制約	27561
卑しい	27562
外部	27563
封鎖	27564
憑	27565
手伝う	27566
泣く	27567
紅	27568
紫外	27569
臆	27570
蜂	27571
連合	27572
鶏	27573
amba	27574
ggy	27575
hoe	27576
iled	27577
level	27578
onotheism	27579
ooh	27580
sheep	27581
white	27582
yu	27583
▁(*	27584
▁-1	27585
▁DA	27586
▁Figure	27587
▁Greatest	27588
▁Imp	27589
▁Nigerian	27590
▁Receive	27591
▁Tyr	27592
▁columnist	27593
▁commerce	27594
▁creations	27595
▁emerging	27596
▁flare	27597
▁hemisphere	27598
▁manufacturer	27599
▁mathematician	27600
▁obligated	27601
▁projection	27602
▁reigning	27603
▁slopes	27604
▁transgressors	27605
▁wider	27606
▁いち	27607
▁ぼ	27608
▁アウ	27609
▁オート	27610
▁カウンセラー	27611
▁壊	27612
▁天才	27613
▁思い起こせ	27614
▁整備	27615
▁暖かく	27616
▁暖房	27617
▁更新	27618
▁木曜	27619
▁環	27620
▁禁煙	27621
あら	27622
スライ	27623
予防	27624
制作	27625
剃	27626
告発	27627
生き残	27628
着る	27629
知性	27630
破る	27631
硬化	27632
絆	27633
聖人	27634
請う	27635
関し	27636
騎士	27637
,200	27638
ERN	27639
Father	27640
King	27641
metric	27642
▁Asa	27643
▁Came	27644
▁Farm	27645
▁Gog	27646
▁Preaching	27647
▁Talking	27648
▁ads	27649
▁asserted	27650
▁clan	27651
▁col	27652
▁eternally	27653
▁icons	27654
▁indulge	27655
▁lacks	27656
▁mod	27657
▁reasonableness	27658
▁reckon	27659
▁republic	27660
▁saints	27661
▁southwest	27662
▁startling	27663
▁summary	27664
▁themes	27665
▁ならせ	27666
▁むずかしい	27667
▁アーメン	27668
▁インフルエンザ	27669
▁バイク	27670
▁ヤシ	27671
▁探究	27672
▁明け	27673
▁映	27674
▁緩和	27675
▁膜	27676
▁観念	27677
▁訳出	27678
▁通路	27679
▁陶器	27680
▁雇わ	27681
〕.	27682
しゃべ	27683
の機会	27684
グリム	27685
スクール	27686
スー	27687
ボディ	27688
ポップ	27689
マジック	27690
ヴィー	27691
作物	27692
孔	27693
宙	27694
引っ越し	27695
愚鈍	27696
戦わ	27697
持ち主	27698
栓	27699
素晴らし	27700
足跡	27701
酔い	27702
Greek	27703
TOLD	27704
atu	27705
bur	27706
ending	27707
game	27708
gia	27709
ndor	27710
uti	27711
walk	27712
wick	27713
▁118	27714
▁15,000	27715
▁1500	27716
▁Begin	27717
▁Danish	27718
▁Kur	27719
▁Orient	27720
▁Touch	27721
▁Various	27722
▁Yugoslavia	27723
▁ballet	27724
▁chromosomes	27725
▁dissolved	27726
▁enrolled	27727
▁expertise	27728
▁invaluable	27729
▁irrelevant	27730
▁keyword	27731
▁kissing	27732
▁lamented	27733
▁luggage	27734
▁marker	27735
▁overhead	27736
▁priceless	27737
▁reef	27738
▁ti	27739
▁uncovered	27740
▁val	27741
▁ささや	27742
▁アインシュタイン	27743
▁クビ	27744
▁デー	27745
▁パワー	27746
▁帳	27747
▁平ら	27748
▁幾万	27749
▁快	27750
▁恨み	27751
▁悲しむ	27752
▁想	27753
▁来年	27754
▁王位	27755
▁苦々し	27756
▁逐	27757
クリーン	27758
グロ	27759
チビ	27760
回避	27761
崇	27762
望ましく	27763
正午	27764
流す	27765
減らす	27766
珍しい	27767
直後	27768
訴訟	27769
頭痛	27770
El	27771
Would	27772
smith	27773
▁(15	27774
▁Angels	27775
▁Crazy	27776
▁Dia	27777
▁Lor	27778
▁Lucky	27779
▁Mathi	27780
▁Names	27781
▁Pun	27782
▁binary	27783
▁bitterly	27784
▁cakes	27785
▁frighten	27786
▁gal	27787
▁hotels	27788
▁inventor	27789
▁layout	27790
▁lyrics	27791
▁paperwork	27792
▁parentheses	27793
▁participated	27794
▁recursive	27795
▁strait	27796
▁summed	27797
▁viewers	27798
▁zombies	27799
▁お聞き	27800
▁タヒチ	27801
▁ニュージャージ	27802
▁予知	27803
▁成年	27804
▁根ざし	27805
▁流す	27806
▁閉め	27807
ゃ	27808
カップル	27809
キツ	27810
クイ	27811
データは	27812
プー	27813
ラクダ	27814
ータ	27815
令状	27816
合図	27817
引き出し	27818
引き継	27819
愉快	27820
排	27821
浪費	27822
熱く	27823
登る	27824
繰り返	27825
襲撃	27826
郵便	27827
音声	27828
aun	27829
mmer	27830
odor	27831
sl	27832
tie	27833
trans	27834
▁Baker	27835
▁Capital	27836
▁DIS	27837
▁Gui	27838
▁Joon	27839
▁NOW	27840
▁Row	27841
▁Wolf	27842
▁advertise	27843
▁assumptions	27844
▁bloodguilt	27845
▁calculations	27846
▁console	27847
▁delegate	27848
▁gradient	27849
▁hunted	27850
▁hygiene	27851
▁inflicted	27852
▁inquiry	27853
▁masterpiece	27854
▁unduly	27855
▁いかにも	27856
▁かど	27857
▁アイス	27858
▁アマンダ	27859
▁クラスメート	27860
▁再婚	27861
▁婚	27862
▁石けん	27863
▁紙幣	27864
▁証書	27865
▁護	27866
する時間	27867
びれ	27868
まかせ	27869
テイ	27870
トラン	27871
ニバル	27872
ヒント	27873
ブリー	27874
ヘビ	27875
ボト	27876
マイクロ	27877
ントン	27878
争い	27879
味わえ	27880
大嫌い	27881
婚約	27882
容量	27883
数える	27884
離し	27885
頂点	27886
預け	27887
食糧	27888
media	27889
▁Beauty	27890
▁Citizen	27891
▁Coffee	27892
▁EL	27893
▁Gone	27894
▁Grandpa	27895
▁Lily	27896
▁Lots	27897
▁Pri	27898
▁Reed	27899
▁Rob	27900
▁Smart	27901
▁baked	27902
▁blameless	27903
▁defilement	27904
▁disadvantage	27905
▁dispatch	27906
▁dye	27907
▁funding	27908
▁gem	27909
▁giants	27910
▁impaired	27911
▁ingredient	27912
▁juvenile	27913
▁lone	27914
▁prayerful	27915
▁regional	27916
▁regulate	27917
▁reminding	27918
▁shal	27919
▁sleeve	27920
▁smoker	27921
▁snatch	27922
▁toil	27923
▁undue	27924
▁uranium	27925
▁venereal	27926
▁wizard	27927
▁あざ	27928
▁きっぱり	27929
▁ステファノ	27930
▁優雅	27931
▁博	27932
▁増し加わ	27933
▁昼間	27934
▁暮れ	27935
▁滑らか	27936
▁稲妻	27937
▁縮	27938
▁面白く	27939
▁頒布	27940
▁高官	27941
おじ	27942
エー	27943
チック	27944
ドリック	27945
寛大	27946
救わ	27947
録音	27948
降下	27949
cel	27950
fs	27951
ogram	27952
stead	27953
ulated	27954
vig	27955
É	27956
▁10,11)	27957
▁117	27958
▁Fifty	27959
▁Ring	27960
▁Spa	27961
▁Sri	27962
▁Turk	27963
▁Zedekiah	27964
▁calmly	27965
▁combinations	27966
▁cooling	27967
▁erected	27968
▁extensively	27969
▁eyewitnesses	27970
▁inject	27971
▁logs	27972
▁painter	27973
▁strains	27974
▁votes	27975
▁どっか	27976
▁ののしり	27977
▁まじ	27978
▁りんご	27979
▁ジョシュア	27980
▁テア	27981
▁ビュー	27982
▁リンカーン	27983
▁下げ	27984
▁仮定	27985
▁住まわ	27986
▁名づけ	27987
▁坊	27988
▁帰する	27989
▁幻想	27990
▁弁明	27991
▁早朝	27992
▁殺りく	27993
▁渓谷	27994
▁赤道	27995
▁遅刻	27996
ひとり親	27997
ものであ	27998
ステル	27999
ドローン	28000
ヨウ	28001
上位	28002
予算	28003
同志	28004
回路	28005
強大	28006
忙しく	28007
敵対	28008
発行	28009
突き止め	28010
経て	28011
美しさ	28012
貸す	28013
閉ま	28014
階級	28015
Everyone	28016
OC	28017
fly	28018
oop	28019
rage	28020
shit	28021
uel	28022
▁Bag	28023
▁KA	28024
▁OUT	28025
▁Por	28026
▁Toolbar	28027
▁Travel	28028
▁ambush	28029
▁brace	28030
▁copying	28031
▁deputy	28032
▁diminish	28033
▁futile	28034
▁graphics	28035
▁indulgence	28036
▁jewel	28037
▁kicking	28038
▁lowered	28039
▁memorable	28040
▁navigation	28041
▁shifting	28042
▁smashed	28043
▁verdict	28044
▁ううん	28045
▁すん	28046
▁カレブ	28047
▁キュロス	28048
▁サムソン	28049
▁ドラマ	28050
▁ドーム	28051
▁バルク	28052
▁ビット	28053
▁プレス	28054
▁呼び出	28055
▁家令	28056
▁施行	28057
▁滅亡	28058
▁脇	28059
▁遭わ	28060
いっしょ	28061
ざり	28062
エア	28063
コンサート	28064
ショナ	28065
タンパク質	28066
ッキ	28067
ニーズ	28068
ポル	28069
享	28070
劇場	28071
励む	28072
揚げ	28073
損な	28074
改革	28075
染色体	28076
移植	28077
腫瘍	28078
腺	28079
親しい	28080
EV	28081
ako	28082
arried	28083
pond	28084
rag	28085
վ	28086
▁1.2	28087
▁144	28088
▁1879	28089
▁Blessings	28090
▁Bru	28091
▁Claus	28092
▁Cope	28093
▁Feed	28094
▁Gradually	28095
▁Taka	28096
▁Titan	28097
▁basin	28098
▁empower	28099
▁fixing	28100
▁hallway	28101
▁hazardous	28102
▁inconvenience	28103
▁lawless	28104
▁marketplace	28105
▁masks	28106
▁merchant	28107
▁pertain	28108
▁pilots	28109
▁potato	28110
▁releasing	28111
▁res	28112
▁roam	28113
▁seduce	28114
▁slides	28115
▁valleys	28116
▁yearn	28117
▁クレイ	28118
▁一帯	28119
▁仕上げ	28120
▁免除	28121
▁品種	28122
▁早め	28123
▁狼	28124
▁疑わ	28125
▁臓器	28126
▁龍	28127
おもちゃ	28128
きれない	28129
じる	28130
クスター	28131
ブラシ	28132
マージ	28133
済ま	28134
盟	28135
貌	28136
車両	28137
違え	28138
Ho	28139
ISH	28140
bbling	28141
dition	28142
dog	28143
fat	28144
iggle	28145
▁(4	28146
▁09	28147
▁Affect	28148
▁Bird	28149
▁Equ	28150
▁Hate	28151
▁Market	28152
▁Montreal	28153
▁athlete	28154
▁barrels	28155
▁behaved	28156
▁continents	28157
▁denominations	28158
▁disappearing	28159
▁fuse	28160
▁rivalry	28161
▁soda	28162
▁threatens	28163
▁tutor	28164
▁ご飯	28165
▁キュ	28166
▁キン	28167
▁グル	28168
▁ファイ	28169
▁上部	28170
▁害する	28171
▁廃止	28172
▁汚し	28173
▁皆様	28174
▁義理	28175
▁運搬	28176
▁陸軍	28177
おいしい	28178
おこ	28179
ウォッチ	28180
ジア	28181
ディーン	28182
マーケット	28183
リットル	28184
動産	28185
塗り	28186
掛かり	28187
有難	28188
雇用	28189
頬	28190
Uni	28191
ario	28192
hone	28193
kay	28194
person	28195
sing	28196
through	28197
▁320	28198
▁38:	28199
▁Bullshit	28200
▁CHRIST	28201
▁Phone	28202
▁Rub	28203
▁Shane	28204
▁comma	28205
▁converse	28206
▁defensive	28207
▁donkey	28208
▁emissions	28209
▁fella	28210
▁fitted	28211
▁frog	28212
▁fucker	28213
▁herds	28214
▁infect	28215
▁lengths	28216
▁mustard	28217
▁northwest	28218
▁notebook	28219
▁slash	28220
▁stamps	28221
▁sufficiently	28222
▁surplus	28223
▁unrest	28224
▁アッ	28225
▁オペラ	28226
▁キリ	28227
▁シリーズ	28228
▁タラント	28229
▁リポート	28230
▁リンゴ	28231
▁休む	28232
▁痛む	28233
▁繋が	28234
▁臆病	28235
▁航行	28236
▁衰弱	28237
▁見聞き	28238
▁隔離	28239
よせ	28240
イラク	28241
エス	28242
コリント	28243
サッカー	28244
ッジ	28245
テレ	28246
ーニャ	28247
味わ	28248
唯	28249
喫煙	28250
妥当	28251
弾丸	28252
持続	28253
男女	28254
醜	28255
鑑	28256
高価	28257
%1	28258
LO	28259
erative	28260
igan	28261
void	28262
▁147	28263
▁Dominican	28264
▁Emil	28265
▁Families	28266
▁Fourth	28267
▁Frankie	28268
▁Freeze	28269
▁Juan	28270
▁Lanka	28271
▁Lessons	28272
▁Mas	28273
▁Net	28274
▁Papua	28275
▁Remain	28276
▁antibodies	28277
▁bl	28278
▁clearance	28279
▁compiled	28280
▁equator	28281
▁fin	28282
▁flooded	28283
▁intently	28284
▁intern	28285
▁introducing	28286
▁invested	28287
▁marched	28288
▁northeast	28289
▁packing	28290
▁parish	28291
▁robotic	28292
▁surf	28293
▁くず	28294
▁つぶ	28295
▁カルシウム	28296
▁ジェーム	28297
▁ヴァン	28298
▁回収	28299
▁徴候	28300
▁画家	28301
▁癌	28302
▁益する	28303
▁笑う	28304
▁組み立て	28305
▁薄く	28306
▁逃が	28307
▁鍛	28308
▁飼い	28309
めく	28310
アイランド	28311
カート	28312
キューブ	28313
タワー	28314
ビリ	28315
リッシュ	28316
巡査	28317
移行	28318
競技	28319
縮小	28320
見出し	28321
鞄	28322
OD	28323
heart	28324
scale	28325
▁Buck	28326
▁Course	28327
▁Declaration	28328
▁Graph	28329
▁Mich	28330
▁Photograph	28331
▁Reference	28332
▁Summer	28333
▁Teresa	28334
▁Victory	28335
▁aluminum	28336
▁earning	28337
▁easiest	28338
▁impulses	28339
▁incapable	28340
▁inserted	28341
▁kite	28342
▁loudly	28343
▁microscopic	28344
▁sanctify	28345
▁talented	28346
▁watchful	28347
▁すす	28348
▁カバ	28349
▁グッド	28350
▁ジェリー	28351
▁チク	28352
▁バート	28353
▁光栄	28354
▁同胞	28355
▁吐	28356
▁吸わ	28357
▁大王	28358
▁抗体	28359
▁漫画	28360
▁牧場	28361
▁突入	28362
▁立ち寄	28363
▁肢体	28364
▁追い出さ	28365
▁重んじ	28366
こみ	28367
はなし	28368
まら	28369
ろう者	28370
オロ	28371
ピラ	28372
ミラ	28373
利息	28374
刺され	28375
卒	28376
原理	28377
弊	28378
浅	28379
臆病	28380
触る	28381
誇	28382
貿易	28383
Mu	28384
OO	28385
acle	28386
eers	28387
skin	28388
▁2001,	28389
▁Collins	28390
▁Deputy	28391
▁Galileo	28392
▁Gray	28393
▁Jehu	28394
▁Judean	28395
▁Korah	28396
▁Location	28397
▁Mississippi	28398
▁Morris	28399
▁Reward	28400
▁SC	28401
▁Torah	28402
▁admiration	28403
▁bastards	28404
▁catches	28405
▁clarify	28406
▁conquering	28407
▁consulted	28408
▁creepy	28409
▁damned	28410
▁directs	28411
▁honoring	28412
▁natives	28413
▁phenomena	28414
▁rectangle	28415
▁resembles	28416
▁sleepy	28417
▁traveler	28418
▁おもしろい	28419
▁すばらし	28420
▁なるべく	28421
▁ふける	28422
▁アド	28423
▁ギャラ	28424
▁クルー	28425
▁ボビー	28426
▁メニュー	28427
▁レス	28428
▁助手	28429
▁思い煩	28430
▁恒星	28431
▁生き返ら	28432
▁退院	28433
かろうじて	28434
クロー	28435
ミック	28436
ミラー	28437
リセット	28438
ーニ	28439
代数	28440
気楽	28441
紀	28442
紫	28443
鹿	28444
TAL	28445
bone	28446
holder	28447
lish	28448
occ	28449
una	28450
▁Authority	28451
▁BA	28452
▁Guatemala	28453
▁Illinois	28454
▁Natalie	28455
▁antenna	28456
▁bon	28457
▁cosmic	28458
▁dancer	28459
▁disown	28460
▁eldest	28461
▁glue	28462
▁hazards	28463
▁pe	28464
▁provoke	28465
▁pul	28466
▁radi	28467
▁scenery	28468
▁senator	28469
▁shifts	28470
▁solitary	28471
▁spike	28472
▁survivor	28473
▁synagogues	28474
▁wept	28475
▁かんし	28476
▁くちばし	28477
▁キャス	28478
▁ベンジャミン	28479
▁ホセ	28480
▁含める	28481
▁居る	28482
▁横たわ	28483
▁盤	28484
▁立方	28485
▁組み込	28486
▁豊	28487
エド	28488
ショート	28489
シード	28490
ッパ	28491
パフォーマ	28492
ムラ	28493
ープ	28494
季	28495
崩	28496
必ずしも	28497
教わ	28498
気な	28499
清い	28500
燃焼	28501
特定	28502
生き延び	28503
瞳	28504
肯定	28505
自立	28506
舵	28507
警報	28508
貼	28509
高め	28510
focal	28511
nah	28512
ց	28513
▁Corporation	28514
▁Evan	28515
▁Fed	28516
▁Fitz	28517
▁HELP	28518
▁Lewis	28519
▁Organ	28520
▁Somewhere	28521
▁Spider	28522
▁Survey	28523
▁Unique	28524
▁actress	28525
▁adversary	28526
▁allergic	28527
▁bankrupt	28528
▁calamities	28529
▁calculator	28530
▁catastrophic	28531
▁impartial	28532
▁independently	28533
▁inscribed	28534
▁receiver	28535
▁reset	28536
▁tempting	28537
▁ゆだねる	28538
▁アーチ	28539
▁インク	28540
▁オン	28541
▁ジョアン	28542
▁テイ	28543
▁体長	28544
▁倒壊	28545
▁売れ	28546
▁奪い	28547
▁広げる	28548
▁或	28549
▁挑	28550
▁推し進める	28551
▁敷地	28552
▁残す	28553
▁湯	28554
▁遺族	28555
ケス	28556
スプリング	28557
ブラン	28558
ーテル	28559
人数	28560
切ら	28561
削減	28562
勢力	28563
廉	28564
日記	28565
景	28566
欠点	28567
無罪	28568
看	28569
輝き	28570
青年	28571
食品	28572
GA	28573
GHT	28574
ato	28575
flo	28576
ographic	28577
▁1987,	28578
▁Arabia	28579
▁Tool	28580
▁WITNESSES	28581
▁accumulated	28582
▁adorned	28583
▁airplanes	28584
▁antitypical	28585
▁biologist	28586
▁childbirth	28587
▁clerk	28588
▁cracks	28589
▁fools	28590
▁fractions	28591
▁hostages	28592
▁immunity	28593
▁pixels	28594
▁polytheists	28595
▁preceded	28596
▁rained	28597
▁shave	28598
▁socially	28599
▁vectors	28600
▁watered	28601
▁yields	28602
▁おば	28603
▁ともしび	28604
▁ひげ	28605
▁ゆがめ	28606
▁クール	28607
▁グランド	28608
▁ジレンマ	28609
▁ロング	28610
▁会える	28611
▁偽造	28612
▁元気づけ	28613
▁品質	28614
▁居留	28615
▁左手	28616
▁戻す	28617
▁浅	28618
▁稼	28619
▁突き出	28620
▁臨床	28621
▁茎	28622
▁草原	28623
ぼり	28624
まわり	28625
エサ	28626
ワクチン	28627
拭	28628
淫行	28629
碑	28630
艇	28631
貫	28632
飲ませ	28633
chy	28634
ego	28635
sburg	28636
▁Breathe	28637
▁Cambodia	28638
▁Choice	28639
▁Feeling	28640
▁Fun	28641
▁Klaus	28642
▁Leaving	28643
▁Orleans	28644
▁Provide	28645
▁Ronnie	28646
▁acknowledging	28647
▁colonial	28648
▁composer	28649
▁err	28650
▁fornicators	28651
▁league	28652
▁mentioning	28653
▁metals	28654
▁missions	28655
▁pathway	28656
▁perpetrator	28657
▁ph	28658
▁picks	28659
▁precedent	28660
▁richest	28661
▁runner	28662
▁sergeant	28663
▁sketch	28664
▁spontaneous	28665
▁susceptible	28666
▁tenderly	28667
▁trait	28668
▁お客さん	28669
▁きょう	28670
▁そうかい	28671
▁アクション	28672
▁コーチ	28673
▁ステ	28674
▁ニューズウィーク	28675
▁フォーク	28676
▁ブロー	28677
▁プロセス	28678
▁ヘッド	28679
▁モルデカイ	28680
▁レッスン	28681
▁切り離	28682
▁効力	28683
▁匿名	28684
▁均衡	28685
▁婚姻	28686
▁幾十億	28687
▁急が	28688
▁扇動	28689
▁歳月	28690
▁満ち足り	28691
▁華	28692
▁象牙	28693
▁負い	28694
▁買え	28695
▁輝か	28696
▁養い	28697
の教育	28698
ばっ	28699
ぼれ	28700
ウォール	28701
キャス	28702
ズラ	28703
ソナ	28704
ネコ	28705
ピザ	28706
フェン	28707
フレーズ	28708
マリー	28709
ミスター	28710
ライオン	28711
事柄	28712
増やす	28713
市長	28714
座る	28715
文字通り	28716
松	28717
深め	28718
狭い	28719
素材	28720
継ぎ	28721
解雇	28722
abba	28723
amud	28724
children	28725
gard	28726
habi	28727
hov	28728
nine	28729
pop	28730
storm	28731
sw	28732
udi	28733
Ž	28734
▁Application	28735
▁Appreciate	28736
▁Aya	28737
▁Bomb	28738
▁Exercise	28739
▁Mystery	28740
▁Plant	28741
▁Prague	28742
▁Sahara	28743
▁Wu	28744
▁bankruptcy	28745
▁cannon	28746
▁conflicting	28747
▁delusion	28748
▁doin	28749
▁elections	28750
▁esc	28751
▁fountain	28752
▁graphic	28753
▁hearers	28754
▁leprosy	28755
▁lively	28756
▁manslayer	28757
▁masturbation	28758
▁prostitutes	28759
▁reservation	28760
▁resign	28761
▁resisting	28762
▁rocky	28763
▁sew	28764
▁shrimp	28765
▁sorcerer	28766
▁tormented	28767
▁traps	28768
▁unrealistic	28769
▁varies	28770
▁veteran	28771
▁ひも	28772
▁フライ	28773
▁ボアズ	28774
▁ボクシング	28775
▁マナセ	28776
▁モード	28777
▁乗れ	28778
▁作曲	28779
▁塩分	28780
▁抜	28781
▁歌手	28782
▁牧	28783
▁県	28784
▁襲う	28785
つまら	28786
デルタ	28787
ドット	28788
ビアン	28789
ピョ	28790
レック	28791
乗客	28792
人質	28793
展示	28794
怯え	28795
抱き	28796
改良	28797
生体	28798
至福	28799
IAN	28800
Most	28801
citing	28802
duce	28803
esh	28804
finitely	28805
formed	28806
mit	28807
start	28808
▁220	28809
▁44;	28810
▁Antarctica	28811
▁Coping	28812
▁Enterprise	28813
▁Historian	28814
▁Knock	28815
▁Mister	28816
▁Ripper	28817
▁Turkish	28818
▁banking	28819
▁effectiveness	28820
▁heartbeat	28821
▁plow	28822
▁rainfall	28823
▁relaxation	28824
▁repaired	28825
▁seminar	28826
▁simplest	28827
▁splash	28828
▁surrendered	28829
▁weights	28830
▁あずかれる	28831
▁シナ	28832
▁バイオリン	28833
▁プエルトリコ	28834
▁ライリ	28835
▁供え物	28836
▁創設	28837
▁富ま	28838
▁緩	28839
▁草木	28840
▁装い	28841
▁複製	28842
こん	28843
らお	28844
スープ	28845
トレーニング	28846
マウント	28847
ヤマ	28848
処刑	28849
支店	28850
研究を	28851
藻	28852
賃	28853
FC	28854
Know	28855
bbing	28856
draw	28857
iku	28858
itating	28859
lai	28860
▁113	28861
▁17,18)	28862
▁Awesome	28863
▁Bio	28864
▁Jesuit	28865
▁Kra	28866
▁Plugin	28867
▁Rap	28868
▁Robb	28869
▁Ronald	28870
▁Sierra	28871
▁Vegas	28872
▁divination	28873
▁executing	28874
▁frontier	28875
▁intuitive	28876
▁needles	28877
▁oak	28878
▁obscure	28879
▁persisted	28880
▁relaxing	28881
▁shoots	28882
▁spices	28883
▁らしく	28884
▁グレッグ	28885
▁ハンター	28886
▁ベネズエラ	28887
▁功	28888
▁即位	28889
▁古典	28890
▁困惑	28891
▁基づ	28892
▁好ましい	28893
▁害虫	28894
▁専	28895
▁広島	28896
▁救い出	28897
▁武具	28898
▁記号	28899
▁負え	28900
に合う	28901
の開発	28902
ウチ	28903
エレ	28904
ココ	28905
サタン	28906
シティー	28907
ジェン	28908
ダール	28909
デッキ	28910
ピング	28911
ローラ	28912
下げる	28913
合成	28914
日中	28915
泳ぎ	28916
耐え忍	28917
露	28918
"8	28919
Part	28920
bby	28921
beat	28922
doing	28923
full	28924
mura	28925
▁Catch	28926
▁Colorado	28927
▁Geographic	28928
▁Jerome	28929
▁Monte	28930
▁Putting	28931
▁Weather	28932
▁affections	28933
▁athletic	28934
▁awaken	28935
▁candles	28936
▁cramped	28937
▁detector	28938
▁diving	28939
▁fa	28940
▁filename	28941
▁fortify	28942
▁gosh	28943
▁honesthearted	28944
▁inexpensive	28945
▁makers	28946
▁neighbour	28947
▁nightmares	28948
▁papal	28949
▁repel	28950
▁ridge	28951
▁roaring	28952
▁scoff	28953
▁sewer	28954
▁sharply	28955
▁speculation	28956
▁trainer	28957
▁さらし	28958
▁しきり	28959
▁ウガンダ	28960
▁エリカ	28961
▁ジェン	28962
▁ジュリアン	28963
▁ブロン	28964
▁プラグイン	28965
▁募	28966
▁品行	28967
▁手法	28968
▁死ね	28969
▁落ち着く	28970
▁融合	28971
▁陥ら	28972
▁風習	28973
いれ	28974
しゃく	28975
そっち	28976
たとえ	28977
クリーニング	28978
ケア	28979
コーラ	28980
シシ	28981
スコープ	28982
ダーウ	28983
ベー	28984
厳しく	28985
壊し	28986
姓	28987
役立ち	28988
悲しま	28989
情けない	28990
戒め	28991
施す	28992
無益	28993
IANS	28994
NS	28995
Woe	28996
clean	28997
spirit	28998
upp	28999
week	29000
▁1997,	29001
▁Chapter	29002
▁Interest	29003
▁LSD	29004
▁Melissa	29005
▁Moore	29006
▁Pot	29007
▁Process	29008
▁SHE	29009
▁acre	29010
▁berries	29011
▁conceive	29012
▁convict	29013
▁damages	29014
▁enthroned	29015
▁errand	29016
▁figuring	29017
▁hum	29018
▁inputs	29019
▁legends	29020
▁overcoming	29021
▁plowshares	29022
▁polio	29023
▁pupils	29024
▁quart	29025
▁rhino	29026
▁stunt	29027
▁tribute	29028
▁unlimited	29029
▁unusually	29030
▁いざ	29031
▁ガール	29032
▁ゲル	29033
▁ソーシャル	29034
▁リグ	29035
▁優勝	29036
▁効き	29037
▁応用	29038
▁海峡	29039
▁熱狂	29040
▁狂気	29041
▁疑わしい	29042
▁転送	29043
るという	29044
グア	29045
シャワー	29046
センス	29047
タカ	29048
ブーツ	29049
仕切	29050
似合	29051
合意	29052
同じく	29053
尚	29054
決意	29055
法廷	29056
複製	29057
襲う	29058
軽い	29059
遠慮	29060
UI	29061
connect	29062
itate	29063
php	29064
soul	29065
speak	29066
▁300,000	29067
▁Hades	29068
▁Kay	29069
▁Loyal	29070
▁YEARS	29071
▁accomplishing	29072
▁anticipation	29073
▁chased	29074
▁colon	29075
▁cousins	29076
▁disdain	29077
▁divorces	29078
▁faculty	29079
▁generator	29080
▁laden	29081
▁longed	29082
▁myths	29083
▁null	29084
▁permitting	29085
▁pressured	29086
▁relentless	29087
▁reproductive	29088
▁shipment	29089
▁surveyed	29090
▁throws	29091
▁ぜん	29092
▁そそる	29093
▁サンデー	29094
▁ピザ	29095
▁ムーア	29096
▁レモン	29097
▁ロード	29098
▁俗	29099
▁戦術	29100
▁断つ	29101
▁泡	29102
▁立ち上がる	29103
▁紫	29104
▁雇	29105
▁鶏	29106
ステート	29107
ダラ	29108
ハマ	29109
ラシ	29110
停め	29111
姿勢	29112
必死	29113
戻せ	29114
暫	29115
栄	29116
死刑	29117
汁	29118
渇	29119
荒れ	29120
蔽	29121
見張り	29122
請求	29123
COM	29124
onne	29125
usco	29126
▁15%	29127
▁Certificate	29128
▁Jess	29129
▁Option	29130
▁Pierre	29131
▁Pin	29132
▁Population	29133
▁Twelve	29134
▁adversely	29135
▁beak	29136
▁compulsion	29137
▁costume	29138
▁declining	29139
▁deter	29140
▁dung	29141
▁exponent	29142
▁folly	29143
▁immersed	29144
▁recon	29145
▁relied	29146
▁sank	29147
▁swiftly	29148
▁tuna	29149
▁typhoon	29150
▁お父	29151
▁オートバイ	29152
▁ケイティ	29153
▁コルネリオ	29154
▁ゴルフ	29155
▁ソフトウェア	29156
▁トレイ	29157
▁ボイ	29158
▁マカ	29159
▁メソジスト	29160
▁卒中	29161
▁協定	29162
▁大阪	29163
▁密度	29164
▁性向	29165
▁氷河	29166
▁組み	29167
▁触る	29168
▁車輪	29169
▁青少年	29170
かわい	29171
やっかい	29172
コブ	29173
タンク	29174
チャーリー	29175
トレス	29176
ミサイル	29177
ラット	29178
元素	29179
内緒	29180
囚	29181
巧	29182
敵意	29183
漏	29184
近づき	29185
追い出	29186
長子	29187
active	29188
alf	29189
etch	29190
eus	29191
help	29192
mm	29193
something	29194
▁06	29195
▁Adult	29196
▁Arnold	29197
▁Avenue	29198
▁Bond	29199
▁Considering	29200
▁Country	29201
▁Cow	29202
▁Impossible	29203
▁Ishmael	29204
▁Pap	29205
▁Silver	29206
▁cracked	29207
▁explosives	29208
▁extracted	29209
▁eyesight	29210
▁flaws	29211
▁generating	29212
▁haunt	29213
▁hierarchy	29214
▁initiated	29215
▁kilo	29216
▁lick	29217
▁mosque	29218
▁niece	29219
▁presumptuous	29220
▁reconciled	29221
▁reservoir	29222
▁speeches	29223
▁statues	29224
▁sustainable	29225
▁transaction	29226
▁traumatic	29227
▁つぎ	29228
▁アルバ	29229
▁クル	29230
▁ディー	29231
▁フランクリン	29232
▁ロバ	29233
▁保有	29234
▁弦	29235
▁技能	29236
▁見過ご	29237
▁謝る	29238
▁足らず	29239
かまい	29240
みつけ	29241
セロ	29242
トール	29243
寝室	29244
巨人	29245
平行	29246
替える	29247
溝	29248
皆様	29249
邪神	29250
開放	29251
電池	29252
鬱	29253
bear	29254
fine	29255
hang	29256
ht	29257
hyp	29258
isha	29259
lag	29260
rule	29261
vor	29262
▁135	29263
▁Discipline	29264
▁Drama	29265
▁Grey	29266
▁Hindus	29267
▁Mesopotamia	29268
▁Milton	29269
▁Neighbor	29270
▁WORK	29271
▁Worse	29272
▁amusement	29273
▁awakened	29274
▁crosses	29275
▁deleted	29276
▁discovering	29277
▁dishonor	29278
▁fried	29279
▁grants	29280
▁greetings	29281
▁lamps	29282
▁leaning	29283
▁moderation	29284
▁palms	29285
▁rabbits	29286
▁submitting	29287
▁texture	29288
▁upbringing	29289
▁warp	29290
▁wield	29291
▁wiser	29292
▁yielded	29293
▁すてき	29294
▁たんぱく質	29295
▁ひく	29296
▁カフェイン	29297
▁サンヘドリン	29298
▁ジル	29299
▁一環	29300
▁品位	29301
▁嫉妬	29302
▁憐れみ深い	29303
▁法令	29304
▁済む	29305
▁立ち向か	29306
▁肉的	29307
▁過ぎる	29308
たまり	29309
ウマ	29310
オール	29311
ジョーンズ	29312
ハリー	29313
健	29314
動け	29315
吐き	29316
回答	29317
実証	29318
欲しが	29319
署長	29320
見守	29321
NING	29322
URE	29323
close	29324
lick	29325
rnish	29326
uction	29327
д	29328
▁Clark	29329
▁Configuration	29330
▁Doubtless	29331
▁Dylan	29332
▁Finn	29333
▁Pink	29334
▁Scar	29335
▁Tand	29336
▁abandoning	29337
▁amazement	29338
▁cheated	29339
▁contemporaries	29340
▁devastation	29341
▁exams	29342
▁forge	29343
▁frogs	29344
▁happiest	29345
▁indigenous	29346
▁irritating	29347
▁leper	29348
▁miniature	29349
▁moth	29350
▁multitudes	29351
▁nigger	29352
▁recovering	29353
▁robbers	29354
▁ruthless	29355
▁throng	29356
▁transparent	29357
▁こん虫	29358
▁アイリーン	29359
▁ウン	29360
▁グレイ	29361
▁スケジュー	29362
▁プラトン	29363
▁レポート	29364
▁伝わ	29365
▁助かる	29366
▁坑	29367
▁威厳	29368
▁子牛	29369
▁富み	29370
▁惑わし	29371
▁憎悪	29372
▁投じ	29373
▁掘っ	29374
▁敗	29375
▁新英	29376
▁朽ち	29377
▁減り	29378
▁漏れ	29379
▁潔白	29380
▁落下	29381
▁講じる	29382
▁走ら	29383
▁通り抜け	29384
▁飲食	29385
なんと	29386
ひげ	29387
ノキ	29388
パッケージ	29389
反乱	29390
取り組む	29391
専用	29392
枯れ	29393
見込み	29394
CM	29395
Car	29396
MR	29397
____	29398
dicate	29399
ents	29400
force	29401
lass	29402
lian	29403
mighty	29404
mouth	29405
scribe	29406
▁1999,	29407
▁Iceland	29408
▁Las	29409
▁Object	29410
▁accounted	29411
▁arc	29412
▁asthma	29413
▁bot	29414
▁ce	29415
▁cemetery	29416
▁compatible	29417
▁cough	29418
▁crane	29419
▁dental	29420
▁exploited	29421
▁garlic	29422
▁gradual	29423
▁millimeter	29424
▁nourishment	29425
▁numb	29426
▁sadly	29427
▁strokes	29428
▁tearing	29429
▁thorns	29430
▁£	29431
▁あれこれ	29432
▁たどる	29433
▁ストリート	29434
▁トランク	29435
▁トレーニング	29436
▁パソコン	29437
▁不実	29438
▁借りる	29439
▁出掛け	29440
▁情愛	29441
▁投げ落と	29442
▁生育	29443
▁茶色	29444
▁貧しく	29445
▁隊長	29446
▁静脈	29447
に利用	29448
メンテ	29449
リンズ	29450
取り囲	29451
咲	29452
復帰	29453
怠	29454
料金	29455
死後	29456
泳ぐ	29457
磁	29458
離す	29459
-3	29460
Mr	29461
ado	29462
ago	29463
anne	29464
idge	29465
pool	29466
ust	29467
▁$20	29468
▁750	29469
▁Absalom	29470
▁Amsterdam	29471
▁HIS	29472
▁HR	29473
▁Micro	29474
▁Presbyterian	29475
▁Prophecy	29476
▁administrative	29477
▁ape	29478
▁assassination	29479
▁continuously	29480
▁decoration	29481
▁disciplined	29482
▁enhanced	29483
▁evolve	29484
▁exclaim	29485
▁exploitation	29486
▁gamble	29487
▁germs	29488
▁heartache	29489
▁invade	29490
▁reversed	29491
▁strayed	29492
▁suicides	29493
▁theological	29494
▁vet	29495
▁wedlock	29496
▁つかみ	29497
▁ゲート	29498
▁ジェニー	29499
▁スイ	29500
▁チケット	29501
▁トレーラー	29502
▁パピルス	29503
▁プリンタ	29504
▁ホット	29505
▁マーサ	29506
▁合併	29507
▁打っ	29508
▁教派	29509
▁旧約	29510
▁暇	29511
▁片付け	29512
▁略	29513
▁移る	29514
▁行き先	29515
▁誘う	29516
▁議	29517
▁車両	29518
▁頂上	29519
たがる	29520
っくり	29521
んじ	29522
テー	29523
ビッチ	29524
ラリー	29525
リム	29526
仔	29527
分別	29528
北部	29529
取り除	29530
同等	29531
瀬	29532
熱い	29533
聴き	29534
言い訳	29535
貸	29536
適応	29537
blo	29538
dead	29539
father	29540
fil	29541
hun	29542
iation	29543
race	29544
rv	29545
school	29546
ía	29547
▁1926	29548
▁Elliot	29549
▁Haggai	29550
▁Jehoshaphat	29551
▁Ji	29552
▁Reich	29553
▁Respond	29554
▁Spread	29555
▁Title	29556
▁Waiting	29557
▁amino	29558
▁archaeologists	29559
▁bearer	29560
▁beggar	29561
▁bypass	29562
▁circuits	29563
▁comparatively	29564
▁cri	29565
▁drawings	29566
▁entertaining	29567
▁fad	29568
▁fees	29569
▁figuratively	29570
▁filth	29571
▁fringe	29572
▁illiterate	29573
▁linger	29574
▁merchandise	29575
▁obsession	29576
▁penny	29577
▁peril	29578
▁pleasurable	29579
▁replies	29580
▁tomatoes	29581
▁wireless	29582
▁おしゃべり	29583
▁おとなし	29584
▁かばん	29585
▁はびこ	29586
▁ひざまず	29587
▁公害	29588
▁墜落	29589
▁奮闘	29590
▁持たせ	29591
▁振る舞う	29592
▁握手	29593
▁網膜	29594
▁身なり	29595
▁開けろ	29596
▁陽	29597
いくらか	29598
ギン	29599
ツー	29600
ドラマ	29601
ハルト	29602
ファル	29603
ファレンス	29604
乾杯	29605
各々	29606
引っ張	29607
抜け出	29608
明かり	29609
漢	29610
狭	29611
税金	29612
立ち上が	29613
筒	29614
郷	29615
ARY	29616
EMA	29617
Whatever	29618
aux	29619
cott	29620
proof	29621
road	29622
size	29623
ssen	29624
true	29625
▁47.	29626
▁Anglo	29627
▁Bir	29628
▁Congo	29629
▁Corinthian	29630
▁Eugene	29631
▁Evans	29632
▁Gl	29633
▁Host	29634
▁Jephthah	29635
▁Own	29636
▁RA	29637
▁affluent	29638
▁auction	29639
▁bracket	29640
▁chronology	29641
▁decreased	29642
▁elect	29643
▁encompass	29644
▁enlarged	29645
▁feminine	29646
▁foretells	29647
▁hasty	29648
▁knives	29649
▁listing	29650
▁monk	29651
▁oppress	29652
▁php	29653
▁remarkably	29654
▁stroll	29655
▁transgressions	29656
▁unlock	29657
▁zones	29658
▁お休み	29659
▁かかえ	29660
▁アレクサンドリア	29661
▁バッテリー	29662
▁ボルト	29663
▁ヤク	29664
▁一流	29665
▁感化	29666
▁振り返る	29667
▁殴り	29668
▁決断	29669
▁沖	29670
▁素晴らし	29671
▁足る	29672
▁鋼鉄	29673
▁降下	29674
▁飾る	29675
じき	29676
ケー	29677
中断	29678
会衆	29679
出そ	29680
宴	29681
微笑	29682
悩み	29683
暮	29684
浄	29685
貝	29686
actic	29687
arily	29688
birds	29689
eva	29690
pto	29691
ş	29692
▁Aristotle	29693
▁Finish	29694
▁Highness	29695
▁Leg	29696
▁Madame	29697
▁Progress	29698
▁Seattle	29699
▁TIME	29700
▁Viking	29701
▁WAR	29702
▁Witch	29703
▁adulterers	29704
▁aright	29705
▁carving	29706
▁constitutes	29707
▁cures	29708
▁diminished	29709
▁disappears	29710
▁disfellowshiped	29711
▁dolphins	29712
▁focuses	29713
▁mag	29714
▁pillar	29715
▁pyramid	29716
▁responsive	29717
▁setback	29718
▁tended	29719
▁troop	29720
▁tuberculosis	29721
▁underestimate	29722
▁unlawful	29723
▁wad	29724
▁witchcraft	29725
▁われら	29726
▁エドム	29727
▁カーテン	29728
▁ガリレオ	29729
▁ハッピー	29730
▁ビーチ	29731
▁ブック	29732
▁下がり	29733
▁対型	29734
▁所産	29735
▁渡る	29736
▁熊	29737
▁燃やし	29738
▁発酵	29739
▁羽毛	29740
▁魅惑	29741
▁鳥類	29742
の特	29743
びと	29744
カギ	29745
クー	29746
ドクター	29747
バイク	29748
ムリ	29749
乗り越え	29750
召使い	29751
同情	29752
崇め	29753
未満	29754
歩み	29755
狂い	29756
獲物	29757
直さ	29758
終わらせる	29759
臼	29760
選べ	29761
野生	29762
ause	29763
lets	29764
present	29765
vari	29766
▁1912	29767
▁1927	29768
▁20,21)	29769
▁500,000	29770
▁Beck	29771
▁Block	29772
▁DH	29773
▁Fit	29774
▁Oregon	29775
▁Pleasure	29776
▁Prize	29777
▁Stupid	29778
▁Trent	29779
▁bells	29780
▁bliss	29781
▁diversion	29782
▁erosion	29783
▁foresee	29784
▁ghosts	29785
▁hats	29786
▁hazard	29787
▁lawsuit	29788
▁magician	29789
▁mechanisms	29790
▁proudly	29791
▁rebuilding	29792
▁salmon	29793
▁scarlet	29794
▁survives	29795
▁turtle	29796
▁utility	29797
▁vanish	29798
▁weighty	29799
▁yell	29800
▁のろい	29801
▁むち	29802
▁シーン	29803
▁フィールド	29804
▁ミリアム	29805
▁ランド	29806
▁刑罰	29807
▁原料	29808
▁好んで	29809
▁朝鮮	29810
▁歓	29811
▁津波	29812
▁浅い	29813
▁添	29814
▁申し分	29815
あけ	29816
お礼	29817
かろ	29818
っちも	29819
に基づ	29820
ゴロ	29821
ソウ	29822
デラ	29823
ブラー	29824
ヘンリー	29825
ロマ	29826
ーノ	29827
優勝	29828
多すぎ	29829
小僧	29830
延	29831
恥ずかしい	29832
挫	29833
答	29834
緑色	29835
離せ	29836
also	29837
conv	29838
gie	29839
hum	29840
immer	29841
logy	29842
ré	29843
▁60,000	29844
▁Cassie	29845
▁Kennedy	29846
▁Password	29847
▁Saving	29848
▁Surgery	29849
▁Whole	29850
▁banana	29851
▁caffeine	29852
▁charts	29853
▁chicks	29854
▁cookie	29855
▁deserted	29856
▁discarded	29857
▁folders	29858
▁gestures	29859
▁kilograms	29860
▁noises	29861
▁pr	29862
▁resigned	29863
▁restrained	29864
▁spelling	29865
▁みのり	29866
▁ウォーレン	29867
▁コレステロール	29868
▁ハワード	29869
▁モーガン	29870
▁叱責	29871
▁家出	29872
▁容赦なく	29873
▁封筒	29874
▁水晶	29875
▁破綻	29876
▁立ち向かい	29877
▁罠	29878
▁逃げ出し	29879
▁骨折り	29880
きっかけ	29881
たもので	29882
セミ	29883
タリ	29884
トゥス	29885
ポッド	29886
ヤバ	29887
ータを	29888
保留	29889
宣告	29890
惑	29891
据え	29892
直り	29893
真正	29894
終り	29895
航海	29896
逃げ出し	29897
進展	29898
関係なく	29899
-4	29900
Mi	29901
Sign	29902
before	29903
iling	29904
inder	29905
uffle	29906
æ	29907
▁270	29908
▁Baptism	29909
▁Corps	29910
▁Frankly	29911
▁Needed	29912
▁Shame	29913
▁Wal	29914
▁achieving	29915
▁bosom	29916
▁conqueror	29917
▁cylinder	29918
▁erring	29919
▁incomplete	29920
▁inculcate	29921
▁luna	29922
▁memorize	29923
▁microbes	29924
▁murderers	29925
▁parasites	29926
▁precinct	29927
▁predator	29928
▁premarital	29929
▁shores	29930
▁towel	29931
▁viral	29932
▁ギター	29933
▁テラ	29934
▁デイブ	29935
▁マス	29936
▁交流	29937
▁呪術	29938
▁営み	29939
▁庁	29940
▁延び	29941
▁手当て	29942
▁打ち込	29943
▁暖	29944
▁育つ	29945
▁腹部	29946
▁親指	29947
▁賞賛	29948
▁贖罪	29949
▁飛び出	29950
▁飽き	29951
おご	29952
たばこ	29953
ふる	29954
みどり	29955
やぎ	29956
アザ	29957
ウォン	29958
クサ	29959
ドライバ	29960
ネイル	29961
ハズ	29962
ランク	29963
リッパー	29964
ワース	29965
到	29966
奮	29967
広がる	29968
止まり	29969
生き方	29970
生ける	29971
組み込	29972
装飾	29973
規模の	29974
負え	29975
降る	29976
陰謀	29977
Qu	29978
TON	29979
icide	29980
jin	29981
oad	29982
prove	29983
radi	29984
track	29985
▁(6)	29986
▁Benefit	29987
▁Cambridge	29988
▁Kiss	29989
▁Rein	29990
▁Release	29991
▁Require	29992
▁Ry	29993
▁Status	29994
▁Treat	29995
▁Vancouver	29996
▁demonstrating	29997
▁fitness	29998
▁imitators	29999
▁perceptive	30000
▁pervert	30001
▁riddle	30002
▁risked	30003
▁roses	30004
▁satisfactory	30005
▁separates	30006
▁southeast	30007
▁undertaking	30008
▁unnoticed	30009
▁かけ事	30010
▁どっ	30011
▁もうける	30012
▁アーカイ	30013
▁ディスク	30014
▁ネブカデネザル	30015
▁ハイチ	30016
▁ブレーキ	30017
▁ベティ	30018
▁マッサージ	30019
▁共感	30020
▁区画	30021
▁告げ知らせ	30022
▁回答	30023
▁工夫	30024
▁数え切れない	30025
▁書記	30026
▁求愛	30027
▁演	30028
▁縫い	30029
▁見倣	30030
▁送り出し	30031
▁適合	30032
▁鈍	30033
▁順序	30034
つり	30035
の科学	30036
ウィック	30037
ッシ	30038
プリント	30039
プレゼン	30040
化け	30041
国連	30042
神父	30043
PN	30044
PORT	30045
Remember	30046
WH	30047
become	30048
eel	30049
elves	30050
oko	30051
righteous	30052
viv	30053
ys	30054
▁Bud	30055
▁Front	30056
▁Hay	30057
▁Juliette	30058
▁Michelle	30059
▁Pam	30060
▁RNA	30061
▁Refuge	30062
▁STUDY	30063
▁Section	30064
▁Sundays	30065
▁archaeological	30066
▁attentive	30067
▁avenue	30068
▁betrayal	30069
▁burglar	30070
▁chew	30071
▁circular	30072
▁conditioning	30073
▁exiled	30074
▁handicapped	30075
▁harmed	30076
▁immersion	30077
▁intersection	30078
▁justification	30079
▁lodging	30080
▁mysteries	30081
▁nests	30082
▁plaster	30083
▁shovel	30084
▁けっ	30085
▁とどめる	30086
▁アラーム	30087
▁スタッフ	30088
▁スノー	30089
▁ポンプ	30090
▁レスター	30091
▁令状	30092
▁住人	30093
▁守護	30094
▁帆	30095
▁情景	30096
▁感想	30097
▁持ち出	30098
▁痛め	30099
▁転が	30100
▁近寄	30101
▁返答	30102
▁逆らう	30103
▁遮	30104
ぐず	30105
だいたい	30106
イケ	30107
カウ	30108
シンボル	30109
マズ	30110
作り出す	30111
公立	30112
区域	30113
十字	30114
告げる	30115
喰	30116
嫁	30117
寄る	30118
引っ張り	30119
暑	30120
買わ	30121
途上	30122
過剰	30123
露出	30124
Divine	30125
MM	30126
Ro	30127
Stop	30128
UB	30129
hee	30130
istan	30131
▁Bug	30132
▁Fr	30133
▁Limit	30134
▁Rosa	30135
▁Skyl	30136
▁actors	30137
▁avert	30138
▁cedar	30139
▁cherry	30140
▁forbade	30141
▁intercept	30142
▁liability	30143
▁liberated	30144
▁logically	30145
▁relay	30146
▁scal	30147
▁successive	30148
▁viewer	30149
▁visa	30150
▁お母	30151
▁すく	30152
▁だら	30153
▁イル	30154
▁サハラ	30155
▁デボラ	30156
▁ハマン	30157
▁ベース	30158
▁ボーイフレンド	30159
▁密輸	30160
▁心地	30161
▁政党	30162
▁湿地	30163
▁漁業	30164
▁目覚まし	30165
▁祝日	30166
▁立ち止ま	30167
▁絞	30168
▁防備	30169
びっくり	30170
インディ	30171
スィ	30172
タダ	30173
チェン	30174
ッポ	30175
ナアマン	30176
ヒロ	30177
ヘリ	30178
モット	30179
ラメ	30180
リエ	30181
入り口	30182
坂	30183
拡	30184
挟	30185
敷	30186
環	30187
甘	30188
甚	30189
顧	30190
1,2,3	30191
angel	30192
bearing	30193
cub	30194
vio	30195
watt	30196
▁Barnes	30197
▁Calendar	30198
▁Causes	30199
▁Creat	30200
▁Everywhere	30201
▁JOHN	30202
▁Saw	30203
▁Screen	30204
▁Scroll	30205
▁Traffic	30206
▁addictive	30207
▁bonus	30208
▁bulb	30209
▁coffin	30210
▁damp	30211
▁differs	30212
▁div	30213
▁endanger	30214
▁exhort	30215
▁functional	30216
▁germ	30217
▁gloom	30218
▁irritated	30219
▁paranoid	30220
▁phrases	30221
▁pillars	30222
▁pinpoint	30223
▁smoothly	30224
▁tenderness	30225
▁vindication	30226
▁whereby	30227
▁workshop	30228
▁wrongly	30229
▁しのぐ	30230
▁またもや	30231
▁アイリス	30232
▁ジャガイモ	30233
▁ペニー	30234
▁力強く	30235
▁実情	30236
▁心配事	30237
▁愛好	30238
▁染色体	30239
▁止まる	30240
▁申し	30241
▁相いれ	30242
▁眼鏡	30243
▁破産	30244
▁精巧	30245
▁細工	30246
▁行き渡	30247
▁課し	30248
▁賛	30249
▁高血圧	30250
うえ	30251
つかめ	30252
にわたって	30253
予言	30254
仕上げ	30255
年長	30256
揃え	30257
未亡人	30258
横断	30259
満たし	30260
爽	30261
窮地	30262
胆	30263
進める	30264
部族	30265
開拓	30266
LD	30267
aby	30268
dle	30269
iba	30270
igo	30271
phor	30272
rank	30273
reach	30274
shire	30275
ually	30276
ync	30277
â	30278
▁Audio	30279
▁Chat	30280
▁Clement	30281
▁Efforts	30282
▁Elihu	30283
▁Ignore	30284
▁Janeiro	30285
▁Julie	30286
▁Labor	30287
▁Memory	30288
▁Political	30289
▁Soul	30290
▁bald	30291
▁bla	30292
▁encrypted	30293
▁flags	30294
▁herald	30295
▁hon	30296
▁inhibit	30297
▁pl	30298
▁remorse	30299
▁specialists	30300
▁technician	30301
▁tsunami	30302
▁turtles	30303
▁weddings	30304
▁wholehearted	30305
▁しかね	30306
▁インディオ	30307
▁シートベルト	30308
▁ハッカ	30309
▁ピー	30310
▁両面	30311
▁公言	30312
▁切開	30313
▁十字軍	30314
▁口実	30315
▁尿	30316
▁帰国	30317
▁押す	30318
▁機密	30319
▁渇き	30320
▁知事	30321
▁蓄える	30322
▁見付け	30323
▁見物	30324
▁阻む	30325
▁騎士	30326
スタジ	30327
ファミリー	30328
フライ	30329
フロ	30330
リッド	30331
ーモン	30332
仰	30333
助かる	30334
吸う	30335
問い合わせ	30336
寿命	30337
強調	30338
抽出	30339
欠陥	30340
此	30341
相対	30342
素晴	30343
要望	30344
訓練を	30345
試す	30346
詮	30347
霊媒	30348
180	30349
against	30350
bie	30351
carbon	30352
fetch	30353
jp	30354
remember	30355
▁$200	30356
▁Answered	30357
▁Ground	30358
▁Hail	30359
▁Issue	30360
▁Marilyn	30361
▁Mayor	30362
▁Scan	30363
▁Wildlife	30364
▁alarms	30365
▁calculation	30366
▁charging	30367
▁nationalistic	30368
▁override	30369
▁plunged	30370
▁prejudices	30371
▁reconcile	30372
▁repetition	30373
▁revived	30374
▁separately	30375
▁spouses	30376
▁wayward	30377
▁すい星	30378
▁ガーディアン	30379
▁ミン	30380
▁リオ	30381
▁一夜	30382
▁卑わい	30383
▁懲役	30384
▁手配	30385
▁秘	30386
▁立ち上がり	30387
▁精錬	30388
▁編み	30389
▁苦境	30390
▁頃	30391
たどり着	30392
イノ	30393
ウズ	30394
ジル	30395
フォー	30396
典型	30397
利点	30398
墜落	30399
嫌悪	30400
尊い	30401
市警	30402
撮る	30403
畜	30404
空白	30405
聴覚	30406
融合	30407
見直し	30408
読める	30409
,300	30410
Wor	30411
false	30412
uca	30413
▁27,28	30414
▁Apocalypse	30415
▁Belief	30416
▁Canaanite	30417
▁Charlotte	30418
▁Dorothy	30419
▁LE	30420
▁Lesson	30421
▁Madison	30422
▁OLD	30423
▁Saudi	30424
▁Tan	30425
▁Zeus	30426
▁abundantly	30427
▁abuses	30428
▁arrests	30429
▁blossoms	30430
▁buyer	30431
▁cloak	30432
▁crocodile	30433
▁dances	30434
▁differed	30435
▁grocery	30436
▁header	30437
▁loading	30438
▁microphone	30439
▁settlers	30440
▁straighten	30441
▁violating	30442
▁エヒウ	30443
▁ジョナサン	30444
▁デビッド	30445
▁モザンビーク	30446
▁ユニーク	30447
▁一族	30448
▁制約	30449
▁吉	30450
▁国土	30451
▁外観	30452
▁導き入れ	30453
▁常識	30454
▁幾十万	30455
▁引き出す	30456
▁性能	30457
▁恥辱	30458
▁束	30459
▁注ぎ	30460
▁紛れ	30461
▁臭い	30462
▁風味	30463
サンタ	30464
並外れ	30465
体内	30466
呈	30467
容赦	30468
現われ	30469
裏庭	30470
ayer	30471
rog	30472
shift	30473
shop	30474
▁273	30475
▁Bus	30476
▁Dig	30477
▁Hawaiian	30478
▁Observer	30479
▁Percy	30480
▁Referr	30481
▁Romania	30482
▁Slave	30483
▁Survival	30484
▁Taste	30485
▁accountant	30486
▁belie	30487
▁blesses	30488
▁charter	30489
▁disciplining	30490
▁doers	30491
▁fluids	30492
▁flush	30493
▁fortress	30494
▁fuss	30495
▁gardener	30496
▁mosquitoes	30497
▁navigate	30498
▁ordering	30499
▁panels	30500
▁penguins	30501
▁quadra	30502
▁sorted	30503
▁subdue	30504
▁symptom	30505
▁wi	30506
▁®	30507
▁かしこ	30508
▁エピ	30509
▁エフタ	30510
▁フィジー	30511
▁上等	30512
▁下がる	30513
▁刈り取	30514
▁喧嘩	30515
▁戦わ	30516
▁描き	30517
▁率い	30518
▁紀元	30519
▁行間	30520
▁追いや	30521
むろ	30522
シナ	30523
スマン	30524
チー	30525
ノルド	30526
ブツ	30527
ミール	30528
ラテン	30529
天体	30530
学的	30531
安らぎ	30532
尽き	30533
懸念	30534
沈む	30535
美味し	30536
習い	30537
西部	30538
証券	30539
謹	30540
/8	30541
Ca	30542
Does	30543
IAL	30544
Thanks	30545
rise	30546
Ã	30547
▁Babel	30548
▁Boom	30549
▁Fat	30550
▁Hannibal	30551
▁Means	30552
▁Successful	30553
▁USED	30554
▁Vale	30555
▁Wish	30556
▁[30	30557
▁adornment	30558
▁advocates	30559
▁announcing	30560
▁buffalo	30561
▁competing	30562
▁cowboy	30563
▁evacuate	30564
▁excels	30565
▁foreigner	30566
▁lava	30567
▁merits	30568
▁noun	30569
▁raven	30570
▁reproduction	30571
▁saint	30572
▁solo	30573
▁stoned	30574
▁unsuccessful	30575
▁unworthy	30576
▁おろそ	30577
▁ねら	30578
▁ガラテ	30579
▁キャサリン	30580
▁ケー	30581
▁モーター	30582
▁作り出さ	30583
▁厚さ	30584
▁成立	30585
▁手間	30586
▁払え	30587
▁推し進め	30588
▁撤退	30589
▁渋滞	30590
▁焦	30591
▁項目	30592
おし	30593
イロ	30594
クリップ	30595
タリー	30596
ティカ	30597
ボット	30598
不可欠	30599
収め	30600
合わさ	30601
後半	30602
投げる	30603
撲	30604
果樹	30605
正し	30606
正統	30607
王様	30608
用事	30609
終える	30610
荘	30611
護衛	30612
貼り付け	30613
50%	30614
DP	30615
KO	30616
aca	30617
flower	30618
izz	30619
oz	30620
standing	30621
յ	30622
▁Anton	30623
▁Bert	30624
▁Carry	30625
▁Dance	30626
▁HA	30627
▁Judy	30628
▁Moriarty	30629
▁PRE	30630
▁Persians	30631
▁Television	30632
▁Threat	30633
▁bun	30634
▁businessmen	30635
▁caller	30636
▁cam	30637
▁cater	30638
▁chef	30639
▁comprehensive	30640
▁deserts	30641
▁devils	30642
▁dictator	30643
▁drums	30644
▁et	30645
▁exploring	30646
▁guts	30647
▁indications	30648
▁irregular	30649
▁knot	30650
▁merge	30651
▁orientation	30652
▁ornaments	30653
▁petty	30654
▁pilgrimage	30655
▁portable	30656
▁powerless	30657
▁programmer	30658
▁proselytes	30659
▁quotations	30660
▁ration	30661
▁recorder	30662
▁ropes	30663
▁secured	30664
▁singers	30665
▁spoon	30666
▁una	30667
▁かがめ	30668
▁かしら	30669
▁ふざける	30670
▁ウェールズ	30671
▁オリジナル	30672
▁キノコ	30673
▁テサ	30674
▁テニス	30675
▁バラク	30676
▁ユーゴスラビア	30677
▁仕方ない	30678
▁増やし	30679
▁思い巡らし	30680
▁浸礼	30681
▁溶け	30682
▁瀕	30683
▁疾病	30684
▁百万	30685
▁競	30686
▁行儀	30687
▁退廃	30688
▁頭脳	30689
いらっしゃい	30690
けな	30691
けん	30692
エット	30693
ジング	30694
ツキ	30695
ノール	30696
ポッター	30697
ワールド	30698
ンガム	30699
抽	30700
災害	30701
犯行	30702
細心	30703
経つ	30704
茶色	30705
話し合い	30706
預	30707
10%	30708
MI	30709
Men	30710
child	30711
olum	30712
tai	30713
ttle	30714
umber	30715
ք	30716
▁1950,	30717
▁25,000	30718
▁42)	30719
▁Called	30720
▁Celsius	30721
▁Centre	30722
▁Christlike	30723
▁Cyril	30724
▁Destroy	30725
▁Disaster	30726
▁Ere	30727
▁Hudson	30728
▁Lionel	30729
▁Material	30730
▁Older	30731
▁Poe	30732
▁Selection	30733
▁arranging	30734
▁blackmail	30735
▁canon	30736
▁civilizations	30737
▁distort	30738
▁grieved	30739
▁havoc	30740
▁incorrect	30741
▁manifesting	30742
▁mus	30743
▁outworking	30744
▁pistol	30745
▁poses	30746
▁prayerfully	30747
▁psalms	30748
▁purgatory	30749
▁reunion	30750
▁shh	30751
▁static	30752
▁stereo	30753
▁unfamiliar	30754
▁とらわれ	30755
▁インスト	30756
▁コスタリカ	30757
▁ソル	30758
▁デカ	30759
▁デュー	30760
▁ハンド	30761
▁ホスト	30762
▁マック	30763
▁交替	30764
▁刺	30765
▁取り囲	30766
▁大小	30767
▁引き離	30768
▁探知	30769
▁牧羊	30770
▁盗聴	30771
▁窮状	30772
▁通行	30773
▁酔い	30774
さしく	30775
どころか	30776
わいせつ	30777
ツアー	30778
デリン	30779
反映	30780
広ま	30781
廻	30782
弱点	30783
悪性	30784
憤	30785
払え	30786
痩	30787
葬	30788
謝罪	30789
首相	30790
BE	30791
coat	30792
raw	30793
shirt	30794
unch	30795
▁Clo	30796
▁Ep	30797
▁Imperial	30798
▁Native	30799
▁Pict	30800
▁Previous	30801
▁Reminder	30802
▁Tahiti	30803
▁Wash	30804
▁commenting	30805
▁delights	30806
▁dew	30807
▁disable	30808
▁dispose	30809
▁doubted	30810
▁eyewitness	30811
▁grudge	30812
▁hedge	30813
▁humiliated	30814
▁mainstream	30815
▁persuasive	30816
▁punk	30817
▁rehabilitation	30818
▁savior	30819
▁seduced	30820
▁shelves	30821
▁silently	30822
▁spilled	30823
▁かなえ	30824
▁さっそく	30825
▁アンジェラ	30826
▁ジャンプ	30827
▁ティーンエージャー	30828
▁トレ	30829
▁フィラデルフィア	30830
▁フォン	30831
▁ベスト	30832
▁ホラ	30833
▁叔母	30834
▁審	30835
▁情け	30836
▁抽出	30837
▁挫折	30838
▁決着	30839
▁浄化	30840
▁番地	30841
▁砕く	30842
▁転向	30843
ぶち	30844
オート	30845
キル	30846
ギター	30847
ッグス	30848
フィック	30849
ボラ	30850
ポテト	30851
マネージャー	30852
リカ	30853
努め	30854
基金	30855
思想	30856
採取	30857
社員	30858
秘め	30859
経過	30860
繋がる	30861
95%	30862
Shall	30863
bia	30864
bring	30865
fur	30866
pose	30867
rail	30868
sage	30869
▁1,6	30870
▁165	30871
▁Arabs	30872
▁Augustine	30873
▁Dy	30874
▁Hart	30875
▁Holly	30876
▁Johannesburg	30877
▁Nicole	30878
▁Offer	30879
▁Ranger	30880
▁Rise	30881
▁Sharon	30882
▁Sick	30883
▁Suit	30884
▁TA	30885
▁Vice	30886
▁alleviate	30887
▁analyzed	30888
▁asserts	30889
▁cables	30890
▁cleanliness	30891
▁contracts	30892
▁crawling	30893
▁dependable	30894
▁discretion	30895
▁dragging	30896
▁dragons	30897
▁exaggerated	30898
▁finances	30899
▁fundamentally	30900
▁generates	30901
▁instincts	30902
▁irritation	30903
▁marrow	30904
▁motivating	30905
▁profoundly	30906
▁ranch	30907
▁reinforced	30908
▁stretches	30909
▁sup	30910
▁truthfully	30911
▁えり	30912
▁さげす	30913
▁やり取り	30914
▁セッション	30915
▁ヤー	30916
▁人前	30917
▁十字	30918
▁屈辱	30919
▁慎	30920
▁注ぐ	30921
▁清算	30922
▁誇らし	30923
えー	30924
おっしゃ	30925
コンセプ	30926
サウ	30927
シミュレー	30928
バレー	30929
ヤル	30930
休め	30931
借りる	30932
入れろ	30933
削	30934
壊滅	30935
実践	30936
投与	30937
拳	30938
楕円	30939
殺し屋	30940
発音	30941
福	30942
綱	30943
錐	30944
震え	30945
飛び出	30946
OUS	30947
hart	30948
loo	30949
plant	30950
rew	30951
wall	30952
yne	30953
zon	30954
▁$50	30955
▁175	30956
▁Across	30957
▁Broad	30958
▁DID	30959
▁Dangerous	30960
▁Homeland	30961
▁Standing	30962
▁Zeitung	30963
▁bananas	30964
▁bass	30965
▁buck	30966
▁buzz	30967
▁cache	30968
▁clicking	30969
▁crippled	30970
▁degrading	30971
▁deni	30972
▁divert	30973
▁ethics	30974
▁farewell	30975
▁highways	30976
▁imperative	30977
▁liking	30978
▁melting	30979
▁messy	30980
▁mister	30981
▁photography	30982
▁posture	30983
▁provider	30984
▁reinforce	30985
▁rides	30986
▁shiny	30987
▁spells	30988
▁steering	30989
▁stems	30990
▁withdrawn	30991
▁アカデミー	30992
▁アルファベット	30993
▁グロ	30994
▁ピア	30995
▁マウ	30996
▁候補	30997
▁偉業	30998
▁吹き込	30999
▁行き渡る	31000
▁襲い	31001
に関連	31002
ぴったり	31003
ガリ	31004
スパー	31005
セクシー	31006
セプ	31007
ッテ	31008
ナニ	31009
ネント	31010
ハッシュ	31011
ビッグ	31012
加わ	31013
匠	31014
半数	31015
及ぶ	31016
嫌う	31017
寮	31018
恋愛	31019
懲	31020
数々	31021
演じ	31022
積極的	31023
篤	31024
繰り	31025
読書	31026
貪欲	31027
逃れる	31028
驚かせ	31029
-5	31030
Bo	31031
oshi	31032
sea	31033
tun	31034
▁Curtis	31035
▁Empty	31036
▁Gail	31037
▁Humility	31038
▁Legal	31039
▁Metro	31040
▁Moabite	31041
▁Properties	31042
▁Yankee	31043
▁audiences	31044
▁boards	31045
▁brag	31046
▁cassette	31047
▁cereal	31048
▁configure	31049
▁cou	31050
▁crave	31051
▁cushion	31052
▁dearly	31053
▁denote	31054
▁eliminating	31055
▁entertained	31056
▁hangs	31057
▁harvested	31058
▁haste	31059
▁hive	31060
▁investigated	31061
▁max	31062
▁mentor	31063
▁millenniums	31064
▁murmur	31065
▁nearing	31066
▁possessing	31067
▁roofs	31068
▁seizure	31069
▁sponge	31070
▁syn	31071
▁unified	31072
▁watering	31073
▁お客	31074
▁もち	31075
▁シャー	31076
▁タイミング	31077
▁ブログ	31078
▁マーガレット	31079
▁モルモ	31080
▁ラケル	31081
▁偽り者	31082
▁栄誉	31083
▁痛手	31084
▁系統	31085
▁老い	31086
▁鉛筆	31087
っぱなし	31088
イト	31089
ゲスト	31090
シェア	31091
パラメ	31092
ペース	31093
ペーパー	31094
ポスト	31095
力学	31096
厚い	31097
寂し	31098
押	31099
繁栄	31100
置い	31101
臥	31102
降ろし	31103
髄	31104
September	31105
came	31106
dad	31107
etter	31108
fruit	31109
kan	31110
nn	31111
quit	31112
would	31113
▁Alzheimer	31114
▁Blu	31115
▁Counsel	31116
▁DOES	31117
▁Darcy	31118
▁Deluge	31119
▁Kre	31120
▁Loyalty	31121
▁Method	31122
▁Myth	31123
▁Nowadays	31124
▁Panos	31125
▁Pittsburgh	31126
▁Teen	31127
▁Telegraph	31128
▁Vin	31129
▁Yup	31130
▁Zimbabwe	31131
▁beheld	31132
▁bruise	31133
▁builder	31134
▁caption	31135
▁contemplating	31136
▁crab	31137
▁cursor	31138
▁disappoint	31139
▁discusse	31140
▁grind	31141
▁insecure	31142
▁motel	31143
▁mushrooms	31144
▁organizational	31145
▁philosophical	31146
▁plentiful	31147
▁prodigal	31148
▁provoking	31149
▁puppy	31150
▁sensitivity	31151
▁slim	31152
▁smiles	31153
▁spacious	31154
▁tallest	31155
▁vase	31156
▁vigilant	31157
▁あお	31158
▁アントニオ	31159
▁ウェルズ	31160
▁ゴッ	31161
▁ドリー	31162
▁上着	31163
▁会見	31164
▁室内	31165
▁心がけ	31166
▁折れる	31167
▁押し入	31168
▁押し寄せ	31169
▁接近	31170
▁搾取	31171
▁救え	31172
▁気体	31173
▁清める	31174
▁移す	31175
▁置ける	31176
▁誇	31177
▁間隔	31178
▁陳述	31179
つなげ	31180
アメ	31181
クライ	31182
コット	31183
コレ	31184
ハゲ	31185
傲慢	31186
公表	31187
外交	31188
季節	31189
忍	31190
故人	31191
毒性	31192
洗濯	31193
生態	31194
神話	31195
HAN	31196
achi	31197
ahl	31198
bell	31199
earth	31200
hir	31201
pedia	31202
pod	31203
sexual	31204
▁(0	31205
▁1984,	31206
▁5,10	31207
▁Brand	31208
▁Failure	31209
▁Flu	31210
▁Fra	31211
▁Gill	31212
▁Kam	31213
▁Landing	31214
▁Rudy	31215
▁Strike	31216
▁Teenage	31217
▁Turning	31218
▁Venus	31219
▁assaulted	31220
▁asses	31221
▁connects	31222
▁dough	31223
▁extraction	31224
▁hue	31225
▁impressions	31226
▁ke	31227
▁literary	31228
▁mounting	31229
▁parliament	31230
▁rally	31231
▁releases	31232
▁reviewed	31233
▁sniper	31234
▁updated	31235
▁いたる	31236
▁やれる	31237
▁カビ	31238
▁キッチン	31239
▁クック	31240
▁ゲーリ	31241
▁ティルス	31242
▁ナポレオン	31243
▁ブレナ	31244
▁リバー	31245
▁一夫多妻	31246
▁再現	31247
▁察	31248
▁崇	31249
▁打ち明ける	31250
▁栄え	31251
▁歩き回	31252
▁泳ぐ	31253
▁流出	31254
▁聖所	31255
▁迷い	31256
▁香料	31257
いうのは	31258
ふら	31259
もり	31260
カラム	31261
シリア	31262
ビュ	31263
モラ	31264
リチャード	31265
レンジ	31266
家具	31267
控え目	31268
昧	31269
欠席	31270
礼儀正しく	31271
絡	31272
配慮	31273
ALL	31274
DPI	31275
GO	31276
ICK	31277
News	31278
alia	31279
deemed	31280
mming	31281
vantage	31282
▁101	31283
▁1954	31284
▁Advanced	31285
▁Attitude	31286
▁Difference	31287
▁Forward	31288
▁Irene	31289
▁Kobe	31290
▁Mach	31291
▁Missouri	31292
▁Mix	31293
▁Pierce	31294
▁Powerful	31295
▁Romeo	31296
▁Shadow	31297
▁Vital	31298
▁Wide	31299
▁Wikipedia	31300
▁caps	31301
▁caravan	31302
▁cheeks	31303
▁disagreement	31304
▁emit	31305
▁heck	31306
▁initiate	31307
▁lifelong	31308
▁melted	31309
▁mimic	31310
▁nominal	31311
▁persists	31312
▁presume	31313
▁recipient	31314
▁revolve	31315
▁ribs	31316
▁rolls	31317
▁sinking	31318
▁tensions	31319
▁tranquillity	31320
▁usher	31321
▁whim	31322
▁woven	31323
▁ふと	31324
▁アビガイル	31325
▁シラス	31326
▁ハリ	31327
▁マサチューセッツ	31328
▁ローン	31329
▁保育	31330
▁抽	31331
▁満ちあふれ	31332
▁狙い	31333
▁蒸発	31334
▁表われる	31335
▁規範	31336
▁記載	31337
おもしろい	31338
こま	31339
たかい	31340
ジェームズ	31341
スカウト	31342
ハル	31343
バウ	31344
及ぼす	31345
思い出し	31346
排出	31347
直ちに	31348
破棄	31349
精液	31350
背信	31351
請い	31352
遅れる	31353
遺伝	31354
閣	31355
面白く	31356
順に	31357
DER	31358
Today	31359
bank	31360
ellar	31361
mato	31362
moral	31363
mort	31364
nick	31365
orial	31366
ridge	31367
uf	31368
▁Affairs	31369
▁Anointed	31370
▁Bright	31371
▁DI	31372
▁Final	31373
▁Harvest	31374
▁Kru	31375
▁MS	31376
▁Suffering	31377
▁Yuri	31378
▁alleged	31379
▁bathing	31380
▁blaming	31381
▁breakup	31382
▁camping	31383
▁confide	31384
▁congratulate	31385
▁crowned	31386
▁dessert	31387
▁distractions	31388
▁doses	31389
▁drastically	31390
▁epic	31391
▁forum	31392
▁inequality	31393
▁intellect	31394
▁misunderstood	31395
▁pneumonia	31396
▁preferences	31397
▁razor	31398
▁removes	31399
▁rested	31400
▁reunited	31401
▁snail	31402
▁sue	31403
▁thriving	31404
▁tomato	31405
▁undertake	31406
▁ぶら	31407
▁アイスクリーム	31408
▁アルゴリズム	31409
▁オール	31410
▁カヌー	31411
▁ジャー	31412
▁ナジ	31413
▁マーティ	31414
▁ミネラル	31415
▁ヨー	31416
▁叙任	31417
▁委ね	31418
▁定ま	31419
▁家賃	31420
▁探る	31421
▁日記	31422
▁星雲	31423
▁汚点	31424
▁汽	31425
▁社説	31426
▁空き	31427
▁重症	31428
アテ	31429
アポ	31430
キム	31431
コミュニケーション	31432
コンタクト	31433
ハンター	31434
ビエ	31435
ピカ	31436
ペンギン	31437
マール	31438
ムーン	31439
予感	31440
嗅	31441
基盤	31442
書き直	31443
本能	31444
浮気	31445
海賊	31446
犯し	31447
秀	31448
籠	31449
買える	31450
邸	31451
Hello	31452
ij	31453
known	31454
liest	31455
oro	31456
rov	31457
stat	31458
uche	31459
ה	31460
▁Airport	31461
▁Armstrong	31462
▁Cleveland	31463
▁DDT	31464
▁EN	31465
▁Gerard	31466
▁Gloria	31467
▁Jezebel	31468
▁Killing	31469
▁Louisiana	31470
▁Madd	31471
▁Monkey	31472
▁Popular	31473
▁Sans	31474
▁Tanzania	31475
▁advisable	31476
▁beetle	31477
▁centre	31478
▁deprive	31479
▁frail	31480
▁harness	31481
▁healthier	31482
▁hub	31483
▁info	31484
▁intrigued	31485
▁journals	31486
▁louder	31487
▁mapping	31488
▁pangs	31489
▁pinch	31490
▁psychiatric	31491
▁quicker	31492
▁registration	31493
▁renew	31494
▁signify	31495
▁strenuous	31496
▁tuck	31497
▁キレ	31498
▁グルジア	31499
▁タマ	31500
▁ナンバー	31501
▁代用	31502
▁営	31503
▁回数	31504
▁抜け出	31505
▁暑さ	31506
▁正しか	31507
▁渇	31508
▁申し立て	31509
▁破棄	31510
▁経歴	31511
▁聞かせ	31512
▁落ち着か	31513
▁裁定	31514
▁通知	31515
▁配る	31516
たいてい	31517
ぼろ	31518
久しぶり	31519
及ば	31520
同感	31521
対立	31522
溜め	31523
燃やし	31524
農家	31525
迎える	31526
鈴	31527
,36	31528
bee	31529
dex	31530
fit	31531
generation	31532
pay	31533
stream	31534
works	31535
▁Asaph	31536
▁Average	31537
▁Beneficen	31538
▁Birth	31539
▁Crete	31540
▁Millennium	31541
▁Oscar	31542
▁Pr	31543
▁Ralph	31544
▁Wat	31545
▁abdomen	31546
▁alpha	31547
▁animation	31548
▁asteroid	31549
▁brightly	31550
▁crater	31551
▁culprit	31552
▁energies	31553
▁extremity	31554
▁fearless	31555
▁fragrance	31556
▁institute	31557
▁lessen	31558
▁lid	31559
▁locusts	31560
▁loosen	31561
▁monument	31562
▁oyster	31563
▁pollute	31564
▁reared	31565
▁reprove	31566
▁roadway	31567
▁screamed	31568
▁soundness	31569
▁vapor	31570
▁あざけり	31571
▁うぬぼれ	31572
▁ためらい	31573
▁クーパー	31574
▁スキャン	31575
▁ズボン	31576
▁ゼデキヤ	31577
▁デザイナー	31578
▁フィレモン	31579
▁ブリッジ	31580
▁マイアミ	31581
▁三角形	31582
▁光る	31583
▁切ら	31584
▁士官	31585
▁差し控え	31586
▁広まる	31587
▁引きつけ	31588
▁急ぐ	31589
▁採択	31590
▁放とう	31591
▁景気	31592
▁気まぐれ	31593
▁留	31594
▁話しかける	31595
▁逃避	31596
あふれ	31597
やり遂げ	31598
ウー	31599
エフ	31600
ガイド	31601
セレ	31602
バト	31603
ホット	31604
レクター	31605
入れ替え	31606
兼ね	31607
分配	31608
吹き飛ば	31609
善意	31610
披露	31611
暴露	31612
片親	31613
研修	31614
蓄え	31615
越す	31616
連れ去	31617
Bring	31618
Or	31619
RED	31620
Short	31621
ror	31622
worthy	31623
լ	31624
▁(8	31625
▁537	31626
▁Agriculture	31627
▁Aztec	31628
▁Format	31629
▁Jin	31630
▁Lay	31631
▁Ned	31632
▁Norwegian	31633
▁Profile	31634
▁Realizing	31635
▁Reveal	31636
▁belts	31637
▁blueprint	31638
▁charitable	31639
▁cooler	31640
▁cue	31641
▁dagger	31642
▁detention	31643
▁endeavors	31644
▁evaluation	31645
▁evolutionists	31646
▁exiles	31647
▁indispensable	31648
▁informative	31649
▁latitude	31650
▁liabilities	31651
▁poetic	31652
▁prophetically	31653
▁ranges	31654
▁redemption	31655
▁soften	31656
▁spacecraft	31657
▁spe	31658
▁spinal	31659
▁stew	31660
▁tease	31661
▁threads	31662
▁uncircumcised	31663
▁verge	31664
▁vigor	31665
▁イリノイ	31666
▁クッキー	31667
▁ゴールド	31668
▁ジェフ	31669
▁ソフト	31670
▁リング	31671
▁周波	31672
▁味わえる	31673
▁回し	31674
▁妄想	31675
▁専ら	31676
▁慎み深	31677
▁手だて	31678
▁担	31679
▁断じ	31680
▁牧草	31681
▁知らん	31682
▁考え出し	31683
▁鉱	31684
〕)	31685
きび	31686
る場合	31687
コト	31688
サイコロ	31689
サマ	31690
シーズン	31691
タイル	31692
ャ	31693
ルン	31694
ワイア	31695
中傷	31696
先頭	31697
克服	31698
取り入れ	31699
受理	31700
四角	31701
宣伝	31702
広め	31703
広場	31704
往来	31705
新鮮	31706
綿	31707
銅	31708
鐘	31709
集まる	31710
Like	31711
iac	31712
third	31713
uko	31714
Í	31715
▁$100,000	31716
▁10-	31717
▁Area	31718
▁CHRISTIAN	31719
▁Craig	31720
▁Jennifer	31721
▁Lect	31722
▁Mini	31723
▁NEED	31724
▁Needs	31725
▁Playing	31726
▁Santiago	31727
▁Steel	31728
▁TE	31729
▁certificates	31730
▁choke	31731
▁covetousness	31732
▁dialogue	31733
▁disappointing	31734
▁disclose	31735
▁enlarge	31736
▁flown	31737
▁gems	31738
▁geo	31739
▁gifted	31740
▁glands	31741
▁inspect	31742
▁interactive	31743
▁psychopath	31744
▁reviewing	31745
▁rounded	31746
▁socks	31747
▁starve	31748
▁unhappiness	31749
▁おばあさん	31750
▁だらけ	31751
▁つかむ	31752
▁つくる	31753
▁づける	31754
▁なくす	31755
▁ひとりひとり	31756
▁アイコン	31757
▁クロエ	31758
▁コンゴ	31759
▁サド	31760
▁サブ	31761
▁フェア	31762
▁ユニ	31763
▁リソース	31764
▁又	31765
▁失調	31766
▁意義深い	31767
▁手掛かり	31768
▁注意深い	31769
▁論じる	31770
▁責める	31771
▁高まる	31772
わざ	31773
ケート	31774
コリンズ	31775
サンド	31776
トロール	31777
マーフィー	31778
亡く	31779
侵略	31780
撤退	31781
曇	31782
注ぎ	31783
洪水	31784
漬け	31785
狩	31786
異論	31787
発想	31788
良さ	31789
賛	31790
7.5	31791
ABLE	31792
Char	31793
HR	31794
PM	31795
Since	31796
ull	31797
▁40)	31798
▁Changed	31799
▁Pollution	31800
▁SUBJECT	31801
▁Sala	31802
▁Sandra	31803
▁Suicide	31804
▁Teachers	31805
▁affirm	31806
▁assertion	31807
▁beep	31808
▁blackout	31809
▁catalog	31810
▁chemist	31811
▁directors	31812
▁disputed	31813
▁fri	31814
▁groaning	31815
▁heeded	31816
▁indicator	31817
▁insecurity	31818
▁inspector	31819
▁instrumental	31820
▁intervals	31821
▁nurture	31822
▁onions	31823
▁recount	31824
▁satanic	31825
▁schoolteacher	31826
▁sewage	31827
▁thorn	31828
▁tolerated	31829
▁typing	31830
▁カテ	31831
▁コーラ	31832
▁制する	31833
▁尻	31834
▁島民	31835
▁持ち上げ	31836
▁採取	31837
▁撲滅	31838
▁模型	31839
▁浮き	31840
▁生き長らえ	31841
▁規整	31842
▁難題	31843
▁頭部	31844
▁飾	31845
たど	31846
アンナ	31847
イラン	31848
ネジ	31849
ブラジル	31850
ロッカー	31851
ーヌ	31852
並び	31853
些	31854
伊	31855
周波	31856
帰還	31857
殺せる	31858
温暖	31859
空き	31860
縫	31861
蘇	31862
見当	31863
,34	31864
WHO	31865
augh	31866
call	31867
may	31868
went	31869
worm	31870
▁260	31871
▁9/	31872
▁Article	31873
▁Brun	31874
▁Canal	31875
▁Cave	31876
▁Ci	31877
▁Guidance	31878
▁Hum	31879
▁Indiana	31880
▁Megiddo	31881
▁Pontius	31882
▁Replace	31883
▁benefiting	31884
▁briefcase	31885
▁busted	31886
▁convent	31887
▁cooperating	31888
▁dealers	31889
▁discerned	31890
▁efficiently	31891
▁exchanged	31892
▁expenditure	31893
▁gall	31894
▁mushroom	31895
▁neural	31896
▁nobles	31897
▁nutritious	31898
▁receptive	31899
▁shortest	31900
▁strategies	31901
▁tragedies	31902
▁wherewith	31903
▁つめ	31904
▁エリス	31905
▁コレクション	31906
▁コンスタンティヌス	31907
▁スキ	31908
▁ダグ	31909
▁バリ	31910
▁ピリピ	31911
▁フランズ	31912
▁傍ら	31913
▁兵車	31914
▁切除	31915
▁削減	31916
▁卑	31917
▁寸前	31918
▁小僧	31919
▁度々	31920
▁性欲	31921
▁慌て	31922
▁指数	31923
▁枠	31924
▁業務	31925
▁用事	31926
▁着手	31927
▁種族	31928
▁缶	31929
▁船乗り	31930
▁読み方	31931
じろ	31932
の進化	31933
ガソリン	31934
タンディ	31935
トリス	31936
ピオ	31937
リーグ	31938
付近	31939
侍	31940
凵	31941
天候	31942
敢	31943
止まる	31944
液体	31945
焦	31946
空っぽ	31947
継ぐ	31948
罪人	31949
苦悩	31950
見捨てる	31951
試みる	31952
議論を	31953
販	31954
Book	31955
kel	31956
kha	31957
vers	31958
ê	31959
▁(6	31960
▁146	31961
▁32]	31962
▁Abbott	31963
▁Band	31964
▁Blind	31965
▁Cle	31966
▁Condition	31967
▁Fl	31968
▁Holland	31969
▁Intelligence	31970
▁Liz	31971
▁Merry	31972
▁Nimrod	31973
▁Rita	31974
▁Shinto	31975
▁Theme	31976
▁astronomical	31977
▁biblical	31978
▁casino	31979
▁champagne	31980
▁compel	31981
▁demonstrations	31982
▁dimensional	31983
▁dispense	31984
▁excessively	31985
▁exerts	31986
▁genetically	31987
▁grape	31988
▁invitations	31989
▁org	31990
▁originates	31991
▁pipeline	31992
▁prophesying	31993
▁refine	31994
▁reproving	31995
▁speeding	31996
▁sulfur	31997
▁unhealthy	31998
▁urine	31999
▁waterfall	32000
▁むか	32001
▁イーサン	32002
▁ウォ	32003
▁オフ	32004
▁チンパンジー	32005
▁パネル	32006
▁ブルガリア	32007
▁ペル	32008
▁ホル	32009
▁マスターベーション	32010
▁乳房	32011
▁住ま	32012
▁分かち合う	32013
▁容赦	32014
▁旨	32015
▁書簡	32016
▁標本	32017
▁片づけ	32018
▁蜂	32019
▁逆戻り	32020
▁酵素	32021
▁階層	32022
▁馬車	32023
いろんな	32024
うるさ	32025
くず	32026
すべ	32027
の公	32028
スレッド	32029
トリウム	32030
ブロン	32031
ミナ	32032
ルーン	32033
レンダ	32034
一貫	32035
丁度	32036
乗せる	32037
名乗	32038
善良	32039
安息	32040
明るく	32041
沸	32042
箴言	32043
良心	32044
郊外	32045
American	32046
affe	32047
please	32048
rote	32049
stress	32050
troph	32051
without	32052
xy	32053
ā	32054
▁(5	32055
▁Erik	32056
▁Euphrates	32057
▁Inspector	32058
▁Kirk	32059
▁Pie	32060
▁Protector	32061
▁Sharp	32062
▁Sil	32063
▁Smoke	32064
▁Temp	32065
▁Whit	32066
▁abducted	32067
▁appreciating	32068
▁boiled	32069
▁bombard	32070
▁chimney	32071
▁compulsive	32072
▁confinement	32073
▁degradation	32074
▁economies	32075
▁emptied	32076
▁exceeded	32077
▁expanse	32078
▁fantasies	32079
▁fats	32080
▁genocide	32081
▁grams	32082
▁laud	32083
▁learner	32084
▁majesty	32085
▁ministering	32086
▁piles	32087
▁proceeding	32088
▁professors	32089
▁prom	32090
▁pruning	32091
▁shipwreck	32092
▁sundown	32093
▁testifies	32094
▁trek	32095
▁いえる	32096
▁くま	32097
▁ほほえみ	32098
▁アート	32099
▁ケツ	32100
▁コネ	32101
▁フィリップス	32102
▁ロマンチ	32103
▁傾斜	32104
▁害し	32105
▁感知	32106
▁着用	32107
ご飯	32108
しゃべる	32109
んぼ	32110
ウオ	32111
タム	32112
ビング	32113
ヨナ	32114
レンチ	32115
ロフ	32116
ワープ	32117
搬	32118
槍	32119
横たわ	32120
装備	32121
誕	32122
,000,000,000	32123
Photo	32124
ension	32125
glass	32126
isi	32127
joy	32128
ontrary	32129
owner	32130
sound	32131
▁109	32132
▁Calling	32133
▁Crusade	32134
▁Diana	32135
▁FAMILY	32136
▁PER	32137
▁Printer	32138
▁Sasha	32139
▁Scout	32140
▁Update	32141
▁adjusting	32142
▁apprentice	32143
▁auditorium	32144
▁clarity	32145
▁cognitive	32146
▁erased	32147
▁gadget	32148
▁gaps	32149
▁hindered	32150
▁iceberg	32151
▁integration	32152
▁intensified	32153
▁irrational	32154
▁lizard	32155
▁phil	32156
▁puppet	32157
▁purposeful	32158
▁salesman	32159
▁shin	32160
▁simplified	32161
▁swine	32162
▁thermal	32163
▁tiles	32164
▁zip	32165
▁いける	32166
▁なだめ	32167
▁キーボード	32168
▁スーツケース	32169
▁チャン	32170
▁ドラム	32171
▁ニューロン	32172
▁バケツ	32173
▁ロビン	32174
▁上流	32175
▁不要	32176
▁伸ばす	32177
▁原油	32178
▁厳粛	32179
▁口座	32180
▁合致	32181
▁増進	32182
▁小川	32183
▁改める	32184
▁気晴らし	32185
▁満ちあふれる	32186
▁移行	32187
▁美味し	32188
▁聖母	32189
▁鐘	32190
▁鼓動	32191
○	32192
ぶれ	32193
らしさ	32194
ショーン	32195
住まわ	32196
余分	32197
傷つ	32198
全うし	32199
姪	32200
娼婦	32201
形態	32202
放出	32203
歩き回	32204
沸騰	32205
減らし	32206
秤	32207
身分	32208
care	32209
ement	32210
oni	32211
psy	32212
rip	32213
▁23,24)	32214
▁38,	32215
▁Benny	32216
▁Expect	32217
▁Foto	32218
▁Fresh	32219
▁Funny	32220
▁Greenland	32221
▁Horn	32222
▁Maryland	32223
▁Miranda	32224
▁Ohh	32225
▁Pal	32226
▁Reggie	32227
▁SQL	32228
▁Script	32229
▁Verse	32230
▁Wave	32231
▁arrogance	32232
▁arthritis	32233
▁commendable	32234
▁correspondence	32235
▁defective	32236
▁folded	32237
▁foreshadowed	32238
▁harden	32239
▁inflict	32240
▁inhabit	32241
▁lash	32242
▁lending	32243
▁literacy	32244
▁mast	32245
▁offender	32246
▁parole	32247
▁persistence	32248
▁pigment	32249
▁poke	32250
▁poorest	32251
▁pronunciation	32252
▁prostrat	32253
▁pur	32254
▁readjust	32255
▁resumed	32256
▁solicit	32257
▁succeeding	32258
▁symposium	32259
▁turkey	32260
▁unpredictable	32261
▁whiskey	32262
▁あられ	32263
▁とりで	32264
▁のがれ	32265
▁ひっ	32266
▁もっぱら	32267
▁アレン	32268
▁キャンペーン	32269
▁クライ	32270
▁クリストファー	32271
▁ジョーダン	32272
▁チン	32273
▁フフ	32274
▁出せ	32275
▁勧告	32276
▁宴会	32277
▁強欲	32278
▁役だつ	32279
▁捕まえる	32280
▁日数	32281
▁気遣う	32282
▁海老名	32283
▁消え去	32284
▁破れ	32285
▁碑文	32286
▁自家	32287
▁苦闘	32288
▁補充	32289
▁見定める	32290
▁親しみ	32291
▁解き放	32292
▁起き上が	32293
インク	32294
サロ	32295
ステン	32296
スマ	32297
チキン	32298
デッド	32299
ナッツ	32300
バース	32301
フォーカス	32302
ホフ	32303
レオ	32304
ロジ	32305
亡くなり	32306
京	32307
働か	32308
刺し	32309
化粧	32310
叩く	32311
台所	32312
売買	32313
多少	32314
宮殿	32315
対抗	32316
幼い	32317
持ち帰り	32318
柔	32319
死ね	32320
濃度	32321
濡れ	32322
細菌	32323
聴く	32324
衆	32325
諸君	32326
達する	32327
2.0	32328
Abraham	32329
June	32330
according	32331
elicity	32332
hearing	32333
male	32334
religious	32335
▁2002,	32336
▁34,35)	32337
▁Baye	32338
▁Benefits	32339
▁Cao	32340
▁Eagle	32341
▁Fellow	32342
▁GUI	32343
▁Mouse	32344
▁Mun	32345
▁Prove	32346
▁Screw	32347
▁Shanghai	32348
▁Solutions	32349
▁Thu	32350
▁Wing	32351
▁ascension	32352
▁authoritative	32353
▁bean	32354
▁blunt	32355
▁brethren	32356
▁commonplace	32357
▁crashing	32358
▁curl	32359
▁designation	32360
▁ecosystem	32361
▁enslavement	32362
▁envious	32363
▁facilitate	32364
▁figs	32365
▁fossils	32366
▁momentous	32367
▁ominous	32368
▁ounces	32369
▁persecuting	32370
▁retaliate	32371
▁rugged	32372
▁smash	32373
▁therewith	32374
▁vividly	32375
▁はしご	32376
▁ふけ	32377
▁わら	32378
▁アルファ	32379
▁エリー	32380
▁オーバー	32381
▁ダブル	32382
▁リモート	32383
▁営業	32384
▁平方メートル	32385
▁座し	32386
▁支度	32387
▁攻囲	32388
▁本土	32389
▁炎症	32390
▁置き去	32391
▁解か	32392
▁誘導	32393
▁転じ	32394
▁釘	32395
うれし	32396
お気	32397
お聞き	32398
その他	32399
やはり	32400
ウエ	32401
エーカー	32402
キッド	32403
シアン	32404
タフ	32405
ニスト	32406
ベルク	32407
ラフ	32408
リスクを	32409
ルバ	32410
レータ	32411
ーチャー	32412
下がる	32413
亡	32414
何百	32415
取り戻せ	32416
悟る	32417
指標	32418
探査	32419
景色	32420
極端	32421
溶岩	32422
独身	32423
締	32424
説教	32425
遣	32426
AG	32427
February	32428
Listen	32429
Near	32430
cloth	32431
contin	32432
ct	32433
icious	32434
mental	32435
nti	32436
taking	32437
▁30,31	32438
▁Arrow	32439
▁Deborah	32440
▁Direct	32441
▁Friendship	32442
▁Geo	32443
▁Math	32444
▁Prayers	32445
▁Recogniz	32446
▁Talmud	32447
▁Terrace	32448
▁Tour	32449
▁Workers	32450
▁activist	32451
▁annihilation	32452
▁appointments	32453
▁clash	32454
▁compulsory	32455
▁cortex	32456
▁feat	32457
▁foe	32458
▁fountains	32459
▁identifier	32460
▁moist	32461
▁presentations	32462
▁pseudo	32463
▁punishing	32464
▁ranking	32465
▁severed	32466
▁tilt	32467
▁tokens	32468
▁transit	32469
▁watchman	32470
▁waving	32471
▁yearning	32472
▁いかん	32473
▁したため	32474
▁たまり	32475
▁グリッ	32476
▁シート	32477
▁ジャイ	32478
▁スリランカ	32479
▁ダイ	32480
▁ドナルド	32481
▁ハリウッド	32482
▁フィン	32483
▁ムー	32484
▁傾	32485
▁切り抜け	32486
▁彫像	32487
▁思い巡らす	32488
▁正邪	32489
▁歩行	32490
▁浮気	32491
▁滴	32492
▁無理やり	32493
▁窒息	32494
▁等しく	32495
▁道のり	32496
インター	32497
ウォル	32498
ゲス	32499
タイヤ	32500
ナダ	32501
フィードバック	32502
フェア	32503
ミット	32504
事例	32505
先だ	32506
切符	32507
夫妻	32508
好ま	32509
慕	32510
本来	32511
比率	32512
畳	32513
祈れ	32514
触ら	32515
調和	32516
January	32517
att	32518
hog	32519
lov	32520
osphere	32521
▁Austrian	32522
▁Community	32523
▁Driver	32524
▁Fifteen	32525
▁Fur	32526
▁Goal	32527
▁Hubble	32528
▁Lizz	32529
▁MR	32530
▁Mae	32531
▁Obey	32532
▁Sto	32533
▁Tsu	32534
▁absorbing	32535
▁aims	32536
▁archbishop	32537
▁aspirin	32538
▁astonished	32539
▁blaze	32540
▁characterize	32541
▁contractor	32542
▁deceit	32543
▁digestive	32544
▁disrespectful	32545
▁frost	32546
▁grenade	32547
▁incur	32548
▁momentum	32549
▁pregnancies	32550
▁rib	32551
▁scorn	32552
▁severity	32553
▁sobering	32554
▁sociologist	32555
▁timid	32556
▁transmitter	32557
▁wrestling	32558
▁かすか	32559
▁こぼ	32560
▁イアン	32561
▁グリム	32562
▁サラダ	32563
▁ジャクソン	32564
▁テリー	32565
▁ハリソン	32566
▁フランシスコ	32567
▁凍結	32568
▁分け合う	32569
▁同居	32570
▁徴	32571
▁昇天	32572
▁暑	32573
▁欧	32574
▁比率	32575
▁疎外	32576
▁航路	32577
▁要塞	32578
▁負ける	32579
▁買える	32580
▁踏む	32581
▁鑑	32582
▁降る	32583
▁限度	32584
▁陶	32585
さらなる	32586
どうにか	32587
れず	32588
ウイン	32589
ウロ	32590
シャット	32591
ジャス	32592
スポンサ	32593
パンツ	32594
パートタイム	32595
フェリ	32596
ボランティア	32597
メソッド	32598
刺す	32599
堅く	32600
徐	32601
成年	32602
手短	32603
掲げ	32604
歪	32605
短く	32606
経歴	32607
聴衆	32608
蓄積	32609
通路	32610
隻	32611
,44	32612
MON	32613
Watch	32614
cross	32615
gl	32616
ready	32617
string	32618
բ	32619
▁210	32620
▁Gardner	32621
▁Kindness	32622
▁Lion	32623
▁Mai	32624
▁Persecution	32625
▁Position	32626
▁Tur	32627
▁accusing	32628
▁barracks	32629
▁chorus	32630
▁claws	32631
▁corpses	32632
▁educators	32633
▁flick	32634
▁gloomy	32635
▁jo	32636
▁mil	32637
▁mirrors	32638
▁outdoors	32639
▁outlet	32640
▁persuasion	32641
▁psychologists	32642
▁q	32643
▁sch	32644
▁searches	32645
▁slap	32646
▁swelling	32647
▁tossed	32648
▁tracker	32649
▁trembling	32650
▁yoked	32651
▁かき立て	32652
▁さまよ	32653
▁しゃ	32654
▁ねっ	32655
▁むしば	32656
▁ウィーン	32657
▁カンボジア	32658
▁ナタリー	32659
▁リス	32660
▁ルーカス	32661
▁出入り	32662
▁取り去る	32663
▁台無し	32664
▁奥深い	32665
▁引っ張	32666
▁恩	32667
▁拡	32668
▁有り	32669
▁末期	32670
▁果たせる	32671
▁気付く	32672
▁率いる	32673
▁置き換え	32674
▁聞き入れ	32675
▁肢	32676
▁解く	32677
▁言い聞かせ	32678
▁高層	32679
くださる	32680
イズ	32681
ステーション	32682
ストロー	32683
ダマ	32684
ネクタイ	32685
リッヒ	32686
ロケット	32687
一家	32688
一層	32689
困らせ	32690
委ね	32691
恐竜	32692
成り	32693
有用	32694
火星	32695
薬品	32696
賭ける	32697
TURE	32698
inated	32699
ings	32700
ively	32701
lord	32702
nail	32703
nor	32704
normal	32705
rai	32706
▁12,000	32707
▁75%	32708
▁Bow	32709
▁Caesarea	32710
▁Hidden	32711
▁Keith	32712
▁Leah	32713
▁Mic	32714
▁Output	32715
▁Proclaimers	32716
▁Ship	32717
▁Terri	32718
▁Village	32719
▁adequately	32720
▁apt	32721
▁astounding	32722
▁bicycles	32723
▁biologists	32724
▁chap	32725
▁confiscated	32726
▁contagious	32727
▁defenses	32728
▁desist	32729
▁dime	32730
▁discard	32731
▁discharged	32732
▁eradicate	32733
▁explorer	32734
▁gravitational	32735
▁implemented	32736
▁inquired	32737
▁packages	32738
▁preoccupied	32739
▁psych	32740
▁rubbish	32741
▁sidewalk	32742
▁stakes	32743
▁unthinkable	32744
▁お帰り	32745
▁へり	32746
▁エリフ	32747
▁スマート	32748
▁パト	32749
▁外人	32750
▁明敏	32751
▁病状	32752
▁盾	32753
▁落とし穴	32754
▁通い	32755
▁鉢	32756
▁鷲	32757
ちゅう	32758
アボット	32759
コソ	32760
ダブル	32761
デカ	32762
ニックス	32763
フォーク	32764
プラットフォーム	32765
メット	32766
俳優	32767
性能	32768
正気	32769
無敵	32770
眠る	32771
稀	32772
純潔	32773
貞節	32774
911	32775
happie	32776
inch	32777
seek	32778
weight	32779
▁$6	32780
▁Ali	32781
▁COR	32782
▁DPI	32783
▁Danger	32784
▁Fan	32785
▁Lena	32786
▁Malaysia	32787
▁Management	32788
▁Quant	32789
▁Tea	32790
▁Violent	32791
▁Ways	32792
▁beads	32793
▁bowed	32794
▁breathed	32795
▁brutality	32796
▁campaigns	32797
▁chieftain	32798
▁denounced	32799
▁digit	32800
▁dil	32801
▁disapproval	32802
▁foes	32803
▁giraffe	32804
▁incest	32805
▁molded	32806
▁newer	32807
▁papyrus	32808
▁persecutors	32809
▁pilgrims	32810
▁recession	32811
▁recognise	32812
▁shades	32813
▁slit	32814
▁supplying	32815
▁terminate	32816
▁therefrom	32817
▁walkers	32818
▁whereabouts	32819
▁widen	32820
▁あざける	32821
▁アビー	32822
▁ソフィ	32823
▁テイラー	32824
▁メーカー	32825
▁リズ	32826
▁下る	32827
▁付き合う	32828
▁伝わる	32829
▁噛	32830
▁壊し	32831
▁後方	32832
▁深まる	32833
▁演技	32834
▁確	32835
▁系図	32836
▁良さ	32837
▁逆転	32838
▁録	32839
り出	32840
り直す	32841
ウォーター	32842
コーナー	32843
シリーズ	32844
ッチー	32845
ラウ	32846
乗っ	32847
価値観	32848
倫理	32849
忌	32850
控えめ	32851
気付く	32852
脂肪	32853
読者	32854
赴	32855
跳ね	32856
転が	32857
適当	32858
骸	32859
Son	32860
mile	32861
teen	32862
uli	32863
▁1924	32864
▁Anger	32865
▁Donnie	32866
▁Fighting	32867
▁Multi	32868
▁Task	32869
▁Vic	32870
▁accomplice	32871
▁ambassador	32872
▁batch	32873
▁bites	32874
▁blankets	32875
▁caterpillar	32876
▁chu	32877
▁clot	32878
▁conscientiously	32879
▁denies	32880
▁disguise	32881
▁divisive	32882
▁framed	32883
▁intruder	32884
▁nutritional	32885
▁panda	32886
▁randomly	32887
▁reassure	32888
▁replicate	32889
▁sac	32890
▁sanitation	32891
▁sk	32892
▁struggles	32893
▁stuffed	32894
▁tolerant	32895
▁かん難	32896
▁はずれ	32897
▁セバスチャ	32898
▁プラハ	32899
▁マルクス	32900
▁マンガ	32901
▁モノ	32902
▁モントリオール	32903
▁ラウ	32904
▁ランス	32905
▁中年	32906
▁善人	32907
▁固執	32908
▁打ちのめ	32909
▁本位	32910
▁棟	32911
▁研	32912
▁硬	32913
▁磁石	32914
▁納め	32915
▁耐性	32916
▁解剖	32917
▁躍	32918
▁陽気	32919
▁震	32920
いわゆる	32921
おば	32922
アーティス	32923
エスト	32924
サイク	32925
ッケー	32926
ベール	32927
ラッキー	32928
ラッパ	32929
リュック	32930
作者	32931
働け	32932
出動	32933
効く	32934
営業	32935
噛み	32936
変人	32937
平凡	32938
戸外	32939
摂取	32940
謝る	32941
賀	32942
購	32943
鋭	32944
飛び込	32945
July	32946
LING	32947
eko	32948
ien	32949
lander	32950
mother	32951
odle	32952
parent	32953
plane	32954
wear	32955
▁31,32	32956
▁4.2	32957
▁Af	32958
▁Archbishop	32959
▁Carr	32960
▁Dallas	32961
▁Effects	32962
▁Luis	32963
▁Marvel	32964
▁Miles	32965
▁Nabal	32966
▁Pharisee	32967
▁Portland	32968
▁Poverty	32969
▁Reserve	32970
▁Wy	32971
▁accidental	32972
▁apologies	32973
▁astronomer	32974
▁crusade	32975
▁debugging	32976
▁defended	32977
▁deficiency	32978
▁dice	32979
▁diplomatic	32980
▁displeasing	32981
▁doctrinal	32982
▁elusive	32983
▁erroneous	32984
▁esteemed	32985
▁glean	32986
▁glowing	32987
▁honeymoon	32988
▁housework	32989
▁loaves	32990
▁mechanics	32991
▁plotted	32992
▁premises	32993
▁ri	32994
▁robbing	32995
▁slowing	32996
▁spiritistic	32997
▁textbooks	32998
▁つくり	32999
▁アタ	33000
▁イェー	33001
▁イエ	33002
▁ゴグ	33003
▁バレエ	33004
▁フェリシ	33005
▁フォード	33006
▁ヨハネス	33007
▁傑作	33008
▁党員	33009
▁割れ	33010
▁告げ知らせる	33011
▁学説	33012
▁技	33013
▁氷山	33014
▁潤	33015
▁登る	33016
▁縮小	33017
▁遅れる	33018
▁隔て	33019
▁鹿	33020
おしまい	33021
じみ	33022
の問題に	33023
カロライナ	33024
チャネル	33025
チョコレート	33026
テント	33027
ベータ	33028
マザー	33029
ユニ	33030
ーナツ	33031
丸め	33032
代わ	33033
伺	33034
凝	33035
勝負	33036
吠	33037
戻れる	33038
明示	33039
甲板	33040
秘書	33041
議長	33042
More	33043
minute	33044
patri	33045
river	33046
uda	33047
watch	33048
▁1936	33049
▁Discover	33050
▁Earthquake	33051
▁Evelyn	33052
▁Fel	33053
▁Hearer	33054
▁Peer	33055
▁Philemon	33056
▁Pictorial	33057
▁Raymond	33058
▁Resist	33059
▁Undoubtedly	33060
▁Wear	33061
▁apathy	33062
▁brink	33063
▁embracing	33064
▁erupted	33065
▁fabulous	33066
▁fisherman	33067
▁fusion	33068
▁genital	33069
▁longtime	33070
▁lt	33071
▁migrate	33072
▁objected	33073
▁objections	33074
▁obsolete	33075
▁oranges	33076
▁outsiders	33077
▁parables	33078
▁passions	33079
▁pools	33080
▁revert	33081
▁sensed	33082
▁カルバン	33083
▁グラント	33084
▁サンドラ	33085
▁スリル	33086
▁ニキータ	33087
▁ハト	33088
▁ベール	33089
▁一心	33090
▁不妊	33091
▁冷え	33092
▁北方	33093
▁吐き気	33094
▁水泳	33095
▁決まる	33096
▁沈む	33097
▁消える	33098
▁質量	33099
▁踏みにじ	33100
▁辱め	33101
▁農園	33102
エピソード	33103
ギャップ	33104
ゴス	33105
サイエンス	33106
ジェネ	33107
ジュー	33108
ソリ	33109
ディナー	33110
デュー	33111
ロア	33112
ロゴ	33113
ワイヤー	33114
卑	33115
取り付け	33116
咳	33117
喪失	33118
戦場	33119
抗議	33120
損害	33121
水平	33122
煮	33123
申し訳ない	33124
発揮	33125
糾弾	33126
耐	33127
賢	33128
逃げろ	33129
2'	33130
Region	33131
cour	33132
eek	33133
eez	33134
gli	33135
living	33136
offrey	33137
rina	33138
uka	33139
▁$8	33140
▁AB	33141
▁Avery	33142
▁Damascus	33143
▁Edition	33144
▁Gestapo	33145
▁Hawk	33146
▁Hon	33147
▁Hungarian	33148
▁Levite	33149
▁Megan	33150
▁Nowhere	33151
▁Quality	33152
▁Robin	33153
▁Simeon	33154
▁Sl	33155
▁Tin	33156
▁YEAR	33157
▁advertised	33158
▁algae	33159
▁aroma	33160
▁astronomy	33161
▁chastity	33162
▁congratulations	33163
▁crews	33164
▁drying	33165
▁earns	33166
▁evacuation	33167
▁factions	33168
▁gratification	33169
▁handwriting	33170
▁invaders	33171
▁logging	33172
▁mercury	33173
▁murderous	33174
▁museums	33175
▁phoned	33176
▁progressing	33177
▁reefs	33178
▁roller	33179
▁rug	33180
▁secrecy	33181
▁stationed	33182
▁swollen	33183
▁tailor	33184
▁targeted	33185
▁traded	33186
▁おいし	33187
▁ミミズ	33188
▁モリア	33189
▁リアル	33190
▁ループ	33191
▁上訴	33192
▁作法	33193
▁入り口	33194
▁勘定	33195
▁北海	33196
▁役だ	33197
▁答え応じ	33198
▁背負	33199
▁蓄	33200
▁虹	33201
▁裏切る	33202
▁解け	33203
▁貧血	33204
▁醜い	33205
▁重傷	33206
もち	33207
アホ	33208
クズ	33209
ジュア	33210
スキップ	33211
セク	33212
ッション	33213
ツォ	33214
デント	33215
ユダ	33216
ライス	33217
下着	33218
不吉	33219
不在	33220
化石	33221
因子	33222
失業	33223
捜す	33224
損う	33225
晴	33226
生き残る	33227
膨大	33228
見積も	33229
返さ	33230
遥	33231
除外	33232
頸	33233
駒	33234
;}	33235
Narrat	33236
Whoever	33237
bat	33238
genic	33239
ocument	33240
ordina	33241
tense	33242
thus	33243
uki	33244
ulder	33245
▁1200	33246
▁3,7	33247
▁47)	33248
▁720	33249
▁Angola	33250
▁Balance	33251
▁Contrast	33252
▁Gaussian	33253
▁Gracious	33254
▁Hop	33255
▁Loss	33256
▁Nairobi	33257
▁Nero	33258
▁Positive	33259
▁SH	33260
▁Solution	33261
▁Southeast	33262
▁Tina	33263
▁Twice	33264
▁adolescence	33265
▁bomber	33266
▁burdensome	33267
▁carriage	33268
▁cellular	33269
▁communist	33270
▁distrust	33271
▁documentation	33272
▁exhorts	33273
▁humanitarian	33274
▁industrious	33275
▁invariably	33276
▁keeper	33277
▁marvels	33278
▁miners	33279
▁nectar	33280
▁ope	33281
▁pestilences	33282
▁plunder	33283
▁prolong	33284
▁revision	33285
▁ridiculed	33286
▁seekers	33287
▁startled	33288
▁subordinate	33289
▁trafficking	33290
▁villain	33291
▁おまけ	33292
▁お守り	33293
▁きず	33294
▁じゅうたん	33295
▁つぎ込	33296
▁イースト	33297
▁シェリー	33298
▁スージ	33299
▁トロ	33300
▁ドロシ	33301
▁メソポタミア	33302
▁与え主	33303
▁丸太	33304
▁内外	33305
▁喚	33306
▁延ばす	33307
▁思い込	33308
▁打ちたた	33309
▁毒物	33310
▁滑り	33311
▁碑	33312
▁称する	33313
▁農地	33314
▁関連づけ	33315
まけ	33316
よこし	33317
クチャ	33318
ザメ	33319
スペクトル	33320
ッシング	33321
ッシー	33322
ナム	33323
ニール	33324
ネン	33325
ベック	33326
モーセ	33327
呪文	33328
味わう	33329
咲か	33330
潤	33331
絡み	33332
耽	33333
西洋	33334
追い払	33335
,33	33336
360	33337
EACH	33338
Welcome	33339
bout	33340
enberg	33341
irst	33342
number	33343
raci	33344
ype	33345
▁Bailey	33346
▁Basic	33347
▁Diamond	33348
▁Fix	33349
▁Gad	33350
▁Happen	33351
▁Jamaica	33352
▁Joey	33353
▁Kurt	33354
▁Pont	33355
▁SE	33356
▁Tat	33357
▁Theodore	33358
▁Traveling	33359
▁Yoshi	33360
▁agreeable	33361
▁alms	33362
▁approves	33363
▁banner	33364
▁coincide	33365
▁cometh	33366
▁diner	33367
▁disillusioned	33368
▁eu	33369
▁eunuch	33370
▁gallery	33371
▁humidity	33372
▁intends	33373
▁medications	33374
▁mythology	33375
▁pollutants	33376
▁probable	33377
▁relapse	33378
▁structural	33379
▁stunned	33380
▁sung	33381
▁superhero	33382
▁uneasy	33383
▁upheld	33384
▁くら	33385
▁さび	33386
▁ぶ	33387
▁アブサロム	33388
▁アルバニア	33389
▁カバー	33390
▁キツネ	33391
▁シンポジウム	33392
▁ジュン	33393
▁スピーカー	33394
▁ディオ	33395
▁デトロイト	33396
▁ドミニカ	33397
▁ヒョウ	33398
▁ヴィン	33399
▁万引き	33400
▁冒し	33401
▁定住	33402
▁差し出す	33403
▁戸惑	33404
▁房	33405
▁拾	33406
▁日焼け	33407
▁治す	33408
▁犯行	33409
▁生地	33410
▁社員	33411
▁開設	33412
▁闘わ	33413
き方	33414
たわごと	33415
つくり	33416
キラ	33417
ヅ	33418
テュ	33419
トレード	33420
ナップ	33421
フィット	33422
フェース	33423
ポス	33424
ラブ	33425
争う	33426
原則	33427
埋葬	33428
忌み嫌	33429
振る舞い	33430
演技	33431
琴	33432
生む	33433
直観	33434
素早く	33435
終止符	33436
製薬	33437
詫び	33438
負荷	33439
重み	33440
順位	33441
麦	33442
CRE	33443
Tell	33444
Wait	33445
agged	33446
alk	33447
amo	33448
including	33449
ncluding	33450
why	33451
▁1,8	33452
▁Cancel	33453
▁Criminal	33454
▁Elaine	33455
▁Examples	33456
▁Lind	33457
▁Magic	33458
▁Missing	33459
▁Pad	33460
▁Provider	33461
▁Treatment	33462
▁annoyed	33463
▁ascertain	33464
▁baggage	33465
▁bitten	33466
▁blindly	33467
▁cau	33468
▁cholera	33469
▁clam	33470
▁commentary	33471
▁foam	33472
▁frustrations	33473
▁gush	33474
▁hopeful	33475
▁lookout	33476
▁malfunction	33477
▁optical	33478
▁paw	33479
▁pigeons	33480
▁pointless	33481
▁prudent	33482
▁runway	33483
▁scout	33484
▁sermons	33485
▁soaked	33486
▁speculate	33487
▁superstitions	33488
▁surveys	33489
▁sympathize	33490
▁tyrant	33491
▁validity	33492
▁waver	33493
▁willfully	33494
▁おぼえ	33495
▁すぐさま	33496
▁やっぱ	33497
▁キリン	33498
▁クレタ	33499
▁シンボル	33500
▁スピ	33501
▁タオル	33502
▁チャド	33503
▁ニムロデ	33504
▁ペク	33505
▁ミラン	33506
▁ミルトン	33507
▁ランチ	33508
▁代金	33509
▁傷口	33510
▁出会う	33511
▁別れる	33512
▁欠乏	33513
▁注入	33514
▁洞くつ	33515
▁痕跡	33516
▁着せ	33517
▁言葉遣い	33518
▁語彙	33519
ろく	33520
アンド	33521
クイン	33522
シャル	33523
リジー	33524
リモ	33525
ロビン	33526
ロング	33527
分かれ	33528
南部	33529
去れ	33530
囁	33531
埋める	33532
宜し	33533
建てる	33534
悔やみ	33535
援を	33536
燃え盛	33537
道のり	33538
1954	33539
AIN	33540
Prophet	33541
RON	33542
bury	33543
dest	33544
lap	33545
omic	33546
rano	33547
these	33548
yr	33549
ín	33550
▁18,19)	33551
▁550	33552
▁Fiji	33553
▁Liberia	33554
▁Mia	33555
▁Observ	33556
▁Orange	33557
▁Sali	33558
▁Sennacherib	33559
▁TODAY	33560
▁admonishes	33561
▁beatings	33562
▁blazing	33563
▁boredom	33564
▁brighter	33565
▁childish	33566
▁cradle	33567
▁dared	33568
▁definitions	33569
▁degraded	33570
▁descriptions	33571
▁dolls	33572
▁explorers	33573
▁feather	33574
▁formally	33575
▁grandma	33576
▁impelled	33577
▁jeans	33578
▁lea	33579
▁lodge	33580
▁manna	33581
▁perpetual	33582
▁plaque	33583
▁rated	33584
▁realistically	33585
▁sar	33586
▁stitch	33587
▁telescopes	33588
▁thigh	33589
▁torch	33590
▁twig	33591
▁utensils	33592
▁viable	33593
▁はじめる	33594
▁アトランタ	33595
▁トーク	33596
▁ノル	33597
▁ホロ	33598
▁上方	33599
▁不可解	33600
▁八つ	33601
▁分け与える	33602
▁区分	33603
▁回路	33604
▁媒	33605
▁工程	33606
▁愛し合	33607
▁方角	33608
▁熱中	33609
▁粒	33610
▁補う	33611
▁言い争い	33612
▁近郊	33613
▁重度	33614
ご用	33615
ぶどう	33616
インフラ	33617
オーケ	33618
コック	33619
スロット	33620
ナシ	33621
フェラ	33622
ブドウ	33623
モナ	33624
レナ	33625
呪	33626
循環	33627
成立	33628
照明	33629
罪悪	33630
置き去	33631
腐敗	33632
退治	33633
除去	33634
風景	33635
鳴らす	33636
4)	33637
Day	33638
Enter	33639
Pay	33640
VS	33641
ambi	33642
effect	33643
franc	33644
home	33645
mitt	33646
oids	33647
should	33648
ugu	33649
while	33650
zza	33651
и	33652
о	33653
▁$500	33654
▁(%1)	33655
▁1910	33656
▁Buddhists	33657
▁Heard	33658
▁Liv	33659
▁Randy	33660
▁Sk	33661
▁Yellow	33662
▁brass	33663
▁broker	33664
▁cartel	33665
▁cellar	33666
▁cords	33667
▁disclosed	33668
▁exempt	33669
▁hesitation	33670
▁hike	33671
▁hurl	33672
▁incorporated	33673
▁injure	33674
▁instructors	33675
▁inventions	33676
▁packet	33677
▁rapist	33678
▁rehearsal	33679
▁retail	33680
▁sentiment	33681
▁spoiled	33682
▁troublesome	33683
▁わい	33684
▁アイスランド	33685
▁アント	33686
▁クイズ	33687
▁ゴキブリ	33688
▁シュー	33689
▁トランプ	33690
▁ニコラス	33691
▁ホームレス	33692
▁ロイド	33693
▁味わえ	33694
▁唱	33695
▁強奪	33696
▁忘れ去	33697
▁扶養	33698
▁振るう	33699
▁星座	33700
▁活字	33701
▁詰め込	33702
▁銃弾	33703
おや	33704
お手伝い	33705
したがって	33706
しりごみ	33707
とらえ	33708
べきである	33709
キット	33710
クルーズ	33711
コネ	33712
コリ	33713
スン	33714
ダークマター	33715
ドライバー	33716
パンチ	33717
ヒスト	33718
ベリ	33719
ボア	33720
ワール	33721
協会	33722
壮	33723
投入	33724
敷き	33725
書き留め	33726
有し	33727
泣か	33728
洞察	33729
盾	33730
眼鏡	33731
神秘	33732
突っ込	33733
苦しむ	33734
近づけ	33735
隔離	33736
Ki	33737
March	33738
OUT	33739
clusion	33740
ometer	33741
pie	33742
rang	33743
talk	33744
ucker	33745
uter	33746
▁(199	33747
▁Andes	33748
▁Babies	33749
▁Chester	33750
▁Clay	33751
▁Federation	33752
▁GOOD	33753
▁Imitate	33754
▁Judith	33755
▁Krypton	33756
▁Lori	33757
▁Maurice	33758
▁Nepal	33759
▁Nurse	33760
▁Petersburg	33761
▁Pho	33762
▁Saying	33763
▁Spec	33764
▁Tetragrammaton	33765
▁Winn	33766
▁adjacent	33767
▁adopting	33768
▁agonizing	33769
▁attracts	33770
▁cobra	33771
▁collaboration	33772
▁constitutional	33773
▁electronics	33774
▁entail	33775
▁exhaust	33776
▁fervent	33777
▁geometry	33778
▁hull	33779
▁investigator	33780
▁jewels	33781
▁manipulation	33782
▁mattress	33783
▁meadow	33784
▁molten	33785
▁perverted	33786
▁portal	33787
▁pub	33788
▁quarantine	33789
▁shutting	33790
▁spectators	33791
▁squid	33792
▁streak	33793
▁terrace	33794
▁unfavorable	33795
▁wary	33796
▁やさしい	33797
▁よみがえらせる	33798
▁ウエスト	33799
▁ゴリアテ	33800
▁ジェレミー	33801
▁テディ	33802
▁バッ	33803
▁パーカ	33804
▁プレーヤ	33805
▁ローレンス	33806
▁倒錯	33807
▁問う	33808
▁対決	33809
▁屋内	33810
▁平野	33811
▁年数	33812
▁従者	33813
▁恥じ	33814
▁戻し	33815
▁探し求める	33816
▁福	33817
▁総長	33818
▁送り込	33819
つぎ	33820
つぶし	33821
ぱん	33822
ふさ	33823
ぼっち	33824
もど	33825
アーカイ	33826
ケラ	33827
ソファ	33828
ソール	33829
チャンピオン	33830
ペテロ	33831
ロバート	33832
不貞	33833
乞い	33834
干渉	33835
広大	33836
恥ずかし	33837
惧	33838
持ち出	33839
攻め	33840
用いる	33841
結びつ	33842
覚える	33843
誘い	33844
領主	33845
,46	33846
EC	33847
SM	33848
chen	33849
deep	33850
eller	33851
enne	33852
ety	33853
gling	33854
greg	33855
lob	33856
upon	33857
ypt	33858
▁Baltimore	33859
▁Barak	33860
▁Brandon	33861
▁Cities	33862
▁Compared	33863
▁Douglas	33864
▁Dub	33865
▁Kor	33866
▁PS	33867
▁Samantha	33868
▁Vulcan	33869
▁apologized	33870
▁beacon	33871
▁blocking	33872
▁buyers	33873
▁denotes	33874
▁economists	33875
▁eyeball	33876
▁forbids	33877
▁graceful	33878
▁gunshot	33879
▁irrigation	33880
▁marching	33881
▁martial	33882
▁mommy	33883
▁pharmaceutical	33884
▁postpone	33885
▁praiseworthy	33886
▁pretended	33887
▁purchasing	33888
▁regained	33889
▁soothing	33890
▁targeting	33891
▁terminated	33892
▁tumors	33893
▁voting	33894
▁wired	33895
▁じきに	33896
▁まひ	33897
▁エイブ	33898
▁サイバー	33899
▁ニワトリ	33900
▁ノード	33901
▁ヒット	33902
▁亜麻	33903
▁冒す	33904
▁吸い込	33905
▁培え	33906
▁後ろ盾	33907
▁捜す	33908
▁気球	33909
▁物語る	33910
▁結晶	33911
▁肝	33912
▁親権	33913
▁週間	33914
▁野蛮	33915
うぞ	33916
ゆき	33917
んでもない	33918
イルカ	33919
コミ	33920
トコ	33921
ネラ	33922
ハッカ	33923
バエ	33924
パーツ	33925
ローブ	33926
不定	33927
傾ける	33928
再度	33929
励	33930
売人	33931
方式	33932
虎	33933
血縁	33934
鉛	33935
雰囲気	33936
類似	33937
PB	33938
PE	33939
RIA	33940
TRA	33941
bach	33942
bies	33943
div	33944
half	33945
iva	33946
lung	33947
older	33948
profit	33949
suit	33950
uku	33951
ylon	33952
▁0.2	33953
▁Apollos	33954
▁Bangladesh	33955
▁Bart	33956
▁Caroline	33957
▁Codex	33958
▁Eating	33959
▁Gale	33960
▁PSALM	33961
▁Patient	33962
▁Reflecting	33963
▁Shot	33964
▁Term	33965
▁[6	33966
▁beetles	33967
▁behavioral	33968
▁blonde	33969
▁civilized	33970
▁crises	33971
▁crow	33972
▁desperation	33973
▁duct	33974
▁imagining	33975
▁implicit	33976
▁lenses	33977
▁morgue	33978
▁narc	33979
▁optimal	33980
▁overjoyed	33981
▁perseverance	33982
▁pirate	33983
▁provinces	33984
▁puberty	33985
▁rag	33986
▁rating	33987
▁reconsider	33988
▁remedies	33989
▁similarity	33990
▁slot	33991
▁smallpox	33992
▁syntax	33993
▁troubling	33994
▁wishing	33995
▁ふさ	33996
▁カラス	33997
▁ケア	33998
▁コブラ	33999
▁コーン	34000
▁ソウル	34001
▁テトラグラマトン	34002
▁トリビューン	34003
▁ハウス	34004
▁フリン	34005
▁接種	34006
▁日課	34007
▁発せ	34008
▁真相	34009
▁破片	34010
▁移り住	34011
▁空軍	34012
▁素直	34013
▁膨ら	34014
▁自治	34015
▁見つめる	34016
▁見倣い	34017
▁言わば	34018
▁証券	34019
▁越える	34020
▁追いつ	34021
▁長所	34022
▁革	34023
▁首長	34024
こち	34025
っぴ	34026
を尊重	34027
アレックス	34028
ウンマ	34029
ゲット	34030
ゴルフ	34031
シェー	34032
シャープ	34033
シータ	34034
ヤム	34035
リンダ	34036
人格	34037
喜ば	34038
多すぎる	34039
平ら	34040
怒らせ	34041
恨み	34042
悪人	34043
成分	34044
担保	34045
狩猟	34046
砦	34047
究	34048
腱	34049
花嫁	34050
薬物	34051
賭け事	34052
追いつ	34053
連れ出し	34054
錯	34055
閲	34056
闘い	34057
除く	34058
驚か	34059
高額	34060
,40	34061
;/	34062
August	34063
OB	34064
bridge	34065
buck	34066
death	34067
lif	34068
uga	34069
л	34070
▁Ambassador	34071
▁Artist	34072
▁Economist	34073
▁Extra	34074
▁Finnish	34075
▁Firm	34076
▁GA	34077
▁Gaius	34078
▁Juliet	34079
▁Kansas	34080
▁Pedro	34081
▁Poll	34082
▁Preach	34083
▁Silence	34084
▁Spend	34085
▁Sustain	34086
▁antidote	34087
▁bubbles	34088
▁conclusive	34089
▁converge	34090
▁devot	34091
▁drifting	34092
▁drones	34093
▁flank	34094
▁hunch	34095
▁idiots	34096
▁meteor	34097
▁outburst	34098
▁pitched	34099
▁projected	34100
▁queue	34101
▁risking	34102
▁rods	34103
▁similarities	34104
▁skiing	34105
▁storehouse	34106
▁strips	34107
▁valve	34108
▁ならせる	34109
▁はかり	34110
▁アンモン	34111
▁オンタリオ	34112
▁クラウス	34113
▁タコ	34114
▁ダイヤ	34115
▁バッジ	34116
▁ヤハ	34117
▁協	34118
▁善行	34119
▁捕囚	34120
▁樹皮	34121
▁溶	34122
▁申し込み	34123
▁白髪	34124
▁薪	34125
▁裏づける	34126
▁親し	34127
▁送れる	34128
▁飲ませ	34129
▁騒が	34130
きゃ	34131
しゅう	34132
ちっとも	34133
でたらめ	34134
ふざけ	34135
ゆう	34136
カッ	34137
クレーン	34138
チェル	34139
ッティング	34140
トリア	34141
レイアウト	34142
レッジ	34143
大抵	34144
容器	34145
尖	34146
手本	34147
振舞	34148
檻	34149
移民	34150
羨	34151
習得	34152
胃	34153
薄い	34154
隊長	34155
鯨	34156
FI	34157
LED	34158
ality	34159
bow	34160
ddler	34161
ener	34162
location	34163
minded	34164
nard	34165
oud	34166
stage	34167
Ä	34168
ø	34169
▁21,22)	34170
▁Admiral	34171
▁Chemical	34172
▁Chu	34173
▁Cloud	34174
▁Flying	34175
▁Juli	34176
▁RIGHT	34177
▁Rabbi	34178
▁Ski	34179
▁Tax	34180
▁Toggle	34181
▁Vers	34182
▁[50	34183
▁agreements	34184
▁collections	34185
▁crumble	34186
▁deterioration	34187
▁dresses	34188
▁entrepreneur	34189
▁fearlessly	34190
▁flea	34191
▁infiltrate	34192
▁kneel	34193
▁manufactured	34194
▁operational	34195
▁overload	34196
▁oversee	34197
▁reforms	34198
▁runaway	34199
▁stabilize	34200
▁successors	34201
▁trunks	34202
▁turbulent	34203
▁wavelength	34204
▁お姉	34205
▁しんぼう	34206
▁つけ加え	34207
▁つなぎ	34208
▁なじみ	34209
▁アルプス	34210
▁エリオ	34211
▁クラーク	34212
▁コナー	34213
▁ショッピング	34214
▁ダーク	34215
▁偉い	34216
▁偽物	34217
▁励む	34218
▁呈し	34219
▁固ま	34220
▁屈する	34221
▁怠慢	34222
▁戻さ	34223
▁映る	34224
▁演劇	34225
▁被り	34226
▁隣人愛	34227
▁集まり合う	34228
たず	34229
つらい	34230
につながる	34231
ウルフ	34232
ナチ	34233
ハンク	34234
プラスチック	34235
ペラ	34236
メタ	34237
判事	34238
国王	34239
幻	34240
引け	34241
弱く	34242
所属	34243
料を	34244
暴行	34245
曖	34246
横切	34247
歓声	34248
清浄	34249
減り	34250
痛め	34251
臓器	34252
衛生	34253
起源	34254
350	34255
PU	34256
RN	34257
ilia	34258
liban	34259
wo	34260
wrap	34261
π	34262
▁$7	34263
▁3/	34264
▁Assyrians	34265
▁Ella	34266
▁Esc	34267
▁Events	34268
▁Husbands	34269
▁Jubilee	34270
▁Marx	34271
▁Rejoice	34272
▁Shelby	34273
▁Tiger	34274
▁Woo	34275
▁chariots	34276
▁continual	34277
▁counterpart	34278
▁darker	34279
▁genetics	34280
▁guardians	34281
▁guessed	34282
▁limestone	34283
▁nonetheless	34284
▁postwar	34285
▁refreshed	34286
▁remotely	34287
▁renounce	34288
▁tournament	34289
▁vineyards	34290
▁さかのぼる	34291
▁すぎる	34292
▁ダチョウ	34293
▁ハグ	34294
▁バーンズ	34295
▁ビショップ	34296
▁フェンス	34297
▁割る	34298
▁帰す	34299
▁強まる	34300
▁愚か者	34301
▁成り行き	34302
▁沈み	34303
▁猛威	34304
▁生まれ変わ	34305
▁祖国	34306
▁総数	34307
▁総額	34308
▁貸	34309
▁風呂	34310
▁食べ過ぎ	34311
▁駆り立て	34312
へのアクセス	34313
アイデンティティ	34314
アニメーション	34315
イール	34316
オイル	34317
グループは	34318
シスコ	34319
ラビ	34320
ヴィア	34321
ヴェン	34322
伝道	34323
友だち	34324
年寄り	34325
幸	34326
本人	34327
歌い	34328
罵	34329
遂げ	34330
鈍	34331
馴染み	34332
LT	34333
Video	34334
World	34335
Wow	34336
gies	34337
iri	34338
lang	34339
rrie	34340
scient	34341
speed	34342
ssuming	34343
uci	34344
vu	34345
▁Ahaz	34346
▁Chal	34347
▁Concern	34348
▁Designed	34349
▁Harvey	34350
▁Kentucky	34351
▁Mak	34352
▁Mori	34353
▁Robinson	34354
▁Sato	34355
▁Smile	34356
▁Tip	34357
▁Wol	34358
▁Yea	34359
▁adherents	34360
▁atmospheric	34361
▁barley	34362
▁chastise	34363
▁clocks	34364
▁cuff	34365
▁deteriorate	34366
▁dinosaur	34367
▁grounded	34368
▁guerrilla	34369
▁ingenious	34370
▁intercession	34371
▁laity	34372
▁municipal	34373
▁overpower	34374
▁producers	34375
▁reporters	34376
▁segments	34377
▁specialize	34378
▁stark	34379
▁たどり	34380
▁だいぶ	34381
▁なんぢら	34382
▁めと	34383
▁セリ	34384
▁バウアー	34385
▁パッケージ	34386
▁ヘモグロビン	34387
▁休ま	34388
▁依り頼	34389
▁再発	34390
▁喫	34391
▁埋める	34392
▁審査	34393
▁居間	34394
▁掛か	34395
▁探索	34396
▁時おり	34397
▁王朝	34398
▁示	34399
▁良き	34400
▁貝殻	34401
▁貫	34402
▁賠償	34403
▁鋭く	34404
▁革新	34405
ご機嫌	34406
づら	34407
とぎ	34408
ぶつけ	34409
めちゃ	34410
ゾー	34411
テージ	34412
プロト	34413
レジ	34414
レディ	34415
不快	34416
介入	34417
免疫	34418
処方	34419
危害	34420
双子	34421
引き上げ	34422
拠点	34423
支給	34424
甘やか	34425
磨き	34426
突入	34427
竜	34428
著作	34429
裏切る	34430
規定	34431
辞める	34432
逆ら	34433
達し	34434
麻痺	34435
Before	34436
GER	34437
RR	34438
anthrop	34439
cam	34440
food	34441
gist	34442
llow	34443
nder	34444
shing	34445
wire	34446
▁Ava	34447
▁BUT	34448
▁Demon	34449
▁Earl	34450
▁Ernest	34451
▁Estonia	34452
▁Hugo	34453
▁Improve	34454
▁Invest	34455
▁Obama	34456
▁Sent	34457
▁Slo	34458
▁Terry	34459
▁Tobacco	34460
▁Verses	34461
▁Wright	34462
▁aptly	34463
▁ascending	34464
▁canals	34465
▁chopped	34466
▁cites	34467
▁curing	34468
▁dolphin	34469
▁enriched	34470
▁hastily	34471
▁imposing	34472
▁inland	34473
▁ironic	34474
▁knit	34475
▁logo	34476
▁marshal	34477
▁mating	34478
▁misconduct	34479
▁mop	34480
▁nausea	34481
▁needless	34482
▁negotiations	34483
▁noticing	34484
▁overtime	34485
▁pandemic	34486
▁parsing	34487
▁patches	34488
▁paved	34489
▁pickup	34490
▁processor	34491
▁producer	34492
▁scum	34493
▁sharpen	34494
▁shotgun	34495
▁slanderer	34496
▁stimulated	34497
▁suburbs	34498
▁systematic	34499
▁ultra	34500
▁victor	34501
▁しつこ	34502
▁じゅうぶん	34503
▁のろわ	34504
▁ひい	34505
▁イケ	34506
▁オーク	34507
▁ゲシュタポ	34508
▁ジャズ	34509
▁セルビア	34510
▁ボックス	34511
▁乏しい	34512
▁偉	34513
▁優しさ	34514
▁徴兵	34515
▁抜け出す	34516
▁改造	34517
▁標識	34518
▁横切	34519
▁現れ	34520
▁用紙	34521
▁神性	34522
▁規律	34523
▁過失	34524
▁闘牛	34525
▁飼い主	34526
いかん	34527
いただける	34528
ざっと	34529
クリーム	34530
ネッサ	34531
ブラザー	34532
亡命	34533
使い捨て	34534
和解	34535
噴	34536
弓	34537
引き裂	34538
恋し	34539
横柄	34540
水準	34541
盲人	34542
躊	34543
追い出し	34544
退職	34545
連れ出す	34546
過ぎ去っ	34547
金銭	34548
command	34549
perfect	34550
▁Amid	34551
▁Available	34552
▁Chairman	34553
▁Greed	34554
▁Historical	34555
▁Independent	34556
▁Kathy	34557
▁Knight	34558
▁Oneness	34559
▁Saturn	34560
▁Sau	34561
▁Seen	34562
▁Sharing	34563
▁Solar	34564
▁Tha	34565
▁adherence	34566
▁authenticity	34567
▁buddies	34568
▁census	34569
▁comparisons	34570
▁compromising	34571
▁deposited	34572
▁diagnostic	34573
▁encounters	34574
▁euro	34575
▁hereafter	34576
▁hereditary	34577
▁hips	34578
▁icy	34579
▁onlookers	34580
▁pork	34581
▁pumping	34582
▁restless	34583
▁riots	34584
▁shirts	34585
▁strained	34586
▁treason	34587
▁virtues	34588
▁willful	34589
▁woes	34590
▁カギ	34591
▁スターリング	34592
▁バテ	34593
▁バージョン	34594
▁マドリード	34595
▁マンハッタン	34596
▁モリス	34597
▁モンテ	34598
▁ラング	34599
▁ランプ	34600
▁停電	34601
▁初日	34602
▁大群	34603
▁式典	34604
▁後部	34605
▁忙し	34606
▁断わり	34607
▁気味	34608
▁潰瘍	34609
▁町々	34610
▁羊毛	34611
▁酸化	34612
▁閉じる	34613
▁電流	34614
すれ	34615
せき	34616
つくる	34617
ウィリアム	34618
キャンペーン	34619
グローブ	34620
コーチ	34621
サス	34622
シム	34623
シャトル	34624
マニア	34625
メカニズム	34626
リンパ	34627
乙女	34628
切り離	34629
引っかか	34630
扱え	34631
暖め	34632
破片	34633
確かめる	34634
示唆	34635
精度	34636
躇	34637
通り抜け	34638
AI	34639
Language	34640
October	34641
mart	34642
neck	34643
▁Appeal	34644
▁Blow	34645
▁Camera	34646
▁Darius	34647
▁EVERY	34648
▁Ellis	34649
▁Environmental	34650
▁Gambling	34651
▁Heritage	34652
▁Occasionally	34653
▁READ	34654
▁Saved	34655
▁Sipa	34656
▁Vine	34657
▁admitting	34658
▁aforetime	34659
▁assigning	34660
▁breathtaking	34661
▁burrow	34662
▁communicated	34663
▁dispatched	34664
▁divers	34665
▁donors	34666
▁exits	34667
▁faulty	34668
▁fireworks	34669
▁flex	34670
▁funerals	34671
▁hound	34672
▁implanted	34673
▁intersect	34674
▁managers	34675
▁murmuring	34676
▁objectives	34677
▁operators	34678
▁pestilence	34679
▁predictable	34680
▁pumps	34681
▁reactors	34682
▁realise	34683
▁rebuke	34684
▁reconstruction	34685
▁spiders	34686
▁stunning	34687
▁terrific	34688
▁vampires	34689
▁おしまい	34690
▁くすしい	34691
▁インタ	34692
▁サウンド	34693
▁サーカス	34694
▁スポークスマン	34695
▁ナバル	34696
▁ヘルス	34697
▁余暇	34698
▁健	34699
▁切符	34700
▁引き離し	34701
▁従わせ	34702
▁教わ	34703
▁月経	34704
▁止	34705
▁減量	34706
▁癒	34707
▁織り	34708
▁資質	34709
▁追い込	34710
かず	34711
の見解	34712
ひく	34713
もうけ	34714
アニメ	34715
グラフィック	34716
コントラスト	34717
ジオ	34718
ジブ	34719
スケジュー	34720
スパム	34721
ペリ	34722
ランチ	34723
任命	34724
低地	34725
庇	34726
当局	34727
持てる	34728
振動	34729
捗	34730
摩	34731
消せ	34732
産物	34733
絞め	34734
著	34735
見つけ出	34736
遠ざける	34737
魅	34738
鳴らし	34739
%2	34740
arg	34741
bbed	34742
determin	34743
edge	34744
eum	34745
fan	34746
glo	34747
hh	34748
ince	34749
rav	34750
thank	34751
▁$10,000	34752
▁2014	34753
▁Adolf	34754
▁Balaam	34755
▁Clock	34756
▁Confirm	34757
▁Convert	34758
▁Crystal	34759
▁Description	34760
▁EXP	34761
▁Edom	34762
▁Expo	34763
▁Integrity	34764
▁LORD	34765
▁Obedience	34766
▁PAR	34767
▁Patterson	34768
▁Pig	34769
▁ROME	34770
▁Setting	34771
▁[10	34772
▁appliances	34773
▁bacon	34774
▁barber	34775
▁bedtime	34776
▁befit	34777
▁boarded	34778
▁cardiac	34779
▁ceremonial	34780
▁coastline	34781
▁conserve	34782
▁constituted	34783
▁disappearance	34784
▁doorway	34785
▁excellence	34786
▁fanatic	34787
▁heedless	34788
▁hind	34789
▁holocaust	34790
▁injected	34791
▁invading	34792
▁loom	34793
▁mow	34794
▁nerd	34795
▁occurrences	34796
▁parcel	34797
▁pulp	34798
▁puzzles	34799
▁reproved	34800
▁sanctification	34801
▁seminary	34802
▁slowed	34803
▁sucker	34804
▁tangible	34805
▁unfold	34806
▁unwittingly	34807
▁winners	34808
▁くぎ	34809
▁カネ	34810
▁シェオル	34811
▁シバ	34812
▁シャロン	34813
▁タンザニア	34814
▁チャオ	34815
▁チャー	34816
▁ナイト	34817
▁ハデス	34818
▁ピーナッツ	34819
▁プログラミング	34820
▁働き手	34821
▁冷や	34822
▁境	34823
▁強要	34824
▁急ぎ	34825
▁情欲	34826
▁欠ける	34827
▁欲情	34828
▁献血	34829
▁瓶	34830
▁繰り広げ	34831
▁胚	34832
▁降ろし	34833
ふた	34834
ぶき	34835
よけ	34836
アルコール	34837
オオカミ	34838
オッ	34839
カマ	34840
クローン	34841
ゴタ	34842
スキン	34843
スペクト	34844
ダナム	34845
パク	34846
ヘラ	34847
上着	34848
刈	34849
呑み	34850
哲	34851
執着	34852
宣	34853
憧	34854
晴らし	34855
玄関	34856
現状	34857
紛争	34858
落ち着け	34859
製作	34860
調停	34861
逝	34862
遅延	34863
養子	34864
aster	34865
national	34866
rik	34867
secret	34868
spiritual	34869
uta	34870
±	34871
▁2003,	34872
▁Capernaum	34873
▁Coul	34874
▁Details	34875
▁Finished	34876
▁JUST	34877
▁LOVE	34878
▁Mir	34879
▁Ollie	34880
▁Pee	34881
▁Poly	34882
▁Protestantism	34883
▁Rules	34884
▁Stockholm	34885
▁Sync	34886
▁Thanksgiving	34887
▁befriend	34888
▁chopper	34889
▁comprise	34890
▁congr	34891
▁cricket	34892
▁curves	34893
▁drained	34894
▁evangelist	34895
▁eventual	34896
▁flashes	34897
▁hopelessness	34898
▁horrors	34899
▁indirectly	34900
▁landmark	34901
▁mandate	34902
▁mastery	34903
▁moron	34904
▁neighborhoods	34905
▁permissive	34906
▁principally	34907
▁revised	34908
▁sanctity	34909
▁showy	34910
▁sticky	34911
▁triggers	34912
▁viewpoints	34913
▁welcoming	34914
▁きつい	34915
▁ぶつか	34916
▁イゼベル	34917
▁オズ	34918
▁コミュニティ	34919
▁コレラ	34920
▁コロラド	34921
▁ハンドル	34922
▁バンクーバー	34923
▁パーク	34924
▁ヘー	34925
▁ラマ	34926
▁ランディ	34927
▁口づけ	34928
▁太鼓	34929
▁文盲	34930
▁温め	34931
▁炭水化物	34932
▁磁気	34933
▁立ち返	34934
▁美容	34935
▁著わ	34936
▁蔓延	34937
▁褒める	34938
▁許せ	34939
▁鋭	34940
っぱい	34941
ときわ	34942
に基づく	34943
ウッ	34944
オバマ	34945
クリエ	34946
コーディ	34947
サント	34948
プレス	34949
リコ	34950
ヴァル	34951
上層	34952
参加者	34953
対話	34954
引き返し	34955
悪党	34956
愛さ	34957
感知	34958
方針	34959
生じる	34960
盆	34961
組む	34962
群衆	34963
贖	34964
近寄	34965
養う	34966
首長	34967
Any	34968
Count	34969
Great	34970
Italics	34971
Prince	34972
TC	34973
encies	34974
giving	34975
harma	34976
hear	34977
ife	34978
kk	34979
left	34980
move	34981
pping	34982
ragon	34983
trust	34984
version	34985
ë	34986
▁14,16	34987
▁2,300	34988
▁3.5	34989
▁Beer	34990
▁Bennett	34991
▁Bran	34992
▁Character	34993
▁Chase	34994
▁Connecticut	34995
▁Diane	34996
▁Disable	34997
▁Dominic	34998
▁Drinking	34999
▁Hemisphere	35000
▁MORE	35001
▁OH	35002
▁PM	35003
▁Paint	35004
▁Righteous	35005
▁Slowly	35006
▁asylum	35007
▁bladder	35008
▁constructive	35009
▁coronar	35010
▁cubs	35011
▁defining	35012
▁excesses	35013
▁flaw	35014
▁infamous	35015
▁kitten	35016
▁mistress	35017
▁packs	35018
▁peel	35019
▁premium	35020
▁prized	35021
▁prosecution	35022
▁redeemed	35023
▁rh	35024
▁spi	35025
▁sucked	35026
▁suite	35027
▁transactions	35028
▁vines	35029
▁vomit	35030
▁どん	35031
▁エイズウイルス	35032
▁キャメロン	35033
▁モンタ	35034
▁ヤギ	35035
▁出所	35036
▁因	35037
▁年寄り	35038
▁待った	35039
▁抑うつ	35040
▁舗	35041
▁苦い	35042
▁鎮痛	35043
▁願い求める	35044
おしゃべり	35045
にゃ	35046
はじめて	35047
エイズ	35048
タレ	35049
ラマ	35050
レイプ	35051
垢	35052
天空	35053
孝	35054
小麦	35055
打撃	35056
拾い	35057
昼間	35058
着替え	35059
硬く	35060
立ち寄	35061
脅し	35062
見舞	35063
誓約	35064
隠せ	35065
髭	35066
CHA	35067
John	35068
WO	35069
bid	35070
fellow	35071
folk	35072
▁1.6	35073
▁1937	35074
▁Aim	35075
▁Album	35076
▁Apache	35077
▁Colossae	35078
▁Czechoslovakia	35079
▁DEA	35080
▁Fail	35081
▁Keys	35082
▁LIKE	35083
▁Married	35084
▁Maximum	35085
▁Millennial	35086
▁Missionary	35087
▁NA	35088
▁Nicaragua	35089
▁Rama	35090
▁Student	35091
▁Typical	35092
▁Unseen	35093
▁alcoholics	35094
▁awarded	35095
▁beverage	35096
▁bridegroom	35097
▁brood	35098
▁canopy	35099
▁defy	35100
▁discontent	35101
▁dynasty	35102
▁experimenting	35103
▁favours	35104
▁knots	35105
▁lapse	35106
▁manifestations	35107
▁manually	35108
▁octopus	35109
▁optic	35110
▁pornographic	35111
▁slipping	35112
▁stash	35113
▁tractor	35114
▁uniting	35115
▁vineyard	35116
▁vowed	35117
▁アサフ	35118
▁オリー	35119
▁ケニ	35120
▁京都	35121
▁伯	35122
▁傷跡	35123
▁北京	35124
▁名詞	35125
▁呼び求め	35126
▁多すぎる	35127
▁大喜び	35128
▁尊大	35129
▁思い浮かべ	35130
▁登り	35131
▁相姦	35132
▁護衛	35133
▁除き去り	35134
ぜひ	35135
ばれ	35136
ぼけ	35137
アイス	35138
アフガニスタン	35139
クン	35140
コム	35141
ブタ	35142
マーカ	35143
レーザー	35144
主任	35145
供述	35146
切り落と	35147
嘆願	35148
寺	35149
形状	35150
御用	35151
捜	35152
数千	35153
毅	35154
留まる	35155
組合	35156
胴	35157
軽減	35158
雇う	35159
騒音	35160
-0	35161
40,000	35162
ATH	35163
HE	35164
Through	35165
avo	35166
fed	35167
flat	35168
illi	35169
lug	35170
object	35171
phen	35172
ride	35173
Η	35174
▁138	35175
▁Belshazzar	35176
▁Democratic	35177
▁Foster	35178
▁Mack	35179
▁Miracle	35180
▁Odd	35181
▁Pattern	35182
▁Request	35183
▁Transform	35184
▁Victims	35185
▁__________	35186
▁afore	35187
▁atheists	35188
▁autopsy	35189
▁banished	35190
▁beams	35191
▁burdened	35192
▁credibility	35193
▁curfew	35194
▁displeasure	35195
▁grease	35196
▁hateful	35197
▁impel	35198
▁journalists	35199
▁manipulated	35200
▁metric	35201
▁misguided	35202
▁monastery	35203
▁muscular	35204
▁narcotics	35205
▁nationalities	35206
▁penned	35207
▁perfected	35208
▁preliminary	35209
▁rabbis	35210
▁shields	35211
▁singular	35212
▁stump	35213
▁towering	35214
▁ultraviolet	35215
▁underwent	35216
▁utterances	35217
▁vol	35218
▁wandered	35219
▁yoga	35220
▁かなた	35221
▁アリストテレス	35222
▁アンデス	35223
▁シェーン	35224
▁セム	35225
▁二十	35226
▁作れる	35227
▁刺さ	35228
▁取りつ	35229
▁命取り	35230
▁売り上げ	35231
▁専用	35232
▁引きずり	35233
▁欲する	35234
▁注ぎ出さ	35235
▁浮かべ	35236
▁焼く	35237
▁献	35238
▁織物	35239
▁融	35240
▁見守り	35241
▁進める	35242
▁飛び降り	35243
▁鳴	35244
の可能性を	35245
はずれ	35246
みせる	35247
ゆえに	35248
キャップ	35249
ケーブル	35250
ゴールド	35251
ダード	35252
バド	35253
ブラッド	35254
プレー	35255
ボウ	35256
ポット	35257
メロン	35258
リョ	35259
ワナ	35260
乾燥	35261
促進	35262
償い	35263
合える	35264
天井	35265
手間	35266
持ち込	35267
探検	35268
楽しめ	35269
海洋	35270
燃える	35271
益する	35272
遺言	35273
醜い	35274
雇い	35275
青色	35276
20%	35277
Although	35278
acious	35279
ggling	35280
hah	35281
interest	35282
pil	35283
quo	35284
style	35285
train	35286
vision	35287
պ	35288
▁1915	35289
▁Gandhi	35290
▁Hobbs	35291
▁Hook	35292
▁IQ	35293
▁Kel	35294
▁Milan	35295
▁Monsieur	35296
▁Sugar	35297
▁Twilight	35298
▁Virtual	35299
▁analyzing	35300
▁authorization	35301
▁babes	35302
▁banker	35303
▁cafeteria	35304
▁capability	35305
▁choked	35306
▁coil	35307
▁consolation	35308
▁coup	35309
▁curriculum	35310
▁disgust	35311
▁elevation	35312
▁evaporate	35313
▁exerted	35314
▁intercede	35315
▁investments	35316
▁merry	35317
▁purified	35318
▁revival	35319
▁sails	35320
▁sensual	35321
▁unfailing	35322
▁waitress	35323
▁あば	35324
▁つかまえ	35325
▁まかな	35326
▁イタ	35327
▁オックスフォード	35328
▁ガイ	35329
▁スワ	35330
▁パット	35331
▁ヘラ	35332
▁ホワイトハウス	35333
▁ボロ	35334
▁ロール	35335
▁ワルド	35336
▁与	35337
▁丸い	35338
▁何億	35339
▁励	35340
▁失明	35341
▁市街	35342
▁捕らえる	35343
▁掲げる	35344
▁根深い	35345
▁水銀	35346
▁灯台	35347
▁硫黄	35348
▁硬い	35349
▁純潔	35350
▁繊細	35351
▁肺炎	35352
▁追い払	35353
▁長男	35354
ひも	35355
イェ	35356
サークル	35357
ダイヤル	35358
トランク	35359
ハック	35360
バディ	35361
プリンセ	35362
ワーム	35363
卵子	35364
変革	35365
旬	35366
監禁	35367
観念	35368
辛抱	35369
650	35370
Only	35371
bab	35372
corp	35373
olo	35374
ranny	35375
theon	35376
wal	35377
ջ	35378
▁1.8	35379
▁Attend	35380
▁Brook	35381
▁Digest	35382
▁Loved	35383
▁Ramon	35384
▁Relief	35385
▁Shop	35386
▁Strengthen	35387
▁Tall	35388
▁anointing	35389
▁architectural	35390
▁bleak	35391
▁brew	35392
▁bum	35393
▁cocktail	35394
▁cork	35395
▁daytime	35396
▁dramas	35397
▁faculties	35398
▁fax	35399
▁insolent	35400
▁millennial	35401
▁obediently	35402
▁ou	35403
▁overheard	35404
▁paralysis	35405
▁pup	35406
▁regretted	35407
▁replica	35408
▁respectable	35409
▁safest	35410
▁scrub	35411
▁settlements	35412
▁shines	35413
▁stature	35414
▁strangled	35415
▁superb	35416
▁supplier	35417
▁あざけ	35418
▁あや	35419
▁ガレージ	35420
▁タワー	35421
▁ディア	35422
▁バイキング	35423
▁バイト	35424
▁メリ	35425
▁上品	35426
▁刈り	35427
▁執り行な	35428
▁日食	35429
▁盗難	35430
▁立ち去	35431
▁花火	35432
▁行う	35433
▁配り	35434
▁鉱物	35435
▁降りる	35436
▁餓死	35437
▁麦	35438
ご主人	35439
クリフ	35440
グイン	35441
サイロ	35442
ソファー	35443
マダム	35444
ミネ	35445
リボ	35446
刻み	35447
押え	35448
新車	35449
治安	35450
熱望	35451
瓦	35452
男子	35453
社会に	35454
空腹	35455
経済的	35456
置き換える	35457
胞	35458
行え	35459
誘導	35460
近道	35461
2.5	35462
Bi	35463
NA	35464
cre	35465
ente	35466
lement	35467
soc	35468
▁CAR	35469
▁Difficult	35470
▁Emergency	35471
▁Flor	35472
▁Insect	35473
▁Investigation	35474
▁Iranian	35475
▁Multiple	35476
▁Olive	35477
▁Ran	35478
▁Stephanie	35479
▁Turner	35480
▁Values	35481
▁Went	35482
▁arithmetic	35483
▁compression	35484
▁depressing	35485
▁deteriorated	35486
▁devoured	35487
▁hover	35488
▁ideology	35489
▁innovative	35490
▁instructive	35491
▁intestines	35492
▁larvae	35493
▁leftover	35494
▁mocking	35495
▁nationwide	35496
▁plots	35497
▁retained	35498
▁sailor	35499
▁scientifically	35500
▁scoop	35501
▁skinned	35502
▁slippery	35503
▁township	35504
▁treasured	35505
▁underwear	35506
▁warden	35507
▁アルマ	35508
▁アンドレア	35509
▁インデックス	35510
▁キャンディ	35511
▁ファースト	35512
▁ブラウザ	35513
▁ユーロ	35514
▁リマ	35515
▁併	35516
▁傷つき	35517
▁効く	35518
▁原稿	35519
▁嫌がらせ	35520
▁崖	35521
▁摘	35522
▁旋	35523
▁歩道	35524
▁泣か	35525
▁表題	35526
▁蹴	35527
それゆえ	35528
なさる	35529
アサ	35530
ウィルソン	35531
キャリー	35532
キーボード	35533
クラウド	35534
ツラ	35535
ドマン	35536
バルト	35537
ピット	35538
プラズマ	35539
ペレ	35540
ミュージシャン	35541
メーター	35542
ーネ	35543
双	35544
取り引き	35545
困り	35546
患	35547
手伝え	35548
現場で	35549
番地	35550
白く	35551
笑い声	35552
箋	35553
絞り	35554
逃走	35555
遡	35556
適合	35557
鉄道	35558
非道	35559
Cons	35560
Dr	35561
ENE	35562
ICAL	35563
MIT	35564
RI	35565
als	35566
ception	35567
cry	35568
suing	35569
uru	35570
σ	35571
▁$1,000	35572
▁5.)	35573
▁Active	35574
▁Additional	35575
▁Associated	35576
▁Bean	35577
▁Braille	35578
▁Brenda	35579
▁Elsa	35580
▁Equal	35581
▁Esp	35582
▁Factor	35583
▁Foot	35584
▁ISSUE	35585
▁Increasing	35586
▁Learned	35587
▁Match	35588
▁Molly	35589
▁Mosque	35590
▁Philippine	35591
▁Prevention	35592
▁Sale	35593
▁Snake	35594
▁Sudan	35595
▁Venice	35596
▁adore	35597
▁bullying	35598
▁combining	35599
▁deadline	35600
▁edited	35601
▁ellipse	35602
▁exultation	35603
▁fungus	35604
▁handicap	35605
▁handiwork	35606
▁intercessor	35607
▁modification	35608
▁perversion	35609
▁pirates	35610
▁pointer	35611
▁proceedings	35612
▁psychiatrists	35613
▁pumped	35614
▁saddle	35615
▁splitting	35616
▁sunk	35617
▁termite	35618
▁uncontrolled	35619
▁uniforms	35620
▁unthankful	35621
▁violations	35622
▁watt	35623
▁こたえる	35624
▁ご用	35625
▁みどりご	35626
▁サリ	35627
▁シャル	35628
▁ナノ	35629
▁パロ	35630
▁ユーザー	35631
▁リタ	35632
▁ルイジ	35633
▁レーダー	35634
▁仮面	35635
▁原文	35636
▁叱	35637
▁喜べ	35638
▁対比	35639
▁村々	35640
▁欠く	35641
▁煉獄	35642
▁父母	35643
▁華や	35644
▁込	35645
▁離陸	35646
そらす	35647
グッド	35648
スペル	35649
ドワー	35650
ンティック	35651
乗り遅れ	35652
修道	35653
個々	35654
協	35655
在住	35656
大胆	35657
後継	35658
従事	35659
怖がる	35660
惜しみ	35661
皇帝	35662
結ぶ	35663
良き	35664
褒美	35665
鋭い	35666
高める	35667
0.5	35668
CU	35669
LEA	35670
NCE	35671
Search	35672
Wi	35673
cation	35674
kon	35675
orian	35676
used	35677
vac	35678
wave	35679
р	35680
•	35681
▁1928	35682
▁Ara	35683
▁Barcelona	35684
▁Bless	35685
▁Driving	35686
▁Gates	35687
▁Glo	35688
▁Habit	35689
▁Install	35690
▁Internal	35691
▁Lana	35692
▁Opera	35693
▁Sacrifice	35694
▁Shr	35695
▁Survive	35696
▁Violet	35697
▁Zoom	35698
▁ac	35699
▁cinema	35700
▁clinging	35701
▁drifted	35702
▁eloquent	35703
▁excused	35704
▁forbidding	35705
▁frustrate	35706
▁hoard	35707
▁incurred	35708
▁mys	35709
▁nailed	35710
▁petroleum	35711
▁plotting	35712
▁precede	35713
▁prescribe	35714
▁prestigious	35715
▁psi	35716
▁raft	35717
▁reliability	35718
▁synchron	35719
▁tattoos	35720
▁tones	35721
▁tours	35722
▁translat	35723
▁voodoo	35724
▁お別れ	35725
▁こま	35726
▁さいし	35727
▁たくまし	35728
▁アイディア	35729
▁アバ	35730
▁アルメニア	35731
▁イデオロギー	35732
▁インターナショナル	35733
▁ダル	35734
▁デイビ	35735
▁トランス	35736
▁度合い	35737
▁引け	35738
▁押しつけ	35739
▁更生	35740
▁東側	35741
▁棺	35742
▁法典	35743
▁流域	35744
▁消耗	35745
▁焼き尽く	35746
▁細長い	35747
▁見極め	35748
▁超越	35749
▁踊る	35750
▁述	35751
▁開放	35752
こす	35753
こむ	35754
なせる	35755
むき	35756
めったに	35757
アラブ	35758
アンタ	35759
イド	35760
ウジ	35761
オウ	35762
ゴム	35763
ストライ	35764
スリ	35765
スリー	35766
マホ	35767
リバー	35768
ワイルド	35769
上部	35770
吹き込	35771
増す	35772
弄	35773
支払わ	35774
暮らせ	35775
果たし	35776
海軍	35777
生き残れ	35778
禍	35779
脂	35780
落とせ	35781
買収	35782
銭	35783
閃	35784
首都	35785
Net	35786
dah	35787
flam	35788
pee	35789
shoot	35790
▁AR	35791
▁Adding	35792
▁Database	35793
▁Describ	35794
▁Dust	35795
▁FAITH	35796
▁Faster	35797
▁Fri	35798
▁Influence	35799
▁Klein	35800
▁Nicky	35801
▁Nik	35802
▁Raven	35803
▁Reality	35804
▁SW	35805
▁Skin	35806
▁Store	35807
▁abuser	35808
▁broader	35809
▁collectively	35810
▁cooled	35811
▁dart	35812
▁designate	35813
▁dispersed	35814
▁donate	35815
▁enraged	35816
▁entreat	35817
▁explored	35818
▁futility	35819
▁gallon	35820
▁integrated	35821
▁muster	35822
▁onset	35823
▁outweigh	35824
▁pint	35825
▁porch	35826
▁pots	35827
▁pouch	35828
▁pushes	35829
▁recommendations	35830
▁sanction	35831
▁shack	35832
▁sodium	35833
▁tile	35834
▁transmitt	35835
▁undertaken	35836
▁unforgettable	35837
▁おやすみなさい	35838
▁お取り	35839
▁エク	35840
▁クズ	35841
▁グリー	35842
▁ジンバブエ	35843
▁ミュー	35844
▁ヴェ	35845
▁不眠	35846
▁充て	35847
▁全滅	35848
▁共鳴	35849
▁引き出さ	35850
▁忍	35851
▁性別	35852
▁成り	35853
▁手放	35854
▁持ちこたえ	35855
▁易	35856
▁東南	35857
▁盲	35858
▁禁じる	35859
▁禁ずる	35860
▁立法	35861
▁追い出す	35862
▁長寿	35863
ごみ	35864
みじめ	35865
オーク	35866
カプセル	35867
シグナ	35868
タック	35869
バイア	35870
バーニー	35871
プロセッサ	35872
マタ	35873
マンション	35874
ースト	35875
傾	35876
出会う	35877
出産	35878
寿	35879
引き受け	35880
憂	35881
憎む	35882
注意深く	35883
満ち足	35884
特権	35885
給与	35886
連鎖	35887
3,4	35888
ENS	35889
Holy	35890
St	35891
TOR	35892
Up	35893
Was	35894
byte	35895
dgins	35896
hich	35897
pagan	35898
related	35899
umptio	35900
▁325	35901
▁Anaki	35902
▁Aris	35903
▁Frankfurt	35904
▁Frederick	35905
▁Helena	35906
▁Hercules	35907
▁Initially	35908
▁Jai	35909
▁Minnesota	35910
▁Namibia	35911
▁Neil	35912
▁Nina	35913
▁Pentecostal	35914
▁Phillip	35915
▁Precious	35916
▁Preview	35917
▁Psychology	35918
▁SEA	35919
▁Santo	35920
▁Scale	35921
▁Sweetheart	35922
▁Symbol	35923
▁adorn	35924
▁amass	35925
▁chromosome	35926
▁clamp	35927
▁developers	35928
▁energetic	35929
▁excluded	35930
▁fil	35931
▁fractures	35932
▁fridge	35933
▁gorilla	35934
▁grinding	35935
▁lucrative	35936
▁nursery	35937
▁orthodox	35938
▁ostrich	35939
▁pat	35940
▁reassured	35941
▁resignation	35942
▁sentimental	35943
▁skillfully	35944
▁smelling	35945
▁spelled	35946
▁stalk	35947
▁stool	35948
▁strap	35949
▁tactfully	35950
▁teem	35951
▁undergone	35952
▁すなどる	35953
▁まる	35954
▁アシ	35955
▁カモ	35956
▁グリーンランド	35957
▁ゲー	35958
▁スタンフォード	35959
▁スラム	35960
▁チュ	35961
▁デイ	35962
▁ハウ	35963
▁フン	35964
▁ラブ	35965
▁不死	35966
▁住め	35967
▁其	35968
▁取って代わる	35969
▁哀れみ	35970
▁奪い去	35971
▁整然	35972
▁果樹	35973
▁線路	35974
▁融資	35975
▁視界	35976
▁解析	35977
▁部数	35978
うけ	35979
まとめる	35980
みそ	35981
むけ	35982
ろくでなし	35983
クレイ	35984
サメ	35985
ハッキング	35986
ヒマ	35987
ミックス	35988
乗っ取	35989
債務	35990
分岐	35991
取締	35992
召し上が	35993
工業	35994
抹	35995
支える	35996
検事	35997
毎朝	35998
浮かび	35999
濃	36000
空虚	36001
等級	36002
組み立て	36003
繁殖	36004
賞賛	36005
関連付け	36006
革	36007
Continue	36008
GPS	36009
Ju	36010
blow	36011
ender	36012
ift	36013
ija	36014
ittle	36015
pound	36016
rch	36017
tested	36018
think	36019
▁Bulletin	36020
▁Crown	36021
▁Cultural	36022
▁GL	36023
▁Harbor	36024
▁Harper	36025
▁Heavy	36026
▁Info	36027
▁Liberty	36028
▁Mat	36029
▁Minori	36030
▁Republican	36031
▁Season	36032
▁Significantly	36033
▁Slide	36034
▁Surprisingly	36035
▁Totally	36036
▁Trees	36037
▁WHERE	36038
▁Writer	36039
▁astronauts	36040
▁atonement	36041
▁blasphemy	36042
▁brakes	36043
▁commissioner	36044
▁converting	36045
▁crashes	36046
▁curtains	36047
▁descending	36048
▁dispel	36049
▁eagles	36050
▁editions	36051
▁elimination	36052
▁executives	36053
▁explicitly	36054
▁firearms	36055
▁gig	36056
▁gird	36057
▁habitation	36058
▁leukemia	36059
▁lev	36060
▁marginal	36061
▁misrepresent	36062
▁precaution	36063
▁readiness	36064
▁reincarnation	36065
▁salvage	36066
▁scrutiny	36067
▁slices	36068
▁volcanoes	36069
▁アスピリン	36070
▁キュー	36071
▁グアテマラ	36072
▁コップ	36073
▁コンスタン	36074
▁サミュエル	36075
▁スレイ	36076
▁フォート	36077
▁ブランド	36078
▁ヘルメット	36079
▁リトル	36080
▁代謝	36081
▁冷戦	36082
▁吹き飛ば	36083
▁告訴	36084
▁呼べる	36085
▁堆積	36086
▁峰	36087
▁帯びる	36088
▁平行	36089
▁拳	36090
▁無益	36091
▁襲いかか	36092
▁貯水	36093
▁醸	36094
▁鋼	36095
さまざまな	36096
どき	36097
みち	36098
ウェイン	36099
ウエル	36100
カメラマン	36101
ジアン	36102
ジュリア	36103
スーパーマン	36104
セナケリブ	36105
ダイビング	36106
チェロ	36107
ニウス	36108
バネ	36109
ヘレナ	36110
メガ	36111
司祭	36112
声明	36113
奈	36114
廃止	36115
弦	36116
忘	36117
怒鳴	36118
明け	36119
漠	36120
焦げ	36121
痛む	36122
負ける	36123
責める	36124
送金	36125
Ah	36126
April	36127
Two	36128
arrow	36129
ersion	36130
ggins	36131
sided	36132
sighs	36133
Â	36134
▁Ai	36135
▁Alps	36136
▁Articles	36137
▁Chance	36138
▁Clinic	36139
▁Euro	36140
▁Female	36141
▁Generation	36142
▁HAS	36143
▁Honesty	36144
▁Louise	36145
▁Mall	36146
▁Minus	36147
▁Rescue	36148
▁Serious	36149
▁Stein	36150
▁THINK	36151
▁Tears	36152
▁abusing	36153
▁accelerate	36154
▁advertisements	36155
▁alarmed	36156
▁apocalypse	36157
▁appalling	36158
▁arsenal	36159
▁atheist	36160
▁attic	36161
▁broaden	36162
▁carrier	36163
▁controller	36164
▁deceiving	36165
▁dissolve	36166
▁geographical	36167
▁islanders	36168
▁launching	36169
▁lumber	36170
▁lymph	36171
▁nigh	36172
▁outrageous	36173
▁prevails	36174
▁prim	36175
▁proxy	36176
▁reassurance	36177
▁seawater	36178
▁sibling	36179
▁speechless	36180
▁tactful	36181
▁tides	36182
▁vinegar	36183
▁アミ	36184
▁アミノ酸	36185
▁アルツハイ	36186
▁アンゴラ	36187
▁エミー	36188
▁ジャネット	36189
▁センス	36190
▁パンダ	36191
▁ベビー	36192
▁マダガスカル	36193
▁中部	36194
▁乱れ	36195
▁交代	36196
▁交易	36197
▁企画	36198
▁入植	36199
▁安価	36200
▁忌まわしい	36201
▁怒らせ	36202
▁抗争	36203
▁握り	36204
▁毎秒	36205
▁派手	36206
▁破り	36207
▁糧	36208
▁蘇	36209
▁見かける	36210
▁足ら	36211
▁逃	36212
▁閉ざ	36213
▁預け	36214
▁鯨	36215
らつ	36216
アライグマ	36217
ウェスト	36218
ガメ	36219
ガーデン	36220
ギル	36221
サンプ	36222
シカゴ	36223
スポット	36224
ネガ	36225
ラグ	36226
中継	36227
倉	36228
売上	36229
握り	36230
触り	36231
討ち	36232
訓	36233
迷わ	36234
黄	36235
Wise	36236
activat	36237
breaker	36238
ido	36239
oft	36240
super	36241
wife	36242
▁2,520	36243
▁41)	36244
▁André	36245
▁Compassionate	36246
▁Egg	36247
▁Industrial	36248
▁KGB	36249
▁Khal	36250
▁LD	36251
▁Leonard	36252
▁Moslem	36253
▁Originator	36254
▁Philistine	36255
▁Pius	36256
▁Scholar	36257
▁ailing	36258
▁artifacts	36259
▁availability	36260
▁bounties	36261
▁brake	36262
▁camouflage	36263
▁capsule	36264
▁cautions	36265
▁cosmetics	36266
▁defiled	36267
▁ding	36268
▁doorstep	36269
▁entrenched	36270
▁exemption	36271
▁faded	36272
▁firstfruits	36273
▁hallucinations	36274
▁ingenuity	36275
▁investigators	36276
▁neatly	36277
▁neo	36278
▁orphanage	36279
▁parrot	36280
▁penis	36281
▁pest	36282
▁playlist	36283
▁polluting	36284
▁polygamy	36285
▁poster	36286
▁predecessor	36287
▁purchases	36288
▁racket	36289
▁regulation	36290
▁sorcery	36291
▁suicidal	36292
▁timetable	36293
▁おじいちゃん	36294
▁しゃべ	36295
▁っぽい	36296
▁ゲヘナ	36297
▁ゴリラ	36298
▁ハチドリ	36299
▁バベル	36300
▁ピストル	36301
▁フォーマ	36302
▁プリンス	36303
▁メディカル	36304
▁不全	36305
▁傘	36306
▁取締	36307
▁平静	36308
▁掘る	36309
▁掘削	36310
▁柔らかく	36311
▁植え付け	36312
▁欲しが	36313
▁準	36314
▁牧し	36315
▁算定	36316
▁習	36317
▁船舶	36318
▁近付	36319
▁顧問	36320
▁駆除	36321
〞	36322
あー	36323
そろ	36324
な形	36325
アカデミー	36326
アシスタント	36327
クルス	36328
スケッチ	36329
ダイヤ	36330
バスケット	36331
フュー	36332
ヤク	36333
侵害	36334
保有	36335
個人情報	36336
危	36337
口論	36338
喫	36339
届ける	36340
平面	36341
掛	36342
探知	36343
斧	36344
漫画	36345
狂気	36346
矛盾	36347
短剣	36348
荒廃	36349
込める	36350
防御	36351
飼い	36352
,35	36353
allow	36354
db	36355
ema	36356
ept	36357
flow	36358
ouch	36359
zel	36360
▁(9	36361
▁Accident	36362
▁Aside	36363
▁Birthday	36364
▁Bitch	36365
▁Feelings	36366
▁Higher	36367
▁Needless	36368
▁Puzzle	36369
▁Relationship	36370
▁Session	36371
▁Wisely	36372
▁amusing	36373
▁baking	36374
▁bellies	36375
▁bodied	36376
▁booked	36377
▁bunker	36378
▁comfortably	36379
▁cultivation	36380
▁decrees	36381
▁delinquency	36382
▁detrimental	36383
▁ecosystems	36384
▁emptiness	36385
▁enclosed	36386
▁exceeds	36387
▁fulfil	36388
▁gland	36389
▁hairy	36390
▁illegitimate	36391
▁legendary	36392
▁limp	36393
▁login	36394
▁matrices	36395
▁meekness	36396
▁misses	36397
▁neglecting	36398
▁oneness	36399
▁overreact	36400
▁oxide	36401
▁parasite	36402
▁poker	36403
▁retarded	36404
▁revel	36405
▁sam	36406
▁selves	36407
▁showers	36408
▁traders	36409
▁unchristian	36410
▁urina	36411
▁verified	36412
▁von	36413
▁あきらめる	36414
▁あたる	36415
▁えじき	36416
▁つぼ	36417
▁アーティス	36418
▁ウラン	36419
▁エビ	36420
▁クリーム	36421
▁ゲイリー	36422
▁ショート	36423
▁シールド	36424
▁スピーチ	36425
▁セブ	36426
▁テー	36427
▁ハリス	36428
▁ハーブ	36429
▁マグロ	36430
▁ミシェル	36431
▁メディ	36432
▁ラルフ	36433
▁レンガ	36434
▁入り込む	36435
▁再三	36436
▁壮麗	36437
▁尊ぶ	36438
▁年下	36439
▁慣	36440
▁憂い	36441
▁抱ける	36442
▁挙	36443
▁揺ら	36444
▁損ない	36445
▁汚職	36446
▁混雑	36447
▁点検	36448
▁跳	36449
▁高温	36450
あがり	36451
お断り	36452
かえる	36453
かぎり	36454
き散ら	36455
るほど	36456
わたる	36457
ァー	36458
ケード	36459
シュタイン	36460
ダビデ	36461
チンコ	36462
テモテ	36463
トリップ	36464
フラグ	36465
ーサル	36466
主役	36467
埋め込	36468
帝	36469
慈善	36470
教科	36471
暖かい	36472
有害	36473
由来	36474
疾	36475
竹	36476
臣	36477
読ま	36478
追い詰め	36479
降りかかる	36480
陶	36481
-9	36482
1.0	36483
December	36484
KS	36485
arity	36486
ather	36487
enthusiastically	36488
oil	36489
pressed	36490
▁Ahead	36491
▁Augustus	36492
▁Bosnia	36493
▁Bourne	36494
▁Cares	36495
▁Delight	36496
▁Educational	36497
▁Growth	36498
▁Insurance	36499
▁Jamie	36500
▁KMail	36501
▁Monde	36502
▁Munich	36503
▁Nicodemus	36504
▁Peninsula	36505
▁Priests	36506
▁Wicked	36507
▁Yah	36508
▁amber	36509
▁awakening	36510
▁bushes	36511
▁crank	36512
▁critic	36513
▁deported	36514
▁discouraging	36515
▁disgusted	36516
▁drinkers	36517
▁enlightening	36518
▁fleeting	36519
▁geography	36520
▁liable	36521
▁medicinal	36522
▁neuron	36523
▁outgoing	36524
▁partiality	36525
▁pedal	36526
▁profane	36527
▁recruited	36528
▁reservations	36529
▁shroud	36530
▁spying	36531
▁swimmer	36532
▁unbaptized	36533
▁veneration	36534
▁warring	36535
▁Â	36536
▁ひっくり返	36537
▁アクラ	36538
▁オフセット	36539
▁クラシック	36540
▁コレ	36541
▁デラ	36542
▁マーチン	36543
▁モンゴル	36544
▁交わし	36545
▁価する	36546
▁如	36547
▁峡谷	36548
▁放縦	36549
▁柔順	36550
▁植える	36551
▁浴びる	36552
▁溶け込	36553
▁燃え上が	36554
▁牧する	36555
▁由	36556
▁短気	36557
▁立ち直	36558
▁裏付ける	36559
▁証印	36560
▁過ご	36561
▁険しい	36562
▁騒々し	36563
くさい	36564
じょう	36565
びく	36566
ジュリエット	36567
トリックス	36568
ノミ	36569
ベトナム	36570
マヌエル	36571
メールアドレス	36572
ロバ	36573
個別	36574
倒せ	36575
再会	36576
助力	36577
参考	36578
地下鉄	36579
引き取り	36580
手柄	36581
拒絶	36582
牢獄	36583
盗聴	36584
真珠	36585
着せ	36586
見せかけ	36587
解説	36588
追いつく	36589
配布	36590
雌牛	36591
CHE	36592
Knowing	36593
Put	36594
Serv	36595
UCK	36596
author	36597
big	36598
direct	36599
iser	36600
lter	36601
mails	36602
natural	36603
▁30]	36604
▁4.1	36605
▁8:00	36606
▁Arrange	36607
▁Berkeley	36608
▁Breaking	36609
▁CLUE	36610
▁Cameroon	36611
▁Dawn	36612
▁ENGLISH	36613
▁Evangel	36614
▁Financial	36615
▁Gay	36616
▁Honest	36617
▁Lil	36618
▁Lystra	36619
▁MAR	36620
▁Okinawa	36621
▁Pure	36622
▁Results	36623
▁Template	36624
▁Wine	36625
▁Winston	36626
▁abruptly	36627
▁alias	36628
▁ambassadors	36629
▁assaults	36630
▁bathe	36631
▁canyon	36632
▁clipboard	36633
▁credited	36634
▁crystals	36635
▁deteriorating	36636
▁dictatorship	36637
▁eagerness	36638
▁ecclesiastical	36639
▁entrust	36640
▁ferry	36641
▁forefather	36642
▁graft	36643
▁greediness	36644
▁hospitalized	36645
▁interrupting	36646
▁kilometer	36647
▁lengthy	36648
▁mammal	36649
▁patt	36650
▁peek	36651
▁poisons	36652
▁pounding	36653
▁recipients	36654
▁reinforcement	36655
▁rivals	36656
▁roadblock	36657
▁rooftop	36658
▁subsequently	36659
▁toilets	36660
▁tyranny	36661
▁upgrade	36662
▁urgently	36663
▁おじいさん	36664
▁お目	36665
▁さもなくば	36666
▁ちり	36667
▁つまず	36668
▁ウチ	36669
▁オーケストラ	36670
▁シェイ	36671
▁ダイエット	36672
▁ハンマー	36673
▁パーシ	36674
▁ヒューストン	36675
▁ピル	36676
▁フード	36677
▁丘陵	36678
▁叫び求め	36679
▁噴出	36680
▁後れ	36681
▁教団	36682
▁流産	36683
▁積み上げ	36684
▁羽根	36685
▁良し	36686
▁落と	36687
▁読み物	36688
▁除け	36689
▁食い止める	36690
づつ	36691
ゆる	36692
らっしゃい	36693
わたり	36694
オーダー	36695
カフェ	36696
カーン	36697
ガロン	36698
コンビ	36699
スタンプ	36700
ツバ	36701
ハブ	36702
バッジ	36703
マック	36704
仕方ない	36705
企画	36706
伝わ	36707
偉	36708
填	36709
富士山	36710
小切手	36711
悔い改め	36712
悪口	36713
槽	36714
死人	36715
洗浄	36716
痴	36717
葬儀	36718
計略	36719
論者	36720
貯め	36721
2002	36722
Each	36723
Jerusalem	36724
ambo	36725
continue	36726
emi	36727
enchant	36728
eni	36729
eta	36730
fast	36731
having	36732
max	36733
opia	36734
tarfleet	36735
uber	36736
yama	36737
▁106	36738
▁2%	36739
▁4.)	36740
▁Bella	36741
▁DR	36742
▁EM	36743
▁Extreme	36744
▁Highlights	36745
▁Lut	36746
▁Manila	36747
▁Microsoft	36748
▁Missionaries	36749
▁OVER	36750
▁Plants	36751
▁QUESTIONS	36752
▁Tasmania	36753
▁Willie	36754
▁Zi	36755
▁Zone	36756
▁antique	36757
▁apes	36758
▁applaud	36759
▁attire	36760
▁backpack	36761
▁cod	36762
▁consecutive	36763
▁contraction	36764
▁cruise	36765
▁diploma	36766
▁hesitant	36767
▁householders	36768
▁lice	36769
▁liters	36770
▁lovable	36771
▁madam	36772
▁memo	36773
▁mockery	36774
▁numerical	36775
▁patriotic	36776
▁procure	36777
▁solitude	36778
▁stained	36779
▁suppressed	36780
▁triumphant	36781
▁unbearable	36782
▁vastly	36783
▁vocation	36784
▁vomiting	36785
▁wherefore	36786
▁wig	36787
▁いばら	36788
▁いまや	36789
▁きまり	36790
▁さばき	36791
▁しすぎ	36792
▁たがる	36793
▁ただちに	36794
▁つまずく	36795
▁なべ	36796
▁アステカ	36797
▁インシュリン	36798
▁エルサルバドル	36799
▁ガウ	36800
▁スラ	36801
▁チャンピオン	36802
▁テレビゲーム	36803
▁ハマ	36804
▁マーシャル	36805
▁リオデジャネイロ	36806
▁制作	36807
▁年ごろ	36808
▁愚	36809
▁承諾	36810
▁格闘	36811
▁遂に	36812
▁陳	36813
きつく	36814
づき	36815
なじみ	36816
むり	36817
カッコ	36818
キッチン	36819
コップ	36820
シロ	36821
上下	36822
信条	36823
墜	36824
弾き	36825
役立	36826
急げ	36827
押せ	36828
持ち歩	36829
枠組み	36830
殴り	36831
泰	36832
照らし	36833
牢	36834
神殿	36835
範囲を	36836
股	36837
苦しめ	36838
荒ら	36839
行き着く	36840
見解	36841
返る	36842
通話	36843
鉛筆	36844
防止	36845
AIDS	36846
EG	36847
EXPERIMENTAL	36848
NER	36849
ango	36850
brothers	36851
build	36852
iqu	36853
mal	36854
process	36855
tention	36856
watchtower	36857
▁137	36858
▁740	36859
▁Alicia	36860
▁Aquila	36861
▁Below	36862
▁Blake	36863
▁Chip	36864
▁Currently	36865
▁Gustav	36866
▁Lem	36867
▁Midian	36868
▁NAR	36869
▁Patience	36870
▁Reform	36871
▁Starling	36872
▁Thai	36873
▁Upper	36874
▁Vel	36875
▁adoptive	36876
▁agitated	36877
▁amazingly	36878
▁appease	36879
▁append	36880
▁assholes	36881
▁biting	36882
▁bleach	36883
▁blush	36884
▁bureau	36885
▁cherubs	36886
▁corrupting	36887
▁danced	36888
▁dedicating	36889
▁detectives	36890
▁grove	36891
▁hailed	36892
▁mutations	36893
▁overcame	36894
▁pawn	36895
▁pests	36896
▁popped	36897
▁proclaimer	36898
▁protests	36899
▁raccoon	36900
▁resemblance	36901
▁saliva	36902
▁smuggling	36903
▁snapped	36904
▁spice	36905
▁thankfulness	36906
▁tighten	36907
▁turbine	36908
▁wreak	36909
▁てんかん	36910
▁めちゃくちゃ	36911
▁わあ	36912
▁イラ	36913
▁オーガ	36914
▁カート	36915
▁キット	36916
▁ジェニファー	36917
▁ソフィア	36918
▁チキン	36919
▁ディナー	36920
▁ナル	36921
▁プレー	36922
▁ポップ	36923
▁ヨハン	36924
▁仰せ	36925
▁慎み深い	36926
▁控える	36927
▁撤	36928
▁支給	36929
▁方言	36930
▁没	36931
▁育て上げ	36932
▁脱退	36933
▁至聖所	36934
▁視野	36935
▁銃声	36936
▁電線	36937
▁香水	36938
められ	36939
ガニ	36940
キョ	36941
ジラ	36942
ポルノ	36943
メア	36944
リティー	36945
レア	36946
交流	36947
協定	36948
受け取れ	36949
堕落	36950
徴	36951
意義	36952
愚か者	36953
手掛かり	36954
押し付け	36955
是非	36956
校長	36957
発売	36958
聖域	36959
臓	36960
諭	36961
資	36962
走れ	36963
遠ざけ	36964
陪	36965
頭がい	36966
2003	36967
Forgiving	36968
Ga	36969
HO	36970
LIN	36971
Pol	36972
Ta	36973
Wan	36974
alter	36975
break	36976
ckle	36977
ead	36978
eet	36979
ession	36980
iter	36981
litz	36982
unto	36983
weed	36984
▁7.)	36985
▁Collect	36986
▁Freed	36987
▁Jaime	36988
▁Luxembourg	36989
▁Mira	36990
▁Neu	36991
▁OTHER	36992
▁Peterson	36993
▁Representative	36994
▁Spot	36995
▁Tun	36996
▁Warm	36997
▁Weapons	36998
▁astounded	36999
▁buffer	37000
▁chore	37001
▁cigar	37002
▁clap	37003
▁contradictory	37004
▁correcting	37005
▁courtroom	37006
▁criteria	37007
▁defender	37008
▁deforestation	37009
▁doubtful	37010
▁hemoglobin	37011
▁incorruptible	37012
▁indignation	37013
▁knowingly	37014
▁labour	37015
▁phenomenal	37016
▁pottery	37017
▁repaid	37018
▁sausage	37019
▁seasoned	37020
▁serum	37021
▁stamped	37022
▁theoretical	37023
▁transcend	37024
▁waiter	37025
▁workmates	37026
▁wrestle	37027
▁ねらい	37028
▁アムステルダム	37029
▁アリフ	37030
▁イノ	37031
▁テッサ	37032
▁ニール	37033
▁パレード	37034
▁フレーム	37035
▁ユーフラテス	37036
▁作り方	37037
▁俳優	37038
▁前書	37039
▁山頂	37040
▁幹線	37041
▁悪しき	37042
▁悪臭	37043
▁横浜	37044
▁粘	37045
▁貸す	37046
▁身内	37047
▁重み	37048
あなたたち	37049
しくじ	37050
におい	37051
まとま	37052
キモ	37053
コンポ	37054
サボ	37055
ズン	37056
ナイン	37057
フィア	37058
フン	37059
固有	37060
壕	37061
夜明け	37062
大阪	37063
太平洋	37064
引き渡す	37065
引き離	37066
日の出	37067
生物学的	37068
皮質	37069
知覚	37070
血痕	37071
論議	37072
阻害	37073
BLE	37074
Everything	37075
GB	37076
Hearer	37077
Truly	37078
While	37079
borg	37080
categori	37081
due	37082
lete	37083
ody	37084
rump	37085
serve	37086
solve	37087
uto	37088
ղ	37089
▁$30	37090
▁0.0	37091
▁1,9	37092
▁9,14	37093
▁Alarm	37094
▁Appropriately	37095
▁Beau	37096
▁Creed	37097
▁Crowley	37098
▁Eun	37099
▁Exist	37100
▁Genuine	37101
▁Glen	37102
▁Included	37103
▁Jen	37104
▁Joyful	37105
▁Motor	37106
▁Quot	37107
▁Secure	37108
▁Wha	37109
▁artwork	37110
▁behaving	37111
▁bully	37112
▁calamitous	37113
▁congress	37114
▁economical	37115
▁festivities	37116
▁fetish	37117
▁flap	37118
▁flourished	37119
▁implementation	37120
▁indoors	37121
▁mansion	37122
▁midday	37123
▁mindful	37124
▁nick	37125
▁nostrils	37126
▁omni	37127
▁owing	37128
▁pastime	37129
▁piercing	37130
▁rabbi	37131
▁residue	37132
▁rocking	37133
▁squander	37134
▁subdued	37135
▁subtracting	37136
▁sucking	37137
▁unitedly	37138
▁watery	37139
▁あらず	37140
▁きり	37141
▁だれしも	37142
▁とてつもな	37143
▁アンソニー	37144
▁ウイ	37145
▁カフェ	37146
▁カミー	37147
▁グラハム	37148
▁セクシー	37149
▁ビニール	37150
▁ビンセント	37151
▁ヘルプ	37152
▁モロ	37153
▁リベリア	37154
▁債務	37155
▁前提	37156
▁功績	37157
▁悩む	37158
▁拘禁	37159
▁揚げ	37160
▁揺るが	37161
▁映し出	37162
▁杉	37163
▁淡水	37164
▁煙突	37165
▁用法	37166
▁絹	37167
▁軽べつ	37168
▁部位	37169
ひいき	37170
ぷん	37171
ゆら	37172
アブラハム	37173
クオ	37174
ナイス	37175
フロー	37176
ポジ	37177
ラテ	37178
ランダ	37179
ンドラ	37180
以後	37181
使い果たし	37182
前後	37183
勲	37184
司法	37185
呆	37186
嗅ぎ	37187
延ばし	37188
恥じ	37189
憎しみ	37190
断片	37191
昇進	37192
決まる	37193
童	37194
覚ます	37195
踊る	37196
連れ戻	37197
酔っ払	37198
防備	37199
110	37200
271	37201
3.0	37202
CS	37203
GN	37204
War	37205
blis	37206
both	37207
cake	37208
gifts	37209
kra	37210
mond	37211
screen	37212
uba	37213
й	37214
▁2,4	37215
▁400,000	37216
▁Barbie	37217
▁Courage	37218
▁Dinner	37219
▁HTTP	37220
▁Iscariot	37221
▁Lenn	37222
▁Leslie	37223
▁Manage	37224
▁Mim	37225
▁Period	37226
▁Reject	37227
▁Seeking	37228
▁Speech	37229
▁Tucker	37230
▁Yahweh	37231
▁abort	37232
▁ambitions	37233
▁attaining	37234
▁championship	37235
▁constraints	37236
▁dancers	37237
▁diligence	37238
▁disapproved	37239
▁fatty	37240
▁fishes	37241
▁gangster	37242
▁grey	37243
▁heroic	37244
▁insisting	37245
▁interchange	37246
▁mint	37247
▁noticeable	37248
▁paradox	37249
▁parenting	37250
▁polished	37251
▁potassium	37252
▁rubble	37253
▁scanning	37254
▁shrinking	37255
▁sip	37256
▁slew	37257
▁sprang	37258
▁tidy	37259
▁trampled	37260
▁unpopular	37261
▁uterus	37262
▁virginity	37263
▁あずかれ	37264
▁ぐず	37265
▁めげ	37266
▁イシ	37267
▁ウィンター	37268
▁キル	37269
▁クローン	37270
▁シェークスピア	37271
▁ジプシー	37272
▁ジュリー	37273
▁スプ	37274
▁タンカー	37275
▁デザート	37276
▁ビザ	37277
▁マティ	37278
▁レナ	37279
▁上海	37280
▁取り替え	37281
▁宿営	37282
▁忍ぶ	37283
▁持ち帰	37284
▁捧げ	37285
▁散らす	37286
▁斥候	37287
▁木星	37288
▁模	37289
▁満員	37290
▁票	37291
▁空白	37292
▁窃盗	37293
▁納税	37294
▁高騰	37295
▁鳴らし	37296
とんでもない	37297
アレン	37298
クモ	37299
コメディ	37300
チャップ	37301
トルコ	37302
ノフ	37303
ハエ	37304
ブラウ	37305
ユーロ	37306
主権	37307
先んじ	37308
勢い	37309
受賞	37310
向き合	37311
喝采	37312
探り	37313
普	37314
服装	37315
溺	37316
知り合	37317
立方	37318
糖分	37319
脊	37320
60,000	37321
DEN	37322
WF	37323
ancing	37324
aqq	37325
image	37326
laughter	37327
logist	37328
mankind	37329
protect	37330
rush	37331
▁(7)	37332
▁<	37333
▁Agrippa	37334
▁Alma	37335
▁Austin	37336
▁Brotherhood	37337
▁Charge	37338
▁Communists	37339
▁Covenant	37340
▁Effect	37341
▁Ferdinand	37342
▁Neo	37343
▁Righteousness	37344
▁Sadducees	37345
▁Servant	37346
▁Servants	37347
▁Sheep	37348
▁Tertullian	37349
▁abusively	37350
▁ammunition	37351
▁ashore	37352
▁awhile	37353
▁closeness	37354
▁communion	37355
▁consumes	37356
▁delegation	37357
▁disunity	37358
▁drilling	37359
▁endorse	37360
▁evoke	37361
▁geologist	37362
▁goose	37363
▁iPhone	37364
▁insufficient	37365
▁jeopardize	37366
▁kangaroo	37367
▁lighten	37368
▁metabolism	37369
▁mistakenly	37370
▁monuments	37371
▁murdering	37372
▁notions	37373
▁organizer	37374
▁playground	37375
▁radically	37376
▁repairing	37377
▁retard	37378
▁screening	37379
▁soak	37380
▁sofa	37381
▁successes	37382
▁syphilis	37383
▁systematically	37384
▁tanker	37385
▁tigers	37386
▁unwholesome	37387
▁vendor	37388
▁およぶ	37389
▁カセット	37390
▁ジョエル	37391
▁トレント	37392
▁ニカラグア	37393
▁ビート	37394
▁フィッツ	37395
▁ホース	37396
▁ミシシッピ	37397
▁ミナ	37398
▁メギド	37399
▁侵攻	37400
▁委	37401
▁寝た	37402
▁居合わせ	37403
▁延長	37404
▁引き寄せる	37405
▁弱める	37406
▁掌	37407
▁根気	37408
▁歩ま	37409
▁水位	37410
▁減る	37411
▁磁場	37412
▁秘けつ	37413
▁見返り	37414
▁近づけ	37415
◯	37416
くじ	37417
ゲール	37418
デブ	37419
パニック	37420
ヒトラー	37421
ペイ	37422
リハ	37423
前もって	37424
取り出す	37425
団結	37426
寸前	37427
幼児	37428
広める	37429
悲嘆	37430
扱える	37431
持ち帰	37432
指先	37433
掌	37434
撒	37435
栽培	37436
混合	37437
無くなる	37438
無礼	37439
理性	37440
盲	37441
蚊	37442
貯	37443
跪	37444
飛べる	37445
DC	37446
Fal	37447
KI	37448
Ka	37449
Noah	37450
alind	37451
believe	37452
brook	37453
fest	37454
ggle	37455
maid	37456
ones	37457
rma	37458
station	37459
uent	37460
yb	37461
է	37462
▁Chow	37463
▁Constant	37464
▁Donna	37465
▁Elli	37466
▁Jacques	37467
▁Johannes	37468
▁Led	37469
▁Lima	37470
▁Medic	37471
▁Restore	37472
▁Seoul	37473
▁admonish	37474
▁advent	37475
▁approximate	37476
▁betting	37477
▁bloodless	37478
▁cerebr	37479
▁chemotherapy	37480
▁chiefly	37481
▁commence	37482
▁conventioners	37483
▁emerges	37484
▁enforced	37485
▁fearsome	37486
▁flashlight	37487
▁forsaken	37488
▁gamblers	37489
▁imports	37490
▁irony	37491
▁migraine	37492
▁mysql	37493
▁overeating	37494
▁pg	37495
▁plural	37496
▁riders	37497
▁robust	37498
▁sim	37499
▁stigma	37500
▁wrapping	37501
▁つくし	37502
▁ながめ	37503
▁よみがえる	37504
▁カナ	37505
▁ショ	37506
▁ショウ	37507
▁シーク	37508
▁チーフ	37509
▁デリ	37510
▁ネパール	37511
▁ビルマ	37512
▁ヘッ	37513
▁ヴァル	37514
▁仏	37515
▁仕向け	37516
▁付き従う	37517
▁作れ	37518
▁塗る	37519
▁増し加わる	37520
▁幾億	37521
▁引っ越す	37522
▁慣れる	37523
▁新種	37524
▁浄	37525
▁演壇	37526
▁統制	37527
▁線維	37528
▁英米	37529
▁頭蓋骨	37530
▁飛び込	37531
▁騎	37532
ほぐ	37533
ほっ	37534
やり直し	37535
キャッシュ	37536
ストア	37537
タリング	37538
フォース	37539
ポーズ	37540
リーク	37541
ルダ	37542
僧	37543
入口	37544
占い	37545
局長	37546
当てはま	37547
措置	37548
損なう	37549
改め	37550
整列	37551
根絶	37552
知り尽く	37553
診察	37554
話し方	37555
説き明か	37556
踏ん	37557
送り込	37558
雇わ	37559
飲み込	37560
ERT	37561
LET	37562
November	37563
URA	37564
cond	37565
ctions	37566
feel	37567
mé	37568
oki	37569
rgh	37570
volution	37571
wel	37572
Å	37573
▁10:00	37574
▁2.4	37575
▁54:	37576
▁Admit	37577
▁Authorized	37578
▁Beast	37579
▁Blessing	37580
▁Conflict	37581
▁Flynn	37582
▁Hair	37583
▁Judging	37584
▁Masa	37585
▁Mitch	37586
▁Moved	37587
▁Pointing	37588
▁Seth	37589
▁Solid	37590
▁Twin	37591
▁Vertical	37592
▁Wallace	37593
▁Weekly	37594
▁Yama	37595
▁acquisition	37596
▁administering	37597
▁adulterous	37598
▁bronze	37599
▁carnival	37600
▁citizenship	37601
▁colder	37602
▁comin	37603
▁conspire	37604
▁contracting	37605
▁countenance	37606
▁enticed	37607
▁excel	37608
▁facets	37609
▁fatherless	37610
▁forcefully	37611
▁homo	37612
▁horsemen	37613
▁inventory	37614
▁investing	37615
▁memorized	37616
▁naval	37617
▁offenders	37618
▁pierced	37619
▁pits	37620
▁robe	37621
▁scam	37622
▁skinny	37623
▁sporting	37624
▁tit	37625
▁triangles	37626
▁つなぐ	37627
▁アウト	37628
▁イライ	37629
▁カーン	37630
▁ゲリラ	37631
▁ダナ	37632
▁トリック	37633
▁ナタン	37634
▁ヒン	37635
▁ミネ	37636
▁ライオ	37637
▁ロブ	37638
▁一端	37639
▁三十	37640
▁上陸	37641
▁付し	37642
▁侮	37643
▁卑劣	37644
▁外衣	37645
▁斧	37646
▁染ま	37647
▁染め	37648
▁河	37649
▁熟し	37650
▁留まる	37651
▁相応	37652
▁裁き主	37653
▁選出	37654
▁隔たり	37655
き出	37656
ささや	37657
つかま	37658
やさしい	37659
んご	37660
カネ	37661
ホルモン	37662
メシ	37663
ライザ	37664
レスター	37665
ワトソン	37666
ンガ	37667
仕留め	37668
前提	37669
可能にする	37670
吹っ飛	37671
幾ら	37672
役立たず	37673
抱きしめ	37674
拒	37675
描け	37676
救済	37677
有益	37678
滅ぼす	37679
画家	37680
示さ	37681
繊維	37682
背負	37683
腔	37684
走路	37685
運べ	37686
頼る	37687
LESS	37688
Out	37689
SIS	37690
VOL	37691
condition	37692
font	37693
imun	37694
lp	37695
ouse	37696
¿	37697
▁9:00	37698
▁Approach	37699
▁Authorities	37700
▁Becky	37701
▁Crossword	37702
▁Disorder	37703
▁Drew	37704
▁Echo	37705
▁Gang	37706
▁Highway	37707
▁Himalaya	37708
▁Ironically	37709
▁Jose	37710
▁Lynn	37711
▁Marc	37712
▁Michel	37713
▁Swan	37714
▁Vicki	37715
▁accelerated	37716
▁actuat	37717
▁applicable	37718
▁awoke	37719
▁blades	37720
▁cliffs	37721
▁commodity	37722
▁countrymen	37723
▁credentials	37724
▁distortion	37725
▁ineffective	37726
▁informant	37727
▁instructing	37728
▁linguistic	37729
▁manhood	37730
▁orchard	37731
▁painfully	37732
▁postponed	37733
▁racism	37734
▁rattle	37735
▁relics	37736
▁saturated	37737
▁softly	37738
▁treasury	37739
▁worsening	37740
▁さき	37741
▁しかた	37742
▁シカ	37743
▁スローガン	37744
▁ナイロビ	37745
▁ヨベル	37746
▁僧	37747
▁協調	37748
▁受賞	37749
▁哀歌	37750
▁封印	37751
▁小鳥	37752
▁戦線	37753
▁振舞い	37754
▁捨て去	37755
▁掲	37756
▁梅毒	37757
▁樹立	37758
▁気性	37759
▁没収	37760
▁火葬	37761
▁煩わ	37762
▁甘く	37763
▁相反する	37764
▁素材	37765
▁義務づけ	37766
▁聴き従	37767
▁英文	37768
▁評論	37769
▁譲	37770
▁豪	37771
▁郷里	37772
むく	37773
もったいない	37774
やってのけ	37775
サンドラ	37776
スプリ	37777
スプレー	37778
ソーン	37779
ビート	37780
フットボール	37781
メトロ	37782
リール	37783
作為	37784
倍加	37785
分け前	37786
勤勉	37787
十字架	37788
尊厳	37789
当たり前	37790
悩ます	37791
毎週	37792
皮肉	37793
直径	37794
自足	37795
討	37796
追いかける	37797
遠征	37798
韓国	37799
,900	37800
Children	37801
Had	37802
Pharaoh	37803
RIT	37804
Therefore	37805
escent	37806
grand	37807
kle	37808
oria	37809
support	37810
▁Babe	37811
▁Canyon	37812
▁Capitol	37813
▁Classic	37814
▁Customs	37815
▁Deaf	37816
▁Edith	37817
▁Hector	37818
▁Hiro	37819
▁Hoo	37820
▁Kl	37821
▁Lived	37822
▁Manual	37823
▁Moos	37824
▁Mostly	37825
▁Refresh	37826
▁Round	37827
▁Wade	37828
▁boasting	37829
▁concentrating	37830
▁confer	37831
▁conjecture	37832
▁counterparts	37833
▁diagonal	37834
▁disabilities	37835
▁displaced	37836
▁employs	37837
▁expire	37838
▁flexibility	37839
▁flirt	37840
▁haircut	37841
▁imagery	37842
▁imbalance	37843
▁jars	37844
▁kernel	37845
▁milestone	37846
▁objectionable	37847
▁outdoor	37848
▁predictor	37849
▁probabilities	37850
▁promiscuous	37851
▁sized	37852
▁spontaneously	37853
▁stride	37854
▁taxpayer	37855
▁therapies	37856
▁transistor	37857
▁tremor	37858
▁wrathful	37859
▁いら立ち	37860
▁ごまかし	37861
▁ひれ	37862
▁アルミニウム	37863
▁ウィー	37864
▁エホシャファト	37865
▁カシ	37866
▁カンガルー	37867
▁ガードナー	37868
▁サッ	37869
▁ダイアナ	37870
▁ロザリオ	37871
▁不倫	37872
▁偽る	37873
▁反撃	37874
▁取り巻く	37875
▁吸血鬼	37876
▁囚	37877
▁憐	37878
▁手当	37879
▁打ち勝つ	37880
▁持たせる	37881
▁短縮	37882
▁縫	37883
▁繁	37884
▁茂み	37885
▁菓子	37886
▁譲り	37887
▁造り出	37888
▁限りなく	37889
▁飲	37890
ごっこ	37891
オキシ	37892
キロメートル	37893
スピン	37894
パタ	37895
ボクサー	37896
メイド	37897
メリット	37898
ヤコブ	37899
ヴィル	37900
付き添い	37901
休む	37902
取り消し	37903
手下	37904
打ち明け	37905
散らし	37906
数百	37907
旅路	37908
比喩	37909
滑り	37910
目覚める	37911
緯	37912
造る	37913
選択し	37914
鑑定	37915
陳	37916
馬車	37917
Surely	37918
aria	37919
croft	37920
enko	37921
felt	37922
ivo	37923
kept	37924
laughs	37925
note	37926
pec	37927
ses	37928
stock	37929
terior	37930
treat	37931
umbling	37932
www	37933
▁280	37934
▁Az	37935
▁DES	37936
▁Ear	37937
▁Fisher	37938
▁Hyper	37939
▁Oklahoma	37940
▁Planning	37941
▁Poison	37942
▁Province	37943
▁Shock	37944
▁Spencer	37945
▁Spock	37946
▁WOULD	37947
▁bacterial	37948
▁boo	37949
▁condemning	37950
▁durable	37951
▁ecology	37952
▁edible	37953
▁gauge	37954
▁harassed	37955
▁hose	37956
▁imparts	37957
▁intervened	37958
▁lousy	37959
▁medic	37960
▁morbid	37961
▁mortar	37962
▁offenses	37963
▁pathogen	37964
▁populace	37965
▁printery	37966
▁reestablish	37967
▁sealing	37968
▁stimulation	37969
▁sturdy	37970
▁unsafe	37971
▁vagina	37972
▁var	37973
▁いなご	37974
▁ほし	37975
▁よみがえ	37976
▁アム	37977
▁グレート	37978
▁ココナツ	37979
▁サイクル	37980
▁シメオン	37981
▁ジュネーブ	37982
▁ステュー	37983
▁タフ	37984
▁トロイ	37985
▁ナボ	37986
▁ピエール	37987
▁ピク	37988
▁ラッキー	37989
▁一斉	37990
▁丈	37991
▁下げる	37992
▁割当て	37993
▁反響	37994
▁塚	37995
▁忍耐強く	37996
▁振り向	37997
▁欺まん	37998
▁殿	37999
▁芳	38000
▁血漿	38001
▁言い伝え	38002
▁語句	38003
▁贖	38004
▁踏ん	38005
▁連れ戻	38006
▁連鎖	38007
▁静けさ	38008
▁骨格	38009
いじめ	38010
さっぱり	38011
ちまえ	38012
アイアン	38013
ウォルター	38014
オリンピック	38015
カエル	38016
カレン	38017
セラピ	38018
チャル	38019
トピック	38020
フスキー	38021
ラクター	38022
リフト	38023
ーカ	38024
処女	38025
含める	38026
帽	38027
強健	38028
打て	38029
楼	38030
殴る	38031
畏	38032
総統	38033
葬式	38034
衰え	38035
越え	38036
軽率	38037
返還	38038
降ろす	38039
8)	38040
PT	38041
defined	38042
inja	38043
mentioned	38044
minister	38045
odo	38046
special	38047
ł	38048
թ	38049
▁2,200	38050
▁Abrahamic	38051
▁Burma	38052
▁Climb	38053
▁Edgar	38054
▁Huge	38055
▁Individual	38056
▁Lagos	38057
▁Leone	38058
▁Madagascar	38059
▁Pilgrim	38060
▁Silent	38061
▁Surprise	38062
▁Troy	38063
▁Ultimately	38064
▁Unbelievable	38065
▁Wife	38066
▁academy	38067
▁admirable	38068
▁barred	38069
▁bog	38070
▁carriers	38071
▁choir	38072
▁circulated	38073
▁cite	38074
▁contented	38075
▁decreases	38076
▁dictate	38077
▁dissent	38078
▁expired	38079
▁flourishing	38080
▁fry	38081
▁gel	38082
▁haunted	38083
▁impostor	38084
▁insults	38085
▁kindergarten	38086
▁lament	38087
▁lesbian	38088
▁lever	38089
▁liberties	38090
▁longevity	38091
▁lush	38092
▁magicians	38093
▁mercies	38094
▁monoxide	38095
▁navy	38096
▁offshore	38097
▁partaking	38098
▁protested	38099
▁reclaim	38100
▁requi	38101
▁tru	38102
▁underscore	38103
▁utilize	38104
▁warmed	38105
▁wrinkle	38106
▁あわ	38107
▁ひび	38108
▁まつわる	38109
▁ウィクリフ	38110
▁キース	38111
▁クイーン	38112
▁サンドイッチ	38113
▁ジャニス	38114
▁テレグラフ	38115
▁フェル	38116
▁マレーシア	38117
▁ヤング	38118
▁レム	38119
▁ヴォー	38120
▁七十	38121
▁下着	38122
▁入場	38123
▁反感	38124
▁呪文	38125
▁悲鳴	38126
▁指図	38127
▁治る	38128
▁洋	38129
▁温泉	38130
▁王女	38131
▁珍	38132
▁確定	38133
▁竜	38134
▁精密	38135
▁蝶	38136
▁雄弁	38137
▁食生活	38138
あいま	38139
やっつけ	38140
アーク	38141
イスマー	38142
エレベーター	38143
オーナー	38144
キック	38145
グス	38146
サック	38147
ッサー	38148
テクス	38149
ディレクター	38150
マクロ	38151
モニタ	38152
リクエ	38153
京都	38154
人権	38155
偽善	38156
優る	38157
叱	38158
唆	38159
壺	38160
属し	38161
幻覚	38162
懸け	38163
放射線	38164
曲がり	38165
枯	38166
森林	38167
死因	38168
泳げ	38169
瑞	38170
直せ	38171
見上げ	38172
観光	38173
詰まり	38174
重なる	38175
重視	38176
頭脳	38177
Should	38178
URI	38179
anti	38180
chuckles	38181
dollar	38182
evel	38183
meaning	38184
slow	38185
▁Afraid	38186
▁Ahasuerus	38187
▁Alta	38188
▁Bookmark	38189
▁Cir	38190
▁Consumer	38191
▁Function	38192
▁Hurt	38193
▁Janet	38194
▁Marvin	38195
▁Oi	38196
▁REM	38197
▁Rogers	38198
▁Rust	38199
▁SEC	38200
▁Selected	38201
▁Uruguay	38202
▁VA	38203
▁battered	38204
▁bodyguard	38205
▁carve	38206
▁conveys	38207
▁dairy	38208
▁evildoer	38209
▁hummingbird	38210
▁illegally	38211
▁indecent	38212
▁innermost	38213
▁instability	38214
▁intensify	38215
▁laborers	38216
▁lavish	38217
▁macro	38218
▁marries	38219
▁notification	38220
▁opportune	38221
▁penal	38222
▁planetary	38223
▁plank	38224
▁redirect	38225
▁screams	38226
▁simulate	38227
▁skipped	38228
▁superpowers	38229
▁supervised	38230
▁tuned	38231
▁uprightness	38232
▁vindicated	38233
▁おおむね	38234
▁かき乱	38235
▁アマチュア	38236
▁コルク	38237
▁ネクタイ	38238
▁プライベート	38239
▁ミッチ	38240
▁レア	38241
▁上回り	38242
▁依り頼み	38243
▁先例	38244
▁切り倒	38245
▁取りかかり	38246
▁取り出す	38247
▁困る	38248
▁外傷	38249
▁押し出	38250
▁測	38251
▁科目	38252
▁罰する	38253
▁言論	38254
▁調達	38255
▁辞	38256
▁通ずる	38257
▁遠ざけ	38258
▁錯	38259
▁防犯	38260
▁零	38261
▁顔色	38262
▁飾っ	38263
あがる	38264
あらわ	38265
すこ	38266
ひろ	38267
ゆみ	38268
アームストロング	38269
ウエア	38270
クリプトン	38271
サイコ	38272
ザリ	38273
ジュン	38274
スケ	38275
ダス	38276
ナノ	38277
ナビ	38278
バブル	38279
プリン	38280
ホモ	38281
ラク	38282
レシピ	38283
乱れ	38284
媒	38285
小さ	38286
憲法	38287
格差	38288
渋滞	38289
漂	38290
火器	38291
燔	38292
礼儀	38293
落し	38294
落ち着く	38295
褒め	38296
解ける	38297
貯金	38298
BS	38299
Que	38300
armed	38301
believers	38302
cop	38303
cycle	38304
eyed	38305
iggin	38306
lé	38307
need	38308
psi	38309
suspenseful	38310
yah	38311
zzy	38312
ð	38313
▁1880	38314
▁26,27)	38315
▁Atonement	38316
▁Babylonish	38317
▁Buddy	38318
▁Camille	38319
▁DAY	38320
▁Distress	38321
▁Heather	38322
▁Honduras	38323
▁Include	38324
▁Julius	38325
▁Langley	38326
▁Lovely	38327
▁Mile	38328
▁Nut	38329
▁Pirate	38330
▁Psych	38331
▁SAM	38332
▁Shake	38333
▁Tel	38334
▁Theresa	38335
▁[8	38336
▁advisor	38337
▁agreeing	38338
▁aisle	38339
▁analogy	38340
▁ardent	38341
▁bearers	38342
▁bowel	38343
▁bowing	38344
▁caregiver	38345
▁chunk	38346
▁cleric	38347
▁descends	38348
▁dismay	38349
▁exaggeration	38350
▁fervently	38351
▁flirting	38352
▁flowed	38353
▁gonorrhea	38354
▁hamburger	38355
▁hillside	38356
▁hippie	38357
▁hyena	38358
▁indirect	38359
▁lease	38360
▁lull	38361
▁maximize	38362
▁mechanic	38363
▁overtaken	38364
▁pedestrian	38365
▁prejudiced	38366
▁prostate	38367
▁radiant	38368
▁recommending	38369
▁sift	38370
▁smack	38371
▁tourism	38372
▁unbelief	38373
▁ventilation	38374
▁waged	38375
▁winding	38376
▁あわて	38377
▁くたばれ	38378
▁すさまじい	38379
▁とっく	38380
▁アリソン	38381
▁オーディオ	38382
▁セミ	38383
▁バングラデシュ	38384
▁ファラ	38385
▁ホロコースト	38386
▁ポテ	38387
▁ミュージック	38388
▁ラナ	38389
▁ルディ	38390
▁ヴァー	38391
▁並ぶ	38392
▁事欠	38393
▁付き添	38394
▁傷つく	38395
▁切り出	38396
▁夜空	38397
▁工芸	38398
▁希	38399
▁教え諭	38400
▁歩み方	38401
▁注ぎ込	38402
▁焼却	38403
▁終末	38404
▁賄う	38405
▁難問	38406
▁静止	38407
▁頻度	38408
がんば	38409
くつろ	38410
こも	38411
される前に	38412
つぶれ	38413
イエ	38414
カーブ	38415
ギャラリー	38416
グレード	38417
ジョイ	38418
フロア	38419
ペルト	38420
ホーク	38421
ポック	38422
リィ	38423
ワケ	38424
分かりやす	38425
四角形	38426
堪え	38427
塁	38428
大罪	38429
常識	38430
拒む	38431
普及	38432
満了	38433
見過ごす	38434
訴える	38435
詰	38436
追え	38437
這い	38438
通貨	38439
aimon	38440
cakes	38441
eating	38442
faith	38443
proofs	38444
therapy	38445
Á	38446
▁Alabama	38447
▁Antarctic	38448
▁Barb	38449
▁Brit	38450
▁Continuing	38451
▁DEC	38452
▁Dogs	38453
▁Grave	38454
▁Hat	38455
▁Launch	38456
▁Mako	38457
▁Nam	38458
▁Theological	38459
▁VD	38460
▁___	38461
▁adher	38462
▁aerial	38463
▁attentively	38464
▁bidding	38465
▁boasts	38466
▁callous	38467
▁clinics	38468
▁crate	38469
▁defile	38470
▁deprivation	38471
▁differentiate	38472
▁displeased	38473
▁dusty	38474
▁economist	38475
▁envision	38476
▁foreheads	38477
▁grandeur	38478
▁menace	38479
▁mistreatment	38480
▁oblivious	38481
▁observable	38482
▁pioneered	38483
▁runners	38484
▁soaring	38485
▁subtitle	38486
▁tamper	38487
▁transporting	38488
▁tumble	38489
▁unfit	38490
▁victories	38491
▁vindicate	38492
▁vodka	38493
▁wardrobe	38494
▁weakening	38495
▁withheld	38496
▁ぶつかり	38497
▁まん延	38498
▁イグ	38499
▁ウォルト	38500
▁ウォーター	38501
▁ステロイド	38502
▁セラピ	38503
▁センサー	38504
▁チェコスロバキア	38505
▁デス	38506
▁ネイ	38507
▁ベルシャザル	38508
▁ホンジュラス	38509
▁マネ	38510
▁乗り手	38511
▁団結	38512
▁変形	38513
▁密猟	38514
▁巡査	38515
▁建て直	38516
▁抹	38517
▁水源	38518
▁消し去	38519
▁澄	38520
▁狭	38521
▁生き返る	38522
▁看板	38523
▁童貞	38524
▁粗暴	38525
▁苦しめる	38526
▁赤字	38527
▁走り回	38528
▁隠れる	38529
▁風車	38530
▁養殖	38531
アーズ	38532
イエロー	38533
カバン	38534
シェイプ	38535
ジウム	38536
スズメ	38537
ナウ	38538
バレル	38539
パブ	38540
フェンス	38541
プラグ	38542
ミノ	38543
不断	38544
准	38545
呼び戻	38546
如	38547
子羊	38548
小包	38549
座席	38550
怠け者	38551
擁護	38552
放り出	38553
暖	38554
椎	38555
欲求	38556
流星	38557
潟	38558
片づけ	38559
脱ぎ	38560
臨在	38561
貸せ	38562
送れ	38563
鉱山	38564
鍛え	38565
長生き	38566
3;	38567
AIL	38568
EVER	38569
Israel	38570
LI	38571
ath	38572
conduct	38573
entry	38574
ond	38575
presence	38576
sell	38577
spring	38578
sufficient	38579
▁Attorney	38580
▁Auschwitz	38581
▁Bethany	38582
▁Email	38583
▁Engineering	38584
▁Fool	38585
▁Frost	38586
▁Hamburg	38587
▁Inca	38588
▁Iowa	38589
▁Lies	38590
▁Manifest	38591
▁PD	38592
▁Skywalker	38593
▁Stage	38594
▁Tests	38595
▁Thompson	38596
▁Tie	38597
▁Wycliffe	38598
▁asunder	38599
▁atop	38600
▁capitalism	38601
▁carbohydrates	38602
▁chalk	38603
▁colporteur	38604
▁competitors	38605
▁coordination	38606
▁drunkards	38607
▁dual	38608
▁echoes	38609
▁erupt	38610
▁filming	38611
▁fullness	38612
▁graze	38613
▁grill	38614
▁hanged	38615
▁locking	38616
▁prematurely	38617
▁preside	38618
▁reckoned	38619
▁refute	38620
▁restart	38621
▁roasted	38622
▁rum	38623
▁schoolwork	38624
▁shears	38625
▁somethin	38626
▁stranded	38627
▁submerged	38628
▁tranquil	38629
▁travelling	38630
▁typewriter	38631
▁undisturbed	38632
▁unlocked	38633
▁vibrations	38634
▁おおかみ	38635
▁まさ	38636
▁アドルフ	38637
▁エンター	38638
▁ドキュメント	38639
▁ネロ	38640
▁フライト	38641
▁乱交	38642
▁倒	38643
▁周年	38644
▁味覚	38645
▁埋め合わせ	38646
▁寄り	38647
▁引きつける	38648
▁引き換え	38649
▁打ち負か	38650
▁拾い	38651
▁放火	38652
▁最期	38653
▁消失	38654
▁片手	38655
▁石灰	38656
▁臭	38657
▁葦	38658
〟	38659
なけ	38660
インフルエンザ	38661
エロ	38662
オリバ	38663
キニ	38664
キャッチ	38665
スケー	38666
スワ	38667
ダンサー	38668
ハイライト	38669
フェイス	38670
ブリス	38671
リサ	38672
リナ	38673
ンシャル	38674
勝てる	38675
包括	38676
叫び声	38677
恒星	38678
悪霊	38679
成人	38680
枢	38681
目指す	38682
職人	38683
背け	38684
蟻	38685
邸宅	38686
AZ	38687
DEO	38688
aya	38689
building	38690
cade	38691
educ	38692
hop	38693
learn	38694
manship	38695
minating	38696
oping	38697
▁(20	38698
▁,"	38699
▁Benin	38700
▁Individuals	38701
▁Johann	38702
▁Palestinian	38703
▁Physician	38704
▁Publications	38705
▁Reverend	38706
▁Semi	38707
▁Sera	38708
▁Stuart	38709
▁Worm	38710
▁Zen	38711
▁aspirations	38712
▁cassettes	38713
▁chaplain	38714
▁churchgoers	38715
▁cottage	38716
▁cucumber	38717
▁curved	38718
▁deceitful	38719
▁devise	38720
▁doubling	38721
▁entice	38722
▁extravagant	38723
▁fracture	38724
▁hippo	38725
▁hitch	38726
▁identities	38727
▁imitated	38728
▁lime	38729
▁marathon	38730
▁methane	38731
▁monitored	38732
▁monstrous	38733
▁newcomer	38734
▁notified	38735
▁phonograph	38736
▁pigeon	38737
▁predicting	38738
▁protons	38739
▁rabbinic	38740
▁rotating	38741
▁seizures	38742
▁sicknesses	38743
▁silicon	38744
▁soar	38745
▁specifies	38746
▁starved	38747
▁statesman	38748
▁statutes	38749
▁thermo	38750
▁timeline	38751
▁tipped	38752
▁tithe	38753
▁whipped	38754
▁かっこいい	38755
▁はたして	38756
▁カウント	38757
▁クラック	38758
▁クリスティ	38759
▁クリップ	38760
▁コラムニスト	38761
▁スプレー	38762
▁バラム	38763
▁フレデリック	38764
▁プレート	38765
▁ポンテ	38766
▁メモリ	38767
▁ライフスタイル	38768
▁九つ	38769
▁交尾	38770
▁共犯	38771
▁吹く	38772
▁士師	38773
▁思い切	38774
▁悔い	38775
▁描き出	38776
▁断わる	38777
▁洗練	38778
▁燃やす	38779
▁直す	38780
▁砕け	38781
▁立ち直る	38782
▁賄	38783
しかも	38784
ひっくり返	38785
べる	38786
エーション	38787
クレス	38788
ソタ	38789
タトゥー	38790
ッフル	38791
テール	38792
ハロウィ	38793
バトル	38794
ブルース	38795
マニ	38796
モニター	38797
仙	38798
取りま	38799
塩基	38800
妥協	38801
実在	38802
尺	38803
年月	38804
御手	38805
怯	38806
恋しい	38807
手放	38808
捕まる	38809
摘み	38810
模範	38811
権能	38812
絵画	38813
綴	38814
蹴り	38815
部位	38816
離陸	38817
Beloved	38818
Jeeves	38819
LINE	38820
MONT	38821
hra	38822
lady	38823
logic	38824
lovers	38825
ower	38826
saints	38827
ssler	38828
virus	38829
▁(7	38830
▁10.)	38831
▁Ani	38832
▁Bangkok	38833
▁Behavior	38834
▁Culture	38835
▁Darling	38836
▁Disciple	38837
▁Elise	38838
▁Episcopal	38839
▁Escape	38840
▁Experiment	38841
▁Freddy	38842
▁Griffin	38843
▁Sandy	38844
▁Springs	38845
▁Tiny	38846
▁Vern	38847
▁acceleration	38848
▁awfully	38849
▁briefing	38850
▁cabbage	38851
▁diplomat	38852
▁diseased	38853
▁disgraceful	38854
▁dumping	38855
▁enzymes	38856
▁exclude	38857
▁exerting	38858
▁infidelity	38859
▁legions	38860
▁obese	38861
▁ordinance	38862
▁propel	38863
▁pupil	38864
▁spotlight	38865
▁switching	38866
▁tapped	38867
▁whisk	38868
▁yacht	38869
▁zebra	38870
▁すえ	38871
▁なおも	38872
▁らくだ	38873
▁エコ	38874
▁シアトル	38875
▁ジェフリー	38876
▁チル	38877
▁ブリー	38878
▁レナー	38879
▁ロイス	38880
▁似合	38881
▁僧侶	38882
▁光沢	38883
▁公認	38884
▁受け継ぎ	38885
▁執り	38886
▁孔	38887
▁撮る	38888
▁断絶	38889
▁方面	38890
▁是	38891
▁暫	38892
▁札	38893
▁果てしな	38894
▁構え	38895
▁波長	38896
▁海中	38897
▁混じ	38898
▁添加	38899
▁献げ	38900
▁王様	38901
▁破門	38902
▁笑わ	38903
▁緩め	38904
▁聴き手	38905
▁酢	38906
▁醜	38907
▁陣	38908
▁鳴り	38909
くっつ	38910
こすり	38911
こんにちわ	38912
さよなら	38913
ふたり	38914
スチ	38915
スモー	38916
トランジスタ	38917
ニューロン	38918
パルス	38919
ミリー	38920
上限	38921
人民	38922
伝染	38923
包囲	38924
女神	38925
宝物	38926
怒らせる	38927
推進	38928
業務	38929
燈	38930
相違	38931
空想	38932
突破	38933
織	38934
落ち着か	38935
覆う	38936
財政	38937
返済	38938
隷	38939
AA	38940
ITE	38941
Mary	38942
Teacher	38943
certain	38944
course	38945
digit	38946
hut	38947
written	38948
▁Accurate	38949
▁Armed	38950
▁Beijing	38951
▁Buenos	38952
▁Curse	38953
▁Encourage	38954
▁Flat	38955
▁GN	38956
▁Highlight	38957
▁Jonas	38958
▁Konqueror	38959
▁Matsu	38960
▁Mistress	38961
▁Obs	38962
▁Og	38963
▁Proclaim	38964
▁Sche	38965
▁Staff	38966
▁Superior	38967
▁Thing	38968
▁Thorn	38969
▁Vivi	38970
▁abstaining	38971
▁affordable	38972
▁agers	38973
▁architects	38974
▁audition	38975
▁bred	38976
▁bruises	38977
▁capita	38978
▁chord	38979
▁decreasing	38980
▁delinquent	38981
▁depicts	38982
▁documentary	38983
▁engineered	38984
▁entrepreneurs	38985
▁firewood	38986
▁fluctuations	38987
▁foliage	38988
▁mentality	38989
▁mistreated	38990
▁nourishing	38991
▁pitfalls	38992
▁promiscuity	38993
▁purge	38994
▁salty	38995
▁souvenir	38996
▁stork	38997
▁synod	38998
▁upsetting	38999
▁あがめ	39000
▁ものすご	39001
▁ガマ	39002
▁キャッシュ	39003
▁クリスタル	39004
▁シロアリ	39005
▁タトゥー	39006
▁ハッキング	39007
▁フォックス	39008
▁内臓	39009
▁地形	39010
▁座ら	39011
▁彩	39012
▁結びつける	39013
▁苦手	39014
▁貨幣	39015
▁身繕い	39016
▁養父	39017
あたる	39018
さじ	39019
カーボン	39020
シウス	39021
シール	39022
セーター	39023
バーナード	39024
ヒゲ	39025
ビリー	39026
ポーター	39027
ヴァイ	39028
井戸	39029
具体的な	39030
再建	39031
出エジプト	39032
十二	39033
壮大	39034
大きすぎる	39035
妊	39036
安らか	39037
廊	39038
懲らしめ	39039
戮	39040
手放す	39041
拉	39042
潜り	39043
王女	39044
素直	39045
誘う	39046
警視	39047
財宝	39048
,38	39049
100%	39050
80,000	39051
Become	39052
NP	39053
SO	39054
Trust	39055
formation	39056
hair	39057
hiro	39058
istrict	39059
ncies	39060
pack	39061
pong	39062
select	39063
Š	39064
Τ	39065
▁46)	39066
▁Audience	39067
▁Compar	39068
▁Confidence	39069
▁Congressman	39070
▁Construction	39071
▁Dai	39072
▁Decla	39073
▁Eunice	39074
▁Facts	39075
▁Gau	39076
▁Kling	39077
▁Kol	39078
▁Malta	39079
▁Marines	39080
▁Mario	39081
▁Melbourne	39082
▁Mul	39083
▁Reynolds	39084
▁Serv	39085
▁Smell	39086
▁Sophia	39087
▁Unbelievers	39088
▁accelerator	39089
▁advertisement	39090
▁annihilate	39091
▁blasphemer	39092
▁codex	39093
▁collide	39094
▁colossal	39095
▁conspicuous	39096
▁consultation	39097
▁crisp	39098
▁disagreements	39099
▁droid	39100
▁equ	39101
▁exceptionally	39102
▁extol	39103
▁fairness	39104
▁flaming	39105
▁footprints	39106
▁gardening	39107
▁harmonious	39108
▁intentionally	39109
▁isolating	39110
▁malignant	39111
▁mule	39112
▁opium	39113
▁overlap	39114
▁posters	39115
▁prevalence	39116
▁protocols	39117
▁retaliation	39118
▁scenarios	39119
▁sexuality	39120
▁smelled	39121
▁smuggled	39122
▁snuff	39123
▁towels	39124
▁transfiguration	39125
▁trespasses	39126
▁updates	39127
▁upheaval	39128
▁vandalism	39129
▁ven	39130
▁vigilante	39131
▁walker	39132
▁yelled	39133
▁あがない	39134
▁けいれん	39135
▁つかの間	39136
▁ほふ	39137
▁オイル	39138
▁オールド	39139
▁カニ	39140
▁カーク	39141
▁クライン	39142
▁ジョギング	39143
▁ダマスカス	39144
▁ディラン	39145
▁フクロウ	39146
▁マルティン	39147
▁レジー	39148
▁名付け	39149
▁大食	39150
▁失せ	39151
▁奏し	39152
▁小さ	39153
▁帆船	39154
▁憶測	39155
▁散らば	39156
▁次ぐ	39157
▁街道	39158
▁貯金	39159
▁走者	39160
▁降らせ	39161
▁食器	39162
▁駐	39163
あご	39164
そそ	39165
アウ	39166
シェフ	39167
スリン	39168
ダルフ	39169
ティウス	39170
ディスプレイ	39171
ナビゲー	39172
バナ	39173
フォト	39174
フリン	39175
フロント	39176
プライス	39177
ベロ	39178
マルチ	39179
リッチ	39180
ルーズ	39181
ヴェイ	39182
保全	39183
偽物	39184
共感	39185
包み	39186
取り囲む	39187
名声	39188
器具	39189
屠	39190
差異	39191
当選	39192
彫刻	39193
拭い	39194
機構	39195
消防	39196
演習	39197
用紙	39198
申し込	39199
疑わ	39200
真相	39201
石炭	39202
祖	39203
粛	39204
衝動	39205
覚める	39206
電波	39207
Bible	39208
Praise	39209
abi	39210
aradigm	39211
bject	39212
cif	39213
edit	39214
eff	39215
once	39216
rect	39217
rice	39218
since	39219
tchen	39220
uro	39221
▁7:00	39222
▁AFTER	39223
▁Brewster	39224
▁Busy	39225
▁Clu	39226
▁Copenhagen	39227
▁Counter	39228
▁Drake	39229
▁Fell	39230
▁Franco	39231
▁Henschel	39232
▁Hood	39233
▁IBM	39234
▁Jesuits	39235
▁Luck	39236
▁MP	39237
▁Moss	39238
▁Otto	39239
▁Petro	39240
▁Riches	39241
▁Shift	39242
▁Skill	39243
▁Tracy	39244
▁Uchi	39245
▁Waste	39246
▁Winchester	39247
▁Wizard	39248
▁[100	39249
▁alerted	39250
▁anemia	39251
▁anthropologist	39252
▁archives	39253
▁dangerously	39254
▁desirous	39255
▁fabricated	39256
▁generators	39257
▁geographic	39258
▁indignant	39259
▁infrared	39260
▁initialize	39261
▁institutional	39262
▁internationally	39263
▁lobster	39264
▁misdeeds	39265
▁motto	39266
▁naming	39267
▁periodically	39268
▁permeate	39269
▁plummet	39270
▁rim	39271
▁satan	39272
▁shorten	39273
▁sling	39274
▁soothe	39275
▁sorting	39276
▁spaceship	39277
▁あし	39278
▁えら	39279
▁くらべ	39280
▁さがし	39281
▁アベ	39282
▁オット	39283
▁カーティ	39284
▁コンサルタント	39285
▁ジャマイカ	39286
▁スポット	39287
▁タイル	39288
▁ベレア	39289
▁ローリー	39290
▁侵	39291
▁太っ	39292
▁学年	39293
▁宝物	39294
▁引き離す	39295
▁投下	39296
▁揺るぎない	39297
▁摩擦	39298
▁書き留め	39299
▁根源	39300
▁痛めつけ	39301
▁目下	39302
▁聴き従う	39303
▁通り道	39304
ぃ	39305
そろそろ	39306
つなぎ	39307
でっち上げ	39308
んざ	39309
エデン	39310
ジェシー	39311
ジット	39312
ジョニー	39313
スノウ	39314
タイムズ	39315
タオル	39316
タッカー	39317
ハーイ	39318
バリア	39319
バルカン	39320
ブチ	39321
マニュアル	39322
レズ	39323
一派	39324
吊る	39325
委員	39326
審査	39327
帆	39328
早め	39329
曾	39330
温和	39331
王権	39332
病人	39333
縞	39334
見ず	39335
貞	39336
負い	39337
降りろ	39338
Christians	39339
Com	39340
OLO	39341
Sorry	39342
dd	39343
ert	39344
fuel	39345
logical	39346
merge	39347
onary	39348
product	39349
pure	39350
smond	39351
sql	39352
trial	39353
ummy	39354
write	39355
ño	39356
▁250,000	39357
▁Angie	39358
▁Bishops	39359
▁Bloom	39360
▁CI	39361
▁Cathy	39362
▁Clergy	39363
▁Client	39364
▁Companion	39365
▁Content	39366
▁Disney	39367
▁Elephant	39368
▁GR	39369
▁Gallup	39370
▁HUMAN	39371
▁Liam	39372
▁Mei	39373
▁QU	39374
▁Remote	39375
▁Searching	39376
▁Thankfully	39377
▁ammo	39378
▁arson	39379
▁baptize	39380
▁boasted	39381
▁broadcasting	39382
▁charms	39383
▁corals	39384
▁decrypt	39385
▁defiance	39386
▁deflect	39387
▁dissatisfied	39388
▁downloaded	39389
▁fabricate	39390
▁fittingly	39391
▁freight	39392
▁glucose	39393
▁gown	39394
▁hiring	39395
▁hog	39396
▁implying	39397
▁indebted	39398
▁insulting	39399
▁intimately	39400
▁lag	39401
▁landlord	39402
▁lighthouse	39403
▁mug	39404
▁orchids	39405
▁overlooking	39406
▁pamphlet	39407
▁pardoned	39408
▁perilous	39409
▁pixel	39410
▁proximity	39411
▁rupture	39412
▁similitude	39413
▁suburb	39414
▁summarize	39415
▁surpassing	39416
▁teasing	39417
▁tranquilizer	39418
▁unbalanced	39419
▁upcoming	39420
▁valiant	39421
▁いとわ	39422
▁すこ	39423
▁アイテム	39424
▁コンテナ	39425
▁ダイアン	39426
▁ハイエナ	39427
▁ハイテク	39428
▁ビック	39429
▁マネージャー	39430
▁メダル	39431
▁ロザリ	39432
▁偏り	39433
▁勅令	39434
▁勝て	39435
▁変ぼう	39436
▁夢見	39437
▁寄せる	39438
▁幾千幾	39439
▁延期	39440
▁引き取	39441
▁待ち伏せ	39442
▁投げつけ	39443
▁新人	39444
▁替え	39445
▁様相	39446
▁洋服	39447
▁海辺	39448
▁腎	39449
▁表わせ	39450
▁越し	39451
▁足し	39452
▁金星	39453
▁除き	39454
▁隔	39455
▁題材	39456
うさぎ	39457
おら	39458
すご	39459
エコー	39460
オナ	39461
オランダ	39462
カルテ	39463
カルデア	39464
クセ	39465
クリーク	39466
ジカ	39467
スカーフ	39468
ハンドル	39469
ファラ	39470
ブルーム	39471
ブレス	39472
ムショ	39473
ルイス	39474
一面	39475
又	39476
学べ	39477
彫	39478
役者	39479
待遇	39480
微生物	39481
忙	39482
新婦	39483
望め	39484
湧き	39485
異父	39486
白色	39487
省略	39488
着用	39489
砕け	39490
習う	39491
見分け	39492
言及	39493
賭	39494
野蛮	39495
釣	39496
騒が	39497
DVD	39498
GE	39499
HOR	39500
Help	39501
atter	39502
dr	39503
gator	39504
grown	39505
hilippines	39506
laugh	39507
nothing	39508
ought	39509
ppreciating	39510
ppy	39511
story	39512
ven	39513
▁ARTICLES	39514
▁Abortion	39515
▁CHILDREN	39516
▁Caiaphas	39517
▁Conscience	39518
▁Conservation	39519
▁Dio	39520
▁Dry	39521
▁Gwen	39522
▁Jefferson	39523
▁KINGDOM	39524
▁Label	39525
▁Lass	39526
▁Manuel	39527
▁Permission	39528
▁Priscilla	39529
▁Product	39530
▁Randall	39531
▁Relative	39532
▁Remind	39533
▁Rosi	39534
▁Route	39535
▁Ruin	39536
▁Samoa	39537
▁Species	39538
▁TX	39539
▁Theology	39540
▁Trinitarian	39541
▁Valentine	39542
▁Wisconsin	39543
▁attacker	39544
▁authorize	39545
▁beset	39546
▁blot	39547
▁bouts	39548
▁bruised	39549
▁buildup	39550
▁chapel	39551
▁cosmological	39552
▁creeping	39553
▁deca	39554
▁disagreed	39555
▁editing	39556
▁electromagnetic	39557
▁forcibly	39558
▁fullest	39559
▁fumes	39560
▁granddaughter	39561
▁lowering	39562
▁meager	39563
▁mightiness	39564
▁mutation	39565
▁networking	39566
▁obstruct	39567
▁parishioners	39568
▁peanut	39569
▁plum	39570
▁regulated	39571
▁reversal	39572
▁sabotage	39573
▁sampling	39574
▁solidly	39575
▁staple	39576
▁statistical	39577
▁unfaithfulness	39578
▁unleavened	39579
▁unselfishly	39580
▁winged	39581
▁ze	39582
▁』"	39583
▁しょっちゅう	39584
▁たがり	39585
▁ほとり	39586
▁アンテナ	39587
▁コイ	39588
▁サトウキビ	39589
▁ソーニャ	39590
▁モーゼ	39591
▁動き回	39592
▁勤	39593
▁地平線	39594
▁婦女	39595
▁散らか	39596
▁治癒	39597
▁洗わ	39598
▁班	39599
▁置換	39600
▁背く	39601
▁見届け	39602
▁講話	39603
▁迫り	39604
▁過敏	39605
▁錨	39606
▁骨髄	39607
いじ	39608
ぐるみ	39609
しゃべり	39610
ずれ	39611
り込み	39612
アラン	39613
アリバイ	39614
クルミ	39615
サラダ	39616
ハット	39617
ハーバー	39618
ハーフ	39619
ピック	39620
プライベート	39621
ポスター	39622
マグ	39623
マルク	39624
モデ	39625
リアム	39626
ロジー	39627
外せ	39628
手品	39629
独裁	39630
膨ら	39631
裁く	39632
踵	39633
迄	39634
頭部	39635
飛び降り	39636
CHI	39637
Kingdom	39638
complete	39639
haus	39640
indulging	39641
killer	39642
vine	39643
▁Artemis	39644
▁Bahamas	39645
▁Budapest	39646
▁Casper	39647
▁Chicken	39648
▁Examine	39649
▁Expression	39650
▁Hath	39651
▁LONG	39652
▁Lauren	39653
▁MD	39654
▁Official	39655
▁Online	39656
▁Serpent	39657
▁Syndrome	39658
▁Tennessee	39659
▁Tragedy	39660
▁Viktor	39661
▁anthem	39662
▁apprehensive	39663
▁arisen	39664
▁bandage	39665
▁calculating	39666
▁cellphone	39667
▁collateral	39668
▁diesel	39669
▁eminent	39670
▁equate	39671
▁fend	39672
▁immigration	39673
▁intimidated	39674
▁jammed	39675
▁knowledgeable	39676
▁merciless	39677
▁migrant	39678
▁potion	39679
▁prefix	39680
▁rental	39681
▁respectively	39682
▁rigorous	39683
▁scratched	39684
▁shove	39685
▁skate	39686
▁sniff	39687
▁speck	39688
▁whirl	39689
▁あおり	39690
▁ざ折	39691
▁しきたり	39692
▁そり	39693
▁ほほ	39694
▁やれやれ	39695
▁わいろ	39696
▁エストニア	39697
▁タルムード	39698
▁テス	39699
▁ビビ	39700
▁ベニヤミン	39701
▁マント	39702
▁ミラ	39703
▁分布	39704
▁前面	39705
▁務める	39706
▁宿り	39707
▁尋ね求め	39708
▁往復	39709
▁思いとどまら	39710
▁意地悪	39711
▁打ち変え	39712
▁押しつぶ	39713
▁曲げる	39714
▁架空	39715
▁泊ま	39716
▁洗剤	39717
▁結び付	39718
▁肥え	39719
▁舞い	39720
▁菜	39721
▁行き届	39722
▁補佐	39723
▁買い取ら	39724
▁迷路	39725
▁遣わす	39726
つぼ	39727
グラー	39728
シチュー	39729
タイマー	39730
チャレンジ	39731
デアン	39732
ナード	39733
ファッション	39734
フラット	39735
ヤジ	39736
ライター	39737
ルマン	39738
ローレンス	39739
出入り	39740
出資	39741
加わる	39742
危う	39743
快活	39744
指す	39745
瞬	39746
立ち向か	39747
聖公会	39748
要する	39749
費やす	39750
輸血	39751
高すぎる	39752
85%	39753
DR	39754
agne	39755
emia	39756
erty	39757
family	39758
isse	39759
prov	39760
qa	39761
vocation	39762
▁6:00	39763
▁Ashley	39764
▁Balanced	39765
▁Bite	39766
▁Christina	39767
▁Cruz	39768
▁Debbie	39769
▁Deliver	39770
▁Directory	39771
▁Eco	39772
▁Fiona	39773
▁Gan	39774
▁Interlinear	39775
▁LOOK	39776
▁Legend	39777
▁Libya	39778
▁MOST	39779
▁McG	39780
▁Merl	39781
▁Negro	39782
▁Philo	39783
▁Politics	39784
▁Prim	39785
▁Resistance	39786
▁Scottish	39787
▁Trinidad	39788
▁Vanessa	39789
▁Whale	39790
▁[20	39791
▁abounds	39792
▁adorable	39793
▁afforded	39794
▁animosity	39795
▁armaments	39796
▁autism	39797
▁constellation	39798
▁downfall	39799
▁educating	39800
▁elevate	39801
▁embark	39802
▁factual	39803
▁fertilized	39804
▁firmness	39805
▁glide	39806
▁irresponsible	39807
▁melon	39808
▁microorganisms	39809
▁miscarriage	39810
▁naughty	39811
▁poems	39812
▁restriction	39813
▁rev	39814
▁saddened	39815
▁sigma	39816
▁skepticism	39817
▁sparked	39818
▁suspension	39819
▁tits	39820
▁uncover	39821
▁お受け	39822
▁オム	39823
▁カメルーン	39824
▁シングル	39825
▁セメント	39826
▁ナミビア	39827
▁ニコデ	39828
▁パズル	39829
▁ブリティッシュ	39830
▁メガ	39831
▁三角	39832
▁共存	39833
▁創作	39834
▁哀	39835
▁図り	39836
▁大麦	39837
▁放つ	39838
▁樽	39839
▁気力	39840
▁申込	39841
▁眺める	39842
▁瞬	39843
▁知り合	39844
▁積み重ね	39845
▁答	39846
▁読み上げ	39847
▁財宝	39848
▁近づける	39849
▁連れ出し	39850
▁願い出	39851
▁麻	39852
こなす	39853
しめる	39854
アップデート	39855
クチャー	39856
テック	39857
ハイツ	39858
バウアー	39859
マーシャル	39860
ランディング	39861
七つ	39862
交替	39863
免なさい	39864
削り	39865
募集	39866
士官	39867
悲鳴	39868
惜し	39869
打ち上げ	39870
揺さぶ	39871
撮れ	39872
散る	39873
暴動	39874
染め	39875
榴	39876
洗う	39877
珀	39878
琥	39879
祥	39880
育つ	39881
袖	39882
調節	39883
身長	39884
道義	39885
酪	39886
離れ去	39887
響く	39888
食わ	39889
5:00	39890
Repent	39891
Ti	39892
array	39893
block	39894
done	39895
ears	39896
fre	39897
large	39898
month	39899
ô	39900
▁44:	39901
▁48)	39902
▁Bolt	39903
▁Cher	39904
▁Chil	39905
▁Drawing	39906
▁END	39907
▁FR	39908
▁Galactic	39909
▁Genetic	39910
▁Grim	39911
▁Harp	39912
▁Hills	39913
▁Husband	39914
▁Incoming	39915
▁Kip	39916
▁MATTHEW	39917
▁MEN	39918
▁Marshal	39919
▁Pepper	39920
▁RI	39921
▁Rd	39922
▁Rename	39923
▁Sham	39924
▁Shark	39925
▁TWO	39926
▁antibiotic	39927
▁ascribed	39928
▁barge	39929
▁breadth	39930
▁brighten	39931
▁buds	39932
▁cardboard	39933
▁conditioned	39934
▁consistency	39935
▁curry	39936
▁destitute	39937
▁detest	39938
▁devious	39939
▁eject	39940
▁endear	39941
▁ensnared	39942
▁episodes	39943
▁exploits	39944
▁fascination	39945
▁fellowmen	39946
▁fungi	39947
▁grazing	39948
▁hoo	39949
▁humid	39950
▁ingest	39951
▁lads	39952
▁lax	39953
▁mb	39954
▁mingle	39955
▁perpetuate	39956
▁perplexed	39957
▁polish	39958
▁punched	39959
▁recess	39960
▁reinstated	39961
▁rubbing	39962
▁slate	39963
▁solvent	39964
▁swearing	39965
▁swinging	39966
▁tact	39967
▁unleash	39968
▁unsure	39969
▁おかす	39970
▁けな	39971
▁ひる	39972
▁ゆう	39973
▁ろば	39974
▁アラム	39975
▁イライラ	39976
▁カウボーイ	39977
▁グルー	39978
▁ケルブ	39979
▁ケンブリッジ	39980
▁タリ	39981
▁タール	39982
▁パトロール	39983
▁ホリー	39984
▁マニラ	39985
▁予報	39986
▁交配	39987
▁前線	39988
▁命じる	39989
▁埋	39990
▁戦死	39991
▁押し付け	39992
▁担い	39993
▁浮かび	39994
▁紡	39995
▁耐え忍び	39996
▁送り出す	39997
▁鉱石	39998
ひざ	39999
アイルランド	40000
ィーフ	40001
ウィキ	40002
キャッスル	40003
セカンド	40004
チリ	40005
トマト	40006
トレー	40007
ノックス	40008
ハイル	40009
パッド	40010
ピスト	40011
ヘス	40012
マーサ	40013
ルイ	40014
上陸	40015
乞	40016
五分	40017
侵攻	40018
区画	40019
哀れみ	40020
大物	40021
寸	40022
憐れみ	40023
戦術	40024
抑える	40025
挑	40026
接する	40027
沖	40028
沿い	40029
火災	40030
爆薬	40031
片付ける	40032
異邦	40033
真夜中	40034
紐	40035
育成	40036
膨張	40037
課長	40038
講座	40039
道理	40040
重く	40041
2004	40042
Gu	40043
alone	40044
commit	40045
destruct	40046
empo	40047
fashioned	40048
fill	40049
northeastern	40050
okay	40051
ommand	40052
rose	40053
thorn	40054
yatt	40055
▁3:00	40056
▁Cindy	40057
▁Coke	40058
▁Developing	40059
▁Gerald	40060
▁Henri	40061
▁Herman	40062
▁Hinduism	40063
▁Lightning	40064
▁Motherfucker	40065
▁Movement	40066
▁Omar	40067
▁Raw	40068
▁Rhine	40069
▁Tal	40070
▁Thin	40071
▁Tools	40072
▁Tough	40073
▁Trip	40074
▁Vulgate	40075
▁archangel	40076
▁astonishment	40077
▁avalanche	40078
▁aversion	40079
▁axes	40080
▁celebrity	40081
▁cripple	40082
▁crocodiles	40083
▁daring	40084
▁darkest	40085
▁demise	40086
▁disarm	40087
▁diverted	40088
▁exponential	40089
▁globally	40090
▁glorifying	40091
▁glut	40092
▁godless	40093
▁insensitive	40094
▁janitor	40095
▁limiting	40096
▁photographed	40097
▁reel	40098
▁resembl	40099
▁slam	40100
▁snatched	40101
▁sparrows	40102
▁trajectory	40103
▁unearthed	40104
▁unloving	40105
▁wane	40106
▁wiping	40107
▁ゆゆし	40108
▁アンダーソン	40109
▁サイコ	40110
▁シャイ	40111
▁セミナー	40112
▁ドミ	40113
▁バハマ	40114
▁バルセロナ	40115
▁ボード	40116
▁ポスター	40117
▁切り替え	40118
▁封鎖	40119
▁待ち望み	40120
▁心得	40121
▁思い知ら	40122
▁手先	40123
▁混ぜ合わせ	40124
▁済ませ	40125
▁湿度	40126
▁織	40127
▁色合い	40128
▁褒め言葉	40129
▁賛辞	40130
▁超す	40131
▁除外	40132
▁電磁	40133
りんご	40134
カモ	40135
ケイト	40136
コロンビア	40137
フェイスブック	40138
リーダーシップ	40139
ルーシー	40140
ヾ	40141
初日	40142
前方	40143
坑	40144
憎悪	40145
斑	40146
競合	40147
紛れ	40148
肘	40149
自律	40150
良好	40151
襲い	40152
賊	40153
足りな	40154
農民	40155
近づか	40156
願望	40157
Blessed	40158
INT	40159
IX	40160
KW	40161
Nothing	40162
enz	40163
itain	40164
niss	40165
nzo	40166
ribute	40167
uma	40168
▁Alert	40169
▁Apostles	40170
▁Appreciation	40171
▁Bah	40172
▁Caring	40173
▁Casti	40174
▁Gather	40175
▁Initial	40176
▁Isles	40177
▁Jewel	40178
▁Lois	40179
▁Mate	40180
▁Oct	40181
▁Pride	40182
▁Robot	40183
▁Slovenia	40184
▁Strength	40185
▁Viewer	40186
▁Vision	40187
▁Yomiuri	40188
▁advocated	40189
▁almond	40190
▁avid	40191
▁bluff	40192
▁constructing	40193
▁crows	40194
▁dent	40195
▁deviate	40196
▁devising	40197
▁displease	40198
▁downhearted	40199
▁eel	40200
▁evacuated	40201
▁exhausting	40202
▁featur	40203
▁foil	40204
▁frequencies	40205
▁impulsive	40206
▁insulted	40207
▁locality	40208
▁lunatic	40209
▁luxurious	40210
▁mandatory	40211
▁maniac	40212
▁mastered	40213
▁modestly	40214
▁myriads	40215
▁nothin	40216
▁occupancy	40217
▁overflowing	40218
▁overwhelm	40219
▁periodic	40220
▁pervasive	40221
▁ravaged	40222
▁rhyme	40223
▁skyscraper	40224
▁stripes	40225
▁subconscious	40226
▁tack	40227
▁torrents	40228
▁trousers	40229
▁すすめ	40230
▁つぶやき	40231
▁ふさが	40232
▁ギブ	40233
▁サマンサ	40234
▁シャトル	40235
▁ジャスティン	40236
▁ノミ	40237
▁バルバロ	40238
▁ブレイ	40239
▁ポル	40240
▁ライバル	40241
▁リスボン	40242
▁仮小屋	40243
▁傑	40244
▁匂い	40245
▁叙	40246
▁地殻	40247
▁埋め込	40248
▁当日	40249
▁憐れみ深く	40250
▁提携	40251
▁敷設	40252
▁然る	40253
▁薬草	40254
▁解散	40255
▁誘発	40256
▁重圧	40257
▁電灯	40258
▁風変わり	40259
▁風船	40260
じめ	40261
アンダー	40262
イライラ	40263
エキ	40264
エスケープ	40265
オリジナル	40266
ゲリ	40267
スイス	40268
スケート	40269
ズリー	40270
ソング	40271
チャイ	40272
バイル	40273
バクテリア	40274
バス停	40275
バッテリー	40276
バートン	40277
フォール	40278
レビ	40279
予備	40280
侵	40281
偽造	40282
加工	40283
勧告	40284
堕	40285
失格	40286
守れる	40287
引き継ぐ	40288
引き金	40289
持ち物	40290
掃	40291
放任	40292
異端	40293
監獄	40294
詰める	40295
轢	40296
都会	40297
釘	40298
降ろせ	40299
震える	40300
BEL	40301
CLA	40302
LOG	40303
STER	40304
affle	40305
grid	40306
iterate	40307
jour	40308
lake	40309
nc	40310
spell	40311
until	40312
usuf	40313
▁150,000	40314
▁243	40315
▁9,000	40316
▁Armenian	40317
▁Bryan	40318
▁Dolores	40319
▁Ebe	40320
▁Fact	40321
▁Gotha	40322
▁Gru	40323
▁HISTORY	40324
▁Hugh	40325
▁Invisible	40326
▁Jam	40327
▁Jeez	40328
▁Logically	40329
▁Mitchell	40330
▁Pelt	40331
▁Phoenix	40332
▁Plasma	40333
▁Potiphar	40334
▁Skip	40335
▁Syr	40336
▁Vega	40337
▁Webster	40338
▁YOUNG	40339
▁abomination	40340
▁appreciatively	40341
▁assertions	40342
▁broom	40343
▁bunk	40344
▁burner	40345
▁civic	40346
▁configured	40347
▁crazi	40348
▁detonate	40349
▁dietary	40350
▁discredit	40351
▁ecstasy	40352
▁evaluated	40353
▁exhaustion	40354
▁exported	40355
▁finer	40356
▁flute	40357
▁folding	40358
▁fuller	40359
▁groan	40360
▁immigrant	40361
▁instinctive	40362
▁lobe	40363
▁misplaced	40364
▁mutant	40365
▁mute	40366
▁nicer	40367
▁nonsmokers	40368
▁obligatory	40369
▁otter	40370
▁overboard	40371
▁peck	40372
▁pyramids	40373
▁reaped	40374
▁reptiles	40375
▁resourceful	40376
▁rightfully	40377
▁rockets	40378
▁scissors	40379
▁sham	40380
▁sower	40381
▁あしら	40382
▁お二	40383
▁ひょう	40384
▁アルバイト	40385
▁カリウム	40386
▁ガリ	40387
▁スタジ	40388
▁ステファニー	40389
▁ダーシ	40390
▁ディグ	40391
▁ペイ	40392
▁ペドロ	40393
▁マラウイ	40394
▁リハビリ	40395
▁レオン	40396
▁任せる	40397
▁伊勢	40398
▁伝わり	40399
▁偉力	40400
▁国務	40401
▁宛て	40402
▁悠	40403
▁惑わす	40404
▁歓ん	40405
▁汁	40406
▁紅	40407
▁脊椎	40408
▁送り出さ	40409
▁逃げ去り	40410
▁遅すぎ	40411
▁運び去	40412
▁過ぎ去る	40413
▁陽子	40414
こたえ	40415
つかむ	40416
エール	40417
カメ	40418
クシ	40419
コタ	40420
コラ	40421
サリー	40422
シルク	40423
ストック	40424
スムー	40425
ダック	40426
ベルリン	40427
モグラ	40428
モーガン	40429
ライアン	40430
ルク	40431
七面鳥	40432
不死	40433
乗り切	40434
併	40435
偏見	40436
先導	40437
手口	40438
押し入	40439
条約	40440
燃やす	40441
牙	40442
狂う	40443
確定	40444
移る	40445
財団	40446
賃金	40447
足りる	40448
輸入	40449
騒ぐ	40450
GI	40451
GP	40452
Mac	40453
OU	40454
Old	40455
agging	40456
clear	40457
hock	40458
http	40459
llegedly	40460
locate	40461
lvd	40462
rong	40463
▁3,5	40464
▁8.)	40465
▁80,000	40466
▁Amber	40467
▁Americana	40468
▁Assistant	40469
▁Brought	40470
▁Carlo	40471
▁Disco	40472
▁Element	40473
▁Endurance	40474
▁Entertainment	40475
▁Flee	40476
▁Holding	40477
▁Kemp	40478
▁Lau	40479
▁Printing	40480
▁Proceed	40481
▁Queensland	40482
▁Revised	40483
▁Visual	40484
▁Zomb	40485
▁ailment	40486
▁alignment	40487
▁archer	40488
▁balancing	40489
▁blemish	40490
▁brilliance	40491
▁cavalry	40492
▁classify	40493
▁compose	40494
▁conforming	40495
▁conn	40496
▁consensus	40497
▁creek	40498
▁darkened	40499
▁deploy	40500
▁expulsion	40501
▁fingerprint	40502
▁garb	40503
▁immature	40504
▁laments	40505
▁milli	40506
▁omens	40507
▁prank	40508
▁quench	40509
▁reconstruct	40510
▁sane	40511
▁shaping	40512
▁signifies	40513
▁sloppy	40514
▁spam	40515
▁specimens	40516
▁sued	40517
▁syrup	40518
▁tha	40519
▁unanswered	40520
▁undefiled	40521
▁uniquely	40522
▁unravel	40523
▁visually	40524
▁ゆるし	40525
▁アザラシ	40526
▁アンデレ	40527
▁ザイール	40528
▁ジュース	40529
▁デイリー	40530
▁中継	40531
▁久し	40532
▁什一	40533
▁仕切り	40534
▁仕立て	40535
▁出くわ	40536
▁切り開	40537
▁刑期	40538
▁席上	40539
▁広報	40540
▁役立たず	40541
▁怖れ	40542
▁持ち合わせ	40543
▁景観	40544
▁最強	40545
▁条項	40546
▁歴	40547
▁照らす	40548
▁突破	40549
▁突起	40550
▁粉砕	40551
▁見ず	40552
▁過ごせる	40553
▁陥れ	40554
▁雨水	40555
うわさ	40556
されたもので	40557
ちぎ	40558
つきあ	40559
アクセント	40560
アルファ	40561
ソフィ	40562
ップス	40563
ネード	40564
ノット	40565
ハイム	40566
ヒール	40567
ビック	40568
フレイ	40569
ペコ	40570
マインド	40571
マティ	40572
ライセンス	40573
伐	40574
依	40575
反する	40576
商人	40577
感触	40578
揉	40579
明る	40580
沈み	40581
細工	40582
聖職	40583
落ち込	40584
要約	40585
訂	40586
退け	40587
高齢	40588
IBM	40589
anna	40590
burger	40591
flies	40592
match	40593
ril	40594
root	40595
sleep	40596
spot	40597
tomy	40598
▁Carmen	40599
▁Duncan	40600
▁Hunger	40601
▁Kenneth	40602
▁Losing	40603
▁Originally	40604
▁Perform	40605
▁Proof	40606
▁Punishment	40607
▁Sonya	40608
▁Strip	40609
▁Tap	40610
▁Tele	40611
▁Titanic	40612
▁WOMAN	40613
▁Wealth	40614
▁Yemen	40615
▁animated	40616
▁applicant	40617
▁bathtub	40618
▁cavity	40619
▁concession	40620
▁craftsmen	40621
▁degenerate	40622
▁embarrass	40623
▁estimation	40624
▁examiner	40625
▁extermination	40626
▁fatalities	40627
▁fidelity	40628
▁honourable	40629
▁injunction	40630
▁landmarks	40631
▁mailbox	40632
▁mantle	40633
▁nourish	40634
▁paramount	40635
▁perp	40636
▁pickle	40637
▁pleading	40638
▁pluck	40639
▁scalp	40640
▁sedative	40641
▁vegetarian	40642
▁withered	40643
▁wrought	40644
▁お昼	40645
▁さながら	40646
▁そむ	40647
▁ぶつかる	40648
▁まさる	40649
▁アシュ	40650
▁イヌ	40651
▁エロ	40652
▁カイロ	40653
▁カバン	40654
▁ガンジー	40655
▁スリ	40656
▁ピクニック	40657
▁ピッツバーグ	40658
▁ブラックホール	40659
▁ヨーガ	40660
▁ラテンアメリカ	40661
▁ルーム	40662
▁中性子	40663
▁償い	40664
▁削	40665
▁勾	40666
▁営利	40667
▁大理石	40668
▁宣誓	40669
▁就け	40670
▁抱き締め	40671
▁押収	40672
▁教父	40673
▁暴風	40674
▁材木	40675
▁浴室	40676
▁浸食	40677
▁組み合わさ	40678
▁肝心	40679
▁苦もん	40680
▁贖う	40681
▁軽んじ	40682
▁駆けつけ	40683
▁高原	40684
いえる	40685
いかなる	40686
いたずら	40687
こなし	40688
ごはん	40689
なご	40690
ゝ	40691
オリーブ	40692
カクテル	40693
グランド	40694
グレアム	40695
シフ	40696
タイタニック	40697
ツァー	40698
トーマ	40699
バプテスマ	40700
ボーイフレンド	40701
傾倒	40702
前線	40703
命じる	40704
喩	40705
増大	40706
引き渡	40707
強め	40708
情け	40709
手荒	40710
洗練	40711
稼げる	40712
脱ぐ	40713
賓	40714
RATOR	40715
anker	40716
copy	40717
current	40718
ppel	40719
rec	40720
touch	40721
ulo	40722
▁33,34	40723
▁Alvin	40724
▁Arms	40725
▁Challenges	40726
▁Finger	40727
▁Fle	40728
▁Floyd	40729
▁GDP	40730
▁Gand	40731
▁HERE	40732
▁Helper	40733
▁Laodicea	40734
▁Monitor	40735
▁Nova	40736
▁Obi	40737
▁Perry	40738
▁Reload	40739
▁Swift	40740
▁Tanner	40741
▁Telescope	40742
▁Tongue	40743
▁Transfusion	40744
▁advantageous	40745
▁annihilated	40746
▁attackers	40747
▁bathed	40748
▁cannibal	40749
▁coke	40750
▁commentators	40751
▁commodities	40752
▁conduc	40753
▁cunt	40754
▁dazzling	40755
▁dorm	40756
▁droids	40757
▁exceedingly	40758
▁fluent	40759
▁flung	40760
▁fright	40761
▁glove	40762
▁grin	40763
▁hardcover	40764
▁harshly	40765
▁hobbies	40766
▁hockey	40767
▁infidels	40768
▁laboratories	40769
▁motionless	40770
▁neutralize	40771
▁nonexistent	40772
▁oppressors	40773
▁pumpkin	40774
▁ribbon	40775
▁rodent	40776
▁satisfies	40777
▁sediment	40778
▁sighing	40779
▁stormy	40780
▁streaming	40781
▁surfing	40782
▁temporal	40783
▁tidal	40784
▁tiring	40785
▁toiling	40786
▁unchanged	40787
▁vernacular	40788
▁おぼれ	40789
▁ぼろ	40790
▁アボリジニー	40791
▁ウラ	40792
▁コマーシャル	40793
▁ハドソン	40794
▁ヘア	40795
▁ベッキ	40796
▁ベリー	40797
▁万歳	40798
▁中枢	40799
▁光輝	40800
▁勝負	40801
▁嘆かわしい	40802
▁態勢	40803
▁持ち込む	40804
▁換気	40805
▁断ち滅ぼ	40806
▁早ま	40807
▁歓ばせる	40808
▁温かさ	40809
▁牢	40810
▁発足	40811
▁目ざと	40812
▁細部	40813
▁苗	40814
▁覚め	40815
▁説き	40816
▁迫る	40817
▁飼う	40818
ちがう	40819
どん底	40820
エンジェル	40821
サダ	40822
チーフ	40823
トビー	40824
ハイパー	40825
ボーナス	40826
マニー	40827
ルーサー	40828
ワーズ	40829
付随	40830
作曲	40831
先祖	40832
全身	40833
共犯	40834
冥	40835
勃	40836
半ば	40837
抜け出す	40838
探求	40839
擬	40840
文脈	40841
昇る	40842
有り難	40843
来年	40844
流出	40845
測る	40846
疹	40847
破産	40848
罷	40849
耕し	40850
説き	40851
頻度	40852
頼め	40853
食堂	40854
鼓	40855
,41	40856
Connor	40857
EMBER	40858
HIV	40859
Pad	40860
Sec	40861
again	40862
cock	40863
happy	40864
lue	40865
prehensi	40866
things	40867
working	40868
▁BACK	40869
▁Breast	40870
▁Bulgaria	40871
▁Cab	40872
▁Cairo	40873
▁Checking	40874
▁Closer	40875
▁Constantinople	40876
▁Cops	40877
▁Executive	40878
▁Filipino	40879
▁Florence	40880
▁Isabel	40881
▁Jeroboam	40882
▁LET	40883
▁MEAN	40884
▁Midianite	40885
▁Miguel	40886
▁Mills	40887
▁Mono	40888
▁Montana	40889
▁Olives	40890
▁Pala	40891
▁Pornography	40892
▁Reset	40893
▁Soft	40894
▁Solve	40895
▁Upload	40896
▁Urban	40897
▁afterlife	40898
▁apparatus	40899
▁approachable	40900
▁bachelor	40901
▁backend	40902
▁belittle	40903
▁boxer	40904
▁convoy	40905
▁couches	40906
▁discord	40907
▁dominating	40908
▁edict	40909
▁elastic	40910
▁encircle	40911
▁envoy	40912
▁fastened	40913
▁flashing	40914
▁gent	40915
▁grabbing	40916
▁historically	40917
▁incessantly	40918
▁influenza	40919
▁instinctively	40920
▁limitless	40921
▁mammoth	40922
▁maternal	40923
▁meticulous	40924
▁migrated	40925
▁ministered	40926
▁nagging	40927
▁outpouring	40928
▁peanuts	40929
▁practise	40930
▁princely	40931
▁reha	40932
▁relinquish	40933
▁rendezvous	40934
▁robberies	40935
▁rogue	40936
▁schizophrenia	40937
▁succumbed	40938
▁theocracy	40939
▁trim	40940
▁unparalleled	40941
▁username	40942
▁vacant	40943
▁weave	40944
▁うめき	40945
▁おもしろ	40946
▁くみ	40947
▁さっぱり	40948
▁ウェー	40949
▁オーロラ	40950
▁サンサ	40951
▁サーフィン	40952
▁ストックホルム	40953
▁ストライキ	40954
▁バチ	40955
▁ボディー	40956
▁ミズーリ	40957
▁メリッサ	40958
▁ライラ	40959
▁三日	40960
▁二重	40961
▁体操	40962
▁名古屋	40963
▁呼び名	40964
▁因子	40965
▁守れる	40966
▁小惑星	40967
▁当てる	40968
▁抱け	40969
▁本名	40970
▁検証	40971
▁水域	40972
▁猟	40973
▁結び付き	40974
▁請け戻す	40975
▁配給	40976
しまえ	40977
エレクト	40978
ジェンダー	40979
チェーン	40980
ペク	40981
リート	40982
ロビー	40983
含み	40984
四半	40985
変形	40986
峡	40987
当てはまる	40988
従順	40989
忍び	40990
恩人	40991
授かる	40992
握手	40993
梁	40994
潔白	40995
稽	40996
空軍	40997
紛	40998
美味	40999
迂	41000
阿	41001
高き	41002
80%	41003
Hear	41004
MRI	41005
alactic	41006
cliff	41007
elei	41008
epartment	41009
fermented	41010
gawa	41011
isk	41012
lion	41013
pira	41014
ren	41015
wag	41016
б	41017
х	41018
▁16.)	41019
▁255	41020
▁Allan	41021
▁Arrest	41022
▁Belle	41023
▁Bennet	41024
▁Carly	41025
▁Chamber	41026
▁Edison	41027
▁Eleven	41028
▁Ephraim	41029
▁Everest	41030
▁FDA	41031
▁Folk	41032
▁HO	41033
▁Illness	41034
▁Infant	41035
▁Innocent	41036
▁Known	41037
▁Lav	41038
▁Melchizedek	41039
▁Monica	41040
▁Nico	41041
▁Opposition	41042
▁Outstanding	41043
▁Prevent	41044
▁Sail	41045
▁Shiloh	41046
▁Visualize	41047
▁XII	41048
▁archaeologist	41049
▁baker	41050
▁boob	41051
▁bosses	41052
▁charismatic	41053
▁cheering	41054
▁classification	41055
▁conditional	41056
▁cynical	41057
▁debated	41058
▁drunkard	41059
▁embarked	41060
▁evade	41061
▁ginger	41062
▁glamorous	41063
▁gulf	41064
▁heretics	41065
▁hideous	41066
▁hymn	41067
▁illumination	41068
▁ingathering	41069
▁integrate	41070
▁interruption	41071
▁karate	41072
▁nightclub	41073
▁nuisance	41074
▁outlaw	41075
▁reprimand	41076
▁selfishly	41077
▁ticking	41078
▁toxins	41079
▁tremendously	41080
▁worsen	41081
▁お待	41082
▁となえ	41083
▁ほお	41084
▁オブザーバー	41085
▁カセットテープ	41086
▁カーニバル	41087
▁グロー	41088
▁ターミナル	41089
▁ノン	41090
▁ハッチ	41091
▁ビラ	41092
▁ピアス	41093
▁フィート	41094
▁ホモ	41095
▁モリ	41096
▁リビング	41097
▁付きまと	41098
▁伴侶	41099
▁問い合わせ	41100
▁学会	41101
▁崩	41102
▁引き受ける	41103
▁往	41104
▁御子	41105
▁抱きしめ	41106
▁整形	41107
▁曲線	41108
▁沖縄	41109
▁派生	41110
▁用具	41111
▁症例	41112
▁痘	41113
▁相ま	41114
▁破裂	41115
▁祖先	41116
▁精一杯	41117
▁言い分	41118
▁託し	41119
▁訳す	41120
▁資する	41121
▁輪廻	41122
▁逃げ道	41123
お客さん	41124
かけら	41125
たまたま	41126
みえる	41127
もともと	41128
カエサル	41129
クラゲ	41130
クリン	41131
ケンタッキー	41132
ダウ	41133
ビク	41134
ブレード	41135
ブース	41136
プロテ	41137
マイヤー	41138
マット	41139
ムント	41140
ラッ	41141
レコーダー	41142
一段	41143
修め	41144
刷	41145
塀	41146
委	41147
従わせ	41148
得られた	41149
悪者	41150
投獄	41151
敏感	41152
斉	41153
楽譜	41154
毎晩	41155
活発	41156
紗	41157
食らえ	41158
,45	41159
IG	41160
Lib	41161
Maybe	41162
Neither	41163
Their	41164
Veri	41165
cod	41166
crack	41167
nam	41168
population	41169
reference	41170
rome	41171
ubi	41172
zzo	41173
י	41174
▁Astrid	41175
▁Creek	41176
▁Cru	41177
▁Expand	41178
▁Faced	41179
▁Franc	41180
▁Gram	41181
▁Grid	41182
▁HER	41183
▁Horizontal	41184
▁Hunter	41185
▁Instructor	41186
▁Italics	41187
▁KB	41188
▁Maxim	41189
▁Mess	41190
▁Parrish	41191
▁Rep	41192
▁Safeguard	41193
▁Seventh	41194
▁Suspect	41195
▁Tradition	41196
▁Volunteer	41197
▁Yay	41198
▁Zal	41199
▁accountability	41200
▁advocating	41201
▁aesthetic	41202
▁astronaut	41203
▁caretaker	41204
▁coded	41205
▁concede	41206
▁condense	41207
▁defenseless	41208
▁dictionaries	41209
▁excite	41210
▁exterior	41211
▁foretelling	41212
▁forfeit	41213
▁freshwater	41214
▁gamma	41215
▁glaciers	41216
▁grasping	41217
▁helium	41218
▁indiscriminate	41219
▁infallible	41220
▁inscriptions	41221
▁insomnia	41222
▁leaking	41223
▁letup	41224
▁misconception	41225
▁notably	41226
▁ol	41227
▁outcast	41228
▁overthrown	41229
▁pierce	41230
▁pimp	41231
▁predicament	41232
▁prompts	41233
▁quiver	41234
▁recurring	41235
▁sever	41236
▁sideways	41237
▁sinfulness	41238
▁spec	41239
▁specification	41240
▁superlative	41241
▁telegram	41242
▁tending	41243
▁thyroid	41244
▁twofold	41245
▁お医者さん	41246
▁くっつ	41247
▁とかく	41248
▁ひょっとし	41249
▁エンジニア	41250
▁スゴ	41251
▁ダラス	41252
▁テト	41253
▁フロント	41254
▁フロー	41255
▁ブレンダ	41256
▁主人公	41257
▁亡	41258
▁吐き	41259
▁埋ま	41260
▁廃れ	41261
▁引き付ける	41262
▁強度	41263
▁悪者	41264
▁憂	41265
▁成り立	41266
▁戒める	41267
▁換	41268
▁教養	41269
▁枕	41270
▁果たせ	41271
▁検閲	41272
▁流れ込	41273
▁王冠	41274
▁白血	41275
▁行く手	41276
▁通す	41277
びん	41278
んこ	41279
カントリー	41280
スマート	41281
ッシェ	41282
ッピング	41283
テッド	41284
トレーナー	41285
ネリ	41286
プロフィール	41287
ボリック	41288
モンロ	41289
ラスカ	41290
レッテル	41291
交代	41292
剥が	41293
周期	41294
唐	41295
宿命	41296
崖	41297
明かす	41298
気温	41299
物件	41300
用品	41301
立ち向かう	41302
衣服	41303
警護	41304
賦	41305
遊べ	41306
長者	41307
雅	41308
馳	41309
-7	41310
Taste	41311
group	41312
gul	41313
happ	41314
lN	41315
loca	41316
material	41317
mbledo	41318
morrow	41319
shida	41320
vil	41321
walking	41322
zero	41323
▁3.0	41324
▁Albania	41325
▁Alto	41326
▁Arabian	41327
▁Atomic	41328
▁Bak	41329
▁Bernie	41330
▁Bronx	41331
▁Burnett	41332
▁Cent	41333
▁Commissioner	41334
▁Concord	41335
▁Conduct	41336
▁Cub	41337
▁Cuban	41338
▁Deadly	41339
▁Developer	41340
▁Dover	41341
▁Hobb	41342
▁Janice	41343
▁Michi	41344
▁Monster	41345
▁Officials	41346
▁Ost	41347
▁Pagan	41348
▁Princeton	41349
▁Treaty	41350
▁Witnessing	41351
▁Yuki	41352
▁bake	41353
▁balcony	41354
▁bloc	41355
▁bulbs	41356
▁bumper	41357
▁calmed	41358
▁chunks	41359
▁config	41360
▁daydream	41361
▁decompose	41362
▁diabetic	41363
▁dictates	41364
▁dungeon	41365
▁farmland	41366
▁fashionable	41367
▁footprint	41368
▁hawk	41369
▁heathen	41370
▁insecticide	41371
▁liberating	41372
▁materialized	41373
▁nearness	41374
▁parchment	41375
▁plumbing	41376
▁reacting	41377
▁reaping	41378
▁shone	41379
▁sizable	41380
▁thoughtless	41381
▁toolbar	41382
▁unarmed	41383
▁vibrant	41384
▁vulnerability	41385
▁wink	41386
▁yeast	41387
▁そろえ	41388
▁だまし	41389
▁ふも	41390
▁よけ	41391
▁オスカー	41392
▁スキャ	41393
▁スペル	41394
▁ゼウス	41395
▁トカゲ	41396
▁ハロウィーン	41397
▁ヒマラヤ	41398
▁ベニ	41399
▁モンド	41400
▁一千	41401
▁下部	41402
▁仕組	41403
▁会わせ	41404
▁吐き出	41405
▁嘆き悲し	41406
▁噛み	41407
▁壇	41408
▁大主教	41409
▁定数	41410
▁密売	41411
▁悪用	41412
▁擬	41413
▁染料	41414
▁水槽	41415
▁産卵	41416
▁血清	41417
▁説き勧め	41418
▁通話	41419
▁項	41420
おばあちゃん	41421
きたり	41422
つぐ	41423
アク	41424
イチゴ	41425
オモ	41426
ゲラー	41427
サウンド	41428
サンドイッチ	41429
シールド	41430
スティーブ	41431
ダイナミック	41432
ダチ	41433
ツイー	41434
ネックレス	41435
フライト	41436
ベジ	41437
メガネ	41438
メディ	41439
ユーモア	41440
リモート	41441
不平	41442
不良	41443
二番	41444
伯	41445
伯父	41446
唖	41447
巻き込む	41448
成り立	41449
採集	41450
放物	41451
業績	41452
消え去	41453
球体	41454
生み出	41455
積もり	41456
落下	41457
融	41458
行進	41459
調理	41460
配備	41461
野心	41462
響き	41463
DIR	41464
QUE	41465
SV	41466
Star	41467
United	41468
Which	41469
claim	41470
curse	41471
fuck	41472
luminous	41473
nadi	41474
oeba	41475
servant	41476
Ü	41477
դ	41478
ը	41479
▁Adjust	41480
▁Aramaic	41481
▁Cash	41482
▁Duck	41483
▁Exchange	41484
▁Farms	41485
▁Fly	41486
▁Gibbs	41487
▁Ginger	41488
▁Halt	41489
▁Killed	41490
▁Lift	41491
▁Mobile	41492
▁Nazism	41493
▁Newspaper	41494
▁Roma	41495
▁Seal	41496
▁Shape	41497
▁Split	41498
▁Tang	41499
▁Wendy	41500
▁allergies	41501
▁amends	41502
▁analog	41503
▁antichrist	41504
▁averted	41505
▁bankers	41506
▁bombers	41507
▁brun	41508
▁brute	41509
▁chaotic	41510
▁classmate	41511
▁clause	41512
▁conjunction	41513
▁debilitating	41514
▁decipher	41515
▁dummy	41516
▁flowering	41517
▁fondness	41518
▁grossly	41519
▁halve	41520
▁impoverished	41521
▁insidious	41522
▁laziness	41523
▁mercifully	41524
▁nay	41525
▁ornament	41526
▁outskirts	41527
▁paramedic	41528
▁pending	41529
▁rebirth	41530
▁recurrence	41531
▁scarf	41532
▁seasonal	41533
▁semester	41534
▁sighted	41535
▁temperament	41536
▁thickness	41537
▁tickle	41538
▁tracing	41539
▁traverse	41540
▁ulcers	41541
▁けれ	41542
▁アカン	41543
▁ウィス	41544
▁エミリ	41545
▁オーディ	41546
▁クリスティン	41547
▁ゲスト	41548
▁ジェス	41549
▁スクラ	41550
▁スリナム	41551
▁チェーン	41552
▁ブッシュ	41553
▁ブランドン	41554
▁ベニー	41555
▁モザイク	41556
▁休め	41557
▁倉	41558
▁利か	41559
▁制し	41560
▁婚宴	41561
▁必ずや	41562
▁怠る	41563
▁悪徳	41564
▁捨て去り	41565
▁捨て去る	41566
▁攻略	41567
▁昏睡	41568
▁楕円	41569
▁沼	41570
▁海域	41571
▁濡れ	41572
▁無用	41573
▁疑惑	41574
▁稼ぎ	41575
▁育む	41576
▁譲歩	41577
▁通り過ぎ	41578
▁酵母	41579
▁雄羊	41580
▁電報	41581
あり得る	41582
ほえる	41583
ようがない	41584
アンディ	41585
アーメン	41586
エリック	41587
スピーカー	41588
セオ	41589
ソロ	41590
ゾウ	41591
テア	41592
ニム	41593
ニンニク	41594
バーティ	41595
ファンド	41596
ヘマ	41597
ペイン	41598
ボケ	41599
ャー	41600
仇	41601
休息	41602
会長	41603
保ち	41604
傭	41605
光線	41606
受け継	41607
嚇	41608
国土	41609
妬	41610
尽くせ	41611
廊下	41612
引き寄せ	41613
手袋	41614
推薦	41615
散り	41616
早かれ	41617
書斎	41618
標本	41619
灰色	41620
硫	41621
移す	41622
稲	41623
範	41624
系統	41625
蒸	41626
蛍	41627
行儀	41628
親族	41629
討論	41630
遅	41631
飛ばせ	41632
-6	41633
Adam	41634
INA	41635
OCI	41636
bath	41637
corn	41638
ennial	41639
kingdom	41640
never	41641
wheel	41642
▁$2.50	41643
▁Aires	41644
▁Argentine	41645
▁Beren	41646
▁Cedar	41647
▁Guam	41648
▁Herbert	41649
▁Jezreel	41650
▁Kuwait	41651
▁Loading	41652
▁Logan	41653
▁Ober	41654
▁PDF	41655
▁Personally	41656
▁Rocky	41657
▁SAN	41658
▁Sang	41659
▁Sitting	41660
▁Sum	41661
▁Tragic	41662
▁Trials	41663
▁Turtle	41664
▁abolished	41665
▁acupuncture	41666
▁altering	41667
▁bombed	41668
▁bountifully	41669
▁comedy	41670
▁critically	41671
▁daunting	41672
▁doorbell	41673
▁evict	41674
▁exploding	41675
▁financing	41676
▁flawless	41677
▁fraudulent	41678
▁gateway	41679
▁geek	41680
▁huts	41681
▁incorporate	41682
▁interacting	41683
▁irritate	41684
▁muddy	41685
▁negligence	41686
▁optimization	41687
▁outdated	41688
▁pancake	41689
▁parlor	41690
▁perch	41691
▁ping	41692
▁quo	41693
▁recreational	41694
▁replenish	41695
▁rite	41696
▁routinely	41697
▁sandwiches	41698
▁siren	41699
▁sneaking	41700
▁specimen	41701
▁squeezed	41702
▁stimulus	41703
▁sweating	41704
▁tripled	41705
▁おろし	41706
▁だれひとり	41707
▁まとめる	41708
▁めまい	41709
▁アト	41710
▁イースター	41711
▁カエサレア	41712
▁カミ	41713
▁グラフィック	41714
▁チョー	41715
▁デビー	41716
▁ドゥー	41717
▁フッ	41718
▁レニー	41719
▁レビュー	41720
▁分娩	41721
▁取り壊	41722
▁口腔	41723
▁同書	41724
▁嘆き悲しむ	41725
▁姫	41726
▁店員	41727
▁延ばし	41728
▁撤回	41729
▁教え込む	41730
▁新教	41731
▁柵	41732
▁溶解	41733
▁用品	41734
▁白血球	41735
▁覆し	41736
▁釣	41737
すみ	41738
わざわざ	41739
アザラシ	41740
アルト	41741
インディアン	41742
エフェソス	41743
グズ	41744
コンテスト	41745
ジャム	41746
スイート	41747
ダイレクト	41748
ディアン	41749
フット	41750
ブロー	41751
メーデー	41752
レオン	41753
一例	41754
一目	41755
並ぶ	41756
切手	41757
区切り	41758
原発	41759
坐	41760
墓地	41761
売り物	41762
外見	41763
尊重	41764
帥	41765
引きずり	41766
強烈	41767
後退	41768
慣れる	41769
桜	41770
津	41771
湧	41772
漂流	41773
濁	41774
缶詰	41775
耐え忍べ	41776
肝	41777
被る	41778
起こせ	41779
追い出す	41780
間柄	41781
集結	41782
75,000	41783
Color	41784
LAN	41785
SPEAKING	41786
Sure	41787
WE	41788
create	41789
factor	41790
fried	41791
host	41792
jar	41793
later	41794
nuck	41795
ption	41796
tero	41797
uristic	41798
wah	41799
ğ	41800
ʼ	41801
▁$5,000	41802
▁2015	41803
▁38,39	41804
▁ASK	41805
▁Bara	41806
▁Croatia	41807
▁Damage	41808
▁Doubt	41809
▁Forgiveness	41810
▁Frobisher	41811
▁Layer	41812
▁Magog	41813
▁Moro	41814
▁Nepomuk	41815
▁Pac	41816
▁Patricia	41817
▁Principles	41818
▁Professional	41819
▁Raj	41820
▁Rice	41821
▁SF	41822
▁Squad	41823
▁Squi	41824
▁Superman	41825
▁Trick	41826
▁Ukrainian	41827
▁Vietnamese	41828
▁WAY	41829
▁WELL	41830
▁Wald	41831
▁Yale	41832
▁abolish	41833
▁alliances	41834
▁borrower	41835
▁branded	41836
▁chained	41837
▁compress	41838
▁confine	41839
▁constrain	41840
▁cozy	41841
▁crawled	41842
▁decor	41843
▁deduce	41844
▁defer	41845
▁demolished	41846
▁erotic	41847
▁excavation	41848
▁extremist	41849
▁forceful	41850
▁hopelessly	41851
▁inflammation	41852
▁median	41853
▁moths	41854
▁notify	41855
▁orbiting	41856
▁overdose	41857
▁papa	41858
▁shudder	41859
▁starry	41860
▁subse	41861
▁tang	41862
▁thine	41863
▁unavoidable	41864
▁unmistakable	41865
▁wrecked	41866
▁あやま	41867
▁お湯	41868
▁きらめ	41869
▁すずめ	41870
▁むなしく	41871
▁アジ	41872
▁アーチャ	41873
▁イェ	41874
▁ウィリアムズ	41875
▁カリスマ	41876
▁サンド	41877
▁シャンパン	41878
▁ジョイ	41879
▁チョコ	41880
▁ニコラ	41881
▁ヒューズ	41882
▁ビンゴ	41883
▁ブラシ	41884
▁ベンチ	41885
▁ポリオ	41886
▁ルクセンブルク	41887
▁全う	41888
▁小枝	41889
▁微量	41890
▁心構え	41891
▁断わ	41892
▁旅人	41893
▁検事	41894
▁水蒸気	41895
▁炭鉱	41896
▁牛肉	41897
▁砕き	41898
▁蒸	41899
▁言い換える	41900
▁言い表わ	41901
▁院長	41902
いちばん	41903
お似合い	41904
ぬる	41905
めろ	41906
やり遂げる	41907
を認識し	41908
アース	41909
エンター	41910
カノ	41911
スクエア	41912
ダーク	41913
ドラム	41914
ボリ	41915
マハル	41916
ミュージ	41917
ュート	41918
レンス	41919
ヴィエ	41920
下落	41921
作法	41922
円盤	41923
妖	41924
引き立て	41925
挟ま	41926
擁	41927
改造	41928
数多く	41929
染	41930
泊まり	41931
派閥	41932
消え失せ	41933
混ざ	41934
清める	41935
減速	41936
王妃	41937
紋	41938
納め	41939
翌日	41940
莫大	41941
視聴	41942
解剖	41943
解消	41944
豚肉	41945
通行	41946
酌	41947
難民	41948
霜	41949
Audience	41950
Dad	41951
GR	41952
Office	41953
Throw	41954
eke	41955
gora	41956
igi	41957
ipped	41958
ipping	41959
opa	41960
oscope	41961
plication	41962
shaped	41963
tab	41964
ved	41965
Æ	41966
ée	41967
▁4,6	41968
▁AFRICA	41969
▁Appearance	41970
▁Bibli	41971
▁Bombay	41972
▁CHA	41973
▁Clara	41974
▁Claude	41975
▁Construct	41976
▁Dangers	41977
▁Freddie	41978
▁Heck	41979
▁Kha	41980
▁Lister	41981
▁MAKE	41982
▁Manchester	41983
▁Marga	41984
▁Medes	41985
▁Oop	41986
▁Organized	41987
▁Ox	41988
▁Pav	41989
▁Property	41990
▁Reportedly	41991
▁Reporter	41992
▁Scene	41993
▁Settle	41994
▁Soldiers	41995
▁Sovereignty	41996
▁Technically	41997
▁Utah	41998
▁bookstore	41999
▁cardiovascular	42000
▁circumference	42001
▁closure	42002
▁clutch	42003
▁coloring	42004
▁confound	42005
▁coop	42006
▁costumes	42007
▁dialects	42008
▁eyed	42009
▁feats	42010
▁fueled	42011
▁gar	42012
▁globalization	42013
▁hacking	42014
▁illuminate	42015
▁imaging	42016
▁impatience	42017
▁impractical	42018
▁inactivity	42019
▁inherently	42020
▁jogging	42021
▁jolt	42022
▁negotiation	42023
▁oust	42024
▁practicers	42025
▁recycling	42026
▁reputable	42027
▁saith	42028
▁seating	42029
▁shaved	42030
▁slender	42031
▁soared	42032
▁staircase	42033
▁trueness	42034
▁unchecked	42035
▁weaving	42036
▁whispering	42037
▁ひととき	42038
▁めい	42039
▁よそ者	42040
▁アウグスティヌス	42041
▁ウルグアイ	42042
▁ケネディ	42043
▁サウジアラビア	42044
▁スタニス	42045
▁ステーキ	42046
▁セールスマン	42047
▁トラン	42048
▁パート	42049
▁フォース	42050
▁ミア	42051
▁収ま	42052
▁吐く	42053
▁引力	42054
▁強風	42055
▁怯え	42056
▁悟ら	42057
▁晩年	42058
▁泊め	42059
▁活躍	42060
▁癒し	42061
▁精度	42062
▁精製	42063
▁結び合わさ	42064
▁菌類	42065
▁躍らせ	42066
▁逃走	42067
▁遅すぎる	42068
▁酔っ払	42069
▁騎手	42070
づくり	42071
なるほど	42072
に関連する	42073
アミン	42074
アンドリア	42075
エヴァン	42076
シェン	42077
ズレ	42078
トーム	42079
トーン	42080
ナット	42081
ネリー	42082
ハッピー	42083
パウロ	42084
ファックス	42085
マーズ	42086
メルリン	42087
ラッカー	42088
リブ	42089
リンド	42090
一筋	42091
供え	42092
債	42093
全地	42094
向かえ	42095
告訴	42096
咎め	42097
善人	42098
困惑	42099
工事	42100
引っ張る	42101
彗	42102
斜	42103
最強	42104
望ましい	42105
治る	42106
灌漑	42107
適切に	42108
金色	42109
頂上	42110
黙示録	42111
30,000	42112
Fear	42113
fix	42114
horse	42115
lS	42116
limit	42117
morph	42118
ndicating	42119
rand	42120
ulk	42121
ummer	42122
wada	42123
wai	42124
ylons	42125
▁38;	42126
▁Allison	42127
▁Alternative	42128
▁Asahi	42129
▁Babylonia	42130
▁Belize	42131
▁Colin	42132
▁Diver	42133
▁Faul	42134
▁Film	42135
▁Gross	42136
▁Hermi	42137
▁JUL	42138
▁Lex	42139
▁Liar	42140
▁Luc	42141
▁Myanmar	42142
▁NEWS	42143
▁Penalty	42144
▁Poli	42145
▁Sisera	42146
▁Stalin	42147
▁Wheel	42148
▁admittedly	42149
▁aligned	42150
▁anchored	42151
▁atoning	42152
▁certified	42153
▁childbearing	42154
▁choking	42155
▁chuck	42156
▁concise	42157
▁dashed	42158
▁defraud	42159
▁despoil	42160
▁divorcing	42161
▁dubbed	42162
▁elude	42163
▁engulfed	42164
▁ethic	42165
▁extortion	42166
▁faultless	42167
▁favourite	42168
▁fireplace	42169
▁grandpa	42170
▁lengthen	42171
▁manipulating	42172
▁mobilize	42173
▁mosaic	42174
▁moss	42175
▁peasants	42176
▁pediatrician	42177
▁performers	42178
▁prominently	42179
▁publicized	42180
▁puzzling	42181
▁ridden	42182
▁ridiculers	42183
▁scattering	42184
▁scrape	42185
▁sexes	42186
▁strangely	42187
▁supervise	42188
▁untouched	42189
▁かけら	42190
▁ご主人様	42191
▁はぐく	42192
▁ひど	42193
▁むさぼ	42194
▁グマ	42195
▁ケルト	42196
▁サケ	42197
▁サミー	42198
▁ジョナ	42199
▁ダイジェスト	42200
▁ツー	42201
▁ニッキー	42202
▁フェイ	42203
▁フロイ	42204
▁ヘラクレ	42205
▁ベイリー	42206
▁マフィア	42207
▁不況	42208
▁出動	42209
▁分かち合	42210
▁塗料	42211
▁安易	42212
▁張る	42213
▁彫り	42214
▁捕縛	42215
▁斜	42216
▁樹脂	42217
▁歩か	42218
▁死す	42219
▁死滅	42220
▁海抜	42221
▁物音	42222
▁瞑想	42223
▁見いだ	42224
▁見せびらかす	42225
▁踏み出	42226
▁遅か	42227
▁際限	42228
▁隷属	42229
おろし	42230
くよく	42231
じん	42232
ばれる	42233
ふく	42234
まわし	42235
オメガ	42236
カルト	42237
グラフィ	42238
グリッパ	42239
シエ	42240
ソコ	42241
ダニー	42242
ツィン	42243
テクニック	42244
テリー	42245
ディズニー	42246
ネギ	42247
パキスタン	42248
マグニチュード	42249
ミッド	42250
ーヤー	42251
向き合う	42252
国立	42253
堀	42254
存続	42255
府	42256
張ら	42257
悲	42258
感心	42259
方面	42260
暦	42261
書物	42262
柔和	42263
桃	42264
泄	42265
活躍	42266
混沌	42267
生児	42268
立ち止ま	42269
経費	42270
縋	42271
背面	42272
臨床	42273
舷	42274
解き明か	42275
迷路	42276
追従	42277
静脈	42278
,25)	42279
Call	42280
Har	42281
IZE	42282
Joseph	42283
Micro	42284
anni	42285
balance	42286
biotic	42287
etc	42288
forward	42289
green	42290
ologie	42291
setting	42292
trade	42293
tuple	42294
▁1870	42295
▁70,000	42296
▁Acting	42297
▁Ananias	42298
▁Belgian	42299
▁Brilliant	42300
▁Chop	42301
▁Cynthia	42302
▁Denver	42303
▁Emotional	42304
▁Fischer	42305
▁Frequently	42306
▁Gran	42307
▁Hurricane	42308
▁Ivy	42309
▁Martinez	42310
▁Movie	42311
▁Pol	42312
▁Reagan	42313
▁Rene	42314
▁Sylvia	42315
▁Thames	42316
▁UK	42317
▁authentication	42318
▁buoy	42319
▁calculus	42320
▁caste	42321
▁coordinator	42322
▁crest	42323
▁decency	42324
▁developer	42325
▁diagnose	42326
▁distill	42327
▁dope	42328
▁favoritism	42329
▁flattered	42330
▁forerunner	42331
▁gambler	42332
▁giga	42333
▁histogram	42334
▁hurdle	42335
▁incidental	42336
▁interpreting	42337
▁invoked	42338
▁kidnap	42339
▁locust	42340
▁naturalist	42341
▁omitted	42342
▁overwrite	42343
▁paddle	42344
▁parser	42345
▁penicillin	42346
▁powerfully	42347
▁promoter	42348
▁queries	42349
▁resolute	42350
▁shaving	42351
▁sparkling	42352
▁squat	42353
▁swoop	42354
▁tedious	42355
▁tr	42356
▁venom	42357
▁videotape	42358
▁wartime	42359
▁wedge	42360
▁いたるところ	42361
▁しがみつ	42362
▁つきまと	42363
▁とがめる	42364
▁もろとも	42365
▁インディアナ	42366
▁ウィリー	42367
▁キャリア	42368
▁スロベニア	42369
▁バンダ	42370
▁ヒッピー	42371
▁モーリス	42372
▁ルステラ	42373
▁ルームメート	42374
▁ロッキー	42375
▁乙女	42376
▁例示	42377
▁幾百幾千	42378
▁拠点	42379
▁拭い去	42380
▁最上	42381
▁柄	42382
▁残ら	42383
▁気配	42384
▁深海	42385
▁爬	42386
▁砂丘	42387
▁秘義	42388
▁聴き従い	42389
▁補い	42390
▁貯蓄	42391
▁離せ	42392
▁風力	42393
▁飛び回	42394
お目	42395
アーキ	42396
オーディオ	42397
カナ	42398
カリキュラム	42399
コルポーター	42400
コンサルタント	42401
ザカリ	42402
ジャーナリスト	42403
セテ	42404
ソロモン	42405
バール	42406
ヘア	42407
ベンチ	42408
ポニー	42409
モラル	42410
ヨブ	42411
不全	42412
会員	42413
入り込	42414
入れ墨	42415
収束	42416
可決	42417
夕方	42418
実績	42419
屑	42420
強調表示	42421
恩寵	42422
滅亡	42423
目玉	42424
舐	42425
苦い	42426
覇	42427
見当た	42428
読み取	42429
軍団	42430
退廃	42431
通り過ぎ	42432
障り	42433
FS	42434
Nice	42435
Pyo	42436
RUS	42437
SIDE	42438
anger	42439
aware	42440
consider	42441
fear	42442
former	42443
hey	42444
isation	42445
metry	42446
ounds	42447
phrase	42448
sake	42449
speaking	42450
Θ	42451
▁$50,000	42452
▁04	42453
▁121	42454
▁2,5	42455
▁Angle	42456
▁Bold	42457
▁Casa	42458
▁Caution	42459
▁Contribut	42460
▁Cyber	42461
▁Delhi	42462
▁Este	42463
▁Famine	42464
▁Fernando	42465
▁Fig	42466
▁Gain	42467
▁Goodness	42468
▁Gould	42469
▁Hershe	42470
▁Hokkaido	42471
▁Jehoiakim	42472
▁Kane	42473
▁Mendel	42474
▁NAME	42475
▁Oak	42476
▁Phoenician	42477
▁Setup	42478
▁Sheet	42479
▁Someday	42480
▁TEACHINGS	42481
▁Tamar	42482
▁Wives	42483
▁acquaint	42484
▁airborne	42485
▁align	42486
▁assailant	42487
▁atheism	42488
▁atheistic	42489
▁bandages	42490
▁café	42491
▁chant	42492
▁charcoal	42493
▁chris	42494
▁comforter	42495
▁confessing	42496
▁coordinated	42497
▁crafty	42498
▁crea	42499
▁cubit	42500
▁deployed	42501
▁diminishing	42502
▁dreaded	42503
▁dwindling	42504
▁empathetic	42505
▁engender	42506
▁enthusiast	42507
▁financed	42508
▁fluctuat	42509
▁gasp	42510
▁glutton	42511
▁herpes	42512
▁housewives	42513
▁impersonal	42514
▁indecency	42515
▁insulation	42516
▁jeopardy	42517
▁monarchy	42518
▁moor	42519
▁nickel	42520
▁noodles	42521
▁pelt	42522
▁politely	42523
▁quarreling	42524
▁racist	42525
▁restrictive	42526
▁sandy	42527
▁slaughtering	42528
▁slumber	42529
▁swam	42530
▁tainted	42531
▁twilight	42532
▁visionary	42533
▁whispered	42534
▁むなしさ	42535
▁インド洋	42536
▁カリー	42537
▁キャット	42538
▁コーナー	42539
▁サーシャ	42540
▁スーダン	42541
▁セントラル	42542
▁デブ	42543
▁ビジター	42544
▁フェニキア	42545
▁ブーム	42546
▁プライド	42547
▁ベストセラー	42548
▁ボウ	42549
▁マナー	42550
▁ムッ	42551
▁モリー	42552
▁上演	42553
▁及ぼ	42554
▁反復	42555
▁地所	42556
▁子犬	42557
▁密林	42558
▁心地よい	42559
▁抜か	42560
▁揺り動か	42561
▁放牧	42562
▁気まず	42563
▁深ま	42564
▁溺れ	42565
▁生き返	42566
▁突っ込	42567
▁絞り	42568
▁締	42569
▁飽	42570
つづ	42571
ぷ	42572
まさか	42573
まんま	42574
アクセ	42575
アバ	42576
アーム	42577
キャンディ	42578
ギャン	42579
ゴイ	42580
セキュリティー	42581
ソーシャル	42582
チャット	42583
ピート	42584
ブッシュ	42585
乗り込	42586
取り込	42587
味わわせ	42588
妨げる	42589
婿	42590
少々	42591
引き抜	42592
復習	42593
愚弄	42594
搭載	42595
模型	42596
止まれ	42597
清潔	42598
漕	42599
耐え忍び	42600
迎	42601
近づける	42602
重な	42603
険	42604
%3	42605
,39	42606
GD	42607
ISM	42608
atsu	42609
dry	42610
engine	42611
gather	42612
iso	42613
phase	42614
quality	42615
store	42616
strict	42617
tom	42618
▁Atom	42619
▁Beverly	42620
▁Border	42621
▁Calcutta	42622
▁Chaldeans	42623
▁Crowd	42624
▁Dress	42625
▁Goes	42626
▁HIM	42627
▁Haya	42628
▁Hunting	42629
▁LDAP	42630
▁Lying	42631
▁Mummy	42632
▁Nora	42633
▁Observatory	42634
▁Opp	42635
▁Ouch	42636
▁Recognize	42637
▁SOUTH	42638
▁Sell	42639
▁Spaniards	42640
▁Theory	42641
▁Tw	42642
▁Warsaw	42643
▁Yang	42644
▁ambiguous	42645
▁carelessness	42646
▁carrots	42647
▁clo	42648
▁compressed	42649
▁constellations	42650
▁deformed	42651
▁denomination	42652
▁descriptive	42653
▁diapers	42654
▁divinity	42655
▁fading	42656
▁fasten	42657
▁graffiti	42658
▁grasped	42659
▁handkerchief	42660
▁healers	42661
▁hesitated	42662
▁homemade	42663
▁imparted	42664
▁logged	42665
▁negatively	42666
▁nighttime	42667
▁overturned	42668
▁penetrated	42669
▁pier	42670
▁postal	42671
▁schoolchildren	42672
▁sedentary	42673
▁sinister	42674
▁sinless	42675
▁taunt	42676
▁terminology	42677
▁unleashed	42678
▁uploaded	42679
▁valves	42680
▁うみ疲れ	42681
▁かっと	42682
▁ふるい	42683
▁わがまま	42684
▁アグ	42685
▁イスカリオテ	42686
▁カサ	42687
▁カジノ	42688
▁グラン	42689
▁コウノトリ	42690
▁シャーリー	42691
▁ツリー	42692
▁ネオ	42693
▁パッ	42694
▁ポジ	42695
▁マーシー	42696
▁ラゴス	42697
▁不断	42698
▁卑しめ	42699
▁受け止める	42700
▁命ずる	42701
▁咲き	42702
▁大麻	42703
▁学部	42704
▁差し上げ	42705
▁差し出	42706
▁差し支え	42707
▁形状	42708
▁手袋	42709
▁捕える	42710
▁暗やみ	42711
▁来たら	42712
▁渦	42713
▁突き止める	42714
▁自白	42715
▁茂	42716
▁見下げ	42717
▁観衆	42718
▁賄賂	42719
▁追い払う	42720
▁遅らせ	42721
▁防ぎ	42722
▁飛び立	42723
▁飼料	42724
▁麗しい	42725
あずか	42726
くだら	42727
そら	42728
つかまえ	42729
ひれ伏し	42730
ぴょ	42731
ぶち壊	42732
めちゃくちゃ	42733
ようやく	42734
ウィンター	42735
ウミガメ	42736
クウェート	42737
タイン	42738
ダイナ	42739
ディレク	42740
デット	42741
トレース	42742
ナリ	42743
プライバシー	42744
ペニ	42745
ボイ	42746
ヤハ	42747
ラクション	42748
レージ	42749
住め	42750
便宜	42751
北極	42752
吸血鬼	42753
味わい	42754
器用	42755
寄せる	42756
専念	42757
引きず	42758
引き出す	42759
張る	42760
後押し	42761
心得	42762
悪意	42763
意地	42764
手話	42765
斬	42766
柔軟	42767
楽しめる	42768
治す	42769
注入	42770
甚だしい	42771
疑わしい	42772
窃盗	42773
聾	42774
胎児	42775
胱	42776
脱げ	42777
膀	42778
輸	42779
述べる	42780
MD	42781
Maps	42782
Nor	42783
Qaeda	42784
\\	42785
boro	42786
boss	42787
crowd	42788
deal	42789
fair	42790
hot	42791
lace	42792
uid	42793
ves	42794
yles	42795
ו	42796
▁Annual	42797
▁BRITAIN	42798
▁Chesapeake	42799
▁Corporal	42800
▁Counselor	42801
▁Fulfill	42802
▁Incidentally	42803
▁Literally	42804
▁McCl	42805
▁Meg	42806
▁Mirror	42807
▁Pend	42808
▁Ptolemy	42809
▁Rex	42810
▁Rip	42811
▁Sammy	42812
▁Senior	42813
▁Sid	42814
▁Sight	42815
▁Sullivan	42816
▁Surgeon	42817
▁Unexpected	42818
▁Unquestionably	42819
▁Uriah	42820
▁Walsh	42821
▁admiring	42822
▁angrily	42823
▁antiquity	42824
▁apprehension	42825
▁bled	42826
▁courier	42827
▁discriminate	42828
▁dormant	42829
▁emergencies	42830
▁faction	42831
▁flipped	42832
▁gram	42833
▁heater	42834
▁immensely	42835
▁insistence	42836
▁jog	42837
▁mythical	42838
▁novelist	42839
▁painstaking	42840
▁plantations	42841
▁preventive	42842
▁quotation	42843
▁radiocarbon	42844
▁ratings	42845
▁rewarder	42846
▁scheming	42847
▁scour	42848
▁sectarian	42849
▁shred	42850
▁slums	42851
▁sorely	42852
▁squash	42853
▁surpassed	42854
▁swallowing	42855
▁twisting	42856
▁undone	42857
▁unequal	42858
▁vertically	42859
▁うろつ	42860
▁お兄	42861
▁きけ	42862
▁されど	42863
▁ひた	42864
▁むさぼり食	42865
▁アッシュ	42866
▁イス	42867
▁オーウェ	42868
▁クロアチア	42869
▁グアム	42870
▁コリン	42871
▁シェフ	42872
▁シェルビ	42873
▁ツアー	42874
▁パプアニューギニア	42875
▁ヒド	42876
▁ブレイク	42877
▁ヘンシェル	42878
▁リディア	42879
▁レシピ	42880
▁倒産	42881
▁備蓄	42882
▁切り抜ける	42883
▁好物	42884
▁宦官	42885
▁帝	42886
▁思慮深く	42887
▁押し込	42888
▁易しい	42889
▁沼地	42890
▁測る	42891
▁滋養	42892
▁理屈	42893
▁空手	42894
▁締めくく	42895
▁聞き従う	42896
▁育児	42897
▁説く	42898
▁貧しさ	42899
▁飛躍	42900
▁飲み込	42901
つなぐ	42902
ぴん	42903
れんが	42904
イライト	42905
ウィット	42906
コウモリ	42907
サンゴ	42908
ジョンソン	42909
スチール	42910
ソ連	42911
ッタリ	42912
デリック	42913
バク	42914
ビエル	42915
ビオ	42916
プロデューサー	42917
ミッチェル	42918
ムード	42919
ローバー	42920
仕打ち	42921
依然	42922
促	42923
円筒	42924
原点	42925
取り返	42926
大衆	42927
対面	42928
小銭	42929
年老い	42930
待ち伏せ	42931
思い込	42932
支部	42933
旧約	42934
昆虫	42935
景気	42936
柔らか	42937
歩兵	42938
行なう	42939
表明	42940
許せ	42941
贈与	42942
走れる	42943
錯誤	42944
陸軍	42945
008	42946
2015	42947
Hell	42948
Mighty	42949
Sigh	42950
could	42951
dorf	42952
everlasting	42953
icular	42954
ilateral	42955
nal	42956
nik	42957
quest	42958
strong	42959
women	42960
▁$300	42961
▁2,6	42962
▁Activity	42963
▁Attempt	42964
▁Chim	42965
▁Chin	42966
▁Determined	42967
▁Fantastic	42968
▁Farmers	42969
▁Fascinating	42970
▁Haas	42971
▁Homo	42972
▁Laden	42973
▁Naka	42974
▁Opening	42975
▁Plaza	42976
▁Plenty	42977
▁Schmidt	42978
▁Skye	42979
▁Weight	42980
▁Zach	42981
▁barbecue	42982
▁beaver	42983
▁biased	42984
▁clerical	42985
▁conduit	42986
▁correlate	42987
▁crunch	42988
▁disrupted	42989
▁dizzy	42990
▁dwelt	42991
▁entities	42992
▁filing	42993
▁fruitless	42994
▁fuzzy	42995
▁homi	42996
▁incompatible	42997
▁needlessly	42998
▁palate	42999
▁pebble	43000
▁phobia	43001
▁postcard	43002
▁propitiatory	43003
▁ripping	43004
▁spectr	43005
▁stabbing	43006
▁stalking	43007
▁stockpile	43008
▁supplicate	43009
▁transparency	43010
▁treachery	43011
▁understandably	43012
▁unending	43013
▁universally	43014
▁vib	43015
▁さいな	43016
▁つがい	43017
▁のぞき	43018
▁わきまえる	43019
▁ウリヤ	43020
▁オーブン	43021
▁キャロライ	43022
▁サイレン	43023
▁シエラレオネ	43024
▁スムー	43025
▁トビ	43026
▁プレゼン	43027
▁マニ	43028
▁一握り	43029
▁一撃	43030
▁元気づける	43031
▁共著	43032
▁再来	43033
▁副産物	43034
▁受容	43035
▁尽きる	43036
▁工作	43037
▁思い定め	43038
▁投げ捨て	43039
▁斬	43040
▁気流	43041
▁無礼	43042
▁荷造り	43043
▁食わ	43044
おごり	43045
かえって	43046
すむ	43047
ウィング	43048
カラス	43049
カワイ	43050
キーン	43051
グレン	43052
ゴッド	43053
スッ	43054
ハードディスク	43055
バシ	43056
ババ	43057
フィラ	43058
ペディア	43059
モーター	43060
亡き	43061
光源	43062
均	43063
宛	43064
延長	43065
志向	43066
打ち合わせ	43067
技師	43068
振り向	43069
欲しがる	43070
王者	43071
築く	43072
辱	43073
陣痛	43074
鳩	43075
1999	43076
OLD	43077
Per	43078
abelle	43079
anu	43080
begin	43081
bet	43082
dai	43083
ectomy	43084
efficient	43085
ember	43086
gla	43087
husband	43088
imp	43089
iosis	43090
lack	43091
model	43092
polytheists	43093
rigg	43094
sighted	43095
tribution	43096
turned	43097
ucci	43098
uppet	43099
wicked	43100
ï	43101
▁1991)	43102
▁Blame	43103
▁CPU	43104
▁Coco	43105
▁Gamaliel	43106
▁Hazel	43107
▁Incas	43108
▁Liberation	43109
▁Measure	43110
▁Menu	43111
▁Merlyn	43112
▁Morocco	43113
▁NP	43114
▁Nazarene	43115
▁Nevada	43116
▁Pill	43117
▁QUE	43118
▁Quarter	43119
▁Robbie	43120
▁Rosale	43121
▁Schi	43122
▁Spin	43123
▁Swahili	43124
▁THEIR	43125
▁Tarsus	43126
▁VIII	43127
▁Zar	43128
▁[15	43129
▁abduction	43130
▁accessed	43131
▁bash	43132
▁battling	43133
▁coworkers	43134
▁deem	43135
▁detained	43136
▁diffuse	43137
▁dogmatic	43138
▁emphasizing	43139
▁enacted	43140
▁finale	43141
▁hallucinat	43142
▁hush	43143
▁hustle	43144
▁illiteracy	43145
▁manger	43146
▁maxim	43147
▁menopause	43148
▁navigator	43149
▁securities	43150
▁sensing	43151
▁shatter	43152
▁shrubs	43153
▁substantially	43154
▁suspend	43155
▁trance	43156
▁treaties	43157
▁unrelated	43158
▁variant	43159
▁vitality	43160
▁いら立た	43161
▁イチ	43162
▁エディー	43163
▁カウンセリング	43164
▁シェー	43165
▁ジェイミー	43166
▁ティナ	43167
▁ペラ	43168
▁ミュンヘン	43169
▁ムリ	43170
▁ルイーズ	43171
▁乗り出し	43172
▁乳幼児	43173
▁光合成	43174
▁分け与え	43175
▁味わわ	43176
▁変種	43177
▁夕べ	43178
▁奉じ	43179
▁帝王	43180
▁平面	43181
▁悔や	43182
▁手渡し	43183
▁桁	43184
▁治し	43185
▁漢字	43186
▁激減	43187
▁点字	43188
▁牙	43189
▁符号	43190
▁美徳	43191
▁覆す	43192
▁返さ	43193
▁連結	43194
▁運び込	43195
▁飽く	43196
▁騒動	43197
あえて	43198
きょう	43199
ごちゃ	43200
ばさみ	43201
みじん	43202
るべく	43203
アドレナリン	43204
ウエスト	43205
ジャズ	43206
ティエ	43207
ネック	43208
ハレルヤ	43209
バッド	43210
バビロン	43211
ビティ	43212
ヘルプ	43213
ポンプ	43214
マチ	43215
リノ	43216
乗り換え	43217
作ら	43218
傾斜	43219
勝ち取	43220
取り掛か	43221
哺	43222
器官	43223
囲む	43224
塗りつぶ	43225
弱者	43226
排せつ	43227
摘	43228
智	43229
書式	43230
標識	43231
権勢	43232
民衆	43233
淑女	43234
減る	43235
滅びる	43236
生み	43237
祭司	43238
診療	43239
Ja	43240
OUND	43241
RD	43242
RIS	43243
STOR	43244
between	43245
brief	43246
cream	43247
feld	43248
finger	43249
illion	43250
lso	43251
paper	43252
spiring	43253
▁37,38	43254
▁Archie	43255
▁Atlas	43256
▁Burt	43257
▁Cossack	43258
▁Establish	43259
▁FIRST	43260
▁Fai	43261
▁Flag	43262
▁Independence	43263
▁Kenny	43264
▁Kitt	43265
▁Nagasaki	43266
▁Nun	43267
▁Patients	43268
▁REP	43269
▁Random	43270
▁Range	43271
▁Roosevelt	43272
▁Score	43273
▁Senegal	43274
▁Stewart	43275
▁TAKE	43276
▁Tiberius	43277
▁accursed	43278
▁anesthesia	43279
▁anesthetic	43280
▁babysit	43281
▁bolster	43282
▁curtail	43283
▁deci	43284
▁disregarded	43285
▁enzyme	43286
▁feeble	43287
▁goddesses	43288
▁groove	43289
▁guile	43290
▁hatched	43291
▁herbal	43292
▁hr	43293
▁intrigue	43294
▁jade	43295
▁modeling	43296
▁neutrons	43297
▁orchid	43298
▁pianist	43299
▁polynom	43300
▁portents	43301
▁potter	43302
▁rebuked	43303
▁religionists	43304
▁repurchase	43305
▁retrieved	43306
▁rocked	43307
▁rotting	43308
▁specialty	43309
▁stance	43310
▁supremacy	43311
▁tera	43312
▁transgressing	43313
▁tying	43314
▁uprising	43315
▁windmill	43316
▁おろか	43317
▁きびしい	43318
▁ささえ	43319
▁たぐい	43320
▁やり直し	43321
▁アハズ	43322
▁ゴースト	43323
▁シナリオ	43324
▁シリコン	43325
▁ドリル	43326
▁バルト	43327
▁フェルナンド	43328
▁ブラボー	43329
▁メガネ	43330
▁モレ	43331
▁享	43332
▁付き従	43333
▁冬眠	43334
▁大豆	43335
▁太り	43336
▁思い浮かべる	43337
▁条例	43338
▁溶液	43339
▁激励	43340
▁異論	43341
▁磨	43342
▁種まき	43343
▁竜巻	43344
▁背信	43345
▁膨張	43346
▁親類	43347
▁言い表わせ	43348
▁迷い出	43349
▁逸脱	43350
▁酋長	43351
▁鎌	43352
▁陥落	43353
▁鳴り響	43354
あざ	43355
ありがたい	43356
えぐ	43357
ちがいない	43358
に対処する	43359
アクティ	43360
ガチョウ	43361
ガルド	43362
キューバ	43363
グッ	43364
ゲネ	43365
ジャングル	43366
スコッチ	43367
ステラ	43368
タブレット	43369
チョー	43370
ディアス	43371
ドキドキ	43372
ドナー	43373
パール	43374
ベッカ	43375
マッピング	43376
メダル	43377
モーション	43378
リッツ	43379
侯	43380
匿名	43381
原始	43382
受け止め	43383
墨	43384
売れる	43385
失調	43386
威張	43387
帰国	43388
復旧	43389
忠節	43390
振替	43391
放す	43392
敗北	43393
文化的	43394
旅人	43395
朴	43396
涌	43397
献身	43398
秘術	43399
行き先	43400
褐	43401
視野	43402
解き放	43403
起こりうる	43404
輸出	43405
郭	43406
鉢	43407
麻酔	43408
Anyone	43409
Conf	43410
HOSE	43411
OVER	43412
Show	43413
VES	43414
ameroon	43415
berries	43416
control	43417
cost	43418
filled	43419
kai	43420
kul	43421
ominous	43422
scribing	43423
stad	43424
umming	43425
zaki	43426
√	43427
▁111	43428
▁126	43429
▁29,30)	43430
▁32,33	43431
▁Asher	43432
▁Bach	43433
▁Broken	43434
▁Cit	43435
▁Coin	43436
▁Conquer	43437
▁Decepti	43438
▁Desire	43439
▁Flowers	43440
▁Haran	43441
▁Idiot	43442
▁Jessie	43443
▁Lei	43444
▁Longer	43445
▁Lorraine	43446
▁Nemo	43447
▁Quake	43448
▁Seventeen	43449
▁Tooth	43450
▁WANT	43451
▁Wherefore	43452
▁affectionate	43453
▁anatomy	43454
▁boastful	43455
▁brightest	43456
▁conversing	43457
▁dismantle	43458
▁drip	43459
▁dunes	43460
▁encompasses	43461
▁endlessly	43462
▁exchanging	43463
▁friendliness	43464
▁hectare	43465
▁heightened	43466
▁heresy	43467
▁incomparable	43468
▁infested	43469
▁licensed	43470
▁momentary	43471
▁ordination	43472
▁perverse	43473
▁photosynthesis	43474
▁placenta	43475
▁prospered	43476
▁renewable	43477
▁sheltered	43478
▁skipping	43479
▁spawn	43480
▁spearhead	43481
▁swirl	43482
▁therapeutic	43483
▁transgressed	43484
▁underscores	43485
▁vertex	43486
▁いだき	43487
▁うなずけ	43488
▁せり	43489
▁そねみ	43490
▁つば	43491
▁アハシュエロス	43492
▁イイ	43493
▁エゼ	43494
▁カウンター	43495
▁クリーブラン	43496
▁グリフィ	43497
▁コンドーム	43498
▁ステーション	43499
▁パンツ	43500
▁ベネチア	43501
▁ムカ	43502
▁レイナ	43503
▁作文	43504
▁信じ込ま	43505
▁出せる	43506
▁刈り取り	43507
▁取り付ける	43508
▁塗装	43509
▁大きか	43510
▁奥深	43511
▁弾頭	43512
▁歩き方	43513
▁殺し合	43514
▁湿っ	43515
▁火あぶり	43516
▁目ざす	43517
▁真っ暗	43518
▁虫歯	43519
▁賜	43520
▁降りろ	43521
おはよう	43522
お別れ	43523
お守り	43524
ちび	43525
ぼっ	43526
やむ	43527
やりとり	43528
りかえ	43529
アカイ	43530
イオン	43531
シュミット	43532
スタック	43533
スナイ	43534
センサ	43535
ビッグバン	43536
ファシスト	43537
フィード	43538
フレディー	43539
メリー	43540
ヤリ	43541
レバノン	43542
レーダー	43543
不滅	43544
亀裂	43545
二重	43546
仕組	43547
公約	43548
切り取	43549
向かい合	43550
在り	43551
大きすぎ	43552
孵	43553
性のある	43554
慣	43555
打ち負か	43556
技能	43557
推論	43558
斜め	43559
杭	43560
沼	43561
物資	43562
膏	43563
見限	43564
遠ざかり	43565
適切	43566
麻	43567
AW	43568
Fr	43569
LSO	43570
Paul	43571
aff	43572
borne	43573
bush	43574
conscious	43575
ersei	43576
job	43577
question	43578
stral	43579
tale	43580
washed	43581
xxx	43582
▁07	43583
▁14,000	43584
▁2,400	43585
▁3,6	43586
▁Evangelical	43587
▁Fleet	43588
▁Heading	43589
▁Javier	43590
▁LIVE	43591
▁Majestic	43592
▁Natal	43593
▁Reporting	43594
▁Rising	43595
▁Roland	43596
▁Telephone	43597
▁Wanted	43598
▁abhor	43599
▁acoustic	43600
▁amendment	43601
▁barking	43602
▁blister	43603
▁circum	43604
▁coarse	43605
▁dialect	43606
▁diplomacy	43607
▁distresses	43608
▁dries	43609
▁drinker	43610
▁elicit	43611
▁evac	43612
▁filtering	43613
▁furnishes	43614
▁gettin	43615
▁gorge	43616
▁hare	43617
▁humiliate	43618
▁occupant	43619
▁outrage	43620
▁pastoral	43621
▁penguin	43622
▁pledged	43623
▁polygon	43624
▁predominantly	43625
▁proliferation	43626
▁pulpit	43627
▁reverential	43628
▁shyness	43629
▁slick	43630
▁stat	43631
▁stepfather	43632
▁tanta	43633
▁tougher	43634
▁tricked	43635
▁unruly	43636
▁vertebra	43637
▁wand	43638
▁お菓子	43639
▁きらい	43640
▁きらめき	43641
▁すばや	43642
▁のしかか	43643
▁ふくら	43644
▁アヘン	43645
▁イブ	43646
▁ガンマ	43647
▁スパルタ	43648
▁デュバ	43649
▁ドミニク	43650
▁ミセ	43651
▁モニター	43652
▁合唱	43653
▁子守	43654
▁延	43655
▁恐慌	43656
▁悪党	43657
▁握る	43658
▁核心	43659
▁極め	43660
▁歩め	43661
▁死別	43662
▁硝	43663
▁縄	43664
▁股	43665
▁苛	43666
▁退去	43667
▁鈍く	43668
▁頑張り	43669
くちゃ	43670
たずね	43671
づかい	43672
べん	43673
アレルギー	43674
ガム	43675
クスピア	43676
コカイン	43677
シミ	43678
スタント	43679
ステーキ	43680
セルフ	43681
ダクト	43682
バッファ	43683
ホウ	43684
ヤギ	43685
ラージ	43686
万歳	43687
三日	43688
乗り込む	43689
五十	43690
付き合う	43691
会談	43692
信頼性	43693
出くわ	43694
吹く	43695
喜ばせ	43696
固い	43697
坦	43698
学べる	43699
引き換え	43700
懇願	43701
折り返し	43702
折る	43703
提供する	43704
毛布	43705
涜	43706
滑らか	43707
焼く	43708
獅子	43709
虐	43710
見放	43711
鎮圧	43712
闘う	43713
OPE	43714
THE	43715
anga	43716
arah	43717
breaking	43718
church	43719
conclusion	43720
credi	43721
linear	43722
lub	43723
return	43724
severe	43725
thinking	43726
valent	43727
wen	43728
▁0.8	43729
▁3.0.	43730
▁600,000	43731
▁Align	43732
▁Bread	43733
▁Cecil	43734
▁Crawford	43735
▁Develop	43736
▁EARTH	43737
▁Endure	43738
▁Flip	43739
▁Hammer	43740
▁Hanson	43741
▁Keller	43742
▁Mara	43743
▁Merge	43744
▁Palmer	43745
▁Raising	43746
▁SAT	43747
▁Schroeder	43748
▁Steady	43749
▁Sutter	43750
▁VAL	43751
▁aspire	43752
▁batter	43753
▁capturing	43754
▁clumsy	43755
▁commentator	43756
▁constraint	43757
▁coven	43758
▁cracking	43759
▁defence	43760
▁deterrent	43761
▁disbelieving	43762
▁drape	43763
▁elliptical	43764
▁emblem	43765
▁fisc	43766
▁healthcare	43767
▁hooker	43768
▁horrific	43769
▁immuno	43770
▁increment	43771
▁insanity	43772
▁invincible	43773
▁liberate	43774
▁monopoly	43775
▁outstretched	43776
▁overrun	43777
▁parabola	43778
▁paradisaic	43779
▁perpetrated	43780
▁photographic	43781
▁pronouncements	43782
▁scaling	43783
▁slug	43784
▁steroids	43785
▁tasting	43786
▁unresponsive	43787
▁utilized	43788
▁versatile	43789
▁whence	43790
▁いけにえ	43791
▁つかさどる	43792
▁まぎ	43793
▁むやみ	43794
▁アップル	43795
▁イナゴ	43796
▁クエリ	43797
▁グロリア	43798
▁ステイ	43799
▁スペン	43800
▁ダグラス	43801
▁ネブ	43802
▁ヒエロニムス	43803
▁ビジョン	43804
▁ベーコン	43805
▁ポリネシア	43806
▁マリオ	43807
▁争う	43808
▁会報	43809
▁位格	43810
▁国歌	43811
▁宝庫	43812
▁小道	43813
▁引きず	43814
▁引き上げる	43815
▁待ち構え	43816
▁抑	43817
▁掘り下げ	43818
▁提督	43819
▁早死	43820
▁曲がりくね	43821
▁激しさ	43822
▁論証	43823
▁鋳	43824
づめ	43825
であると考え	43826
ふけ	43827
カーテン	43828
ガミ	43829
ギンズ	43830
ズィ	43831
タナー	43832
チャート	43833
ハイド	43834
パレット	43835
ビーム	43836
マイト	43837
リンカーン	43838
ルタン	43839
ンダ	43840
一文	43841
上空	43842
倒産	43843
儲	43844
凍え	43845
功績	43846
卑劣	43847
古く	43848
墓場	43849
外傷	43850
宣教	43851
崇める	43852
慌て	43853
扶養	43854
捜し出し	43855
携え	43856
来させ	43857
歓喜	43858
毎月	43859
疲	43860
眠れる	43861
立ち上がる	43862
脅か	43863
鎧	43864
食塩	43865
CTU	43866
NN	43867
Once	43868
Quit	43869
accept	43870
always	43871
apping	43872
culture	43873
data	43874
direction	43875
ket	43876
kong	43877
owing	43878
psych	43879
witness	43880
ár	43881
▁1380	43882
▁BEN	43883
▁CT	43884
▁Defend	43885
▁Dent	43886
▁Dim	43887
▁Doris	43888
▁Ew	43889
▁Indus	43890
▁Lac	43891
▁Mock	43892
▁Numerous	43893
▁Plague	43894
▁Presence	43895
▁Reflect	43896
▁Returning	43897
▁Ride	43898
▁Ridge	43899
▁Rik	43900
▁Sac	43901
▁Shirley	43902
▁Simmons	43903
▁Sixteen	43904
▁Stamp	43905
▁String	43906
▁Weaver	43907
▁Zip	43908
▁angered	43909
▁baptismal	43910
▁booze	43911
▁cape	43912
▁childless	43913
▁collaborate	43914
▁commenced	43915
▁condom	43916
▁conjure	43917
▁coroner	43918
▁crag	43919
▁disguised	43920
▁edged	43921
▁enlist	43922
▁fable	43923
▁fainted	43924
▁firewall	43925
▁imaginable	43926
▁influenc	43927
▁innate	43928
▁legalized	43929
▁leveled	43930
▁lineage	43931
▁meddling	43932
▁obstinate	43933
▁picturesque	43934
▁pineapple	43935
▁plausible	43936
▁progeny	43937
▁quadrant	43938
▁stalks	43939
▁strands	43940
▁tame	43941
▁ul	43942
▁unfulfilled	43943
▁valueless	43944
▁victimized	43945
▁wholesale	43946
▁widowed	43947
▁wondrous	43948
▁いやがらせ	43949
▁おど	43950
▁かぶと	43951
▁こうかつ	43952
▁じょう	43953
▁そびえ	43954
▁アガ	43955
▁アンジ	43956
▁エコノミスト	43957
▁オクラホマ	43958
▁カペルナウム	43959
▁カルメン	43960
▁カンザス	43961
▁ガム	43962
▁キッド	43963
▁クリスティーナ	43964
▁ケーシー	43965
▁シマウマ	43966
▁ジョーン	43967
▁チェン	43968
▁ナッツ	43969
▁ナホム	43970
▁ハント	43971
▁バーン	43972
▁フルーツ	43973
▁マニュアル	43974
▁モロッコ	43975
▁ラク	43976
▁両腕	43977
▁作り上げる	43978
▁均等	43979
▁好か	43980
▁微笑	43981
▁性教育	43982
▁懲らしめる	43983
▁敵する	43984
▁書き写	43985
▁朝日	43986
▁浮かび上が	43987
▁浮き彫り	43988
▁満月	43989
▁焼き払	43990
▁用心深く	43991
▁石打ち	43992
▁縄張	43993
▁見倣え	43994
▁講師	43995
▁近ごろ	43996
▁逸し	43997
▁金利	43998
▁雑用	43999
▁類する	44000
すすめ	44001
たどり着く	44002
びる	44003
エリート	44004
オペラ	44005
クリケット	44006
ケチ	44007
コスタ	44008
サバンナ	44009
ジェント	44010
スチュー	44011
デリア	44012
トランス	44013
トロフィー	44014
ハルマゲドン	44015
ハワイ	44016
ハンカチ	44017
ピル	44018
フェー	44019
ボコ	44020
ボビー	44021
メモリー	44022
ヨット	44023
ランドマーク	44024
ルース	44025
レモン	44026
ロップ	44027
内科	44028
刈り	44029
均一	44030
失せ	44031
店員	44032
心地よく	44033
暑さ	44034
曲がる	44035
果たして	44036
注ぐ	44037
点数	44038
祐	44039
終点	44040
美女	44041
自白	44042
言い張	44043
踏む	44044
這	44045
閉める	44046
雑草	44047
飛べ	44048
駐	44049
0.7	44050
1997	44051
DRA	44052
Faith	44053
ONG	44054
Return	44055
Wind	44056
birth	44057
cule	44058
fitting	44059
government	44060
hak	44061
mply	44062
patient	44063
plug	44064
pray	44065
ternal	44066
▁Adventist	44067
▁Banda	44068
▁Beethoven	44069
▁Belt	44070
▁COME	44071
▁Crane	44072
▁Critical	44073
▁Dw	44074
▁EMP	44075
▁Elena	44076
▁Laugh	44077
▁Leonardo	44078
▁Lillian	44079
▁Lose	44080
▁Melanie	44081
▁Monthly	44082
▁MySQL	44083
▁Naga	44084
▁Nana	44085
▁Partner	44086
▁Pep	44087
▁Policy	44088
▁Popp	44089
▁Prejudice	44090
▁Taxi	44091
▁Trace	44092
▁Transfer	44093
▁accumulating	44094
▁agnostic	44095
▁appendix	44096
▁benign	44097
▁bout	44098
▁cherishes	44099
▁cistern	44100
▁clad	44101
▁compliance	44102
▁customarily	44103
▁disarmament	44104
▁discreetly	44105
▁evaluat	44106
▁foresaw	44107
▁forthcoming	44108
▁gravel	44109
▁guesses	44110
▁honoured	44111
▁incision	44112
▁inconsistent	44113
▁intrusion	44114
▁kitty	44115
▁labored	44116
▁mathematically	44117
▁merc	44118
▁momentarily	44119
▁nightfall	44120
▁penitent	44121
▁pitiful	44122
▁pony	44123
▁popcorn	44124
▁prep	44125
▁pry	44126
▁safeguarded	44127
▁spilling	44128
▁stitches	44129
▁stoop	44130
▁sugarcane	44131
▁thousandth	44132
▁tug	44133
▁unblemished	44134
▁uncertainties	44135
▁unnecessarily	44136
▁unwed	44137
▁waved	44138
▁worsened	44139
▁くし	44140
▁くしゃみ	44141
▁しゅうと	44142
▁そそり	44143
▁ひんし	44144
▁ぼっ発	44145
▁カルト	44146
▁クレイジー	44147
▁サモア	44148
▁シセラ	44149
▁シラ	44150
▁ストップ	44151
▁ソロ	44152
▁テンポ	44153
▁バーク	44154
▁マウント	44155
▁メルボルン	44156
▁メロディー	44157
▁主流	44158
▁兆し	44159
▁先見	44160
▁兼	44161
▁分かつ	44162
▁埋もれ	44163
▁奇形	44164
▁寄進	44165
▁封	44166
▁役者	44167
▁恥ずかしが	44168
▁手のひら	44169
▁捕まる	44170
▁擁する	44171
▁教材	44172
▁枯渇	44173
▁構想	44174
▁歌声	44175
▁猶	44176
▁生い立ち	44177
▁疎	44178
▁紀	44179
▁紛	44180
▁腐食	44181
▁解答	44182
▁論点	44183
▁識字	44184
▁貴い	44185
▁足首	44186
▁選べ	44187
▁闘技	44188
▁隣り	44189
▁飛ばし	44190
のけ者	44191
ばん	44192
イタ	44193
イルズ	44194
インダ	44195
カーラ	44196
シェパード	44197
スウェーデン	44198
スライス	44199
ターミナル	44200
トラベル	44201
ハンガー	44202
バナナ	44203
マレク	44204
レーヌ	44205
仁	44206
促し	44207
力強い	44208
寸法	44209
差し伸べ	44210
座れ	44211
支出	44212
棲	44213
欧州	44214
甘く	44215
看板	44216
福祉	44217
称え	44218
絹	44219
職務	44220
行使	44221
補佐	44222
谷間	44223
貯蔵	44224
閑	44225
ART	44226
Expectation	44227
French	44228
LAY	44229
Work	44230
auto	44231
bak	44232
correct	44233
eve	44234
hei	44235
ishi	44236
lding	44237
luck	44238
slide	44239
smoking	44240
squ	44241
timate	44242
voluntary	44243
ylie	44244
▁11:00	44245
▁539	44246
▁Athenians	44247
▁Bowl	44248
▁Cali	44249
▁Caught	44250
▁Coal	44251
▁Colombian	44252
▁Crack	44253
▁Daisy	44254
▁Dialog	44255
▁Discuss	44256
▁Godship	44257
▁Handbook	44258
▁Interpol	44259
▁Loneliness	44260
▁Luca	44261
▁Macedonian	44262
▁Metal	44263
▁Mizuki	44264
▁Mongolia	44265
▁Nineteen	44266
▁Overwrite	44267
▁Pentagon	44268
▁Rate	44269
▁Reader	44270
▁Reduce	44271
▁Rough	44272
▁SERVICE	44273
▁Sparrow	44274
▁UNDER	44275
▁Victim	44276
▁Vir	44277
▁Whistler	44278
▁agitation	44279
▁amaze	44280
▁asbestos	44281
▁augment	44282
▁bacterium	44283
▁booming	44284
▁chilling	44285
▁circling	44286
▁confided	44287
▁crept	44288
▁decode	44289
▁deluded	44290
▁depraved	44291
▁dine	44292
▁disruption	44293
▁dodge	44294
▁freighter	44295
▁hiking	44296
▁interrogated	44297
▁lingering	44298
▁luxuries	44299
▁mesh	44300
▁mildly	44301
▁nuke	44302
▁peninsula	44303
▁pertinent	44304
▁pessimistic	44305
▁poop	44306
▁pretense	44307
▁purification	44308
▁recit	44309
▁remarry	44310
▁scribe	44311
▁sickle	44312
▁sleepless	44313
▁sliding	44314
▁supporter	44315
▁swayed	44316
▁thumbnail	44317
▁unbreakable	44318
▁undertone	44319
▁unreliable	44320
▁untruth	44321
▁validate	44322
▁vend	44323
▁いぶか	44324
▁はいり	44325
▁まじない	44326
▁エリート	44327
▁カルテ	44328
▁ジョル	44329
▁ステート	44330
▁ナトリウム	44331
▁パンチ	44332
▁ヒック	44333
▁ビク	44334
▁プレッシャー	44335
▁ボト	44336
▁ミラノ	44337
▁ヤンキー	44338
▁レディ	44339
▁ワンダ	44340
▁一文	44341
▁今さら	44342
▁具合い	44343
▁別名	44344
▁刻み込	44345
▁嗅覚	44346
▁売人	44347
▁弱ま	44348
▁抱擁	44349
▁探し出す	44350
▁控訴	44351
▁断ち切る	44352
▁歓ばせ	44353
▁毎分	44354
▁沖合	44355
▁洗浄	44356
▁満ち足りる	44357
▁王宮	44358
▁眠気	44359
▁落書き	44360
▁行き過ぎ	44361
▁食い止め	44362
いらっしゃる	44363
えぎ	44364
わざと	44365
アベ	44366
エコ	44367
エバ	44368
オフセット	44369
ガラクタ	44370
クロード	44371
シングル	44372
チェイス	44373
ディック	44374
デイヴィ	44375
デカイ	44376
ハニー	44377
ピウス	44378
ファイト	44379
ブーン	44380
ロウソク	44381
ワゴン	44382
ワラ	44383
中退	44384
傑作	44385
働かせ	44386
全う	44387
刑柱	44388
割り込	44389
区切	44390
営利	44391
壊れる	44392
対照	44393
思いつき	44394
慣行	44395
懇	44396
携わ	44397
整備	44398
沈め	44399
澪	44400
睦	44401
統一	44402
自制	44403
話し合う	44404
誉め	44405
辞任	44406
餓	44407
骨格	44408
Catholic	44409
OT	44410
Print	44411
SHIP	44412
attle	44413
camel	44414
ident	44415
listen	44416
mobile	44417
tube	44418
¡	44419
▁Aurora	44420
▁Broadway	44421
▁Decide	44422
▁Dino	44423
▁Expositor	44424
▁Favor	44425
▁Geoffrey	44426
▁Hamilton	44427
▁Handle	44428
▁Helm	44429
▁Kepler	44430
▁Laud	44431
▁Linux	44432
▁Luckily	44433
▁Mediator	44434
▁Prospect	44435
▁Shulammite	44436
▁Sickness	44437
▁Studying	44438
▁Terminal	44439
▁accelerating	44440
▁acknowledgment	44441
▁adaptation	44442
▁aftermath	44443
▁aquarium	44444
▁beginner	44445
▁bloodguilty	44446
▁bygone	44447
▁calves	44448
▁canned	44449
▁celebrities	44450
▁cloudy	44451
▁comeback	44452
▁comrades	44453
▁cutter	44454
▁debtor	44455
▁disgraced	44456
▁disperse	44457
▁downpour	44458
▁exemplified	44459
▁extraordinarily	44460
▁fanatical	44461
▁funnel	44462
▁graciously	44463
▁grunt	44464
▁implication	44465
▁informally	44466
▁lance	44467
▁lb	44468
▁manure	44469
▁marsh	44470
▁peep	44471
▁penalties	44472
▁poised	44473
▁probation	44474
▁reigned	44475
▁resin	44476
▁roadside	44477
▁rusty	44478
▁spook	44479
▁spotless	44480
▁thinner	44481
▁trainee	44482
▁ulcer	44483
▁verbally	44484
▁worshipper	44485
▁É	44486
▁いだか	44487
▁たくらみ	44488
▁ひか	44489
▁ウォード	44490
▁シティ	44491
▁スプーン	44492
▁セーター	44493
▁タスマニア	44494
▁タップ	44495
▁ツル	44496
▁ティベリ	44497
▁パルーシア	44498
▁ペリシテ	44499
▁マヌ	44500
▁ミャンマー	44501
▁メールアドレス	44502
▁ローリ	44503
▁営む	44504
▁回す	44505
▁実演	44506
▁幅広い	44507
▁形作る	44508
▁御名	44509
▁時節	44510
▁格子	44511
▁桜	44512
▁楽しさ	44513
▁殴る	44514
▁無くな	44515
▁煮え	44516
▁直し	44517
▁立ち上	44518
▁語りかける	44519
▁通わせ	44520
ぎや	44521
オブライエン	44522
グソン	44523
コミュニティー	44524
サプラ	44525
シナイ	44526
ダメージ	44527
ッセン	44528
ティナ	44529
バッハ	44530
ファイン	44531
フェロ	44532
フラワー	44533
プロポーズ	44534
ポイン	44535
マエ	44536
リーニ	44537
吐く	44538
哨	44539
実感	44540
尽きる	44541
成る	44542
押し寄せ	44543
摂	44544
摂理	44545
撫	44546
書き込	44547
煎	44548
精霊	44549
衡	44550
要点	44551
逢	44552
Act	44553
BER	44554
FOR	44555
Pre	44556
anza	44557
bidden	44558
brother	44559
ctures	44560
embodied	44561
frey	44562
haled	44563
heaven	44564
iga	44565
indi	44566
military	44567
money	44568
ndu	44569
olin	44570
pipe	44571
priest	44572
pti	44573
share	44574
social	44575
▁(%2)	44576
▁10,12	44577
▁1992)	44578
▁4,7	44579
▁Added	44580
▁Amelia	44581
▁Ang	44582
▁Archaeologist	44583
▁Asked	44584
▁Basis	44585
▁Blade	44586
▁Brief	44587
▁Caitl	44588
▁Carson	44589
▁Completely	44590
▁Elderly	44591
▁Englishman	44592
▁Fishing	44593
▁Fully	44594
▁GREAT	44595
▁Gla	44596
▁Humble	44597
▁Impressive	44598
▁Manny	44599
▁McNamara	44600
▁Meat	44601
▁Mickey	44602
▁Murray	44603
▁Principal	44604
▁Railway	44605
▁Rosen	44606
▁Schu	44607
▁Suck	44608
▁Tank	44609
▁Tao	44610
▁Terrible	44611
▁Timmy	44612
▁Traditional	44613
▁Vladimir	44614
▁Widget	44615
▁accumulation	44616
▁adversities	44617
▁aiming	44618
▁alteration	44619
▁assembling	44620
▁attest	44621
▁ballistic	44622
▁blatant	44623
▁bountiful	44624
▁bracelets	44625
▁cafe	44626
▁checkup	44627
▁chimpanzees	44628
▁clarified	44629
▁conferred	44630
▁contraceptive	44631
▁covet	44632
▁credible	44633
▁crib	44634
▁debased	44635
▁directories	44636
▁driveway	44637
▁emitted	44638
▁encamped	44639
▁fundamentalist	44640
▁glamour	44641
▁headstrong	44642
▁hindrance	44643
▁horoscope	44644
▁hottest	44645
▁hugged	44646
▁hundredth	44647
▁hyperbola	44648
▁impartiality	44649
▁imprint	44650
▁incurable	44651
▁instantaneous	44652
▁investor	44653
▁kidnappers	44654
▁leaked	44655
▁limo	44656
▁medically	44657
▁offending	44658
▁puncture	44659
▁quadr	44660
▁ramp	44661
▁recounted	44662
▁reddish	44663
▁refinement	44664
▁salaries	44665
▁snip	44666
▁succour	44667
▁transcript	44668
▁trifle	44669
▁vowel	44670
▁walled	44671
▁yawn	44672
▁ふれ	44673
▁ぶつけ	44674
▁ほうり出	44675
▁むずかし	44676
▁アリバイ	44677
▁コアラ	44678
▁サクラメント	44679
▁サマー	44680
▁ストーン	44681
▁ナイトクラブ	44682
▁パイプライン	44683
▁ヘイリー	44684
▁リク	44685
▁ワット	44686
▁ヴェル	44687
▁不在	44688
▁低木	44689
▁取り乱	44690
▁干し	44691
▁干し草	44692
▁懲	44693
▁所在	44694
▁手口	44695
▁披露宴	44696
▁散布	44697
▁競馬	44698
▁粘り強く	44699
▁肉欲	44700
▁胸部	44701
▁蛮行	44702
▁課す	44703
▁財団	44704
▁贈り	44705
ため息	44706
み使い	44707
ウォーキング	44708
エビ	44709
ドク	44710
ベイズ	44711
中東	44712
二十	44713
呼び起こし	44714
問いかけ	44715
広げる	44716
持ち合わせ	44717
接種	44718
播	44719
是	44720
水夫	44721
牽	44722
疎	44723
破れ	44724
策略	44725
箸	44726
純一	44727
結晶	44728
聴こ	44729
膿	44730
解答	44731
論じ	44732
貴族	44733
障壁	44734
15)	44735
COL	44736
Dur	44737
FIELD	44738
IOUS	44739
LOW	44740
Mom	44741
OST	44742
Outside	44743
Victorious	44744
aco	44745
coin	44746
died	44747
etti	44748
hle	44749
jay	44750
kah	44751
raki	44752
stair	44753
ugh	44754
young	44755
▁$400	44756
▁0.6	44757
▁ASCII	44758
▁Alas	44759
▁Beirut	44760
▁Bingo	44761
▁Bounty	44762
▁Cathedral	44763
▁Chap	44764
▁Clinton	44765
▁Dae	44766
▁Effective	44767
▁Georgian	44768
▁Hae	44769
▁Healing	44770
▁Helped	44771
▁Homer	44772
▁Jehoash	44773
▁Jung	44774
▁Mash	44775
▁Nicola	44776
▁Onesimus	44777
▁Parade	44778
▁Pilot	44779
▁SPANISH	44780
▁Saxon	44781
▁Spoke	44782
▁Strict	44783
▁Sufficient	44784
▁Synod	44785
▁Taura	44786
▁WATCH	44787
▁Warrior	44788
▁annul	44789
▁battled	44790
▁binge	44791
▁centimeter	44792
▁cleanup	44793
▁condoms	44794
▁cooperated	44795
▁dangl	44796
▁disowned	44797
▁dripping	44798
▁dunno	44799
▁emergence	44800
▁eradicated	44801
▁fission	44802
▁flawed	44803
▁horrified	44804
▁horseback	44805
▁inauguration	44806
▁jailer	44807
▁lantern	44808
▁lecturer	44809
▁negotiating	44810
▁packaging	44811
▁petals	44812
▁pharmacy	44813
▁pondered	44814
▁recreate	44815
▁renewal	44816
▁resentful	44817
▁ripple	44818
▁sanitary	44819
▁sensational	44820
▁sparkle	44821
▁stealth	44822
▁substituted	44823
▁symmetry	44824
▁thwart	44825
▁toothbrush	44826
▁trialsome	44827
▁underestimated	44828
▁vibration	44829
▁おおい	44830
▁おののき	44831
▁きたす	44832
▁ふるまい	44833
▁エラスムス	44834
▁サンクトペテルブルク	44835
▁ジェラー	44836
▁ジョシュ	44837
▁ダメージ	44838
▁ドナウ	44839
▁ニコール	44840
▁ビーバー	44841
▁ホッジ	44842
▁ヤラベアム	44843
▁傾き	44844
▁吸い込む	44845
▁増幅	44846
▁奏者	44847
▁好ん	44848
▁巡り	44849
▁役所	44850
▁持ち場	44851
▁改装	44852
▁札幌	44853
▁理念	44854
▁相次	44855
▁立ち去る	44856
▁聡明	44857
▁腹立たし	44858
▁請け戻し	44859
▁転覆	44860
▁防護	44861
▁陶酔	44862
▫	44863
さかのぼ	44864
エベレス	44865
カオ	44866
ケリー	44867
スキャ	44868
ダグ	44869
デリ	44870
パト	44871
ピエロ	44872
ピクニック	44873
ピラミッド	44874
ペニー	44875
ホットドッグ	44876
マイン	44877
ムカ	44878
冶	44879
冷え	44880
創立	44881
励み	44882
勝る	44883
勾	44884
各自	44885
吹雪	44886
唱える	44887
増や	44888
弾け	44889
捉	44890
星座	44891
書き換える	44892
最上	44893
木々	44894
棺	44895
粋	44896
視力	44897
覧会	44898
記載	44899
車輪	44900
逆らう	44901
遠ざかれ	44902
銘じ	44903
隆	44904
騎	44905
驚異	44906
2,600	44907
DAY	44908
Free	44909
HOO	44910
LAUGH	44911
SW	44912
WOR	44913
acc	44914
ages	44915
bang	44916
blin	44917
distinct	44918
either	44919
handle	44920
ifiable	44921
ophil	44922
owski	44923
reece	44924
result	44925
robisher	44926
stitute	44927
strom	44928
÷	44929
▁AUSTRALIA	44930
▁Asshole	44931
▁Blast	44932
▁Bryce	44933
▁Distance	44934
▁Frame	44935
▁Height	44936
▁Herr	44937
▁Hole	44938
▁Industry	44939
▁Joyce	44940
▁Kai	44941
▁Kap	44942
▁Kro	44943
▁Laboratory	44944
▁Linus	44945
▁Luna	44946
▁Nye	44947
▁Origen	44948
▁Parkinson	44949
▁Paste	44950
▁Production	44951
▁Pul	44952
▁Rehoboam	44953
▁Rhodes	44954
▁Satellite	44955
▁Succeed	44956
▁Taught	44957
▁Testing	44958
▁Tyrell	44959
▁WA	44960
▁albe	44961
▁amused	44962
▁arresting	44963
▁biodiversity	44964
▁blond	44965
▁breeder	44966
▁bribery	44967
▁buckle	44968
▁claw	44969
▁coined	44970
▁consciously	44971
▁denunciation	44972
▁detergent	44973
▁dictated	44974
▁disconnected	44975
▁encroach	44976
▁enormously	44977
▁exacting	44978
▁flak	44979
▁grievance	44980
▁habitual	44981
▁handgun	44982
▁hypothetical	44983
▁interfering	44984
▁jelly	44985
▁jellyfish	44986
▁melech	44987
▁molding	44988
▁morphine	44989
▁obstruction	44990
▁pact	44991
▁pep	44992
▁plantation	44993
▁polled	44994
▁presumed	44995
▁proportional	44996
▁reproached	44997
▁resilience	44998
▁revile	44999
▁royalty	45000
▁scanned	45001
▁sloth	45002
▁sprinkle	45003
▁sulphur	45004
▁taboo	45005
▁unload	45006
▁unscrupulous	45007
▁unveil	45008
▁usurp	45009
▁wrench	45010
▁くぼみ	45011
▁ぶつ	45012
▁ほめる	45013
▁エヴァ	45014
▁キラ	45015
▁コカ	45016
▁コニー	45017
▁シャルル	45018
▁スン	45019
▁ダーリン	45020
▁ドナ	45021
▁ドライ	45022
▁フィオナ	45023
▁プリスキラ	45024
▁ヘザー	45025
▁ペニシリン	45026
▁マレー	45027
▁ラオデキア	45028
▁例える	45029
▁傷付け	45030
▁割れ目	45031
▁収まる	45032
▁取り掛か	45033
▁呼び出さ	45034
▁憲章	45035
▁昇る	45036
▁木造	45037
▁歪	45038
▁毒素	45039
▁決めつけ	45040
▁注ぎ出し	45041
▁無能	45042
▁独りぼっち	45043
▁粘り強さ	45044
▁経緯	45045
▁貧弱	45046
あふれる	45047
どか	45048
インスピレーション	45049
ウエイ	45050
スーラ	45051
ダイエット	45052
ヒップホップ	45053
ビシャ	45054
ブレーク	45055
プッシュ	45056
マリファナ	45057
マント	45058
メタル	45059
レツ	45060
一掃	45061
企て	45062
偽証	45063
公衆	45064
出航	45065
反復	45066
告げ知らせる	45067
堂々	45068
堆	45069
惨事	45070
慰	45071
憫	45072
政党	45073
暴君	45074
歯磨き	45075
水泳	45076
瀕	45077
生地	45078
称賛	45079
突き刺し	45080
縮め	45081
衣食住	45082
規格	45083
読み書き	45084
貼り	45085
通り過ぎる	45086
陥れ	45087
飛び込む	45088
食い止め	45089
0%	45090
25%	45091
30%	45092
Better	45093
Comp	45094
Cor	45095
India	45096
NASA	45097
Over	45098
PRESS	45099
Say	45100
aq	45101
around	45102
bread	45103
cli	45104
hello	45105
irector	45106
ourtesy	45107
portion	45108
riend	45109
rrow	45110
utical	45111
vous	45112
հ	45113
▁31,32)	45114
▁ACT	45115
▁Afghan	45116
▁Built	45117
▁Burundi	45118
▁Carbon	45119
▁Dedication	45120
▁Define	45121
▁Devotion	45122
▁Durant	45123
▁Exemplar	45124
▁Healthy	45125
▁Inspired	45126
▁JAPAN	45127
▁JP	45128
▁Jet	45129
▁Lithuania	45130
▁MU	45131
▁Magnus	45132
▁Pipe	45133
▁Prisoner	45134
▁REPORT	45135
▁Roberto	45136
▁Rover	45137
▁Signal	45138
▁Silva	45139
▁Targa	45140
▁Vinci	45141
▁assassinated	45142
▁av	45143
▁blouse	45144
▁ceramic	45145
▁cert	45146
▁clamor	45147
▁commun	45148
▁conceit	45149
▁conceptual	45150
▁containment	45151
▁cosmetic	45152
▁cupboard	45153
▁disapprove	45154
▁disconnect	45155
▁disintegrate	45156
▁disobeying	45157
▁drafted	45158
▁echoed	45159
▁extinguish	45160
▁ferment	45161
▁geometric	45162
▁hotter	45163
▁intimidating	45164
▁jihad	45165
▁junkie	45166
▁lurking	45167
▁millionaire	45168
▁placement	45169
▁plutonium	45170
▁popping	45171
▁posting	45172
▁precarious	45173
▁presumably	45174
▁punctual	45175
▁reappear	45176
▁researched	45177
▁robber	45178
▁ruinous	45179
▁sandals	45180
▁secondhand	45181
▁skeptic	45182
▁smite	45183
▁spades	45184
▁sterile	45185
▁syringe	45186
▁teaspoon	45187
▁whack	45188
▁yogurt	45189
▁あこがれ	45190
▁ごまか	45191
▁ぬれ	45192
▁ふさぎ	45193
▁アハ	45194
▁アルテミス	45195
▁ウール	45196
▁オークランド	45197
▁カヤファ	45198
▁コック	45199
▁コペンハーゲン	45200
▁サイラ	45201
▁ズーム	45202
▁ダンサー	45203
▁ドーン	45204
▁ハナ	45205
▁ハーパー	45206
▁パウ	45207
▁ビーズ	45208
▁フィッシュ	45209
▁フィルター	45210
▁フォーム	45211
▁マユ	45212
▁マージ	45213
▁ロベルト	45214
▁力強さ	45215
▁大砲	45216
▁嫌わ	45217
▁性器	45218
▁持ち込み	45219
▁据える	45220
▁搭	45221
▁明か	45222
▁殺菌	45223
▁氏名	45224
▁法規	45225
▁生き残れる	45226
▁省略	45227
▁立ち向かえる	45228
▁絶する	45229
▁胎盤	45230
▁落ち込む	45231
▁蒸し	45232
▁製剤	45233
▁路線	45234
▁軍団	45235
▁近視	45236
▁退役	45237
▁過多	45238
▁酒場	45239
▁騒乱	45240
うなず	45241
しっこ	45242
すき	45243
ほとばし	45244
アルビン	45245
アンドレ	45246
キャニオン	45247
サンフランシスコ	45248
サード	45249
ハリス	45250
バロ	45251
ヒド	45252
メンタリスト	45253
ラクタ	45254
ランナー	45255
ワニ	45256
公的	45257
卓	45258
取り消す	45259
取り除き	45260
古典	45261
呑	45262
喘	45263
姻	45264
店舗	45265
役所	45266
快楽	45267
投げかけ	45268
掘る	45269
昏睡	45270
歓待	45271
渦	45272
略奪	45273
疎か	45274
禁煙	45275
立ちはだか	45276
組み換え	45277
脆弱	45278
臨終	45279
蛛	45280
蜘	45281
認識する	45282
追い出せ	45283
金塊	45284
銃弾	45285
闘争	45286
頭蓋骨	45287
鼠	45288
Fa	45289
TAIN	45290
^2	45291
appointed	45292
arium	45293
gain	45294
iji	45295
ins	45296
laid	45297
llinger	45298
reason	45299
rewolf	45300
shape	45301
shin	45302
sma	45303
▁Anxiety	45304
▁Commit	45305
▁Cop	45306
▁Dora	45307
▁Enc	45308
▁Frey	45309
▁Grateful	45310
▁Jeffrey	45311
▁Josef	45312
▁Kea	45313
▁Kitty	45314
▁Lucia	45315
▁Months	45316
▁NAT	45317
▁Navajo	45318
▁Ranch	45319
▁Render	45320
▁Rigg	45321
▁Summ	45322
▁Valuable	45323
▁acclaim	45324
▁advertisers	45325
▁besieged	45326
▁brea	45327
▁brushing	45328
▁casually	45329
▁concur	45330
▁delicacy	45331
▁desolated	45332
▁equilibrium	45333
▁exertion	45334
▁fiancée	45335
▁freezer	45336
▁fret	45337
▁hordes	45338
▁inadvertently	45339
▁inanimate	45340
▁incited	45341
▁innumerable	45342
▁inquiring	45343
▁intermediate	45344
▁kisses	45345
▁mustache	45346
▁omit	45347
▁paycheck	45348
▁plateau	45349
▁practitioners	45350
▁reaffirm	45351
▁slab	45352
▁smashing	45353
▁strapped	45354
▁sushi	45355
▁unifying	45356
▁あぶ	45357
▁ぐっすり	45358
▁しのぎ	45359
▁のがれる	45360
▁もろい	45361
▁カーリー	45362
▁ケイトリン	45363
▁シルバー	45364
▁ジグ	45365
▁ジョディ	45366
▁スリー	45367
▁スーキー	45368
▁スーパーマーケット	45369
▁バレー	45370
▁バービー	45371
▁フック	45372
▁フリッ	45373
▁交わす	45374
▁光学	45375
▁入り込み	45376
▁前兆	45377
▁化け	45378
▁取り残	45379
▁嘲弄	45380
▁回想	45381
▁映り	45382
▁昼寝	45383
▁権能	45384
▁気持ち悪い	45385
▁炊	45386
▁病弱	45387
▁管区	45388
▁習性	45389
▁舞い上が	45390
▁買い取	45391
▁起伏	45392
▁辛抱強い	45393
▁返報	45394
▁酩酊	45395
▁鍛え	45396
▁閉じこも	45397
▁静寂	45398
ざわ	45399
しだい	45400
てたま	45401
イザー	45402
オマール	45403
カルロ	45404
キャット	45405
キュア	45406
クレジットカード	45407
グラント	45408
ゴリー	45409
シェイ	45410
ジェスチャー	45411
タトゥ	45412
ファースト	45413
ミカル	45414
下部	45415
作り方	45416
児童	45417
出所	45418
占領	45419
及ぼし	45420
姑	45421
役人	45422
恥辱	45423
愚痴	45424
支度	45425
救い出し	45426
石灰岩	45427
硬貨	45428
織り	45429
老い	45430
聖堂	45431
行き詰	45432
見下ろ	45433
預ける	45434
鳴く	45435
128	45436
ATM	45437
CFS	45438
Speak	45439
True	45440
apan	45441
chosen	45442
click	45443
df	45444
lET	45445
leigh	45446
mill	45447
ota	45448
pace	45449
én	45450
▁Baghdad	45451
▁Bolton	45452
▁Carmel	45453
▁Carroll	45454
▁Chen	45455
▁Courageous	45456
▁DJ	45457
▁Debt	45458
▁Fuller	45459
▁Gilbert	45460
▁Higa	45461
▁Malay	45462
▁Mandarin	45463
▁Myself	45464
▁Panel	45465
▁Pauline	45466
▁Ple	45467
▁Scha	45468
▁Sending	45469
▁Sheba	45470
▁Spark	45471
▁Spiritually	45472
▁Transport	45473
▁[40	45474
▁abstinence	45475
▁ancestral	45476
▁arcade	45477
▁assimilate	45478
▁barricade	45479
▁cautioned	45480
▁circulate	45481
▁circulatory	45482
▁communism	45483
▁contributor	45484
▁cruelly	45485
▁debug	45486
▁definitive	45487
▁demographic	45488
▁detract	45489
▁dissatisfaction	45490
▁engulf	45491
▁escalate	45492
▁excerpt	45493
▁fleshy	45494
▁fooling	45495
▁generic	45496
▁glued	45497
▁grander	45498
▁halo	45499
▁intestine	45500
▁intoxicated	45501
▁maple	45502
▁nurtured	45503
▁observant	45504
▁peacemaker	45505
▁pitcher	45506
▁pummel	45507
▁quarry	45508
▁rebelling	45509
▁relies	45510
▁renounced	45511
▁shaky	45512
▁shiver	45513
▁starch	45514
▁structured	45515
▁testifying	45516
▁trespass	45517
▁undermined	45518
▁unreal	45519
▁volatile	45520
▁vulture	45521
▁あおる	45522
▁がまん	45523
▁はめ込	45524
▁ふき	45525
▁ふく	45526
▁インディア	45527
▁ウルガ	45528
▁キック	45529
▁キングズ	45530
▁ソーセージ	45531
▁トライ	45532
▁ニューギニア	45533
▁ネバ	45534
▁パック	45535
▁プトレマイオス	45536
▁ボスニア	45537
▁マガジン	45538
▁ヨット	45539
▁乏しく	45540
▁余命	45541
▁売れる	45542
▁太り過ぎ	45543
▁布教	45544
▁悪口	45545
▁悪習	45546
▁抜き取	45547
▁掛かり	45548
▁有望	45549
▁未遂	45550
▁演じる	45551
▁甲虫	45552
▁祈とう	45553
▁紫色	45554
▁群島	45555
▁聞こ	45556
▁肋骨	45557
▁葛藤	45558
▁表土	45559
▁辞職	45560
▁途絶え	45561
▁長旅	45562
きわめて	45563
すてき	45564
クワク	45565
チャイルド	45566
チョン	45567
ナプキン	45568
ハング	45569
ピエール	45570
ファイバー	45571
プログラマー	45572
ペンキ	45573
ホース	45574
ホープ	45575
ミシ	45576
レックス	45577
下がれ	45578
体系	45579
債券	45580
国債	45581
均等	45582
外観	45583
孤立	45584
幻想	45585
弱さ	45586
思案	45587
慌ただし	45588
掻	45589
握る	45590
擦り	45591
断言	45592
槌	45593
治せる	45594
牧場	45595
王座	45596
疫病	45597
突進	45598
立ち直	45599
組み立てる	45600
茎	45601
蝕	45602
要件	45603
転移	45604
返答	45605
部員	45606
鍋	45607
1,500	45608
666	45609
HALL	45610
STO	45611
ajj	45612
bae	45613
brush	45614
comb	45615
enable	45616
flesh	45617
tune	45618
wary	45619
▁0.4	45620
▁000	45621
▁11,000	45622
▁ANSWERS	45623
▁Aboriginal	45624
▁Akonadi	45625
▁Bastard	45626
▁Boyle	45627
▁CITY	45628
▁Chernobyl	45629
▁Clues	45630
▁Cultivate	45631
▁Gutenberg	45632
▁Happened	45633
▁Homosexual	45634
▁IMAGINE	45635
▁Illustration	45636
▁Input	45637
▁Journey	45638
▁KEEP	45639
▁María	45640
▁Nest	45641
▁Ninety	45642
▁Protocol	45643
▁Sometime	45644
▁Started	45645
▁Swa	45646
▁Taz	45647
▁Wick	45648
▁Width	45649
▁[200	45650
▁adept	45651
▁anarchy	45652
▁ancestry	45653
▁carrot	45654
▁cog	45655
▁dampen	45656
▁embellish	45657
▁epoch	45658
▁evolutionist	45659
▁improperly	45660
▁inconvenient	45661
▁industriousness	45662
▁jeep	45663
▁mailed	45664
▁marveled	45665
▁menstrual	45666
▁metropolitan	45667
▁panicked	45668
▁persistently	45669
▁quicken	45670
▁regulator	45671
▁ripen	45672
▁scepter	45673
▁scholarly	45674
▁seminaries	45675
▁smartest	45676
▁stagger	45677
▁stifle	45678
▁tempest	45679
▁thirsting	45680
▁thug	45681
▁unclear	45682
▁よみがえり	45683
▁エアコン	45684
▁オビ	45685
▁キャベツ	45686
▁クルミ	45687
▁シャベル	45688
▁スコフィールド	45689
▁スタンリー	45690
▁ステファン	45691
▁ディック	45692
▁ホッブ	45693
▁ポーラ	45694
▁マットレス	45695
▁リハ	45696
▁倒し	45697
▁奮い立た	45698
▁崩れ落ち	45699
▁怒ら	45700
▁思いつき	45701
▁悪ふざけ	45702
▁打ち破	45703
▁投げる	45704
▁振る舞	45705
▁教職	45706
▁早かれ	45707
▁浮かれ騒ぎ	45708
▁深遠	45709
▁空前	45710
▁粉末	45711
▁聖典	45712
▁震動	45713
▁頑張る	45714
えこ	45715
こだわ	45716
しめし	45717
とっく	45718
とどまる	45719
ぶちまけ	45720
むつ	45721
やり取り	45722
カンパニ	45723
キップ	45724
ステー	45725
タラ	45726
デンバー	45727
ナショナル	45728
マソラ	45729
ラウダ	45730
リサーチ	45731
レンガ	45732
レンタル	45733
仕向け	45734
他方	45735
住居	45736
何十	45737
個性	45738
冷やし	45739
利子	45740
吃	45741
告ぐ	45742
堵	45743
封じ込め	45744
封印	45745
平穏	45746
引き続き	45747
態勢	45748
拾う	45749
捻	45750
日光	45751
暖かく	45752
暴れ	45753
淋	45754
熱帯	45755
申命記	45756
皇太子	45757
礫	45758
結び目	45759
総数	45760
聴け	45761
肥満	45762
自覚	45763
自責	45764
見くび	45765
重要性を	45766
金銀	45767
鳴き声	45768
(	45769
,500,000	45770
539	45771
859	45772
Art	45773
Eng	45774
GG	45775
arter	45776
inner	45777
inst	45778
must	45779
rak	45780
scopic	45781
sor	45782
wisdom	45783
▁1990)	45784
▁4:00	45785
▁Bare	45786
▁Bullet	45787
▁Cigarette	45788
▁Confident	45789
▁Cultivat	45790
▁Dancing	45791
▁Denise	45792
▁Divide	45793
▁Fortune	45794
▁Homicide	45795
▁Ivory	45796
▁Lib	45797
▁Mayday	45798
▁Minute	45799
▁Moira	45800
▁Mumbai	45801
▁Naz	45802
▁Noise	45803
▁POP	45804
▁Rape	45805
▁Remembrance	45806
▁Responsible	45807
▁Ruby	45808
▁Tray	45809
▁Trumpet	45810
▁Visiting	45811
▁aggravated	45812
▁anoint	45813
▁apparel	45814
▁automated	45815
▁brothel	45816
▁calmness	45817
▁chirp	45818
▁compost	45819
▁confesses	45820
▁contrasted	45821
▁dawned	45822
▁departing	45823
▁depleted	45824
▁disfellowshipp	45825
▁disloyalty	45826
▁diverge	45827
▁drugged	45828
▁duly	45829
▁emigrated	45830
▁executioner	45831
▁fortunately	45832
▁gleam	45833
▁healer	45834
▁hydr	45835
▁impede	45836
▁inaccurate	45837
▁inaugurated	45838
▁influx	45839
▁instilled	45840
▁irreversible	45841
▁lagoon	45842
▁madman	45843
▁magnified	45844
▁mobility	45845
▁nesting	45846
▁overcrowded	45847
▁playful	45848
▁posterior	45849
▁regenerate	45850
▁reluctance	45851
▁reproduced	45852
▁sanctioned	45853
▁seaweed	45854
▁shameless	45855
▁southeastern	45856
▁staged	45857
▁standardized	45858
▁statistic	45859
▁strove	45860
▁surpass	45861
▁vie	45862
▁お役	45863
▁たん白	45864
▁はぎ取	45865
▁アリシア	45866
▁アーモンド	45867
▁クリー	45868
▁テネシー	45869
▁トゥデー	45870
▁トワ	45871
▁バイブル	45872
▁プー	45873
▁ベリーズ	45874
▁メイド	45875
▁ラファエル	45876
▁リビア	45877
▁ローレン	45878
▁下降	45879
▁働け	45880
▁券	45881
▁塩水	45882
▁大通り	45883
▁店主	45884
▁彫	45885
▁思い描	45886
▁思い描く	45887
▁思い違い	45888
▁打ちたたき	45889
▁投げ込み	45890
▁振り回	45891
▁横たえ	45892
▁沈没	45893
▁涼しい	45894
▁盛り上が	45895
▁知り合う	45896
▁結成	45897
▁絶ち	45898
▁見落とし	45899
▁諭さ	45900
▁配分	45901
いまいましい	45902
なんじ	45903
やり直せ	45904
エク	45905
ソス	45906
チク	45907
チャーチ	45908
チャールズ	45909
トボ	45910
ハグ	45911
フィリピ	45912
ブレーキ	45913
ボリュー	45914
ポラ	45915
マヌ	45916
メイク	45917
ルピー	45918
レフ	45919
付け加え	45920
伴い	45921
伸ばす	45922
即ち	45923
可能性のある	45924
名づけ	45925
増強	45926
夜更	45927
学ば	45928
小遣い	45929
左手	45930
戦艦	45931
所在	45932
抑圧	45933
担う	45934
捜せ	45935
操る	45936
梨	45937
沸き	45938
油そそ	45939
溜ま	45940
王冠	45941
疫	45942
破裂	45943
航行	45944
複合	45945
見い出せ	45946
追い立て	45947
通訳	45948
靭	45949
飲料	45950
1998	45951
CI	45952
David	45953
First	45954
Life	45955
UV	45956
aut	45957
berger	45958
brand	45959
centric	45960
compassionate	45961
ibi	45962
kick	45963
loe	45964
loyal	45965
modern	45966
mortem	45967
rench	45968
section	45969
slayer	45970
spread	45971
stay	45972
trap	45973
ça	45974
š	45975
‰	45976
‹	45977
▁"%1."	45978
▁1,800	45979
▁3,2	45980
▁ATM	45981
▁Ble	45982
▁Brussels	45983
▁Chancellor	45984
▁Cooperation	45985
▁Danube	45986
▁Fetch	45987
▁Gotcha	45988
▁Helpful	45989
▁Interface	45990
▁Iraqi	45991
▁Irving	45992
▁Jorge	45993
▁Kilo	45994
▁Leading	45995
▁Loose	45996
▁Martyr	45997
▁Mecca	45998
▁Montgomery	45999
▁NT	46000
▁Ourselves	46001
▁PERSON	46002
▁Presently	46003
▁Preserve	46004
▁SAY	46005
▁Thereupon	46006
▁Thunder	46007
▁Yokohama	46008
▁Zulu	46009
▁abdom	46010
▁artillery	46011
▁authoritarian	46012
▁chopsticks	46013
▁circulating	46014
▁colonel	46015
▁contended	46016
▁culminate	46017
▁diocese	46018
▁educator	46019
▁enclosure	46020
▁enroll	46021
▁evolving	46022
▁feasting	46023
▁feminist	46024
▁flagrant	46025
▁frantic	46026
▁geese	46027
▁horrendous	46028
▁housekeeper	46029
▁intrinsic	46030
▁juicy	46031
▁messiah	46032
▁neurological	46033
▁ordinarily	46034
▁paganism	46035
▁piling	46036
▁predetermined	46037
▁ranked	46038
▁receptors	46039
▁shoved	46040
▁softened	46041
▁spaghetti	46042
▁speedy	46043
▁spew	46044
▁sprawl	46045
▁uprooted	46046
▁ushered	46047
▁はさみ	46048
▁エウ	46049
▁オースティン	46050
▁クリスト	46051
▁サプ	46052
▁シャチ	46053
▁ジャガー	46054
▁スティー	46055
▁スロバキア	46056
▁タミー	46057
▁チベット	46058
▁チャウ	46059
▁ニューオーリンズ	46060
▁バンコク	46061
▁ヘルペス	46062
▁ボンベイ	46063
▁ミディアン	46064
▁ヨハネスブルク	46065
▁リブ	46066
▁下劣	46067
▁却下	46068
▁取り扱	46069
▁含み	46070
▁呼び起こ	46071
▁土砂	46072
▁培養	46073
▁大洋	46074
▁大空	46075
▁威力	46076
▁学位	46077
▁断層	46078
▁最高裁	46079
▁極東	46080
▁歩調	46081
▁添える	46082
▁目録	46083
▁眼球	46084
▁短所	46085
▁穂	46086
▁緑内障	46087
▁翻	46088
▁言い争	46089
▁返る	46090
▁遅らせる	46091
あんま	46092
きつい	46093
し合う	46094
つかせ	46095
シラミ	46096
トミー	46097
ノブ	46098
ハウンド	46099
バイオリン	46100
ビラ	46101
ブーム	46102
プラント	46103
ベレ	46104
ペテン	46105
メッセンジャー	46106
モテ	46107
ロジャー	46108
下位	46109
代わる	46110
其	46111
勧誘	46112
吊り	46113
団長	46114
固く	46115
富豪	46116
強み	46117
強度	46118
役員	46119
悩ませ	46120
投げつけ	46121
東部	46122
残忍	46123
無口	46124
狡	46125
猟師	46126
珠	46127
異議	46128
皇	46129
稲妻	46130
端末	46131
経済的に	46132
編み	46133
貯蓄	46134
限りなく	46135
顧み	46136
++	46137
99%	46138
DM	46139
computer	46140
ensic	46141
icht	46142
khardt	46143
letter	46144
nei	46145
nim	46146
omo	46147
phobia	46148
phobic	46149
rows	46150
stroke	46151
wn	46152
yle	46153
▁1.3	46154
▁Aron	46155
▁Choosing	46156
▁Contain	46157
▁Correction	46158
▁Crash	46159
▁Dakota	46160
▁Explor	46161
▁Gaza	46162
▁Grandfather	46163
▁Hab	46164
▁Hagar	46165
▁ISAIAH	46166
▁Latvia	46167
▁Pakistani	46168
▁Rafael	46169
▁Reap	46170
▁Renee	46171
▁Rhodesia	46172
▁Robertson	46173
▁Schultz	46174
▁Sofia	46175
▁Spell	46176
▁Strait	46177
▁Tobias	46178
▁UNESCO	46179
▁Unh	46180
▁WORD	46181
▁Weird	46182
▁[9	46183
▁acquitted	46184
▁allocate	46185
▁bending	46186
▁bingo	46187
▁capacities	46188
▁capitalist	46189
▁chancellor	46190
▁checkpoint	46191
▁clove	46192
▁compile	46193
▁confronting	46194
▁courteous	46195
▁depot	46196
▁disfellowship	46197
▁epilepsy	46198
▁fermentation	46199
▁flashed	46200
▁homage	46201
▁html	46202
▁iPod	46203
▁ingrained	46204
▁inhale	46205
▁manned	46206
▁menstruation	46207
▁mundane	46208
▁obliterate	46209
▁outspoken	46210
▁prairie	46211
▁pretext	46212
▁primate	46213
▁qualifies	46214
▁refining	46215
▁seafood	46216
▁sliced	46217
▁spun	46218
▁stacked	46219
▁stutterer	46220
▁syllable	46221
▁tapping	46222
▁telegraph	46223
▁textile	46224
▁underworld	46225
▁uproot	46226
▁versa	46227
▁かき立てる	46228
▁くちびる	46229
▁ほん	46230
▁まとま	46231
▁アイロン	46232
▁イコン	46233
▁エスカレート	46234
▁エフライム	46235
▁オウム	46236
▁キティ	46237
▁コーラン	46238
▁ジュリアナ	46239
▁スパイダー	46240
▁スワヒ	46241
▁ナバホ	46242
▁バスケットボール	46243
▁パム	46244
▁ペスト	46245
▁偏狭	46246
▁働ける	46247
▁到	46248
▁原爆	46249
▁学術	46250
▁寺	46251
▁差し控える	46252
▁惑	46253
▁打ち砕く	46254
▁招き入れ	46255
▁方策	46256
▁決勝	46257
▁無縁	46258
▁燃や	46259
▁由々し	46260
▁真価	46261
▁立ち去り	46262
▁贅	46263
▁転機	46264
▁酔っぱら	46265
▁鍋	46266
お客	46267
かかわらず	46268
じけ	46269
ともかく	46270
み言葉	46271
ややこし	46272
アナニア	46273
アンサ	46274
エストロゲン	46275
オペ	46276
オーストリア	46277
ゴラス	46278
チョコ	46279
ツェル	46280
トーナ	46281
ドキュメンタリー	46282
ニュートン	46283
ハント	46284
バイナ	46285
ファス	46286
フィクション	46287
マヤ	46288
ミキサー	46289
作文	46290
均衡	46291
広さ	46292
忍び込	46293
目立つ	46294
符号	46295
素粒子	46296
見返り	46297
賜	46298
贅	46299
駆り立てる	46300
鼓動	46301
2009	46302
850	46303
DURING	46304
Her	46305
Sala	46306
Sir	46307
blanc	46308
changing	46309
comfort	46310
disgusting	46311
frequent	46312
nb	46313
option	46314
pick	46315
ujah	46316
ween	46317
ō	46318
ү	46319
▁2:00	46320
▁Abandon	46321
▁Abort	46322
▁Addiction	46323
▁Adversary	46324
▁Archaeology	46325
▁Associate	46326
▁Beroea	46327
▁Botswana	46328
▁CFS	46329
▁Comrade	46330
▁Countries	46331
▁Dump	46332
▁Electronic	46333
▁Erasmus	46334
▁Eskimo	46335
▁Galatia	46336
▁JULY	46337
▁Knox	46338
▁Kwa	46339
▁Maxwell	46340
▁Modify	46341
▁OFF	46342
▁Peak	46343
▁Peruvian	46344
▁Piece	46345
▁Preparation	46346
▁SSL	46347
▁Schedule	46348
▁Separate	46349
▁TRUTH	46350
▁Temper	46351
▁Toby	46352
▁Wai	46353
▁Woody	46354
▁apologizing	46355
▁bask	46356
▁billionaire	46357
▁biscuit	46358
▁brazen	46359
▁brisk	46360
▁carcasses	46361
▁compil	46362
▁cursing	46363
▁deduction	46364
▁disposable	46365
▁dusk	46366
▁flattering	46367
▁foxes	46368
▁franc	46369
▁gratifying	46370
▁handwritten	46371
▁henceforth	46372
▁horrifying	46373
▁hovering	46374
▁humorous	46375
▁mindless	46376
▁moreover	46377
▁negligent	46378
▁newest	46379
▁obsessive	46380
▁offence	46381
▁ordain	46382
▁peasant	46383
▁periodical	46384
▁pronouncement	46385
▁pronouncing	46386
▁qu	46387
▁radiate	46388
▁reclining	46389
▁recruiting	46390
▁relieving	46391
▁renting	46392
▁rethink	46393
▁semen	46394
▁slapped	46395
▁slaying	46396
▁sneeze	46397
▁sniffing	46398
▁sprayed	46399
▁squadron	46400
▁staunch	46401
▁stupidity	46402
▁symbolizing	46403
▁territorial	46404
▁tropics	46405
▁unforgivable	46406
▁vibrate	46407
▁visitation	46408
▁wasteful	46409
▁いみじくも	46410
▁げんか	46411
▁だらし	46412
▁まがい	46413
▁ゆるめ	46414
▁よじ登	46415
▁ウィーク	46416
▁カーブ	46417
▁グレゴリー	46418
▁シェバ	46419
▁パンク	46420
▁フレディ	46421
▁ローガン	46422
▁一式	46423
▁下ろす	46424
▁二番	46425
▁先駆	46426
▁冷め	46427
▁嘆く	46428
▁奔流	46429
▁実状	46430
▁甘んじ	46431
▁生かす	46432
▁礼儀正しい	46433
▁純真	46434
▁絡	46435
▁背骨	46436
▁脊髄	46437
▁見上げ	46438
▁訓育	46439
▁農薬	46440
▁飛べ	46441
ばたき	46442
ひらめき	46443
ぶち込	46444
みえ	46445
むる	46446
アレキサン	46447
アーサー	46448
オーディ	46449
カレッジ	46450
コックス	46451
ゴードン	46452
ディッシュ	46453
ドロー	46454
パイン	46455
フィリップ	46456
フォーラム	46457
プレット	46458
マッシュ	46459
レベッカ	46460
予報	46461
以	46462
全滅	46463
加わり	46464
取り合	46465
右腕	46466
呪物	46467
啓蒙	46468
国外	46469
奇襲	46470
掲載	46471
方法について	46472
没落	46473
浅瀬	46474
漆	46475
焚	46476
申し立て	46477
矯正	46478
縛り付け	46479
自業自得	46480
長所	46481
隠れる	46482
,42	46483
1991	46484
2005	46485
CON	46486
EAH	46487
NNA	46488
PTSD	46489
Saint	46490
Vie	46491
Vol	46492
depend	46493
gave	46494
hank	46495
ingley	46496
iza	46497
minus	46498
pocryphal	46499
vasive	46500
▁Audrey	46501
▁Basil	46502
▁Curious	46503
▁Dollar	46504
▁Fran	46505
▁Fury	46506
▁Hanna	46507
▁Liaison	46508
▁McGee	46509
▁Mishnah	46510
▁Nagoya	46511
▁Nixon	46512
▁Nonsense	46513
▁Prof	46514
▁Rey	46515
▁Ritchie	46516
▁Rotate	46517
▁Somalia	46518
▁Terrorism	46519
▁Vengeance	46520
▁Veterans	46521
▁[60	46522
▁abject	46523
▁allergy	46524
▁autonomous	46525
▁bakery	46526
▁benevolent	46527
▁bewildered	46528
▁coated	46529
▁congestion	46530
▁contentiousness	46531
▁decorative	46532
▁disputing	46533
▁downhill	46534
▁entangle	46535
▁estrogen	46536
▁exodus	46537
▁foment	46538
▁gaming	46539
▁gust	46540
▁handshake	46541
▁inordinate	46542
▁installing	46543
▁irritable	46544
▁kimono	46545
▁lifeboat	46546
▁lightweight	46547
▁lingerie	46548
▁lodged	46549
▁maggot	46550
▁meddle	46551
▁misused	46552
▁mystic	46553
▁outpost	46554
▁parachute	46555
▁payroll	46556
▁piggy	46557
▁preferably	46558
▁provocation	46559
▁reload	46560
▁residing	46561
▁retro	46562
▁scolded	46563
▁secur	46564
▁shaded	46565
▁smear	46566
▁sparing	46567
▁swan	46568
▁tantrum	46569
▁threshing	46570
▁trinity	46571
▁trophy	46572
▁unchangeable	46573
▁undeniable	46574
▁unfounded	46575
▁unrestrained	46576
▁wor	46577
▁あがめる	46578
▁いらっしゃる	46579
▁おとなしい	46580
▁しょうがない	46581
▁すい臓	46582
▁そしり	46583
▁たどり着く	46584
▁どもる	46585
▁なげう	46586
▁わぁ	46587
▁アイオワ	46588
▁アラバマ	46589
▁アンダー	46590
▁エイドリアン	46591
▁オシ	46592
▁オーナー	46593
▁カンニング	46594
▁ケプラー	46595
▁ゴールデン	46596
▁サンタクロース	46597
▁ジオ	46598
▁ソマリア	46599
▁ニコ	46600
▁バク	46601
▁パール	46602
▁プランク	46603
▁ベタニヤ	46604
▁ラスト	46605
▁レスリ	46606
▁ヴォル	46607
▁乱し	46608
▁勝てる	46609
▁募金	46610
▁厳守	46611
▁取り調べ	46612
▁左上	46613
▁希少	46614
▁恥じる	46615
▁書きしる	46616
▁統	46617
▁絶つ	46618
▁良好	46619
▁衰える	46620
▁褐	46621
▁許し合	46622
▁語り合	46623
▁踏み入れ	46624
▁輪郭	46625
▁選べる	46626
▁重んじる	46627
▁食費	46628
▁高ぶ	46629
なんぢ	46630
ひょっ	46631
ぶつ	46632
ほほえ	46633
まわる	46634
アメリカン	46635
ウザ	46636
ザンダー	46637
スポ	46638
トゲン	46639
パテ	46640
フィルター	46641
フック	46642
プリンター	46643
ヘタ	46644
ベイルート	46645
ポルトガル	46646
モサ	46647
ランディ	46648
ルトン	46649
作り話	46650
保健	46651
党員	46652
内乱	46653
切除	46654
励まし	46655
動詞	46656
匿	46657
取り去り	46658
商業	46659
学費	46660
家賃	46661
屈折	46662
岐	46663
峰	46664
愚	46665
戦車	46666
掛け合わせ	46667
撤	46668
文献	46669
派手	46670
浦	46671
浮き	46672
炭疽	46673
片付	46674
禽	46675
董	46676
蓄	46677
覚ませ	46678
送還	46679
通じる	46680
音色	46681
90%	46682
Class	46683
Dear	46684
OUGH	46685
better	46686
info	46687
khoff	46688
lane	46689
matter	46690
obey	46691
pioneer	46692
sed	46693
servator	46694
È	46695
▁$15	46696
▁%4	46697
▁1.0	46698
▁1993)	46699
▁AV	46700
▁Advance	46701
▁Arkansas	46702
▁Automatic	46703
▁Belong	46704
▁Destiny	46705
▁Doctrine	46706
▁Ephesian	46707
▁Fundamental	46708
▁Galilean	46709
▁Gethsemane	46710
▁Goo	46711
▁HOPE	46712
▁Hopkins	46713
▁Instruction	46714
▁Kali	46715
▁Kang	46716
▁Lars	46717
▁Lately	46718
▁Liss	46719
▁Literature	46720
▁Mayo	46721
▁Merch	46722
▁Moment	46723
▁Pest	46724
▁Plastic	46725
▁Porter	46726
▁Pub	46727
▁Rapid	46728
▁Russo	46729
▁Stefan	46730
▁UNITE	46731
▁Unusual	46732
▁Walden	46733
▁[300	46734
▁aborted	46735
▁adrenaline	46736
▁annoy	46737
▁asphalt	46738
▁blotte	46739
▁bouquet	46740
▁brutally	46741
▁bursting	46742
▁chewed	46743
▁coaches	46744
▁coding	46745
▁conceivable	46746
▁contemplated	46747
▁coworker	46748
▁cuneiform	46749
▁darken	46750
▁decaying	46751
▁deepened	46752
▁defying	46753
▁egotism	46754
▁escalating	46755
▁evangelical	46756
▁firemen	46757
▁gruesome	46758
▁hastened	46759
▁highlighting	46760
▁hugging	46761
▁hump	46762
▁ignite	46763
▁intimidate	46764
▁iteration	46765
▁lewd	46766
▁loft	46767
▁logistic	46768
▁measles	46769
▁neighborly	46770
▁nipple	46771
▁occupying	46772
▁plunging	46773
▁poachers	46774
▁precedence	46775
▁resented	46776
▁rubbed	46777
▁scored	46778
▁solidarity	46779
▁stereotype	46780
▁thr	46781
▁truce	46782
▁whil	46783
▁wisest	46784
▁あてはま	46785
▁したがい	46786
▁じみ	46787
▁つかさど	46788
▁ウイリアム	46789
▁ウワ	46790
▁エメラルド	46791
▁ガド	46792
▁ジュリ	46793
▁ドリス	46794
▁バラック	46795
▁フェリー	46796
▁ポーカ	46797
▁メグ	46798
▁モイラ	46799
▁レンジ	46800
▁乗り込	46801
▁供え	46802
▁分け前	46803
▁利子	46804
▁器用	46805
▁執事	46806
▁大軍	46807
▁実態	46808
▁寝かせ	46809
▁序文	46810
▁打ち込む	46811
▁暴れ	46812
▁染み込	46813
▁正典	46814
▁泊まる	46815
▁洗い流	46816
▁滅ぼし尽く	46817
▁破たん	46818
▁空調	46819
▁終局	46820
▁締め出さ	46821
▁裏表	46822
▁見習い	46823
▁計り事	46824
▁遣	46825
▁顕	46826
あくび	46827
たとえば	46828
めかし	46829
アルド	46830
エルフ	46831
クスリ	46832
グロー	46833
ゲッ	46834
コマ	46835
コンソール	46836
ハース	46837
フォート	46838
ホラ	46839
中途半	46840
伝わる	46841
使い道	46842
入れ替わ	46843
冷凍	46844
凍結	46845
協議	46846
問え	46847
埃	46848
尤	46849
形作	46850
待ち遠し	46851
手先	46852
探る	46853
既存の	46854
染色	46855
構想	46856
歩行	46857
滝	46858
演じる	46859
漫	46860
疑惑	46861
細い	46862
美しか	46863
聖戦	46864
脱穀	46865
苗	46866
落ち着き	46867
衝	46868
見せしめ	46869
言い争	46870
贄	46871
Death	46872
GUE	46873
Paradise	46874
RIC	46875
Sometimes	46876
aiman	46877
extraterrestrial	46878
hook	46879
ilde	46880
ilot	46881
legal	46882
poor	46883
quiet	46884
raising	46885
requited	46886
sec	46887
strea	46888
whole	46889
worship	46890
с	46891
▁$500,000	46892
▁0.3	46893
▁18,000	46894
▁24,000	46895
▁4,8	46896
▁ABC	46897
▁Activate	46898
▁Charley	46899
▁Chill	46900
▁Chocolate	46901
▁Cock	46902
▁Disappoint	46903
▁Divided	46904
▁Dublin	46905
▁Eighty	46906
▁Fashion	46907
▁Gh	46908
▁Indies	46909
▁Indonesian	46910
▁Invite	46911
▁Julien	46912
▁Mé	46913
▁Pool	46914
▁Reasoning	46915
▁Richter	46916
▁Supper	46917
▁Trap	46918
▁Tunnel	46919
▁Yard	46920
▁attracting	46921
▁barter	46922
▁billboard	46923
▁booty	46924
▁bunny	46925
▁casing	46926
▁chemically	46927
▁cornerstone	46928
▁cycling	46929
▁disorderly	46930
▁embalm	46931
▁enumerate	46932
▁feud	46933
▁flutter	46934
▁gai	46935
▁graciousness	46936
▁horizontally	46937
▁humbling	46938
▁infuse	46939
▁interfered	46940
▁jest	46941
▁koala	46942
▁militant	46943
▁monsoon	46944
▁onslaught	46945
▁passersby	46946
▁paused	46947
▁pomp	46948
▁posterity	46949
▁preschool	46950
▁psychiatry	46951
▁recollection	46952
▁reflex	46953
▁reuse	46954
▁stead	46955
▁symbolically	46956
▁taunting	46957
▁telephoned	46958
▁tornado	46959
▁trench	46960
▁undermining	46961
▁vial	46962
▁violet	46963
▁wailing	46964
▁worthlessness	46965
▁おとうさん	46966
▁こぼれ	46967
▁じき	46968
▁だいじょうぶ	46969
▁なだめる	46970
▁まき散ら	46971
▁みなぎ	46972
▁アール	46973
▁イオン	46974
▁クレイグ	46975
▁コロニー	46976
▁シティー	46977
▁ステッ	46978
▁ダイナ	46979
▁バークレー	46980
▁ベガ	46981
▁動き回る	46982
▁呼び寄せ	46983
▁国教	46984
▁執着	46985
▁届け出	46986
▁岩塊	46987
▁干上が	46988
▁年末	46989
▁引き戻	46990
▁押え	46991
▁撃ち殺	46992
▁桃	46993
▁樹液	46994
▁機長	46995
▁殺到	46996
▁溺死	46997
▁狭め	46998
▁破局	46999
▁絶える	47000
▁薬局	47001
▁見定め	47002
▁買収	47003
▁踏み込	47004
▁躍り	47005
▁車内	47006
▁連れ出さ	47007
▁難儀	47008
ざら	47009
り着	47010
アホウドリ	47011
アルカイ	47012
アンテナ	47013
エイミー	47014
エスペラン	47015
グスタフ	47016
サイモン	47017
ザマ	47018
シギ	47019
シャフト	47020
テディ	47021
プリー	47022
ボウル	47023
ーザー	47024
一握り	47025
乳母	47026
亜	47027
仕返し	47028
制圧	47029
司教	47030
回せ	47031
国境を越え	47032
培	47033
宛て	47034
封筒	47035
就職	47036
屁	47037
思い浮かべ	47038
採掘	47039
数十	47040
晩餐	47041
服役	47042
洋服	47043
留める	47044
監視する	47045
科目	47046
粘り	47047
紅茶	47048
義者	47049
脅かす	47050
虚構	47051
見分ける	47052
言い分	47053
語りかけ	47054
譜	47055
近付け	47056
退院	47057
電圧	47058
1995	47059
Off	47060
Though	47061
ascals	47062
began	47063
construct	47064
exec	47065
flex	47066
follow	47067
ortex	47068
past	47069
pilot	47070
toxic	47071
udo	47072
writing	47073
▁$2,000	47074
▁0.9	47075
▁Anonymous	47076
▁Arg	47077
▁Astra	47078
▁Beneficial	47079
▁Blanc	47080
▁Byzantine	47081
▁Darkness	47082
▁Daughter	47083
▁Daw	47084
▁Escher	47085
▁Explaining	47086
▁Ferrari	47087
▁Fittingly	47088
▁Fulfillment	47089
▁Inform	47090
▁Linc	47091
▁Mona	47092
▁Morality	47093
▁Pash	47094
▁Privilege	47095
▁RELIGION	47096
▁Rift	47097
▁Seventy	47098
▁Slavery	47099
▁Typically	47100
▁UD	47101
▁Vig	47102
▁Wedding	47103
▁accommodated	47104
▁advising	47105
▁amulet	47106
▁axe	47107
▁brushed	47108
▁bureaucrat	47109
▁computed	47110
▁crook	47111
▁defiling	47112
▁despicable	47113
▁dismal	47114
▁distinctly	47115
▁emission	47116
▁enlighten	47117
▁establishes	47118
▁exceeding	47119
▁exhibited	47120
▁flatter	47121
▁froze	47122
▁gloss	47123
▁harmoniously	47124
▁hinge	47125
▁hysterical	47126
▁impairment	47127
▁irresistible	47128
▁lounge	47129
▁masculine	47130
▁monumental	47131
▁mush	47132
▁mystical	47133
▁nobility	47134
▁occupies	47135
▁pavement	47136
▁performer	47137
▁posing	47138
▁possessor	47139
▁relentlessly	47140
▁residual	47141
▁sadistic	47142
▁shady	47143
▁shoplifting	47144
▁shutter	47145
▁solemnly	47146
▁southwester	47147
▁substitut	47148
▁swerve	47149
▁switches	47150
▁unanimous	47151
▁unspeakable	47152
▁veg	47153
▁voters	47154
▁waging	47155
▁weaponry	47156
▁whistling	47157
▁ごみ箱	47158
▁じん	47159
▁たのむ	47160
▁ちょっ	47161
▁やっつけ	47162
▁ろく	47163
▁アオ	47164
▁エム	47165
▁エリサベツ	47166
▁カスパ	47167
▁ガイオ	47168
▁キャッサバ	47169
▁サビ	47170
▁サンティアゴ	47171
▁シャム	47172
▁ジェラルド	47173
▁スチュアート	47174
▁セネガル	47175
▁タイガー	47176
▁タイプライター	47177
▁ダリウス	47178
▁デュラン	47179
▁ナマ	47180
▁バッタ	47181
▁フィード	47182
▁フランツ	47183
▁ヤッ	47184
▁ロイヤル	47185
▁励まし合う	47186
▁反発	47187
▁口先	47188
▁墓場	47189
▁変態	47190
▁大木	47191
▁廃墟	47192
▁斑点	47193
▁柔らか	47194
▁植えつけ	47195
▁流れ込む	47196
▁獣医	47197
▁疑え	47198
▁継ぎ	47199
▁脱ぎ捨て	47200
▁裂け目	47201
▁豪雨	47202
▁金髪	47203
じわ	47204
どん	47205
アレス	47206
オリビア	47207
キレ	47208
ギフト	47209
セーフ	47210
ティッシュ	47211
ディープ	47212
デンス	47213
ニマ	47214
ヘリコプター	47215
ベビーシッター	47216
マフィア	47217
マーティン	47218
ミュージック	47219
ラング	47220
レディー	47221
ロッド	47222
ンジャー	47223
中立	47224
入門	47225
切り刻	47226
吊	47227
娶	47228
密輸	47229
懐かし	47230
抜群	47231
斐	47232
晶	47233
替わり	47234
様式	47235
氷河	47236
海水	47237
裔	47238
解散	47239
賄賂	47240
踏み入れ	47241
逐	47242
陽気	47243
顔つき	47244
類人猿	47245
HEAD	47246
OME	47247
Thru	47248
Very	47249
aaa	47250
aib	47251
alyse	47252
enburg	47253
icky	47254
ivi	47255
market	47256
rust	47257
science	47258
small	47259
sweet	47260
writer	47261
↓	47262
▁$25	47263
▁124	47264
▁4,9	47265
▁Achilles	47266
▁Algeria	47267
▁Allgemeine	47268
▁Auditorium	47269
▁Buffalo	47270
▁Burke	47271
▁Clyde	47272
▁Dealing	47273
▁Deliverance	47274
▁Demand	47275
▁Destruction	47276
▁Engineer	47277
▁Estimate	47278
▁Feeding	47279
▁Fil	47280
▁Jody	47281
▁LAST	47282
▁Markov	47283
▁Nutrition	47284
▁Penguin	47285
▁Preparing	47286
▁RICH	47287
▁Satanism	47288
▁Snap	47289
▁Socialist	47290
▁Stir	47291
▁Sultan	47292
▁Via	47293
▁Zacchaeus	47294
▁abrupt	47295
▁accorded	47296
▁aggregate	47297
▁antelope	47298
▁anyhow	47299
▁armored	47300
▁articulate	47301
▁availed	47302
▁blight	47303
▁bouncing	47304
▁bristle	47305
▁caliber	47306
▁comrade	47307
▁cowardly	47308
▁cramp	47309
▁debauchery	47310
▁decimat	47311
▁excruciating	47312
▁extracting	47313
▁facade	47314
▁fervor	47315
▁fluently	47316
▁grammatical	47317
▁handcuffs	47318
▁hel	47319
▁implicated	47320
▁liter	47321
▁lurk	47322
▁maintainer	47323
▁malady	47324
▁mangrove	47325
▁movable	47326
▁opposer	47327
▁outnumbered	47328
▁peg	47329
▁plowing	47330
▁quota	47331
▁rescuing	47332
▁retract	47333
▁retriev	47334
▁rung	47335
▁savor	47336
▁solstice	47337
▁sparrow	47338
▁strata	47339
▁substitution	47340
▁surgeries	47341
▁synonymous	47342
▁unpack	47343
▁woodland	47344
▁writ	47345
▁yeartext	47346
▁アクロ	47347
▁アンリ	47348
▁ウォッ	47349
▁エドモン	47350
▁カーペット	47351
▁クリニック	47352
▁コンテスト	47353
▁シュローダー	47354
▁ジョーイ	47355
▁スキャンダル	47356
▁デボ	47357
▁トレーシー	47358
▁ハラン	47359
▁バットマン	47360
▁ペリー	47361
▁ヨーク	47362
▁並び	47363
▁仕切	47364
▁侵食	47365
▁助力	47366
▁協議	47367
▁厚く	47368
▁取り出さ	47369
▁取り扱い	47370
▁告	47371
▁呼び掛け	47372
▁大海	47373
▁居所	47374
▁届ける	47375
▁扇	47376
▁払いのけ	47377
▁気管支	47378
▁沈め	47379
▁漁船	47380
▁眉	47381
▁穀	47382
▁笑い声	47383
▁触覚	47384
▁身ごも	47385
▁追い詰め	47386
▁酸性	47387
▁開通	47388
▁雇い	47389
するべきで	47390
そりゃ	47391
イティブ	47392
インテリ	47393
オラ	47394
コーダ	47395
シィ	47396
スタイ	47397
チェックイン	47398
トライ	47399
ノボ	47400
ハンマー	47401
パトリック	47402
パトロール	47403
ピッタ	47404
フォロー	47405
ブレイク	47406
ブロードウェ	47407
メシア	47408
全域	47409
反撃	47410
反論	47411
口語	47412
帰りなさい	47413
拗	47414
授かり	47415
星雲	47416
模	47417
浄化	47418
浴びせ	47419
盛り上が	47420
破綻	47421
種子	47422
突き止める	47423
終日	47424
荒野	47425
著者	47426
被告	47427
見張る	47428
韻	47429
飢饉	47430
Khalid	47431
MAP	47432
alien	47433
colon	47434
ettle	47435
faced	47436
fli	47437
ggie	47438
handler	47439
idn	47440
loop	47441
main	47442
pon	47443
preach	47444
solid	47445
supp	47446
tender	47447
won	47448
▁16,000	47449
▁AGE	47450
▁Ace	47451
▁Antwerp	47452
▁CVS	47453
▁Career	47454
▁Clar	47455
▁Democrat	47456
▁Dumb	47457
▁Eighteen	47458
▁Eileen	47459
▁Eliphaz	47460
▁Gallery	47461
▁Gibraltar	47462
▁Hazard	47463
▁Incredible	47464
▁Lawyer	47465
▁MAY	47466
▁Maine	47467
▁Maori	47468
▁Massive	47469
▁Meyer	47470
▁Mitt	47471
▁Nap	47472
▁Nikola	47473
▁Oppose	47474
▁Permit	47475
▁Secretariat	47476
▁Severe	47477
▁Spit	47478
▁Supply	47479
▁Suriname	47480
▁Trevor	47481
▁Troll	47482
▁Uzziah	47483
▁abandonment	47484
▁apartheid	47485
▁benches	47486
▁brat	47487
▁cassava	47488
▁chronicle	47489
▁communal	47490
▁complied	47491
▁crossroads	47492
▁daemon	47493
▁darn	47494
▁disprove	47495
▁dissension	47496
▁diver	47497
▁drawback	47498
▁firefighter	47499
▁forgetful	47500
▁fornicator	47501
▁glitch	47502
▁grasshopper	47503
▁gratefully	47504
▁helplessness	47505
▁heredity	47506
▁heterosexual	47507
▁insurmountable	47508
▁intestinal	47509
▁labyrinth	47510
▁minorities	47511
▁mutilated	47512
▁outsider	47513
▁pilgrim	47514
▁profanity	47515
▁ravages	47516
▁remit	47517
▁retiring	47518
▁revelries	47519
▁scarcity	47520
▁seabed	47521
▁sonar	47522
▁sparse	47523
▁strand	47524
▁suffocate	47525
▁thunderstorm	47526
▁unnamed	47527
▁unquestionably	47528
▁untie	47529
▁vulgar	47530
▁yarn	47531
▁いかだ	47532
▁かぶり	47533
▁ぐる	47534
▁しゃが	47535
▁はちみつ	47536
▁アンドルー	47537
▁エズレル	47538
▁オネシモ	47539
▁カルカッタ	47540
▁キャッチ	47541
▁ギニア	47542
▁クロム	47543
▁サター	47544
▁ジオグラフィック	47545
▁テルトゥリアヌス	47546
▁バレン	47547
▁ファイン	47548
▁ホッケー	47549
▁マルセ	47550
▁メタン	47551
▁モデ	47552
▁ルネ	47553
▁一対	47554
▁体型	47555
▁刈り込み	47556
▁劇痛	47557
▁名残	47558
▁喪	47559
▁孤児院	47560
▁寄生	47561
▁応ずる	47562
▁断ち	47563
▁汚名	47564
▁終わら	47565
▁見渡す	47566
▁評決	47567
▁認	47568
▁請い求め	47569
▁赴	47570
▁辱める	47571
▁高熱	47572
✕	47573
かっこいい	47574
ひそめ	47575
むき出し	47576
アフガン	47577
コミット	47578
シュルツ	47579
ターガ	47580
ダニ	47581
ツボ	47582
ドロレス	47583
バッファロー	47584
バルブ	47585
ヴァリ	47586
丸い	47587
伸ばせ	47588
出し抜	47589
出生	47590
切り抜け	47591
別れる	47592
動き出	47593
厚く	47594
吸わ	47595
娯	47596
察し	47597
少なか	47598
忍ば	47599
意地悪	47600
憩	47601
扇動	47602
挙げる	47603
探し出	47604
搭	47605
枕	47606
水道	47607
清掃	47608
点滅	47609
牡	47610
献	47611
珍	47612
砕く	47613
祝う	47614
給え	47615
苦情	47616
見守る	47617
視界	47618
豪	47619
近付く	47620
陽子	47621
電灯	47622
領土	47623
頼める	47624
食卓	47625
CP	47626
Dia	47627
English	47628
Float	47629
IQ	47630
Mother	47631
ROUND	47632
arissa	47633
cial	47634
cloud	47635
daughter	47636
eater	47637
eira	47638
kata	47639
million	47640
nucle	47641
nuclear	47642
nvolve	47643
obi	47644
physical	47645
pproximately	47646
tings	47647
▁$9	47648
▁(14	47649
▁12%	47650
▁136	47651
▁25,26)	47652
▁27,28)	47653
▁3,9	47654
▁Bess	47655
▁Brick	47656
▁Chronicle	47657
▁Clive	47658
▁Crush	47659
▁Dinah	47660
▁Dirty	47661
▁Doom	47662
▁Dying	47663
▁Fibonacci	47664
▁Frog	47665
▁GIVE	47666
▁Gul	47667
▁Helsinki	47668
▁Idea	47669
▁Idol	47670
▁Istanbul	47671
▁Jad	47672
▁Juliana	47673
▁KG	47674
▁Length	47675
▁MIME	47676
▁Masai	47677
▁REAL	47678
▁Ricky	47679
▁Sheldon	47680
▁Turin	47681
▁VIEWPOINT	47682
▁Volker	47683
▁Yamada	47684
▁Yan	47685
▁Yourselves	47686
▁adjoin	47687
▁brow	47688
▁bubbling	47689
▁bullies	47690
▁charities	47691
▁chili	47692
▁chronological	47693
▁clutter	47694
▁conditioner	47695
▁consort	47696
▁craftsman	47697
▁criticizing	47698
▁cumulative	47699
▁deficient	47700
▁diff	47701
▁dominance	47702
▁experimentation	47703
▁foo	47704
▁glitter	47705
▁glorifie	47706
▁heartily	47707
▁husk	47708
▁hypotheses	47709
▁improvise	47710
▁intercepted	47711
▁kiddo	47712
▁loins	47713
▁malediction	47714
▁memorizing	47715
▁openness	47716
▁pancreati	47717
▁penitentiary	47718
▁progresses	47719
▁recycled	47720
▁remarried	47721
▁robin	47722
▁scrambled	47723
▁slump	47724
▁snapshot	47725
▁sufficiency	47726
▁swindle	47727
▁tilted	47728
▁tweet	47729
▁tyrannical	47730
▁がれき	47731
▁こだわ	47732
▁さえぎ	47733
▁さえずり	47734
▁ふたたび	47735
▁よりどころ	47736
▁ココヤシ	47737
▁トリニダード	47738
▁パトリシア	47739
▁ヘビーメタル	47740
▁ベニン	47741
▁マリヤ	47742
▁ワカ	47743
▁冷える	47744
▁取り扱う	47745
▁取り決める	47746
▁坂	47747
▁官吏	47748
▁抜け出せ	47749
▁持ち上が	47750
▁支柱	47751
▁洞穴	47752
▁激増	47753
▁継父	47754
▁芽生え	47755
▁藻類	47756
▁血小板	47757
▁補償	47758
▁覆い隠し	47759
▁見付か	47760
▁論ずる	47761
▁谷間	47762
▁踏みつけ	47763
▁載せる	47764
▁連帯	47765
▁酔っ払い	47766
▁飲み水	47767
▁髄	47768
こだわる	47769
つかみ	47770
エレミヤ	47771
クスタ	47772
ステッド	47773
ドリンク	47774
パレスチナ	47775
フィッシュ	47776
フロリダ	47777
ホイール	47778
ポジショ	47779
ラノ	47780
乱暴	47781
全面	47782
内面	47783
四つ	47784
宣べ伝える	47785
恐ろし	47786
恭	47787
感想	47788
慎み	47789
旅立	47790
明細	47791
法王	47792
泣き出	47793
相変わらず	47794
石器	47795
突く	47796
考案	47797
薦め	47798
蝶	47799
見破	47800
証し	47801
1,2	47802
270	47803
Stay	47804
ante	47805
etched	47806
ffy	47807
gs	47808
hope	47809
intercept	47810
jima	47811
means	47812
ocratic	47813
ontinental	47814
ott	47815
pad	47816
pital	47817
rophe	47818
structure	47819
wyn	47820
т	47821
▁0.00	47822
▁1996)	47823
▁Accomplish	47824
▁Amendment	47825
▁Approaching	47826
▁Architect	47827
▁Asiaweek	47828
▁Automatically	47829
▁Barber	47830
▁Bilb	47831
▁Charter	47832
▁Cheryl	47833
▁Decima	47834
▁Discovery	47835
▁Dorcas	47836
▁Drift	47837
▁Haley	47838
▁Hud	47839
▁Identify	47840
▁Jared	47841
▁Matrix	47842
▁Matthias	47843
▁Mullin	47844
▁Nebraska	47845
▁Nishi	47846
▁PETER	47847
▁Programme	47848
▁Puritan	47849
▁Reformed	47850
▁Renaissance	47851
▁Rulership	47852
▁Sarge	47853
▁Shim	47854
▁Sleeping	47855
▁Triumph	47856
▁Waldenses	47857
▁alluded	47858
▁blob	47859
▁blurred	47860
▁cockpit	47861
▁contour	47862
▁courthouse	47863
▁dubious	47864
▁ecumenical	47865
▁engraved	47866
▁engrossed	47867
▁guinea	47868
▁impair	47869
▁internally	47870
▁lotteries	47871
▁malice	47872
▁martyrdom	47873
▁parenthesis	47874
▁perfumed	47875
▁phony	47876
▁prompting	47877
▁propagate	47878
▁redshift	47879
▁regiment	47880
▁rigged	47881
▁screened	47882
▁seashore	47883
▁sluggish	47884
▁stepmother	47885
▁sterling	47886
▁suggestive	47887
▁superintendent	47888
▁temperate	47889
▁threefold	47890
▁totalitarian	47891
▁toxin	47892
▁transferring	47893
▁utilization	47894
▁wiring	47895
▁いらだた	47896
▁かぶせ	47897
▁ぎっ	47898
▁ご招待	47899
▁ふし	47900
▁アウシュビッツ	47901
▁アガペー	47902
▁エバンス	47903
▁クルマ	47904
▁シリアル	47905
▁ステレオ	47906
▁セオドア	47907
▁ダッシュ	47908
▁ヒューゴ	47909
▁フアン	47910
▁ペトロ	47911
▁レハベアム	47912
▁体液	47913
▁唾	47914
▁地熱	47915
▁対戦	47916
▁応対	47917
▁暮らせる	47918
▁検分	47919
▁楽団	47920
▁横たわる	47921
▁欄外	47922
▁気前	47923
▁気圧	47924
▁流入	47925
▁禁酒	47926
▁覚醒	47927
▁軍縮	47928
▁辞退	47929
▁送り返	47930
▁重罪	47931
▁隠れ場	47932
▁雇う	47933
▁飢える	47934
ぬれ	47935
まさしく	47936
ウラン	47937
カワウソ	47938
ビーコン	47939
ピボ	47940
フェイ	47941
ブラックホール	47942
プリンス	47943
プログラ	47944
マシューズ	47945
モスクワ	47946
ヤッ	47947
レイラ	47948
レトロ	47949
ワイヤレス	47950
ンダー	47951
傷つく	47952
創設	47953
効用	47954
収ま	47955
収縮	47956
噛む	47957
地雷	47958
宿る	47959
対戦	47960
峠	47961
当てはめ	47962
彫り	47963
恩知らず	47964
抱える	47965
挑む	47966
撤回	47967
桶	47968
梶	47969
汚す	47970
生まれつき	47971
短縮	47972
磁気	47973
祖国	47974
窒息	47975
箇	47976
表紙	47977
見通し	47978
訛	47979
超越	47980
運輸	47981
過誤	47982
間違える	47983
防げ	47984
降ら	47985
風船	47986
飛び越え	47987
飲みすぎ	47988
飲酒	47989
魅惑	47990
鹸	47991
300,000	47992
888	47993
ARS	47994
Box	47995
Clothe	47996
LOY	47997
TD	47998
Whether	47999
afe	48000
built	48001
flee	48002
miya	48003
perform	48004
political	48005
produce	48006
staff	48007
strange	48008
variant	48009
▁1916	48010
▁1921	48011
▁800,000	48012
▁Agnes	48013
▁Alien	48014
▁Anita	48015
▁Assignment	48016
▁Athena	48017
▁BENEFIT	48018
▁Bradley	48019
▁CHAR	48020
▁Circumstances	48021
▁Created	48022
▁Dash	48023
▁Dating	48024
▁Douay	48025
▁Execute	48026
▁Fascist	48027
▁Fukushima	48028
▁Gina	48029
▁Gosh	48030
▁Harmful	48031
▁Hayes	48032
▁Keyboard	48033
▁Lovers	48034
▁Modesty	48035
▁Moldova	48036
▁Mongol	48037
▁Ouija	48038
▁PROBLEM	48039
▁Paraguay	48040
▁Pier	48041
▁REALLY	48042
▁Reverse	48043
▁Sage	48044
▁Shechem	48045
▁Singing	48046
▁Spartan	48047
▁Tried	48048
▁Vera	48049
▁Weiss	48050
▁Zaire	48051
▁acceptably	48052
▁accompanies	48053
▁affirmed	48054
▁amidst	48055
▁anthrax	48056
▁archaeology	48057
▁bir	48058
▁blunder	48059
▁bravery	48060
▁cardio	48061
▁cataclysm	48062
▁cavities	48063
▁collapsing	48064
▁consonant	48065
▁contaminate	48066
▁continuation	48067
▁dragnet	48068
▁earrings	48069
▁erratic	48070
▁excell	48071
▁exclusion	48072
▁ferocious	48073
▁forsak	48074
▁gin	48075
▁guru	48076
▁indulged	48077
▁literate	48078
▁luxuriant	48079
▁magenta	48080
▁maimed	48081
▁malign	48082
▁mapped	48083
▁milligrams	48084
▁milliseconds	48085
▁nurturing	48086
▁pacemaker	48087
▁penetrating	48088
▁readable	48089
▁resembled	48090
▁sacrament	48091
▁sage	48092
▁scold	48093
▁seaport	48094
▁sedition	48095
▁sharers	48096
▁slammed	48097
▁stairwell	48098
▁subtraction	48099
▁suppression	48100
▁swat	48101
▁temp	48102
▁topsoil	48103
▁traveller	48104
▁untrue	48105
▁veritabl	48106
▁visibly	48107
▁whereupon	48108
▁かんしゃく	48109
▁ほのめかし	48110
▁アリー	48111
▁エッサイ	48112
▁エール	48113
▁オリゲネス	48114
▁ジェー	48115
▁パディ	48116
▁マルク	48117
▁ユーカリ	48118
▁レター	48119
▁乱す	48120
▁交え	48121
▁備品	48122
▁切り裂	48123
▁初穂	48124
▁刺す	48125
▁協働	48126
▁受胎	48127
▁四十	48128
▁尺度	48129
▁年句	48130
▁指し示す	48131
▁掘り起こ	48132
▁搭載	48133
▁早すぎる	48134
▁書き込	48135
▁泣き出	48136
▁称し	48137
▁端末	48138
▁笑える	48139
▁誇示	48140
▁配し	48141
▁霊界	48142
おやすみ	48143
ことを認め	48144
ちり	48145
っこない	48146
エース	48147
カウンター	48148
カボチャ	48149
シラ	48150
ジジ	48151
ジャンル	48152
スキュラ	48153
スーツケース	48154
テッ	48155
バーンズ	48156
パブリック	48157
ペースト	48158
ボクシング	48159
モンティ	48160
ーゼフ	48161
倒れる	48162
健在	48163
刑罰	48164
剛	48165
口説	48166
喝	48167
孤	48168
強要	48169
投げ出	48170
擦	48171
有意	48172
溶ける	48173
漸	48174
特異	48175
用途	48176
磁器	48177
粘土	48178
紙幣	48179
経緯	48180
締まり	48181
落胆	48182
血筋	48183
裏側	48184
訪	48185
連結	48186
酔っぱら	48187
隠し場所	48188
電卓	48189
青ざめ	48190
+1	48191
700,000	48192
GS	48193
Hebrew	48194
Sh	48195
Str	48196
borough	48197
buy	48198
detect	48199
isten	48200
mc	48201
mmel	48202
onia	48203
ovich	48204
ross	48205
throw	48206
▁2.0	48207
▁Agreed	48208
▁Assemblies	48209
▁Berg	48210
▁Bol	48211
▁Burning	48212
▁Chang	48213
▁Coach	48214
▁Conversation	48215
▁Edmund	48216
▁Edwin	48217
▁Feature	48218
▁Führer	48219
▁Hayden	48220
▁Katherine	48221
▁Leigh	48222
▁Loud	48223
▁Mercury	48224
▁OpenPGP	48225
▁Precisely	48226
▁Pursuing	48227
▁Realize	48228
▁Shield	48229
▁Singh	48230
▁Triple	48231
▁Tunisia	48232
▁Welfare	48233
▁alligator	48234
▁barefoot	48235
▁bluntly	48236
▁bogg	48237
▁boon	48238
▁bowling	48239
▁bulletin	48240
▁chasteness	48241
▁churn	48242
▁coalition	48243
▁coerce	48244
▁conveniently	48245
▁defied	48246
▁digestion	48247
▁discontinued	48248
▁dishonoring	48249
▁disliked	48250
▁dispos	48251
▁dissect	48252
▁downstream	48253
▁eco	48254
▁eligible	48255
▁embroider	48256
▁encode	48257
▁excavated	48258
▁fireman	48259
▁gladiator	48260
▁glaucoma	48261
▁gunfire	48262
▁heartless	48263
▁imparting	48264
▁iris	48265
▁lipstick	48266
▁meditated	48267
▁metadata	48268
▁mightier	48269
▁neurologist	48270
▁offline	48271
▁payoff	48272
▁progression	48273
▁proverbial	48274
▁raided	48275
▁recline	48276
▁regroup	48277
▁scramble	48278
▁serenity	48279
▁shunned	48280
▁songbook	48281
▁spindle	48282
▁spleen	48283
▁sprint	48284
▁stabilized	48285
▁subvert	48286
▁tagged	48287
▁thrift	48288
▁twitch	48289
▁unfinished	48290
▁vale	48291
▁worthily	48292
▁あごひげ	48293
▁たぶらか	48294
▁むち打ち	48295
▁カスティ	48296
▁コマ	48297
▁シルビア	48298
▁スラブ	48299
▁チャット	48300
▁テオド	48301
▁デイジー	48302
▁ネックレス	48303
▁バルコニー	48304
▁ピアース	48305
▁ベルン	48306
▁ライター	48307
▁リリアン	48308
▁レバー	48309
▁依り頼め	48310
▁倹約	48311
▁冒涜	48312
▁南側	48313
▁卵巣	48314
▁呼びかける	48315
▁命ぜ	48316
▁命名	48317
▁悩ます	48318
▁欲しがる	48319
▁河口	48320
▁稼ぐ	48321
▁窮境	48322
▁聖書新	48323
▁裏側	48324
▁間近い	48325
▁難しさ	48326
▁靴下	48327
▁黒海	48328
かき混ぜ	48329
ご免	48330
とがめ	48331
めず	48332
イーグル	48333
カーペット	48334
ガレージ	48335
クラーク	48336
クーデター	48337
ジャブ	48338
ジャージ	48339
ディール	48340
ノリー	48341
ノーマ	48342
ハンソン	48343
パレード	48344
パーキンソン	48345
ヒッチハイク	48346
ビショップ	48347
フィンガー	48348
フォス	48349
ボイス	48350
マグロ	48351
レゴ	48352
レド	48353
ロマンチ	48354
乗り物	48355
付き添	48356
停電	48357
妃	48358
寝返	48359
対処する	48360
尾根	48361
思い付	48362
承諾	48363
暴落	48364
気配	48365
浴びる	48366
片隅	48367
畔	48368
睡	48369
礎	48370
繊細	48371
聖杯	48372
花瓶	48373
誇る	48374
語彙	48375
軌	48376
透明性	48377
銀貨	48378
頁	48379
食わせ	48380
飢餓	48381
鼻孔	48382
365	48383
70,000	48384
Question	48385
Set	48386
VILL	48387
apo	48388
breed	48389
corrupt	48390
ecu	48391
egion	48392
eothermal	48393
escence	48394
frame	48395
hew	48396
wig	48397
▁";"	48398
▁$1.50	48399
▁AMERICA	48400
▁Adolescent	48401
▁Amazingly	48402
▁Anywhere	48403
▁Attach	48404
▁Baltic	48405
▁Bearing	48406
▁Churchill	48407
▁Concentrate	48408
▁Conversely	48409
▁Coral	48410
▁DEATH	48411
▁EVEN	48412
▁Enemy	48413
▁Extend	48414
▁Extension	48415
▁Fever	48416
▁Figaro	48417
▁Fourteen	48418
▁Hardy	48419
▁Hughes	48420
▁MEPS	48421
▁Maintainer	48422
▁Marijuana	48423
▁Natasha	48424
▁Neh	48425
▁Northwest	48426
▁Pause	48427
▁Regina	48428
▁SOL	48429
▁Sicily	48430
▁Suffer	48431
▁Tourist	48432
▁Uri	48433
▁Zealous	48434
▁Zurich	48435
▁absorption	48436
▁adversaries	48437
▁albatross	48438
▁arbitrarily	48439
▁banging	48440
▁barrage	48441
▁bedside	48442
▁betraying	48443
▁champ	48444
▁combustion	48445
▁consequently	48446
▁cosmos	48447
▁customize	48448
▁dearest	48449
▁detriment	48450
▁dividend	48451
▁dub	48452
▁emerald	48453
▁envisioned	48454
▁ewe	48455
▁festive	48456
▁filtered	48457
▁foreseen	48458
▁fostered	48459
▁headmaster	48460
▁illustrious	48461
▁impresses	48462
▁looting	48463
▁loyalties	48464
▁marches	48465
▁marvelously	48466
▁merged	48467
▁muzzle	48468
▁newsletter	48469
▁painless	48470
▁pancreas	48471
▁proficient	48472
▁provincial	48473
▁sarcastic	48474
▁sheepfold	48475
▁shrug	48476
▁soybean	48477
▁stationary	48478
▁undertook	48479
▁unprepared	48480
▁venue	48481
▁vestige	48482
▁vexation	48483
▁viper	48484
▁wetlands	48485
▁wreckage	48486
▁うかがえ	48487
▁そこなう	48488
▁だまし取	48489
▁つぶやく	48490
▁まねる	48491
▁エホヤキム	48492
▁エレナ	48493
▁カナリア	48494
▁ギベオン	48495
▁サンダル	48496
▁シャーマン	48497
▁シャーロット	48498
▁セコイア	48499
▁ハンバーガー	48500
▁フェリクス	48501
▁ブッシュマン	48502
▁マウンテン	48503
▁マーケティング	48504
▁モファット	48505
▁ヨシュ	48506
▁中流	48507
▁伏し	48508
▁凝ら	48509
▁出迎え	48510
▁勝ち得る	48511
▁取り戻せる	48512
▁呼ばわり	48513
▁唯	48514
▁垂れ下が	48515
▁奥底	48516
▁学識	48517
▁局面	48518
▁工具	48519
▁放ち	48520
▁明かし	48521
▁泊まり	48522
▁注ぎ出す	48523
▁燃えつき	48524
▁礼儀正しさ	48525
▁範	48526
▁至福	48527
▁荒ら	48528
▁覚ます	48529
▁計る	48530
▁調印	48531
▁贈る	48532
おびえ	48533
きめ	48534
け直す	48535
ぢ	48536
ガット	48537
ケリ	48538
コモン	48539
ストップ	48540
ティラ	48541
ニオン	48542
ヒヤ	48543
ペッパー	48544
ホルム	48545
メリ	48546
ロブスター	48547
兎	48548
効き	48549
収まる	48550
口実	48551
合え	48552
寺院	48553
山脈	48554
工程	48555
延べ	48556
慨	48557
戦死	48558
押収	48559
持ち去	48560
描写	48561
渋	48562
玩具	48563
病原	48564
発掘	48565
眩	48566
研	48567
突っ込む	48568
結びつけ	48569
置き場	48570
襟	48571
赤字	48572
超過	48573
通せ	48574
陥る	48575
靴下	48576
飲み込む	48577
AKE	48578
ANA	48579
AY	48580
Bar	48581
Bus	48582
Eat	48583
Tw	48584
aggot	48585
hai	48586
lways	48587
phil	48588
solution	48589
tribulation	48590
▁1989)	48591
▁2003)	48592
▁5,8	48593
▁Asano	48594
▁Asgard	48595
▁BF	48596
▁Batter	48597
▁Chao	48598
▁Chef	48599
▁Clem	48600
▁Commentary	48601
▁Disk	48602
▁Eduardo	48603
▁Eliezer	48604
▁Eusebius	48605
▁Filled	48606
▁Fountain	48607
▁Glades	48608
▁Guilty	48609
▁HEALTH	48610
▁Hollis	48611
▁Hun	48612
▁Institution	48613
▁KING	48614
▁Mafia	48615
▁Marvelous	48616
▁Mask	48617
▁Member	48618
▁Mick	48619
▁PLAN	48620
▁Pastor	48621
▁Responsibility	48622
▁Sword	48623
▁Tanaka	48624
▁Underground	48625
▁Vogel	48626
▁Zaka	48627
▁anomaly	48628
▁auditor	48629
▁betrayers	48630
▁bracelet	48631
▁brawl	48632
▁browsing	48633
▁commercially	48634
▁commotion	48635
▁computerized	48636
▁cosine	48637
▁decibels	48638
▁disadvantaged	48639
▁disruptive	48640
▁dosage	48641
▁ensued	48642
▁excitedly	48643
▁exterminate	48644
▁fiancé	48645
▁gladness	48646
▁implicitly	48647
▁incompetent	48648
▁inventing	48649
▁keynote	48650
▁knob	48651
▁lumin	48652
▁monasteries	48653
▁mussel	48654
▁nonstop	48655
▁outstrip	48656
▁overview	48657
▁physiological	48658
▁psychotic	48659
▁rearrange	48660
▁rectify	48661
▁rehearse	48662
▁reminiscen	48663
▁rudder	48664
▁shattering	48665
▁sitter	48666
▁surpasse	48667
▁takeoff	48668
▁tortoise	48669
▁underway	48670
▁westward	48671
▁windshield	48672
▁wishful	48673
▁↓	48674
▁うそつき	48675
▁アストリ	48676
▁アンチ	48677
▁オラ	48678
▁オーエン	48679
▁クロコダイル	48680
▁グン	48681
▁スケート	48682
▁タルソス	48683
▁デシベル	48684
▁ベーカー	48685
▁ボツワナ	48686
▁マングローブ	48687
▁マーゴ	48688
▁メルキゼデク	48689
▁モーニング	48690
▁ルシア	48691
▁レックス	48692
▁ロキ	48693
▁仏陀	48694
▁債	48695
▁元来	48696
▁原罪	48697
▁小売	48698
▁敷物	48699
▁生える	48700
▁眠れる	48701
▁見張る	48702
▁親しみ深	48703
▁解き明かし	48704
▁論法	48705
▁防げ	48706
▁鳴き	48707
うろたえ	48708
くっつけ	48709
やすさ	48710
よしよし	48711
アバドン	48712
イブン	48713
インフレーション	48714
ウェルズ	48715
エイド	48716
エミ	48717
エリソン	48718
ゲティ	48719
シタ	48720
ジブラルタル	48721
チャーズ	48722
バスター	48723
ブラインド	48724
ボトム	48725
リトル	48726
ルクー	48727
ービー	48728
一流	48729
仕立て	48730
光速	48731
創世	48732
勘定	48733
取り込む	48734
喜ばせる	48735
嫌がる	48736
学位	48737
差し出し	48738
引き取	48739
感銘	48740
手がけ	48741
投じ	48742
映る	48743
溺れる	48744
火山	48745
生かす	48746
生き返ら	48747
痢	48748
組め	48749
縫い	48750
肝臓	48751
薪	48752
誤ち	48753
酔っ	48754
AE	48755
Alone	48756
Could	48757
EARLY	48758
German	48759
Mon	48760
Peter	48761
Shi	48762
almost	48763
atchtower	48764
atomic	48765
bc	48766
bs	48767
ector	48768
egged	48769
elf	48770
guchi	48771
honest	48772
ital	48773
microbial	48774
prince	48775
synthesis	48776
tual	48777
å	48778
▁$20,000	48779
▁4.3	48780
▁Baron	48781
▁Browser	48782
▁Burrows	48783
▁CALL	48784
▁COUNTRY	48785
▁Cheer	48786
▁Copper	48787
▁Cure	48788
▁Edinburgh	48789
▁Effort	48790
▁Essentially	48791
▁Falcone	48792
▁Gee	48793
▁Jaracz	48794
▁Lamentations	48795
▁Layout	48796
▁Marry	48797
▁McDonald	48798
▁Opinion	48799
▁Permanent	48800
▁Phinehas	48801
▁Reckon	48802
▁Reef	48803
▁Reuters	48804
▁SHA	48805
▁Satanic	48806
▁Sherman	48807
▁Situation	48808
▁Sunny	48809
▁Taro	48810
▁Theocracy	48811
▁Vor	48812
▁Wad	48813
▁acne	48814
▁blaspheme	48815
▁bullied	48816
▁cheetah	48817
▁collaborator	48818
▁corroborate	48819
▁decorate	48820
▁dependency	48821
▁despondent	48822
▁disassociat	48823
▁exaggerate	48824
▁extremities	48825
▁fingertips	48826
▁finishes	48827
▁foresight	48828
▁frenzy	48829
▁frightful	48830
▁functionality	48831
▁gymnast	48832
▁halted	48833
▁hauled	48834
▁impediment	48835
▁manpower	48836
▁objectively	48837
▁parenthood	48838
▁premise	48839
▁prune	48840
▁rationalize	48841
▁reconnect	48842
▁relish	48843
▁reviling	48844
▁roving	48845
▁sanity	48846
▁seizing	48847
▁serv	48848
▁stamina	48849
▁stripping	48850
▁stubbornly	48851
▁subversive	48852
▁summarized	48853
▁troll	48854
▁unbelievably	48855
▁uneven	48856
▁unintentional	48857
▁unknowingly	48858
▁unused	48859
▁usefulness	48860
▁velvet	48861
▁volunteering	48862
▁wealthier	48863
▁webpage	48864
▁withdrawing	48865
▁くじけ	48866
▁ぬぐい去る	48867
▁はねつけ	48868
▁まやかし	48869
▁わめき	48870
▁アデル	48871
▁ウォレ	48872
▁エイブラハム	48873
▁エルサ	48874
▁クリスティーン	48875
▁コンパス	48876
▁ティミ	48877
▁ブダペスト	48878
▁ブルンジ	48879
▁ラトビア	48880
▁ラモン	48881
▁リトアニア	48882
▁レール	48883
▁一角	48884
▁力説	48885
▁土星	48886
▁密告	48887
▁引きこも	48888
▁引き込	48889
▁忠	48890
▁技法	48891
▁持ち上げる	48892
▁溶かし	48893
▁緋色	48894
▁縁組	48895
▁聴か	48896
▁補強	48897
▁見付ける	48898
▁詩的	48899
▁造船	48900
▁遠ざか	48901
うろつ	48902
おいし	48903
お見舞い	48904
ささげ	48905
さらす	48906
ひたすら	48907
イングランド	48908
ギャラ	48909
クセン	48910
クリスティ	48911
クーパー	48912
グラフィカ	48913
サウル	48914
サリ	48915
スルー	48916
ダーウィン	48917
ハイブリッド	48918
バーナー	48919
ビジター	48920
プロン	48921
ボイル	48922
ラウト	48923
レール	48924
一撃	48925
万端	48926
元々	48927
内臓	48928
創作	48929
労苦	48930
勧める	48931
却下	48932
呼べる	48933
固執	48934
建造	48935
挽	48936
月経	48937
未遂	48938
根性	48939
毛髪	48940
汲み	48941
淵	48942
瀬戸際	48943
熟考	48944
終結	48945
緩和	48946
縫合	48947
繋ぎ	48948
置き忘れ	48949
老化	48950
肖像	48951
腎臓	48952
若すぎる	48953
血圧	48954
言い聞かせ	48955
越せ	48956
軟	48957
轟	48958
適格	48959
霊長	48960
香水	48961
龍	48962
40%	48963
NGO	48964
Perhaps	48965
degree	48966
disciplin	48967
function	48968
hound	48969
igen	48970
kho	48971
knowledge	48972
often	48973
seri	48974
session	48975
tensive	48976
twork	48977
ues	48978
wartz	48979
web	48980
▁(11	48981
▁123	48982
▁1999)	48983
▁2000)	48984
▁35%	48985
▁Advertising	48986
▁Aubrey	48987
▁Bonnie	48988
▁CORINTH	48989
▁Cease	48990
▁Circuit	48991
▁Climax	48992
▁Commercial	48993
▁Cube	48994
▁Danvers	48995
▁Dee	48996
▁Elsewhere	48997
▁Epidemic	48998
▁Fancy	48999
▁Grief	49000
▁Harmony	49001
▁Hati	49002
▁LOS	49003
▁Newfoundland	49004
▁Pale	49005
▁Samba	49006
▁Sept	49007
▁Sikh	49008
▁Voyage	49009
▁Widow	49010
▁Worst	49011
▁afflicting	49012
▁alpine	49013
▁anorexia	49014
▁aquatic	49015
▁bustling	49016
▁bytes	49017
▁chuckle	49018
▁clarification	49019
▁concealing	49020
▁concubine	49021
▁constancy	49022
▁expi	49023
▁flipping	49024
▁ghetto	49025
▁granite	49026
▁huddle	49027
▁jaguar	49028
▁latch	49029
▁ledge	49030
▁migrating	49031
▁misinterpret	49032
▁mistrust	49033
▁nuclei	49034
▁overshadow	49035
▁paternal	49036
▁patriotism	49037
▁pesticide	49038
▁playback	49039
▁plumber	49040
▁preventable	49041
▁probing	49042
▁prophetess	49043
▁propulsion	49044
▁rainstorm	49045
▁rectangular	49046
▁simulator	49047
▁smelt	49048
▁smother	49049
▁stuttering	49050
▁surrogate	49051
▁swastika	49052
▁tau	49053
▁theatre	49054
▁waterproof	49055
▁wick	49056
▁widening	49057
▁wiki	49058
▁しぐさ	49059
▁しみ込	49060
▁つくり出	49061
▁へつら	49062
▁ウーン	49063
▁キチ	49064
▁シーダー	49065
▁スカー	49066
▁ストア	49067
▁スポンジ	49068
▁ニモ	49069
▁ミイラ	49070
▁ルデア	49071
▁ルビー	49072
▁制圧	49073
▁前触れ	49074
▁取り消し	49075
▁同種	49076
▁堪	49077
▁嫌う	49078
▁弾圧	49079
▁得損な	49080
▁思い煩う	49081
▁戻れる	49082
▁捜し求め	49083
▁日ごろ	49084
▁楔	49085
▁海草	49086
▁火薬	49087
▁疲れる	49088
▁組成	49089
▁耐え忍ば	49090
▁菜園	49091
▁萎	49092
▁角笛	49093
▁訂正	49094
▁逃げ去	49095
▁酸性雨	49096
▁量り	49097
あかね	49098
おびき寄せ	49099
かっこ	49100
ぎれ	49101
アルファベット	49102
アンドリュー	49103
イスト	49104
スティー	49105
テイラー	49106
ドンナ	49107
ヒステリ	49108
ベーコン	49109
ポーランド	49110
ミクス	49111
ミント	49112
モニカ	49113
ヨーテ	49114
レバ	49115
レポーター	49116
ワッ	49117
乱用	49118
健やか	49119
免除	49120
凌	49121
取り扱	49122
埋	49123
将校	49124
当初	49125
恩赦	49126
批評	49127
指向	49128
柔らかい	49129
津波	49130
満点	49131
滅茶	49132
痘	49133
示せ	49134
積み重な	49135
肛	49136
肝心	49137
降らす	49138
Certainly	49139
FDA	49140
THOUGH	49141
Whenever	49142
atrix	49143
bipolar	49144
black	49145
confident	49146
everyone	49147
ference	49148
final	49149
fucking	49150
heavenly	49151
hopper	49152
kee	49153
mask	49154
mmm	49155
otto	49156
rthur	49157
truth	49158
α	49159
ө	49160
▁1.1	49161
▁17,000	49162
▁Abaddon	49163
▁Absolute	49164
▁Ahmed	49165
▁Alliance	49166
▁Artaxerxes	49167
▁Blaze	49168
▁CUPS	49169
▁Candy	49170
▁Carla	49171
▁Cheese	49172
▁Combat	49173
▁Commonwealth	49174
▁Garrett	49175
▁Herodotus	49176
▁Hollow	49177
▁Hush	49178
▁ITALY	49179
▁Interior	49180
▁Jell	49181
▁Laurie	49182
▁Loan	49183
▁Mali	49184
▁Marsh	49185
▁Mercedes	49186
▁Mozart	49187
▁Orion	49188
▁Penn	49189
▁Pentateuch	49190
▁Perez	49191
▁Rabbit	49192
▁Sacramento	49193
▁Sherry	49194
▁Smo	49195
▁Spare	49196
▁Specify	49197
▁Stuff	49198
▁TRY	49199
▁Tate	49200
▁Truck	49201
▁UNICEF	49202
▁YES	49203
▁Zamb	49204
▁accomplishes	49205
▁annoyance	49206
▁aqueduct	49207
▁artisan	49208
▁aviation	49209
▁bargaining	49210
▁burglary	49211
▁burying	49212
▁chatting	49213
▁consolingly	49214
▁craze	49215
▁crutches	49216
▁curly	49217
▁decorating	49218
▁depletion	49219
▁distinguishe	49220
▁doughnut	49221
▁eighteenth	49222
▁electrician	49223
▁erred	49224
▁farthest	49225
▁fathom	49226
▁felony	49227
▁groceries	49228
▁hospitably	49229
▁ideally	49230
▁ideologies	49231
▁infern	49232
▁interconnected	49233
▁journalism	49234
▁kindred	49235
▁lender	49236
▁lilies	49237
▁loot	49238
▁mash	49239
▁oracle	49240
▁paraphrase	49241
▁particulate	49242
▁pave	49243
▁perplexing	49244
▁persecutor	49245
▁phantom	49246
▁preface	49247
▁rem	49248
▁retreated	49249
▁scorpion	49250
▁scratching	49251
▁scrutinize	49252
▁soaking	49253
▁speedily	49254
▁tragically	49255
▁transpose	49256
▁turbulence	49257
▁unevenly	49258
▁unrelenting	49259
▁vanilla	49260
▁venerated	49261
▁vex	49262
▁villa	49263
▁wager	49264
▁ありさま	49265
▁くわえ	49266
▁ぜん息	49267
▁つぶや	49268
▁アラー	49269
▁ウジヤ	49270
▁カルロ	49271
▁カロ	49272
▁グノーシス	49273
▁グーテンベルク	49274
▁コンスタンティノープル	49275
▁コンピューターゲーム	49276
▁シリ	49277
▁ソーダ	49278
▁タマル	49279
▁バーバー	49280
▁ビッキ	49281
▁ブッ	49282
▁ホタル	49283
▁モルヒネ	49284
▁ユリ	49285
▁千葉	49286
▁守り行な	49287
▁府	49288
▁忍び込	49289
▁所見	49290
▁押し流	49291
▁掘ら	49292
▁暮れる	49293
▁望め	49294
▁歯車	49295
▁治り	49296
▁潜む	49297
▁燭台	49298
▁積む	49299
▁突撃	49300
▁習う	49301
▁脅す	49302
▁買い取り	49303
▁鑑賞	49304
お菓子	49305
けんか	49306
しでか	49307
アドバイザ	49308
ウケ	49309
エト	49310
カモメ	49311
シグマ	49312
シリウス	49313
チェリー	49314
チョーク	49315
テコ	49316
フッド	49317
マスタード	49318
ミツバチ	49319
レイダー	49320
上向き	49321
下ろす	49322
供物	49323
分かち合	49324
前面	49325
卑しめ	49326
原告	49327
土壌	49328
宿主	49329
小さすぎる	49330
幣	49331
恒	49332
情け深い	49333
抵	49334
指環	49335
挿	49336
捕える	49337
整頓	49338
格子	49339
樹木	49340
欠如	49341
減ら	49342
澄	49343
濃い	49344
猾	49345
蒸気	49346
請い願	49347
賛美	49348
踏まえ	49349
追いや	49350
進法	49351
過ご	49352
選出	49353
0,0	49354
1994	49355
Advertise	49356
Believe	49357
Hold	49358
MY	49359
SIGH	49360
bind	49361
blind	49362
economic	49363
egation	49364
ensuring	49365
estament	49366
llocks	49367
mellow	49368
merican	49369
music	49370
pain	49371
square	49372
voice	49373
ē	49374
▁$40	49375
▁122	49376
▁13,000	49377
▁365	49378
▁41,42	49379
▁5,7	49380
▁6,9	49381
▁Brighton	49382
▁Butcher	49383
▁CARE	49384
▁CN	49385
▁Castro	49386
▁Colonial	49387
▁Cruel	49388
▁Fate	49389
▁Graduate	49390
▁Grande	49391
▁Guyana	49392
▁HOUSE	49393
▁Kitchen	49394
▁LaTeX	49395
▁MERC	49396
▁Mord	49397
▁Pablo	49398
▁Polo	49399
▁Pompeii	49400
▁Promote	49401
▁Serbian	49402
▁Sloan	49403
▁Specifically	49404
▁Stephan	49405
▁TIMES	49406
▁Tucson	49407
▁Useful	49408
▁Virus	49409
▁Visible	49410
▁activation	49411
▁asserting	49412
▁baffled	49413
▁boar	49414
▁carbonate	49415
▁carnage	49416
▁cocoa	49417
▁decisively	49418
▁decoy	49419
▁degrade	49420
▁denounce	49421
▁depiction	49422
▁displacement	49423
▁dpi	49424
▁enlisted	49425
▁enrollment	49426
▁fla	49427
▁foolishly	49428
▁glacier	49429
▁hemorrhage	49430
▁hoist	49431
▁hostess	49432
▁incorrectly	49433
▁insatiable	49434
▁kinetic	49435
▁laymen	49436
▁leaflet	49437
▁locomotive	49438
▁loudspeaker	49439
▁melodies	49440
▁migratory	49441
▁mountainside	49442
▁oxen	49443
▁pelvi	49444
▁plucked	49445
▁poultry	49446
▁precipitate	49447
▁protesters	49448
▁reprehensible	49449
▁reread	49450
▁revered	49451
▁rift	49452
▁sarcasm	49453
▁selfless	49454
▁senate	49455
▁servitude	49456
▁shortened	49457
▁shortsighted	49458
▁skating	49459
▁trample	49460
▁transfused	49461
▁trickle	49462
▁unimaginable	49463
▁unsolved	49464
▁woo	49465
▁そそぎ	49466
▁ののしる	49467
▁み顔	49468
▁アリーナ	49469
▁クララ	49470
▁ケープ	49471
▁スペー	49472
▁タマネギ	49473
▁タービン	49474
▁チャイナ	49475
▁ティモシー	49476
▁テムズ	49477
▁ドルカス	49478
▁ニコル	49479
▁モニカ	49480
▁下せる	49481
▁五書	49482
▁以	49483
▁伸びる	49484
▁刺し通	49485
▁動員	49486
▁大波	49487
▁年輪	49488
▁持ち帰る	49489
▁接合	49490
▁操る	49491
▁歩き回る	49492
▁氾濫	49493
▁減ら	49494
▁硫酸	49495
▁表わせる	49496
▁誇り高い	49497
▁負い目	49498
▁転落	49499
▁長女	49500
▁陽光	49501
ちき	49502
なおす	49503
アップル	49504
アンダーソン	49505
スケア	49506
ズーム	49507
タイラー	49508
ティコ	49509
ティーニ	49510
ナガ	49511
ナンシー	49512
ヒキガエル	49513
ブローカ	49514
モチ	49515
リンジャー	49516
レイチェル	49517
主人公	49518
代謝	49519
仲裁	49520
俸	49521
全土	49522
刺さ	49523
動乱	49524
南極	49525
同族	49526
圧迫	49527
地理	49528
宥	49529
居所	49530
差し上げ	49531
把	49532
散らば	49533
正す	49534
申し開き	49535
癒し	49536
眠らせ	49537
程遠い	49538
紋章	49539
緻	49540
罹	49541
苛立	49542
認可	49543
貪	49544
追い込	49545
遺伝学	49546
間近	49547
雨林	49548
首輪	49549
준	49550
Both	49551
CAUSE	49552
Col	49553
Fine	49554
Jews	49555
Laughs	49556
Map	49557
another	49558
asket	49559
bara	49560
chief	49561
della	49562
forever	49563
gami	49564
gone	49565
igg	49566
motion	49567
paint	49568
perhaps	49569
photo	49570
reas	49571
rgan	49572
riding	49573
rrier	49574
sible	49575
sive	49576
¤	49577
▁(1996	49578
▁35,000	49579
▁36,37	49580
▁Backup	49581
▁Barrier	49582
▁Beg	49583
▁Carnegie	49584
▁Childhood	49585
▁Climate	49586
▁Crew	49587
▁Drunk	49588
▁Elvi	49589
▁Embassy	49590
▁Encrypt	49591
▁Ethics	49592
▁Flame	49593
▁Fletcher	49594
▁Fraud	49595
▁Gnostic	49596
▁Harmon	49597
▁Hikaru	49598
▁Hog	49599
▁Increased	49600
▁Interview	49601
▁JORDAN	49602
▁MRI	49603
▁Malik	49604
▁Margot	49605
▁Maud	49606
▁Moto	49607
▁Norton	49608
▁Package	49609
▁Personality	49610
▁Predict	49611
▁Privacy	49612
▁Protecting	49613
▁Psycho	49614
▁Quest	49615
▁Rainbow	49616
▁Shortcut	49617
▁Suggestion	49618
▁Terra	49619
▁Viper	49620
▁WALL	49621
▁abduct	49622
▁appointing	49623
▁appraisal	49624
▁ascetic	49625
▁badass	49626
▁boundless	49627
▁bruising	49628
▁concussion	49629
▁consented	49630
▁deactivate	49631
▁deposition	49632
▁discrete	49633
▁disquieting	49634
▁dissipate	49635
▁erode	49636
▁executable	49637
▁expressive	49638
▁faked	49639
▁felon	49640
▁flask	49641
▁floodwaters	49642
▁gutter	49643
▁highlands	49644
▁horribly	49645
▁imaginative	49646
▁incarcerated	49647
▁ligament	49648
▁locating	49649
▁longitude	49650
▁menacing	49651
▁monotonous	49652
▁outlawed	49653
▁pavilion	49654
▁perched	49655
▁perspiration	49656
▁phi	49657
▁plugged	49658
▁preoccupation	49659
▁pronoun	49660
▁reluctantly	49661
▁roost	49662
▁scrupulous	49663
▁sixteenth	49664
▁smuggler	49665
▁sterilization	49666
▁trapping	49667
▁trenches	49668
▁unshakable	49669
▁wil	49670
▁なげうつ	49671
▁みごと	49672
▁むち打	49673
▁インダス	49674
▁ケイン	49675
▁トンボ	49676
▁ニューイングランド	49677
▁バイン	49678
▁パイナップル	49679
▁パプア	49680
▁マイクロフ	49681
▁マイルズ	49682
▁モルドバ	49683
▁ヤハウェ	49684
▁ヨーグルト	49685
▁リサイクル	49686
▁使徒行伝	49687
▁元老	49688
▁台頭	49689
▁察し	49690
▁崇め	49691
▁引き返	49692
▁律する	49693
▁悪質	49694
▁慰	49695
▁手際	49696
▁抜粋	49697
▁捜し求める	49698
▁旺盛	49699
▁概要	49700
▁氷点	49701
▁肖像	49702
▁血球	49703
▁角膜	49704
▁計器	49705
▁追い返	49706
▁遺憾	49707
▁釜	49708
▁防げる	49709
▁隕石	49710
▁雷雨	49711
かしこ	49712
しつこ	49713
つじ	49714
ひそ	49715
ひど	49716
ふさわしく	49717
みつか	49718
アピール	49719
アルカリ	49720
アンカー	49721
エミリー	49722
カシ	49723
カロリー	49724
ガラテア	49725
ギガ	49726
ゼー	49727
ソーダ	49728
ニアス	49729
ハリウッド	49730
プロム	49731
マディーナ	49732
ラーズ	49733
上品	49734
卸	49735
地平線	49736
墟	49737
大腿	49738
奢	49739
性別	49740
模索	49741
横浜	49742
温かい	49743
炒	49744
焉	49745
父なし子	49746
父母	49747
生き残り	49748
秘訣	49749
総督	49750
胚	49751
走り回	49752
返れ	49753
酵	49754
錆	49755
魚類	49756
20,000	49757
About	49758
According	49759
Eternal	49760
ROM	49761
Talk	49762
amino	49763
bride	49764
erto	49765
evangel	49766
ienne	49767
pants	49768
tool	49769
traceable	49770
upper	49771
vast	49772
western	49773
▁#2	49774
▁$12	49775
▁2,7	49776
▁480	49777
▁Achan	49778
▁Auckland	49779
▁BL	49780
▁Bitter	49781
▁Celtic	49782
▁Cutting	49783
▁DOWN	49784
▁Dame	49785
▁Diff	49786
▁EXAMPLE	49787
▁François	49788
▁Gap	49789
▁Georg	49790
▁Hack	49791
▁Inherit	49792
▁Injustice	49793
▁Laurent	49794
▁Mala	49795
▁Monument	49796
▁Nash	49797
▁Nega	49798
▁Omega	49799
▁Perth	49800
▁Pour	49801
▁Qua	49802
▁Quin	49803
▁Shaun	49804
▁Silk	49805
▁Socrates	49806
▁Sparta	49807
▁Thread	49808
▁Transportation	49809
▁VIEW	49810
▁aloof	49811
▁apprehended	49812
▁arousing	49813
▁artificially	49814
▁autograph	49815
▁bequest	49816
▁botanist	49817
▁brewing	49818
▁buzzing	49819
▁coexist	49820
▁colonize	49821
▁contentious	49822
▁corrective	49823
▁depriv	49824
▁desolating	49825
▁despising	49826
▁droplets	49827
▁dysfunction	49828
▁enriching	49829
▁entangled	49830
▁flattery	49831
▁foreman	49832
▁freelance	49833
▁hoax	49834
▁idolater	49835
▁illustrating	49836
▁impurities	49837
▁incensed	49838
▁incubator	49839
▁inflated	49840
▁machinations	49841
▁metallic	49842
▁moonlight	49843
▁mutilation	49844
▁neutron	49845
▁nitro	49846
▁novelty	49847
▁obscured	49848
▁oct	49849
▁outwardly	49850
▁passover	49851
▁payback	49852
▁persevered	49853
▁pervade	49854
▁preferable	49855
▁propos	49856
▁radioactivity	49857
▁rake	49858
▁reverent	49859
▁scorching	49860
▁sharper	49861
▁smoother	49862
▁spicy	49863
▁steriliz	49864
▁stipulated	49865
▁suckling	49866
▁synthesize	49867
▁undefined	49868
▁unharmed	49869
▁unison	49870
▁unqualified	49871
▁unselfishness	49872
▁unsuspecting	49873
▁vanishing	49874
▁vinyl	49875
▁watermelon	49876
▁はびこる	49877
▁ひじ	49878
▁まとい	49879
▁アビゲイル	49880
▁イム	49881
▁ウイスキー	49882
▁エッセ	49883
▁ジンジャー	49884
▁ドム	49885
▁バーベキュー	49886
▁パース	49887
▁ヒメ	49888
▁ファルコ	49889
▁ホイ	49890
▁マンディ	49891
▁ルベン	49892
▁レーガン	49893
▁ローデシア	49894
▁下位	49895
▁丹	49896
▁任じ	49897
▁体格	49898
▁信経	49899
▁占拠	49900
▁吸引	49901
▁執り行なう	49902
▁大和	49903
▁対面	49904
▁小石	49905
▁川床	49906
▁年収	49907
▁後戻り	49908
▁採り	49909
▁撃退	49910
▁方正	49911
▁流れ込み	49912
▁浴槽	49913
▁渦巻	49914
▁激化	49915
▁瞬く	49916
▁節操	49917
▁聖歌	49918
▁腰掛け	49919
▁良識	49920
▁見回し	49921
▁鍼	49922
▁離脱	49923
▁静める	49924
▁飛び上が	49925
うらやましい	49926
うるさく	49927
きょ	49928
すべきである	49929
もてなし	49930
ギス	49931
クイズ	49932
クルマ	49933
セルゲイ	49934
ゾール	49935
トラウマ	49936
ブランチ	49937
ルーク	49938
ワルツ	49939
ヴェル	49940
中性子	49941
亀	49942
修道院	49943
分派	49944
即時	49945
取り替え	49946
埋ま	49947
変態	49948
子宮	49949
引き換える	49950
引き起こ	49951
怠け	49952
方角	49953
毛皮	49954
癒す	49955
着ける	49956
磁場	49957
積み重ね	49958
聞ける	49959
菓子	49960
薫	49961
規範	49962
路線	49963
重量	49964
階層	49965
駆除	49966
Note	49967
Unless	49968
arque	49969
chester	49970
conquer	49971
dentifying	49972
derivative	49973
dication	49974
experience	49975
ined	49976
juring	49977
monger	49978
onium	49979
original	49980
presumptuousness	49981
reading	49982
voking	49983
zio	49984
զ	49985
▁11,29	49986
▁120,000	49987
▁1600	49988
▁1994)	49989
▁212	49990
▁Advice	49991
▁Agree	49992
▁Bliss	49993
▁Dex	49994
▁Electro	49995
▁Emmanuel	49996
▁Essential	49997
▁Gehazi	49998
▁Gentle	49999
▁Hammond	50000
▁Jackie	50001
▁Lip	50002
▁Liu	50003
▁Lora	50004
▁Milo	50005
▁Nathanael	50006
▁Overcoming	50007
▁Oxygen	50008
▁Passenger	50009
▁Philippe	50010
▁Ransom	50011
▁Regional	50012
▁Response	50013
▁SMS	50014
▁Süddeutsche	50015
▁Territory	50016
▁Vicky	50017
▁Werner	50018
▁Wilhelm	50019
▁Xerxes	50020
▁affiliation	50021
▁assail	50022
▁banish	50023
▁bartender	50024
▁beauties	50025
▁cancelled	50026
▁censure	50027
▁cohabit	50028
▁complicate	50029
▁conformity	50030
▁constitut	50031
▁dispensing	50032
▁drowsiness	50033
▁elector	50034
▁entirety	50035
▁envelop	50036
▁exaltation	50037
▁fiance	50038
▁fiercely	50039
▁foreknowledge	50040
▁formulated	50041
▁gale	50042
▁gazed	50043
▁gul	50044
▁harpoon	50045
▁hijacked	50046
▁impetus	50047
▁impossibility	50048
▁inducing	50049
▁inhabitant	50050
▁inspected	50051
▁knitting	50052
▁loathsome	50053
▁meteorite	50054
▁nonprofit	50055
▁outstandingly	50056
▁parched	50057
▁plankton	50058
▁pudding	50059
▁repulsive	50060
▁revisit	50061
▁samurai	50062
▁slider	50063
▁spasm	50064
▁sprung	50065
▁stale	50066
▁stutter	50067
▁subside	50068
▁sunglasses	50069
▁tentacles	50070
▁thaw	50071
▁tighter	50072
▁unsuitable	50073
▁vintage	50074
▁あだ名	50075
▁お産	50076
▁かつら	50077
▁しばし	50078
▁つぶし	50079
▁アドリア	50080
▁イエメン	50081
▁カートン	50082
▁クイーンズランド	50083
▁コミュニティー	50084
▁コロンバ	50085
▁ゴンド	50086
▁ジャッキ	50087
▁テンプル	50088
▁トラウマ	50089
▁パラグアイ	50090
▁マサイ	50091
▁ミゲル	50092
▁刷り	50093
▁収まり	50094
▁吐き出し	50095
▁好感	50096
▁岬	50097
▁延ば	50098
▁患う	50099
▁押しのけ	50100
▁指さ	50101
▁断わら	50102
▁注記	50103
▁火花	50104
▁磨く	50105
▁経る	50106
▁船団	50107
▁誘かい	50108
▁買い取る	50109
▁養成	50110
いさかい	50111
るべきである	50112
アーチ	50113
エマ	50114
エレン	50115
ケージ	50116
ゴシップ	50117
サマリア	50118
シーク	50119
テム	50120
トゥン	50121
ドリーム	50122
ナポレオン	50123
ナマケモノ	50124
ハイジャック	50125
バナー	50126
パイク	50127
フェルト	50128
プター	50129
プロバイ	50130
ホワイトハウス	50131
リグ	50132
リッ	50133
ワクワ	50134
全般	50135
切り裂	50136
好物	50137
家系	50138
引き止め	50139
放逐	50140
明ける	50141
昭	50142
暖房	50143
曇り	50144
歯茎	50145
殉教	50146
汲	50147
熱中	50148
狩る	50149
瞞	50150
磁石	50151
締め出	50152
落書き	50153
見かける	50154
課程	50155
責め苦	50156
転覆	50157
重んじ	50158
閉ざ	50159
頑張れ	50160
飛び乗	50161
香港	50162
750,000	50163
BBC	50164
Blue	50165
GM	50166
Hubble	50167
Instruct	50168
LUKE	50169
National	50170
Res	50171
Turn	50172
aro	50173
confidence	50174
grunt	50175
haritable	50176
loving	50177
onian	50178
ppe	50179
raiseworthy	50180
service	50181
shake	50182
thought	50183
wu	50184
ý	50185
▁%1%2	50186
▁6,8	50187
▁Almeida	50188
▁Avenger	50189
▁Blair	50190
▁Brace	50191
▁Campbell	50192
▁Claim	50193
▁Clarke	50194
▁Coordinate	50195
▁Davies	50196
▁Dawson	50197
▁Direction	50198
▁Dixon	50199
▁Extract	50200
▁Famous	50201
▁Ganga	50202
▁Hebron	50203
▁Hiroshi	50204
▁Hungry	50205
▁Identity	50206
▁Inflation	50207
▁MARRIAGE	50208
▁Mamma	50209
▁Mozilla	50210
▁NGO	50211
▁NOR	50212
▁Nebula	50213
▁PK	50214
▁Reaction	50215
▁Relations	50216
▁Resolution	50217
▁Spike	50218
▁THROUGH	50219
▁Theater	50220
▁Tibet	50221
▁Trey	50222
▁Vie	50223
▁Wang	50224
▁allotted	50225
▁attainment	50226
▁backbone	50227
▁birthright	50228
▁blasted	50229
▁boomerang	50230
▁bragging	50231
▁braid	50232
▁checklist	50233
▁churchmen	50234
▁cola	50235
▁complacent	50236
▁crippling	50237
▁curator	50238
▁deacon	50239
▁detached	50240
▁dyed	50241
▁endangering	50242
▁entropy	50243
▁expound	50244
▁fetters	50245
▁forfeited	50246
▁freshman	50247
▁frowned	50248
▁gunman	50249
▁heighten	50250
▁honk	50251
▁individuality	50252
▁intravenous	50253
▁kde	50254
▁knuckle	50255
▁masked	50256
▁molested	50257
▁motorists	50258
▁mugging	50259
▁napkin	50260
▁permissiveness	50261
▁plume	50262
▁prolific	50263
▁protesting	50264
▁reboot	50265
▁reborn	50266
▁resilient	50267
▁restroom	50268
▁scaffold	50269
▁screech	50270
▁sculptor	50271
▁stairway	50272
▁subsided	50273
▁symphony	50274
▁torturing	50275
▁trickery	50276
▁ultrasound	50277
▁こうむる	50278
▁つづり	50279
▁どなり	50280
▁アスベスト	50281
▁アルジェリア	50282
▁アルミ	50283
▁アーネスト	50284
▁インパルス	50285
▁エパフロデト	50286
▁オルガン	50287
▁クレメンス	50288
▁サミット	50289
▁セントルイス	50290
▁デナリ	50291
▁トムソン	50292
▁ナチズム	50293
▁ニューエイジ	50294
▁ニンジン	50295
▁ハガル	50296
▁パラシ	50297
▁ランチョ	50298
▁レディー	50299
▁余る	50300
▁先立つ	50301
▁出向	50302
▁呼び物	50303
▁四六時	50304
▁山道	50305
▁序	50306
▁恐ろしさ	50307
▁押しひし	50308
▁改正	50309
▁欺瞞	50310
▁残骸	50311
▁消え去り	50312
▁測量	50313
▁片意地	50314
▁献納	50315
▁肉親	50316
▁脂	50317
▁荘厳	50318
▁覚せい	50319
▁軍務	50320
▁近付く	50321
▁迷宮	50322
▁送れ	50323
▁里程標	50324
▁雹	50325
▁飲ませる	50326
アトラス	50327
アリン	50328
イチャ	50329
イリアス	50330
キャピタル	50331
クレイジー	50332
ケネス	50333
ゲラ	50334
サイバー	50335
サット	50336
ッカリ	50337
ディオ	50338
ドリュー	50339
ネーション	50340
ビタミン	50341
ビビ	50342
ボーグ	50343
メジャー	50344
ランダー	50345
リビング	50346
丈夫	50347
不治	50348
六時	50349
写し	50350
学部	50351
宣誓	50352
成り立つ	50353
扁	50354
振る舞	50355
推移	50356
暗がり	50357
栄華	50358
泳げる	50359
消耗	50360
現わし	50361
緋	50362
羊飼い	50363
聡明	50364
見回し	50365
責務	50366
貸付	50367
軽んじ	50368
送り返	50369
逆転	50370
途絶え	50371
遅すぎる	50372
運べる	50373
選べる	50374
閉じこも	50375
飛び回	50376
飛躍	50377
1990	50378
70%	50379
Cheers	50380
RIN	50381
SPECT	50382
Sub	50383
Such	50384
TEXT	50385
Without	50386
armine	50387
ayan	50388
calibrate	50389
coordinate	50390
farer	50391
goo	50392
hae	50393
honor	50394
mote	50395
ngle	50396
onder	50397
perceiving	50398
quote	50399
rash	50400
righteousness	50401
saint	50402
sam	50403
saved	50404
ß	50405
Δ	50406
▁9,12	50407
▁ARM	50408
▁Adler	50409
▁Aging	50410
▁Alcoholism	50411
▁BBC	50412
▁Bog	50413
▁Bulgarian	50414
▁CAPU	50415
▁Cage	50416
▁Cornell	50417
▁Cute	50418
▁Ernie	50419
▁Granger	50420
▁Hai	50421
▁Header	50422
▁Kato	50423
▁Magdalene	50424
▁Naboth	50425
▁Neuro	50426
▁Neve	50427
▁PARENTS	50428
▁Rear	50429
▁Region	50430
▁SHOULD	50431
▁Servetus	50432
▁Siberian	50433
▁Summary	50434
▁Sunset	50435
▁Superstition	50436
▁Susie	50437
▁THEM	50438
▁Tahitian	50439
▁Trash	50440
▁Valid	50441
▁Villa	50442
▁Wak	50443
▁Welsh	50444
▁Worthy	50445
▁[80	50446
▁afloat	50447
▁anxiously	50448
▁attache	50449
▁backdrop	50450
▁barr	50451
▁beneficiary	50452
▁bequeathed	50453
▁bullfight	50454
▁carefree	50455
▁catalyst	50456
▁constrict	50457
▁deplorable	50458
▁depress	50459
▁detour	50460
▁deviated	50461
▁emphatically	50462
▁encoded	50463
▁exalting	50464
▁excursion	50465
▁expectant	50466
▁gag	50467
▁galley	50468
▁gnaw	50469
▁haughtiness	50470
▁histories	50471
▁hormonal	50472
▁inference	50473
▁insertion	50474
▁jersey	50475
▁kneeling	50476
▁lesion	50477
▁limitation	50478
▁logarithm	50479
▁machete	50480
▁metabolic	50481
▁multinational	50482
▁nude	50483
▁optimize	50484
▁peacock	50485
▁persevering	50486
▁pivot	50487
▁presided	50488
▁proton	50489
▁psychologically	50490
▁refill	50491
▁rehearsed	50492
▁replay	50493
▁reputed	50494
▁rookie	50495
▁shoreline	50496
▁smuggle	50497
▁splinter	50498
▁strangle	50499
▁straying	50500
▁strung	50501
▁theorem	50502
▁tuition	50503
▁untimely	50504
▁uproar	50505
▁weaver	50506
▁くずれ	50507
▁ぬかる	50508
▁ゆり	50509
▁アストラ	50510
▁アルメイダ	50511
▁ウェンディ	50512
▁エジ	50513
▁カースト	50514
▁スターリン	50515
▁ツチ	50516
▁トゥルー	50517
▁ハイキング	50518
▁ビクトル	50519
▁フィッシャ	50520
▁ヘクター	50521
▁ヘリウム	50522
▁十二宮	50523
▁口臭	50524
▁奉じる	50525
▁媒体	50526
▁担え	50527
▁携え入れ	50528
▁書き板	50529
▁洗脳	50530
▁発端	50531
▁緯度	50532
▁織り込	50533
▁胞	50534
▁花び	50535
▁苗木	50536
▁見下ろす	50537
▁電荷	50538
▁香油	50539
たちまち	50540
とうもろこし	50541
にくく	50542
イック	50543
イラスト	50544
オーガ	50545
コラム	50546
コンクリート	50547
ゴッ	50548
シンジケート	50549
ジキ	50550
タップ	50551
ダイヤモンド	50552
チュニジア	50553
パンク	50554
プラザ	50555
プレッシャー	50556
ベンダー	50557
マクドナルド	50558
マラリア	50559
ミッシー	50560
メイヤー	50561
ユニーク	50562
ラグビー	50563
ラングレー	50564
亭	50565
切り上げ	50566
厳粛	50567
取り残	50568
受容	50569
告げ知らせ	50570
寓	50571
布告	50572
引き受ける	50573
彰	50574
忌まわしい	50575
意欲	50576
抗生物質	50577
探し出す	50578
格闘	50579
概要	50580
水浸	50581
没収	50582
狐	50583
百科	50584
盗難	50585
統制	50586
義理	50587
融和	50588
西側	50589
見張れ	50590
賃貸	50591
送れる	50592
進路	50593
遅か	50594
遠ざか	50595
隆起	50596
飛び出す	50597
食欲	50598
160	50599
AU	50600
Amen	50601
Apa	50602
Clo	50603
Glory	50604
III	50605
Last	50606
MT	50607
bomb	50608
cool	50609
equ	50610
fornication	50611
godly	50612
inspired	50613
llustrating	50614
paid	50615
render	50616
superior	50617
taly	50618
wald	50619
▁132	50620
▁Assuredly	50621
▁BRAZIL	50622
▁Bohemia	50623
▁Carver	50624
▁Cologne	50625
▁Compassion	50626
▁Endangered	50627
▁Epaphroditus	50628
▁Estado	50629
▁Farra	50630
▁GOT	50631
▁Heath	50632
▁Humanity	50633
▁Instant	50634
▁Kenne	50635
▁Kep	50636
▁Kiev	50637
▁Kung	50638
▁Liverpool	50639
▁Marge	50640
▁Mott	50641
▁Naples	50642
▁Nephilim	50643
▁ORIGIN	50644
▁OpenVPN	50645
▁Phase	50646
▁Pine	50647
▁Rag	50648
▁Rox	50649
▁Serbia	50650
▁Smithsonian	50651
▁Suzuki	50652
▁TRANS	50653
▁Temperature	50654
▁Tomas	50655
▁Trial	50656
▁Turing	50657
▁Vaughn	50658
▁Yoga	50659
▁Zerubbabel	50660
▁[19	50661
▁affirmative	50662
▁aloft	50663
▁banning	50664
▁birthplace	50665
▁carnal	50666
▁censor	50667
▁chilly	50668
▁cockroaches	50669
▁compounded	50670
▁convened	50671
▁corulers	50672
▁criterion	50673
▁debut	50674
▁disillusionment	50675
▁eastward	50676
▁electrodes	50677
▁flamingo	50678
▁freeway	50679
▁frivolous	50680
▁galleries	50681
▁genealogy	50682
▁geological	50683
▁governance	50684
▁graveyard	50685
▁hairstyle	50686
▁hypnotize	50687
▁hypocrite	50688
▁inaccessible	50689
▁junction	50690
▁kidnapper	50691
▁kilogram	50692
▁leaped	50693
▁lordship	50694
▁magistrate	50695
▁mediation	50696
▁merging	50697
▁mishap	50698
▁motherfuck	50699
▁muck	50700
▁nourished	50701
▁oblivion	50702
▁patriarchal	50703
▁personification	50704
▁plaza	50705
▁populous	50706
▁provocative	50707
▁rainwater	50708
▁reassigned	50709
▁regularity	50710
▁riverbed	50711
▁sari	50712
▁socialist	50713
▁specula	50714
▁straightened	50715
▁suburban	50716
▁thorium	50717
▁thorny	50718
▁torches	50719
▁unfolding	50720
▁unheard	50721
▁uplifting	50722
▁vaccination	50723
▁voltage	50724
▁washes	50725
▁うらや	50726
▁おおかた	50727
▁およぼす	50728
▁かんがい	50729
▁ぐっ	50730
▁けり	50731
▁ちっちゃ	50732
▁ねずみ	50733
▁イネ	50734
▁エスキ	50735
▁エドガ	50736
▁カルタゴ	50737
▁クワ	50738
▁サイエンティフィ	50739
▁サボテン	50740
▁シェリル	50741
▁スクー	50742
▁ダイバー	50743
▁バリケード	50744
▁バレンタイン	50745
▁パター	50746
▁ポンペイ	50747
▁ミズ	50748
▁モーリー	50749
▁ロビンソン	50750
▁一片	50751
▁万能	50752
▁中核	50753
▁咲く	50754
▁固まり	50755
▁塩素	50756
▁学童	50757
▁寄せ集め	50758
▁引き入れ	50759
▁揺す	50760
▁激動	50761
▁燃え尽き	50762
▁生きがい	50763
▁祭典	50764
▁蛾	50765
▁西岸	50766
▁語根	50767
▁読み取る	50768
▁足早	50769
▁過密	50770
▁難なく	50771
▁飢え渇	50772
▁香柏	50773
お休み	50774
ばかばかしい	50775
インフレ	50776
イーサン	50777
エリ	50778
キブラ	50779
グラディ	50780
ケイン	50781
コンスタンティ	50782
シモン	50783
シューズ	50784
スティーブン	50785
ダイン	50786
トカゲ	50787
バケツ	50788
バニ	50789
マウンテン	50790
メダ	50791
下級	50792
促す	50793
卜	50794
厨	50795
取り下げ	50796
取り出せ	50797
受取	50798
合同	50799
命題	50800
喜ばしい	50801
子犬	50802
安価	50803
寛	50804
対決	50805
差し込	50806
弔	50807
弱虫	50808
慣習	50809
掲	50810
掻き	50811
提督	50812
書き込め	50813
果たせ	50814
極貧	50815
歎	50816
求人	50817
灼	50818
無害	50819
疑似	50820
眉	50821
精一杯	50822
翌朝	50823
考察	50824
蒔	50825
解き明かす	50826
跳ね返	50827
踊れ	50828
辞退	50829
遅らせ	50830
雑貨	50831
駆けつけ	50832
Guard	50833
Kam	50834
MER	50835
Mail	50836
OKE	50837
WI	50838
atte	50839
dream	50840
garden	50841
hate	50842
iao	50843
marriage	50844
ontemporary	50845
shepherd	50846
still	50847
uu	50848
▁"%2"	50849
▁2016	50850
▁2020	50851
▁AGAIN	50852
▁Adapt	50853
▁Alexandra	50854
▁Attachment	50855
▁Banner	50856
▁Bengal	50857
▁Bound	50858
▁CHANGE	50859
▁Champion	50860
▁Communion	50861
▁Complex	50862
▁Consult	50863
▁Debra	50864
▁Detect	50865
▁Disappear	50866
▁Excel	50867
▁Explorer	50868
▁Gamma	50869
▁Hastings	50870
▁Kristi	50871
▁Libby	50872
▁Meditat	50873
▁Mephibosheth	50874
▁Metropolitan	50875
▁PRINCIPLE	50876
▁Peking	50877
▁Petra	50878
▁Picasso	50879
▁Pike	50880
▁Powell	50881
▁Provid	50882
▁START	50883
▁Scheme	50884
▁Simone	50885
▁Sonny	50886
▁Suzy	50887
▁Toledo	50888
▁Usage	50889
▁Vitamin	50890
▁WERE	50891
▁Willis	50892
▁binoculars	50893
▁breached	50894
▁burnout	50895
▁catechism	50896
▁cheerfully	50897
▁cipher	50898
▁comparative	50899
▁constituent	50900
▁copycat	50901
▁coveted	50902
▁crucifix	50903
▁cub	50904
▁devastate	50905
▁disclosure	50906
▁downloading	50907
▁dowry	50908
▁enclos	50909
▁entreated	50910
▁fallout	50911
▁fling	50912
▁foodstuffs	50913
▁fractured	50914
▁handbook	50915
▁harass	50916
▁hastening	50917
▁hectic	50918
▁implored	50919
▁infirmary	50920
▁inflamed	50921
▁landfill	50922
▁marred	50923
▁neighbourhood	50924
▁niche	50925
▁nomadic	50926
▁rainforest	50927
▁redesign	50928
▁remission	50929
▁resolving	50930
▁righthearted	50931
▁schism	50932
▁scumbag	50933
▁shampoo	50934
▁sharpened	50935
▁sheik	50936
▁sowed	50937
▁stimulant	50938
▁subtly	50939
▁surname	50940
▁syndicate	50941
▁taxation	50942
▁thicken	50943
▁tripped	50944
▁turf	50945
▁unauthorized	50946
▁unidentified	50947
▁updating	50948
▁usury	50949
▁vigilance	50950
▁すそ	50951
▁つまみ	50952
▁アンバー	50953
▁エスタ	50954
▁ジェローム	50955
▁ビンロウジ	50956
▁ビーン	50957
▁ピネハス	50958
▁ブエノスアイレス	50959
▁ブライス	50960
▁ブレット	50961
▁マラソン	50962
▁ミシュナ	50963
▁受け取ら	50964
▁堤防	50965
▁外典	50966
▁奉ずる	50967
▁待遇	50968
▁惜しみ	50969
▁打ち殺	50970
▁断ち切	50971
▁果肉	50972
▁病みつき	50973
▁療養	50974
▁納める	50975
▁背筋	50976
▁落ち込み	50977
▁読み聞かせ	50978
▁長引く	50979
▁集落	50980
いっそう	50981
おしゃれ	50982
せっか	50983
なぜなら	50984
の必要性	50985
アインシュタイン	50986
キチ	50987
グリス	50988
ケビン	50989
ゴメ	50990
サーカス	50991
シスター	50992
シリアル	50993
ジェイコブ	50994
スリップ	50995
ソーラー	50996
ニエ	50997
ハンナ	50998
バッチ	50999
バニー	51000
バースデー	51001
ファイター	51002
ブラント	51003
ブート	51004
マナー	51005
ライア	51006
リベラル	51007
レタリア	51008
三角	51009
全き	51010
冷め	51011
凹	51012
取り上げる	51013
取り返す	51014
呵責	51015
套	51016
好ましい	51017
尋	51018
引き締め	51019
愕	51020
易しい	51021
昼寝	51022
暴虐	51023
桟	51024
樫	51025
残虐	51026
演劇	51027
生殖	51028
産み	51029
疱	51030
療	51031
磔	51032
緊	51033
罰金	51034
見なす	51035
読み上げ	51036
謗	51037
質的	51038
飾る	51039
ATING	51040
Brien	51041
Excuse	51042
ILO	51043
agram	51044
bio	51045
century	51046
dee	51047
dt	51048
facing	51049
fallen	51050
maybe	51051
personal	51052
probably	51053
rapped	51054
rievous	51055
season	51056
soft	51057
standard	51058
volt	51059
Ö	51060
Œ	51061
▁14,16)	51062
▁2,8	51063
▁Alcoholic	51064
▁Alt	51065
▁Antiquities	51066
▁Bergen	51067
▁Bund	51068
▁Carefully	51069
▁Destination	51070
▁Divinity	51071
▁Economy	51072
▁Esperanto	51073
▁Etruscan	51074
▁Freak	51075
▁Gallus	51076
▁Garbage	51077
▁HAR	51078
▁Hint	51079
▁Household	51080
▁Iconium	51081
▁Isabella	51082
▁Jade	51083
▁KPlayer	51084
▁Laban	51085
▁Lesotho	51086
▁Login	51087
▁Lucille	51088
▁Ludwig	51089
▁Lyons	51090
▁Marion	51091
▁Maroni	51092
▁Medium	51093
▁Meteor	51094
▁Monty	51095
▁NURSE	51096
▁Olympia	51097
▁PL	51098
▁Padre	51099
▁Remarkable	51100
▁Resize	51101
▁Romanian	51102
▁Site	51103
▁Smooth	51104
▁Tau	51105
▁Terrorist	51106
▁UV	51107
▁absolve	51108
▁aerosol	51109
▁aggravate	51110
▁asymptote	51111
▁bystander	51112
▁carcass	51113
▁cockroach	51114
▁commuter	51115
▁crumbling	51116
▁deployment	51117
▁depravity	51118
▁disciplinary	51119
▁distraught	51120
▁eerie	51121
▁elapsed	51122
▁espresso	51123
▁exhilarating	51124
▁exploiting	51125
▁flora	51126
▁gee	51127
▁gulp	51128
▁handbag	51129
▁hilarious	51130
▁inescapable	51131
▁installment	51132
▁laborer	51133
▁lightened	51134
▁mainframe	51135
▁marshes	51136
▁minimized	51137
▁morph	51138
▁nasal	51139
▁originating	51140
▁outnumber	51141
▁pear	51142
▁pellet	51143
▁propriety	51144
▁punching	51145
▁purifie	51146
▁quadruple	51147
▁ravine	51148
▁recourse	51149
▁reviled	51150
▁rhythmic	51151
▁sheath	51152
▁slanderous	51153
▁socialism	51154
▁spawned	51155
▁sprinkled	51156
▁squeezing	51157
▁thicker	51158
▁trespassing	51159
▁uncontrollable	51160
▁vicar	51161
▁visibility	51162
▁windstorm	51163
▁あてはまる	51164
▁みなせる	51165
▁ウナギ	51166
▁ガンジス	51167
▁ゲハジ	51168
▁センチュリー	51169
▁ディーゼル	51170
▁ナナ	51171
▁ナポリ	51172
▁パーム	51173
▁プルト	51174
▁ミッキー	51175
▁ラバ	51176
▁リポーター	51177
▁ロンダ	51178
▁一度ならず	51179
▁充てる	51180
▁凸	51181
▁励まし合い	51182
▁引き網	51183
▁思い込み	51184
▁打ちつけ	51185
▁星空	51186
▁模索	51187
▁渋	51188
▁焼き捨て	51189
▁狭量	51190
▁疑いなく	51191
▁突きつけ	51192
▁船旅	51193
▁貧民	51194
▁踏ま	51195
▁鋳造	51196
▁開口	51197
▁降ら	51198
▁響き渡	51199
▁飛び込み	51200
▁首飾り	51201
くらん	51202
さようなら	51203
まとい	51204
アキレス	51205
アディ	51206
オム	51207
ギオ	51208
グルー	51209
シェイク	51210
シャム	51211
ッフェル	51212
ハロルド	51213
パンダ	51214
フランシス	51215
ブラット	51216
マーケティング	51217
ムーア	51218
モリー	51219
ヨタ	51220
ロザリ	51221
ートル	51222
乗り越える	51223
交信	51224
分泌	51225
咽	51226
寄りかか	51227
寝かせ	51228
庭園	51229
抑	51230
教義	51231
早朝	51232
梯	51233
歩む	51234
水飲み	51235
海底	51236
消失	51237
穿	51238
立ち上がり	51239
肥料	51240
読み聞かせ	51241
陰気	51242
順応	51243
麓	51244
黎	51245
Alas	51246
Ask	51247
Black	51248
Christianity	51249
Follow	51250
Post	51251
Win	51252
abash	51253
ael	51254
among	51255
brain	51256
defense	51257
drift	51258
everything	51259
gree	51260
issa	51261
medical	51262
racking	51263
respect	51264
ret	51265
sses	51266
taste	51267
urette	51268
▁143	51269
▁225	51270
▁3,200	51271
▁3,8	51272
▁5,13	51273
▁Altogether	51274
▁Authentication	51275
▁BEACH	51276
▁Bald	51277
▁Bridegroom	51278
▁Chain	51279
▁Concerned	51280
▁Core	51281
▁Curve	51282
▁Edge	51283
▁Fallen	51284
▁Fold	51285
▁Freud	51286
▁Fuel	51287
▁GERMANY	51288
▁Gimme	51289
▁Gogh	51290
▁HEART	51291
▁Halley	51292
▁Happening	51293
▁Hatred	51294
▁Kawa	51295
▁Lean	51296
▁MEXICO	51297
▁Madonna	51298
▁Martian	51299
▁Mika	51300
▁Nassau	51301
▁Otis	51302
▁PTSD	51303
▁PhD	51304
▁Pluto	51305
▁Raul	51306
▁Reuben	51307
▁Separatist	51308
▁Subsequent	51309
▁Syl	51310
▁Symptoms	51311
▁Thrill	51312
▁Tutsi	51313
▁Tuvalu	51314
▁Wanda	51315
▁adamant	51316
▁ambiguity	51317
▁apathetic	51318
▁appalled	51319
▁belligerent	51320
▁biologically	51321
▁bridle	51322
▁browse	51323
▁buffet	51324
▁congressman	51325
▁countdown	51326
▁dehydration	51327
▁dengue	51328
▁diaphragm	51329
▁dipped	51330
▁dotted	51331
▁eavesdrop	51332
▁excommunicated	51333
▁extortioners	51334
▁eyelid	51335
▁fetal	51336
▁fetched	51337
▁fixes	51338
▁foreordained	51339
▁frown	51340
▁heartening	51341
▁hydraulic	51342
▁incumbent	51343
▁intentional	51344
▁isotope	51345
▁jw	51346
▁kettle	51347
▁larva	51348
▁militia	51349
▁musk	51350
▁northwester	51351
▁overseeing	51352
▁pictorial	51353
▁plumage	51354
▁pollinate	51355
▁punishes	51356
▁quail	51357
▁recede	51358
▁rediscover	51359
▁resize	51360
▁revolting	51361
▁rinse	51362
▁saturation	51363
▁seedlings	51364
▁sidetracked	51365
▁slowness	51366
▁snug	51367
▁subservient	51368
▁symbolism	51369
▁tearful	51370
▁theoretically	51371
▁toughest	51372
▁trampling	51373
▁unconditional	51374
▁unholy	51375
▁unimportant	51376
▁unwavering	51377
▁woeful	51378
▁いらだち	51379
▁お帰りなさい	51380
▁はち蜜	51381
▁まばゆ	51382
▁もたげ	51383
▁よろめ	51384
▁アカシア	51385
▁アキ	51386
▁ガイアナ	51387
▁キャンデー	51388
▁ショッキング	51389
▁チェルノブイリ	51390
▁チャットルーム	51391
▁テロリズム	51392
▁ディナ	51393
▁ヘビー	51394
▁マリリン	51395
▁ミリグラム	51396
▁メンテナンス	51397
▁ユタ	51398
▁付録	51399
▁典礼	51400
▁包む	51401
▁博覧会	51402
▁吸入	51403
▁就か	51404
▁岩山	51405
▁感じ取る	51406
▁手出し	51407
▁撃ち破	51408
▁染み	51409
▁涼し	51410
▁混ぜる	51411
▁澄み	51412
▁皿洗	51413
▁称え	51414
▁罪深さ	51415
▁羽ばた	51416
▁芯	51417
▁苦しま	51418
▁荒れ廃れ	51419
▁薄暗	51420
▁表向き	51421
▁親鳥	51422
▁講堂	51423
▁赴き	51424
▁辛苦	51425
▁送り込む	51426
▁食い違	51427
いらっしゃ	51428
いわば	51429
けち	51430
さらし	51431
ちひし	51432
ひとりでに	51433
むずかし	51434
ァルト	51435
アグラ	51436
ウーマン	51437
エリカ	51438
オーラ	51439
キサイ	51440
キヤ	51441
ギナ	51442
コッ	51443
コンパクト	51444
サムエル	51445
ハト	51446
ハーモニー	51447
パーサ	51448
ビザ	51449
フサ	51450
ミュラ	51451
ロブ	51452
仕込	51453
働きかけ	51454
免れる	51455
冬期	51456
同居	51457
噴出	51458
埋め合わせ	51459
執筆	51460
多産	51461
平手打ち	51462
当惑	51463
後部	51464
恐る	51465
教皇	51466
散布	51467
最期	51468
永らえ	51469
沿岸	51470
漕ぎ	51471
物価	51472
競い	51473
肋	51474
茜	51475
行政	51476
過失	51477
釜	51478
鈍く	51479
00%	51480
2,500	51481
98%	51482
Cook	51483
Qur	51484
baby	51485
boyfriend	51486
civil	51487
config	51488
cos	51489
default	51490
drink	51491
dynamic	51492
exico	51493
grant	51494
inaudible	51495
incomprehensible	51496
lina	51497
lived	51498
lover	51499
onnie	51500
plus	51501
raiser	51502
sociopath	51503
tp	51504
▁1,12	51505
▁1913	51506
▁35,36	51507
▁ALS	51508
▁ANNOUNC	51509
▁Anytime	51510
▁Carolyn	51511
▁Commerce	51512
▁Conscious	51513
▁Corruption	51514
▁Decline	51515
▁Dilemma	51516
▁Dome	51517
▁Ehud	51518
▁Eiffel	51519
▁Elder	51520
▁Enemies	51521
▁Exit	51522
▁Football	51523
▁Frenchman	51524
▁GNU	51525
▁Gaul	51526
▁Igor	51527
▁Katrina	51528
▁Maclean	51529
▁Magellan	51530
▁Magnet	51531
▁Mega	51532
▁Micronesia	51533
▁Ninevites	51534
▁Octave	51535
▁Orchid	51536
▁PART	51537
▁Pasteur	51538
▁Pil	51539
▁Recommend	51540
▁Rush	51541
▁Salem	51542
▁Saturnalia	51543
▁Sentinel	51544
▁Sidon	51545
▁Sniper	51546
▁Struggle	51547
▁Tired	51548
▁Virgil	51549
▁Wesley	51550
▁Xi	51551
▁accompaniment	51552
▁actuality	51553
▁arduous	51554
▁arrogantly	51555
▁assuring	51556
▁avocado	51557
▁bravely	51558
▁cemeteries	51559
▁chanting	51560
▁chisel	51561
▁clotting	51562
▁commute	51563
▁confidant	51564
▁contrived	51565
▁discipleship	51566
▁ebb	51567
▁fangs	51568
▁gazing	51569
▁gracefully	51570
▁grasses	51571
▁horned	51572
▁illuminated	51573
▁indelibl	51574
▁intoxicating	51575
▁launcher	51576
▁maim	51577
▁maize	51578
▁maladies	51579
▁meanwhile	51580
▁moo	51581
▁motorbike	51582
▁oftentimes	51583
▁outraged	51584
▁overdue	51585
▁penance	51586
▁permanence	51587
▁pleasantness	51588
▁poking	51589
▁praisers	51590
▁pricing	51591
▁queer	51592
▁relic	51593
▁repudiate	51594
▁repugnant	51595
▁retrospect	51596
▁shackles	51597
▁shellfish	51598
▁slant	51599
▁spree	51600
▁spurr	51601
▁squeal	51602
▁sta	51603
▁superpower	51604
▁supplementary	51605
▁thyself	51606
▁unequivocal	51607
▁veiled	51608
▁widower	51609
▁wielded	51610
▁くつろぐ	51611
▁こなし	51612
▁ちがいない	51613
▁つつまし	51614
▁ほど遠い	51615
▁わき起こ	51616
▁アスファルト	51617
▁エスター	51618
▁エリパズ	51619
▁カラフ	51620
▁コペルニクス	51621
▁サバ	51622
▁シチリア	51623
▁スタンレ	51624
▁ニカ	51625
▁ペンシルベニ	51626
▁ミッシェル	51627
▁ラドン	51628
▁ローザ	51629
▁出回	51630
▁劣等	51631
▁印象づけ	51632
▁原野	51633
▁右下	51634
▁各部	51635
▁名高い	51636
▁尊び	51637
▁幻影	51638
▁廃物	51639
▁慕わ	51640
▁打ち勝	51641
▁投げ出さ	51642
▁期日	51643
▁根元	51644
▁疲れき	51645
▁発疹	51646
▁祭日	51647
▁筆頭	51648
▁結石	51649
▁絞め殺	51650
▁膨れ上が	51651
▁荒れ果て	51652
▁行き渡り	51653
▁語り告げ	51654
▁連れ戻す	51655
▁酔う	51656
あずかる	51657
おもしろ	51658
ずうず	51659
とどま	51660
アイスクリーム	51661
アニー	51662
ウィリス	51663
エスカ	51664
ギャンブル	51665
グラマー	51666
グレース	51667
ゲージ	51668
ジャクソン	51669
スチュワート	51670
ステレオ	51671
セントラル	51672
ダサ	51673
ナイジェリア	51674
ナッチ	51675
フォレスト	51676
ブラボー	51677
ライバル	51678
主題	51679
傷跡	51680
凱	51681
初頭	51682
匂	51683
呼び掛け	51684
品物	51685
変わらず	51686
密告	51687
巧妙	51688
序	51689
患難	51690
戸口	51691
晴らす	51692
気象	51693
混じり	51694
炊	51695
理不尽	51696
疎通	51697
繰り上げ	51698
罹患	51699
腕輪	51700
自治	51701
資質	51702
遅すぎ	51703
違犯	51704
遺跡	51705
陥り	51706
電磁	51707
静止	51708
養育	51709
騒然	51710
Japanese	51711
Loeb	51712
Neil	51713
PHONE	51714
acter	51715
aroo	51716
button	51717
chematic	51718
collect	51719
dammit	51720
enza	51721
establish	51722
izzle	51723
kuru	51724
milk	51725
ollegiate	51726
rchaeological	51727
register	51728
shore	51729
solving	51730
trained	51731
udio	51732
▁(2000	51733
▁Armenia	51734
▁Astronomy	51735
▁Bedouin	51736
▁Belfast	51737
▁Bruno	51738
▁Chew	51739
▁Confess	51740
▁Copernicus	51741
▁Corner	51742
▁Ctrl	51743
▁Delegate	51744
▁Deliverer	51745
▁Eleanor	51746
▁Gamble	51747
▁Gathering	51748
▁Glorious	51749
▁Gothic	51750
▁Grandmother	51751
▁HAD	51752
▁Impact	51753
▁Legion	51754
▁Lunch	51755
▁Manuscript	51756
▁Maz	51757
▁Medina	51758
▁ONLY	51759
▁Ottawa	51760
▁Polynesian	51761
▁Prompt	51762
▁Regularly	51763
▁Repeatedly	51764
▁Scandinavia	51765
▁Shimbun	51766
▁Submit	51767
▁TEST	51768
▁Utopia	51769
▁Whitaker	51770
▁antisocial	51771
▁approving	51772
▁badger	51773
▁beckon	51774
▁bobb	51775
▁causal	51776
▁cheapest	51777
▁cocoon	51778
▁controversies	51779
▁culmination	51780
▁distracting	51781
▁escalated	51782
▁evergreen	51783
▁extinguished	51784
▁falter	51785
▁fries	51786
▁frying	51787
▁gliding	51788
▁grate	51789
▁grotesque	51790
▁illuminating	51791
▁impunity	51792
▁ingratitude	51793
▁inquiries	51794
▁lettuce	51795
▁minimizing	51796
▁moose	51797
▁nitrate	51798
▁oblige	51799
▁papacy	51800
▁parishes	51801
▁participant	51802
▁peach	51803
▁prowess	51804
▁recur	51805
▁reflexes	51806
▁rekindle	51807
▁relent	51808
▁scratches	51809
▁smog	51810
▁stench	51811
▁tempo	51812
▁theatrical	51813
▁tiniest	51814
▁tortilla	51815
▁treacherously	51816
▁trout	51817
▁uninhabited	51818
▁ventricle	51819
▁vibrating	51820
▁wrapper	51821
▁yearned	51822
▁おとずれ	51823
▁かたど	51824
▁くつろぎ	51825
▁すみか	51826
▁なおかつ	51827
▁よろし	51828
▁オパール	51829
▁シーラ	51830
▁チーター	51831
▁ティツ	51832
▁デング	51833
▁フラミンゴ	51834
▁フランソワ	51835
▁ポップコーン	51836
▁メラニー	51837
▁余剰	51838
▁再興	51839
▁出土	51840
▁切り断	51841
▁増築	51842
▁夕暮れ	51843
▁弱まり	51844
▁手持ち	51845
▁抱き合	51846
▁教え諭す	51847
▁旋律	51848
▁暴風雨	51849
▁有無	51850
▁栄える	51851
▁汝等	51852
▁聞ける	51853
▁覆い隠	51854
▁買い戻す	51855
▁門限	51856
▁離反	51857
▁雨季	51858
▁食道	51859
ぐっすり	51860
せいぜい	51861
べつ	51862
ょうだい	51863
アリウス	51864
インスタント	51865
ウォーレン	51866
クリニック	51867
シュラム	51868
ジェファーソン	51869
ジメ	51870
スプーン	51871
ティム	51872
トモ	51873
ドメ	51874
ナック	51875
ネク	51876
マゴグ	51877
マメ	51878
リチウム	51879
ロニカ	51880
一角	51881
不適切	51882
偉い	51883
切開	51884
剥奪	51885
吹きかけ	51886
契	51887
尺度	51888
局員	51889
引き出	51890
成り立ち	51891
摩擦	51892
放り込	51893
曰く	51894
核心	51895
案じ	51896
検閲	51897
汚し	51898
決着	51899
産む	51900
痙	51901
痛めつけ	51902
相応	51903
穢	51904
突っ立	51905
脅す	51906
著書	51907
裏付け	51908
要塞	51909
見極め	51910
言動	51911
鉤	51912
鞍	51913
1,600	51914
130	51915
ASH	51916
Breath	51917
CUR	51918
Press	51919
RAD	51920
Roche	51921
Sha	51922
Something	51923
TL	51924
Thou	51925
anything	51926
became	51927
chemical	51928
ding	51929
dust	51930
ecor	51931
ereen	51932
genetic	51933
habiting	51934
lapping	51935
owitz	51936
pine	51937
potted	51938
someone	51939
tsu	51940
umba	51941
vs	51942
Ο	51943
▁**	51944
▁185	51945
▁Amnon	51946
▁Batman	51947
▁Bowman	51948
▁Brave	51949
▁Coca	51950
▁Cox	51951
▁Dodger	51952
▁Dolan	51953
▁Ernst	51954
▁Expansion	51955
▁FIND	51956
▁Fried	51957
▁Fritz	51958
▁Ganges	51959
▁Grecian	51960
▁HOME	51961
▁Hallelujah	51962
▁Holiday	51963
▁Impressed	51964
▁Joker	51965
▁Judg	51966
▁Kazu	51967
▁Kony	51968
▁Lourdes	51969
▁Mildness	51970
▁Niagara	51971
▁PAST	51972
▁Provision	51973
▁Punch	51974
▁Pursue	51975
▁Rewarding	51976
▁Rhode	51977
▁Saba	51978
▁Sarajevo	51979
▁Secular	51980
▁Sheila	51981
▁Sirius	51982
▁Spy	51983
▁Starr	51984
▁Storage	51985
▁Strangely	51986
▁Subtract	51987
▁Terror	51988
▁Therapy	51989
▁Trail	51990
▁Vasquez	51991
▁Winning	51992
▁admonishing	51993
▁antagonist	51994
▁battering	51995
▁blasphemous	51996
▁boiler	51997
▁cetera	51998
▁chopping	51999
▁complementary	52000
▁coughing	52001
▁debating	52002
▁defiant	52003
▁democracies	52004
▁disagreeable	52005
▁dishonored	52006
▁dynamite	52007
▁embryonic	52008
▁fondly	52009
▁footstep	52010
▁foreshadow	52011
▁frantically	52012
▁glider	52013
▁glittering	52014
▁gripping	52015
▁guidebook	52016
▁harvesttime	52017
▁hiker	52018
▁hoop	52019
▁impure	52020
▁inquisitive	52021
▁liaison	52022
▁marina	52023
▁metropolis	52024
▁mistreat	52025
▁newsmagazine	52026
▁novice	52027
▁nudge	52028
▁optim	52029
▁recognizable	52030
▁reformed	52031
▁rewritten	52032
▁rushes	52033
▁savanna	52034
▁sightings	52035
▁stewardship	52036
▁subjective	52037
▁sweetness	52038
▁thoughtlessly	52039
▁tier	52040
▁tweak	52041
▁unavailable	52042
▁unethical	52043
▁μ	52044
▁おおわ	52045
▁ふさぐ	52046
▁アドベンティスト	52047
▁アレクサンダ	52048
▁アーカン	52049
▁クレメン	52050
▁ゲッセマネ	52051
▁シュメール	52052
▁シンシア	52053
▁ジャージー	52054
▁ジョイス	52055
▁ツバル	52056
▁デズ	52057
▁トナカイ	52058
▁ボニー	52059
▁マスメディア	52060
▁ルフェーブル	52061
▁ロバーツ	52062
▁ワルシャワ	52063
▁下流	52064
▁不調	52065
▁伝記	52066
▁告解	52067
▁命拾い	52068
▁和らぎ	52069
▁喜ばす	52070
▁壮観	52071
▁大義	52072
▁奮い起こし	52073
▁家政	52074
▁御意	52075
▁恥ずかしさ	52076
▁打ち倒	52077
▁掘り出し	52078
▁母音	52079
▁淋病	52080
▁眠ら	52081
▁福岡	52082
▁結び合わせ	52083
▁繁盛	52084
▁訳し方	52085
▁込み入	52086
▁養蜂	52087
▁高じ	52088
うろこ	52089
おろす	52090
たがり	52091
アマンダ	52092
アンドロ	52093
アール	52094
ゲロ	52095
ストレッチ	52096
チェット	52097
ドリン	52098
ネイティブ	52099
バッテ	52100
ヒューリ	52101
ビーフ	52102
ホームレス	52103
ボヘミア	52104
ミリメートル	52105
ラモー	52106
ランシー	52107
倫	52108
出会え	52109
匹敵	52110
名詞	52111
否認	52112
和らげ	52113
安易	52114
小川	52115
愁	52116
暗示	52117
染み	52118
歩道	52119
汚職	52120
浮動	52121
渇き	52122
無くす	52123
無駄遣い	52124
燃えさか	52125
猟犬	52126
突きつけ	52127
結びつける	52128
花火	52129
苦しめる	52130
行なわ	52131
触媒	52132
連れ戻す	52133
遭難	52134
顧問	52135
,13,14	52136
125	52137
Human	52138
cken	52139
empty	52140
grave	52141
harlie	52142
hwa	52143
iphan	52144
knock	52145
lical	52146
lotte	52147
offer	52148
remain	52149
shine	52150
zip	52151
▁Benedict	52152
▁Boring	52153
▁Category	52154
▁Clever	52155
▁Closing	52156
▁Constance	52157
▁Convince	52158
▁Cruci	52159
▁Dynamic	52160
▁Earning	52161
▁Epaphras	52162
▁Epicurean	52163
▁Festus	52164
▁Gabe	52165
▁Holiness	52166
▁Homosexuality	52167
▁Horsemen	52168
▁Hutu	52169
▁Lucie	52170
▁Morse	52171
▁Nahum	52172
▁Oakland	52173
▁POWER	52174
▁Pix	52175
▁Polar	52176
▁Quar	52177
▁Recovery	52178
▁Stella	52179
▁Suggest	52180
▁Summit	52181
▁Tail	52182
▁Tama	52183
▁Testimony	52184
▁Tir	52185
▁Urge	52186
▁Wickham	52187
▁Worry	52188
▁allegations	52189
▁apprehend	52190
▁bewitched	52191
▁boisterous	52192
▁collaborati	52193
▁cosmology	52194
▁deafness	52195
▁deathbed	52196
▁delusional	52197
▁dissident	52198
▁dissuade	52199
▁embezzle	52200
▁excavat	52201
▁exhorting	52202
▁fibre	52203
▁flattened	52204
▁graphically	52205
▁grope	52206
▁horny	52207
▁indictment	52208
▁jesting	52209
▁librarian	52210
▁lifeblood	52211
▁markup	52212
▁mediated	52213
▁ointment	52214
▁origami	52215
▁oval	52216
▁pomegranate	52217
▁predestination	52218
▁python	52219
▁rafter	52220
▁reindeer	52221
▁rename	52222
▁repository	52223
▁revere	52224
▁rhetoric	52225
▁sept	52226
▁simultaneous	52227
▁stout	52228
▁tipping	52229
▁toothpaste	52230
▁torpedo	52231
▁tram	52232
▁troublemaker	52233
▁ungodliness	52234
▁unintentionally	52235
▁wildfire	52236
▁yank	52237
▁zodiac	52238
▁あわれみ深い	52239
▁お世辞	52240
▁こしらえ	52241
▁アイビー	52242
▁ウシ	52243
▁エイプリル	52244
▁オルガ	52245
▁オンス	52246
▁スザン	52247
▁ズールー	52248
▁フランコ	52249
▁マゼラン	52250
▁マッカー	52251
▁ユスティヌス	52252
▁ユネスコ	52253
▁レソト	52254
▁ロイター	52255
▁代名詞	52256
▁侮る	52257
▁傾く	52258
▁入り混じ	52259
▁太さ	52260
▁奪い取	52261
▁威光	52262
▁巻き上げ	52263
▁布地	52264
▁弱まる	52265
▁招じ入れ	52266
▁敗れ	52267
▁新入	52268
▁歌え	52269
▁汚水	52270
▁汚物	52271
▁湿原	52272
▁玉ねぎ	52273
▁生い茂	52274
▁疲れ切	52275
▁目立ち	52276
▁真昼	52277
▁笑え	52278
▁義父	52279
▁考え出す	52280
▁荒らし	52281
▁落第	52282
▁調教	52283
▁講ずる	52284
▁買い求め	52285
▁進出	52286
▁長引	52287
▁頓着	52288
▁飛び去	52289
あくまで	52290
あたえ	52291
かばん	52292
ご自身	52293
しっくい	52294
イチ	52295
エリエゼル	52296
カイン	52297
クラウス	52298
シンガー	52299
スノー	52300
タリア	52301
トランプ	52302
ナマラ	52303
メリッサ	52304
ラッド	52305
リゾート	52306
似顔絵	52307
切り捨て	52308
勇士	52309
名高い	52310
唾	52311
嘉	52312
堤	52313
塗る	52314
延び	52315
弛	52316
怖れ	52317
梱	52318
欺く	52319
無縁	52320
熱意	52321
生き返り	52322
窒素	52323
美徳	52324
襲いかか	52325
見届け	52326
請い願う	52327
踏み込	52328
軌跡	52329
雇い主	52330
,9,10	52331
0,000,000	52332
Alb	52333
DOOR	52334
Living	52335
Train	52336
VERY	52337
bic	52338
cephal	52339
cultural	52340
discipline	52341
leave	52342
osition	52343
player	52344
powerful	52345
woe	52346
▁17%	52347
▁1700	52348
▁2,0	52349
▁API	52350
▁Albanian	52351
▁Amarok	52352
▁Bacon	52353
▁Cache	52354
▁Cassandra	52355
▁Confucian	52356
▁Dela	52357
▁Disabled	52358
▁Edomites	52359
▁Eliza	52360
▁Farming	52361
▁GP	52362
▁Goodnight	52363
▁Gossip	52364
▁Grade	52365
▁Kenobi	52366
▁Lama	52367
▁Logic	52368
▁Louvre	52369
▁Lung	52370
▁Millie	52371
▁Module	52372
▁Nazirite	52373
▁Overcome	52374
▁Preston	52375
▁RAM	52376
▁Register	52377
▁Removing	52378
▁Repubblica	52379
▁Rumor	52380
▁SIDS	52381
▁Scared	52382
▁Scotty	52383
▁Stiles	52384
▁Surprised	52385
▁Sven	52386
▁Tale	52387
▁Tamil	52388
▁Unemployment	52389
▁Yasu	52390
▁Yoruba	52391
▁abstraction	52392
▁adhesive	52393
▁admirer	52394
▁adoration	52395
▁calorie	52396
▁censorship	52397
▁china	52398
▁compiler	52399
▁devotees	52400
▁drowsy	52401
▁emancipat	52402
▁ensuing	52403
▁epileptic	52404
▁evangelism	52405
▁familiarity	52406
▁glare	52407
▁hallmark	52408
▁headlong	52409
▁infringe	52410
▁inheritors	52411
▁knack	52412
▁overwhelmingly	52413
▁palette	52414
▁passively	52415
▁peaceably	52416
▁problematic	52417
▁realised	52418
▁richness	52419
▁seismic	52420
▁spherical	52421
▁stingy	52422
▁subheading	52423
▁sublime	52424
▁tangent	52425
▁taunted	52426
▁thermometer	52427
▁thunderbolt	52428
▁thwarted	52429
▁tramp	52430
▁underpriests	52431
▁vengeful	52432
▁visualization	52433
▁workforce	52434
▁ささげ物	52435
▁すき間	52436
▁ぼう然	52437
▁みなぎる	52438
▁もどる	52439
▁アイダ	52440
▁アントワープ	52441
▁ガルス	52442
▁ジャワ	52443
▁スナック	52444
▁バルサム	52445
▁プロパガンダ	52446
▁ヘロドトス	52447
▁モハ	52448
▁レントゲン	52449
▁ロマンス	52450
▁供する	52451
▁便所	52452
▁執る	52453
▁悪態	52454
▁振るい	52455
▁殖え	52456
▁氏族	52457
▁立ち返る	52458
▁競い合	52459
▁遠ざかる	52460
▁遵守	52461
▁重ねる	52462
▁難破	52463
つながる	52464
ウィッチ	52465
ウィリー	52466
エクサ	52467
オプティ	52468
クセルクセス	52469
クラフト	52470
ソト	52471
タコ	52472
トゥール	52473
トレーラー	52474
ナチス	52475
ヘルメット	52476
メチル	52477
レジー	52478
ンゴン	52479
不妊	52480
体育	52481
便益	52482
備わ	52483
冒す	52484
口先	52485
各国	52486
合せ	52487
宝くじ	52488
家令	52489
導け	52490
市内	52491
散らか	52492
欠かせ	52493
汰	52494
沙	52495
洩	52496
瞑想	52497
蔓延	52498
豪華	52499
追いつめ	52500
配分	52501
頑張る	52502
頓着	52503
鷹	52504
鼻腔	52505
ALLY	52506
Clinto	52507
LER	52508
Lin	52509
None	52510
Other	52511
RNA	52512
Sergey	52513
UNG	52514
WAT	52515
bugging	52516
chariah	52517
entipede	52518
eternal	52519
gaard	52520
hailand	52521
huckles	52522
ignment	52523
lux	52524
oard	52525
rigging	52526
risk	52527
surgery	52528
usually	52529
whatever	52530
witch	52531
zlo	52532
ún	52533
‐	52534
▁1,700	52535
▁114	52536
▁1890	52537
▁1905	52538
▁4.5	52539
▁58)	52540
▁650	52541
▁Arc	52542
▁Areopagus	52543
▁BEFORE	52544
▁Baptized	52545
▁Bertram	52546
▁Blank	52547
▁Bong	52548
▁Canterbury	52549
▁Caracas	52550
▁Claudia	52551
▁Delay	52552
▁Drag	52553
▁Eager	52554
▁Eliminat	52555
▁Ellison	52556
▁Emerson	52557
▁Encoding	52558
▁FRIEND	52559
▁Fake	52560
▁Flesh	52561
▁Greenwich	52562
▁Lenin	52563
▁Malin	52564
▁Nativity	52565
▁Nicaea	52566
▁Niger	52567
▁Niki	52568
▁Ninth	52569
▁Peggy	52570
▁Pizza	52571
▁Polyglot	52572
▁Produce	52573
▁Rowan	52574
▁Sachsenhausen	52575
▁Scream	52576
▁Stanton	52577
▁Staple	52578
▁Tak	52579
▁Tape	52580
▁Thirteen	52581
▁Undo	52582
▁Vince	52583
▁Wendell	52584
▁Wrath	52585
▁acacia	52586
▁agile	52587
▁alertness	52588
▁annex	52589
▁approximation	52590
▁brittle	52591
▁clashes	52592
▁coherent	52593
▁complication	52594
▁condoning	52595
▁cornea	52596
▁corresponded	52597
▁crammed	52598
▁edifice	52599
▁egotistical	52600
▁endorsed	52601
▁exposition	52602
▁fertilization	52603
▁fittest	52604
▁fragrant	52605
▁framing	52606
▁gallop	52607
▁germinate	52608
▁gourd	52609
▁graphical	52610
▁handmade	52611
▁hostilities	52612
▁immodest	52613
▁interrogate	52614
▁iodine	52615
▁leash	52616
▁ledger	52617
▁lifespan	52618
▁looming	52619
▁merger	52620
▁nocturnal	52621
▁omega	52622
▁phosphorus	52623
▁portrayal	52624
▁prelate	52625
▁proponent	52626
▁reflective	52627
▁repetitive	52628
▁reproducing	52629
▁rosary	52630
▁scenic	52631
▁secretive	52632
▁sequel	52633
▁shutdown	52634
▁solace	52635
▁spacing	52636
▁squeak	52637
▁stalker	52638
▁twenties	52639
▁unfruitful	52640
▁utilities	52641
▁waltz	52642
▁waxed	52643
▁かたわら	52644
▁きゅう	52645
▁くすしく	52646
▁ざら	52647
▁つとめ	52648
▁ふち	52649
▁またがる	52650
▁エクスプレス	52651
▁カタツムリ	52652
▁クイック	52653
▁ケープタウン	52654
▁シェケム	52655
▁ジャラズ	52656
▁トウガラシ	52657
▁ヘルシンキ	52658
▁マルガリ	52659
▁マンチェスター	52660
▁メッカ	52661
▁勝り	52662
▁即ち	52663
▁心筋	52664
▁思い込ま	52665
▁持ちかけ	52666
▁探険	52667
▁正教	52668
▁気づかう	52669
▁海流	52670
▁淡い	52671
▁祈祷	52672
▁見せ物	52673
▁見下し	52674
▁詠	52675
▁詳	52676
▁軽々	52677
▁険	52678
きらき	52679
ふわ	52680
イニシャ	52681
エリザベス	52682
エントロピー	52683
コンテナ	52684
ザンヌ	52685
ソーセージ	52686
チンパンジー	52687
ドウィン	52688
フェラーリ	52689
フランクフル	52690
ブライアン	52691
マーチン	52692
ユリ	52693
リマ	52694
ルシファー	52695
ロサンゼルス	52696
ロメオ	52697
取り除け	52698
嗜	52699
埠	52700
増やせ	52701
大きか	52702
実例	52703
思わず	52704
所長	52705
拠り	52706
明かし	52707
汚らわし	52708
深み	52709
濾	52710
煽	52711
狂わせ	52712
生長	52713
見落とし	52714
親指	52715
貪る	52716
超新星	52717
足らず	52718
跳	52719
遙	52720
醒	52721
飼育	52722
騒動	52723
鱗	52724
****	52725
,21,22	52726
EPT	52727
Hav	52728
Roman	52729
Under	52730
VAR	52731
ayama	52732
created	52733
crime	52734
eclining	52735
estria	52736
fact	52737
flicting	52738
lei	52739
literally	52740
migrants	52741
nbsp	52742
oup	52743
ours	52744
prophet	52745
rc	52746
requite	52747
retto	52748
rico	52749
rough	52750
sensitive	52751
sert	52752
shade	52753
short	52754
suffer	52755
team	52756
ulf	52757
xen	52758
ã	52759
ür	52760
м	52761
գ	52762
ծ	52763
▁141	52764
▁235	52765
▁90,000	52766
▁ADHD	52767
▁Artie	52768
▁Astrology	52769
▁Benson	52770
▁Boat	52771
▁Browse	52772
▁Concorde	52773
▁DN	52774
▁Delicious	52775
▁Diabetes	52776
▁Donovan	52777
▁Erika	52778
▁Flock	52779
▁Founder	52780
▁Gaston	52781
▁Goodwin	52782
▁Horizon	52783
▁Hydro	52784
▁INTO	52785
▁Juma	52786
▁Livingstone	52787
▁Memories	52788
▁Nav	52789
▁Neck	52790
▁Stoic	52791
▁Stretch	52792
▁THREE	52793
▁Tali	52794
▁Waldo	52795
▁Wyndham	52796
▁adjective	52797
▁amuse	52798
▁assassinate	52799
▁brushes	52800
▁carelessly	52801
▁cartridge	52802
▁cautiously	52803
▁cavern	52804
▁chemo	52805
▁complexion	52806
▁crucified	52807
▁desecrat	52808
▁discernible	52809
▁drenched	52810
▁elated	52811
▁fray	52812
▁groundwork	52813
▁harassing	52814
▁hijacker	52815
▁ideological	52816
▁inferiority	52817
▁insistent	52818
▁intolerant	52819
▁kinship	52820
▁latrine	52821
▁marmot	52822
▁metres	52823
▁numeric	52824
▁obeisance	52825
▁organisation	52826
▁orphaned	52827
▁projector	52828
▁revolving	52829
▁roamed	52830
▁scarred	52831
▁scooter	52832
▁scraped	52833
▁serene	52834
▁sled	52835
▁sojourn	52836
▁steadfastness	52837
▁stinking	52838
▁swelled	52839
▁tablespoon	52840
▁taco	52841
▁tamed	52842
▁tithing	52843
▁unanimously	52844
▁uncanny	52845
▁uncompromising	52846
▁おのずと	52847
▁ずる賢い	52848
▁そびえ立つ	52849
▁たくわえ	52850
▁むさぼり食う	52851
▁アシュリー	52852
▁エトルリア	52853
▁エホアシュ	52854
▁キルギス	52855
▁ケルン	52856
▁ジーナ	52857
▁ベンガル	52858
▁ホルス	52859
▁ボルチモア	52860
▁マグナ	52861
▁ミニスター	52862
▁ユニセフ	52863
▁ユリア	52864
▁信心深	52865
▁刈る	52866
▁南端	52867
▁好転	52868
▁専制	52869
▁廃虚	52870
▁持ち出さ	52871
▁済ませる	52872
▁発散	52873
▁空襲	52874
▁組み合わせる	52875
▁締め出す	52876
▁胴体	52877
▁荒れ狂う	52878
▁話し合える	52879
▁譲る	52880
▁足取り	52881
▁集め入れ	52882
▁高台	52883
▶	52884
▸	52885
おばあさん	52886
かかえ	52887
すり抜け	52888
ウォード	52889
エッタ	52890
キャスター	52891
グリア	52892
グロス	52893
デバ	52894
ハッチ	52895
フォールズ	52896
フッ	52897
マイアミ	52898
マッサージ	52899
リンダー	52900
三位一体	52901
伸展	52902
函	52903
原稿	52904
厭わ	52905
受精	52906
后	52907
城壁	52908
墳	52909
寂	52910
強姦	52911
思い込み	52912
有望	52913
汎	52914
産婦	52915
異教	52916
腎	52917
膵	52918
苦行	52919
裂き	52920
観衆	52921
誉	52922
読み取れ	52923
貪り	52924
輝かしい	52925
邦	52926
馴染	52927
MONG	52928
RIE	52929
SCO	52930
burden	52931
client	52932
controlled	52933
display	52934
gap	52935
hopped	52936
itosis	52937
lairvoyant	52938
local	52939
measure	52940
outh	52941
ˆ	52942
у	52943
▁168	52944
▁1:00	52945
▁2.2	52946
▁455	52947
▁52)	52948
▁Apostolic	52949
▁Carthage	52950
▁Cincinnati	52951
▁Cobb	52952
▁Dane	52953
▁Decade	52954
▁Decorati	52955
▁Digg	52956
▁Dustin	52957
▁Fringe	52958
▁Greetings	52959
▁Hancock	52960
▁Hawthorne	52961
▁Legacy	52962
▁Moffatt	52963
▁Monsignor	52964
▁Murph	52965
▁ONT	52966
▁Obstacle	52967
▁Portrait	52968
▁Prussia	52969
▁Pyle	52970
▁Reasonable	52971
▁SINCE	52972
▁Scarlet	52973
▁Scotch	52974
▁Sidney	52975
▁Slovakia	52976
▁Stealing	52977
▁Sumerian	52978
▁Sutton	52979
▁Swear	52980
▁Tourism	52981
▁Variable	52982
▁WHILE	52983
▁Worldwatch	52984
▁animate	52985
▁arches	52986
▁associat	52987
▁audible	52988
▁bough	52989
▁chime	52990
▁cleave	52991
▁concealment	52992
▁deliveries	52993
▁detain	52994
▁dwindle	52995
▁embroil	52996
▁endearing	52997
▁enslave	52998
▁eroded	52999
▁espionage	53000
▁evaporation	53001
▁expelling	53002
▁fanaticism	53003
▁fifteenth	53004
▁fragmented	53005
▁genealogical	53006
▁goggles	53007
▁gyps	53008
▁haystack	53009
▁hypnosis	53010
▁infirmity	53011
▁intolerable	53012
▁jackass	53013
▁launches	53014
▁matchless	53015
▁mutate	53016
▁niggardly	53017
▁omelet	53018
▁overindulgence	53019
▁overlapping	53020
▁pajamas	53021
▁paranoia	53022
▁peddle	53023
▁pendulum	53024
▁pivotal	53025
▁poo	53026
▁recycle	53027
▁renamed	53028
▁simulated	53029
▁skeletal	53030
▁skyrocketing	53031
▁smartphone	53032
▁stellar	53033
▁subduing	53034
▁twinkling	53035
▁unicorn	53036
▁warped	53037
▁zap	53038
▁zinc	53039
▁このゆえに	53040
▁どろぼう	53041
▁アムノン	53042
▁コンコルド	53043
▁タイタス	53044
▁フィガロ	53045
▁ベテラン	53046
▁メーガン	53047
▁使節	53048
▁値打ち	53049
▁劣る	53050
▁回勅	53051
▁庶民	53052
▁弁論	53053
▁思い上が	53054
▁投げ入れ	53055
▁暖かさ	53056
▁書き記す	53057
▁村落	53058
▁根づ	53059
▁泣き悲し	53060
▁泥沼	53061
▁深入り	53062
▁発効	53063
▁白内障	53064
▁罪状	53065
▁脱毛	53066
▁腰痛	53067
▁茶飯事	53068
▁車庫	53069
▁鈍らせ	53070
▁難船	53071
▁黒色	53072
お見通し	53073
そろえ	53074
インパクト	53075
コブラ	53076
ジョギング	53077
ジョーダン	53078
ダンプ	53079
チュウ	53080
トレンド	53081
ピカソ	53082
フォックス	53083
フクロウ	53084
ベルタ	53085
ホイット	53086
モラン	53087
レーサー	53088
ンティティ	53089
初版	53090
功	53091
宗派	53092
寄り添	53093
愛し合	53094
憶病	53095
曽	53096
残骸	53097
波長	53098
照らす	53099
突き落と	53100
粘	53101
聞き取れ	53102
荒々しく	53103
顔色	53104
顕微鏡	53105
EU	53106
GAS	53107
JS	53108
Kill	53109
Long	53110
PAR	53111
ambia	53112
bauer	53113
bodies	53114
charge	53115
cuff	53116
else	53117
emp	53118
ige	53119
init	53120
jira	53121
lonia	53122
melancholy	53123
oirs	53124
rpheus	53125
sustain	53126
vulsion	53127
yeah	53128
չ	53129
▁155	53130
▁22%	53131
▁Aegean	53132
▁Approve	53133
▁Autobo	53134
▁Baxter	53135
▁Boomer	53136
▁Buff	53137
▁Comic	53138
▁Crop	53139
▁Crow	53140
▁Discernment	53141
▁Dispatch	53142
▁Donnelly	53143
▁EVE	53144
▁Enduring	53145
▁Execution	53146
▁Fewer	53147
▁Grass	53148
▁Honourabl	53149
▁Hydra	53150
▁INDIA	53151
▁Jethro	53152
▁Johan	53153
▁LED	53154
▁Liza	53155
▁Locke	53156
▁Mandi	53157
▁Marcy	53158
▁Mikhail	53159
▁Mistake	53160
▁Neanderthal	53161
▁Parameter	53162
▁Proud	53163
▁Providence	53164
▁Pyramid	53165
▁Relate	53166
▁Richmond	53167
▁Sport	53168
▁abbreviated	53169
▁acce	53170
▁aerobic	53171
▁apron	53172
▁bob	53173
▁bode	53174
▁cheered	53175
▁commemorat	53176
▁conic	53177
▁conspir	53178
▁cryptograph	53179
▁daybreak	53180
▁deficiencies	53181
▁exclamation	53182
▁fabrication	53183
▁feasible	53184
▁flushed	53185
▁gymnasium	53186
▁hallowed	53187
▁hangar	53188
▁hangover	53189
▁ignited	53190
▁impalement	53191
▁incapacitat	53192
▁incorporat	53193
▁indecisive	53194
▁kerosene	53195
▁magnesium	53196
▁misrepresented	53197
▁narrate	53198
▁orderliness	53199
▁overtones	53200
▁partakers	53201
▁pedophile	53202
▁peeling	53203
▁perishable	53204
▁pituitary	53205
▁polishing	53206
▁predominate	53207
▁programme	53208
▁reek	53209
▁relevance	53210
▁respondents	53211
▁reversing	53212
▁sclerosis	53213
▁sludge	53214
▁snorkel	53215
▁spinach	53216
▁spreadsheet	53217
▁supernova	53218
▁trophies	53219
▁unbroken	53220
▁validation	53221
▁vermin	53222
▁こぶし	53223
▁すっきり	53224
▁ぶら下が	53225
▁よろめか	53226
▁イブニング	53227
▁ウイル	53228
▁トランペット	53229
▁ポルト	53230
▁ローラー	53231
▁低め	53232
▁信ず	53233
▁借用	53234
▁入り組	53235
▁初歩	53236
▁取り消	53237
▁叫ば	53238
▁声帯	53239
▁夢見る	53240
▁失わせ	53241
▁小島	53242
▁尼僧	53243
▁必至	53244
▁忙しすぎ	53245
▁急騰	53246
▁慕う	53247
▁押しや	53248
▁拾い上げ	53249
▁捕われ	53250
▁昇り	53251
▁来客	53252
▁流れ出	53253
▁浄め	53254
▁発熱	53255
▁穀類	53256
▁素質	53257
▁結集	53258
▁給ふ	53259
▁群がり	53260
▁聖徒	53261
▁踏み越え	53262
▁逆らい	53263
▁顔面	53264
おじいちゃん	53265
お昼	53266
ちまち	53267
ひすい	53268
アングル	53269
カザフスタン	53270
キツネ	53271
キングズ	53272
クレジット	53273
ジェフ	53274
スパゲッティ	53275
スーザン	53276
ティーナ	53277
デンマーク	53278
ノース	53279
ヒリ	53280
マナ	53281
ヨハ	53282
ンフェタミン	53283
ージャ	53284
侮	53285
倣	53286
兼	53287
嵌	53288
戻せる	53289
拓	53290
振る舞う	53291
敷地	53292
暢	53293
束縛	53294
校内	53295
歓楽	53296
汝ら	53297
決勝	53298
活力	53299
涼しい	53300
溶かす	53301
点検	53302
熟睡	53303
竇	53304
第一人者	53305
膚	53306
被り	53307
起き上がり	53308
顕著	53309
Draw	53310
HC	53311
Phil	53312
UR	53313
actually	53314
addock	53315
anguish	53316
appear	53317
carry	53318
eneath	53319
except	53320
freedom	53321
gress	53322
issue	53323
judge	53324
negative	53325
ostpartum	53326
religion	53327
robe	53328
roger	53329
scientific	53330
secure	53331
simplification	53332
surface	53333
tle	53334
toxin	53335
ussia	53336
č	53337
▁1908	53338
▁2,9	53339
▁Charlemagne	53340
▁Commandment	53341
▁Continu	53342
▁Encryption	53343
▁Erich	53344
▁Evolutionists	53345
▁FRENCH	53346
▁Fraser	53347
▁Gaining	53348
▁Greer	53349
▁Hiccup	53350
▁Hoffman	53351
▁Joppa	53352
▁Kazakhstan	53353
▁Kruger	53354
▁Lansing	53355
▁Lola	53356
▁Lonely	53357
▁Melodies	53358
▁Mery	53359
▁Minimum	53360
▁Month	53361
▁Muscle	53362
▁Navigation	53363
▁Nikki	53364
▁Olga	53365
▁Ottoman	53366
▁Pang	53367
▁Primary	53368
▁Rambo	53369
▁STEP	53370
▁Seville	53371
▁Shay	53372
▁Silicon	53373
▁Stern	53374
▁Sudden	53375
▁Thomson	53376
▁Veja	53377
▁Whip	53378
▁Wrap	53379
▁abnormalities	53380
▁averag	53381
▁baseline	53382
▁beautify	53383
▁benefactor	53384
▁biochemical	53385
▁blended	53386
▁campfire	53387
▁connotation	53388
▁contriv	53389
▁coolest	53390
▁cultivator	53391
▁defuse	53392
▁determinant	53393
▁distasteful	53394
▁dropout	53395
▁embed	53396
▁eucalyptus	53397
▁eventuality	53398
▁expended	53399
▁glaze	53400
▁gluttony	53401
▁gunmen	53402
▁ignition	53403
▁imperil	53404
▁inadequacy	53405
▁indescribable	53406
▁indestructible	53407
▁infirmities	53408
▁interrogat	53409
▁italic	53410
▁laborious	53411
▁lowercase	53412
▁mollusk	53413
▁nanny	53414
▁northward	53415
▁perpendicular	53416
▁photons	53417
▁prettier	53418
▁proselyte	53419
▁rejoin	53420
▁renovation	53421
▁repellent	53422
▁romantically	53423
▁shuffle	53424
▁simmer	53425
▁springtime	53426
▁stomp	53427
▁symmetrical	53428
▁synapse	53429
▁tribunal	53430
▁trustworthiness	53431
▁ubiquitous	53432
▁unconcerned	53433
▁unfolded	53434
▁unpaid	53435
▁unsatisfactory	53436
▁wasteland	53437
▁おののか	53438
▁そそのか	53439
▁もてあそぶ	53440
▁もてはや	53441
▁アジアウィーク	53442
▁アルゲマイネ	53443
▁イワ	53444
▁エフド	53445
▁エベ	53446
▁オーストラリアン	53447
▁キュビト	53448
▁スパイス	53449
▁トゥル	53450
▁ナタナエル	53451
▁フロスト	53452
▁ヘブロン	53453
▁ペルシ	53454
▁ルドルフ	53455
▁共働き	53456
▁内膜	53457
▁円満	53458
▁冬至	53459
▁分かち	53460
▁取りつけ	53461
▁地層	53462
▁建国	53463
▁当誌	53464
▁彩り	53465
▁従わせる	53466
▁新薬	53467
▁横たわり	53468
▁滑空	53469
▁皮袋	53470
▁真意	53471
▁笏	53472
▁給水	53473
▁脾臓	53474
▁速め	53475
▁速める	53476
▁闘士	53477
▁陥れる	53478
▁青銅	53479
ぐちゃ	53480
とりわけ	53481
ひらめ	53482
ぺこ	53483
ほめ	53484
イティ	53485
インプ	53486
エッグ	53487
ガラパゴス	53488
サイレン	53489
ネリス	53490
パラダイス	53491
ボンヌ	53492
ワイヤ	53493
受け付け	53494
巾	53495
張り合	53496
怠惰	53497
控	53498
目ざましい	53499
精力	53500
芝刈り	53501
虜	53502
虹	53503
跳ね上が	53504
麺	53505
Down	53506
ERROR	53507
LLO	53508
Moo	53509
achete	53510
aqu	53511
blue	53512
echo	53513
lium	53514
pattern	53515
pocalyptic	53516
regory	53517
steward	53518
uspicious	53519
warts	53520
weak	53521
wor	53522
▁30,31)	53523
▁40,41	53524
▁45%	53525
▁Activities	53526
▁Adopt	53527
▁Artur	53528
▁Backend	53529
▁Believing	53530
▁Bl	53531
▁Decker	53532
▁Doomsday	53533
▁ETA	53534
▁Engage	53535
▁Entry	53536
▁External	53537
▁Fleming	53538
▁Georgetown	53539
▁Harlan	53540
▁Headquarters	53541
▁Jeanne	53542
▁João	53543
▁Karin	53544
▁LAW	53545
▁Leviathan	53546
▁MILLION	53547
▁Malaria	53548
▁Maui	53549
▁Oracle	53550
▁Outlook	53551
▁PROVERBS	53552
▁Playlist	53553
▁Pretend	53554
▁Razor	53555
▁Reply	53556
▁Result	53557
▁Russ	53558
▁Scandinavian	53559
▁Shortage	53560
▁Studio	53561
▁Syriac	53562
▁THINGS	53563
▁Talbot	53564
▁Tehran	53565
▁Thumbnail	53566
▁Translate	53567
▁Translator	53568
▁Trojan	53569
▁Twentie	53570
▁Unlock	53571
▁Valentin	53572
▁WEEKS	53573
▁adaptable	53574
▁affluence	53575
▁analytical	53576
▁ballot	53577
▁bedridden	53578
▁bickering	53579
▁cascade	53580
▁clapping	53581
▁consolidate	53582
▁contraception	53583
▁cremation	53584
▁currencies	53585
▁demeaning	53586
▁digiKam	53587
▁disfavor	53588
▁encrypt	53589
▁esp	53590
▁euphoria	53591
▁exponentially	53592
▁extort	53593
▁fictional	53594
▁filament	53595
▁filesystem	53596
▁fledgling	53597
▁foreground	53598
▁fowl	53599
▁fraternity	53600
▁furry	53601
▁genuineness	53602
▁hampered	53603
▁heinous	53604
▁intrude	53605
▁inundated	53606
▁lampstand	53607
▁lessened	53608
▁looted	53609
▁molester	53610
▁mythological	53611
▁nestle	53612
▁omen	53613
▁omission	53614
▁panties	53615
▁quartz	53616
▁redefine	53617
▁relive	53618
▁reptile	53619
▁résumé	53620
▁shredded	53621
▁statistically	53622
▁strawberries	53623
▁stripper	53624
▁stud	53625
▁suspense	53626
▁sustainability	53627
▁tangled	53628
▁thievery	53629
▁typhoid	53630
▁unwary	53631
▁uppermost	53632
▁upsurge	53633
▁vanquished	53634
▁volts	53635
▁×	53636
▁うたう	53637
▁こじき	53638
▁どう猛	53639
▁アパルトヘイト	53640
▁アメリア	53641
▁アントン	53642
▁エティエンヌ	53643
▁ゴート	53644
▁ニキビ	53645
▁ニッケル	53646
▁ネットワーキング	53647
▁ハレー	53648
▁ハンブルク	53649
▁パブロ	53650
▁ビデオゲーム	53651
▁フツ	53652
▁マーモット	53653
▁ランニング	53654
▁レカ	53655
▁ローゼン	53656
▁下垂体	53657
▁代え	53658
▁作り直す	53659
▁出掛ける	53660
▁取り巻	53661
▁形容	53662
▁暖ま	53663
▁満ち満ち	53664
▁牢番	53665
▁申し出る	53666
▁異質	53667
▁砂利	53668
▁種粒	53669
▁絶や	53670
▁罪科	53671
▁説き勧める	53672
▁買い戻し	53673
▁赴く	53674
▁開花	53675
エキスパート	53676
カジノ	53677
スキャンダル	53678
チョッキ	53679
ッガ	53680
トケ	53681
プラットホーム	53682
取り締ま	53683
国たみ	53684
宣べ伝え	53685
小惑星	53686
木曜	53687
松葉杖	53688
猟	53689
睨	53690
組み込む	53691
翔	53692
著名	53693
賠	53694
配信	53695
錦	53696
Always	53697
Gospel	53698
ROAN	53699
Three	53700
Tri	53701
beneficent	53702
deck	53703
dn	53704
emitting	53705
especially	53706
fect	53707
global	53708
glorious	53709
multi	53710
plate	53711
proper	53712
sickness	53713
together	53714
ulty	53715
unclear	53716
▁#1	53717
▁$250,000	53718
▁0.7	53719
▁1,13	53720
▁37,38)	53721
▁5.5	53722
▁Acknowledge	53723
▁Adelaide	53724
▁Afternoon	53725
▁Angry	53726
▁Attribute	53727
▁Brethren	53728
▁Brush	53729
▁Bunny	53730
▁Burton	53731
▁Caucasian	53732
▁Cherish	53733
▁DISCUSSION	53734
▁Ferris	53735
▁Gently	53736
▁Glasgow	53737
▁Hansen	53738
▁Hua	53739
▁INDI	53740
▁Ignoring	53741
▁Kowalski	53742
▁MAL	53743
▁Michiko	53744
▁Nain	53745
▁Pia	53746
▁Refuse	53747
▁Rejoicing	53748
▁Scratch	53749
▁Tatar	53750
▁Tibetan	53751
▁Trend	53752
▁USB	53753
▁Wolfgang	53754
▁accentuate	53755
▁anticipating	53756
▁barbed	53757
▁bulletproof	53758
▁candor	53759
▁casualty	53760
▁cruiser	53761
▁cyclist	53762
▁dementia	53763
▁diluted	53764
▁electronically	53765
▁entrap	53766
▁feathered	53767
▁flourishes	53768
▁fluffy	53769
▁geneticist	53770
▁gripped	53771
▁grit	53772
▁headedness	53773
▁hemophilia	53774
▁homemaker	53775
▁hypertension	53776
▁insignificance	53777
▁insolence	53778
▁motherhood	53779
▁necessitate	53780
▁newlyweds	53781
▁oats	53782
▁offici	53783
▁physiology	53784
▁platelets	53785
▁prefigured	53786
▁premiere	53787
▁pristine	53788
▁propane	53789
▁propeller	53790
▁prowl	53791
▁punctuation	53792
▁regal	53793
▁reprisal	53794
▁seductive	53795
▁stubble	53796
▁tiredness	53797
▁trump	53798
▁unification	53799
▁wildebeest	53800
▁あきれ	53801
▁くらまし	53802
▁そびえる	53803
▁はまり込	53804
▁アセ	53805
▁カルメル	53806
▁クイーンズ	53807
▁サマリヤ	53808
▁チャーチル	53809
▁ニケア	53810
▁ユニオン	53811
▁分け合い	53812
▁募る	53813
▁問答	53814
▁如く	53815
▁小羊	53816
▁思い上がる	53817
▁海綿	53818
▁混血	53819
▁渡り鳥	53820
▁苦々しさ	53821
▁茂る	53822
▁蛋白質	53823
▁装う	53824
▁貫く	53825
▁身振り	53826
▁通夜	53827
▁過ぎ去	53828
しぶしぶ	53829
とどまり	53830
アッ	53831
カミ	53832
クチ	53833
グモ	53834
サーフィン	53835
ッソー	53836
バイン	53837
ホップ	53838
メトリ	53839
乳糖	53840
凧	53841
出来上が	53842
厳格	53843
太刀	53844
屍	53845
強める	53846
托	53847
攣	53848
汽	53849
煉	53850
白髪	53851
紡	53852
詐	53853
鬆	53854
BOTH	53855
Miss	53856
RAND	53857
Science	53858
Word	53859
Worship	53860
alendar	53861
argum	53862
azine	53863
believable	53864
coff	53865
concern	53866
congregation	53867
distinguishable	53868
eatbelt	53869
enthouse	53870
fail	53871
kawa	53872
nearly	53873
oooo	53874
sg	53875
spatial	53876
struct	53877
temp	53878
thousand	53879
udacity	53880
violence	53881
θ	53882
▁1,10	53883
▁Adolescence	53884
▁Albuquerque	53885
▁BEEN	53886
▁Balkans	53887
▁Borrow	53888
▁Brahms	53889
▁Claudius	53890
▁Clipboard	53891
▁Consequences	53892
▁DAYS	53893
▁Daunt	53894
▁Democracy	53895
▁FACT	53896
▁Granny	53897
▁Greta	53898
▁Guilt	53899
▁HEBREW	53900
▁Honolulu	53901
▁Jasper	53902
▁Lara	53903
▁Larson	53904
▁MODERN	53905
▁Mercer	53906
▁Myriad	53907
▁Nightmare	53908
▁Nuremberg	53909
▁Objection	53910
▁Operator	53911
▁Outline	53912
▁Paz	53913
▁Photography	53914
▁Pliny	53915
▁Selling	53916
▁Series	53917
▁Soccer	53918
▁Software	53919
▁Soldier	53920
▁Spiritism	53921
▁Statue	53922
▁Suz	53923
▁Tide	53924
▁Verify	53925
▁Whi	53926
▁[150	53927
▁adulterer	53928
▁affinity	53929
▁amputated	53930
▁atoll	53931
▁beseech	53932
▁bigotry	53933
▁bronchitis	53934
▁consequent	53935
▁crevice	53936
▁discontinue	53937
▁disparaging	53938
▁disqualified	53939
▁dregs	53940
▁earthworm	53941
▁enhancing	53942
▁equitable	53943
▁fancies	53944
▁feces	53945
▁flogged	53946
▁geniuses	53947
▁greedily	53948
▁grudgingly	53949
▁heartbreak	53950
▁heartbreaking	53951
▁hippopotamus	53952
▁implore	53953
▁imprison	53954
▁infiltrat	53955
▁initiation	53956
▁intervening	53957
▁juror	53958
▁methyl	53959
▁misjudg	53960
▁misunderstand	53961
▁mourned	53962
▁mourners	53963
▁myriad	53964
▁nuance	53965
▁panting	53966
▁payload	53967
▁pediatric	53968
▁popup	53969
▁preclude	53970
▁reconstructed	53971
▁remodeled	53972
▁rotor	53973
▁scavenger	53974
▁sentencing	53975
▁southward	53976
▁spanking	53977
▁spitting	53978
▁stylish	53979
▁unprotected	53980
▁veterinarian	53981
▁weakest	53982
▁おじけづ	53983
▁かさむ	53984
▁そぐ	53985
▁そそぐ	53986
▁ちゅうちょ	53987
▁もどかし	53988
▁ゆるす	53989
▁アロ	53990
▁ウィンダム	53991
▁クルト	53992
▁バニラ	53993
▁バーネット	53994
▁ポルネイア	53995
▁モザンビク	53996
▁ユートピア	53997
▁乗り切る	53998
▁争点	53999
▁入り江	54000
▁六日	54001
▁南下	54002
▁哀れむ	54003
▁形造り	54004
▁手渡	54005
▁断崖	54006
▁服す	54007
▁歩き回り	54008
▁流し去る	54009
▁渉	54010
▁測り	54011
▁熱情	54012
▁生い茂る	54013
▁皆既	54014
▁禁物	54015
▁立ち直り	54016
▁誤り伝え	54017
▁読売	54018
▁鋤	54019
▁高き所	54020
▁鶏肉	54021
こん棒	54022
ぴか	54023
アッシリア	54024
アラー	54025
ジャーナリズム	54026
バイパス	54027
フォーチュン	54028
ベク	54029
モモ	54030
ヨナダブ	54031
レイド	54032
ロッジ	54033
供さ	54034
俯	54035
吸い取	54036
斯	54037
柵	54038
淘	54039
焙	54040
現存	54041
突き刺さ	54042
箴	54043
翻	54044
苛	54045
菊	54046
葛	54047
足なえ	54048
蹄	54049
509	54050
930	54051
Bon	54052
Hara	54053
High	54054
LIGHT	54055
SYSTEM	54056
UK	54057
engineering	54058
extra	54059
getting	54060
hawk	54061
iron	54062
kiss	54063
lapse	54064
odd	54065
phage	54066
roductory	54067
static	54068
ń	54069
▁$200,000	54070
▁1903	54071
▁1911	54072
▁8:30	54073
▁Angelo	54074
▁Artificial	54075
▁Aviv	54076
▁Bacteria	54077
▁Banana	54078
▁Bermuda	54079
▁Buchanan	54080
▁CPR	54081
▁Capu	54082
▁Cattle	54083
▁Civilization	54084
▁Decrease	54085
▁Decree	54086
▁Demo	54087
▁Dimitri	54088
▁Dramatic	54089
▁Elkanah	54090
▁Enlightenment	54091
▁Excellency	54092
▁Fatigue	54093
▁Feather	54094
▁Fulfilled	54095
▁Georgie	54096
▁Gypsies	54097
▁Harriet	54098
▁Industries	54099
▁Jehoram	54100
▁Jenkins	54101
▁LEARN	54102
▁Laser	54103
▁Lila	54104
▁Mao	54105
▁Marble	54106
▁Marianne	54107
▁Merri	54108
▁Morrison	54109
▁Nanak	54110
▁Obedient	54111
▁Paig	54112
▁Potential	54113
▁RAW	54114
▁Randolph	54115
▁Remarkably	54116
▁Rimmer	54117
▁SAYS	54118
▁SPAIN	54119
▁SUV	54120
▁Skinner	54121
▁Structure	54122
▁Timor	54123
▁Vader	54124
▁Vary	54125
▁Vik	54126
▁WEST	54127
▁Wallkill	54128
▁Weapon	54129
▁Wipe	54130
▁Zay	54131
▁Zeal	54132
▁aorta	54133
▁appétit	54134
▁bloke	54135
▁chaff	54136
▁commercialism	54137
▁commune	54138
▁confidentiality	54139
▁congregated	54140
▁convulsions	54141
▁cremated	54142
▁decomposition	54143
▁deduct	54144
▁deride	54145
▁eradication	54146
▁etiquette	54147
▁exterminated	54148
▁fester	54149
▁filmmaker	54150
▁hapless	54151
▁harnessed	54152
▁headlights	54153
▁hexagon	54154
▁honeybee	54155
▁immunization	54156
▁indulgent	54157
▁infuriat	54158
▁interfaith	54159
▁kilowatt	54160
▁lurch	54161
▁malnourished	54162
▁passageway	54163
▁plundered	54164
▁portent	54165
▁radon	54166
▁reinvent	54167
▁reopened	54168
▁resonate	54169
▁respiration	54170
▁revise	54171
▁rumbling	54172
▁skyrocketed	54173
▁socializing	54174
▁sociology	54175
▁suckle	54176
▁sunflower	54177
▁testimonies	54178
▁traffickers	54179
▁unlucky	54180
▁unpunished	54181
▁unwelcome	54182
▁veneer	54183
▁vindictive	54184
▁whining	54185
▁zaka	54186
▁かまど	54187
▁こぼす	54188
▁ふけり	54189
▁ガザ	54190
▁コンセント	54191
▁ソクラテス	54192
▁ハミルトン	54193
▁パウル	54194
▁パスツール	54195
▁ビザンティン	54196
▁ピューマ	54197
▁ヘルニア	54198
▁ペギー	54199
▁ミクロネシア	54200
▁ロサ	54201
▁不振	54202
▁乱獲	54203
▁内耳	54204
▁分捕	54205
▁勇気づけ	54206
▁嘔吐	54207
▁形造る	54208
▁打ち解け	54209
▁捨て去ら	54210
▁方向づけ	54211
▁概観	54212
▁歓べ	54213
▁水門	54214
▁溶剤	54215
▁火炎	54216
▁燃え立た	54217
▁留め置	54218
▁薄め	54219
▁進み出	54220
▁鈍い	54221
▁骨粗	54222
▁鳴り響か	54223
アウグスト	54224
イシュマエル	54225
スバーグ	54226
バックグラウンド	54227
バージニア	54228
プレーン	54229
ードゥー	54230
佑	54231
十八	54232
晰	54233
棋	54234
謁	54235
謡	54236
逃げ道	54237
遍	54238
鍛	54239
0.00	54240
1.2	54241
Acquainted	54242
FORM	54243
Leave	54244
Little	54245
Point	54246
Sp	54247
Torah	54248
arr	54249
breath	54250
cache	54251
dap	54252
design	54253
earn	54254
ferential	54255
gift	54256
ische	54257
kate	54258
luv	54259
militariz	54260
ollard	54261
purpose	54262
rdeen	54263
remix	54264
smoke	54265
though	54266
wine	54267
▁***	54268
▁22,000	54269
▁39,40	54270
▁7,9	54271
▁Alejandro	54272
▁Alexis	54273
▁Barbados	54274
▁Barrett	54275
▁Beatrice	54276
▁Breakfast	54277
▁Bézier	54278
▁COULD	54279
▁Capture	54280
▁Chapman	54281
▁Dante	54282
▁Delaware	54283
▁Edenic	54284
▁Else	54285
▁Excessive	54286
▁Falcon	54287
▁Farewell	54288
▁Generate	54289
▁Gibbon	54290
▁Grenad	54291
▁Hispanic	54292
▁Historic	54293
▁Hound	54294
▁Jasmine	54295
▁Joanna	54296
▁Katy	54297
▁Kuz	54298
▁LITTLE	54299
▁Lexicon	54300
▁Meadow	54301
▁Mouth	54302
▁NEVER	54303
▁NW	54304
▁Nichols	54305
▁Obadiah	54306
▁Peaceful	54307
▁Pfeiffer	54308
▁Plot	54309
▁Politicians	54310
▁Retriev	54311
▁Rider	54312
▁Rouge	54313
▁SEAL	54314
▁Stackhouse	54315
▁Swaziland	54316
▁Traditionally	54317
▁Treasury	54318
▁Und	54319
▁ablaze	54320
▁ammonia	54321
▁autonomy	54322
▁binomial	54323
▁buff	54324
▁clogged	54325
▁coercion	54326
▁comedian	54327
▁commemoration	54328
▁competence	54329
▁competitor	54330
▁conservationist	54331
▁cowardice	54332
▁cuddle	54333
▁curvature	54334
▁dejected	54335
▁deportation	54336
▁diaper	54337
▁dignitaries	54338
▁disheartened	54339
▁domesticated	54340
▁elegance	54341
▁encyclical	54342
▁flaunt	54343
▁floral	54344
▁friar	54345
▁hemorrhaging	54346
▁hither	54347
▁housekeeping	54348
▁indoctrinat	54349
▁inhibitions	54350
▁initiat	54351
▁institut	54352
▁lacquer	54353
▁lair	54354
▁loon	54355
▁magnetism	54356
▁masterful	54357
▁mouthpiece	54358
▁notwithstanding	54359
▁nutrient	54360
▁oars	54361
▁objectors	54362
▁oscill	54363
▁pasturage	54364
▁pinnacle	54365
▁porcelain	54366
▁predominant	54367
▁punishable	54368
▁purport	54369
▁resonance	54370
▁roused	54371
▁shoppers	54372
▁slid	54373
▁snout	54374
▁sparingly	54375
▁stainless	54376
▁storyteller	54377
▁unaffected	54378
▁unfriendly	54379
▁こぶ	54380
▁つかわ	54381
▁アルタクセルクセス	54382
▁イコニオム	54383
▁ココナッツ	54384
▁コンドル	54385
▁チフス	54386
▁ディクソン	54387
▁ブリュッセル	54388
▁マミー	54389
▁ユニケ	54390
▁ラッコ	54391
▁リンボ	54392
▁ワックス	54393
▁乾き	54394
▁仕掛ける	54395
▁付き従い	54396
▁充満	54397
▁廉潔	54398
▁得策	54399
▁御座	54400
▁振り向け	54401
▁断罪	54402
▁植え込	54403
▁歯止め	54404
▁毛虫	54405
▁海港	54406
▁混ざり合	54407
▁混じり合	54408
▁減退	54409
▁粘膜	54410
▁総計	54411
▁考え直す	54412
▁輝かせ	54413
▁遺骨	54414
▁量り出	54415
▁集積	54416
エゼキエル	54417
ショッピング	54418
スポーク	54419
ベート	54420
リバン	54421
レイノルズ	54422
ンガー	54423
侶	54424
列王	54425
収賄	54426
娩	54427
手ごわい	54428
濫	54429
狽	54430
瘤	54431
糊	54432
纏	54433
補う	54434
謙遜	54435
隕	54436
雀	54437
1989	54438
COO	54439
Flee	54440
LOT	54441
UNI	54442
Wisdom	54443
Women	54444
cks	54445
developed	54446
edieval	54447
enery	54448
foreign	54449
lab	54450
lazing	54451
ndigo	54452
quite	54453
▁1.4	54454
▁65%	54455
▁Boil	54456
▁Chagas	54457
▁Chesk	54458
▁Chewie	54459
▁Clothes	54460
▁Component	54461
▁Confession	54462
▁Customer	54463
▁DU	54464
▁Diotrephes	54465
▁Domestic	54466
▁Exposure	54467
▁FATHER	54468
▁Faithfulness	54469
▁Finance	54470
▁Frankenstein	54471
▁Graduation	54472
▁Gravity	54473
▁Gypsy	54474
▁Hue	54475
▁Huguenot	54476
▁KOrganizer	54477
▁Kristen	54478
▁Lodge	54479
▁Luce	54480
▁Lund	54481
▁Makkah	54482
▁Maximus	54483
▁Mime	54484
▁NATO	54485
▁Naval	54486
▁PLACE	54487
▁Patch	54488
▁Patmos	54489
▁Pleasant	54490
▁Radiation	54491
▁SES	54492
▁Skipper	54493
▁Tatian	54494
▁Tick	54495
▁Tiffany	54496
▁Volcano	54497
▁WHICH	54498
▁Yorkshire	54499
▁amplifie	54500
▁apologise	54501
▁artifact	54502
▁attainable	54503
▁biography	54504
▁breastplate	54505
▁climatic	54506
▁coca	54507
▁coli	54508
▁colonists	54509
▁composing	54510
▁cuisine	54511
▁cyclone	54512
▁doomsday	54513
▁dowsing	54514
▁drainage	54515
▁drummer	54516
▁entreaty	54517
▁exorbitant	54518
▁expounded	54519
▁fleece	54520
▁forearm	54521
▁forthright	54522
▁gentleness	54523
▁glorification	54524
▁heartbroken	54525
▁humming	54526
▁hydroelectric	54527
▁incremental	54528
▁intimidation	54529
▁investigative	54530
▁joe	54531
▁karma	54532
▁lunchtime	54533
▁materialize	54534
▁mugged	54535
▁nervousness	54536
▁nonviolent	54537
▁occultism	54538
▁overshadowed	54539
▁providence	54540
▁rehabilitate	54541
▁reorganize	54542
▁revolver	54543
▁rugby	54544
▁stub	54545
▁superscription	54546
▁traditionalist	54547
▁uninvited	54548
▁unloaded	54549
▁voracious	54550
▁おそく	54551
▁スカンディナビア	54552
▁ゼルバベル	54553
▁ダブリン	54554
▁トレド	54555
▁分画	54556
▁勝ち得	54557
▁取引き	54558
▁口伝	54559
▁呼び方	54560
▁埋め合わせる	54561
▁大帝	54562
▁尽力	54563
▁怒鳴り	54564
▁持ち上がり	54565
▁推計	54566
▁攻める	54567
▁明りょう	54568
▁果汁	54569
▁植字	54570
▁死がい	54571
▁滅びうせ	54572
▁男らしさ	54573
▁見きわめる	54574
▁視察	54575
▁誡命	54576
▁金もうけ	54577
ペルシャ	54578
ミレニアム	54579
僻	54580
勅	54581
奔	54582
芋	54583
蓮	54584
詰め込	54585
送り届け	54586
青草	54587
鵜	54588
,28,29	54589
7,500	54590
=\\\\{@}	54591
ANS	54592
Play	54593
Pray	54594
Seriously	54595
VAL	54596
WR	54597
arna	54598
aus	54599
baba	54600
cino	54601
ertigo	54602
gaz	54603
hredder	54604
ject	54605
ntimatter	54606
plenty	54607
plu	54608
viet	54609
wrong	54610
̄	54611
ь	54612
▁$800	54613
▁3000	54614
▁ANSWER	54615
▁Andrei	54616
▁Beroeans	54617
▁Bucharest	54618
▁CONDITION	54619
▁Cesar	54620
▁Chronic	54621
▁Competition	54622
▁Connie	54623
▁Dachau	54624
▁Dorian	54625
▁Entire	54626
▁Episode	54627
▁FEW	54628
▁Fatal	54629
▁Funeral	54630
▁Groot	54631
▁Hellfire	54632
▁Imperfect	54633
▁JAMA	54634
▁Kabul	54635
▁Kremlin	54636
▁Lizzie	54637
▁Logos	54638
▁MUST	54639
▁Necessary	54640
▁Nigel	54641
▁Palo	54642
▁Panic	54643
▁Parallel	54644
▁Partial	54645
▁Patriarch	54646
▁Patriot	54647
▁Related	54648
▁Requirement	54649
▁SPIRITUAL	54650
▁Sample	54651
▁Sioux	54652
▁Stoke	54653
▁Surviving	54654
▁Swimming	54655
▁Tami	54656
▁WORLDWIDE	54657
▁Yield	54658
▁beehive	54659
▁bison	54660
▁blackboard	54661
▁blizzard	54662
▁blockade	54663
▁casket	54664
▁conjuga	54665
▁cram	54666
▁crescent	54667
▁crossword	54668
▁cruising	54669
▁defrauded	54670
▁dutiful	54671
▁endeavour	54672
▁felicit	54673
▁fetuses	54674
▁firepower	54675
▁fotostock	54676
▁handheld	54677
▁honeycomb	54678
▁idealistic	54679
▁impugn	54680
▁jab	54681
▁linguist	54682
▁lukewarm	54683
▁masquerad	54684
▁midwife	54685
▁nakedness	54686
▁nominate	54687
▁oasis	54688
▁osteoporosis	54689
▁papaya	54690
▁pesos	54691
▁pickpocket	54692
▁portfolio	54693
▁presidency	54694
▁prosthetic	54695
▁readjustment	54696
▁reopen	54697
▁resounding	54698
▁revolutionaries	54699
▁shod	54700
▁sprain	54701
▁subpoena	54702
▁supersonic	54703
▁surging	54704
▁terrestrial	54705
▁tulip	54706
▁unattended	54707
▁undershepherds	54708
▁unsupervised	54709
▁vitr	54710
▁wingspan	54711
▁およぼし	54712
▁かみそり	54713
▁ぐらつ	54714
▁ご自	54715
▁さまよう	54716
▁エウセビオス	54717
▁ニューファンドランド	54718
▁フランクフルト	54719
▁マクミラン	54720
▁ラベンダー	54721
▁付す	54722
▁偶発	54723
▁委ねる	54724
▁断ち切り	54725
▁枯死	54726
▁滅びうせる	54727
▁献金	54728
▁盆地	54729
▁答え応じる	54730
▁草花	54731
▁貢ぎ	54732
▁骨組み	54733
☎	54734
ネゴ	54735
ネロ	54736
吏	54737
唄	54738
奔放	54739
宜	54740
庶	54741
恩義	54742
柳	54743
樽	54744
聖所	54745
聖骸布	54746
蔭	54747
鋳	54748
400,000	54749
ARPA	54750
DATE	54751
Green	54752
Log	54753
Stand	54754
System	54755
common	54756
element	54757
euroscience	54758
gricultural	54759
hul	54760
lew	54761
server	54762
ybase	54763
yuki	54764
▁$600	54765
▁13%	54766
▁23,000	54767
▁5,9	54768
▁8,11	54769
▁ACTS	54770
▁Acid	54771
▁Algebra	54772
▁Alison	54773
▁Amalekites	54774
▁Athenian	54775
▁Canberra	54776
▁Cephas	54777
▁Chelsea	54778
▁Cody	54779
▁Confirmation	54780
▁Dag	54781
▁Dirk	54782
▁Duane	54783
▁Earnest	54784
▁Graduating	54785
▁Hag	54786
▁Hampshire	54787
▁Hobbe	54788
▁Hundred	54789
▁JUN	54790
▁Keen	54791
▁Latimer	54792
▁Mechanic	54793
▁Michelangelo	54794
▁Mold	54795
▁Monarch	54796
▁Moose	54797
▁NATIONS	54798
▁Narrow	54799
▁Nathaniel	54800
▁Neville	54801
▁Nexus	54802
▁Optimu	54803
▁PEACE	54804
▁Pediatric	54805
▁Polynesia	54806
▁Purity	54807
▁RECENT	54808
▁Racial	54809
▁Repair	54810
▁Robby	54811
▁SHORT	54812
▁STD	54813
▁Saru	54814
▁Satisfying	54815
▁Tanya	54816
▁Ticket	54817
▁Torture	54818
▁Triangle	54819
▁Username	54820
▁Versailles	54821
▁WOMEN	54822
▁Winnipeg	54823
▁abacus	54824
▁acquit	54825
▁aerodynamic	54826
▁aggressiveness	54827
▁announcer	54828
▁appliance	54829
▁armour	54830
▁babysitter	54831
▁barbarian	54832
▁biosphere	54833
▁boolean	54834
▁capillaries	54835
▁cashier	54836
▁chromat	54837
▁clog	54838
▁contemptible	54839
▁coyote	54840
▁crimson	54841
▁dispersion	54842
▁dopamine	54843
▁emigrate	54844
▁enact	54845
▁encampment	54846
▁espouse	54847
▁excrement	54848
▁feudal	54849
▁flammable	54850
▁folklore	54851
▁formality	54852
▁fortresses	54853
▁haze	54854
▁hologram	54855
▁improbable	54856
▁inexcusable	54857
▁infatuation	54858
▁insurgents	54859
▁introvert	54860
▁inverted	54861
▁leech	54862
▁loathe	54863
▁mastermind	54864
▁memorialize	54865
▁moat	54866
▁mobiliz	54867
▁nibble	54868
▁occupational	54869
▁paradoxical	54870
▁patriot	54871
▁postage	54872
▁prosecuted	54873
▁questionnaire	54874
▁responsibly	54875
▁riverbank	54876
▁saffron	54877
▁scuba	54878
▁semantic	54879
▁shrunk	54880
▁smolder	54881
▁snowcapped	54882
▁teddy	54883
▁toleration	54884
▁unloved	54885
▁untreated	54886
▁ウィークリー	54887
▁エバン	54888
▁エパフラス	54889
▁オバデヤ	54890
▁ストロング	54891
▁ネフィリム	54892
▁ハンドブック	54893
▁バカンス	54894
▁ベエル	54895
▁ライム	54896
▁リバプ	54897
▁体現	54898
▁切り倒し	54899
▁呼び止め	54900
▁団員	54901
▁売れ行き	54902
▁失わせる	54903
▁張り裂け	54904
▁怠り	54905
▁恥知らず	54906
▁成育	54907
▁押し寄せる	54908
▁数えつく	54909
▁残存	54910
▁求む	54911
▁消えうせ	54912
▁狩人	54913
▁相場	54914
▁耕す	54915
▁要理	54916
▁覆い隠す	54917
▁見て取	54918
▁足台	54919
▁閉経	54920
▁隠れ場所	54921
ばち	54922
ディノ	54923
你	54924
儘	54925
叙	54926
嗣	54927
牌	54928
瑚	54929
霊感	54930
,33)	54931
HG	54932
KAY	54933
Nation	54934
Religion	54935
SQL	54936
Super	54937
Use	54938
conceived	54939
conspirator	54940
example	54941
fresh	54942
hush	54943
mountain	54944
peck	54945
practice	54946
respective	54947
tieth	54948
whose	54949
≫	54950
▁44,45	54951
▁Antoine	54952
▁Basin	54953
▁Billie	54954
▁Cake	54955
▁Campo	54956
▁Cayman	54957
▁Christmastime	54958
▁Courier	54959
▁Examiner	54960
▁FRANCE	54961
▁Feast	54962
▁Fergus	54963
▁Flavius	54964
▁Frei	54965
▁Garcia	54966
▁Gerizim	54967
▁Gibson	54968
▁Goddess	54969
▁Hayley	54970
▁Hornet	54971
▁Jeep	54972
▁Kaor	54973
▁Lé	54974
▁Macmillan	54975
▁Mandela	54976
▁Miki	54977
▁Monk	54978
▁Norfolk	54979
▁PET	54980
▁Pamela	54981
▁Prefecture	54982
▁Primarily	54983
▁Rhonda	54984
▁Rocket	54985
▁SCIENCE	54986
▁Salmon	54987
▁Saunders	54988
▁Suez	54989
▁Twist	54990
▁WONDERED	54991
▁Yumi	54992
▁adage	54993
▁affectionately	54994
▁amphibian	54995
▁amplify	54996
▁apparition	54997
▁archipelago	54998
▁bandwidth	54999
▁brokenhearted	55000
▁budge	55001
▁cactus	55002
▁candidly	55003
▁concordance	55004
▁covetous	55005
▁deafening	55006
▁demonism	55007
▁desertification	55008
▁detonator	55009
▁durability	55010
▁embittered	55011
▁enthronement	55012
▁enticements	55013
▁excelled	55014
▁extinguisher	55015
▁firearm	55016
▁flout	55017
▁flux	55018
▁foothold	55019
▁forgery	55020
▁globul	55021
▁hassle	55022
▁hibernation	55023
▁incidentally	55024
▁inhaling	55025
▁latent	55026
▁manageable	55027
▁mischievous	55028
▁permissible	55029
▁porous	55030
▁prodigious	55031
▁punches	55032
▁recharge	55033
▁recital	55034
▁rile	55035
▁salon	55036
▁shopkeeper	55037
▁shriek	55038
▁signified	55039
▁standstill	55040
▁statute	55041
▁sulk	55042
▁unattainable	55043
▁undetected	55044
▁あてはめ	55045
▁げっ	55046
▁ゆすり取	55047
▁わき上が	55048
▁ドブ	55049
▁ピグミー	55050
▁ペリカン	55051
▁ラバン	55052
▁リヨン	55053
▁似せ	55054
▁労し	55055
▁和らぐ	55056
▁堅持	55057
▁変様	55058
▁奪い取る	55059
▁守り行ない	55060
▁小舟	55061
▁思い込む	55062
▁打ち寄せ	55063
▁打ち負かす	55064
▁暴漢	55065
▁曲芸	55066
▁概説	55067
▁欠損	55068
▁温床	55069
▁皆無	55070
▁示し合う	55071
▁立ち止まり	55072
▁迎え入れる	55073
ものすご	55074
ケンズ	55075
ルナンデス	55076
偉く	55077
取り決め	55078
嘲	55079
批	55080
紛らわ	55081
頓	55082
餐	55083
騰	55084
3,200	55085
Consider	55086
HOME	55087
Ivoire	55088
Learn	55089
Name	55090
Serve	55091
Text	55092
Type	55093
View	55094
billion	55095
clement	55096
creation	55097
custom	55098
driving	55099
drug	55100
essa	55101
kop	55102
olecular	55103
orge	55104
osaurus	55105
query	55106
rriving	55107
skaya	55108
teacher	55109
technology	55110
uco	55111
uggle	55112
xpiration	55113
ynman	55114
ռ	55115
↑	55116
▁Assault	55117
▁Attendance	55118
▁Augie	55119
▁BORN	55120
▁Barney	55121
▁Biological	55122
▁CHURCH	55123
▁Cicero	55124
▁Cohen	55125
▁Colour	55126
▁Conversion	55127
▁Craft	55128
▁Encyclopaedia	55129
▁Eternity	55130
▁Formal	55131
▁Haku	55132
▁Idaho	55133
▁Instinct	55134
▁Janis	55135
▁Kelvin	55136
▁Kerala	55137
▁Lynch	55138
▁MARK	55139
▁Maxine	55140
▁Merci	55141
▁Moran	55142
▁Mou	55143
▁NUMBER	55144
▁Newark	55145
▁Occult	55146
▁PAUL	55147
▁PROV	55148
▁Pax	55149
▁Platt	55150
▁React	55151
▁Rebel	55152
▁Simpson	55153
▁Swede	55154
▁Tex	55155
▁Vector	55156
▁Vigilante	55157
▁Wheeler	55158
▁Wool	55159
▁Yoda	55160
▁Zech	55161
▁accessory	55162
▁adobe	55163
▁amplified	55164
▁beguile	55165
▁busiest	55166
▁bustle	55167
▁citation	55168
▁combatants	55169
▁compatibility	55170
▁congregate	55171
▁czar	55172
▁dabble	55173
▁disintegration	55174
▁ev	55175
▁exorcism	55176
▁fissure	55177
▁forefront	55178
▁foregleam	55179
▁geology	55180
▁habitually	55181
▁infantry	55182
▁inseparable	55183
▁lambda	55184
▁magnifie	55185
▁mike	55186
▁misgivings	55187
▁mountaintop	55188
▁multicolored	55189
▁neglectful	55190
▁nutritionist	55191
▁orgasm	55192
▁parasitic	55193
▁petrol	55194
▁pharmacist	55195
▁prelude	55196
▁prerequisite	55197
▁preservative	55198
▁profusely	55199
▁raisin	55200
▁rampage	55201
▁recitation	55202
▁renovated	55203
▁repertoire	55204
▁reprieved	55205
▁rosy	55206
▁rumble	55207
▁sanctuaries	55208
▁scotch	55209
▁shareholders	55210
▁slime	55211
▁sobriety	55212
▁stabilizing	55213
▁stint	55214
▁stun	55215
▁swab	55216
▁tireless	55217
▁townspeople	55218
▁trawl	55219
▁triumphal	55220
▁trustee	55221
▁tuning	55222
▁unbridled	55223
▁undivided	55224
▁unmanne	55225
▁unsteady	55226
▁veer	55227
▁verification	55228
▁wealthiest	55229
▁wiggle	55230
▁いきり立	55231
▁かがめる	55232
▁かん木	55233
▁きまり悪	55234
▁くみ上げ	55235
▁ぐあい	55236
▁アレオパ	55237
▁エルカナ	55238
▁ニジェール	55239
▁ロゴス	55240
▁儒教	55241
▁厚かまし	55242
▁急務	55243
▁打ち壊す	55244
▁根ざす	55245
▁誇り高ぶ	55246
▁買物	55247
▁選び出し	55248
▁選民	55249
▁麗しさ	55250
ゲリジム	55251
チャリティ	55252
マンゴー	55253
慾	55254
新英	55255
歓び	55256
洒	55257
渓	55258
蛙	55259
除け	55260
1985	55261
Alam	55262
Face	55263
GUN	55264
Hmm	55265
NUM	55266
Solomon	55267
______	55268
above	55269
anointed	55270
cannot	55271
curring	55272
fraction	55273
ilistic	55274
intelligent	55275
miracle	55276
riginal	55277
rrington	55278
security	55279
terranean	55280
tributing	55281
tting	55282
unlettered	55283
¬	55284
ī	55285
Ε	55286
▁32,33)	55287
▁ANSWERED	55288
▁ASAP	55289
▁Bai	55290
▁Battery	55291
▁Bavaria	55292
▁Bertie	55293
▁Biologist	55294
▁Camel	55295
▁Census	55296
▁Champagne	55297
▁Complicat	55298
▁Compound	55299
▁DEF	55300
▁Dewey	55301
▁Diaz	55302
▁Dolphin	55303
▁Dorne	55304
▁Expensive	55305
▁Flow	55306
▁Flower	55307
▁Gear	55308
▁GnuPG	55309
▁MAIN	55310
▁Managua	55311
▁Meditate	55312
▁Methuselah	55313
▁Million	55314
▁Mundt	55315
▁OFFICE	55316
▁Obtain	55317
▁Oftentimes	55318
▁Possess	55319
▁Pregnancy	55320
▁Pump	55321
▁ROMANS	55322
▁Raphael	55323
▁Ricardo	55324
▁SPIRIT	55325
▁Señor	55326
▁Shout	55327
▁Spear	55328
▁Stream	55329
▁Strive	55330
▁Syndicate	55331
▁Tai	55332
▁Vacation	55333
▁Visitor	55334
▁Wong	55335
▁adventurous	55336
▁alienation	55337
▁anomal	55338
▁bloodthirsty	55339
▁breadwinner	55340
▁bulldozer	55341
▁cartilage	55342
▁chimpanzee	55343
▁chlorine	55344
▁creditors	55345
▁dazzle	55346
▁disoriented	55347
▁earthenware	55348
▁emanate	55349
▁flatten	55350
▁forbearance	55351
▁foreknow	55352
▁gecko	55353
▁groundwater	55354
▁hyperactivity	55355
▁irritability	55356
▁lemonade	55357
▁logarithmic	55358
▁magnificence	55359
▁manifold	55360
▁muse	55361
▁newscast	55362
▁opal	55363
▁outcries	55364
▁ovaries	55365
▁oxytocin	55366
▁piracy	55367
▁procreation	55368
▁radial	55369
▁refund	55370
▁relocated	55371
▁salesmen	55372
▁saluting	55373
▁secretaries	55374
▁shoal	55375
▁spectator	55376
▁strew	55377
▁stubbornness	55378
▁subsistence	55379
▁suffix	55380
▁tavern	55381
▁teamwork	55382
▁tinker	55383
▁tirelessly	55384
▁underdeveloped	55385
▁undernourished	55386
▁unread	55387
▁weaned	55388
▁ype	55389
▁まぶた	55390
▁アダムズ	55391
▁オオカバマダラ	55392
▁カタリ	55393
▁ソーシャルワーカー	55394
▁フェルディナン	55395
▁リラ	55396
▁出帆	55397
▁勤める	55398
▁大岩	55399
▁投書	55400
▁揺らぐ	55401
▁暖か	55402
▁根強い	55403
▁満たせる	55404
▁漂い出	55405
▁話し合え	55406
▁責めさいな	55407
▁躍らせる	55408
▁風土	55409
▁黙認	55410
さまざま	55411
つかわし	55412
カイザル	55413
プリング	55414
択	55415
烙	55416
窩	55417
貢	55418
賄	55419
賤	55420
AMPTON	55421
ARC	55422
ATOR	55423
Boy	55424
LIA	55425
Pop	55426
South	55427
Until	55428
White	55429
anyone	55430
aylor	55431
cancer	55432
ckman	55433
criminal	55434
double	55435
escape	55436
length	55437
ourke	55438
ovsky	55439
prayer	55440
riya	55441
ubba	55442
τ	55443
▁1860	55444
▁1881	55445
▁1909	55446
▁9,13	55447
▁ANOTHER	55448
▁Advancement	55449
▁Annabel	55450
▁Appointed	55451
▁Bellamy	55452
▁Biology	55453
▁Bogotá	55454
▁Breathing	55455
▁Brooke	55456
▁CNN	55457
▁CONGREGATION	55458
▁Celebrate	55459
▁Cestius	55460
▁Cheap	55461
▁Clif	55462
▁Clothing	55463
▁Commod	55464
▁Corriere	55465
▁Crain	55466
▁Côte	55467
▁EFFECT	55468
▁Ebola	55469
▁Fijian	55470
▁Friedrich	55471
▁Galaxy	55472
▁Haru	55473
▁Hinnom	55474
▁Housing	55475
▁Ilaria	55476
▁Immorality	55477
▁Interpreter	55478
▁Jealousy	55479
▁KPilot	55480
▁Lange	55481
▁Matilda	55482
▁Meantime	55483
▁Morph	55484
▁Mussolini	55485
▁NORTH	55486
▁Negroes	55487
▁Peach	55488
▁Query	55489
▁ROM	55490
▁Revenge	55491
▁Rotterdam	55492
▁Semitic	55493
▁Shannon	55494
▁Steal	55495
▁Subtle	55496
▁Tacitus	55497
▁Technical	55498
▁Watkins	55499
▁Whiston	55500
▁Widespread	55501
▁Yvonne	55502
▁antics	55503
▁aquifer	55504
▁avenger	55505
▁carcinogen	55506
▁catacombs	55507
▁chasm	55508
▁congenital	55509
▁corruptible	55510
▁defiantly	55511
▁empirical	55512
▁exhale	55513
▁flax	55514
▁foretaste	55515
▁frigid	55516
▁ghastly	55517
▁groping	55518
▁grub	55519
▁handbill	55520
▁hearken	55521
▁hysteria	55522
▁immobiliz	55523
▁iniquity	55524
▁intoxication	55525
▁laundering	55526
▁legalize	55527
▁llama	55528
▁morsel	55529
▁mugger	55530
▁nebula	55531
▁penetration	55532
▁perdition	55533
▁plagu	55534
▁platoon	55535
▁relegate	55536
▁spokesmen	55537
▁sprinkling	55538
▁stimuli	55539
▁suction	55540
▁sunscreen	55541
▁tenacious	55542
▁torso	55543
▁triangular	55544
▁ultimatum	55545
▁unchanging	55546
▁undeniably	55547
▁wail	55548
▁ハーバート	55549
▁体裁	55550
▁印章	55551
▁声高	55552
▁婚礼	55553
▁殺意	55554
▁称揚	55555
▁顕現	55556
カナン	55557
フェニ	55558
勉	55559
惚	55560
旬節	55561
滾	55562
立ち入	55563
躁	55564
顕	55565
駄	55566
수	55567
우	55568
Africa	55569
Also	55570
Australia	55571
BIN	55572
However	55573
Husbands	55574
Masoretic	55575
Next	55576
Rejoice	55577
Shrewd	55578
UFF	55579
Write	55580
apple	55581
aternity	55582
bugger	55583
cas	55584
chlori	55585
ción	55586
dacity	55587
equal	55588
flight	55589
health	55590
jong	55591
language	55592
obbing	55593
plied	55594
positive	55595
possible	55596
published	55597
rejoice	55598
study	55599
unless	55600
variance	55601
weapon	55602
ž	55603
в	55604
▁0.25	55605
▁Airlines	55606
▁Alpine	55607
▁Auntie	55608
▁Bigelow	55609
▁Blossom	55610
▁Bobbie	55611
▁Campaign	55612
▁Coat	55613
▁Cobra	55614
▁Consistent	55615
▁Cookie	55616
▁Elementary	55617
▁Enigma	55618
▁Estate	55619
▁Fascism	55620
▁Felipe	55621
▁Gavin	55622
▁Goldie	55623
▁Hiding	55624
▁Invitation	55625
▁Irenaeus	55626
▁Jairus	55627
▁Loop	55628
▁Lucius	55629
▁Maccabee	55630
▁Malagasy	55631
▁Mature	55632
▁Milwaukee	55633
▁Motion	55634
▁Musée	55635
▁Nearby	55636
▁PUBLISHERS	55637
▁Parsons	55638
▁Peck	55639
▁Prominent	55640
▁Rebellion	55641
▁Refus	55642
▁Sekou	55643
▁Shri	55644
▁Specifie	55645
▁Sucre	55646
▁Supposedly	55647
▁Tetsu	55648
▁Trustee	55649
▁Vampire	55650
▁Vick	55651
▁airlock	55652
▁authenticate	55653
▁bonfire	55654
▁buggy	55655
▁carrion	55656
▁catalogue	55657
▁circumstantial	55658
▁clump	55659
▁complacency	55660
▁custodian	55661
▁denoting	55662
▁dexter	55663
▁dictatorial	55664
▁dismissal	55665
▁distributor	55666
▁dizziness	55667
▁estimat	55668
▁exasperating	55669
▁fascinate	55670
▁flop	55671
▁forewarned	55672
▁grapple	55673
▁guise	55674
▁gullible	55675
▁headphones	55676
▁horsepower	55677
▁impenetrable	55678
▁incarceration	55679
▁inconsiderate	55680
▁jockey	55681
▁kelp	55682
▁lactose	55683
▁meltdown	55684
▁mirage	55685
▁necktie	55686
▁pelican	55687
▁pendant	55688
▁ploy	55689
▁practitioner	55690
▁proliferate	55691
▁propound	55692
▁puddle	55693
▁puppies	55694
▁receptacle	55695
▁repetitious	55696
▁resurgence	55697
▁saline	55698
▁scorched	55699
▁seashell	55700
▁sketches	55701
▁sophistication	55702
▁stung	55703
▁sulfide	55704
▁supervising	55705
▁surmise	55706
▁triad	55707
▁trolley	55708
▁trough	55709
▁undress	55710
▁unerring	55711
▁unofficial	55712
▁unorthodox	55713
▁unwarranted	55714
▁urn	55715
▁こぞって	55716
▁コンスタンチヌス	55717
▁ナジル	55718
▁休み場	55719
▁全うする	55720
▁基部	55721
▁捜し出す	55722
▁流れ出る	55723
▁締めつけ	55724
▁規約	55725
▁追いやる	55726
▁酔酒	55727
ヂ	55728
不謬	55729
奉献	55730
奪い取ら	55731
析	55732
激痛	55733
纒	55734
苔	55735
莢	55736
蝋	55737
貸付け	55738
Arab	55739
Devil	55740
Edit	55741
Grand	55742
Honor	55743
Michael	55744
READ	55745
Student	55746
Whisper	55747
acquainted	55748
bearer	55749
crawl	55750
curricula	55751
develop	55752
different	55753
draft	55754
educated	55755
ipmunk	55756
magic	55757
rummy	55758
wipe	55759
wish	55760
¥	55761
ḥ	55762
▁$150	55763
▁2,700	55764
▁4,20	55765
▁42,43	55766
▁ARTICLE	55767
▁Adele	55768
▁Appreciative	55769
▁Arcadia	55770
▁Argument	55771
▁Aurelius	55772
▁BEING	55773
▁Brigade	55774
▁Brisbane	55775
▁CANADA	55776
▁Calculate	55777
▁Chuo	55778
▁Conrad	55779
▁Convict	55780
▁Deck	55781
▁Defeat	55782
▁Discussion	55783
▁Duval	55784
▁Edmond	55785
▁Essex	55786
▁Formula	55787
▁Gambi	55788
▁Gibeonites	55789
▁Gorbachev	55790
▁Grail	55791
▁Grigory	55792
▁Higg	55793
▁Humor	55794
▁Immortality	55795
▁Jazz	55796
▁Jennings	55797
▁Kei	55798
▁Kermit	55799
▁Loida	55800
▁Mailbox	55801
▁Maple	55802
▁Meditation	55803
▁Normandy	55804
▁Odin	55805
▁Pace	55806
▁Prep	55807
▁Progressive	55808
▁Qar	55809
▁RGB	55810
▁Rodney	55811
▁SHOW	55812
▁Stack	55813
▁Teeth	55814
▁Tig	55815
▁Tropical	55816
▁Unlimited	55817
▁Variety	55818
▁Westminster	55819
▁Whew	55820
▁anemone	55821
▁appendage	55822
▁climactic	55823
▁clipped	55824
▁clipping	55825
▁corpus	55826
▁cupbearer	55827
▁deleting	55828
▁deliberation	55829
▁disabling	55830
▁dissolution	55831
▁drugstore	55832
▁eccentric	55833
▁exaggerating	55834
▁farmhouse	55835
▁fir	55836
▁gran	55837
▁greenery	55838
▁humpback	55839
▁hundredfold	55840
▁incompetence	55841
▁inequalities	55842
▁ingrate	55843
▁kinsmen	55844
▁licentious	55845
▁loophole	55846
▁malpractice	55847
▁manhunt	55848
▁maternity	55849
▁molestation	55850
▁multimillion	55851
▁pharmaco	55852
▁prerogative	55853
▁propelled	55854
▁prosecute	55855
▁quaint	55856
▁rabies	55857
▁relativity	55858
▁renounc	55859
▁sardine	55860
▁silhouette	55861
▁smug	55862
▁spout	55863
▁surmount	55864
▁testosterone	55865
▁tumbling	55866
▁turret	55867
▁unappreciative	55868
▁unexplained	55869
▁unresolved	55870
▁unstoppable	55871
▁urchin	55872
▁vertices	55873
▁whaling	55874
▁winepress	55875
▁うらやまし	55876
▁くだり	55877
▁たいまつ	55878
▁不備	55879
▁侮べつ	55880
▁品々	55881
▁唆し	55882
▁嘆息	55883
▁白昼夢	55884
▁虚無	55885
▁貧しか	55886
▁踏み入れる	55887
フィリ	55888
ミカ	55889
捲	55890
膨	55891
영	55892
Maj	55893
Nay	55894
Open	55895
Practi	55896
aiju	55897
chero	55898
ddington	55899
few	55900
floor	55901
ictionary	55902
pinning	55903
receive	55904
ribe	55905
sun	55906
ж	55907
▁1884	55908
▁45,000	55909
▁7,11	55910
▁Anabaptist	55911
▁Automobile	55912
▁Ballet	55913
▁Boeing	55914
▁Bushmen	55915
▁Caucasus	55916
▁Charity	55917
▁Cinderella	55918
▁Controversy	55919
▁Critics	55920
▁Domain	55921
▁Dubai	55922
▁Examining	55923
▁FAC	55924
▁Faraday	55925
▁Fax	55926
▁Filename	55927
▁Flint	55928
▁Friedman	55929
▁Granada	55930
▁Grandparents	55931
▁Handling	55932
▁Heinrich	55933
▁Henderson	55934
▁Hittite	55935
▁Islamabad	55936
▁JPEG	55937
▁Jaeger	55938
▁Jehoiachin	55939
▁Jehoiada	55940
▁Jonadab	55941
▁MN	55942
▁MUCH	55943
▁Magi	55944
▁Magna	55945
▁Manufacture	55946
▁Motivated	55947
▁Nethinim	55948
▁Nursing	55949
▁OPEN	55950
▁Patron	55951
▁Promot	55952
▁Protest	55953
▁Publishing	55954
▁RSI	55955
▁Serial	55956
▁Signature	55957
▁Smokers	55958
▁Snape	55959
▁Snare	55960
▁Sweep	55961
▁Tension	55962
▁Theophilus	55963
▁Valerie	55964
▁Veronica	55965
▁Yap	55966
▁Yellowstone	55967
▁annals	55968
▁apportion	55969
▁audit	55970
▁blackened	55971
▁bulge	55972
▁chestnut	55973
▁chic	55974
▁chloride	55975
▁coax	55976
▁cobble	55977
▁combo	55978
▁concoct	55979
▁consecrated	55980
▁conserv	55981
▁cymbal	55982
▁david	55983
▁detachment	55984
▁dormitory	55985
▁dragonflies	55986
▁duke	55987
▁estranged	55988
▁fabricat	55989
▁falcon	55990
▁fanciful	55991
▁floodgates	55992
▁footstool	55993
▁fortitude	55994
▁girdle	55995
▁glaring	55996
▁gunpoint	55997
▁hermit	55998
▁hostname	55999
▁idiom	56000
▁jumbo	56001
▁lamentation	56002
▁lyric	56003
▁miserably	56004
▁mismanagement	56005
▁overestimate	56006
▁patio	56007
▁pennies	56008
▁predicate	56009
▁premier	56010
▁ravag	56011
▁renegade	56012
▁sailboat	56013
▁sauna	56014
▁schizophrenic	56015
▁scurry	56016
▁secluded	56017
▁shrub	56018
▁sickening	56019
▁simplistic	56020
▁starfish	56021
▁supersede	56022
▁transcendent	56023
▁transient	56024
▁unadulterated	56025
▁unmistakably	56026
▁unstopped	56027
▁weariness	56028
▁whirlwind	56029
▁おどし	56030
▁ほめたたえる	56031
▁アクセサリー	56032
▁ザクセンハウゼン	56033
▁害悪	56034
▁閉ざし	56035
キオ	56036
ヨセフ	56037
ワトル	56038
宵	56039
枷	56040
桂	56041
檎	56042
烏	56043
絨	56044
翌	56045
蕩	56046
蛋	56047
駁	56048
Four	56049
Light	56050
TIME	56051
Think	56052
although	56053
ammit	56054
doux	56055
filter	56056
fjord	56057
gonna	56058
greed	56059
harvest	56060
hip	56061
lik	56062
necessary	56063
professional	56064
rach	56065
simple	56066
slop	56067
wolves	56068
շ	56069
€	56070
▁$110	56071
▁Axis	56072
▁Birmingham	56073
▁CHANGED	56074
▁Clare	56075
▁Continent	56076
▁Copies	56077
▁DEAD	56078
▁Darren	56079
▁Darwinian	56080
▁Demonstrat	56081
▁Descendants	56082
▁Disconnect	56083
▁Empathy	56084
▁Emphasiz	56085
▁Exxon	56086
▁FAO	56087
▁FOOD	56088
▁Factory	56089
▁Gaz	56090
▁Guest	56091
▁HIGH	56092
▁Janine	56093
▁Jungle	56094
▁KENYA	56095
▁Kumar	56096
▁LANDS	56097
▁Lanz	56098
▁License	56099
▁Liquid	56100
▁Lukas	56101
▁Marxist	56102
▁Nabonidus	56103
▁Obesity	56104
▁Orphan	56105
▁Paddington	56106
▁Profit	56107
▁Redeemer	56108
▁Ronan	56109
▁Savannah	56110
▁Schneider	56111
▁Shaphan	56112
▁Torment	56113
▁Vermont	56114
▁Vernon	56115
▁WATER	56116
▁Weakness	56117
▁amputation	56118
▁anonymity	56119
▁aristocrat	56120
▁barbaric	56121
▁bestiality	56122
▁boycott	56123
▁cadet	56124
▁carpentry	56125
▁chute	56126
▁contaminating	56127
▁craftsmanship	56128
▁defie	56129
▁delicacies	56130
▁democrat	56131
▁divulge	56132
▁envied	56133
▁feign	56134
▁fiddle	56135
▁floss	56136
▁fodder	56137
▁glimmer	56138
▁hamper	56139
▁hitchhike	56140
▁horde	56141
▁inaugura	56142
▁invisibly	56143
▁irrigate	56144
▁legislative	56145
▁legislature	56146
▁marshmallow	56147
▁observatory	56148
▁pessimism	56149
▁plough	56150
▁precipice	56151
▁probab	56152
▁puke	56153
▁punctuality	56154
▁reexamine	56155
▁rhinoceros	56156
▁rife	56157
▁rouse	56158
▁satisfactorily	56159
▁skunk	56160
▁squirt	56161
▁trademark	56162
▁undergraduate	56163
▁unproductive	56164
▁valuation	56165
▁vigil	56166
▁わたくし	56167
▁フェスト	56168
▁導き出す	56169
剰	56170
媚	56171
嶋	56172
懺	56173
紺	56174
脛	56175
12,13	56176
Build	56177
Caesar	56178
Dead	56179
International	56180
Jacob	56181
USH	56182
dustrialization	56183
famous	56184
focus	56185
fou	56186
haired	56187
healthy	56188
irc	56189
lerating	56190
ndell	56191
parse	56192
reasonable	56193
urley	56194
watchman	56195
▁'%2'	56196
▁1400	56197
▁1896	56198
▁1906	56199
▁2,600	56200
▁Analysis	56201
▁Assassin	56202
▁Breach	56203
▁Collier	56204
▁Commenc	56205
▁Coward	56206
▁Cycle	56207
▁Domingo	56208
▁ESP	56209
▁Ebla	56210
▁Edmonton	56211
▁Envy	56212
▁Faust	56213
▁GNOME	56214
▁GOING	56215
▁Guthrie	56216
▁HOL	56217
▁Hopper	56218
▁Introduction	56219
▁Involved	56220
▁Judaica	56221
▁KPhotoAlbum	56222
▁Kuro	56223
▁Lemon	56224
▁Margo	56225
▁Memphis	56226
▁Mention	56227
▁Mik	56228
▁Missile	56229
▁Modest	56230
▁Mulwray	56231
▁Myrtle	56232
▁PHOTO	56233
▁Passage	56234
▁Peanut	56235
▁Percent	56236
▁Potato	56237
▁Quadr	56238
▁Qualities	56239
▁Regret	56240
▁Reliable	56241
▁René	56242
▁Retreat	56243
▁Rosary	56244
▁Sanctuary	56245
▁Sawyer	56246
▁Siloam	56247
▁Spice	56248
▁Tender	56249
▁Tweed	56250
▁Umbrella	56251
▁Urgent	56252
▁Velc	56253
▁Wagner	56254
▁Weekend	56255
▁Wickedness	56256
▁[160	56257
▁acronym	56258
▁adrenal	56259
▁atrium	56260
▁communicator	56261
▁confederate	56262
▁deposed	56263
▁diversified	56264
▁dragonfly	56265
▁drudgery	56266
▁encase	56267
▁endorsement	56268
▁engraving	56269
▁enigma	56270
▁enormity	56271
▁ensue	56272
▁facilitat	56273
▁faucet	56274
▁fern	56275
▁flagged	56276
▁garrison	56277
▁glossy	56278
▁hamstr	56279
▁holler	56280
▁hooves	56281
▁impotent	56282
▁inclusive	56283
▁interlinear	56284
▁ironically	56285
▁lithium	56286
▁manslaughter	56287
▁millennia	56288
▁motif	56289
▁navigating	56290
▁nonessential	56291
▁oatmeal	56292
▁pdf	56293
▁precipitation	56294
▁recant	56295
▁receding	56296
▁reciprocal	56297
▁referee	56298
▁reviving	56299
▁rooster	56300
▁rumour	56301
▁separator	56302
▁shard	56303
▁sleigh	56304
▁spatter	56305
▁specter	56306
▁subsidies	56307
▁textual	56308
▁trimming	56309
▁unyielding	56310
▁venerate	56311
▁woodpecker	56312
▁wreath	56313
▁よろい	56314
▁メシャ	56315
▁リビングストン	56316
▁不遜	56317
▁結び合わせる	56318
▁造り出す	56319
ゞ	56320
リエン	56321
倦	56322
嶺	56323
斥	56324
欽	56325
熾	56326
繰	56327
耗	56328
艱	56329
蠣	56330
趣	56331
BODY	56332
Consequently	56333
France	56334
LOCK	56335
Power	56336
Taf	56337
agina	56338
doctor	56339
grew	56340
moiselle	56341
ochi	56342
ogenesis	56343
rigan	56344
scope	56345
themselves	56346
Ե	56347
⇩	56348
▁5000	56349
▁Actual	56350
▁Alfonso	56351
▁Ararat	56352
▁Barton	56353
▁Bowen	56354
▁Butterfly	56355
▁Caltech	56356
▁Calvinist	56357
▁Celesti	56358
▁Cosmo	56359
▁DAVID	56360
▁Davi	56361
▁Depressed	56362
▁Determine	56363
▁Enclose	56364
▁Europa	56365
▁FEAR	56366
▁Favorite	56367
▁Feet	56368
▁Ferguson	56369
▁Fragment	56370
▁Gabon	56371
▁Galv	56372
▁Gazette	56373
▁Graf	56374
▁HAPPEN	56375
▁Harlem	56376
▁Harmless	56377
▁Hillary	56378
▁Hindi	56379
▁Hippocrates	56380
▁Horus	56381
▁Küng	56382
▁Lambert	56383
▁MISCELLANEOUS	56384
▁Madeline	56385
▁Maimonides	56386
▁Marathon	56387
▁Melinda	56388
▁Mithra	56389
▁Mourn	56390
▁Mysteries	56391
▁Niño	56392
▁Priority	56393
▁Producer	56394
▁Publishers	56395
▁Ramsay	56396
▁Regrettably	56397
▁SIGN	56398
▁Scri	56399
▁Sector	56400
▁Shopping	56401
▁Stevie	56402
▁Sunshine	56403
▁THANK	56404
▁Taipei	56405
▁Untie	56406
▁Zeph	56407
▁abbreviation	56408
▁abhorrent	56409
▁accessories	56410
▁autistic	56411
▁battalion	56412
▁bulwark	56413
▁cannabis	56414
▁clandestine	56415
▁clique	56416
▁cloning	56417
▁credence	56418
▁dentures	56419
▁derivation	56420
▁digitiz	56421
▁dispensation	56422
▁ecologist	56423
▁emulate	56424
▁encircling	56425
▁evasion	56426
▁faking	56427
▁figurine	56428
▁flippers	56429
▁grizzly	56430
▁guild	56431
▁heaviest	56432
▁hunk	56433
▁hyperactive	56434
▁inducement	56435
▁inhospitable	56436
▁inquisitor	56437
▁insulated	56438
▁mannequin	56439
▁mercenary	56440
▁numbness	56441
▁orthopedic	56442
▁pedestal	56443
▁pico	56444
▁playwright	56445
▁porpoise	56446
▁preeminent	56447
▁rallied	56448
▁rebuff	56449
▁remarriage	56450
▁repercussions	56451
▁replication	56452
▁revoked	56453
▁rudimentary	56454
▁ruse	56455
▁shipyard	56456
▁shrapnel	56457
▁shunning	56458
▁squatter	56459
▁statistician	56460
▁stave	56461
▁stratosphere	56462
▁swipe	56463
▁torpedoes	56464
▁trop	56465
▁twelfth	56466
▁vaporize	56467
▁viceroy	56468
▁くじく	56469
▁アウグスツス	56470
▁シドン	56471
▁取り組ま	56472
▁門口	56473
おのおの	56474
呉	56475
旺	56476
義憤	56477
脆	56478
韓	56479
鶴	56480
320	56481
Blood	56482
Break	56483
CCTV	56484
Christmas	56485
avascript	56486
hug	56487
karaoke	56488
next	56489
physics	56490
▁1492	56491
▁1789	56492
▁1904	56493
▁Bethelites	56494
▁Brew	56495
▁Byrne	56496
▁CRIME	56497
▁Ceylon	56498
▁Charleston	56499
▁Consolation	56500
▁Cousin	56501
▁Demi	56502
▁Distribution	56503
▁ENTER	56504
▁Employ	56505
▁FRANCISCO	56506
▁Foremost	56507
▁Generous	56508
▁Grady	56509
▁HAND	56510
▁Hawkins	56511
▁Kathleen	56512
▁Kexi	56513
▁Lucifer	56514
▁Martín	56515
▁Mutual	56516
▁Neptune	56517
▁PETERSBURG	56518
▁Paddy	56519
▁Painful	56520
▁Philippian	56521
▁Receiving	56522
▁Recognition	56523
▁Restoration	56524
▁Rosali	56525
▁STOP	56526
▁STUDIES	56527
▁Sumatra	56528
▁Swallow	56529
▁Wheat	56530
▁Winkle	56531
▁XVI	56532
▁airtight	56533
▁annotation	56534
▁anthropology	56535
▁ashtray	56536
▁baboon	56537
▁basing	56538
▁broccoli	56539
▁bulimia	56540
▁cesarean	56541
▁checkbox	56542
▁cinnamon	56543
▁corrosive	56544
▁detonation	56545
▁deviant	56546
▁empathize	56547
▁enslaving	56548
▁fixture	56549
▁frenzied	56550
▁hallow	56551
▁hitherto	56552
▁improvisation	56553
▁kiln	56554
▁kung	56555
▁meningitis	56556
▁munch	56557
▁nylon	56558
▁openssl	56559
▁peaches	56560
▁polymer	56561
▁predestined	56562
▁profusion	56563
▁quirk	56564
▁repayment	56565
▁rivalries	56566
▁scalpel	56567
▁scheduling	56568
▁silt	56569
▁slaughterhouse	56570
▁snitch	56571
▁storytelling	56572
▁suffocating	56573
▁synthesizer	56574
▁theorist	56575
▁toothache	56576
▁traction	56577
▁transvers	56578
▁treadmill	56579
▁tutorial	56580
▁yolk	56581
▁zoologist	56582
▁投げかける	56583
▁降り注ぐ	56584
扶	56585
爬	56586
諮	56587
諾	56588
90,000	56589
Hope	56590
Perfect	56591
Sound	56592
TM	56593
UNTS	56594
alcohol	56595
cession	56596
character	56597
congressional	56598
cooked	56599
divine	56600
document	56601
franchise	56602
gashi	56603
hhhh	56604
holster	56605
lipped	56606
mperor	56607
negotiable	56608
raised	56609
rope	56610
specific	56611
Î	56612
▁(1.2	56613
▁1473	56614
▁Abba	56615
▁Adventure	56616
▁Aileen	56617
▁Alvarez	56618
▁Baum	56619
▁Bernadette	56620
▁Bettmann	56621
▁Bottle	56622
▁Brasília	56623
▁Bulg	56624
▁Caledonia	56625
▁Cocaine	56626
▁Context	56627
▁Creative	56628
▁DIE	56629
▁Elimelech	56630
▁Employment	56631
▁Frontier	56632
▁Garza	56633
▁Gnome	56634
▁Guarantee	56635
▁Hermes	56636
▁Importance	56637
▁Karma	56638
▁Keiko	56639
▁Kneel	56640
▁Limbo	56641
▁MADE	56642
▁Magdeburg	56643
▁Magnificent	56644
▁Marcie	56645
▁McCarthy	56646
▁Misty	56647
▁Municipal	56648
▁Nail	56649
▁Newcastle	56650
▁Practicing	56651
▁Prophecies	56652
▁Purple	56653
▁Quentin	56654
▁Recompense	56655
▁Reyes	56656
▁Sapphira	56657
▁Shrine	56658
▁Smyrna	56659
▁TIMOTHY	56660
▁Tabor	56661
▁Thick	56662
▁Tribe	56663
▁WCC	56664
▁Yoko	56665
▁aimlessly	56666
▁anaconda	56667
▁antidepressant	56668
▁archetyp	56669
▁argon	56670
▁arsenic	56671
▁balk	56672
▁balm	56673
▁bewildering	56674
▁billow	56675
▁biotechnology	56676
▁chrome	56677
▁clutches	56678
▁consoling	56679
▁continuity	56680
▁coronation	56681
▁crani	56682
▁crutch	56683
▁cuckoo	56684
▁embodiment	56685
▁emphysema	56686
▁enticing	56687
▁ethanol	56688
▁excommunication	56689
▁extramarital	56690
▁flapping	56691
▁flimsy	56692
▁gestation	56693
▁glistening	56694
▁gobble	56695
▁granul	56696
▁grueling	56697
▁helm	56698
▁incestuous	56699
▁inexhaustible	56700
▁integrating	56701
▁jagged	56702
▁litigation	56703
▁messaging	56704
▁obnoxious	56705
▁optimist	56706
▁orangutan	56707
▁pillage	56708
▁radiator	56709
▁regeneration	56710
▁repose	56711
▁sculpt	56712
▁sneer	56713
▁squire	56714
▁stupendous	56715
▁thermostat	56716
▁toothpick	56717
▁traumatized	56718
▁wallpaper	56719
▁xeno	56720
▁エベデメレク	56721
▁シェオール	56722
▁参戦	56723
▁計ら	56724
▁請け戻	56725
バトーレ	56726
剪	56727
吾	56728
峙	56729
斗	56730
而	56731
薇	56732
薔	56733
藍	56734
錘	56735
750	56736
ESTER	56737
Find	56738
HI	56739
House	56740
KSpread	56741
Pierre	56742
bottom	56743
compliant	56744
desirable	56745
director	56746
edu	56747
elson	56748
fifth	56749
laudable	56750
ognizan	56751
oplasm	56752
ortment	56753
rtesian	56754
throne	56755
tractor	56756
tucket	56757
ungodly	56758
▁Advocate	56759
▁Anchor	56760
▁Blend	56761
▁Blond	56762
▁Bodies	56763
▁Champ	56764
▁Conception	56765
▁Curtain	56766
▁DRUG	56767
▁Damon	56768
▁Depth	56769
▁Doreen	56770
▁EXIF	56771
▁Encouragement	56772
▁Envelope	56773
▁GOVERNMENT	56774
▁Gerry	56775
▁Giuseppe	56776
▁Guinness	56777
▁Harley	56778
▁Hicks	56779
▁Horace	56780
▁Howell	56781
▁ISLAND	56782
▁Infection	56783
▁Lamech	56784
▁Least	56785
▁Leonidas	56786
▁Lumi	56787
▁Malibu	56788
▁Masada	56789
▁Maureen	56790
▁Michal	56791
▁Navigat	56792
▁OCEAN	56793
▁Oslo	56794
▁Paco	56795
▁Pergamum	56796
▁Polycarp	56797
▁Ponder	56798
▁PostScript	56799
▁RELIGIOUS	56800
▁STAND	56801
▁STATES	56802
▁Satisfied	56803
▁Skype	56804
▁Specific	56805
▁TELL	56806
▁Tango	56807
▁Terah	56808
▁Thrace	56809
▁Thyatira	56810
▁Traitor	56811
▁Upstairs	56812
▁Vigilance	56813
▁Virtue	56814
▁Yuji	56815
▁alternating	56816
▁antitype	56817
▁aromatic	56818
▁balsam	56819
▁blissful	56820
▁bogus	56821
▁brainwashed	56822
▁bugged	56823
▁centurion	56824
▁cervic	56825
▁chauffeur	56826
▁cirrhosis	56827
▁cliché	56828
▁combustible	56829
▁contingent	56830
▁cyst	56831
▁demeanor	56832
▁derision	56833
▁despot	56834
▁dilute	56835
▁discrepancy	56836
▁disqualify	56837
▁doubl	56838
▁emanat	56839
▁excellencies	56840
▁fencing	56841
▁flounder	56842
▁harbour	56843
▁inconceivable	56844
▁inflammatory	56845
▁knelt	56846
▁loathing	56847
▁masculinity	56848
▁masturbate	56849
▁parl	56850
▁pheromone	56851
▁platter	56852
▁pollination	56853
▁polytheist	56854
▁primacy	56855
▁protruding	56856
▁psychosomatic	56857
▁recombin	56858
▁reinforcing	56859
▁remedi	56860
▁shantytown	56861
▁skateboard	56862
▁sliver	56863
▁superstar	56864
▁terra	56865
▁thither	56866
▁throes	56867
▁throwaway	56868
▁titanium	56869
▁tornadoes	56870
▁uneducated	56871
▁uninterrupted	56872
▁unjustified	56873
▁unsavory	56874
▁unsearchable	56875
▁unwillingness	56876
▁velocities	56877
▁whine	56878
▁聖別	56879
咬	56880
塹	56881
屯	56882
晦	56883
桿	56884
梗	56885
燐	56886
珊	56887
盃	56888
LADY	56889
NAME	56890
RVING	56891
TYPE	56892
content	56893
convert	56894
girlfriend	56895
hlox	56896
honey	56897
jects	56898
lamp	56899
lse	56900
machine	56901
obedient	56902
oriented	56903
presbyter	56904
push	56905
resurrection	56906
thirty	56907
travel	56908
unknown	56909
vik	56910
{}	56911
β	56912
←	56913
▁$25,000	56914
▁1901	56915
▁AUGUST	56916
▁Abednego	56917
▁Achieve	56918
▁Anchorage	56919
▁Arrive	56920
▁Aryan	56921
▁BUR	56922
▁Bride	56923
▁CHILD	56924
▁Colosseum	56925
▁Communicate	56926
▁Corporat	56927
▁Cuzco	56928
▁Davos	56929
▁Dentist	56930
▁Dickens	56931
▁Dillon	56932
▁Doyle	56933
▁Drago	56934
▁Duplicate	56935
▁Eleni	56936
▁Embrace	56937
▁Enhance	56938
▁Estienne	56939
▁Fei	56940
▁Hampton	56941
▁Humbly	56942
▁JOB	56943
▁Joab	56944
▁Katsu	56945
▁Lagu	56946
▁Manners	56947
▁Marques	56948
▁Meaningful	56949
▁Meshach	56950
▁Midwest	56951
▁Monaco	56952
▁Morton	56953
▁Mysterious	56954
▁POST	56955
▁PROFILE	56956
▁PROTECT	56957
▁PUBLIC	56958
▁PURPOSE	56959
▁Pando	56960
▁Passion	56961
▁Patrol	56962
▁Payne	56963
▁Perl	56964
▁Philosophy	56965
▁Principle	56966
▁Queue	56967
▁Ravensbrück	56968
▁SOMETHING	56969
▁Sabine	56970
▁Sarti	56971
▁Saviour	56972
▁Seminary	56973
▁Shadrac	56974
▁Shak	56975
▁Significant	56976
▁Spiegel	56977
▁Syntax	56978
▁Thieves	56979
▁Threatened	56980
▁Toynbee	56981
▁Vespasian	56982
▁Voluntar	56983
▁Werth	56984
▁abated	56985
▁aggressor	56986
▁arbitr	56987
▁archaic	56988
▁arousal	56989
▁avowed	56990
▁bereavement	56991
▁bourbon	56992
▁burgers	56993
▁burglaries	56994
▁chafe	56995
▁chameleon	56996
▁cleft	56997
▁clockwise	56998
▁comprising	56999
▁contagion	57000
▁contingency	57001
▁copious	57002
▁culminat	57003
▁deformities	57004
▁deplore	57005
▁detach	57006
▁disgruntled	57007
▁fluorescent	57008
▁geologic	57009
▁gunpowder	57010
▁heartrending	57011
▁hygienic	57012
▁infallibility	57013
▁instigator	57014
▁ivy	57015
▁lavender	57016
▁legitimacy	57017
▁lenient	57018
▁mamma	57019
▁martini	57020
▁midheaven	57021
▁mould	57022
▁mucus	57023
▁multiplies	57024
▁mummy	57025
▁nostalgic	57026
▁ooze	57027
▁ornamental	57028
▁palsy	57029
▁panorama	57030
▁paralytic	57031
▁paralyze	57032
▁puma	57033
▁reenact	57034
▁reevaluate	57035
▁rhetorical	57036
▁rivet	57037
▁rustling	57038
▁scanty	57039
▁scrambling	57040
▁skipper	57041
▁sociable	57042
▁substantiate	57043
▁supplant	57044
▁televised	57045
▁terrorized	57046
▁trimmed	57047
▁truckload	57048
▁twinkle	57049
▁unsettled	57050
▁utiliz	57051
▁whipping	57052
但	57053
彦	57054
款	57055
畝	57056
疽	57057
矮	57058
胡	57059
蒙	57060
閾	57061
Among	57062
Armageddon	57063
Brought	57064
CENT	57065
Church	57066
Earth	57067
Fuck	57068
RQ	57069
beast	57070
crucify	57071
deliver	57072
hack	57073
inherit	57074
lmeida	57075
moving	57076
phesh	57077
pretty	57078
rimo	57079
wept	57080
ě	57081
▁$3,000	57082
▁ARCH	57083
▁Abdul	57084
▁Afrikaans	57085
▁Alamo	57086
▁Analyze	57087
▁Anticipat	57088
▁Apostate	57089
▁Assisi	57090
▁Beatty	57091
▁Bigger	57092
▁Bolshevik	57093
▁CLOSE	57094
▁Cartr	57095
▁Collapse	57096
▁Config	57097
▁Dignity	57098
▁Dresden	57099
▁Erwin	57100
▁GREEN	57101
▁Gator	57102
▁Gertrud	57103
▁Glorify	57104
▁Hamlet	57105
▁Handsome	57106
▁Initiative	57107
▁Inuit	57108
▁KWord	57109
▁LEARNED	57110
▁Lebanese	57111
▁Monterey	57112
▁Moody	57113
▁Paolo	57114
▁Psychologist	57115
▁Pumpkin	57116
▁RULE	57117
▁Repentance	57118
▁Saskatchewan	57119
▁Shinar	57120
▁Springfield	57121
▁Stasi	57122
▁Stoddard	57123
▁Stuttgart	57124
▁Tagalog	57125
▁Temporary	57126
▁Theologian	57127
▁Thorough	57128
▁Tischendorf	57129
▁Tonga	57130
▁UNIX	57131
▁Unborn	57132
▁Uniform	57133
▁Uzbekistan	57134
▁Wireless	57135
▁adjourn	57136
▁anarchist	57137
▁baffle	57138
▁chaperon	57139
▁consigned	57140
▁contemplation	57141
▁contemptuous	57142
▁demolish	57143
▁dipping	57144
▁distributive	57145
▁eardrum	57146
▁endemic	57147
▁enterprising	57148
▁fallacy	57149
▁gloat	57150
▁harrowing	57151
▁illogical	57152
▁indicted	57153
▁inertia	57154
▁infertility	57155
▁intimacies	57156
▁inventive	57157
▁irrefutable	57158
▁jolly	57159
▁legislator	57160
▁millstone	57161
▁motorized	57162
▁mysticism	57163
▁overthrew	57164
▁pentag	57165
▁platinum	57166
▁pressuring	57167
▁sackcloth	57168
▁sapiens	57169
▁shrivel	57170
▁sloping	57171
▁sneezing	57172
▁subsist	57173
▁succinct	57174
▁termination	57175
▁thirtie	57176
▁tooltip	57177
▁triang	57178
▁turban	57179
▁utopia	57180
▁withstood	57181
❏	57182
揮	57183
栗	57184
淳	57185
炙	57186
獰	57187
諺	57188
豊	57189
4.5	57190
Doctor	57191
Kansai	57192
Lu	57193
MBLE	57194
Millions	57195
PEG	57196
RPG	57197
Saul	57198
bayashi	57199
belief	57200
branches	57201
bulb	57202
christen	57203
eregrin	57204
evident	57205
ibbs	57206
odb	57207
ompa	57208
rhythm	57209
sacrifice	57210
scorpion	57211
sometimes	57212
terminal	57213
▁0.01	57214
▁1907	57215
▁Aeronautic	57216
▁Affection	57217
▁Akbar	57218
▁Armada	57219
▁Bartholomew	57220
▁Belarus	57221
▁Brenner	57222
▁CAPT	57223
▁CLASS	57224
▁Cheng	57225
▁Chrome	57226
▁Combine	57227
▁Comparison	57228
▁Curiosity	57229
▁Demetrius	57230
▁Desperate	57231
▁Dwarf	57232
▁Ecclesiastic	57233
▁Eisenhower	57234
▁Encounter	57235
▁Fame	57236
▁Fossil	57237
▁Gratitude	57238
▁Grip	57239
▁Heinz	57240
▁Hippo	57241
▁Immigration	57242
▁Intolerance	57243
▁Isolate	57244
▁Jael	57245
▁KILL	57246
▁Kosovo	57247
▁LIVING	57248
▁LONDON	57249
▁Mauritius	57250
▁Mennonite	57251
▁Merc	57252
▁Migration	57253
▁Multiply	57254
▁Multitude	57255
▁Natsum	57256
▁PREACHING	57257
▁Particle	57258
▁Planne	57259
▁Rando	57260
▁Rockefeller	57261
▁Rudolph	57262
▁STRANGE	57263
▁Seir	57264
▁Strasbourg	57265
▁Suspend	57266
▁Sylvie	57267
▁Tammy	57268
▁Toyota	57269
▁UTF	57270
▁Viceroy	57271
▁Wholesome	57272
▁Wiki	57273
▁Wyoming	57274
▁Zarephath	57275
▁aristocracy	57276
▁bioluminescen	57277
▁botanical	57278
▁cellulose	57279
▁coequal	57280
▁condescending	57281
▁contraption	57282
▁corps	57283
▁dashboard	57284
▁dike	57285
▁disembark	57286
▁dismember	57287
▁dynamically	57288
▁efficacy	57289
▁entitle	57290
▁epitome	57291
▁famished	57292
▁fascist	57293
▁femto	57294
▁grandparent	57295
▁handcuffed	57296
▁hashish	57297
▁hazy	57298
▁hypnotism	57299
▁immeasurable	57300
▁incessant	57301
▁interwoven	57302
▁juggle	57303
▁latte	57304
▁loiter	57305
▁luminosity	57306
▁macho	57307
▁molar	57308
▁munitions	57309
▁phosphate	57310
▁pitfall	57311
▁precursor	57312
▁recoil	57313
▁recuperate	57314
▁recursion	57315
▁refrigeration	57316
▁regrettable	57317
▁safari	57318
▁scrubbed	57319
▁shading	57320
▁skirmish	57321
▁slapping	57322
▁sleek	57323
▁smitten	57324
▁snowflake	57325
▁speculative	57326
▁studded	57327
▁tern	57328
▁testament	57329
▁tether	57330
▁thylacine	57331
▁untrained	57332
▁whiff	57333
▁zenith	57334
▁イザベ	57335
串	57336
佳	57337
喪	57338
妄	57339
毯	57340
粥	57341
膳	57342
遁	57343
餅	57344
Alphabet	57345
Claire	57346
Course	57347
European	57348
Finally	57349
Gabriel	57350
Hwa	57351
IRM	57352
Japan	57353
Latin	57354
Messiah	57355
Thus	57356
Walk	57357
Woman	57358
ZZ	57359
animal	57360
disbelievers	57361
doubt	57362
minant	57363
nificence	57364
satisfied	57365
vpn	57366
î	57367
▁$35	57368
▁007	57369
▁Affirmative	57370
▁Akane	57371
▁Beatles	57372
▁Britons	57373
▁Bubble	57374
▁Cabinet	57375
▁Cadillac	57376
▁Celebration	57377
▁Clarence	57378
▁Confucius	57379
▁Despair	57380
▁Draft	57381
▁Duchemin	57382
▁Emmet	57383
▁Engag	57384
▁Exhibition	57385
▁Explosion	57386
▁FTP	57387
▁Firefox	57388
▁Gardiner	57389
▁Gibeon	57390
▁Grisha	57391
▁Hendrick	57392
▁IPTC	57393
▁Illegal	57394
▁Kirkland	57395
▁Krau	57396
▁Kyrgyzstan	57397
▁Leaf	57398
▁MAKING	57399
▁Mauricio	57400
▁McCoy	57401
▁Opportunity	57402
▁PRINTE	57403
▁Protein	57404
▁REVELATION	57405
▁ROT	57406
▁Recreation	57407
▁Rhino	57408
▁Rotherham	57409
▁SCHOOL	57410
▁Smash	57411
▁Sputnik	57412
▁Steam	57413
▁Suppress	57414
▁Surrounded	57415
▁Sydlik	57416
▁Thirst	57417
▁Trauma	57418
▁Unselfish	57419
▁academi	57420
▁aperture	57421
▁aphids	57422
▁automotive	57423
▁berth	57424
▁bureaucracy	57425
▁catfish	57426
▁commentaries	57427
▁congregator	57428
▁contaminant	57429
▁continuum	57430
▁dec	57431
▁deferred	57432
▁ecstatic	57433
▁embolden	57434
▁ensnare	57435
▁enthralled	57436
▁fiftie	57437
▁fluke	57438
▁flunk	57439
▁forethought	57440
▁gnash	57441
▁gourmet	57442
▁incubation	57443
▁interdependence	57444
▁intermittent	57445
▁liturgy	57446
▁mafia	57447
▁mermaid	57448
▁mismatch	57449
▁patrolling	57450
▁pocketbook	57451
▁poignant	57452
▁posit	57453
▁prettiest	57454
▁prioritize	57455
▁refract	57456
▁rehearsing	57457
▁reschedule	57458
▁sledge	57459
▁snort	57460
▁spade	57461
▁stemmed	57462
▁stepparent	57463
▁symmetric	57464
▁unmarke	57465
▁unreachabl	57466
▁violinist	57467
▁wikipedia	57468
▁zipper	57469
▁巡らし	57470
▁探し出	57471
克	57472
吝	57473
囮	57474
拙	57475
篇	57476
舗	57477
詣	57478
酬	57479
馴	57480
3.5	57481
HOT	57482
Hypocrite	57483
Lazarus	57484
Parents	57485
Psalm	57486
Travel	57487
accurate	57488
anguage	57489
crimination	57490
html	57491
lecommunications	57492
maritime	57493
ocracy	57494
rostrate	57495
terstellar	57496
ttuned	57497
wonderful	57498
yphon	57499
õ	57500
ʽ	57501
▁$1.25	57502
▁Abijah	57503
▁Adjustment	57504
▁Annette	57505
▁BLOOD	57506
▁BMW	57507
▁Beecher	57508
▁Burger	57509
▁Compromise	57510
▁Consolidate	57511
▁Crocodile	57512
▁DESIGNED	57513
▁Denis	57514
▁Denton	57515
▁Dodge	57516
▁Duches	57517
▁Emanuel	57518
▁Foretell	57519
▁Forgotten	57520
▁Fuente	57521
▁GREECE	57522
▁Gittes	57523
▁Hatch	57524
▁Heidi	57525
▁Homework	57526
▁Ignorance	57527
▁Jenna	57528
▁Kidney	57529
▁Leipzig	57530
▁MCS	57531
▁MPlayer	57532
▁Martinique	57533
▁Mombasa	57534
▁Nadia	57535
▁Noriko	57536
▁Odessa	57537
▁Orpah	57538
▁PROVIDE	57539
▁País	57540
▁Porsche	57541
▁Possession	57542
▁PostgreSQL	57543
▁Presid	57544
▁RUSSIAN	57545
▁Restart	57546
▁Rosario	57547
▁Rupert	57548
▁STORY	57549
▁Seemingly	57550
▁Striking	57551
▁Stroke	57552
▁Supernatural	57553
▁Surrender	57554
▁TRUST	57555
▁Trish	57556
▁Troop	57557
▁Trudy	57558
▁Tulsa	57559
▁WORSHIP	57560
▁Yates	57561
▁Zaïre	57562
▁abolition	57563
▁antiseptic	57564
▁ballast	57565
▁bitumen	57566
▁brevity	57567
▁brocade	57568
▁circumvent	57569
▁clasp	57570
▁concoction	57571
▁consummate	57572
▁coordinat	57573
▁creak	57574
▁denarius	57575
▁deodorant	57576
▁dependability	57577
▁depressive	57578
▁diffusion	57579
▁dirge	57580
▁disorganized	57581
▁esophagus	57582
▁evasive	57583
▁exonerated	57584
▁fickle	57585
▁fictitious	57586
▁furrow	57587
▁gnat	57588
▁grappl	57589
▁homolog	57590
▁hopping	57591
▁identifiable	57592
▁immigrated	57593
▁interdependent	57594
▁intermediary	57595
▁kinsman	57596
▁likable	57597
▁lonesome	57598
▁maidservant	57599
▁marsupial	57600
▁midwives	57601
▁mimick	57602
▁misusing	57603
▁muffin	57604
▁pail	57605
▁ponies	57606
▁porcupine	57607
▁prawn	57608
▁quinine	57609
▁ratified	57610
▁ravenous	57611
▁recapture	57612
▁registrar	57613
▁repression	57614
▁simplifie	57615
▁subscript	57616
▁thrash	57617
▁treasur	57618
▁turd	57619
▁unburden	57620
▁vascular	57621
▁waning	57622
來	57623
吟	57624
哉	57625
忠	57626
於	57627
楊	57628
痔	57629
盪	57630
翅	57631
躾	57632
鞘	57633
飽	57634
鷲	57635
Answer	57636
Chapter	57637
Connell	57638
Ordinary	57639
STRUCT	57640
Sanctify	57641
Script	57642
agol	57643
archiv	57644
cedar	57645
constant	57646
esteem	57647
guilty	57648
index	57649
malware	57650
mild	57651
ompanies	57652
ordinate	57653
shikawa	57654
understand	57655
▁$15,000	57656
▁$30,000	57657
▁Acropolis	57658
▁Balloon	57659
▁Bartok	57660
▁Beetle	57661
▁Braga	57662
▁Buchenwald	57663
▁Buzz	57664
▁CONTROL	57665
▁Clayton	57666
▁Clergymen	57667
▁Connolly	57668
▁Cream	57669
▁Croix	57670
▁Derby	57671
▁Elsie	57672
▁Emphasis	57673
▁Galapagos	57674
▁Grayscale	57675
▁Grew	57676
▁Guadeloupe	57677
▁Hammurabi	57678
▁Hoyle	57679
▁Ishtar	57680
▁KOffice	57681
▁KStars	57682
▁Kaiser	57683
▁Khmer	57684
▁Kiribati	57685
▁Kodak	57686
▁Krusader	57687
▁Lawgiver	57688
▁Leningrad	57689
▁Located	57690
▁Marduk	57691
▁Masoretes	57692
▁Muj	57693
▁Noteworthy	57694
▁Olympus	57695
▁PRAYER	57696
▁Parse	57697
▁Potent	57698
▁Rachael	57699
▁Raju	57700
▁Samurai	57701
▁Strig	57702
▁Surveillance	57703
▁Swap	57704
▁Swingle	57705
▁Thessalonian	57706
▁Trek	57707
▁Tuttle	57708
▁Zealots	57709
▁apnea	57710
▁aurora	57711
▁baffling	57712
▁ballerina	57713
▁banishment	57714
▁bidder	57715
▁bronchi	57716
▁composure	57717
▁congested	57718
▁conquistadores	57719
▁counterattack	57720
▁croc	57721
▁defame	57722
▁disinfectant	57723
▁emphatic	57724
▁enchanted	57725
▁enforcing	57726
▁excusing	57727
▁floppy	57728
▁gangrene	57729
▁grapefruit	57730
▁hierarchical	57731
▁incinerator	57732
▁inestimable	57733
▁intertwined	57734
▁keel	57735
▁kilometres	57736
▁lustful	57737
▁mongoose	57738
▁overdrinking	57739
▁paranormal	57740
▁plaything	57741
▁proficiency	57742
▁rabid	57743
▁receptor	57744
▁ruff	57745
▁scandalous	57746
▁shekels	57747
▁trodden	57748
▁unattractive	57749
▁undisputed	57750
▁uneasiness	57751
▁unscientific	57752
▁unswerving	57753
▁苦悶	57754
惜	57755
攪	57756
棘	57757
溜	57758
矩	57759
閹	57760
**	57761
-1-1	57762
Abundant	57763
Jewish	57764
Neutrality	57765
Sufficient	57766
decimal	57767
discreet	57768
education	57769
jump	57770
nesthesiologist	57771
ntitled	57772
ogi	57773
orrhea	57774
ounterproductive	57775
piphany	57776
ström	57777
wheat	57778
Þ	57779
▁ACCORDING	57780
▁Antônio	57781
▁Applied	57782
▁Arthritis	57783
▁BELIEVE	57784
▁Basilica	57785
▁Breakdown	57786
▁CHINA	57787
▁Capric	57788
▁Chapel	57789
▁Cliff	57790
▁Colossian	57791
▁Coptic	57792
▁Cretan	57793
▁Dagger	57794
▁Encouraging	57795
▁Equatorial	57796
▁Examination	57797
▁Felicia	57798
▁HOLY	57799
▁IMF	57800
▁JAMES	57801
▁Jorna	57802
▁Jotham	57803
▁Kishon	57804
▁LEAD	57805
▁Lemuel	57806
▁Lynd	57807
▁MATTER	57808
▁Maltese	57809
▁Marseilles	57810
▁Minami	57811
▁Motive	57812
▁Narcotic	57813
▁Neutral	57814
▁Offset	57815
▁Orlando	57816
▁Pascal	57817
▁Perspective	57818
▁Rarely	57819
▁SECOND	57820
▁SURVIV	57821
▁Sapporo	57822
▁Shelley	57823
▁Shipping	57824
▁Sinaiticus	57825
▁Statute	57826
▁Strategic	57827
▁Supplement	57828
▁Synthetic	57829
▁Tabitha	57830
▁Temptation	57831
▁Tigris	57832
▁Tolerance	57833
▁Toxic	57834
▁Tufts	57835
▁Typhoon	57836
▁Valdez	57837
▁Whiskey	57838
▁XIV	57839
▁YHWH	57840
▁activism	57841
▁airstrip	57842
▁allege	57843
▁amphitheater	57844
▁aptitude	57845
▁armpit	57846
▁barbiturate	57847
▁bisect	57848
▁celibate	57849
▁constable	57850
▁consulate	57851
▁dialysis	57852
▁docile	57853
▁dreary	57854
▁electrocuted	57855
▁embargo	57856
▁enumerat	57857
▁fanned	57858
▁fauna	57859
▁garland	57860
▁gazelle	57861
▁heaviness	57862
▁illustrative	57863
▁interracial	57864
▁invigorate	57865
▁juggling	57866
▁larynx	57867
▁laureate	57868
▁limelight	57869
▁magma	57870
▁masonry	57871
▁measurable	57872
▁melanoma	57873
▁melodious	57874
▁misinformation	57875
▁monogamy	57876
▁negligible	57877
▁neurotic	57878
▁obscenities	57879
▁paraphernalia	57880
▁picturing	57881
▁piñata	57882
▁poaching	57883
▁prism	57884
▁prognosis	57885
▁prophesies	57886
▁qualification	57887
▁quantify	57888
▁rallies	57889
▁rheumato	57890
▁scarecrow	57891
▁scholastic	57892
▁sentinel	57893
▁strawberry	57894
▁tradesmen	57895
▁triune	57896
▁unfavorably	57897
▁unreasoning	57898
▁vaccinated	57899
▁versatility	57900
▁volleyball	57901
冴	57902
墾	57903
拌	57904
淹	57905
膣	57906
葡	57907
蛾	57908
飴	57909
이	57910
Concerning	57911
Cub	57912
Enjoy	57913
Islamic	57914
PRODUCT	57915
Rather	57916
aril	57917
destroy	57918
encoding	57919
energy	57920
mbry	57921
messenger	57922
neurotransmitter	57923
nnuity	57924
soldier	57925
tsuya	57926
typical	57927
▁AVOID	57928
▁Andromeda	57929
▁Authentic	57930
▁Banning	57931
▁Braddock	57932
▁Budget	57933
▁Calamity	57934
▁Centauri	57935
▁Championship	57936
▁Complain	57937
▁Crispi	57938
▁DANGER	57939
▁Debug	57940
▁Deleting	57941
▁Diocletian	57942
▁EPHES	57943
▁Employee	57944
▁Ennis	57945
▁Exercising	57946
▁Expert	57947
▁Extraordinary	57948
▁Fiction	57949
▁Giovanni	57950
▁Gracias	57951
▁Haifa	57952
▁Jarvi	57953
▁Jealous	57954
▁Jensen	57955
▁Kathmandu	57956
▁Kidnapping	57957
▁Kontact	57958
▁Leicester	57959
▁Lindsay	57960
▁Manfred	57961
▁Minneapolis	57962
▁Mitsu	57963
▁Nahuatl	57964
▁ORDER	57965
▁OWN	57966
▁PLAYING	57967
▁Piano	57968
▁Psychiatry	57969
▁RUSSIA	57970
▁Reasonableness	57971
▁Recit	57972
▁Reflection	57973
▁Resume	57974
▁Salaam	57975
▁Santin	57976
▁Shinjuku	57977
▁Sketch	57978
▁Slavic	57979
▁Statistical	57980
▁Suzanne	57981
▁Swim	57982
▁TUC	57983
▁Unhappily	57984
▁Vashti	57985
▁Venetian	57986
▁Warfare	57987
▁YORK	57988
▁abhorrence	57989
▁appraise	57990
▁arctic	57991
▁attributable	57992
▁austere	57993
▁celebrator	57994
▁cervix	57995
▁cherries	57996
▁collage	57997
▁colonization	57998
▁credulity	57999
▁cynicism	58000
▁deranged	58001
▁disinfect	58002
▁domineering	58003
▁dysentery	58004
▁evangelization	58005
▁expansive	58006
▁femur	58007
▁genealogies	58008
▁hieroglyphic	58009
▁interlock	58010
▁ipsec	58011
▁irregularities	58012
▁jackpot	58013
▁kudu	58014
▁lexicon	58015
▁macaw	58016
▁matrimony	58017
▁maturing	58018
▁murky	58019
▁negotiator	58020
▁nudity	58021
▁pharaoh	58022
▁procrastinate	58023
▁prototyp	58024
▁quizzes	58025
▁reciprocate	58026
▁reimburse	58027
▁sapphire	58028
▁segregation	58029
▁sensibilities	58030
▁separatist	58031
▁sequoia	58032
▁shabby	58033
▁soluble	58034
▁spruce	58035
▁stipulate	58036
▁tectonic	58037
▁treasuries	58038
▁uninformed	58039
▁unsettling	58040
▁venomous	58041
▁ventilated	58042
されど	58043
嗇	58044
慌	58045
某	58046
珪	58047
萌	58048
AWAKE	58049
Express	58050
Italian	58051
Maintain	58052
Sahara	58053
assigned	58054
calculate	58055
cluster	58056
kw	58057
paradise	58058
pologies	58059
species	58060
trouble	58061
weather	58062
▁Aristarchus	58063
▁Attaboy	58064
▁Barclay	58065
▁Bristol	58066
▁Carlyle	58067
▁Colony	58068
▁Daemon	58069
▁Delilah	58070
▁Duplessis	58071
▁EAST	58072
▁Evangelizer	58073
▁FOLLOW	58074
▁Fitzgerald	58075
▁Floor	58076
▁Glacier	58077
▁MEMORIAL	58078
▁Mercator	58079
▁Midnight	58080
▁Miraculous	58081
▁Oswald	58082
▁Plymouth	58083
▁Psychological	58084
▁Regained	58085
▁SHARE	58086
▁amalgam	58087
▁collaborat	58088
▁cyanide	58089
▁debugger	58090
▁physique	58091
▁polytheism	58092
▁seamless	58093
午	58094
喧	58095
憐	58096
昏	58097
歓	58098
沫	58099
睾	58100
禅	58101
萄	58102
蘭	58103
飢	58104
answer	58105
generated	58106
Ç	58107
Ó	58108
ū	58109
ς	58110
▁Autumn	58111
▁BROTHER	58112
▁FEMA	58113
▁Friar	58114
▁Guerrero	58115
▁Shrink	58116
▁Worried	58117
▁deletion	58118
▁substring	58119
俳	58120
凸	58121
嬰	58122
徊	58123
怨	58124
慄	58125
栽	58126
濡	58127
瓜	58128
瞭	58129
腑	58130
藁	58131
賑	58132
躙	58133
郵	58134
陀	58135
零	58136
駕	58137
Command	58138
gor	58139
oda	58140
▁Athletic	58141
▁CONTINU	58142
▁Congr	58143
▁Execut	58144
▁KDEPrint	58145
▁NULL	58146
▁Okular	58147
▁SPRING	58148
▁Ultimate	58149
▁ldap	58150
▁sequenc	58151
吻	58152
彷	58153
徘	58154
慶	58155
萎	58156
蜃	58157
褥	58158
鍾	58159
yun	58160
▁Calgary	58161
塚	58162
康	58163
櫂	58164
猥	58165
箔	58166
蚕	58167
蝿	58168
ACON	58169
▁FRANK	58170
▁Surrey	58171
❍	58172
乖	58173
娼	58174
淑	58175
滓	58176
疼	58177
矛	58178
窯	58179
糾	58180
維	58181
脹	58182
蒲	58183
貼っ	58184
CERO	58185
Deaden	58186
′	58187
▁rue	58188
▁schema	58189
わらず	58190
兜	58191
唸	58192
堪	58193
膠	58194
臀	58195
葺	58196
酋	58197
酢	58198
閘	58199
[0	58200
û	58201
ε	58202
ц	58203
寡	58204
崗	58205
恍	58206
挺	58207
曝	58208
柏	58209
械	58210
漬	58211
焔	58212
癇	58213
稜	58214
裾	58215
詠	58216
辣	58217
饒	58218
▁%{	58219
▁1610	58220
▁WORTH	58221
塑	58222
徨	58223
扮	58224
斡	58225
槃	58226
涅	58227
磯	58228
穣	58229
纂	58230
藪	58231
詳	58232
駝	58233
駿	58234
φ	58235
е	58236
ы	58237
խ	58238
▁ROCH	58239
ヲ	58240
乙	58241
恰	58242
攫	58243
穀	58244
芯	58245
蒼	58246
鑽	58247
▁PALM	58248
忽	58249
悶	58250
梳	58251
疇	58252
碧	58253
祓	58254
謳	58255
隈	58256
﨑	58257
Ն	58258
▁Exposition	58259
劫	58260
弘	58261
椒	58262
殉	58263
窟	58264
螺	58265
邑	58266
Ô	58267
ָ	58268
‛	58269
▁FRES	58270
▁KENNE	58271
▁LOUIS	58272
▁Tacoma	58273
厭	58274
悸	58275
毀	58276
浩	58277
燭	58278
篭	58279
繩	58280
芥	58281
tem	58282
Ա	58283
劉	58284
咎	58285
桑	58286
祷	58287
綸	58288
繍	58289
蓑	58290
辻	58291
ŏ	58292
і	58293
▁ANGELES	58294
做	58295
實	58296
摯	58297
棍	58298
瀝	58299
癪	58300
碁	58301
績	58302
霞	58303
鴨	58304
3.6	58305
Line	58306
tending	58307
Σ	58308
Թ	58309
▁Rugby	58310
☞	58311
❖	58312
姜	58313
揆	58314
朧	58315
疸	58316
裟	58317
蹟	58318
遵	58319
醸	58320
ection	58321
inned	58322
ę	58323
ś	58324
▁Cork	58325
▁Hwy	58326
みなさ	58327
乃	58328
亢	58329
刎	58330
升	58331
噌	58332
尼	58333
扇	58334
旭	58335
溢	58336
灌	58337
蝸	58338
袈	58339
鎌	58340
鴉	58341
chasti	58342
umbi	58343
Ν	58344
Ω	58345
γ	58346
丼	58347
几	58348
堡	58349
堰	58350
嫡	58351
巷	58352
幌	58353
惰	58354
李	58355
泌	58356
痺	58357
繹	58358
郊	58359
uwa	58360
̆	58361
▁0496	58362
▁COLUMBIA	58363
叉	58364
幡	58365
庸	58366
惟	58367
柿	58368
煌	58369
痒	58370
繊	58371
蛮	58372
誹	58373
貶	58374
鋸	58375
Korean	58376
▁JACKSON	58377
▁UNION	58378
弥	58379
憾	58380
捷	58381
梢	58382
絢	58383
羌	58384
薙	58385
采	58386
호	58387
£	58388
א	58389
▁nnn	58390
叡	58391
撚	58392
櫃	58393
漿	58394
玩	58395
瘡	58396
禿	58397
菱	58398
躓	58399
闊	58400
DALE	58401
փ	58402
沐	58403
瘢	58404
箒	58405
聳	58406
贋	58407
阪	58408
ò	58409
ν	58410
ο	58411
俵	58412
夥	58413
橈	58414
澱	58415
炸	58416
租	58417
菩	58418
謄	58419
DISON	58420
‡	58421
▁Hempstead	58422
〒	58423
こんばんは	58424
偕	58425
呻	58426
坪	58427
壷	58428
孕	58429
掩	58430
杉	58431
橙	58432
瀑	58433
燻	58434
痣	58435
瘍	58436
瞰	58437
竿	58438
蕾	58439
豹	58440
İ	58441
ゎ	58442
冗	58443
冤	58444
啄	58445
塾	58446
寵	58447
斤	58448
氣	58449
茹	58450
謬	58451
CHU	58452
ч	58453
ִ	58454
俊	58455
傑	58456
夷	58457
帷	58458
廟	58459
掠	58460
楯	58461
猪	58462
碗	58463
穹	58464
窄	58465
羞	58466
般	58467
茸	58468
菅	58469
褄	58470
蹂	58471
雛	58472
鯉	58473
®	58474
ř	58475
Դ	58476
օ	58477
ש	58478
〇	58479
亘	58480
厩	58481
呂	58482
悛	58483
撹	58484
瞥	58485
瞼	58486
秦	58487
衷	58488
譴	58489
趨	58490
輻	58491
遜	58492
鋒	58493
骼	58494
isunderstandings	58495
̃	58496
伎	58497
咥	58498
嘱	58499
撥	58500
櫑	58501
腿	58502
艘	58503
芳	58504
裳	58505
迦	58506
銛	58507
נ	58508
∂	58509
◇	58510
亮	58511
宕	58512
廁	58513
慧	58514
楓	58515
氾	58516
硝	58517
窪	58518
艶	58519
裡	58520
附	58521
雹	58522
鮭	58523
ְ	58524
†	58525
儂	58526
巫	58527
幇	58528
旱	58529
殲	58530
澤	58531
籤	58532
蔓	58533
蟹	58534
詭	58535
鋲	58536
鍮	58537
閥	58538
魃	58539
928	58540
À	58541
Ý	58542
ė	58543
ׁ	58544
倹	58545
厄	58546
叢	58547
圭	58548
央	58549
撼	58550
昌	58551
曳	58552
洲	58553
簒	58554
籾	58555
羔	58556
辟	58557
醤	58558
陵	58559
Ş	58560
ξ	58561
ּ	58562
匙	58563
吼	58564
妾	58565
宏	58566
岬	58567
憚	58568
燥	58569
犠	58570
綾	58571
薩	58572
鄭	58573
錨	58574
靱	58575
餃	58576
齧	58577
성	58578
시	58579
찬	58580
ă	58581
ą	58582
⇒	58583
▵	58584
▿	58585
丹	58586
劾	58587
彡	58588
悉	58589
昆	58590
椀	58591
渚	58592
渤	58593
潅	58594
狸	58595
疝	58596
碍	58597
葱	58598
詛	58599
謙	58600
鉗	58601
鍔	58602
頷	58603
顆	58604
̧	58605
Г	58606
僭	58607
咆	58608
哮	58609
嘔	58610
埒	58611
昂	58612
柩	58613
櫛	58614
滋	58615
督	58616
禄	58617
葦	58618
越える	58619
迭	58620
顏	58621
驕	58622
鸞	58623
김	58624
Ú	58625
ù	58626
ω	58627
ό	58628
ת	58629
いまし	58630
゙	58631
卍	58632
宇	58633
已	58634
庄	58635
戰	58636
摺	58637
樋	58638
櫓	58639
牝	58640
皺	58641
瞑	58642
竄	58643
茨	58644
蚤	58645
邁	58646
鎭	58647
饗	58648
鰐	58649
鱈	58650
leo	58651
§	58652
Ò	58653
Ł	58654
Α	58655
Ռ	58656
≦	58657
♂	58658
儚	58659
冑	58660
勧	58661
寶	58662
峻	58663
巳	58664
恣	58665
涯	58666
熔	58667
猜	58668
秉	58669
窺	58670
謂	58671
釉	58672
釧	58673
鍬	58674
雁	58675
쿤	58676
¦	58677
Ā	58678
ň	58679
Э	58680
ֶ	58681
ַ	58682
⇧	58683
▁Tpk	58684
ゐ	58685
伽	58686
偲	58687
叛	58688
嬌	58689
會	58690
淀	58691
煤	58692
癬	58693
羋	58694
聡	58695
蛸	58696
衍	58697
辰	58698
鄙	58699
Ð	58700
Ñ	58701
ì	58702
̈	58703
Т	58704
з	58705
ш	58706
Բ	58707
亦	58708
刹	58709
吧	58710
坏	58711
壌	58712
婉	58713
抉	58714
按	58715
柑	58716
汐	58717
洪	58718
浚	58719
涸	58720
禎	58721
禮	58722
綻	58723
腋	58724
臍	58725
舶	58726
苑	58727
茫	58728
蔡	58729
虱	58730
蠕	58731
跨	58732
逞	58733
頚	58734
translat	58735
ι	58736
Ս	58737
ל	58738
⇨	58739
〃	58740
嫉	58741
岳	58742
庵	58743
据	58744
曰	58745
朋	58746
柴	58747
榎	58748
樖	58749
渫	58750
漲	58751
爧	58752
狗	58753
祀	58754
綜	58755
綽	58756
芬	58757
荳	58758
賽	58759
躪	58760
軋	58761
輔	58762
駱	58763
니	58764
Ê	58765
Ø	58766
ć	58767
ʺ	58768
к	58769
ю	58770
♯	58771
噪	58772
囗	58773
撰	58774
杜	58775
棕	58776
椅	58777
榜	58778
檀	58779
櫚	58780
湘	58781
瀉	58782
狀	58783
猩	58784
矽	58785
磐	58786
籐	58787
脾	58788
藩	58789
較	58790
醍	58791
醐	58792
錫	58793
鮫	58794
黛	58795
는	58796
itted	58797
œ	58798
ţ	58799
я	58800
פ	58801
∨	58802
★	58803
仄	58804
啊	58805
恚	58806
曼	58807
柊	58808
歲	58809
燕	58810
牒	58811
玟	58812
癩	58813
窃	58814
筑	58815
箍	58816
籃	58817
糜	58818
緘	58819
腓	58820
芻	58821
苺	58822
詈	58823
轍	58824
靖	58825
魁	58826
Č	58827
λ	58828
О	58829
ֹ	58830
ὁ	58831
✖	58832
凛	58833
剽	58834
埓	58835
婬	58836
宦	58837
披	58838
拿	58839
捧	58840
朦	58841
朱	58842
杏	58843
橘	58844
湛	58845
滲	58846
漉	58847
猊	58848
琉	58849
瑠	58850
祟	58851
笙	58852
筍	58853
筏	58854
萠	58855
萼	58856
葵	58857
蛭	58858
詔	58859
譫	58860
趙	58861
迸	58862
酉	58863
다	58864
아	58865
지	58866
Ō	58867
Φ	58868
κ	58869
қ	58870
ᄋ	58871
ὸ	58872
∧	58873
倶	58874
傅	58875
冀	58876
凭	58877
呟	58878
咀	58879
哭	58880
屏	58881
愉	58882
懼	58883
截	58884
晃	58885
桝	58886
梧	58887
棠	58888
椰	58889
歸	58890
涎	58891
濳	58892
炯	58893
畠	58894
眺	58895
稟	58896
竪	58897
竺	58898
箪	58899
篆	58900
緖	58901
莱	58902
萬	58903
褻	58904
訝	58905
諍	58906
賂	58907
距	58908
踝	58909
闃	58910
鱒	58911
요	58912
ǒ	58913
Б	58914
▲	58915
☆	58916
佇	58917
們	58918
傲	58919
凋	58920
嚼	58921
埼	58922
宋	58923
恕	58924
拇	58925
拮	58926
擲	58927
敲	58928
槶	58929
樺	58930
渾	58931
灸	58932
瑜	58933
疚	58934
經	58935
蠅	58936
袁	58937
褪	58938
訃	58939
軛	58940
逼	58941
遼	58942
醇	58943
鎗	58944
餞	58945
고	58946
분	58947
에	58948
Ż	58949
Է	58950
ժ	58951
ձ	58952
ᄉ	58953
≒	58954
゚	58955
噓	58956
姬	58957
屓	58958
慇	58959
懃	58960
捌	58961
擢	58962
楚	58963
沁	58964
瘻	58965
盂	58966
站	58967
竣	58968
笠	58969
笥	58970
簀	58971
紆	58972
紮	58973
翠	58974
菓	58975
蛹	58976
誂	58977
誨	58978
贔	58979
逗	58980
鉈	58981
鐵	58982
靂	58983
駈	58984
의	58985
창	58986
Π	58987
ֆ	58988
△	58989
●	58990
♥	58991
喬	58992
國	58993
坩	58994
堝	58995
奄	58996
孃	58997
捺	58998
措	58999
斂	59000
晚	59001
杓	59002
楔	59003
沒	59004
澹	59005
爛	59006
芒	59007
芹	59008
蕗	59009
褒	59010
褶	59011
遽	59012
閻	59013
饅	59014
體	59015
鳳	59016
麿	59017
그	59018
닉	59019
심	59020
형	59021
Ï	59022
Û	59023
Ś	59024
ů	59025
п	59026
Հ	59027
ᄀ	59028
ᄆ	59029
ẋ	59030
∞	59031
ヮ	59032
什	59033
侘	59034
僣	59035
允	59036
冪	59037
吗	59038
妨	59039
弼	59040
忺	59041
愾	59042
抄	59043
斟	59044
时	59045
杆	59046
渉	59047
漓	59048
濤	59049
燼	59050
珈	59051
琲	59052
碇	59053
笏	59054
篠	59055
翡	59056
荀	59057
蒢	59058
蓼	59059
蔗	59060
辜	59061
邱	59062
銑	59063
鍼	59064
长	59065
雫	59066
霹	59067
頌	59068
顛	59069
顫	59070
鬚	59071
서	59072
ő	59073
ż	59074
Ў	59075
Н	59076
ם	59077
ゑ	59078
个	59079
仗	59080
剌	59081
剔	59082
剖	59083
卻	59084
嗟	59085
寅	59086
巌	59087
循	59088
悖	59089
惡	59090
敦	59091
榊	59092
樣	59093
犂	59094
疣	59095
疳	59096
秩	59097
紊	59098
芟	59099
芷	59100
蓬	59101
蔚	59102
讐	59103
逓	59104
靡	59105
魯	59106
鮒	59107
鯖	59108
鰓	59109
麼	59110
黑	59111
가	59112
따	59113
장	59114
하	59115
Ë	59116
Ù	59117
ď	59118
η	59119
ρ	59120
А	59121
В	59122
Մ	59123
Ց	59124
־	59125
ן	59126
ע	59127
ר	59128
ᅡ	59129
ᅩ	59130
∀	59131
▾	59132
亥	59133
俄	59134
凪	59135
勒	59136
咄	59137
嗚	59138
壞	59139
壽	59140
奸	59141
妓	59142
將	59143
嵩	59144
忿	59145
愆	59146
戈	59147
揄	59148
揶	59149
效	59150
暈	59151
杵	59152
欝	59153
殷	59154
沽	59155
浣	59156
漱	59157
玥	59158
琵	59159
痰	59160
砥	59161
砧	59162
硼	59163
簾	59164
縷	59165
聘	59166
舅	59167
茄	59168
莞	59169
葞	59170
蠢	59171
訣	59172
讓	59173
貣	59174
这	59175
邵	59176
鄧	59177
鑞	59178
閏	59179
间	59180
颯	59181
鴗	59182
齎	59183
齔	59184
슈	59185
퍼	59186
ĭ	59187
ľ	59188
ŭ	59189
Ի	59190
อ	59191
Ḥ	59192
›	59193
₦	59194
≤	59195
▁Slad	59196
俣	59197
傀	59198
儒	59199
儡	59200
兌	59201
內	59202
兩	59203
卦	59204
咤	59205
嗎	59206
嗽	59207
垓	59208
婢	59209
嬉	59210
孩	59211
對	59212
巴	59213
廠	59214
很	59215
悴	59216
憊	59217
拐	59218
朔	59219
朕	59220
梵	59221
椿	59222
楷	59223
渠	59224
炕	59225
烽	59226
爾	59227
玲	59228
琶	59229
畿	59230
發	59231
眞	59232
砒	59233
穫	59234
穽	59235
筐	59236
粕	59237
聲	59238
芭	59239
蝉	59240
螢	59241
誅	59242
輿	59243
邊	59244
鋏	59245
鋤	59246
錮	59247
閤	59248
霖	59249
飜	59250
駟	59251
髏	59252
髑	59253
鬨	59254
鯛	59255
鵞	59256
대	59257
리	59258
백	59259
연	59260
자	59261
정	59262
죠	59263
ȩ	59264
̨	59265
̩	59266
Ι	59267
ғ	59268
Գ	59269
Կ	59270
ճ	59271
׃	59272
ק	59273
ᄂ	59274
ᅵ	59275
ṣ	59276
ẹ	59277
ἰ	59278
∫	59279
≥	59280
▁worshipp	59281
➤	59282
传	59283
冕	59284
冨	59285
呵	59286
啼	59287
噺	59288
嚥	59289
圳	59290
够	59291
姥	59292
媛	59293
孟	59294
应	59295
弩	59296
弯	59297
彿	59298
從	59299
怎	59300
恃	59301
恊	59302
恬	59303
愈	59304
愧	59305
憔	59306
憺	59307
搏	59308
擾	59309
晨	59310
曙	59311
杞	59312
棹	59313
欒	59314
汀	59315
溌	59316
漑	59317
濯	59318
爰	59319
畢	59320
疆	59321
痂	59322
稔	59323
穰	59324
笹	59325
筧	59326
總	59327
罐	59328
脋	59329
腟	59330
舍	59331
芦	59332
荻	59333
荼	59334
萩	59335
葯	59336
蕉	59337
藝	59338
蘆	59339
蛆	59340
蜥	59341
蜴	59342
蝙	59343
蝠	59344
说	59345
边	59346
还	59347
酩	59348
鉾	59349
鑚	59350
鑿	59351
饉	59352
饑	59353
鵬	59354
까	59355
명	59356
부	59357
입	59358
Õ	59359
Ă	59360
ĕ	59361
Ť	59362
Ÿ	59363
ʃ	59364
δ	59365
ύ	59366
ώ	59367
К	59368
ң	59369
Ո	59370
ב	59371
ס	59372
ร	59373
Ṭ	59374
⇔	59375
▼	59376
✘	59377
〆	59378
丑	59379
为	59380
乎	59381
们	59382
俑	59383
倚	59384
傳	59385
兒	59386
冲	59387
匍	59388
匡	59389
厘	59390
听	59391
咸	59392
唤	59393
啖	59394
喀	59395
喃	59396
嘗	59397
嘴	59398
图	59399
墙	59400
壜	59401
壬	59402
姐	59403
尸	59404
崔	59405
帶	59406
彎	59407
怜	59408
惠	59409
愴	59410
慟	59411
捩	59412
撓	59413
擩	59414
攘	59415
无	59416
晋	59417
樵	59418
檜	59419
每	59420
涛	59421
涵	59422
渣	59423
瀘	59424
灣	59425
燦	59426
盈	59427
碌	59428
碎	59429
离	59430
稠	59431
穎	59432
竈	59433
粟	59434
糺	59435
紘	59436
纉	59437
罫	59438
聽	59439
肖	59440
臺	59441
舳	59442
荅	59443
蒐	59444
藺	59445
虻	59446
蠍	59447
衿	59448
袂	59449
袴	59450
覺	59451
见	59452
觉	59453
註	59454
諒	59455
该	59456
輌	59457
閂	59458
闌	59459
闔	59460
關	59461
陛	59462
隼	59463
靄	59464
靜	59465
风	59466
餡	59467
餮	59468
饕	59469
馗	59470
駭	59471
騨	59472
鸣	59473
간	59474
거	59475
난	59476
린	59477
면	59478
사	59479
어	59480
은	59481
있	59482
택	59483
터	59484
황	59485
히	59486
Ń	59487
Ţ	59488
Ʃ	59489
ǔ	59490
ˋ	59491
Д	59492
М	59493
Р	59494
Х	59495
Օ	59496
ֲ	59497
ד	59498
ט	59499
כ	59500
่	59501
ᄅ	59502
ᅥ	59503
ᅳ	59504
ὅ	59505
₪	59506
∈	59507
∠	59508
▴	59509
◗	59510
♀	59511
➕	59512
丨	59513
么	59514
倭	59515
假	59516
努	59517
厂	59518
厦	59519
啜	59520
嗤	59521
墮	59522
夾	59523
娑	59524
彊	59525
恆	59526
恫	59527
懣	59528
搔	59529
搜	59530
撞	59531
斷	59532
杢	59533
杼	59534
枡	59535
栖	59536
樂	59537
橿	59538
檄	59539
步	59540
毬	59541
浙	59542
淚	59543
渥	59544
灘	59545
爭	59546
琢	59547
瑁	59548
疥	59549
疵	59550
盧	59551
眸	59552
睛	59553
矣	59554
矯	59555
祠	59556
秣	59557
稈	59558
竃	59559
筮	59560
篩	59561
簸	59562
糠	59563
絖	59564
縼	59565
繫	59566
耀	59567
肇	59568
莉	59569
菰	59570
萍	59571
蘚	59572
衾	59573
袢	59574
裝	59575
襄	59576
襦	59577
訶	59578
說	59579
諷	59580
證	59581
譎	59582
譚	59583
譛	59584
賎	59585
趾	59586
躯	59587
酎	59588
隧	59589
雙	59590
鞠	59591
頒	59592
顰	59593
騾	59594
鬣	59595
魘	59596
鰍	59597
鰻	59598
鳶	59599
麟	59600
齟	59601
龕	59602
감	59603
금	59604
도	59605
라	59606
러	59607
로	59608
실	59609
으	59610
직	59611
진	59612
환	59613
þ	59614
Ğ	59615
Ř	59616
ź	59617
ˈ	59618
́	59619
Κ	59620
Λ	59621
Ρ	59622
Ђ	59623
Е	59624
Ч	59625
ъ	59626
ё	59627
Ү	59628
ә	59629
Ө	59630
Լ	59631
ח	59632
צ	59633
ย	59634
้	59635
ḍ	59636
↵	59637
≠	59638
≧	59639
│	59640
□	59641
◆	59642
◎	59643
〻	59644
ヰ	59645
业	59646
乘	59647
习	59648
于	59649
亨	59650
仅	59651
仆	59652
侃	59653
侠	59654
俘	59655
倅	59656
倳	59657
兇	59658
凰	59659
刚	59660
匐	59661
卯	59662
厠	59663
哈	59664
哥	59665
哪	59666
噫	59667
址	59668
塓	59669
壅	59670
壱	59671
奘	59672
奧	59673
她	59674
妥	59675
婁	59676
婪	59677
嬪	59678
寨	59679
屎	59680
屡	59681
幔	59682
惣	59683
愎	59684
愿	59685
慚	59686
懂	59687
應	59688
懶	59689
戌	59690
找	59691
捏	59692
摑	59693
攀	59694
數	59695
曠	59696
栃	59697
栞	59698
桐	59699
楠	59700
楢	59701
榮	59702
樰	59703
橏	59704
欣	59705
毘	59706
毟	59707
溯	59708
瀾	59709
炴	59710
熙	59711
燒	59712
爱	59713
爲	59714
爸	59715
牲	59716
犢	59717
狛	59718
猝	59719
珥	59720
瑕	59721
璃	59722
璨	59723
璽	59724
瓢	59725
甌	59726
甕	59727
畦	59728
癲	59729
皰	59730
眈	59731
眷	59732
睿	59733
碓	59734
磋	59735
笞	59736
箕	59737
箝	59738
箭	59739
絃	59740
緞	59741
縒	59742
组	59743
翳	59744
肴	59745
舜	59746
舩	59747
芾	59748
苅	59749
茣	59750
荊	59751
莫	59752
萃	59753
蒋	59754
蒜	59755
蓙	59756
蔬	59757
蕁	59758
蕃	59759
薯	59760
虞	59761
蚢	59762
蝗	59763
蝦	59764
蝮	59765
蟤	59766
蟲	59767
詌	59768
誑	59769
誣	59770
誼	59771
諤	59772
諫	59773
譯	59774
诸	59775
跛	59776
跟	59777
踩	59778
踰	59779
躱	59780
輓	59781
輕	59782
輛	59783
轡	59784
轴	59785
逾	59786
邇	59787
郁	59788
郥	59789
酊	59790
鉉	59791
鎔	59792
鎚	59793
鑼	59794
闢	59795
阜	59796
隘	59797
雉	59798
雯	59799
靈	59800
頽	59801
飄	59802
馨	59803
驀	59804
魏	59805
鮑	59806
鯔	59807
鰭	59808
鱇	59809
鱸	59810
鴻	59811
鵡	59812
鶤	59813
鷺	59814
鸚	59815
點	59816
각	59817
겁	59818
게	59819
계	59820
공	59821
기	59822
네	59823
되	59824
를	59825
상	59826
을	59827
전	59828
제	59829
질	59830
풀	59831
해	59832
`	59833
ÿ	59834
Ē	59835
ŕ	59836
Ū	59837
Ȧ	59838
ȧ	59839
̀	59840
̇	59841
̗	59842
Υ	59843
ά	59844
ί	59845
υ	59846
Ѓ	59847
З	59848
С	59849
ф	59850
ұ	59851
Շ	59852
Վ	59853
ֵ	59854
ג	59855
מ	59856
ף	59857
ง	59858
น	59859
า	59860
ไ	59861
ᄃ	59862
ᄇ	59863
ᄌ	59864
ᄎ	59865
ᄏ	59866
ᄐ	59867
ᄑ	59868
ᄒ	59869
ᅣ	59870
ᅦ	59871
ᅧ	59872
ᅭ	59873
ᅮ	59874
ᅲ	59875
ṭ	59876
Ẋ	59877
ẏ	59878
Ẹ	59879
ẽ	59880
ọ	59881
ἄ	59882
ὕ	59883
ὶ	59884
ῦ	59885
ῷ	59886
₣	59887
₧	59888
₫	59889
⇦	59890
∃	59891
∣	59892
∩	59893
⌈	59894
⌉	59895
⌊	59896
⌋	59897
☒	59898
☺	59899
☻	59900
♡	59901
♬	59902
❤	59903
⨯	59904
ヱ	59905
ㄐ	59906
丙	59907
乍	59908
优	59909
佃	59910
佛	59911
佩	59912
侭	59913
倖	59914
偷	59915
僥	59916
劈	59917
卷	59918
吞	59919
呀	59920
呢	59921
啻	59922
單	59923
噤	59924
囀	59925
囃	59926
囓	59927
堺	59928
塘	59929
墺	59930
夭	59931
姚	59932
婞	59933
孰	59934
學	59935
寐	59936
寢	59937
尹	59938
峨	59939
嶷	59940
嶼	59941
巋	59942
幟	59943
廐	59944
廣	59945
强	59946
彈	59947
彙	59948
恢	59949
悄	59950
悍	59951
悧	59952
慙	59953
慳	59954
憮	59955
懦	59956
懷	59957
戀	59958
戊	59959
戟	59960
抶	59961
拂	59962
拋	59963
拯	59964
拱	59965
拵	59966
搓	59967
搞	59968
摇	59969
摸	59970
撩	59971
擂	59972
擅	59973
擊	59974
擨	59975
擼	59976
收	59977
旁	59978
暀	59979
杳	59980
查	59981
样	59982
桎	59983
桓	59984
梃	59985
梏	59986
梟	59987
棗	59988
槻	59989
檣	59990
欟	59991
歡	59992
殼	59993
洟	59994
淨	59995
淪	59996
澳	59997
濶	59998
瀋	59999
焰	60000
煥	60001
燎	60002
燧	60003
牟	60004
犀	60005
狎	60006
现	60007
珒	60008
瑙	60009
瑪	60010
疙	60011
疯	60012
痃	60013
癈	60014
皵	60015
盒	60016
盡	60017
睫	60018
砯	60019
碼	60020
碾	60021
礙	60022
礹	60023
禧	60024
禾	60025
秈	60026
稱	60027
穐	60028
窒	60029
竘	60030
筵	60031
篝	60032
篦	60033
粧	60034
縊	60035
纛	60036
约	60037
网	60038
罔	60039
羂	60040
羃	60041
羲	60042
羹	60043
翦	60044
耄	60045
耶	60046
肆	60047
肪	60048
肯	60049
肱	60050
臂	60051
舛	60052
艀	60053
艷	60054
艾	60055
苳	60056
茵	60057
菖	60058
蒡	60059
蔟	60060
蕊	60061
蕎	60062
蕪	60063
蕭	60064
藉	60065
虔	60066
蛺	60067
蜊	60068
蝭	60069
襖	60070
襞	60071
覘	60072
覿	60073
觸	60074
詢	60075
詹	60076
誡	60077
諂	60078
諧	60079
謐	60080
謔	60081
譁	60082
變	60083
译	60084
谁	60085
賣	60086
赧	60087
赭	60088
跏	60089
蹊	60090
蹙	60091
蹲	60092
躺	60093
迹	60094
逅	60095
遑	60096
邂	60097
邏	60098
鄉	60099
鄊	60100
鈎	60101
鉋	60102
鍺	60103
鎬	60104
鐙	60105
镜	60106
隋	60107
雖	60108
霆	60109
霍	60110
餉	60111
馭	60112
騷	60113
驢	60114
髮	60115
鬧	60116
鬮	60117
魄	60118
鰌	60119
鰹	60120
鱼	60121
鴎	60122
鴒	60123
鶉	60124
麒	60125
麝	60126
鼈	60127
齊	60128
건	60129
것	60130
겠	60131
결	60132
곰	60133
나	60134
났	60135
녕	60136
님	60137
답	60138
딱	60139
랑	60140
렇	60141
릿	60142
만	60143
몇	60144
목	60145
무	60146
문	60147
미	60148
바	60149
반	60150
볼	60151
세	60152
소	60153
숫	60154
스	60155
습	60156
승	60157
안	60158
알	60159
엇	60160
외	60161
위	60162
유	60163
인	60164
일	60165
저	60166
적	60167
절	60168
조	60169
주	60170
침	60171
키	60172
한	60173
Ą	60174
đ	60175
ĩ	60176
Ī	60177
Ĺ	60178
ļ	60179
ť	60180
ų	60181
ǧ	60182
ɔ	60183
ə	60184
̊	60185
ή	60186
ζ	60187
χ	60188
ψ	60189
Ж	60190
И	60191
У	60192
Ц	60193
Я	60194
є	60195
Տ	60196
Փ	60197
Ֆ	60198
ا	60199
ค	60200
บ	60201
ม	60202
ะ	60203
ึ	60204
เ	60205
ṇ	60206
ẅ	60207
Ẏ	60208
ẓ	60209
ị	60210
Ọ	60211
ἀ	60212
ἐ	60213
ἔ	60214
ὄ	60215
ᾶ	60216
∕	60217
⊆	60218
⏎	60219
┌	60220
┐	60221
▽	60222
☃	60223
♭	60224
〓	60225
カーソ	60226
丞	60227
从	60228
份	60229
佚	60230
佻	60231
佼	60232
侈	60233
俟	60234
倆	60235
值	60236
僞	60237
價	60238
儕	60239
冰	60240
凉	60241
凜	60242
劒	60243
勞	60244
勺	60245
匪	60246
匱	60247
卉	60248
卽	60249
压	60250
厖	60251
參	60252
叭	60253
吓	60254
吭	60255
吳	60256
吽	60257
呎	60258
呱	60259
咒	60260
咕	60261
咪	60262
哇	60263
哎	60264
喂	60265
嗯	60266
嗾	60267
嘀	60268
嘶	60269
嘸	60270
嚆	60271
嚐	60272
嚙	60273
囂	60274
园	60275
囷	60276
圃	60277
圖	60278
團	60279
圜	60280
坡	60281
坤	60282
垤	60283
埔	60284
埴	60285
堊	60286
堯	60287
塒	60288
墲	60289
壤	60290
夸	60291
奎	60292
奕	60293
奚	60294
姶	60295
娠	60296
媳	60297
宁	60298
宽	60299
寇	60300
寫	60301
对	60302
导	60303
尓	60304
屬	60305
峪	60306
峯	60307
峽	60308
崑	60309
崵	60310
嵯	60311
嶽	60312
巓	60313
巢	60314
帖	60315
幄	60316
库	60317
廈	60318
廏	60319
弋	60320
弗	60321
张	60322
彅	60323
彪	60324
彭	60325
徙	60326
徵	60327
德	60328
怀	60329
怕	60330
怙	60331
悌	60332
悢	60333
惇	60334
惶	60335
愼	60336
慥	60337
憬	60338
懈	60339
懴	60340
懽	60341
懿	60342
扈	60343
扼	60344
抰	60345
捍	60346
捥	60347
捫	60348
揩	60349
搗	60350
搦	60351
撽	60352
擋	60353
擘	60354
據	60355
攜	60356
斃	60357
斛	60358
斫	60359
晝	60360
暐	60361
暝	60362
朵	60363
杮	60364
标	60365
桴	60366
梓	60367
梔	60368
條	60369
梼	60370
棓	60371
椋	60372
楨	60373
榖	60374
榛	60375
榻	60376
槇	60377
槙	60378
樅	60379
樓	60380
樟	60381
橄	60382
橇	60383
櫻	60384
權	60385
欖	60386
歉	60387
殘	60388
氐	60389
沌	60390
沛	60391
泙	60392
泪	60393
洛	60394
淛	60395
淮	60396
湮	60397
溲	60398
滌	60399
潭	60400
濟	60401
瀞	60402
瀰	60403
炬	60404
煕	60405
煻	60406
燗	60407
營	60408
燮	60409
燵	60410
牆	60411
犇	60412
犧	60413
狢	60414
猴	60415
獅	60416
玻	60417
珝	60418
琱	60419
瑣	60420
瑾	60421
瓟	60422
瓠	60423
甫	60424
畫	60425
當	60426
疏	60427
疔	60428
痍	60429
痤	60430
痲	60431
痳	60432
癘	60433
癡	60434
皐	60435
皛	60436
眦	60437
眾	60438
瞋	60439
瞠	60440
矇	60441
矍	60442
矧	60443
硯	60444
磽	60445
禪	60446
窈	60447
竊	60448
竦	60449
笨	60450
筅	60451
筌	60452
筝	60453
箆	60454
箙	60455
篔	60456
簫	60457
粂	60458
糬	60459
絏	60460
絕	60461
綛	60462
綠	60463
緬	60464
縎	60465
縣	60466
縲	60467
繙	60468
繻	60469
经	60470
绝	60471
缺	60472
罾	60473
羯	60474
翰	60475
耘	60476
聯	60477
聰	60478
胛	60479
胜	60480
膸	60481
膾	60482
臌	60483
與	60484
舊	60485
舘	60486
艙	60487
艤	60488
艪	60489
艫	60490
芰	60491
苏	60492
茅	60493
茉	60494
茧	60495
茲	60496
茴	60497
莟	60498
菫	60499
菴	60500
蒴	60501
蔦	60502
薞	60503
薦	60504
薮	60505
藏	60506
藥	60507
蘊	60508
蘦	60509
處	60510
虛	60511
號	60512
蚋	60513
蛎	60514
蛤	60515
蜀	60516
螂	60517
蟄	60518
衒	60519
衢	60520
衫	60521
袍	60522
袒	60523
袱	60524
褁	60525
褸	60526
襤	60527
襪	60528
襴	60529
襷	60530
覡	60531
覯	60532
觔	60533
訐	60534
訟	60535
訥	60536
詑	60537
諏	60538
諛	60539
諳	60540
謨	60541
譏	60542
豁	60543
豺	60544
貂	60545
貎	60546
貓	60547
賚	60548
賴	60549
賺	60550
贓	60551
费	60552
赫	60553
赱	60554
趺	60555
跌	60556
跫	60557
践	60558
踉	60559
蹌	60560
蹠	60561
軀	60562
軈	60563
軫	60564
輦	60565
轅	60566
轉	60567
辨	60568
辷	60569
过	60570
迪	60571
逍	60572
逡	60573
逮	60574
逹	60575
郞	60576
鄕	60577
酣	60578
醫	60579
釐	60580
鈿	60581
鉦	60582
銚	60583
銜	60584
銷	60585
鋪	60586
錚	60587
鎹	60588
鏃	60589
鐖	60590
鑠	60591
閊	60592
閒	60593
閧	60594
閿	60595
闕	60596
闖	60597
队	60598
阨	60599
陋	60600
陜	60601
陝	60602
險	60603
隱	60604
雕	60605
雰	60606
霙	60607
霣	60608
霰	60609
靨	60610
鞋	60611
韜	60612
韶	60613
顺	60614
预	60615
题	60616
颱	60617
餘	60618
饌	60619
饡	60620
駑	60621
駻	60622
驛	60623
骎	60624
髷	60625
鬘	60626
鬛	60627
鮎	60628
鮪	60629
鯰	60630
鯱	60631
鯵	60632
鰂	60633
鰯	60634
鰺	60635
鱆	60636
鱉	60637
鱠	60638
鳫	60639
鴬	60640
鵠	60641
鵲	60642
鶇	60643
鷗	60644
鹹	60645
麩	60646
麹	60647
黃	60648
黍	60649
黴	60650
黷	60651
鼎	60652
鼯	60653
鼺	60654
鼾	60655
齌	60656
齠	60657
齡	60658
齦	60659
齲	60660
강	60661
걸	60662
과	60663
남	60664
냥	60665
너	60666
넘	60667
단	60668
달	60669
더	60670
돌	60671
뒤	60672
든	60673
뜻	60674
럴	60675
마	60676
막	60677
맨	60678
못	60679
병	60680
봐	60681
산	60682
셀	60683
써	60684
쓸	60685
씨	60686
않	60687
았	60688
야	60689
었	60690
여	60691
예	60692
온	60693
와	60694
왔	60695
음	60696
재	60697
존	60698
종	60699
짱	60700
쭉	60701
찡	60702
차	60703
치크	60704
타	60705
통	60706
팀	60707
편	60708
합	60709
했	60710
현	60711
확	60712
희	60713
𠮷	60714
<pad>	60715
