<unk>	0.000000
<s>	0.000000
</s>	0.000000
▁の	-3.367324
.	-3.498251
▁,	-3.546586
▁に	-3.658723
▁は	-3.904186
▁を	-3.909138
▁て	-4.081415
の	-4.187885
▁た	-4.203114
▁	-4.222229
は	-4.348614
▁が	-4.427060
を	-4.491841
▁と	-4.587934
に	-4.647931
▁で	-4.714104
▁し	-4.796848
が	-4.894581
,	-4.929098
▁ます	-5.042008
▁こと	-5.114470
"	-5.119236
▁な	-5.206457
と	-5.244637
▁も	-5.260260
?	-5.262565
▁"	-5.266142
▁まし	-5.277442
▁い	-5.307738
▁か	-5.358872
で	-5.502243
▁その	-5.540956
▁人	-5.542217
▁(	-5.563298
だ	-5.565693
▁れ	-5.592949
▁よう	-5.597303
▁です	-5.600178
▁いる	-5.735188
▁する	-5.771771
っ	-5.839808
▁ある	-5.857087
:	-5.914650
です	-5.937939
ない	-5.941076
)	-5.947587
▁ない	-5.954799
て	-5.966845
▁この	-5.981327
▁から	-5.984428
か	-5.988287
な	-5.989105
▁それ	-6.031450
た	-6.033787
▁者	-6.038970
した	-6.054965
▁ん	-6.064987
▁神	-6.074003
▁-	-6.090631
▁たち	-6.094562
って	-6.096661
ます	-6.110951
▁ませ	-6.112141
い	-6.114996
▁う	-6.122748
も	-6.163892
った	-6.193820
▁あり	-6.222564
▁私	-6.241789
▁さ	-6.254045
よ	-6.256609
▁エホバ	-6.306258
!	-6.309243
▁何	-6.374722
▁や	-6.407091
から	-6.423008
▁的	-6.456301
▁いう	-6.465122
して	-6.480352
▁ため	-6.535244
こと	-6.537725
・	-6.545475
▁自分	-6.558582
する	-6.564865
▁でしょ	-6.580633
▁・	-6.584669
▁あなた	-6.602794
▁なり	-6.610354
▁もの	-6.626058
し	-6.639892
▁―	-6.658620
▁年	-6.667228
さ	-6.669618
▁これ	-6.674611
▁られ	-6.681968
▁ば	-6.694453
▁聖書	-6.700607
▁そう	-6.721632
んだ	-6.730657
る	-6.757879
▁彼	-6.791804
...	-6.818397
▁れる	-6.828465
▁イエス	-6.831490
ん	-6.838382
▁1	-6.858499
▁中	-6.876985
▁しかし	-6.880695
ま	-6.883660
▁なる	-6.894961
ね	-6.902157
▁また	-6.903431
者	-6.915880
▁でし	-6.934036
ー	-6.960099
▁人々	-6.967069
人	-6.975584
▁わたしたち	-7.004700
▁一	-7.020484
▁時	-7.037040
▁でき	-7.049064
▁なっ	-7.090106
てる	-7.106515
▁つい	-7.117400
▁こう	-7.117525
▁なら	-7.123444
▁そして	-7.126785
わ	-7.158832
▁‐	-7.174941
▁彼ら	-7.175516
."	-7.188675
▁述べ	-7.206412
▁どう	-7.209497
▁本	-7.211320
や	-7.212673
▁...	-7.216876
には	-7.217392
何	-7.232930
ら	-7.235845
▁なく	-7.242075
▁どんな	-7.278910
▁日	-7.292313
私	-7.293359
せん	-7.316897
当	-7.320412
]	-7.341712
事	-7.344725
▁第	-7.349966
▁今	-7.356314
▁わたし	-7.357451
▁だ	-7.369049
▁[	-7.371844
▁すべて	-7.382213
』	-7.385225
では	-7.392453
いた	-7.393221
▁多く	-7.399466
▁世界	-7.401502
▁よっ	-7.404178
▁次	-7.409687
中	-7.424389
▁他	-7.425791
▁証人	-7.428366
▁必要	-7.429679
▁より	-7.432494
▁4	-7.436508
▁2	-7.455732
▁クリスチャン	-7.462620
▁考え	-7.462873
く	-7.472031
▁間	-7.481848
▁5	-7.484211
▁彼女	-7.485594
なかっ	-7.491588
▁お	-7.491837
よう	-7.494967
▁どの	-7.500047
▁まで	-7.504066
▁たり	-7.523032
あなた	-7.534494
▁人間	-7.539222
▁見	-7.545758
▁家	-7.550660
▁ここ	-7.554088
▁べき	-7.555757
▁君	-7.567352
▁ください	-7.571550
しょう	-7.572768
▁二	-7.573037
のか	-7.578558
▁き	-7.583335
▁キリスト	-7.587942
▁3	-7.590854
▁できる	-7.603251
じゃ	-7.604536
▁後	-7.607597
くれ	-7.609922
ろう	-7.611821
します	-7.612686
▁前	-7.634235
▁問題	-7.643294
時	-7.644023
▁『	-7.660999
かった	-7.669429
▁なぜ	-7.672215
だけ	-7.683248
ある	-7.685826
いい	-7.698097
▁言葉	-7.705468
▁だけ	-7.705801
▁心	-7.709795
たち	-7.710120
▁あっ	-7.711360
▁へ	-7.711701
いて	-7.715659
▁俺	-7.723378
かれら	-7.728356
この	-7.734099
あり	-7.738199
あなたがた	-7.748284
▁上	-7.750728
▁ほど	-7.754462
▁対する	-7.755944
でき	-7.756531
んで	-7.767517
▁など	-7.768662
▁場合	-7.768846
▁られる	-7.769677
▁10	-7.771606
その	-7.774016
▁もう	-7.779059
▁ず	-7.785960
もの	-7.790281
2	-7.793689
▁せ	-7.797125
▁ページ	-7.800089
▁8	-7.815083
それ	-7.815214
▁子供	-7.819396
なけれ	-7.822714
でも	-7.824499
まで	-7.829322
がある	-7.840705
▁私たち	-7.847350
り	-7.850070
なら	-7.852134
ように	-7.852299
方	-7.859388
▁受け	-7.860682
▁しれ	-7.866101
しま	-7.866454
数	-7.871630
いる	-7.872943
そう	-7.874893
▁語	-7.878108
▁生活	-7.881394
である	-7.883321
彼	-7.889964
▁良い	-7.892089
▁7	-7.896698
▁僕	-7.902367
▁おら	-7.905885
▁愛	-7.916202
▁同じ	-7.918776
▁事柄	-7.919536
ぞ	-7.921081
▁王国	-7.921297
1	-7.934506
年	-7.934522
ている	-7.936821
▁目	-7.940602
▁月	-7.943180
つ	-7.945169
アッラ	-7.951590
▁でも	-7.952209
▁時間	-7.953972
▁大	-7.965683
▁よる	-7.966000
▁与え	-7.967978
▁今日	-7.969314
▁6	-7.970307
▁研究	-7.970351
▁点	-7.973567
▁助け	-7.979105
▁家族	-7.989319
▁節	-7.991347
▁不	-7.992146
▁12	-7.996088
▁ところ	-7.996709
っている	-7.999028
▁使徒	-8.000314
ろ	-8.002831
なく	-8.005521
達	-8.009315
▁パウロ	-8.013731
という	-8.018456
れ	-8.018867
▁15	-8.026485
▁力	-8.030617
であ	-8.033093
▁もし	-8.040648
▁さらに	-8.051784
▁つまり	-8.053064
▁よく	-8.055931
▁奉仕	-8.056627
我々	-8.058381
▁関係	-8.061814
▁一つ	-8.062782
▁地	-8.073862
▁9	-8.075179
出	-8.075280
▁章	-8.076276
子	-8.106025
▁11	-8.107438
▁だれ	-8.110889
▁おい	-8.112692
かれ	-8.114175
している	-8.116798
▁書	-8.118380
られる	-8.119972
▁お前	-8.123268
▁宗教	-8.124893
日	-8.124912
より	-8.125387
上	-8.130828
▁それら	-8.132961
された	-8.134616
▁手	-8.138670
手	-8.138812
ありま	-8.143004
▁実際	-8.143541
▁親	-8.145919
行	-8.149865
▁万	-8.150218
▁物	-8.151964
▁信仰	-8.154218
なの	-8.156259
;	-8.156502
▁対し	-8.157777
たい	-8.158934
▁関する	-8.160725
主	-8.160995
ス	-8.162199
てい	-8.163786
必要	-8.170029
▁得	-8.177192
▁たい	-8.178334
ために	-8.179769
本	-8.180120
-	-8.182848
これ	-8.182932
物	-8.184179
▁とき	-8.184503
▁兄弟	-8.187104
▁意味	-8.187591
目	-8.188075
▁来	-8.190713
▁言い	-8.192578
▁教え	-8.193848
分	-8.200827
へ	-8.200949
▁世	-8.204639
▁数	-8.206237
られ	-8.215124
▁仕事	-8.217145
さん	-8.222740
▁会衆	-8.222905
として	-8.225758
▁命	-8.226836
▁うち	-8.230398
▁思い	-8.234255
す	-8.234383
▁どこ	-8.236596
▁国	-8.236933
▁話	-8.238478
▁それで	-8.241276
▁示し	-8.243501
▁ですから	-8.251191
▁所	-8.256906
自分	-8.256942
われ	-8.257408
▁いい	-8.258235
言う	-8.261115
▁記事	-8.267346
どう	-8.267447
▁ヨハネ	-8.268047
▁大きな	-8.272362
▁確か	-8.277077
▁あれ	-8.279079
▁新しい	-8.280775
▁なさい	-8.281732
家	-8.282205
▁20	-8.282802
▁そこ	-8.283115
▁知っ	-8.283739
▁とっ	-8.290383
あ	-8.298717
▁性	-8.300023
▁これら	-8.300343
▁出	-8.304903
ここ	-8.310049
▁マタイ	-8.310857
後	-8.315261
なさい	-8.315756
▁天	-8.318303
▁言わ	-8.329492
になる	-8.331017
され	-8.334991
ください	-8.345335
▁結果	-8.345656
▁死	-8.346086
▁教会	-8.346950
▁14	-8.349783
ご自分	-8.352749
▁王	-8.354155
▁真	-8.355246
▁13	-8.355896
▁霊的	-8.355937
知	-8.358349
み	-8.359548
イ	-8.359632
▁子ども	-8.359863
▁せる	-8.369779
れば	-8.370131
と思	-8.384709
▁最初	-8.384942
▁3:	-8.386102
話	-8.386365
にも	-8.386733
▁イスラエル	-8.387534
持	-8.387563
▁/	-8.395194
しない	-8.395336
▁ああ	-8.396711
神	-8.409133
▁17	-8.410701
だよ	-8.411081
▁非常	-8.417153
▁主	-8.417237
▁18	-8.419240
ことが	-8.419293
お	-8.420348
大	-8.420828
▁持	-8.421573
▁共	-8.422841
▁水	-8.426059
▁ましょ	-8.427855
▁民	-8.430603
『	-8.430806
▁学	-8.431080
来	-8.431687
3	-8.431929
▁同	-8.432020
▁預言	-8.432147
▁だろ	-8.432461
▁結婚	-8.434394
また	-8.442465
▁され	-8.443552
▁2:	-8.445387
▁誰	-8.446421
▁!	-8.449114
できる	-8.449994
▁おり	-8.451423
時間	-8.452274
▁だが	-8.452368
だろ	-8.458250
▁理解	-8.458404
▁あの	-8.460128
▁女性	-8.460645
▁父	-8.465798
▁み	-8.466008
ってい	-8.466020
▁まだ	-8.470375
力	-8.471566
▁別	-8.472954
う	-8.476767
▁16	-8.482882
▁妻	-8.483520
▁影響	-8.485784
わたし	-8.488029
▁説明	-8.488417
▁19	-8.488917
けど	-8.489700
いま	-8.493446
▁方法	-8.496521
▁あるいは	-8.497225
▁答え	-8.497925
地	-8.501659
▁だから	-8.506705
させ	-8.514675
君	-8.517361
▁ローマ	-8.517629
s	-8.519391
き	-8.520174
らない	-8.523870
たら	-8.523965
▁行なう	-8.524654
でしょ	-8.526149
▁経験	-8.527196
行く	-8.528115
▁図版	-8.528783
▁明らか	-8.529049
▁理由	-8.529444
考え	-8.529745
▁身	-8.534755
▁子	-8.534919
▁以上	-8.535980
▁言っ	-8.537319
▁崇拝	-8.541536
外	-8.541546
度	-8.542861
される	-8.542995
▁さえ	-8.543423
前	-8.544043
▁幾	-8.549245
▁例えば	-8.554170
▁罪	-8.555826
▁持つ	-8.557037
▁行なわ	-8.558244
_	-8.559031
▁用い	-8.560678
彼女	-8.567380
があ	-8.567804
▁下	-8.573009
▁だっ	-8.573460
見て	-8.577386
▁言う	-8.580560
▁22	-8.582488
▁す	-8.585515
見	-8.585870
▁すれ	-8.586803
▁実	-8.587989
▁すぐ	-8.589983
▁世紀	-8.591620
ト	-8.593724
思う	-8.598242
▁完全	-8.600442
▁真理	-8.604196
体	-8.608429
▁いや	-8.608687
▁現在	-8.608816
▁教	-8.611351
▁道	-8.611833
▁創造	-8.612282
▁無	-8.616343
▁時代	-8.619608
▁支配	-8.620132
▁重要	-8.624363
▁業	-8.626060
▁示す	-8.629423
▁体	-8.632771
▁知ら	-8.633309
▁歳	-8.636604
られた	-8.638349
同じ	-8.638366
▁祈り	-8.638778
▁どうして	-8.639635
▁気	-8.640440
男	-8.641081
▁米国	-8.644744
▁24	-8.646816
▁方	-8.647655
▁あなた方	-8.651011
▁状態	-8.651156
▁かれら	-8.654434
について	-8.658828
▁行動	-8.659725
御	-8.662427
的	-8.662652
▁少なく	-8.668480
▁目的	-8.669649
▁新	-8.671311
せ	-8.673227
▁最も	-8.674465
▁求め	-8.675682
▁ほとんど	-8.675717
的な	-8.680960
▁よ	-8.681014
ため	-8.681419
▁ほか	-8.684947
▁危険	-8.685335
ル	-8.685746
▁あなたがた	-8.686836
べき	-8.687613
ン	-8.687739
▁ペテロ	-8.687856
▁ユダヤ	-8.692830
▁面	-8.694131
▁約束	-8.694446
になり	-8.698295
誰	-8.698322
▁車	-8.698784
▁詩編	-8.699749
▁コリント	-8.700956
▁場所	-8.701938
ば	-8.705368
▁もっと	-8.714376
▁そんな	-8.717987
▁人類	-8.720183
▁地上	-8.721122
今	-8.721745
▁事	-8.727058
▁21	-8.729227
▁全	-8.734915
一	-8.737752
▁関し	-8.743709
やる	-8.743765
ませ	-8.748247
▁分	-8.749473
▁ロ	-8.749693
前に	-8.751728
言って	-8.755810
行っ	-8.756967
なった	-8.758861
心	-8.758904
▁感じ	-8.759191
きた	-8.760074
▁活動	-8.763494
こんな	-8.769245
▁事実	-8.771067
▁ながら	-8.771543
▁ありがとう	-8.773817
▁見る	-8.779702
▁少し	-8.781043
▁思	-8.781070
車	-8.790470
▁一緒	-8.790926
▁得る	-8.791019
知っ	-8.791449
m	-8.791482
/	-8.792248
女	-8.792819
▁感謝	-8.793324
6:	-8.794193
▁喜び	-8.796076
来た	-8.796133
所	-8.799787
▁よい	-8.800714
▁名	-8.801316
▁わけ	-8.801822
▁注意	-8.805856
こう	-8.807036
▁平和	-8.808352
―	-8.811338
ア	-8.811432
▁信じ	-8.811786
▁病気	-8.813440
言っ	-8.814233
▁全く	-8.816326
▁若い	-8.817130
ないと	-8.818943
回	-8.819448
仕事	-8.819634
▁ご	-8.822487
▁十分	-8.822879
▁気持ち	-8.825040
聞	-8.825063
夜	-8.832422
にして	-8.834669
性	-8.834934
▁宣教	-8.835258
▁学校	-8.839185
▁生き	-8.839802
▁おける	-8.840078
'	-8.843709
どこ	-8.844101
▁努力	-8.846336
▁政府	-8.846628
▁夫	-8.848365
▁くれ	-8.853313
ク	-8.854819
言	-8.855541
▁希望	-8.857924
▁存在	-8.858553
々	-8.858863
下	-8.858884
▁同様	-8.860042
▁行く	-8.861449
▁考える	-8.862605
▁わか	-8.863765
わたしたち	-8.864539
▁ちょっと	-8.864557
▁態度	-8.864966
▁頭	-8.865447
▁聞	-8.866887
▁いつ	-8.866982
▁特に	-8.871659
月	-8.874611
▁かれ	-8.882044
▁分か	-8.882221
道	-8.883784
▁イザヤ	-8.884231
▁もちろん	-8.885977
良い	-8.887057
▁弟子	-8.888509
間	-8.888721
かっ	-8.890258
されて	-8.891235
▁仲間	-8.891358
▁地球	-8.891576
▁啓示	-8.892713
だな	-8.893022
▁科学	-8.893341
▁いつも	-8.895725
▁アメリカ	-8.898486
▁霊	-8.899454
ム	-8.900987
▁どれ	-8.902463
かな	-8.904287
気	-8.905039
▁とても	-8.907460
場所	-8.909644
もう	-8.912848
▁生じ	-8.913262
▁状況	-8.913573
▁行なっ	-8.914056
▁忠実	-8.915295
▁動物	-8.915610
的に	-8.917182
なん	-8.920216
世界	-8.922518
▁伝道	-8.923137
俺	-8.924331
▁若者	-8.925866
▁質問	-8.926023
▁ルカ	-8.926653
れた	-8.928862
▁自由	-8.930097
▁および	-8.930121
▁まず	-8.931545
問題	-8.933977
▁いえ	-8.934202
みたい	-8.934422
5	-8.937881
れない	-8.938988
▁大丈夫	-8.940804
▁号	-8.942574
まし	-8.944021
▁国民	-8.945186
え	-8.949593
▁律法	-8.950992
4	-8.951707
▁最後	-8.955010
▁認め	-8.956469
▁サタン	-8.957867
ド	-8.958167
▁受ける	-8.958322
▁始め	-8.958405
とき	-8.958631
▁記	-8.960493
▁ええ	-8.960884
▁ヘブライ	-8.966505
国	-8.967120
▁内	-8.968143
▁そこで	-8.969159
▁約	-8.971480
▁それでも	-8.974127
▁犠牲	-8.975773
▁与える	-8.977935
▁組織	-8.980541
一緒	-8.982674
▁終わり	-8.983024
ても	-8.983538
ズ	-8.985857
▁関心	-8.985988
見た	-8.986232
▁諸	-8.989554
▁社会	-8.990132
るか	-8.990486
▁際	-8.991400
▁あらゆる	-8.994119
▁テモテ	-8.997313
▁長老	-9.000543
ところ	-9.000605
ないか	-9.002127
下さい	-9.002604
殺	-9.003123
出来	-9.004956
▁知識	-9.006870
▁23	-9.008050
▁戦争	-9.008437
▁行ない	-9.010648
▁バプテスマ	-9.010773
▁カトリック	-9.012349
▁たら	-9.012477
▁州	-9.013132
▁女	-9.013366
▁25	-9.013667
▁ほう	-9.014149
▁紙	-9.014974
▁残	-9.018618
▁アッラ	-9.018681
▁男	-9.020323
▁%	-9.020590
▁決して	-9.021298
▁母	-9.022643
▁祝福	-9.023071
いない	-9.023764
と言	-9.025310
▁来る	-9.025387
だから	-9.026258
▁以前	-9.026856
りま	-9.029222
▁幸福	-9.029817
▁誌	-9.029933
▁呼ば	-9.030457
ず	-9.031059
▁息子	-9.031188
▁度	-9.031711
▁箴言	-9.037144
方法	-9.038637
タ	-9.039918
ドル	-9.041975
▁自身	-9.042084
▁個人	-9.043683
▁義	-9.044223
▁種	-9.044513
▁悪い	-9.045899
▁益	-9.046330
はず	-9.047543
人間	-9.048193
場合	-9.049422
▁いっ	-9.049869
期	-9.051792
▁一部	-9.052271
▁最近	-9.052286
好き	-9.053067
▁みんな	-9.053227
書	-9.053643
▁出席	-9.056329
▁大会	-9.056600
含ま	-9.057384
▁西暦	-9.057757
▁*	-9.059073
▁訳	-9.064920
ぁ	-9.066882
名	-9.068030
▁都市	-9.068347
▁恐れ	-9.068592
▁将来	-9.068620
▁生	-9.068774
かもし	-9.068913
会	-9.070395
死	-9.072822
め	-9.075428
元	-9.075933
▁道徳	-9.077048
▁変化	-9.078928
▁価値	-9.080184
多く	-9.081573
意味	-9.084922
▁集会	-9.085778
なんて	-9.085941
▁地域	-9.086496
▁ダビデ	-9.087173
▁思わ	-9.087341
▁歴史	-9.087697
▁くださる	-9.089086
▁エルサレム	-9.089950
▁精神	-9.090133
▁30	-9.093055
▁可能	-9.098009
水	-9.099142
▁言え	-9.103268
▁自	-9.104361
使	-9.106566
信じ	-9.107141
無い	-9.107595
万	-9.108157
ほど	-9.109066
▁例	-9.110186
▁ね	-9.111103
通り	-9.112007
▁分かり	-9.115171
▁小さな	-9.117995
▁ずっ	-9.119125
▁起き	-9.119381
式	-9.120558
▁行為	-9.120896
ですが	-9.123182
x	-9.123602
つの	-9.124723
▁the	-9.128496
作	-9.131906
▁証拠	-9.132547
▁木	-9.134262
先	-9.135555
命	-9.136204
▁たより	-9.136220
▁感情	-9.136651
すると	-9.136775
▁正しい	-9.138411
▁もと	-9.138847
▁続け	-9.141270
しろ	-9.141963
への	-9.143013
来る	-9.143938
▁伝え	-9.144502
▁知る	-9.144689
思い	-9.148437
彼ら	-9.149292
▁やめ	-9.150023
▁通し	-9.150466
▁皆	-9.150928
▁政治	-9.154504
人が	-9.160946
▁住む	-9.161619
見つけ	-9.164553
与え	-9.165351
▁あ	-9.167249
▁行き	-9.167761
しか	-9.168628
▁当時	-9.169510
よく	-9.169576
したい	-9.170423
電話	-9.171072
▁手紙	-9.171638
▁口	-9.173069
▁責任	-9.174571
▁ことば	-9.176145
▁よれ	-9.176318
語	-9.176530
▁●	-9.177776
▁じゃ	-9.177973
たく	-9.181063
▁もっ	-9.181430
▁助言	-9.182629
▁確信	-9.182769
▁思う	-9.182982
▁母親	-9.183287
▁従	-9.185594
もし	-9.188398
▁先	-9.190274
ダ	-9.190802
僕	-9.191092
▁様々	-9.192931
うか	-9.193334
まだ	-9.193922
なる	-9.195527
れる	-9.197042
▁健康	-9.197351
▁名前	-9.198252
▁アフリカ	-9.199054
こ	-9.201270
▁勧め	-9.202559
によって	-9.203007
▁医師	-9.203183
▁永遠	-9.204619
▁あと	-9.206056
N	-9.206923
ナ	-9.207230
点	-9.209531
▁人生	-9.210196
線	-9.212276
用	-9.213270
金	-9.213734
▁あろ	-9.213937
教え	-9.214852
関	-9.215882
▁一般	-9.217262
エホバ	-9.217350
生	-9.218818
つもり	-9.220086
▁とおり	-9.222364
▁現代	-9.223271
▁金	-9.223898
など	-9.223911
▁ただ	-9.224133
ような	-9.224840
▁ギリシャ	-9.226322
▁普通	-9.227416
▁悪	-9.228129
▁復活	-9.228946
はその	-9.231936
▁信頼	-9.232291
少し	-9.233051
動	-9.233743
▁見方	-9.236821
機	-9.237180
ったら	-9.238474
いう	-9.238520
y	-9.239834
民	-9.240664
▁情報	-9.241624
▁体制	-9.243145
頭	-9.243660
▁感	-9.244866
▁死ん	-9.245422
▁安全	-9.250074
▁しまい	-9.250117
言葉	-9.250172
▁しまう	-9.252045
▁娘	-9.254234
▁会	-9.254853
値	-9.256544
▁報告	-9.256751
▁警告	-9.257713
▁物質	-9.260575
▁三	-9.261364
▁家庭	-9.261459
くれる	-9.262531
▁抱	-9.262814
▁すでに	-9.265382
すぐ	-9.266197
▁血	-9.267748
▁全体	-9.268154
化	-9.268712
▁比較	-9.269019
▁受け入れ	-9.272613
感じ	-9.272922
▁すなわち	-9.275643
学	-9.276325
t	-9.277978
私たち	-9.278151
▁特別	-9.279738
とも	-9.282464
▁日本	-9.282784
▁お金	-9.282866
に入	-9.283495
▁われ	-9.283501
子供	-9.283727
▁ドイツ	-9.285080
▁回	-9.285175
▁記録	-9.285468
▁備え	-9.286938
一つ	-9.287490
▁愛する	-9.289154
▁離れ	-9.289291
入っ	-9.290236
ラ	-9.292272
▁男性	-9.292550
▁行	-9.293039
くる	-9.293124
6	-9.294158
▁違い	-9.296859
名前	-9.297096
▁市	-9.297448
▁奴	-9.297919
為	-9.298779
▁こ	-9.299064
▁させ	-9.300890
▁調査	-9.301006
▁教育	-9.302044
▁立場	-9.302103
▁外	-9.302226
▁昔	-9.302718
▁主義	-9.302819
すべて	-9.303365
リ	-9.305366
▁自然	-9.305578
関係	-9.309988
以上	-9.310013
法	-9.310683
▁さあ	-9.312255
▁ヤコブ	-9.313236
見る	-9.314877
かけ	-9.318500
身	-9.319523
▁示さ	-9.319947
始め	-9.320010
官	-9.321938
▁キロ	-9.322351
▁原因	-9.324964
▁一致	-9.324973
入れ	-9.325201
念	-9.328097
▁知り	-9.328261
▁海	-9.328474
▁反対	-9.331512
フ	-9.332453
知ら	-9.332459
▁山	-9.333264
▁指導	-9.333650
▁決定	-9.334752
そ	-9.334769
▁一方	-9.335114
助け	-9.335247
▁in	-9.336888
▁古代	-9.337642
a	-9.339069
▁かけ	-9.339492
なり	-9.340611
▁28	-9.342242
▁計画	-9.342641
戻	-9.342834
▁モーセ	-9.344647
▁見え	-9.347162
とか	-9.347672
▁話し	-9.348672
カ	-9.350043
▁入れ	-9.350353
0	-9.350462
▁知恵	-9.353775
▁姉妹	-9.355229
▁訪問	-9.355860
務	-9.356000
▁あんた	-9.356477
▁読む	-9.357774
全て	-9.359206
▁協会	-9.359507
こそ	-9.360675
解	-9.360721
▁光	-9.360739
させる	-9.361072
わけ	-9.362089
▁くださ	-9.362457
▁父親	-9.363307
面	-9.364255
▁読	-9.364573
<	-9.364593
▁わずか	-9.366141
▁誰か	-9.367217
▁電話	-9.367486
▁声	-9.367522
▁耳	-9.367974
▁原則	-9.368380
む	-9.370472
▁二つ	-9.370908
ファイル	-9.374333
▁必ず	-9.379688
▁やがて	-9.380249
▁円	-9.380341
▁自ら	-9.382784
▁したがって	-9.384850
笑	-9.384887
▁言語	-9.385966
▁解決	-9.386125
▁宇宙	-9.386239
▁生ま	-9.386288
きま	-9.386919
▁愛し	-9.387184
▁使	-9.387355
▁急	-9.387492
速	-9.388333
内	-9.388602
▁警察	-9.388627
▁はっきり	-9.388683
つけ	-9.391428
▁英国	-9.392282
▁保護	-9.394546
次	-9.395487
▁いいえ	-9.396206
共	-9.396439
▁多い	-9.396592
▁大切	-9.397794
▁奴隷	-9.400271
なければ	-9.401353
▁C	-9.401614
奴	-9.403472
信仰	-9.404263
天	-9.405101
▁忘れ	-9.405109
有	-9.406668
たか	-9.407195
▁ご覧	-9.407377
▁ゆく	-9.407492
▁A	-9.408122
▁加え	-9.409160
▁機会	-9.410119
▁最	-9.410582
無	-9.410715
B	-9.411865
すること	-9.412444
▁創世記	-9.414205
行き	-9.416019
そこ	-9.416061
様	-9.417794
居	-9.418042
P	-9.418130
送	-9.418344
見え	-9.418996
▁部分	-9.420167
お前	-9.420557
▁かなり	-9.420893
▁色	-9.421430
▁I	-9.424046
マン	-9.426516
▁やっ	-9.427753
すか	-9.427903
▁覚え	-9.427928
欲しい	-9.429832
▁魂	-9.431152
▁むしろ	-9.431559
とても	-9.431566
かも	-9.433245
世	-9.434787
▁開拓	-9.436239
▁常	-9.437104
▁強い	-9.437411
新しい	-9.438204
▁心配	-9.438558
▁すばらしい	-9.439032
▁員	-9.439071
▁話す	-9.441416
する者	-9.442183
着	-9.444679
▁親切	-9.444887
使用	-9.445161
▁高い	-9.445173
まっ	-9.447661
▁犯罪	-9.449023
▁近く	-9.450553
▁調べ	-9.450756
以外	-9.450978
ame	-9.452008
残	-9.455463
業	-9.455635
▁正確	-9.455844
▁大学	-9.456241
▁夜	-9.459487
愛	-9.459703
直	-9.460821
印	-9.461630
▁真実	-9.462057
▁ニューヨーク	-9.462168
ロ	-9.462490
▁違う	-9.462707
@	-9.464965
実	-9.465287
のもの	-9.466052
すれば	-9.466141
▁至る	-9.467175
▁患者	-9.467936
死ん	-9.469525
▁トム	-9.469757
▁友人	-9.469899
▁過去	-9.471891
▁再び	-9.473527
▁治療	-9.473772
▁ゆえに	-9.473825
得	-9.474788
▁土地	-9.476089
▁船	-9.477385
▁互い	-9.479977
乗	-9.480399
▁はず	-9.482186
▁訓練	-9.482586
発	-9.482812
▁一度	-9.483334
▁26	-9.483500
▁期間	-9.484234
▁もたらす	-9.485034
▁機	-9.486052
話を	-9.486207
▁暴力	-9.487022
▁求める	-9.488445
要	-9.489141
ソン	-9.492445
▁博士	-9.493427
答え	-9.494444
悪い	-9.495813
デ	-9.496377
▁よし	-9.496429
こちら	-9.496651
火	-9.497684
▁従う	-9.499237
▁たくさん	-9.499748
▁初めて	-9.499797
凡て	-9.500131
▁か月	-9.500659
▁法	-9.501601
▁公	-9.502575
),	-9.503012
▁みな	-9.503879
▁期待	-9.503951
違う	-9.504187
▁深い	-9.504683
▁フランス	-9.508111
▁出版	-9.508510
▁夫婦	-9.510413
一人	-9.511379
目ざめよ	-9.514049
▁能力	-9.514559
▁食べ	-9.515244
形	-9.515368
▁町	-9.516903
▁人びと	-9.517618
▁保つ	-9.518047
▁ど	-9.519004
▁住ん	-9.519382
色	-9.519805
▁□	-9.522445
ぜ	-9.523676
▁定め	-9.524520
▁語り	-9.524700
がない	-9.524917
▁小	-9.525594
たわ	-9.526623
約	-9.526834
もない	-9.527027
▁週	-9.527819
▁長い	-9.528217
ちら	-9.528759
▁早く	-9.530818
▁ダニエル	-9.531155
くらい	-9.531652
▁すぎ	-9.531906
▁出来事	-9.533560
▁ころ	-9.534687
▁足	-9.537045
▁刑	-9.537719
▁書き	-9.540831
▁それぞれ	-9.541421
▁成功	-9.541869
▁使用	-9.542122
▁食物	-9.542994
▁邪悪	-9.543178
のような	-9.545242
▁働き	-9.545980
▁形	-9.546198
▁習慣	-9.546258
▁敵	-9.548025
▁ドル	-9.548353
▁代	-9.549094
▁a	-9.549142
マ	-9.549896
口	-9.551395
▁テレビ	-9.551506
▁大勢	-9.552041
誌	-9.552056
▁各	-9.553906
英語	-9.553975
▁満足	-9.554565
▁経済	-9.554685
自身	-9.554974
▁かつて	-9.557571
▁病	-9.558765
使徒	-9.558895
不	-9.558970
▁成就	-9.559406
▁ヨブ	-9.560166
いつ	-9.562618
▁援助	-9.562869
▁億	-9.564567
▁監督	-9.564725
▁国際	-9.567117
▁アダム	-9.567734
▁なぜなら	-9.568369
▁相手	-9.569528
終	-9.570436
わよ	-9.570917
▁助ける	-9.571280
7	-9.571331
歳	-9.572414
リー	-9.572691
んじゃ	-9.572833
話し	-9.573306
▁栄光	-9.574086
▁増加	-9.574212
▁S	-9.574261
▁100	-9.574710
▁仕方	-9.574788
足	-9.575577
女性	-9.575837
▁火	-9.576764
▁送	-9.576859
▁死ぬ	-9.577081
▁しかも	-9.577411
にとって	-9.578558
▁そういう	-9.579082
部分	-9.579460
▁K	-9.580654
▁27	-9.581081
進ん	-9.582365
▁島	-9.584245
例	-9.584587
▁両親	-9.584707
▁悪魔	-9.584801
るわ	-9.585054
▁まさに	-9.585196
場	-9.585559
▁尋ね	-9.585741
▁羊	-9.588380
量	-9.590368
▁メートル	-9.590484
▁しか	-9.590865
▁高	-9.591010
▁エフェソス	-9.591051
▁川	-9.591554
▁権威	-9.591833
新	-9.592776
っても	-9.593225
らば	-9.594285
▁31	-9.594432
ち	-9.596118
家族	-9.596224
オ	-9.597962
父	-9.598664
▁ま	-9.599379
生き	-9.600828
▁グループ	-9.601347
▁発見	-9.603952
理由	-9.605365
変	-9.606002
▁教える	-9.606641
け	-9.608346
▁皆さん	-9.608688
のである	-9.609146
▁写真	-9.610281
▁全部	-9.610563
▁命令	-9.610668
▁信者	-9.610695
▁注目	-9.610784
顔	-9.610789
みま	-9.612300
合	-9.614688
▁宣べ伝える	-9.614862
▁驚く	-9.615035
連れ	-9.615355
▁最高	-9.618000
▁聖	-9.618142
懲罰	-9.622173
▁定	-9.622520
▁言って	-9.622946
分か	-9.623678
受け	-9.624013
▁旅行	-9.624899
▁エレミヤ	-9.625438
n	-9.626210
▁反応	-9.626340
音	-9.626978
▁あまり	-9.627231
▁P	-9.627556
▁T	-9.629631
起き	-9.630187
▁事態	-9.630852
▁ヨーロッパ	-9.632528
▁ジョン	-9.633371
▁40	-9.633377
立っ	-9.633633
部屋	-9.636155
高	-9.636340
▁守る	-9.636627
▁うん	-9.637366
▁富	-9.637951
▁簡単	-9.639915
食べ	-9.640035
▁準備	-9.640234
▁B	-9.640744
▁殺	-9.640913
生活	-9.641378
ちゃ	-9.641490
▁種類	-9.643015
▁たとえ	-9.644739
8	-9.645547
絶対	-9.647009
敵	-9.648344
帰	-9.648359
kg	-9.648798
▁国家	-9.649511
▁書か	-9.649534
▁音信	-9.649907
いけ	-9.650341
最も	-9.650532
▁苦しみ	-9.651834
▁毎日	-9.652625
状態	-9.652959
▁物事	-9.654193
▁疑問	-9.655380
▁神殿	-9.655405
約束	-9.656938
急	-9.656953
終わり	-9.658633
そんな	-9.659010
▁脚注	-9.660429
▁聖霊	-9.660632
▁お願い	-9.661357
▁式	-9.662257
ることは	-9.662477
ディ	-9.663428
▁学ぶ	-9.663742
▁用	-9.664317
▁南	-9.664662
出し	-9.664948
▁友達	-9.665879
▁待っ	-9.666849
▁模範	-9.666898
▁献身	-9.667562
▁音	-9.669077
派	-9.669546
出来る	-9.670237
罪	-9.670446
▁太陽	-9.670592
▁一番	-9.671771
コ	-9.671835
▁ご自身	-9.672138
▁非	-9.672236
▁忠節	-9.672536
選択	-9.675526
▁現実	-9.677185
なきゃ	-9.677318
▁専門	-9.678016
明	-9.678488
▁音楽	-9.680918
▁戻	-9.681370
d	-9.681592
通	-9.683055
ザ	-9.683815
▁29	-9.684130
▁言える	-9.687310
▁量	-9.687681
起こ	-9.689410
▁北	-9.690226
10	-9.691378
▁喜	-9.691506
▁主張	-9.692091
▁ばかり	-9.692626
S	-9.693257
思	-9.693944
』.	-9.694273
▁あら	-9.695636
▁良心	-9.696640
山	-9.697440
▁追	-9.697563
全	-9.699742
の間	-9.699822
人々	-9.700124
文字	-9.700251
▁環境	-9.700596
されている	-9.701424
てはならない	-9.703185
撃	-9.703856
悪	-9.704787
in	-9.705023
ブ	-9.707192
言わ	-9.707231
▁偽り	-9.707789
最初	-9.708024
▁正直	-9.709512
声	-9.710857
忘れ	-9.712024
▁特質	-9.712727
▁以来	-9.712747
だね	-9.712883
▁生物	-9.713598
▁油そそ	-9.714265
番	-9.714671
▁デ	-9.714684
人生	-9.714838
▁連れ	-9.715506
▁アブラハム	-9.716701
▁直面	-9.717451
▁パパ	-9.718334
だけど	-9.718659
だわ	-9.718710
▁長	-9.719997
▁雑誌	-9.720951
▁脳	-9.721405
▁表現	-9.721431
理	-9.721786
▁ア	-9.722500
▁または	-9.722737
▁歌	-9.722976
▁運動	-9.723745
た時	-9.724936
信	-9.725006
▁目標	-9.725196
▁成長	-9.725716
▁考慮	-9.725863
▁開か	-9.726029
▁聖句	-9.726176
▁くれる	-9.726381
▁詩	-9.726501
▁場	-9.726756
最後	-9.728994
▁ものみの塔	-9.729622
▁to	-9.730010
求め	-9.730620
探し	-9.731345
ツ	-9.732350
▁化	-9.732701
▁33	-9.732816
他の	-9.733475
互い	-9.734481
▁肉	-9.734579
理解	-9.735425
サ	-9.735434
▁くる	-9.735589
付け	-9.735809
▁友	-9.735910
見せ	-9.737538
風	-9.737658
正しい	-9.739272
常	-9.739505
室	-9.739607
▁取り	-9.740084
r	-9.740508
▁契約	-9.740919
なし	-9.741104
過ぎ	-9.741897
▁ご意志	-9.742059
殺し	-9.743320
▁迫害	-9.743559
▁新た	-9.743694
説明	-9.743994
▁しっかり	-9.744596
存在	-9.744605
に対して	-9.745142
列	-9.748546
意	-9.749337
または	-9.749555
▁ゆき	-9.749844
▁証明	-9.751064
▁32	-9.751172
▁ひとり	-9.752937
▁もはや	-9.754710
▁麻薬	-9.756510
▁挙げ	-9.756786
▁障害	-9.757783
▁技術	-9.757901
どんな	-9.759611
▁50	-9.760732
▁ママ	-9.762780
▁導き	-9.762801
▁予告	-9.762822
待っ	-9.763596
二	-9.764927
▁仕える	-9.765800
そして	-9.766087
▁見つけ	-9.766264
仲間	-9.767404
▁最大	-9.768523
▁傾向	-9.768988
▁裁判	-9.769624
▁好き	-9.769700
▁対処	-9.769771
確認	-9.769855
▁向け	-9.770192
チ	-9.770858
▁全て	-9.770984
▁食事	-9.771190
▁敬意	-9.771415
かかわら	-9.772371
写真	-9.772382
▁祭司	-9.772967
立	-9.773016
▁部	-9.773323
▁要求	-9.773547
▁記述	-9.773588
権	-9.775201
種	-9.775314
側	-9.775405
▁優れ	-9.778921
▁取る	-9.779387
A	-9.779635
見える	-9.779832
設定	-9.779913
気に	-9.780457
▁用いる	-9.780729
L	-9.780949
長	-9.781265
だが	-9.781305
▁慰め	-9.783031
▁鳥	-9.783604
木	-9.784584
▁認識	-9.784863
▁全員	-9.785970
▁つつ	-9.787247
バ	-9.787890
バー	-9.787919
▁効果	-9.788559
▁多	-9.789795
▁大きく	-9.791065
計画	-9.791242
▁バビロン	-9.791258
▁その他	-9.792049
▁当然	-9.792101
▁基本	-9.792941
▁向か	-9.793502
ることを	-9.793516
▁病院	-9.794147
大丈夫	-9.794212
▁もしくは	-9.794799
戦	-9.795012
▁エジプト	-9.796164
▁攻撃	-9.797028
自	-9.797374
▁年代	-9.797388
▁付	-9.797472
正	-9.797899
▁支持	-9.799852
▁>	-9.802048
誰か	-9.802374
ものみの塔	-9.802472
うち	-9.802623
▁似	-9.803209
員	-9.804063
人びと	-9.804938
野	-9.805136
▁強く	-9.805183
一度	-9.807302
母	-9.807705
▁まま	-9.807723
▁残り	-9.807848
▁豊か	-9.807854
▁◆	-9.808586
▁通り	-9.808652
光	-9.808687
とした	-9.808893
▁側	-9.808952
ったか	-9.809141
▁ふさわしい	-9.809776
使う	-9.810513
船	-9.811248
▁時期	-9.812501
リスト	-9.812757
▁み使い	-9.814418
座	-9.814697
▁両	-9.815460
大きな	-9.816755
▁余り	-9.816791
▁許し	-9.817591
ール	-9.819348
▁もたらし	-9.820532
ニ	-9.820903
▁まあ	-9.822250
入	-9.822956
随	-9.824498
9	-9.824699
▁of	-9.824904
許	-9.825053
どうか	-9.825788
▁うまく	-9.826155
▁症	-9.826459
▁4)	-9.826564
▁マルコ	-9.826591
▁初期	-9.827740
取り	-9.829638
▁出し	-9.829689
▁霊感	-9.829746
▁感じる	-9.829830
ござ	-9.831339
続け	-9.832528
▁賢明	-9.832973
▁いろいろ	-9.833507
▁学び	-9.834683
▁従順	-9.835220
たん	-9.835590
することが	-9.839220
読	-9.840648
▁分かる	-9.840897
▁顔	-9.840949
▁特権	-9.841359
▁働く	-9.842385
▁破壊	-9.843807
ベ	-9.844717
▁みる	-9.844746
▁続ける	-9.846555
ながら	-9.846628
▁ユダ	-9.846859
▁婦人	-9.847030
C	-9.847468
▁み子	-9.848176
▁想像	-9.849011
結果	-9.850562
いつも	-9.851254
▁you	-9.851995
▁関連	-9.852180
せい	-9.852848
頃	-9.853614
▁クレジット	-9.854225
i	-9.855544
▁倍	-9.856814
▁教徒	-9.857449
▁取っ	-9.857813
ッ	-9.858646
グ	-9.859389
どの	-9.859657
▁利用	-9.860106
止め	-9.860507
息子	-9.861107
▁証言	-9.861369
レ	-9.861396
▁過	-9.862442
▁世話	-9.862798
において	-9.862837
▁翻訳	-9.863385
基づい	-9.863556
▁ささげ	-9.864100
▁使わ	-9.864159
▁意見	-9.864243
まえ	-9.865225
HP	-9.866851
▁使う	-9.866990
▁熱心	-9.867524
▁させる	-9.867907
▁ところが	-9.867989
T	-9.868128
ご	-9.869273
▁仕え	-9.870847
▁銃	-9.871198
刑	-9.871606
▁み名	-9.871787
▁初め	-9.871978
▁心臓	-9.872094
▁十	-9.872353
▁率	-9.872909
▁番	-9.873251
嘘	-9.874866
による	-9.875849
▁絶え	-9.875951
▁会館	-9.875983
▁程度	-9.876028
▁M	-9.876204
娘	-9.877923
以前	-9.878302
▁ス	-9.878310
▁参加	-9.878828
▁公正	-9.878844
出す	-9.878883
▁結論	-9.879066
覚え	-9.879226
▁怒り	-9.881272
▁さて	-9.882950
▁飛行	-9.883421
伝え	-9.884070
いくつ	-9.884168
分かる	-9.885209
必ず	-9.885953
▁−	-9.886088
▁w	-9.886115
調べ	-9.886285
▁植物	-9.886508
なければならな	-9.887016
+	-9.887382
▁生きる	-9.888171
▁元	-9.889131
ター	-9.891181
▁そうすれば	-9.891294
別	-9.891747
▁大変	-9.891827
▁発行	-9.892255
▁スペイン	-9.894139
▁論	-9.894753
もっと	-9.895035
▁報い	-9.895052
▁拡大	-9.895304
▁通	-9.895393
星	-9.895793
▁アルコール	-9.895969
▁囲み	-9.896098
非常	-9.896689
剣	-9.897555
▁許	-9.898141
▁裁き	-9.899249
▁死者	-9.899745
▁任命	-9.900093
▁美しい	-9.900566
l	-9.900740
▁かなっ	-9.901009
結婚	-9.901246
異なっ	-9.902086
▁司祭	-9.902464
プ	-9.903186
▁いずれ	-9.903436
▁念	-9.903450
たもの	-9.904565
▁宣明	-9.904583
就	-9.904855
▁働	-9.905958
▁軍	-9.906171
▁難しい	-9.906743
▁ノア	-9.907650
▁指摘	-9.907723
いく	-9.908156
▁神聖	-9.908316
▁間違	-9.909638
返し	-9.909795
▁変え	-9.909927
▁見える	-9.909973
士	-9.910085
▁深く	-9.910567
れてい	-9.910759
▁重大	-9.910785
位	-9.911741
すべての	-9.912366
▁容易	-9.912477
▁限り	-9.912618
わたっ	-9.912817
行か	-9.913629
▁会社	-9.913803
▁それとも	-9.914085
▁戦い	-9.914849
食	-9.915185
いで	-9.915225
▁国々	-9.915296
▁D	-9.916418
▁F	-9.916449
会社	-9.916818
行け	-9.917308
▁読み	-9.919047
システム	-9.919239
▁ソロモン	-9.919762
行い	-9.921309
20	-9.921365
▁新聞	-9.922248
▁表わし	-9.922552
拍	-9.922706
準備	-9.922916
▁これらの	-9.923759
然	-9.924546
▁エ	-9.924764
妻	-9.924950
▁こっ	-9.925388
▁間違い	-9.926669
▁選択	-9.926935
▁立て	-9.927034
▁しばしば	-9.927288
空	-9.927402
型	-9.927827
容	-9.928807
▁熱	-9.929393
典	-9.930488
したが	-9.930592
変え	-9.932103
話す	-9.932443
▁される	-9.932630
▁貴	-9.933384
▁なれ	-9.934516
ガ	-9.935143
▁福音	-9.935922
密	-9.936688
知り	-9.936980
▁聞き	-9.937050
▁役割	-9.937629
▁偉大	-9.937971
書き	-9.939019
b	-9.939438
代	-9.939931
▁象徴	-9.940074
ただ	-9.940222
▁たばこ	-9.940252
▁強力	-9.940341
役	-9.941316
▁進歩	-9.941325
▁統治	-9.941356
▁J	-9.941745
▁部屋	-9.941855
▁願い	-9.943387
ると	-9.943908
▁大戦	-9.945155
▁つけ	-9.945674
離れ	-9.946323
▁犯し	-9.947022
ることが	-9.947908
キ	-9.948382
▁花	-9.948874
ミ	-9.949347
血	-9.950239
▁取り上げ	-9.950726
▁規準	-9.951880
同	-9.952052
▁先生	-9.952148
▁所有	-9.953753
▁決意	-9.953918
シ	-9.954042
算	-9.954485
▁官	-9.954823
▁え	-9.954979
可能性	-9.955098
小	-9.955410
▁マリア	-9.955876
▁指示	-9.956168
▁半	-9.956213
▁薬	-9.956221
▁立	-9.956798
▁血液	-9.956830
簡単	-9.957008
▁法律	-9.957135
▁手術	-9.957290
▁群衆	-9.957933
▁唯一	-9.958238
▁人口	-9.958349
殺す	-9.958375
▁大いに	-9.958379
=	-9.958500
▁失	-9.959002
実際	-9.959557
▁大抵	-9.959778
移動	-9.959806
いわ	-9.960216
c	-9.960613
▁なさ	-9.960685
実行	-9.961018
かしら	-9.961268
ラー	-9.961300
▁入	-9.962058
▁明日	-9.962934
ノ	-9.963663
文	-9.963797
等	-9.963829
信者	-9.964167
ヤ	-9.964186
▁群れ	-9.964307
変更	-9.964680
▁メシア	-9.964718
学校	-9.965532
▁持ち	-9.965587
故	-9.965861
▁座	-9.966216
わか	-9.966413
▁文書	-9.967187
週間	-9.967315
▁文	-9.967395
転	-9.967555
▁こそ	-9.967963
軍	-9.968301
州	-9.969605
▁楽園	-9.970018
不信	-9.970246
▁思え	-9.970390
▁生き方	-9.970430
ならない	-9.970551
間に	-9.971709
▁中国	-9.971901
▁みなさ	-9.972748
▁始まり	-9.972750
違い	-9.972979
言え	-9.973214
安全	-9.973415
%	-9.973602
▁カナダ	-9.975474
場合は	-9.975687
▁救い	-9.976733
▁貴重	-9.976747
▁要素	-9.977495
▁マ	-9.977698
カー	-9.978463
e	-9.979211
心配	-9.979313
▁x	-9.979689
ちゃん	-9.980176
危険	-9.981977
▁成員	-9.983606
▁入る	-9.983818
捜査	-9.984087
▁望	-9.985432
明確	-9.986980
▁見て	-9.987082
▁主人	-9.987085
▁自己	-9.987267
▁きっと	-9.989148
▁避け	-9.990440
▁着	-9.990507
▁自動	-9.991927
死ぬ	-9.992270
件	-9.992942
▁手段	-9.993462
~	-9.995131
▁告げ	-9.995139
▁聞く	-9.995565
らせ	-9.996217
やっ	-9.996291
失	-9.998023
たよ	-9.998052
なもの	-9.998082
▁ぬ	-9.998555
▁英語	-9.999002
表	-9.999267
▁分から	-9.999622
▁強調	-9.999697
ティ	-10.000841
お金	-10.001565
今日	-10.001804
▁権利	-10.002337
僧職	-10.002657
ジ	-10.002934
▁おく	-10.002996
▁細胞	-10.003058
▁抱く	-10.005273
しまう	-10.005633
一番	-10.006049
▁出る	-10.006605
事件	-10.007305
よい	-10.008892
アメリカ	-10.009048
▁圧力	-10.009672
▁パン	-10.010509
ぐ	-10.010781
ing	-10.011120
▁生命	-10.011236
限り	-10.011692
▁奇跡	-10.013028
▁教授	-10.013637
▁建設	-10.013874
▁空	-10.013901
▁離婚	-10.016292
▁支え	-10.017000
起	-10.018407
ばかり	-10.019794
▁生徒	-10.020429
守	-10.020721
▁置か	-10.020913
▁近い	-10.021162
▁N	-10.022429
失敗	-10.022758
▁作	-10.023317
▁G	-10.024210
産	-10.024487
▁敬虔	-10.024721
▁37	-10.026653
▁特定	-10.029166
▁オーストラリア	-10.029214
▁異	-10.029256
連絡	-10.029582
王	-10.029922
▁回復	-10.030122
▁避ける	-10.031258
真実	-10.031844
皆	-10.031946
友達	-10.032702
▁作る	-10.032887
ed	-10.033062
▁オ	-10.033560
▁正	-10.033568
▁1,2	-10.034553
▁大いなる	-10.034645
▁読者	-10.036171
▁石	-10.036297
▁少女	-10.036942
先生	-10.037853
まれ	-10.038086
▁高く	-10.038132
ちょっと	-10.039487
▁派	-10.040080
状況	-10.040602
▁酒	-10.040994
聖書	-10.041223
真理	-10.042032
▁カ	-10.042034
▁ひどい	-10.042710
薬	-10.042816
トン	-10.043051
エ	-10.043306
▁歩み	-10.043338
向か	-10.044306
▁毎年	-10.045291
ろうと	-10.045701
▁インド	-10.045825
かい	-10.046041
計	-10.046594
ほう	-10.046701
▁突然	-10.048083
▁最善	-10.048295
▁印刷	-10.048320
感	-10.048561
▁素晴らしい	-10.048916
さえ	-10.049010
▁伝える	-10.050706
会い	-10.051740
▁意識	-10.051979
&	-10.052686
げ	-10.052823
▁我	-10.053212
▁エゼキエル	-10.053642
和	-10.053982
入り	-10.054338
底	-10.055465
なっ	-10.056197
▁つ	-10.056354
▁サムエル	-10.057078
服	-10.057734
呼	-10.057904
ダメ	-10.058023
▁品	-10.058344
ent	-10.058554
海	-10.059538
たくさん	-10.059631
▁事故	-10.059978
友人	-10.060769
もなく	-10.060900
▁宣べ伝え	-10.061850
追加	-10.061930
てき	-10.062763
▁しるし	-10.063219
▁良く	-10.063289
素	-10.063946
▁イタリア	-10.064256
店	-10.065555
▁結	-10.065669
▁R	-10.065935
▁魚	-10.066535
らか	-10.066615
▁謙遜	-10.067274
真	-10.067912
出る	-10.068386
▁生じる	-10.068858
▁村	-10.069182
▁さまざま	-10.069498
▁一体	-10.069593
▁今や	-10.069928
▁35	-10.069940
▁事務	-10.070270
存じ	-10.070291
▁運転	-10.070504
田	-10.070992
▁大半	-10.071058
▁四	-10.071595
部	-10.071810
今度	-10.073315
▁古い	-10.074026
▁殺人	-10.075534
装	-10.076268
▁はじめ	-10.076468
▁大人	-10.076674
▁建物	-10.077251
氏	-10.077291
▁事件	-10.077432
分から	-10.077737
全部	-10.077921
▁根	-10.080480
所に	-10.081474
▁源	-10.081565
▁どうぞ	-10.081756
▁滅び	-10.081774
行動	-10.083704
▁興味深い	-10.083709
ハ	-10.083749
▁中心	-10.083770
感謝	-10.084170
▁規模	-10.084406
町	-10.085614
流	-10.085720
質問	-10.086724
▁しばらく	-10.086772
▁支部	-10.087191
▁記念	-10.087495
▁ほら	-10.087951
▁プログラム	-10.088328
▁収	-10.088366
▁ダメ	-10.088458
ゲーム	-10.088698
美	-10.089610
▁なんと	-10.090871
▁旅	-10.091082
p	-10.092375
▁エネルギー	-10.092468
▁夢	-10.092525
在	-10.092581
するために	-10.092894
犬	-10.093177
▁進化	-10.094139
▁保	-10.094431
▁行か	-10.094731
報	-10.095243
辺	-10.096301
▁利	-10.096610
▁死亡	-10.097170
▁リ	-10.097312
畏れ	-10.097485
んか	-10.098446
▁試練	-10.098778
▁満ち	-10.100077
▁西	-10.101042
▁風	-10.101886
▁余	-10.102199
▁思える	-10.102604
に対する	-10.104308
▁W	-10.104618
▁映画	-10.105395
▁恐らく	-10.105484
他	-10.107031
▁食べる	-10.107183
▁34	-10.108062
導	-10.108097
引	-10.108272
ネ	-10.108275
▁例え	-10.109128
▁師	-10.110316
▁極めて	-10.110811
傷	-10.110911
▁いいか	-10.111522
自由	-10.113248
解決	-10.114626
品	-10.114639
▁協力	-10.115073
記	-10.115614
▁不安	-10.116723
▁ファイル	-10.117223
二人	-10.117629
▁達し	-10.117730
▁ごく	-10.117796
▁結局	-10.118196
▁8)	-10.119131
▁健全	-10.119528
買っ	-10.119598
たり	-10.120220
▁賛美	-10.120289
▁励まし	-10.121066
D	-10.121834
郎	-10.122161
せる	-10.122218
▁教師	-10.122301
▁直接	-10.122511
配偶	-10.123123
▁務め	-10.123306
▁試み	-10.123549
▁被害	-10.124197
▁フィリピ	-10.124436
技術	-10.125201
▁表わす	-10.125506
すぎ	-10.125760
>	-10.125805
▁誕生	-10.126038
▁動か	-10.126981
▁開	-10.127061
▁調和	-10.127329
▁汚染	-10.127388
昨日	-10.127398
▁医	-10.128010
聞き	-10.128446
あの	-10.128447
どれ	-10.128636
▁ハ	-10.128698
▁冊	-10.128758
ありがとう	-10.128820
▁壁	-10.130530
▁いれ	-10.131185
▁地方	-10.131364
令	-10.131670
処	-10.131948
ずっ	-10.132128
▁200	-10.132376
命令	-10.132568
▁行け	-10.132633
▁ほんと	-10.132803
ット	-10.133051
▁痛み	-10.133274
夢	-10.133526
▁述べる	-10.133927
▁ちょうど	-10.134359
▁姿	-10.134782
▁適切	-10.135624
M	-10.136307
▁保証	-10.136330
▁入り	-10.136525
▁3)	-10.136740
望	-10.136919
ロー	-10.138055
親	-10.138741
▁失敗	-10.139189
十分	-10.139515
▁E	-10.140114
▁出エジプト	-10.140595
▁含め	-10.141335
銃	-10.142749
▁正しく	-10.142890
▁赤ちゃん	-10.142905
▁考え方	-10.143502
▁解放	-10.145274
年間	-10.145417
▁教訓	-10.145737
重要な	-10.146132
テ	-10.146725
分かり	-10.146782
▁逃げ	-10.146806
▁たいてい	-10.148072
続	-10.148629
▁近づ	-10.149503
▁なし	-10.149833
考える	-10.150170
▁少年	-10.150212
▁勉強	-10.150270
つく	-10.150704
いてい	-10.150715
かね	-10.151510
▁どうも	-10.151721
▁無視	-10.151900
みる	-10.152387
ヶ	-10.153131
屋	-10.153409
成功	-10.153624
▁H	-10.154032
質	-10.154364
f	-10.155594
▁捨て	-10.155609
定	-10.155631
▁応じ	-10.155647
▁数多く	-10.155826
▁ラ	-10.156363
▁困難	-10.156390
程	-10.156976
▁医学	-10.157144
知らせ	-10.157525
▁提供	-10.158234
▁楽し	-10.158689
▁野	-10.158710
▁有名	-10.159222
▁誠実	-10.159350
▁非難	-10.159403
▁輸血	-10.161024
▁いっそう	-10.161623
30	-10.162041
断	-10.162977
▁期	-10.163336
▁引	-10.163368
▁危機	-10.163694
決して	-10.163780
▁犬	-10.164597
背	-10.164778
ねえ	-10.164784
半	-10.164909
みんな	-10.165375
▁増え	-10.165425
▁医療	-10.166097
義	-10.166418
純	-10.166671
▁L	-10.166738
▁エバ	-10.166771
調	-10.166847
▁雨	-10.167958
▁あいつ	-10.168322
▁s	-10.168403
小さな	-10.168530
re	-10.169470
▁多数	-10.170817
▁平均	-10.171196
授け	-10.172055
働	-10.172801
▁いく	-10.172837
キー	-10.173295
▁払う	-10.173836
▁広く	-10.174544
▁ガラテア	-10.174739
別の	-10.175160
▁単に	-10.175699
▁命じ	-10.177094
▁役立つ	-10.177433
ビ	-10.177628
▁勇気	-10.178627
えば	-10.178658
▁収め	-10.179225
望み	-10.179522
▁楽しみ	-10.180272
▁朝	-10.180689
なってい	-10.181492
▁おかげ	-10.181581
E	-10.181908
▁おそらく	-10.182089
▁勝利	-10.182198
入力	-10.182422
込み	-10.183079
▁感染	-10.183129
▁右	-10.183268
価値	-10.183507
▁コロサイ	-10.183869
リング	-10.183870
へん	-10.184079
▁機関	-10.184171
得る	-10.184698
▁害	-10.184898
きて	-10.185767
▁ドア	-10.186407
▁ついに	-10.187334
▁設け	-10.188122
じ	-10.189337
▁貧しい	-10.191270
▁権	-10.192099
雨	-10.192498
▁愛情	-10.193198
呼ば	-10.193313
▁f	-10.193872
▁言及	-10.194415
▁願	-10.194551
いった	-10.194879
チーム	-10.195145
使い	-10.195745
読み	-10.195869
上げ	-10.195997
▁代表	-10.196017
逃げ	-10.196080
▁置い	-10.196703
▁当局	-10.197155
▁やすい	-10.198725
対し	-10.199846
状	-10.200771
▁忠誠	-10.201451
隊	-10.202174
週	-10.202186
▁服	-10.202225
発見	-10.202487
▁編	-10.203608
となり	-10.203834
City	-10.207129
やり	-10.207189
▁オレ	-10.207330
研究	-10.210044
スト	-10.211082
▁つれ	-10.211166
▁9)	-10.211563
まま	-10.211653
▁未	-10.211704
啓示	-10.213990
ぎ	-10.214184
▁1)	-10.214988
▁移動	-10.215064
▁化学	-10.215094
▁労働	-10.215114
▁割り当て	-10.215978
▁5)	-10.216138
▁土	-10.216552
▁そのもの	-10.217474
▁終わ	-10.219851
▁秩序	-10.220649
れている	-10.220703
▁評価	-10.221089
時代	-10.221290
病	-10.221664
▁管理	-10.224384
50	-10.225112
▁油	-10.227053
▁主権	-10.227447
▁空気	-10.227640
わかる	-10.227931
▁'	-10.228031
限	-10.228455
▁なんて	-10.228593
▁たぶん	-10.228925
▁生産	-10.228951
くそ	-10.229443
固	-10.230088
▁巨	-10.230623
▁14)	-10.231062
計算	-10.231392
▁文字	-10.232961
酷	-10.233197
▁作者	-10.233873
▁参照	-10.234385
ゴ	-10.234620
▁見込み	-10.235063
F	-10.235203
▁かつ	-10.235268
▁ヨセフ	-10.235690
▁外国	-10.235723
▁再	-10.235729
▁12)	-10.236399
▁代わり	-10.236672
▁手本	-10.237171
▁型	-10.237314
社	-10.237318
▁一日	-10.237383
▁単なる	-10.238127
▁ねえ	-10.238275
てお	-10.238736
■	-10.238853
情報	-10.238881
▁描写	-10.239071
▁取り決め	-10.239656
▁東	-10.239931
啓	-10.240070
▁洪水	-10.240374
魔	-10.240418
▁核	-10.240812
▁比べ	-10.240985
個	-10.241261
恐れ	-10.241265
▁働か	-10.241479
▁術	-10.241583
▁客	-10.241995
U	-10.243314
骨	-10.243762
▁ひとつ	-10.244037
創造	-10.244108
▁続く	-10.244918
▁胸	-10.245447
表示	-10.248517
完全	-10.249287
▁忍耐	-10.249753
しく	-10.249833
▁基づく	-10.249968
▁街	-10.250874
▁判断	-10.251582
▁1914	-10.251664
終わ	-10.251871
▁60	-10.252895
ガン	-10.253894
指定	-10.254374
宅	-10.254501
▁悪霊	-10.254605
従	-10.254672
観	-10.254876
▁ひ	-10.254981
▁晩	-10.255109
億	-10.255381
▁=	-10.255486
▁帝国	-10.255599
▁像	-10.255823
▁せよ	-10.255977
k	-10.256063
▁呼	-10.256589
定め	-10.256642
記録	-10.256735
▁ブラジル	-10.258942
▁伝統	-10.259152
見つか	-10.260115
▁好	-10.260547
▁16)	-10.261160
戻る	-10.261314
▁聞こえ	-10.261439
全能	-10.261716
生まれ	-10.262594
パ	-10.263000
▁ロンドン	-10.263093
やめ	-10.263329
▁複雑	-10.263472
安	-10.264027
▁相当	-10.264184
▁ほぼ	-10.264192
▁集め	-10.264514
早く	-10.265524
積	-10.266242
多	-10.266500
▁三つ	-10.266687
を行う	-10.266933
言い	-10.267978
▁患難	-10.268463
▁ふ	-10.269165
歩	-10.270030
良く	-10.270758
倍	-10.271953
AR	-10.272045
▁やはり	-10.272064
▁10)	-10.272788
▁器	-10.273385
▁永久	-10.273407
知る	-10.274069
川	-10.274988
▁ガン	-10.275249
▁建て	-10.275925
▁子孫	-10.277046
兵	-10.277583
共同	-10.278049
作り	-10.278306
▁悔い改め	-10.278449
▁だり	-10.279431
▁個	-10.279454
確率	-10.280140
選	-10.280223
▁とりわけ	-10.281128
▁通信	-10.281129
▁ごと	-10.281312
▁知らせ	-10.281756
K	-10.282348
▁テサロニケ	-10.282696
どうして	-10.282954
▁証し	-10.282960
▁実現	-10.283544
▁11)	-10.283911
▁寄付	-10.283921
付	-10.284232
▁描	-10.284276
▁遠く	-10.284566
▁続	-10.284807
創	-10.284985
▁不思議	-10.285229
全体	-10.285260
▁それに	-10.285318
これらの	-10.285412
▁件	-10.286737
▁and	-10.287337
▁ぶどう	-10.287499
▁イ	-10.288078
▁見せ	-10.288692
立て	-10.288712
▁幼い	-10.289566
と考え	-10.289672
▁放	-10.290214
警告	-10.290287
モ	-10.291212
▁気分	-10.291615
▁有益	-10.292080
腹	-10.292994
▁武器	-10.293636
▁適用	-10.293694
▁0	-10.293880
居る	-10.294479
▁生涯	-10.294641
兄弟	-10.295279
▁誘惑	-10.296241
シュ	-10.296393
肉	-10.296708
寝	-10.297206
▁ひどく	-10.297998
▁伴う	-10.298087
▁一層	-10.298327
▁コンピューター	-10.299047
▁サラ	-10.299404
っち	-10.299673
首	-10.299688
▁卒業	-10.300117
▁どうか	-10.300123
魂	-10.300285
▁資格	-10.300488
訳	-10.300924
無理	-10.301384
落ち	-10.301393
▁受け入れる	-10.301421
率	-10.301467
▁祈る	-10.301699
目的	-10.301839
▁地震	-10.302000
いや	-10.302092
▁なお	-10.302148
▁載せ	-10.303968
▁相	-10.304471
▁動機	-10.304874
▁冷	-10.305633
貴	-10.306217
−	-10.306406
となる	-10.306408
▁及ぼす	-10.306849
▁世代	-10.307073
作る	-10.307279
▁黙	-10.307611
経験	-10.307852
おう	-10.308413
▁住民	-10.308810
▁妊娠	-10.308861
犯	-10.309135
ウ	-10.309282
▁欲望	-10.309686
▁人種	-10.309962
▁引用	-10.310358
▁馬	-10.310415
聞く	-10.310618
▁ほんの	-10.310637
ボ	-10.311388
最高	-10.311444
息	-10.311472
▁思い起こ	-10.312594
▁ら	-10.312837
▁楽しい	-10.313233
確か	-10.313245
耳	-10.313903
情報を	-10.314260
▁策	-10.314548
ビデオ	-10.315120
▁士	-10.315271
なぜ	-10.315916
▁偶像	-10.316419
▁クソ	-10.316453
▁不足	-10.316739
視	-10.317391
▁委員	-10.317770
▁始ま	-10.318121
▁ストレス	-10.318408
つか	-10.318459
あれ	-10.318853
▁無理	-10.319065
▁語る	-10.319324
高い	-10.319835
R	-10.320197
ほしい	-10.320356
近	-10.320445
現在	-10.320630
おり	-10.320837
らしい	-10.320865
石	-10.321316
▁文化	-10.322652
w	-10.322969
▁尋ねる	-10.323302
▁題する	-10.323619
の下	-10.325130
ほとんど	-10.325365
▁記憶	-10.325678
殺人	-10.325744
好	-10.326013
▁レビ	-10.326107
ゆっくり	-10.326129
博士	-10.326476
近く	-10.327530
がい	-10.328241
▁起きる	-10.329760
▁連絡	-10.330294
気が	-10.330594
▁組	-10.331098
の問題	-10.331266
キリスト	-10.332471
セ	-10.332909
▁多分	-10.333118
知識	-10.334304
番号	-10.334314
曜	-10.334884
▁及ぼし	-10.335281
決め	-10.335380
位置	-10.335400
▁静か	-10.335556
▁喫煙	-10.335792
晩	-10.336458
コード	-10.336777
er	-10.337209
画	-10.337636
▁果たす	-10.339049
悟	-10.339214
ったん	-10.339333
街	-10.339375
▁17)	-10.340583
▁殺し	-10.340661
日に	-10.340992
▁注意深く	-10.341093
▁位置	-10.341992
▁13)	-10.342635
▁被	-10.342712
▁ニュース	-10.343566
配	-10.343567
走	-10.343668
▁園	-10.344276
ど	-10.345079
▁ロシア	-10.345476
▁骨	-10.345538
▁いま	-10.345956
を持つ	-10.346538
若い	-10.347217
▁兄	-10.347444
馬	-10.348228
定義	-10.348275
X	-10.349906
▁汚れ	-10.350374
ケ	-10.350842
住ん	-10.351106
▁一人	-10.351292
▁ごろ	-10.351878
▁人格	-10.352946
▁食糧	-10.353113
▁事典	-10.353184
▁全地	-10.353364
▁含む	-10.354077
〕	-10.354731
▁気づ	-10.354931
ドア	-10.355531
シー	-10.355824
角	-10.355862
▁付け	-10.356962
ック	-10.357257
▁かかる	-10.357398
▁類	-10.358072
▁もたら	-10.359655
▁70	-10.359730
▁銀行	-10.360366
▁7)	-10.360934
▁使い	-10.361115
両	-10.361735
悪魔	-10.361795
▁りっぱ	-10.361911
ナー	-10.362130
▁まるで	-10.362621
▁気づき	-10.362947
▁合	-10.363249
掛け	-10.363503
▁人物	-10.363805
リン	-10.364784
▁み言葉	-10.364927
スター	-10.365214
西	-10.366218
▁是認	-10.366816
責任	-10.367088
▁たとえば	-10.367161
▁1,000	-10.367542
▁自殺	-10.367688
▁族	-10.367768
▁45	-10.367911
現	-10.367992
▁激しい	-10.368026
秒	-10.368968
己	-10.369250
▁ゲーム	-10.369703
▁大統領	-10.370151
▁物語	-10.370214
島	-10.370215
守る	-10.370320
▁交わり	-10.370369
▁異なる	-10.370918
永遠	-10.370933
素晴らしい	-10.370971
注意	-10.371705
開け	-10.372309
脳	-10.372613
▁繰り返し	-10.372985
▁左	-10.373400
▁申命記	-10.373852
▁近	-10.374434
全く	-10.374960
データ	-10.375826
▁上げ	-10.376514
▁作業	-10.377122
類	-10.377339
映画	-10.377517
削除	-10.377522
与える	-10.378176
付き	-10.378273
▁元気	-10.378500
▁長く	-10.378736
▁とも	-10.378845
もので	-10.379077
▁実験	-10.379774
のみ	-10.380558
び	-10.381122
園	-10.381638
似	-10.381717
御許	-10.381787
▁始める	-10.381802
ったり	-10.382035
▁根拠	-10.382634
▁メキシコ	-10.382672
▁正当	-10.382771
師	-10.382909
▁冊子	-10.383985
相	-10.384355
歌	-10.385295
有効	-10.385331
▁表	-10.385871
▁役	-10.385896
▁タイムズ	-10.386157
▁部族	-10.386735
▁時々	-10.387856
大学	-10.388655
▁変わ	-10.390796
▁涙	-10.390938
▁探し	-10.390980
▁保ち	-10.391491
▁コ	-10.392086
▁対象	-10.392091
▁もらう	-10.392154
のお	-10.392338
向け	-10.392742
攻撃	-10.392760
▁認める	-10.393328
性的	-10.393361
▁観察	-10.393914
英	-10.394107
▁到来	-10.394363
ニー	-10.394651
▁兵士	-10.395665
▁過ぎ	-10.395963
額	-10.396102
▁ベテル	-10.396770
ロン	-10.397572
聖	-10.397740
▁魅力	-10.398270
パス	-10.398505
代わり	-10.399061
夫	-10.399754
▁乗っ	-10.400394
▁教理	-10.401801
▁装置	-10.401830
第	-10.401849
▁幾らか	-10.402507
00	-10.402620
▁百科	-10.402867
からだ	-10.404033
▁耐え	-10.405186
影響	-10.405187
▁周囲	-10.406173
セル	-10.406275
花	-10.406809
渡	-10.407088
▁赤	-10.407487
▁救	-10.407495
機能	-10.407862
台	-10.407890
▁つき	-10.408237
▁発展	-10.408423
▁提案	-10.408984
▁決め	-10.409712
戦争	-10.409845
合い	-10.410107
▁分野	-10.410195
▁変	-10.410398
▁台	-10.410448
▁36	-10.410641
▁神経	-10.410876
天使	-10.411333
器	-10.411454
っちゃ	-10.412460
活動	-10.412676
▁逆	-10.413215
変化	-10.413568
▁現われ	-10.413597
▁違	-10.414306
▁会話	-10.415657
▁起こ	-10.415935
ついて	-10.416318
▁ごめん	-10.416690
▁すごい	-10.416843
▁わかり	-10.416979
マー	-10.417905
▁会議	-10.417935
▁言	-10.418460
右	-10.418712
教	-10.419082
只	-10.419214
▁嘘	-10.420245
▁事がら	-10.420441
▁つく	-10.420506
館	-10.421399
▁開発	-10.422378
▁もっとも	-10.423014
▁従い	-10.423018
壁	-10.423407
▁贈り物	-10.423419
▁選ぶ	-10.424191
▁払	-10.424213
恩恵	-10.424361
▁恐ろしい	-10.424985
▁今回	-10.425405
▁発	-10.425529
▁逮捕	-10.425709
警察	-10.425938
保存	-10.425985
▁終わる	-10.427248
▁地位	-10.427514
末	-10.427848
▁見解	-10.427864
里	-10.428020
いたら	-10.428149
▁供給	-10.428386
相手	-10.428946
▁is	-10.429177
▁有害	-10.429241
▁災い	-10.429408
▁作り	-10.429529
▁以下	-10.430788
▁引き続き	-10.431288
見つける	-10.431353
▁幸い	-10.431516
▁様子	-10.431756
▁一時	-10.431790
▁すると	-10.432366
▁星	-10.432460
▁道路	-10.432631
▁同意	-10.432644
▁ハイ	-10.432976
▁調整	-10.433005
再	-10.433105
▁だめ	-10.433326
▁6)	-10.433467
▁恐れる	-10.434119
変わ	-10.434806
▁贖い	-10.434999
可能	-10.435264
▁有	-10.435495
▁店	-10.435573
言いま	-10.435874
▁聞か	-10.436372
▁見いだす	-10.436431
▁持た	-10.437037
▁歩	-10.437116
なされる	-10.437606
▁栄養	-10.437830
▁止め	-10.437878
▁宣言	-10.437945
▁抵抗	-10.438127
▁いけ	-10.438287
▁導	-10.438560
それら	-10.438694
▁特	-10.438930
込	-10.439729
▁守	-10.443321
を取	-10.444177
▁歯	-10.444421
▁中毒	-10.444985
▁およそ	-10.445298
▁15)	-10.446106
最	-10.446193
▁賜物	-10.446524
間違	-10.447275
お願い	-10.447276
▁発表	-10.447487
▁立ち	-10.447573
方向	-10.447611
宇宙	-10.448615
重	-10.448772
▁両方	-10.448835
▁線	-10.449141
FBI	-10.449153
であること	-10.449179
▁ごめんなさい	-10.449364
救	-10.449430
両親	-10.449496
強い	-10.450016
▁施設	-10.450326
能力	-10.450607
▁楽	-10.450962
慈悲	-10.451906
合う	-10.452254
▁寝	-10.452539
▁確認	-10.453058
▁限	-10.453228
▁信じる	-10.453644
ベル	-10.454022
病気	-10.454192
奨	-10.455320
おく	-10.455606
利用	-10.455796
調査	-10.456147
▁意図	-10.456752
端	-10.456945
かかる	-10.457227
▁剤	-10.457939
▁近づく	-10.458118
開始	-10.458399
▁超	-10.458528
心を	-10.459568
▁市民	-10.459705
▁機能	-10.459799
▁待て	-10.460022
▁単	-10.460161
▁諭し	-10.460295
▁虐待	-10.460588
▁年齢	-10.461014
▁頼	-10.461020
たと	-10.461459
▁種々	-10.461570
ッド	-10.461797
▁史	-10.461972
▁値	-10.462357
ムーサー	-10.462395
すぎる	-10.462571
だし	-10.463490
難しい	-10.463697
▁調べる	-10.464537
える	-10.464899
味	-10.465714
▁語ら	-10.465837
▁反	-10.466297
テスト	-10.466819
H	-10.466880
▁依然	-10.467053
▁深刻	-10.467984
▁帰っ	-10.468212
日本	-10.468350
▁過ごし	-10.468729
▁ゆえ	-10.469181
▁変える	-10.469461
幸せ	-10.470022
階	-10.470366
▁流れ	-10.471039
に関する	-10.472459
画像	-10.472665
▁神学	-10.473113
ること	-10.473775
持ち	-10.473811
明らか	-10.474024
▁同情	-10.474224
地上	-10.474620
▁ビル	-10.475458
▁神々	-10.475479
証拠	-10.475630
▁隣人	-10.475656
▁減少	-10.476523
▁意志	-10.476585
▁ささげる	-10.476622
任	-10.477115
▁牛	-10.477510
▁安定	-10.477525
▁系	-10.477776
メッセージ	-10.478204
の一部	-10.478839
▁やめろ	-10.478896
▁内容	-10.479140
▁一生	-10.479416
のための	-10.479887
▁O	-10.480270
主義	-10.480550
昔	-10.481207
▁成し遂げ	-10.481404
与えられ	-10.482322
▁アル	-10.482658
それに	-10.482824
▁機械	-10.482934
地球	-10.483277
アップ	-10.483445
われる	-10.485252
運	-10.485847
▁及ぶ	-10.486219
静	-10.486256
朝	-10.486333
▁幻	-10.486373
愛し	-10.486417
良	-10.487185
わが	-10.487760
三	-10.488956
盗	-10.489742
つき	-10.490911
いいか	-10.490980
ビル	-10.491080
箱	-10.491141
あなた方	-10.491183
であると	-10.491442
希望	-10.492028
▁扱う	-10.492208
▁了	-10.492461
▁アジア	-10.492795
プログラム	-10.492906
▁サン	-10.492986
▁すま	-10.493965
拒否	-10.494203
▁設計	-10.494242
フィル	-10.495030
イン	-10.495091
▁秘密	-10.495214
▁直	-10.495616
▁なん	-10.495694
秘密	-10.496399
イエス	-10.497013
報告	-10.497263
▁集まり	-10.498066
▁ド	-10.498121
▁訪れ	-10.498282
音楽	-10.498627
入る	-10.498795
初めて	-10.498854
積極	-10.499213
▁バ	-10.499311
▁入れる	-10.499344
▁思い出し	-10.500201
▁誤	-10.500618
▁箴	-10.501105
待	-10.501819
▁厳しい	-10.502275
姿	-10.502881
▁成る	-10.503173
▁選	-10.503491
▁居	-10.503657
▁とにかく	-10.503854
長い	-10.504234
連	-10.504435
長年	-10.504436
際	-10.504582
▁傾け	-10.505625
来い	-10.505783
▁スポーツ	-10.506106
▁腹	-10.506539
▁弁護	-10.506643
享受	-10.506682
信頼	-10.507905
チェック	-10.508781
論	-10.510040
▁望み	-10.510044
▁上手	-10.510119
▁牧師	-10.511033
〔	-10.511795
▁変わり	-10.511914
くて	-10.512073
表現	-10.512725
多い	-10.512962
▁頼む	-10.513241
▁果たし	-10.513836
これら	-10.514010
▁周り	-10.514611
環境	-10.514893
父親	-10.514991
▁悲しみ	-10.515333
▁段階	-10.515655
▁b	-10.516388
政府	-10.516677
間違い	-10.517651
▁克服	-10.517740
住	-10.518881
at	-10.519076
することは	-10.519249
▁失礼	-10.519771
▁3,4	-10.520285
コン	-10.520753
目撃	-10.521417
村	-10.521590
璧	-10.521943
▁湖	-10.522434
偉大	-10.523559
▁分裂	-10.523709
▁作ら	-10.523892
たし	-10.524029
▁バス	-10.524063
▁重	-10.524268
しい	-10.525628
▁あずかる	-10.525719
鍵	-10.526084
*	-10.526528
導き	-10.526580
▁版	-10.526692
▁親族	-10.526739
▁礼拝	-10.526820
開	-10.526868
▁葉	-10.527008
動物	-10.527542
▁システム	-10.528975
▁図	-10.529034
▁わたる	-10.529410
でもない	-10.529882
▁バカ	-10.530243
▁誉れ	-10.530392
▁300	-10.530678
▁強め	-10.530684
▁腕	-10.531189
古	-10.532072
▁祈	-10.532116
▁絵	-10.532854
▁男女	-10.532943
▁抱え	-10.533118
▁サム	-10.533696
帰る	-10.533701
▁name	-10.534015
▁こら	-10.534096
hat	-10.534254
数字	-10.534524
▁資料	-10.534650
号	-10.534719
▁叫び	-10.534859
▁幸せ	-10.535071
去っ	-10.536134
ダー	-10.536518
▁すみま	-10.537141
鳥	-10.537299
fo	-10.537435
グループ	-10.537713
▁不可能	-10.537745
信じる	-10.538259
公	-10.538550
▁緊急	-10.538860
犯罪	-10.538881
▁産	-10.539032
▁t	-10.539045
地獄	-10.539351
▁さらさ	-10.540151
置	-10.540235
▁男子	-10.540242
▁造ら	-10.540272
▁合わせ	-10.540576
▁料理	-10.541183
▁9,10	-10.541407
▁みなし	-10.541642
▁哲学	-10.541644
▁国連	-10.541890
ソ	-10.542296
▁弟	-10.542298
管理	-10.542561
北	-10.542791
▁しもべ	-10.542959
つまり	-10.544044
▁首	-10.544061
プロ	-10.544089
▁m	-10.544304
処理	-10.544336
楽	-10.546094
人物	-10.546691
飛行	-10.547130
みろ	-10.547262
送り	-10.547346
地域	-10.547614
▁地獄	-10.547747
▁卵	-10.547943
▁特徴	-10.548078
図	-10.548603
会う	-10.548619
紹介	-10.548839
▁工場	-10.549317
切れ	-10.549462
▁到着	-10.550206
▁食べ物	-10.550416
カメラ	-10.550679
▁5,000	-10.550815
席	-10.550923
不義	-10.551002
わかり	-10.551023
運転	-10.551197
▁懲らしめ	-10.551568
▁かかり	-10.552694
腕	-10.552888
毒	-10.552996
▁費用	-10.552999
▁プロ	-10.554053
やか	-10.554486
組織	-10.555297
▁殺す	-10.555534
▁大量	-10.556045
▁役立ち	-10.556596
▁強制	-10.556846
▁見いだし	-10.556949
▁制限	-10.557747
▁団体	-10.557890
▁ざる	-10.557957
▁クリスマス	-10.558349
▁望む	-10.558812
▁学生	-10.559542
気持ち	-10.559898
▁退け	-10.560160
ければ	-10.560203
▁館	-10.562626
頼	-10.562762
▁立つ	-10.562810
▁波	-10.562817
あげ	-10.563453
千	-10.563466
o	-10.564558
▁ク	-10.565145
▁依存	-10.565174
極	-10.565298
▁興味	-10.565751
証明	-10.566066
らず	-10.566098
▁局	-10.566913
大変	-10.567286
なければな	-10.567506
熱	-10.567518
▁悪行	-10.567681
▁落ち	-10.567693
▁傷	-10.567760
▁制御	-10.567893
とおり	-10.567912
▁思いやり	-10.568486
▁用意	-10.568677
放	-10.569437
▁38	-10.569459
▁お父さん	-10.569494
▁予	-10.569656
▁質	-10.569757
大きい	-10.569773
▁be	-10.570264
▁通常	-10.570471
要素	-10.570829
▁剣	-10.571358
上手	-10.571713
▁2)	-10.572160
▁話し合い	-10.572497
社会	-10.572793
引き	-10.573101
唯一	-10.573284
12	-10.573303
集め	-10.573480
▁苦痛	-10.573493
行為	-10.574095
▁こんにちは	-10.574277
我	-10.575174
▁予定	-10.575244
▁集中	-10.575260
もらう	-10.575494
路	-10.575597
▁ヨシュア	-10.575835
▁というのは	-10.576050
ランド	-10.576123
平和	-10.576387
アン	-10.576831
▁軍隊	-10.577713
虫	-10.578699
装置	-10.578804
重要	-10.578828
▁アン	-10.579479
院	-10.580158
友	-10.580803
曲	-10.580902
▁エイズ	-10.581685
▁受	-10.581823
▁呼び	-10.582959
▁犯人	-10.583097
思わ	-10.583097
▁混乱	-10.583361
取る	-10.583690
▁サ	-10.583830
▁巻	-10.583931
ごと	-10.584073
▁コーヒー	-10.584167
▁招待	-10.584201
シャ	-10.584361
うまく	-10.584468
交	-10.584768
▁選ば	-10.585937
紙	-10.586136
▁窓	-10.586339
百万	-10.586505
▁電気	-10.586552
▁表われ	-10.586986
ポート	-10.587070
命じ	-10.587394
▁見つか	-10.588016
▁2,000	-10.588595
▁断	-10.588779
▁欠け	-10.588839
▁バー	-10.588981
合わせ	-10.589031
▁c	-10.589064
▁つづけ	-10.589417
▁征服	-10.589737
事故	-10.589912
▁反映	-10.590328
▁うえ	-10.590766
▁清い	-10.591161
指	-10.591230
ワ	-10.591352
散	-10.591438
▁出す	-10.591523
距離	-10.591626
▁やり	-10.592401
▁爆発	-10.593246
▁今後	-10.593515
ページ	-10.594083
▁方向	-10.594109
▁18)	-10.594252
▁it	-10.594668
メ	-10.594858
母親	-10.595078
▁職	-10.595258
▁儀式	-10.595278
▁後ろ	-10.595692
父さん	-10.596296
描	-10.596313
したり	-10.596599
▁症状	-10.597469
▁驚	-10.597830
▁きれい	-10.597984
▁パラダイス	-10.598295
激	-10.598559
G	-10.598602
害	-10.598864
込む	-10.600511
動き	-10.602526
▁対照	-10.603326
▁l	-10.603347
める	-10.603649
▁表明	-10.603918
▁戦	-10.603933
メール	-10.604356
互	-10.604441
ジャ	-10.604630
▁X	-10.604755
▁詳細	-10.604955
▁妹	-10.605426
それで	-10.605722
策	-10.606012
▁冗談	-10.606526
消え	-10.606568
想像	-10.606784
▁夏	-10.607006
▁迎え	-10.608115
オプション	-10.608116
▁民族	-10.608242
タイプ	-10.608756
▁悲し	-10.608776
▁収穫	-10.609210
▁事情	-10.609260
示	-10.609421
▁ギレアデ	-10.609453
op	-10.609835
かける	-10.610722
皆さん	-10.611015
▁改善	-10.611235
g	-10.612253
▁4,000	-10.612505
▁マタ	-10.613727
▁数々	-10.613891
ラン	-10.613959
やつ	-10.614164
電	-10.614169
▁運	-10.614465
波	-10.614988
▁独	-10.615299
バカ	-10.616168
ついた	-10.616467
▁愛さ	-10.617394
▁穴	-10.618153
棒	-10.618983
▁千	-10.619198
られている	-10.619328
▁憎しみ	-10.619641
あと	-10.619829
接	-10.620689
▁司教	-10.621658
▁当たり	-10.621954
▁失わ	-10.622266
▁維持	-10.622539
事実	-10.622630
▁引き	-10.622904
▁否定	-10.623457
▁取れ	-10.623743
勉強	-10.623847
全然	-10.623926
▁司会	-10.624195
11	-10.624632
自然	-10.624950
▁ヘブ	-10.625978
▁反逆	-10.626197
差	-10.626287
▁戻る	-10.626443
▁悪く	-10.628280
▁講演	-10.628692
最大	-10.628875
銀行	-10.628922
▁ぼく	-10.629189
▁腐敗	-10.631158
を表示	-10.631266
▁払い	-10.632136
▁実行	-10.632456
▁構成	-10.632548
▁残し	-10.632632
借り	-10.632833
弾	-10.632904
en	-10.633183
大きく	-10.633364
▁そのまま	-10.633492
違	-10.633677
▁アー	-10.634940
▁少ない	-10.635932
▁トン	-10.636168
▁あげ	-10.636957
▁地図	-10.637002
▁隊	-10.637441
遅れ	-10.637594
▁わが	-10.637774
▁ベ	-10.637913
▁安心	-10.637936
ぶ	-10.638221
根	-10.638756
▁そ	-10.639217
行う	-10.639397
▁昨年	-10.640631
▁達成	-10.640671
俗	-10.640901
▁緊張	-10.641350
満たさ	-10.641481
▁法王	-10.641603
言語	-10.641897
▁守り	-10.642152
手紙	-10.642187
▁歩む	-10.642735
▁信条	-10.642788
嫌	-10.642814
モデル	-10.642928
▁条件	-10.643250
▁そば	-10.643259
▁列王	-10.643662
▁ほしい	-10.644187
聴	-10.644462
等しい	-10.645487
▁確実	-10.646414
▁詳しく	-10.646537
▁差し伸べ	-10.647237
▁ジャック	-10.647409
協力	-10.647455
男性	-10.648589
どち	-10.649548
▁おきて	-10.649570
ワード	-10.649763
▁集ま	-10.649876
▁救出	-10.650567
▁創世	-10.650865
幅	-10.650989
左	-10.651772
細胞	-10.652022
▁驚き	-10.652336
▁レ	-10.652651
▁息	-10.652793
▁原子	-10.652923
▁とこし	-10.653130
捨て	-10.653250
▁床	-10.653359
▁飲む	-10.653692
▁のみ	-10.653789
られてい	-10.653813
▁異教	-10.654184
▁貪欲	-10.654838
受ける	-10.654895
,2	-10.655134
▁作用	-10.655663
▁ピーター	-10.655871
絵	-10.656552
▁まこと	-10.656719
▁ガス	-10.656777
▁白	-10.657650
もら	-10.658555
乳	-10.658756
の人々	-10.660130
種類	-10.660295
▁羽	-10.661382
▁チーム	-10.661747
▁総	-10.663937
▁善良	-10.663947
▁墓	-10.664350
▁道理	-10.664351
予定	-10.664376
得られ	-10.664738
サー	-10.664743
▁強	-10.664771
▁続き	-10.665188
▁連	-10.665379
▁お母さん	-10.665572
▁恐怖	-10.665627
進	-10.666686
▁置く	-10.667962
▁岩	-10.668012
入手	-10.668471
局	-10.668591
▁ロマ	-10.668846
▁取ら	-10.669196
▁憐れみ	-10.669517
加え	-10.670691
▁動き	-10.670888
▁19)	-10.671018
逮捕	-10.671087
40	-10.671287
▁こういう	-10.671288
▁活用	-10.671689
セット	-10.671723
▁標準	-10.671762
ですから	-10.672400
取って	-10.672477
▁こめ	-10.672558
▁いわゆる	-10.672929
しかし	-10.673060
示し	-10.673060
烈	-10.673229
エラー	-10.673625
▁のち	-10.673752
▁メッセージ	-10.674419
ジョン	-10.674794
▁共通	-10.675174
▁敵対	-10.675510
美しい	-10.675832
▁相続	-10.676069
全員	-10.676107
▁あいだ	-10.676225
▁44	-10.676275
優れ	-10.676865
ウィ	-10.676987
酒	-10.677477
▁人気	-10.677987
▁カリフォルニア	-10.678152
意思	-10.678167
▁権力	-10.678574
入れる	-10.678750
旅	-10.679483
後ろ	-10.680001
▁大きい	-10.680103
▁もらい	-10.680258
▁for	-10.680425
▁起こし	-10.680587
▁日曜	-10.680917
▁ソ連	-10.681573
▁誇り	-10.681589
▁愚か	-10.681703
かれる	-10.681844
J	-10.682417
破壊	-10.682867
患者	-10.683170
▁ト	-10.683937
▁送り	-10.684122
▁警官	-10.684521
▁検査	-10.684804
▁招	-10.685313
系	-10.686285
▁背	-10.686584
幸運	-10.686714
レン	-10.686822
▁肉体	-10.687126
O	-10.687262
▁計算	-10.688200
いても	-10.688727
さま	-10.688733
立つ	-10.689042
呼ぶ	-10.689074
▁石油	-10.689454
▁徐	-10.689507
バス	-10.689905
ビー	-10.689966
止	-10.690060
ホ	-10.690444
▁短い	-10.691139
レット	-10.691547
▁善	-10.691822
使わ	-10.692024
裏	-10.692317
南	-10.692522
クラス	-10.693131
▁付け加え	-10.693167
置いて	-10.693254
▁やる	-10.693550
▁覆	-10.693872
▁指	-10.694572
たいと	-10.694770
嫌い	-10.694889
っかり	-10.694938
切	-10.694943
▁失う	-10.695247
▁平衡	-10.696240
にお	-10.696315
効果	-10.696372
▁me	-10.696821
▁毛	-10.697507
▁不正	-10.697609
▁裏	-10.697632
納得	-10.697842
あまり	-10.697970
束	-10.698212
▁いかに	-10.698290
▁地面	-10.698581
▁掲載	-10.698641
隠し	-10.699535
努力	-10.699574
組	-10.699702
任せ	-10.699893
興味	-10.700130
▁発生	-10.700199
王国	-10.701026
▁襲	-10.701210
▁観	-10.701521
加	-10.701549
▁室	-10.701598
症	-10.701615
諸	-10.702019
▁推定	-10.702152
▁永	-10.702233
▁d	-10.702619
あらゆる	-10.702811
霊	-10.702918
一切	-10.703459
▁わざ	-10.703691
▁消	-10.704559
証	-10.704896
▁楽しむ	-10.704970
▁連邦	-10.705128
ぐらい	-10.705252
▁許可	-10.705322
▁昨	-10.705622
▁属する	-10.705624
▁出さ	-10.706379
▁失い	-10.706612
▁財産	-10.706815
ガー	-10.706863
▁y	-10.707076
▁つか	-10.707124
物語	-10.707149
レベル	-10.707414
▁連合	-10.707480
▁センチ	-10.707515
▁励み	-10.707747
▁答える	-10.707790
ひ	-10.708018
眠	-10.708171
▁"『	-10.708447
ってお	-10.708583
エネルギー	-10.708716
▁あそこ	-10.709321
▁かける	-10.709589
サイズ	-10.710011
立ち	-10.710454
界	-10.710488
問わ	-10.710707
▁負	-10.711245
▁重い	-10.711290
▁帰る	-10.711335
科学	-10.711527
べ	-10.711575
▁潜	-10.711851
▁着け	-10.712185
▁育て	-10.712497
戦い	-10.712497
▁完	-10.712709
▁たく	-10.712845
▁ベン	-10.712888
▁訴え	-10.714113
正規	-10.714129
▁500	-10.714440
▁素	-10.716029
▁中央	-10.716264
▁界	-10.716388
ねば	-10.716715
▁やめる	-10.716939
▁願う	-10.717426
らん	-10.717944
赤	-10.718120
▁感動	-10.718253
実験	-10.718511
▁導く	-10.718800
ヒ	-10.718993
不明	-10.719081
▁見つける	-10.719149
▁詩篇	-10.720974
▁箇所	-10.721344
▁背景	-10.721642
▁嫌	-10.721675
とり	-10.722052
特別	-10.722426
▁批判	-10.722795
向	-10.723312
案	-10.723660
▁わかる	-10.723823
▁地下	-10.724035
▁暮らし	-10.724082
▁専心	-10.724952
思え	-10.725090
決定	-10.725630
▁通じ	-10.725791
▁ジョージ	-10.726273
穴	-10.726856
留	-10.726876
祈	-10.726888
ブル	-10.727443
▁大きさ	-10.727482
▁えっ	-10.727722
生物	-10.727828
▁羊飼い	-10.728018
▁V	-10.728072
利	-10.728492
それぞれ	-10.728904
夏	-10.728905
▁区	-10.729629
少年	-10.729772
製	-10.729903
望む	-10.730072
▁横	-10.730316
▁規則	-10.730440
▁うれし	-10.731039
ロック	-10.731335
ップ	-10.731395
▁このような	-10.731639
パー	-10.731981
▁避難	-10.732475
100	-10.732639
▁留め	-10.732656
保護	-10.732758
▁建築	-10.732880
I	-10.733224
曜日	-10.733404
だめ	-10.733788
▁携帯	-10.733842
z	-10.733890
▁鉄	-10.734149
きっと	-10.734314
科	-10.734442
▁箱	-10.734833
▁救わ	-10.735211
未	-10.735518
\	-10.736101
来世	-10.736628
▁乳	-10.737088
せよ	-10.737626
▁識別	-10.737890
くな	-10.738657
▁懸	-10.738935
背後	-10.739264
様に	-10.739472
▁開け	-10.739855
軍事	-10.739960
▁滅ぼ	-10.739982
▁午後	-10.740048
▁苦難	-10.740587
▁やすく	-10.740635
気分	-10.741320
悲惨	-10.741404
許し	-10.741446
近い	-10.741610
▁送る	-10.741811
▁数字	-10.742307
▁42	-10.742567
▁寄せ	-10.743134
▁同じく	-10.743606
W	-10.744515
変換	-10.744694
▁実証	-10.744738
事な	-10.744828
なくな	-10.744904
V	-10.745131
▁恵み	-10.745323
髪	-10.745556
太陽	-10.746137
▁扱	-10.746414
▁触れ	-10.746449
▁距離	-10.746565
▁角	-10.747003
▁会い	-10.747241
▁買う	-10.747736
Comm	-10.747746
楽し	-10.748267
▁崩壊	-10.748455
犠牲	-10.748940
テン	-10.749291
▁21)	-10.749335
▁トラック	-10.749338
▁巣	-10.749433
▁自問	-10.749698
迫	-10.750017
▁生まれ	-10.750024
源	-10.750029
クルアーン	-10.750124
期待	-10.750211
▁独身	-10.750539
古い	-10.750718
▁肝要	-10.752352
に関して	-10.752425
▁皮膚	-10.753076
▁祭り	-10.753302
▁必ずしも	-10.754110
▁きちんと	-10.754475
切り	-10.754784
毛	-10.755005
▁姦淫	-10.755723
▁薬物	-10.755852
▁自制	-10.756436
▁努め	-10.756485
▁汝	-10.756604
ファ	-10.756680
[	-10.756836
フランス	-10.756913
▁論争	-10.757047
楽園	-10.757444
チャ	-10.757461
魔法	-10.757483
▁低い	-10.758123
▁市場	-10.758277
チャンス	-10.758406
続ける	-10.758440
返	-10.758769
▁舌	-10.758883
▁処理	-10.759097
▁超える	-10.759338
参加	-10.759517
▁日々	-10.759628
▁満たす	-10.759890
ペ	-10.760112
催	-10.760262
▁ナ	-10.762903
聞こえ	-10.763488
原因	-10.763678
▁救う	-10.763824
理解し	-10.764282
けない	-10.764327
▁パ	-10.764376
らが	-10.764438
▁挑戦	-10.764556
▁何千	-10.764590
生命	-10.764821
▁擁護	-10.764954
住む	-10.765878
普通	-10.765960
条件	-10.766540
病院	-10.766566
▁印象	-10.766589
タン	-10.766676
リア	-10.767188
▁まったく	-10.767540
明日	-10.768431
▁ハルマゲドン	-10.768762
ガス	-10.768989
▁諸国	-10.769270
▁報道	-10.769894
▁娯楽	-10.770298
▁どおり	-10.770327
ニュース	-10.770399
▁2,3	-10.770915
▁幾百万	-10.771150
治療	-10.772004
死に	-10.772500
▁長さ	-10.772583
▁6,7	-10.772647
なくなる	-10.772861
▁合計	-10.773049
隣	-10.773169
▁め	-10.773171
▁見た	-10.774117
発生	-10.774412
というのは	-10.774585
従う	-10.774772
魚	-10.775152
▁資金	-10.775253
願	-10.775262
▁額	-10.775507
格	-10.775510
ツール	-10.775673
らっ	-10.775764
▁いつか	-10.776152
▁写本	-10.776615
成長	-10.776616
だれ	-10.776796
▁いかが	-10.776883
精神	-10.777008
兄	-10.777317
▁心理	-10.777397
▁39	-10.777782
ログ	-10.777999
許可	-10.778057
巡回	-10.778393
破	-10.778422
襲	-10.779115
▁区域	-10.779273
▁シ	-10.779690
▁貧困	-10.780275
パン	-10.780395
邪	-10.780538
アイデア	-10.780951
▁23)	-10.781021
▁少数	-10.781179
▁流	-10.781567
ジー	-10.781573
求める	-10.781575
押し	-10.781593
▁完成	-10.782098
除	-10.782286
▁プロテスタント	-10.782682
やれ	-10.782723
▁刺激	-10.782858
学者	-10.784108
字	-10.784217
▁扱い	-10.784298
円	-10.784411
▁髪	-10.784666
▁年間	-10.784704
▁ベッド	-10.785128
既に	-10.785601
▁金銭	-10.786502
▁級	-10.786527
▁交通	-10.786546
▁安	-10.786586
▁報じ	-10.786888
▁妨げ	-10.787090
▁高さ	-10.787268
分け	-10.787769
▁携わ	-10.787808
▁マジ	-10.787883
白	-10.787992
東	-10.788167
▁疲れ	-10.788586
取得	-10.789242
▁近所	-10.789306
取引	-10.789395
▁おき	-10.789566
奇	-10.789668
起こる	-10.789727
ましょ	-10.789918
▁クラス	-10.790081
頼む	-10.792150
▁困	-10.792262
▁砂	-10.792294
▁無料	-10.793111
善行	-10.793425
かなり	-10.793490
強く	-10.793495
▁異邦	-10.793694
どころ	-10.793957
ることに	-10.794200
▁禁じ	-10.794507
医者	-10.794697
▁いき	-10.795479
待て	-10.795511
▁乗	-10.796753
自動	-10.797139
▁データ	-10.797189
▁淫行	-10.797242
記憶	-10.797335
降り	-10.797509
▁リスト	-10.798274
▁適	-10.798408
情	-10.798462
都市	-10.798831
▁災害	-10.798842
▁爆弾	-10.798990
15	-10.799055
▁関心事	-10.800062
▁青年	-10.800112
大統領	-10.800871
かせ	-10.800947
一連	-10.801522
ネット	-10.801806
アルマン	-10.801867
だったら	-10.802488
慈悲深	-10.802726
▁わ	-10.803123
▁黒	-10.803419
感じる	-10.803705
▁処置	-10.804515
#	-10.806026
▁枚	-10.806121
▁アドバイス	-10.806558
▁盗	-10.807050
▁拒否	-10.808202
▁生き残る	-10.808292
▁ジェーン	-10.808348
はかれ	-10.808432
▁飲ん	-10.808504
h	-10.809028
反対	-10.809598
接続	-10.809847
▁センター	-10.809905
▁森	-10.810084
▁科	-10.810151
有罪	-10.810253
ユー	-10.810380
▁ル	-10.811524
歴史	-10.811593
▁興奮	-10.812387
小さい	-10.812467
赦し	-10.812489
▁知	-10.812705
▁筆者	-10.813354
▁偽	-10.813585
▁喜ば	-10.814262
なのに	-10.814345
学生	-10.814467
▁偶然	-10.814692
謀	-10.814837
▁呼吸	-10.815490
▁宣伝	-10.815779
客	-10.816401
▁片	-10.816643
▁層	-10.816663
航空	-10.816667
▁亡くな	-10.816690
▁行なえる	-10.816815
▁製	-10.816819
▁半分	-10.816901
▁至	-10.816963
対	-10.817297
▁培う	-10.817321
バン	-10.817542
クリック	-10.817898
▁設立	-10.818670
ーン	-10.818791
仰せ	-10.818809
護	-10.819254
▁帰	-10.819776
▁予想	-10.819995
ts	-10.821094
▁冬	-10.821201
パリサイ	-10.821295
売	-10.821713
▁製品	-10.821733
肢	-10.821840
▁生存	-10.822392
エン	-10.822406
▁純粋	-10.822408
飲ん	-10.822478
▁施し	-10.822511
るように	-10.822907
▁食	-10.823085
▁制度	-10.823217
書く	-10.824256
検	-10.824816
半分	-10.825215
▁ウ	-10.825363
における	-10.825624
▁何ら	-10.825750
▁セ	-10.825768
あんた	-10.825866
▁五	-10.826523
▁うそ	-10.826667
▁キ	-10.827029
株	-10.827282
教徒	-10.827695
▁過程	-10.827907
▁紹介	-10.827918
想	-10.827931
▁払わ	-10.828007
仕え	-10.828411
▁The	-10.828492
反応	-10.828501
監視	-10.828730
▁ビ	-10.828850
ける	-10.829270
▁走	-10.829502
▁動く	-10.829525
▁開始	-10.829754
▁対	-10.829986
複雑	-10.830321
▁かぎ	-10.830887
サン	-10.831007
▁あふれ	-10.831908
宗教	-10.832157
裕福	-10.833385
なお	-10.833552
▁不法	-10.833837
つける	-10.834056
遠	-10.834061
▁オランダ	-10.834288
Q	-10.834346
▁以降	-10.834594
判断	-10.835243
でる	-10.835249
呼び	-10.835501
けば	-10.836222
▁43	-10.836496
美咲	-10.837029
胸	-10.837051
▁偏見	-10.837280
ぬ	-10.837861
▁記し	-10.838161
一致	-10.838643
現れ	-10.838743
▁流行	-10.839271
▁徹	-10.839325
▁それゆえ	-10.839394
▁脅威	-10.839566
マス	-10.839726
▁あまりに	-10.839727
▁値する	-10.839891
嬉し	-10.840187
▁欲しい	-10.840261
▁天使	-10.840579
al	-10.841079
▁一例	-10.841455
▁やっと	-10.841476
▁待	-10.841657
▁闘い	-10.841832
▁メール	-10.842083
▁自体	-10.842127
▁許す	-10.842711
▁活発	-10.843246
▁若	-10.843753
片	-10.844241
▁公園	-10.844773
▁不満	-10.845400
▁携え	-10.845440
のまま	-10.845563
▁苦し	-10.846067
開発	-10.846129
▁産業	-10.846261
▁破滅	-10.846448
▁選び	-10.846954
米	-10.847642
可能な	-10.847769
▁ピ	-10.847922
黒	-10.848236
カード	-10.848276
弁	-10.848779
瞬間	-10.848906
▁意	-10.849119
▁80	-10.849350
変える	-10.849604
▁+	-10.849668
▁死後	-10.849719
カン	-10.850081
大切	-10.850284
▁道具	-10.850406
讃え	-10.850412
▁ビデオ	-10.850547
▁簡	-10.850629
▁戻り	-10.850715
▁野生	-10.851139
児	-10.851333
とこ	-10.851542
▁ディ	-10.851597
▁徒	-10.851633
▁法廷	-10.851689
無効	-10.851808
▁20)	-10.852009
▁悩ま	-10.852214
した時	-10.852434
▁筋肉	-10.852592
▁下す	-10.852831
クス	-10.853093
):	-10.853500
▁出かけ	-10.853705
▁熱意	-10.853843
ならび	-10.853907
▁すご	-10.853964
▁65	-10.854343
▁動	-10.854894
▁ちゃん	-10.854947
健康	-10.855644
▁まい	-10.855796
▁逃れ	-10.856026
DE	-10.856144
アー	-10.856788
無駄	-10.857531
▁ダ	-10.857656
▁畑	-10.857699
▁h	-10.858273
▁死体	-10.858298
▁背教	-10.858453
検索	-10.858788
▁なぜか	-10.858884
頂	-10.859330
▁アリ	-10.859395
▁集団	-10.860116
▁論じ	-10.861216
土	-10.862124
ウン	-10.862593
データを	-10.863081
▁待つ	-10.863255
▁飲み	-10.863615
this	-10.863957
▁編集	-10.863960
キミ	-10.864302
信用	-10.864551
▁つもり	-10.864785
▁わな	-10.865658
▁感覚	-10.866039
要求	-10.866836
▁副	-10.867311
なか	-10.867772
勢	-10.867827
もらい	-10.867980
▁優	-10.868532
▁小さい	-10.868979
受け入れ	-10.869280
▁消え	-10.870045
▁なくなる	-10.870060
こい	-10.870173
▁~	-10.871159
▁兵器	-10.871292
評価	-10.871359
▁療法	-10.871387
悪く	-10.871431
▁インターネット	-10.871742
給	-10.871940
制	-10.872186
枚	-10.872202
床	-10.872619
提供	-10.872715
▁向こう	-10.872931
▁消費	-10.873048
▁示唆	-10.873368
▁堅く	-10.873620
出せ	-10.874077
過	-10.874165
経済	-10.874196
▁七	-10.874395
▁公平	-10.874848
ション	-10.875560
習	-10.875574
▁超え	-10.875741
礼拝	-10.875867
▁大気	-10.876366
当たっ	-10.876794
▁ユー	-10.877138
自ら	-10.877183
▁勝	-10.877322
パーティー	-10.878258
▁み父	-10.878536
だい	-10.878981
▁収入	-10.879024
過去	-10.879085
▁体重	-10.879357
▁400	-10.879391
▁終え	-10.880102
▁死に	-10.881180
▁90	-10.881255
現実	-10.881448
ただけ	-10.881736
▁達する	-10.882540
めて	-10.882771
陰	-10.883139
Y	-10.883244
演	-10.883388
▁飢え	-10.883883
▁1970	-10.884348
▁歴代	-10.884784
▁医者	-10.884921
支配	-10.885009
警官	-10.885830
▁望ま	-10.885908
▁疑い	-10.886069
援助	-10.886137
▁ジェイ	-10.886242
割	-10.886262
▁友情	-10.886465
医	-10.886490
やり方	-10.886905
▁引き起こす	-10.887670
▁伴	-10.887692
▁極	-10.887811
▁まさか	-10.888448
メートル	-10.889155
介	-10.889304
および	-10.889363
▁森林	-10.889639
ああ	-10.889917
▁円熟	-10.889979
▁幾千	-10.890068
▁3,000	-10.890077
▁配布	-10.890314
貸し	-10.890420
▁海岸	-10.890469
▁保険	-10.890786
いき	-10.891173
▁5,6	-10.891295
▁個々	-10.891342
▁ホ	-10.891365
▁表面	-10.891367
審判	-10.891534
▁ずつ	-10.891547
▁アナ	-10.891586
▁内部	-10.891840
▁呼ぶ	-10.892249
ものである	-10.892376
獣	-10.892514
法的	-10.892939
潔	-10.892994
▁伝	-10.893879
ly	-10.894071
▁始まる	-10.894511
もらえ	-10.895193
っき	-10.895254
▁訪ね	-10.895520
▁p	-10.896017
▁隠	-10.896070
将来	-10.896594
▁守ら	-10.896901
▁いら	-10.897027
はお	-10.897041
子ども	-10.897140
疑	-10.897262
隠れ	-10.897680
▁おはよう	-10.897750
▁説	-10.897883
単	-10.898042
▁異常	-10.898048
▁義務	-10.898118
set	-10.899076
▁雄	-10.899487
歯	-10.899837
ピ	-10.899906
▁カメラ	-10.900033
▁現	-10.900153
段	-10.901121
▁優先	-10.901561
ママ	-10.902216
くなる	-10.902487
▁社	-10.902618
▁登場	-10.903039
告げ	-10.903446
感情	-10.903749
▁制	-10.903904
ポ	-10.904137
戻り	-10.904700
帰り	-10.904900
を作成	-10.904923
▁学べ	-10.905257
剤	-10.906404
テレビ	-10.906416
▁鍵	-10.906949
▁初	-10.907015
弟	-10.907294
▁賢い	-10.907310
▁遺伝子	-10.907515
ボタン	-10.907712
▁パリ	-10.907776
ワシントン	-10.907944
ne	-10.908581
深い	-10.909030
▁扱わ	-10.909508
u	-10.909509
▁番組	-10.909517
職	-10.909997
終了	-10.910330
▁ヘイ	-10.910409
▁看護	-10.910699
▁遠い	-10.910789
▁かね	-10.911027
あるいは	-10.911049
尋ね	-10.911222
▁おお	-10.911251
トップ	-10.911533
当人	-10.911797
▁寛大	-10.911920
牛	-10.912085
▁渡	-10.912115
面白い	-10.912422
▁不滅	-10.912686
▁借り	-10.912745
クソ	-10.913428
ゼ	-10.914280
物質	-10.914343
▁48	-10.914355
生徒	-10.914466
▁ミカ	-10.914573
まず	-10.914951
▁22)	-10.915118
▁任務	-10.915180
旅行	-10.915335
▁首都	-10.915620
材	-10.915689
てあげ	-10.915729
草	-10.915861
▁U	-10.915907
▁姉	-10.915919
▁青	-10.916237
殊	-10.916320
▁抱き	-10.916439
▁食品	-10.916445
▁コリ	-10.916652
▁宝	-10.917086
ふ	-10.917149
▁いかなる	-10.917428
▁列	-10.918011
船長	-10.918082
▁基礎	-10.918101
▁独立	-10.918163
しもべ	-10.918254
ギ	-10.919050
▁あんな	-10.919182
▁画像	-10.919236
示す	-10.919562
st	-10.919813
▁分子	-10.921056
もろ	-10.921265
余	-10.923045
▁聴	-10.923058
▁最悪	-10.923214
▁ジョー	-10.923430
▁メ	-10.923616
しまい	-10.923626
ちょうど	-10.923715
▁さん	-10.924385
部下	-10.924889
森	-10.924925
機械	-10.924932
▁判決	-10.925633
ひとつ	-10.925718
門	-10.925926
▁塩	-10.925966
▁書物	-10.926270
無し	-10.926465
知れ	-10.926885
預言	-10.926961
黙	-10.927608
▁悪化	-10.927683
ほか	-10.927760
▁雪	-10.927780
た方	-10.927902
へと	-10.928513
▁本物	-10.928584
▁かかわり	-10.928803
▁展望	-10.929649
▁難し	-10.930419
▁起こる	-10.930420
あげる	-10.930731
▁監視	-10.931028
使え	-10.931099
流れ	-10.931288
原	-10.931513
▁雲	-10.931746
▁増大	-10.932454
▁あて	-10.932517
▁勤勉	-10.932611
試み	-10.933213
非	-10.933371
▁ニュー	-10.933715
▁屋根	-10.934022
▁みなす	-10.934024
▁起こり	-10.934555
ックス	-10.934870
▁保存	-10.934907
政治	-10.935724
取	-10.935737
良か	-10.935998
▁マイク	-10.936076
そこで	-10.936130
▁臨在	-10.936303
v	-10.936367
怒	-10.936429
▁実践	-10.936565
▁4,5	-10.936678
▁鏡	-10.936698
▁福祉	-10.936811
▁過ごす	-10.936829
返す	-10.936841
受	-10.936853
▁検討	-10.936861
管	-10.937151
▁職場	-10.937405
▁割	-10.937431
便	-10.937723
寛容	-10.937762
らせる	-10.937818
▁on	-10.938148
▁出来	-10.938641
▁料	-10.938666
売っ	-10.938800
出発	-10.939351
▁迫	-10.939451
向き	-10.939519
▁高校	-10.939531
▁広い	-10.939569
▁特色	-10.939637
▁年長	-10.939744
んな	-10.940010
▁地区	-10.940429
lt	-10.941349
怒り	-10.941488
▁タ	-10.941768
▁戦闘	-10.941847
完	-10.942740
渡し	-10.942963
子孫	-10.943306
群	-10.943785
再び	-10.944615
過ごし	-10.945544
負	-10.946071
勇気	-10.946110
▁遂げ	-10.946399
獄	-10.946525
▁黒人	-10.946842
内容	-10.946849
▁施す	-10.947146
▁誤り	-10.947194
▁落ち着	-10.947381
作品	-10.948048
▁親しい	-10.948152
▁ジェームズ	-10.948197
与	-10.948308
▁既に	-10.948545
▁強める	-10.949059
▁55	-10.949368
▁ミ	-10.949443
▁毎週	-10.949979
去	-10.950019
▁投獄	-10.950474
▁酸素	-10.950575
逆	-10.950764
us	-10.950831
所有	-10.951144
▁だけど	-10.951436
▁マル	-10.951894
▁禁止	-10.951951
狂	-10.951985
▁三位一体	-10.952711
構造	-10.952812
▁熱帯	-10.953011
▁選手	-10.953526
▁気づか	-10.954401
▁加	-10.954692
かわか	-10.954692
決	-10.955385
▁形成	-10.955452
▁肺	-10.955549
退	-10.955630
ねぇ	-10.955999
▁16,17	-10.956365
正確	-10.956493
25	-10.956594
二つ	-10.956603
▁楽しく	-10.956879
▁電	-10.957074
▁置き	-10.957248
高く	-10.958620
国内	-10.958650
▁事業	-10.958873
▁なれる	-10.958924
キン	-10.959155
▁視	-10.959190
▁革命	-10.959430
▁今年	-10.959611
▁囚人	-10.959870
▁砂漠	-10.960152
▁範囲	-10.960882
▁検	-10.961728
広がっ	-10.961899
▁本誌	-10.962187
始める	-10.962455
?)	-10.962626
▁面白い	-10.962649
▁ペ	-10.962701
▁当てはま	-10.963448
▁解	-10.963468
▁携わる	-10.963734
食べる	-10.964030
▁氷	-10.964037
▁公式	-10.964197
▁執行	-10.964585
▁不義	-10.964600
料理	-10.964630
▁電子	-10.965263
テキスト	-10.965305
▁隣	-10.965498
▁概念	-10.965626
守り	-10.965662
▁服装	-10.965894
バック	-10.966090
▁降り	-10.966723
徒	-10.966808
一日	-10.966964
ぼ	-10.966986
▁24)	-10.967192
▁職業	-10.967242
▁米	-10.967458
▁途中	-10.967654
▁喜ばしい	-10.967752
減	-10.967783
▁重荷	-10.968016
▁サマリア	-10.969135
▁繁栄	-10.969190
▁近づき	-10.969240
▁時計	-10.969269
助ける	-10.969527
エル	-10.969567
神々	-10.969640
プロジェクト	-10.970223
▁フランク	-10.970608
▁占め	-10.970857
世話	-10.970896
▁隠れ	-10.971008
▁うつ病	-10.971024
▁優しい	-10.971304
▁唱え	-10.971358
中心	-10.971764
かかり	-10.972134
るもの	-10.972607
を設定	-10.972680
▁温和	-10.972853
粉	-10.972954
▁独り	-10.973709
とし	-10.973906
フィ	-10.974010
祈り	-10.974188
ウス	-10.974463
デン	-10.974792
▁トラ	-10.974902
マイル	-10.975047
やすい	-10.975153
保	-10.975233
出さ	-10.975260
世代	-10.975427
痛	-10.975850
年代	-10.976005
けれ	-10.976214
▁うれしい	-10.976701
ショー	-10.977077
追	-10.977565
▁毒	-10.977839
対応	-10.977952
フォル	-10.978048
開く	-10.978219
▁各々	-10.978444
欲し	-10.978793
バラ	-10.979095
未来	-10.979630
▁サウル	-10.979689
▁競争	-10.979838
▁鼻	-10.980082
▁オー	-10.980166
喜び	-10.980456
▁感銘	-10.981014
▁レイ	-10.981706
▁末	-10.981828
▁仲	-10.982010
疲れ	-10.982501
越	-10.982633
▁USA	-10.982702
▁み前	-10.983725
▁買い	-10.983884
▁厳	-10.984338
楽しみ	-10.984571
抜け	-10.984651
族	-10.984946
▁列車	-10.985002
球	-10.985092
▁黙想	-10.985516
パパ	-10.986109
操作	-10.986669
ライン	-10.986673
▁宣告	-10.986755
▁定義	-10.987025
▁傷つけ	-10.987142
像	-10.987595
▁団	-10.987941
▁つらい	-10.988057
▁良か	-10.988072
井	-10.988655
▁低	-10.988846
上が	-10.989016
▁罰	-10.989808
▁穏やか	-10.990137
さらに	-10.990161
▁そい	-10.990396
60	-10.990486
▁ヨハ	-10.990569
▁マイケル	-10.990668
忠実	-10.990744
ction	-10.990833
ード	-10.990839
▁費やし	-10.990919
▁対応	-10.990969
おかげ	-10.991330
奴隷	-10.991465
却	-10.991581
犯人	-10.991594
▁なくなり	-10.991755
葉	-10.991955
▁どうし	-10.992236
▁8,9	-10.992346
▁大陸	-10.992438
th	-10.992711
▁カー	-10.992861
▁乱用	-10.992965
▁四つ	-10.993338
大地	-10.993344
▁匹	-10.993661
無視	-10.993771
暮らし	-10.994364
▁睡眠	-10.994824
意識	-10.995278
▁無駄	-10.995586
携帯	-10.995770
▁利益	-10.996100
▁n	-10.996324
▁なす	-10.996916
反	-10.996928
▁洞察	-10.996996
おうと	-10.997165
妹	-10.997191
詳細	-10.997209
することを	-10.997458
▁引き起こし	-10.997881
▁メアリー	-10.998269
on	-10.998497
▁移	-10.999777
▁未来	-10.999918
ワン	-11.000335
▁生み出す	-11.000635
領域	-11.000825
停止	-11.000829
国の	-11.000979
▁包	-11.001073
▁筋	-11.001299
▁雌	-11.001526
幸福	-11.001540
』."	-11.002326
▁聴衆	-11.002717
▁高め	-11.003049
トム	-11.003270
払	-11.003416
▁直ちに	-11.003646
教会	-11.003683
いか	-11.003694
▁41	-11.005322
顧客	-11.005332
言いた	-11.005345
▁貢献	-11.005573
財産	-11.005911
▁何百	-11.006724
▁際立	-11.007100
長期	-11.007147
いなか	-11.007190
▁費	-11.007538
▁エリヤ	-11.008128
サポート	-11.008175
▁もしも	-11.008535
偽	-11.008556
▁フィル	-11.008815
▁アイ	-11.008847
gt	-11.008983
関わ	-11.009304
指揮	-11.009679
▁改宗	-11.009735
▁競技	-11.009756
▁盗み	-11.009795
好み	-11.009935
▁理想	-11.010139
ED	-11.010852
ポイント	-11.011033
みた	-11.011450
到着	-11.011744
▁整え	-11.011904
喜	-11.012168
▁広告	-11.012182
ヤツ	-11.012287
▁門	-11.012662
▁出発	-11.012669
▁相違	-11.012897
やら	-11.013337
ちに	-11.013985
▁テトス	-11.013992
どうぞ	-11.014486
▁上昇	-11.014805
▁衣服	-11.014912
スキー	-11.014940
▁re	-11.014944
レイ	-11.014960
層	-11.015251
▁ホン	-11.015611
慢	-11.015773
ておき	-11.016006
ML	-11.016059
▁衛生	-11.016175
恵み	-11.016255
遺	-11.016576
▁他人	-11.016733
障	-11.016830
まわ	-11.016873
▁処刑	-11.017652
▁みことば	-11.017684
▁会う	-11.017700
▁ラジオ	-11.017735
速度	-11.017859
触れ	-11.017861
▁絶滅	-11.017982
▁加わ	-11.018053
消	-11.018160
▁いっぱい	-11.018459
▁わし	-11.018847
勧め	-11.019416
▁下し	-11.019678
▁恵	-11.019734
投げ	-11.019958
▁予防	-11.020083
▁さわやか	-11.020264
▁荷	-11.020286
▁港	-11.020401
当たり	-11.020512
▁信	-11.021154
ちだ	-11.021344
造	-11.021541
ジン	-11.021609
▁切り	-11.022195
りゃ	-11.022197
▁主題	-11.022367
ロード	-11.022485
▁草	-11.022601
▁告白	-11.022659
基本	-11.022993
▁打	-11.023189
▁短	-11.023243
▁やもめ	-11.023326
予	-11.023751
蔵	-11.023778
の研究	-11.023787
始まり	-11.024045
▁フ	-11.024097
▁戒め	-11.024571
▁堅	-11.025047
打ち	-11.025306
▁抱か	-11.025473
教育	-11.025855
市場	-11.026032
▁ふたり	-11.026301
百	-11.026583
▁あり得	-11.027020
▁遊び	-11.027427
▁緑	-11.027637
判	-11.027668
イスラエル	-11.027944
勝利	-11.027966
▁文字通り	-11.028175
▁午前	-11.028297
▁遭	-11.028360
▁カード	-11.028479
▁割合	-11.028543
▁勢力	-11.028567
あたし	-11.028914
省	-11.028987
税	-11.029182
▁せい	-11.029189
大好き	-11.029535
正しく	-11.029576
残り	-11.029985
微	-11.030058
▁早	-11.030383
カル	-11.030692
板	-11.030920
▁路	-11.032041
▁頼る	-11.032427
遠く	-11.032796
人類	-11.032963
訓戒	-11.033165
▁歩ん	-11.033215
▁向上	-11.033787
婚	-11.033816
▁かぎり	-11.034784
深く	-11.035206
ホテル	-11.035433
善い	-11.035963
▁くらい	-11.036319
▁明白	-11.036346
▁いよいよ	-11.036550
デザイン	-11.036906
▁弾	-11.037146
▁指し	-11.037456
▁啓	-11.037498
横	-11.037861
▁平	-11.038034
元気	-11.038554
ill	-11.038559
証言	-11.038606
隠	-11.038663
▁28)	-11.038695
▁帰り	-11.038791
レス	-11.039091
▁イギリス	-11.039522
▁分析	-11.039800
▁諸島	-11.040508
▁軽	-11.040964
▁銀	-11.041080
狙	-11.041303
探す	-11.042158
完了	-11.042181
▁誓い	-11.042475
▁燃料	-11.042771
つかの	-11.042966
せない	-11.043269
▁ウィ	-11.043577
映像	-11.043693
▁掛け	-11.044160
▁偽善	-11.044568
▁ルツ	-11.044988
▁理論	-11.045118
専門	-11.045194
▁芸術	-11.045534
▁なるほど	-11.045665
級	-11.046507
馬鹿	-11.046710
▁保健	-11.046850
いよ	-11.046872
笑い	-11.047344
▁コン	-11.047466
異なる	-11.047612
▁書籍	-11.048017
▁きわめて	-11.048679
▁外科	-11.048757
or	-11.048769
▁金属	-11.048839
▁数え	-11.048944
▁性質	-11.049335
マーク	-11.049345
▁演奏	-11.050071
▁少	-11.050142
影	-11.050442
▁か国	-11.050568
▁闇	-11.051176
▁グ	-11.051224
償	-11.051335
▁寄	-11.051540
巧み	-11.051561
ノー	-11.051987
▁イン	-11.052031
ic	-11.052148
移	-11.052567
補	-11.053316
▁切	-11.055144
▁エル	-11.055340
まっすぐ	-11.055801
▁限界	-11.055842
▁19,20	-11.056481
▁製造	-11.056488
out	-11.056508
▁ファ	-11.056974
▁ウソ	-11.057132
▁You	-11.057192
ボール	-11.057402
象	-11.057600
▁つける	-11.057615
▁思考	-11.057697
▁テスト	-11.057809
武器	-11.058140
▁遣わし	-11.058272
以来	-11.058911
▁我ら	-11.059396
▁de	-11.060408
捕まえ	-11.060599
作成	-11.060790
000	-11.060959
房	-11.061212
▁自信	-11.061267
▁企業	-11.061814
▁婦	-11.061894
メアリー	-11.062013
結	-11.062159
▁隠し	-11.062325
▁ワ	-11.062696
▁劇	-11.062789
投資	-11.062855
世紀	-11.062898
▁ロバート	-11.062963
▁改革	-11.062976
▁欲求	-11.063210
▁パス	-11.063381
市	-11.063385
弁護	-11.063524
▁接触	-11.063726
▁教皇	-11.064043
リンク	-11.064046
誕生	-11.064287
サービス	-11.064288
麗	-11.064321
▁失望	-11.064410
▁起	-11.064868
▁施	-11.064916
▁ただし	-11.065156
▁関	-11.065579
もって	-11.065609
▁かかわる	-11.065663
▁促進	-11.065793
▁速度	-11.065972
▁動かし	-11.065974
▁お名前	-11.066088
▁橋	-11.066317
▁ザ	-11.066545
思い出	-11.066679
▁ご親切	-11.066746
▁弱い	-11.067188
▁こも	-11.067283
コマンド	-11.067423
▁運命	-11.067427
▁造り	-11.067831
集	-11.068222
▁ソ	-11.068329
遊	-11.068411
▁ゆだね	-11.068493
▁遅れ	-11.068596
アフリカ	-11.068906
マタイ	-11.069526
▁議論	-11.069901
高慢	-11.069965
▁デート	-11.069969
▁統計	-11.070117
▁ホテル	-11.070137
▁六	-11.071445
春	-11.071964
▁奪わ	-11.072116
キス	-11.072652
できるように	-11.072944
▁胤	-11.073481
ビュー	-11.073617
グラフ	-11.073647
▁リー	-11.073895
▁炎	-11.074085
▁北部	-11.074372
救う	-11.074681
察	-11.074693
興	-11.074914
▁氏	-11.074951
▁戸	-11.076032
▁にくい	-11.076271
メント	-11.076396
▁近年	-11.076514
▁孤独	-11.076733
覚	-11.076947
▁レベル	-11.077090
ごく	-11.077368
▁人工	-11.077539
▁ジム	-11.077592
毎日	-11.077615
▁エデン	-11.077852
食事	-11.077978
温	-11.078191
試験	-11.078250
変わら	-11.078429
成	-11.078554
▁肩	-11.078616
待つ	-11.078825
聞け	-11.078858
▁押し	-11.079047
▁オーケ	-11.079278
▁ウイルス	-11.079358
▁相談	-11.080243
もあ	-11.080613
編集	-11.080924
罰	-11.081294
▁くださり	-11.081801
▁出産	-11.081834
▁終結	-11.082441
▁犯す	-11.082521
▁生き物	-11.082686
冷	-11.082867
▁不快	-11.082879
いただけ	-11.082912
企業	-11.083771
アル	-11.083954
▁おもに	-11.083987
おいて	-11.084033
試	-11.084070
▁ポルノ	-11.084200
圧	-11.084255
富	-11.084517
書か	-11.084556
▁ふさわしく	-11.084729
▁確立	-11.085035
▁陥	-11.085061
核	-11.085293
様々	-11.085333
▁農場	-11.085612
手段	-11.086708
あたり	-11.086761
▁機構	-11.087763
運動	-11.087857
▁反する	-11.087999
▁スウェーデン	-11.088189
▁正常	-11.088608
▁成果	-11.088861
▁見よ	-11.089386
団	-11.090016
有名	-11.090117
▁眠	-11.090548
イル	-11.091416
▁いやし	-11.092535
16	-11.092730
▁6,000	-11.092882
▁惑星	-11.093228
猫	-11.093999
都合	-11.094025
フィールド	-11.094065
飲み	-11.094271
時計	-11.094304
記事	-11.094542
▁14,15	-11.094662
▁取り入れ	-11.094860
▁釈放	-11.094913
すごい	-11.094975
▁美	-11.095398
▁有効	-11.095614
▁網	-11.096000
▁真に	-11.096098
吉	-11.096239
満足	-11.096704
▁生み出し	-11.096761
▁他方	-11.096878
▁見事	-11.097580
メン	-11.097641
▁称賛	-11.098273
個人	-11.098969
マド	-11.099144
▁向ける	-11.099266
▁当初	-11.099557
▁白人	-11.099596
ーん	-11.099665
サム	-11.099989
▁ノー	-11.100213
必要がある	-11.101075
▁無事	-11.101366
▁管	-11.101883
キロ	-11.102004
▁ヨナ	-11.102295
▁南部	-11.102631
▁農業	-11.102747
込ま	-11.102828
少女	-11.102888
▁気遣い	-11.103297
親切	-11.103489
▁行使	-11.103681
▁7,8	-11.103849
,1	-11.103896
▁動かす	-11.104302
▁13,14	-11.104472
はならない	-11.104475
▁罪人	-11.105109
▁ガ	-11.105240
みな	-11.105337
▁皇帝	-11.105393
▁胎児	-11.105553
▁省	-11.105995
▁ポール	-11.106482
▁乗り	-11.106500
突然	-11.106800
▁とどまる	-11.107068
▁奥さん	-11.107338
▁試	-11.107349
▁ヘンリー	-11.107681
▁どっち	-11.107727
庫	-11.108181
昼	-11.108189
コピー	-11.108642
▁杭	-11.108787
窓	-11.109198
14	-11.109764
▁煙	-11.109930
大な	-11.110040
長く	-11.110138
▁数学	-11.110230
▁待ち	-11.110757
▁先祖	-11.111246
▁話し合う	-11.111336
ロス	-11.111510
▁そりゃ	-11.111539
用い	-11.111576
提案	-11.111628
▁正義	-11.112436
ティー	-11.112525
の結果	-11.112867
ユダヤ	-11.113242
ザー	-11.113406
▁最新	-11.113770
▁低下	-11.114451
▁つづける	-11.114506
静か	-11.114509
▁手伝	-11.114629
▁起源	-11.115088
迷	-11.115149
▁武	-11.115303
▁同紙	-11.115326
仕	-11.115486
▁じゅう	-11.115587
おい	-11.115659
周り	-11.116167
勝	-11.116255
始ま	-11.116291
▁OK	-11.116491
▁状	-11.116596
▁憤り	-11.116673
▁評判	-11.116946
▁振る舞い	-11.117004
▁遅く	-11.117144
▁奇妙	-11.117179
▁支援	-11.117285
▁今朝	-11.117305
▁反抗	-11.117493
▁脂肪	-11.117630
▁分け	-11.117761
話せ	-11.117941
▁つの	-11.118190
,5	-11.118449
▁失業	-11.119032
久	-11.119251
様子	-11.119756
ジェ	-11.120000
▁例外	-11.120844
▁住み	-11.120932
前述	-11.120935
▁ハー	-11.121400
▁確証	-11.121481
▁校	-11.121697
ve	-11.122212
▁遊	-11.122400
▁ガラス	-11.122790
▁地帯	-11.122985
ライト	-11.123836
▁われわれ	-11.123851
▁現場	-11.123958
▁美しさ	-11.124015
▁臨む	-11.124047
経	-11.124109
▁階	-11.124140
▁東京	-11.124344
絶	-11.124949
▁すっかり	-11.125077
一人一人	-11.125213
テーブル	-11.125465
終わる	-11.125989
若	-11.126143
期間	-11.126207
の色	-11.126367
動作	-11.126465
▁考	-11.126563
測	-11.126598
▁バビロニア	-11.126887
13	-11.127289
▁ショー	-11.127950
▁交渉	-11.128002
▁いただき	-11.128290
▁ラテン	-11.128588
▁修理	-11.128804
迎え	-11.128813
項	-11.128840
▁ぜひ	-11.129366
▁冒頭	-11.129472
シン	-11.129824
属	-11.130068
眼	-11.130250
▁荒廃	-11.130308
アクセス	-11.130344
▁上る	-11.130381
称	-11.130466
▁好み	-11.130490
▁ボス	-11.130551
▁固く	-11.130585
跡	-11.131527
▁訓戒	-11.131604
▁中立	-11.131618
▁提出	-11.131663
▁当てはめる	-11.131937
es	-11.132008
▁ブルックリン	-11.132062
▁歓迎	-11.132225
▁売り	-11.132389
▁受け取	-11.132518
帯	-11.132859
単語	-11.132984
言える	-11.133002
早	-11.133024
▁夕食	-11.133060
▁進む	-11.133310
手伝	-11.133982
▁群	-11.134240
▁さい	-11.134292
▁生き残	-11.134534
▁白い	-11.134828
▁飲料	-11.134973
▁遺体	-11.135365
熟	-11.135668
▁結び	-11.136071
建物	-11.136245
▁決める	-11.136318
▁開く	-11.136635
▁商業	-11.136660
▁撃	-11.137049
▁ライオン	-11.137126
▁歩く	-11.137301
▁思慮深い	-11.137643
ダウン	-11.138003
▁性格	-11.138303
©	-11.138400
政	-11.138794
段階	-11.138827
議論	-11.139931
▁様式	-11.140685
▁捜査	-11.140922
ベン	-11.141172
閉じ	-11.141234
ミー	-11.141269
▁悲劇	-11.141372
▁確かめ	-11.141430
▁ジャ	-11.141489
▁裁き人	-11.141639
▁途上	-11.141673
▁経	-11.142417
聞か	-11.142497
▁立てる	-11.142554
▁ペルシャ	-11.142761
橋	-11.142770
脱	-11.142806
県	-11.142813
立た	-11.143261
▁春	-11.143269
▁招き	-11.143643
▁強盗	-11.143801
ライ	-11.143941
怖	-11.144308
▁一定	-11.144439
当て	-11.144588
▁壮大	-11.145372
▁論議	-11.145570
▁堕落	-11.145600
▁損な	-11.145816
▁造物	-11.146058
SL	-11.146136
会議	-11.146263
▁尊敬	-11.146435
▁遺伝	-11.146892
▁ヒトラー	-11.147278
▁平安	-11.147404
降	-11.147460
▁なあ	-11.147653
救い	-11.147712
▁本部	-11.147875
トラック	-11.148167
▁ヒ	-11.148216
▁購入	-11.148452
偉力	-11.148690
▁亡く	-11.148829
買う	-11.149203
オン	-11.149260
▁枝	-11.149369
▁イサク	-11.149680
審	-11.150094
▁タイプ	-11.150213
▁説得	-11.151051
▁ペンテコステ	-11.151069
▁違いない	-11.151407
ネットワーク	-11.151629
各	-11.151667
アナ	-11.152022
住まい	-11.152042
構わ	-11.152152
▁大胆	-11.152409
勤	-11.152802
▁仮	-11.153109
▁規定	-11.153323
▁会長	-11.153799
me	-11.153871
▁学べる	-11.153913
なれ	-11.154105
▁牧者	-11.154227
▁膨大	-11.154248
不可能	-11.154302
▁皮	-11.154387
▁訪れる	-11.154452
トリ	-11.154485
ps	-11.154623
▁あー	-11.154844
変わり	-11.154877
▁ダンス	-11.155068
標	-11.155074
独特	-11.156083
▁まさしく	-11.156379
フォルト	-11.156590
▁150	-11.156848
コンピュータ	-11.156919
▁いわば	-11.156953
土地	-11.156982
▁当て	-11.157093
ジェクト	-11.157345
▁ウィル	-11.157771
以外の	-11.157869
復活	-11.158779
▁観光	-11.158859
▁1990	-11.159004
▁侵入	-11.159730
ミス	-11.159916
何と	-11.160119
まり	-11.160261
打	-11.160325
分析	-11.160475
▁試験	-11.160572
▁属し	-11.160765
縮	-11.161409
軽く	-11.161993
▁裁	-11.162292
ウィン	-11.162774
っぱり	-11.163283
▁絶望	-11.163496
次第	-11.164048
▁一員	-11.164653
▁招く	-11.164757
▁ベル	-11.165477
▁アイルランド	-11.166142
本気	-11.166235
価格	-11.166245
▁足り	-11.166322
働く	-11.166432
▁1,2)	-11.166576
するため	-11.167007
▁しかしながら	-11.167149
会え	-11.167576
▁除	-11.167635
セン	-11.167727
術	-11.167748
▁信用	-11.167799
障害	-11.168163
▁銘	-11.168300
慣れ	-11.168322
▁宝石	-11.168410
▁祝い	-11.168700
入ら	-11.169304
▁構造	-11.169400
避け	-11.169607
お話し	-11.169639
▁調子	-11.169880
▁1980	-11.170025
▁10,11	-11.170951
ジュ	-11.171376
サイト	-11.171909
▁とどま	-11.172709
▁タイ	-11.172824
▁防ぐ	-11.172830
▁及び	-11.173183
ation	-11.173334
▁子羊	-11.173372
ヘ	-11.174154
▁警備	-11.174366
解放	-11.174372
▁土台	-11.174403
るさ	-11.174427
▁不幸	-11.174604
▁ポルトガル	-11.174999
▁by	-11.175382
▁解釈	-11.175813
米国	-11.176200
▁公開	-11.176321
隠す	-11.176380
ひどい	-11.176453
▁わたり	-11.176633
パラ	-11.176755
尊	-11.176910
▁極端	-11.177173
利益	-11.177252
賞	-11.177516
▁激しく	-11.178412
▁臨	-11.178575
▁練習	-11.178725
▁進	-11.179255
ビジネス	-11.179314
▁クリス	-11.179401
▁用心	-11.179986
▁神様	-11.180240
▁落ち着け	-11.180275
▁多様	-11.180658
太	-11.180970
▁囲	-11.181037
一体	-11.181266
▁任	-11.181475
酸	-11.181744
▁走る	-11.181898
ペン	-11.181928
▁注解	-11.181938
▁業者	-11.181953
ベッド	-11.182085
▁11,12	-11.182832
懸	-11.183205
▁代理	-11.183232
)...	-11.183359
学習	-11.183359
▁孤立	-11.183456
▁誤解	-11.183549
▁ロック	-11.184122
支援	-11.184531
バイス	-11.184810
▁養	-11.185165
▁脱	-11.185184
混乱	-11.185388
▁タイム	-11.185389
ども	-11.185469
▁あきらめ	-11.185733
▁不可欠	-11.185852
▁授業	-11.185928
善	-11.186138
▁付き	-11.186151
▁ブ	-11.186186
繁	-11.186255
▁おかし	-11.186472
ルート	-11.186724
▁th	-11.186745
▁勇敢	-11.186818
▁賞	-11.187133
▁邪	-11.187157
▁接する	-11.187192
運命	-11.187344
途中	-11.187480
もん	-11.187504
▁尊重	-11.187506
説	-11.187527
基	-11.187541
▁いくら	-11.187807
▁i	-11.187935
ボックス	-11.188060
願い	-11.188250
承	-11.188848
扱い	-11.188942
買い	-11.189032
▁御	-11.189572
▁著名	-11.189896
▁光景	-11.189966
▁育てる	-11.190181
▁メディア	-11.190330
被害	-11.190637
次元	-11.190804
ともに	-11.190991
クトル	-11.191298
▁名称	-11.191471
▁席	-11.191730
▁ダン	-11.191913
18	-11.191932
▁戦う	-11.192286
▁保た	-11.192358
じゃん	-11.192487
殺害	-11.192592
▁倒れ	-11.192698
御心	-11.193135
▁有し	-11.193257
空間	-11.193298
▁柔和	-11.193536
気づ	-11.193542
▁眠り	-11.193563
軸	-11.194124
ドイツ	-11.194246
▁聞こえる	-11.194307
このような	-11.194450
▁not	-11.194741
▁進め	-11.194795
▁従わ	-11.194961
▁バン	-11.194997
爆発	-11.195422
▁天的	-11.196127
ダン	-11.196154
▁栽培	-11.196210
ディー	-11.196636
▁致	-11.196781
最近	-11.196826
袋	-11.197029
務め	-11.197276
性を	-11.197448
▁領域	-11.197639
異	-11.197756
モン	-11.197846
70	-11.197957
▁創	-11.198035
▁119	-11.198057
▁加える	-11.198547
送る	-11.198702
▁狂	-11.198713
▁殺害	-11.199021
▁モ	-11.199156
▁塔	-11.199333
▁経営	-11.199712
▁ニック	-11.199867
▁負け	-11.199980
▁造	-11.200526
▁板	-11.200587
▁死人	-11.200861
▁暗	-11.201018
困難	-11.201175
▁築く	-11.201324
▁並	-11.201365
ビン	-11.201394
▁ウィリアム	-11.201542
▁警戒	-11.201549
リス	-11.201613
▁ワールド	-11.201743
平均	-11.202053
バージョン	-11.202557
具体	-11.203036
▁当たる	-11.203285
要る	-11.203388
▁キー	-11.203415
▁前途	-11.203749
▁服従	-11.203794
▁衣	-11.204741
▁結構	-11.204857
▁ポーランド	-11.205030
▁チャールズ	-11.205043
▁スイス	-11.205601
▁税	-11.205736
▁そっ	-11.206334
▁全き	-11.206385
あっ	-11.206424
備え	-11.206855
▁割礼	-11.206882
ニア	-11.207405
失う	-11.207440
an	-11.207500
▁見出し	-11.207804
▁打ち	-11.207981
▁発達	-11.208258
飲む	-11.208298
参照	-11.208363
▁翼	-11.208372
寄	-11.208528
▁端	-11.208578
▁要する	-11.208588
▁販売	-11.208965
楽しい	-11.209112
ネル	-11.209618
回り	-11.209725
ロボット	-11.209937
コール	-11.210041
▁たび	-11.210665
▁気づく	-11.210828
▁ナイジェリア	-11.210841
▁プロジェクト	-11.211321
▁後日	-11.211739
ヌ	-11.211881
ーヒーム	-11.212229
▁秒	-11.212462
▁衝撃	-11.212579
▁左右	-11.213067
証人	-11.213096
▁含	-11.213180
▁ほ	-11.213449
働き	-11.213474
落	-11.213657
強	-11.214043
▁む	-11.214127
▁イスラ	-11.214373
制御	-11.214379
不当	-11.214828
裁判	-11.214857
▁存続	-11.215006
▁老	-11.215075
id	-11.215293
▁マー	-11.215321
▁がち	-11.215554
負け	-11.215709
▁紛争	-11.215786
ルール	-11.215809
▁場面	-11.216099
潜	-11.216265
19	-11.216413
▁幼児	-11.216423
時期	-11.216888
双方	-11.216936
▁話し合	-11.217226
済み	-11.217360
▁フィリピン	-11.217993
▁行なえ	-11.218151
▁矛盾	-11.218231
▁進展	-11.218248
if	-11.218255
費	-11.218289
述べ	-11.218340
▁向かい	-11.218510
▁書く	-11.218574
動か	-11.218999
▁ジャーナル	-11.219158
モード	-11.219265
▁女王	-11.219674
油	-11.219769
▁飲酒	-11.219905
0.	-11.220277
▁強国	-11.220407
▁樹木	-11.220724
▁DNA	-11.220748
学ぶ	-11.221334
収	-11.221558
ずつ	-11.221724
に与え	-11.221922
▁修道	-11.221950
皮	-11.222381
▁2000	-11.222486
,3	-11.222628
いっぱい	-11.222775
現場	-11.223645
▁食料	-11.223708
▁尽くし	-11.224422
クター	-11.224818
奪	-11.224846
▁学習	-11.225767
▁怒	-11.225794
▁育	-11.226032
同様	-11.226076
▁味	-11.226537
少なく	-11.226671
せば	-11.226781
▁幅	-11.227163
邪悪	-11.227224
▁本文	-11.227252
▁底	-11.227465
至	-11.227634
▁起こす	-11.227824
▁安息	-11.227944
▁中絶	-11.228462
雄	-11.228893
規則	-11.228951
追跡	-11.228966
▁サービス	-11.229161
▁精	-11.229468
兵士	-11.229983
滞	-11.230763
▁シュ	-11.231342
▁べ	-11.231459
▁順	-11.231463
▁要因	-11.231791
▁穀物	-11.232277
▁発作	-11.232486
圧倒	-11.232856
ファン	-11.232944
青	-11.233250
▁荒野	-11.233545
▁見倣う	-11.233647
▁my	-11.233836
読む	-11.233843
▁スター	-11.234194
▁マーク	-11.234259
っけ	-11.234378
▁取り除	-11.234428
用意	-11.234602
指示	-11.235237
恐怖	-11.235342
▁急げ	-11.235402
▁支払い	-11.235677
乗り	-11.235725
節	-11.235924
▁昼	-11.236012
▁速く	-11.236077
ノード	-11.236400
事態	-11.236497
▁珍しい	-11.236777
▁カール	-11.237240
▁12,13	-11.237469
かって	-11.237610
故意	-11.237674
Z	-11.237787
仮	-11.237928
沢山	-11.238132
トラ	-11.238361
▁向かう	-11.238434
▁増し	-11.238892
レー	-11.239152
検査	-11.239228
いまし	-11.239730
についての	-11.239983
▁来たる	-11.240100
▁価格	-11.240116
▁交わる	-11.240140
▁移住	-11.240759
厳しい	-11.240849
▁絶	-11.241108
▁振り返	-11.241199
▁汝ら	-11.241248
援	-11.241337
▁テロ	-11.241362
▁泣き	-11.241852
▁倣う	-11.241888
置き	-11.242380
▁新しく	-11.242574
▁明るい	-11.242807
▁満たし	-11.242852
▁成し遂げる	-11.242893
▁負担	-11.242990
▁サル	-11.243054
▁文明	-11.243320
▁次第	-11.243353
90	-11.243662
▁母さん	-11.243853
▁破	-11.244394
▁憎む	-11.244422
サーバ	-11.245471
▁25)	-11.245769
繰り返し	-11.246420
覧	-11.246469
祈る	-11.246722
表示する	-11.246731
▁給	-11.246817
すでに	-11.246854
尉	-11.247174
疑問	-11.247302
▁パーティー	-11.247541
ゲ	-11.247591
▁後悔	-11.247931
消し	-11.248007
▁テーブル	-11.248029
施設	-11.248213
▁荷物	-11.248505
▁信念	-11.248566
▁落胆	-11.248725
▁出来る	-11.248733
平	-11.249125
▁内面	-11.249564
▁判	-11.249842
▁ロー	-11.249866
▁清め	-11.250408
▁都	-11.250413
▁シー	-11.250982
進化	-11.251104
▁ヤツ	-11.251176
▁同僚	-11.251205
也	-11.251745
▁首尾	-11.251771
▁ラン	-11.251823
パターン	-11.251945
待ち	-11.252076
ite	-11.253320
▁それなら	-11.253643
▁気候	-11.253827
▁自国	-11.253969
▁遂	-11.254102
テロ	-11.254533
▁児	-11.255035
▁診断	-11.255067
▁ハン	-11.255071
順	-11.255119
羊	-11.255866
80	-11.256091
版	-11.256739
モジュ	-11.256777
▁原	-11.257351
▁ポ	-11.257380
戦う	-11.257497
維持	-11.257532
撮	-11.257771
▁高価	-11.257812
ヒー	-11.257846
関心	-11.257886
動く	-11.258412
行列	-11.258576
▁野菜	-11.258927
ひとり	-11.259269
▁セックス	-11.259304
以内	-11.259400
▁カナン	-11.259542
▁見分ける	-11.259868
▁ホール	-11.260099
▁疾患	-11.260396
▁野獣	-11.260696
治	-11.260943
進む	-11.261094
怖い	-11.261419
▁就	-11.261930
もちろん	-11.262206
▁炭素	-11.262892
▁ござ	-11.263290
▁ファラオ	-11.263649
▁知らせる	-11.263767
▁人体	-11.263850
▁沿	-11.264671
傷つけ	-11.264881
伝える	-11.265044
▁快楽	-11.265530
靴	-11.265797
オブ	-11.266170
誓う	-11.266338
▁我が	-11.266713
▁ロボット	-11.267001
▁火山	-11.267413
てこ	-11.267869
▁26)	-11.268595
▁カル	-11.268806
▁乾燥	-11.269353
▁驚か	-11.269692
▁掃除	-11.270391
▁高度	-11.270621
▁果た	-11.270658
▁前もって	-11.270682
▁サイ	-11.270803
弱	-11.270837
▁そっち	-11.270935
▁飢きん	-11.271172
▁著述	-11.271175
構築	-11.271212
▁行状	-11.271454
▁争い	-11.271563
▁国立	-11.271564
契約	-11.271646
駅	-11.271646
▁加わる	-11.272010
org	-11.272042
▁祭壇	-11.272859
取っ	-11.273699
▁いただく	-11.273851
嬢	-11.273978
ur	-11.274244
なれる	-11.274573
理論	-11.274673
たれ	-11.274708
▁600	-11.274796
▁集める	-11.275420
一方	-11.275423
銀河	-11.275448
筋	-11.275670
ゼロ	-11.275733
文化	-11.275747
▁農	-11.275842
▁ニューズ	-11.276033
▁ウォルター	-11.276402
▁49	-11.276674
タル	-11.276729
▁家畜	-11.276935
▁勝る	-11.277406
下げ	-11.277451
▁処罰	-11.277471
選ぶ	-11.277595
▁虫	-11.277606
射	-11.277807
tional	-11.277900
歴	-11.278221
▁蛇	-11.278303
確信	-11.278347
▁シャ	-11.278437
課	-11.278482
岩	-11.278576
愛する	-11.279106
▁味わ	-11.279388
生産	-11.279934
▁措置	-11.280203
▁処女	-11.280938
▁補	-11.281069
▁レッド	-11.281219
▁表紙	-11.281260
▁we	-11.281478
無事	-11.281514
ンドウ	-11.281532
is	-11.281610
▁あたり	-11.281785
▁半数	-11.281849
▁支える	-11.281885
認め	-11.281915
▁衝突	-11.282668
徳	-11.282949
心臓	-11.283123
禁じ	-11.283250
休	-11.283942
▁遠	-11.284048
▁犯	-11.284376
縁	-11.284694
売り	-11.284953
▁現象	-11.285293
▁築き上げる	-11.286016
少ない	-11.286288
ボス	-11.286363
唱	-11.286366
▁見いださ	-11.286452
▁備える	-11.286490
▁探す	-11.287268
▁昆虫	-11.287284
▁15,16	-11.287580
囲	-11.287590
違いない	-11.287623
タイム	-11.288118
▁獣	-11.288133
作業	-11.288298
▁変更	-11.288320
▁きずな	-11.288767
▁阻	-11.289339
▁靴	-11.289454
▁いっしょ	-11.289525
▁試し	-11.289657
選ば	-11.290229
▁以後	-11.290694
虚偽	-11.290805
探	-11.290820
▁前進	-11.290836
起きる	-11.291728
▁ナチ	-11.291840
なされ	-11.291869
挨	-11.291939
止める	-11.292280
▁ひと	-11.292357
当然	-11.292426
▁表わ	-11.292547
▁太平洋	-11.292645
離	-11.292719
予測	-11.292747
メータ	-11.293487
▁弱	-11.293618
立場	-11.293707
感覚	-11.293721
任務	-11.293893
サジ	-11.294089
▁46	-11.294244
死体	-11.294467
すら	-11.294844
▁形態	-11.295190
▁要	-11.295341
はっきり	-11.295606
比べ	-11.295691
直接	-11.296072
▁g	-11.296389
▁退屈	-11.296446
長さ	-11.296490
▁走り	-11.296893
▁見舞	-11.296900
▁インタビュー	-11.297443
まったく	-11.297832
▁発電	-11.297849
マシン	-11.297865
▁持てる	-11.297967
無く	-11.298056
▁ショック	-11.298223
▁宿	-11.298290
▁信号	-11.298327
賢い	-11.298397
ヴァ	-11.298527
▁難民	-11.298976
尾	-11.298984
▁成	-11.299014
▁リチャード	-11.299178
標準	-11.299537
▁フィ	-11.299850
24	-11.299903
▁マラキ	-11.300605
▁寒	-11.300622
載	-11.300775
▁配	-11.300823
数学	-11.301409
過ぎる	-11.302050
▁寿命	-11.302277
遅く	-11.302428
▁豊富	-11.302435
▁忙しく	-11.302535
すね	-11.302630
才	-11.303111
▁マリファナ	-11.303554
▁お年寄り	-11.303565
ail	-11.304244
心霊	-11.304329
痛ましい	-11.304429
▁47	-11.304486
here	-11.304507
輪	-11.304533
▁難い	-11.304715
▁変わる	-11.304747
教師	-11.304985
優	-11.305016
▁判事	-11.305184
▁驚嘆	-11.305284
焼	-11.305690
▁強さ	-11.305898
権利	-11.305997
挙	-11.306040
▁開き	-11.306238
▁進み	-11.306278
出来事	-11.306351
▁防	-11.306514
ぶん	-11.306563
差し	-11.306891
▁当てはめ	-11.306896
ar	-11.307232
▁免疫	-11.307364
報酬	-11.307366
爆弾	-11.307384
▁_	-11.307476
▁顕著	-11.307577
去る	-11.307891
四	-11.308043
バイ	-11.308088
▁署名	-11.308092
▁追い求める	-11.308209
撮影	-11.308362
ドン	-11.308743
ri	-11.309121
帳	-11.309430
▁救援	-11.309469
▁売春	-11.309670
乱	-11.309682
▁基	-11.310005
緑	-11.310131
会話	-11.310305
切っ	-11.310541
担当	-11.310727
▁建造	-11.310781
難	-11.310801
お父さん	-11.311049
▁逃げる	-11.311280
▁流し	-11.311386
主張	-11.311491
ヨ	-11.311496
▁杯	-11.311535
うね	-11.311949
裁	-11.312405
le	-11.313220
title	-11.313248
ブロック	-11.313326
みのり	-11.313395
▁試合	-11.313464
実現	-11.313475
▁慣行	-11.314097
国民	-11.314109
炎	-11.314202
少	-11.314748
驚	-11.314812
誓	-11.315047
▁書き記	-11.315070
▁受け取り	-11.315144
ry	-11.315346
市民	-11.315379
参	-11.315440
渡す	-11.315576
飛	-11.315728
科学者	-11.315882
見ま	-11.316152
豊か	-11.316297
▁老人	-11.316421
▁広範	-11.316449
▁図書	-11.316558
▁やり方	-11.316665
▁広大	-11.316673
巨	-11.316815
el	-11.316869
▁立証	-11.317176
▁アッシリア	-11.317414
▁苦しむ	-11.317439
▁庭	-11.317448
▁残る	-11.317517
▁見捨て	-11.317853
訓練	-11.318406
悔	-11.318501
▁51	-11.319000
,4	-11.319169
ID	-11.319372
バッグ	-11.319519
拶	-11.319986
ちょうだい	-11.320007
係	-11.320097
RS	-11.320182
▁工業	-11.320841
祖先	-11.321244
中国	-11.321638
▁結ぶ	-11.321894
資金	-11.321985
きれい	-11.322140
▁サーバ	-11.322537
▁載	-11.322694
▁燃える	-11.322779
▁日付	-11.322989
▁予言	-11.323005
自体	-11.323053
大きさ	-11.323217
▁ゼカリヤ	-11.323286
▁接し	-11.323400
▁谷	-11.323563
▁go	-11.323684
▁ビジネス	-11.323908
精	-11.324038
出かけ	-11.324072
▁迷信	-11.324114
匹	-11.324147
授業	-11.324241
▁馬鹿	-11.324320
目標	-11.324538
▁占	-11.324614
▁糖	-11.325536
いだ	-11.325667
▁材料	-11.325998
▁果たして	-11.326127
▁望ましい	-11.326261
▁袋	-11.326572
原子	-11.326660
▁1960	-11.327003
規模	-11.327109
▁おか	-11.327465
▁排斥	-11.327652
it	-11.327663
校	-11.327699
▁頼み	-11.327736
▁法則	-11.327755
▁おも	-11.327792
やあ	-11.327829
▁彼等	-11.327841
筈	-11.327864
▁指針	-11.327880
▁細か	-11.328161
▁高齢	-11.328362
▁経過	-11.328463
応	-11.328534
如何	-11.328651
雪	-11.328691
▁バチカン	-11.328760
▁お話し	-11.328855
置く	-11.329175
崇拝	-11.329221
▁吟味	-11.329843
▁課	-11.330102
コーヒー	-11.330236
▁ルー	-11.330420
▁休暇	-11.330434
砲	-11.330654
掟	-11.330835
▁差別	-11.330840
何時	-11.331788
続き	-11.331838
▁古	-11.332026
▁k	-11.332068
▁退	-11.332175
軽	-11.332597
呼び出	-11.332800
▁遣わ	-11.332928
々に	-11.333965
▁ぐらい	-11.334113
化学	-11.334223
▁翌日	-11.334260
ケン	-11.334496
▁明	-11.334509
▁帯	-11.334538
チン	-11.334836
▁じっ	-11.335164
特に	-11.335498
つい	-11.336250
▁顧み	-11.336476
ホール	-11.336601
▁9,10)	-11.336743
▁バランス	-11.336747
映	-11.336802
▁受け継	-11.336868
▁時点	-11.336963
▁資産	-11.337210
▁降	-11.337461
続く	-11.337619
▁全面	-11.337656
▁会え	-11.337914
▁離れる	-11.337926
ゆ	-11.338122
惑星	-11.338190
▁設定	-11.338544
▁別れ	-11.338562
学び	-11.338572
▁現われる	-11.338761
シア	-11.339334
遊び	-11.339365
騙	-11.339797
200	-11.339914
▁ゴ	-11.339978
払う	-11.339979
挙げ	-11.340319
フォード	-11.340696
▁ヤ	-11.340795
▁交換	-11.340798
▁〔	-11.340901
▁沿岸	-11.341215
▁抑制	-11.341602
沢	-11.341653
se	-11.341770
▁治める	-11.341997
神経	-11.342206
▁加わり	-11.342337
▁蓄え	-11.342761
議	-11.342977
ケース	-11.343197
▁訴える	-11.343223
▁運ぶ	-11.343280
地図	-11.343291
禁止	-11.343399
▁抱える	-11.343437
▁ニ	-11.343467
▁腰	-11.343596
▁基準	-11.343801
▁体内	-11.343818
▁字	-11.343925
▁年老い	-11.344181
▁通過	-11.344276
尿	-11.344397
氷	-11.344435
正直	-11.344539
▁丸	-11.344574
抜き	-11.344858
卵	-11.345334
設計	-11.345446
選び	-11.345521
規	-11.345567
▁泥	-11.345608
▁分別	-11.345914
作戦	-11.345950
▁過ち	-11.346077
▁吸収	-11.346178
空気	-11.346253
▁由来	-11.346642
▁暗い	-11.347135
雲	-11.347371
▁引く	-11.347435
▁担当	-11.347946
▁理	-11.348110
▁国境	-11.348192
▁ミス	-11.348323
アルゴリズム	-11.348493
夫人	-11.348516
▁去	-11.348717
ll	-11.348902
ave	-11.349162
▁ネヘミヤ	-11.349311
▁聖職	-11.349429
拘	-11.349538
題	-11.350238
▁コンピュータ	-11.350272
▁27)	-11.350466
練習	-11.350722
回復	-11.350727
▁負債	-11.350873
▁自著	-11.350886
▁もろ	-11.351238
クラブ	-11.351354
▁辛抱強く	-11.351895
損	-11.352049
上がり	-11.352292
程度	-11.352332
幕	-11.352391
▁温度	-11.352519
▁辛抱強さ	-11.352589
振り	-11.352954
向こう	-11.353371
期限	-11.353559
耐え	-11.353939
▁問い	-11.354610
特	-11.354687
手術	-11.355004
▁清潔	-11.355039
▁体験	-11.355430
▁区別	-11.355489
▁あずか	-11.355567
試合	-11.355774
暴	-11.355854
▁ケ	-11.355949
▁追い求め	-11.356061
▁丘	-11.356222
17	-11.356382
▁バイ	-11.356600
城	-11.356716
替	-11.356999
公正	-11.357059
▁1975	-11.357092
▁忠告	-11.357376
▁セント	-11.357531
縦	-11.357717
赤ちゃん	-11.357839
認識	-11.357900
▁脚	-11.357937
▁海洋	-11.357977
適用	-11.357985
国際	-11.358048
▁嘆き	-11.358353
▁逃れる	-11.358377
▁おいしい	-11.358680
▁唱える	-11.358712
▁取引	-11.358904
▁衛星	-11.359025
▁難	-11.359320
▁孫	-11.359720
一杯	-11.359923
▁赤い	-11.360168
ンズ	-11.360170
議員	-11.360337
37	-11.360342
▁敬	-11.360419
▁トイレ	-11.360646
,10	-11.360818
医療	-11.360857
分子	-11.360949
▁スピード	-11.361097
▁快く	-11.361234
印刷	-11.361900
いたわ	-11.362097
▁亡くなり	-11.362185
レクトリ	-11.362283
▁取り入れる	-11.362368
社長	-11.362453
わせ	-11.362638
掴	-11.363079
もね	-11.363145
集中	-11.363313
掛ける	-11.363563
▁追放	-11.364655
▁盛	-11.364719
▁運ば	-11.365050
上げる	-11.365526
抜	-11.365849
▁バクテリア	-11.366495
▁苦悩	-11.366753
札	-11.367099
幾	-11.367206
▁痛	-11.367338
ティング	-11.367398
痛み	-11.367464
価	-11.367546
慎	-11.368001
▁優しく	-11.368170
詩	-11.368176
最悪	-11.368293
請	-11.368358
▁当てはまる	-11.368381
工場	-11.368593
▁飛	-11.368834
ッツ	-11.369376
▁案内	-11.369514
▁オリーブ	-11.369581
▁伴い	-11.369693
の間で	-11.369769
▁励ま	-11.369771
問	-11.369930
▁ようやく	-11.370040
失礼	-11.370261
因	-11.370677
▁罪深い	-11.370779
▁挙げる	-11.370982
ナン	-11.371208
▁祝	-11.371250
史	-11.371250
▁賢く	-11.371624
▁説教	-11.371648
de	-11.371791
▁忘れる	-11.372066
▁勧める	-11.372102
▁異議	-11.372192
▁アレックス	-11.372483
機会	-11.372683
▁ゆか	-11.372812
▁週末	-11.373038
初	-11.373358
甦	-11.373373
交換	-11.373385
酸化	-11.373523
▁返	-11.373769
▁作品	-11.373957
終え	-11.374017
▁気遣	-11.374033
▁__________	-11.374400
あちこち	-11.374408
ブラ	-11.374887
▁成人	-11.374967
500	-11.375430
▁珍し	-11.375553
どっ	-11.376051
オー	-11.376055
▁抑え	-11.376206
育	-11.376311
▁とらえ	-11.376467
変わる	-11.376578
注目	-11.376722
▁うわさ	-11.376869
通じ	-11.377505
くあ	-11.377582
イブラ	-11.377595
増え	-11.377839
講	-11.378009
▁現金	-11.378016
▁e	-11.378019
一生	-11.378040
▁飛ぶ	-11.378324
ユ	-11.378774
おけ	-11.378867
▁もらえ	-11.378998
更に	-11.379718
始まる	-11.380119
プル	-11.380231
▁巻き込	-11.380275
▁美しく	-11.380374
被	-11.380478
▁上り	-11.380887
▁エンジン	-11.381327
▁半ば	-11.381618
▁注	-11.381697
容疑	-11.381888
▁17,18	-11.382439
▁階段	-11.382740
意見	-11.383075
しっかり	-11.383281
するための	-11.383507
▁欠陥	-11.383521
▁過ぎ越し	-11.383799
▁努める	-11.383830
▁ミスター	-11.383957
▁おれ	-11.384093
▁ジェ	-11.384339
▁着ける	-11.384579
▁好む	-11.384807
密接	-11.384814
補助	-11.385249
婦	-11.385584
驚く	-11.385998
▁No	-11.386294
▁資源	-11.386606
生きる	-11.387095
速く	-11.387713
司	-11.388054
▁弱さ	-11.388153
▁ビール	-11.388186
侵入	-11.388216
天気	-11.388278
▁示せ	-11.388330
▁メイ	-11.388414
聞こえる	-11.388524
慎重	-11.388601
スク	-11.388824
労働	-11.389286
部隊	-11.389286
集団	-11.389362
単に	-11.390124
▁つなが	-11.390690
満	-11.390761
▁上回る	-11.390769
休み	-11.390862
▁住所	-11.391004
▁交わ	-11.391017
感染	-11.391391
いたい	-11.391544
▁31)	-11.391627
▁来い	-11.391932
▁do	-11.392165
▁み手	-11.392435
▁最低	-11.392444
教授	-11.392480
▁それどころか	-11.392799
いきま	-11.392842
▁わきまえ	-11.393169
リーダー	-11.393314
▁歩き	-11.393397
▁清く	-11.393517
時点	-11.393619
▁それゆえに	-11.393690
▁勝手	-11.393983
化する	-11.393985
▁休	-11.394008
▁沢山	-11.394306
▁迎える	-11.394427
▁特性	-11.394528
欧	-11.394551
▁慎み	-11.394792
▁べく	-11.394968
▁住宅	-11.395203
インド	-11.395370
メディア	-11.395953
留意	-11.396292
▁類似	-11.396678
興味深い	-11.396781
▁旧	-11.396886
▁ブラック	-11.396992
▁矯正	-11.397199
疑い	-11.397299
払い	-11.397442
ァ	-11.397834
▁味わう	-11.397944
悲し	-11.398918
エンジン	-11.398925
▁飛び	-11.399034
信号	-11.399037
▁ヘ	-11.399158
▁作物	-11.399267
▁粉	-11.399485
▁博物	-11.399584
▁介入	-11.399652
▁階級	-11.399872
▁遭う	-11.400067
,6	-11.400112
若者	-11.400200
宿	-11.400222
不安	-11.400347
▁黒い	-11.400456
超	-11.400565
スタ	-11.401025
センター	-11.401132
▁死刑	-11.401376
▁速	-11.401531
▁何と	-11.401618
▁キャ	-11.401873
▁Y	-11.401974
拡張	-11.402134
ほ	-11.402215
であれ	-11.402560
▁can	-11.402650
ローマ	-11.402827
▁拘	-11.403097
分布	-11.403449
▁複数	-11.403601
▁針	-11.403846
▁ハリー	-11.404736
▁辞典	-11.404916
▁需要	-11.405334
データベース	-11.405394
▁多少	-11.405423
et	-11.405442
▁討議	-11.405634
▁交友	-11.405996
▁生み出さ	-11.406084
▁予測	-11.406188
▁吸	-11.406215
うん	-11.406593
▁あいさつ	-11.406923
▁住まい	-11.406997
ぶり	-11.407214
ドウ	-11.407536
再生	-11.408118
▁対策	-11.408145
ート	-11.408693
▁係	-11.408928
▁ジャン	-11.409014
▁カイン	-11.409166
ハイ	-11.409509
▁倫理	-11.409570
▁布	-11.409718
▁傾ける	-11.409979
▁気が	-11.410066
付ける	-11.410121
ング	-11.410479
▁操	-11.410518
▁聴く	-11.410568
くり	-11.410749
▁けが	-11.410914
▁雰囲気	-11.411480
▁後半	-11.411632
▁宗派	-11.411654
▁チェック	-11.411661
比較	-11.411902
きれ	-11.412692
▁出身	-11.412893
▁富む	-11.412909
スパイ	-11.412935
▁3,4)	-11.413495
▁そのうえ	-11.413515
廃棄	-11.413658
各人	-11.414208
▁職員	-11.414251
操	-11.414297
▁ごとく	-11.414343
▁思い出さ	-11.414498
▁流刑	-11.414660
機関	-11.414969
遣わし	-11.415213
▁兆	-11.415345
▁えぇ	-11.415674
▁記者	-11.415785
解析	-11.416279
▁番号	-11.416326
▁ne	-11.416595
生成	-11.416842
えて	-11.416895
▁投資	-11.416919
体験	-11.417227
亡くな	-11.417228
ラス	-11.417520
▁乗客	-11.417907
▁言い表わし	-11.418087
▁強化	-11.418252
▁戸口	-11.418481
▁120	-11.418751
危機	-11.419592
を越え	-11.420034
▁べし	-11.420097
▁空港	-11.420362
ゴン	-11.420397
かし	-11.421185
▁象	-11.421251
総	-11.421354
椅子	-11.421777
使える	-11.421779
▁頼り	-11.421885
▁are	-11.421915
▁ごみ	-11.422233
▁捨てる	-11.422315
同意	-11.422336
▁ホーム	-11.422614
▁トンネル	-11.422955
ニング	-11.423733
投	-11.423791
▁覚える	-11.423891
▁焦点	-11.424601
▁大好き	-11.425598
▁植	-11.425934
サイン	-11.426054
フリー	-11.426073
47	-11.426397
▁位	-11.426544
▁促し	-11.426613
te	-11.426939
リスク	-11.426965
持つ	-11.427095
▁寝る	-11.427421
を開	-11.427434
▁既	-11.427513
▁低く	-11.427952
▁33)	-11.428151
たって	-11.428329
しむ	-11.428697
ハー	-11.428809
▁会場	-11.428870
▁作成	-11.429045
▁商品	-11.429157
▁コロンビア	-11.429230
鉄	-11.429332
▁外見	-11.429365
▁ネット	-11.429517
魔術	-11.429562
早い	-11.430101
ころ	-11.430293
施し	-11.430650
▁ねたみ	-11.430872
▁アンド	-11.430946
jp	-11.431231
▁陰	-11.431296
▁デザイン	-11.431512
▁喜ぶ	-11.431544
▁切手	-11.431573
オフィス	-11.431693
訪ね	-11.431903
抱	-11.432022
▁倣	-11.432191
ンス	-11.432402
まあ	-11.432586
回し	-11.432787
警備	-11.432855
の意見	-11.433157
▁欠如	-11.433651
労	-11.433900
ジョ	-11.434031
▁ネズミ	-11.434174
▁魔術	-11.434419
▁ロト	-11.434476
▁告げる	-11.434628
おかしい	-11.434757
両方	-11.434850
▁面倒	-11.434886
▁以内	-11.434921
▁作家	-11.434999
ヌー	-11.435661
q	-11.435745
数値	-11.435844
▁早い	-11.435912
章	-11.436093
祝福	-11.436202
▁本来	-11.436307
でし	-11.436673
▁赤ん坊	-11.437108
▁服し	-11.437856
ダイ	-11.438202
▁転	-11.438250
育て	-11.438473
義務	-11.438746
▁闘う	-11.438854
▁引っ越し	-11.438913
▁アパート	-11.439655
▁確固	-11.439681
暴力	-11.439787
領	-11.440533
イオ	-11.440562
▁チ	-11.440606
大いなる	-11.440687
▁小冊子	-11.440777
▁児童	-11.440787
つけろ	-11.440844
▁各自	-11.441128
▁28,29	-11.441501
▁論理	-11.441581
英文	-11.441849
▁温か	-11.442039
▁1919	-11.442142
まれる	-11.442258
▁渡し	-11.442444
近づ	-11.442594
▁チャーリー	-11.442946
▁72	-11.443008
▁すぐれ	-11.443076
▁影	-11.443347
ええ	-11.443352
爆	-11.443402
深	-11.443581
安定	-11.444114
▁進行	-11.444163
com	-11.444175
岸	-11.444907
▁乗せ	-11.445039
取れ	-11.445124
▁禁令	-11.445235
▁歓び	-11.445623
▁敵意	-11.445643
▁有用	-11.445908
ごろ	-11.445943
料	-11.446455
ATO	-11.446555
▁値段	-11.446757
▁ゆ	-11.447224
▁掲げ	-11.447286
ケーキ	-11.447454
ゾ	-11.447469
玉	-11.447579
歩く	-11.447755
どのような	-11.447772
きり	-11.447998
▁カン	-11.448022
トゥ	-11.448213
▁耐える	-11.448311
プロセス	-11.448585
▁盲目	-11.448812
▁負う	-11.448845
デル	-11.448919
▁花嫁	-11.449049
▁典型	-11.449398
▁マク	-11.449403
▁no	-11.449410
▁外部	-11.449435
▁周辺	-11.449487
▁企て	-11.450238
▁アンナ	-11.450510
▁エン	-11.450624
▁情	-11.451010
▁辛抱	-11.451159
まさに	-11.451236
▁ビタミン	-11.451388
▁アテネ	-11.451766
▁高める	-11.451938
自己	-11.452140
▁都合	-11.452556
ハン	-11.452690
▁思い煩い	-11.452813
刻	-11.452847
▁伝達	-11.453306
整	-11.453452
カット	-11.453574
勝手	-11.453796
向かう	-11.454719
ドー	-11.455036
オレ	-11.455229
捜し	-11.455379
さい	-11.455491
申し上げ	-11.455604
アウト	-11.455613
▁司	-11.455884
▁18,19	-11.456105
手が	-11.456369
▁情勢	-11.456405
▁かわいい	-11.456443
タイ	-11.456972
対処	-11.457082
▁ファン	-11.457147
▁意義	-11.457269
範囲	-11.457314
▁歌う	-11.457425
▁築	-11.457772
ジミー	-11.457892
デート	-11.457914
▁余分	-11.457976
▁上げる	-11.458218
事務	-11.458392
▁1973	-11.458714
活	-11.458849
どおり	-11.459259
ad	-11.459478
▁司法	-11.459555
2)	-11.459776
戸	-11.459851
▁終わらせ	-11.459873
▁動作	-11.459896
▁テープ	-11.460643
▁Go	-11.461150
▁飲み物	-11.461432
▁仏教	-11.461432
食べ物	-11.461679
ルーム	-11.462147
遺伝子	-11.462368
▁追求	-11.462379
▁with	-11.462396
納	-11.462425
▁頻	-11.462430
▁小麦	-11.463406
▁実例	-11.463591
▁ガリラヤ	-11.463786
▁待ち望	-11.464245
劇的	-11.464274
新た	-11.464321
▁いちばん	-11.464520
ニューヨーク	-11.464547
奇妙	-11.464566
相談	-11.464567
忘れる	-11.464958
▁ヒンズー	-11.465002
▁学ば	-11.465306
▁ティ	-11.465352
刊	-11.465424
▁題	-11.465481
▁循環	-11.465635
うる	-11.465776
らわ	-11.466107
欲	-11.466317
▁放送	-11.466849
養	-11.467343
▁疫病	-11.467640
▁29)	-11.467714
▁ラッセル	-11.467792
忙しい	-11.467969
態度	-11.468099
ウェル	-11.468122
コンピューター	-11.468240
つつ	-11.468399
休憩	-11.468903
買	-11.469085
配列	-11.469337
内部	-11.469572
従い	-11.469760
落とし	-11.469939
安心	-11.469962
こっ	-11.470111
▁動揺	-11.470174
回転	-11.470177
煙	-11.470287
始	-11.470335
▁ボ	-11.470366
▁適当	-11.470517
▁議会	-11.470552
▁兵	-11.470608
正義	-11.470724
▁まとめ	-11.470816
▁生ずる	-11.471210
ダンス	-11.471547
▁20,21	-11.471748
お母さん	-11.472076
果	-11.472388
▁毎月	-11.472398
▁喜ばせ	-11.472477
▁対立	-11.472945
化し	-11.473231
ファー	-11.473682
CIA	-11.473733
単位	-11.473879
▁ボート	-11.474240
▁畏	-11.474266
▁表示	-11.474769
▁湾	-11.475108
赦	-11.475600
▁捕まえ	-11.475651
▁コード	-11.475667
▁回転	-11.475797
▁器官	-11.476028
▁同誌	-11.476040
ダイア	-11.476603
▁指定	-11.476694
▁惜しみなく	-11.476884
▁交	-11.476985
老齢	-11.477210
更新	-11.477366
考え方	-11.477548
防	-11.478136
▁駆	-11.478376
▁依頼	-11.478613
持た	-11.478735
▁テーマ	-11.478796
んでも	-11.479295
▁助長	-11.479371
ちま	-11.479519
▁誘拐	-11.479607
制限	-11.479677
▁役立	-11.479917
稼	-11.480259
▁神話	-11.480743
ind	-11.480813
面倒	-11.480838
YO	-11.480983
▁かわい	-11.480993
曹	-11.481437
▁郵便	-11.481816
▁意欲	-11.481989
▁翌	-11.482055
出身	-11.482315
衛	-11.482387
▁思想	-11.482470
▁ボール	-11.482850
なくなり	-11.482876
フェ	-11.483199
▁微	-11.483225
▁韓国	-11.483364
▁糸	-11.484241
初期	-11.484245
帽子	-11.484361
▁越え	-11.484568
行わ	-11.484760
,7	-11.485188
湾	-11.485458
▁話し方	-11.485472
指導	-11.485564
▁おめでとう	-11.485620
▁航海	-11.485862
堅	-11.486117
国家	-11.486244
製品	-11.486412
▁島々	-11.487019
戻す	-11.487168
▁おそれ	-11.487256
▁暴行	-11.487461
なあ	-11.487776
死亡	-11.487841
▁成績	-11.488436
▁ねぇ	-11.488775
恐れる	-11.488855
▁振り	-11.488918
▁見張	-11.489072
▁v	-11.489081
▁登	-11.489164
ミン	-11.489178
ガキ	-11.489727
▁読ま	-11.490114
共通	-11.490209
▁接続	-11.490237
▁報	-11.490302
佐	-11.491269
新聞	-11.491285
▁ケン	-11.491426
▁民数記	-11.491700
庭	-11.491922
党	-11.492049
タグ	-11.492247
▁思い出	-11.492366
▁持ち物	-11.492499
夕食	-11.492637
▁1945	-11.493217
まじめ	-11.493258
資産	-11.493731
増加	-11.493738
▁評	-11.494235
▁配慮	-11.494796
修正	-11.495008
誇り	-11.495028
▁スーパー	-11.495293
▁植え	-11.495464
▁落とし	-11.495601
▁おいで	-11.495748
▁派遣	-11.495799
▁小さく	-11.496031
▁箱船	-11.496655
アス	-11.496755
▁埋葬	-11.496825
▁篇	-11.496839
▁責務	-11.497079
叫	-11.497190
暗号	-11.497295
ホーム	-11.497318
応じ	-11.497371
▁定める	-11.497522
▁シリア	-11.497565
文書	-11.497611
▁尊厳	-11.498426
▁ひそ	-11.498484
▁大声	-11.498512
柱	-11.498804
▁話題	-11.499139
▁慣れ	-11.499228
▁照らし	-11.499563
いただき	-11.499717
▁きっかけ	-11.499832
一部	-11.499958
細	-11.500513
▁キャンプ	-11.500784
▁OF	-11.500915
to	-11.501234
▁八	-11.501594
▁引き寄せ	-11.501650
▁見分け	-11.501738
まとめ	-11.501901
そり	-11.501925
▁凶	-11.502192
▁輸送	-11.502325
▁くびき	-11.502424
▁よか	-11.502615
誤	-11.502658
気だ	-11.503217
▁つながり	-11.503483
▁採用	-11.503767
▁広める	-11.504002
そば	-11.504336
災	-11.504336
教える	-11.504369
イメージ	-11.504434
服従	-11.504584
巻	-11.504694
▁エステル	-11.504771
▁訴訟	-11.505116
▁ガソリン	-11.505273
尽くし	-11.505373
▁再生	-11.505755
▁1974	-11.505825
それらの	-11.506042
▁裁く	-11.506097
▁イザ	-11.506371
壊	-11.506394
誓い	-11.506517
▁操作	-11.506798
▁沈	-11.507090
▁実在	-11.507291
撃つ	-11.507515
了	-11.507639
案内	-11.508214
建て	-11.508456
信心	-11.508689
▁すみ	-11.508821
▁和	-11.508912
▁キャロル	-11.508977
ah	-11.509131
仮定	-11.509284
う者	-11.509530
写	-11.509542
本物	-11.509798
▁み業	-11.509977
柄	-11.510430
苦労	-11.510447
▁休み	-11.510571
▁怖い	-11.510711
コース	-11.510713
▁笑い	-11.510802
▁出血	-11.511212
▁申し出	-11.511692
▁ペット	-11.511871
進め	-11.512042
▁とどめ	-11.512136
尻	-11.512846
▁アラン	-11.513000
▁泣	-11.513061
▁味わい	-11.513356
▁減らす	-11.513373
▁おもちゃ	-11.513394
▁パラ	-11.513658
そういう	-11.513738
▁背中	-11.513740
▁幼	-11.513825
▁あわれみ	-11.513969
だらけ	-11.514142
不足	-11.514196
▁Z	-11.514300
▁申命	-11.514324
匂い	-11.514463
▁養う	-11.514516
低い	-11.514567
妙	-11.515172
才能	-11.515276
▁滅ぼす	-11.515480
▁宛	-11.515644
バル	-11.515656
▁イメージ	-11.515769
▁イヤ	-11.516078
▁買い物	-11.516149
優先	-11.516665
茶	-11.516747
荷	-11.516776
丸	-11.517038
▁コー	-11.517329
まして	-11.517775
▁幾百	-11.518032
▁著者	-11.518231
22	-11.518399
▁基盤	-11.518461
出会	-11.518530
ウェイ	-11.518602
通し	-11.518879
▁建てる	-11.518884
構成	-11.518956
ir	-11.518960
テキサス	-11.519024
▁TRAN	-11.519027
配置	-11.519038
▁燃え	-11.519877
聞かせ	-11.520003
▁闘争	-11.520128
▁ラザロ	-11.520159
イツ	-11.520166
▁歌い	-11.520519
▁城壁	-11.520600
列車	-11.520671
▁呼びかけ	-11.520746
籍	-11.521003
乏	-11.521179
調べる	-11.521256
▁頑張	-11.521297
▁デービッド	-11.521420
加減	-11.521618
▁給料	-11.521662
ta	-11.521854
アリ	-11.522559
▁商売	-11.522619
道路	-11.522895
を認め	-11.523046
スクリプト	-11.523067
▁すむ	-11.523108
作用	-11.523240
▁ハワイ	-11.523836
▁不利	-11.523838
▁恩恵	-11.523965
▁執筆	-11.524295
壊れ	-11.524359
▁会員	-11.524583
トル	-11.524700
▁教え手	-11.524801
▁お持ち	-11.524803
存	-11.525060
▁1972	-11.525118
ビア	-11.525145
具合	-11.525169
ぇ	-11.525232
▁胃	-11.525263
着く	-11.525292
アイ	-11.525592
試し	-11.525640
▁かんする	-11.525760
▁宣	-11.525770
表す	-11.526352
▁ネットワーク	-11.526804
▁上っ	-11.526946
▁ほっ	-11.527020
▁洗	-11.527094
十	-11.527137
▁連盟	-11.527522
▁苦労	-11.527689
十分に	-11.528505
対象	-11.528708
▁軍勢	-11.528710
▁圏	-11.528898
ズボン	-11.529061
▁読書	-11.529214
▁恥	-11.529670
▁マン	-11.529886
法律	-11.529928
創り	-11.529994
記号	-11.529997
具	-11.531087
▁抑える	-11.531519
▁1985	-11.531606
▁タクシー	-11.531606
繋が	-11.531803
意志	-11.531898
脚	-11.531947
▁マルタ	-11.532541
報い	-11.532630
されること	-11.532763
▁中東	-11.532888
通信	-11.532969
▁文字どおり	-11.533529
包	-11.533576
キャン	-11.533643
▁党	-11.533957
Pro	-11.534152
▁工事	-11.534266
▁陛下	-11.534746
▁敬う	-11.534952
▁抗議	-11.535044
避難	-11.535164
する必要がある	-11.535252
▁退ける	-11.535336
▁脅し	-11.535659
▁啓発	-11.536051
▁マックス	-11.536065
▁鉄道	-11.536101
医師	-11.536109
有能	-11.536126
メンバー	-11.536150
▁闘	-11.536409
まるで	-11.536507
▁r	-11.536651
とけ	-11.537076
▁チャンス	-11.537088
起こす	-11.537097
託	-11.537216
ネス	-11.537484
ogle	-11.537680
▁七つ	-11.537750
遣わ	-11.537938
気付	-11.538046
▁pro	-11.538098
クリスチャン	-11.538524
フィンチ	-11.538621
の選択	-11.538915
▁塵	-11.538957
▁絆	-11.538994
▁コミュニケーション	-11.539030
るために	-11.539065
リース	-11.539563
大型	-11.539597
謙虚	-11.539705
カウント	-11.539762
▁吸う	-11.539786
越し	-11.539819
▁ごらん	-11.540002
▁内側	-11.540025
▁腐	-11.540265
道具	-11.540692
泥	-11.540996
▁バック	-11.541316
▁入院	-11.541545
おき	-11.541665
▁励ます	-11.541847
×	-11.542027
に適	-11.542131
守護	-11.542336
▁同士	-11.542471
▁来た	-11.542472
▁勢い	-11.542745
▁働き人	-11.542803
▁テモ	-11.543393
▁責め	-11.543600
▁バル	-11.543721
▁寛容	-11.544023
▁喜ばせる	-11.544181
▁災厄	-11.544536
▁才能	-11.544658
鏡	-11.544708
課題	-11.544746
▁終了	-11.544769
魅力	-11.544786
ポンド	-11.544871
▁快適	-11.545079
短	-11.545100
▁詳しい	-11.545266
神聖	-11.545436
ムハン	-11.545520
▁名誉	-11.545859
▁厳しく	-11.545923
いろいろ	-11.545985
複数	-11.546219
▁真っ	-11.546240
▁ハンナ	-11.546512
暗く	-11.546930
▁よろしく	-11.546935
▁フェ	-11.547171
▁途	-11.547194
羽	-11.547271
▁本質	-11.547426
▁人権	-11.547551
難し	-11.547647
発表	-11.547736
▁使え	-11.547744
▁違反	-11.548007
午後	-11.548497
▁話し手	-11.548503
ッチ	-11.548848
布	-11.549161
▁ネ	-11.549307
▁ボク	-11.549324
▁自覚	-11.549354
▁クロ	-11.549694
西暦	-11.549736
イベント	-11.549816
▁土壌	-11.550083
殴	-11.550097
▁黄色	-11.550129
ぼう	-11.550408
調子	-11.550936
金持ち	-11.550954
艦	-11.551254
36	-11.551846
▁至ら	-11.551940
▁検索	-11.552381
マル	-11.552829
▁誠	-11.552926
▁年月	-11.553124
インスト	-11.553180
▁復しゅう	-11.553247
老	-11.553342
盤	-11.553361
▁見いだせ	-11.553541
▁あずかり	-11.553585
家庭	-11.553764
,17	-11.553770
づけ	-11.553774
▁無知	-11.553965
ンジョ	-11.554455
▁輝く	-11.554638
スペース	-11.555031
▁比喩	-11.555107
▁st	-11.555269
けれど	-11.555507
▁ワイン	-11.555537
衣	-11.555798
▁果物	-11.555810
冗談	-11.556012
▁曲	-11.556109
埋め	-11.556207
兵器	-11.556339
▁ピラト	-11.556494
▁オーストリア	-11.556567
詰め	-11.556642
▁射	-11.556712
▁54	-11.557252
▁図る	-11.557595
困	-11.557601
完成	-11.557767
▁税金	-11.558080
迷惑	-11.558135
泊	-11.558145
▁サー	-11.558208
▁発明	-11.558366
招待	-11.558404
DNA	-11.558535
腐	-11.558562
まる	-11.558723
明白	-11.558730
▁異端	-11.558912
乗る	-11.559035
能	-11.559202
▁貸し	-11.559217
▁狭い	-11.560032
▁オリンピック	-11.560136
▁えー	-11.560335
残る	-11.560359
▁そもそも	-11.560741
厳	-11.560931
▁伝説	-11.561043
伝	-11.561082
予想	-11.561098
ルカ	-11.561291
割り	-11.561377
▁霊性	-11.561410
引く	-11.561809
偏	-11.562172
▁52	-11.562208
しき	-11.562382
ご覧	-11.562416
▁立た	-11.563169
の理由	-11.563558
▁将軍	-11.564119
▁小屋	-11.564215
▁トロント	-11.564322
ヴ	-11.564521
▁投	-11.564545
▁追跡	-11.564624
▁問いかけ	-11.564644
知らず	-11.564679
結構	-11.564889
コスト	-11.565033
,12	-11.565195
タウン	-11.565502
▁22,23	-11.565534
li	-11.565824
▁停止	-11.565973
味方	-11.566029
▁アベル	-11.566076
▁単位	-11.566548
受け取	-11.566682
▁祖母	-11.566996
▁滞	-11.567000
▁欠点	-11.567047
菌	-11.567329
炉	-11.567417
▁妥協	-11.567481
一瞬	-11.567756
姉	-11.568009
▁黙示	-11.568165
▁ヨ	-11.568273
▁吹き	-11.568288
関連	-11.568517
窮	-11.568617
▁棒	-11.568893
超え	-11.569010
▁郵	-11.569093
▁懸念	-11.569127
と同	-11.569376
▁こたえ応じ	-11.569462
▁著作	-11.569609
分野	-11.569766
▁展示	-11.570662
▁捧げ物	-11.570681
▁葬式	-11.571378
ゲン	-11.571598
属する	-11.571630
▁ご主人	-11.571795
▁悩み	-11.571904
▁舞台	-11.572174
▁立ち向かう	-11.572274
ig	-11.572439
▁衝動	-11.572445
翻訳	-11.572534
消費	-11.572553
▁香	-11.572719
▁眼	-11.572900
事業	-11.573069
下る	-11.573077
くせ	-11.573369
抱え	-11.573665
ラックス	-11.573803
▁食卓	-11.574065
同士	-11.574190
▁罪悪	-11.574619
thon	-11.574730
セント	-11.574949
概念	-11.575137
起こり	-11.575146
決める	-11.575389
うな	-11.575469
自殺	-11.575524
恐ろしい	-11.575604
▁取り除く	-11.576120
▁800	-11.576149
▁軒	-11.576201
満ち	-11.576276
帰っ	-11.576340
ジャー	-11.576439
さら	-11.576517
▁陸	-11.576593
直し	-11.576627
▁エラー	-11.576913
▁一団	-11.577078
▁合う	-11.577104
▁完了	-11.577561
糸	-11.577623
▁新約	-11.577661
誘拐	-11.577668
特徴	-11.577682
商品	-11.577705
▁権限	-11.577719
▁決	-11.577977
▁ボブ	-11.578123
▁ウィン	-11.578694
オフ	-11.578842
確保	-11.578972
▁サウロ	-11.579499
革命	-11.580276
▁チャ	-11.580467
ガール	-11.580482
保証	-11.580587
気づき	-11.580639
▁輪	-11.580721
▁24,25	-11.580726
▁バリー	-11.580895
▁駅	-11.581361
▁なんとか	-11.581525
▁設備	-11.581527
調整	-11.581583
杯	-11.581635
たね	-11.581799
▁7,000	-11.582009
免	-11.582155
▁促	-11.582634
ステップ	-11.582843
▁砂糖	-11.583058
を参照	-11.583115
径	-11.583175
もらえる	-11.583466
偽り	-11.583560
▁尾	-11.583584
スタイル	-11.584120
人口	-11.584602
▁配下	-11.584756
▁伝染	-11.585192
東京	-11.585251
▁秋	-11.585375
残し	-11.585407
燃料	-11.585441
公開	-11.585525
低	-11.585545
現代	-11.585588
▁一掃	-11.585876
▁節約	-11.585976
▁処	-11.586001
ブック	-11.586158
ローン	-11.586561
2001	-11.586677
プレート	-11.586801
▁テキスト	-11.587172
うわ	-11.587648
▁冷たい	-11.587852
履	-11.588023
販売	-11.588037
▁寂し	-11.588119
ヨハネ	-11.588130
ルー	-11.588317
テル	-11.588340
たび	-11.588773
錠	-11.589221
▁めった	-11.589254
▁扉	-11.589370
を含む	-11.589690
▁リン	-11.589769
▁生来	-11.589861
▁田舎	-11.589863
▁テロリスト	-11.589956
▁ナイフ	-11.590018
▁去る	-11.590155
弱い	-11.590753
名の	-11.591101
初め	-11.591288
▁特異	-11.591816
▁うる	-11.591938
握	-11.591986
説得	-11.592051
▁占める	-11.592125
粒子	-11.592191
しながら	-11.592629
▁53	-11.592682
いくら	-11.592743
ロシア	-11.592813
▁返事	-11.593179
場で	-11.593187
▁何十	-11.593633
電気	-11.593794
▁費やす	-11.594193
ラム	-11.594383
▁使える	-11.594417
やがて	-11.594463
▁有利	-11.594515
導く	-11.594602
▁トニー	-11.594798
▁捜し	-11.594839
覆	-11.595002
▁身分	-11.595234
▁sh	-11.595345
▁借金	-11.595392
騒ぎ	-11.595837
ww	-11.596092
コー	-11.596499
モノ	-11.596790
▁とどまり	-11.597225
セックス	-11.597236
no	-11.597441
▁免れ	-11.597778
バーグ	-11.597802
▁負傷	-11.598042
▁ち	-11.598062
▁家事	-11.598409
不思議	-11.598497
扱う	-11.598574
ネー	-11.598643
愚か	-11.598746
ビス	-11.598889
▁発揮	-11.599032
▁びっくり	-11.599715
▁東洋	-11.599904
識	-11.600163
▁境遇	-11.600329
▁返し	-11.600828
▁欺	-11.600886
▁山々	-11.601259
▁もらえる	-11.601347
45	-11.601550
旨	-11.602437
▁奥	-11.602543
ワイン	-11.602609
1%	-11.602739
他人	-11.603055
▁ゼパニヤ	-11.603177
▁詐欺	-11.603309
▁書き送	-11.603339
ra	-11.603367
,0	-11.603528
消化	-11.603755
▁習わし	-11.603917
強力	-11.604070
▁そろ	-11.604179
クロ	-11.604880
nu	-11.605102
演奏	-11.605144
潰	-11.605218
▁残虐	-11.605798
▁関与	-11.606042
ヌス	-11.606195
▁不平	-11.606308
殿	-11.606472
▁臣民	-11.606524
▁売	-11.606568
▁奪	-11.606591
届	-11.606830
▁差し伸べる	-11.606903
光る	-11.607466
婦人	-11.607526
スターク	-11.607626
発明	-11.607881
▁泥棒	-11.607964
勝ち	-11.608052
▁運び	-11.608991
容易	-11.609104
りに	-11.609114
奥	-11.609667
▁女子	-11.609824
ソース	-11.610234
know	-11.610406
帰依	-11.610497
▁1976	-11.610560
トー	-11.610745
立証	-11.610839
ユース	-11.611031
▁暮らす	-11.611094
▁平気	-11.611356
▁バラ	-11.611481
▁最小	-11.611501
選手	-11.611504
▁容疑	-11.611609
涙	-11.611724
芸術	-11.611734
呼吸	-11.611765
▁株	-11.611962
▁ペテ	-11.612447
奉	-11.612589
▁模様	-11.612806
▁測定	-11.612886
▁広げ	-11.613042
乗せ	-11.613061
浴	-11.613137
▁無線	-11.613302
▁リットル	-11.613338
▁かえって	-11.613346
通常	-11.613461
らに	-11.613708
▁地的	-11.613847
▁ホルモン	-11.613980
▁美術	-11.614347
きみ	-11.614640
▁インディアン	-11.614750
小さく	-11.615129
▁もてなし	-11.615172
▁おっと	-11.615262
▁政権	-11.615281
▁促す	-11.615499
質問を	-11.615578
▁とがめ	-11.615628
シャー	-11.615727
現象	-11.615786
▁充	-11.615855
決ま	-11.615922
tion	-11.615942
▁必死	-11.616006
▁同国	-11.616160
得意	-11.616225
▁温かい	-11.616527
▁嵐	-11.616569
▁打ち砕	-11.616729
▁苦しい	-11.616819
▁太	-11.616982
喚	-11.617063
▁おやすみ	-11.617629
警部	-11.617718
商	-11.617789
▁普	-11.617797
知れない	-11.617880
·	-11.618350
▁コントロール	-11.618396
パティ	-11.618548
▁拒	-11.618734
リオ	-11.619548
▁刻	-11.619644
わし	-11.619696
樹	-11.619699
切る	-11.620046
▁懐	-11.620053
ava	-11.620403
▁(2)	-11.620646
▁話せ	-11.620780
▁繁殖	-11.620872
,8	-11.620901
▁比	-11.620996
▁ジョ	-11.621631
▁猫	-11.621665
▁焼	-11.621940
アプリケーション	-11.622439
供給	-11.622457
平安	-11.622489
▁観測	-11.622713
▁深さ	-11.622745
▁デンマーク	-11.622762
▁結合	-11.623113
▁話しかけ	-11.623507
▁虐殺	-11.624029
▁アロン	-11.624227
▁鋭い	-11.624290
▁季節	-11.624423
議会	-11.624600
ゴール	-11.624617
住所	-11.624830
起こし	-11.624996
戻れ	-11.625023
▁損なう	-11.625057
鳴	-11.625378
合わ	-11.625381
▁繊維	-11.625813
▁注射	-11.625867
▁工	-11.625908
▁マリー	-11.625971
,11	-11.626070
▁一杯	-11.626162
大人	-11.626279
▁(19	-11.626355
▁主婦	-11.626599
▁部門	-11.626602
▁名声	-11.626640
デー	-11.626678
▁血管	-11.627098
ba	-11.627340
確	-11.627361
思い起	-11.627430
▁時刻	-11.627775
▁決ま	-11.627804
拡大	-11.627923
苦	-11.628022
▁五つ	-11.628675
▁66	-11.628731
▁縛	-11.628800
▁ギ	-11.628897
▁朗読	-11.628983
▁理性	-11.629212
▁境界	-11.629467
▁お茶	-11.629774
▁審判	-11.629856
▁知り合い	-11.630061
▁がたい	-11.630127
▁しだい	-11.630166
▁並べ	-11.630469
▁議員	-11.630602
恋	-11.630656
▁細菌	-11.630826
▁霊者	-11.630864
▁そろそろ	-11.630882
▁役人	-11.631112
ゼル	-11.631158
▁祭	-11.631325
▁1971	-11.631362
▁21,22	-11.631371
▁ハバクク	-11.631658
▁短く	-11.631816
→	-11.631909
興奮	-11.631919
▁視力	-11.631960
▁品物	-11.632185
▁トルコ	-11.632649
▁減	-11.632659
▁張り	-11.632808
▁特集	-11.632999
▁テ	-11.633166
逃げる	-11.633229
ジャック	-11.633295
殺せ	-11.633409
▁一言	-11.633425
別れ	-11.633849
▁レストラン	-11.633931
ter	-11.634275
▁プ	-11.634608
猶	-11.634625
▁新鮮	-11.635093
▁跡	-11.635407
止ま	-11.635504
▁散	-11.635564
にもかかわらず	-11.635956
発展	-11.636031
▁下さ	-11.636095
背く	-11.636242
▁冠	-11.636736
▁エチオピア	-11.636763
▁帯び	-11.637187
▁捕	-11.637713
女王	-11.637859
▁及	-11.637874
▁To	-11.638099
▁ID	-11.638632
冬	-11.638738
▁広め	-11.638741
合計	-11.638758
▁たたえ	-11.639408
マイ	-11.639493
見な	-11.639721
▁観点	-11.639732
ion	-11.639941
署名	-11.640239
▁憲法	-11.640512
▁カエサル	-11.640730
▁まれ	-11.640884
▁辺	-11.641212
▁体力	-11.641326
▁損害	-11.641426
偶然	-11.641497
▁柱	-11.641550
▁込め	-11.641569
着き	-11.641584
ース	-11.641685
ho	-11.641716
替え	-11.642574
▁触	-11.642578
,14	-11.642599
推測	-11.642862
テーマ	-11.642879
▁要約	-11.642923
込め	-11.643010
会える	-11.643017
▁けんか	-11.643188
集ま	-11.643503
肩	-11.644215
ギリシャ	-11.644238
▁捕らえ	-11.644344
▁驚異	-11.645033
誦	-11.645140
▁よみがえら	-11.645249
武	-11.645576
鼻	-11.645602
▁焼き	-11.645706
▁化石	-11.645795
ウッド	-11.646514
ドレス	-11.646846
▁時折	-11.646984
周	-11.646989
シェ	-11.647191
ライド	-11.647294
▁回り	-11.647470
ジョー	-11.647481
液	-11.647511
▁ブロ	-11.647791
区	-11.647943
ボード	-11.648253
ようこそ	-11.648314
異常	-11.648456
▁シン	-11.648485
ake	-11.648524
▁皮肉	-11.648769
グラム	-11.648842
▁ユ	-11.648861
▁そし	-11.649158
▁チョウ	-11.649327
▁欺き	-11.649434
▁貿易	-11.649435
▁百	-11.649497
レル	-11.649628
ウイルス	-11.649724
滴	-11.649738
▁備わ	-11.649801
▁下り	-11.649944
▁粘土	-11.650143
▁ボー	-11.650646
づ	-11.651042
統計	-11.651161
卒業	-11.651172
▁放射	-11.651240
ーナ	-11.651302
▁無限	-11.651363
情報が	-11.651970
足り	-11.651977
▁ノ	-11.652505
桁	-11.652510
展開	-11.652528
公園	-11.652653
▁全般	-11.652657
▁異性	-11.653321
▁突き	-11.653330
▁アモス	-11.653371
▁ヨルダン	-11.653434
▁利点	-11.653445
▁ルート	-11.653794
▁数十	-11.653847
ニック	-11.653924
否定	-11.653937
▁空間	-11.653984
▁拡張	-11.654147
▁パンフレット	-11.654200
▁欠か	-11.654240
届け	-11.654663
怪	-11.654829
シャツ	-11.655016
▁母乳	-11.655023
我慢	-11.655393
▁30)	-11.655462
▁広	-11.655493
らしく	-11.655508
▁And	-11.655579
▁スタイル	-11.655602
臭い	-11.655887
▁con	-11.656190
▁投げ	-11.656293
▁どんどん	-11.656497
▁閉じ込め	-11.656628
依頼	-11.656696
▁鮮	-11.657186
▁形式	-11.657393
▁61	-11.657405
記入	-11.657513
▁努めて	-11.657646
▁エド	-11.657660
▁増	-11.657719
▁75	-11.657771
▁乗る	-11.657781
▁uni	-11.657899
▁乾	-11.658041
▁幹	-11.658312
▁シドニー	-11.658894
▁物資	-11.658905
▁西洋	-11.658987
署	-11.659322
第一	-11.659397
小説	-11.659557
権限	-11.659719
▁召	-11.660231
▁陥り	-11.660345
▁屋	-11.660447
外国	-11.660490
▁フォル	-11.660589
list	-11.660608
砂	-11.660826
っぽ	-11.661269
行ける	-11.661291
▁フリー	-11.661447
▁予約	-11.661549
▁パー	-11.661572
済	-11.661876
そのまま	-11.662025
▁拷問	-11.662107
▁19,20)	-11.662245
ジェット	-11.662348
見せる	-11.662457
▁全土	-11.662650
▁エズラ	-11.662696
▁講じ	-11.663032
▁終	-11.663426
▁ハロルド	-11.663511
考慮	-11.663687
▁ペン	-11.664234
電子	-11.664546
▁政策	-11.664599
▁流血	-11.664746
▁暗号	-11.664885
おそらく	-11.665090
権威	-11.665115
盛	-11.665129
▁負わ	-11.665308
さあ	-11.665313
曲線	-11.665374
▁実体	-11.665394
▁登録	-11.665689
綺	-11.665720
▁楽器	-11.665768
▁断言	-11.665878
マシ	-11.665961
▁無力	-11.666476
▁ジ	-11.666535
仲	-11.666833
含め	-11.666923
▁憂うつ	-11.667109
▁忙しい	-11.667723
▁商	-11.667839
▁処分	-11.667854
▁毎	-11.668151
大会	-11.668185
tell	-11.668244
▁知れ	-11.668787
▁広ま	-11.668873
▁なんら	-11.669058
▁so	-11.669539
▁装飾	-11.669595
ッシュ	-11.669782
▁レース	-11.670473
うれしい	-11.670486
▁1989	-11.670543
候補	-11.670728
支持	-11.670871
痛い	-11.670940
開き	-11.671009
旦	-11.671279
▁結びつ	-11.671350
ger	-11.671542
定数	-11.671547
ばい	-11.671612
▁スパイ	-11.671979
▁暴露	-11.672029
▁液体	-11.672047
▁損失	-11.672720
▁改め	-11.672857
▁申	-11.673514
ヨーロッパ	-11.673557
っぽい	-11.674258
▁苦しめ	-11.674428
モンド	-11.674431
句	-11.674541
▁食い	-11.674674
非難	-11.674792
▁汚	-11.674839
テクノロジー	-11.674973
一般	-11.675110
ケット	-11.675214
▁整	-11.675217
▁パターン	-11.675232
▁選挙	-11.675327
▁撮影	-11.675389
▁見張り	-11.675426
▁ヴァ	-11.675564
▁アラビア	-11.675895
ボート	-11.676200
グル	-11.676284
副	-11.676410
▁祝う	-11.676726
惨め	-11.676938
▁1983	-11.676990
▁アア	-11.677175
プラ	-11.677444
高さ	-11.677514
▁文献	-11.677961
▁到達	-11.678055
後悔	-11.678246
▁合わせる	-11.678271
▁廉直	-11.678274
▁祈願	-11.678340
▁軌道	-11.678603
▁憎	-11.678819
▁打ち明け	-11.678955
数え	-11.679007
▁あらし	-11.679260
出せる	-11.679281
恵	-11.680149
▁クラブ	-11.680175
比	-11.680533
▁猛	-11.680721
▁商人	-11.681162
迷う	-11.681179
▁34)	-11.681689
チェ	-11.682012
▁35)	-11.682031
閉め	-11.682100
キャ	-11.682323
苦し	-11.682384
流れる	-11.683397
ハウス	-11.683540
▁オリバ	-11.683568
観測	-11.683588
吸	-11.683657
かす	-11.684115
▁徳	-11.684354
いずれ	-11.684522
観察	-11.684564
as	-11.684884
▁正す	-11.684916
駄目	-11.685025
▁課題	-11.685040
▁He	-11.685138
▁要点	-11.685392
▁ラビ	-11.685656
▁集	-11.686090
ごめん	-11.686189
▁満	-11.686203
軌道	-11.686421
▁ひざ	-11.686511
サル	-11.686588
年齢	-11.686596
▁ホセア	-11.686800
ふう	-11.687015
▁軽い	-11.687031
ざ	-11.687074
ナイフ	-11.687429
どうも	-11.687591
屈	-11.687620
sh	-11.687694
▁気付	-11.687699
ッキー	-11.687756
支払い	-11.687811
脅威	-11.687837
植物	-11.687973
▁覆う	-11.688126
奥さん	-11.688143
パイ	-11.688169
▁覚	-11.688247
▁山脈	-11.689027
折	-11.689090
購入	-11.689290
千万	-11.689447
ント	-11.689480
▁へりくだ	-11.689558
▁1991	-11.689648
0)	-11.689719
出席	-11.690247
捧げ	-11.690443
広げ	-11.690641
組み合わせ	-11.690804
企	-11.690814
▁キャリー	-11.690950
▁嫌悪	-11.690999
パーティ	-11.690999
すばらしい	-11.691047
思考	-11.691206
慈悲深い	-11.691230
▁正し	-11.691640
っきり	-11.691750
ドラ	-11.691810
▁手引き	-11.691894
▁推測	-11.691981
修理	-11.692204
▁ケイ	-11.692219
▁キス	-11.692225
ラリ	-11.692245
▁思い出す	-11.692441
▁正教会	-11.692513
くちゃ	-11.692733
▁修道院	-11.693192
▁ケース	-11.693342
▁参考	-11.693489
掃除	-11.693605
スタン	-11.694227
▁気温	-11.694457
ッカー	-11.694619
▁an	-11.694891
▁十字架	-11.694912
見よ	-11.694914
▁応	-11.695145
▁トリ	-11.695210
▁姿勢	-11.695295
▁生え	-11.695319
▁バアル	-11.695340
▁頭痛	-11.695395
▁文脈	-11.695666
▁悟り	-11.695748
▁重さ	-11.695789
あんな	-11.695983
▁総督	-11.696069
どうし	-11.696264
▁据え	-11.696754
▁陥る	-11.696858
▁増す	-11.696865
キング	-11.697130
▁告発	-11.697195
抜く	-11.697309
▁関節	-11.697372
フォ	-11.697478
ずる	-11.697726
湖	-11.697957
評	-11.697979
▁様	-11.698313
▁閉じ	-11.698348
▁ギリシ	-11.698485
分割	-11.698564
▁明示	-11.698570
man	-11.699287
pos	-11.699454
▁増える	-11.699535
▁ヘロデ	-11.699563
多分	-11.699705
▁ベルリン	-11.700045
リック	-11.700109
独	-11.700425
パリ	-11.700527
▁生態	-11.700602
描き	-11.700660
▁設ける	-11.700754
ビット	-11.700762
▁お告げ	-11.700793
▁信徒	-11.701021
▁止ま	-11.701021
▁容認	-11.701039
▁教義	-11.701080
▁祖父	-11.701661
ワーク	-11.701843
35	-11.701948
▁会堂	-11.702474
▁出会い	-11.702577
▁信ずる	-11.702609
荷物	-11.702651
解く	-11.702667
ボン	-11.702687
行方	-11.702771
j	-11.703170
▁やぎ	-11.703229
unit	-11.703254
ルド	-11.703300
▁書類	-11.703376
網	-11.703743
ie	-11.703832
▁all	-11.703989
▁製作	-11.704228
▁故郷	-11.704252
そのもの	-11.704269
▁確かめる	-11.704271
▁香り	-11.704634
勝つ	-11.704673
ぼく	-11.704717
▁座り	-11.705013
▁正しさ	-11.705162
▁フィンランド	-11.705194
▁ナオミ	-11.705302
▁海老名	-11.705302
▁中傷	-11.705454
▁分かれ	-11.706061
▁浮	-11.706335
▁培	-11.706394
ゆく	-11.706620
コントロール	-11.706738
刺	-11.706823
閉	-11.706967
保持	-11.707171
針	-11.707252
ms	-11.707284
汝	-11.707450
戒	-11.707983
la	-11.708016
モー	-11.708076
ネズミ	-11.708167
▁単語	-11.708257
▁画	-11.708259
上昇	-11.708323
▁再建	-11.708387
くなり	-11.709153
950	-11.709208
▁14;	-11.709225
▁成し	-11.709558
▁悲	-11.709858
▁大衆	-11.709921
食い	-11.709971
国語	-11.710019
▁お気	-11.710260
▁飾り	-11.710458
▁マシン	-11.710510
麻薬	-11.711125
いえ	-11.711199
途	-11.711575
ight	-11.711593
▁抜け	-11.711747
チップ	-11.712152
ロンドン	-11.712301
▁価	-11.712539
最善	-11.712627
サンプル	-11.712651
3%	-11.712765
▁えさ	-11.712948
ant	-11.713121
ソー	-11.713325
▁善意	-11.713905
▁なぞらえ	-11.713997
挿入	-11.714059
高校	-11.714149
アパート	-11.714161
▁エリック	-11.714433
▁垂訓	-11.715447
クリスマス	-11.715544
▁一歩	-11.716120
等しく	-11.716130
▁アンタ	-11.716165
心な	-11.716450
▁恐る	-11.716808
▁満ちる	-11.716858
▁パートナー	-11.717079
▁遅い	-11.717315
扱	-11.717354
ロイド	-11.717381
食料	-11.717402
▁洗濯	-11.717709
現れる	-11.717900
▁黄金	-11.717977
▁倣い	-11.718389
誠	-11.718410
谷	-11.718548
ドゥ	-11.718604
▁天幕	-11.718718
含	-11.718947
▁インフレ	-11.718951
何者	-11.719023
間違え	-11.719461
▁張	-11.719622
▁屈し	-11.719827
あらかじめ	-11.719829
▁制定	-11.719916
中央	-11.720000
▁けど	-11.720160
増	-11.720395
呼びかけ	-11.720471
▁設置	-11.720910
▁探検	-11.721189
張	-11.721198
我が	-11.721497
解釈	-11.721533
▁帰宅	-11.721557
,500	-11.721572
言わせ	-11.721642
書類	-11.721910
滅	-11.722376
▁即	-11.722407
五	-11.722751
スーパー	-11.722965
選挙	-11.723001
ランダム	-11.723040
解明	-11.723617
雇	-11.723750
直面	-11.723775
いな	-11.723800
▁任せ	-11.723905
落ちる	-11.723972
▁エノク	-11.724225
▁1986	-11.724308
▁使命	-11.724334
不正	-11.725524
▁クマ	-11.725554
サイ	-11.725719
▁分離	-11.726050
▁同市	-11.726120
▁決まり	-11.726455
切り替え	-11.726518
▁有する	-11.726983
▁アルゼンチン	-11.727006
ヵ	-11.727169
やが	-11.727201
▁1978	-11.727281
徹	-11.727429
を用意	-11.727616
▁侮辱	-11.727916
▁裸	-11.728346
▁懇願	-11.728653
▁合意	-11.728870
読み込	-11.728909
▁友だち	-11.728917
依存	-11.728927
訪問	-11.728928
挑戦	-11.728938
違反	-11.729061
スティ	-11.729211
▁いろんな	-11.729288
▁帰還	-11.729317
▁布告	-11.729424
振	-11.730041
,16	-11.730057
▁金持ち	-11.730058
▁警部	-11.730099
▁専念	-11.730327
▁雇用	-11.730484
望ま	-11.730588
▁銀河	-11.730769
▁電力	-11.730805
▁気質	-11.730986
▁収める	-11.731195
▁1979	-11.731682
▁故	-11.732007
▁摂取	-11.732011
ton	-11.732134
▁率先	-11.732299
スコ	-11.732377
▁ふれ告げる	-11.732574
コス	-11.732575
▁おかしい	-11.732695
張り	-11.732729
▁我慢	-11.732735
まい	-11.732748
▁宿題	-11.732842
▁8,000	-11.732847
死者	-11.732982
触	-11.733335
▁聞け	-11.733509
ストン	-11.733815
▁ゴミ	-11.733982
つれ	-11.734049
平方	-11.734101
▁使者	-11.734756
▁和解	-11.734923
棚	-11.734934
マイナス	-11.734941
制度	-11.735396
やすく	-11.735666
▁発言	-11.735724
▁削除	-11.735814
遠い	-11.735985
ぷり	-11.736126
グリ	-11.736258
灯	-11.736399
▁実施	-11.736501
▁欲し	-11.736644
いいえ	-11.736651
mount	-11.736672
▁ダイヤモンド	-11.736808
空中	-11.737067
ex	-11.737499
▁欠	-11.737673
▁ドライバー	-11.737783
餌	-11.737952
舌	-11.737954
賛成	-11.738015
決断	-11.738031
過程	-11.738046
有意義	-11.738084
▁ほめ	-11.738127
▁印	-11.738602
▁恋愛	-11.738637
▁謎	-11.738640
レク	-11.738995
幹	-11.739467
血液	-11.739520
▁ライト	-11.739570
▁銅	-11.739913
▁水分	-11.740115
▁シカゴ	-11.740257
▁ポスト	-11.740400
栄光	-11.741009
薄	-11.741108
中止	-11.741224
メイン	-11.741461
ine	-11.741527
▁じ	-11.741796
▁圧制	-11.741893
▁みずから	-11.742022
32	-11.742080
▁築き上げ	-11.742567
▁朝食	-11.742611
もたらす	-11.742689
軍隊	-11.742719
プリ	-11.742752
礼	-11.742854
▁深	-11.742971
地下	-11.743027
▁プラスチック	-11.743614
パーセント	-11.744064
▁占い	-11.744743
▁取	-11.744828
▁指す	-11.744998
▁エリシャ	-11.745036
種々	-11.745051
▁見かけ	-11.745064
▁除去	-11.745385
ord	-11.745557
ncil	-11.745596
可愛	-11.745642
▁圧迫	-11.745852
▁賛成	-11.746110
▁US	-11.746298
▁領	-11.746346
▁育ち	-11.746432
奨励	-11.746522
ざる	-11.746838
診	-11.746965
▁いただける	-11.747183
知恵	-11.747315
▁110	-11.747350
▁笑	-11.747365
迅	-11.748016
▁大使	-11.748093
ch	-11.748116
▁ヴィ	-11.748139
▁唇	-11.748248
気付か	-11.748296
▁CD	-11.748350
▁いくらか	-11.748398
▁沈黙	-11.748648
▁ソドム	-11.749225
それとも	-11.749437
▁レクリエーション	-11.749524
▁不良	-11.749559
物事	-11.750048
ノン	-11.750054
▁著しい	-11.750222
仕方	-11.750386
驚き	-11.750452
タブ	-11.750505
オス	-11.750690
▁50%	-11.750814
藤	-11.751030
▁取り付け	-11.751036
去ら	-11.751147
なさ	-11.751404
▁差	-11.751735
いかが	-11.751894
▁滅ぼし	-11.752387
▁衰え	-11.752441
▁優秀	-11.752663
泉	-11.753214
br	-11.753264
▁離	-11.753390
▁服する	-11.753447
HT	-11.753728
▁更に	-11.754205
▁継続	-11.754419
75	-11.754454
▁履	-11.754500
▁プレゼント	-11.754566
▁条約	-11.754601
▁成分	-11.754627
しゃ	-11.754688
up	-11.754755
▁滅びる	-11.754946
▁神秘	-11.754979
まった	-11.755002
▁支払う	-11.755019
,13	-11.755164
遅い	-11.755185
▁取り戻	-11.756387
em	-11.756482
▁ウォール	-11.756774
クティブ	-11.756845
幽	-11.757070
裏切	-11.757075
do	-11.757552
▁まか	-11.757681
強盗	-11.757850
イス	-11.758122
フェル	-11.758154
訪れ	-11.758341
egion	-11.758384
すま	-11.758481
▁見いだせる	-11.758508
毎	-11.758585
紳士	-11.758608
▁競走	-11.758621
飛び	-11.758861
注	-11.758925
注文	-11.759077
立てる	-11.759219
保険	-11.759350
ニュー	-11.759477
▁サンゴ	-11.760179
訴	-11.760264
▁排	-11.760279
▁脱出	-11.760739
達成	-11.760771
▁ホー	-11.761502
▁火事	-11.761551
scription	-11.761687
▁グレ	-11.761930
効	-11.762093
贈り物	-11.762440
闘	-11.762485
結局	-11.762486
描く	-11.762793
▁伏せ	-11.762809
▁獲物	-11.762944
番組	-11.763113
▁標的	-11.763136
▁称号	-11.763183
▁仕組み	-11.763235
▁推論	-11.763241
▁疲労	-11.763394
営	-11.763494
▁1997	-11.763499
がいない	-11.763766
▁不明	-11.764076
▁腎臓	-11.764137
進歩	-11.764184
▁確率	-11.764258
▁作り出す	-11.764532
もしくは	-11.764542
スリム	-11.764723
復	-11.764990
▁録音	-11.765105
▁北極	-11.765107
▁著し	-11.765246
▁直前	-11.765527
戦闘	-11.765626
▁終える	-11.766068
▁ヒゼキヤ	-11.766242
world	-11.766272
▁\	-11.766935
▁重視	-11.767247
るための	-11.767359
▁It	-11.767421
性格	-11.767490
▁ケニア	-11.768007
▁オブ	-11.768224
直す	-11.768647
歓迎	-11.768654
改善	-11.768668
律法	-11.768709
設け	-11.768721
に合	-11.769042
▁発し	-11.769120
差し置	-11.769342
▁あたかも	-11.769460
▁用語	-11.769539
ヤン	-11.769924
▁観客	-11.770126
ボー	-11.770160
▁32)	-11.770240
パワー	-11.770242
善悪	-11.770491
登	-11.770507
▁職人	-11.770520
▁歓喜	-11.770959
インターネット	-11.770977
ショット	-11.771029
情報は	-11.771227
▁積ん	-11.771476
▁持ち主	-11.771507
▁拍	-11.771704
ッター	-11.771778
塩	-11.771783
▁ヘビ	-11.771891
▁アーサー	-11.772225
▁思い起こす	-11.772320
アウ	-11.772697
▁刈り取る	-11.772790
確かめ	-11.773003
▁映像	-11.773102
禁	-11.773132
▁家系	-11.773168
▁広がり	-11.773179
ひどく	-11.773325
▁池	-11.773450
ィ	-11.773875
究極	-11.773938
短い	-11.774112
カイ	-11.774158
▁粒子	-11.774331
▁上司	-11.774551
▁子宮	-11.774909
▁シオン	-11.774922
▁可	-11.775139
ご存	-11.775266
▁se	-11.775672
▁保障	-11.776029
枝	-11.776414
傾向	-11.776488
▁つながる	-11.776587
結合	-11.776634
▁踊り	-11.776650
▁繰り返す	-11.777121
ビール	-11.777130
▁ようこそ	-11.777821
デス	-11.777838
▁台所	-11.777869
同僚	-11.778098
▁カレン	-11.778174
守れ	-11.778224
▁マイ	-11.778295
▁中庭	-11.778413
▁投票	-11.778702
▁目覚め	-11.779000
▁輝かしい	-11.779059
▁婚約	-11.779125
▁炉	-11.779399
▁青い	-11.779467
▁待た	-11.779595
しばらく	-11.779629
ダウンロード	-11.779653
はじめ	-11.779733
追放	-11.779882
▁欽定	-11.780120
▁容器	-11.780173
攻	-11.780183
▁ルイス	-11.780668
▁as	-11.781112
▁モスクワ	-11.781217
▁病人	-11.781343
▁入力	-11.781399
▁ベトナム	-11.781422
put	-11.781872
▁長官	-11.782966
▁レオ	-11.783076
▁市内	-11.783229
ギー	-11.783240
イヤ	-11.783288
21	-11.783359
▁鉛	-11.783385
ぶっ	-11.783603
▁届	-11.783626
▁こたえ	-11.784066
キシ	-11.784199
ヴィ	-11.784265
公平	-11.784416
棄	-11.784451
▁うわ	-11.784882
本質	-11.784886
▁ぬぐ	-11.785051
▁1984	-11.785075
響	-11.785251
域	-11.785278
担	-11.785591
ike	-11.785642
▁安らぎ	-11.785893
塔	-11.785949
が可能	-11.786047
▁1995	-11.786398
来たら	-11.786538
▁ミサ	-11.786814
▁謝	-11.786902
one	-11.787043
▁ター	-11.787239
▁ホワイト	-11.787357
▁憂慮	-11.787437
▁平等	-11.787753
▁消し	-11.787966
color	-11.788054
▁腺	-11.788563
技	-11.788667
せろ	-11.788939
衝突	-11.789128
誠実	-11.789213
取り組	-11.789362
▁著	-11.789473
フル	-11.789591
▁1982	-11.789592
▁いったん	-11.789686
▁読み書き	-11.789753
易	-11.789840
練	-11.790091
可	-11.790314
冊	-11.790721
▁出現	-11.791254
ルズ	-11.791409
▁覆い	-11.791662
接触	-11.791877
▁タバコ	-11.791978
▁在	-11.792118
ヴォ	-11.792192
至上	-11.792224
姉妹	-11.792325
あそこ	-11.792411
▁真珠	-11.792446
▁抗	-11.792464
益	-11.792471
回る	-11.792570
be	-11.792781
▁1988	-11.792796
迷い	-11.792829
表面	-11.792830
▁夢中	-11.793160
ニス	-11.793241
スラム	-11.793815
▁集まる	-11.793920
欠	-11.794191
▁チーズ	-11.794365
▁行方	-11.794542
▁大西洋	-11.794678
▁独り子	-11.794905
▁生き延び	-11.794924
代表	-11.795267
ふり	-11.795319
パートナー	-11.795534
ほぼ	-11.795538
即座	-11.795883
近づく	-11.796035
▁事例	-11.796218
▁(1)	-11.796224
お話	-11.796234
▁携わり	-11.796862
▁もつ	-11.796926
▁終わらせる	-11.797060
om	-11.797191
▁ニュージーランド	-11.797269
▁鼓舞	-11.797373
▁祖父母	-11.797585
一時	-11.797757
▁弱く	-11.797850
km	-11.797938
▁輝き	-11.798090
▁実り	-11.798581
秘	-11.798583
寒	-11.798863
経路	-11.799013
▁族長	-11.799193
▁そそ	-11.799288
苦しみ	-11.799339
▁理知	-11.799348
▁ども	-11.799569
▁劇場	-11.799605
▁娼婦	-11.799804
略	-11.799819
▁動脈	-11.799835
委員会	-11.799961
▁女神	-11.800159
飯	-11.800307
虚し	-11.800340
ドライブ	-11.800448
クション	-11.800797
▁サッカー	-11.801037
▁6,7)	-11.801553
墓	-11.801687
▁受け取る	-11.801883
わずか	-11.801975
▁王座	-11.801988
やめろ	-11.801999
ぺ	-11.802080
話せる	-11.802114
▁ことごとく	-11.802138
コイン	-11.802364
人気	-11.802366
▁トーマ	-11.802645
わり	-11.802760
ALS	-11.802817
▁清さ	-11.803035
▁ぴったり	-11.803049
滅ぼ	-11.803214
▁スミス	-11.803220
噂	-11.803546
勿	-11.803717
▁果て	-11.803782
▁巻き物	-11.803951
費用	-11.804002
封	-11.804770
泣	-11.804786
▁クレア	-11.804923
▁やれ	-11.804996
或	-11.805163
▁切っ	-11.805222
ピン	-11.805359
フレンド	-11.805369
れん	-11.805593
▁縦	-11.805655
▁オレンジ	-11.805684
▁逃亡	-11.805740
▁バプテスト	-11.806212
▁地中海	-11.806282
▁劣	-11.806341
ue	-11.806479
labe	-11.806576
こういう	-11.806602
巣	-11.806742
筆	-11.806753
優秀	-11.806786
投票	-11.806790
返事	-11.807035
渡せ	-11.807104
▁HIV	-11.807344
,15	-11.807496
▁精力	-11.807878
スーツ	-11.807927
照	-11.807997
▁マイナス	-11.808111
▁恋	-11.808210
▁クレ	-11.808214
スピード	-11.808412
▁丁目	-11.808781
だら	-11.809190
▁出かける	-11.809264
▁是非	-11.809649
▁放出	-11.809747
口座	-11.809843
災厄	-11.810028
刺激	-11.810058
▁ロイ	-11.810061
▁もうけ	-11.810076
家畜	-11.810110
特定の	-11.810320
▁駄目	-11.810505
▁行事	-11.810546
ld	-11.811006
▁リサ	-11.811078
▁余儀	-11.811389
チョ	-11.811456
多量	-11.811624
』"	-11.811914
▁敏感	-11.812070
気味	-11.812160
▁止まれ	-11.812191
▁繰り返	-11.812500
▁イカ	-11.812671
▁就く	-11.812745
▁フロリダ	-11.812825
コート	-11.813110
班	-11.813272
▁荒	-11.813285
抵抗	-11.813285
産業	-11.813322
焼き	-11.813673
無限	-11.813681
恥	-11.814385
▁ライ	-11.814438
▁ヒント	-11.814467
▁岸	-11.814966
▁強大	-11.815184
▁あえて	-11.815188
▁オフィス	-11.815310
▁フロ	-11.815445
▁結末	-11.815903
ディング	-11.815906
呼べ	-11.815958
▁弱点	-11.816092
▁199	-11.816440
▁見地	-11.816635
崩壊	-11.816657
スカ	-11.816763
▁合い	-11.817392
以下	-11.817517
シーン	-11.818089
▁慢	-11.818104
登録	-11.818189
▁モー	-11.818688
ライアント	-11.818746
▁過ぎ去っ	-11.818804
▁243	-11.818892
眠り	-11.818974
▁良	-11.819066
▁HT	-11.819160
あまりに	-11.819273
プレイ	-11.819276
財	-11.819390
▁奪う	-11.819537
▁コール	-11.819634
▁売る	-11.819646
que	-11.819828
▁シナイ	-11.819860
▁1969	-11.819865
▁教科	-11.819943
file	-11.820172
▁数千	-11.820257
oul	-11.820413
▁天候	-11.820580
サラ	-11.820921
▁趣味	-11.821304
イギリス	-11.821466
捜索	-11.821467
猿	-11.821467
陸	-11.821583
基地	-11.821847
▁夕方	-11.821873
捕ま	-11.821873
▁聴き	-11.821888
ヒル	-11.822233
▁生ける	-11.822387
▁壊れ	-11.822393
将	-11.822718
▁エリ	-11.822918
推	-11.822921
▁騒音	-11.822958
訊	-11.822995
▁取り引き	-11.822996
▁事項	-11.823101
ドリ	-11.823119
23	-11.823278
▁ダニー	-11.823418
▁行進	-11.823634
▁獄	-11.823707
▁10%	-11.823725
知り合い	-11.823870
捉え	-11.823904
▁脅	-11.823991
尽	-11.824100
過ごす	-11.824466
▁メンバー	-11.824469
フィー	-11.824540
▁向き	-11.824571
ステータス	-11.824618
▁暗闇	-11.824754
▁必	-11.825147
寝る	-11.825268
レート	-11.825498
▁エディ	-11.825652
赤い	-11.825658
大量	-11.825877
▁見学	-11.825897
ペソ	-11.826073
▁救助	-11.826136
▁らしい	-11.826278
▁交際	-11.826319
せられる	-11.826446
バレ	-11.826850
記念	-11.826902
▁生殖	-11.827017
▁鎖	-11.827044
▁把握	-11.827184
シート	-11.827199
▁ミルク	-11.827501
しるし	-11.827909
頑張	-11.828025
▁44)	-11.828463
のご	-11.828760
▁わき	-11.829360
▁略奪	-11.829378
▁要請	-11.829675
▁水準	-11.829709
成果	-11.829942
限定	-11.829992
▁賃金	-11.830044
▁復	-11.830248
▁器具	-11.830254
▁修	-11.830276
▁菌	-11.830338
▁結びつけ	-11.830341
▁速い	-11.830763
▁老化	-11.830777
▁作り出し	-11.830869
um	-11.830886
ローカル	-11.830889
飾	-11.830959
稿	-11.831090
6%	-11.831260
スポーツ	-11.831384
法則	-11.831446
並べ	-11.831469
▁ありえ	-11.831611
る必要がある	-11.831685
▁ペルー	-11.831755
▁http	-11.831845
招	-11.831865
▁消防	-11.831880
クラ	-11.831920
▁取り戻す	-11.832281
mb	-11.832331
▁リック	-11.832670
トーク	-11.832770
凶	-11.832976
将軍	-11.833082
▁知性	-11.833098
戦略	-11.833126
▁推	-11.833459
▁上記	-11.833558
▁埋め	-11.833561
▁ブリタニカ	-11.833630
ーズ	-11.833697
な情報	-11.833724
▁物体	-11.833823
▁殴	-11.834139
thing	-11.834249
▁傷つける	-11.834552
▁におい	-11.834616
宿題	-11.834717
戻ら	-11.834791
シャン	-11.834986
▁悟	-11.835022
先進	-11.835414
▁寒い	-11.835619
▁広がる	-11.835835
ミング	-11.835972
▁幕屋	-11.836081
▁どうやら	-11.836187
すなわち	-11.836370
▁連続	-11.836649
▁ルーシー	-11.836655
▁処方	-11.836677
ベイ	-11.837021
▁折	-11.837099
▁サイン	-11.837158
▁防止	-11.837292
▁むなしい	-11.837399
▁署	-11.837672
,19	-11.837831
おいで	-11.837933
▁肌	-11.837951
▁教区	-11.837960
離婚	-11.838065
もたらし	-11.838169
ポー	-11.838211
サイド	-11.838273
▁天体	-11.838431
▁露	-11.838445
▁閉鎖	-11.838947
▁250	-11.839337
テープ	-11.839441
▁ブリ	-11.839602
勇敢	-11.839712
尊敬	-11.839722
▁アリス	-11.839827
▁ロサンゼルス	-11.839869
雷	-11.840282
type	-11.840312
▁Comm	-11.840463
誘	-11.840586
カップ	-11.840589
住人	-11.840632
▁妨害	-11.840668
▁眺め	-11.840669
ear	-11.840774
仕える	-11.840826
▁獲得	-11.840934
豆	-11.840950
ンポート	-11.840961
進み	-11.841266
mo	-11.841283
諦	-11.841380
▁1918	-11.841394
▁教室	-11.841453
▁国語	-11.841530
che	-11.841722
エンド	-11.842180
ケール	-11.842276
▁承	-11.842361
逸	-11.842499
▁現状	-11.842675
▁1981	-11.842768
カス	-11.842900
老人	-11.842904
▁打つ	-11.843071
飛ぶ	-11.843298
reg	-11.843676
▁生き残り	-11.843861
▁ナザレ	-11.844028
▁手伝い	-11.844744
限界	-11.844893
▁14,15)	-11.845012
▁700	-11.845304
▁ガイド	-11.845369
▁強ま	-11.845389
▁出会	-11.845455
▁綿	-11.845519
▁硬貨	-11.845760
▁何時	-11.846087
倒れ	-11.846158
ガイ	-11.846269
▁対抗	-11.846642
たがって	-11.846699
なす	-11.846854
▁ヨナタン	-11.847672
▁遂げる	-11.847695
▁酷	-11.847704
▁引き合	-11.847876
▁145	-11.847878
▁頂	-11.847914
退屈	-11.848132
▁マラリア	-11.848388
揚	-11.848462
▁投げ込	-11.848491
▁計	-11.848812
▁切れ	-11.848878
▁ha	-11.849001
▁乱	-11.849262
リオン	-11.849566
告	-11.849769
経営	-11.849817
嘲笑	-11.849830
▁治	-11.849851
独立	-11.849869
食物	-11.850012
当時	-11.850262
▁着陸	-11.850326
ort	-11.850337
▁ひな	-11.851184
▁黙示録	-11.851368
赤ん坊	-11.851490
視点	-11.851599
慎重に	-11.851614
▁匹敵	-11.851686
小屋	-11.851737
▁1,500	-11.851928
ーツ	-11.852473
▁コメント	-11.852480
脱出	-11.852783
ギャ	-11.852962
▁失意	-11.853021
凄	-11.853186
▁火災	-11.853302
▁流れる	-11.853333
シティ	-11.853353
▁密	-11.853393
▁推進	-11.853423
ッタ	-11.853735
▁死因	-11.853933
玄	-11.854203
▁痛い	-11.854385
▁脅か	-11.854430
機嫌	-11.854750
セッション	-11.854892
▁損	-11.854918
▁ハンク	-11.855053
▁そうして	-11.855679
▁まく	-11.856225
▁撃つ	-11.856388
▁探	-11.856531
権力	-11.856564
▁(1	-11.856586
強制	-11.856623
▁井戸	-11.856726
▁広場	-11.856868
以下の	-11.856886
▁耐え忍ぶ	-11.856937
んよ	-11.857102
括	-11.857311
ホン	-11.857334
▁1994	-11.857358
▁公衆	-11.857571
▁貞潔	-11.857652
▁20%	-11.857656
迷わせ	-11.857672
き去る	-11.857873
▁道筋	-11.857981
▁矢	-11.858267
責め	-11.858297
優しい	-11.858344
▁順応	-11.858378
▁ハッ	-11.858439
▁熟考	-11.858631
あい	-11.858830
▁農家	-11.858882
▁パトリック	-11.859029
不幸	-11.859079
えず	-11.859500
▁下が	-11.859726
07	-11.859775
改	-11.859887
メキシコ	-11.859999
2%	-11.860102
▁83	-11.860112
▁視覚	-11.860241
▁あた	-11.860395
▁至り	-11.860846
▁ベルギー	-11.861031
詩編	-11.861066
▁付ける	-11.861163
寄せ	-11.861280
▁読め	-11.861361
マッカ	-11.861479
ブス	-11.861706
▁いやいや	-11.861941
▁水面	-11.862012
▁or	-11.862063
構	-11.862218
▁しかる	-11.862283
▁抑圧	-11.862420
▁十二	-11.862653
▁貯蔵	-11.862664
▁便利	-11.862672
▁モデル	-11.862809
▁住みか	-11.862961
▁浪費	-11.863135
▁産み	-11.863146
TP	-11.863243
▁数百	-11.863250
たまえ	-11.863404
把握	-11.863419
動かす	-11.863503
▁怪	-11.863542
生存	-11.863558
闇	-11.863690
捏造	-11.864395
▁玄関	-11.864453
▁目ざめ	-11.864608
▁文句	-11.864632
膜	-11.864947
プレ	-11.864951
効率	-11.865170
がかれ	-11.865241
フィート	-11.865341
ループ	-11.865482
▁海底	-11.865641
▁見守	-11.865726
▁賭博	-11.865896
プス	-11.865951
▁家具	-11.866083
▁甘い	-11.866428
上がる	-11.866504
さず	-11.866508
▁ピアノ	-11.866559
▁部隊	-11.866571
▁段	-11.866680
▁有難	-11.866790
▁セル	-11.867479
▁光線	-11.867619
▁反乱	-11.867714
▁スカイ	-11.867760
▁口論	-11.867895
our	-11.868106
▁ギャンブル	-11.868539
奇跡	-11.868619
登場	-11.868676
▁証	-11.868772
▁付近	-11.868800
イブ	-11.869106
ガラス	-11.869252
ジャン	-11.869284
▁メシヤ	-11.869476
致	-11.869508
▁保管	-11.869515
▁運河	-11.869525
▁入口	-11.869534
ザン	-11.869562
un	-11.870055
▁ボストン	-11.870113
▁触れる	-11.870197
▁養子	-11.870237
▁ベツレヘム	-11.870264
つら	-11.870318
破滅	-11.870323
貧しい	-11.870326
視覚	-11.870370
▁中止	-11.870634
▁グラム	-11.870766
▁発音	-11.870881
験	-11.870899
▁報酬	-11.871092
▁wh	-11.871125
▁バルナバ	-11.871177
▁マリ	-11.871674
脅	-11.871735
イカ	-11.871761
る前に	-11.871959
腰	-11.872019
オープン	-11.872043
ライブ	-11.872048
メニュー	-11.872701
思い出す	-11.872728
▁知能	-11.872894
▁静	-11.873064
▁仮に	-11.873090
並	-11.873171
▁素早く	-11.873355
▁1940	-11.873567
▁彫刻	-11.873623
92	-11.873653
▁渡り	-11.873764
▁ウェブ	-11.874002
▁艦	-11.874018
▁見せる	-11.874077
▁過剰	-11.874198
形成	-11.874299
▁眠れ	-11.874392
Scrip	-11.874586
エゴ	-11.874602
▁微生物	-11.875360
▁無い	-11.875629
集合	-11.875635
▁56	-11.875679
最小	-11.875685
▁具合	-11.875854
▁力強い	-11.875930
▁林	-11.876225
▁通る	-11.876533
▁放棄	-11.876620
▁いらいら	-11.876666
▁騒ぎ	-11.876702
▁国王	-11.876798
放し	-11.877182
ab	-11.877199
宣言	-11.877276
区別	-11.877320
▁アラブ	-11.877821
▁変革	-11.877887
時々	-11.878243
ate	-11.878358
▁代価	-11.878468
7%	-11.878535
▁財政	-11.878886
▁ポケット	-11.879193
able	-11.879336
▁厄介	-11.879406
散歩	-11.879428
天地	-11.879504
摂氏	-11.879551
▁結核	-11.879553
▁堕胎	-11.879724
戚	-11.879724
▁1977	-11.879869
▁損傷	-11.880280
沿	-11.880297
▁あふれる	-11.880380
4%	-11.880523
皿	-11.880696
仮説	-11.880724
災い	-11.880894
運ぶ	-11.881227
ウィル	-11.881451
▁ルール	-11.881493
ile	-11.881748
▁本能	-11.881790
▁束縛	-11.881913
見つかる	-11.882201
▁見つめ	-11.882277
ホー	-11.882382
論争	-11.882474
▁産物	-11.882589
汚れ	-11.882597
意図	-11.882674
マイク	-11.882691
自信	-11.882932
し続け	-11.883078
ロウ	-11.883438
▁疑う	-11.883549
▁かなう	-11.883578
,20	-11.883784
27	-11.883915
一般的な	-11.884153
5%	-11.884480
ゥ	-11.884612
▁ポー	-11.884772
▁年度	-11.884782
▁仕	-11.885191
下さ	-11.885700
ェ	-11.885767
▁親友	-11.885837
▁批評	-11.885839
▁何者	-11.885921
広い	-11.885962
▁同等	-11.886155
充	-11.886253
手法	-11.886272
▁アクセス	-11.886349
ーム	-11.886693
付与	-11.886782
▁明るく	-11.886865
▁代償	-11.887195
▁We	-11.887249
▁古く	-11.887261
記述	-11.887738
▁タイヤ	-11.888243
主人	-11.888266
▁あげる	-11.888350
滑	-11.888455
ウェ	-11.888620
割る	-11.888858
祭	-11.888954
▁砕	-11.889140
かわり	-11.889425
現金	-11.889586
▁校長	-11.889688
▁脅かす	-11.889998
ゴミ	-11.890105
沈	-11.890690
▁ふざけ	-11.890860
▁同盟	-11.890936
▁プレ	-11.891027
▁気象	-11.891136
▁放射線	-11.891161
▁蚊	-11.891258
空港	-11.891269
英雄	-11.891279
ウソ	-11.891361
▁中世	-11.891762
レイヤー	-11.892106
げた	-11.892162
▁着く	-11.892425
願う	-11.892503
,18	-11.892817
置け	-11.893465
▁エフェ	-11.893726
key	-11.894092
▁(3)	-11.894238
ルス	-11.894610
踏	-11.894628
▁和らげる	-11.894691
偶像	-11.894763
プレゼント	-11.894835
敏	-11.895040
▁ウル	-11.895208
▁コロ	-11.895399
隔	-11.895542
▁パイロット	-11.895617
時刻	-11.895700
▁調理	-11.895744
▁ふれ告げ	-11.895900
IL	-11.895963
形式	-11.896017
▁話せる	-11.896098
▁人数	-11.896214
▁グリーン	-11.896447
保障	-11.896563
資本	-11.896624
▁192	-11.896847
▁亡くなる	-11.896903
ia	-11.897283
▁プラ	-11.897666
相当	-11.897760
従え	-11.897847
▁香港	-11.897909
▁効率	-11.898048
▁追い	-11.898163
▁生み	-11.898201
分解	-11.898257
丘	-11.898271
▁ブルー	-11.898397
辞書	-11.898398
▁刃	-11.898542
需	-11.898713
快	-11.899124
▁誤用	-11.899195
んね	-11.899210
ピー	-11.899221
2,3	-11.899426
▁有毒	-11.899478
▁裏切り	-11.899596
▁課程	-11.899693
▁反射	-11.899780
▁駐車	-11.899931
エラ	-11.899942
▁可愛	-11.900002
詳しく	-11.900077
▁58	-11.900090
▁レコード	-11.900111
▁言い訳	-11.900144
▁言い方	-11.900321
とこし	-11.900372
提	-11.900401
log	-11.900690
走る	-11.900719
▁ブラ	-11.900849
▁チップ	-11.900899
かつて	-11.901346
すり	-11.901369
▁装	-11.901381
▁伸ばし	-11.901414
助	-11.901474
▁雨林	-11.901487
▁データベース	-11.901529
▁黄	-11.901883
28	-11.902257
見逃	-11.902605
ck	-11.902949
▁授け	-11.903252
▁もともと	-11.903417
▁首相	-11.903538
▁カータ	-11.903603
収穫	-11.903636
背景	-11.903745
いたり	-11.903895
▁誓約	-11.904130
認証	-11.904134
▁凝	-11.904612
▁予算	-11.904658
▁当惑	-11.904763
重い	-11.904763
一族	-11.904909
▁ミリ	-11.905065
夢中	-11.905354
交渉	-11.905427
▁住居	-11.905515
▁was	-11.905648
1)	-11.905707
▁審理	-11.905841
▁父祖	-11.905884
巻き	-11.906407
あいつ	-11.906582
▁すき	-11.906724
チャー	-11.906898
▁メリー	-11.906919
倒	-11.907104
▁ドー	-11.907289
ガル	-11.907386
べきで	-11.907475
▁いただ	-11.907657
▁灰	-11.907669
▁1987	-11.907676
▁5,6)	-11.907791
▁エリザベス	-11.908108
▁ブース	-11.908200
めた	-11.908454
香	-11.908503
▁ナチス	-11.908800
▁クモ	-11.908833
end	-11.908938
▁地下鉄	-11.909015
▁ソビエト	-11.909537
▁毎晩	-11.909840
▁勘	-11.909860
ブリ	-11.909929
▁留める	-11.909975
▁ギャング	-11.910005
賭け	-11.910110
マッチ	-11.910136
▁狙	-11.910201
▁モアブ	-11.911120
政策	-11.911163
かつ	-11.911472
▁農夫	-11.911548
int	-11.911618
▁休息	-11.911651
▁従事	-11.911876
▁火星	-11.912220
▁クリ	-11.912273
▁瞬間	-11.912297
▁夫人	-11.912311
▁数える	-11.912527
▁64	-11.912570
▁振る	-11.912631
▁ニサン	-11.912923
▁オハ	-11.913009
▁戦車	-11.913061
▁石炭	-11.913706
▁第一	-11.913733
バンド	-11.914038
▁イングランド	-11.914079
大金	-11.914233
物体	-11.914309
絶え	-11.914503
ダル	-11.914774
turn	-11.914784
置い	-11.914957
▁叫	-11.915019
修	-11.915048
テーション	-11.915127
開ける	-11.915583
▁チリ	-11.915721
▁停	-11.915817
ナス	-11.915995
▁残忍	-11.916169
助言	-11.916339
▁固	-11.916403
地区	-11.916705
▁fro	-11.916751
タス	-11.916770
デイ	-11.916884
▁クラ	-11.917201
▁売ら	-11.917347
▁除く	-11.917847
手配	-11.917929
名誉	-11.918014
離れる	-11.918379
▁当たり前	-11.918386
示した	-11.918395
▁ゴム	-11.918639
▁回避	-11.918800
ベルト	-11.918864
▁労	-11.918923
▁暗示	-11.918974
アドレス	-11.918997
由	-11.919215
▁滝	-11.919550
撃ち	-11.919690
モア	-11.919902
▁起因	-11.920038
▁アレ	-11.920105
▁固定	-11.920241
▁木材	-11.920423
▁フル	-11.920722
▁1999	-11.920969
▁風邪	-11.920991
▁相対	-11.921154
▁方式	-11.921334
▁虐げ	-11.921707
▁1939	-11.921922
▁ハンガリー	-11.922154
▁憎ま	-11.922459
▁分泌	-11.922536
▁いたずら	-11.922551
親友	-11.922585
▁抗生物質	-11.922628
▁全身	-11.922693
▁ニー	-11.922752
▁よろしい	-11.922831
▁ロス	-11.922969
クル	-11.923042
▁秘め	-11.923107
矢	-11.923146
▁移り	-11.923223
ick	-11.923323
▁ニネベ	-11.923591
▁マラウィ	-11.923609
box	-11.923911
すん	-11.923995
降らせ	-11.924143
▁豚	-11.924212
▁サンタ	-11.924233
住民	-11.925146
ソフト	-11.925261
取り出し	-11.925364
▁縁	-11.925407
密度	-11.925449
ごらん	-11.925453
▁暖かい	-11.925517
白い	-11.925687
レース	-11.925744
工	-11.925773
ol	-11.925790
48	-11.925831
▁サイズ	-11.926008
▁z	-11.926104
▁危う	-11.926239
業者	-11.926333
▁23,24	-11.926418
いること	-11.926520
▁申し訳	-11.926835
お客様	-11.926879
▁尋問	-11.926902
▁Q	-11.926939
▁ひき	-11.927002
最適	-11.927121
もはや	-11.927335
▁危害	-11.927349
▁うるさ	-11.927820
▁あり得る	-11.928087
▁リンダ	-11.928468
▁接	-11.928559
とく	-11.928793
▁やつら	-11.928819
▁たたえる	-11.928873
談	-11.928972
▁妨げる	-11.929025
▁守り行なう	-11.929047
▁最高潮	-11.929047
▁コカイン	-11.929119
の権利	-11.929171
▁認可	-11.929987
▁実感	-11.930079
▁ギデオン	-11.930167
ッサ	-11.930211
カレ	-11.930241
語る	-11.930492
売る	-11.930675
ph	-11.930715
集まり	-11.930763
▁手話	-11.930809
▁ヘクタール	-11.930823
▁遭い	-11.930839
▁応答	-11.930884
モス	-11.931053
▁踏み	-11.931145
ハーバード	-11.931516
▁枢機卿	-11.931522
▁金融	-11.931845
▁耕	-11.932113
受け入れる	-11.932195
▁お尋ね	-11.932347
切望	-11.932553
曲が	-11.932596
▁請願	-11.932600
以降	-11.932600
哀れ	-11.932606
il	-11.932685
見つめ	-11.932843
▁執	-11.933072
▁薬剤	-11.933099
▁律	-11.933159
▁止める	-11.933210
▁句	-11.933249
▁さっ	-11.933469
▁とんでもない	-11.933739
▁差し	-11.933763
▁先端	-11.933857
▁スティーブ	-11.934013
ティブ	-11.934056
▁ライフ	-11.934208
寧	-11.934414
取ら	-11.934422
基準	-11.934443
▁か所	-11.934608
残す	-11.934794
スキャン	-11.934829
歩き	-11.935076
▁隠す	-11.935330
▁いちじく	-11.935465
質量	-11.935657
▁楽しめる	-11.935770
下り	-11.936038
と同様に	-11.936047
▁なんじ	-11.936189
怖が	-11.936209
戴	-11.936225
便利	-11.936333
割れ	-11.936425
▁御国	-11.936544
▁トマス	-11.936550
▁ちがう	-11.936760
トリン	-11.936849
ナルド	-11.936902
▁固い	-11.936994
スペイン	-11.937019
▁舟	-11.937053
▁右側	-11.937211
ut	-11.937618
高級	-11.937818
▁細	-11.937842
顎	-11.938045
▁暴徒	-11.938059
緊急	-11.938132
光栄	-11.938143
▁重ね	-11.938447
▁嫌い	-11.938466
話題	-11.938529
▁野球	-11.938609
▁ジェシー	-11.938889
▁魔女	-11.939138
ro	-11.939178
▁36)	-11.939544
芸	-11.939644
▁ツール	-11.939834
▁授	-11.939877
▁滑	-11.939951
塊	-11.939963
競争	-11.939971
▁漁師	-11.939991
下が	-11.940043
マーン	-11.940309
▁エレ	-11.940495
▁参	-11.940638
▁103	-11.940857
祝い	-11.941022
▁悲嘆	-11.941093
▁演じ	-11.941277
▁未満	-11.941445
▁聖堂	-11.941481
たす	-11.941803
バランス	-11.941877
▁組み合わせ	-11.942120
あう	-11.942281
▁雇い主	-11.942417
ay	-11.942454
▁he	-11.942571
▁悪意	-11.942855
▁のど	-11.942857
正しか	-11.942893
▁ジーン	-11.942901
釈	-11.943137
▁ごう慢	-11.943519
民族	-11.943616
ニン	-11.943825
分裂	-11.943935
ごめんなさい	-11.943994
にくい	-11.944001
▁親子	-11.944194
▁裏づけ	-11.944237
日付	-11.944429
▁違犯	-11.944520
▁責め苦	-11.945149
▁いやす	-11.945158
港	-11.945354
▁受け継ぐ	-11.945601
ほんの	-11.945907
虚	-11.945922
▁知力	-11.946114
捕まえる	-11.946175
右手	-11.946220
▁保てる	-11.946238
▁持て	-11.946385
の高い	-11.946411
重大	-11.946929
供	-11.946999
▁プラス	-11.947010
▁激	-11.947063
アリス	-11.947130
そん	-11.947177
誤り	-11.947265
帝国	-11.947777
▁襲撃	-11.947896
がかり	-11.948292
▁直径	-11.948319
▁沿い	-11.948499
▁キャン	-11.948932
僅	-11.949021
インチ	-11.949158
華	-11.949236
▁一貫	-11.949308
▁シロ	-11.949347
住宅	-11.949407
▁コピー	-11.949484
▁足跡	-11.949714
▁選択した	-11.949834
▁地点	-11.949864
もっとも	-11.950078
▁捕虜	-11.950146
カラ	-11.950493
ヨン	-11.950729
大勢	-11.950846
▁危ない	-11.950900
▁デーリー	-11.950901
見方	-11.951023
縛	-11.951051
▁アブ	-11.951424
どり	-11.951694
▁さようなら	-11.951805
加える	-11.951878
に基づいて	-11.951939
頼み	-11.952256
敬	-11.952362
▁ともかく	-11.952415
夕	-11.952452
合わせる	-11.952793
シス	-11.952811
干	-11.952896
畑	-11.953004
測定	-11.953092
▁酔っ	-11.953168
▁盲人	-11.953231
追っ	-11.953548
▁食欲	-11.953653
▁サイエンス	-11.953676
▁up	-11.953919
ひと	-11.953933
▁勤め	-11.954301
笛	-11.954537
▁断食	-11.954757
▁ノルウェー	-11.954819
予約	-11.955062
シェル	-11.955165
▁スコット	-11.955410
▁str	-11.955535
▁リンク	-11.955568
我ら	-11.955576
▁凄	-11.955790
▁右手	-11.956217
▁取り組む	-11.956366
且	-11.956409
の問題は	-11.956514
ワー	-11.956516
▁一見	-11.956643
習慣	-11.956766
希	-11.956770
▁消滅	-11.956995
地点	-11.957055
▁代わる	-11.957258
▁ライアン	-11.957288
▁催	-11.957404
▁骨折	-11.957484
突き	-11.957542
ッカ	-11.957553
▁63	-11.957685
収入	-11.957904
▁伸び	-11.958041
▁切る	-11.958288
▁協議会	-11.958297
▁ガラ	-11.958336
平気	-11.958411
▁607	-11.958562
fun	-11.958577
▁遺跡	-11.958970
到達	-11.959077
▁付き合	-11.959144
▁積	-11.959251
分離	-11.959317
▁目指し	-11.959322
▁干ばつ	-11.959646
26	-11.959686
▁ただ中	-11.959856
▁乾杯	-11.959876
▁トミー	-11.959880
▁ラザフォード	-11.960124
▁裏切	-11.960761
▁修正	-11.960943
▁暴虐	-11.961179
▁たまたま	-11.961293
▁囲い	-11.961476
ブロ	-11.961599
恋人	-11.961872
答える	-11.961908
外れ	-11.961957
▁あなたたち	-11.962030
か月	-11.962242
▁わざわざ	-11.962339
屋根	-11.962567
王子	-11.962607
適切な	-11.963005
ディン	-11.963246
きたら	-11.963452
▁解説	-11.963601
丁	-11.963802
▁ヨエル	-11.963878
貧	-11.963920
スクリーン	-11.963934
ers	-11.963939
解読	-11.964024
▁確保	-11.964602
▁戻ら	-11.964616
恩	-11.965358
▁たつ	-11.965386
ip	-11.965515
ゲイ	-11.965908
▁国旗	-11.966045
▁ビリー	-11.966154
謎	-11.966208
監督	-11.966213
坊	-11.966242
帰れ	-11.966775
▁展開	-11.966825
▁作戦	-11.966848
▁託	-11.966858
▁政	-11.967007
▁担う	-11.967080
▁助か	-11.967141
暗	-11.967174
▁カイ	-11.967597
▁料金	-11.967694
エイリアン	-11.967801
▁元素	-11.967837
▁基地	-11.967881
取り戻	-11.968199
▁UR	-11.968392
グラス	-11.968463
建設	-11.968637
問う	-11.969364
蔑	-11.969470
孫	-11.969506
▁技師	-11.969578
▁代わ	-11.969735
▁地表	-11.969901
アイテム	-11.970000
資源	-11.970362
8%	-11.970460
▁軸	-11.970860
▁復帰	-11.971243
pi	-11.971416
▁災難	-11.971526
▁悪夢	-11.971538
▁運営	-11.971558
ies	-11.971605
酔	-11.971697
▁ビン	-11.971796
悠	-11.971915
レストラン	-11.971931
▁おのおの	-11.972019
▁見つかる	-11.972107
▁余裕	-11.972194
フォント	-11.972335
▁帽子	-11.972343
団体	-11.972369
▁漁	-11.972756
▁程	-11.972877
▁満た	-11.973027
▁免	-11.973087
弧	-11.973232
▁復興	-11.973320
IN	-11.973410
▁一家	-11.973855
▁ウェブサイト	-11.974398
▁発掘	-11.974404
▁ダーウィン	-11.974422
▁ネコ	-11.974676
▁届け	-11.974717
人形	-11.975222
▁目立	-11.975330
正体	-11.975443
▁勝ち	-11.975544
▁間近	-11.975671
▁重力	-11.975689
▁規制	-11.975762
教訓	-11.975764
伏せ	-11.975772
釈放	-11.976022
▁集合	-11.976106
全員が	-11.976524
▁豆	-11.976601
鬼	-11.976648
輩	-11.977011
塗	-11.977139
落ち着	-11.977155
っぱ	-11.977241
▁全巻	-11.977269
▁城	-11.977360
▁まずい	-11.977558
▁勝つ	-11.977594
▁辞書	-11.977606
嵐	-11.977673
奉仕	-11.977698
▁メイン	-11.977702
▁褒め	-11.977928
ストラ	-11.977958
建築	-11.978024
▁くつろ	-11.978252
▁取り組	-11.978327
▁断片	-11.978355
art	-11.978471
ジム	-11.978539
エディ	-11.978750
▁at	-11.978796
▁畜	-11.978811
那	-11.978904
▁0.	-11.978967
一団	-11.979112
▁雑草	-11.979352
社会的	-11.979409
劣	-11.979413
▁昼食	-11.979468
雑	-11.979486
ity	-11.979633
ゴリ	-11.979679
▁暴動	-11.979709
▁なんぢ	-11.979765
▁着る	-11.980322
ハラ	-11.980450
レッド	-11.980501
コーディング	-11.980843
フォーマ	-11.980855
否	-11.981464
蛇	-11.981549
製造	-11.981580
トイレ	-11.981606
暗い	-11.981969
翼	-11.982005
例えば	-11.982045
▁相変わらず	-11.982051
▁カラ	-11.982222
▁赤子	-11.982273
押す	-11.982319
▁手がかり	-11.982347
▁めぐ	-11.982415
new	-11.982599
▁兵役	-11.982787
ak	-11.982792
住み	-11.983094
▁逃げろ	-11.983218
としての	-11.983376
監	-11.983398
汚染	-11.983457
▁切断	-11.983783
▁生まれつき	-11.984045
▁導入	-11.984193
▁戦士	-11.984704
英国	-11.984717
▁com	-11.984737
けた	-11.984776
▁カラー	-11.984995
▁腫瘍	-11.985041
▁郊外	-11.985378
休暇	-11.985400
多数	-11.985580
メイ	-11.986133
▁立ち上が	-11.986173
▁突如	-11.986518
御名	-11.986758
タスク	-11.987065
向い	-11.987350
▁ワシ	-11.987393
▁さよなら	-11.987634
▁巻き	-11.987743
ピュ	-11.988069
▁樹	-11.988146
▁治世	-11.988523
▁ご寄付	-11.988533
▁輸入	-11.988891
▁スーザン	-11.988927
▁クーポ	-11.988938
メル	-11.989020
▁ゆけ	-11.989314
▁シモン	-11.989445
伏	-11.989568
単なる	-11.989580
▁めぐる	-11.989601
救え	-11.990034
につけ	-11.990244
お待ち	-11.990469
▁莫大	-11.990667
▁サメ	-11.990871
▁コル	-11.991040
▁o	-11.991168
黄色	-11.991232
機会を	-11.991414
マウス	-11.991423
魔女	-11.991764
それでも	-11.991793
▁90%	-11.991968
下し	-11.992049
▁平原	-11.992310
生き物	-11.992315
▁発育	-11.992320
近所	-11.992375
泣き	-11.992414
MS	-11.992666
▁浸	-11.992826
らす	-11.992876
ティン	-11.993152
読め	-11.993181
▁肝臓	-11.993409
▁アラ	-11.993412
裁き	-11.993600
ヴィン	-11.993800
刀	-11.993816
▁済み	-11.993883
300	-11.993884
新約	-11.994009
▁提起	-11.994229
▁疑念	-11.994257
▁リーダー	-11.994442
▁胎	-11.994531
▁炭	-11.994723
今回	-11.994778
開けろ	-11.994802
暇	-11.995038
キャンプ	-11.995270
▁ワイ	-11.995934
▁資力	-11.996114
贈	-11.996357
取り上げ	-11.996733
▁安い	-11.997153
▁王権	-11.997306
▁吸い	-11.997337
つなが	-11.997459
▁In	-11.997464
についても	-11.997653
co	-11.997945
▁むだ	-11.998009
▁フラ	-11.998261
速い	-11.998309
▁プライバシー	-11.998399
Ste	-11.998447
加盟	-11.998508
ru	-11.998555
備	-11.998704
ウォーカー	-11.999052
wha	-11.999510
▁洗い	-11.999605
▁ツ	-11.999619
▁嬉し	-11.999664
▁召し	-11.999818
▁熟練	-11.999849
真似	-11.999936
宰	-11.999978
▁創始	-12.000002
▁ab	-12.000329
粒	-12.000541
ラウンド	-12.000886
消す	-12.000906
▁ご存	-12.000966
▁目次	-12.000977
傍	-12.000992
叔父	-12.000992
▁空想	-12.001020
▁ゆける	-12.001172
▁フィリ	-12.001189
辞	-12.001432
▁取って代わ	-12.001532
ゴー	-12.001771
▁支払わ	-12.002219
報を	-12.002244
捨	-12.002267
▁真ん中	-12.002321
▁言い換え	-12.002337
▁ヘル	-12.002600
▁帰し	-12.002834
▁考察	-12.002834
▁凍	-12.002856
▁標	-12.002879
忠誠	-12.002969
悲しみ	-12.003054
いろ	-12.003186
遂	-12.003268
▁待ち受け	-12.003558
▁迷	-12.003684
▁作り上げ	-12.003698
▁1998	-12.004056
▁スコットランド	-12.004099
▁構	-12.004148
▁論文	-12.004292
返せ	-12.004315
▁持ち込	-12.004436
▁アサ	-12.004439
▁強姦	-12.004511
▁深み	-12.004780
▁シャーロッ	-12.004821
,700	-12.004838
▁取り出し	-12.004845
深刻	-12.004958
もつ	-12.004980
眺め	-12.005033
▁言動	-12.005041
▁サイモン	-12.005301
結論	-12.005475
ヤー	-12.005573
▁ヤバ	-12.005746
▁味方	-12.005786
朗	-12.005802
▁誓	-12.005824
業界	-12.005869
志	-12.005916
ナイ	-12.006354
地位	-12.006587
▁巧妙	-12.006735
複	-12.006742
▁オンライン	-12.006826
▁産む	-12.006904
夫婦	-12.006973
▁修復	-12.007373
▁104	-12.007426
▁乗り越え	-12.007738
探せ	-12.007771
▁ルター	-12.007940
▁周	-12.007948
old	-12.007950
▁マイクロ	-12.008142
▁球	-12.008263
消息	-12.008266
▁かかわ	-12.008403
▁予見	-12.008545
スタート	-12.008615
中毒	-12.008626
▁泉	-12.008831
忠告	-12.008894
▁座席	-12.008957
突	-12.008964
交通	-12.009005
喜ぶ	-12.009016
緒	-12.009016
糖	-12.009254
▁固有	-12.009303
ソート	-12.009421
ラル	-12.009468
黄金	-12.009592
▁解明	-12.009629
待た	-12.009645
▁some	-12.009727
▁机	-12.010176
pen	-12.010661
拝	-12.010696
フラ	-12.010954
譲	-12.010973
▁画面	-12.011329
▁哀れ	-12.011578
▁爆	-12.011656
▁怖が	-12.011658
踏み	-12.011737
信念	-12.011753
▁救い主	-12.011902
▁解消	-12.012045
▁撃て	-12.012223
▁英	-12.012225
ink	-12.012309
▁Py	-12.012781
伝統	-12.012877
看護	-12.012877
仕掛け	-12.012884
▁座る	-12.012920
通過	-12.013062
▁ベイ	-12.013208
妨げ	-12.013247
▁サンフランシスコ	-12.013378
▁嘆願	-12.013511
▁献堂	-12.013624
▁アマゾン	-12.013785
▁キング	-12.014076
バグ	-12.014215
▁会合	-12.014230
湯	-12.014337
▁海水	-12.014638
iki	-12.014648
境	-12.014675
ターン	-12.014698
エクス	-12.014705
庁	-12.014851
正当	-12.014956
▁ピンク	-12.015148
正常	-12.015399
▁捜索	-12.015478
▁天国	-12.015821
裂	-12.015893
長官	-12.015915
築	-12.015918
▁62	-12.015954
エッジ	-12.016006
時宜	-12.016201
ラボ	-12.016458
ベイビー	-12.016614
っこ	-12.016730
リード	-12.016738
▁小説	-12.016769
懐	-12.016797
▁南極	-12.016973
▁2002	-12.017056
逆境	-12.017373
▁速さ	-12.017422
▁ミサイル	-12.017471
▁遭遇	-12.017493
▁グレース	-12.017535
▁耐	-12.017665
▁添え	-12.017736
スコア	-12.017770
ことなく	-12.017906
▁掛ける	-12.017950
▁突	-12.017982
▁組合	-12.017984
▁68	-12.018034
▁ユーモア	-12.018055
▁とりこ	-12.018135
▁弁	-12.018584
ゲル	-12.018608
貢献	-12.018855
▁化粧	-12.018991
値段	-12.019146
▁晩さん	-12.019153
▁好ま	-12.019235
▁善い	-12.019255
▁深める	-12.019260
▁麻痺	-12.019601
ウム	-12.020088
たばかり	-12.020103
▁けれども	-12.020377
▁別居	-12.020387
▁久しぶり	-12.020535
の影響	-12.020718
真っ	-12.020806
マネー	-12.020926
▁ふつう	-12.021200
▁通う	-12.021292
メモリ	-12.021477
▁明快	-12.021520
RL	-12.022138
▁激怒	-12.022440
▁散歩	-12.022441
丈	-12.022823
よろしい	-12.022866
ミッション	-12.022926
▁外側	-12.023138
▁フォ	-12.023303
閉じ込め	-12.023406
ペア	-12.023480
之	-12.023484
模倣	-12.023506
▁警報	-12.023704
▁再開	-12.023773
性質	-12.023808
語り	-12.023957
ブラック	-12.024038
▁see	-12.024308
かせる	-12.024502
セー	-12.024566
レーン	-12.025022
航	-12.025107
▁落ちる	-12.025245
穏	-12.025399
ハード	-12.025521
▁don	-12.025790
▁はなはだ	-12.025908
▁2,500	-12.026280
▁独裁	-12.026353
滅ぼし	-12.026728
連続	-12.027072
▁ブライアン	-12.027090
▁オル	-12.027253
決まり	-12.027574
▁敗北	-12.027575
▁とうとう	-12.027896
取り戻す	-12.027970
▁水道	-12.028329
エジプト	-12.028352
ゲート	-12.028352
ありさ	-12.028641
輝	-12.028675
▁塗	-12.028688
▁粗	-12.028738
独房	-12.028809
ピアノ	-12.028939
▁やら	-12.029107
▁ゆる	-12.029163
手助け	-12.029180
清	-12.029219
持て	-12.029509
▁イラン	-12.029574
▁スー	-12.029888
▁肥	-12.030100
エント	-12.030100
グリーン	-12.030111
▁願望	-12.030388
▁電波	-12.030446
手順	-12.030462
届き	-12.030528
ォ	-12.030710
絶望	-12.031036
▁マスター	-12.031144
▁フラン	-12.031213
▁いきさつ	-12.031447
▁洗礼	-12.031532
文法	-12.031706
わく	-12.031737
▁行列	-12.031784
▁書士	-12.031951
▁調	-12.032142
▁エレン	-12.032265
▁みたい	-12.032327
ストリート	-12.032389
熱い	-12.032436
▁フレ	-12.032525
▁発射	-12.032697
▁理事	-12.032826
▁ゴー	-12.032833
▁種子	-12.032836
机	-12.032966
▁一面	-12.033103
▁肥満	-12.033266
見かけ	-12.033439
▁130	-12.033444
遺体	-12.033471
▁22,23)	-12.033682
▁ディーン	-12.033843
▁落	-12.033850
すご	-12.033957
▁さす	-12.034187
昨	-12.034469
心理	-12.034557
確実に	-12.034591
探索	-12.034998
キリ	-12.035193
▁できごと	-12.035221
▁温まる	-12.035457
49	-12.035468
役立つ	-12.035552
▁sa	-12.035571
▁改	-12.035640
▁推薦	-12.035878
▁なぞ	-12.036101
▁ドン	-12.036211
EMA	-12.036292
クール	-12.036421
▁ペンシルバニ	-12.036527
▁探し求め	-12.036627
施	-12.036661
▁mo	-12.036704
はるか	-12.036729
▁陪	-12.036882
▁被告	-12.036921
潮	-12.036994
妊娠	-12.037039
清算	-12.037077
石油	-12.037113
ラジオ	-12.037186
▁怖く	-12.037321
▁キャシー	-12.037354
▁応じる	-12.037767
▁うつ	-12.037787
バリ	-12.038271
▁イラク	-12.038330
▁救い出し	-12.038573
▁折り	-12.038747
▁候	-12.038762
タク	-12.038765
明瞭	-12.038950
真ん中	-12.039079
恐らく	-12.039081
最低	-12.039123
▁イー	-12.039129
▁ハニ	-12.039174
▁殴打	-12.039488
▁緑色	-12.039509
支払	-12.039750
▁使い方	-12.039804
多様	-12.039834
わせる	-12.039845
per	-12.040346
▁分解	-12.040398
編	-12.040487
ヤシ	-12.040577
▁たしか	-12.040578
▁26,27	-12.040947
▁家屋	-12.040948
レブ	-12.041112
▁怠	-12.041163
▁らい病	-12.041487
辿	-12.041487
▁概して	-12.041502
▁アルバート	-12.041556
▁西部	-12.041587
シンプ	-12.041619
▁ナショナル	-12.041690
くん	-12.041786
▁討論	-12.041917
▁エイ	-12.041949
▁ジュー	-12.042090
不法	-12.042395
授ける	-12.042676
ラップ	-12.042891
統	-12.043144
反抗	-12.043178
済む	-12.043289
外出	-12.043298
▁悟る	-12.043616
▁退職	-12.043616
▁つま	-12.043919
▁大工	-12.044210
▁工学	-12.044300
▁ジョセフ	-12.044317
▁コンクリート	-12.044443
燃え	-12.044461
陥	-12.044593
▁ジョニー	-12.044611
▁ゼロ	-12.044676
▁基金	-12.045038
肌	-12.045221
▁16,17)	-12.045257
反逆	-12.045280
▁衣類	-12.045349
古代	-12.045447
▁行政	-12.045578
▁空腹	-12.045595
垂れ	-12.045669
押さえ	-12.045726
oh	-12.045880
ヘレン	-12.046037
▁いとこ	-12.046060
▁おなか	-12.046220
▁テクノロジー	-12.046249
▁ポート	-12.046290
▁否	-12.046441
,9	-12.046569
▁性行為	-12.046625
▁ブル	-12.046716
ポール	-12.046782
ラッシュ	-12.046876
▁39)	-12.047043
ガード	-12.047060
占	-12.047195
29	-12.047480
ノート	-12.047644
怪物	-12.047691
変動	-12.047979
▁詰め	-12.048038
▁経て	-12.048450
リアン	-12.048493
▁慣習	-12.048536
▁ウォーカー	-12.048580
▁能	-12.048619
支え	-12.048767
▁おっしゃ	-12.048834
▁仲良	-12.049025
▁スクリーン	-12.049148
▁1,200	-12.049182
▁収集	-12.049196
▁スティーブン	-12.049339
Web	-12.049408
閣下	-12.049429
長老	-12.049438
▁汗	-12.049485
天才	-12.049513
叶	-12.049589
▁発する	-12.049756
パート	-12.049763
貴重	-12.049835
ティス	-12.049945
カラー	-12.050004
発電	-12.050095
▁忌	-12.050446
▁六つ	-12.050730
▁フィリップ	-12.050948
青い	-12.051102
▁クジラ	-12.051216
▁提	-12.051229
材料	-12.051589
▁肝炎	-12.051632
固定	-12.051648
▁打撃	-12.051693
▁看	-12.051785
貸	-12.052152
るところ	-12.052283
ーブ	-12.052776
▁揺れ	-12.052901
とお	-12.053278
警	-12.053337
低く	-12.053443
▁東部	-12.053580
要請	-12.053629
▁ヘラルド	-12.053670
▁あらわ	-12.053695
and	-12.053720
▁干渉	-12.053925
▁公表	-12.054008
▁経路	-12.054034
▁トップ	-12.054369
▁都会	-12.054693
▁主教	-12.054825
▁音声	-12.054852
▁堂々	-12.055179
▁恥ずかしい	-12.055418
does	-12.055578
炭素	-12.055582
アイコン	-12.055589
泥棒	-12.055595
台無し	-12.055638
果実	-12.055688
▁談	-12.055779
適	-12.055891
▁イルカ	-12.056437
つながり	-12.056480
員が	-12.056855
▁格好	-12.056957
々しい	-12.057170
腸	-12.057198
▁忍び	-12.057494
▁幾分	-12.057502
▁薄い	-12.057727
▁審問	-12.057769
ちなん	-12.057774
▁終始	-12.057780
若さ	-12.057954
足す	-12.058057
▁レバノン	-12.058230
▁殻	-12.058564
▁収益	-12.058644
▁誘	-12.058838
いつか	-12.059029
▁おけ	-12.059056
▁いじめ	-12.059062
かき	-12.059114
▁ゾンビ	-12.059375
▁至っ	-12.059611
失い	-12.059965
▁習得	-12.060020
ヘル	-12.060108
▁いっさい	-12.060137
▁ゲイ	-12.060186
99	-12.060211
,800	-12.060326
連邦	-12.060493
▁マギ	-12.060720
ウェブ	-12.060775
▁こん	-12.061401
▁ポンド	-12.061549
専	-12.061592
▁承認	-12.061802
チャンネル	-12.061807
検討	-12.061813
衛星	-12.061897
tor	-12.061986
▁1996	-12.062173
十億	-12.062225
ko	-12.062471
▁ローレ	-12.062580
▁28,29)	-12.062656
詞	-12.062674
手足	-12.062844
▁イエズス	-12.062980
強さ	-12.063086
vi	-12.063133
▁誘い	-12.063182
▁ブラウン	-12.063264
▁就職	-12.063385
▁反論	-12.063419
▁控え	-12.063548
▁外出	-12.063593
▁偏	-12.063613
豚	-12.063787
狼	-12.063889
▁アレルギー	-12.064042
ベース	-12.064154
放送	-12.064260
▁ブー	-12.064284
選択し	-12.064409
1943	-12.064481
▁エレベーター	-12.065075
▁デュ	-12.065133
▁形作	-12.065594
▁言わせ	-12.065894
エリア	-12.065962
▁ミー	-12.065974
胤	-12.065995
▁冒とく	-12.066009
▁よせ	-12.066020
▁人形	-12.066033
医学	-12.066192
▁見過ご	-12.066392
▁国教会	-12.066809
▁大酒	-12.067001
宮	-12.067147
▁通貨	-12.067154
▁野心	-12.067748
向かい	-12.067809
癖	-12.068090
対策	-12.068181
階段	-12.068186
仕組み	-12.068202
name	-12.068502
▁差し出し	-12.068550
上司	-12.068675
ワル	-12.068865
追う	-12.068962
▁辛い	-12.069119
フス	-12.069137
▁妥当	-12.069276
▁57	-12.069435
▁糞	-12.069486
Go	-12.069650
単独	-12.069952
浜	-12.070067
林	-12.070101
儲け	-12.070147
▁引き起こ	-12.070150
▁輸出	-12.070219
聖霊	-12.070323
軍勢	-12.070360
▁悪事	-12.070367
▁ふえ	-12.070563
ブラウザ	-12.070762
▁外れ	-12.070774
ポン	-12.070823
走り	-12.070853
▁勤務	-12.071111
▁下ろし	-12.071239
▁恒	-12.071243
▁40%	-12.071976
▁シャワー	-12.072247
指紋	-12.072311
保管	-12.072361
獲得	-12.072361
トロン	-12.072384
▁再会	-12.072413
993	-12.072494
が不	-12.072523
▁民衆	-12.072569
io	-12.072581
▁子育て	-12.072605
商売	-12.072737
▁義人	-12.072902
▁患	-12.073021
▁濃度	-12.073126
▁侵略	-12.073193
極めて	-12.073272
▁巨人	-12.073379
配する	-12.073476
渡り	-12.073717
ボル	-12.073832
乗れ	-12.073853
▁不信	-12.073927
▁さし絵	-12.074320
趣味	-12.074426
エルサレム	-12.074428
▁寝室	-12.074469
稼ぎ	-12.074472
Do	-12.074489
ワイ	-12.074492
▁ワクチン	-12.074536
▁地理	-12.074538
▁甲	-12.074628
海岸	-12.074657
戦士	-12.074906
シオ	-12.074926
カバー	-12.074945
▁13,14)	-12.075144
群れ	-12.075250
▁訳し	-12.075269
▁どな	-12.075418
▁殉教	-12.075430
▁73	-12.075593
ベリー	-12.075676
▁34,35	-12.075744
謝	-12.075954
▁崇敬	-12.076017
ando	-12.076055
▁汚い	-12.076072
則	-12.076189
▁水素	-12.076316
▁急増	-12.076530
吹き	-12.076588
▁ジャングル	-12.076644
land	-12.076889
▁ロン	-12.077028
▁シェ	-12.077030
▁ハエ	-12.077071
UE	-12.077147
▁De	-12.077216
▁衣装	-12.077343
▁マーフィー	-12.077353
キュー	-12.077438
クロス	-12.077516
▁カメ	-12.077620
▁採	-12.077789
▁語りかけ	-12.077903
指令	-12.078016
殖	-12.078214
ult	-12.078254
付き合	-12.078587
▁レイプ	-12.078713
救助	-12.078734
▁報復	-12.078855
▁庫	-12.078883
バード	-12.078905
▁アポロ	-12.078913
▁愉快	-12.079059
▁注文	-12.079122
ンド	-12.079491
▁増し加え	-12.079493
置か	-12.079587
▁積み	-12.079596
▁IP	-12.079631
▁買	-12.079647
▁液	-12.079649
ss	-12.079692
▁暗殺	-12.079848
き去	-12.079864
▁常用	-12.079905
▁考案	-12.079919
フォン	-12.080069
会見	-12.080294
ジェーン	-12.080846
飲	-12.080860
優しく	-12.080879
▁いただけ	-12.081043
ざし	-12.081291
裂け	-12.081507
▁高まり	-12.081529
▁雑	-12.081547
IS	-12.081586
▁ベルト	-12.081757
避ける	-12.081923
▁戦略	-12.082385
▁NASA	-12.082425
黒い	-12.082469
▁ジョーンズ	-12.082685
▁たいせつ	-12.082690
スティック	-12.082897
重荷	-12.082977
▁right	-12.082995
▁浸透	-12.083077
言い方	-12.083181
捕え	-12.083247
せられ	-12.083380
▁造り主	-12.083478
落と	-12.083637
山々	-12.083834
▁ショーン	-12.083941
con	-12.084037
,21	-12.084217
動機	-12.084288
流行	-12.084498
牧	-12.084792
リュー	-12.085016
▁合わ	-12.085039
テニス	-12.085111
コメント	-12.085232
▁秘書	-12.085506
rent	-12.086001
述	-12.086169
08	-12.086171
果て	-12.086321
マッ	-12.086412
右側	-12.086601
腫	-12.086720
▁Oh	-12.087009
カトリック	-12.087284
負う	-12.087291
グラ	-12.087468
▁活力	-12.087646
▁先頭	-12.087678
▁マイル	-12.087833
去り	-12.087961
美人	-12.088278
▁くつ	-12.088290
一歩	-12.088304
巻き込	-12.088678
▁クレジットカード	-12.088934
▁宮	-12.088965
▁軍備	-12.089070
▁捕らわれ	-12.089126
尋問	-12.089349
不敬	-12.089597
OK	-12.089671
cm	-12.089688
訴え	-12.090183
▁やみ	-12.090532
▁180	-12.090725
イーサ	-12.090779
▁陰謀	-12.090784
▁役目	-12.090794
▁直後	-12.090800
▁請求	-12.091086
▁物品	-12.091126
▁頑	-12.091244
ver	-12.091366
▁財布	-12.091434
肺	-12.091522
▁言い開き	-12.091558
降伏	-12.091612
逃れ	-12.091746
▁user	-12.091765
▁周期	-12.091808
飾り	-12.092182
▁否認	-12.092224
▁市長	-12.092241
目覚め	-12.092256
▁パーセント	-12.092557
ソル	-12.093090
▁仕掛け	-12.093092
爵	-12.093257
識別	-12.093281
▁増やす	-12.093402
▁ブロック	-12.093424
マスク	-12.093832
リーナ	-12.094065
▁取り組み	-12.094193
▁ひん	-12.094670
▁生き延びる	-12.094688
やる気	-12.094777
▁グラフ	-12.094928
寄り	-12.095072
▁アラスカ	-12.095298
56	-12.095407
▁遠慮	-12.095409
リル	-12.095433
▁己	-12.095657
▁1935	-12.095690
res	-12.095793
裸	-12.095814
防衛	-12.095830
▁合図	-12.096079
▁遺産	-12.096111
▁宮殿	-12.096225
日々	-12.096327
▁まき	-12.096395
尽くす	-12.096500
熱心	-12.096626
▁上空	-12.096981
くわ	-12.097186
▁ケイト	-12.097313
▁治め	-12.097317
ジェイ	-12.097453
▁駆け	-12.097480
▁トウモロコシ	-12.097532
▁寄稿	-12.097538
ぎり	-12.097568
▁1968	-12.097677
作家	-12.097705
▁麻酔	-12.097724
▁配置	-12.097796
認める	-12.097824
▁除き去	-12.097923
阻	-12.097975
▁3;	-12.098143
繋	-12.098245
辞め	-12.098265
釣り	-12.098288
▁天井	-12.098306
▁形造	-12.098325
real	-12.098361
執り	-12.098384
▁培い	-12.098653
▁プール	-12.098731
▁表情	-12.098839
▁等	-12.098876
▁貨	-12.098931
▁だったら	-12.098980
過ち	-12.099308
ノア	-12.099397
Gener	-12.099496
▁宿る	-12.099511
▁4,5)	-12.099607
▁なさる	-12.099729
▁正気	-12.100108
泡	-12.100140
▁移民	-12.100151
▁厚	-12.100172
都	-12.100188
誤解	-12.100307
画面	-12.100645
▁返済	-12.100726
受け取り	-12.100891
尽く	-12.101429
辛	-12.101604
申し出	-12.101695
コル	-12.101938
扉	-12.102324
閉鎖	-12.102328
召	-12.102400
▁get	-12.102660
▁転換	-12.102672
同様に	-12.102869
銀	-12.102938
収集	-12.102943
いなく	-12.103107
▁用途	-12.103325
▁リスク	-12.103465
失わ	-12.103541
▁焼け	-12.103775
▁禁	-12.103798
からさ	-12.103955
リフ	-12.104177
▁ナン	-12.104413
ばく	-12.104589
▁6;	-12.104837
確実	-12.104969
好む	-12.105005
反省	-12.105212
▁垂	-12.105371
,23	-12.105499
▁左側	-12.105673
伴	-12.105794
▁見逃	-12.105909
届く	-12.105934
▁笑顔	-12.105980
▁上がり	-12.106043
▁ラハブ	-12.106108
わず	-12.106176
▁上がる	-12.106180
▁はじめて	-12.106203
▁ブルース	-12.106256
▁とらえる	-12.106451
▁業績	-12.106539
▁例証	-12.106544
▁深め	-12.106693
基礎	-12.106709
雑誌	-12.106768
▁139	-12.107035
▁掘り	-12.107451
▁引き上げ	-12.107483
うまい	-12.107587
オル	-12.107599
▁快い	-12.107744
洗	-12.107904
減少	-12.107976
▁竹	-12.107978
▁近親	-12.108107
▁防御	-12.108139
ベス	-12.108391
▁合成	-12.108429
▁ゴール	-12.108579
ディア	-12.108747
トス	-12.108837
▁スペース	-12.109019
▁始	-12.109108
▁目指す	-12.109438
ぜい	-12.109489
飼	-12.109542
▁費や	-12.109693
▁餌	-12.109808
▁テント	-12.109978
かえり	-12.110009
劇	-12.110247
▁use	-12.110640
▁描く	-12.110741
▁指輪	-12.110821
▁倉庫	-12.111032
▁蓄積	-12.111110
ゼン	-12.111148
ープ	-12.111220
▁よそ	-12.111284
▁養育	-12.111311
▁そら	-12.111655
ブルク	-12.111685
▁star	-12.111794
▁性病	-12.112066
▁160	-12.112081
▁1000	-12.112105
申し込み	-12.112110
▁無害	-12.112231
どっち	-12.112391
駆	-12.112527
蓋	-12.112568
▁コラ	-12.112570
抱く	-12.112674
造り	-12.112772
ンブル	-12.113011
▁化し	-12.113075
進行	-12.113138
戦え	-12.113141
屈辱	-12.113257
糞	-12.113259
ポケット	-12.113291
▁ピン	-12.113441
ぐる	-12.113563
▁ずい	-12.113609
ばら	-12.113668
座り	-12.113699
▁攻め	-12.113795
▁サイト	-12.114005
保つ	-12.114151
▁生長	-12.114418
公式	-12.114497
フード	-12.114785
▁ミカエル	-12.114804
ステ	-12.114870
▁介護	-12.115026
宝	-12.115117
哀	-12.115138
▁ジュリア	-12.115144
ミリ	-12.115255
ノス	-12.115351
▁ボタン	-12.115392
踊	-12.115428
フレーム	-12.115461
卿	-12.115462
みなさい	-12.115532
運び	-12.115640
▁しめ	-12.115964
▁ふり	-12.115993
しめ	-12.116096
必然	-12.116208
▁カップ	-12.116362
▁スト	-12.116532
廷	-12.116749
▁渇望	-12.116932
寒い	-12.117473
▁厳格	-12.117540
タイトル	-12.117715
▁ゾウ	-12.117889
▁落ち着き	-12.118009
デスク	-12.118025
手がかり	-12.118032
win	-12.118111
ーラ	-12.118233
▁イベント	-12.118390
▁ガブリエル	-12.118482
▁ステージ	-12.118526
支	-12.118820
▁ハチ	-12.119061
道徳	-12.119415
▁留ま	-12.119623
▁プリ	-12.119662
創世記	-12.119903
ストリー	-12.120137
▁リース	-12.120191
di	-12.120373
▁パレスチナ	-12.120811
それなのに	-12.120876
▁ヨセフス	-12.120998
▁知覚	-12.121062
ease	-12.121106
▁哺乳	-12.121276
争	-12.121283
▁腸	-12.121423
▁仕打ち	-12.121442
地震	-12.121722
おめでとう	-12.122103
son	-12.122105
誘惑	-12.122108
成し遂げ	-12.122140
駐車	-12.122146
農場	-12.122413
▁9;	-12.122435
▁おびえ	-12.122653
▁防衛	-12.123049
▁曲げ	-12.123088
淡	-12.123231
▁伐採	-12.123321
▁127	-12.123466
▁台湾	-12.123523
▁論評	-12.123542
▁スタジアム	-12.123547
▁上位	-12.123576
簡	-12.123642
▁アドレス	-12.123821
▁家々	-12.124176
盗み	-12.124197
わっ	-12.124242
孤児	-12.124297
予告	-12.124346
診断	-12.124382
唱え	-12.124494
論文	-12.124559
イスラー	-12.124606
▁向い	-12.124619
関与	-12.124648
なせ	-12.124731
▁暴	-12.124747
出され	-12.124784
リーン	-12.124799
▁翌朝	-12.124932
▁2,3)	-12.125049
七	-12.125128
▁威	-12.125186
▁保持	-12.125273
▁900	-12.125316
ce	-12.125413
追い	-12.125563
▁地質	-12.125716
▁恋人	-12.126174
▁強烈	-12.126226
▁示せる	-12.126254
all	-12.126295
資料	-12.126585
格好	-12.126675
着陸	-12.126682
▁浴び	-12.127264
▁原住民	-12.127337
▁飲ま	-12.127364
▁動詞	-12.127492
没頭	-12.127579
▁移植	-12.128306
▁手入れ	-12.128344
▁英雄	-12.128624
タバコ	-12.128782
福音	-12.128828
万軍	-12.128914
▁西側	-12.129308
▁キム	-12.129352
▁ウクライナ	-12.129815
▁打ちひし	-12.130061
表記	-12.130189
耕	-12.130652
返り	-12.130658
雌	-12.131020
ショック	-12.131050
▁心痛	-12.131054
エイ	-12.131078
叫ぶ	-12.131173
症状	-12.131179
設	-12.131269
イヤー	-12.131424
▁Web	-12.131535
▁局長	-12.131613
▁怒る	-12.131773
▁ネイサン	-12.131865
▁一因	-12.131974
すみま	-12.132248
▁ビクトリア	-12.132266
▁捕ま	-12.132373
朝食	-12.132518
かわいい	-12.132586
▁97	-12.132683
ちよ	-12.132851
バイト	-12.132977
片付け	-12.133241
▁聖人	-12.133249
子女	-12.133422
▁活	-12.133563
▁ワトソン	-12.133648
▁嘲笑	-12.133802
▁愛す	-12.134040
▁長生き	-12.134136
▁分ける	-12.134387
パル	-12.134399
▁み座	-12.134442
クリア	-12.134489
▁好まし	-12.134673
▁畏敬	-12.134800
ントン	-12.134935
▁ご要求	-12.135007
▁謙	-12.135046
▁グローバル	-12.135051
広告	-12.135520
フリ	-12.135558
▁人命	-12.135838
▁安らか	-12.136067
▁蒸気	-12.136114
ケイ	-12.136147
▁煮	-12.136168
イラ	-12.136179
おかしな	-12.136312
思い出し	-12.136317
▁1,3	-12.136343
寝た	-12.136348
倒す	-12.136427
▁釣り	-12.136440
見張	-12.136899
犯し	-12.136900
▁スーツ	-12.136979
▁グレン	-12.136986
ラベル	-12.137017
▁熟	-12.137528
▁but	-12.137543
イタリア	-12.137869
▁洗う	-12.137924
gr	-12.138131
▁去り	-12.138139
文明	-12.138316
▁戦場	-12.138337
▁千年期	-12.138443
01	-12.138474
費やし	-12.138756
▁タン	-12.138832
万年	-12.138967
▁取決め	-12.138994
▁移入	-12.139088
▁機器	-12.139089
オリ	-12.139093
くら	-12.139117
▁復習	-12.139126
理想	-12.139206
▁持続	-12.139235
▁混ぜ	-12.139570
ビジョン	-12.139728
get	-12.139739
▁装備	-12.139793
wf	-12.139809
▁ゲ	-12.139848
ee	-12.139963
SE	-12.140112
▁泣く	-12.140184
ブルー	-12.140209
▁エミリー	-12.140276
検証	-12.140304
▁酸	-12.140398
▁領土	-12.140501
▁つまら	-12.140631
▁冒険	-12.140865
伸ばし	-12.140895
▁日光	-12.141128
婆	-12.141144
プール	-12.141192
よこせ	-12.141301
週末	-12.141399
▁原語	-12.141400
▁貧	-12.141425
ナル	-12.141437
発作	-12.141562
AME	-12.141768
ist	-12.141770
▁日没	-12.141771
ライフル	-12.142006
塵	-12.142282
暮らす	-12.142287
リアル	-12.142289
不満	-12.142362
▁平方キロ	-12.142371
ケル	-12.142552
コフ	-12.142589
▁見知ら	-12.142617
▁根絶	-12.142689
おかし	-12.142753
従わ	-12.142835
▁マラ	-12.142888
嘆	-12.143067
▁分類	-12.143069
▁こたえ応じる	-12.143176
たぶん	-12.143417
▁免れる	-12.143751
▁造る	-12.143888
リソース	-12.143978
▁合衆国	-12.144015
条	-12.144334
通る	-12.144376
▁秘訣	-12.144610
IT	-12.144968
▁行ける	-12.145390
最中	-12.145536
▁遅	-12.145544
▁軽減	-12.145585
▁ケベック	-12.145621
▁動機づけ	-12.145675
▁カット	-12.145765
▁経費	-12.145931
▁臨み	-12.146235
▁怪物	-12.146293
▁パーティ	-12.146540
▁だいたい	-12.146678
砂漠	-12.146829
od	-12.146912
割り当て	-12.146998
are	-12.147006
溺れ	-12.147109
▁卿	-12.147110
切断	-12.147190
犯す	-12.147450
▁裏付け	-12.147626
▁デモ	-12.147661
got	-12.147835
アプローチ	-12.147856
屋上	-12.147897
▁伝承	-12.147904
舟	-12.147931
書け	-12.148006
▁アーマン	-12.148224
▁パイ	-12.148285
▁読める	-12.148311
▁個性	-12.148491
▁すら	-12.148727
▁庭園	-12.148841
借	-12.148862
▁鉱山	-12.149022
トラブル	-12.149149
印象	-12.149335
陽	-12.149349
▁横断	-12.149649
讃	-12.150096
▁just	-12.150105
知らぬ	-12.150290
▁故国	-12.150314
イイ	-12.150403
▁ラッパ	-12.150508
▁づけ	-12.150521
会場	-12.150848
▁加工	-12.150853
amp	-12.150947
ヴィス	-12.150960
発言	-12.151018
一員	-12.151091
▁アス	-12.151118
▁真夜中	-12.151155
▁叔父	-12.151175
▁ジェット	-12.151285
▁丁	-12.151330
余裕	-12.151397
逃	-12.151670
▁エイミー	-12.151725
借金	-12.151777
▁軍人	-12.151917
出版	-12.152152
▁等しい	-12.152263
浴び	-12.152791
▁探求	-12.152943
▁拒み	-12.152962
ダム	-12.153003
かり	-12.153109
解け	-12.153199
▁農民	-12.153436
旋	-12.153660
▁シャツ	-12.153722
▁インドネシア	-12.153767
飽き	-12.153962
▁translat	-12.154124
▁なのに	-12.154141
▁人質	-12.154158
▁尽くす	-12.154169
役割	-12.154336
ピース	-12.154405
▁サリー	-12.154866
▁清	-12.155237
吐	-12.155263
▁現に	-12.155334
▁80%	-12.155433
▁塗り	-12.155547
▁メモ	-12.155552
査	-12.155907
▁白く	-12.155967
叫び	-12.156008
推定	-12.156021
▁叫び声	-12.156034
背中	-12.156541
たりし	-12.156657
▁ドクター	-12.156699
プラス	-12.156703
▁宿舎	-12.156904
やっと	-12.156975
地面	-12.157237
▁歌詞	-12.157391
▁ネブカドネザル	-12.157392
▁双	-12.157466
▁ビー	-12.157919
殻	-12.157932
▁デル	-12.158000
▁一行	-12.158095
マリ	-12.158178
▁貝	-12.158255
アイディア	-12.158263
ダニエル	-12.158274
酸素	-12.158381
光明	-12.158839
▁適応	-12.158893
傷つける	-12.158927
記者	-12.159068
晒	-12.159141
▁字義	-12.159232
プライ	-12.159485
▁チョコレート	-12.159798
▁ブレ	-12.160157
ows	-12.160424
▁甚だ	-12.160470
払わ	-12.160478
▁惑わ	-12.160577
▁診察	-12.160582
有する	-12.160797
▁文学	-12.160844
▁分配	-12.161117
▁惨事	-12.161132
▁拒む	-12.161446
八	-12.161448
▁眠る	-12.161483
▁照明	-12.161825
▁効	-12.161892
▁うんざり	-12.161990
▁頂点	-12.162171
メロ	-12.162227
▁支払	-12.162405
境界	-12.162904
ジョブ	-12.162938
カナダ	-12.162986
▁レベッカ	-12.163182
▁おじ	-12.163275
▁凡	-12.163282
スタンド	-12.163464
▁輝	-12.163514
▁枯れ	-12.163649
逃が	-12.164031
▁具	-12.164175
▁ぜい	-12.164245
広	-12.164259
▁撃ち	-12.164364
▁まちがい	-12.164419
▁筆	-12.164549
ハート	-12.164611
AC	-12.164616
▁誘わ	-12.164882
▁湿	-12.164926
プラグイン	-12.165199
カテ	-12.165473
▁盗人	-12.165481
▁鳴き声	-12.165608
▁欺く	-12.165616
▁クロス	-12.165709
▁魅	-12.165750
打つ	-12.165891
話しかけ	-12.166322
▁利得	-12.166638
▁探査	-12.166808
締め	-12.166827
59	-12.167019
▁わざと	-12.167149
cit	-12.167217
生理	-12.167292
厚	-12.167403
敬虔	-12.167519
防ぐ	-12.167604
遺産	-12.167649
ケガ	-12.167683
継が	-12.167775
臭	-12.168159
▁避妊	-12.168264
提出	-12.168447
▁1967	-12.168462
大いに	-12.168476
▁カリ	-12.168482
▁time	-12.168487
9,000	-12.168713
げさ	-12.168999
▁赤血球	-12.169158
開か	-12.169531
冒	-12.169566
処分	-12.169625
▁translation	-12.169686
▁スタート	-12.169726
勘	-12.169798
杖	-12.169833
皮膚	-12.169844
ハム	-12.170106
▁全域	-12.170138
▁講	-12.170249
▁国外	-12.170298
▁試みる	-12.170519
▁リベカ	-12.170558
至る	-12.170585
おばさん	-12.170636
▁マヤ	-12.170713
▁届く	-12.170795
見捨て	-12.171070
▁くじ	-12.171158
▁躍る	-12.171230
▁盗む	-12.171310
55	-12.171635
▁ガー	-12.171804
▁2003	-12.171869
▁結び付け	-12.172142
使命	-12.172143
消滅	-12.172192
損傷	-12.172259
態	-12.172293
▁走れ	-12.172418
▁ワニ	-12.172453
レポート	-12.172545
デモ	-12.172639
▁ソール	-12.172727
ool	-12.172730
▁ルーテル	-12.172889
▁バイオ	-12.172932
▁言い表わす	-12.172969
▁サウス	-12.172984
▁南米	-12.173098
▁志	-12.173161
est	-12.173402
▁ケビン	-12.173887
テス	-12.173957
欺	-12.173982
ふれ	-12.174022
▁バグ	-12.174227
ace	-12.174257
臨	-12.174274
1000	-12.174411
▁受け継が	-12.174481
合衆国	-12.174500
▁慈善	-12.174772
会わ	-12.174875
▁生む	-12.175214
▁only	-12.175226
▁法人	-12.175260
▁逆ら	-12.175279
手は	-12.175324
▁詩人	-12.175377
ect	-12.175452
▁破る	-12.175809
レーション	-12.175934
舞	-12.176015
▁除き去る	-12.176426
ナイト	-12.176651
▁迎え入れ	-12.176692
▁槍	-12.176706
逃亡	-12.176847
故郷	-12.176875
▁かたく	-12.177192
▁塊	-12.177348
頑	-12.177430
殆	-12.177470
▁気付か	-12.177478
▁ウェ	-12.177505
▁あいま	-12.177944
9%	-12.177953
gre	-12.178006
生じ	-12.178164
▁浴びせ	-12.178189
テキ	-12.178273
▁内気	-12.178590
▁ガーナ	-12.178787
ウェア	-12.178954
イア	-12.179045
▁高ま	-12.179110
券	-12.179155
レッスン	-12.179186
グレ	-12.179260
▁業界	-12.179265
野球	-12.179374
▁純	-12.179525
▁従え	-12.179754
▁欧州	-12.179831
下ろし	-12.180193
▁おや	-12.180507
▁うまい	-12.180534
浮か	-12.180632
▁前後	-12.180986
▁思慮	-12.181040
▁所長	-12.181041
▁タグ	-12.181495
姫	-12.181526
孤独	-12.181550
イザヤ	-12.181553
舞台	-12.181581
焦点	-12.181595
▁此	-12.181679
成就	-12.181704
▁2004	-12.182082
▁ブロシュアー	-12.182106
梅	-12.182108
ap	-12.182175
▁同棲	-12.182177
▁色彩	-12.182187
吹	-12.182308
▁Thi	-12.182335
頂け	-12.182428
図書	-12.182567
ns	-12.182673
代理	-12.182719
飲め	-12.182787
標的	-12.182873
▁売買	-12.182962
▁汚す	-12.183112
コア	-12.183352
レイン	-12.183393
うんざり	-12.183916
霊的	-12.183920
継続	-12.183944
▁15,16)	-12.183974
ize	-12.184253
つめ	-12.184286
▁37)	-12.184478
ボーイ	-12.184761
覆い	-12.184847
▁方々	-12.184988
▁ローズ	-12.185268
継	-12.185411
そうした	-12.185695
▁救済	-12.185905
▁和らげ	-12.186079
▁属性	-12.186087
風呂	-12.186262
圏	-12.186270
▁グラ	-12.186606
▁決議	-12.186784
別個	-12.186935
▁合理	-12.187320
65	-12.187664
リッジ	-12.187689
▁全米	-12.187772
ツィ	-12.188050
▁願い求め	-12.188517
胎	-12.188598
気落ち	-12.188631
奮闘	-12.188640
げる	-12.188685
許す	-12.188785
アダム	-12.188836
罪深い	-12.188866
金属	-12.188931
▁排出	-12.188932
▁サンパウロ	-12.189111
まう	-12.189394
▁欄	-12.189433
ish	-12.189994
▁被る	-12.189994
▁まね	-12.190336
▁ヘン	-12.190552
▁思い出せ	-12.190653
pg	-12.190693
がち	-12.191032
不能	-12.191155
給料	-12.191230
諜	-12.191441
盗む	-12.191478
▁職務	-12.191782
▁見当	-12.191847
▁体系	-12.191854
▁写	-12.191880
▁ことわざ	-12.191887
▁コース	-12.191976
ディス	-12.192233
▁監	-12.192264
マスター	-12.192287
▁緊	-12.192354
OS	-12.192410
向上	-12.192513
悪化	-12.192677
▁随	-12.192743
駆け	-12.192747
,26	-12.192846
▁一途	-12.192890
▁扱い方	-12.193040
癌	-12.193388
ヘブライ	-12.193401
指輪	-12.193454
報復	-12.193456
ザル	-12.193506
▁Photo	-12.193659
左側	-12.193659
▁ケーブル	-12.193746
▁待ち望む	-12.194031
不要	-12.194062
▁宴	-12.194074
項目	-12.194199
▁お礼	-12.194236
▁口語	-12.194546
▁意味深い	-12.194801
▁壊滅	-12.195196
▁よみがえらせ	-12.195245
▁25%	-12.195451
▁血圧	-12.195581
彩	-12.195680
テロリスト	-12.195924
▁アプリケーション	-12.195935
取れる	-12.196240
rue	-12.196265
▁公会議	-12.196356
▁とっても	-12.196577
ヘン	-12.196599
▁妙	-12.196606
▁タラ	-12.196746
▁海軍	-12.196796
▁受け止め	-12.197244
▁おとな	-12.197275
やれる	-12.197532
ream	-12.197806
報いる	-12.197812
▁マット	-12.198025
▁屈	-12.198121
喧嘩	-12.198166
田舎	-12.198216
カム	-12.198306
▁モン	-12.198383
種族	-12.198411
▁バナナ	-12.198450
崎	-12.198500
▁歓ぶ	-12.198514
▁1,4	-12.198825
lo	-12.198912
とっても	-12.198977
read	-12.198983
▁7,8)	-12.199308
付く	-12.199344
▁濃い	-12.199381
部門	-12.199480
無知	-12.199558
惨	-12.199594
コミュニティ	-12.199600
▁アニー	-12.199649
▁NY	-12.200084
▁労苦	-12.200093
ちが	-12.200167
▁手順	-12.200191
▁暑い	-12.200209
値する	-12.200297
廃	-12.200604
▁下水	-12.200772
の両方	-12.200865
つづけ	-12.200897
▁移転	-12.201022
帰宅	-12.201022
67	-12.201042
▁ジー	-12.201082
▁件数	-12.201137
▁引き出し	-12.201167
▁ぜひとも	-12.201168
▁ジャーナリスト	-12.201196
▁狩猟	-12.201229
ヴェ	-12.201285
▁聞き届け	-12.201303
▁69	-12.201562
玉座	-12.201595
▁生か	-12.201613
悩	-12.201624
▁ふた	-12.201627
凍	-12.201891
▁ウサギ	-12.202100
▁いらっしゃい	-12.202139
▁ヒト	-12.202299
▁働かせ	-12.202555
▁外交	-12.202666
有り	-12.202831
ばか	-12.202888
▁ノート	-12.202956
ドラッグ	-12.202978
文句	-12.203055
▁ネル	-12.203304
ショウ	-12.203318
▁ゼ	-12.203417
▁ごちそう	-12.203497
▁閉	-12.203734
▁タンパク質	-12.203773
▁木々	-12.203957
▁非行	-12.204475
▁れんが	-12.204509
成し	-12.204705
▁踊	-12.204868
▁玉	-12.204971
申	-12.205152
▁Mo	-12.205226
灰	-12.205266
暁	-12.205607
▁オカルト	-12.205625
▁あんま	-12.205722
▁1965	-12.205819
ュ	-12.205900
▁パキスタン	-12.205907
トリック	-12.206011
論理	-12.206082
▁恥ず	-12.206098
余り	-12.206245
こない	-12.206462
チーズ	-12.206645
▁ベス	-12.206906
▁ちく	-12.207038
▁帰せ	-12.207233
暗闇	-12.207402
捨てる	-12.207420
▁注釈	-12.207461
朝早く	-12.207688
内密	-12.207770
浪	-12.207975
未熟	-12.208043
AM	-12.208170
▁支出	-12.208175
れること	-12.208254
引用	-12.208518
兄さん	-12.208523
▁コート	-12.208536
▁チェス	-12.208603
▁辛	-12.208642
▁茶	-12.208792
かげ	-12.208904
マネ	-12.209027
カリ	-12.209404
尋ねる	-12.209913
票	-12.210189
棟	-12.210214
ソフトウェア	-12.210222
づく	-12.210223
陣	-12.210265
三角形	-12.210289
96	-12.210348
ff	-12.210400
▁申し訳ない	-12.210433
▁統一	-12.210474
▁やせ	-12.210494
ジド	-12.210510
,600	-12.210668
交わ	-12.210696
チョウ	-12.210756
▁原理	-12.210972
▁寂しい	-12.210977
ニク	-12.210993
▁欲	-12.211343
▁アメリカン	-12.211400
83	-12.211937
気づか	-12.211970
アプリ	-12.212178
,28	-12.212294
裏切り	-12.212311
,100	-12.212375
アート	-12.212449
停	-12.212618
▁危	-12.212626
成績	-12.212652
応答	-12.212657
永久	-12.212668
周囲	-12.212678
コンテンツ	-12.212768
▁エサウ	-12.212790
事情	-12.212873
▁過ぎ去り	-12.212888
信心深い	-12.212918
▁Re	-12.212936
▁カーラ	-12.213017
最新	-12.213051
▁双子	-12.213212
▁虚偽	-12.213260
飲ま	-12.213290
しり	-12.213430
落とす	-12.213513
▁悔い改める	-12.213519
消える	-12.213790
おさら	-12.213857
行われる	-12.213996
▁sy	-12.214023
フレ	-12.214273
扱わ	-12.214277
▁支	-12.214558
▁ストーリー	-12.214582
▁格	-12.215038
陛下	-12.215087
向ける	-12.215167
性愛	-12.215450
▁ほこり	-12.215549
暮れ	-12.215570
▁半島	-12.215591
▁留守	-12.215796
MP	-12.215920
▁正体	-12.216022
TV	-12.216139
▁感心	-12.216279
渡る	-12.216324
▁ナンシー	-12.216457
ウル	-12.216588
辛い	-12.216777
うつ	-12.216834
封じ	-12.216896
▁廃	-12.216998
▁手伝う	-12.217210
▁ディスコ	-12.217446
ージェント	-12.217463
▁紅海	-12.217588
情熱	-12.217623
ひき	-12.217884
▁杖	-12.218329
,22	-12.218544
▁ローラ	-12.218611
▁主任	-12.218712
64	-12.218819
月間	-12.218904
やく	-12.218981
ーター	-12.218987
▁ノース	-12.219041
▁景色	-12.219109
▁だま	-12.219313
▁付く	-12.219501
Py	-12.219538
▁マスク	-12.219757
▁38)	-12.219903
芝	-12.219962
負債	-12.219975
▁耐え忍	-12.220047
損失	-12.220122
近付	-12.220491
▁同然	-12.220598
ごう	-12.220714
気違い	-12.220814
▁著書	-12.221030
追いかけ	-12.221131
▁進路	-12.221169
77	-12.221340
▁タイラー	-12.221351
コンパ	-12.221354
▁ミツバチ	-12.221419
▁ロープ	-12.221485
チュ	-12.221592
▁ふる	-12.221761
りっぱ	-12.221770
ドロ	-12.221829
▁日中	-12.221879
ニスター	-12.222009
▁WHO	-12.222285
還	-12.222301
▁にくく	-12.222306
▁策略	-12.222322
▁エドワード	-12.222385
▁挿絵	-12.222395
▁幻滅	-12.222442
▁深まり	-12.222556
▁レンズ	-12.222604
▁最適	-12.222611
▁11,12)	-12.222674
▁ストー	-12.223503
部品	-12.223530
洗い	-12.223604
ma	-12.223653
▁艦隊	-12.223961
兆	-12.224129
泳	-12.224257
没	-12.224392
▁カロリー	-12.224478
▁花婿	-12.224835
整理	-12.225000
戻し	-12.225071
▁預	-12.225101
フー	-12.225215
▁ヤコ	-12.225245
クイーン	-12.225296
▁中断	-12.225315
側面	-12.225324
▁不和	-12.225373
▁尊	-12.225413
▁ヒー	-12.225457
▁田	-12.225547
▁飼育	-12.225559
差別	-12.225580
利口	-12.225591
▁ボランティア	-12.225620
▁どけ	-12.225621
神様	-12.225646
▁30%	-12.225714
生か	-12.225776
▁響き	-12.225899
▁初頭	-12.226089
▁晴れ	-12.226156
▁毎朝	-12.226765
AP	-12.227077
舎	-12.227173
索	-12.227179
シフト	-12.227324
▁各国	-12.227343
▁表象	-12.227346
温室	-12.227421
▁狩り	-12.227438
フレッド	-12.227476
BI	-12.227705
失望	-12.227711
十戒	-12.228032
いとこ	-12.228222
叩	-12.228351
▁振	-12.228514
ぴ	-12.228585
▁つまずか	-12.228623
▁後継	-12.228805
▁すげ	-12.228924
▁病原	-12.228952
クビ	-12.229039
▁j	-12.229164
ぐり	-12.229411
▁依り頼む	-12.229729
▁所得	-12.229914
ペット	-12.229917
美術	-12.229927
▁顕微鏡	-12.230341
▁デジタル	-12.230411
▁総会	-12.230556
植	-12.230769
▁まちが	-12.230985
▁ひたすら	-12.231171
▁海面	-12.231250
▁どうにか	-12.231584
▁かく	-12.231756
▁エマ	-12.231988
抑え	-12.232009
江	-12.232075
▁450	-12.232095
▁ヨシヤ	-12.232116
▁照	-12.232325
アルバム	-12.232326
▁スープ	-12.232523
▁宝くじ	-12.233079
集める	-12.233588
▁憤慨	-12.234004
code	-12.234054
▁爪	-12.234074
▁蜜	-12.234256
▁アク	-12.234270
ヴァー	-12.234553
▁アレクサンドロス	-12.234564
よろしく	-12.234770
▁意気	-12.234799
召集	-12.234833
hen	-12.234879
黒人	-12.234935
cl	-12.235130
▁疎通	-12.235504
PS	-12.235589
▁ロケット	-12.235716
おれ	-12.235944
lib	-12.235989
▁エリコ	-12.236050
広く	-12.236067
▁苦	-12.236439
恥ずかしく	-12.236449
▁ボン	-12.236780
▁レーザー	-12.236857
足し	-12.236926
轄	-12.237012
ob	-12.237030
んど	-12.237058
ベーション	-12.237075
考	-12.237253
▁とげ	-12.237505
▁2005	-12.237772
ライズ	-12.237797
cr	-12.237958
pe	-12.238212
笑顔	-12.238411
▁墓地	-12.238445
▁乱暴	-12.238814
▁曲が	-12.239122
▁文法	-12.239164
ーション	-12.239181
▁成す	-12.239339
準	-12.239357
,30	-12.239478
▁アハブ	-12.239513
▁厚い	-12.239573
▁岩石	-12.239628
▁贈	-12.239709
▁嘆	-12.239761
▁見通し	-12.239794
▁まわり	-12.239820
ER	-12.240009
クレ	-12.240170
活用	-12.240186
▁歩け	-12.240212
ーク	-12.240505
▁シーズン	-12.240689
果た	-12.240746
▁皿	-12.240786
部長	-12.240956
機器	-12.240992
肉体	-12.241025
つて	-12.241480
左右	-12.241528
▁スイッチ	-12.241578
▁聴覚	-12.241656
▁卓	-12.242100
冒険	-12.242244
食用	-12.242251
緊張	-12.242253
▁締め	-12.242363
伸び	-12.242482
▁資本	-12.242669
毎年	-12.242832
本部	-12.242959
繰り返す	-12.242971
噛	-12.243873
▁改訂	-12.243949
▁窮	-12.243992
ロイ	-12.244478
▁元々	-12.244868
ワシ	-12.245104
▁順番	-12.245168
通す	-12.245210
ケツ	-12.245241
▁現存	-12.245258
事項	-12.245560
▁復讐	-12.245584
▁ホームズ	-12.245732
▁トー	-12.245984
76	-12.246011
叩き	-12.246306
▁たちまち	-12.246508
録	-12.246563
知らん	-12.246746
療法	-12.246826
ナツメ	-12.246880
▁スタン	-12.247000
ハッ	-12.247143
▁ブドウ	-12.247289
▁殺せ	-12.247414
接近	-12.247423
ウェー	-12.247507
▁飲み過ぎ	-12.247555
なき	-12.247589
出会い	-12.248096
▁築き	-12.248433
ler	-12.248574
▁清掃	-12.248575
囚人	-12.248640
▁悩	-12.248703
▁いだく	-12.249153
アクション	-12.249269
置き換え	-12.249290
旗	-12.249484
▁散ら	-12.249632
幼	-12.249782
きちんと	-12.249785
近親	-12.249849
ピーター	-12.249876
ガラ	-12.250202
移住	-12.250333
▁助け手	-12.250438
つきま	-12.250711
,27	-12.251374
特許	-12.251596
裕	-12.251784
▁斜面	-12.251964
ストレス	-12.251966
鮮	-12.251996
▁TR	-12.252151
プラン	-12.252220
厄介	-12.252308
警戒	-12.252322
▁顧みる	-12.252337
周辺	-12.252389
アラ	-12.252435
並み	-12.252504
りなさい	-12.252665
▁サイエンティスト	-12.252707
悪人	-12.252715
▁ふう	-12.252842
ヴァン	-12.252980
▁薬品	-12.253000
▁捕え	-12.253368
工学	-12.253373
▁マウス	-12.253428
ube	-12.253597
▁排除	-12.253657
▁デスク	-12.253680
add	-12.253854
終わらせ	-12.253925
▁取り計ら	-12.254148
よこしま	-12.254246
ハンド	-12.254283
一言	-12.254425
芽	-12.254648
憶	-12.254711
▁グリ	-12.254739
▁助	-12.254766
▁焼か	-12.254771
▁one	-12.254778
33	-12.254817
爪	-12.254836
妨害	-12.254839
もや	-12.254930
▁引き付け	-12.254980
▁トマト	-12.255286
▁フェリ	-12.255438
圧力	-12.255521
▁撮	-12.255544
▁思わず	-12.255585
ショ	-12.255657
▁フォー	-12.256017
クジラ	-12.256028
ge	-12.256126
ティア	-12.256313
だす	-12.256374
▁言い渡	-12.256451
,25	-12.256617
▁文章	-12.256633
ちょ	-12.256680
▁意向	-12.256800
見事	-12.256833
▁趣	-12.256905
▁未婚	-12.256965
ムシ	-12.256985
▁下がれ	-12.257043
冠	-12.257093
▁噴火	-12.257145
▁あい	-12.257323
ゾンビ	-12.257406
大使	-12.257430
マルヤ	-12.257517
▁巡礼	-12.257526
い事	-12.257607
▁ラリー	-12.257710
▁錠	-12.257741
▁人殺し	-12.257757
,31	-12.257893
グマ	-12.258078
ern	-12.258133
たかも	-12.258354
まずい	-12.258415
▁集い	-12.258976
▁召集	-12.259170
▁役員	-12.259176
思わせ	-12.259241
マジ	-12.259330
▁計り知れない	-12.259345
▁刊行	-12.259355
▁感ずる	-12.259517
▁奥義	-12.259920
及び	-12.259951
苦痛	-12.259959
▁やつ	-12.259989
▁力づけ	-12.260015
▁きたる	-12.260195
避	-12.260237
▁調節	-12.260268
ドゥー	-12.260275
▁条	-12.260280
▁結びつき	-12.260458
ジョージ	-12.260494
独り	-12.260665
ほし	-12.260779
▁叫ぶ	-12.260829
lex	-12.260833
勇	-12.261148
▁たたき	-12.261451
▁親し	-12.261460
下す	-12.261631
塞	-12.261763
▁ロジャー	-12.261821
▁フィリスティア	-12.261858
▁オゾン	-12.261892
▁方針	-12.262139
アード	-12.262386
▁虚	-12.262429
パソコン	-12.262464
怖く	-12.262490
あきらめ	-12.262530
認	-12.262574
今朝	-12.262612
▁議長	-12.262628
▁予備	-12.262726
年若い	-12.262812
問い	-12.262813
▁仰	-12.262902
▁分派	-12.262980
内側	-12.263481
▁九	-12.263515
▁葬儀	-12.263697
▁猿	-12.264229
猛	-12.264272
▁ボリビア	-12.264380
▁細い	-12.264386
▁混	-12.264389
▁動植物	-12.264414
▁12,13)	-12.264477
▁論題	-12.264503
▁take	-12.264514
▁思いがけ	-12.264546
骨折	-12.264664
回数	-12.264859
▁敬い	-12.264863
拾	-12.264982
忍耐	-12.265061
設置	-12.265062
▁追い出し	-12.265155
ニャ	-12.265254
▁せいぜい	-12.265307
金庫	-12.265342
デュ	-12.265363
▁前半	-12.265536
ell	-12.265581
眠れ	-12.265620
ハンサム	-12.265782
▁アンドリュー	-12.265939
動かし	-12.266666
▁憤	-12.266671
デール	-12.266715
クト	-12.266734
▁釣り合い	-12.266936
られず	-12.266944
▁戦時	-12.266988
▁とりあ	-12.267023
▁綱	-12.267070
▁トゥ	-12.267255
▁申し上げ	-12.267308
▁へび	-12.267336
▁部品	-12.267363
MA	-12.267499
永	-12.267557
トリー	-12.267560
▁救い出す	-12.267610
苦難	-12.267619
天国	-12.267697
▁あくまで	-12.267778
が重要	-12.268040
付か	-12.268359
▁43)	-12.268491
伝達	-12.268585
訪れる	-12.268622
▁仕返し	-12.268818
▁拒絶	-12.268886
34	-12.268943
恨	-12.269175
仮想	-12.269382
切れる	-12.269460
▁診療	-12.269567
ならず	-12.269584
▁重く	-12.270014
午前	-12.270016
悪事	-12.270080
▁ジュ	-12.270164
簿	-12.270204
▁18;	-12.270279
処罰	-12.270298
着け	-12.270462
▁ダニ	-12.270830
▁さらす	-12.270936
▁大臣	-12.271072
▁見極める	-12.271072
ロール	-12.271260
▁取り去	-12.271386
▁演説	-12.271514
▁地雷	-12.271604
たま	-12.271677
inte	-12.271819
▁フレッド	-12.271934
▁建	-12.271934
▁暗黒	-12.271973
▁河川	-12.271991
▁リポート	-12.272200
▁ヘロイン	-12.272515
▁薄	-12.272534
ice	-12.272545
▁用い方	-12.272545
▁少なから	-12.272546
▁声明	-12.272652
▁アレク	-12.273466
後代	-12.273698
▁憎み	-12.273893
楽しく	-12.273902
▁取り上げる	-12.274006
ステージ	-12.274376
The	-12.274524
▁ケーキ	-12.274530
▁ひとたび	-12.274541
▁取れる	-12.274985
台なし	-12.275060
▁暦	-12.275249
爆破	-12.275371
無料	-12.275519
▁さかのぼ	-12.275576
▁温暖	-12.275663
狙い	-12.275715
ボク	-12.276027
浮	-12.276061
メモ	-12.276097
▁オリビア	-12.276317
親し	-12.276543
▁とり	-12.276555
ヘッド	-12.276564
ライダー	-12.276750
▁複合	-12.276787
▁ティンダル	-12.277067
齢	-12.277089
▁整理	-12.277120
キャプ	-12.277142
▁ベー	-12.277250
▁テレサ	-12.277431
貨	-12.277516
▁昇	-12.277717
▁アンディ	-12.277763
粗	-12.277920
85	-12.277961
野獣	-12.278142
▁済ま	-12.278249
▁キューバ	-12.278265
授	-12.278387
▁落ち込	-12.278526
▁脅かし	-12.278636
▁及ば	-12.278644
sa	-12.278655
▁59	-12.278964
▁間違え	-12.278977
▁カレンダー	-12.279049
ブログ	-12.279217
▁エクス	-12.279285
,24	-12.279511
▁アルバム	-12.279587
捨てろ	-12.279613
▁エクアドル	-12.279625
▁Canada	-12.279626
▁前方	-12.279669
▁雄牛	-12.279698
▁王妃	-12.280281
糧	-12.280434
資格	-12.280531
注射	-12.280538
▁郡	-12.280700
清め	-12.280861
▁すべ	-12.281019
▁ほめたたえ	-12.281039
戯れ	-12.281054
▁面白	-12.281315
投げ込	-12.281408
導入	-12.281553
▁戻れ	-12.282142
▁フィリポ	-12.282214
無線	-12.282278
▁移し	-12.282800
詳しい	-12.283125
メーカー	-12.283148
▁肥料	-12.283246
飢え	-12.283376
お疲れ	-12.283394
添え	-12.283483
▁ぶり	-12.283521
ニウム	-12.283896
つぶ	-12.283954
▁ヘリコプター	-12.284023
▁配達	-12.284575
▁芸	-12.284615
符	-12.284694
IP	-12.284715
▁ためらう	-12.284830
換	-12.284848
▁霧	-12.284892
奪う	-12.285013
壊し	-12.285110
▁放射能	-12.285366
▁メル	-12.285460
▁順位	-12.285490
▁学問	-12.285625
▁ハロー	-12.285882
51	-12.285887
やめる	-12.286050
▁疑	-12.286128
急ぎ	-12.286294
ドック	-12.287008
一斉に	-12.287016
シオン	-12.287423
インタ	-12.287580
ピク	-12.287796
夜中	-12.287798
▁浜辺	-12.287927
▁喪失	-12.287942
解き	-12.288062
▁テン	-12.288154
ive	-12.288218
▁お手伝い	-12.288287
妄想	-12.288340
▁惜し	-12.288343
▁DVD	-12.288383
▁保て	-12.288455
ブランド	-12.288464
▁大佐	-12.288469
▁松	-12.288497
▁初子	-12.288549
国々	-12.288667
イー	-12.288668
スライ	-12.288848
▁つまずき	-12.288992
▁Cons	-12.289054
▁パニック	-12.289067
げん	-12.289081
少数	-12.289357
▁投げかけ	-12.289493
地方	-12.289631
▁1946	-12.290092
の保護	-12.290103
およそ	-12.290143
いかに	-12.290161
▁ポイント	-12.290168
down	-12.290534
▁呼び求める	-12.290799
CD	-12.290892
▁un	-12.290901
ゾナ	-12.291140
発射	-12.291180
▁タンク	-12.291280
儀	-12.291339
オーバー	-12.291350
▁棚	-12.291870
▁苦々し	-12.291943
流し	-12.292244
除き	-12.292352
思い出せ	-12.292414
▁提唱	-12.292471
▁癖	-12.292490
▁グラス	-12.292670
捕獲	-12.292858
▁年鑑	-12.292921
▁オオカミ	-12.292953
用語	-12.292973
ハニ	-12.293034
▁誇る	-12.293050
まみれ	-12.293061
▁堂	-12.293322
アジア	-12.293717
マルコ	-12.293771
▁普及	-12.293915
▁トル	-12.293985
▁孤児	-12.294069
ワット	-12.294251
汚	-12.294346
適正	-12.294627
▁ブラン	-12.294691
▁障壁	-12.294862
▁13;	-12.294868
°	-12.295110
▁肢体	-12.295237
▁くだら	-12.295336
ext	-12.295831
温度	-12.295886
甲	-12.296194
▁入り込	-12.296204
朝鮮	-12.296265
賜物	-12.296339
チケット	-12.296341
ついに	-12.296576
バリー	-12.296668
▁ヌ	-12.297167
▁雷	-12.297241
▁歯科	-12.297353
▁ペンキ	-12.297365
▁平穏	-12.297371
▁浮か	-12.297703
伍	-12.297712
建	-12.297731
▁お話	-12.297934
母さん	-12.297994
セス	-12.298106
▁ヘリ	-12.298135
相応し	-12.298228
ぶら	-12.298433
▁ペース	-12.298915
絶滅	-12.298919
利用でき	-12.298948
動脈	-12.298961
ズム	-12.299120
▁タイトル	-12.299448
▁見せかけ	-12.299591
▁侵害	-12.299891
▁引き渡	-12.300261
ドール	-12.300292
▁マケドニア	-12.300306
岡	-12.300321
ちょう	-12.300379
スロー	-12.300429
▁尽き	-12.300682
▁風景	-12.300800
▁奇	-12.300904
▁訪ねる	-12.301014
関わり	-12.301156
旧	-12.301228
▁91	-12.301301
▁リズム	-12.301320
▁60%	-12.301374
貧困	-12.301558
▁諸君	-12.301562
ゆま	-12.301618
金額	-12.301985
▁慈悲	-12.302299
ーグル	-12.302484
リャ	-12.302530
EO	-12.302629
▁万一	-12.302720
沃	-12.302942
▁索引	-12.302943
▁殺りく	-12.302945
▁むすこ	-12.302973
▁往々	-12.303019
der	-12.303053
▁カルロス	-12.303074
リュ	-12.303197
▁催し	-12.303289
支払う	-12.303299
汚い	-12.303309
▁衰退	-12.303349
▁サポート	-12.303482
▁コウモリ	-12.303503
400	-12.303796
むしろ	-12.303884
倒し	-12.303909
スビー	-12.304091
オンライン	-12.304252
例外	-12.304504
▁世論	-12.304593
ミルク	-12.304688
▁礼	-12.304703
▁アイザック	-12.304752
▁爆破	-12.304765
uk	-12.304834
▁ウッド	-12.304923
度々	-12.304986
晴れ	-12.304996
▁フィルム	-12.305001
ダース	-12.305028
ルト	-12.305126
人種	-12.305283
▁シンガポール	-12.305394
▁バンド	-12.305520
▁ザンビア	-12.305567
稚	-12.305567
▁風潮	-12.305621
▁押さ	-12.305730
増し	-12.305736
センチ	-12.305742
31	-12.305820
▁ラム	-12.305839
lock	-12.306134
▁争	-12.306200
▁4.0	-12.306216
▁45)	-12.306353
▁賢人	-12.306516
ose	-12.306532
▁グローブ	-12.306540
▁St	-12.306655
ベスト	-12.306660
▁見守る	-12.306736
分ける	-12.306775
,29	-12.306803
祖父	-12.306945
▁節度	-12.307025
ピア	-12.307119
▁内戦	-12.307153
he	-12.307186
▁開ける	-12.307206
ミル	-12.307281
▁手続き	-12.307291
▁こんばん	-12.307306
んぞ	-12.307455
▁105	-12.307502
▁再度	-12.307524
elect	-12.307556
▁諦	-12.307590
触れる	-12.308002
▁芝	-12.308143
▁盛り	-12.308303
▁水平	-12.308497
43	-12.308615
白人	-12.308660
▁指し示	-12.308797
ul	-12.309107
▁ヌー	-12.309266
▁出来上が	-12.309283
離し	-12.309350
▁やむ	-12.309390
鎖	-12.309465
66	-12.309551
コリント	-12.309552
トレイ	-12.309604
▁敷	-12.309629
▁新生	-12.309629
ヘイ	-12.309664
おお	-12.309857
▁ヒル	-12.309965
▁ならわし	-12.310026
折り	-12.310133
焼け	-12.310405
▁勃発	-12.310586
▁カウンセラー	-12.310858
揃	-12.310881
▁ハリケーン	-12.310935
▁So	-12.311080
山岳	-12.311119
▁食堂	-12.311563
▁クイン	-12.311597
▁ラクダ	-12.311634
歌う	-12.311711
▁ステップ	-12.311826
▁置いて	-12.311857
思える	-12.311990
▁統合	-12.312124
復讐	-12.312216
統合	-12.312304
ジャンプ	-12.312314
PI	-12.312368
おじさん	-12.312388
▁ベラ	-12.312435
▁おう	-12.312485
風邪	-12.312492
上級	-12.312699
text	-12.312778
女子	-12.312830
▁引き裂	-12.312974
バート	-12.312975
▁ニュートン	-12.313131
▁作り話	-12.313208
貧者	-12.313281
▁じか	-12.313302
▁柔らかい	-12.313396
▁ゴモラ	-12.313489
▁1941	-12.313581
きっ	-12.313598
▁現わし	-12.313934
▁ナイ	-12.314057
▁漂	-12.314095
▁賭け	-12.314288
▁兆候	-12.314407
当たる	-12.314433
▁君主	-12.314791
知らせる	-12.314793
▁汚し	-12.314889
▁探り	-12.314974
サブ	-12.315156
▁クー	-12.315165
▁寺院	-12.315188
通知	-12.315434
▁突き止め	-12.315439
重さ	-12.315553
▁祝祭	-12.315855
▁差し迫	-12.316167
▁微小	-12.316246
▁遺物	-12.316338
▁アイデア	-12.316880
クリス	-12.317218
▁ドラゴン	-12.317220
▁セプトゥアギンタ	-12.317249
▁愛着	-12.317288
▁ハート	-12.317325
▁写し	-12.317467
ッティ	-12.317510
▁レイチェル	-12.317534
鉱	-12.317567
象徴	-12.317616
タクシー	-12.317648
▁苦情	-12.318056
人殺し	-12.318068
くして	-12.318080
楽しむ	-12.318082
▁疲れ果て	-12.318586
way	-12.319115
カタ	-12.319213
▁弾丸	-12.319243
▁礼儀	-12.319266
出血	-12.319311
▁購	-12.319507
分類	-12.319514
▁接し方	-12.319841
the	-12.320064
オーストラリア	-12.320313
征服	-12.320347
判明	-12.320533
▁飼	-12.320627
▁フットボール	-12.320659
マリア	-12.320911
▁3,	-12.320941
祭り	-12.321054
▁服役	-12.321179
すな	-12.321189
※	-12.321461
▁アンティオキア	-12.321462
▁父上	-12.321537
▁78	-12.321581
▁おびただしい	-12.321642
敗	-12.321690
スタンス	-12.321714
▁原始	-12.321749
▁ワン	-12.321861
▁パン種	-12.322039
jw	-12.322174
▁広まり	-12.322244
▁ダー	-12.322610
どけ	-12.322751
▁ぬぐい去	-12.323026
RE	-12.323054
光景	-12.323065
ホームズ	-12.323312
▁中間	-12.323348
▁混合	-12.323361
▁そっくり	-12.323387
▁8,9)	-12.323535
▁下痢	-12.323754
▁返す	-12.323796
添	-12.323975
▁冒	-12.324000
▁電池	-12.324005
憲	-12.324042
▁95	-12.324102
▁キプロス	-12.324135
▁もてなす	-12.324159
中身	-12.324194
▁寄生虫	-12.324203
ざま	-12.324341
悲劇	-12.324417
▁閣下	-12.324466
▁ちょ	-12.324829
ょ	-12.325281
EN	-12.325667
▁最中	-12.325734
ドラゴン	-12.325751
収益	-12.325755
▁存	-12.325974
▁ノック	-12.326072
モント	-12.326123
チア	-12.326195
体制	-12.326255
ぶる	-12.326807
ロープ	-12.326840
▁アブラム	-12.327057
▁幾十	-12.327102
▁ルイ	-12.327335
▁All	-12.327428
▁ビッグ	-12.327570
▁軟	-12.327718
恐ろしく	-12.327775
▁判明	-12.328166
拷問	-12.328460
負担	-12.328489
▁基づ	-12.328496
垂	-12.328617
▁ざ	-12.328677
名簿	-12.328687
▁夜明け	-12.328816
▁殺し屋	-12.328820
▁弱め	-12.329104
ml	-12.329203
誤差	-12.329288
とどまら	-12.329313
▁けれど	-12.329462
μ	-12.329502
プロトコル	-12.329509
▁振動	-12.329563
スキル	-12.329578
普遍	-12.329607
▁格言	-12.329663
▁通報	-12.329697
▁解雇	-12.329755
▁図表	-12.329798
▁隅	-12.329800
必	-12.329818
▁カリブ	-12.329877
▁クロー	-12.329919
明るい	-12.330088
みが	-12.330564
応報	-12.330618
笑う	-12.330870
3)	-12.330874
▁ありがたい	-12.330888
EX	-12.330916
ざり	-12.331077
マイケル	-12.331209
満たす	-12.331223
▁物価	-12.331391
▁ho	-12.331415
▁やけど	-12.331469
教室	-12.331590
慰め	-12.332071
▁チェ	-12.332194
▁陣営	-12.332203
cess	-12.332271
▁減らし	-12.332288
▁99	-12.332403
憂い	-12.332465
堂	-12.332713
ニヤ	-12.332771
▁通じる	-12.332793
▁幕	-12.332829
ブレ	-12.332968
▁受精	-12.333045
▁所属	-12.333076
▁得意	-12.333186
ペル	-12.333608
▁罰金	-12.333717
るという	-12.333982
▁レジ	-12.334031
話し合	-12.334083
▁濃	-12.334091
ツァ	-12.334620
同然	-12.334622
▁2009	-12.334902
❑	-12.334903
ッソ	-12.335436
▁出費	-12.335670
▁2010	-12.335779
▁how	-12.335779
▁怠惰	-12.335801
壊す	-12.335830
▁変異	-12.335895
▁幼子	-12.336090
▁手助け	-12.336170
▁水路	-12.336185
▁県	-12.336576
▁われら	-12.336599
大戦	-12.336600
涼	-12.336789
now	-12.336913
▁ジュリエット	-12.336919
日曜	-12.336946
相続	-12.336959
▁性交	-12.337027
概	-12.337424
▁エス	-12.337487
▁明かり	-12.337508
▁1963	-12.337785
ピーク	-12.337852
▁見失	-12.337880
▁果実	-12.337901
弟子	-12.337934
72	-12.337936
植え	-12.337951
▁ウォル	-12.338012
スキ	-12.338059
▁賢	-12.338170
▁通わせる	-12.338276
データの	-12.338387
盛り	-12.338501
やし	-12.338887
▁山地	-12.339042
▁引き金	-12.339064
▁増し加える	-12.339116
リンゴ	-12.339201
▁わく	-12.339371
寄付	-12.339395
捧げる	-12.339732
PD	-12.339733
召し	-12.339862
net	-12.340204
▁La	-12.340372
▁マーティン	-12.340412
安い	-12.340438
▁改良	-12.340513
▁落とす	-12.340636
▁傷つ	-12.340867
▁ぶっ	-12.341022
ment	-12.341185
▁異言	-12.341682
▁オープン	-12.341705
▁際立た	-12.341918
硬	-12.342097
▁喉	-12.342153
傾け	-12.342196
どんどん	-12.342197
ボストン	-12.342490
年上	-12.342581
掘	-12.342837
▁25,26	-12.343233
▁材	-12.343248
▁108	-12.343389
欲する	-12.343412
募	-12.343435
▁思い煩	-12.343546
▁中身	-12.343736
▁パイプ	-12.343835
撃て	-12.343987
▁おばあちゃん	-12.343988
▁ならせ	-12.344241
栄え	-12.344346
78	-12.344737
痕	-12.344895
デジタル	-12.344963
▁弓	-12.345043
▁目立つ	-12.345115
求	-12.345177
繕	-12.345786
覗	-12.345786
▁最古	-12.346291
▁詰ま	-12.346318
68	-12.346470
ゲー	-12.346499
▁一環	-12.346631
スタッフ	-12.346893
甘い	-12.346904
▁ボル	-12.346946
モール	-12.346951
▁絵画	-12.347293
モンスター	-12.347305
▁ステ	-12.347338
隣人	-12.347472
▁びん	-12.347518
str	-12.347651
湿	-12.347742
倉庫	-12.347750
栄養	-12.347758
追求	-12.347762
しばしば	-12.347778
イング	-12.347849
▁帰する	-12.347865
虐殺	-12.347961
ベラ	-12.348065
93	-12.348204
今後	-12.348603
▁即位	-12.348619
▁奪い	-12.348619
▁ちがい	-12.348783
抜ける	-12.348939
ヒト	-12.349439
▁不能	-12.349776
高度	-12.350126
一定	-12.350185
▁投与	-12.350204
巡礼	-12.350533
講演	-12.350585
▁崩れ	-12.350652
89	-12.350782
▁がんば	-12.351027
守ら	-12.351213
慈	-12.351253
▁キュロス	-12.351283
なんとか	-12.351288
愚鈍	-12.351333
応え	-12.351354
昇	-12.351422
現わす	-12.351489
タマ	-12.351576
ポリシー	-12.351667
▁消す	-12.352035
▁側面	-12.352312
▁ジェイコブ	-12.352444
CC	-12.352484
クリ	-12.352683
▁渡す	-12.352859
果たす	-12.352936
暗殺	-12.352957
グローバル	-12.353323
睡眠	-12.353333
載せ	-12.353516
▁love	-12.353679
▁守れ	-12.353767
ボーン	-12.353783
▁ウィルソン	-12.353977
▁幾十億	-12.354324
uck	-12.354364
ほら	-12.354506
▁ののしり	-12.354701
留守	-12.354730
▁ナイル	-12.354815
▁済	-12.355046
揺	-12.355194
54	-12.355397
▁将校	-12.355593
▁リード	-12.355717
▁きっぱり	-12.355720
ッキング	-12.355742
▁チュー	-12.355833
買え	-12.355886
▁整える	-12.355920
喉	-12.356118
順番	-12.356302
しすぎ	-12.356334
代償	-12.356621
使い方	-12.356688
すっかり	-12.356692
の海	-12.356737
▁ニコチン	-12.356796
▁連れ去	-12.357224
▁10,11)	-12.357238
1958	-12.357301
▁カスタ	-12.357388
▁包み	-12.357592
▁継	-12.357636
▁ソース	-12.357759
▁変動	-12.357868
ホスト	-12.357964
▁シベリア	-12.358236
南東	-12.358377
集会	-12.358377
荒	-12.358412
▁おじさん	-12.358448
ツェ	-12.358488
▁70%	-12.358509
六	-12.358901
欄	-12.358931
AT	-12.358973
気候	-12.359026
オレンジ	-12.359182
ファイ	-12.359285
▁アフガニスタン	-12.359420
▁王位	-12.359517
▁敬礼	-12.359583
かぶ	-12.359587
▁教え方	-12.359599
ally	-12.359795
すべ	-12.360044
食う	-12.360147
▁台風	-12.360162
▁覚まし	-12.360402
▁愛し合う	-12.360407
頼り	-12.360600
ラプラス	-12.360633
▁パル	-12.360667
作れ	-12.360673
れるように	-12.360749
覚まし	-12.360755
戯	-12.360784
▁透明	-12.360848
▁泳	-12.360987
▁体育	-12.360999
▁戦後	-12.361028
▁ラベル	-12.361305
▁居留	-12.361306
▁いす	-12.361525
書き換え	-12.361597
指摘	-12.361764
▁幾万	-12.361801
ポリス	-12.361897
▁ふん	-12.362000
▁占領	-12.362024
お兄さん	-12.362052
▁ケリー	-12.362206
,32	-12.362327
踪	-12.362339
▁毛布	-12.362374
▁幼虫	-12.362399
▁ハガイ	-12.362408
8)	-12.362411
▁29,30	-12.362574
育てる	-12.362592
▁案	-12.363243
ポリ	-12.363922
▁動け	-12.363977
ローズ	-12.364119
ag	-12.364150
▁夕	-12.364188
▁逐	-12.364456
▁金額	-12.364537
プログラミング	-12.364563
がけ	-12.364850
▁陶器	-12.365143
ted	-12.365176
42	-12.365264
▁取得	-12.365468
▁圧	-12.365470
買い物	-12.365481
▁Sh	-12.365506
▁部長	-12.365561
▁廊下	-12.365722
▁せっか	-12.365889
▁フランシス	-12.366102
▁むずかしい	-12.366109
▁ファッション	-12.366224
▁かご	-12.366371
▁重き	-12.366387
▁摂	-12.366415
役立た	-12.366590
▁幻覚	-12.366767
▁奥様	-12.366823
作れる	-12.367032
au	-12.367110
▁採掘	-12.367124
▁明る	-12.367208
パイロット	-12.367414
激しい	-12.367586
傾き	-12.367599
▁溝	-12.367666
count	-12.367714
▁夫妻	-12.367738
手伝い	-12.367805
ザック	-12.367812
▁害する	-12.367972
▁観念	-12.368164
▁生き返ら	-12.368173
▁24,25)	-12.368213
▁バーバラ	-12.368288
外科	-12.368335
▁ファー	-12.368365
▁容姿	-12.368370
error	-12.368515
fe	-12.368595
▁試す	-12.368623
▁隻	-12.368805
▁薄れ	-12.368996
▁推し進める	-12.369039
哲学	-12.369066
▁シスター	-12.369287
▁高官	-12.369379
▁ブラッド	-12.369786
上げろ	-12.369802
凡	-12.369984
▁大国	-12.370043
既	-12.370112
▁ターゲット	-12.370127
放棄	-12.370295
動揺	-12.370350
偵	-12.370537
あり得	-12.370675
▁サンヘドリン	-12.370719
▁再婚	-12.370960
5)	-12.371131
低下	-12.371470
奥地	-12.371490
報道	-12.371602
▁Ma	-12.371888
イド	-12.372103
惑わ	-12.372163
▁合同	-12.372499
たびたび	-12.372643
捕	-12.372901
▁生成	-12.372945
▁正に	-12.373014
唇	-12.373098
牧師	-12.373144
▁ハニー	-12.373220
チャック	-12.373224
▁スタ	-12.373281
▁ボアズ	-12.373528
累	-12.373530
▁訳出	-12.373652
▁抜き	-12.373663
苦手	-12.373694
探偵	-12.373712
狩り	-12.373713
電力	-12.373716
香り	-12.373748
ユニット	-12.373957
転送	-12.373992
思いやり	-12.374076
巡	-12.374090
昼食	-12.374098
▁就き	-12.374173
律	-12.374242
▁打ち上げ	-12.374357
▁ゾー	-12.374371
▁ミシ	-12.374436
line	-12.374452
▁出生	-12.374479
っくり	-12.375127
▁飢餓	-12.375332
▁漸	-12.375372
ーダム	-12.375474
▁さらし	-12.375532
金貨	-12.375641
っぺ	-12.375840
インデックス	-12.375937
財布	-12.375969
98	-12.375990
遊ぶ	-12.376175
盲目	-12.376176
▁慰める	-12.376273
▁カラム	-12.376334
▁商店	-12.376432
大佐	-12.376485
▁嫁	-12.376493
確証	-12.376503
▁成熟	-12.376534
▁any	-12.376584
祖母	-12.376657
シル	-12.376659
97	-12.376687
▁潮	-12.376787
▁遊ぶ	-12.376823
▁サムソン	-12.376826
ハール	-12.376907
判決	-12.376962
ゼット	-12.377146
▁きる	-12.377470
▁便	-12.377501
▁性向	-12.377615
担っ	-12.378131
ランプ	-12.378175
▁ドレス	-12.378303
シック	-12.378456
95	-12.378544
▁遭わ	-12.378658
降りる	-12.378670
▁正さ	-12.378705
膝	-12.378815
お茶	-12.378937
儀式	-12.378944
ぐら	-12.378983
▁整備	-12.379038
▁それなり	-12.379100
▁悩ませ	-12.379166
▁資材	-12.379169
▁供え物	-12.379283
ベット	-12.379752
ブー	-12.379822
見失	-12.380044
浸	-12.380293
▁1,5	-12.380364
望ましく	-12.380402
▁ステファノ	-12.380607
▁キャプ	-12.380707
▁幽霊	-12.380857
テオ	-12.380894
隅	-12.380958
強化	-12.381148
ニュ	-12.381492
▁後退	-12.381689
模様	-12.381730
採用	-12.381779
フォーム	-12.381789
▁ルーク	-12.381905
ゲノム	-12.382002
該	-12.382003
カール	-12.382026
▁弁明	-12.382096
祝	-12.382154
▁楽しめ	-12.382249
乗っ	-12.382259
▁柔軟	-12.382277
▁辞め	-12.382497
▁買わ	-12.382602
▁恐竜	-12.382863
▁身長	-12.382921
▁つかま	-12.383165
人工	-12.383174
▁浮かぶ	-12.383227
▁予知	-12.383445
▁しきり	-12.383524
役目	-12.383565
びり	-12.383754
セキュリティ	-12.383990
セイ	-12.384019
グレー	-12.384065
救出	-12.384449
留ま	-12.384588
宝石	-12.384622
運営	-12.384626
捕らえ	-12.384646
▁マスコミ	-12.384658
災難	-12.384729
に合わ	-12.384786
再現	-12.384788
▁要し	-12.384856
▁帰れ	-12.384925
▁泳ぎ	-12.384946
▁デニス	-12.385029
▁1944	-12.385047
▁小学	-12.385192
イズ	-12.385607
重ね	-12.385747
im	-12.385876
▁ぞっ	-12.385928
▁ハード	-12.386150
呪い	-12.386526
▁全長	-12.387031
況	-12.387109
包帯	-12.387395
観察し	-12.387497
試練	-12.387505
たいな	-12.387512
健全	-12.387522
アラーム	-12.387642
生涯	-12.387647
▁ハンス	-12.387653
ヒット	-12.387664
▁コロンブス	-12.387692
果物	-12.387706
サタン	-12.387768
火事	-12.388001
指数	-12.388024
▁座れ	-12.388394
▁ヤン	-12.388624
▁窒素	-12.388638
ブラウン	-12.388694
▁ふける	-12.388767
▁重んじ	-12.388859
▁テッド	-12.389187
お持ち	-12.389207
ぽ	-12.389238
▁明け	-12.389597
銘	-12.389853
▁折れ	-12.390039
▁仕上げ	-12.390208
批判	-12.390369
難い	-12.390558
あわせ	-12.390602
閉じる	-12.390724
▁ルース	-12.390751
▁回る	-12.390922
▁National	-12.390983
▁おこ	-12.391262
ジャケット	-12.391441
▁豪華	-12.391629
▁ミラー	-12.391769
▁家令	-12.391995
奏	-12.392231
文学	-12.392330
▁カエル	-12.392359
▁荒れ	-12.392387
体重	-12.392506
▁そうそう	-12.392521
漏れ	-12.392695
shi	-12.392729
ベア	-12.392772
繰り返	-12.393004
罠	-12.393260
霧	-12.393266
▁遺言	-12.393283
▁投げ落と	-12.393379
▁ゆがめ	-12.393382
▁中南米	-12.393414
こり	-12.393618
ンパイア	-12.393620
▁証書	-12.393623
▁恨み	-12.393694
PC	-12.393891
▁乳児	-12.393962
▁傍	-12.394036
困る	-12.394158
換え	-12.394242
▁取り除き	-12.394446
▁バルク	-12.394465
めい	-12.394604
▁通路	-12.394674
▁丈夫	-12.394810
▁フラッシュ	-12.394909
聖人	-12.395139
▁クラスメート	-12.395167
271	-12.395317
600	-12.395467
▁ティム	-12.395548
東方	-12.395601
天皇	-12.395610
▁衰弱	-12.395887
book	-12.396222
▁ニューズウィーク	-12.396288
é	-12.396289
▁ルーマニア	-12.396296
▁オプション	-12.396380
節約	-12.396420
▁呪い	-12.396559
ミア	-12.396667
スカート	-12.396885
ack	-12.396888
1,	-12.396964
▁ラップ	-12.397108
▁富み	-12.397127
▁振る舞う	-12.397190
▁聴力	-12.397222
ッグ	-12.397225
▁交信	-12.397649
81	-12.397731
▁流す	-12.397946
掛かる	-12.398043
チェスター	-12.398233
▁成年	-12.398290
AL	-12.398308
▁つら	-12.398396
方々	-12.398461
▁渓谷	-12.398684
▁死海	-12.398765
▁つる	-12.398897
ムズ	-12.398914
▁67	-12.399036
▁ささや	-12.399065
枠	-12.399096
栄誉	-12.399099
ほんと	-12.399131
ハメ	-12.399141
押	-12.399158
云	-12.399168
▁1948	-12.399503
高位	-12.399613
▁出口	-12.399663
▁あご	-12.399714
▁通読	-12.399835
▁乗り越える	-12.399926
▁バージニア	-12.399961
▁ライン	-12.400080
飲み物	-12.400140
▁施行	-12.400265
ーニ	-12.400433
▁慈しみ	-12.400490
グロ	-12.400492
▁ドライブ	-12.400716
▁砲	-12.400918
利用可能	-12.401033
▁暮れ	-12.401073
non	-12.401193
▁扇動	-12.401357
▁特定の	-12.401398
▁旗	-12.401508
▁追いかけ	-12.401612
▁誇張	-12.401663
▁肉的	-12.401686
LA	-12.401765
▁mat	-12.401921
BC	-12.402068
ギリ	-12.402100
▁滑らか	-12.402242
▁灰色	-12.402843
▁インター	-12.403093
44	-12.403095
▁挑	-12.403099
穂	-12.403185
疑う	-12.403299
▁好ましい	-12.403399
2000	-12.403450
▁ジョンソン	-12.403459
▁倒れる	-12.403474
▁毛皮	-12.403563
▁ゆだねる	-12.403735
▁割り	-12.403775
PA	-12.404122
▁滅	-12.404127
念じ	-12.404172
▁ルワンダ	-12.404213
▁ブタ	-12.404453
ince	-12.404659
コウ	-12.404727
マク	-12.404842
▁乗り物	-12.404894
告白	-12.405024
look	-12.405133
ぜん	-12.405176
要因	-12.405198
▁ダウン	-12.405200
知能	-12.405453
▁悲しむ	-12.405800
メイト	-12.405942
▁(2	-12.406252
ü	-12.406254
見せろ	-12.406312
▁包囲	-12.406402
▁緩和	-12.406688
取り組み	-12.406739
val	-12.406785
▁横たわ	-12.406889
sp	-12.406900
苦しい	-12.407086
▁見聞き	-12.407232
▁トゥー	-12.407274
▁礁	-12.407393
▁金庫	-12.407479
▁陥ら	-12.407493
輝く	-12.407543
▁幻想	-12.407640
▁かかえ	-12.407717
覚め	-12.407785
▁頒布	-12.407866
暗黒	-12.407960
▁青少年	-12.407964
同胞	-12.407992
確立	-12.408065
愛情	-12.408327
そく	-12.408432
▁くず	-12.408498
マックス	-12.409212
詰ま	-12.409408
われわれ	-12.409649
パーク	-12.409754
▁灯	-12.409974
見付け	-12.410018
▁牧場	-12.410177
即	-12.410617
▁指紋	-12.410683
しょ	-12.410752
ショップ	-12.410875
遭遇	-12.410892
承認	-12.410905
敬意	-12.410991
淫行	-12.411084
▁陸地	-12.411255
▁明瞭	-12.411362
▁潔白	-12.411578
ホーン	-12.411649
▁大王	-12.412028
▁平ら	-12.412126
掛か	-12.412214
ビーチ	-12.412313
場面	-12.412341
対称	-12.412386
▁昇進	-12.412766
▁視聴	-12.412949
▁キン	-12.413026
▁地中	-12.413028
メラ	-12.413169
女児	-12.413176
ミオ	-12.413289
▁引き受け	-12.413292
救わ	-12.413550
電球	-12.413691
汗	-12.413826
順序	-12.413855
豊富	-12.413863
▁果	-12.413871
▁ハム	-12.413891
▁1931	-12.413940
▁組み立て	-12.413987
諸島	-12.414038
▁かど	-12.414071
▁アホ	-12.414238
やす	-12.414259
▁ノーベル	-12.414362
▁ソー	-12.414384
▁バター	-12.414818
▁カバ	-12.415331
ラーム	-12.415519
▁エア	-12.415633
▁こわ	-12.415689
ac	-12.416040
▁満ち足り	-12.416070
▁140	-12.416083
▁負い	-12.416141
ST	-12.416312
バーン	-12.416413
ME	-12.416564
▁ともしび	-12.416646
輸送	-12.416868
▁草木	-12.416869
▁葬	-12.417058
▁妊婦	-12.417092
激しく	-12.417094
回収	-12.417318
スカイ	-12.417399
増える	-12.417540
▁椅子	-12.417622
狂信	-12.418042
▁増し加わ	-12.418197
▁ダム	-12.418543
▁広さ	-12.418648
▁紅茶	-12.418912
▁廃止	-12.419026
トロ	-12.419230
▁新英	-12.419258
▁木曜	-12.419276
今や	-12.419284
惹	-12.419579
▁根ざし	-12.419637
りすぎ	-12.419657
▁情熱	-12.419712
▁追う	-12.419925
恥ず	-12.420022
▁屋外	-12.420026
狭く	-12.420033
博物	-12.420040
▁かんし	-12.420300
さり	-12.420485
▁20,21)	-12.420516
▁シンプ	-12.420765
利き	-12.421021
味わ	-12.421037
用心	-12.421071
▁Le	-12.421494
▁芽	-12.421942
▁Ye	-12.422117
成す	-12.422321
須	-12.422528
隙	-12.422530
▁魔	-12.422653
▁じっと	-12.422669
▁風習	-12.422728
欠け	-12.422740
トニー	-12.422796
アドバイス	-12.422834
▁噂	-12.422846
パネル	-12.422920
▁あずかれる	-12.423007
インター	-12.423020
大声	-12.423135
こん	-12.423178
▁コンサート	-12.423293
▁域	-12.423387
スタイン	-12.423445
ミーム	-12.423693
機密	-12.423976
瓶	-12.424301
▁紙幣	-12.424478
▁取り分け	-12.424642
コーブ	-12.424777
▁配列	-12.424834
▁懐かし	-12.424891
▁はびこ	-12.425075
ずく	-12.425151
▁通訳	-12.425324
例え	-12.425470
▁コルネリオ	-12.425488
▁モルデカイ	-12.425488
▁ニュージャージ	-12.425492
▁サンデー	-12.425551
▁ヒュー	-12.425582
絞	-12.425632
▁快	-12.425653
▁しつけ	-12.425755
漁	-12.425834
じゅう	-12.425852
▁膝	-12.425859
お姉さん	-12.425909
▁暖かく	-12.426018
▁品種	-12.426104
▁バッグ	-12.426215
実施	-12.426417
▁元気づけ	-12.426532
一本	-12.426650
etch	-12.426712
▁ポン	-12.427124
▁免除	-12.427158
▁惑わし	-12.427215
ast	-12.427309
レンジャー	-12.427328
震	-12.427436
▁介	-12.427447
▁握	-12.427689
プリンタ	-12.427910
▁名づけ	-12.428230
ラント	-12.428279
▁固め	-12.428287
朽	-12.428390
▁対型	-12.428700
▁マシュー	-12.428748
▁歳月	-12.428757
蜜	-12.428824
▁貧しく	-12.428877
呼ばわり	-12.428878
文章	-12.428951
▁雇	-12.428976
恐	-12.429026
憎	-12.429066
▁大地	-12.429317
▁立ち寄	-12.429765
▁富ま	-12.429794
つま	-12.429950
▁いかにも	-12.429988
▁ever	-12.430014
▁オイ	-12.430044
▁不可	-12.430358
▁止まり	-12.430531
▁益する	-12.430542
▁環	-12.430620
▁王子	-12.430701
▁打っ	-12.430735
ざん	-12.430779
▁含める	-12.431252
▁優雅	-12.431284
シミュレーション	-12.431444
▁1966	-12.431665
っぽく	-12.431676
刃	-12.431850
助か	-12.432081
▁臨床	-12.432092
あまね	-12.432137
クエリ	-12.432215
金利	-12.432370
▁少々	-12.432376
卑しい	-12.432394
▁薄く	-12.432527
▁カタ	-12.432545
▁ログ	-12.432731
▁インフルエンザ	-12.432947
▁アッ	-12.433108
特性	-12.433197
悪行	-12.433204
▁ホセ	-12.433551
ロニー	-12.433652
▁ウェイン	-12.433679
▁画家	-12.433786
待った	-12.433931
慮	-12.433967
▁徴候	-12.434002
危ない	-12.434043
▁貴族	-12.434384
甥	-12.434416
斎	-12.434521
応用	-12.434602
菜	-12.434767
いち	-12.434881
諸国	-12.434908
▁アマ	-12.434962
▁シル	-12.435012
▁New	-12.435184
▁熱狂	-12.435272
意気	-12.435420
▁浅	-12.435484
▁飲め	-12.435847
詩人	-12.435912
名付け	-12.435928
▁付き合い	-12.436048
うのは	-12.436110
ッパー	-12.436337
▁フリ	-12.436340
▁らしく	-12.436491
礁	-12.436568
▁そそる	-12.436593
39	-12.436676
▁セク	-12.436727
▁倣え	-12.437029
▁威厳	-12.437138
▁パナマ	-12.437346
往	-12.437355
繭	-12.437413
▁倒壊	-12.437416
感動	-12.437767
▁シャン	-12.437821
あら	-12.437893
エンジニア	-12.437898
到来	-12.438105
▁24;	-12.438161
外す	-12.438164
前進	-12.438464
▁分割	-12.438521
▁興味深	-12.438677
▁足る	-12.438775
ard	-12.439098
▁17,18)	-12.439101
▁レン	-12.439106
▁震え	-12.439178
通報	-12.439312
▁ガル	-12.439411
▁龍	-12.439553
ゾーン	-12.439720
print	-12.439794
重力	-12.439967
▁ph	-12.439974
▁表わし示	-12.439991
▁上回	-12.440070
らぬ	-12.440163
書き込	-12.440306
▁Dr	-12.440401
悼	-12.440412
ぱ	-12.440434
▁サンディ	-12.440441
▁val	-12.440462
▁マナセ	-12.440487
平等	-12.440668
フェース	-12.440956
遅刻	-12.440966
砂糖	-12.440985
演説	-12.441031
uch	-12.441055
69	-12.441315
▁メタ	-12.441446
ヤード	-12.441452
運ば	-12.441509
▁ハル	-12.441558
セグ	-12.441629
コーン	-12.441652
観点	-12.441862
▁先日	-12.442165
▁暖房	-12.442222
▁診	-12.442266
▁探究	-12.442431
▁マーカ	-12.442508
置換	-12.442525
▁住まわ	-12.442822
三つ	-12.442887
ロット	-12.442900
▁立ち向かい	-12.442921
会わせ	-12.442932
▁ウェスト	-12.443041
▁運搬	-12.443108
及	-12.443149
▁チェコ	-12.443427
溢れ	-12.443590
▁ドラッグ	-12.443763
▁滅亡	-12.443808
十万	-12.443871
マラ	-12.443944
回す	-12.444021
▁ネブカデネザル	-12.444025
抑制	-12.444036
▁脈	-12.444036
修復	-12.444038
ドキュメント	-12.444046
ブール	-12.444080
野菜	-12.444089
▁動産	-12.444271
ract	-12.444709
その他の	-12.444731
▁数え切れない	-12.444869
キュ	-12.445256
何千	-12.445346
▁創設	-12.445377
▁ラス	-12.445462
▁協定	-12.445565
▁クリア	-12.445569
獲	-12.445678
▁残す	-12.445793
けれども	-12.445807
気づく	-12.445860
▁84	-12.445890
eep	-12.445894
ホッ	-12.445925
▁巡	-12.445970
▁監禁	-12.446215
じっと	-12.446365
▁カレブ	-12.446514
▁情愛	-12.446663
▁早速	-12.446798
▁困惑	-12.446931
▁品位	-12.446995
▁告げ知らせ	-12.446997
傘	-12.447082
秩序	-12.447101
ターゲット	-12.447122
革新	-12.447124
クッキー	-12.447386
一般的	-12.447473
掛かり	-12.447568
def	-12.447610
▁敷地	-12.447664
▁グレー	-12.447693
見つけ出す	-12.448086
▁なき	-12.448154
▁MI	-12.448166
▁手法	-12.448380
ud	-12.448476
愛で	-12.448518
ゴル	-12.448627
▁u	-12.448827
大半	-12.448873
▁品行	-12.448903
sub	-12.449183
いける	-12.449195
38	-12.449373
遇	-12.449401
沙汰	-12.449476
▁1949	-12.449786
▁容赦なく	-12.449804
角形	-12.449921
▁保有	-12.449966
痕跡	-12.450175
の他の	-12.450328
▁口実	-12.450352
執行	-12.450459
ジーン	-12.450512
悪夢	-12.450788
mple	-12.450789
キャラ	-12.450901
▁ジュディ	-12.451241
心地	-12.451273
面白	-12.451375
▁マッチ	-12.451442
▁収縮	-12.451618
▁追い出さ	-12.451878
▁アップ	-12.451898
57	-12.452025
会合	-12.452132
に進	-12.452274
洋	-12.452604
きどき	-12.452896
シマ	-12.453173
カレンダー	-12.453273
インタビュー	-12.453280
▁ダウンロード	-12.453530
▁装い	-12.453673
▁拝	-12.453760
▁カップル	-12.453773
昨年	-12.453877
▁オオ	-12.454432
工作	-12.454538
▁専	-12.454554
▁ドラ	-12.454622
矢印	-12.454795
▁ゴードン	-12.454846
ぼん	-12.454866
▁閉め	-12.454965
僚	-12.455252
磨	-12.455300
ミール	-12.455354
▁講じる	-12.455355
▁メソジスト	-12.455564
▁卒中	-12.455572
かえ	-12.455578
▁プラトン	-12.455642
ha	-12.455810
▁温	-12.455812
▁持たせ	-12.455855
▁募	-12.455913
▁28;	-12.455938
▁ウェイ	-12.456024
▁上下	-12.456129
▁壊	-12.456266
▁つぶ	-12.456276
融資	-12.456319
更	-12.456454
▁属	-12.456624
責	-12.456663
割合	-12.456681
▁アインシュタイン	-12.456893
▁対話	-12.457134
▁プレイ	-12.457382
▁誓う	-12.457636
▁養い	-12.457884
▁フォント	-12.457893
▁帳	-12.458066
▁たどり着	-12.458080
▁目ざ	-12.458125
▁スライ	-12.458343
バット	-12.458421
ーノ	-12.458452
メス	-12.458506
▁パピルス	-12.458623
かく	-12.458648
▁技能	-12.458654
▁武具	-12.458661
▁同胞	-12.458670
▁かがめ	-12.458706
▁憐れみ深い	-12.458733
▁効力	-12.458911
▁陸軍	-12.459032
▁Be	-12.459143
蹴	-12.459332
▁法令	-12.459405
ストーリー	-12.459456
▁昼間	-12.459590
トンネル	-12.459616
賢く	-12.459670
硬化	-12.459771
him	-12.459819
▁襲う	-12.459862
勝者	-12.459992
取り除く	-12.460018
os	-12.460092
ヘッ	-12.460106
細か	-12.460168
▁均衡	-12.460994
▁ジェシカ	-12.461090
タール	-12.461370
fs	-12.461522
▁カルシウム	-12.461690
▁タヒチ	-12.461690
▁卑わい	-12.461692
ダラ	-12.461758
▁きょう	-12.461905
▁無罪	-12.461914
認知	-12.462168
ありえ	-12.462237
リエル	-12.462476
排除	-12.462586
虐待	-12.462586
ユーザー	-12.462645
ウェン	-12.462653
持たせ	-12.462658
撮り	-12.462673
▁ティーンエージャー	-12.462753
▁のろい	-12.462770
切ら	-12.462983
ヨー	-12.463088
預か	-12.463117
▁トラブル	-12.463166
isco	-12.463511
▁出掛け	-12.463763
▁けん	-12.463823
招く	-12.463883
▁冷凍	-12.464022
整え	-12.464066
▁フー	-12.464127
▁インカ	-12.464166
▁好んで	-12.464490
▁デイビッド	-12.464627
こぎ	-12.464712
あて	-12.464719
ci	-12.464764
▁組み込	-12.464767
けい	-12.464875
▁一帯	-12.465079
▁マディ	-12.465134
2012	-12.465455
まら	-12.465649
▁追っ	-12.465717
純粋	-12.465722
そっくり	-12.465790
スパ	-12.465922
▁仮説	-12.466150
美しく	-12.466152
有利	-12.466168
▁洞窟	-12.466199
▁納	-12.466227
▁下げ	-12.466393
▁Pro	-12.466530
控え	-12.466602
▁重量	-12.466807
曲げ	-12.466884
の機会	-12.467344
▁つぎ	-12.467424
レコード	-12.467576
▁吸わ	-12.467605
▁タブ	-12.467630
▁投じ	-12.467681
▁ピラミッド	-12.467698
執	-12.467814
▁ゼデキヤ	-12.467854
▁遺族	-12.467868
▁タラント	-12.467884
じり	-12.468093
池	-12.468191
▁お聞き	-12.468483
▁神父	-12.468843
パズル	-12.468848
▁オート	-12.468978
▁見倣	-12.468978
▁丁度	-12.469378
出かける	-12.469490
▁ロビー	-12.469614
ナンバー	-12.469819
▁立ち上がる	-12.469945
育ち	-12.470055
▁盤	-12.470081
▁断つ	-12.470233
▁航行	-12.470334
ting	-12.470397
冷たい	-12.470426
幸い	-12.470925
▁くちばし	-12.470949
屋敷	-12.471109
らお	-12.471498
men	-12.471530
▁ドラマ	-12.471572
▁骨折り	-12.471647
▁掘っ	-12.471940
喫煙	-12.471993
国境	-12.472177
▁塩分	-12.472245
大陸	-12.472406
▁走ら	-12.472466
▁膜	-12.472705
▁セキュリティ	-12.472736
▁AP	-12.472898
ひとり親	-12.473110
出口	-12.473358
▁禁煙	-12.473685
歩け	-12.473776
悦	-12.474056
▁象牙	-12.474061
▁ジョシュア	-12.474123
免れ	-12.474217
▁広げる	-12.474520
▁草原	-12.474568
を提供する	-12.474611
ティック	-12.475034
▁シリーズ	-12.475091
会衆	-12.475230
ムダ	-12.475343
ever	-12.475469
▁すん	-12.475494
リウス	-12.475538
▁海賊	-12.475777
剥	-12.475862
エージェン	-12.475976
▁謝罪	-12.476177
属性	-12.476399
▁小切手	-12.476407
▁子牛	-12.476681
ier	-12.476732
不潔	-12.476878
霊媒	-12.476913
▁婚姻	-12.476920
ang	-12.476990
▁ラボ	-12.477098
日中	-12.477122
作り出し	-12.477143
遷	-12.477165
ç	-12.477170
▁叱責	-12.477172
▁石けん	-12.477207
政権	-12.477209
▁義理	-12.477361
▁送り出し	-12.477594
アド	-12.477636
▁ジュニア	-12.477717
▁不実	-12.477834
ノイ	-12.477836
▁りんご	-12.478240
ホワイト	-12.478291
秋	-12.478300
統治	-12.478324
友情	-12.478442
プレーヤ	-12.478510
持ち上げ	-12.478620
▁しのぐ	-12.478655
終末	-12.478824
スイッチ	-12.478926
▁移る	-12.479176
▁防備	-12.479330
▁Do	-12.479769
いちゃ	-12.479879
▁恐	-12.480150
ものであ	-12.480223
▁相いれ	-12.480353
▁プレス	-12.480412
▁おろそ	-12.480562
父上	-12.480849
▁奮闘	-12.480919
設備	-12.481483
▁数値	-12.481502
負わ	-12.481507
穏やか	-12.481542
とにかく	-12.481558
艦隊	-12.481564
ギア	-12.481800
職業	-12.481854
ウィー	-12.482082
▁誘う	-12.482379
留め	-12.482468
地帯	-12.482474
▁融合	-12.482538
スミス	-12.482760
▁戻す	-12.483243
ナアマン	-12.483436
▁海峡	-12.483459
▁ひも	-12.483593
ゲイル	-12.483644
▁1938	-12.483646
▁たどる	-12.484469
46	-12.484632
捕虜	-12.484659
タイミング	-12.484672
ウェブサイト	-12.484679
▁__	-12.484726
ページの	-12.484733
mes	-12.484887
紫外	-12.484922
速さ	-12.485182
空け	-12.485609
選択した	-12.485682
▁挫折	-12.485720
チュー	-12.485786
▁漫画	-12.485953
ジャマ	-12.486002
▁賞賛	-12.486057
▁ジレンマ	-12.486183
職場	-12.486218
▁ギャラ	-12.486263
▁回答	-12.486500
▁あれこれ	-12.486514
▁エドム	-12.486605
▁Courtesy	-12.486609
▁マルチ	-12.486698
na	-12.486791
▁茎	-12.486800
くださ	-12.486841
▁更	-12.486993
テク	-12.487162
申し訳	-12.487572
▁ロバ	-12.487662
▁湯	-12.487678
▁コイン	-12.487731
乾	-12.487851
幽霊	-12.487894
充電	-12.487913
大臣	-12.487948
▁ペンギン	-12.487971
じま	-12.488212
▁ゆが	-12.488481
申し	-12.488727
奪わ	-12.488776
▁感化	-12.489008
▁着替え	-12.489025
フィルム	-12.489302
メー	-12.489454
▁マズ	-12.489553
▁教派	-12.489635
職員	-12.489656
▁呪術	-12.489730
▁Bible	-12.489755
▁汚点	-12.489795
▁バイク	-12.489815
ya	-12.489816
に合う	-12.489899
▁営み	-12.489943
ype	-12.490108
▁レー	-12.490554
正統	-12.490610
▁エラ	-12.490668
Pl	-12.490728
▁雇わ	-12.490742
妥当	-12.491062
▁もうける	-12.491074
惚れ	-12.491115
茂	-12.491183
RA	-12.491424
発達	-12.491601
センサー	-12.491662
▁ヤシ	-12.491698
▁つかみ	-12.491934
▁稲妻	-12.492222
怒る	-12.492425
▁痛む	-12.492518
▁歌手	-12.492661
▁サンプル	-12.492892
▁ちなみ	-12.492894
レベルで	-12.492906
▁チャンネル	-12.493021
▁縫い	-12.493026
▁1962	-12.493070
▁刺し	-12.493835
▁心配事	-12.494061
▁伝わ	-12.494083
atus	-12.494243
キャロル	-12.494276
耐え忍ぶ	-12.494294
表情	-12.494518
▁脇	-12.494555
ata	-12.494767
占め	-12.495047
金融	-12.495124
クラン	-12.495210
▁刑罰	-12.495303
スピーチ	-12.495481
ance	-12.495547
残れる	-12.495650
ヤア	-12.496131
▁社説	-12.496140
▁1961	-12.496210
plain	-12.496240
済ませ	-12.496489
生き残	-12.496687
▁推し進め	-12.496879
ラック	-12.496930
グレイ	-12.497178
▁赤道	-12.497201
▁作曲	-12.497259
シナリオ	-12.497479
忙し	-12.497856
出そ	-12.498103
▁85	-12.498262
▁旧約	-12.498470
継ぎ	-12.498558
▁オートバイ	-12.498588
崩れ	-12.498631
▁茶色	-12.498676
mm	-12.498940
▁インチ	-12.499018
ノック	-12.499105
かろうじて	-12.499275
ase	-12.499332
▁博	-12.499404
▁みだ	-12.499595
▁注ぎ	-12.499661
休日	-12.499669
▁デルタ	-12.499809
▁済む	-12.499889
dow	-12.500105
踊り	-12.500236
▁3,500	-12.500237
▁アレクサンドリア	-12.500268
缶	-12.500562
▁スキー	-12.500573
叔母	-12.500724
デザイナー	-12.500726
詐欺	-12.500738
ふさわしい	-12.500742
キャリア	-12.500756
反射	-12.500792
▁むち	-12.500821
農業	-12.500878
▁いざ	-12.500881
伴う	-12.501387
目指し	-12.501549
招き	-12.501622
ディスク	-12.501748
配達	-12.501874
▁100%	-12.502165
飛ば	-12.502291
ネタ	-12.502304
▁挿入	-12.502317
錬	-12.502415
▁押さえ	-12.502501
▁飲食	-12.502539
▁オリ	-12.502596
騒	-12.502670
▁1942	-12.502687
▁害虫	-12.502710
▁阻む	-12.502735
パック	-12.502747
ノイズ	-12.502814
▁お待ち	-12.503034
伺い	-12.503045
▁ユーゴスラビア	-12.503462
▁5%	-12.503486
,200	-12.503583
▁婚	-12.503754
頻	-12.503771
ブリン	-12.503774
呼び出す	-12.503953
放射	-12.503962
脇	-12.503974
鶏	-12.503974
ウサギ	-12.503980
絆	-12.503984
cur	-12.504037
▁足らず	-12.504191
やがる	-12.504221
▁恒星	-12.504251
▁緩	-12.504647
▁買え	-12.504860
▁退院	-12.504961
▁感想	-12.505065
▁思い起こせ	-12.505338
▁飾る	-12.505486
彼等	-12.505486
▁マナ	-12.505541
▁古典	-12.505556
▁とどめる	-12.505718
たせ	-12.505783
▁アディ	-12.505984
▁フォーク	-12.506020
▁リッチ	-12.506098
▁隔離	-12.506131
ark	-12.506305
だもの	-12.506342
▁ストリート	-12.506457
▁メス	-12.506631
▁グル	-12.506653
年長	-12.506941
▁早朝	-12.507124
鹿	-12.507154
▁身なり	-12.507185
▁ピート	-12.507196
▁ボーン	-12.507236
侮辱	-12.507238
ボブ	-12.507282
穀物	-12.507294
箴言	-12.507295
揺れ	-12.507297
食糧	-12.507307
欲望	-12.507359
筋肉	-12.507360
結末	-12.507365
広がり	-12.507384
フラッシュ	-12.507389
▁抜	-12.507417
思慮	-12.507424
▁アーメン	-12.507431
▁ウー	-12.507529
▁吹	-12.507610
▁輝か	-12.507709
▁休む	-12.507785
▁怖	-12.507979
▁坑	-12.507998
助手	-12.508065
▁04	-12.508286
▁モル	-12.508641
▁援	-12.508755
入院	-12.508781
▁エフタ	-12.508870
▁牧羊	-12.508878
▁浸礼	-12.508883
▁精錬	-12.508883
▁車輪	-12.509122
▁羽毛	-12.509138
▁疑わしい	-12.509163
任せる	-12.509412
▁ひげ	-12.509501
クルー	-12.509665
フィン	-12.509694
▁痛手	-12.509804
▁object	-12.509828
ti	-12.509845
ぶつか	-12.509987
▁功	-12.510080
▁上部	-12.510283
熊	-12.510498
カリフォルニア	-12.510512
根拠	-12.510534
延期	-12.510549
迫害	-12.510657
観客	-12.510699
▁Ho	-12.510839
ぬけ	-12.510878
▁ベネズエラ	-12.510885
▁氷河	-12.511140
引き起こす	-12.511311
▁シェル	-12.511373
▁公言	-12.511586
快適	-12.511595
マリー	-12.511712
▁燃やし	-12.511928
▁活気	-12.512028
わいせつ	-12.512097
▁情景	-12.512105
▁精巧	-12.512107
ボルト	-12.512145
▁臓器	-12.512361
▁1957	-12.512370
▁突き出	-12.512383
▁幾十万	-12.512437
▁公害	-12.512604
▁戦術	-12.513312
▁憎悪	-12.513357
sage	-12.513412
かわ	-12.513608
まかせ	-12.513713
評判	-12.513827
いす	-12.514051
▁負え	-12.514429
▁上等	-12.514432
▁体長	-12.514874
利息	-12.514954
イヴ	-12.515072
▁ギル	-12.515283
コナー	-12.515288
▁十字軍	-12.515376
▁突入	-12.515753
シャイ	-12.515871
▁取り囲	-12.515882
▁ベンジャミン	-12.515882
▁ドク	-12.515999
不利	-12.516071
特定	-12.516095
エス	-12.516323
▁偽造	-12.516499
▁区画	-12.516697
ばる	-12.516816
農	-12.516844
洞窟	-12.517076
こんにちは	-12.517081
激怒	-12.517195
▁おば	-12.517208
ゾン	-12.517222
▁品質	-12.517244
団の	-12.517282
▁更新	-12.517398
関節	-12.517439
奥様	-12.517570
▁とらわれ	-12.517594
63	-12.517728
拠	-12.517922
征	-12.518025
▁photo	-12.518067
いただく	-12.518090
▁恥辱	-12.518132
▁贖罪	-12.518202
外部	-12.518304
宙	-12.518579
▁陳述	-12.518581
▁インディオ	-12.518586
▁抗体	-12.519030
深さ	-12.519153
正午	-12.519168
ous	-12.519206
破り	-12.519335
検査を	-12.519444
act	-12.519505
要な	-12.519613
▁借りる	-12.519626
出現	-12.519760
▁疑わ	-12.519775
今年	-12.519858
▁通り抜け	-12.519944
チー	-12.519994
組み	-12.520007
▁規範	-12.520185
▁たんぱく質	-12.520286
▁力強く	-12.520424
▁An	-12.520490
同盟	-12.520598
血管	-12.520611
清い	-12.520689
勤務	-12.520713
▁鈍	-12.520722
品質	-12.520798
▁テレ	-12.520891
勝て	-12.520923
▁ドーム	-12.520988
▁渡る	-12.521188
先端	-12.521224
コツ	-12.521267
仲良	-12.521325
透明	-12.521490
ジュース	-12.521533
▁吐	-12.521588
水素	-12.521678
▁担	-12.521680
剃	-12.521834
爺	-12.521834
▁求愛	-12.521836
▁引き離	-12.521934
登り	-12.521950
ファイア	-12.522008
ドロップ	-12.522124
▁打ち明ける	-12.522145
致し	-12.522190
立ち去	-12.522215
▁逆らう	-12.522668
▁祝日	-12.522915
▁狂気	-12.523210
▁1,600	-12.523410
透	-12.523592
無くな	-12.523673
遮	-12.523677
コレクション	-12.523679
軒	-12.523687
▁映	-12.523712
予防	-12.523737
アレ	-12.523840
▁情け	-12.523878
勤め	-12.523921
▁破綻	-12.524074
生ける	-12.524238
再開	-12.524311
▁なるべく	-12.524334
たとえ	-12.524424
▁行き渡	-12.524431
ブリッジ	-12.524541
タカ	-12.524832
▁応用	-12.524841
ズル	-12.524879
▁立ち止ま	-12.524950
臆	-12.525066
廉	-12.525105
▁0496	-12.525107
▁効き	-12.525375
っ子	-12.525390
付き合い	-12.525532
請う	-12.525785
▁立ち上がり	-12.525825
露	-12.525959
▁テル	-12.526055
▁行間	-12.526093
▁実情	-12.526159
ランス	-12.526356
嫉妬	-12.527001
郡	-12.527006
売春	-12.527097
設立	-12.527099
73	-12.527188
▁差し控え	-12.527240
▁コスト	-12.527384
偶	-12.527514
▁増やし	-12.527675
▁バイオリン	-12.527731
新しく	-12.527754
混	-12.527867
▁振り返る	-12.527872
52	-12.527884
ラット	-12.528066
▁レモン	-12.528115
肯定	-12.528380
譬	-12.528391
▁カフェイン	-12.528399
▁広島	-12.528457
下さる	-12.528465
▁仮定	-12.528479
▁ドゥ	-12.528584
鳴る	-12.528696
▁プラン	-12.528711
ピンク	-12.528717
立ち上げ	-12.528722
▁退廃	-12.528814
▁笑う	-12.529016
▁沖	-12.529123
▁落下	-12.529293
持続	-12.529467
▁庁	-12.529613
▁行き渡る	-12.529678
▁かなえ	-12.529696
▁溶け	-12.529992
ound	-12.530047
所得	-12.530209
▁ハンター	-12.530284
腺	-12.530342
▁インク	-12.530363
衝撃	-12.530374
沈黙	-12.530377
▁ひざまず	-12.530400
転換	-12.530401
衣装	-12.530452
疾患	-12.530473
需要	-12.530487
呪わ	-12.530514
負傷	-12.530542
処置	-12.530638
お答え	-12.530710
寂しい	-12.530714
▁頑張れ	-12.531015
ドニー	-12.531066
▁115	-12.531305
生み出す	-12.531319
▁搾取	-12.531552
憑	-12.531672
▁ガーディアン	-12.531673
▁発酵	-12.531673
▁マス	-12.531762
▁バレ	-12.531786
ことば	-12.531796
▁鋼鉄	-12.532045
▁漏れ	-12.532067
▁あられ	-12.532213
ub	-12.532702
▁アーチ	-12.532878
チューブ	-12.532997
テリア	-12.533205
lass	-12.533621
混ぜ	-12.533710
port	-12.533767
▁リリー	-12.533828
タッチ	-12.533969
ベー	-12.534018
ータ	-12.534029
急ぐ	-12.534477
▁al	-12.534495
lin	-12.534667
tate	-12.534786
卒	-12.534866
red	-12.534875
▁リンカーン	-12.534908
妖精	-12.534972
▁書記	-12.535037
▁シラス	-12.535186
PG	-12.535244
▁偽り者	-12.535263
▁想	-12.535343
栄	-12.535594
学的	-12.535642
VS	-12.535898
▁細工	-12.535936
▁甘	-12.535948
▁やや	-12.536104
▁減り	-12.536136
ヨウ	-12.536540
外側	-12.536774
▁賛	-12.536928
炭	-12.536950
pp	-12.537002
宴	-12.537035
ギャング	-12.537087
ポル	-12.537163
無用	-12.537172
合理	-12.537303
箇所	-12.537383
mar	-12.537436
▁ko	-12.537622
▁遅刻	-12.537693
▁返答	-12.537785
歌手	-12.537848
舵	-12.538282
▁置ける	-12.538316
▁カッコ	-12.538331
▁ジェリー	-12.538469
▁1955	-12.538684
58	-12.538775
軍人	-12.539022
▁27,28	-12.539076
▁プエルトリコ	-12.539383
問題について	-12.539407
▁レポート	-12.539444
LE	-12.540026
レム	-12.540188
制約	-12.540313
▁蓄える	-12.540378
悩ま	-12.540417
蜂	-12.540444
伝説	-12.540449
派遣	-12.540462
賢明	-12.540462
稼ぐ	-12.540509
争い	-12.540590
AN	-12.540683
▁一流	-12.540688
たため	-12.540709
▁育つ	-12.540986
間隔	-12.541016
手続き	-12.541382
▁うぬぼれ	-12.541387
▁モザンビーク	-12.541605
▁思い巡らし	-12.541605
▁フィレモン	-12.541615
▁苦闘	-12.541615
燃焼	-12.541616
ary	-12.541657
作業を	-12.541730
▁回収	-12.541738
▁been	-12.541775
ゃ	-12.541795
〕)	-12.541894
揚げ	-12.542251
可能性を	-12.542390
▁原料	-12.542412
▁傍ら	-12.542472
ber	-12.542577
▁清める	-12.542917
代金	-12.542979
シュア	-12.543005
クマ	-12.543056
しゃべ	-12.543076
▁お父	-12.543265
▁鶏	-12.543315
▁づける	-12.543349
姉さん	-12.543548
▁率い	-12.543627
いでる	-12.543735
兆候	-12.543787
吸収	-12.543822
超える	-12.543902
告発	-12.543917
の範囲	-12.543918
▁CA	-12.543963
▁どっか	-12.544013
▁交流	-12.544093
連合	-12.544312
▁ダリ	-12.544321
▁課し	-12.544519
▁政党	-12.544534
やつら	-12.544595
▁15%	-12.544618
リティ	-12.544717
艇	-12.544937
▁ウェールズ	-12.544942
▁マスターベーション	-12.544947
▁窮状	-12.544990
▁注ぐ	-12.545012
ザード	-12.545013
の人々の	-12.545074
規制	-12.545084
青年	-12.545126
無力	-12.545210
▁苦境	-12.545219
age	-12.545362
▁目覚まし	-12.545371
▁かばん	-12.545373
テラス	-12.545479
▁合併	-12.545515
ke	-12.545699
▁ジン	-12.545701
カート	-12.545736
▁ハマン	-12.545975
ピラ	-12.546239
片親	-12.546300
__	-12.546449
一同	-12.546534
ニーズ	-12.546669
出番	-12.546709
同志	-12.546747
▁ミニ	-12.546748
▁両面	-12.546871
調達	-12.547026
封鎖	-12.547166
騎士	-12.547191
▁屈辱	-12.547228
容量	-12.547291
変異	-12.547432
婚約	-12.547508
カップル	-12.547541
藻	-12.548282
〕.	-12.548511
▁鳥類	-12.548609
▁あざけり	-12.548631
▁1953	-12.548672
▁略	-12.548743
▁追いや	-12.548810
▁工夫	-12.548929
▁ジョアン	-12.549002
マーケット	-12.549203
リズム	-12.549327
中間	-12.549328
▁干	-12.549392
▁敗	-12.549477
下ろせ	-12.549537
lar	-12.549543
▁リンゴ	-12.549554
▁クック	-12.549569
▁描き	-12.549595
▁取って	-12.549645
▁ジェーム	-12.549870
考えだ	-12.550098
▁ワー	-12.550295
exa	-12.550456
クロール	-12.550520
▁助手	-12.550529
壇	-12.550540
を作成する	-12.550541
マジック	-12.550575
引っ越し	-12.550582
郵便	-12.550586
▁切り離	-12.550600
▁アイス	-12.550658
▁ウガンダ	-12.550974
足りな	-12.551084
▁怪し	-12.551175
ヒント	-12.551184
ロマ	-12.551232
De	-12.551278
▁順序	-12.551475
ケス	-12.551516
▁いち	-12.551585
▁転向	-12.551707
頭痛	-12.551714
▁デボラ	-12.551723
振る	-12.551852
▁風味	-12.551976
▁申し分	-12.551999
ブラシ	-12.552342
ぐず	-12.552350
▁頂上	-12.552781
威	-12.553061
制作	-12.553072
リヤ	-12.553092
▁ムーア	-12.553129
泣く	-12.553519
▁コーチ	-12.553610
oo	-12.553804
訴訟	-12.553994
手伝う	-12.554132
▁立ち向か	-12.554157
▁浅い	-12.554181
役割を	-12.554402
素晴らし	-12.554515
▁かけ事	-12.554564
▁あけ	-12.554679
景	-12.554824
go	-12.554863
▁一夫多妻	-12.555005
珍しい	-12.555149
▁面白く	-12.555171
▁憶	-12.555311
▁ソーシャル	-12.555433
ポップ	-12.555439
▁聖所	-12.555440
▁おもしろい	-12.555625
ラード	-12.555870
▁PC	-12.556188
▁天才	-12.556280
持ち主	-12.556292
▁救い出	-12.556329
ハーク	-12.556692
漏ら	-12.556746
▁誇らし	-12.556840
並外れ	-12.556856
シティー	-12.556943
▁紫	-12.557197
▁満ちあふれ	-12.557270
採	-12.557298
美しさ	-12.557440
サッカー	-12.557551
アラビア	-12.557590
ラクダ	-12.557592
回避	-12.557616
足跡	-12.557703
▁マサチューセッツ	-12.557714
▁改める	-12.557833
ストロ	-12.557845
▁フランクリン	-12.558020
▁やり取り	-12.558161
リセット	-12.558299
▁エヒウ	-12.558384
羅	-12.558384
▁ティルス	-12.558406
▁朽ち	-12.558588
▁ひとりひとり	-12.558598
▁優勝	-12.558665
▁グランド	-12.558706
▁臆病	-12.558812
▁密度	-12.559034
▁系統	-12.559058
ニバル	-12.559285
ミュー	-12.559343
▁知事	-12.559353
召使い	-12.559392
▁行儀	-12.559431
に与える	-12.559593
▁ゴルフ	-12.559903
割り切	-12.560048
参り	-12.560505
▁一目	-12.560632
▁魅惑	-12.560658
クー	-12.560717
愉快	-12.560851
襲撃	-12.561216
知性	-12.561344
▁牧草	-12.561463
頂点	-12.561481
▁手当て	-12.561634
寛大	-12.561635
tip	-12.561673
▁ミリアム	-12.561790
▁栄誉	-12.561853
授か	-12.561898
▁まじ	-12.562069
ともな	-12.562585
リッシュ	-12.562644
ロボ	-12.562761
▁大小	-12.563140
▁Th	-12.563362
漏	-12.563431
預け	-12.563432
nna	-12.563493
▁性能	-12.563639
▁したため	-12.563673
下がり	-12.563713
筒	-12.563716
令状	-12.563773
▁ボクシング	-12.564061
一枚	-12.564137
▁疾病	-12.564200
コンサート	-12.564295
浪費	-12.564322
▁痛め	-12.564346
損な	-12.564421
▁パティ	-12.564425
階級	-12.564434
▁会える	-12.564442
醜	-12.564528
SS	-12.564579
▁委ね	-12.564736
折れ	-12.564754
ッチャー	-12.564830
返さ	-12.564836
うそ	-12.564884
劇場	-12.564946
ッジ	-12.564991
▁所産	-12.565093
▁懲役	-12.565124
洞	-12.565159
合図	-12.565160
▁ガリレオ	-12.565177
▁採択	-12.565177
▁水晶	-12.565266
▁民数	-12.565290
▁グッド	-12.565372
レイク	-12.565412
▁過ぎる	-12.565417
音声	-12.565444
ツイ	-12.565591
チャン	-12.565767
▁手だて	-12.566010
▁セット	-12.566028
受け取る	-12.566241
▁つくり	-12.566276
売れ	-12.566286
直後	-12.566308
iko	-12.566546
▁厳粛	-12.566717
ンガ	-12.566878
▁シーン	-12.566981
▁切り取	-12.567028
あな	-12.567028
いっしょ	-12.567185
細心	-12.567309
▁あざ	-12.567714
汁	-12.567738
録音	-12.567855
予算	-12.567983
作り上げ	-12.568027
見守	-12.568029
磁	-12.568048
▁ガラテ	-12.568519
▁複製	-12.568542
▁Museum	-12.568588
▁ほほえみ	-12.568589
▁規整	-12.568589
研究を	-12.568596
移り	-12.568614
▁こん虫	-12.568631
フラン	-12.568638
せき	-12.568648
▁ラケル	-12.568649
突き止め	-12.568754
▁おしゃべり	-12.568822
▁或	-12.568909
ys	-12.568916
▁生育	-12.568973
上位	-12.569366
ムリ	-12.569423
radi	-12.569500
ツリー	-12.569538
チビ	-12.569633
発行	-12.569820
igh	-12.569831
▁モンロ	-12.570412
▁津波	-12.570529
eb	-12.570681
▁作り出さ	-12.570701
▁ねじ	-12.570802
こめ	-12.570955
味わえ	-12.571164
タンパク質	-12.571230
腫瘍	-12.571233
改革	-12.571241
励む	-12.571265
but	-12.571284
ルン	-12.571385
バイオ	-12.571391
▁歩き回	-12.571394
パイプ	-12.571578
▁飽き	-12.571647
強大	-12.571867
▁頭脳	-12.572058
降下	-12.572095
事柄	-12.572252
▁1933	-12.572298
減らす	-12.572569
しみ	-12.572601
▁十字	-12.572704
の代	-12.572740
▁立方	-12.572880
▁宴会	-12.572883
▁パワー	-12.573009
唯	-12.573019
の分野	-12.573046
帰れる	-12.573133
固め	-12.573147
▁味わえる	-12.573168
▁降下	-12.573349
▁ご飯	-12.573677
コロン	-12.573771
みつけ	-12.573803
▁舞	-12.574035
▁すす	-12.574071
▁害し	-12.574132
▁来年	-12.574141
登る	-12.574219
ng	-12.574223
▁ギター	-12.574448
▁既存	-12.574538
享	-12.574695
おもちゃ	-12.574775
仏	-12.574800
雇用	-12.574952
敵対	-12.575320
▁叙任	-12.575460
▁愛好	-12.575481
貸す	-12.575486
▁1,6	-12.575616
回路	-12.575797
▁引き出す	-12.576090
▁暑さ	-12.576241
▁隊長	-12.576293
▁束	-12.576323
▁ボーイフレンド	-12.576442
▁アマンダ	-12.576646
文字通り	-12.576683
ラフ	-12.576712
▁42)	-12.576845
ux	-12.577058
脈	-12.577509
動産	-12.577577
ショート	-12.577902
▁アビ	-12.578018
親しい	-12.578076
移植	-12.578235
▁言い聞かせ	-12.578261
染色体	-12.578279
浅	-12.578313
みせ	-12.578380
ner	-12.578478
▁(4)	-12.578714
ボロ	-12.578752
直前	-12.578821
郷	-12.578842
吸い	-12.578891
▁ジョナサン	-12.578907
男女	-12.579011
▁トレーニング	-12.579030
済ま	-12.579165
day	-12.579220
関し	-12.579365
53	-12.579608
▁絞	-12.579632
ライオン	-12.579636
▁差し出す	-12.579638
82	-12.579674
▁見定める	-12.579844
ドローン	-12.579885
▁折れる	-12.579893
ストーン	-12.580030
健	-12.580190
▁通行	-12.580231
大気	-12.580359
イラク	-12.580482
破る	-12.580735
テー	-12.580785
輝き	-12.580938
▁バラク	-12.580955
戒め	-12.581048
▁放とう	-12.581148
▁左手	-12.581207
移行	-12.581370
MI	-12.581463
▁高まる	-12.581465
▁クルー	-12.581527
▁触る	-12.581627
▁共感	-12.581745
▁座し	-12.581786
巧	-12.582005
原理	-12.582032
,36	-12.582088
▁財	-12.582112
▁片付け	-12.582161
やっかい	-12.582199
ds	-12.582296
姓	-12.582357
ウォール	-12.582360
▁高血圧	-12.582384
▁疎外	-12.582460
▁カヌー	-12.582494
eur	-12.582540
▁71	-12.583018
▁ハワード	-12.583020
ましく	-12.583047
高価	-12.583116
車両	-12.583118
150	-12.583139
▁考え出し	-12.583279
おいしい	-12.583555
▁コレステロール	-12.583762
▁嫉妬	-12.583817
long	-12.583890
▁稼	-12.584169
▁殴り	-12.584309
▁ボイ	-12.584335
▁厚さ	-12.584452
SD	-12.584480
本人	-12.584588
経て	-12.584708
暮	-12.584764
▁移す	-12.584820
▁責める	-12.584963
ジア	-12.585049
起きろ	-12.585179
競技	-12.585257
▁売れ	-12.585467
ミラー	-12.585549
▁適合	-12.585760
尚	-12.585830
▁狼	-12.585908
▁卑	-12.585945
▁逃が	-12.585988
▁匿名	-12.586065
▁兵車	-12.586318
飛ばし	-12.586456
▁逃げ出し	-12.586593
奪い	-12.586756
▁切り抜け	-12.587052
▁添	-12.587071
▁ヘッド	-12.587146
▁渇き	-12.587207
砕	-12.587494
good	-12.587679
見張り	-12.587968
▁常識	-12.587988
▁ジェン	-12.588072
バンク	-12.588382
▁浄化	-12.588432
巡査	-12.588765
貿易	-12.588780
▁ひく	-12.588804
ぼり	-12.588813
必ずしも	-12.588829
弾丸	-12.588843
▁親指	-12.589017
▁下がり	-12.589046
▁いたる	-12.589290
▁へり	-12.589426
▁解き放	-12.589561
ピョ	-12.589743
▁満ちあふれる	-12.589769
自立	-12.589913
生え	-12.590007
▁レッスン	-12.590215
▁アカ	-12.590425
▁成立	-12.590468
忙しく	-12.590514
▁えり	-12.590527
▁ライブ	-12.590543
それなら	-12.591071
▁紛れ	-12.591405
▁押す	-12.591483
▁飼い	-12.591563
ree	-12.591571
燃	-12.591586
▁坊	-12.591834
▁偉業	-12.592326
▁アクション	-12.592422
縮小	-12.592512
▁アンドレ	-12.592524
出世	-12.592626
▁申し立て	-12.592643
有難	-12.592650
ウチ	-12.592686
たばこ	-12.592745
▁紀元	-12.592875
▁フィジー	-12.592886
▁漁業	-12.592957
▁ゴグ	-12.592999
公立	-12.593095
▁ううん	-12.593163
ini	-12.593168
ching	-12.593485
捜	-12.593544
ian	-12.593651
おし	-12.593781
▁種族	-12.593893
▁つり	-12.594231
王様	-12.594422
prov	-12.594592
▁鎮	-12.594765
▁クビ	-12.594872
部族	-12.594944
▁360	-12.594964
▁階層	-12.595181
狭い	-12.595256
顧	-12.595335
▁謝る	-12.595341
▁皆様	-12.595435
肥	-12.595551
展	-12.595760
着る	-12.595765
臆病	-12.595913
カスタ	-12.595917
開拓	-12.595927
▁mon	-12.595928
十字	-12.595933
生き延び	-12.595959
厳しく	-12.596022
▁論じる	-12.596087
▁ボビー	-12.596266
頬	-12.596319
▁もっぱら	-12.596326
▁働きかけ	-12.596395
▁昇天	-12.596435
▁ガール	-12.596463
食品	-12.596479
抜か	-12.596513
▁保育	-12.596540
見出し	-12.596577
Te	-12.596629
▁1959	-12.596684
▁書簡	-12.596801
▁静脈	-12.596823
▁1,900	-12.597034
▁項目	-12.597080
チェス	-12.597349
▁腹部	-12.597415
▁お客さん	-12.597504
▁親しみ	-12.598041
イケ	-12.598116
▁家出	-12.598136
▁すてき	-12.598190
sc	-12.598505
に限	-12.598629
▁ビュー	-12.598755
▁議	-12.598856
▁ジャガイモ	-12.599195
スープ	-12.599209
▁1.5	-12.599219
▁ブレーキ	-12.599307
日記	-12.599321
,400	-12.599374
マウント	-12.599429
警報	-12.599669
欠点	-12.599680
ワクチン	-12.599699
決意	-12.599764
▁光栄	-12.599800
▁da	-12.599828
▁Society	-12.599840
▁アビガイル	-12.599840
ドラマ	-12.599878
クォー	-12.599920
フレーズ	-12.600040
▁セイ	-12.600052
国連	-12.600060
▁模型	-12.600217
レック	-12.600259
ぐれ	-12.600285
▁アニ	-12.600337
リッド	-12.600373
▁着手	-12.600402
▁ハイチ	-12.600434
▁記号	-12.600749
▁話しかける	-12.600801
II	-12.600888
▁すっ	-12.600900
キューブ	-12.600911
くぞ	-12.600926
▁あざける	-12.600938
▁34,35)	-12.600975
無罪	-12.600983
▁シャー	-12.601060
▁握手	-12.601121
▁23,24)	-12.601516
触る	-12.601597
▁押し寄せ	-12.601995
打って	-12.602249
トレ	-12.602283
窮地	-12.602389
酔い	-12.602415
more	-12.602518
▁グレッグ	-12.602680
流す	-12.602690
▁のがれ	-12.602758
▁難題	-12.602923
看	-12.603002
至福	-12.603024
▁探知	-12.603065
▁引きつけ	-12.603170
閉ま	-12.603341
高め	-12.603342
鞄	-12.603374
▁アンモン	-12.603477
各々	-12.603728
▁崇	-12.603939
▁ポンプ	-12.603971
▁眼鏡	-12.604059
▁気遣う	-12.604082
▁|	-12.604136
じき	-12.604343
▁スタッフ	-12.604389
離す	-12.604572
ersion	-12.604575
囚	-12.604648
▁エリカ	-12.604986
▁制約	-12.605065
▁撤退	-12.605081
▁フィラデルフィア	-12.605173
▁またもや	-12.605271
▁チク	-12.605349
れず	-12.605497
フォー	-12.605523
▁国土	-12.605547
▁回数	-12.606177
▁しかね	-12.606456
かろ	-12.606551
▁アイリーン	-12.606558
払え	-12.606578
▁瀕	-12.606586
削減	-12.606637
▁網膜	-12.606772
市長	-12.606785
解雇	-12.606837
,300	-12.606914
▁アブサロム	-12.606920
▁カーテン	-12.606953
▁意義深い	-12.606978
ばれ	-12.607167
▁ビット	-12.607437
▁癌	-12.607525
まわり	-12.607606
,34	-12.607634
パフォーマ	-12.607757
勢力	-12.607833
▁帰国	-12.607847
▁ジュリアン	-12.607936
タワー	-12.607964
▁エー	-12.608009
▁破産	-12.608067
どろ	-12.608078
▁抽	-12.608175
▁テサ	-12.608210
▁Mr	-12.608367
キア	-12.608472
ディーン	-12.608775
ミスター	-12.608938
デッキ	-12.608984
貫	-12.609163
ラブ	-12.609178
▁ティー	-12.609195
トール	-12.609223
▁墜落	-12.609410
▁探る	-12.609430
▁泡	-12.609669
保留	-12.609694
▁住人	-12.609838
▁率いる	-12.609872
教わ	-12.610053
▁40)	-12.610212
綱	-12.610242
▁組み	-12.610324
マイクロ	-12.610435
▁スケジュー	-12.610458
素材	-12.610460
飛ばす	-12.610490
ひげ	-12.610521
▁じゅうぶん	-12.610535
ウォッチ	-12.610590
増やす	-12.610611
高地	-12.610692
▁むか	-12.610695
乗客	-12.610707
▁エリフ	-12.610756
処刑	-12.610869
掘り	-12.610929
▁気まぐれ	-12.611085
たまり	-12.611085
▁関わ	-12.611090
▁見付け	-12.611162
▁man	-12.611286
▁告げ知らせる	-12.611585
▁マッサージ	-12.611664
▁350	-12.611991
▁つかむ	-12.612189
▁メニュー	-12.612309
▁記載	-12.612377
▁朝鮮	-12.612559
▁落ち着く	-12.612589
怠	-12.612647
▁表われる	-12.612672
▁Inc	-12.613033
▁大阪	-12.613127
OR	-12.613206
▁当た	-12.613304
▁密輸	-12.613317
ドリー	-12.613446
▁浴	-12.613631
開放	-12.613705
▁ケル	-12.613782
改良	-12.613932
▁流出	-12.614001
法廷	-12.614023
▁トリビューン	-12.614050
▁イリノイ	-12.614051
▁抽出	-12.614170
展示	-12.614195
▁なだめ	-12.614226
▁フランズ	-12.614300
▁クル	-12.614340
▁代用	-12.614397
▁フィリップス	-12.614565
▁オン	-12.614634
クイ	-12.614754
▁ためらい	-12.614802
ピザ	-12.614855
▁アントニオ	-12.614871
▁サド	-12.614907
▁専ら	-12.614912
正し	-12.615209
セリ	-12.615224
礼儀正しく	-12.615279
ドライバ	-12.615323
▁切開	-12.615470
▁5,10	-12.615722
yb	-12.615727
▁熊	-12.615821
数える	-12.615878
UI	-12.615981
▁渋滞	-12.616037
▁船乗り	-12.616271
▁車両	-12.616305
競	-12.616313
気楽	-12.616360
AD	-12.616559
▁クリストファー	-12.616719
シュー	-12.616740
▁取り去る	-12.616818
合成	-12.617219
追い出	-12.617310
坂	-12.617474
ブーツ	-12.617485
トレーニング	-12.617502
無益	-12.617678
oot	-12.617754
▁ダイア	-12.617782
▁分かち合う	-12.617864
ボディ	-12.617965
ワールド	-12.618136
▁冒し	-12.618307
▁性欲	-12.618423
▁注意深い	-12.618466
敵意	-12.618638
き方	-12.618924
▁交替	-12.618973
▁つづ	-12.618991
脅し	-12.619057
支店	-12.619109
ドッグ	-12.619284
ムード	-12.619496
ニョ	-12.619530
怯え	-12.619594
▁アルファベット	-12.619731
▁裏切る	-12.619752
ドット	-12.619901
▁心がけ	-12.619968
▁ビーチ	-12.620010
▁生き長らえ	-12.620095
▁封筒	-12.620206
大嫌い	-12.620306
▁アカデミー	-12.620417
内緒	-12.620547
▁着用	-12.620637
▁砕く	-12.620702
戦わ	-12.621032
▁送れる	-12.621181
泳ぎ	-12.621202
▁香料	-12.621263
タンク	-12.621307
ino	-12.621359
問い合わせ	-12.621402
▁無理やり	-12.621609
▁打ちたた	-12.621892
▁下がる	-12.622058
▁競	-12.622333
▁営	-12.622437
▁ウォーレン	-12.622730
▁決着	-12.622761
戻せ	-12.623196
▁読み方	-12.623464
▁倒錯	-12.623543
ok	-12.623735
CT	-12.623907
ノルド	-12.624014
▁湿地	-12.624103
抱き	-12.624331
あけ	-12.624394
レンズ	-12.624440
▁家賃	-12.624455
ッコ	-12.624577
▁キノコ	-12.624654
▁外人	-12.624679
遠慮	-12.624840
人質	-12.624858
▁碑文	-12.624886
耐え忍	-12.624989
▁とりで	-12.625287
飲ませ	-12.625428
▁(3	-12.625581
DI	-12.625728
役立ち	-12.625886
▁ジル	-12.625927
ジェン	-12.626027
シャワー	-12.626159
立ち上が	-12.626209
▁ヴァン	-12.626259
▁18,19)	-12.626264
そっち	-12.626266
gin	-12.626305
▁転じ	-12.626385
署長	-12.626537
死刑	-12.626616
▁あお	-12.626776
▁ミネラル	-12.627005
ゴロ	-12.627159
引き継	-12.627509
コブ	-12.627602
▁守護	-12.628005
合意	-12.628153
▁広まる	-12.628203
施す	-12.628205
▁ふけ	-12.628412
▁コンスタンティヌス	-12.628465
▁攻囲	-12.628465
蔽	-12.628465
▁相姦	-12.628494
▁フランシスコ	-12.628552
▁ソフトウェア	-12.628715
言い訳	-12.628856
we	-12.628931
パートタイム	-12.628941
▁ピザ	-12.629020
You	-12.629029
▁汽	-12.629245
▁転送	-12.629295
直り	-12.629306
▁清算	-12.629317
▁合致	-12.629322
▁学説	-12.629394
▁1,300	-12.629526
▁飛び出	-12.629583
3000	-12.629601
真正	-12.629664
ミック	-12.629691
クリーン	-12.629714
必死	-12.629866
マージ	-12.629889
▁遮	-12.630049
軽い	-12.630115
野生	-12.630165
▁スノー	-12.630464
ろう者	-12.630528
バト	-12.630756
▁制する	-12.631319
▁止まる	-12.631345
arra	-12.631497
▁47)	-12.631514
▁But	-12.631639
ache	-12.631659
▁襲い	-12.631671
79	-12.631714
取り除	-12.631869
▁行き先	-12.632021
まく	-12.632054
クサ	-12.632066
▁そうかい	-12.632076
〒	-12.632101
未亡人	-12.632102
▁捕囚	-12.632111
▁さっそく	-12.632116
ファレンス	-12.632117
暫	-12.632159
河	-12.632165
▁思い巡らす	-12.632171
請求	-12.632196
ペテロ	-12.632277
▁正邪	-12.632387
▁役だつ	-12.632425
▁染色体	-12.632833
ステート	-12.633060
▁果たせる	-12.633086
▁Pl	-12.633143
sl	-12.633183
71	-12.633236
コット	-12.633489
▁なんぢら	-12.633490
▁すく	-12.633568
▁けっ	-12.633640
▁ぶら	-12.633691
ウォン	-12.633729
▁傾	-12.633743
ベリ	-12.633756
スン	-12.633801
▁ユニーク	-12.633960
▁デザイナー	-12.634066
ワース	-12.634068
▁ウェルズ	-12.634268
▁プリンタ	-12.634295
▁容赦	-12.634376
▁クレイ	-12.634495
到	-12.634763
ama	-12.635017
▁(199	-12.635123
▁サハラ	-12.635292
▁プロセス	-12.635723
▁コスタリカ	-12.635751
鬱	-12.635752
▁シェオル	-12.635760
▁納め	-12.635762
▁増進	-12.635814
ーカ	-12.635903
ジョーンズ	-12.635917
▁1,7	-12.635926
ug	-12.635968
▁アレン	-12.636001
姿勢	-12.636051
ロフ	-12.636341
怪し	-12.636362
ock	-12.636468
ダーウ	-12.636623
▁1,0	-12.636766
きれない	-12.636771
露出	-12.636784
複製	-12.636840
▁勧告	-12.636913
死後	-12.637071
スクール	-12.637203
▁見物	-12.637422
浄	-12.637554
引っ張り	-12.637696
▁島民	-12.637821
▁駆り立て	-12.638151
参加者	-12.638164
▁繋が	-12.638224
停め	-12.638570
mi	-12.638687
SC	-12.638690
▁戦わ	-12.638983
▁明敏	-12.639308
回答	-12.639333
▁度々	-12.639354
▁一夜	-12.639409
躍	-12.639580
ミサイル	-12.639603
▁素晴らし	-12.639884
果たし	-12.639884
CE	-12.639900
北部	-12.639956
チャーリー	-12.639971
跳び	-12.639985
▁まひ	-12.639986
同情	-12.639996
データは	-12.640000
▁陽	-12.640001
▁景気	-12.640027
▁外観	-12.640061
▁再現	-12.640120
ウィック	-12.640128
▁トランク	-12.640224
DF	-12.640298
電池	-12.640344
▁en	-12.640512
ラテン	-12.640553
かわい	-12.640680
86	-12.640789
▁アイスクリーム	-12.640906
平行	-12.641010
ルーン	-12.641047
元素	-12.641109
エサ	-12.641369
▁願い求める	-12.641528
87	-12.641547
▁逆転	-12.641578
▁士官	-12.641823
▁レスター	-12.642002
鳴り	-12.642554
▁思い込	-12.642635
多すぎ	-12.642669
▁聞き入れ	-12.642805
裏庭	-12.642806
▁蒸発	-12.642950
結び	-12.642952
宗	-12.642983
▁Ge	-12.642988
▁逃避	-12.643016
▁ニムロデ	-12.643090
しゃく	-12.643139
ow	-12.643395
反乱	-12.643400
専用	-12.643501
▁室内	-12.643698
▁失調	-12.643743
クレア	-12.643947
寝室	-12.643950
プー	-12.644258
マズ	-12.644558
皆様	-12.644664
▁潤	-12.644806
02	-12.644883
▁聖母	-12.644962
▁固執	-12.645191
コリ	-12.645279
見込み	-12.645488
▁決断	-12.645878
▁アサフ	-12.645970
▁星雲	-12.646160
▁彫像	-12.646168
▁クール	-12.646286
tes	-12.646304
ココ	-12.646363
プト	-12.646366
▁77	-12.646490
▁マック	-12.646514
さしく	-12.646567
▁ゴリアテ	-12.646780
▁航路	-12.646781
▁浮き	-12.646798
▁乳房	-12.646889
▁偉い	-12.646954
06	-12.647001
▁ペニー	-12.647027
▁1964	-12.647098
▁引き離し	-12.647105
取り組む	-12.647322
▁つくる	-12.647351
緑色	-12.647362
楽器	-12.647373
1,000	-12.647518
▁裁定	-12.647529
▁ケイティ	-12.647556
ヘビ	-12.647727
▁フォン	-12.647774
近づき	-12.647947
Serv	-12.647955
ジル	-12.647986
▁尿	-12.648282
▁死ね	-12.648356
▁限度	-12.648567
▁96	-12.648589
▁よみがえらせる	-12.648816
▁キャサリン	-12.649424
▁鉛筆	-12.649445
▁平方	-12.649499
▁気体	-12.649572
▁起き上が	-12.649614
実証	-12.649628
離せ	-12.649693
分別	-12.649879
お返し	-12.650336
▁おっ	-12.650366
引き出し	-12.650409
▁称する	-12.650578
own	-12.650661
枯れ	-12.650702
▁マルクス	-12.650730
パッケージ	-12.650826
▁本位	-12.650842
▁総長	-12.650899
▁ふと	-12.650949
▁シートベルト	-12.650958
▁旨	-12.650982
復帰	-12.650996
▁もち	-12.651000
一貫	-12.651010
料金	-12.651171
西部	-12.651255
rite	-12.651369
▁分け与える	-12.651381
請い	-12.651781
▁Ope	-12.651810
▁要塞	-12.651845
▁すぐさま	-12.651896
▁ピリピ	-12.651933
AS	-12.652201
▁マーサ	-12.652211
▁こぼ	-12.652258
巨人	-12.652429
▁マーガレット	-12.652480
ass	-12.652752
答	-12.652936
ough	-12.653010
▁間隔	-12.653030
▁かき立て	-12.653063
ノキ	-12.653123
ぼろ	-12.653149
▁おぼえ	-12.653200
嫌悪	-12.653214
▁モルモ	-12.653230
▁解か	-12.653311
hone	-12.653635
▁栄え	-12.653703
襲う	-12.653890
おこ	-12.653955
詮	-12.654200
▁モントリオール	-12.654202
トゥー	-12.654279
▁重症	-12.654313
ure	-12.654538
泳ぐ	-12.654672
取り囲	-12.654764
プリント	-12.654869
▁察	-12.654877
シナ	-12.654930
ベック	-12.654997
▁配る	-12.655105
税金	-12.655124
引っ張	-12.655173
ビッチ	-12.655321
▁定住	-12.655424
よせ	-12.655787
▁言い争い	-12.655880
▁切ら	-12.655949
▁ナポレオン	-12.656043
▁助かる	-12.656264
▁チケット	-12.656348
バイク	-12.656418
乗り越え	-12.656443
スプリング	-12.656492
▁いえる	-12.656507
ach	-12.656517
▁寸前	-12.656590
ムス	-12.656772
聴き	-12.656807
▁凍結	-12.656953
ハリー	-12.657054
▁94	-12.657414
▁デー	-12.657748
▁喚	-12.657831
▁日数	-12.657927
終止符	-12.657933
糾弾	-12.657939
▁すい星	-12.657940
▁かん難	-12.657953
分かれ	-12.658096
▁逆戻り	-12.658193
ソナ	-12.658259
▁1952	-12.658545
バター	-12.658575
▁置き換え	-12.658784
の第	-12.658794
微笑	-12.658804
ブラー	-12.658948
ドクター	-12.658978
▁31,32	-12.659004
▁経歴	-12.659183
ジュー	-12.659184
▁騎士	-12.659216
生み出し	-12.659554
▁フィールド	-12.659614
同等	-12.659675
▁老い	-12.659706
▁補う	-12.659888
適応	-12.660002
▁トレイ	-12.660487
引き起こし	-12.660632
▁モード	-12.660761
▁パソコン	-12.660775
▁切除	-12.660822
▁鼓動	-12.660830
▁伸ばす	-12.660861
▁業務	-12.660878
▁ぼ	-12.660914
▁接近	-12.661174
▁内外	-12.661266
過ごせ	-12.661326
▁Se	-12.661350
▁お休み	-12.661537
甚	-12.661621
▁History	-12.661678
▁インターナショナル	-12.661680
▁近郊	-12.661683
▁情欲	-12.661715
▁開設	-12.661747
0.6	-12.661813
▁キャンペーン	-12.661825
聴覚	-12.661939
▁クレタ	-12.661962
悩み	-12.662111
▁打ちのめ	-12.662160
▁関連づけ	-12.662199
乾杯	-12.662215
明かり	-12.662324
似合	-12.662335
▁除き去り	-12.662368
sch	-12.662406
▁強欲	-12.662505
▁臭い	-12.662598
62	-12.662601
広がる	-12.662626
▁ゲート	-12.662819
▁バッテリー	-12.662873
▁標本	-12.662918
▁プラグイン	-12.662985
▁釘	-12.663093
ジェームズ	-12.663118
邪神	-12.663180
▁会見	-12.663301
▁バート	-12.663402
▁ヤク	-12.663417
▁近寄	-12.663798
▁あざけ	-12.663999
スピ	-12.664406
する時間	-12.664443
▁決まる	-12.664557
▁who	-12.664581
正に	-12.664649
選べ	-12.664731
▁支度	-12.665172
▁呑み込	-12.665238
同じく	-12.665252
仔	-12.665439
▁気晴らし	-12.665452
▁分け合う	-12.665577
▁撲滅	-12.665913
▁リズ	-12.665948
▁リグ	-12.666037
獲物	-12.666370
生き方	-12.666767
▁与え主	-12.666802
▁bl	-12.666998
恥ずかしい	-12.667172
▁消え去	-12.667571
レビュー	-12.667712
▁教わ	-12.667795
▁くま	-12.668064
▁ロマンチ	-12.668156
る場合	-12.668525
▁辱め	-12.668563
▁のろわ	-12.668708
ハマ	-12.668963
ents	-12.669019
博	-12.669131
カロライナ	-12.669211
▁馬車	-12.669248
formation	-12.669267
中断	-12.669497
拡	-12.669662
▁ウォー	-12.669679
福	-12.669704
▁ハッピー	-12.669847
座る	-12.669880
未満	-12.669930
航海	-12.669938
モーセ	-12.669948
▁強奪	-12.669955
ヘンリー	-12.669968
パラメ	-12.670033
フェン	-12.670080
善意	-12.670113
▁道のり	-12.670201
▁回し	-12.670263
びと	-12.670324
コーラ	-12.670581
▁治す	-12.670607
ild	-12.670765
要望	-12.670990
94	-12.671101
▁ディスク	-12.671318
いくらか	-12.671326
▁小川	-12.671382
ギン	-12.671387
▁破棄	-12.671450
▁裏づける	-12.671582
▁採取	-12.671618
▁シバ	-12.671746
こぼ	-12.671942
▁焦	-12.672049
▁拡	-12.672083
▁心地	-12.672204
▁お客	-12.672229
▁上着	-12.672467
▁一心	-12.672468
▁出入り	-12.672543
nn	-12.672770
▁鷲	-12.672808
錐	-12.672999
▁グルジア	-12.673003
▁活字	-12.673036
▁デイブ	-12.673054
▁かしこ	-12.673114
RO	-12.673148
Short	-12.673300
抜け出	-12.673328
▁グレイ	-12.673331
崇め	-12.673364
ボット	-12.673514
▁75%	-12.673568
紅	-12.673660
此	-12.673697
小僧	-12.673712
宣告	-12.673713
進展	-12.673762
▁浮かべ	-12.673801
陰謀	-12.673819
▁ブック	-12.673942
▁令状	-12.674001
お礼	-12.674011
▁奥深い	-12.674159
暑い	-12.674370
神父	-12.674445
▁暖	-12.674467
▁審	-12.674579
相対	-12.674883
▁3,7	-12.674921
▁一族	-12.674935
ところが	-12.675020
優勝	-12.675202
▁きず	-12.675231
▁恥じ	-12.675242
ジェリー	-12.675392
キンス	-12.675733
シリア	-12.675751
olum	-12.675805
▁沈む	-12.675823
仰	-12.675838
たがる	-12.676024
ばり	-12.676343
▁GPS	-12.676350
ka	-12.676371
閣	-12.676633
たず	-12.676643
▁等しく	-12.676669
▁踏む	-12.676669
▁扶養	-12.676724
ドス	-12.676746
▁ブルガリア	-12.676802
▁炎症	-12.676915
▁酵素	-12.676946
▁カビ	-12.676976
ヴィッ	-12.676986
いうのは	-12.677016
▁リオ	-12.677067
▁著わ	-12.677083
▁延ばす	-12.677093
▁集まり合う	-12.677117
▁削減	-12.677130
"6	-12.677309
情けない	-12.677496
預	-12.677501
貪欲	-12.677570
シンボル	-12.677573
▁物語る	-12.677635
▁乗れ	-12.677640
カギ	-12.677690
きっかけ	-12.677721
▁おばあさん	-12.677956
こま	-12.678038
クリップ	-12.678065
欲しが	-12.678082
じろ	-12.678221
ズラ	-12.678416
積み	-12.678702
▁暇	-12.678718
曇	-12.678791
▁わら	-12.678800
インターフェ	-12.678833
▁従者	-12.679105
▁引っ張	-12.679421
滅び	-12.679648
▁ヤハ	-12.679772
▁テニス	-12.680165
関係なく	-12.680172
▁飾	-12.680195
▁手配	-12.680287
▁ブロン	-12.680356
▁抜け出	-12.680462
終り	-12.680603
▁オンタリオ	-12.680618
代数	-12.680644
逃げ出し	-12.680760
field	-12.680933
キラー	-12.681003
寿命	-12.681187
装飾	-12.681538
茶色	-12.681717
▁空き	-12.681874
▁モーガン	-12.681919
ause	-12.682052
▁自家	-12.682096
予言	-12.682140
▁cal	-12.682397
▁通知	-12.682404
ヘリ	-12.682446
▁98	-12.682509
IC	-12.682740
クスター	-12.683013
▁スーツケース	-12.683038
らえ	-12.683097
▁カンボジア	-12.683126
セール	-12.683359
▁見つめる	-12.683378
▁気付く	-12.683441
▁エピ	-12.683713
ポスト	-12.683770
負え	-12.683825
好ま	-12.684044
▁頭部	-12.684258
▁21,22)	-12.684385
▁スリランカ	-12.684449
荘	-12.684449
加わ	-12.684633
▁スリル	-12.684666
▁系図	-12.684691
▁やっぱ	-12.684704
習い	-12.684746
ツー	-12.684882
▁食べ過ぎ	-12.684916
"8	-12.684944
▁デカ	-12.684961
po	-12.685069
プレゼン	-12.685184
▁だらけ	-12.685236
▁病状	-12.685303
過剰	-12.685328
ブラジル	-12.685347
区域	-12.685355
びっくり	-12.685372
▁付き合う	-12.685622
has	-12.685633
ライアス	-12.685712
▁back	-12.685814
ぱん	-12.685912
▁バケツ	-12.686165
遭	-12.686210
▁震	-12.686408
直さ	-12.686421
▁買える	-12.686642
▁見倣い	-12.687197
▁スイ	-12.687426
終わらせる	-12.687494
▁党員	-12.687495
暑	-12.687733
うえ	-12.687879
ネイル	-12.688189
弊	-12.688223
たもので	-12.688242
謹	-12.688293
▁スポークスマン	-12.688295
ゝ	-12.688295
寮	-12.688295
▁欲情	-12.688331
84	-12.688364
▁おとなし	-12.688473
run	-12.688533
▁用事	-12.688719
▁ウィーン	-12.688723
ium	-12.688910
溶岩	-12.689022
pass	-12.689088
欠陥	-12.689254
告げる	-12.689315
ウォ	-12.689379
ばっ	-12.689553
クロー	-12.689555
控え目	-12.689631
トレス	-12.689751
▁Mar	-12.689752
カラム	-12.689775
fr	-12.689784
めく	-12.689804
作り出す	-12.689808
▁比率	-12.689849
▁オール	-12.689904
典型	-12.690008
途上	-12.690021
▁つめ	-12.690068
毒性	-12.690189
▁per	-12.690208
ファル	-12.690222
表を	-12.690400
▁感知	-12.691594
ans	-12.691706
▁熱中	-12.691890
▁落とし穴	-12.692230
▁傾斜	-12.692362
▁罠	-12.692364
降る	-12.692410
満たし	-12.692436
▁振るう	-12.692612
じる	-12.692696
幼い	-12.692726
▁ベース	-12.692860
▁本土	-12.692924
▁アーカイ	-12.692966
▁見守り	-12.693017
▁鍛	-12.693044
▁落ち着か	-12.693084
ix	-12.693095
綿	-12.693108
兼ね	-12.693371
空白	-12.693467
▁30,31	-12.693481
▁ジャクソン	-12.693614
拭	-12.693653
▁スキ	-12.693776
つかめ	-12.693804
▁冒す	-12.693825
▁日記	-12.693868
利点	-12.693870
▁歩行	-12.693914
体内	-12.693961
sing	-12.694071
▁いかん	-12.694126
々しく	-12.695081
ポッド	-12.695130
▁サラダ	-12.695141
▁さび	-12.695274
タイル	-12.695431
▁答え応じ	-12.695560
▁ベール	-12.695613
▁泳ぐ	-12.695676
▁補充	-12.695807
季	-12.695971
喰	-12.696033
▁後ろ盾	-12.696049
ソリ	-12.696075
▁くすしい	-12.696122
▁注ぎ出さ	-12.696134
▁ズボン	-12.696208
▁言葉遣い	-12.696330
縫	-12.696373
▁乏しい	-12.696570
▁メソポタミア	-12.696748
化粧	-12.697090
サイクル	-12.697112
容赦	-12.697118
横断	-12.697515
▁My	-12.697606
ツキ	-12.697622
PN	-12.697678
▁ボルト	-12.697685
溶け	-12.697837
善良	-12.697933
▁媒	-12.698000
ジング	-12.698045
刺し	-12.698386
▁缶	-12.698401
▁対決	-12.698440
▁タイミング	-12.698448
▁探し求める	-12.698468
▁鐘	-12.698471
ティカ	-12.698644
みなさ	-12.698649
▁ベスト	-12.698670
▁映る	-12.698760
ツアー	-12.698797
化け	-12.698927
▁ぶ	-12.698963
下げる	-12.699033
▁手掛かり	-12.699132
▁呼び求め	-12.699277
▁亜	-12.699384
強調	-12.699771
▁持ち上げ	-12.699784
▁洞くつ	-12.699924
爽	-12.699924
しりごみ	-12.700039
ich	-12.700315
▁末期	-12.700596
▁深まる	-12.700600
忍	-12.700717
▁機密	-12.700765
LO	-12.700801
▁励む	-12.700905
▁帰す	-12.700935
災害	-12.701133
▁候補	-12.701518
▁吉	-12.701735
の教育	-12.701859
抽出	-12.701901
試す	-12.703198
▁発せ	-12.703217
伸	-12.703474
もど	-12.703476
▁チャン	-12.703477
篤	-12.703826
ネコ	-12.703996
ラクター	-12.704151
市警	-12.704203
ET	-12.704400
リコ	-12.704445
▁耐性	-12.704458
▁開けろ	-12.704512
OC	-12.704593
ビアン	-12.704617
バーガー	-12.704785
▁送り込	-12.704846
安らぎ	-12.705017
融合	-12.705047
墜落	-12.705051
アルコール	-12.705090
往来	-12.705270
つまら	-12.705278
ハル	-12.705346
▁ウン	-12.705458
仕上げ	-12.705500
95%	-12.705570
止まり	-12.705778
▁フライ	-12.705904
▁pre	-12.705971
ise	-12.706014
ash	-12.706318
っちも	-12.706449
▁アンジェラ	-12.706629
ナリ	-12.706807
遺伝	-12.706985
▁レス	-12.707003
素晴	-12.707160
お気	-12.707379
▁誘導	-12.707463
▁伝わる	-12.707539
孔	-12.707608
▁怠慢	-12.707784
▁成り行き	-12.707801
▁アイリス	-12.707825
携	-12.707957
漬け	-12.708000
だいたい	-12.708126
▁原油	-12.708131
▁碑	-12.708147
aby	-12.708150
▁アラーム	-12.708233
吸う	-12.708975
護衛	-12.709049
生態	-12.709167
人数	-12.709207
ウォー	-12.709282
組み込	-12.709345
▁ひい	-12.709407
ari	-12.709812
▁お母	-12.709828
天体	-12.709981
▁なくす	-12.710785
ユダ	-12.710835
ある程度	-12.711085
ライフ	-12.711341
▁はずれ	-12.711377
リスクを	-12.711673
▁イゼベル	-12.711689
臥	-12.711695
▁欠乏	-12.711716
▁呈し	-12.711776
▁屈する	-12.711883
崇	-12.711970
抽	-12.712110
▁平方メートル	-12.712149
助かる	-12.712171
▁デビッド	-12.712186
貼り付け	-12.712228
CM	-12.712291
▁迷い	-12.712380
▁不可解	-12.712417
▁農地	-12.712547
けん	-12.712577
da	-12.712584
▁良さ	-12.712765
obo	-12.712792
▁マイアミ	-12.712827
▁はかり	-12.712902
▁1%	-12.712981
槍	-12.712993
▁ドラム	-12.713004
▁どっ	-12.713034
証券	-12.713040
買わ	-12.713172
▁資質	-12.713175
沈む	-12.713181
ギター	-12.713292
▁1922	-12.713315
懸念	-12.713411
モット	-12.713429
ht	-12.713477
▁周波	-12.713520
▁作法	-12.713652
Po	-12.713858
ゆえに	-12.713954
恋愛	-12.714007
にわたって	-12.714211
アブ	-12.714232
▁ふざける	-12.714316
くず	-12.715062
▁解く	-12.715487
後半	-12.715555
販	-12.715606
▁煉獄	-12.715641
▁丸太	-12.715696
ゴス	-12.715778
▁Kon	-12.715859
▁標識	-12.715929
88	-12.715938
ec	-12.715939
▁口づけ	-12.715978
戸外	-12.716162
▁ゲーリ	-12.716244
▁首長	-12.716294
候	-12.716328
社員	-12.716390
亡く	-12.716700
発音	-12.716714
▁盾	-12.716847
ブン	-12.716850
不可欠	-12.717024
果樹	-12.717033
反映	-12.717087
シング	-12.717138
現わ	-12.717260
▁透	-12.717315
安息	-12.717410
基金	-12.717474
▁大群	-12.717556
経つ	-12.717958
▁区分	-12.717984
▁最寄	-12.718147
▁出会う	-12.718328
▁ジェフ	-12.718336
読める	-12.718372
増やし	-12.718471
▁ふさ	-12.718727
ャー	-12.718753
▁強要	-12.718823
フランク	-12.718843
▁アトランタ	-12.718883
▁89	-12.718924
▁盗聴	-12.719049
▁陽気	-12.719181
吹か	-12.719251
▁悔	-12.719312
dy	-12.719363
▁降る	-12.719469
▁ミル	-12.719537
揃え	-12.719543
▁賠償	-12.719609
リッヒ	-12.719627
ost	-12.719679
ブツ	-12.719840
▁じゅうたん	-12.719890
▁平野	-12.719911
コンセプ	-12.719948
▁ジェニー	-12.719964
▁カルバン	-12.720009
むろ	-12.720017
ドーム	-12.720068
min	-12.720159
▁number	-12.720295
▁わい	-12.720440
▁page	-12.720617
ポテト	-12.720778
▁チンパンジー	-12.720931
拳	-12.721027
マネージャー	-12.721043
努め	-12.721126
▁Me	-12.721136
謝罪	-12.721159
首相	-12.721392
思想	-12.721459
美味し	-12.721523
ピング	-12.721561
を特定	-12.721865
殺し屋	-12.722058
景色	-12.722198
▁遺	-12.722244
▁欧	-12.722356
じみ	-12.722401
つり	-12.722508
▁歓	-12.722669
▁蓄	-12.722749
▁ローン	-12.722780
▁デトロイト	-12.722863
の開発	-12.723072
ぶどう	-12.723107
▁だら	-12.723221
▁飲ませ	-12.723581
廻	-12.723582
沸騰	-12.723592
披露	-12.723594
▁亜麻	-12.723595
傲慢	-12.723595
▁規律	-12.723686
▁さげす	-12.723723
作物	-12.723802
つらい	-12.723805
リントン	-12.723860
▁喫	-12.723916
▁重傷	-12.723966
シミュレー	-12.724145
▁縮小	-12.724208
ネン	-12.724264
ポッター	-12.724618
ayer	-12.724708
▁励	-12.724816
▁越える	-12.724850
▁背負	-12.724852
▁オリジナル	-12.724865
休め	-12.725004
おっしゃ	-12.725099
採取	-12.725103
及ぶ	-12.725132
欠席	-12.725403
弱点	-12.725522
▁ジャンプ	-12.725659
▁上流	-12.725680
ビッグ	-12.725703
寂し	-12.725746
▁叔母	-12.725749
バレー	-12.726010
死ね	-12.726038
読書	-12.726156
秘め	-12.726261
構え	-12.726286
▁狙い	-12.726388
っぱなし	-12.726549
▁番地	-12.726712
▁闘わ	-12.726887
▁指数	-12.726889
▁躍	-12.727101
貌	-12.727188
▁セラ	-12.727203
▁代金	-12.727355
▁演	-12.727573
▁テトラグラマトン	-12.727593
▁滑り	-12.727637
▁ヤー	-12.727671
▁放縦	-12.727729
▁高層	-12.727979
▁確	-12.727993
びれ	-12.728004
▁喧嘩	-12.728161
▁従わせ	-12.728181
ペース	-12.728188
ca	-12.728196
ンドラ	-12.728209
ダール	-12.728395
▁ゴキブリ	-12.728454
▁演技	-12.728465
▁Wh	-12.728468
つくり	-12.728553
OD	-12.728685
mer	-12.728725
▁はしご	-12.728775
▁貸	-12.728793
▁ピア	-12.728926
絡	-12.728938
オペレー	-12.729028
つなげ	-12.729108
▁欠く	-12.729148
繁栄	-12.729180
▁アリストテレス	-12.729218
んぼ	-12.729329
犯行	-12.729450
直ちに	-12.729614
▁さかのぼる	-12.729631
▁さいし	-12.729732
▁善人	-12.729774
▁味わえ	-12.729796
▁取って代わる	-12.729969
本能	-12.730063
テモテ	-12.730080
▁ナンバー	-12.730439
ケア	-12.730475
▁ヨハネス	-12.730490
▁問う	-12.730498
▁依り頼	-12.730730
ful	-12.730848
10%	-12.730896
▁お守り	-12.731060
▁リバー	-12.731166
▁bo	-12.731212
骸	-12.731409
▁はじめる	-12.731433
入り口	-12.731549
匠	-12.731610
▁アルプス	-12.731676
▁ハデス	-12.731715
数々	-12.731719
タダ	-12.731733
ツォ	-12.731758
▁硬	-12.731999
▁ロビン	-12.732329
に利用	-12.732419
精液	-12.732559
▁冷え	-12.732654
ルマン	-12.732808
賛	-12.732903
震え	-12.732906
▁不妊	-12.733030
楕円	-12.733216
銅	-12.733232
実践	-12.733246
セクシー	-12.733250
壊滅	-12.733264
甲板	-12.733290
投与	-12.733300
▁妄想	-12.734076
演じ	-12.734109
▁窒息	-12.734194
ide	-12.734397
それゆえ	-12.734445
▁ココ	-12.734469
ヴィー	-12.734569
mit	-12.734637
▁ハンド	-12.734965
▁録	-12.734975
ゲスト	-12.735068
OU	-12.735199
▁貫	-12.735288
irst	-12.735291
タウ	-12.735413
▁欲する	-12.735438
05	-12.735472
ョ	-12.735481
邸	-12.735605
敢	-12.735637
毅	-12.735641
▁抑うつ	-12.735644
▁猛威	-12.735652
▁ホル	-12.735677
▁マーティ	-12.735680
▁ドナルド	-12.735712
るべきで	-12.735804
フォーカス	-12.735863
▁三角形	-12.736095
▁吐き気	-12.736150
▁容	-12.736236
▁尊大	-12.736238
経過	-12.736433
ラビ	-12.736506
リバー	-12.736596
▁上訴	-12.736799
づい	-12.737280
▁粒	-12.737283
ダビデ	-12.737348
季節	-12.737356
苦悩	-12.737361
破棄	-12.737382
ぴったり	-12.737391
▁野蛮	-12.737531
▁解け	-12.737569
広ま	-12.737609
ガイド	-12.737731
いらっしゃい	-12.737891
広め	-12.737947
▁ポリ	-12.737997
▁負ける	-12.738036
▁シート	-12.738039
▁欠ける	-12.738077
降ろし	-12.738139
衆	-12.738177
投げる	-12.738301
▁申し込み	-12.738491
▁ニューロン	-12.738554
oad	-12.738637
塗り	-12.738715
▁手間	-12.738791
伺	-12.738935
コリンズ	-12.738976
煩	-12.739064
動け	-12.739190
▁Ar	-12.739296
▁パネル	-12.739408
刺され	-12.739413
用事	-12.739491
ダマ	-12.739684
昧	-12.739690
▁マドリード	-12.739691
▁プラハ	-12.739790
気な	-12.739800
研修	-12.739833
▁減量	-12.739903
▁棟	-12.739966
ガリ	-12.739978
▁羊毛	-12.740046
▁戸惑	-12.740125
収め	-12.740191
▁解剖	-12.740385
ync	-12.740631
逃れる	-12.740777
▁ホット	-12.740790
▁ミン	-12.740863
キル	-12.741037
▁Co	-12.741233
リチャード	-12.741463
洪水	-12.741465
▁ブリッジ	-12.741497
並び	-12.741503
▁sp	-12.741594
mp	-12.741607
▁時おり	-12.741607
そうして	-12.741631
独身	-12.741714
▁暑	-12.741902
けな	-12.742007
撮る	-12.742066
出エジプト	-12.742098
ムーン	-12.742109
▁勘定	-12.742206
▁1900	-12.742229
家具	-12.742305
シェア	-12.742421
▁きまり	-12.742441
キツ	-12.742550
▁急ぐ	-12.742572
▁ディー	-12.742610
フォーク	-12.742806
訓練を	-12.742810
外交	-12.743138
▁ミミズ	-12.743191
▁革	-12.743305
トロール	-12.743384
▁ホスト	-12.743586
スコープ	-12.743713
垣	-12.743714
▁hand	-12.743748
スカウト	-12.743756
▁メディカル	-12.743765
▁ミルトン	-12.743817
▁ナバル	-12.743833
フライ	-12.743864
rl	-12.744032
▁断じ	-12.744081
bo	-12.744129
▁すばらし	-12.744130
話し合い	-12.744134
中傷	-12.744183
▁無益	-12.744386
リーグ	-12.744398
目だ	-12.744426
ピカ	-12.744473
930	-12.744505
ハッシュ	-12.744720
▁蜂	-12.745158
▁押し入	-12.745259
▁ダグ	-12.745312
▁デュー	-12.745344
ジオ	-12.745455
コミュニケーション	-12.745587
洗濯	-12.745587
▁長所	-12.745841
▁又	-12.745893
▁薪	-12.746192
▁近付	-12.746335
▁憂い	-12.746336
▁2.5	-12.746588
▁サンドラ	-12.746756
▁めと	-12.746836
蓄え	-12.747095
▁こたえる	-12.747131
▁同居	-12.747140
ベール	-12.747325
▁居る	-12.747355
合わさ	-12.747375
▁マグ	-12.747474
▁壊し	-12.747543
▁別れる	-12.747622
テント	-12.747674
▁水泳	-12.747765
籠	-12.747836
▁アルバニア	-12.747849
▁バレエ	-12.747866
▁ハト	-12.747883
ミニ	-12.747915
▁平静	-12.747993
ドレ	-12.748058
やり遂げ	-12.748332
▁断わり	-12.748475
pro	-12.748560
▁肢	-12.748685
セラ	-12.748750
qui	-12.748924
緩	-12.749499
公表	-12.749506
▁テリー	-12.749588
アンナ	-12.749595
▁コレクション	-12.749630
▁重度	-12.749673
娼婦	-12.749739
宣伝	-12.749748
暴露	-12.749754
ネント	-12.749758
海賊	-12.749804
▁抜け出す	-12.749854
イラン	-12.749939
▁ならせる	-12.749945
▁ハリウッド	-12.749990
違え	-12.750036
予感	-12.750210
ッション	-12.750599
50%	-12.750813
▁有り	-12.750909
▁生地	-12.751129
その他	-12.751236
飛び出	-12.751292
▁cou	-12.751324
アメ	-12.751330
▁みどりご	-12.751427
▁ブロー	-12.751439
入れ替え	-12.751594
▁オックスフォード	-12.751668
▁みのり	-12.751801
スコット	-12.751871
嗅	-12.751899
禍	-12.751936
▁禁ずる	-12.751952
▁対比	-12.751995
レーター	-12.752163
▁ソフト	-12.752205
チック	-12.752267
▁氷山	-12.752307
バース	-12.752307
▁執り行な	-12.752395
さまざまな	-12.752818
▁北方	-12.752827
▁縮	-12.752939
四角	-12.752961
ull	-12.752967
▁mys	-12.752988
罪人	-12.753192
ロッカー	-12.753227
咲か	-12.753242
▁不要	-12.753274
先頭	-12.753336
サイエンス	-12.753903
及ぼす	-12.753913
基盤	-12.753949
ハンター	-12.754082
▁口座	-12.754128
借りる	-12.754270
▁総数	-12.754272
伝道	-12.754370
燃やし	-12.754419
嫌う	-12.754612
▁キッチン	-12.754879
どころか	-12.754900
おもしろい	-12.754961
▁抗争	-12.755008
▁働き手	-12.755067
あふれ	-12.755122
排	-12.755202
▁かなた	-12.755400
刺す	-12.755506
▁斥候	-12.756051
侍	-12.756051
▁闘牛	-12.756114
▁貧血	-12.756141
▁誇	-12.756154
▁ヒョウ	-12.756390
▁飼い主	-12.756392
▁くぎ	-12.756446
発想	-12.756469
排出	-12.756672
▁傷口	-12.756702
CO	-12.756976
▁捜す	-12.756994
▁キツネ	-12.757119
良心	-12.757201
▁営業	-12.757272
,33	-12.757445
▁中年	-12.757489
▁被り	-12.757518
貼	-12.757586
▁北海	-12.757590
▁トランプ	-12.757627
▁言わば	-12.757719
Char	-12.758032
久しぶり	-12.758085
持ち出	-12.758088
▁名詞	-12.758090
▁つけ加え	-12.758217
▁裏付ける	-12.758256
▁ドミニカ	-12.758273
狂い	-12.758273
▁クーパー	-12.758429
対立	-12.758485
▁移行	-12.758516
浮気	-12.758534
▁万引き	-12.758637
▁自治	-12.758800
▁強まる	-12.759000
▁留	-12.759018
規模の	-12.759039
ッグス	-12.759086
メタ	-12.759157
読者	-12.759208
ナチ	-12.759272
説教	-12.759333
▁あらず	-12.759574
▁噴	-12.759577
▁グラント	-12.759649
▁醜い	-12.759694
▁結晶	-12.759816
▁接種	-12.759926
えー	-12.759993
▁Pennsylvania	-12.760183
壮	-12.760220
▁アンデス	-12.760251
▁コレラ	-12.760262
▁唱	-12.760862
▁いける	-12.760961
▁農園	-12.761025
かず	-12.761075
▁牧し	-12.761270
いれ	-12.761285
▁クロエ	-12.761383
サイコロ	-12.761427
▁度合い	-12.761456
▁法典	-12.761476
故人	-12.761691
ッテ	-12.762166
狩	-12.762218
▁サブ	-12.762255
鋼	-12.762260
蘇	-12.762269
シーズン	-12.762316
新鮮	-12.762404
及ば	-12.762618
ッキ	-12.762824
▁メーカー	-12.762888
ナニ	-12.763020
▁やさしい	-12.763049
受理	-12.763057
指標	-12.763117
▁ブログ	-12.763204
▁ユニ	-12.763322
▁社員	-12.763422
トリア	-12.763670
▁入り口	-12.763691
ホフ	-12.763793
見直し	-12.763799
▁ウォ	-12.763825
▁オフ	-12.763874
レンチ	-12.763875
継ぐ	-12.763911
▁メリ	-12.764062
ore	-12.764084
script	-12.764244
▁シンポジウム	-12.764332
貞節	-12.764342
▁Watch	-12.764359
コト	-12.764378
▁ISO	-12.764388
▁流域	-12.764390
▁セム	-12.764393
忌み嫌	-12.764439
▁破片	-12.764462
row	-12.764477
led	-12.764519
迎える	-12.764552
尊い	-12.764657
スケー	-12.764671
▁役だ	-12.764754
▁苦い	-12.764826
ナシ	-12.764948
▁鋭く	-12.764952
▁年ごろ	-12.764966
ヨナ	-12.765033
縄	-12.765065
▁隣人愛	-12.765100
▁式典	-12.765446
PR	-12.765447
▁リス	-12.765448
癒	-12.765462
▁3.0	-12.765577
▁休ま	-12.765712
hi	-12.765742
▁UN	-12.765974
▁毒物	-12.766040
卑	-12.766500
撤退	-12.766505
▁登る	-12.766687
▁胚	-12.766697
▁コイ	-12.766770
▁戻し	-12.766786
▁語彙	-12.766886
驚かせ	-12.766955
▁イデオロギー	-12.766999
シード	-12.767010
控えめ	-12.767108
▁刺さ	-12.767231
くださる	-12.767456
▁ニワトリ	-12.767551
▁貝殻	-12.767623
▁For	-12.767692
▁クッキー	-12.767696
▁→	-12.767714
▁舗	-12.767984
スリ	-12.767988
▁カテ	-12.768158
▁ゲル	-12.768188
ハルト	-12.768402
姦	-12.768412
セナケリブ	-12.768499
▁アイスランド	-12.768532
▁74	-12.768565
クリーニング	-12.768592
スポンサ	-12.768663
▁遅れる	-12.768703
▁根深い	-12.768770
orial	-12.768789
▁培え	-12.769033
▁シェリー	-12.769157
▁読み物	-12.769211
▁優しさ	-12.769222
▁アート	-12.769501
▁オペラ	-12.769641
▁吹き込	-12.769667
▁植え付け	-12.769694
▁フィン	-12.770016
麦	-12.770239
DPI	-12.770250
空き	-12.770268
▁かしら	-12.770414
ラク	-12.770431
▁閉じる	-12.770691
潤	-12.770734
▁たどり	-12.770740
侵略	-12.770747
克服	-12.770764
▁ゲヘナ	-12.770807
生み出	-12.770849
大抵	-12.770866
農家	-12.771067
▁spe	-12.771160
▁セッション	-12.771254
液体	-12.771309
▁超越	-12.771396
広場	-12.771502
ーチャー	-12.771758
買える	-12.771931
its	-12.771953
▁195	-12.772104
▁インスト	-12.772121
▁町々	-12.772213
▁瓶	-12.772263
替える	-12.772380
瀬	-12.772446
余分	-12.772494
堅く	-12.772523
▁銃弾	-12.772545
▁ゲシュタポ	-12.772683
▁褒める	-12.772684
嚢	-12.772684
▁クラウ	-12.772840
終える	-12.772954
スケ	-12.773100
them	-12.773205
▁注入	-12.773716
ワイア	-12.773760
Br	-12.773843
▁ハウス	-12.773951
▁八つ	-12.773959
の特	-12.774006
▁エリー	-12.774010
繋がる	-12.774160
▁立法	-12.774236
▁つなぎ	-12.774690
▁華	-12.774840
マーフィー	-12.774916
松	-12.774994
忌	-12.775006
温暖	-12.775008
周波	-12.775063
天候	-12.775088
異論	-12.775108
帰還	-12.775112
極端	-12.775267
咲	-12.775313
▁降ろし	-12.775346
付近	-12.775396
▁糧	-12.775441
▁浮気	-12.775526
丸め	-12.775558
▁充て	-12.775615
▁バーンズ	-12.775643
956	-12.775673
▁タマ	-12.775704
▁やれる	-12.775739
手短	-12.775803
溶	-12.775993
吹き飛ば	-12.776254
順に	-12.776408
主権	-12.776484
▁協	-12.776509
空っぽ	-12.776740
シップ	-12.776764
ö	-12.776885
▁バンクーバー	-12.776885
▁徴兵	-12.776916
▁ハリソン	-12.776954
▁Ne	-12.776964
▁真相	-12.777088
▁屋内	-12.777160
▁スキャン	-12.777209
▁エリス	-12.777383
タイヤ	-12.777516
面白く	-12.777533
うれし	-12.777792
良さ	-12.777813
5,000	-12.777899
▁気球	-12.777963
ja	-12.777985
▁ウエ	-12.777989
▁親権	-12.778530
▁すり	-12.778768
ハウ	-12.778778
暖め	-12.779214
ガソリン	-12.779277
花嫁	-12.779304
oc	-12.779323
いろんな	-12.779354
800	-12.779377
▁過失	-12.779377
遣	-12.779405
ジェネ	-12.779578
▁コネ	-12.779644
▁14,16	-12.779667
▁ビク	-12.779831
▁配り	-12.780113
▁キリン	-12.780215
▁融	-12.780636
▁其	-12.780770
奮	-12.781075
姪	-12.781103
臼	-12.781103
▁コラムニスト	-12.781104
ket	-12.781217
conf	-12.781229
▁悪しき	-12.781446
熱く	-12.781659
▁まかな	-12.781888
集まる	-12.781905
ニール	-12.781909
▁付し	-12.781959
▁裁き主	-12.781992
ただいま	-12.782212
▁シナ	-12.782324
▁ジョーダン	-12.782351
▁イアン	-12.782627
▁磁石	-12.783387
ブルック	-12.783430
キラ	-12.783666
多少	-12.783720
浮かぶ	-12.783764
試みる	-12.783783
▁1,8	-12.783927
▁79	-12.784058
▁用紙	-12.784335
▁見かける	-12.784430
困らせ	-12.784480
▁シンボル	-12.784528
▁喜べ	-12.784530
構い	-12.784616
▁ac	-12.784806
もり	-12.784857
▁イースト	-12.784872
▁Gr	-12.785049
1954	-12.785085
▁方角	-12.785179
フィット	-12.785185
些	-12.785340
▁シメオン	-12.785341
▁柔順	-12.785341
メカニズム	-12.785342
▁忍ぶ	-12.785364
▁粗暴	-12.785366
▁えじき	-12.785400
▁禁じる	-12.785597
聴く	-12.785734
▁チャド	-12.785788
▁上方	-12.785817
▁交わし	-12.785886
▁ライリ	-12.786016
▁乱れ	-12.786022
神話	-12.786060
▁デリ	-12.786139
▁ヨー	-12.786433
振り返	-12.786515
▁牧する	-12.786539
▁境	-12.786722
▁コブラ	-12.786805
▁顧問	-12.786817
▁抱ける	-12.786923
現場で	-12.787045
▁ホームレス	-12.787066
▁恩	-12.787357
現われ	-12.787718
サマ	-12.787801
▁バリ	-12.787836
ウォーター	-12.787846
対抗	-12.787893
郊外	-12.787971
鋭	-12.787975
▁クラーク	-12.788021
チキン	-12.788085
さらなる	-12.788090
丁度	-12.788313
横たわ	-12.788347
▁仕方ない	-12.788470
▁通い	-12.788591
▁溶	-12.789246
ふる	-12.789312
ラメ	-12.789566
やはり	-12.789577
Wor	-12.789598
腱	-12.789599
▁欺まん	-12.789600
▁軽べつ	-12.789603
見当	-12.789617
▁ダチョウ	-12.789633
du	-12.789667
▁証印	-12.789803
分配	-12.789866
▁ニコラス	-12.790148
泊ま	-12.790172
▁傑作	-12.790545
▁聞かせ	-12.790936
▁日焼け	-12.790989
▁示	-12.791264
▁騒が	-12.791514
タフ	-12.791573
全うし	-12.791682
▁ローレンス	-12.791739
▁王朝	-12.791965
身分	-12.792008
▁きつい	-12.792009
▁宛て	-12.792130
宮殿	-12.792219
装備	-12.792295
▁繰り広げ	-12.792396
ご飯	-12.792424
▁騒々し	-12.792476
1.0	-12.792547
▁良き	-12.792618
▁Ex	-12.792758
▁如	-12.792779
▁痕跡	-12.792907
▁北京	-12.792935
マザー	-12.793412
オール	-12.793489
調和	-12.793511
▁キーボード	-12.793515
ble	-12.793629
EC	-12.793841
▁コンゴ	-12.793859
▁タンザニア	-12.793870
▁潰瘍	-12.793870
▁ジャー	-12.793872
▁ビニール	-12.793892
▁さばき	-12.793902
▁エイズウイルス	-12.793950
▁原文	-12.794094
▁ソル	-12.794113
▁おまけ	-12.794182
ローブ	-12.794429
▁改造	-12.794577
▁市街	-12.794943
明るく	-12.795058
▁エク	-12.795130
▁回路	-12.795650
▁テラ	-12.795733
めちゃ	-12.795837
▁捕まえる	-12.795909
▁浴びる	-12.796013
NSA	-12.796136
▁幾億	-12.796332
ッポ	-12.796466
▁工程	-12.796557
入れろ	-12.796584
細菌	-12.796589
比率	-12.796642
金銭	-12.796650
髄	-12.796702
▁積み上げ	-12.796731
わらず	-12.796736
スレッド	-12.796753
形態	-12.796809
何百	-12.796955
OP	-12.796979
▁日課	-12.796999
ドマン	-12.797026
▁居間	-12.797382
住まわ	-12.797400
歩き回	-12.797545
ショーン	-12.797673
タンディ	-12.797976
▁ロイド	-12.798080
諸君	-12.798177
▁ナタリー	-12.798182
ギャップ	-12.798219
HR	-12.798223
▁余暇	-12.798255
▁俗	-12.798261
▁いら立ち	-12.798360
長子	-12.798429
▁外衣	-12.798489
ence	-12.798497
▁引き換え	-12.798500
有用	-12.798675
不吉	-12.798931
▁スマート	-12.799118
平凡	-12.799208
グイン	-12.799221
の科学	-12.799258
▁125	-12.799495
▁蔓延	-12.799593
投入	-12.799664
▁ゴッ	-12.799716
TA	-12.799734
▁ロング	-12.799747
cu	-12.799867
セロ	-12.799892
Region	-12.800132
▁イーサン	-12.800142
▁モンテ	-12.800160
シアン	-12.800469
▁コロラド	-12.800667
cc	-12.800767
ストロー	-12.800847
徐	-12.800927
倫理	-12.800928
探査	-12.800941
▁ハンドル	-12.800970
売買	-12.800988
濃度	-12.801074
▁足ら	-12.801129
レジ	-12.801135
本来	-12.801218
▁神性	-12.801228
▁隔て	-12.801328
▁述	-12.801514
フェア	-12.801517
夫妻	-12.801524
生体	-12.801674
▁沈み	-12.801780
ハズ	-12.802360
エピソード	-12.802473
メソッド	-12.802473
ロケット	-12.802473
駒	-12.802473
▁表題	-12.802608
▁整然	-12.802627
スー	-12.802665
▁星座	-12.802719
ラッキー	-12.802772
濡れ	-12.802865
▁アイコン	-12.802980
エド	-12.803052
▁着せ	-12.803122
ステーション	-12.803134
▁見極め	-12.803323
▁餓死	-12.803399
デカ	-12.803421
▁登り	-12.803459
ミット	-12.803510
▁百万	-12.803547
▁ナジ	-12.803661
らしさ	-12.803948
▁再発	-12.803984
ust	-12.804032
▁たまり	-12.804033
▁埋める	-12.804177
▁アスピリン	-12.804288
▁ドリー	-12.804602
止まる	-12.804687
すれ	-12.804688
連れ去	-12.804784
▁ダブル	-12.804821
▁テア	-12.804836
▁置き去	-12.804891
▁下る	-12.805024
磨き	-12.805206
性能	-12.805276
脂肪	-12.805311
聴衆	-12.805335
いわゆる	-12.805358
セク	-12.805360
▁祖国	-12.805375
パッチ	-12.805481
純潔	-12.805550
台所	-12.805551
スリー	-12.805563
▁進める	-12.805688
殺せる	-12.805698
パンツ	-12.805722
▁噛	-12.805815
たいてい	-12.806267
▁相応	-12.806327
▁セルビア	-12.806417
▁クライ	-12.806480
▁つぼ	-12.806606
▁ホラ	-12.806608
取り入れ	-12.806615
高額	-12.806742
るほど	-12.806762
▁壮麗	-12.806802
▁振舞い	-12.806822
▁ルーカス	-12.806832
▁文盲	-12.806841
クレー	-12.806857
フィードバック	-12.807018
ラッパ	-12.807019
ワイヤー	-12.807024
▁カセット	-12.807161
▁台無し	-12.807359
▁質量	-12.807386
▁(12	-12.807389
ミュ	-12.807395
▁ケツ	-12.807575
▁追い出す	-12.807804
▁キュ	-12.807993
渇	-12.808214
▁mus	-12.808234
少な	-12.808403
持ち帰り	-12.808473
直観	-12.808734
▁早め	-12.808748
モル	-12.809020
▁村々	-12.809024
▁リソース	-12.809039
▁光る	-12.809161
適当	-12.809217
ときわ	-12.809463
▁不眠	-12.809576
シリーズ	-12.809703
ボランティア	-12.809706
ルク	-12.809710
ぶき	-12.809713
切符	-12.809732
▁ハチドリ	-12.809855
▁年寄り	-12.809885
▁4.2	-12.810013
▁オーバー	-12.810039
掲げ	-12.810044
▁呼び出	-12.810124
ゅ	-12.810249
委ね	-12.810379
▁小僧	-12.810407
通路	-12.810618
▁居合わせ	-12.810986
デッド	-12.811018
▁月経	-12.811033
火星	-12.811097
▁Copyright	-12.811150
惧	-12.811150
賀	-12.811150
ai	-12.811213
▁慌て	-12.811262
▁流産	-12.811499
▁豊	-12.811585
ーナツ	-12.811765
▁共鳴	-12.811872
▁Al	-12.812064
▁ドロシ	-12.812182
どうにか	-12.812216
▁多すぎる	-12.812319
▁総額	-12.812477
▁白髪	-12.812530
▁除け	-12.812538
お聞き	-12.812996
鎮	-12.813020
みじめ	-12.813023
▁Est	-12.813169
▁掲げる	-12.813238
▁マンガ	-12.813241
▁忌まわしい	-12.813242
▁消耗	-12.813249
おじ	-12.813274
コソ	-12.813297
▁クイズ	-12.813345
不貞	-12.813468
▁テイラー	-12.813608
り込み	-12.813699
▁繊細	-12.813885
隻	-12.814130
蓄積	-12.814152
洞察	-12.814160
,40	-12.814186
経歴	-12.814193
眠る	-12.814338
04	-12.814363
寄る	-12.814402
しゃべる	-12.814431
テイ	-12.814457
叩く	-12.814530
秘書	-12.814531
うるさ	-12.814549
アボット	-12.814651
ッパ	-12.814675
▁アルファ	-12.814704
議論を	-12.814813
▁思い浮かべ	-12.814869
成年	-12.815074
化石	-12.815277
▁ケア	-12.815384
▁侮	-12.815491
稀	-12.815516
▁樹皮	-12.815548
らつ	-12.815628
▁ピストル	-12.815735
▁美容	-12.815801
▁バベル	-12.815816
ファミリー	-12.815869
▁オーク	-12.815911
▁入り込む	-12.816033
▁引き出さ	-12.816442
▁スピーカー	-12.816461
遅れる	-12.816636
xy	-12.816815
▁リモート	-12.816847
itter	-12.817014
▁ウエスト	-12.817019
タレ	-12.817045
ッシャー	-12.817074
悟る	-12.817259
▁空軍	-12.817508
▁アルメニア	-12.817677
▁あたる	-12.817718
キッド	-12.818010
▁素直	-12.818126
▁メー	-12.818128
放出	-12.818268
▁硬い	-12.818270
▁愚か者	-12.818292
▁プレーヤ	-12.818407
▁キャス	-12.818442
▁鋭	-12.818476
凝	-12.818551
ネクタイ	-12.818564
恐竜	-12.818576
ヤコブ	-12.818645
▁デイ	-12.818808
ネイ	-12.818825
▁92	-12.819027
薬品	-12.819225
一層	-12.819563
ッチー	-12.819616
▁評論	-12.819783
▁過ご	-12.819868
瞳	-12.819902
▁太鼓	-12.819907
▁交易	-12.819933
▁宿営	-12.819939
▁灯台	-12.819949
インク	-12.820067
ダブル	-12.820149
製薬	-12.820259
シャット	-12.820526
代わ	-12.820618
くじ	-12.820665
▁尻	-12.820678
▁タコ	-12.820744
▁アルゴリズム	-12.821425
gram	-12.821427
水平	-12.821492
▁審査	-12.821764
▁成り	-12.822005
▁戻さ	-12.822088
▁ブライ	-12.822090
▁フォード	-12.822139
明示	-12.822178
賢	-12.822373
IR	-12.822439
▁哀れみ	-12.822488
▁230	-12.822517
ンダ	-12.822566
▁シュー	-12.822620
乞い	-12.822682
▁美味し	-12.822732
▁捕らえる	-12.822819
議長	-12.822982
購	-12.822982
鯨	-12.823026
俳優	-12.823027
チョコレート	-12.823044
腐敗	-12.823066
▁ヘルス	-12.823090
ラシ	-12.823169
ソール	-12.823214
したがって	-12.823394
▁ハッカ	-12.823488
在住	-12.823523
▁忙し	-12.823652
▁グロ	-12.824091
おご	-12.824148
▁弦	-12.824154
▁ゴメ	-12.824289
▁アンゴラ	-12.824307
▁ユーフラテス	-12.824307
▁丘陵	-12.824309
▁細長い	-12.824375
▁肺炎	-12.824387
▁ナタン	-12.824484
▁債務	-12.824527
▁鉱物	-12.824541
一家	-12.824562
▁鳴	-12.824739
▁散らす	-12.824801
▁ランス	-12.824838
BA	-12.824849
センス	-12.824916
▁テレビゲーム	-12.825410
レンジ	-12.825438
▁与	-12.825542
チャネル	-12.825633
ists	-12.825662
▁つまず	-12.826275
事例	-12.826358
▁用法	-12.826496
▁Jo	-12.827058
▁イル	-12.827130
▁華や	-12.827208
▁歩道	-12.827385
sign	-12.827454
赴	-12.827494
▁焼く	-12.827508
アブラハム	-12.827537
摂取	-12.827540
抗議	-12.827543
オーク	-12.827597
コーナー	-12.827607
my	-12.827698
▁セバスチャ	-12.827731
栓	-12.827772
▁鎮痛	-12.827813
営業	-12.827911
sw	-12.827983
▁チン	-12.827998
燃え盛	-12.828232
▁Archive	-12.828531
▁郷里	-12.828733
プラットフォーム	-12.828733
▁ルイジ	-12.828844
イノ	-12.828856
コック	-12.829039
▁ソウル	-12.829126
▁預け	-12.829299
アホ	-12.829309
▁exp	-12.829373
グリム	-12.829402
▁傷つき	-12.829511
TE	-12.829693
刈	-12.829700
▁ぶつか	-12.829931
ひも	-12.830018
▁133	-12.830226
▁ダイ	-12.830288
▁おいし	-12.830463
▁鑑	-12.830497
▁慎み深い	-12.830516
▁ex	-12.830690
▁冷や	-12.830750
▁頃	-12.830856
▁アビー	-12.830945
▁クラウス	-12.830978
達し	-12.830995
チェル	-12.831042
ring	-12.831048
Mo	-12.831127
▁代謝	-12.831209
ホット	-12.831224
効く	-12.831336
▁ランプ	-12.831342
▁グリム	-12.831376
取り戻せ	-12.831551
▁忍	-12.831568
▁人前	-12.831609
▁拾	-12.831943
アーティス	-12.832121
▁お帰り	-12.832339
苦しむ	-12.832342
エイズ	-12.832359
んじ	-12.832364
南部	-12.832397
カウ	-12.832414
レクター	-12.832500
▁su	-12.832582
▁ランド	-12.832671
神殿	-12.832802
エア	-12.832863
ood	-12.833019
▁消える	-12.833052
漠	-12.833147
▁グアテマラ	-12.833177
▁峡谷	-12.833177
気付く	-12.833192
▁テレグラフ	-12.833198
▁Tower	-12.833218
eel	-12.833227
ister	-12.833275
search	-12.833353
▁カム	-12.833381
▁愛し合	-12.833399
幸	-12.833821
失業	-12.834117
リウム	-12.834381
の問題に	-12.834406
鳴らす	-12.834497
▁揺ら	-12.834644
▁損ない	-12.834710
▁房	-12.834894
ゆき	-12.834957
▁演劇	-12.834997
▁傷跡	-12.834998
ルトン	-12.835131
▁コーン	-12.835146
▁タオル	-12.835224
▁大喜び	-12.835419
▁歩ま	-12.835434
▁帆	-12.835496
鞭	-12.835985
▁かすか	-12.836092
恥ずかし	-12.836308
▁カバー	-12.836330
▁父母	-12.836559
埋葬	-12.836561
▁出せ	-12.836577
発揮	-12.836583
勝負	-12.836632
ook	-12.836643
損害	-12.836668
協会	-12.836993
▁不全	-12.837008
ナム	-12.837049
味わう	-12.837223
ディナー	-12.837373
▁モリス	-12.837393
▁映し出	-12.837420
▁功績	-12.837553
働け	-12.837624
▁船舶	-12.837647
▁献血	-12.837666
▁らくだ	-12.837677
振替	-12.837704
スペクトル	-12.837819
▁アルバ	-12.837883
噛み	-12.837980
▁何億	-12.837991
▁ワルド	-12.838003
iv	-12.838161
▁つまずく	-12.838224
AB	-12.838259
▁gu	-12.838285
リモ	-12.838303
損う	-12.838408
▁住め	-12.838431
▁風呂	-12.838612
▁救え	-12.838613
リム	-12.838792
▁持ち出	-12.838811
▁こま	-12.838827
とらえ	-12.838829
▁41)	-12.839209
▁席上	-12.839216
▁いばら	-12.839233
▁純潔	-12.839237
even	-12.839252
空虚	-12.839291
崩	-12.839514
かまい	-12.839571
負荷	-12.839585
下がる	-12.839636
DA	-12.839903
▁後れ	-12.840009
▁硫黄	-12.840180
▁フェンス	-12.840226
引き返し	-12.840294
出動	-12.841046
喪失	-12.841111
原則	-12.841150
gen	-12.841153
サンタ	-12.841237
除去	-12.841239
テュ	-12.841244
順位	-12.841339
▁憐	-12.841357
申し訳ない	-12.841545
▁スージ	-12.841655
▁モリア	-12.841675
神秘	-12.841740
ser	-12.841812
淫	-12.841836
pre	-12.841839
▁横切	-12.841844
▁帯びる	-12.842046
閲	-12.842088
正気	-12.842093
旬	-12.842112
▁かき乱	-12.842131
耽	-12.842131
▁険しい	-12.842140
body	-12.842188
捜す	-12.842212
▁East	-12.842370
ウルフ	-12.842382
2'	-12.842426
ーヌ	-12.842451
▁アドルフ	-12.842558
除外	-12.842635
セミ	-12.842765
膨大	-12.842967
惜しみ	-12.843019
ゴルフ	-12.843021
▁命取り	-12.843119
▁ヘモグロビン	-12.843285
120	-12.843309
ざっと	-12.843467
▁破り	-12.843669
▁イブラ	-12.843711
▁パロ	-12.843901
賭け事	-12.843921
遂げ	-12.843937
歓声	-12.844005
▁ジンバブエ	-12.844146
▁res	-12.844286
▁立ち直	-12.844296
▁バッジ	-12.844501
▁掛か	-12.844521
▁ジェレミー	-12.844544
おしまい	-12.844562
なんと	-12.844657
惑	-12.844739
▁パレード	-12.844954
▁刈り取	-12.844992
▁しゃ	-12.845437
No	-12.845506
鈍	-12.845566
meter	-12.845627
演技	-12.845709
逃げろ	-12.845732
▁陳	-12.845752
▁たくまし	-12.845819
むき	-12.845989
よこし	-12.846048
▁奪い去	-12.846071
働か	-12.846071
▁ヨハン	-12.846073
リンパ	-12.846091
▁棺	-12.846183
mode	-12.846379
素早く	-12.846397
クイン	-12.846519
▁価する	-12.846598
罵	-12.846627
▁インシュリン	-12.846630
遥	-12.846630
▁すなどる	-12.846639
▁算定	-12.846641
賭ける	-12.846741
因子	-12.846970
清浄	-12.846974
▁水銀	-12.847095
▁リング	-12.847167
キャス	-12.847202
change	-12.847239
▁食い止める	-12.847261
レンダ	-12.847291
▁クリーム	-12.847306
振る舞い	-12.847308
▁仮面	-12.847335
▁一端	-12.847379
▁導き入れ	-12.847441
ぶれ	-12.847472
クズ	-12.847493
に関連	-12.847587
▁ヘー	-12.847599
▁じきに	-12.847659
▁後方	-12.847701
引け	-12.847707
ビュ	-12.847752
レディ	-12.847857
IM	-12.847918
スキップ	-12.847926
▁弱める	-12.848006
▁切符	-12.848166
▁くら	-12.848225
り出	-12.848237
▁割れ	-12.848268
▁乗り手	-12.848435
▁ch	-12.848553
▁サーカス	-12.848624
▁盗難	-12.848760
不在	-12.848820
ions	-12.848927
▁仕向け	-12.849165
▁効く	-12.849223
▁停電	-12.849460
▁ピーナッツ	-12.849529
▁果樹	-12.849617
おら	-12.849648
▁イェー	-12.849846
▁制作	-12.849972
▁跳	-12.850156
胃	-12.850260
リットル	-12.850266
小麦	-12.850311
力学	-12.850386
有し	-12.850391
▁86	-12.850512
オイル	-12.850616
▁comp	-12.850619
▁控える	-12.850719
▁鉢	-12.850895
▁上品	-12.851092
詫び	-12.851154
血縁	-12.851217
呪文	-12.851267
source	-12.851377
はなし	-12.851407
▁付き従う	-12.851436
ルダ	-12.851495
広大	-12.851563
▁売り上げ	-12.851637
罪悪	-12.851726
▁cur	-12.851745
▁温め	-12.851794
ぼっち	-12.851902
▁東側	-12.851937
モナ	-12.851946
短く	-12.852250
ブラン	-12.852256
に基づ	-12.852291
▁住ま	-12.852501
ネジ	-12.852634
▁閉ざ	-12.852764
▁1,400	-12.853071
side	-12.853232
▁モノ	-12.853425
生む	-12.853449
▁鳴らし	-12.853524
▁捧げ	-12.853580
戦場	-12.854028
ati	-12.854137
パンチ	-12.854427
▁フェア	-12.854446
循環	-12.854869
▁吸い込	-12.854886
眼鏡	-12.854908
友だち	-12.854983
▁日食	-12.855028
類似	-12.855237
▁スピ	-12.855431
祈れ	-12.855505
架	-12.855554
砦	-12.855699
▁ベルシャザル	-12.855700
▁アステカ	-12.855700
▁尊ぶ	-12.855748
生き残る	-12.855803
▁樹立	-12.855839
▁更生	-12.855859
▁ニキータ	-12.856080
▁フフ	-12.856341
▁柔らかく	-12.856343
▁マンハッタン	-12.856344
▁リオデジャネイロ	-12.856540
91	-12.856786
▁失明	-12.856854
▁原稿	-12.857051
▁揚げ	-12.857074
▁センス	-12.857080
ES	-12.857091
▁ねらい	-12.857154
▁逃	-12.857172
退治	-12.857227
▁チュ	-12.857331
取り付け	-12.857369
うけ	-12.857549
▁高温	-12.857862
▁炭水化物	-12.857950
▁Wind	-12.858130
重み	-12.858255
▁証券	-12.858782
▁追い払	-12.859039
スプリ	-12.859092
宣	-12.859433
チャンピオン	-12.859477
ヒロ	-12.859527
薬物	-12.859530
風景	-12.859568
不可	-12.859597
アーカイ	-12.859649
群衆	-12.859699
道のり	-12.859807
ペンギン	-12.859813
▁長男	-12.859838
▁陶	-12.859855
▁犯行	-12.859967
謝る	-12.859980
の進化	-12.860071
▁打ち負か	-12.860143
漢	-12.860241
▁Library	-12.860267
▁ベニヤミン	-12.860267
▁ランチ	-12.860347
▁入植	-12.860357
▁脱退	-12.860361
▁ジャネット	-12.860382
▁忍耐強く	-12.860546
▁ガマ	-12.860623
▁煩わ	-12.860671
▁わいろ	-12.860738
▁反感	-12.860745
▁固ま	-12.860876
お手伝い	-12.860911
和解	-12.860926
▁打ち変え	-12.861137
PO	-12.861264
▁一斉	-12.861345
価値観	-12.861421
下着	-12.861461
▁26,27)	-12.861632
▁怒らせ	-12.862033
▁ジャズ	-12.862125
めったに	-12.862160
▁旋	-12.862194
セプ	-12.862209
▁トレーラー	-12.862254
▁すぎる	-12.862633
▁落と	-12.862844
▁240	-12.862852
マタ	-12.863064
クィ	-12.863069
作者	-12.863094
盟	-12.863167
進める	-12.863427
▁ヤギ	-12.863507
▁アクラ	-12.863558
▁掌	-12.863585
宜し	-12.863814
▁磁気	-12.863923
▁堆積	-12.863946
ヤバ	-12.864007
ヒュー	-12.864083
ふさ	-12.864139
▁部数	-12.864164
臨在	-12.864234
▁全滅	-12.864252
狩猟	-12.864276
照明	-12.864323
▁混雑	-12.864431
成立	-12.864474
▁打ち勝つ	-12.864478
▁偽物	-12.864504
▁織物	-12.864589
▁アミノ酸	-12.864758
瓦	-12.864853
ブドウ	-12.864895
▁シャロン	-12.865004
▁線路	-12.865154
▁だれしも	-12.865174
,35	-12.865304
ドライバー	-12.865375
乗せる	-12.865396
▁モーター	-12.865399
▁ヒット	-12.865462
▁後部	-12.865584
づら	-12.865700
▁作れる	-12.865790
▁スラム	-12.865832
▁急が	-12.865877
PU	-12.865913
▁探索	-12.865925
インフラ	-12.865972
▁リアル	-12.866085
ーニャ	-12.866106
もち	-12.866204
再度	-12.866362
▁1380	-12.866365
サンド	-12.866385
▁ピー	-12.866436
▁罰する	-12.866610
敷	-12.866702
▁ラマ	-12.866716
▁po	-12.866746
▁エリオ	-12.866899
UR	-12.866963
▁気味	-12.866975
ご用	-12.867152
▁ラルフ	-12.867196
ロバート	-12.867200
▁お二	-12.867221
人格	-12.867455
lso	-12.867527
▁飛び降り	-12.867952
▁中部	-12.868076
▁受賞	-12.868086
▁革新	-12.868569
紫	-12.868713
▁派手	-12.868726
幻	-12.868790
雰囲気	-12.868821
司祭	-12.868856
突っ込	-12.868880
▁いなご	-12.868940
▁準	-12.868942
▁ロード	-12.868995
見積も	-12.869037
年寄り	-12.869118
起源	-12.869194
▁引きずり	-12.869207
隔離	-12.869233
▁ライフスタイル	-12.869254
低地	-12.869385
たわごと	-12.869394
挫	-12.869454
コントラスト	-12.869460
檻	-12.869461
▁エホシャファト	-12.869462
アイデンティティ	-12.869462
▁演壇	-12.869467
シュタイン	-12.869517
書き留め	-12.869521
▁オーケストラ	-12.869539
▁悩む	-12.869622
▁テイ	-12.869736
▁持ちこたえ	-12.869767
▁まさ	-12.869790
▁再三	-12.869855
調停	-12.869928
シャープ	-12.869931
ジュン	-12.870025
担保	-12.870044
返還	-12.870128
pa	-12.870194
▁バラム	-12.870228
デュー	-12.870337
▁148	-12.870351
▁気性	-12.870376
▁スタンフォード	-12.870408
触ら	-12.870419
悔やみ	-12.870486
▁ゴリラ	-12.870590
▁だいぶ	-12.870708
領主	-12.870729
▁電流	-12.870738
示さ	-12.870762
▁ラング	-12.870851
▁熟し	-12.870935
こんばんは	-12.871029
▁植える	-12.871207
シカ	-12.871217
▁身内	-12.871283
▁太っ	-12.871479
横柄	-12.871493
74	-12.871674
▁めげ	-12.871708
▁踊る	-12.871732
▁浄	-12.871787
キット	-12.871840
Sh	-12.871849
▁サイバー	-12.871970
ank	-12.872566
▁どん	-12.872798
▁企画	-12.872844
とうと	-12.872851
▁英文	-12.872892
きゃ	-12.873105
▁コップ	-12.873178
▁サッ	-12.873219
でたらめ	-12.873271
▁肥え	-12.873274
▁ペク	-12.873431
ふざけ	-12.873472
干渉	-12.873510
オロ	-12.873574
アレックス	-12.873629
▁丸い	-12.873669
▁アルツハイ	-12.873722
▁偽る	-12.873925
▁専用	-12.873951
▁枠	-12.874007
ダークマター	-12.874090
羨	-12.874092
▁隔たり	-12.874134
ちっとも	-12.874148
▁染ま	-12.874327
▁つなぐ	-12.874480
くよ	-12.874486
SM	-12.874516
EM	-12.874524
クリーム	-12.874538
▁メン	-12.874569
隊長	-12.874730
▁電線	-12.874786
▁是	-12.875008
▁さまよ	-12.875027
▁燃え上が	-12.875071
▁編み	-12.875075
▁9,14	-12.875159
ty	-12.875275
▁語句	-12.875357
▁du	-12.875367
デルタ	-12.875494
ブラザー	-12.875494
▁降らせ	-12.875518
4)	-12.875843
レイアウト	-12.875937
▁峰	-12.875945
スパー	-12.876458
▁由	-12.876690
ゲット	-12.876953
▁カンガルー	-12.877000
戻れる	-12.877076
亡命	-12.877086
見捨てる	-12.877254
▁おかす	-12.877309
▁視界	-12.877363
▁ゴールド	-12.877682
ライス	-12.877702
ナップ	-12.877726
ひいき	-12.877851
▁取締	-12.877875
▁掘る	-12.877920
碑	-12.878170
▁モンタ	-12.878204
り直す	-12.878301
ブリー	-12.878307
規定	-12.878416
ga	-12.878551
狭	-12.878634
庇	-12.878740
躊	-12.878743
ミュージシャン	-12.878748
▁酸化	-12.878942
911	-12.878985
たかい	-12.879366
範囲を	-12.879475
衰	-12.879494
ピット	-12.879568
▁護	-12.879729
理性	-12.879773
コーディ	-12.879947
▁つかまえ	-12.879953
char	-12.880410
▁ハリ	-12.880425
▁つくし	-12.880431
葬	-12.880465
AI	-12.880466
ウエ	-12.880496
▁宿り	-12.880674
盲人	-12.880757
▁統制	-12.880857
属し	-12.880857
多すぎる	-12.880946
ボラ	-12.880992
▁鋼	-12.881047
▁隔	-12.881113
除く	-12.881264
▁ダイヤ	-12.881363
▁ka	-12.881474
008	-12.881886
▁花火	-12.881912
▁ソフィ	-12.882021
アンド	-12.882040
▁ミュージック	-12.882291
▁掘削	-12.882491
攻め	-12.882596
quo	-12.882683
おば	-12.882792
▁長寿	-12.882863
61	-12.882920
SA	-12.882922
パーツ	-12.883200
引っかか	-12.883323
治安	-12.883332
▁卑劣	-12.883401
虎	-12.883415
躇	-12.883415
▁モンゴル	-12.883423
▁至聖所	-12.883424
恨み	-12.883437
▁グリーンランド	-12.883485
▁カラス	-12.883497
▁選出	-12.883512
▁割当て	-12.883545
著作	-12.883566
移民	-12.883571
尽き	-12.883601
イール	-12.883764
▁あずかれ	-12.883784
▁性別	-12.883878
▁受け継ぎ	-12.884167
養子	-12.884210
同感	-12.884229
馴染み	-12.884300
ks	-12.884356
▁限りなく	-12.884356
怒らせ	-12.884459
▁なおも	-12.884482
▁ブレナ	-12.884556
▁前書	-12.884579
SP	-12.884758
ana	-12.884765
nter	-12.884909
▁あし	-12.884915
▁よみがえる	-12.884936
キム	-12.885143
▁マダガスカル	-12.885177
▁聴き従	-12.885236
▁二十	-12.885241
▁147	-12.885242
リブ	-12.885702
▁ほふ	-12.885750
成分	-12.885845
▁欲しが	-12.886259
▁呼べる	-12.886299
バルト	-12.886481
アザ	-12.886504
base	-12.886702
フェラ	-12.886761
▁東南	-12.887249
▁封印	-12.887310
▁バイキング	-12.887428
習得	-12.887442
▁追いつ	-12.887669
臓器	-12.887669
▁事欠	-12.887696
喫	-12.887709
危害	-12.887753
des	-12.887799
ウッ	-12.887831
シロ	-12.887862
▁アンドレア	-12.887914
▁詰め込	-12.887924
スペクト	-12.887974
不快	-12.888102
驚か	-12.888105
▁エルサルバドル	-12.888110
▁リベリア	-12.888110
曖	-12.888110
▁スローガン	-12.888111
▁およぶ	-12.888121
▁マグロ	-12.888255
判事	-12.888267
▁支給	-12.888336
平ら	-12.888357
イロ	-12.888411
国王	-12.889076
連れ出し	-12.889186
▁命じる	-12.889191
銭	-12.889292
▁七十	-12.889329
ッシ	-12.889336
▁wa	-12.889421
▁貸す	-12.889433
暴行	-12.889460
▁飾っ	-12.889474
▁出所	-12.889557
ゆう	-12.889691
▁ぐず	-12.889737
誘い	-12.889896
用いる	-12.889978
▁アイディア	-12.889995
▁歩み方	-12.890059
哲	-12.890065
ソファ	-12.890095
▁混ぜ合わせ	-12.890420
ire	-12.890447
▁ミラン	-12.890585
ヒスト	-12.890624
傾ける	-12.890703
方式	-12.890928
ove	-12.890953
グローブ	-12.891171
▁護衛	-12.891360
▁ループ	-12.891564
▁重み	-12.891655
▁パット	-12.891726
ヴェン	-12.891801
争う	-12.891809
▁wo	-12.891834
▁点検	-12.892055
スィ	-12.892201
建てる	-12.892211
▁ファースト	-12.892256
▁急ぎ	-12.892282
▁お姉	-12.892371
▁因	-12.892404
▁捨て去	-12.892419
▁河	-12.892502
プラスチック	-12.892524
荒廃	-12.892530
ぼけ	-12.892615
▁テディ	-12.892688
king	-12.892734
▁むしば	-12.892746
▁童貞	-12.892827
捗	-12.892827
▁義務づけ	-12.892900
▁幾千幾	-12.892914
衛生	-12.892965
time	-12.892992
▁茂み	-12.893064
▁幹線	-12.893175
glo	-12.893199
マニア	-12.893284
▁リマ	-12.893299
ゴム	-12.893318
▁吹き飛ば	-12.893415
▁嫌がらせ	-12.893568
処方	-12.893727
▁譲り	-12.894133
こみ	-12.894147
▁ゲー	-12.894209
▁パーク	-12.894420
▁fo	-12.894475
ni	-12.894524
▁短気	-12.894625
▁En	-12.894721
St	-12.894810
▁イライ	-12.894992
▁ホロコースト	-12.895022
▁アンソニー	-12.895023
クルーズ	-12.895041
置き去	-12.895103
▁よみがえ	-12.895137
組む	-12.895138
▁降りる	-12.895153
▁ハウ	-12.895192
▁セリ	-12.895311
▁メギド	-12.895442
忘	-12.895713
リジー	-12.895741
合える	-12.895840
▁ガレージ	-12.895889
▁僧	-12.896356
rs	-12.896828
連れ出す	-12.896884
ten	-12.896898
▁ハーブ	-12.896935
▁前提	-12.897178
▁宝物	-12.897193
嫁	-12.897227
倉	-12.897288
乾燥	-12.897329
免疫	-12.897332
ウンマ	-12.897386
突入	-12.897447
▁レーダー	-12.897513
売人	-12.897513
▁まん延	-12.897567
カルデア	-12.897571
▁さもなくば	-12.897573
▁カセットテープ	-12.897574
▁相反する	-12.897592
▁哀歌	-12.897596
▁拘禁	-12.897602
双子	-12.897614
介入	-12.897728
▁依り頼み	-12.897843
▁てんかん	-12.897899
飛び込	-12.898000
▁賄	-12.898034
▁視野	-12.898067
精度	-12.898235
▁山頂	-12.898254
へのアクセス	-12.898283
▁延び	-12.898293
▁アバ	-12.898324
▁お受け	-12.898362
▁言い伝え	-12.898479
闘い	-12.898488
産物	-12.898536
使い捨て	-12.898627
Je	-12.898650
NT	-12.898657
▁初日	-12.899088
▁other	-12.899126
リカ	-12.899190
▁葦	-12.899213
▁っぽい	-12.899261
っぴ	-12.899340
▁バウアー	-12.899364
ote	-12.899554
▁座ら	-12.899569
ノール	-12.899938
コーチ	-12.900040
▁駆除	-12.900075
▁ながめ	-12.900262
▁しゃべ	-12.900609
▁香水	-12.900693
▁ヒューストン	-12.900768
こむ	-12.900881
ーテル	-12.900907
▁ネロ	-12.900973
ダス	-12.901034
▁融資	-12.901122
悪性	-12.901198
エスト	-12.901333
▁徴	-12.901396
▁遠ざけ	-12.901487
はずれ	-12.901494
薄い	-12.901778
▁打ち込	-12.901877
▁パッケージ	-12.901890
▁ダーク	-12.901913
童	-12.902076
▁オフセット	-12.902122
キャンペーン	-12.902143
麻痺	-12.902153
紛争	-12.902164
乙女	-12.902165
支給	-12.902179
脂	-12.902196
トラン	-12.902201
債務	-12.902210
拠点	-12.902277
ヅ	-12.902328
▁高騰	-12.902354
アニメーション	-12.902364
▁ミネ	-12.902365
水準	-12.902369
ワープ	-12.902398
玄関	-12.902441
▁聖書新	-12.902508
▁担い	-12.902514
退職	-12.902525
▁聴き従う	-12.902601
▁取りかかり	-12.902740
首長	-12.902909
▁冷戦	-12.903081
3;	-12.903090
過ぎ去っ	-12.903113
レイプ	-12.903133
ぜひ	-12.903156
ロゴ	-12.903272
任命	-12.903382
びく	-12.903385
eg	-12.903411
▁押しつぶ	-12.903494
▁教団	-12.903690
▁ヘルメット	-12.903852
▁外傷	-12.903867
▁侵攻	-12.903997
ダイヤル	-12.904225
iz	-12.904369
▁立ち直る	-12.904553
▁ホワイトハウス	-12.904648
▁飲	-12.904708
▁揺るぎない	-12.904752
歌い	-12.904977
レッジ	-12.904991
▁Ste	-12.905020
▁菓子	-12.905057
ランチ	-12.905139
▁たがる	-12.905168
シータ	-12.905186
対話	-12.905226
▁パンダ	-12.905284
ゆる	-12.905557
very	-12.905718
▁持ち帰	-12.905773
痛め	-12.905803
▁1800	-12.905904
シスコ	-12.906048
▁ペル	-12.906223
▁引き寄せる	-12.906352
han	-12.906416
▁br	-12.906440
▁塚	-12.906449
雌牛	-12.906558
怒鳴	-12.906653
寺	-12.906949
柔	-12.907020
▁おじいさん	-12.907093
▁タルムード	-12.907113
▁おおむね	-12.907114
▁身繕い	-12.907114
遅延	-12.907215
▁羽根	-12.907342
▁スターリング	-12.907351
▁雄弁	-12.907512
天井	-12.907567
刻み	-12.907664
▁おしまい	-12.907779
サークル	-12.907781
コム	-12.907871
▁タンカー	-12.908051
▁ブランド	-12.908152
▁あきらめる	-12.908154
▁縫	-12.908161
容器	-12.908189
手下	-12.908278
とぎ	-12.909064
阻害	-12.909144
▁噴出	-12.909323
▁ポンテ	-12.909434
▁離陸	-12.909516
すこ	-12.909557
ポジ	-12.909563
PT	-12.909674
ケー	-12.909945
▁バテ	-12.910066
▁承諾	-12.910130
ON	-12.910152
▁タワー	-12.910275
アニメ	-12.910423
裏切る	-12.910453
直せ	-12.910553
▁婦女	-12.910645
▁ユーザー	-12.910678
そらす	-12.910754
チェン	-12.910956
▁作り方	-12.911001
▁悪臭	-12.911390
クレーン	-12.911443
fin	-12.911469
抗	-12.911561
path	-12.911562
▁協調	-12.911653
無敵	-12.911739
示唆	-12.911916
É	-12.911918
▁貯水	-12.911922
▁襲いかか	-12.911927
▁乱交	-12.911996
▁ヨベル	-12.912034
破片	-12.912038
ブラッド	-12.912071
▁レナ	-12.912172
リナ	-12.912226
誓約	-12.912245
ペリ	-12.912265
low	-12.912510
当局	-12.912519
▁告訴	-12.912613
ご主人	-12.912637
もうけ	-12.912638
▁渇	-12.912647
▁格闘	-12.912717
ings	-12.912800
su	-12.912837
ビリ	-12.912860
ハンク	-12.912906
▁叫び求め	-12.912951
▁ただちに	-12.913009
埋める	-12.913011
▁追い込	-12.913134
ンダー	-12.913189
▁年下	-12.913292
Language	-12.913377
▁ランディ	-12.913521
▁開放	-12.913640
ress	-12.913949
▁ファイ	-12.914231
みどり	-12.914245
sha	-12.914268
▁お取り	-12.914373
▁指図	-12.914424
LL	-12.914437
▁健	-12.914440
▁As	-12.914690
給与	-12.914875
アサ	-12.914936
▁ビショップ	-12.914981
▁京都	-12.915199
恋し	-12.915225
▁辞	-12.915301
先だ	-12.915344
持ち込	-12.915378
▁ポテ	-12.915681
▁近づけ	-12.915711
▁プリンス	-12.915728
▁her	-12.915750
シム	-12.915873
魅	-12.916574
弄	-12.916683
箋	-12.916752
tro	-12.916759
▁ベレア	-12.916770
スケジュー	-12.916785
悔い改め	-12.916797
▁ミシェル	-12.916799
▁反響	-12.916812
▁断絶	-12.916906
スパム	-12.916964
楽しめ	-12.916998
▁慎	-12.917229
現状	-12.917229
▁マウ	-12.917337
昼間	-12.917411
▁フォート	-12.917456
サック	-12.917579
▁ビルマ	-12.917583
▁トーク	-12.917608
甘	-12.917820
▁苦しめる	-12.917821
引き上げ	-12.917983
噴	-12.918266
▁思い知ら	-12.918328
厚い	-12.918423
▁汚職	-12.918571
▁行き届	-12.918572
強健	-12.918616
▁si	-12.918713
所属	-12.918799
cut	-12.919048
▁安価	-12.919105
▁text	-12.919147
▁方言	-12.919166
につながる	-12.919173
方針	-12.919234
▁持たせる	-12.919287
傷つ	-12.919320
▁シェークスピア	-12.919431
▁ハグ	-12.919547
いかん	-12.919590
ズン	-12.919622
ャ	-12.919648
▁ヴィン	-12.919724
引き裂	-12.919853
▁ゆるし	-12.919879
▁リトル	-12.919894
ブタ	-12.919951
▁サミュエル	-12.920002
近づけ	-12.920024
▁部位	-12.920238
レオ	-12.920272
ソファー	-12.920275
生じる	-12.920394
近づか	-12.920420
▁あがめ	-12.920506
▁傘	-12.920588
▁割る	-12.920986
振動	-12.921050
▁ダイエット	-12.921157
▁減る	-12.921240
▁すえ	-12.921382
サント	-12.921463
憧	-12.921605
孝	-12.921608
▁フレデリック	-12.921611
▁抱き締め	-12.921644
▁マルティン	-12.921651
self	-12.921660
▁ジョエル	-12.921669
皇帝	-12.921720
エフェソス	-12.921723
ケーブル	-12.921734
▁放つ	-12.921747
▁満員	-12.921800
執着	-12.921811
騒音	-12.921818
▁賄う	-12.921820
海洋	-12.921838
▁まつわる	-12.921936
car	-12.922151
▁フリン	-12.922238
ワイルド	-12.922375
タリー	-12.922398
ze	-12.922556
有害	-12.922560
▁プログラミング	-12.922591
おしゃべり	-12.922706
悪党	-12.922709
ナウ	-12.922777
キョ	-12.923018
▁俳優	-12.923019
▁鯨	-12.923020
▁確定	-12.923279
▁譲	-12.923343
ses	-12.923431
かご	-12.923537
▁芳	-12.923667
燃える	-12.923802
▁1,100	-12.923877
▁善行	-12.924002
遠ざける	-12.924181
ユニ	-12.924239
ひく	-12.924253
ご機嫌	-12.924276
▁易	-12.924279
ou	-12.924501
▁アド	-12.924554
den	-12.924572
▁リタ	-12.924660
▁生まれ変わ	-12.924681
▁コナー	-12.924703
▁三十	-12.924814
▁留まる	-12.925226
製作	-12.925283
フン	-12.925472
▁砕け	-12.925639
患	-12.925653
プロト	-12.925710
▁ピエール	-12.925831
▁取り巻く	-12.925875
▁lea	-12.925878
▁トレ	-12.925899
▁塗る	-12.926066
覚える	-12.926093
▁しんぼう	-12.926141
ジブ	-12.926208
上着	-12.926257
▁Pict	-12.926481
▁チェコスロバキア	-12.926485
▁梅毒	-12.926485
垢	-12.926485
ペーパー	-12.926488
▁ざ折	-12.926499
コンタクト	-12.926502
達する	-12.926513
ダイビング	-12.926551
弦	-12.926648
▁くらべ	-12.926699
▁ベビー	-12.926715
スペ	-12.926722
軽減	-12.926749
▁延長	-12.926793
▁引っ越す	-12.926815
見舞	-12.927012
かえる	-12.927034
▁惑わす	-12.927056
追い出し	-12.927098
▁ナイト	-12.927157
▁聴き手	-12.927394
▁ダル	-12.927607
▁洗わ	-12.927670
スティン	-12.927757
▁遣わす	-12.927794
iff	-12.927833
落ち着け	-12.927847
▁なべ	-12.927885
等級	-12.927902
▁いとわ	-12.927924
数千	-12.928022
ault	-12.928117
ビエ	-12.928144
リンダ	-12.928178
ダナム	-12.928226
▁190	-12.928322
クローン	-12.928366
人民	-12.928370
ーサル	-12.928373
▁ヒン	-12.928612
date	-12.928691
▁並ぶ	-12.928828
喜ば	-12.928942
ゆみ	-12.928959
▁ビート	-12.928988
▁先例	-12.929425
▁共著	-12.929482
養う	-12.929525
▁上回り	-12.929559
個々	-12.929585
吐き	-12.929601
▁拳	-12.929636
▁グア	-12.929805
ぶつけ	-12.930053
▁エイブ	-12.930132
ポット	-12.930365
の公	-12.930559
青色	-12.930577
▁1,9	-12.930589
スワ	-12.930614
▁ハンマー	-12.930623
▁26;	-12.930633
近寄	-12.930664
感知	-12.930814
畜	-12.930847
▁図り	-12.930848
▁bu	-12.930894
test	-12.930957
▁水位	-12.931002
焦	-12.931134
▁崖	-12.931219
逝	-12.931386
▁ゲリラ	-12.931387
カプセル	-12.931387
咳	-12.931387
オバマ	-12.931390
Count	-12.931394
供述	-12.931401
▁火葬	-12.931460
パク	-12.931487
▁委	-12.931535
▁然る	-12.931598
▁over	-12.931623
アフガニスタン	-12.931634
▁緩め	-12.931649
熱望	-12.931660
大物	-12.931707
拒む	-12.931712
▁票	-12.931728
▁ミュー	-12.931796
▁窃盗	-12.931797
▁大麦	-12.931799
大胆	-12.931828
▁引き離す	-12.931932
▁シカ	-12.931957
▁片づけ	-12.931957
打撃	-12.931998
に基づく	-12.932000
▁シェーン	-12.932303
留まる	-12.932308
▁寄せる	-12.932357
▁1917	-12.932382
双	-12.932402
おや	-12.932410
▁ごまかし	-12.932673
ウオ	-12.932719
歩み	-12.932800
雇う	-12.932954
▁託し	-12.933019
▁生き返る	-12.933046
▁増し加わる	-12.933315
グッド	-12.933429
切り離	-12.933434
確かめる	-12.933494
▁ひび	-12.933593
横切	-12.933746
▁習	-12.933805
▁蘇	-12.933827
▁ジェニファー	-12.933887
▁アルマ	-12.933946
着替え	-12.934102
そろ	-12.934104
クシ	-12.934165
悲しま	-12.934801
ワーム	-12.934860
▁Ja	-12.934911
主任	-12.934970
▁治る	-12.935237
▁エビ	-12.935389
▁あがない	-12.935545
はじめて	-12.935677
組合	-12.935699
ゾー	-12.935921
▁投げつけ	-12.936091
愛さ	-12.936130
幾ら	-12.936150
▁納税	-12.936338
イェ	-12.936360
▁英米	-12.936365
枠組み	-12.936437
▁結び付	-12.936445
嘆願	-12.936685
ムラ	-12.936744
降りかかる	-12.936828
▁すさまじい	-12.936965
修道	-12.937011
増す	-12.937090
ツラ	-12.937140
あがり	-12.937234
アイス	-12.937244
▁2,4	-12.937432
焦げ	-12.937571
▁she	-12.937572
▁待ち望み	-12.937577
革	-12.937803
lot	-12.937909
▁だれひとり	-12.937926
▁いまや	-12.937994
クラウド	-12.938071
辞める	-12.938146
▁1925	-12.938186
堪え	-12.938406
▁伯	-12.938507
形状	-12.938568
男子	-12.938775
沸	-12.938808
ぼれ	-12.938817
リヒ	-12.938854
09	-12.939052
▁カナ	-12.939088
▁しすぎ	-12.939439
▁短縮	-12.939732
uri	-12.939779
ばれる	-12.939795
海軍	-12.939843
行え	-12.940210
臓	-12.940248
変革	-12.940266
250	-12.940283
PE	-12.940292
置き換える	-12.940318
▁46)	-12.940398
▁ディア	-12.940538
▁カギ	-12.940629
▁pl	-12.940737
ny	-12.940757
▁イタ	-12.940791
▁ジプシー	-12.940799
▁教え諭	-12.941200
アライグマ	-12.941263
褒美	-12.941266
▁ネパール	-12.941270
▁憶測	-12.941285
醜い	-12.941287
▁シロアリ	-12.941290
▁変ぼう	-12.941388
▁見返り	-12.941392
▁公認	-12.941413
▁グラハム	-12.941464
▁インタ	-12.941522
▁ジェフリー	-12.941603
▁精密	-12.941607
監禁	-12.941680
促進	-12.941686
▁毎秒	-12.941712
首都	-12.941749
▁思いとどまら	-12.941756
探検	-12.941771
憎む	-12.941811
▁投下	-12.941838
ぶち	-12.941906
計略	-12.942130
ガーデン	-12.942301
▁オリー	-12.942387
出産	-12.942398
▁170	-12.942467
遺言	-12.942572
▁サリ	-12.942608
▁マーチン	-12.942839
ヴァル	-12.942886
観念	-12.942969
▁inter	-12.943018
db	-12.943340
使い果たし	-12.943415
▁粘	-12.943444
▁ひっくり返	-12.943615
ov	-12.943782
モラ	-12.943830
良き	-12.943914
▁ヤング	-12.944091
▁ひっ	-12.944134
▁おおかみ	-12.944232
リョ	-12.944300
ランク	-12.944441
▁模	-12.944485
キレ	-12.944705
通り抜け	-12.944742
▁豪	-12.944946
コラ	-12.945159
▁払え	-12.945294
ジラ	-12.945370
の見解	-12.945393
▁アマチュア	-12.945404
▁刺	-12.945498
▁務める	-12.945498
▁騎	-12.945558
▁連鎖	-12.945602
レビ	-12.945728
ウイ	-12.945825
▁立ち去	-12.945932
溝	-12.945968
▁駐	-12.946062
▁補佐	-12.946122
▁ナイロビ	-12.946238
髭	-12.946238
▁捕縛	-12.946262
▁苦もん	-12.946271
▁ロザリオ	-12.946296
▁憐れみ深く	-12.946397
▁フン	-12.946470
積極的	-12.946620
ウェスト	-12.946723
繁殖	-12.946754
▁つぶやき	-12.946821
誘導	-12.946826
リーク	-12.946829
キーボード	-12.946841
ポルノ	-12.946936
▁LD	-12.947108
ーモン	-12.947177
行き着く	-12.947326
空腹	-12.947410
20%	-12.947506
▁交代	-12.947528
▁しきたり	-12.947721
関連付け	-12.947770
▁平行	-12.947935
▁夢見	-12.948058
▁カネ	-12.948064
特権	-12.948099
▁染め	-12.948168
ラッ	-12.948294
▁織り	-12.948475
▁木星	-12.948545
▁マーシャル	-12.948648
たどり着	-12.948837
▁Ro	-12.948861
▁イケ	-12.948885
▁磁場	-12.948893
なせる	-12.949207
後継	-12.949462
▁あしら	-12.949569
▁すすめ	-12.949590
kay	-12.949721
▁込	-12.950086
スキン	-12.950123
▁つぎ込	-12.950279
SI	-12.950352
紀	-12.950479
ゴールド	-12.950494
▁秘	-12.950540
▁挙	-12.950596
償い	-12.950739
槽	-12.951012
▁絹	-12.951066
▁酔い	-12.951076
呈	-12.951107
▁キャメロン	-12.951143
▁ミナ	-12.951169
閃	-12.951235
▁ニカラグア	-12.951238
▁淡水	-12.951241
▁血漿	-12.951255
マール	-12.951501
▁不倫	-12.951541
カメラマン	-12.951607
ct	-12.951617
ND	-12.951699
▁レンガ	-12.951716
牢獄	-12.951751
Cons	-12.951777
にゃ	-12.951797
狂気	-12.951877
鉄道	-12.951906
▁食器	-12.951911
cal	-12.951986
ウィルソン	-12.952007
注意深く	-12.952014
ボウ	-12.952041
賃	-12.952062
▁踏みにじ	-12.952071
温和	-12.952079
▁九つ	-12.952097
笑い声	-12.952170
▁おやすみなさい	-12.952171
▁ジュリー	-12.952320
キャリー	-12.952323
▁クラシック	-12.952402
硬く	-12.952479
減らし	-12.952542
既存の	-12.952608
立ち寄	-12.952686
▁下げる	-12.952823
バーナード	-12.952992
押え	-12.953024
死人	-12.953112
▁トランス	-12.953136
ニックス	-12.953369
▁まる	-12.953419
▁256	-12.953672
レーザー	-12.953841
▁あおり	-12.953932
▁キャンディ	-12.954042
▁戒める	-12.954133
巡り	-12.954138
ey	-12.954180
▁ミシシッピ	-12.954233
▁上陸	-12.954326
トランク	-12.954326
▁アベ	-12.954334
▁きり	-12.954542
▁混じ	-12.954577
マンション	-12.954600
番地	-12.954783
▁泣か	-12.954808
▁洋	-12.954872
明け	-12.954899
召し上が	-12.954918
▁コンスタン	-12.955317
▁執り	-12.955454
▁抹	-12.955503
▁石灰	-12.955609
弱く	-12.955647
詰	-12.955707
CU	-12.955929
奈	-12.956234
▁ダマスカス	-12.956263
▁秘けつ	-12.956263
壕	-12.956264
プラズマ	-12.956268
▁バルバロ	-12.956271
▁ウィクリフ	-12.956279
バネ	-12.956279
▁添加	-12.956296
乗り遅れ	-12.956300
非道	-12.956325
▁ケルブ	-12.956350
▁味覚	-12.956353
▁様相	-12.956388
鋭い	-12.956642
▁制し	-12.956661
▁素材	-12.956787
▁献げ	-12.956838
竹	-12.956891
逃走	-12.956939
▁断わる	-12.957287
▁ものすご	-12.957354
▁歓ん	-12.957644
タック	-12.957713
取り引き	-12.957713
みせる	-12.957755
レナ	-12.957930
知覚	-12.958416
御用	-12.958442
深め	-12.958594
▁調達	-12.959020
ホル	-12.959599
▁走者	-12.959772
▁アムステルダム	-12.959793
▁サイクル	-12.960005
白く	-12.960009
チェロ	-12.960114
ctions	-12.960402
クリエ	-12.960408
▁申し	-12.960439
貯	-12.960542
▁ボックス	-12.960555
▁良し	-12.960596
▁ヴェ	-12.960603
スペル	-12.960916
▁コミュニティ	-12.961003
込める	-12.961182
マダム	-12.961237
貯め	-12.961246
扱え	-12.961280
▁ハリス	-12.961297
▁ゆゆし	-12.961312
▁酵母	-12.961313
遡	-12.961314
聖公会	-12.961319
▁ほとり	-12.961451
適合	-12.961617
転が	-12.961629
▁士師	-12.961760
ran	-12.961783
リクエ	-12.961840
ナビ	-12.961889
▁耐え忍び	-12.961906
アク	-12.961934
▁DC	-12.961946
AND	-12.962003
斧	-12.962004
弓	-12.962015
ローラ	-12.962034
▁知らん	-12.962050
買収	-12.962050
連鎖	-12.962057
GPS	-12.962120
▁傑	-12.962211
ヒマ	-12.962337
プリンセ	-12.962344
▁近づける	-12.962362
▁戦線	-12.962406
▁ボロ	-12.962462
結ぶ	-12.962543
▁小鳥	-12.962634
▁Bo	-12.962656
▁コレ	-12.962683
▁洗練	-12.962739
タリ	-12.962741
▁となえ	-12.963009
短剣	-12.963223
ュート	-12.963237
返る	-12.963255
▁ナノ	-12.963268
▁バッ	-12.963417
▁掲	-12.963498
▁ショ	-12.963802
プリン	-12.963840
荒ら	-12.963879
クリフ	-12.963912
べきである	-12.964096
ミックス	-12.964315
▁マレーシア	-12.964347
jo	-12.964484
aw	-12.964675
クレイ	-12.964988
わざ	-12.965122
▁ウラン	-12.965242
▁慣れる	-12.965285
TER	-12.965369
送り込	-12.965432
ヤク	-12.965443
ータを	-12.965450
▁片手	-12.965464
▁悟ら	-12.965599
▁斧	-12.965696
くさい	-12.965824
ster	-12.965903
ウェイン	-12.965967
▁ねっ	-12.966094
引き受け	-12.966226
読ま	-12.966242
▁骨格	-12.966355
勲	-12.966390
▁年数	-12.966396
スケッチ	-12.966401
▁狭	-12.966505
うぞ	-12.966516
▁過敏	-12.966542
▁デザート	-12.966585
ハゲ	-12.966730
据え	-12.966743
▁ぶつかり	-12.966853
▁送り出す	-12.966903
▁聞き従う	-12.966917
プレー	-12.966974
抹	-12.967161
異邦	-12.967191
真珠	-12.967209
ナッツ	-12.967454
▁ノード	-12.967529
解説	-12.967687
ふら	-12.967738
傾	-12.967936
▁丈	-12.967983
いただける	-12.968146
▁注ぎ込	-12.968147
▁果たせ	-12.968150
メーター	-12.968201
▁おじいちゃん	-12.968236
▁治し	-12.968321
▁散らば	-12.968394
▁お別れ	-12.968532
▁錯	-12.968671
エー	-12.968724
わたる	-12.968859
▁杉	-12.968980
ont	-12.969067
▁レア	-12.969067
ヤム	-12.969258
▁スピーチ	-12.969268
リノ	-12.969311
読み取	-12.969434
ずれ	-12.969501
組み立て	-12.969654
tra	-12.969660
分岐	-12.969661
▁引け	-12.969663
アラブ	-12.969969
ept	-12.969997
一派	-12.970017
かぎり	-12.970114
▁偉	-12.970498
ナイン	-12.970514
▁新種	-12.970601
半数	-12.970705
▁舞い	-12.970746
飼い	-12.970860
▁煙突	-12.970899
デリン	-12.970919
▁揺り動か	-12.970935
上部	-12.970958
▁ジュン	-12.971155
帽	-12.971189
資	-12.971267
▁アム	-12.971489
▁ココナツ	-12.971492
准	-12.971492
▁痛めつけ	-12.971561
▁贖う	-12.971635
franc	-12.971748
従事	-12.971750
▁ほほ	-12.971769
マハル	-12.971778
▁不死	-12.971807
ウズ	-12.972040
▁オス	-12.972150
▁1929	-12.972175
論者	-12.972212
ベトナム	-12.972359
賞賛	-12.972368
侵害	-12.972374
▁チャンピオン	-12.972377
慈善	-12.972379
▁ビンセント	-12.972393
なんぢ	-12.972441
▁ニール	-12.972470
ソタ	-12.972514
▁貨幣	-12.972518
▁除き	-12.972524
▁次ぐ	-12.973015
ift	-12.973083
口論	-12.973193
シグナ	-12.973476
2002	-12.973529
EL	-12.973666
▁(5)	-12.973998
NO	-12.974003
▁消失	-12.974015
▁積み重ね	-12.974036
ハック	-12.974118
▁上海	-12.974392
知り合	-12.974413
ほえる	-12.974541
ling	-12.974645
やってのけ	-12.974763
ls	-12.974842
nc	-12.975008
ape	-12.975038
グア	-12.975065
個別	-12.975080
刑柱	-12.975136
ドワー	-12.975187
みそ	-12.975317
ガメ	-12.975548
隠せ	-12.975559
泣か	-12.975770
トリス	-12.975917
引き取り	-12.976010
腔	-12.976085
FI	-12.976115
▁取りつ	-12.976121
▁ラウ	-12.976151
▁カシ	-12.976272
墜	-12.976556
▁ステロイド	-12.976635
▁仮小屋	-12.976665
みち	-12.976674
▁ヨーガ	-12.976680
▁破門	-12.976724
▁請け戻す	-12.976739
▁通ずる	-12.976806
触り	-12.976932
▁薬草	-12.976998
▁だまし	-12.977015
走路	-12.977023
▁作れ	-12.977235
UT	-12.977561
延ばし	-12.977570
シカゴ	-12.977607
陳	-12.977613
ハッキング	-12.977636
▁シールド	-12.977701
▁誘発	-12.977768
▁持ち合わせ	-12.977778
盗聴	-12.977842
手伝え	-12.977958
▁ネクタイ	-12.978190
▁奏	-12.978217
落とせ	-12.978271
つくる	-12.978313
▁シーク	-12.978537
工業	-12.978683
ica	-12.978760
ハシ	-12.978969
声明	-12.979207
▁クライン	-12.979302
▁派生	-12.979586
取締	-12.979871
スマ	-12.979874
▁終末	-12.980047
▁団結	-12.980101
高める	-12.980215
発売	-12.980270
テレ	-12.980378
stat	-12.980394
ning	-12.980468
近道	-12.980587
こすり	-12.980990
見つけ出	-12.981083
▁囚	-12.981134
メガ	-12.981165
▁デイビ	-12.981209
▁表わせ	-12.981712
▁レビュー	-12.981727
▁申込	-12.981747
▁アンデレ	-12.981774
喝采	-12.981774
▁two	-12.981775
ろくでなし	-12.981780
▁傷つく	-12.981809
ネック	-12.981920
▁重圧	-12.981957
▁ピク	-12.982056
なさる	-12.982116
▁押し付け	-12.982321
▁食生活	-12.982360
▁つかの間	-12.982427
ァー	-12.982574
▁イノ	-12.982805
矛盾	-12.982805
▁サンドイッチ	-12.982817
廃止	-12.982843
におい	-12.982866
漫画	-12.983030
▁まさる	-12.983116
▁切り倒	-12.983160
バディ	-12.983238
き散ら	-12.983256
検事	-12.983377
出会う	-12.983624
▁燃やす	-12.983834
▁街道	-12.983938
ーザー	-12.983961
損なう	-12.983963
▁没収	-12.984118
マック	-12.984260
alk	-12.984446
,44	-12.984472
子羊	-12.984509
▁連れ出し	-12.984882
ハリ	-12.984925
▁偏り	-12.984933
▁ホロ	-12.984964
▁バイト	-12.985033
痛む	-12.985034
削	-12.985127
消せ	-12.985356
トゥス	-12.985403
▁工芸	-12.985416
乗っ取	-12.985436
▁テー	-12.985520
▁希	-12.985679
不定	-12.985790
▁説き勧め	-12.985819
扱える	-12.985845
DC	-12.985917
▁ジュネーブ	-12.986008
ヤマ	-12.986039
▁空白	-12.986043
責める	-12.986115
15)	-12.986260
カフェ	-12.986337
▁条項	-12.986422
▁転が	-12.986425
▁取り出す	-12.986495
2003	-12.986512
誕	-12.986735
スタンプ	-12.986781
塁	-12.986955
▁カエサレア	-12.986956
▁ホンジュラス	-12.986956
▁密猟	-12.986959
▁温泉	-12.986970
▁静けさ	-12.987002
▁33,34	-12.987044
▁雄羊	-12.987062
form	-12.987095
むり	-12.987120
カマ	-12.987222
▁難問	-12.987292
▁ろば	-12.987310
▁埋	-12.987329
▁言論	-12.987336
ッピー	-12.987362
▁インデックス	-12.987702
増や	-12.987773
エーカー	-12.987817
▁吹く	-12.987919
▁埋め合わせ	-12.987958
保有	-12.987970
サメ	-12.987978
▁科目	-12.988008
▁最期	-12.988068
ヒトラー	-12.988158
コレ	-12.988165
▁トレント	-12.988206
▁夜空	-12.988670
悪霊	-12.988674
▁heart	-12.988985
▁静止	-12.989063
▁財宝	-12.989376
bal	-12.989418
▁Art	-12.989688
祖	-12.989711
▁哀	-12.989767
毎朝	-12.989768
▁忘れ去	-12.989810
▁飛び込	-12.989889
教科	-12.989995
▁あや	-12.990201
GL	-12.990259
▁通り道	-12.990399
dir	-12.990599
ロジ	-12.990650
▁仏	-12.990693
タム	-12.990750
きび	-12.990866
オッ	-12.991032
▁On	-12.991066
著	-12.991126
▁遂に	-12.991292
中継	-12.991438
▁und	-12.991513
▁曲げる	-12.991672
ハエ	-12.991863
▁正しか	-12.991918
▁地形	-12.991922
▁ブラウザ	-12.992089
▁バングラデシュ	-12.992164
泰	-12.992166
▁線維	-12.992173
▁鉱石	-12.992197
▁交尾	-12.992223
▁帆船	-12.992229
バーニー	-12.992241
▁牧	-12.992402
▁逃げ去り	-12.992469
▁パト	-12.992607
上層	-12.992628
▁ポップ	-12.992683
▁許せ	-12.992824
▁たがり	-12.992871
ittle	-12.993205
メア	-12.993214
アカデミー	-12.993345
フラグ	-12.993357
拒絶	-12.993366
憎しみ	-12.993371
堕落	-12.993392
配布	-12.993500
▁Ta	-12.993533
有益	-12.993637
▁虹	-12.993670
ean	-12.993846
ダイヤ	-12.993897
▁方面	-12.993914
▁48)	-12.993934
into	-12.993990
由来	-12.994001
▁歩き方	-12.994141
▁手先	-12.994168
▁(18	-12.994257
危	-12.994334
▁チキン	-12.994390
▁入場	-12.994585
探知	-12.994627
防御	-12.994660
▁銃声	-12.994745
▁はたして	-12.994993
▁済ませ	-12.995130
▁怠る	-12.995169
▁澄	-12.995362
先んじ	-12.995440
▁キース	-12.995478
▁引きつける	-12.995566
▁赤字	-12.995568
ガロン	-12.995693
シシ	-12.995920
見解	-12.996000
▁フード	-12.996062
▁走り回	-12.996129
ポーズ	-12.996156
滑り	-12.996317
az	-12.996441
▁頭蓋骨	-12.996681
ギル	-12.996908
スーパーマン	-12.997293
ヴィア	-12.997320
▁迫る	-12.997361
▁ジャマイカ	-12.997399
▁麗しい	-12.997402
▁ハマ	-12.997416
アシスタント	-12.997426
▁海域	-12.997435
▁焼却	-12.997468
▁配給	-12.997552
雇わ	-12.997813
▁構え	-12.997827
▁ゲイリー	-12.997965
▁題材	-12.997995
引き渡す	-12.998141
▁end	-12.998171
▁読み上げ	-12.998273
▁過ぎ去る	-12.998576
▁利か	-12.998654
十字架	-12.998680
懲らしめ	-12.998682
憐れみ	-12.998683
平面	-12.998689
参考	-12.998703
メールアドレス	-12.998714
暖かい	-12.998731
▁ユーロ	-12.998770
ネガ	-12.998792
信条	-12.998828
▁スプレー	-12.998837
▁アーティス	-12.998925
摘み	-12.999005
▁うめき	-12.999036
伝わ	-12.999242
軽率	-12.999409
▁周年	-12.999578
追い詰め	-12.999599
▁ショート	-12.999734
▁尋ね求め	-12.999799
持てる	-12.999822
リート	-13.000025
▁滴	-13.000253
リール	-13.000268
▁訳す	-13.000369
ドリック	-13.000671
ガム	-13.000718
盲	-13.000769
▁臭	-13.000771
▁バージョン	-13.000778
▁研	-13.000893
▁カフェ	-13.000989
サボ	-13.001028
▁しかた	-13.001145
▁クズ	-13.001160
チャップ	-13.001255
▁76	-13.001280
▁アンテナ	-13.001346
▁結びつける	-13.001361
ラウ	-13.001700
ニコ	-13.001866
▁ソフィア	-13.002113
▁きけ	-13.002214
わたり	-13.002218
火器	-13.002255
ノフ	-13.002652
コメディ	-13.002656
▁けいれん	-13.002663
▁エストニア	-13.002663
•	-13.002664
▁伴侶	-13.002666
入口	-13.002971
▁石打ち	-13.002984
処女	-13.003085
ミナ	-13.003162
▁めちゃくちゃ	-13.003183
▁講話	-13.003205
▁お目	-13.003343
▁温かさ	-13.003448
▁気力	-13.003502
クオ	-13.003547
固有	-13.003637
の可能性を	-13.003718
快活	-13.003812
ror	-13.003826
▁シェイ	-13.003963
牢	-13.003996
股	-13.003997
洗浄	-13.004000
カエサル	-13.004025
ジュリエット	-13.004025
太平洋	-13.004025
パウロ	-13.004035
幼児	-13.004046
小切手	-13.004053
輸血	-13.004062
▁ジャイ	-13.004071
▁放火	-13.004084
鑑定	-13.004099
掌	-13.004121
▁his	-13.004157
▁捨て去る	-13.004166
らっしゃい	-13.004230
ヨブ	-13.004357
地下鉄	-13.004368
▁崩	-13.004383
フォース	-13.004476
助力	-13.004618
▁水源	-13.004767
▁頻度	-13.004951
ジアン	-13.004960
トリップ	-13.004978
▁除外	-13.005117
カーン	-13.005126
ルーズ	-13.005251
手柄	-13.005425
包括	-13.005449
▁せり	-13.005486
再会	-13.005528
コップ	-13.005600
整列	-13.005601
gg	-13.005624
悪口	-13.005924
▁超す	-13.006044
フェリ	-13.006210
▁通り過ぎ	-13.006269
説き明か	-13.006411
▁僧侶	-13.006674
コンビ	-13.006725
コンポ	-13.007107
less	-13.007164
コロ	-13.007476
ーネ	-13.007498
▁ビラ	-13.007577
リンズ	-13.007707
ストア	-13.007732
屠	-13.007954
祥	-13.007954
富士山	-13.007957
pedia	-13.007961
▁賛辞	-13.007963
▁溶解	-13.008063
▁班	-13.008074
お断り	-13.008091
▁ラテンアメリカ	-13.008250
vo	-13.008302
▁振り向	-13.008327
▁根源	-13.008404
▁直す	-13.008424
▁育む	-13.008467
▁断ち滅ぼ	-13.008489
バイア	-13.008492
っぱい	-13.008531
▁買い取ら	-13.008595
▁遅か	-13.008619
▁コンサルタント	-13.008635
遠征	-13.008782
フュー	-13.008828
意義	-13.008951
▁オズ	-13.008980
ブラウ	-13.009063
坑	-13.009391
葬儀	-13.009399
大阪	-13.009429
メトロ	-13.009451
防止	-13.009504
企画	-13.009505
バッジ	-13.009523
▁照らす	-13.009541
夜明け	-13.009549
▁醜	-13.009554
▁82	-13.009587
▁ビビ	-13.009768
▁フェル	-13.009779
司法	-13.009860
聖域	-13.010077
忙	-13.010087
▁残ら	-13.010260
▁アルミニウム	-13.010422
▁ロール	-13.010569
▁乗り込	-13.010879
追いつく	-13.011204
▁組み合わさ	-13.011209
遠ざけ	-13.011406
過ご	-13.011419
▁止	-13.011539
oda	-13.011623
▁パトロール	-13.011712
ask	-13.011719
届ける	-13.011962
打て	-13.012119
▁陣	-13.012350
呪	-13.012556
環	-13.012638
皮質	-13.012881
▁看板	-13.013057
な形	-13.013130
つかま	-13.013170
03	-13.013269
▁サトウキビ	-13.013273
▁むなしく	-13.013274
▁そねみ	-13.013276
▁セミナー	-13.013304
▁養殖	-13.013309
▁メダル	-13.013460
▁褒め言葉	-13.013546
▁定ま	-13.013668
▁光沢	-13.013737
チンコ	-13.013764
▁ケニ	-13.013787
▁技	-13.013827
▁泊ま	-13.013869
▁アラム	-13.013912
衰え	-13.013963
-8	-13.014024
益する	-13.014024
アム	-13.014038
▁相ま	-13.014300
▁form	-13.014314
ライザ	-13.014509
▁スラ	-13.014636
キッチン	-13.014791
鉛筆	-13.014800
陪	-13.014800
バプテスマ	-13.014814
▁ジョギング	-13.014817
是非	-13.014820
森林	-13.014857
フェイス	-13.014910
偽善	-13.014916
▁海辺	-13.014934
▁切り抜ける	-13.015076
どき	-13.015125
▁バルセロナ	-13.015200
▁願い出	-13.015281
ession	-13.015316
売上	-13.015349
▁ご用	-13.015388
▁波長	-13.015394
▁解析	-13.015453
700	-13.015512
▁新教	-13.015527
▁ヘッ	-13.015617
ほっ	-13.015642
▁変形	-13.015675
照らし	-13.015684
▁軽んじ	-13.015862
チャル	-13.016018
oft	-13.016060
急げ	-13.016064
なじみ	-13.016121
▁手当	-13.016125
総統	-13.016140
▁キル	-13.016175
▁ポスター	-13.016261
人権	-13.016284
▁大理石	-13.016382
クモ	-13.016415
負ける	-13.016454
▁久し	-13.016472
▁顔色	-13.016575
ek	-13.016790
▁フレーム	-13.016887
ハブ	-13.016943
苦しめ	-13.017011
▁嘆かわしい	-13.017091
交流	-13.017115
▁ベティ	-13.017138
ボクサー	-13.017209
▁ふさが	-13.017329
▁零	-13.017485
▁思い定め	-13.017509
濃	-13.017635
▁態勢	-13.017651
▁反撃	-13.017725
▁ケンブリッジ	-13.017739
じめ	-13.017887
校長	-13.017954
異父	-13.017991
▁摘	-13.018337
▁名付け	-13.018382
▁連れ戻	-13.018553
唆	-13.018574
▁すずめ	-13.018621
▁ジャニス	-13.018671
▁造り出	-13.018697
▁ダイアナ	-13.018794
▁奉じ	-13.018829
愚か者	-13.018898
▁用具	-13.018909
▁大食	-13.018937
▁そろえ	-13.019057
▁架空	-13.019143
▁1932	-13.019368
ボア	-13.019445
▁しょっちゅう	-13.019618
▁呪文	-13.019691
▁怖れ	-13.019959
▁持ち込む	-13.019992
▁陥れ	-13.020033
フットボール	-13.020247
協定	-13.020262
まとめる	-13.020345
タラ	-13.020388
▁延ばし	-13.020624
手掛かり	-13.020743
トルコ	-13.020862
ふたり	-13.020938
▁むさぼり食	-13.021029
服装	-13.021063
雇い	-13.021115
▁イシ	-13.021174
▁光輝	-13.021222
hich	-13.021231
サス	-13.021244
探り	-13.021256
エレ	-13.021366
仕方ない	-13.021884
個人情報	-13.021983
▁抱け	-13.022236
pell	-13.022317
▁孔	-13.022656
▁酢	-13.022777
敷き	-13.022785
▁ホース	-13.022899
▁最上	-13.023020
▁全う	-13.023063
トレード	-13.023072
そそ	-13.023305
殴り	-13.023341
▁浮かび	-13.023395
バルカン	-13.023490
▁シアトル	-13.023491
top	-13.023830
▁ひれ	-13.023919
▁目ざと	-13.023924
▁景観	-13.023998
▁カリスマ	-13.024003
▁資する	-13.024019
▁ペドロ	-13.024036
邸宅	-13.024045
▁教父	-13.024226
▁ガンジー	-13.024323
▁創作	-13.024387
▁飼う	-13.024425
▁高原	-13.024560
怠け者	-13.024577
エール	-13.024752
▁樽	-13.024760
▁竜	-13.025075
▁キット	-13.025096
▁ウィリアムズ	-13.025146
▁守れる	-13.025154
▁奏し	-13.025412
,900	-13.025517
やさしい	-13.025702
ホルモン	-13.025722
蚊	-13.025722
防備	-13.025724
疑わ	-13.025788
混合	-13.025810
旧約	-13.025846
論議	-13.025853
▁摩擦	-13.025952
▁運び去	-13.026093
▁待った	-13.026102
▁1513	-13.026204
▁金星	-13.026294
did	-13.026371
▁下着	-13.026379
懸け	-13.026419
▁ひる	-13.026463
インディ	-13.026464
ザリ	-13.026647
決まる	-13.026727
▁切り出	-13.026865
▁横浜	-13.026886
▁風車	-13.026899
ベロ	-13.026928
▁言い表わ	-13.026957
▁就け	-13.027035
ペイ	-13.027170
▁教え込む	-13.027171
作ら	-13.027550
オーダー	-13.027757
旅路	-13.028032
あがる	-13.028298
▁寝た	-13.028328
グリッパ	-13.028507
ypt	-13.028666
▁描き出	-13.028760
支える	-13.029266
▁背く	-13.029287
むけ	-13.029304
cond	-13.029314
伊	-13.029393
π	-13.029402
壺	-13.029402
▁勅令	-13.029403
レッテル	-13.029403
燈	-13.029404
▁ザイール	-13.029422
▁カーニバル	-13.029430
▁give	-13.029533
▁app	-13.029572
仕留め	-13.029596
▁(10	-13.029652
▁風変わり	-13.029675
▁ウィス	-13.029731
▁麻	-13.029798
▁おぼれ	-13.030130
立方	-13.030200
支払わ	-13.030293
▁クラック	-13.030414
ディレク	-13.030560
▁仕立て	-13.030586
▁知り合	-13.031025
▁フォックス	-13.031098
普	-13.031129
リフト	-13.031159
とんでもない	-13.031171
曲がり	-13.031193
悲嘆	-13.031202
栽培	-13.031203
勤勉	-13.031211
lete	-13.031219
ong	-13.031219
昇進	-13.031239
▁鳴り	-13.031242
受賞	-13.031297
韓国	-13.031301
以後	-13.031369
mon	-13.031485
断片	-13.031542
▁チャオ	-13.031549
GP	-13.031582
フロー	-13.031681
貞	-13.031934
▁海中	-13.032111
滅ぼす	-13.032236
向き合	-13.032330
京都	-13.032537
恥じ	-13.032560
迷わ	-13.032624
トウ	-13.032774
▁眺める	-13.032905
EG	-13.033048
hr	-13.033181
▁ディナー	-13.033189
last	-13.033627
ささや	-13.033635
▁カート	-13.033721
▁引き付ける	-13.034228
数百	-13.034245
ロング	-13.034347
占い	-13.034501
▁防犯	-13.034594
こす	-13.034639
▁タイル	-13.034675
づつ	-13.034686
キロメートル	-13.034763
▁滋養	-13.034837
▁ストックホルム	-13.034838
跪	-13.034839
▁head	-13.034903
くよく	-13.034951
▁治癒	-13.034997
ウマ	-13.035047
▁ダイアン	-13.035149
フロ	-13.035164
▁クローン	-13.035204
▁dr	-13.035299
▁教養	-13.035359
▁悪徳	-13.035411
▁付きまと	-13.035480
▁シャル	-13.035584
▁手放	-13.035593
▁同書	-13.035673
ごっこ	-13.035729
▁キレ	-13.035792
満了	-13.036089
▁ガイ	-13.036148
グレゴ	-13.036298
▁過ごせる	-13.036386
▁織	-13.036432
泳げ	-13.036470
エット	-13.036561
んでもない	-13.036607
オリンピック	-13.036726
▁見いだ	-13.036735
見せかけ	-13.036741
▁let	-13.036789
▁ライバル	-13.036953
社会に	-13.036972
▁プライベート	-13.036983
ハッカ	-13.037019
観光	-13.037617
▁鹿	-13.037632
▁戦死	-13.037693
▁嘆き悲しむ	-13.037935
▁わあ	-13.037968
取り出す	-13.037992
▁レオン	-13.038038
作為	-13.038176
▁内臓	-13.038240
団結	-13.038451
生き残れ	-13.038469
▁蝶	-13.038505
oup	-13.038729
送金	-13.039119
トリックス	-13.039171
ソーン	-13.039184
サウ	-13.039253
▁さき	-13.039353
▁繁	-13.039537
押し付け	-13.039572
糖分	-13.039616
▁心得	-13.039702
ナノ	-13.039829
▁当てる	-13.039885
生物学的	-13.040041
▁ナミビア	-13.040301
▁ガードナー	-13.040307
▁婚宴	-13.040308
▁カメルーン	-13.040310
ッシー	-13.040329
運べ	-13.040333
降ろす	-13.040343
嗅ぎ	-13.040352
▁交配	-13.040462
プレス	-13.040544
道理	-13.040558
▁換	-13.040598
live	-13.040625
格差	-13.040661
▁イス	-13.040708
パニック	-13.040761
▁捨て去り	-13.040858
▁アリソン	-13.040977
いじめ	-13.041046
減り	-13.041077
▁水域	-13.041080
table	-13.041088
▁巡査	-13.041183
前後	-13.041203
▁オット	-13.041235
▁アリフ	-13.041256
▁ヘルプ	-13.041364
▁悔い	-13.041511
▁提携	-13.041653
倒せ	-13.041727
▁鉱	-13.041943
▁替え	-13.041956
,38	-13.041984
上下	-13.042077
拒	-13.042171
▁悲鳴	-13.042332
▁錨	-13.042362
▁際限	-13.042384
▁検閲	-13.042393
根絶	-13.042442
無礼	-13.042554
ビング	-13.042595
められ	-13.042670
新婦	-13.042684
前提	-13.042873
安らか	-13.043035
▁延期	-13.043135
通話	-13.043402
nam	-13.043536
TS	-13.043550
寸前	-13.043603
▁マティ	-13.043644
▁行く手	-13.043644
頭脳	-13.043669
▁ウォーター	-13.043789
送れ	-13.043864
▁死す	-13.043875
▁アザラシ	-13.043910
▁さながら	-13.043941
前もって	-13.044327
ocument	-13.044588
ピオ	-13.044612
アーク	-13.044764
グループは	-13.045024
▁2%	-13.045104
▁ライオ	-13.045282
緯	-13.045764
▁イスカリオテ	-13.045796
▁カペルナウム	-13.045796
▁什一	-13.045796
▁攻略	-13.045796
パブ	-13.045798
▁輪廻	-13.045810
▁材木	-13.045918
ヴィル	-13.046098
▁密売	-13.046134
弾き	-13.046164
▁札	-13.046248
▁ウィンター	-13.046495
lement	-13.046678
▁体操	-13.046723
カネ	-13.046838
脱ぎ	-13.046856
▁ボディー	-13.046876
踊る	-13.047019
▁ウチ	-13.047043
▁フィッツ	-13.047069
▁ヘア	-13.047132
▁Ha	-13.047358
血痕	-13.047565
stan	-13.047632
▁ma	-13.047691
ウエア	-13.047756
▁ロブ	-13.047807
▁tra	-13.047829
怖がる	-13.047832
鐘	-13.047853
ワトソン	-13.047863
叱	-13.047865
繊維	-13.047869
措置	-13.047870
キャッシュ	-13.047873
▁im	-13.047882
▁ni	-13.047910
診察	-13.048064
皮肉	-13.048079
役立たず	-13.048094
エデン	-13.048212
カッコ	-13.048258
やり直し	-13.048418
越え	-13.048437
▁送り出さ	-13.048513
マット	-13.048564
レスター	-13.048573
▁貯金	-13.048931
オート	-13.048954
用紙	-13.049026
当てはま	-13.049042
▁駆けつけ	-13.049172
▁引き受ける	-13.049226
dex	-13.049238
▁学年	-13.049267
ユーロ	-13.049286
話し方	-13.049304
ばさみ	-13.049446
▁脊椎	-13.049660
▁覚め	-13.049674
▁刑期	-13.049765
▁洋服	-13.049878
▁歩か	-13.050001
▁測	-13.050277
▁87	-13.050281
クン	-13.050290
まとま	-13.050457
▁答	-13.050502
慕	-13.051024
分け前	-13.051230
110	-13.051248
アームストロング	-13.051320
縞	-13.051320
頸	-13.051320
撒	-13.051321
▁むなしさ	-13.051322
綴	-13.051322
▁貧しさ	-13.051325
▁38,39	-13.051344
▁結び合わさ	-13.051348
▁ウリヤ	-13.051354
▁エロ	-13.051409
亡くなり	-13.051420
▁拭い去	-13.051455
飛べる	-13.051516
▁広報	-13.051551
▁いたるところ	-13.051573
Fal	-13.051663
▁カニ	-13.051782
▁ノミ	-13.051892
▁暴風	-13.051925
▁地殻	-13.052092
In	-13.052205
ディレクター	-13.052246
▁出くわ	-13.052256
▁命ずる	-13.052373
▁甘く	-13.052399
▁色合い	-13.052463
▁細部	-13.052481
見ず	-13.052555
キック	-13.052556
▁アウグスティヌス	-13.052588
▁書き留め	-13.052659
メリット	-13.052673
▁タフ	-13.052734
▁スポット	-13.052818
▁苦手	-13.052868
▁ダナ	-13.053020
なんじ	-13.053069
▁壇	-13.053101
うさぎ	-13.053137
Fi	-13.053340
クチャ	-13.053425
貝	-13.053469
でっち上げ	-13.053490
比喩	-13.053492
尊厳	-13.053547
救済	-13.053627
▁御子	-13.053628
抱きしめ	-13.053715
▁腎	-13.053893
▁撮る	-13.053959
天空	-13.054171
▁こうかつ	-13.054220
▁地平線	-13.054232
キャップ	-13.054288
▁週間	-13.054537
▁セクシー	-13.054711
▁往	-13.054745
あいま	-13.054927
流星	-13.055037
あご	-13.055216
▁削	-13.055280
▁イヌ	-13.055304
▁倒	-13.055343
手放す	-13.055350
重な	-13.055351
AA	-13.055627
▁グリー	-13.055690
▁パーカ	-13.055931
▁悪用	-13.055948
じん	-13.056198
▁Brit	-13.056373
▁コマーシャル	-13.056454
亡	-13.056503
画家	-13.056562
▁オールド	-13.056697
持ち歩	-13.056727
秀	-13.056770
not	-13.056777
蟻	-13.056875
▁アボリジニー	-13.056876
▁隷属	-13.056877
▁ぼろ	-13.056881
▁マラウイ	-13.056882
毎週	-13.056908
ria	-13.057067
▁前面	-13.057103
▁騎手	-13.057227
コルポーター	-13.057291
ゆら	-13.057353
ホモ	-13.057419
いじ	-13.057467
▁スリ	-13.057478
トピック	-13.057482
メシ	-13.057494
had	-13.057548
▁もろとも	-13.057549
スマン	-13.057701
▁養父	-13.057758
クルス	-13.057806
▁よけ	-13.057989
▁勤	-13.058364
▁ファラ	-13.058537
▁目下	-13.058601
NY	-13.058604
▁いだき	-13.058660
ボト	-13.058672
GB	-13.058729
押せ	-13.058774
▁瞬	-13.058788
ara	-13.058890
▁オブザーバー	-13.058971
▁えら	-13.059045
▁トロ	-13.059072
マグ	-13.059086
▁ミズーリ	-13.059136
晴	-13.059389
▁フクロウ	-13.059393
▁王女	-13.059461
直径	-13.059473
▁聴き従い	-13.059545
▁覆す	-13.059693
▁タトゥー	-13.059838
▁電灯	-13.060694
▁オイル	-13.060843
フロア	-13.061248
▁トリック	-13.061942
講座	-13.061967
▁ハイエナ	-13.062019
▁押し出	-13.062022
セレ	-13.062211
▁セラピ	-13.062252
搬	-13.062410
ヤル	-13.062439
撲	-13.062455
▁密林	-13.062485
ウエル	-13.062494
▁往復	-13.062522
便宜	-13.062551
▁マニラ	-13.062552
▁デイリー	-13.062554
▁換気	-13.062696
びん	-13.063086
演習	-13.063312
istrict	-13.063464
▁発足	-13.063472
白色	-13.063509
あらわ	-13.063563
援を	-13.063595
▁信じ込ま	-13.063691
▁いら立た	-13.063707
注ぎ	-13.063807
▁茂	-13.064026
▁因子	-13.064045
ルイス	-13.064069
DR	-13.064070
オウ	-13.064199
如	-13.064241
名乗	-13.064255
▁なじみ	-13.064438
ナビゲー	-13.064549
elder	-13.064640
bin	-13.064745
悩ます	-13.064761
▁チーフ	-13.064806
▁アウト	-13.064813
柔和	-13.064869
フラー	-13.064900
葬式	-13.064923
eu	-13.064974
憲法	-13.065004
og	-13.065073
改め	-13.065172
取り消し	-13.065221
重視	-13.065269
休む	-13.065310
局長	-13.065319
メイド	-13.065373
▁受け止める	-13.065534
▁あわ	-13.065614
▁オーガ	-13.065675
貯金	-13.065797
cod	-13.065852
カエル	-13.065868
▁押収	-13.065904
▁蹴	-13.066034
打ち明け	-13.066054
▁三角	-13.066187
背け	-13.066404
eek	-13.066543
マティ	-13.066555
opa	-13.066622
七つ	-13.066655
スピン	-13.066673
リサ	-13.066832
▁まじない	-13.066870
付き添い	-13.067010
馬車	-13.067114
指先	-13.067409
▁さがし	-13.067893
ブルース	-13.067965
▁contain	-13.068082
▁暗やみ	-13.068082
▁ルステラ	-13.068100
ぴょ	-13.068101
▁カーン	-13.068108
ニスト	-13.068112
2.0	-13.068228
シエ	-13.068244
当たり前	-13.068376
of	-13.068410
知り尽く	-13.068434
▁殿	-13.068595
▁きらめ	-13.068636
▁両腕	-13.068764
暖	-13.068830
▁迷路	-13.068880
▁ga	-13.068914
コタ	-13.069068
▁盲	-13.069073
傾倒	-13.069111
BS	-13.069296
バウ	-13.069394
view	-13.069407
▁中枢	-13.069470
▁付き従	-13.069504
クセ	-13.069726
散らし	-13.069830
ロア	-13.069846
卵子	-13.069892
▁ロイス	-13.069955
▁歴	-13.070189
▁安易	-13.070201
▁ダイジェスト	-13.070284
レシピ	-13.070499
模範	-13.070540
ビート	-13.070566
ウォルター	-13.070582
異端	-13.070720
リッチ	-13.070798
カッ	-13.070967
▁アミ	-13.070992
倍加	-13.070993
フェンス	-13.071042
くつろ	-13.071371
▁敷設	-13.071794
▁大きか	-13.071860
cre	-13.071893
日の出	-13.072241
寸	-13.072268
▁生き返	-13.072497
▁トロイ	-13.072658
▁寄り	-13.072885
▁心地よい	-13.073109
ead	-13.073172
▁3,5	-13.073177
見過ごす	-13.073199
ッサー	-13.073393
プラグ	-13.073400
nder	-13.073653
▁宦官	-13.073730
▁むやみ	-13.073731
▁逸脱	-13.073731
戮	-13.073731
ひれ伏し	-13.073735
▁リスボン	-13.073744
▁ソーニャ	-13.073759
クリプトン	-13.073784
▁洗剤	-13.073818
▁セメント	-13.073881
ナイス	-13.073924
▁結び付き	-13.074177
▁湿度	-13.074223
マルク	-13.074223
▁彩	-13.074229
▁分娩	-13.074289
スリン	-13.074445
▁迷い出	-13.074474
常識	-13.074558
▁そり	-13.074708
フォール	-13.074952
soc	-13.074997
▁汁	-13.075134
マルチ	-13.075213
▁セミ	-13.075246
▁Ko	-13.075438
キャッチ	-13.075447
▁デス	-13.075487
▁プレート	-13.075718
四角形	-13.075735
▁lo	-13.075919
▁けれ	-13.075933
try	-13.076262
▁されど	-13.076271
渋滞	-13.076274
▁ピッツバーグ	-13.076281
幻覚	-13.076288
じょう	-13.076303
片づけ	-13.076344
礼儀	-13.076355
オーナー	-13.076412
放射線	-13.076453
▁易しい	-13.076487
き出	-13.076529
可能にする	-13.076551
エレベーター	-13.076664
▁アンダーソン	-13.076760
▁na	-13.076777
ゴイ	-13.076811
死因	-13.076907
▁さいな	-13.076919
ろく	-13.077051
▁センサー	-13.077053
カーブ	-13.077086
▁越し	-13.077222
ぬる	-13.077247
▁叱	-13.077270
成人	-13.077410
積もり	-13.077548
んこ	-13.077694
▁帝	-13.077785
あー	-13.077888
ちまえ	-13.077934
▁モロ	-13.078001
つぶれ	-13.078133
バレル	-13.078180
モニタ	-13.078556
▁隠れる	-13.078577
▁ヴァル	-13.078646
▁おもしろ	-13.078700
▁fil	-13.078927
無くなる	-13.078997
▁分け与え	-13.079028
▁営利	-13.079089
さっぱり	-13.079121
尺	-13.079218
摩	-13.079412
燔	-13.079412
瑞	-13.079414
▁幾百幾千	-13.079416
▁ヘンシェル	-13.079428
▁飼料	-13.079438
▁水蒸気	-13.079553
引き起こ	-13.079617
ku	-13.079663
▁通す	-13.079719
▁クリスタル	-13.079803
▁ミッチ	-13.079876
▁待ち伏せ	-13.079938
then	-13.079977
▁任せる	-13.079980
書き直	-13.080032
スロット	-13.080034
▁言い分	-13.080037
▁心構え	-13.080056
eet	-13.080374
len	-13.080432
▁クリーブラン	-13.080497
▁一千	-13.080774
▁覆し	-13.080852
▁フライト	-13.080961
▁断わ	-13.081093
si	-13.081370
▁ヴォー	-13.081511
怒らせる	-13.081558
帆	-13.081784
府	-13.081968
漂	-13.082001
普及	-13.082056
恒星	-13.082078
擁護	-13.082078
欲求	-13.082084
通貨	-13.082125
這い	-13.082157
ダンサー	-13.082178
褒め	-13.082394
▁タール	-13.082465
塩基	-13.082596
▁痘	-13.082829
セラピ	-13.082932
▁牢	-13.083032
NG	-13.083274
▁マガジン	-13.083324
▁ki	-13.083520
埋め込	-13.083593
▁慎み深	-13.083596
ハイライト	-13.083652
ギャラリー	-13.083715
▁予報	-13.084258
Re	-13.084806
勢い	-13.085126
▁From	-13.085127
▁ステュー	-13.085127
▁骨髄	-13.085170
▁アルバイト	-13.085171
ズリー	-13.085263
負い	-13.085305
落ち着く	-13.085344
▁おろか	-13.085414
取り囲む	-13.085524
▁飽く	-13.085753
ジウム	-13.085774
▁学会	-13.085849
▁オーディオ	-13.085933
41	-13.085954
▁ショウ	-13.086123
▁ハイテク	-13.086247
▁当日	-13.086588
育成	-13.086843
▁症例	-13.086934
差異	-13.086957
ノックス	-13.086982
▁アウ	-13.087050
エロ	-13.087144
▁雨水	-13.087229
▁浮かれ騒ぎ	-13.087289
ペルト	-13.087445
覚める	-13.087456
fre	-13.087471
あなたたち	-13.087483
プライス	-13.087514
▁モザイク	-13.087622
又	-13.087856
妥協	-13.087877
アーメン	-13.088001
ポスター	-13.088162
eve	-13.088216
▁刈り	-13.088523
▁仰せ	-13.088634
殴る	-13.088637
ポーター	-13.088678
もったいない	-13.088687
タトゥー	-13.088764
パルス	-13.088880
▁猟	-13.089041
保全	-13.089087
▁引力	-13.089096
絡み	-13.089272
▁紅	-13.089541
▁陽子	-13.089545
ik	-13.089661
▁ドキュメント	-13.089760
掃	-13.089785
繰り	-13.089890
ウー	-13.089969
ビリー	-13.090077
▁ニコデ	-13.090118
▁張る	-13.090235
▁共犯	-13.090237
当選	-13.090382
▁クイーン	-13.090629
キモ	-13.090635
▁II	-13.090742
▁暫	-13.090775
坐	-13.090872
▁くたばれ	-13.090874
▁フェニキア	-13.090874
梁	-13.090874
ケンタッキー	-13.090875
マグニチュード	-13.090875
▁大主教	-13.090876
▁譲歩	-13.090918
▁イースター	-13.090965
警視	-13.090966
▁浸食	-13.091024
▁キュー	-13.091264
▁突起	-13.091313
▁ストライキ	-13.091352
▁吸血鬼	-13.091360
▁刈り取り	-13.091439
イスマー	-13.091501
▁dis	-13.091514
鳴らし	-13.091571
▁ノル	-13.091629
▁伝わり	-13.091661
10,000	-13.091739
▁たぐい	-13.091760
▁活躍	-13.091793
座席	-13.091895
▁ope	-13.092082
▁笑わ	-13.092127
▁呼び名	-13.092354
▁チェーン	-13.092422
▁共存	-13.092493
ホーク	-13.092500
▁コンテナ	-13.092643
▁ぶつかる	-13.092668
▁前線	-13.092816
▁破れ	-13.092920
困り	-13.093092
ースト	-13.093153
ジョイ	-13.093167
バブル	-13.093252
▁モンド	-13.093415
▁精一杯	-13.093468
配慮	-13.093633
インフルエンザ	-13.093711
忠節	-13.093732
申命記	-13.093744
財政	-13.093771
鉱山	-13.093848
▁困る	-13.093849
アイアン	-13.093873
食わ	-13.093908
放り出	-13.093995
サイコ	-13.094107
▁尽きる	-13.094211
蹴り	-13.094357
タイムズ	-13.094528
supp	-13.094569
▁ふも	-13.094664
ron	-13.094815
▁撤回	-13.094830
遅	-13.095025
▁陥落	-13.095184
ちぎ	-13.095225
▁成り立	-13.095275
ポック	-13.095302
いかなる	-13.095321
▁仕組	-13.095634
▁粉砕	-13.095703
▁パッ	-13.095724
鍛え	-13.095821
▁説く	-13.096038
lic	-13.096091
襲い	-13.096147
不断	-13.096182
▁アタ	-13.096236
▁砕き	-13.096270
シャル	-13.096311
▁国務	-13.096328
▁渦	-13.096416
▁ジュース	-13.096446
▁償い	-13.096621
全地	-13.096705
リュック	-13.096731
つぶし	-13.096802
忍び	-13.096913
▁小枝	-13.096931
oku	-13.097021
180	-13.097030
▁ぜん	-13.097075
長生き	-13.097163
2004	-13.097276
▁モーゼ	-13.097315
▁強風	-13.097334
▁ひととき	-13.097455
▁ガリ	-13.097485
放任	-13.097548
▁すこ	-13.097554
見分け	-13.097575
▁言い表わせ	-13.097596
▁店員	-13.097610
がんば	-13.097694
▁イェ	-13.097695
▁分かち合	-13.097836
アマ	-13.097850
▁Ok	-13.097863
▁パーシ	-13.097863
▁ムー	-13.097901
シチュー	-13.098198
連れ戻	-13.098289
les	-13.098399
▁コーラ	-13.098422
CA	-13.098626
シェイプ	-13.098697
▁ラナ	-13.098721
グレード	-13.098861
itain	-13.099177
psi	-13.099187
錯	-13.099461
ワケ	-13.099469
壮大	-13.099539
,41	-13.099555
自律	-13.099571
伝染	-13.099611
離陸	-13.099628
オランダ	-13.099666
返済	-13.099689
▁中性子	-13.099724
叫び声	-13.099752
▁クリスティ	-13.099762
▁ステファニー	-13.099777
目指す	-13.099866
▁及ぼ	-13.099914
落し	-13.100063
ヒゲ	-13.100171
ジャス	-13.100192
Que	-13.100268
宝物	-13.100341
ブロン	-13.100343
モニター	-13.100551
ハロウィ	-13.100614
やぎ	-13.100623
王権	-13.100828
覆う	-13.100839
こなす	-13.100882
訴える	-13.100890
実在	-13.101175
▁例示	-13.101719
ミラ	-13.101814
▁ほし	-13.101856
落ち込	-13.101938
▁ケネディ	-13.102095
▁0.0	-13.102193
ヘス	-13.102235
賊	-13.102273
アクティ	-13.102296
クリーク	-13.102338
llow	-13.102358
▁テンポ	-13.102441
粛	-13.102442
▁地所	-13.102452
▁メガ	-13.102458
憫	-13.102467
▁ミュンヘン	-13.102468
榴	-13.102468
▁うみ疲れ	-13.102472
ちゅう	-13.102476
▁いやがらせ	-13.102501
▁しゅうと	-13.102516
▁産卵	-13.102626
ルイ	-13.102677
▁散らか	-13.102942
▁目ざす	-13.102986
ネリ	-13.103192
ft	-13.103328
tle	-13.103433
▁歓ばせる	-13.103538
ラグ	-13.103555
▁防ぎ	-13.103603
ves	-13.103913
▁1923	-13.103950
料を	-13.104238
uto	-13.104369
スカーフ	-13.104430
▁ラッキー	-13.104706
怯	-13.104871
跳ね	-13.104872
小包	-13.104977
▁ローリー	-13.105083
バチ	-13.105167
▁突破	-13.105345
MC	-13.105384
▁流れ込	-13.105420
ギュ	-13.105435
高齢	-13.105527
ひっくり返	-13.105545
突破	-13.105556
包囲	-13.105569
テッド	-13.105630
権能	-13.105764
聖職	-13.105797
▁踏ん	-13.105825
貸せ	-13.105826
サラダ	-13.105882
瞬	-13.105980
▁ベストセラー	-13.106042
▁物音	-13.106118
▁主人公	-13.106222
▁いぶか	-13.106297
▁見せびらかす	-13.106299
絵画	-13.106416
▁意地悪	-13.106423
つなぎ	-13.106498
ハンドル	-13.106534
部位	-13.106534
マニュアル	-13.106545
出入り	-13.106971
▁逃げ道	-13.107093
▁再来	-13.107313
ania	-13.107327
胆	-13.107728
▁ウォルト	-13.107769
グラフィ	-13.107794
秤	-13.108069
九	-13.108090
▁バチ	-13.108190
▁爬	-13.108198
解ける	-13.108202
斑	-13.108314
タイタニック	-13.108315
仇	-13.108316
▁秘義	-13.108363
▁吐き	-13.108427
業務	-13.108469
▁アハズ	-13.108488
▁81	-13.108603
される前に	-13.108652
▁ウラ	-13.108931
▁マント	-13.108948
名声	-13.108960
職人	-13.109031
▁つば	-13.109133
経済的	-13.109183
▁小さ	-13.109221
励	-13.109398
▁王様	-13.109468
追いかける	-13.109630
▁Man	-13.109727
aki	-13.109782
▁現れ	-13.109926
his	-13.110127
ven	-13.110355
face	-13.110479
US	-13.110692
リッパー	-13.110821
ハーバー	-13.110827
再建	-13.110881
DO	-13.111024
▁カーク	-13.111171
グラフィック	-13.111172
胞	-13.111201
シェフ	-13.111238
レズ	-13.111448
煮	-13.111460
野蛮	-13.111472
省略	-13.111501
背負	-13.111501
ニューロン	-13.111573
衝動	-13.111601
ジョニー	-13.111629
セーター	-13.111667
電波	-13.111767
▁フィート	-13.111770
▁めい	-13.111834
推進	-13.111836
相違	-13.111842
自足	-13.111893
tag	-13.111941
さよなら	-13.111942
空想	-13.111950
▁マネージャー	-13.112104
スケート	-13.112181
受け継	-13.112223
哀れみ	-13.112311
財宝	-13.112546
習う	-13.112567
▁とかく	-13.112650
▁解散	-13.112656
▁投げ捨て	-13.112661
ダウ	-13.112866
▁類する	-13.113182
含める	-13.113228
ローレンス	-13.113263
▁菜	-13.113289
▁問い合わせ	-13.113400
▁Sch	-13.113492
▁クリップ	-13.113647
▁ピクニック	-13.113751
機構	-13.113808
▁嘆き悲し	-13.113873
▁見ず	-13.113963
持ち帰	-13.113996
▁とがめる	-13.114041
切り落と	-13.114118
Ä	-13.114197
袖	-13.114198
▁浮き彫り	-13.114201
仙	-13.114201
沈み	-13.114209
▁バハマ	-13.114243
アンタ	-13.114284
▁差し支え	-13.114298
きめ	-13.114331
包み	-13.114619
▁晩年	-13.114649
▁わきまえる	-13.114724
▁不況	-13.114782
1,2,3	-13.114862
混ざ	-13.115005
▁チャー	-13.115157
▁掘り下げ	-13.115412
▁差し出	-13.115422
▁動き回	-13.115496
なるほど	-13.115597
▁旅人	-13.115699
長者	-13.115745
カレン	-13.115948
▁アント	-13.115990
late	-13.116051
▁美徳	-13.116264
▁ピアス	-13.116319
リティー	-13.116598
▁ケー	-13.116662
付随	-13.116731
オナ	-13.116768
ライアン	-13.116786
▁用品	-13.116808
▁ye	-13.116975
どん底	-13.117079
▁行う	-13.117210
▁ロザリ	-13.117364
フロント	-13.117440
アイルランド	-13.117463
祭司	-13.117506
石炭	-13.117518
井戸	-13.117554
タオル	-13.117771
めき	-13.117864
テラ	-13.117900
恋しい	-13.118177
ゾウ	-13.118259
▁かっこいい	-13.118271
遣い	-13.118965
出資	-13.118980
▁破裂	-13.118998
さじ	-13.119081
バトル	-13.119238
100%	-13.119480
迎	-13.119547
▁カウボーイ	-13.119560
申し込	-13.119571
素直	-13.119689
偽物	-13.119749
▁Serv	-13.119829
▁手渡し	-13.119843
疾	-13.119851
勝てる	-13.119897
リアム	-13.120068
搾	-13.120091
盆	-13.120112
拉	-13.120114
鈴	-13.120115
▁アハシュエロス	-13.120116
▁ハロウィーン	-13.120116
▁染料	-13.120116
こんにちわ	-13.120116
▁ビンゴ	-13.120234
▁口腔	-13.120237
▁営む	-13.120261
▁廃れ	-13.120263
尽くせ	-13.120322
義者	-13.120347
御手	-13.120367
頭部	-13.120433
募集	-13.120521
▁わがまま	-13.120630
ウォル	-13.120667
ハイム	-13.120712
王女	-13.120775
あたる	-13.120883
ハイル	-13.121013
ワーズ	-13.121032
走れ	-13.121159
ージャ	-13.121190
ンジャー	-13.121316
▁遅らせ	-13.121384
着用	-13.121385
▁ブッシュ	-13.121516
▁最強	-13.121519
ロバ	-13.121616
away	-13.121836
ジット	-13.121849
共感	-13.121941
▁学部	-13.121961
ハーフ	-13.122003
▁殺し合	-13.122123
造る	-13.122235
バナ	-13.122333
女神	-13.122338
▁電報	-13.122349
▁擬	-13.122368
追い払	-13.122426
bit	-13.122528
ブレス	-13.122590
▁宣誓	-13.122946
侵	-13.123212
モデ	-13.123304
テクス	-13.123389
ピウス	-13.123454
誘う	-13.123455
持ち物	-13.123466
ノット	-13.123473
彫刻	-13.123489
▁32,33	-13.123527
ペイン	-13.123557
消防	-13.123567
微生物	-13.123662
ジェシー	-13.123715
▁不断	-13.123727
▁die	-13.123841
変人	-13.123899
降りろ	-13.123901
真相	-13.124124
頼る	-13.124272
マニ	-13.124319
▁102	-13.124345
裁く	-13.124346
チャレンジ	-13.124409
▁足し	-13.124612
器具	-13.124675
▁アシ	-13.124676
▁苗	-13.124744
テージ	-13.124822
tal	-13.125024
▁ルディ	-13.125104
吹き込	-13.125181
▁ペラ	-13.125213
つづ	-13.125275
高すぎる	-13.125323
▁Is	-13.125413
学べ	-13.125652
爆薬	-13.125834
▁稼ぎ	-13.125851
追いつ	-13.125877
▁スワ	-13.125896
大きすぎる	-13.125907
ッセル	-13.125959
▁ヒマラヤ	-13.126068
▁蛮行	-13.126069
ファシスト	-13.126069
▁腹立たし	-13.126074
▁炭鉱	-13.126082
ニンニク	-13.126083
ディスプレイ	-13.126086
トレーナー	-13.126101
▁カリウム	-13.126142
▁浴室	-13.126172
▁1934	-13.126559
失格	-13.126610
▁白血	-13.126624
Ch	-13.126626
mc	-13.126730
▁王宮	-13.126750
目覚める	-13.126787
▁先見	-13.126911
▁強度	-13.127459
▁プライド	-13.127498
ナード	-13.127707
吹っ飛	-13.127761
▁無用	-13.127843
ical	-13.127979
委員	-13.128024
グリッ	-13.128126
rack	-13.128241
▁整形	-13.128333
バートン	-13.128366
▁立ち返	-13.128408
▁亡	-13.128472
water	-13.128525
覚ます	-13.129221
▁食わ	-13.129237
▁中継	-13.129238
そろそろ	-13.129549
審査	-13.129565
独裁	-13.129590
見上げ	-13.129595
▁お医者さん	-13.129640
いたずら	-13.129646
親族	-13.129886
▁卑しめ	-13.129973
チャイ	-13.130067
▁ポル	-13.130150
▁抜か	-13.130240
▁分布	-13.130330
▁疑惑	-13.130539
言及	-13.130606
追え	-13.130745
クライ	-13.130803
▁一握り	-13.131230
fi	-13.131617
▁王冠	-13.131628
▁捕える	-13.131703
▁29,30)	-13.131707
▁測る	-13.131812
var	-13.132030
▁パプアニューギニア	-13.132056
▁ルクセンブルク	-13.132056
▁嘲弄	-13.132056
アラン	-13.132067
▁種まき	-13.132068
▁いけにえ	-13.132075
▁シセラ	-13.132088
▁塗料	-13.132099
▁ラゴス	-13.132117
マイヤー	-13.132196
▁沼地	-13.132257
▁肉欲	-13.132371
▁倉	-13.132379
▁早死	-13.132445
ケート	-13.132702
▁追い払う	-13.132736
▁柄	-13.133018
▁投げ込み	-13.133081
カントリー	-13.133093
▁320	-13.133210
具体的な	-13.133244
口語	-13.133259
チーフ	-13.133363
▁兆し	-13.133426
cy	-13.133757
▁コルク	-13.133816
▁具合い	-13.134080
ボリ	-13.134116
play	-13.134145
主役	-13.134154
▁風船	-13.134454
パッド	-13.134673
吊る	-13.134689
釣	-13.134732
アンダー	-13.134852
バス停	-13.135040
アレン	-13.135405
ブチ	-13.135409
テック	-13.135415
ules	-13.135440
捕まる	-13.135600
まわし	-13.135621
DVD	-13.135634
待遇	-13.135664
▁かっと	-13.135794
SH	-13.135817
ハイツ	-13.135835
▁キャッシュ	-13.135891
ルバ	-13.136010
騒が	-13.136176
▁上演	-13.136206
ため息	-13.136281
役立	-13.136306
AV	-13.136394
▁あやま	-13.136472
ダック	-13.136528
▁項	-13.136903
▁ふるまい	-13.136917
▁抱きしめ	-13.137210
▁マニ	-13.137216
▁ブーム	-13.137555
▁ひた	-13.137844
▁押し込	-13.137867
士官	-13.137890
▁切り開	-13.137940
▁ルームメート	-13.138081
酌	-13.138081
▁沖縄	-13.138086
▁思慮深く	-13.138124
▁やれやれ	-13.138169
▁シングル	-13.138186
▁用心深く	-13.138196
▁育児	-13.138213
▁ダラス	-13.138232
溜め	-13.138241
▁カイロ	-13.138318
リーダーシップ	-13.138343
▁水槽	-13.138347
▁微量	-13.138448
ダルフ	-13.138479
▁核心	-13.138658
スノウ	-13.138953
タッカー	-13.138957
▁アカン	-13.138998
▁空手	-13.139160
▁柵	-13.139296
▁ベンチ	-13.139370
ビック	-13.139544
なご	-13.139803
▁釣	-13.139865
ニオ	-13.140063
▁イライラ	-13.140141
Uni	-13.140235
指す	-13.140272
▁膨ら	-13.140333
UM	-13.140353
病人	-13.140936
トコ	-13.141078
早め	-13.141325
プライベート	-13.141756
ファッション	-13.141800
アリバイ	-13.141801
うわさ	-13.141821
ブルーム	-13.141829
辛抱	-13.141869
砕け	-13.142120
豚肉	-13.142173
よけ	-13.142192
▁鎌	-13.142230
▁スーダン	-13.142540
▁カウンセリング	-13.142588
▁無礼	-13.142716
▁ディラン	-13.142755
▁88	-13.142812
▁主流	-13.142864
▁ひど	-13.142889
膨ら	-13.142889
クルミ	-13.142913
リィ	-13.142949
従順	-13.142958
課長	-13.142958
▁そびえ	-13.142966
四半	-13.143043
▁通わせ	-13.143116
ain	-13.143247
za	-13.143262
▁グマ	-13.143436
▁勾	-13.143492
▁反復	-13.143516
BO	-13.143681
しゃべり	-13.143697
ath	-13.143744
85%	-13.143889
紋	-13.144082
喩	-13.144121
踵	-13.144135
迂	-13.144139
▁カヤファ	-13.144141
▁備蓄	-13.144141
カクテル	-13.144141
▁ぼっ発	-13.144142
hilippines	-13.144144
▁ぬれ	-13.144174
▁CDC	-13.144194
▁菌類	-13.144259
身長	-13.144355
ストック	-13.144410
▁book	-13.144440
▁癒し	-13.144462
▁勝て	-13.144506
トマト	-13.144517
▁いだか	-13.144530
ひろ	-13.144628
▁血清	-13.144667
▁論証	-13.144731
飛び降り	-13.144803
▁一撃	-13.145091
▁3,6	-13.145097
▁生き残れる	-13.145235
引き継ぐ	-13.145237
イチゴ	-13.145559
一面	-13.145584
監獄	-13.145634
ought	-13.146090
▁小惑星	-13.146169
▁封鎖	-13.146193
▁ほお	-13.146265
▁カバン	-13.146268
▁膨張	-13.146269
▁したがい	-13.146276
▁サーフィン	-13.146278
洗う	-13.146442
円筒	-13.146735
▁ケルト	-13.146768
▁元気づける	-13.146945
エコー	-13.147060
フォト	-13.147113
まけ	-13.147322
▁トカゲ	-13.147338
▁37,38	-13.147477
▁切り替え	-13.147589
▁蒸	-13.147662
▁敵する	-13.147737
競合	-13.147832
▁フォーマ	-13.147852
▁Post	-13.147911
擬	-13.147923
釘	-13.147937
バウアー	-13.147950
フラット	-13.147981
費やす	-13.148015
真夜中	-13.148046
離れ去	-13.148104
農民	-13.148126
▁オーロラ	-13.148136
▁連結	-13.148154
ガニ	-13.148207
シルク	-13.148219
▁肝心	-13.148226
▁枕	-13.148236
危う	-13.148269
都会	-13.148274
▁好か	-13.148400
暴動	-13.148534
▁言い換える	-13.148559
▁GN	-13.148593
▁親類	-13.148781
▁off	-13.148901
タリング	-13.148930
▁激励	-13.149041
▁躍らせ	-13.149159
▁ハッキング	-13.149261
づき	-13.149384
ムショ	-13.149914
染め	-13.149926
▁ドライ	-13.149980
畳	-13.150014
▁管区	-13.150185
津	-13.150214
塀	-13.150237
賦	-13.150237
▁スロベニア	-13.150238
▁コウノトリ	-13.150239
七面鳥	-13.150239
尖	-13.150240
▁樹脂	-13.150248
▁ミディアン	-13.150256
▁うなずけ	-13.150273
▁ゼウス	-13.150285
▁オスカー	-13.150296
アイランド	-13.150376
▁寄進	-13.150432
▁必ずや	-13.150540
呼び戻	-13.150688
ule	-13.150748
▁海抜	-13.150772
アップデート	-13.150798
▁サケ	-13.150921
アバ	-13.150948
ヴェイ	-13.151118
アルファ	-13.151228
▁死滅	-13.151237
▁つかさどる	-13.151446
▁ニコ	-13.151754
▁電磁	-13.151766
▁ほめる	-13.151804
▁呼び出さ	-13.151833
むる	-13.151856
▁極め	-13.152021
▁彫り	-13.152035
▁118	-13.152079
▁つきまと	-13.152126
▁ガウ	-13.152159
▁ふれ	-13.152363
紛	-13.152373
ピック	-13.152409
▁エゼ	-13.153093
サイク	-13.153275
▁権能	-13.153378
デラ	-13.153480
▁分かつ	-13.153554
NP	-13.153613
打ち上げ	-13.153658
▁ビック	-13.154002
明かす	-13.154099
牙	-13.154119
悲鳴	-13.154144
沖	-13.154164
握り	-13.154240
区画	-13.154297
交替	-13.154301
▁子守	-13.154412
調節	-13.154418
免なさい	-13.154429
▁パズル	-13.154503
ベルリン	-13.154627
▁UFO	-13.154634
▁4,6	-13.154757
トリウム	-13.154800
▁4,7	-13.155002
▁Da	-13.155176
偏見	-13.155211
▁おろし	-13.155219
ヤジ	-13.155418
加わる	-13.155436
デリ	-13.155876
ax	-13.155921
ラッカー	-13.156088
▁フェリシ	-13.156293
▁ペリシテ	-13.156374
▁酋長	-13.156374
エスケープ	-13.156380
フェイスブック	-13.156384
▁砂丘	-13.156446
▁補い	-13.156448
▁死別	-13.156473
▁位格	-13.156501
▁奇形	-13.156559
育つ	-13.156692
▁泊め	-13.156870
楽譜	-13.156924
und	-13.157036
▁放牧	-13.157167
▁断ち切る	-13.157214
▁刻み込	-13.157394
▁2,400	-13.157438
▁part	-13.157620
ッシング	-13.157691
きょう	-13.157737
▁すばや	-13.157796
▁鳴り響	-13.158044
くっつ	-13.158084
タイマー	-13.158222
▁騒動	-13.158247
▁瞑想	-13.158338
▁遅すぎ	-13.158755
▁差し上げ	-13.158914
逆ら	-13.158964
TO	-13.159114
▁飛躍	-13.159265
▁ブレイ	-13.159380
伯	-13.159470
重く	-13.159616
ki	-13.159955
▁くっつ	-13.160031
不平	-13.160166
▁味わわ	-13.160282
宣教	-13.160287
挑	-13.160296
▁返さ	-13.160331
膨張	-13.160388
侵攻	-13.160398
▁ブラックホール	-13.160500
憎悪	-13.160522
▁ぶつ	-13.160533
▁慣	-13.160544
▁賄賂	-13.160702
▁万歳	-13.160719
▁4.1	-13.160773
戦術	-13.160811
火災	-13.160812
願望	-13.160839
▁検事	-13.161092
▁ホリー	-13.161299
▁嫌わ	-13.161334
▁置換	-13.161409
上陸	-13.161518
ランディング	-13.161527
▁湿っ	-13.161647
▁突っ込	-13.161946
ウロ	-13.162162
dia	-13.162194
▁ささえ	-13.162231
▁作文	-13.162356
スイス	-13.162382
辱	-13.162506
▁延	-13.162522
胴	-13.162535
▁David	-13.162546
▁粘り強く	-13.162546
紐	-13.162546
セカンド	-13.162548
▁たくらみ	-13.162560
▁ジャスティン	-13.162565
▁Pictures	-13.162599
▁crea	-13.162617
▁インディアナ	-13.162639
▁注ぎ出し	-13.162671
バイル	-13.162678
▁塗装	-13.162680
,25)	-13.162693
キャッスル	-13.162717
▁肝	-13.162718
りんご	-13.162733
50,000	-13.162760
▁シャトル	-13.162782
ライセンス	-13.162807
▁斬	-13.162885
▁ブラシ	-13.162889
▁沼	-13.162956
▁逸し	-13.163116
▁逃走	-13.163223
▁併	-13.163326
グランド	-13.163371
▁レジー	-13.163421
fer	-13.163436
▁軍団	-13.163836
▁セールスマン	-13.163883
,45	-13.164049
▁2,5	-13.164072
▁鈍く	-13.164098
▁カサ	-13.164163
秘術	-13.164167
▁勝負	-13.164254
望め	-13.164434
美味	-13.164535
▁エコ	-13.164694
ters	-13.164966
問え	-13.165059
▁かけら	-13.165323
▁下部	-13.165346
▁ペイ	-13.165473
▁フッ	-13.165488
▁work	-13.165669
▁引き取	-13.165856
ode	-13.165866
巻き込む	-13.165916
IX	-13.166012
▁フロント	-13.166049
ルーシー	-13.166105
▁気流	-13.166442
▁懲らしめる	-13.166616
aku	-13.166705
バクテリア	-13.166706
予備	-13.166745
賃金	-13.166822
偽造	-13.166832
先祖	-13.166833
望ましい	-13.166837
確定	-13.166863
条約	-13.166903
贖	-13.166927
コネ	-13.166991
▁fe	-13.167040
良好	-13.167134
ッティング	-13.167178
▁食い止め	-13.167242
▁据える	-13.167548
▁カウント	-13.167866
引き金	-13.168032
▁形作る	-13.168083
▁新人	-13.168111
カナ	-13.168165
スチ	-13.168348
ハット	-13.168391
依	-13.168443
▁先駆	-13.168479
▁埋もれ	-13.168555
ルーサー	-13.168584
▁押しつけ	-13.168604
▁牛肉	-13.168632
婿	-13.168710
ブース	-13.168744
灌漑	-13.168753
▁メルボルン	-13.168757
▁火あぶり	-13.168757
冥	-13.168757
濁	-13.168757
霜	-13.168758
▁スリナム	-13.168760
▁生い立ち	-13.168760
▁院長	-13.168768
▁擁する	-13.168771
▁虫歯	-13.168884
▁きらい	-13.169194
を尊重	-13.169200
書式	-13.169252
▁ほうり出	-13.169500
アクセント	-13.169526
ye	-13.169559
▁とっく	-13.169687
▁きびしい	-13.169830
▁理屈	-13.169879
移る	-13.169930
加工	-13.170038
▁CO	-13.170046
配備	-13.170082
▁小道	-13.170132
捜し出し	-13.170153
▁つがい	-13.170197
デント	-13.170229
シェー	-13.170298
手放	-13.170340
,46	-13.170377
道義	-13.170592
レオン	-13.170654
採集	-13.170725
役者	-13.170840
▁マネ	-13.171057
▁クロアチア	-13.171379
▁課す	-13.171426
グズ	-13.171490
▁抑	-13.171561
▁悪者	-13.171575
ふた	-13.172004
背信	-13.172031
フット	-13.172151
初日	-13.172478
なけ	-13.172493
ness	-13.172729
▁Sam	-13.172976
オリジナル	-13.173016
勧告	-13.173017
イライラ	-13.173018
険	-13.173026
オリーブ	-13.173049
バッテリー	-13.173055
with	-13.173083
モーガン	-13.173170
財団	-13.173230
マインド	-13.173265
しめる	-13.173396
▁賜	-13.173414
ィーフ	-13.173420
▁08	-13.173475
▁ハドソン	-13.173498
商人	-13.173627
▁バルト	-13.173862
▁抱擁	-13.173931
▁MB	-13.173987
ごはん	-13.174002
▁くし	-13.174094
泊まり	-13.174120
手荒	-13.174241
▁ジョル	-13.174295
▁オム	-13.174297
SO	-13.174387
▁チル	-13.174465
沿い	-13.174477
つかむ	-13.174541
▁乏しく	-13.174642
メディ	-13.174837
▁言い争	-13.174864
ファックス	-13.174893
▁倒産	-13.174943
トレー	-13.174961
ヾ	-13.175007
馳	-13.175007
▁メロディー	-13.175009
プロフィール	-13.175009
肘	-13.175012
▁甘んじ	-13.175014
恩寵	-13.175026
▁メモリ	-13.175036
▁難儀	-13.175036
▁刈り込み	-13.175049
▁講師	-13.175096
▁めまい	-13.175135
▁アヘン	-13.175173
優る	-13.175207
▁兼	-13.175241
ving	-13.175376
べる	-13.175380
づめ	-13.175523
越す	-13.175645
消え失せ	-13.175749
▁付き添	-13.175799
av	-13.175841
取り返	-13.175948
シフ	-13.176003
ッケー	-13.176216
▁突き止める	-13.176327
ude	-13.176405
edit	-13.176460
サリー	-13.176749
▁飽	-13.176806
酔っ	-13.176843
柔らか	-13.176877
▁歌声	-13.176942
▁カルト	-13.176998
カメ	-13.177041
etc	-13.177114
感触	-13.177156
▁ベリー	-13.177256
▁飛び回	-13.177445
頼め	-13.177661
,39	-13.177846
▁マナー	-13.177858
ブロー	-13.177861
▁聡明	-13.178027
▁握り	-13.178104
延	-13.178742
▁締	-13.178823
ロジー	-13.178839
▁デブ	-13.178863
▁スレイ	-13.178938
盾	-13.179000
▁役立たず	-13.179211
燃やす	-13.179385
リモート	-13.179395
▁Lin	-13.179410
ソロモン	-13.179420
ソ連	-13.179589
イルカ	-13.179641
ディアン	-13.179810
強め	-13.179830
▁シャーリー	-13.179844
おばあちゃん	-13.179850
af	-13.180047
▁ウィー	-13.180195
▁ウイ	-13.180249
▁埋ま	-13.180515
ちび	-13.180805
もともと	-13.180942
att	-13.181081
▁時節	-13.181203
▁left	-13.181296
▁タスマニア	-13.181296
▁伊勢	-13.181296
▁奮い立た	-13.181296
堀	-13.181296
轢	-13.181296
▁サンクトペテルブルク	-13.181297
▁シエラレオネ	-13.181297
▁酩酊	-13.181297
賓	-13.181297
IBM	-13.181301
▁白血球	-13.181315
▁乳幼児	-13.181324
▁巡り	-13.181396
ダイナミック	-13.181433
掛	-13.181436
▁光合成	-13.181450
▁乙女	-13.181561
区切り	-13.181633
ラマ	-13.181762
▁ホモ	-13.181840
▁理念	-13.181898
▁デビー	-13.182036
取り込	-13.182060
▁通話	-13.182330
▁楽しさ	-13.182428
atch	-13.182619
陣痛	-13.182671
▁ショッピング	-13.182929
引き立て	-13.183030
orn	-13.183075
▁メリッサ	-13.183414
十二	-13.183476
▁牙	-13.183600
▁満ち足りる	-13.183813
▁バンダ	-13.184066
球体	-13.184322
▁遅すぎる	-13.184383
▁由々し	-13.184521
ウィキ	-13.184523
不死	-13.184547
para	-13.184647
五分	-13.184667
狂う	-13.184701
▁モーリス	-13.184765
つぐ	-13.184899
押し入	-13.184941
tic	-13.185031
接する	-13.185041
入れ墨	-13.185156
ゲリ	-13.185239
フレイ	-13.185465
脱ぐ	-13.185524
暦	-13.185729
ハルマゲドン	-13.185815
▁ウルグアイ	-13.185817
ボーイフレンド	-13.185818
細工	-13.185834
▁祖先	-13.185984
▁御名	-13.186031
ヘラ	-13.186069
▁締めくく	-13.186135
▁名古屋	-13.186192
▁飲み込	-13.186454
ラクション	-13.186487
アカイ	-13.186512
▁144	-13.186525
▁ヒッピー	-13.186583
▁持ち込み	-13.186761
▁昏睡	-13.186763
湧	-13.186781
SU	-13.187456
抜け出す	-13.187499
▁ターミナル	-13.187604
智	-13.187623
罷	-13.187624
阿	-13.187625
▁ニューギニア	-13.187626
▁ミャンマー	-13.187626
手口	-13.187664
降ろせ	-13.187675
警護	-13.187689
授かる	-13.187826
円盤	-13.187852
グレアム	-13.187854
▁返報	-13.187887
▁癒	-13.188014
▁よみがえり	-13.188152
▁ひょっとし	-13.188185
▁ヒューズ	-13.188238
▁むずかし	-13.188627
▁力強さ	-13.188643
▁待ち構え	-13.188741
全身	-13.188749
要約	-13.188758
▁前兆	-13.188767
▁大豆	-13.188980
イスト	-13.189180
憂	-13.189305
▁会わせ	-13.189383
▁お湯	-13.189444
惜し	-13.189946
▁112	-13.190082
墨	-13.190106
bject	-13.190154
ソウ	-13.190267
ヒール	-13.190298
入り込	-13.190314
融	-13.190352
▁打ち砕く	-13.190377
▁コリン	-13.190573
▁はいり	-13.190649
▁サマンサ	-13.190671
ズレ	-13.190742
志向	-13.191026
▁昇る	-13.191060
情け	-13.191061
するべきで	-13.191077
たど	-13.191253
▁添える	-13.191428
み言葉	-13.191434
ペコ	-13.191513
dr	-13.191569
宿命	-13.191712
▁引き上げる	-13.191871
やっつけ	-13.191930
gi	-13.192114
▁アイテム	-13.192203
ちがう	-13.192242
洗練	-13.192262
文脈	-13.192348
▁エンター	-13.192442
潔白	-13.192460
休息	-13.192486
衣服	-13.192486
▁貧弱	-13.192587
破産	-13.192744
当てはまる	-13.192938
▁歓ばせ	-13.192941
行儀	-13.192955
HIV	-13.192956
ジェント	-13.192991
行なう	-13.193173
増大	-13.193227
▁思い浮かべる	-13.193258
空軍	-13.193398
共犯	-13.193715
▁par	-13.193818
▁お昼	-13.193948
chi	-13.193949
覇	-13.193995
▁ヒエロニムス	-13.193995
▁ベネチア	-13.193995
▁ヤラベアム	-13.193995
▁嗅覚	-13.193995
朴	-13.193995
ハレルヤ	-13.193997
揉	-13.193997
▁ルイーズ	-13.194013
▁スーパーマーケット	-13.194016
▁副産物	-13.194021
▁コアラ	-13.194079
▁カルメン	-13.194098
債	-13.194098
▁リディア	-13.194124
▁辛抱強い	-13.194161
▁条例	-13.194174
▁合唱	-13.194215
食堂	-13.194251
▁低木	-13.194512
▁近視	-13.194561
マヌエル	-13.194573
▁Don	-13.194594
▁請け戻し	-13.194732
▁チョー	-13.194830
昇る	-13.194865
ルタン	-13.194942
earn	-13.194958
▁ののしる	-13.194971
▁93	-13.195196
▁嘆く	-13.195639
テア	-13.195751
▁カジノ	-13.195754
▁かき立てる	-13.195974
半ば	-13.195985
▁財団	-13.196089
▁運び込	-13.196270
ミリー	-13.196293
ッタリ	-13.196383
▁スペル	-13.196421
手話	-13.196450
亡き	-13.196461
ロビー	-13.196701
▁論点	-13.196740
▁ウィリー	-13.196815
▁傷付け	-13.197094
稼げる	-13.197156
▁サンサ	-13.197200
▁カミ	-13.197330
▁手袋	-13.197548
▁異論	-13.197548
ING	-13.197703
▁絶する	-13.197726
浮かび	-13.197849
ンガム	-13.197943
other	-13.198001
震える	-13.198004
▁ドゥー	-13.198124
▁干し	-13.198269
難民	-13.198270
tu	-13.198344
for	-13.198629
▁テス	-13.198660
スティーブ	-13.198661
退け	-13.198711
サウンド	-13.198746
杭	-13.198757
バビロン	-13.198762
探求	-13.198779
チェーン	-13.198815
▁グロー	-13.198857
毎晩	-13.198892
ネリー	-13.198901
▁ゲスト	-13.198967
お客さん	-13.198985
▁苛	-13.199018
かけら	-13.199052
頻度	-13.199126
周期	-13.199298
▁符号	-13.199343
▁紀	-13.199473
DP	-13.199474
▁聞こ	-13.199676
▁没	-13.199747
囲む	-13.199756
スポット	-13.199791
▁溶液	-13.200006
握手	-13.200287
▁マリオ	-13.200289
痴	-13.200342
稲	-13.200351
変形	-13.200458
▁退去	-13.200483
絞め	-13.200540
作曲	-13.200550
▁吸い込む	-13.200610
派閥	-13.200654
▁ブレンダ	-13.200678
▁ブランドン	-13.200680
伯父	-13.200749
意地	-13.200870
んご	-13.200913
▁乗り出し	-13.200947
ペラ	-13.200953
ードゥー	-13.200982
ティエ	-13.201081
▁ロッキー	-13.201130
nal	-13.201166
流出	-13.201229
しまえ	-13.201329
▁回想	-13.201428
▁形状	-13.201438
ラノ	-13.201464
偽証	-13.201483
シュミット	-13.201509
ボーナス	-13.201528
提供する	-13.201706
▁ちり	-13.201832
おろし	-13.201872
▁遅らせる	-13.201938
sec	-13.202024
tar	-13.202261
クラゲ	-13.202331
▁まとめる	-13.202364
エンジェル	-13.202366
dd	-13.202640
▁よそ者	-13.202676
前線	-13.202725
▁贈り	-13.202737
クリン	-13.202838
有り難	-13.202864
▁ぬぐい去る	-13.203169
Mac	-13.203203
▁cor	-13.203442
1999	-13.203515
▁ポリオ	-13.203520
ハンカチ	-13.203629
片付ける	-13.203684
▁グラフィック	-13.203763
▁取り付ける	-13.203800
切手	-13.203810
こなし	-13.203973
▁一文	-13.204226
▁好ん	-13.204270
▁枯渇	-13.204537
追従	-13.204543
▁Pla	-13.204687
▁トビ	-13.204791
hy	-13.205105
バロ	-13.205282
黙示録	-13.205291
ユーモア	-13.205359
投獄	-13.205403
インディアン	-13.205471
▁恐慌	-13.205490
たまたま	-13.205662
▁じみ	-13.205692
Time	-13.205697
活発	-13.205732
▁エンジニア	-13.205803
▁オーブン	-13.205804
▁107	-13.205818
先導	-13.206182
fore	-13.206356
輸入	-13.206439
均	-13.206619
前方	-13.206711
得られた	-13.206757
▁振り回	-13.206785
彗	-13.206856
カリキュラム	-13.206857
▁くちびる	-13.206858
▁曲がりくね	-13.206858
帥	-13.206858
ディズニー	-13.206860
亀裂	-13.206861
不良	-13.206866
▁脱ぎ捨て	-13.206874
スクエア	-13.206876
テクニック	-13.206876
▁穂	-13.206910
▁競馬	-13.206915
愚弄	-13.206952
▁モレ	-13.206966
▁グアム	-13.207063
▁ボード	-13.207072
耐	-13.207111
▁ステーキ	-13.207121
▁拠点	-13.207129
▁レニー	-13.207264
▁振る舞	-13.207268
▁握る	-13.207289
▁浮かび上が	-13.207400
▁溺れ	-13.207479
切り取	-13.207507
▁幅広い	-13.207569
ドラム	-13.207575
▁ギブ	-13.207947
▁眠気	-13.208005
RC	-13.208261
ハーイ	-13.208261
起こせ	-13.208365
アミン	-13.208533
▁深海	-13.208544
▁二重	-13.208755
▁実演	-13.208786
▁会報	-13.209052
KO	-13.209060
ens	-13.209162
▁きたす	-13.209190
▁スキャ	-13.209338
遠ざかり	-13.209678
▁キャロライ	-13.209722
外せ	-13.209830
▁転覆	-13.210030
▁買い取	-13.210062
み使い	-13.210108
ドナー	-13.210214
▁パルーシア	-13.210250
MB	-13.210289
▁偉力	-13.210398
▁検証	-13.210580
委	-13.210628
▁桁	-13.210711
▁お菓子	-13.210742
▁休め	-13.210865
than	-13.211024
▁陶酔	-13.211025
▁格子	-13.211182
▁作り上げる	-13.211319
手間	-13.211425
▁スタジ	-13.211658
メンテ	-13.211720
味わわせ	-13.211797
▁闘技	-13.211819
桃	-13.211829
レバノン	-13.211870
王妃	-13.211897
依然	-13.211926
雑草	-13.211930
敏感	-13.212030
灰色	-13.212060
▁酔っ払	-13.212096
ブッシュ	-13.212123
ウイン	-13.212147
▁工作	-13.212310
スマート	-13.212326
▁さっぱり	-13.212538
▁ナッツ	-13.212568
▁バイブル	-13.213073
▁揺るが	-13.213087
▁乱し	-13.213125
調理	-13.213132
▁エフライム	-13.213351
▁エラスムス	-13.213351
ダイレクト	-13.213351
▁識字	-13.213352
排せつ	-13.213367
▁独りぼっち	-13.213376
80%	-13.213396
▁立ち向かえる	-13.213418
▁ダグラス	-13.213439
▁精製	-13.213512
▁近ごろ	-13.213537
討ち	-13.213575
すみ	-13.213576
bar	-13.213582
▁ベイリー	-13.213587
挟ま	-13.213608
▁打ち込む	-13.213656
恩人	-13.213679
錯誤	-13.213789
▁1500	-13.213850
食らえ	-13.213881
▁SF	-13.213895
エバ	-13.213984
▁グルー	-13.214024
メーデー	-13.214161
衣食住	-13.214175
FT	-13.214265
▁コンドーム	-13.214305
▁変種	-13.214323
▁サイコ	-13.214395
▁吐く	-13.214583
めろ	-13.214772
立ち向かう	-13.214799
つきあ	-13.214838
ビエル	-13.214869
▁オクラホマ	-13.214937
ウジ	-13.215208
会長	-13.215265
じけ	-13.215405
▁エコノミスト	-13.215419
ベルク	-13.215448
オメガ	-13.215468
▁イラ	-13.215513
▁教材	-13.215521
ハイパー	-13.215625
MRI	-13.215728
張ら	-13.215765
受け取れ	-13.215788
▁三日	-13.215883
▁116	-13.216098
守れる	-13.216207
測る	-13.216222
▁大空	-13.216240
▁麦	-13.216403
形作	-13.216468
▁』"	-13.216826
▁デラ	-13.216866
▁説き	-13.216950
▁2,6	-13.217113
野心	-13.217172
用品	-13.217195
iro	-13.217505
新車	-13.217588
so	-13.217637
▁そむ	-13.217683
成り	-13.217794
▁カリー	-13.217797
une	-13.218175
▁真っ暗	-13.218292
▁マフィア	-13.218362
スピーカー	-13.218474
|	-13.218479
早かれ	-13.218481
コウモリ	-13.218485
推薦	-13.218489
▁貯蓄	-13.218513
討論	-13.218513
グレン	-13.218542
是	-13.218543
廊下	-13.218554
ley	-13.218575
強烈	-13.218659
カバン	-13.218808
コンテスト	-13.218877
不滅	-13.218976
df	-13.218998
障り	-13.219041
セオ	-13.219077
交代	-13.219144
シェン	-13.219185
耐え忍べ	-13.219228
デブ	-13.219267
▁cha	-13.219317
▁手のひら	-13.219563
解き明か	-13.219642
mal	-13.219686
缶詰	-13.219762
▁シャンパン	-13.219802
ied	-13.219820
漕	-13.219850
ウミガメ	-13.219888
▁激しさ	-13.219893
プロセッサ	-13.219894
▁干し草	-13.219906
イト	-13.219913
▁テッサ	-13.219924
乗り込	-13.219951
ヘマ	-13.220044
ボリック	-13.220078
▁may	-13.220106
▁腐食	-13.220157
epartment	-13.220169
▁雑用	-13.220204
LI	-13.220216
▁1879	-13.220279
含み	-13.220335
反する	-13.220449
スイート	-13.220544
手袋	-13.220674
RI	-13.220694
▁鋳	-13.220911
減ら	-13.221063
ouse	-13.221211
▁128	-13.221257
arm	-13.221329
▁入り込み	-13.221386
use	-13.221402
rain	-13.221626
▁バーク	-13.221652
▁精度	-13.221696
清める	-13.221705
気温	-13.221737
▁観衆	-13.221824
▁見定め	-13.221851
▁好物	-13.221880
集結	-13.221933
モラル	-13.221990
▁ごまか	-13.222053
行進	-13.222179
▁差し控える	-13.222185
eng	-13.222210
ジェンダー	-13.222239
▁濡れ	-13.222479
▁硝	-13.222548
ef	-13.222721
▁縄	-13.222911
みえる	-13.223056
保ち	-13.223321
ポニー	-13.223451
▁ハッチ	-13.223557
成り立	-13.223793
▁葛藤	-13.223810
▁楕円	-13.223838
▁配分	-13.223874
▁ジオグラフィック	-13.223908
▁早かれ	-13.224043
▁カウンター	-13.224114
マーサ	-13.224419
▁国歌	-13.224442
高き	-13.224443
▁語りかける	-13.224516
オモ	-13.224586
▁風力	-13.224747
▁明か	-13.224754
引き寄せ	-13.224843
二番	-13.224939
ばん	-13.225025
竜	-13.225117
悲	-13.225118
サンドイッチ	-13.225135
ネックレス	-13.225143
いちばん	-13.225164
メガネ	-13.225175
業績	-13.225180
臨床	-13.225203
シールド	-13.225367
エリック	-13.225385
▁法規	-13.225488
ステラ	-13.225595
追い出す	-13.225890
フライト	-13.226170
イライト	-13.226374
傭	-13.226465
舷	-13.226465
蛍	-13.226465
▁イナゴ	-13.226466
▁ナホム	-13.226466
▁ペニシリン	-13.226466
▁ラオデキア	-13.226466
▁披露宴	-13.226466
▁訓育	-13.226466
紗	-13.226466
ぶちまけ	-13.226485
▁行き過ぎ	-13.226498
▁グロリア	-13.226499
▁起伏	-13.226522
▁激減	-13.226531
▁きらめき	-13.226707
▁クリスティン	-13.226724
アベ	-13.226809
やり遂げる	-13.226922
セテ	-13.226924
▁大麻	-13.226994
▁モリ	-13.227030
生み	-13.227098
▁縄張	-13.227166
▁ナトリウム	-13.227330
▁サウンド	-13.227458
こも	-13.227628
ンガー	-13.227772
移す	-13.227921
落下	-13.227941
レーヌ	-13.227943
▁あがめる	-13.228041
▁ジョーン	-13.228216
漂流	-13.228434
汝ら	-13.228449
ブレード	-13.228500
実績	-13.228529
▁ビーズ	-13.228584
▁性教育	-13.228740
乗り切	-13.229000
▁拾い	-13.229155
▁サンド	-13.229245
甚だしい	-13.229311
きつく	-13.229339
カルト	-13.229344
づくり	-13.229347
ゲラー	-13.229450
視聴	-13.229484
むく	-13.229902
▁くしゃみ	-13.229927
DD	-13.229937
▁サウジアラビア	-13.230024
要する	-13.230041
拭い	-13.230350
ung	-13.230388
▁受容	-13.230551
▁ノン	-13.230641
間柄	-13.230679
▁探し出す	-13.230688
五十	-13.230735
▁見上げ	-13.230753
▁あば	-13.230835
▁悠	-13.231117
苦い	-13.231216
まさか	-13.231275
▁股	-13.231412
アンディ	-13.231452
リンド	-13.231569
しかも	-13.231665
プライバシー	-13.231867
わざわざ	-13.231874
ぎれ	-13.231887
▁福	-13.231903
系統	-13.231933
▁均等	-13.232089
▁沈没	-13.232103
▁バク	-13.232114
▁誇示	-13.232240
ole	-13.232653
墓地	-13.232713
▁打ち破	-13.232888
ジャム	-13.233052
Office	-13.233088
▁エスカレート	-13.233088
▁フェルナンド	-13.233088
▁騒乱	-13.233088
妬	-13.233091
向き合う	-13.233103
▁クリスティーナ	-13.233109
騒ぐ	-13.233133
ミッチェル	-13.233158
国土	-13.233164
▁ティベリ	-13.233173
▁請い求め	-13.233194
▁ガイオ	-13.233271
▁布教	-13.233275
ベンチ	-13.233366
▁彫	-13.233607
ペレ	-13.233653
▁疎	-13.233741
標本	-13.234099
ony	-13.234101
▁帝王	-13.234183
従わせ	-13.234437
▁真価	-13.234617
▁相次	-13.234670
▁無能	-13.234676
▁聖典	-13.234916
光線	-13.234936
スタジ	-13.234957
quest	-13.235093
締	-13.235168
フィア	-13.235233
▁ヘラクレ	-13.235256
▁争う	-13.235323
▁悪口	-13.235332
▁フロー	-13.235442
Net	-13.235526
可決	-13.235611
ケイト	-13.235643
ごみ	-13.235704
剥が	-13.235851
▁0.5	-13.235884
ボケ	-13.235895
▁プレッシャー	-13.236105
テリー	-13.236109
350	-13.236128
チリ	-13.236217
▁セーター	-13.236256
▁ジェス	-13.236332
潜り	-13.236351
▁ライラ	-13.236605
CS	-13.236702
▁演じる	-13.236794
ダーク	-13.236817
ries	-13.236843
▁点字	-13.237108
適切に	-13.237133
年老い	-13.237201
突進	-13.237392
▁パート	-13.237499
TU	-13.237782
分かりやす	-13.238102
ービー	-13.238237
桜	-13.238588
解剖	-13.238614
オオカミ	-13.238620
▁収まる	-13.238650
胎児	-13.238688
莫大	-13.238782
翌日	-13.239088
自制	-13.239225
▁スタニス	-13.239641
sed	-13.239643
Pre	-13.239680
呆	-13.239753
ä	-13.239754
▁プトレマイオス	-13.239755
▁憲章	-13.239755
孵	-13.239755
▁おののき	-13.239769
▁諭さ	-13.239773
NC	-13.239781
▁夕べ	-13.239809
▁磨	-13.239817
▁カンニング	-13.239823
ペディア	-13.239844
▁インド洋	-13.239850
▁アーモンド	-13.239872
メロン	-13.239877
ーヤー	-13.239944
▁冬眠	-13.240008
夕方	-13.240027
復旧	-13.240401
▁歩調	-13.240403
▁太り過ぎ	-13.240575
▁子犬	-13.240577
に関連する	-13.240630
ワッ	-13.240631
▁沖合	-13.240645
▁ご主人様	-13.240667
来年	-13.240706
きたり	-13.240761
▁匂い	-13.240888
染	-13.241125
▁ティナ	-13.241217
▁ベニー	-13.241236
▁シラ	-13.241416
▁思い描く	-13.241490
いえる	-13.241883
▁あおる	-13.242210
▁セントラル	-13.242328
善人	-13.242473
全う	-13.242525
▁立ち去る	-13.242909
▁招き入れ	-13.243304
▁By	-13.243307
▁ラブ	-13.243492
ski	-13.243591
▁出せる	-13.243616
▁ボウ	-13.243885
▁モロッコ	-13.243959
▁思い煩う	-13.243971
▁性器	-13.244019
心地よく	-13.244023
▁遣	-13.244064
▁para	-13.244287
肝	-13.244313
納め	-13.244431
FS	-13.244659
一例	-13.244861
ommand	-13.245158
▁立ち上	-13.245168
活躍	-13.245423
困惑	-13.245435
エレミヤ	-13.245438
▁決めつけ	-13.245446
悪者	-13.245461
改造	-13.245478
ハッピー	-13.245487
後退	-13.245500
外見	-13.245541
▁カモ	-13.245921
▁シェフ	-13.246141
書斎	-13.246226
純一	-13.246341
▁煮え	-13.246347
屑	-13.246464
▁Australia	-13.246466
クウェート	-13.246466
▁France	-13.246467
▁くぼみ	-13.246467
▁オネシモ	-13.246467
▁押しひし	-13.246467
▁控訴	-13.246467
獅子	-13.246468
▁トゥデー	-13.246491
サンゴ	-13.246536
▁サモア	-13.246564
▁思い切	-13.246603
▁執着	-13.246650
ステン	-13.246675
▁惑	-13.246715
▁エリート	-13.246754
▁かぶと	-13.246991
▁弾頭	-13.247371
悪意	-13.247438
▁過多	-13.247500
▁ユリ	-13.247806
▁ドリル	-13.247807
ussia	-13.247875
工事	-13.248035
▁取り壊	-13.248125
gro	-13.248383
▁ツリー	-13.248385
ベータ	-13.248418
▁出動	-13.248551
通行	-13.248697
減速	-13.248726
▁ツー	-13.248842
▁有望	-13.249083
▁ポリネシア	-13.249101
ワナ	-13.249204
Wind	-13.249291
▁220	-13.249333
国立	-13.249530
▁マニュアル	-13.249705
デリック	-13.249780
命じる	-13.249874
▁コカ	-13.250135
作法	-13.250149
数多く	-13.250252
▁ベーコン	-13.250280
rand	-13.250345
▁アシュ	-13.250402
▁選べ	-13.250512
▁あこがれ	-13.250595
フスキー	-13.250707
原発	-13.250749
会員	-13.250750
▁紡	-13.250878
▁God	-13.250899
トビー	-13.251040
▁焼き払	-13.251120
▁チョコ	-13.251765
▁猶	-13.251768
▁too	-13.251858
バーティ	-13.251871
トーン	-13.252029
コスタ	-13.252167
褐	-13.252240
ビオ	-13.252241
ジャーナリスト	-13.252273
告訴	-13.252290
静脈	-13.252319
▁パイプライン	-13.252332
修め	-13.252473
最強	-13.252474
存続	-13.252503
▁教職	-13.252614
解消	-13.252751
大罪	-13.252954
▁ルーム	-13.252972
▁噛み	-13.252988
訓	-13.252988
▁エッサイ	-13.253223
▁シマウマ	-13.253223
▁奔流	-13.253223
混沌	-13.253224
撫	-13.253225
マソラ	-13.253227
▁祈とう	-13.253241
▁胎盤	-13.253258
ダチ	-13.253263
▁オークランド	-13.253263
治す	-13.253298
▁インディア	-13.253320
▁木造	-13.253327
▁書き写	-13.253363
▁改装	-13.253368
べん	-13.253395
▁横たえ	-13.253490
脱穀	-13.253535
▁グレート	-13.253549
▁働け	-13.253627
▁手口	-13.253653
ファンド	-13.253822
メルリン	-13.253902
▁下劣	-13.253908
抑える	-13.253919
▁辞職	-13.254215
レータ	-13.254316
王者	-13.254359
▁キリ	-13.254783
ふく	-13.254942
▁一式	-13.254989
▁思い描	-13.255102
▁そしり	-13.255252
ソロ	-13.255417
ッピング	-13.255450
▁珍	-13.255946
うなず	-13.255974
頂上	-13.256482
黄	-13.256644
溺	-13.256713
斜め	-13.256793
マニー	-13.256799
▁キャリア	-13.257047
かっこ	-13.257124
▁醸	-13.257145
お似合い	-13.257145
摂理	-13.257211
ミュージ	-13.257213
▁イチ	-13.257243
歩兵	-13.257252
デット	-13.257313
▁さえぎ	-13.257432
下落	-13.257480
▁スペン	-13.257867
ぴん	-13.257995
小銭	-13.258026
▁ツアー	-13.258259
▁ぶつけ	-13.258351
FA	-13.258460
ウィット	-13.258633
適切	-13.258636
ダード	-13.258666
▁引きず	-13.258931
▁pri	-13.259013
rec	-13.259046
おごり	-13.259059
コンサルタント	-13.259152
▁買収	-13.259153
パキスタン	-13.259171
ソーシャル	-13.259174
滅亡	-13.259177
退廃	-13.259211
オーディオ	-13.259214
▁回す	-13.259231
経費	-13.259285
ular	-13.259291
▁見倣え	-13.259360
迷路	-13.259364
北極	-13.259562
▁バスケットボール	-13.259589
売り物	-13.259602
会談	-13.259611
チャット	-13.259621
GI	-13.259733
▁飛ばし	-13.259869
アドレナリン	-13.260025
吃	-13.260025
▁California	-13.260026
▁アルテミス	-13.260026
▁エホヤキム	-13.260026
プロデューサー	-13.260026
▁偏狭	-13.260035
▁よじ登	-13.260040
▁序文	-13.260063
▁バークレー	-13.260079
▁ニッキー	-13.260086
▁ダリウス	-13.260107
▁サンダル	-13.260133
▁うかがえ	-13.260171
▁ビーバー	-13.260205
少々	-13.260220
▁論ずる	-13.260270
▁アッシュ	-13.260409
づかい	-13.260455
▁紛	-13.260531
▁病弱	-13.260545
▁満月	-13.260717
▁06	-13.260767
ヘレナ	-13.260889
呑み	-13.261180
リエ	-13.261326
エヴァン	-13.261554
ピート	-13.261647
nadi	-13.261745
贈与	-13.261913
▁レナー	-13.262112
ダニー	-13.262132
ンシャル	-13.262249
edu	-13.262263
デリア	-13.262412
▁力説	-13.262648
着せ	-13.262694
▁ステーション	-13.262699
▁移り住	-13.262725
▁本名	-13.262755
▁封	-13.262774
tab	-13.262841
▁スプーン	-13.262928
被る	-13.263173
取りま	-13.263399
CH	-13.263628
▁曲線	-13.263740
撮れ	-13.263833
▁踏み入れ	-13.263885
結びつ	-13.263901
感心	-13.263926
▁レシピ	-13.263932
▁ミア	-13.263949
振舞	-13.264185
ラリー	-13.264208
供え	-13.264267
レンス	-13.264338
wor	-13.264555
▁113	-13.264746
やりとり	-13.265019
パト	-13.265136
イオン	-13.265179
▁ウルガ	-13.265233
食塩	-13.265468
西洋	-13.265611
▁漢字	-13.265829
自責	-13.265961
アンドリア	-13.265987
ative	-13.266040
搭載	-13.266089
マリファナ	-13.266123
昆虫	-13.266127
ジャングル	-13.266150
ナット	-13.266154
ナショナル	-13.266174
清潔	-13.266188
民衆	-13.266281
響く	-13.266307
▁解答	-13.266381
止まれ	-13.266386
専念	-13.266419
あり得る	-13.266443
大衆	-13.266494
立ち止ま	-13.266521
オペラ	-13.266567
▁疑え	-13.266660
▁25,26)	-13.266778
▁テルトゥリアヌス	-13.266875
播	-13.266875
Micro	-13.266915
▁ミラノ	-13.266944
▁テト	-13.266958
▁ボスニア	-13.266992
▁ジェイミー	-13.267033
上限	-13.267081
▁朝日	-13.267122
軍団	-13.267141
大きすぎ	-13.267148
▁コック	-13.267239
ティナ	-13.267256
Print	-13.267421
▁イコン	-13.267457
カノ	-13.267532
▁負い目	-13.267541
通り過ぎ	-13.267553
MR	-13.267670
逆らう	-13.267722
マーズ	-13.267841
咎め	-13.267852
▁シェバ	-13.267853
▁ミラ	-13.267854
立ちはだか	-13.268020
Str	-13.268027
バッハ	-13.268233
ジュア	-13.268302
パール	-13.268339
法王	-13.268433
▁券	-13.268463
▁フルーツ	-13.268490
▁姫	-13.268589
zer	-13.268685
デイヴィ	-13.268789
ランダ	-13.268825
ザカリ	-13.268922
▁コーナー	-13.268970
トロフィー	-13.269043
ンティック	-13.269159
▁持ち場	-13.269163
岐	-13.269339
ワール	-13.269373
BR	-13.269423
▁方策	-13.269482
▁サイレン	-13.269485
▁clo	-13.269496
背面	-13.269606
収束	-13.269608
▁ラク	-13.269637
ネギ	-13.269640
グス	-13.269877
不全	-13.270075
▁省略	-13.270164
▁しつこ	-13.270165
▁滅ぼし尽く	-13.270433
ヒド	-13.270501
tom	-13.270753
▁サクラメント	-13.270784
▁実状	-13.270915
▁チェン	-13.271096
ign	-13.271103
▁フェイ	-13.271105
▁呼び寄せ	-13.271185
心得	-13.271370
999	-13.271497
uh	-13.271548
▁ローリ	-13.271707
▁フランツ	-13.271884
▁構想	-13.271989
▁エディー	-13.272033
のけ者	-13.272161
乗り込む	-13.272249
▁フォース	-13.272302
▁ふく	-13.272387
▁くみ	-13.272485
ドウィン	-13.272575
耕し	-13.272664
を認識し	-13.272755
散り	-13.272889
打ち合わせ	-13.272949
沼	-13.273071
TC	-13.273097
めちゃくちゃ	-13.273101
鉛	-13.273101
柔軟	-13.273108
麻酔	-13.273112
▁深ま	-13.273126
油そそ	-13.273137
模型	-13.273139
耐え忍び	-13.273154
献身	-13.273195
臣	-13.273202
きわめて	-13.273209
原始	-13.273213
引き続き	-13.273298
陸軍	-13.273303
ert	-13.273437
諭	-13.273450
▁シルバー	-13.273529
▁プレー	-13.273665
▁歩め	-13.273763
縋	-13.273768
侯	-13.273770
▁キャッサバ	-13.273771
▁プリスキラ	-13.273771
▁ベタニヤ	-13.273771
✔	-13.273771
膿	-13.273773
▁ヨハネスブルク	-13.273782
▁ナイトクラブ	-13.273788
淑女	-13.273831
スチール	-13.273840
▁取り乱	-13.273849
内科	-13.273852
▁純真	-13.273913
▁防護	-13.273917
▁イブ	-13.273920
ated	-13.273929
▁殺菌	-13.274141
呪物	-13.274151
▁打ちたたき	-13.274159
▁シャチ	-13.274204
創世	-13.274671
ヘア	-13.274674
▁09	-13.274750
ようやく	-13.274902
クリケット	-13.275260
ケラ	-13.275373
▁知り合う	-13.275559
0.5	-13.275569
シミ	-13.275652
▁舞い上が	-13.275753
▁メルキゼデク	-13.275764
イタ	-13.275936
モーション	-13.276003
▁太り	-13.276037
響き	-13.276047
▁離せ	-13.276086
レツ	-13.276448
▁不在	-13.276483
▁得損な	-13.276854
リーニ	-13.276867
▁スン	-13.277062
アルト	-13.277181
1997	-13.277366
▁Not	-13.277371
ようがない	-13.277398
起こりうる	-13.277405
トレース	-13.277445
器用	-13.277445
▁大砲	-13.277502
ben	-13.277503
ric	-13.277616
ビッグバン	-13.277668
▁ビジター	-13.277723
eh	-13.277732
ッセン	-13.277835
▁未遂	-13.277854
▁告	-13.277855
ミッド	-13.277874
▁メディ	-13.278063
▁ベッキ	-13.278090
書物	-13.278095
▁崩れ落ち	-13.278167
▁愚	-13.278571
まんま	-13.278682
▁踏みつけ	-13.278701
▁マレー	-13.278771
▁店主	-13.278785
グッ	-13.279117
LS	-13.279125
▁サミー	-13.279125
景気	-13.279132
AW	-13.279142
▁アト	-13.279204
張る	-13.279315
▁つかさど	-13.279393
RY	-13.279409
セルフ	-13.279530
▁役所	-13.279597
▁フィルター	-13.279756
つかまえ	-13.279804
復習	-13.279804
▁平面	-13.279883
ノミ	-13.279962
吸血鬼	-13.280128
▁パンク	-13.280130
窃盗	-13.280137
つなぐ	-13.280161
待ち伏せ	-13.280176
疑わしい	-13.280187
えぐ	-13.280209
▁竜巻	-13.280284
モーター	-13.280475
ウィンター	-13.280578
public	-13.280713
▁Digital	-13.280716
禽	-13.280716
▁計り事	-13.280717
▁グリッ	-13.280776
▁しがみつ	-13.280835
▁終局	-13.280849
やむ	-13.280869
▁製剤	-13.280936
キャニオン	-13.281028
▁享	-13.281034
▁思い違い	-13.281083
バッファ	-13.281117
▁破たん	-13.281157
▁毒素	-13.281214
▁サーシャ	-13.281230
▁荷造り	-13.281249
注入	-13.281281
▁落ち込む	-13.281337
▁ロベルト	-13.281344
▁威力	-13.281386
▁Mi	-13.281391
als	-13.281423
▁別名	-13.281500
▁Car	-13.281502
▁退役	-13.281565
引き出す	-13.281579
▁宝庫	-13.281580
▁恥じる	-13.281593
▁貴い	-13.281635
石灰岩	-13.281751
チョー	-13.281798
乗り換え	-13.281864
ption	-13.281874
▁お兄	-13.281880
ones	-13.281905
▁day	-13.281907
▁ジョイ	-13.281915
強調表示	-13.281958
ジャズ	-13.281972
▁結成	-13.281973
▁育て上げ	-13.282008
▁光学	-13.282063
▁映り	-13.282133
▁翻	-13.282190
▁交わす	-13.282475
▁SS	-13.282495
▁守り行な	-13.282547
▁締め出さ	-13.282571
踏ん	-13.282712
▁マーシー	-13.282767
▁まがい	-13.283089
老い	-13.283161
とどまる	-13.283175
▁量り	-13.283263
▁散布	-13.283509
滅びる	-13.283566
レア	-13.283607
サンプ	-13.283686
ヴィエ	-13.283691
かえって	-13.283692
▁ウール	-13.283751
0%	-13.283850
▁奏者	-13.283887
cle	-13.283930
▁閉じこも	-13.283984
▁カーティ	-13.284070
▁はさみ	-13.284279
▁yo	-13.284475
▁ビジョン	-13.284594
900	-13.284729
そら	-13.284798
茎	-13.285264
▁国教	-13.285283
許せ	-13.285403
述べる	-13.285452
引き渡	-13.285576
CR	-13.285699
解き放	-13.285931
▁選べる	-13.286024
▁どもる	-13.286028
▁am	-13.286185
カラス	-13.286212
フリン	-13.286247
向かえ	-13.286397
卓	-13.286535
メシア	-13.286694
最上	-13.286723
▁270	-13.286760
▁覆い隠し	-13.286942
味わい	-13.287087
歓喜	-13.287252
コカイン	-13.287291
標識	-13.287310
▁キャット	-13.287315
斬	-13.287324
仕打ち	-13.287387
▁微笑	-13.287390
討	-13.287391
匿名	-13.287492
あえて	-13.287521
ほとばし	-13.287708
▁エリサベツ	-13.287709
▁テネシー	-13.287709
▁粘り強さ	-13.287709
坦	-13.287709
Å	-13.287710
▁身ごも	-13.287741
▁深遠	-13.287804
寸法	-13.287820
▁10,12	-13.287859
▁掛かり	-13.287861
▁断ち	-13.287864
▁恥ずかしが	-13.287880
近づける	-13.287928
▁習性	-13.287958
▁断層	-13.287960
▁農薬	-13.288037
ハードディスク	-13.288049
SV	-13.288077
▁割れ目	-13.288160
対面	-13.288219
▁シェー	-13.288253
ジョンソン	-13.288271
▁がまん	-13.288361
▁マウント	-13.288542
▁胸部	-13.288605
▁ブッ	-13.288613
wan	-13.288692
▁悪習	-13.288827
▁培養	-13.288864
▁ウィーク	-13.288936
表明	-13.288939
▁自白	-13.288940
ウエスト	-13.288954
▁ディック	-13.289045
▁短所	-13.289179
▁下降	-13.289344
▁のしかか	-13.289371
脱げ	-13.289497
タブレット	-13.289570
▁Tw	-13.289687
▁スキャンダル	-13.289861
aut	-13.290070
Maps	-13.290199
ズィ	-13.290446
立ち上がる	-13.290466
▁絶つ	-13.290506
▁アガペー	-13.290663
たずね	-13.290732
落ち着か	-13.290835
来させ	-13.291125
寄せる	-13.291257
▁Qu	-13.291268
▁立ち去り	-13.291283
▁エミー	-13.291308
みえ	-13.291403
▁殴る	-13.291535
▁働ける	-13.291583
ith	-13.291708
宛	-13.291775
▁カンザス	-13.291804
ディック	-13.291827
▁はぎ取	-13.291892
▁ドミニク	-13.292121
▁経緯	-13.292151
▁ハラン	-13.292159
▁おおい	-13.292394
ator	-13.292399
▁やり直し	-13.292513
リッツ	-13.292718
▁あわて	-13.292835
ami	-13.292836
ムント	-13.292849
▁31,32)	-13.292906
▁空前	-13.292965
ギンズ	-13.292980
▁洗浄	-13.292994
憤	-13.292998
カーラ	-13.293090
妨げる	-13.293093
ガチョウ	-13.293214
▁スパルタ	-13.293500
▁ふし	-13.293753
アーキ	-13.293915
▁ストップ	-13.293966
呑	-13.293978
楽しめる	-13.294058
原点	-13.294122
去れ	-13.294255
アレルギー	-13.294385
診療	-13.294390
スウェーデン	-13.294392
延長	-13.294434
敗北	-13.294456
技師	-13.294525
ポンプ	-13.294546
ほぐ	-13.294548
傾斜	-13.294572
果たして	-13.294583
臨終	-13.294674
ameroon	-13.294751
▁コペンハーゲン	-13.294751
仁	-13.294752
鳩	-13.294752
▁ウイリアム	-13.294753
ロウソク	-13.294755
▁ラファエル	-13.294808
愚痴	-13.294821
座れ	-13.294829
▁LSD	-13.294832
折り返し	-13.294911
均一	-13.294928
消え去	-13.294941
▁粉末	-13.294953
▁実態	-13.294979
▁奥底	-13.294990
▁群島	-13.295029
▁しぐさ	-13.295033
▁怯え	-13.295055
▁ブリー	-13.295070
ウエイ	-13.295202
▁アイロン	-13.295215
▁ブレイク	-13.295257
告ぐ	-13.295335
プログラマー	-13.295493
おはよう	-13.295578
▁依り頼め	-13.295734
クロード	-13.295744
▁供え	-13.295756
▁オーディ	-13.295763
▁埋め込	-13.295886
sg	-13.296150
エビ	-13.296394
▁大通り	-13.296612
築く	-13.296668
織り	-13.297262
▁ペトロ	-13.297345
振り向	-13.297513
▁名残	-13.297786
飛び込む	-13.298112
▁学位	-13.298258
▁モニター	-13.298277
ネラ	-13.298308
▁アンドルー	-13.298360
這	-13.298428
▁落書き	-13.298434
お守り	-13.298467
ゲス	-13.298595
一文	-13.298642
▁のがれる	-13.298719
物件	-13.298750
し合う	-13.298886
▁ダーシ	-13.298890
▁もろい	-13.298933
▁ふき	-13.299042
▁届ける	-13.299154
引きず	-13.299235
▁取り残	-13.299287
ランナー	-13.299308
きつい	-13.299370
▁ガム	-13.299406
思い込	-13.299468
治る	-13.299860
区切	-13.299966
sen	-13.299986
▁所在	-13.300307
ゲール	-13.300416
▁見落とし	-13.300446
▁増幅	-13.300674
すむ	-13.300821
▁酒場	-13.300947
▁来たら	-13.301397
ステーキ	-13.301591
ぶち壊	-13.301708
ヘルプ	-13.301735
マクロ	-13.301807
滑らか	-13.301807
シェパード	-13.301844
冶	-13.301844
サバンナ	-13.301846
▁片意地	-13.301867
▁甲虫	-13.301931
ペク	-13.302023
▁解き明かし	-13.302045
ello	-13.302112
点数	-13.302251
ビク	-13.302403
▁紫色	-13.302489
二重	-13.302557
▁大洋	-13.302664
▁長旅	-13.302686
▁wor	-13.302718
向かい合	-13.302748
遊べ	-13.302875
権勢	-13.302934
輸出	-13.302982
鎮圧	-13.303096
▁ツル	-13.303139
ボイ	-13.303153
精霊	-13.303241
器官	-13.303338
▁How	-13.303658
▁ドナ	-13.303783
ばたき	-13.303878
▁Ra	-13.303889
▁募金	-13.303942
猟師	-13.304004
ward	-13.304396
▁ベニン	-13.304500
▁バレー	-13.304658
崇める	-13.304667
▁炊	-13.304751
欲しがる	-13.305146
▁鍛え	-13.305160
デンバー	-13.305167
pace	-13.305281
慣れる	-13.305283
▁だまし取	-13.305298
▁シティ	-13.305320
アナニア	-13.305618
▁イエ	-13.305734
sun	-13.305925
マイト	-13.305984
▁今さら	-13.306053
晴らし	-13.306198
MD	-13.306431
▁下せる	-13.306516
オペ	-13.306639
▁さえずり	-13.306744
taly	-13.306751
▁溶け込	-13.306926
メット	-13.307056
▁裏表	-13.307597
RD	-13.307756
カワイ	-13.307996
▁アップル	-13.308178
zi	-13.308210
▁下ろす	-13.308228
マント	-13.308232
ぶつ	-13.308367
▁押え	-13.308479
ヤギ	-13.308748
グラー	-13.308805
スナイ	-13.308840
シャトル	-13.308940
推論	-13.308950
懇	-13.308961
涌	-13.308978
皇太子	-13.308985
▁シュローダー	-13.308987
▁レハベアム	-13.308987
▁礼儀正しさ	-13.308987
▁荘厳	-13.308987
▁セオドア	-13.308988
閑	-13.308989
atchtower	-13.308992
▁ベガ	-13.309031
メダル	-13.309043
▁むち打ち	-13.309083
▁眼球	-13.309085
▁よりどころ	-13.309188
ジェスチャー	-13.309196
マヤ	-13.309235
▁モリー	-13.309258
▁ドルカス	-13.309294
▁表土	-13.309352
フラワー	-13.309420
▁頑張り	-13.309427
▁Can	-13.309429
毎月	-13.309494
▁耐え忍ば	-13.309518
ありがたい	-13.309530
▁ヴァー	-13.309548
フィード	-13.309573
▁重んじる	-13.309639
▁165	-13.309759
cif	-13.309856
▁Chi	-13.309874
失調	-13.309875
視野	-13.309914
突き刺し	-13.309953
▁反発	-13.310309
方面	-13.310417
▁毎分	-13.310427
協	-13.310461
▁足首	-13.310476
ローバー	-13.310545
古く	-13.310698
lue	-13.310731
▁ポジ	-13.310946
ctures	-13.311146
慌て	-13.311374
erty	-13.311438
▁定数	-13.311455
歯磨き	-13.311543
▁余命	-13.311677
▁まき散ら	-13.311698
▁しのぎ	-13.311762
▁ウェー	-13.311817
▁検分	-13.311917
sum	-13.311945
ets	-13.312124
▁レイナ	-13.312164
ora	-13.312223
▁提督	-13.312233
バッド	-13.312268
メタル	-13.312607
2,000	-13.312633
▁無縁	-13.312873
▁まぎ	-13.313048
▁ダンサー	-13.313077
▁売人	-13.313156
▁ガンマ	-13.313196
▁路線	-13.313534
▁持ち上が	-13.313649
▁ちょっ	-13.313909
呼び起こし	-13.314116
アポ	-13.314129
行き先	-13.314370
刈り	-13.314392
スプレー	-13.314425
▁横たわる	-13.314440
▁1.2	-13.314465
▁生かす	-13.314569
目玉	-13.314961
ミシ	-13.314965
るべく	-13.315042
言い張	-13.315076
▁タリ	-13.315120
物資	-13.315231
mind	-13.315250
帰国	-13.315254
CFS	-13.315284
by	-13.315810
▁シリコン	-13.315849
▁呼ばわり	-13.315902
仕切	-13.315934
打ち負か	-13.315962
棲	-13.315963
▁早ま	-13.316064
ちがいない	-13.316112
▁ステート	-13.316117
懇願	-13.316151
児童	-13.316160
技能	-13.316163
▁聴か	-13.316172
▁カルカッタ	-13.316180
ドキドキ	-13.316181
▁官吏	-13.316212
▁ケーシー	-13.316219
▁マットレス	-13.316230
▁豪雨	-13.316236
むき出し	-13.316307
▁悪ふざけ	-13.316336
▁礼儀正しい	-13.316342
欧州	-13.316443
▁直し	-13.316531
▁(15	-13.316614
ウォーキング	-13.316653
▁絶ち	-13.316711
▁励まし合う	-13.316897
▁統	-13.316951
▁厳守	-13.317245
ember	-13.317246
▁氏名	-13.317312
▁1926	-13.317369
▁塩水	-13.317412
▁暮らせる	-13.317469
▁飲み水	-13.317499
ババ	-13.317619
エベレス	-13.317753
▁気まず	-13.317908
三日	-13.318105
▁似合	-13.318226
チャーチ	-13.318315
▁バーン	-13.318583
▁終わら	-13.318670
金銀	-13.319120
▁昼寝	-13.319359
gra	-13.319508
ep	-13.319536
▁含み	-13.319704
▁却下	-13.320294
ワゴン	-13.320428
吹く	-13.320455
▁ムッ	-13.320518
DM	-13.320553
仕組	-13.320582
頭がい	-13.320608
▁ハント	-13.320807
万歳	-13.320807
スタック	-13.320816
▁ワット	-13.320828
闘う	-13.320890
▁芽生え	-13.320939
外傷	-13.320943
▁コニー	-13.321022
慰	-13.321085
ッフル	-13.321441
ロビン	-13.321499
お別れ	-13.321909
オーケ	-13.322001
焼く	-13.322008
アーム	-13.322019
クワク	-13.322019
オラ	-13.322241
キャンディ	-13.322293
フォス	-13.322412
▁クエリ	-13.322486
▁溺死	-13.322511
▁ソロ	-13.322525
手品	-13.322653
しくじ	-13.322686
▁降りろ	-13.322942
▁ヤンキー	-13.323151
▁静寂	-13.323178
▁弱ま	-13.323200
僧	-13.323240
毛布	-13.323293
駐	-13.323308
粋	-13.323380
▁ストーン	-13.323420
í	-13.323426
▁いみじくも	-13.323427
▁ほのめかし	-13.323427
▁ヘルペス	-13.323427
牽	-13.323428
▁ボンベイ	-13.323449
ターミナル	-13.323455
鉢	-13.323461
▁樹液	-13.323462
引き換え	-13.323468
卑劣	-13.323472
スコッチ	-13.323475
▁原爆	-13.323514
▁岩塊	-13.323521
陶	-13.323523
▁げんか	-13.323546
▁ベリーズ	-13.323581
▁食費	-13.323597
バリア	-13.323623
▁ジャガー	-13.323628
▁スタンリー	-13.323634
ハワイ	-13.323669
ロップ	-13.323719
ヨット	-13.323748
▁コーラン	-13.323800
▁アオ	-13.323837
浅瀬	-13.323840
▁最高裁	-13.323850
▁ドナウ	-13.323923
▁つぶやく	-13.323981
ディオ	-13.323985
統一	-13.324056
▁ゴースト	-13.324080
マッピング	-13.324364
igi	-13.324587
出くわ	-13.324627
ヴァイ	-13.324653
▁学識	-13.324661
年月	-13.324673
▁辱める	-13.324678
▁お待	-13.324901
内乱	-13.324974
ふけ	-13.325191
▁学術	-13.325329
シングル	-13.325402
光源	-13.325575
▁払いのけ	-13.325590
▁縁組	-13.325731
▁ニューオーリンズ	-13.325735
▁クリスト	-13.325974
▁ぐっすり	-13.326080
▁パンツ	-13.326149
▁届け出	-13.326171
▁ブラボー	-13.326216
▁狭め	-13.326329
付き合う	-13.326659
▁スロバキア	-13.326703
▁ぐる	-13.326754
監視する	-13.326933
ビーム	-13.326982
力強い	-13.327205
1998	-13.327268
各自	-13.327404
▁シナリオ	-13.327516
パレット	-13.327557
▁かんしゃく	-13.327576
リサーチ	-13.327579
▁扇	-13.327897
▁175	-13.327917
引っ張る	-13.328116
フェロ	-13.328206
挟	-13.328224
▁カーブ	-13.328278
▁無くな	-13.328372
▁タイプライター	-13.328548
▁呼びかける	-13.328548
how	-13.328566
ume	-13.328778
あざ	-13.328911
▁CB	-13.329060
見くび	-13.329099
▁27,28)	-13.329189
アルビン	-13.329335
ダイナ	-13.329398
▁ムカ	-13.329766
チャート	-13.329903
▁利子	-13.330101
▁ネオ	-13.330141
▁絡	-13.330154
▁ダメージ	-13.330169
生児	-13.330283
VA	-13.330335
▁役者	-13.330509
煎	-13.330725
鎧	-13.330725
堵	-13.330726
▁アイオワ	-13.330727
▁ナバホ	-13.330727
▁ウジヤ	-13.330728
娶	-13.330738
▁ニューイングランド	-13.330742
▁チベット	-13.330755
▁支柱	-13.330758
▁減ら	-13.330805
▁注ぎ出す	-13.330846
功績	-13.330869
扶養	-13.330889
▁劇痛	-13.330893
▁称し	-13.330898
貯蔵	-13.330914
▁破局	-13.330919
リンカーン	-13.330922
エリート	-13.330925
▁たん白	-13.330942
対照	-13.330989
イエロー	-13.330993
バナナ	-13.331007
倒産	-13.331035
▁楽団	-13.331036
凍え	-13.331059
注ぐ	-13.331078
▁金利	-13.331090
墓場	-13.331165
固い	-13.331353
▁動き回る	-13.331458
カーテン	-13.331490
促	-13.331561
自白	-13.331564
割り込	-13.331590
▁目録	-13.331795
吹雪	-13.331932
▁正典	-13.332073
▁五書	-13.332173
ミカル	-13.332192
▁メガネ	-13.332270
喜ばせ	-13.332301
ney	-13.332334
▁パンチ	-13.332349
▁倒し	-13.332357
▁ヴェル	-13.332376
acter	-13.332607
▁ジョナ	-13.332756
bc	-13.333067
シナイ	-13.333087
▁交え	-13.333151
小さ	-13.333204
▁大軍	-13.333274
▁取り扱い	-13.333346
レモン	-13.333424
▁スムー	-13.333537
▁植えつけ	-13.333646
ベイルート	-13.333705
小遣い	-13.333707
ドク	-13.333822
rry	-13.333862
増強	-13.334115
▁こぼれ	-13.334182
探し出	-13.334218
▁アウシュビッツ	-13.334244
京	-13.334286
▁ゆるめ	-13.334306
▁av	-13.334311
金色	-13.334352
在り	-13.334394
辞任	-13.334579
▁Rh	-13.334973
▁小売	-13.335054
▁なげう	-13.335264
ハニー	-13.335322
▁涼しい	-13.335420
レーダー	-13.335462
シラ	-13.335469
▁搭	-13.335658
ala	-13.335883
ヤリ	-13.335948
セキュリティー	-13.336044
▁キャベツ	-13.336088
ファイト	-13.336186
▁プレゼン	-13.336289
rect	-13.336346
usa	-13.336587
ニオン	-13.336686
SW	-13.336720
▁鍋	-13.337082
学べる	-13.337086
▁ムリ	-13.337299
飛べ	-13.337477
ガルド	-13.337520
ギャン	-13.337536
▁悩ます	-13.337556
売れる	-13.337701
衝	-13.337852
▁焼き尽く	-13.337863
▁凝ら	-13.338005
▁Germany	-13.338079
▁バンコク	-13.338079
エストロゲン	-13.338079
ドキュメンタリー	-13.338079
箸	-13.338079
裔	-13.338079
▁札幌	-13.338080
楼	-13.338083
▁ブリティッシュ	-13.338084
▁life	-13.338100
▁触覚	-13.338165
ピル	-13.338169
塗りつぶ	-13.338177
崖	-13.338308
絹	-13.338334
差し伸べ	-13.338358
福祉	-13.338358
ホットドッグ	-13.338363
すすめ	-13.338403
補佐	-13.338430
ハンガー	-13.338443
携え	-13.338517
ミノ	-13.338537
センサ	-13.338554
チェイス	-13.338559
▁悪党	-13.338571
▁顕	-13.338663
踏む	-13.338696
ボビー	-13.338801
▁いらっしゃる	-13.338848
上空	-13.338918
▁見習い	-13.339073
旅人	-13.339087
▁ダーリン	-13.339095
プロポーズ	-13.339205
▁リハ	-13.339236
職務	-13.339331
たどり着く	-13.339337
メモリー	-13.339367
読み書き	-13.339466
▁例える	-13.339538
▁間近い	-13.339643
▁ビザ	-13.339818
▁レター	-13.339915
▁ねら	-13.339986
▁シェルビ	-13.340026
コミ	-13.340283
トラベル	-13.340334
脅か	-13.340507
ビティ	-13.340535
びる	-13.340562
▁グリフィ	-13.340614
▁キッド	-13.340733
acc	-13.340812
▁アジ	-13.340858
▁辞退	-13.341341
▁なだめる	-13.341358
▁シティー	-13.341557
bet	-13.341563
手本	-13.341643
通り過ぎる	-13.341686
▁うろつ	-13.341791
足りる	-13.341836
▁クレイジー	-13.341903
飛ばせ	-13.341910
▁550	-13.341949
店員	-13.342472
▁ロイヤル	-13.342615
スライス	-13.342873
創立	-13.342984
エリ	-13.343106
縮め	-13.343228
▁取り調べ	-13.343394
ボコ	-13.343433
▁ネイ	-13.343529
カオ	-13.343580
plu	-13.343771
128	-13.343795
HO	-13.343891
▁孤児院	-13.343992
▁アガ	-13.344069
シェイ	-13.344452
ada	-13.344492
▁ウォレ	-13.344782
ざわ	-13.344818
▁わめき	-13.344827
map	-13.344882
テール	-13.344913
tta	-13.345154
珠	-13.345209
ense	-13.345307
トランス	-13.345378
曾	-13.345435
Æ	-13.345487
▁エイドリアン	-13.345487
▁エズレル	-13.345487
▁オリゲネス	-13.345487
▁ギベオン	-13.345487
▁セネガル	-13.345487
▁モファット	-13.345487
▁緑内障	-13.345487
オブライエン	-13.345487
flo	-13.345498
▁ステファン	-13.345522
▁フェリクス	-13.345546
▁そこなう	-13.345569
▁受胎	-13.345569
債券	-13.345661
▁極東	-13.345734
▁ハーパー	-13.345760
▁覚せい	-13.345774
ウィリアム	-13.345778
摂	-13.345804
ピラミッド	-13.345865
看板	-13.345881
ガラテア	-13.345884
WHO	-13.345887
疫病	-13.345899
称賛	-13.345901
整備	-13.345904
▁誇り高い	-13.345967
策略	-13.345981
オフセット	-13.345988
▁流れ込む	-13.346045
▁ジェラルド	-13.346220
認識する	-13.346452
▁買い取り	-13.346519
ランドマーク	-13.346534
▁1927	-13.346682
▁リブ	-13.346812
皇	-13.347029
▁寄せ集め	-13.347070
明る	-13.347240
gu	-13.347267
ベッカ	-13.347300
放物	-13.347542
▁フック	-13.347845
▁書きしる	-13.347995
▁マリヤ	-13.348206
268	-13.348276
チョン	-13.348426
▁隣り	-13.348600
支出	-13.348740
▁欲しがる	-13.348754
ガミ	-13.348806
暴君	-13.348825
lie	-13.349062
OL	-13.349444
▁サンタクロース	-13.349828
要点	-13.349910
▁投げる	-13.350602
▁柔らか	-13.351126
▁かぶり	-13.351204
round	-13.351442
くだら	-13.351457
れんが	-13.351497
▁プー	-13.351718
キーン	-13.351819
携わ	-13.352098
▁踏み込	-13.352352
▁難しさ	-13.352448
疎	-13.352517
▁エアコン	-13.352541
▁震動	-13.352553
ぼっ	-13.352642
引き抜	-13.352643
▁ルネ	-13.352676
ichi	-13.352688
▁ネバ	-13.352774
軌	-13.352797
祐	-13.352948
▁ケプラー	-13.352949
▁洞穴	-13.352950
σ	-13.352951
▁モーニング	-13.353001
どか	-13.353014
▁協働	-13.353018
▁伏し	-13.353025
▁そそぎ	-13.353124
▁オウム	-13.353125
▁ニコール	-13.353129
二十	-13.353189
谷間	-13.353206
組み換え	-13.353227
▁プランク	-13.353266
騎	-13.353378
店舗	-13.353418
▁ヨーク	-13.353449
ポルトガル	-13.353452
営利	-13.353528
公衆	-13.353546
▁キラ	-13.353548
快楽	-13.353580
終点	-13.353586
▁捕まる	-13.353649
誉め	-13.353682
慣行	-13.353684
熱帯	-13.353689
▁カーリー	-13.353702
▁取り決める	-13.353785
骨格	-13.353895
▁ジェー	-13.353905
ステル	-13.354083
傑作	-13.354176
ナガ	-13.354279
▁取り出さ	-13.354301
matic	-13.354357
リッ	-13.354404
絞り	-13.354404
鳴く	-13.354486
▁み顔	-13.354523
▁開通	-13.354544
squ	-13.354703
▁飢える	-13.354738
聴こ	-13.354766
▁傾き	-13.354916
ero	-13.354992
▁ペスト	-13.355048
聴け	-13.355171
inst	-13.355348
グソン	-13.355422
bel	-13.355518
▁執事	-13.355658
▁お役	-13.355853
ツボ	-13.355861
ダグ	-13.355893
▁サンティアゴ	-13.356103
,42	-13.356345
▁途絶え	-13.356495
▁絶える	-13.356546
拾う	-13.356677
▁まねる	-13.356692
ソング	-13.356815
タトゥ	-13.357098
▁並び	-13.357519
押し寄せ	-13.357596
放す	-13.357901
▁750	-13.358072
▁マヌ	-13.358076
tsu	-13.358085
ush	-13.358347
dit	-13.358548
▁サプ	-13.358807
実感	-13.358905
ートル	-13.359141
話し合う	-13.359346
▁オースティン	-13.359570
されたもので	-13.359972
いらっしゃる	-13.360079
どん	-13.360319
▁レディ	-13.360370
スッ	-13.360461
▁サイエンティフィ	-13.360467
姑	-13.360467
槌	-13.360469
▁ゆすり取	-13.360470
▁気管支	-13.360471
▁ココヤシ	-13.360479
あくび	-13.360558
▁ヘザー	-13.360575
▁アリシア	-13.360615
▁ハガル	-13.360641
▁バイン	-13.360665
▁シャベル	-13.360706
tur	-13.360803
マヌ	-13.360824
▁レンジ	-13.360916
▁載せる	-13.360928
ダメージ	-13.361045
ブレーク	-13.361050
其	-13.361070
ピクニック	-13.361076
闘争	-13.361111
略奪	-13.361143
解答	-13.361222
荒野	-13.361235
貴族	-13.361431
美女	-13.361503
▁勝ち得る	-13.361530
▁飛べ	-13.361566
▁シーダー	-13.361590
封じ込め	-13.361611
▁たどり着く	-13.361644
▁桜	-13.361785
AIDS	-13.361795
古典	-13.361897
性のある	-13.361995
励み	-13.362156
持ち合わせ	-13.362221
evel	-13.362354
▁口先	-13.362474
公約	-13.362515
light	-13.362547
vers	-13.362621
星座	-13.362766
遠ざかれ	-13.362797
ムカ	-13.362833
▁ソーセージ	-13.362994
受け止め	-13.362996
▁Em	-13.363003
紛れ	-13.363047
▁ウォード	-13.363099
▁ぎっ	-13.363157
アーズ	-13.363159
▁良好	-13.363165
▁スワヒ	-13.363228
現わし	-13.363233
わざと	-13.363316
▁器用	-13.363382
▁ローレン	-13.363406
▁ひか	-13.363447
▁ステレオ	-13.363448
ノブ	-13.363453
▁鳴き	-13.363738
フレディー	-13.364006
ラージ	-13.364053
コミュニティー	-13.364100
弱者	-13.364232
▁カロ	-13.364770
▁デュラン	-13.365171
▁獣医	-13.365199
暑さ	-13.365430
▁大木	-13.365495
視力	-13.365498
スーラ	-13.365530
539	-13.365753
キャット	-13.365789
▁穀	-13.365800
ラウダ	-13.365840
▁体型	-13.366106
▁4,8	-13.366133
取り掛か	-13.366146
行使	-13.366199
吐く	-13.366288
▁Wi	-13.366376
▁居所	-13.366986
▁干上が	-13.367034
ストライ	-13.367228
▁抜き取	-13.367241
▁四十	-13.367393
▁あてはま	-13.367428
▁輪郭	-13.367455
描け	-13.367479
▁Sp	-13.367545
▁贖	-13.367642
▁ガド	-13.367890
に対処する	-13.367974
▁盛り上が	-13.367990
ティウス	-13.368010
system	-13.368044
カワウソ	-13.368044
喘	-13.368044
▁ふたたび	-13.368074
忍ば	-13.368079
チャイルド	-13.368080
▁応ずる	-13.368090
▁こだわ	-13.368111
display	-13.368136
▁補強	-13.368155
▁殺到	-13.368183
▁土砂	-13.368247
▁思いつき	-13.368382
すき	-13.368400
ケチ	-13.368404
▁積む	-13.368421
エト	-13.368608
▁トラン	-13.368621
▁押しのけ	-13.368673
▁取り扱う	-13.368747
瀕	-13.368760
ダイエット	-13.368767
結晶	-13.368772
肥満	-13.368793
▁ヘイリー	-13.368860
▁指し示す	-13.368993
▁コロニー	-13.369006
▁おとなしい	-13.369049
記載	-13.369081
障壁	-13.369083
▁空調	-13.369168
▁奥深	-13.369191
ura	-13.369276
散る	-13.369378
追い立て	-13.369424
一段	-13.369533
▁ネックレス	-13.369596
オリバ	-13.369618
接種	-13.369646
▁ヤハウェ	-13.369818
▁パム	-13.369899
車輪	-13.369966
閉める	-13.370022
360	-13.370123
ファイバー	-13.370133
ガラクタ	-13.370249
▁ラバ	-13.370442
▁引き込	-13.370714
シラミ	-13.370764
2,600	-13.371100
▁書き込	-13.371269
論じ	-13.371418
▁一片	-13.371606
ブーン	-13.371877
削り	-13.372210
バスケット	-13.372293
▁呼び掛け	-13.372448
aff	-13.372713
eat	-13.372736
▁ワンダ	-13.373018
外観	-13.373069
ツェル	-13.373302
▁苦しま	-13.373425
▁ドミ	-13.373601
▁衰える	-13.373925
▁つぶや	-13.374017
アメリカン	-13.374071
ふわ	-13.374146
▁助力	-13.374390
▁はめ込	-13.374669
沈め	-13.374704
問いかけ	-13.374866
箇	-13.374910
▁売れる	-13.375165
しだい	-13.375271
▁みなぎ	-13.375453
ツイー	-13.375458
トーム	-13.375532
木々	-13.375593
Š	-13.375676
ヒップホップ	-13.375677
椎	-13.375677
勧誘	-13.375678
逢	-13.375678
転移	-13.375706
▁咲き	-13.375720
▁ぜん息	-13.375723
▁初穂	-13.375727
▁ユーカリ	-13.375739
▁陽光	-13.375795
規格	-13.375838
▁調印	-13.376003
▁覚ます	-13.376039
▁ドリス	-13.376155
▁汚名	-13.376315
▁欄外	-13.376328
▁見付か	-13.376354
▁流入	-13.376424
棺	-13.376436
没落	-13.376445
勾	-13.376494
さかのぼ	-13.376589
暖かく	-13.376594
驚異	-13.376632
即ち	-13.376648
シウス	-13.376672
中東	-13.376698
her	-13.376740
複合	-13.376780
▁褐	-13.376789
lit	-13.376805
水泳	-13.376862
愚	-13.376884
▁雇う	-13.376912
▁捜し求める	-13.376946
▁ゴールデン	-13.376948
眠れる	-13.376978
銘じ	-13.376993
ルース	-13.377089
ミント	-13.377221
happ	-13.377234
要件	-13.377453
▁コンテスト	-13.377646
レンガ	-13.377725
ペニー	-13.377889
富豪	-13.377919
擦り	-13.377948
広げる	-13.378000
作り話	-13.378324
貼り	-13.378370
▁取り替え	-13.378555
救い出し	-13.378733
▁ドーン	-13.378796
沸き	-13.378855
捉	-13.379050
ちり	-13.379055
▁1912	-13.379116
カルテ	-13.379143
ディアス	-13.379216
▁躍り	-13.379236
司教	-13.379271
▁タップ	-13.379472
▁厚く	-13.379641
▁トライ	-13.379670
企て	-13.379780
下ろす	-13.379806
▁ズーム	-13.379831
▁雇い	-13.379832
▁脊髄	-13.380037
働かせ	-13.380341
広める	-13.380368
lan	-13.380370
Eng	-13.380551
aid	-13.380584
▁継ぎ	-13.380604
つぼ	-13.380670
▁カーペット	-13.380676
▁オラ	-13.380741
▁スゴ	-13.380957
▁サマー	-13.381277
ラッド	-13.381373
270	-13.381458
▁メールアドレス	-13.381631
▁ライター	-13.381800
▁ホイ	-13.381885
ザメ	-13.381951
▁フィッシュ	-13.382055
▁ティツ	-13.382104
▁ホッケー	-13.382220
▁捜し求め	-13.382583
ホース	-13.382814
取り去り	-13.383149
pain	-13.383183
▁12%	-13.383230
ourtesy	-13.383286
▁計る	-13.383312
▁押し流	-13.383320
▁懲	-13.383339
狡	-13.383369
畔	-13.383369
礫	-13.383369
靭	-13.383369
▁使徒行伝	-13.383370
▁藻類	-13.383370
▁遺憾	-13.383370
▁斑点	-13.383371
類人猿	-13.383376
▁あごひげ	-13.383378
▁Come	-13.383400
▁激増	-13.383405
▁侵食	-13.383417
▁ジョシュ	-13.383419
スポ	-13.383463
サリ	-13.383508
ケリー	-13.383533
▁希少	-13.383538
▁脂	-13.383572
▁ヨット	-13.383601
カンパニ	-13.383655
▁フアン	-13.383658
治せる	-13.383719
荒れ	-13.383736
▁連れ出さ	-13.383861
▁がれき	-13.383877
▁背骨	-13.383916
▁染み込	-13.384171
,000,000	-13.384192
▁詩的	-13.384220
むつ	-13.384306
NASA	-13.384334
サンフランシスコ	-13.384335
0.7	-13.384346
クレジットカード	-13.384347
硬貨	-13.384349
ピエロ	-13.384352
及ぼし	-13.384358
幻想	-13.384361
占領	-13.384370
禁煙	-13.384378
反復	-13.384392
▁sto	-13.384515
enter	-13.384552
一掃	-13.384553
▁乱す	-13.384760
レフ	-13.384891
コミット	-13.385120
告げ知らせる	-13.385264
sor	-13.385350
▁リビア	-13.385364
飲み込	-13.385368
▁イイ	-13.385396
政党	-13.385969
▁スティー	-13.385973
▁金髪	-13.386317
一筋	-13.386358
PB	-13.386400
25%	-13.386410
カシ	-13.386428
惨事	-13.386460
顧み	-13.386462
ower	-13.386558
カレッジ	-13.386616
gs	-13.387237
▁一対	-13.387354
▁明かし	-13.387374
覧会	-13.387549
コマ	-13.388133
所在	-13.388376
▁命ぜ	-13.388479
走れる	-13.388561
磁器	-13.388725
バク	-13.388764
取り消す	-13.388811
証し	-13.388844
strea	-13.389024
キップ	-13.389144
To	-13.389151
スチュー	-13.389209
▁むち打	-13.389215
▁贅	-13.389386
exp	-13.389402
▁律する	-13.389478
誇る	-13.389614
par	-13.389779
▁アンリ	-13.389865
▁到	-13.389961
▁追い詰め	-13.389967
OT	-13.390236
▁抜け出せ	-13.390303
irector	-13.390379
ひょっ	-13.390472
▁喪	-13.390581
col	-13.390615
▁気持ち悪い	-13.390644
▁贈る	-13.390722
▁寝かせ	-13.390777
牡	-13.391121
▁アラバマ	-13.391122
▁タルソス	-13.391122
▁廃墟	-13.391122
▁備品	-13.391124
鼠	-13.391124
▁典礼	-13.391126
▁グレゴリー	-13.391131
▁裂け目	-13.391137
▁ホッジ	-13.391172
いまいましい	-13.391174
▁禁酒	-13.391208
▁ブッシュマン	-13.391229
▁ベーカー	-13.391264
▁スーキー	-13.391273
▁弾圧	-13.391287
▁寺	-13.391321
▁シャイ	-13.391336
▁取り戻せる	-13.391437
何十	-13.391714
▁隠れ場	-13.391758
1995	-13.391765
▁転機	-13.391846
追い出せ	-13.391891
▁所見	-13.391920
水道	-13.391994
▁コンピューターゲーム	-13.392046
プッシュ	-13.392061
歓待	-13.392118
デカイ	-13.392148
フォーラム	-13.392156
鍋	-13.392173
昏睡	-13.392181
頭蓋骨	-13.392187
亜	-13.392197
▁消し去	-13.392209
恥辱	-13.392213
ピエール	-13.392220
孤立	-13.392233
平穏	-13.392253
聖堂	-13.392299
▁mm	-13.392405
操る	-13.392406
ファースト	-13.392468
▁赴	-13.392510
▁スラブ	-13.392532
▁はねつけ	-13.392571
▁肋骨	-13.392586
▁車内	-13.392621
銃弾	-13.392817
宣べ伝える	-13.393034
フィクション	-13.393044
▁決勝	-13.393246
▁表わせる	-13.393309
▁節操	-13.393578
▁化け	-13.393602
サード	-13.393630
1.5	-13.393708
▁じん	-13.393861
▁論法	-13.394146
▁サビ	-13.394252
figure	-13.394471
ロッド	-13.394527
乳母	-13.395393
個性	-13.396393
▁沈め	-13.396435
利子	-13.396521
ハリス	-13.396548
▁親しみ深	-13.396578
MO	-13.397077
ハイド	-13.397276
蓄	-13.397311
成る	-13.397424
num	-13.398450
スズメ	-13.398490
▁Matt	-13.398531
スキャ	-13.398535
▁マカ	-13.398706
フォート	-13.398727
▁ちがいない	-13.398812
ナプキン	-13.398933
▁はちみつ	-13.398934
▁荒れ廃れ	-13.398934
おびき寄せ	-13.398934
インスピレーション	-13.398934
▁トレーシー	-13.398935
▁まやかし	-13.398936
▁ヘビーメタル	-13.398936
▁タマネギ	-13.398937
▁フィオナ	-13.398951
脆弱	-13.398970
ロジャー	-13.398978
▁ギニア	-13.399015
縛り付け	-13.399048
▁ケイトリン	-13.399087
素粒子	-13.399124
▁誘かい	-13.399127
ハウンド	-13.399128
啓蒙	-13.399283
▁マユ	-13.399294
▁なげうつ	-13.399313
ソス	-13.399323
説き	-13.399345
シュルツ	-13.399426
▁思い込ま	-13.399464
食い止め	-13.399470
▁135	-13.399499
ビラ	-13.399541
めかし	-13.399589
▁チャウ	-13.399619
▁ge	-13.399669
▁アール	-13.399685
▁(6)	-13.399688
申し開き	-13.399716
▁至福	-13.399788
▁エール	-13.399795
▁あぶ	-13.399996
▁エヴァ	-13.400054
▁分け前	-13.400118
ブレーキ	-13.400153
均等	-13.400173
▁イオン	-13.400177
返答	-13.400183
アーサー	-13.400446
ハング	-13.400594
▁シルビア	-13.400702
アンドレ	-13.400788
支度	-13.400826
ロブスター	-13.400949
▁フレディ	-13.400993
促し	-13.401003
下がれ	-13.401393
▁出回	-13.401609
▁(16	-13.401746
sma	-13.401772
強度	-13.401856
ベイズ	-13.401999
▁フェリー	-13.402020
▁ポーラ	-13.402032
▁うらや	-13.402046
▁アリバイ	-13.402193
30%	-13.402350
▁117	-13.402443
yle	-13.402458
マエ	-13.402632
▁クリニック	-13.402690
▁認	-13.402825
umi	-13.402908
hara	-13.402935
▁brea	-13.403092
▁バラック	-13.403100
立ち直	-13.403311
▁歩き回る	-13.403317
適格	-13.403375
▁酔っぱら	-13.403999
▁2,300	-13.404133
代わる	-13.404433
グラント	-13.404472
▁キングズ	-13.404523
▁裏側	-13.404971
見限	-13.405020
▁Yu	-13.405024
▁遠ざか	-13.405053
▁工具	-13.405085
▁背信	-13.405272
▁3,9	-13.405287
称え	-13.405354
▁マルク	-13.405402
入れ替わ	-13.405468
▁方正	-13.405622
ぬれ	-13.405686
gain	-13.405688
ごちゃ	-13.405695
foo	-13.405725
▁ジョディ	-13.405866
▁取り扱	-13.405905
掻	-13.405948
▁連帯	-13.406069
キニ	-13.406154
▁笑い声	-13.406396
乱れ	-13.406435
▁荒ら	-13.406463
▁送り返	-13.406473
金塊	-13.406623
蝕	-13.406805
蛛	-13.406807
蜘	-13.406807
▁girl	-13.406808
▁パプア	-13.406808
拗	-13.406808
韻	-13.406809
メッセンジャー	-13.406810
▁いらだち	-13.406813
▁Mountain	-13.406818
中途半	-13.406818
ポラ	-13.406821
▁セントルイス	-13.406824
▁クイーンズランド	-13.406827
▁窮境	-13.406828
▁カナリア	-13.406842
リバン	-13.406866
riend	-13.406868
after	-13.406877
▁垂れ下が	-13.406884
▁角笛	-13.406903
デアン	-13.406919
▁応対	-13.406922
ATM	-13.406925
▁静める	-13.406931
待ち遠し	-13.407147
トミー	-13.407167
▁酸性	-13.407310
▁ほん	-13.407344
トボ	-13.407360
▁原罪	-13.407363
OST	-13.407370
ピボ	-13.407375
▁ダッシュ	-13.407464
バエ	-13.407590
▁Ki	-13.407741
訪	-13.407747
▁ご招待	-13.407756
えこ	-13.407884
▁冒涜	-13.407939
徴	-13.407978
鳴き声	-13.408140
抑圧	-13.408158
符号	-13.408197
王冠	-13.408258
サムエル	-13.408331
ぷ	-13.408352
▁泊まる	-13.408410
ペンキ	-13.408582
冷え	-13.408632
であると考え	-13.408813
他方	-13.408833
▁霊界	-13.408846
▁崇め	-13.408937
作り方	-13.408938
東部	-13.408962
編み	-13.409057
アース	-13.409180
jects	-13.409208
体系	-13.409292
▁勝てる	-13.409299
▁元来	-13.409398
とがめ	-13.409482
▁建て直	-13.409509
住居	-13.409604
弱さ	-13.409636
王座	-13.409767
▁稼ぐ	-13.409829
ささげ	-13.409916
▁燃や	-13.410069
オマール	-13.410237
▁フォーム	-13.410526
拾い	-13.410567
キュア	-13.410644
▁絞り	-13.410733
日光	-13.410970
見当た	-13.410975
▁見渡す	-13.411131
▁まとま	-13.411155
プラント	-13.411207
お目	-13.411223
▁キック	-13.411283
ゴリー	-13.411284
まわる	-13.411329
ホープ	-13.411518
動詞	-13.411520
▁ひんし	-13.411551
断言	-13.411583
▁3,2	-13.411604
サイロ	-13.411674
▁日ごろ	-13.411716
▁キティ	-13.411723
ゴラス	-13.411970
えぎ	-13.412100
ins	-13.412197
▁thr	-13.412285
タナー	-13.412343
唱える	-13.412383
ベレ	-13.412524
▁見下げ	-13.412629
▁協議	-13.412679
▁制圧	-13.412689
ケード	-13.412887
Un	-13.413156
▁緋色	-13.413419
▁ごみ箱	-13.413506
▁うそつき	-13.413679
▁忠	-13.413782
聖戦	-13.413817
疎か	-13.413942
出航	-13.413956
しっこ	-13.414063
▁充てる	-13.414076
▁見付ける	-13.414077
▁年句	-13.414083
マーカ	-13.414211
憩	-13.414285
隷	-13.414534
▁Sub	-13.414623
水夫	-13.414730
▁クロコダイル	-13.414744
▁センチュリー	-13.414744
▁倹約	-13.414744
▁旺盛	-13.414744
漆	-13.414744
飢饉	-13.414744
ミキサー	-13.414745
捻	-13.414745
焚	-13.414745
シャフト	-13.414746
▁バットマン	-13.414748
▁トリニダード	-13.414749
▁ソマリア	-13.414793
▁リポーター	-13.414804
ween	-13.414867
▁ルベン	-13.414964
▁漁船	-13.414980
▁組成	-13.415087
▁坂	-13.415101
▁バービー	-13.415175
▁デュバ	-13.415239
▁奮い起こし	-13.415297
ニエ	-13.415405
ダニ	-13.415607
▁墓場	-13.415701
晩餐	-13.415710
ザンダー	-13.415731
▁けな	-13.415784
モテ	-13.415791
レンタル	-13.415800
吊り	-13.415892
▁楔	-13.416097
部員	-13.416203
屈折	-13.416246
態勢	-13.416254
フィッシュ	-13.416273
すてき	-13.416295
異議	-13.416321
残忍	-13.416371
しめし	-13.416422
▁奉じる	-13.416466
____	-13.416475
ともかく	-13.416580
封印	-13.416585
自覚	-13.416790
信頼性	-13.416821
チャールズ	-13.416945
user	-13.416966
動乱	-13.417006
合え	-13.417116
reece	-13.417289
商業	-13.417318
ペニ	-13.417427
やり取り	-13.417546
やり直せ	-13.417547
ory	-13.417561
▁パール	-13.417669
▁冷える	-13.417711
▁尺度	-13.417768
プリー	-13.417787
▁レム	-13.417867
フィリップ	-13.417893
▁経る	-13.418098
サロ	-13.418158
入門	-13.418292
奇襲	-13.418323
▁エメラルド	-13.418336
掘る	-13.418543
ひらめき	-13.418548
▁出迎え	-13.418590
取り除き	-13.418691
TD	-13.418749
▁刺す	-13.418818
総数	-13.419014
▁根気	-13.419265
▁範	-13.419289
▁トワ	-13.419431
ワルツ	-13.419433
引き出	-13.419465
py	-13.419582
勝る	-13.419815
ティコ	-13.419827
後押し	-13.419868
ファイン	-13.419868
▁セコイア	-13.419871
▁オビ	-13.419979
仕向け	-13.420469
▁エスキ	-13.420961
エーション	-13.420963
戦艦	-13.420986
▁継父	-13.421036
▁溶かし	-13.421184
左手	-13.421267
ハント	-13.421562
斉	-13.421844
2005	-13.421966
ウザ	-13.422093
とっく	-13.422114
▁防げる	-13.422229
揺さぶ	-13.422324
ブーム	-13.422442
生地	-13.422523
こだわ	-13.422641
Ü	-13.422744
▁Israel	-13.422745
▁ルデア	-13.422745
自業自得	-13.422745
梨	-13.422746
PTSD	-13.422750
▁献納	-13.422754
▁まばゆ	-13.422757
▁41,42	-13.422763
父なし子	-13.422864
▁ホッブ	-13.422866
▁卵巣	-13.422878
炭疽	-13.422902
▁計器	-13.422904
バド	-13.422968
出所	-13.423027
▁ジュリアナ	-13.423130
▁持ち帰る	-13.423162
▁アクロ	-13.423177
main	-13.423264
密輸	-13.423274
グスタフ	-13.423431
▁キャッチ	-13.423446
▁メタン	-13.423513
▁書き板	-13.423541
▁読み取る	-13.423748
▁体液	-13.423817
▁5,7	-13.423883
▁高熱	-13.423954
scape	-13.424105
▁局面	-13.424261
▁スコフィールド	-13.424369
▁放ち	-13.424385
破裂	-13.424398
投げかけ	-13.424451
ニュートン	-13.424564
▁メイド	-13.424575
飲料	-13.424657
汚し	-13.424674
星雲	-13.424731
マッシュ	-13.424759
▁大海	-13.424843
文化的	-13.424888
可能性のある	-13.424988
▁war	-13.425003
鼻孔	-13.425038
▁210	-13.425065
▁1.8	-13.425076
名づけ	-13.425085
▁重罪	-13.425219
uz	-13.425263
▁悪質	-13.425358
曲がる	-13.425436
ルピー	-13.425446
通訳	-13.425751
シギ	-13.425834
▁気圧	-13.425992
▁各部	-13.426003
▁暮れる	-13.426004
▁クルミ	-13.426019
航行	-13.426107
▁スチュアート	-13.426127
対処する	-13.426270
▁打ち勝	-13.426445
ハグ	-13.426457
預ける	-13.427000
▁模索	-13.427346
▁配し	-13.427372
▁Photograph	-13.427422
輸	-13.427455
▁オシ	-13.427468
▁オーナー	-13.427600
察し	-13.427638
オキシ	-13.427991
▁前触れ	-13.428170
hal	-13.428385
握る	-13.428540
クスタ	-13.428562
▁仕切	-13.428876
一目	-13.428902
GE	-13.429224
レックス	-13.429295
2015	-13.429607
▁頑張る	-13.429608
pu	-13.429619
減る	-13.429650
磁気	-13.429747
抵	-13.430240
引き換える	-13.430265
匿	-13.430510
り着	-13.430532
▁切り裂	-13.430678
浮き	-13.430743
▁唯	-13.430778
▁York	-13.430809
▁おとうさん	-13.430809
▁すい臓	-13.430809
▁ユスティヌス	-13.430809
ベビーシッター	-13.430809
▁だいじょうぶ	-13.430810
▁ボツワナ	-13.430814
▁offici	-13.430818
▁ジョイス	-13.430832
▁ヨシュ	-13.430883
▁買い戻す	-13.430930
▁じき	-13.430938
▁デナリ	-13.430946
▁印象づけ	-13.430949
バッファロー	-13.430949
▁技法	-13.430955
▁燃えつき	-13.431002
▁背筋	-13.431012
汲み	-13.431057
TT	-13.431067
▁威光	-13.431096
▁接合	-13.431128
▁執り行なう	-13.431221
▁養成	-13.431244
▁激動	-13.431262
▁媒体	-13.431274
▁タマル	-13.431277
▁軍縮	-13.431301
摘	-13.431327
溜ま	-13.431547
▁就か	-13.431548
inter	-13.431598
▁かぶせ	-13.431609
▁患う	-13.431622
▁under	-13.431670
▁搭載	-13.431762
▁こうむる	-13.431957
賜	-13.432224
献	-13.432296
▁年末	-13.432322
▁先立つ	-13.432426
貯蓄	-13.432508
パレスチナ	-13.432531
オーストリア	-13.432544
保健	-13.432584
稲妻	-13.432590
バイオリン	-13.432603
▁いかだ	-13.432653
ポーランド	-13.432664
パトリック	-13.432666
▁薬局	-13.432727
慎み	-13.432792
ストップ	-13.432793
家賃	-13.432936
端末	-13.433079
ツァー	-13.433141
▁ディオ	-13.433156
見返り	-13.433198
数十	-13.433202
ゼー	-13.433227
ティッシュ	-13.433228
▁くじけ	-13.433332
フィルター	-13.433470
▁断わら	-13.433479
▁髄	-13.433499
パイン	-13.433537
▁6,9	-13.433600
冷やし	-13.433771
▁機長	-13.433795
セーフ	-13.434060
励まし	-13.434094
▁ジョーイ	-13.434178
以	-13.434185
▁リク	-13.434327
限りなく	-13.434605
作文	-13.434623
▁Gu	-13.434685
ボウル	-13.434737
グロー	-13.434859
▁リビング	-13.434889
▁習う	-13.434991
▁スポンジ	-13.435059
▁呼び物	-13.435708
▁呼び起こ	-13.435816
伸ばす	-13.435884
学ば	-13.435999
いさかい	-13.436119
IV	-13.436144
顔つき	-13.436361
国債	-13.436389
役員	-13.436409
ひそめ	-13.436513
1991	-13.436667
▁腰掛け	-13.436744
▁デボ	-13.436763
ティラ	-13.436771
ues	-13.436839
▁しゃが	-13.436884
目立つ	-13.436885
rrow	-13.436949
覚ませ	-13.436975
見せしめ	-13.437233
ヤッ	-13.437237
壊れる	-13.437253
HA	-13.437289
仲裁	-13.437534
悩ませ	-13.437582
んざ	-13.437673
送還	-13.437799
app	-13.437962
▁ネブ	-13.438291
ale	-13.438486
▁260	-13.438637
▁Wisdom	-13.438939
▁エパフロデト	-13.438939
▁グノーシス	-13.438939
▁ラトビア	-13.438939
▁氾濫	-13.438939
唐	-13.438939
董	-13.438939
▁John	-13.438940
ジブラルタル	-13.438940
▁Long	-13.438999
▁ミイラ	-13.439007
▁返る	-13.439018
うろたえ	-13.439222
tty	-13.439353
フック	-13.439374
▁嫌う	-13.439452
▁称え	-13.439501
bs	-13.439613
ital	-13.439676
マレク	-13.439701
▁ディグ	-13.439799
▁川床	-13.439837
▁つづり	-13.439848
▁訂正	-13.439865
▁歌え	-13.439970
右腕	-13.440098
テッ	-13.440099
▁掘ら	-13.440149
▁食い違	-13.440282
破れ	-13.440294
▁®	-13.440326
▁谷間	-13.440557
▁忍び込	-13.440576
▁奪い取	-13.440625
役所	-13.440650
苗	-13.440674
父母	-13.440698
贅	-13.440762
均衡	-13.440792
掲載	-13.440820
▁桃	-13.440850
文献	-13.440851
レベッカ	-13.440857
鼓動	-13.440876
固く	-13.441345
牧場	-13.441367
戦車	-13.441786
▁シャム	-13.441935
▁はびこる	-13.442113
▁ひょう	-13.442200
▁雹	-13.442257
コックス	-13.442279
font	-13.442336
▁rem	-13.442461
▁コロンバ	-13.442471
▁エスタ	-13.442790
▁リラ	-13.442874
hell	-13.443174
下部	-13.443449
▁仏陀	-13.443465
2009	-13.443513
▁hel	-13.443727
レド	-13.444081
▁ロサ	-13.444244
▁響き渡	-13.444255
重要性を	-13.444450
見い出せ	-13.444453
▁マージ	-13.444682
つじ	-13.444719
99%	-13.445105
▁ピル	-13.445111
IG	-13.445283
tings	-13.445365
▁EU	-13.445443
付け加え	-13.445458
細い	-13.445551
▁思い上が	-13.445662
▁補償	-13.446028
満ち足	-13.446080
▁ストア	-13.446278
▁エム	-13.446332
電圧	-13.446340
▁タイガー	-13.446434
sure	-13.446474
▁踏み出	-13.446705
▁ティモシー	-13.447135
▁コンスタンティノープル	-13.447136
アホウドリ	-13.447137
瀬戸際	-13.447137
クレス	-13.447235
ライター	-13.447292
▁ホタル	-13.447300
▁欺瞞	-13.447345
▁スリー	-13.447361
ややこし	-13.447363
▁おど	-13.447387
▁クレイグ	-13.447480
cent	-13.447486
▁ありさま	-13.447543
メリ	-13.447575
ドロー	-13.447641
虚構	-13.447658
逐	-13.447713
CI	-13.447756
ゴメ	-13.448036
▁クロム	-13.448050
マグロ	-13.448233
イブン	-13.448482
運輸	-13.448503
▁覆い隠	-13.448543
カモメ	-13.448611
ニマ	-13.448631
▁採り	-13.448721
▁対面	-13.448906
矯正	-13.449143
ミュージック	-13.449157
▁メグ	-13.449167
ゴードン	-13.449180
やすさ	-13.449252
▁ベニ	-13.449300
マフィア	-13.449387
退院	-13.449435
全滅	-13.449463
▁テオド	-13.449623
▁つぶし	-13.449780
アレス	-13.449797
健在	-13.449912
ぐるみ	-13.450066
癒し	-13.450143
▁堪	-13.450254
▁侵	-13.450328
▁引き戻	-13.450351
予報	-13.450401
尊重	-13.450422
立ち向か	-13.450542
申し立て	-13.450580
吊	-13.450584
たとえば	-13.450658
wh	-13.450774
FO	-13.450849
▁語り合	-13.450849
▁35%	-13.450906
切り刻	-13.451097
▁概要	-13.451113
Vie	-13.451162
チョコ	-13.451227
ワラ	-13.451288
1,2	-13.451294
まさしく	-13.451394
VI	-13.451448
暴落	-13.451532
▁She	-13.451548
▁府	-13.451619
見守る	-13.451632
▁疲れる	-13.451637
スティー	-13.451681
▁qu	-13.451811
投げつけ	-13.451856
▁ろく	-13.452119
プリンター	-13.452235
van	-13.452291
▁中流	-13.452451
raw	-13.452862
駆り立てる	-13.452868
▁Well	-13.453032
旅立	-13.453320
除け	-13.453378
leo	-13.453442
▁酔っ払い	-13.453475
ギオ	-13.453548
広さ	-13.453558
トーナ	-13.453574
ざら	-13.454194
じわ	-13.454234
イルズ	-13.454302
協議	-13.454467
▁早すぎる	-13.454617
alla	-13.454760
▁ペリー	-13.454850
弾け	-13.455029
豪	-13.455049
晶	-13.455121
▁ハイキング	-13.455169
ベジ	-13.455231
ヒキガエル	-13.455400
贄	-13.455400
▁method	-13.455400
▁グーテンベルク	-13.455400
▁ブルンジ	-13.455400
▁血小板	-13.455400
峠	-13.455400
斐	-13.455401
桶	-13.455401
頁	-13.455401
▁36,37	-13.455402
ギフト	-13.455403
▁マングローブ	-13.455420
▁クリスティーン	-13.455428
▁ヴォル	-13.455441
AE	-13.455455
▁河口	-13.455529
▁スパイダー	-13.455563
▁リリアン	-13.455579
▁なおかつ	-13.455588
▁刺し通	-13.455612
▁同種	-13.455618
撤	-13.455644
▁ラスト	-13.455650
▁ローガン	-13.455731
モサ	-13.455800
ボリュー	-13.455836
▁罪深さ	-13.455897
▁ユタ	-13.456124
▁生える	-13.456135
▁磨く	-13.456141
▁吐き出し	-13.456158
ret	-13.456237
▁敷物	-13.456291
捜せ	-13.456324
帝	-13.456402
▁Press	-13.456592
党員	-13.456720
▁聖歌	-13.456847
締まり	-13.457083
▁納める	-13.457161
滝	-13.457539
疑惑	-13.457544
片隅	-13.457546
▁染み	-13.457550
扇動	-13.457569
冷凍	-13.457583
食卓	-13.457602
アンテナ	-13.457616
メイク	-13.457795
派手	-13.457819
切除	-13.457852
▁わぁ	-13.457971
▁アンダー	-13.458055
コモン	-13.458259
▁取り消し	-13.458297
過誤	-13.458336
バルブ	-13.458652
▁ブダペスト	-13.458774
クチャー	-13.459146
▁察し	-13.459343
▁指さ	-13.459355
お客	-13.459525
Day	-13.459570
かかわらず	-13.459662
▁持ち上げる	-13.460148
▁バルコニー	-13.460249
▁担え	-13.460264
EP	-13.460420
▁4,9	-13.460521
長所	-13.461248
▁撤	-13.461373
こだわる	-13.461426
▁防げ	-13.461588
▁どなり	-13.461590
あんま	-13.461644
mu	-13.461741
▁端末	-13.462277
imi	-13.462301
織	-13.462341
メリー	-13.462345
加わり	-13.462386
▁すみか	-13.463147
▁くわえ	-13.463172
▁泊まり	-13.463424
填	-13.463446
出生	-13.463459
▁しみ込	-13.463517
▁たくわえ	-13.463532
挑む	-13.463535
歩行	-13.463597
▁くすしく	-13.463734
▁こしらえ	-13.463734
▁ゲッセマネ	-13.463734
▁燭台	-13.463734
ヒッチハイク	-13.463734
▁奉ずる	-13.463735
カボチャ	-13.463735
凌	-13.463735
▁チャイナ	-13.463736
伸ばせ	-13.463739
▁覚醒	-13.463740
▁ナチズム	-13.463774
▁サミット	-13.463783
▁引きこも	-13.463783
▁アリー	-13.463806
▁集落	-13.463817
▁香油	-13.463824
▁狭量	-13.463848
掛け合わせ	-13.463871
▁信経	-13.463914
パーキンソン	-13.464041
▁送れ	-13.464081
▁教え諭す	-13.464178
▁激化	-13.464190
方法について	-13.464254
▁ナボ	-13.464269
ぎや	-13.464288
▁冷め	-13.464359
▁発端	-13.464360
yo	-13.464511
▁カートン	-13.464538
ブロードウェ	-13.464564
▁ナル	-13.464591
家令	-13.464626
国外	-13.464684
▁11,29	-13.464706
コンソール	-13.464776
トゲン	-13.464960
▁迫り	-13.464998
zu	-13.465127
正す	-13.465129
ade	-13.465323
▁有無	-13.465505
▁果てしな	-13.465551
▁叙	-13.465640
抜群	-13.465681
▁台頭	-13.465821
恐ろし	-13.465954
パタ	-13.465976
紅茶	-13.466030
凍結	-13.466056
構想	-13.466079
サイモン	-13.466088
0,0	-13.466090
洋服	-13.466106
▁思い上がる	-13.466238
懐かし	-13.466249
住め	-13.466405
▁体格	-13.466414
脅かす	-13.466531
仕返し	-13.466535
▁中核	-13.466635
明細	-13.466884
モグラ	-13.467247
団長	-13.467268
乱暴	-13.467294
▁読み聞かせ	-13.467640
90%	-13.467679
▁トムソン	-13.467870
▁まとい	-13.467898
ひそ	-13.467916
服役	-13.467939
▁変態	-13.468014
dan	-13.468308
サプラ	-13.468501
▁ヘラ	-13.468621
インダ	-13.468728
isten	-13.468966
トライ	-13.469115
ファス	-13.469210
▁命名	-13.469738
▁CN	-13.469862
▁オーウェ	-13.469930
▁コマ	-13.470015
学費	-13.470040
支部	-13.470043
エフ	-13.470045
ren	-13.470160
▁ウナギ	-13.470361
▁レール	-13.470441
イザー	-13.470666
▁やっつけ	-13.470693
▁シリアル	-13.470734
尾根	-13.470833
科目	-13.470915
▁ナマ	-13.471046
演じる	-13.471293
▁転落	-13.471407
▁刷り	-13.471410
ップス	-13.471447
▁ハンバーガー	-13.471507
▁掘り起こ	-13.471687
▁近付く	-13.471772
睡	-13.471861
▁余る	-13.471945
▁慰	-13.472000
染色	-13.472045
埃	-13.472136
硫	-13.472136
▁パトリシア	-13.472137
▁ローデシア	-13.472137
エリエゼル	-13.472137
緻	-13.472137
肛	-13.472137
青ざめ	-13.472143
▁酸性雨	-13.472178
▁キャンデー	-13.472179
▁ミゲル	-13.472215
▁レーガン	-13.472237
▁角膜	-13.472247
▁グラン	-13.472257
エスペラン	-13.472289
▁撃退	-13.472330
▁寄生	-13.472496
語りかけ	-13.472505
▁image	-13.472577
マシューズ	-13.472586
▁しょうがない	-13.472672
▁造船	-13.472680
▁エレナ	-13.472690
▁見下ろす	-13.472729
▁汝等	-13.472856
▁携え入れ	-13.472900
▁励まし合い	-13.472991
▁アドリア	-13.473131
▁潜む	-13.473324
役人	-13.473759
程遠い	-13.473918
サウル	-13.474142
ラテ	-13.474184
▁惜しみ	-13.474283
▁火薬	-13.474322
▁任じ	-13.474348
彫り	-13.474448
龍	-13.474552
ヘリコプター	-13.474554
採掘	-13.474566
封筒	-13.474567
▁2,7	-13.474592
エイミー	-13.474610
思い浮かべ	-13.474612
被告	-13.474615
苦情	-13.474684
OW	-13.474705
制圧	-13.474727
一握り	-13.474756
ident	-13.474765
全域	-13.474892
健やか	-13.474964
▁感じ取る	-13.475003
Class	-13.475121
▁アーチャ	-13.475128
組み立てる	-13.475207
就職	-13.475210
▁外典	-13.475404
650	-13.475405
▁ゆう	-13.475440
▁ラモン	-13.475478
▁shin	-13.475607
▁fla	-13.476192
クスリ	-13.476386
伴い	-13.476411
▁眉	-13.476468
ages	-13.476612
▁脅す	-13.476651
四つ	-13.476752
kill	-13.477171
▁ダイナ	-13.477292
極貧	-13.477393
rt	-13.477486
▁1924	-13.477536
宛て	-13.477684
血筋	-13.477750
▁対戦	-13.477778
失せ	-13.477908
伝わる	-13.477922
▁手際	-13.477940
指向	-13.478426
▁アハ	-13.478660
▁萎	-13.478697
can	-13.478994
▁左上	-13.479191
▁ベルン	-13.479335
▁ジェラー	-13.479541
▁評決	-13.479575
ハンマー	-13.479748
ドリンク	-13.479857
著者	-13.479878
▁操る	-13.480039
▁即ち	-13.480099
様式	-13.480324
妃	-13.480331
エンター	-13.480350
通せ	-13.480548
尤	-13.480611
挽	-13.480611
▁キュビト	-13.480612
▁デシベル	-13.480612
▁パイナップル	-13.480612
▁ブエノスアイレス	-13.480612
▁ミシュナ	-13.480612
▁硫酸	-13.480612
クーデター	-13.480612
喝	-13.480612
▁シチリア	-13.480613
襟	-13.480613
▁抜粋	-13.480617
▁おとずれ	-13.480618
▁ショッキング	-13.480619
▁フィード	-13.480627
踏まえ	-13.480636
▁マスメディア	-13.480644
▁モイラ	-13.480669
▁おおかた	-13.480692
▁(1996	-13.480859
▁占拠	-13.480859
▁一度ならず	-13.480879
▁突撃	-13.480881
陽気	-13.480957
▁取り掛か	-13.480960
▁カースト	-13.481129
言い分	-13.481412
▁お産	-13.481427
▁シャーロット	-13.481435
▁リハビリ	-13.481450
▁海草	-13.481779
供物	-13.481894
▁チャット	-13.481985
フェイ	-13.482004
▁カスティ	-13.482096
中立	-13.482099
情け深い	-13.482430
ディープ	-13.482591
▁治り	-13.482810
▁もたげ	-13.482845
icht	-13.482862
▁侮る	-13.482862
▁かつら	-13.483024
▁リトアニア	-13.483064
研	-13.483096
賄賂	-13.483152
モスクワ	-13.483181
フロリダ	-13.483183
氷河	-13.483197
落胆	-13.483206
羊飼い	-13.483211
▁南側	-13.483221
パトロール	-13.483238
オリビア	-13.483264
マーティン	-13.483318
領土	-13.483323
▁ヒューゴ	-13.483362
▁RNA	-13.483369
▁難なく	-13.483470
▁失せ	-13.483685
▁丹	-13.483694
インテリ	-13.484110
▁ひじ	-13.484153
▁マーケティング	-13.484346
▁マウンテン	-13.484348
▁みごと	-13.484552
ラング	-13.484602
解散	-13.484718
花瓶	-13.484882
ビーコン	-13.485057
▁見届け	-13.485064
ラウト	-13.485105
▁ジオ	-13.485283
▁肖像	-13.485481
▁クリー	-13.485821
▁渋	-13.485847
▁たのむ	-13.485939
▁このゆえに	-13.486073
▁14,16)	-13.486261
▁480	-13.486291
▁撃ち破	-13.486313
▁地熱	-13.486443
プレット	-13.486467
全面	-13.486540
ペテン	-13.486602
擦	-13.486622
浄化	-13.486723
強み	-13.486798
超過	-13.486832
▁エジ	-13.486842
▁一角	-13.487126
▁望め	-13.487171
rows	-13.487240
▁あてはまる	-13.487267
▁焼き捨て	-13.487267
▁断ち切	-13.487349
▁アルミ	-13.487359
lay	-13.487377
▁4.3	-13.487568
通じる	-13.488022
シィ	-13.488227
▁ファイン	-13.488276
▁ツチ	-13.488287
内面	-13.488350
▁鑑賞	-13.488391
ECT	-13.488426
言い争	-13.488523
ホルム	-13.488527
▁ヒメ	-13.488618
▁ロビンソン	-13.488652
▁戻れる	-13.488935
▁好感	-13.489050
屁	-13.489158
÷	-13.489159
▁ピネハス	-13.489159
è	-13.489160
▁おのずと	-13.489162
▁アスベスト	-13.489177
▁十二宮	-13.489188
▁DDT	-13.489189
▁四六時	-13.489196
▁菜園	-13.489205
▁良識	-13.489210
ジャブ	-13.489234
▁ケープ	-13.489273
▁測量	-13.489278
暮らせ	-13.489400
▁改正	-13.489404
バール	-13.489429
▁ルビー	-13.489528
つかみ	-13.489538
若すぎる	-13.489547
▁Archives	-13.489548
▁アンチ	-13.489564
▁コンパス	-13.489564
ゴタ	-13.489623
片付	-13.489625
pon	-13.489705
ヒステリ	-13.489803
▁突きつけ	-13.489849
Part	-13.489914
ジカ	-13.490051
cli	-13.490115
▁似せ	-13.490133
▁バーバー	-13.490216
▁大義	-13.490331
飲み込む	-13.490405
▁傾く	-13.490512
1994	-13.490623
思いつき	-13.490840
少なか	-13.490977
ターガ	-13.491124
▁DH	-13.491226
▁債	-13.491241
きょ	-13.491255
ホイール	-13.491286
ペースト	-13.491509
ecu	-13.491633
模	-13.491673
▁気づかう	-13.491801
FC	-13.491858
破綻	-13.491869
清掃	-13.491880
オム	-13.491907
患難	-13.491907
フォロー	-13.491957
飲酒	-13.491978
▁カルロ	-13.491991
効用	-13.492023
▁動員	-13.492117
反論	-13.492206
▁罪科	-13.492214
堂々	-13.492330
▁軍務	-13.492333
▁受け取ら	-13.492374
かっこいい	-13.492557
反撃	-13.492597
▁待遇	-13.492749
オーディ	-13.492753
▁Con	-13.492756
▁下位	-13.492844
そりゃ	-13.492955
陽子	-13.493011
国境を越え	-13.493013
▁じょう	-13.493114
▁スケート	-13.493272
▁見回し	-13.493615
afe	-13.493635
コンスタンティ	-13.493652
ブレイク	-13.493682
スモー	-13.493793
00%	-13.493807
▁パック	-13.493941
▁斜	-13.494120
異教	-13.494205
祝う	-13.494249
▁手出し	-13.494327
隠れる	-13.494546
ケネス	-13.494636
みじん	-13.494694
種子	-13.494718
点滅	-13.494774
sia	-13.494797
rc	-13.494811
▁ヘビー	-13.494852
ゲッ	-13.494982
▁ヒド	-13.495157
表紙	-13.495165
▁キチ	-13.495197
Box	-13.495198
終日	-13.495359
踏み入れ	-13.495421
▁アキ	-13.495470
アルカイ	-13.495829
▁ピアース	-13.495871
▁クルマ	-13.495904
落ち着き	-13.495971
▁こなし	-13.496077
ather	-13.496097
フェルト	-13.496141
詰まり	-13.496267
ゲラ	-13.496291
▁二番	-13.496311
▁引き返	-13.496540
ota	-13.496802
▁ヒック	-13.497164
KS	-13.497253
▁5,8	-13.497368
PL	-13.497387
暴れ	-13.497535
PM	-13.497590
ぢ	-13.497605
呵責	-13.497779
▁およぼす	-13.497780
◯	-13.497780
斯	-13.497780
▁はち蜜	-13.497784
アピール	-13.497785
アフガン	-13.497785
▁チャットルーム	-13.497790
パブリック	-13.497793
ワイヤレス	-13.497793
薦め	-13.497797
▁鋳造	-13.497802
▁辛苦	-13.497812
▁講ずる	-13.497813
ドロレス	-13.497838
▁Just	-13.497871
▁ぬかる	-13.497875
▁35,36	-13.497889
▁雷雨	-13.497907
バシ	-13.498086
▁山道	-13.498166
▁けり	-13.498181
▁初歩	-13.498248
▁エベ	-13.498292
▁ざら	-13.498381
海水	-13.498567
近付く	-13.499049
▁氷点	-13.499060
▁消え去り	-13.499104
OME	-13.499211
しっくい	-13.499253
▁火花	-13.499337
セルゲイ	-13.499467
▁小石	-13.499553
▁過密	-13.499632
▁買い取る	-13.499641
ステッド	-13.499859
ference	-13.499889
丸い	-13.499994
延べ	-13.500001
銀貨	-13.500175
キヤ	-13.500325
rich	-13.500551
搭	-13.500600
枕	-13.500620
▁年輪	-13.500624
蝶	-13.500624
魅惑	-13.500640
ボクシング	-13.500648
陥れ	-13.500666
粘土	-13.500667
▁唾	-13.500685
全き	-13.500690
リマ	-13.500714
短縮	-13.500730
労苦	-13.500739
イングランド	-13.500747
電灯	-13.500768
彫	-13.500792
▁岬	-13.500916
嫌がる	-13.501010
レポーター	-13.501078
鑑	-13.501147
▁ディナ	-13.501162
視界	-13.501170
祖国	-13.501230
用途	-13.501243
飛び越え	-13.501252
エマ	-13.501362
レイド	-13.501369
結び目	-13.501424
▁序	-13.501495
▁胞	-13.501658
▁エドモン	-13.501766
▁浄め	-13.501776
チク	-13.501797
▁カミー	-13.501817
ilot	-13.502077
老化	-13.503191
▁720	-13.503231
ping	-13.503647
給え	-13.503832
意地悪	-13.503865
授かり	-13.503879
▁見張る	-13.503981
見通し	-13.503989
▁大波	-13.504077
▁飢え渇	-13.504082
地雷	-13.504254
刑罰	-13.504266
チェックイン	-13.504302
▁ステイ	-13.504346
貪	-13.504397
▁マルセ	-13.504533
▁長女	-13.504559
▁語り告げ	-13.504639
▁モデ	-13.504659
▁憂	-13.504688
パイク	-13.504717
▁以	-13.504720
詰める	-13.504855
アルド	-13.504898
賭	-13.505065
▁蛾	-13.505153
ゴッ	-13.505413
石器	-13.505571
罹	-13.505592
エミ	-13.505599
▁ミセ	-13.505716
▁気前	-13.505966
▁アロ	-13.506104
挿	-13.506421
礎	-13.506452
▁降ら	-13.506466
兎	-13.506474
淵	-13.506474
▁堤防	-13.506475
▁フランソワ	-13.506477
マゴグ	-13.506477
平手打ち	-13.506478
玩具	-13.506479
▁咲く	-13.506493
▁モルドバ	-13.506500
▁テロリズム	-13.506510
イエ	-13.506510
▁供する	-13.506572
▁殖え	-13.506599
ked	-13.506649
整頓	-13.506679
▁赴き	-13.506703
担う	-13.506730
▁マサイ	-13.506752
▁祭典	-13.506798
▁門限	-13.506922
▁信心深	-13.506992
尽きる	-13.507054
恩知らず	-13.507102
LD	-13.507107
アンサ	-13.507124
▁黒海	-13.507125
突き止める	-13.507219
取り合	-13.507223
▁瞬く	-13.507379
▁廃物	-13.507511
▁入り混じ	-13.507521
GD	-13.507640
▁捕われ	-13.507873
IF	-13.507894
rong	-13.508004
▁2,200	-13.508117
切り抜け	-13.508204
▁肉親	-13.508216
▁ウイスキー	-13.508268
▁流れ込み	-13.508315
フェー	-13.508512
毛髪	-13.508524
▁仕切り	-13.508619
パンク	-13.508702
▁振るい	-13.508760
▁みなせる	-13.509094
探る	-13.509168
てたま	-13.509365
▁レバー	-13.509376
▁5,13	-13.509458
澄	-13.509476
アザラシ	-13.509479
漸	-13.509491
紙幣	-13.509498
相変わらず	-13.509519
ブラックホール	-13.509523
考案	-13.509573
賛美	-13.509597
収縮	-13.509630
▁歯車	-13.509777
階層	-13.509830
イティブ	-13.509867
▁ユネスコ	-13.509897
トーマ	-13.510020
感想	-13.510123
生まれつき	-13.510219
裏側	-13.510412
置き場	-13.510719
ities	-13.510815
▁9,12	-13.510853
汚す	-13.510911
sible	-13.510957
▁トンボ	-13.511138
見放	-13.511165
美しか	-13.511183
▁歪	-13.511226
▁スターリン	-13.511347
撤回	-13.511405
▁ダイバー	-13.511406
使い道	-13.511469
▁バッタ	-13.511528
▁よろめか	-13.511723
▁献	-13.511806
▁むさぼ	-13.511830
風船	-13.511862
レール	-13.511889
7.5	-13.512009
▁執る	-13.512084
盛り上が	-13.512215
傷つく	-13.512384
▁バレンタイン	-13.512876
▁109	-13.512922
▁語根	-13.513213
GS	-13.513396
▁靴下	-13.513398
roid	-13.513557
▁レックス	-13.514002
hard	-13.514138
▁長引	-13.514150
▁結び合わせ	-13.514228
▁COM	-13.514696
ダクト	-13.514928
写し	-13.515196
▁しばし	-13.515218
▁Earth	-13.515246
▁エリパズ	-13.515247
▁ナタナエル	-13.515247
▁膨れ上が	-13.515247
▁里程標	-13.515247
▁浴槽	-13.515252
▁イエメン	-13.515266
▁恐ろしさ	-13.515266
▁荒れ果て	-13.515360
▁ビクトル	-13.515476
▁高じ	-13.515583
レディー	-13.515623
▁切り断	-13.515722
ノーマ	-13.515753
ソコ	-13.515779
▁伝記	-13.515810
▁離脱	-13.515818
▁アグ	-13.515948
電卓	-13.516026
見分ける	-13.516117
1990	-13.516325
▁踏ま	-13.516417
▁鍼	-13.516484
▁笑える	-13.516556
▁おおわ	-13.516585
▁土星	-13.516629
促す	-13.516646
▁輝かせ	-13.516728
エルフ	-13.516730
放逐	-13.516742
▁高台	-13.516807
近付け	-13.516859
バーンズ	-13.516894
ゲティ	-13.517069
ボイス	-13.517194
バッチ	-13.517323
▁開口	-13.517385
かしこ	-13.517387
▁イワ	-13.517837
▁険	-13.517892
▁つまみ	-13.518002
サンドラ	-13.518009
▁ウシ	-13.518157
ウラン	-13.518300
酔っぱら	-13.518386
カウンター	-13.518394
窒息	-13.518412
飢餓	-13.518420
おやすみ	-13.518450
ガレージ	-13.518456
寺院	-13.518468
創設	-13.518555
カーペット	-13.518557
モンティ	-13.518652
▁ルシア	-13.518666
噛む	-13.518779
マホ	-13.518856
血圧	-13.518898
ヘタ	-13.518974
当てはめ	-13.519029
▁よろめ	-13.519083
bad	-13.519156
カーボン	-13.519342
▁タミー	-13.519387
▁苦々しさ	-13.519588
超越	-13.519863
ツィン	-13.520010
▁オーエン	-13.520085
▁押しや	-13.520117
▁立ち返る	-13.520638
畏	-13.520715
▁KG	-13.521213
見張る	-13.521252
▁ヤッ	-13.521612
ディール	-13.521732
▁ジュリ	-13.521744
イーグル	-13.521833
くっつけ	-13.521977
▁フロイ	-13.522338
▁すそ	-13.522383
差し込	-13.522413
▁聞ける	-13.522547
レージ	-13.523108
▁軽々	-13.523688
loca	-13.523984
究	-13.523986
隆	-13.524052
脊	-13.524092
鉤	-13.524096
▁ゲハジ	-13.524096
▁ジャラズ	-13.524096
▁パラグアイ	-13.524096
▁療養	-13.524096
people	-13.524097
猾	-13.524097
訛	-13.524097
鹸	-13.524097
▁高き所	-13.524101
▁廃虚	-13.524121
▁ガイアナ	-13.524122
▁テムズ	-13.524126
アドバイザ	-13.524128
隆起	-13.524141
かき混ぜ	-13.524227
▁付録	-13.524299
▁シャーマン	-13.524311
▁クレメンス	-13.524323
▁オルガン	-13.524407
▁吸引	-13.524440
ジャンル	-13.524545
対戦	-13.524850
▁足早	-13.524900
▁つとめ	-13.524926
ces	-13.525097
▁コミュニティー	-13.525116
▁星空	-13.525204
▁船団	-13.525229
▁パウ	-13.525335
終結	-13.525346
▁すき間	-13.525446
gua	-13.525634
yes	-13.526083
uni	-13.526126
▁かたど	-13.526772
突っ込む	-13.526947
▁落ち込み	-13.527262
レトロ	-13.527287
▁Ni	-13.527309
箴	-13.527311
▁気配	-13.527349
モニカ	-13.527411
繊細	-13.527421
経緯	-13.527424
承諾	-13.527427
腎臓	-13.527436
パレード	-13.527441
クラーク	-13.527460
place	-13.527462
スーツケース	-13.527489
▁密告	-13.527514
ビショップ	-13.527531
送り返	-13.527545
おびえ	-13.527626
泣き出	-13.527691
音色	-13.527693
百科	-13.527711
ダーウィン	-13.527728
連結	-13.527731
プログラ	-13.527846
描写	-13.527869
特異	-13.527901
飲みすぎ	-13.528085
原告	-13.528127
▁固まり	-13.528365
▁くずれ	-13.528486
▁考え出す	-13.528501
▁高ぶ	-13.528899
下位	-13.528918
付き添	-13.529027
あたえ	-13.529089
FDA	-13.529292
▁エウ	-13.529423
イチ	-13.529622
▁モニカ	-13.529695
強要	-13.529835
MAP	-13.529976
▁52)	-13.530024
乗り物	-13.530203
シュラム	-13.530206
▁ソーダ	-13.530600
思案	-13.530622
▁後戻り	-13.531021
ハト	-13.531444
プロテ	-13.531723
頼める	-13.532105
▁飛び去	-13.532146
▁エバンス	-13.532413
ベート	-13.532550
手がけ	-13.532912
▁あだ名	-13.533006
把	-13.533017
▁カルタゴ	-13.533025
▁病みつき	-13.533025
○	-13.533025
▁エイブラハム	-13.533026
ナマケモノ	-13.533026
灼	-13.533027
▁荒れ狂う	-13.533031
▁アルジェリア	-13.533042
▁インパルス	-13.533050
▁デイジー	-13.533069
lways	-13.533119
▁あわれみ深い	-13.533163
カルロ	-13.533186
ヨーテ	-13.533238
,13,14	-13.533284
▁闘士	-13.533398
リハ	-13.533434
▁表向き	-13.533450
▁1910	-13.533708
永らえ	-13.533778
インフレーション	-13.533898
宿る	-13.534028
さらし	-13.534111
▁クワ	-13.534164
▁如く	-13.534237
▁行き渡り	-13.534555
フィンガー	-13.534555
▁イザベ	-13.534621
防げ	-13.534849
▁飲ませる	-13.535036
▁眠れる	-13.535074
重なる	-13.535090
▁Or	-13.535411
▁書き記す	-13.535449
range	-13.535523
レイダー	-13.535818
溶ける	-13.535857
▁頓着	-13.535904
▁残骸	-13.535910
求人	-13.536103
ined	-13.536252
渋	-13.536470
語彙	-13.536512
ひたすら	-13.536523
▁探し出	-13.536532
押収	-13.536544
アンドリュー	-13.536556
教皇	-13.536569
ジュリア	-13.536584
停電	-13.536600
引き締め	-13.536695
替わり	-13.536741
発掘	-13.536777
サダ	-13.536937
▁地層	-13.536954
▁年収	-13.537001
蒸気	-13.537140
uc	-13.537169
ife	-13.537627
吸わ	-13.537741
▁疑いなく	-13.537849
ola	-13.537861
▁モルヒネ	-13.537869
リトル	-13.538082
アッ	-13.538171
抱える	-13.538340
▁クララ	-13.538545
バナー	-13.538575
収まる	-13.538610
慣	-13.538627
コラム	-13.538630
突く	-13.538791
リボ	-13.538828
ドンナ	-13.538853
魚類	-13.538853
手先	-13.538942
リグ	-13.539107
ゲネ	-13.539267
ホウ	-13.539527
アルカリ	-13.539719
書き換える	-13.539873
▁名高い	-13.539968
火山	-13.540037
Dia	-13.540090
▁いらだた	-13.540322
浴びせ	-13.540700
口実	-13.540710
ute	-13.540832
▁生い茂	-13.540884
stand	-13.540962
▁Bu	-13.541129
▁薄暗	-13.541141
誤ち	-13.541241
▁投げ出さ	-13.541379
歪	-13.541639
▁悔や	-13.541735
nb	-13.541882
鼓	-13.541926
▁とてつもな	-13.541941
ボトム	-13.542011
▁アルゲマイネ	-13.542034
▁蛋白質	-13.542034
とうもろこし	-13.542034
▁ニンジン	-13.542036
▁迷宮	-13.542062
▁スナック	-13.542090
結びつけ	-13.542143
▁かんがい	-13.542225
解き明かす	-13.542407
▁貧民	-13.542436
スキュラ	-13.542439
▁澄み	-13.542445
▁慕わ	-13.542510
▁送り込む	-13.542682
恩赦	-13.542862
トゥール	-13.542910
ガット	-13.542987
▁包む	-13.543126
荒々しく	-13.543128
▁岩山	-13.543136
▁つかわ	-13.543189
▁逆らい	-13.543230
首輪	-13.543326
▁アラー	-13.543352
▁マラソン	-13.543511
cat	-13.543748
学部	-13.543759
▁訳し方	-13.543760
▁暴れ	-13.543792
▁3,200	-13.543879
▁荒らし	-13.543950
メダ	-13.544002
▁万能	-13.544154
別れる	-13.544173
illa	-13.544248
▁収まり	-13.544452
ブラインド	-13.544730
エイド	-13.544753
cho	-13.544946
▁巻き上げ	-13.545547
痘	-13.545675
薪	-13.545685
▁栄える	-13.545689
ミツバチ	-13.545696
肝臓	-13.545703
ふさわしく	-13.545708
暖房	-13.545718
勘定	-13.545837
感銘	-13.545845
山脈	-13.545864
工程	-13.545879
推移	-13.545886
cos	-13.545887
フランクフル	-13.546001
ロマンチ	-13.546006
赤字	-13.546030
置き忘れ	-13.546032
▁アストリ	-13.546139
病原	-13.546194
▁37,38)	-13.546210
内臓	-13.546264
折る	-13.546356
ステー	-13.546404
Post	-13.546454
ポス	-13.546458
ial	-13.546471
喜ばせる	-13.546702
▁ハナ	-13.546744
ディッシュ	-13.546823
エキ	-13.546847
チャーズ	-13.546968
ルーク	-13.547009
▁ヨーグルト	-13.547191
靴下	-13.547363
▁のぞき	-13.547538
フッド	-13.547644
メイヤー	-13.547652
▁place	-13.547789
TY	-13.547837
IE	-13.547870
▁引き入れ	-13.548124
厚く	-13.548147
ニム	-13.548182
▁芯	-13.548265
▁レスリ	-13.548370
▁譲る	-13.548501
ネーション	-13.548531
一流	-13.548862
ザマ	-13.548905
▁スカー	-13.548918
ジジ	-13.549016
引き離	-13.549040
ris	-13.549986
▁皿洗	-13.550200
アンカー	-13.550236
モチ	-13.550275
▁渦巻	-13.550347
運べる	-13.550727
シール	-13.550807
凱	-13.551124
á	-13.551125
ハイブリッド	-13.551125
昭	-13.551125
▁ちゅうちょ	-13.551126
▁もてあそぶ	-13.551126
▁ジェローム	-13.551126
▁ニューエイジ	-13.551126
寓	-13.551126
▁博覧会	-13.551130
▁ぼう然	-13.551131
▁酔う	-13.551142
紋章	-13.551142
▁ディーゼル	-13.551147
▁発疹	-13.551153
▁マンチェスター	-13.551161
▁ジンジャー	-13.551167
▁苗木	-13.551212
▁氏族	-13.551336
▁ロイター	-13.551421
▁幻影	-13.551467
▁JP	-13.551502
▁元老	-13.551512
▁アデル	-13.551605
▁塩素	-13.551719
アトラス	-13.551757
▁マイルズ	-13.551796
▁測り	-13.551845
▁円満	-13.551862
取り込む	-13.551927
聖杯	-13.552092
▁6,8	-13.552253
貼っ	-13.552412
▁踏み越え	-13.552468
ペッパー	-13.553006
▁ワカ	-13.553272
Tw	-13.553281
▁エルサ	-13.554115
▁泣き悲し	-13.554159
ケリ	-13.554166
分派	-13.554451
IQ	-13.554901
アルファベット	-13.554954
熟考	-13.555017
緩和	-13.555048
生き返ら	-13.555254
▁連れ戻す	-13.555267
樹木	-13.555360
▁釜	-13.555408
well	-13.555461
▁見下し	-13.555662
スルー	-13.555678
▁トラウマ	-13.555712
コーダ	-13.555760
▁飛び上が	-13.555795
プリング	-13.555883
▁Per	-13.555967
ウェルズ	-13.556009
ボイル	-13.556135
受け付け	-13.556272
Apa	-13.556419
レイラ	-13.556437
idn	-13.556560
ject	-13.556639
威張	-13.556701
ハンソン	-13.556917
ドメ	-13.556943
▁パース	-13.556952
▁138	-13.557004
▁流れ出	-13.557385
▁bir	-13.557402
lu	-13.557432
差し出し	-13.557433
うろつ	-13.557586
▁目立ち	-13.557673
コッ	-13.557815
▁レディー	-13.557873
ミネ	-13.558225
▁58)	-13.558280
0.0	-13.558417
学位	-13.558527
▁スタンレ	-13.558556
▁Top	-13.558700
柔らかい	-13.558894
▁代え	-13.558929
dt	-13.559214
▁服す	-13.559424
投じ	-13.559486
仕立て	-13.559813
チョーク	-13.559831
勧める	-13.559940
▁伸びる	-13.560005
▁ヘリウム	-13.560038
帰りなさい	-13.560078
倒れる	-13.560100
擁	-13.560154
▁アドベンティスト	-13.560300
▁コペルニクス	-13.560300
▁ヘロドトス	-13.560300
▁ワルシャワ	-13.560300
▁遵守	-13.560300
▁壮観	-13.560301
眩	-13.560301
▁バリケード	-13.560302
▁招じ入れ	-13.560302
▁香柏	-13.560303
▁慕う	-13.560305
▁アムノン	-13.560314
▁刈る	-13.560334
▁恥ずかしさ	-13.560338
▁増築	-13.560341
▁チーター	-13.560344
▁ニコラ	-13.560365
▁↓	-13.560376
▁必至	-13.560376
▁タービン	-13.560387
▁ウィークリー	-13.560390
お見舞い	-13.560401
▁告解	-13.560421
騒然	-13.560441
▁ミニスター	-13.560456
繋ぎ	-13.560490
同族	-13.560517
▁くつろぎ	-13.560568
▁作り直す	-13.560572
▁花び	-13.560596
▁分かち	-13.560601
▁くらまし	-13.560616
モンロ	-13.560656
▁注記	-13.560661
▁筆頭	-13.560699
縫合	-13.560721
▁学童	-13.560724
▁ウワ	-13.560804
当初	-13.560866
▁電荷	-13.560945
インスタント	-13.561018
▁ずる賢い	-13.561049
▁デング	-13.561052
▁エスター	-13.561142
ゾール	-13.561193
▁鋤	-13.561321
▁Air	-13.561394
ii	-13.561454
ラスカ	-13.561588
有意	-13.561773
▁弱まる	-13.561867
プロン	-13.561959
▁弱まり	-13.562033
▁思い込み	-13.562051
生かす	-13.562112
甘やか	-13.562140
▁ガルス	-13.562154
GM	-13.562252
菓子	-13.562619
アンドロ	-13.562654
AY	-13.562841
歯茎	-13.562862
STO	-13.563023
▁拾い上げ	-13.563191
ross	-13.563324
ノリー	-13.563482
928	-13.563527
air	-13.563559
動き出	-13.563583
きらき	-13.563586
Fr	-13.563807
▁おののか	-13.563947
▁出土	-13.564068
偉く	-13.564079
範	-13.564226
肖像	-13.564260
模索	-13.564269
胚	-13.564291
総督	-13.564310
ビジター	-13.564316
暴虐	-13.564316
▁打ちつけ	-13.564330
津波	-13.564331
クーパー	-13.564353
将校	-13.564369
建造	-13.564369
未遂	-13.564376
固執	-13.564402
言い聞かせ	-13.564502
っこない	-13.564576
チェリー	-13.564651
暗がり	-13.564656
南極	-13.564762
香水	-13.564873
アニー	-13.565242
乱用	-13.565260
▁フランコ	-13.565486
ンゴン	-13.565655
▁洗い流	-13.565901
縫い	-13.565906
テディ	-13.566253
▁わき起こ	-13.566287
▁親鳥	-13.566310
▁詳	-13.566696
▁余剰	-13.567064
エリソン	-13.567123
却下	-13.567223
ファラ	-13.567355
▁スペー	-13.567392
元々	-13.567597
▁3,8	-13.567604
▁パラシ	-13.567650
恐る	-13.567892
▁ロキ	-13.568027
国たみ	-13.568077
持ち去	-13.568191
GA	-13.568437
忍び込	-13.568574
ハース	-13.568802
よしよし	-13.568910
積み重な	-13.568951
▁燃え尽き	-13.569071
▁1200	-13.569132
陥る	-13.569251
▁リサイクル	-13.569486
収ま	-13.569516
▁撃ち殺	-13.569545
扁	-13.569558
薫	-13.569558
▁Panos	-13.569559
▁ポルネイア	-13.569559
▁サボテン	-13.569560
▁アーネスト	-13.569579
▁ロバーツ	-13.569581
▁そびえ立つ	-13.569594
▁テンプル	-13.569603
▁ツバル	-13.569616
▁雨季	-13.569653
▁流し去る	-13.569678
▁発効	-13.569748
▁もてはや	-13.569842
戦死	-13.569970
取り扱	-13.570001
859	-13.570019
レゴ	-13.570045
ブローカ	-13.570161
▁発散	-13.570168
▁シリ	-13.570496
アバドン	-13.570751
▁血球	-13.570827
each	-13.571213
間近	-13.571216
▁つつまし	-13.571299
▁ウーン	-13.571308
▁洗脳	-13.571551
▁サバ	-13.571706
癒す	-13.572039
▁失わせ	-13.572134
order	-13.572142
中退	-13.572162
▁State	-13.572181
認可	-13.572333
るべきである	-13.572397
BBC	-13.572453
etter	-13.572653
裂き	-13.572702
ding	-13.573045
▁マーゴ	-13.573194
大腿	-13.573395
MM	-13.573435
▁アレクサンダ	-13.573621
恒	-13.573686
とどま	-13.573712
秘訣	-13.573736
カロリー	-13.573743
土壌	-13.573746
批評	-13.573746
三位一体	-13.573747
ベーコン	-13.573781
さらす	-13.573822
テイラー	-13.573827
免除	-13.573885
many	-13.573989
媒	-13.573993
圧迫	-13.574002
曇り	-13.574023
降らす	-13.574027
▁ベテラン	-13.574169
夜更	-13.574293
▁許し合	-13.574308
つかせ	-13.574793
刺さ	-13.574877
引き止め	-13.575039
肝心	-13.575221
ルクー	-13.575316
▁勝り	-13.575423
▁飛び込み	-13.575446
組め	-13.575531
怠け	-13.575772
ブリス	-13.575827
▁イグ	-13.575844
食わせ	-13.575891
憶病	-13.575969
twork	-13.576210
ビシャ	-13.576216
▁詠	-13.576240
▁手渡	-13.577164
隠し場所	-13.577170
挙げる	-13.577370
一撃	-13.577390
小さすぎる	-13.577639
▁羽ばた	-13.577645
マナ	-13.577861
けんか	-13.577895
▁サター	-13.577979
投げ出	-13.578103
アリウス	-13.578284
▁フィッシャ	-13.578386
シリウス	-13.578690
酪	-13.578891
▁United	-13.578904
▁シェケム	-13.578904
▁尼僧	-13.578904
▁玉ねぎ	-13.578904
▁隕石	-13.578904
▁Foto	-13.578906
▁ポンペイ	-13.578912
▁講堂	-13.578923
栄華	-13.578927
▁穀類	-13.578944
▁張り裂け	-13.578945
剥奪	-13.578945
おしゃれ	-13.578959
▁専制	-13.578964
▁期日	-13.578983
▁牢番	-13.579006
▁ふさぐ	-13.579015
▁果肉	-13.579018
▁首飾り	-13.579024
▁尊び	-13.579031
▁難破	-13.579101
▁劣等	-13.579186
▁ニモ	-13.579244
▁正教	-13.579288
自治	-13.579381
▁結集	-13.579432
▁done	-13.579433
▁御座	-13.579612
▁熱情	-13.579700
atte	-13.579772
しゅう	-13.579782
▁パーム	-13.579982
▁プルト	-13.580134
みつか	-13.580140
▁ニコル	-13.580142
▁笏	-13.580223
▁オンス	-13.580634
ハイジャック	-13.580880
▁カスパ	-13.580897
▁遠ざかる	-13.580924
▁祭日	-13.581237
シグマ	-13.581500
▁打ち倒	-13.581542
▁ほど遠い	-13.581658
▁織り込	-13.581664
▁足取り	-13.582036
▁眠ら	-13.582241
▁根元	-13.582745
浴びる	-13.583108
アップル	-13.583122
ビタミン	-13.583267
殉教	-13.583276
欠如	-13.583279
卑しめ	-13.583288
主人公	-13.583388
マスタード	-13.583517
分かち合	-13.583533
NGO	-13.583794
戸口	-13.583868
ズーム	-13.583947
MT	-13.583954
ヒヤ	-13.583984
ぶち込	-13.584037
宿主	-13.584272
お菓子	-13.584392
磁石	-13.584404
exico	-13.584575
創作	-13.585016
sam	-13.585117
示せ	-13.585172
列王	-13.585319
ウケ	-13.585366
▁手持ち	-13.585590
子宮	-13.585594
▁ミリグラム	-13.585696
KW	-13.585925
▁またがる	-13.585983
ぷん	-13.585994
エク	-13.586109
ニアス	-13.586321
ジキ	-13.586463
▁劣る	-13.586474
クセン	-13.586734
▁絞め殺	-13.586765
ソーダ	-13.586850
前面	-13.586942
ji	-13.587055
▁落第	-13.587189
ひど	-13.587209
濃い	-13.587486
OM	-13.587632
▁不調	-13.587752
pha	-13.587808
汲	-13.588048
格子	-13.588275
40%	-13.588295
トランジスタ	-13.588325
マクドナルド	-13.588338
奢	-13.588338
理不尽	-13.588339
▁ねずみ	-13.588342
▁緯度	-13.588344
▁ビンロウジ	-13.588346
▁繁盛	-13.588355
▁アカシア	-13.588371
▁44,45	-13.588375
磁場	-13.588390
▁パディ	-13.588396
▁カルメル	-13.588403
▁ウェンディ	-13.588445
▁淡い	-13.588477
▁皮袋	-13.588497
ヴェル	-13.588527
▁くつろぐ	-13.588566
ification	-13.588582
▁こじき	-13.588595
レバ	-13.588655
▁千葉	-13.588673
▁西岸	-13.588694
月経	-13.588721
ッフェル	-13.588730
▁悪態	-13.588749
けち	-13.588815
▁アリーナ	-13.588855
▁難船	-13.588859
シューズ	-13.588888
▁分捕	-13.588889
▁1,10	-13.588896
▁原野	-13.588920
▁赴く	-13.589049
▁汚水	-13.589104
グラディ	-13.589148
▁叫ば	-13.589254
▁聖徒	-13.589263
滅茶	-13.589428
▁給水	-13.589532
仕込	-13.589577
▁異質	-13.589714
▁船旅	-13.589766
▁みなぎる	-13.589849
equ	-13.589876
▁捨て去ら	-13.590037
ブランチ	-13.590109
砕く	-13.590120
指環	-13.590135
gor	-13.590154
▁口臭	-13.590409
ele	-13.590538
▁NA	-13.590581
▁陥れる	-13.590944
選出	-13.590970
▁Sta	-13.591293
▁KA	-13.591306
ちひし	-13.591318
狩る	-13.591467
ネッサ	-13.591559
igg	-13.591689
nai	-13.591836
ご免	-13.591838
効き	-13.591927
うろこ	-13.592084
▁そそのか	-13.592471
ond	-13.592483
ひざ	-13.592607
めず	-13.592640
タコ	-13.592687
Clo	-13.592695
CK	-13.592798
Photo	-13.592840
トカゲ	-13.592853
地平線	-13.592857
ハリウッド	-13.592878
中性子	-13.592887
レイチェル	-13.592907
▁買い求め	-13.592916
修道院	-13.592925
横浜	-13.592930
布告	-13.592936
アンダーソン	-13.592973
地理	-13.592991
▁吸入	-13.593047
雨林	-13.593050
ナンシー	-13.593165
捕える	-13.593186
▁カルテ	-13.593206
代謝	-13.593233
エース	-13.593289
フィラ	-13.593363
温かい	-13.593531
▁アンジ	-13.593552
映る	-13.593671
サマリア	-13.593692
全土	-13.593828
フッ	-13.593966
ection	-13.593974
眠らせ	-13.594011
散らば	-13.594235
▁混ぜる	-13.594380
dn	-13.594479
▁プロパガンダ	-13.594585
▁生きがい	-13.594698
▁母音	-13.594768
▁真昼	-13.594840
満点	-13.594980
跳ね返	-13.595116
▁収ま	-13.595168
Res	-13.595297
▁見せ物	-13.596180
カイン	-13.596257
je	-13.596437
もてなし	-13.596789
着ける	-13.597092
▁勝ち得	-13.597112
mine	-13.597137
サット	-13.597334
峡	-13.597455
枯	-13.597490
ray	-13.597822
亀	-13.597856
クセルクセス	-13.597861
チュニジア	-13.597861
凹	-13.597861
▁エホアシュ	-13.597862
▁サマリヤ	-13.597862
▁ズールー	-13.597862
▁チェルノブイリ	-13.597862
▁ユニセフ	-13.597862
▁ルフェーブル	-13.597862
▁和らぎ	-13.597862
▁貢ぎ	-13.597862
ボヘミア	-13.597862
彰	-13.597862
套	-13.597863
▁祈祷	-13.597877
▁シェリル	-13.597887
ナダ	-13.597901
ラグビー	-13.597901
▁回勅	-13.597909
▁充満	-13.597945
▁シンシア	-13.597948
▁引き網	-13.598026
▁マリリン	-13.598038
口説	-13.598089
▁ボニー	-13.598131
成り立つ	-13.598143
案じ	-13.598212
▁分け合い	-13.598228
▁再興	-13.598317
イリアス	-13.598427
▁ヘブロン	-13.598468
III	-13.598567
プリンス	-13.598628
刷	-13.598702
▁ラバン	-13.598734
おろす	-13.598752
▁うたう	-13.598757
▁競い合	-13.598792
▁忙しすぎ	-13.598899
ゴシップ	-13.598924
▁長引く	-13.598951
▁アイダ	-13.599224
▁疲れき	-13.599254
▁調教	-13.599280
イラスト	-13.599305
▁持ち出さ	-13.599392
▁ふち	-13.599702
▁布地	-13.599708
ポイン	-13.599724
泳げる	-13.599946
▁説き勧める	-13.599988
▁ケイン	-13.600137
スタイ	-13.600199
タイラー	-13.600307
▁ぶら下が	-13.600351
アテ	-13.600370
▁2,8	-13.600385
▁アパルトヘイト	-13.600762
見下ろ	-13.600872
プラザ	-13.600904
▁済ませる	-13.600998
多産	-13.601096
▁(2000	-13.601151
アクセ	-13.601346
融和	-13.601460
▁モハ	-13.601519
水浸	-13.601581
ヴァリ	-13.601881
差し上げ	-13.601888
▁Image	-13.602016
受容	-13.602055
ショナ	-13.602108
▁喜ばす	-13.602142
▁かがめる	-13.602183
▁2.4	-13.602504
うるさく	-13.602527
眉	-13.602546
むずかし	-13.602556
ユニーク	-13.602583
クレイジー	-13.602588
ダイヤモンド	-13.602604
全般	-13.602612
コロンビア	-13.602617
責め苦	-13.602636
駆除	-13.602658
エミリー	-13.602727
返れ	-13.602747
▁お世辞	-13.602748
ッシェ	-13.602966
なおす	-13.603106
▁アルメイダ	-13.603173
シモン	-13.603177
ral	-13.604146
dev	-13.604149
透明性	-13.604361
rgan	-13.604445
▁鈍らせ	-13.604548
ことを認め	-13.605132
重量	-13.605301
▁凸	-13.605449
▁ふるい	-13.605673
合同	-13.605784
エレン	-13.605814
ご自身	-13.605828
請い願	-13.606073
▁ティミ	-13.606203
バーナー	-13.606268
腕輪	-13.606469
▁serv	-13.606703
貸付	-13.606797
しつこ	-13.606911
sive	-13.606923
▁敗れ	-13.606997
妊	-13.606998
上品	-13.607085
MY	-13.607292
進法	-13.607302
卜	-13.607473
歎	-13.607473
▁オバデヤ	-13.607477
▁トウガラシ	-13.607477
▁ネフィリム	-13.607477
ハーモニー	-13.607477
堤	-13.607478
▁エクスプレス	-13.607487
▁旋律	-13.607488
▁ストロング	-13.607490
▁イブニング	-13.607494
▁養蜂	-13.607519
▁青銅	-13.607522
▁2,520	-13.607555
▁離反	-13.607589
▁締め出す	-13.607686
▁そそぐ	-13.607755
▁アーカン	-13.607861
寝返	-13.607862
▁掘り出し	-13.607871
▁pages	-13.607990
▁種粒	-13.608074
▁photos	-13.608077
タイン	-13.608164
▁パター	-13.608214
▁ロンダ	-13.608354
▁見きわめる	-13.608374
▁ふけり	-13.608537
▁Vol	-13.608540
ネロ	-13.608820
▁ファルコ	-13.609007
燃えさか	-13.609137
産み	-13.609255
jan	-13.609490
tem	-13.609701
すべきである	-13.609839
プロバイ	-13.610077
▁ウォッ	-13.610127
▁大和	-13.610134
▁植え込	-13.610494
ちき	-13.610538
▁押し寄せる	-13.610671
lab	-13.610954
Kam	-13.611055
抑	-13.611077
▁六日	-13.611254
ハンナ	-13.611314
▁オーストラリアン	-13.611499
バニ	-13.611614
▁従わせる	-13.611664
取り下げ	-13.612347
トラウマ	-13.612371
ナポレオン	-13.612376
規範	-13.612393
積み重ね	-13.612397
香港	-13.612429
重んじ	-13.612473
湧き	-13.612491
インフレ	-13.612494
居所	-13.612559
毛皮	-13.612619
変態	-13.612635
食欲	-13.612812
落書き	-13.612887
リビング	-13.613087
▁メンテナンス	-13.613272
クイズ	-13.613299
▁罪状	-13.613349
カーソ	-13.613492
UP	-13.613676
▁バーベキュー	-13.613702
ヨハ	-13.613746
▁ドム	-13.614046
キオ	-13.614277
埋ま	-13.614542
路線	-13.614546
出し抜	-13.614547
Map	-13.614683
閉ざ	-13.614932
▁2,0	-13.615067
160	-13.615184
グリス	-13.615338
産婦	-13.615357
誇	-13.615725
ボーグ	-13.615767
▁イネ	-13.615863
シーク	-13.615960
尋	-13.616168
カモ	-13.616208
▁アンバー	-13.616409
▁マイクロフ	-13.616443
マメ	-13.616616
▁tri	-13.616628
▁エバン	-13.616780
行き詰	-13.616866
ダイン	-13.616886
膏	-13.616978
療	-13.617004
▁ヘクター	-13.617139
家系	-13.617146
伐	-13.617183
嘉	-13.617184
錆	-13.617185
愕	-13.617186
▁茶飯事	-13.617187
▁誡命	-13.617187
▁責めさいな	-13.617187
厨	-13.617187
麓	-13.617187
▁ミッシェル	-13.617192
▁Paris	-13.617197
奔放	-13.617208
回せ	-13.617230
▁急騰	-13.617249
▁湿原	-13.617264
▁買い戻し	-13.617266
▁献金	-13.617299
viet	-13.617330
▁かたわら	-13.617397
マディーナ	-13.617500
▁シャルル	-13.617506
ギガ	-13.617566
▁ラドン	-13.617589
▁村落	-13.617662
▁Ap	-13.617675
キチ	-13.617859
▁小羊	-13.617972
雑貨	-13.618054
ジャージ	-13.618058
罹患	-13.618172
ギャラ	-13.618294
くらん	-13.618361
▁こぶし	-13.618365
足なえ	-13.618471
スタント	-13.618733
▁重ねる	-13.618798
越せ	-13.618867
間違える	-13.619373
▁ささげ物	-13.619383
▁共働き	-13.619648
▁取り巻	-13.619839
▁形容	-13.620107
wai	-13.620167
dition	-13.620430
▁1915	-13.620669
クルマ	-13.620954
賃貸	-13.620996
La	-13.621008
生き残り	-13.621550
▁フラミンゴ	-13.621590
▁新入	-13.621604
▁137	-13.621710
疑似	-13.621797
丈夫	-13.621864
tual	-13.621893
▁17%	-13.621922
寄りかか	-13.621938
▁Ad	-13.621960
マーシャル	-13.622227
聡明	-13.622276
忌まわしい	-13.622278
消耗	-13.622285
軽んじ	-13.622297
ホワイトハウス	-13.622298
慣習	-13.622311
巧妙	-13.622318
喜ばしい	-13.622362
▁フツ	-13.622444
概要	-13.622524
バイン	-13.622561
しでか	-13.622613
転覆	-13.622625
課程	-13.622700
ブラント	-13.622828
ROM	-13.622918
取り替え	-13.622981
▁0.1	-13.623002
Book	-13.623205
教義	-13.623245
邦	-13.623267
ビビ	-13.623477
▁ビッキ	-13.623528
サイバー	-13.623587
imp	-13.623740
▁740	-13.624034
▁ローラー	-13.624061
▁30,31)	-13.624070
ウーマン	-13.624083
遅すぎる	-13.624408
▁怒ら	-13.624636
易しい	-13.624687
フェニ	-13.624765
勝ち取	-13.624902
シャム	-13.625126
方角	-13.625223
バスター	-13.625473
▁涼し	-13.626143
振る舞	-13.626250
▁逃げ去	-13.626343
いっそう	-13.626396
謗	-13.626988
ばかばかしい	-13.626989
▁Sipa	-13.626990
▁ヘルシンキ	-13.626990
▁淋病	-13.626990
キャピタル	-13.626990
磔	-13.626990
▁おじけづ	-13.626995
フォレスト	-13.626995
▁ケープタウン	-13.627001
▁探険	-13.627002
▁泥沼	-13.627007
▁ウィンダム	-13.627033
▁群がり	-13.627051
▁代名詞	-13.627060
▁暴風雨	-13.627061
▁ナポリ	-13.627070
目ざましい	-13.627074
▁40,41	-13.627105
▁給ふ	-13.627192
▁ロマンス	-13.627203
▁かまど	-13.627241
▁滑空	-13.627259
UV	-13.627421
dam	-13.627544
▁スクー	-13.627664
リエン	-13.627845
▁使節	-13.627928
▁むさぼり食う	-13.628060
▁歩き回り	-13.628261
▁装う	-13.628267
▁横たわり	-13.628330
▁断罪	-13.628345
されど	-13.628432
▁込み入	-13.628818
いらっしゃ	-13.628857
ノース	-13.628861
逆転	-13.628890
ティーナ	-13.628981
アーチ	-13.629034
▁茂る	-13.629079
ホラ	-13.629160
遠ざか	-13.629612
▁アストラ	-13.629734
好物	-13.629852
▁どう猛	-13.629911
飛び出す	-13.630051
▁皆無	-13.630643
切り裂	-13.630861
ッカリ	-13.630981
溺れる	-13.631083
▁アビゲイル	-13.631155
遺伝学	-13.631244
bug	-13.631469
▁見て取	-13.631698
受取	-13.631784
行なわ	-13.631813
釜	-13.632246
閉じこも	-13.632287
コンクリート	-13.632292
抗生物質	-13.632292
宣誓	-13.632297
飛躍	-13.632297
途絶え	-13.632299
エゼキエル	-13.632301
パラダイス	-13.632523
気配	-13.632548
責務	-13.632576
さようなら	-13.632599
安価	-13.632609
Cook	-13.632621
ユリ	-13.632690
違犯	-13.632982
呼べる	-13.633010
▁家政	-13.633421
ドリーム	-13.633527
▁下流	-13.633623
義理	-13.633697
西側	-13.633784
進路	-13.633819
gree	-13.633892
▁マンディ	-13.633915
無害	-13.633996
意欲	-13.634118
ブラット	-13.634209
▁スザン	-13.634288
▁進出	-13.634310
熱中	-13.635061
スノー	-13.635332
ael	-13.635427
ランディ	-13.636195
弱虫	-13.636514
▁Ah	-13.636682
ンフェタミン	-13.636890
▁エトルリア	-13.636891
▁ガンジス	-13.636891
▁マゼラン	-13.636891
ジェファーソン	-13.636891
リベラル	-13.636891
弔	-13.636892
メンタリスト	-13.636893
狐	-13.636893
▁チャーチル	-13.636895
AU	-13.636913
▁チフス	-13.636948
▁借用	-13.636954
▁South	-13.636957
レタリア	-13.636971
▁ミッキー	-13.637050
▁ちっちゃ	-13.637151
エレクト	-13.637176
たがり	-13.637381
▁数えつく	-13.637453
▁要理	-13.637576
▁彩り	-13.637604
▁素質	-13.637636
▁こぼす	-13.637657
aus	-13.637681
,9,10	-13.637709
鼻腔	-13.637724
▁歓べ	-13.637892
▁ゆるす	-13.638406
▁貫く	-13.638494
▁身振り	-13.638849
グルー	-13.638920
引きずり	-13.639009
ビザ	-13.639010
365	-13.639035
ケージ	-13.639268
▁出掛ける	-13.639303
,21,22	-13.639412
頑張れ	-13.640007
ベク	-13.640294
ドリュー	-13.640366
タップ	-13.640453
▁ナナ	-13.640727
▁誤り伝え	-13.640736
▁アスファルト	-13.640941
Sp	-13.641172
スムー	-13.641342
▁Lu	-13.641585
公的	-13.641667
▁仕掛ける	-13.641792
告げ知らせ	-13.641857
メジャー	-13.641957
提督	-13.642358
フクロウ	-13.642371
プレッシャー	-13.642376
厳粛	-13.642405
没収	-13.642422
ギャンブル	-13.642457
マラリア	-13.642463
統制	-13.642468
並ぶ	-13.642527
盗難	-13.642661
考察	-13.642661
▁Comp	-13.642860
▁インダス	-13.643158
イーサン	-13.643292
万端	-13.643296
▁打ち殺	-13.643324
対決	-13.643597
TR	-13.643874
新英	-13.644151
▁労し	-13.644441
▁ボト	-13.644475
なぜなら	-13.644649
たちまち	-13.644708
▁トゥルー	-13.644734
▁つくり出	-13.644816
歩む	-13.644879
性別	-13.644883
HC	-13.645039
▁アセ	-13.645274
走り回	-13.645305
▁御意	-13.645334
プター	-13.645450
▁Bl	-13.645562
パーサ	-13.645700
▁滅びうせ	-13.645741
探し出す	-13.645764
TH	-13.645862
取り残	-13.645959
引き受ける	-13.646173
あかね	-13.646317
▁申し出る	-13.646737
選べる	-13.646793
グリア	-13.646798
膚	-13.646865
書き込め	-13.646887
▁ルドルフ	-13.646891
亭	-13.646891
膵	-13.646891
Hubble	-13.646892
▁アジアウィーク	-13.646892
▁アルタクセルクセス	-13.646892
▁カタツムリ	-13.646892
▁ソクラテス	-13.646892
▁フィガロ	-13.646892
シンジケート	-13.646892
穿	-13.646892
▁庶民	-13.646893
イシュマエル	-13.646893
桟	-13.646893
▁エフド	-13.646894
蒔	-13.646894
▁アントワープ	-13.646896
リゾート	-13.646900
▁ハンドブック	-13.646916
カミ	-13.646931
漕ぎ	-13.646948
▁ハンブルク	-13.646952
▁ジャージー	-13.646957
ロブ	-13.646986
▁燃え立た	-13.647014
ゲージ	-13.647083
勇士	-13.647091
▁金もうけ	-13.647102
▁マルガリ	-13.647204
▁勇気づけ	-13.647204
ずうず	-13.647204
▁速め	-13.647215
▁エミリ	-13.647223
▁命拾い	-13.647236
▁ベエル	-13.647252
▁争点	-13.647284
▁草花	-13.647318
▁かさむ	-13.647325
▁哀れむ	-13.647336
▁当誌	-13.647470
▁打ち負かす	-13.647473
アキレス	-13.647801
即時	-13.648264
▁速める	-13.648306
▁好転	-13.648308
スリップ	-13.648319
▁足台	-13.648770
聞ける	-13.648891
第一人者	-13.648970
アール	-13.649305
下級	-13.649407
My	-13.649509
せっか	-13.650043
70%	-13.650198
酔っ払	-13.650252
バニー	-13.650275
ポジショ	-13.651024
cial	-13.651038
晴らす	-13.651435
追い込	-13.651685
掲	-13.651721
▁留め置	-13.651983
ジェフ	-13.651985
ベンダー	-13.652006
見回し	-13.652360
マウンテン	-13.652554
マーケティング	-13.652554
序	-13.652572
アインシュタイン	-13.652589
http	-13.652603
謙遜	-13.652607
辞退	-13.652653
トレーラー	-13.652655
残虐	-13.652671
精一杯	-13.652691
サーカス	-13.652717
バケツ	-13.652812
▁スクラ	-13.652835
▁うらやまし	-13.653019
ケビン	-13.653226
ソーラー	-13.653286
dap	-13.653303
▁レカ	-13.653944
▁昇り	-13.653969
シスター	-13.654138
翌朝	-13.654576
寛	-13.654661
▁ご自	-13.654734
立ち上がり	-13.654889
トケ	-13.654900
▁ジャッキ	-13.654911
WI	-13.654958
▁へつら	-13.654976
ジメ	-13.655120
▁ウイル	-13.655397
▁投げ入れ	-13.655512
供さ	-13.655682
ァルト	-13.655857
RV	-13.655930
ノボ	-13.656055
▁追い返	-13.656560
疹	-13.656962
樫	-13.656991
鞍	-13.656991
▁エパフラス	-13.656992
▁トナカイ	-13.656992
嗜	-13.656992
▁きゅう	-13.656993
▁明りょう	-13.656997
▁キルギス	-13.656998
▁ポップコーン	-13.657000
▁夕暮れ	-13.657011
▁尽力	-13.657011
コンパクト	-13.657012
▁draw	-13.657024
▁ユニオン	-13.657039
▁ローゼン	-13.657075
▁メッカ	-13.657090
スチュワート	-13.657123
▁腰痛	-13.657167
▁もどる	-13.657194
クスピア	-13.657578
六時	-13.657643
▁空襲	-13.657805
▁取り消	-13.657932
Win	-13.657962
▁はぐく	-13.657996
▁Alt	-13.658068
掻き	-13.658097
▁結石	-13.658199
▁便所	-13.658240
クリスティ	-13.658253
無駄遣い	-13.658277
▁黒色	-13.658291
▁渉	-13.658419
gal	-13.658512
見かける	-13.658564
▁南端	-13.658566
▁付す	-13.658613
▁ランチョ	-13.658860
pan	-13.658878
苛立	-13.659115
マナー	-13.659165
▁食道	-13.659454
▁話し合える	-13.659794
▁8,11	-13.660129
ラングレー	-13.660131
▁海流	-13.660187
▁水門	-13.660403
お休み	-13.660484
ミッシー	-13.660644
イティ	-13.661077
▁持ちかけ	-13.662027
遅らせ	-13.662045
idge	-13.662053
バイナ	-13.662527
▁形造る	-13.662601
ür	-13.662631
▁薄め	-13.662721
ライア	-13.662754
緊	-13.662835
スプーン	-13.662876
ジェイコブ	-13.662918
And	-13.662948
好ましい	-13.663011
順応	-13.663040
読み聞かせ	-13.663202
早朝	-13.663248
子犬	-13.663272
生殖	-13.663390
三角	-13.663416
名詞	-13.663430
シリアル	-13.663545
▁デズ	-13.663684
▁よろし	-13.663801
交信	-13.664202
罰金	-13.664220
ゴッド	-13.664702
根性	-13.664818
局員	-13.664864
ミクス	-13.664991
arque	-13.665094
▁1,12	-13.665442
▁呼び方	-13.665512
海底	-13.665567
キブラ	-13.665624
物価	-13.665683
グレース	-13.665707
orge	-13.665725
ベルタ	-13.665800
3,4	-13.665915
ナック	-13.665923
ドリン	-13.666006
reas	-13.666265
▁Den	-13.667063
弛	-13.667193
穢	-13.667194
后	-13.667195
Θ	-13.667196
▁ペンシルベニ	-13.667196
▁脾臓	-13.667196
梱	-13.667196
▁胴体	-13.667201
▁福岡	-13.667204
▁ニキビ	-13.667228
▁厚かまし	-13.667235
▁Russia	-13.667262
▁オパール	-13.667263
vie	-13.667317
▁バルサム	-13.667327
▁弁論	-13.667346
▁Mich	-13.667355
▁渡り鳥	-13.667359
▁乗り切る	-13.667392
▁満たせる	-13.667420
▁海綿	-13.667435
▁視察	-13.667437
駆けつけ	-13.667449
▁シュメール	-13.667490
▁深入り	-13.667498
ヨナダブ	-13.667513
▁満ち満ち	-13.667532
遭難	-13.667542
▁マッカー	-13.667613
▁義父	-13.667623
ピスト	-13.667637
貪り	-13.667657
▁ブレット	-13.667671
ヒリ	-13.667690
▁信ず	-13.667776
aga	-13.667860
追いや	-13.667939
パンダ	-13.667953
▁ジャワ	-13.668078
▁投書	-13.668177
▁Und	-13.668199
▁22%	-13.668247
命題	-13.668333
フォールズ	-13.668340
▁ブライス	-13.668369
▁すっきり	-13.668617
ete	-13.668649
▁Ab	-13.668987
▁スプ	-13.669133
太刀	-13.669168
▁躍らせる	-13.669177
ナマラ	-13.669195
フサ	-13.669262
▁埋め合わせる	-13.669527
ネゴ	-13.669872
まとい	-13.669946
KE	-13.670021
いわば	-13.670028
エコ	-13.670028
▁del	-13.670196
▁2,9	-13.670292
取り返す	-13.670469
アリン	-13.670532
ブート	-13.670614
▁325	-13.670798
rap	-13.671218
つぎ	-13.671558
osition	-13.671607
エスカ	-13.671749
庭園	-13.671800
▁45%	-13.671931
飾る	-13.672102
▁体現	-13.672144
切り上げ	-13.672233
飛び回	-13.672772
▁ステッ	-13.673246
炊	-13.673291
translat	-13.673307
アイスクリーム	-13.673315
クリニック	-13.673322
ハロルド	-13.673326
ナイジェリア	-13.673333
演劇	-13.673383
沿岸	-13.673391
養育	-13.673395
肥料	-13.673456
分泌	-13.673459
ムーア	-13.673519
おもしろ	-13.673537
▁エドガ	-13.673862
ロザリ	-13.673905
消失	-13.673949
▁委ねる	-13.674046
▁3.5	-13.674267
ティム	-13.674372
▁ふくら	-13.674477
当惑	-13.674847
シタ	-13.675107
ビーフ	-13.675239
▁奪い取る	-13.675524
欺く	-13.675861
ウィリス	-13.676244
最期	-13.676270
▁疲れ切	-13.676654
ウィッチ	-13.676659
相応	-13.677286
の必要性	-13.677299
シェイク	-13.677320
▁太さ	-13.677342
3,000	-13.677431
▁モーリー	-13.677456
愁	-13.677504
煉	-13.677504
α	-13.677505
▁コンコルド	-13.677505
▁ニューファンドランド	-13.677505
カザフスタン	-13.677505
▁42,43	-13.677506
▁廉潔	-13.677506
▁Resource	-13.677518
▁果汁	-13.677518
昼寝	-13.677524
バースデー	-13.677529
▁ニケア	-13.677538
▁three	-13.677555
▁39,40	-13.677558
▁ハーバート	-13.677568
▁ユニケ	-13.677587
▁アシュリー	-13.677612
▁黙認	-13.677645
▁嘆息	-13.677649
▁混血	-13.677708
シンガー	-13.677741
▁推計	-13.677786
▁男らしさ	-13.677803
▁虚無	-13.677851
▁砂利	-13.677902
▁バーネット	-13.677969
キャスター	-13.678136
便益	-13.678159
埋め合わせ	-13.678221
sses	-13.678233
ぐちゃ	-13.678510
▁生い茂る	-13.678825
チャリティ	-13.679214
98%	-13.679316
ファイター	-13.679362
▁汚物	-13.679597
留める	-13.679625
▁取引き	-13.679757
▁App	-13.680390
1989	-13.680668
備わ	-13.681028
▁真意	-13.681118
思い付	-13.681317
VE	-13.681544
arg	-13.681646
クラフト	-13.681811
取り上げる	-13.681845
飛び乗	-13.681928
▁来客	-13.682445
RIN	-13.683059
峰	-13.683752
ステレオ	-13.683823
宝くじ	-13.683858
執筆	-13.683880
ウォーレン	-13.683896
ホームレス	-13.683975
延び	-13.684014
散布	-13.684028
エリカ	-13.684056
kin	-13.684096
スティーブン	-13.684122
▁入り組	-13.684203
吹きかけ	-13.684384
静止	-13.684389
ears	-13.684430
パテ	-13.684552
ナチス	-13.684589
過失	-13.684591
▁1.6	-13.684890
寝かせ	-13.685108
dig	-13.685110
▁抱き合	-13.685145
愛し合	-13.685165
テム	-13.685248
▁ぐっ	-13.685711
行政	-13.686317
見張れ	-13.686374
カナン	-13.687090
アディ	-13.687351
こち	-13.687360
イチャ	-13.687385
ティーニ	-13.687624
稽	-13.687897
star	-13.687915
鱗	-13.687921
Δ	-13.687922
▁イコニオム	-13.687922
▁ピューマ	-13.687922
▁問答	-13.687922
▁混ざり合	-13.687922
▁概説	-13.687923
▁メラニー	-13.687924
▁まぶた	-13.687926
▁トランペット	-13.687929
▁断崖	-13.687959
▁マーモット	-13.687960
▁Korea	-13.687966
▁顕現	-13.687967
Search	-13.687968
オーガ	-13.687969
▁ダブリン	-13.687989
▁印章	-13.688010
▁不遜	-13.688027
▁ベンガル	-13.688057
Color	-13.688109
アレキサン	-13.688169
▁もどかし	-13.688174
ナッチ	-13.688231
▁皆既	-13.688323
▁投げかける	-13.688463
成り立ち	-13.688526
果たせ	-13.688618
▁発熱	-13.688625
▁内膜	-13.688723
繰り上げ	-13.688746
偉い	-13.688759
▁総計	-13.688826
▁そぐ	-13.688920
▁開花	-13.689003
▁お帰りなさい	-13.689141
上向き	-13.689229
was	-13.689239
トゥン	-13.689369
▁閉ざし	-13.689414
▁乾き	-13.689441
切り捨て	-13.689462
ランダー	-13.689496
▁全うする	-13.689789
モリー	-13.689894
▁小島	-13.689968
▁バレン	-13.690253
▁不振	-13.690341
▁シーラ	-13.690492
▁At	-13.691015
経済的に	-13.691300
噴出	-13.691330
ライバル	-13.691343
▁Images	-13.691664
グラマー	-13.691675
▁右下	-13.691695
おいし	-13.692046
ita	-13.692065
▁鳴り響か	-13.692232
後部	-13.692490
突っ立	-13.692669
erto	-13.692905
▁オルガ	-13.693627
▁低め	-13.693664
品物	-13.693853
▁Ac	-13.694201
水飲み	-13.694204
▁ニカ	-13.694342
功	-13.694449
ジャクソン	-13.694474
豪華	-13.694487
アッシリア	-13.694497
セントラル	-13.694504
(	-13.694507
検閲	-13.694510
ブラボー	-13.694531
資質	-13.694553
▁勤める	-13.694566
疎通	-13.694695
遺跡	-13.694704
匂	-13.694730
密告	-13.694748
尺度	-13.694810
▁蒸し	-13.694871
傷跡	-13.695000
降ら	-13.695297
木曜	-13.695363
初頭	-13.695471
unt	-13.695484
怖れ	-13.695497
▁量り出	-13.695539
ワニ	-13.695643
irc	-13.696093
気象	-13.696382
▁カタリ	-13.696391
花火	-13.696489
フランシス	-13.696578
呼び掛け	-13.696614
踏み込	-13.696663
精力	-13.696731
ひとりでに	-13.696971
ゲロ	-13.697333
emp	-13.697346
無口	-13.697453
主題	-13.697488
▁鈍い	-13.697627
▁大帝	-13.697640
ロニカ	-13.697803
産む	-13.697831
Ex	-13.697892
レコーダー	-13.697943
▁ポーカ	-13.698203
越える	-13.698226
勃	-13.698371
函	-13.698446
沙	-13.698446
▁ユートピア	-13.698448
聖骸布	-13.698448
▁どろぼう	-13.698449
▁ニッケル	-13.698449
▁和らぐ	-13.698449
洩	-13.698449
茜	-13.698449
▁ペリカン	-13.698450
リチウム	-13.698452
▁レントゲン	-13.698455
伸展	-13.698457
argum	-13.698464
,28,29	-13.698470
▁レソト	-13.698472
▁怒鳴り	-13.698500
▁打ち壊す	-13.698503
sky	-13.698550
▁遺骨	-13.698552
▁揺らぐ	-13.698556
曰く	-13.698560
▁kind	-13.698580
▁かん木	-13.698708
▁脱毛	-13.698717
▁Free	-13.698783
見なす	-13.698913
▁ケルン	-13.699024
ネイティブ	-13.699099
▁(7)	-13.699146
▁立ち直り	-13.699464
あふれる	-13.699592
▁歯止め	-13.699821
1.2	-13.699897
乗り越える	-13.700060
▁ポルト	-13.700083
レーサー	-13.700109
歓楽	-13.700152
マチ	-13.700178
▁はまり込	-13.700228
▁5,9	-13.700381
▁だらし	-13.700420
ケイン	-13.700486
混じり	-13.700557
▁笑え	-13.700673
跳ね上が	-13.700686
べつ	-13.700749
け直す	-13.700770
▁持ち上がり	-13.700943
狂わせ	-13.700953
取り出せ	-13.700974
▁振り向け	-13.701075
寄り添	-13.701158
har	-13.701222
猟犬	-13.701228
見破	-13.701365
ヨタ	-13.701584
▁答え応じる	-13.701593
あずかる	-13.701667
ザンヌ	-13.701720
ストレッチ	-13.701826
▁DN	-13.701933
stop	-13.702237
▁大岩	-13.702418
▁募る	-13.702518
1985	-13.702600
▁いきり立	-13.702641
遅すぎ	-13.703012
FF	-13.703166
pper	-13.703218
▁絶や	-13.703375
痛めつけ	-13.703422
突き落と	-13.703431
▁夢見る	-13.703455
ken	-13.703813
▁パブロ	-13.704303
aro	-13.704524
aria	-13.704656
▁セブ	-13.704806
ぐっすり	-13.705203
▁フリッ	-13.705206
摩擦	-13.705218
おじいちゃん	-13.705219
軟	-13.705231
歓び	-13.705265
否認	-13.705268
和らげ	-13.705277
タリア	-13.705280
汚職	-13.705296
tp	-13.705358
▁ローザ	-13.705386
安易	-13.705452
著書	-13.705478
せいぜい	-13.705507
要塞	-13.705548
雇い主	-13.705815
メトリ	-13.706024
無くす	-13.706195
tting	-13.706200
切開	-13.706200
チェット	-13.706325
決着	-13.706471
こたえ	-13.706659
不謬	-13.706672
小川	-13.706705
ダサ	-13.706707
ツバ	-13.706731
こん棒	-13.706783
足らず	-13.706821
プレーン	-13.706881
変わらず	-13.706920
▁締めつけ	-13.707047
染み	-13.707179
▁ドブ	-13.707394
▁吐き出	-13.707395
off	-13.707534
うらやましい	-13.707870
ギナ	-13.708052
▁暖ま	-13.708237
▁組み合わせる	-13.708752
疫	-13.709003
▁エイプリル	-13.709086
▁スカンディナビア	-13.709087
▁ハミルトン	-13.709087
▁マクミラン	-13.709087
▁嘔吐	-13.709087
▁ソーシャルワーカー	-13.709089
▁酔酒	-13.709089
ルシファー	-13.709089
手ごわい	-13.709089
▁偶発	-13.709090
▁Service	-13.709096
▁かみそり	-13.709102
▁狩人	-13.709123
メチル	-13.709123
▁メーガン	-13.709175
▁方向づけ	-13.709309
▁KGB	-13.709321
▁バカンス	-13.709351
▁集積	-13.709359
▁パスツール	-13.709393
芝刈り	-13.709394
熟睡	-13.709415
脅す	-13.709418
▁アイビー	-13.709422
▁混じり合	-13.709447
触媒	-13.709455
udio	-13.709475
▁値打ち	-13.709530
ランシー	-13.709554
一角	-13.709801
▁団員	-13.709941
▁建国	-13.710084
▁暖かさ	-13.710344
▁ゴンド	-13.710504
苦しめる	-13.710748
▁不備	-13.710976
▁相場	-13.711197
▁おそく	-13.711210
リンジャー	-13.711230
グラフィカ	-13.711304
outh	-13.711308
▁スパイス	-13.711361
▁車庫	-13.711377
核心	-13.711574
リンダー	-13.711597
陰気	-13.711744
▁ジグ	-13.711944
渇き	-13.712021
各国	-13.712029
トランプ	-13.712158
ミリメートル	-13.712526
HG	-13.712764
▁泣き出	-13.712917
青草	-13.713037
引き取	-13.713053
読み上げ	-13.713151
▁リンボ	-13.713169
免れる	-13.713200
欠かせ	-13.713461
放り込	-13.713773
ッガ	-13.713836
トモ	-13.714021
▁心筋	-13.714257
デバ	-13.714263
ju	-13.714273
イニシャ	-13.714385
プロム	-13.714889
back	-13.714923
▁7,9	-13.715798
つながる	-13.715945
▁示し合う	-13.715956
追いつめ	-13.716118
顧問	-13.716128
アマンダ	-13.716158
サーフィン	-13.716158
歩道	-13.716267
▁エッセ	-13.716403
ature	-13.716560
ARS	-13.716626
,33)	-13.716768
匹敵	-13.716821
言動	-13.717001
無縁	-13.717010
▁アダムズ	-13.717106
見極め	-13.717121
生き返り	-13.717146
uff	-13.717208
市内	-13.717270
▁南下	-13.717354
クラウス	-13.717405
熱意	-13.717482
ウィリー	-13.717510
あくまで	-13.717552
temp	-13.717751
▁切り倒し	-13.717804
出会え	-13.717819
とりわけ	-13.717972
体育	-13.718005
ちまち	-13.718124
rust	-13.718153
ano	-13.718231
連れ戻す	-13.719022
sert	-13.719131
暗示	-13.719200
チュウ	-13.719439
名高い	-13.719541
拓	-13.719688
琴	-13.719752
雅	-13.719807
汰	-13.719838
▁下垂体	-13.719839
ガラパゴス	-13.719839
暢	-13.719839
濾	-13.719839
▁エウセビオス	-13.719840
▁エティエンヌ	-13.719840
煽	-13.719840
鷹	-13.719840
▁アレオパ	-13.719842
超新星	-13.719844
▁盆地	-13.719846
冬期	-13.719848
ゲリジム	-13.719851
▁くだり	-13.719851
▁消えうせ	-13.719855
軌跡	-13.719862
▁婚礼	-13.719869
汚らわし	-13.719893
▁求む	-13.719901
▁欠損	-13.719928
ぴか	-13.720038
▁冬至	-13.720083
働きかけ	-13.720156
▁グン	-13.720419
▁サイラ	-13.720481
▁風土	-13.720574
▁火炎	-13.720624
ものすご	-13.720819
合せ	-13.720857
▁根強い	-13.720959
拠り	-13.721138
lse	-13.721175
Alb	-13.721288
▁読売	-13.721401
▁変様	-13.722152
▁形造り	-13.722188
ほほえ	-13.722487
フィック	-13.722606
▁クルト	-13.722610
キューバ	-13.722967
▁堅持	-13.723258
ラモー	-13.723262
▁守り行ない	-13.723301
かかえ	-13.723400
請い願う	-13.723522
▁トゥル	-13.724339
結びつける	-13.724390
グモ	-13.724492
onder	-13.724970
同居	-13.725184
ging	-13.725381
突きつけ	-13.725386
張り合	-13.725505
ギス	-13.725667
LED	-13.726259
跳	-13.726559
ひらめ	-13.726851
ニウス	-13.726915
唾	-13.727055
ソーセージ	-13.727062
メリッサ	-13.727078
蔓延	-13.727082
チンパンジー	-13.727083
マッサージ	-13.727087
窒素	-13.727092
怠惰	-13.727093
ngle	-13.727119
強姦	-13.727133
おのおの	-13.727209
デンマーク	-13.727352
不治	-13.727360
現存	-13.727381
美徳	-13.727551
▁ガザ	-13.727861
▁たぶらか	-13.728019
ばち	-13.728089
かばん	-13.728499
pri	-13.728565
冒す	-13.728774
▁ev	-13.728827
マイン	-13.728848
取り締ま	-13.729031
読み取れ	-13.729350
増やせ	-13.729921
遍	-13.730288
itch	-13.730359
▁パウル	-13.730463
È	-13.730705
▁Ontario	-13.730709
▁オオカバマダラ	-13.730709
▁白内障	-13.730709
エントロピー	-13.730709
スパゲッティ	-13.730709
埠	-13.730709
松葉杖	-13.730709
汎	-13.730709
プラットホーム	-13.730710
曽	-13.730711
▁侮べつ	-13.730712
▁ぐあい	-13.730713
▁ココナッツ	-13.730716
▁ネットワーキング	-13.730719
旬節	-13.730742
▁溶剤	-13.730757
▁Spain	-13.730813
▁ペルシ	-13.730880
▁入り江	-13.730890
▁植字	-13.730919
▁覆い隠す	-13.731159
▁わき上が	-13.731170
▁ジーナ	-13.731229
収賄	-13.731312
▁ビデオゲーム	-13.731473
▁こぶ	-13.731499
ved	-13.731558
溶かす	-13.731586
逃げ道	-13.731839
▁声帯	-13.731875
EU	-13.731936
▁結び合わせる	-13.732403
明かし	-13.732591
Lib	-13.732687
team	-13.732747
▁体裁	-13.732753
▁怠り	-13.732852
ピッタ	-13.733057
ネード	-13.733177
ホイット	-13.733496
▁暖か	-13.733498
▁フロスト	-13.733589
bic	-13.733633
▁そそり	-13.733640
スバーグ	-13.733830
▁揺す	-13.733957
▁延ば	-13.734176
▁ぐらつ	-13.734364
塗る	-13.734374
bird	-13.734420
明ける	-13.734780
▁考え直す	-13.734793
▁dec	-13.735286
バッテ	-13.735602
▁追いやる	-13.736182
▁品々	-13.736420
made	-13.736429
偉	-13.736456
ambia	-13.736807
▁迎え入れる	-13.736981
宣べ伝え	-13.737073
▁得策	-13.737180
▁思い込む	-13.737182
RNA	-13.737192
ador	-13.737283
グロス	-13.737329
▁通夜	-13.737653
gress	-13.738067
ブライアン	-13.738123
瞑想	-13.738187
ヘルメット	-13.738198
ロサンゼルス	-13.738209
頓着	-13.738232
不妊	-13.738344
anguage	-13.738369
ヒューリ	-13.738589
ミュラ	-13.738709
散らか	-13.738761
イック	-13.738810
浮動	-13.738963
▁Her	-13.739244
struct	-13.739582
モモ	-13.739832
取り決め	-13.739848
ペルシャ	-13.739918
エッタ	-13.740307
電磁	-13.740489
エクサ	-13.740713
深み	-13.740809
取り除け	-13.740991
uda	-13.741023
▁休み場	-13.741186
甘く	-13.741334
光速	-13.741485
踊れ	-13.741545
慌ただし	-13.741643
▁取り組ま	-13.741678
醒	-13.741689
貢	-13.741695
▁フェルディナン	-13.741697
▁ボルチモア	-13.741697
鵜	-13.741697
▁ザクセンハウゼン	-13.741698
▁ゼルバベル	-13.741698
▁ブリュッセル	-13.741698
▁ミクロネシア	-13.741698
ゞ	-13.741698
エキスパート	-13.741698
▁称揚	-13.741699
alendar	-13.741700
▁バニラ	-13.741701
▁苦悶	-13.741701
似顔絵	-13.741702
▁粘膜	-13.741714
▁マグナ	-13.741718
▁Albert	-13.741722
▁乱獲	-13.741725
▁クイック	-13.741729
ルナンデス	-13.741729
ダンプ	-13.741766
校内	-13.741771
▁ヘルニア	-13.741776
オプティ	-13.741792
▁鶏肉	-13.741812
▁減退	-13.741847
ボンヌ	-13.741879
▁リヨン	-13.741957
ira	-13.742017
▁ハレー	-13.742190
▁基部	-13.742190
ワイヤ	-13.742424
不適切	-13.742451
▁断ち切り	-13.742512
▁選び出し	-13.742921
ひすい	-13.743054
▁貧しか	-13.743077
りかえ	-13.743374
▁アントン	-13.743384
▁あきれ	-13.743385
▁げっ	-13.743396
ワクワ	-13.743433
組み込む	-13.743481
▁sta	-13.743624
初版	-13.743712
貪る	-13.743806
口先	-13.743831
スケア	-13.743996
▁65%	-13.744742
▁7,11	-13.744838
▁さまよう	-13.745277
アングル	-13.745699
qua	-13.745793
デンス	-13.746021
▁顔面	-13.746041
配分	-13.746412
▁32,33)	-13.746645
▁ほめたたえる	-13.746669
ウォード	-13.746991
vs	-13.747116
詰め込	-13.747146
恩義	-13.747191
▁攻める	-13.747620
▁呼び止め	-13.747939
Lin	-13.747974
突き刺さ	-13.748135
ネク	-13.748152
出来上が	-13.748199
ヤハ	-13.748414
init	-13.748507
ther	-13.748699
▁新薬	-13.748726
ょうだい	-13.748745
兼	-13.748899
控	-13.749169
▁Your	-13.749179
▁13%	-13.749215
▁1,13	-13.749262
ほめ	-13.749351
▁カラフ	-13.749395
UNI	-13.749410
おばあさん	-13.749433
クレジット	-13.749446
エリザベス	-13.749447
輝かしい	-13.749447
スキャンダル	-13.749453
ヨセフ	-13.749456
コンテナ	-13.749476
飼育	-13.749501
エッグ	-13.749523
フォックス	-13.749569
宗派	-13.749645
ott	-13.749653
騒動	-13.749759
マーチン	-13.749761
城壁	-13.749775
つかわし	-13.750025
親指	-13.750368
霊感	-13.750373
▁過ぎ去	-13.750533
粘り	-13.751178
▁ユリア	-13.751295
フィリ	-13.751352
所長	-13.751581
見落とし	-13.751806
▁話し合え	-13.752189
アウグスト	-13.752439
補う	-13.752517
▁死がい	-13.752559
襲いかか	-13.752594
ミカ	-13.752658
馴染	-13.752790
しぶしぶ	-13.752801
バックグラウンド	-13.752808
恭	-13.752808
ictionary	-13.752809
▁Collection	-13.752810
▁およぼし	-13.752810
▁ビザンティン	-13.752810
▁モザンビク	-13.752810
▁白昼夢	-13.752810
鬆	-13.752810
▁概観	-13.752811
riginal	-13.752814
▁リビングストン	-13.752821
ロメオ	-13.752821
▁暴漢	-13.752823
フェラーリ	-13.752827
▁温床	-13.752883
▁恥知らず	-13.752898
そろえ	-13.752924
▁成育	-13.752946
▁骨粗	-13.752954
▁ワックス	-13.753077
▁リバプ	-13.753117
生長	-13.753202
CHA	-13.753277
page	-13.753285
▁海港	-13.753357
▁毛虫	-13.753360
送り届け	-13.753393
ours	-13.753444
▁マミー	-13.753453
cap	-13.753573
ンティティ	-13.753606
▁滅びうせる	-13.754092
▁造り出す	-13.754125
裏付け	-13.754202
▁禁物	-13.754305
▁買物	-13.754352
▁進み出	-13.754457
実例	-13.754473
ケンズ	-13.754570
カイザル	-13.754612
▁コンドル	-13.754629
▁根づ	-13.754662
▁そびえる	-13.754930
▁流れ出る	-13.755375
▁1880	-13.755513
ネリス	-13.755549
▁導き出す	-13.755619
oard	-13.755757
モラン	-13.755805
▁ビーン	-13.755849
聞き取れ	-13.755906
競い	-13.756215
ラーズ	-13.756337
バイパス	-13.756609
object	-13.756677
▁ゆり	-13.756712
被り	-13.756830
▁付き従い	-13.757365
陥り	-13.757399
▁El	-13.757582
▁出向	-13.757588
大きか	-13.757944
▁ライム	-13.758414
3.0	-13.758440
格闘	-13.758744
apan	-13.758803
▁集め入れ	-13.758848
戻せる	-13.759365
cas	-13.759706
▁急務	-13.759748
十八	-13.759838
倣	-13.760158
▁計ら	-13.760499
鈍く	-13.760507
乳糖	-13.760632
虹	-13.760787
ジョギング	-13.760796
マイアミ	-13.760797
観衆	-13.760878
原稿	-13.760916
残骸	-13.760982
受精	-13.761007
著名	-13.761065
▁くみ上げ	-13.761252
アグラ	-13.761390
送れる	-13.762058
強める	-13.762074
餐	-13.762677
質的	-13.762881
思わず	-13.763141
ラクタ	-13.763227
VER	-13.763228
WF	-13.763734
有望	-13.763874
12,13	-13.763917
▁きまり悪	-13.763983
バトーレ	-13.764045
▁根ざす	-13.764046
フォーチュン	-13.764046
僻	-13.764046
▁枯死	-13.764048
遙	-13.764048
▁フランクフルト	-13.764049
▁わたくし	-13.764050
hailand	-13.764059
奉献	-13.764059
▁Super	-13.764060
▁シェオール	-13.764061
▁降り注ぐ	-13.764072
▁巡らし	-13.764074
▁唆し	-13.764086
▁閉経	-13.764118
ピカソ	-13.764122
冷め	-13.764122
苛	-13.764128
▁漂い出	-13.764145
▁骨組み	-13.764158
▁コンセント	-13.764192
▁クイーンズ	-13.764277
▁売れ行き	-13.764316
▁ミズ	-13.764401
▁小舟	-13.764419
▁ロゴス	-13.764515
▁ナジル	-13.764573
テコ	-13.764622
▁280	-13.764886
チョッキ	-13.765011
紛らわ	-13.765096
▁残存	-13.765200
厭わ	-13.765336
▁打ち解け	-13.765398
顔色	-13.765478
▁耕す	-13.765846
▁おどし	-13.765885
▁踏み入れる	-13.766114
ソト	-13.766300
▁隠れ場所	-13.766522
思い込み	-13.766579
霊長	-13.766676
▁くじく	-13.766876
あずか	-13.766907
聖所	-13.767062
fect	-13.767302
gel	-13.767589
▁殺意	-13.767774
▁ふさぎ	-13.767886
インプ	-13.768249
rico	-13.768399
貸付け	-13.768488
▁立ち止まり	-13.768527
JS	-13.768784
さまざま	-13.768910
▁分画	-13.769082
ウィング	-13.769192
ハッチ	-13.769404
125	-13.769464
▁取りつけ	-13.769471
キサイ	-13.769647
レジー	-13.769920
▁クレメン	-13.770067
izer	-13.770404
lonia	-13.770479
ッソー	-13.771408
コブラ	-13.771977
粘	-13.771989
猟	-13.772243
▁UD	-13.772256
カジノ	-13.772273
顕微鏡	-13.772298
顕著	-13.772310
バージニア	-13.772321
照らす	-13.772325
ジョーダン	-13.772404
束縛	-13.772444
頑張る	-13.772573
白髪	-13.772709
rou	-13.773501
お見通し	-13.773542
波長	-13.773614
▁請け戻	-13.773829
締め出	-13.773989
サイレン	-13.774032
▁メシャ	-13.774351
▁飛び立	-13.774708
▁___	-13.774759
嘲	-13.775205
睦	-13.775398
詐	-13.775404
インパクト	-13.775408
謡	-13.775408
蹄	-13.775408
▁エベデメレク	-13.775409
▁コンスタンチヌス	-13.775409
▁ピグミー	-13.775409
▁儒教	-13.775409
凧	-13.775409
芋	-13.775409
ジャーナリズム	-13.775410
晰	-13.775410
▁規約	-13.775421
▁エルカナ	-13.775438
▁ラベンダー	-13.775455
▁曲芸	-13.775472
▁こぞって	-13.775483
▁アメリア	-13.775499
スポーク	-13.775500
▁タイタス	-13.775501
▁ペギー	-13.775537
▁ラッコ	-13.775538
▁ランニング	-13.775550
▁よろい	-13.775551
▁シドン	-13.775658
トレンド	-13.775706
▁トレド	-13.775761
▁参戦	-13.775769
▁打ち寄せ	-13.775835
ーゼフ	-13.775864
▁捜し出す	-13.775873
▁出帆	-13.775916
見届け	-13.776094
▁声高	-13.776156
すり抜け	-13.776253
▁門口	-13.776561
▁ホルス	-13.776615
▁たいまつ	-13.776785
義憤	-13.776896
wal	-13.776919
立ち入	-13.777074
とどまり	-13.777484
▁害悪	-13.777655
ぺこ	-13.777793
遅か	-13.777932
▁選民	-13.778031
▁失わせる	-13.778054
cks	-13.778114
▁あてはめ	-13.778237
▁フェスト	-13.778353
クチ	-13.778465
ワトル	-13.778580
▁聖別	-13.778678
▁ゴート	-13.778679
HI	-13.778777
▁誇り高ぶ	-13.779065
マンゴー	-13.779141
苦行	-13.779161
▁内耳	-13.779537
gent	-13.779675
▁口伝	-13.779686
ime	-13.779857
▁god	-13.780075
オーラ	-13.780108
起き上がり	-13.780554
tan	-13.780975
He	-13.781355
erson	-13.781406
激痛	-13.782070
press	-13.782295
▁4,20	-13.782516
ソフィ	-13.782767
吸い取	-13.782896
にくく	-13.783110
敷地	-13.783625
お昼	-13.783634
フィリピ	-13.783784
ショッピング	-13.783911
侮	-13.783916
スーザン	-13.783951
RT	-13.783978
涼しい	-13.784021
キツネ	-13.784033
厳格	-13.784122
決勝	-13.784145
アラー	-13.784200
▁イム	-13.784268
▁Ru	-13.784350
▁9,13	-13.784401
小惑星	-13.784455
PAR	-13.784674
ディノ	-13.784782
rim	-13.785047
導け	-13.785303
ations	-13.785581
虐	-13.785594
ロッジ	-13.785634
哨	-13.785748
点検	-13.785852
活力	-13.786077
奪い取ら	-13.786286
ned	-13.786365
キングズ	-13.786416
配信	-13.786458
bon	-13.786643
ホップ	-13.786650
振る舞う	-13.786798
吏	-13.786854
虜	-13.786892
ê	-13.786901
菊	-13.786901
▁アクセサリー	-13.786902
▁ニジェール	-13.786902
System	-13.786903
▁アウグスツス	-13.786903
▁ディクソン	-13.786903
▁麗しさ	-13.786903
ミレニアム	-13.786903
レイノルズ	-13.786903
瘤	-13.786903
奔	-13.798505
屍	-13.798530
濫	-13.798531
烙	-13.798531
麺	-13.798531
棋	-13.798532
叙	-13.807557
堕	-13.810159
翻	-13.819581
汽	-13.819636
‐	-13.819659
俯	-13.822193
柳	-13.822195
托	-13.822200
ヂ	-13.822201
淘	-13.822201
錦	-13.822205
柵	-13.831815
à	-13.834248
蓮	-13.834248
桂	-13.834249
焙	-13.834249
糊	-13.834249
諮	-13.834249
狽	-13.834249
乞	-13.836329
鍛	-13.839684
扶	-13.846432
庶	-13.846440
纏	-13.846444
雀	-13.846444
膨	-13.851295
鋳	-13.856822
譜	-13.857648
駄	-13.857944
郭	-13.858768
剛	-13.858788
吾	-13.858788
瑚	-13.858788
倦	-13.858790
惚	-13.865252
惜	-13.868164
頓	-13.870917
勉	-13.871251
堆	-13.871255
批	-13.871264
ß	-13.871288
蔭	-13.871288
而	-13.871291
疲	-13.872933
浦	-13.879976
賄	-13.881434
併	-13.882028
樽	-13.882145
択	-13.883883
慾	-13.883949
牌	-13.896768
媚	-13.896769
熾	-13.896769
紺	-13.896770
蝋	-13.896770
斜	-13.908191
騰	-13.909598
款	-13.909757
儘	-13.909758
潟	-13.922734
唄	-13.922912
洒	-13.922912
唖	-13.922913
苔	-13.922913
躁	-13.922913
嶺	-13.922914
蕩	-13.922915
麻	-13.934388
顕	-13.935121
卸	-13.936152
蛙	-13.936245
絨	-13.936248
廊	-13.949299
耗	-13.949721
窩	-13.949760
翌	-13.959109
枢	-13.961823
蒙	-13.962848
韓	-13.963173
ó	-13.963458
桿	-13.963459
邑	-13.963459
繰	-13.972404
趣	-13.976798
妄	-13.977324
烏	-13.977345
剪	-13.977345
塹	-13.977346
蛋	-13.977346
滓	-13.977347
莢	-13.977347
疽	-13.991154
酬	-13.991381
諾	-13.991412
枷	-13.991427
嶋	-13.991429
捲	-13.991430
屯	-13.991431
燐	-13.991432
蒸	-14.004160
揮	-14.004721
宵	-14.005717
聾	-14.005717
藍	-14.005718
錘	-14.005718
蠣	-14.005721
脛	-14.020207
咬	-14.020210
呉	-14.034916
珊	-14.034916
畝	-14.034916
峙	-14.034917
葡	-14.034917
爬	-14.035214
脆	-14.049774
克	-14.049799
斗	-14.049840
轟	-14.049841
β	-14.049842
獰	-14.049842
遁	-14.049842
鶴	-14.049843
彦	-14.064993
粥	-14.064994
萄	-14.064994
鷲	-14.065764
薔	-14.080377
τ	-14.080378
慄	-14.080378
於	-14.080378
薇	-14.080378
翅	-14.080379
餅	-14.080379
Á	-14.080380
栗	-14.080380
豊	-14.080530
喪	-14.081318
溜	-14.093575
胡	-14.096001
晦	-14.096002
痔	-14.096003
詣	-14.096003
閾	-14.096003
膣	-14.096004
膳	-14.096004
毯	-14.096004
盃	-14.096004
諺	-14.096004
渦	-14.110123
飢	-14.110332
嬰	-14.111875
串	-14.111876
哉	-14.111876
拙	-14.111876
鞘	-14.111876
歓	-14.113272
馴	-14.124972
衡	-14.125419
痢	-14.127522
飽	-14.127983
康	-14.127999
佳	-14.128001
吻	-14.128004
楊	-14.128005
淳	-14.128005
駕	-14.128005
瞭	-14.128957
忠	-14.129651
ñ	-14.144396
某	-14.144399
棘	-14.144399
疼	-14.144399
吟	-14.144400
舗	-14.145403
午	-14.158769
攪	-14.161057
矛	-14.161063
喧	-14.161065
矩	-14.161065
葺	-14.161065
躾	-14.161065
萌	-14.161068
吝	-14.161094
紡	-14.163364
塚	-14.163393
娼	-14.178003
盪	-14.178012
昏	-14.178013
辣	-14.178013
蘭	-14.178014
飴	-14.178014
怨	-14.178017
蛾	-14.180607
濡	-14.186840
緋	-14.195182
寡	-14.195253
θ	-14.195254
俸	-14.195254
蚕	-14.195255
纂	-14.195256
冴	-14.212798
徊	-14.212798
藁	-14.212798
膠	-14.212799
賑	-14.212800
拌	-14.212802
憐	-14.215830
郵	-14.216043
咎	-14.228096
宜	-14.228827
維	-14.230398
淑	-14.230505
箔	-14.230655
禅	-14.230656
慶	-14.230657
櫂	-14.230657
瓜	-14.230657
ě	-14.230658
焔	-14.230658
糾	-14.248813
嗣	-14.248837
猥	-14.248837
沫	-14.248838
臀	-14.248838
褥	-14.248838
彷	-14.248839
躙	-14.248842
凸	-14.252701
零	-14.252734
祷	-14.267331
槃	-14.267357
毀	-14.267357
窯	-14.267357
蜃	-14.267357
腑	-14.267358
淋	-14.271555
萎	-14.271580
酢	-14.271602
脹	-14.286222
繩	-14.286224
桑	-14.286225
浩	-14.286225
厭	-14.303238
勅	-14.305355
蝿	-14.305447
❍	-14.305455
扮	-14.305455
弘	-14.305456
斡	-14.305456
穀	-14.309232
漬	-14.323811
餓	-14.324664
æ	-14.325062
塑	-14.325063
兜	-14.325064
挺	-14.325064
碧	-14.325064
蒲	-14.325065
堪	-14.328994
績	-14.338485
癇	-14.345061
唸	-14.345062
曝	-14.345062
▶	-14.345063
徨	-14.345063
悸	-14.345063
稜	-14.345063
藪	-14.345063
裾	-14.345063
鑽	-14.345064
駿	-14.345064
詠	-14.350818
乙	-14.365315
柏	-14.365460
芥	-14.365463
咽	-14.365471
磯	-14.365472
â	-14.365473
ヲ	-14.365473
詳	-14.371576
泌	-14.385871
窟	-14.386302
螺	-14.386303
疇	-14.386305
棍	-14.386306
蒼	-14.386306
謳	-14.386306
駝	-14.386306
芯	-14.392931
鎌	-14.392953
殉	-14.407551
玩	-14.407573
梳	-14.407579
忽	-14.407580
恰	-14.407580
灌	-14.407581
祓	-14.407581
š	-14.407582
沐	-14.407582
燭	-14.407582
攫	-14.407586
孤	-14.429235
悶	-14.429311
隈	-14.429319
堡	-14.429321
蹟	-14.429321
霞	-14.451534
ž	-14.451541
φ	-14.451541
劉	-14.451543
繍	-14.451543
升	-14.451544
嫡	-14.451544
摯	-14.451545
椒	-14.451545
誹	-14.451545
漫	-14.472841
訂	-14.473797
駁	-14.474240
遵	-14.474266
ã	-14.474270
庸	-14.474272
扇	-14.482790
溢	-14.496241
惰	-14.497516
堰	-14.497520
尼	-14.497524
旭	-14.497525
瘢	-14.497525
蓑	-14.497525
鋸	-14.497525
櫃	-14.497526
鴨	-14.497526
辻	-14.497527
蛮	-14.521237
葛	-14.521327
癪	-14.521334
碁	-14.521334
偕	-14.521335
姜	-14.521336
實	-14.521336
李	-14.521336
瘡	-14.521337
埋	-14.523147
醸	-14.531092
郊	-14.545134
幌	-14.545723
謁	-14.545723
揆	-14.545724
惟	-14.545725
几	-14.545726
朧	-14.545726
繹	-14.545726
幡	-14.545727
炸	-14.545727
裟	-14.545728
弥	-14.545729
巾	-14.566176
巷	-14.570724
謄	-14.570724
↑	-14.570725
乃	-14.570725
叉	-14.570725
捷	-14.570725
澱	-14.570725
絢	-14.570725
袈	-14.570726
鴉	-14.570727
懲	-14.571931
培	-14.581744
翔	-14.596354
繊	-14.596356
瘍	-14.596362
痺	-14.596364
▸	-14.596366
羔	-14.596366
躓	-14.596366
丼	-14.596367
俵	-14.596367
貶	-14.596367
梢	-14.596368
痒	-14.596368
撚	-14.596373
塾	-14.622682
柿	-14.622682
租	-14.622682
豹	-14.622682
悛	-14.622683
譴	-14.622683
煌	-14.622694
寿	-14.649474
契	-14.649539
采	-14.649697
憾	-14.649705
燻	-14.649708
疱	-14.649708
斤	-14.649709
秦	-14.649709
掩	-14.649710
薙	-14.649712
珍	-14.654027
謬	-14.655921
般	-14.676208
阪	-14.676919
寵	-14.677367
漿	-14.677391
侶	-14.677463
←	-14.677487
俊	-14.677487
橙	-14.677487
禿	-14.677487
菱	-14.677487
å	-14.677488
慧	-14.677488
Ç	-14.677489
杉	-14.691436
γ	-14.706058
夷	-14.706059
廟	-14.706059
衷	-14.706059
鋒	-14.706059
雛	-14.706059
壷	-14.706060
聳	-14.706072
孕	-14.735464
Ω	-14.735468
賤	-14.735468
掠	-14.735469
瞰	-14.735470
⇩	-14.735471
羞	-14.735471
蕾	-14.735471
瞥	-14.735472
竿	-14.735472
夥	-14.735474
酵	-14.765701
冗	-14.765769
墳	-14.765772
冤	-14.765773
叢	-14.765774
呻	-14.765774
艘	-14.765774
坪	-14.765775
巫	-14.765775
傑	-14.779296
腎	-14.782374
腿	-14.784037
瞼	-14.797011
碗	-14.797022
窄	-14.797022
窪	-14.797023
茹	-14.797023
菅	-14.797023
牝	-14.797024
詛	-14.797024
詭	-14.797024
厩	-14.797025
銛	-14.797025
〇	-14.797026
瞞	-14.829272
穹	-14.829279
茸	-14.829280
ς	-14.829282
❏	-14.829282
帷	-14.829282
楯	-14.829282
犠	-14.829282
猪	-14.829282
蟹	-14.829282
輻	-14.829282
宥	-14.829284
鯉	-14.829285
幣	-14.862057
遜	-14.862253
ε	-14.862613
蔓	-14.862613
伎	-14.862614
宏	-14.862615
艶	-14.862615
靱	-14.862615
撼	-14.862616
י	-14.862617
撹	-14.862617
芳	-14.882360
閥	-14.895735
呂	-14.896996
陵	-14.897084
Ô	-14.897091
嘱	-14.897097
曳	-14.897097
撥	-14.897098
昌	-14.897098
櫓	-14.897098
邁	-14.897098
附	-14.897098
僭	-14.897099
疝	-14.897100
雹	-14.918164
硝	-14.918180
督	-14.932753
妖	-14.932776
厄	-14.932782
ú	-14.932811
鋲	-14.932811
悉	-14.932812
簒	-14.932812
裡	-14.932812
亮	-14.932813
鉗	-14.932813
鍮	-14.932813
齧	-14.932813
旱	-14.932814
鮭	-14.932814
殲	-14.932815
ā	-14.932816
洲	-14.969847
柑	-14.969848
辟	-14.969848
叛	-14.969849
昂	-14.969849
澤	-14.969849
幇	-14.969850
驕	-14.969850
錨	-14.993685
央	-15.006680
燥	-15.008299
Σ	-15.008310
圭	-15.008310
妾	-15.008310
憚	-15.008310
滋	-15.008311
薩	-15.008311
醤	-15.008312
椀	-15.008314
丹	-15.033662
岬	-15.033662
謙	-15.033695
誉	-15.043748
欽	-15.048272
昆	-15.048285
吼	-15.048306
猜	-15.048308
潅	-15.048309
碍	-15.048309
禄	-15.048309
Ý	-15.048310
埒	-15.048310
櫛	-15.048310
蚤	-15.048310
餃	-15.048310
柩	-15.048311
綾	-15.048311
饗	-15.048311
ָ	-15.048312
匙	-15.048320
葦	-15.075356
劾	-15.089976
婉	-15.089976
渚	-15.089976
苑	-15.089976
衍	-15.089976
亦	-15.089977
咆	-15.089977
ν	-15.089978
哮	-15.089978
庵	-15.089978
狸	-15.089979
顆	-15.089979
寂	-15.121053
勧	-15.132914
梯	-15.133133
摺	-15.133452
Ö	-15.133455
橘	-15.133455
迭	-15.133455
恣	-15.133456
樋	-15.133456
癬	-15.133456
茨	-15.133456
ゐ	-15.133457
臍	-15.133458
涯	-15.175970
倫	-15.178302
窃	-15.178881
瞑	-15.178890
渓	-15.178903
陀	-15.178903
Î	-15.178905
宇	-15.178906
ο	-15.178909
噪	-15.178909
已	-15.178909
庄	-15.178909
皺	-15.178909
雁	-15.178909
ý	-15.178910
ř	-15.178910
ו	-15.178910
嬌	-15.178910
汐	-15.178910
浚	-15.178910
竄	-15.178910
謂	-15.178910
鍬	-15.178910
窺	-15.178911
嫉	-15.178914
淀	-15.178915
据	-15.222635
剰	-15.226398
聡	-15.226465
熔	-15.226523
伽	-15.226526
剽	-15.226527
峻	-15.226527
巳	-15.226528
辰	-15.226528
¥	-15.226529
偲	-15.226529
渫	-15.226529
煤	-15.226529
茫	-15.226529
❖	-15.226530
懼	-15.226530
榜	-15.226530
磐	-15.226530
軛	-15.226530
ה	-15.226531
冑	-15.226532
釉	-15.226532
洪	-15.276416
舶	-15.276453
斥	-15.276516
俳	-15.276521
棕	-15.276524
抉	-15.276527
鄙	-15.276527
恚	-15.276528
檀	-15.276528
軋	-15.276529
轍	-15.276529
朱	-15.276530
柴	-15.276530
刹	-15.276531
跨	-15.276531
ï	-15.276534
岳	-15.323404
嵌	-15.324173
曰	-15.328590
壌	-15.329104
綻	-15.329128
較	-15.329145
祀	-15.329158
逞	-15.329159
頚	-15.329159
禮	-15.329160
腋	-15.329160
蔡	-15.329160
按	-15.329161
朋	-15.329161
杜	-15.329161
瀉	-15.329161
綜	-15.329161
蠕	-15.329161
輔	-15.329161
鎗	-15.329161
籐	-15.329162
篇	-15.370049
傲	-15.384702
猩	-15.384714
琉	-15.384714
籃	-15.384714
埼	-15.384715
漲	-15.384715
錫	-15.384715
躪	-15.384716
撰	-15.384717
榎	-15.384717
狗	-15.384718
藩	-15.384718
靖	-15.384718
א	-15.384719
賽	-15.384719
湘	-15.443538
漉	-15.443538
芻	-15.443539
櫚	-15.443540
誨	-15.443540
哭	-15.443541
牒	-15.443541
袁	-15.443541
燕	-15.443542
筑	-15.443542
脾	-15.443542
趙	-15.443542
č	-15.443542
糜	-15.443542
椅	-15.505738
癩	-15.506033
披	-15.506034
咀	-15.506036
葵	-15.506036
倶	-15.506038
ְ	-15.506040
埓	-15.506040
曼	-15.506040
詔	-15.506040
★	-15.506041
渾	-15.506041
竪	-15.506041
萬	-15.506041
ש	-15.506042
ゑ	-15.506042
ִ	-15.506045
眺	-15.569252
析	-15.572007
菓	-15.572403
婬	-15.572678
距	-15.572697
ω	-15.572704
蛭	-15.572705
遼	-15.572705
宋	-15.572706
朦	-15.572706
杏	-15.572706
滲	-15.572706
笙	-15.572706
筍	-15.572706
筏	-15.572706
蔗	-15.572706
顛	-15.572706
拿	-15.572707
逗	-15.572707
畠	-15.572708
痙	-15.572708
酉	-15.572709
盂	-15.572710
נ	-15.572711
瑠	-15.572711
褒	-15.639746
肋	-15.644037
ø	-15.644121
愉	-15.644126
賂	-15.644130
訝	-15.644131
嚼	-15.644133
體	-15.644133
拇	-15.644134
笠	-15.644134
悖	-15.644135
捺	-15.644135
蛹	-15.644135
ׁ	-15.644135
擲	-15.644135
屏	-15.644136
晃	-15.644136
爛	-15.644136
紮	-15.644136
截	-15.644137
樺	-15.644137
涎	-15.644137
鱒	-15.644137
ë	-15.644139
妨	-15.720193
慨	-15.720954
措	-15.721031
Ó	-15.721051
穣	-15.721051
醇	-15.721056
忿	-15.721057
愾	-15.721057
楚	-15.721057
ę	-15.721058
喬	-15.721058
恕	-15.721058
敲	-15.721058
灸	-15.721058
訃	-15.721058
逼	-15.721058
鉈	-15.721058
閘	-15.721058
頌	-15.721058
餞	-15.721058
◇	-15.721059
剔	-15.721059
拮	-15.721059
竣	-15.721059
蠅	-15.721059
邱	-15.721059
靡	-15.721059
翠	-15.721060
褶	-15.721060
ּ	-15.721061
☆	-15.721061
凋	-15.721062
®	-15.789749
楔	-15.789751
姻	-15.804364
捌	-15.804388
靂	-15.804388
芒	-15.804389
駈	-15.804389
ό	-15.804390
疣	-15.804390
站	-15.804390
λ	-15.804391
杓	-15.804391
瘻	-15.804391
簀	-15.804391
辜	-15.804391
饅	-15.804391
▵	-15.804392
▿	-15.804392
゚	-15.804392
冕	-15.804392
斂	-15.804392
濤	-15.804392
國	-15.804393
抄	-15.804393
沒	-15.804393
鳳	-15.804393
紆	-15.804397
●	-15.880717
但	-15.895282
閻	-15.895286
ヮ	-15.895296
ś	-15.895298
芹	-15.895298
什	-15.895299
弼	-15.895299
饉	-15.895300
奄	-15.895301
戈	-15.895301
斟	-15.895301
澹	-15.895301
饑	-15.895301
麿	-15.895301
翡	-15.895302
銑	-15.895302
ֶ	-15.895304
ת	-15.895304
渉	-15.980097
鍼	-15.980651
笏	-15.980652
ι	-15.995296
霹	-15.995297
嗟	-15.995298
ī	-15.995299
勒	-15.995299
寅	-15.995299
敦	-15.995299
蓼	-15.995299
閏	-15.995299
饒	-15.995299
仗	-15.995300
杆	-15.995300
燼	-15.995300
爰	-15.995300
砥	-15.995300
碇	-15.995300
ł	-15.995301
ל	-15.995301
△	-15.995301
朔	-15.995301
渠	-15.995301
篠	-15.995301
荀	-15.995301
顫	-15.995301
ô	-15.995302
杵	-15.995302
ַ	-15.995304
涜	-16.099785
剖	-16.106304
讐	-16.106400
眞	-16.106401
將	-16.106409
榊	-16.106409
鰓	-16.106409
̆	-16.106411
ὁ	-16.106411
⇨	-16.106411
儒	-16.106411
巌	-16.106411
愈	-16.106411
沽	-16.106411
瀑	-16.106411
犂	-16.106411
琵	-16.106411
痰	-16.106411
秩	-16.106411
簸	-16.106411
紊	-16.106411
聘	-16.106411
舅	-16.106411
輿	-16.106411
鑞	-16.106411
飜	-16.106411
魯	-16.106411
Π	-16.106413
ֹ	-16.106413
孩	-16.106413
腟	-16.106413
鄧	-16.106413
鯖	-16.106413
Ā	-16.106415
婢	-16.106415
鋤	-16.216768
嬉	-16.220417
械	-16.231203
漱	-16.231398
訣	-16.231401
弩	-16.231409
揶	-16.231409
擾	-16.231409
朕	-16.231409
玲	-16.231409
琶	-16.231409
畿	-16.231409
ů	-16.231411
亥	-16.231411
俣	-16.231411
凪	-16.231411
嗚	-16.231411
垓	-16.231411
壽	-16.231411
奸	-16.231411
揄	-16.231411
楷	-16.231411
欝	-16.231411
殷	-16.231411
浣	-16.231411
筮	-16.231411
簾	-16.231411
縷	-16.231411
鋏	-16.231411
霖	-16.231411
颯	-16.231411
ὸ	-16.231413
▼	-16.231413
冨	-16.231413
嗽	-16.231413
妓	-16.231413
弯	-16.231413
椿	-16.231413
爾	-16.231413
鵬	-16.231413
פ	-16.231415
嵩	-16.231415
暈	-16.231415
娩	-16.373835
穫	-16.374163
拐	-16.374256
î	-16.374260
杞	-16.374264
鵞	-16.374264
η	-16.374266
砒	-16.374266
邊	-16.374266
▲	-16.374268
仆	-16.374268
傀	-16.374268
儡	-16.374268
咤	-16.374268
廠	-16.374268
很	-16.374268
悴	-16.374268
晨	-16.374268
荼	-16.374268
蘆	-16.374268
蠍	-16.374268
錮	-16.374268
鑿	-16.374268
鬨	-16.374268
Ã	-16.374269
兌	-16.374269
彿	-16.374269
恬	-16.374269
憊	-16.374269
汀	-16.374269
疆	-16.374269
穽	-16.374269
粕	-16.374269
荅	-16.374269
袴	-16.374269
誅	-16.374269
鑚	-16.374269
龕	-16.374269
聲	-16.374271
鉾	-16.374271
巴	-16.374281
墾	-16.540892
呵	-16.540922
嚥	-16.540930
濯	-16.540930
ì	-16.540932
棹	-16.540932
駭	-16.540932
丑	-16.540934
匍	-16.540934
噺	-16.540934
媛	-16.540934
從	-16.540934
惠	-16.540934
曙	-16.540934
檜	-16.540934
溌	-16.540934
漑	-16.540934
畢	-16.540934
稔	-16.540934
粟	-16.540934
糺	-16.540934
絃	-16.540934
荻	-16.540934
萩	-16.540934
葯	-16.540934
蛆	-16.540934
阜	-16.540934
ǒ	-16.540936
啼	-16.540936
喀	-16.540936
彎	-16.540936
愎	-16.540936
愧	-16.540936
慟	-16.540936
搏	-16.540936
渣	-16.540936
痂	-16.540936
眷	-16.540936
穎	-16.540936
穰	-16.540936
笹	-16.540936
紘	-16.540936
罐	-16.540936
芦	-16.540936
註	-16.540936
證	-16.540936
趾	-16.540936
關	-16.540936
餡	-16.540936
俑	-16.540937
憔	-16.540937
欒	-16.540937
尸	-16.540947
莫	-16.735817
陛	-16.740751
矯	-16.740810
肖	-16.740917
晋	-16.740929
瀘	-16.740931
罫	-16.740931
咸	-16.740932
嘴	-16.740932
愴	-16.740932
瑕	-16.740932
稠	-16.740932
竈	-16.740932
輌	-16.740932
酊	-16.740932
Ë	-16.740934
ρ	-16.740934
✘	-16.740934
噫	-16.740934
崔	-16.740934
曠	-16.740934
栽	-16.740934
涛	-16.740934
犢	-16.740934
箕	-16.740934
荊	-16.740934
萍	-16.740934
袂	-16.740934
頒	-16.740934
ם	-16.740936
喃	-16.740936
攘	-16.740936
舳	-16.740936
藺	-16.740936
靄	-16.740936
兒	-16.740938
袢	-16.740938
襦	-16.740938
睛	-16.740940
ע	-16.740942
慌	-16.893965
努	-16.985207
彙	-16.990452
肯	-16.990896
娑	-16.990900
懺	-16.990923
枡	-16.990929
樂	-16.990929
誡	-16.990929
爲	-16.990931
祠	-16.990931
糠	-16.990931
耀	-16.990931
躯	-16.990931
丙	-16.990932
浙	-16.990932
煥	-16.990932
眈	-16.990932
絖	-16.990932
莉	-16.990932
隧	-16.990932
顰	-16.990932
騾	-16.990932
־	-16.990934
ᅡ	-16.990934
ᅩ	-16.990934
◗	-16.990934
墮	-16.990934
摸	-16.990934
杼	-16.990934
榮	-16.990934
槻	-16.990934
毘	-16.990934
稈	-16.990934
耶	-16.990934
肇	-16.990934
臂	-16.990934
菰	-16.990934
虞	-16.990934
衾	-16.990934
襖	-16.990934
詢	-16.990934
譎	-16.990934
郁	-16.990934
馨	-16.990934
ן	-16.990936
ר	-16.990936
倭	-16.990936
凰	-16.990936
卯	-16.990936
懣	-16.990936
撞	-16.990936
梃	-16.990936
欣	-16.990936
毬	-16.990936
猝	-16.990936
矣	-16.990936
秣	-16.990936
箭	-16.990936
蟲	-16.990936
隘	-16.990936
禾	-16.990938
鞠	-16.990938
厦	-16.990940
淹	-17.296371
◆	-17.309744
□	-17.309774
妥	-17.323599
疸	-17.323954
捏	-17.324249
ώ	-17.324261
梗	-17.324261
ס	-17.324263
佩	-17.324263
侠	-17.324265
兇	-17.324265
屎	-17.324265
璃	-17.324265
劈	-17.324266
婁	-17.324266
屡	-17.324266
嶼	-17.324266
澳	-17.324266
狛	-17.324266
苅	-17.324266
蔬	-17.324266
蝮	-17.324266
鰭	-17.324266
Λ	-17.324268
ᅵ	-17.324268
ἰ	-17.324268
➤	-17.324268
亨	-17.324268
俟	-17.324268
匐	-17.324268
厠	-17.324268
婪	-17.324268
憮	-17.324268
懶	-17.324268
戌	-17.324268
梠	-17.324268
淪	-17.324268
淮	-17.324268
燎	-17.324268
牲	-17.324268
璽	-17.324268
甌	-17.324268
皰	-17.324268
碓	-17.324268
碾	-17.324268
稱	-17.324268
笞	-17.324268
緞	-17.324268
縒	-17.324268
羂	-17.324268
舜	-17.324268
艀	-17.324268
蒋	-17.324268
薊	-17.324268
蛔	-17.324268
覡	-17.324268
跛	-17.324268
蹊	-17.324268
輓	-17.324268
輛	-17.324268
逾	-17.324268
鎔	-17.324268
鎚	-17.324268
闢	-17.324268
驢	-17.324268
髀	-17.324268
魏	-17.324268
埴	-17.324270
睿	-17.324270
誣	-17.324270
諫	-17.324270
豺	-17.324270
鉉	-17.324270
雯	-17.324270
驀	-17.324270
ō	-17.324272
δ	-17.324274
應	-17.324274
筵	-17.324274
鈎	-17.324274
鼈	-17.324274
攣	-17.324280
瑙	-17.324280
瑪	-17.324280
轡	-17.324280
劫	-17.823410
獅	-17.823971
践	-17.824009
粧	-17.824120
窒	-17.824163
虔	-17.824251
幟	-17.824265
瀋	-17.824265
祉	-17.824265
肪	-17.824265
상	-17.824265
亢	-17.824266
佃	-17.824266
夭	-17.824266
擅	-17.824266
茵	-17.824266
霆	-17.824266
齊	-17.824266
ĕ	-17.824268
ǔ	-17.824268
ȩ	-17.824268
ח	-17.824268
כ	-17.824268
ᄅ	-17.824268
ᅥ	-17.824268
ᅳ	-17.824268
▴	-17.824268
儕	-17.824268
卉	-17.824268
啻	-17.824268
圃	-17.824268
孰	-17.824268
尹	-17.824268
峨	-17.824268
懴	-17.824268
斫	-17.824268
旁	-17.824268
旒	-17.824268
棗	-17.824268
樅	-17.824268
檣	-17.824268
濶	-17.824268
燧	-17.824268
牟	-17.824268
痃	-17.824268
癈	-17.824268
礙	-17.824268
繞	-17.824268
羲	-17.824268
羹	-17.824268
翰	-17.824268
肆	-17.824268
膸	-17.824268
與	-17.824268
茲	-17.824268
菖	-17.824268
蔟	-17.824268
蕪	-17.824268
藉	-17.824268
袍	-17.824268
觸	-17.824268
詹	-17.824268
赭	-17.824268
迹	-17.824268
鉋	-17.824268
銜	-17.824268
鑵	-17.824268
隋	-17.824268
雖	-17.824268
鬮	-17.824268
鴒	-17.824268
鹹	-17.824268
麝	-17.824268
υ	-17.824270
舁	-17.824270
Ρ	-17.824272
塘	-17.824272
廐	-17.824272
桎	-17.824272
梏	-17.824272
絏	-17.824272
縲	-17.824272
翦	-17.824272
苞	-17.824272
蕊	-17.824272
諧	-17.824272
赧	-17.824272
ύ	-17.824274
慙	-17.824274
犀	-17.824274
蕭	-17.824274
跏	-17.824274
麩	-17.824274
叭	-17.824278
甫	-17.824278
簫	-17.824280
ד	-17.824282
צ	-17.824284
ֵ	-17.824289
찡	-18.702091
짱	-18.702192
직	-18.702291
지	-18.702393
죠	-18.702492
종	-18.702591
존	-18.702692
조	-18.702791
저	-18.702892
의	-18.702991
예	-18.703093
씨	-18.703192
실	-18.703291
승	-18.703392
분	-18.703491
병	-18.703592
렇	-18.703691
도	-18.703793
는	-18.703892
그	-18.703991
과	-18.704092
齡	-18.704191
齠	-18.704292
齌	-18.704391
鼾	-18.704493
鼺	-18.704592
鼯	-18.704691
鼎	-18.704792
黷	-18.704891
黴	-18.704992
黍	-18.705091
黃	-18.705193
麹	-18.705292
鷗	-18.705391
鶇	-18.705492
鵠	-18.705591
鴬	-18.705692
鳫	-18.705791
鱠	-18.705893
鱉	-18.705992
鱆	-18.706091
鰺	-18.706192
鰯	-18.706291
鰂	-18.706392
鯵	-18.706491
鯰	-18.706593
鮪	-18.706692
鮎	-18.706791
鬛	-18.706892
鬘	-18.706991
髷	-18.707092
骎	-18.707191
驛	-18.707293
駻	-18.707392
饡	-18.707491
颱	-18.707592
题	-18.707691
预	-18.707792
顺	-18.707891
韶	-18.707993
韜	-18.708092
靨	-18.708191
霰	-18.708292
霣	-18.708391
霙	-18.708492
隱	-18.708591
險	-18.708693
陜	-18.708792
阨	-18.708891
队	-18.708992
闖	-18.709091
闕	-18.709192
閿	-18.709291
閧	-18.709393
閒	-18.709492
閊	-18.709591
鑠	-18.709692
鐖	-18.709791
鏃	-18.709892
鎹	-18.709991
錚	-18.710093
鋪	-18.710192
銷	-18.710291
鉦	-18.710392
鈿	-18.710491
釐	-18.710592
醫	-18.710691
鄕	-18.710793
郞	-18.710892
逹	-18.710991
逡	-18.711092
逍	-18.711191
过	-18.711292
辷	-18.711391
辨	-18.711493
轉	-18.711592
轅	-18.711691
輦	-18.711792
軫	-18.711891
軈	-18.711992
軀	-18.712091
蹠	-18.712193
蹌	-18.712292
踉	-18.712391
跫	-18.712492
趺	-18.712591
赱	-18.712692
赫	-18.712791
费	-18.712893
贓	-18.712992
賺	-18.713091
賴	-18.713192
貓	-18.713291
貎	-18.713392
貂	-18.713491
豁	-18.713593
諳	-18.713692
訥	-18.713791
觔	-18.713892
襷	-18.713991
襪	-18.714092
襤	-18.714191
褸	-18.714293
褁	-18.714392
袱	-18.714493
衒	-18.714592
蟄	-18.714691
螂	-18.714792
蜀	-18.714891
蛤	-18.714993
蛎	-18.715092
虛	-18.715193
蘦	-18.715292
蘊	-18.715391
藥	-18.715492
藏	-18.715591
薮	-18.715693
薞	-18.715792
蔦	-18.715893
菴	-18.715992
菫	-18.716091
莟	-18.716192
茴	-18.716291
茧	-18.716393
茉	-18.716492
芰	-18.716593
艤	-18.716692
舊	-18.716791
臌	-18.716892
胜	-18.716991
聰	-18.717093
聯	-18.717192
耘	-18.717293
罾	-18.717392
绝	-18.717491
经	-18.717592
繻	-18.717691
繙	-18.717793
縣	-18.717892
縎	-18.717993
綠	-18.718092
絕	-18.718191
糬	-18.718292
粂	-18.718391
篔	-18.718493
箆	-18.718592
筝	-18.718693
筅	-18.718792
笨	-18.718891
竦	-18.718992
窈	-18.719091
硯	-18.719193
矍	-18.719292
瞠	-18.719393
瞋	-18.719492
眾	-18.719591
眦	-18.719692
皛	-18.719791
皐	-18.719893
癡	-18.719992
癘	-18.720093
痲	-18.720192
痤	-18.720291
疔	-18.720392
當	-18.720491
畫	-18.720592
瓠	-18.720692
瓟	-18.720793
瑾	-18.720892
瑣	-18.720991
琱	-18.721092
珝	-18.721191
猴	-18.721292
狢	-18.721392
犧	-18.721493
犇	-18.721592
燵	-18.721691
燮	-18.721792
燗	-18.721891
煻	-18.721992
炬	-18.722092
瀰	-18.722193
瀞	-18.722292
濟	-18.722391
潭	-18.722492
滌	-18.722591
溲	-18.722692
湮	-18.722792
淛	-18.722893
洛	-18.722992
泪	-18.723091
泙	-18.723192
氐	-18.723291
殘	-18.723392
歉	-18.723492
樟	-18.723593
槙	-18.723692
榖	-18.723791
椋	-18.723892
棓	-18.723991
梼	-18.724092
條	-18.724192
梔	-18.724293
桴	-18.724392
标	-18.724491
杮	-18.724592
朵	-18.724691
暐	-18.724792
晝	-18.724892
攜	-18.724993
據	-18.725092
擋	-18.725191
撽	-18.725292
搦	-18.725391
揩	-18.725492
捥	-18.725592
抰	-18.725693
扈	-18.725792
懽	-18.725891
愼	-18.725992
悢	-18.726091
悌	-18.726192
怙	-18.726292
怕	-18.726393
怀	-18.726492
徽	-18.726591
德	-18.726692
徵	-18.726791
徙	-18.726892
彭	-18.726992
彅	-18.727093
张	-18.727192
弋	-18.727293
巢	-18.727392
巓	-18.727491
嵯	-18.727592
崵	-18.727692
崑	-18.727793
峽	-18.727892
峯	-18.727993
屬	-18.728092
尓	-18.728191
导	-18.728292
对	-18.728392
寫	-18.728493
宽	-18.728592
宁	-18.728693
媳	-18.728792
姶	-18.728891
奕	-18.728992
奎	-18.729092
夸	-18.729193
壤	-18.729292
墲	-18.729393
塒	-18.729492
堯	-18.729591
堙	-18.729692
坤	-18.729792
坡	-18.729893
圜	-18.729992
團	-18.730093
圖	-18.730192
囷	-18.730291
园	-18.730392
嚙	-18.730492
嚐	-18.730593
嚆	-18.730692
嘸	-18.730793
嘶	-18.730892
嘀	-18.730991
嗾	-18.731092
嗯	-18.731192
喂	-18.731293
啦	-18.731392
啥	-18.731493
哎	-18.731592
哇	-18.731691
咪	-18.731792
咕	-18.731892
呎	-18.731993
吽	-18.732092
吳	-18.732193
吭	-18.732292
吓	-18.732391
參	-18.732492
厖	-18.732592
压	-18.732693
卽	-18.732792
勺	-18.732893
勞	-18.732992
凜	-18.733091
冰	-18.733192
僞	-18.733292
值	-18.733393
佻	-18.733492
份	-18.733593
从	-18.733692
〓	-18.733791
⨯	-18.733892
❤	-18.733992
♭	-18.734093
♬	-18.734192
♡	-18.734293
☺	-18.734392
▽	-18.734491
┐	-18.734592
┌	-18.734692
│	-18.734793
⏎	-18.734892
⌋	-18.734993
⌊	-18.735092
⌉	-18.735191
⌈	-18.735292
⊆	-18.735392
∣	-18.735493
∕	-18.735592
₫	-18.735693
₧	-18.735792
₣	-18.735891
เ	-18.735992
ึ	-18.736092
ะ	-18.736193
ย	-18.736292
ม	-18.736393
บ	-18.736492
ค	-18.736591
ф	-18.736692
в	-18.736792
Ч	-18.736893
Т	-18.736992
С	-18.737093
О	-18.737192
Д	-18.737291
Б	-18.737392
ψ	-18.737492
χ	-18.737593
ζ	-18.737692
Ś	-18.737793
ő	-18.737892
ă	-18.737991
Ă	-18.738092
ÿ	-18.738192
þ	-18.738293
진	-18.738392
주	-18.738493
정	-18.738592
전	-18.738691
유	-18.738792
외	-18.738892
안	-18.738993
시	-18.739092
대	-18.739193
님	-18.739292
녕	-18.739391
감	-18.739492
麒	-18.739592
鶉	-18.739693
鴎	-18.739792
鱼	-18.739893
鰹	-18.739992
鰌	-18.740093
魄	-18.740192
鬧	-18.740292
髮	-18.740393
騷	-18.740492
馭	-18.740593
餘	-18.740692
餉	-18.740793
霍	-18.740892
陝	-18.740992
镜	-18.741093
鐙	-18.741192
鎬	-18.741293
鍺	-18.741392
鄊	-18.741493
鄉	-18.741592
邏	-18.741692
邂	-18.741793
遑	-18.741892
逅	-18.741993
躺	-18.742092
蹲	-18.742193
蹙	-18.742292
賣	-18.742392
谁	-18.742493
译	-18.742592
變	-18.742693
譁	-18.742792
謔	-18.742893
謐	-18.742992
諂	-18.743092
覿	-18.743193
覘	-18.743292
襞	-18.743393
蝭	-18.743492
蜊	-18.743593
蛺	-18.743692
蕎	-18.743792
蒴	-18.743893
蒡	-18.743992
苳	-18.744093
艾	-18.744192
艷	-18.744293
舛	-18.744392
胄	-18.744492
肱	-18.744593
耄	-18.744692
羃	-18.744793
罔	-18.744892
网	-18.744993
约	-18.745092
纛	-18.745192
縊	-18.745293
篦	-18.745392
篝	-18.745493
竘	-18.745592
穐	-18.745693
秈	-18.745792
禧	-18.745892
礹	-18.745993
碼	-18.746092
砯	-18.746193
睫	-18.746292
盡	-18.746393
盒	-18.746492
皵	-18.746592
疯	-18.746693
疙	-18.746792
珒	-18.746893
现	-18.746992
狎	-18.747093
焰	-18.747192
淨	-18.747292
洟	-18.747393
殼	-18.747492
欟	-18.747593
梟	-18.747692
桓	-18.747793
样	-18.747892
查	-18.747992
杳	-18.748093
暀	-18.748192
收	-18.748293
擼	-18.748392
擨	-18.748493
擊	-18.748592
擂	-18.748692
撩	-18.748793
摇	-18.748892
搞	-18.748993
搓	-18.749092
拵	-18.749193
拱	-18.749292
拯	-18.749392
拋	-18.749493
拂	-18.749592
抶	-18.749693
抒	-18.749792
戟	-18.749893
戊	-18.749992
戀	-18.750092
懷	-18.750193
懦	-18.750292
悧	-18.750393
悍	-18.750492
悄	-18.750593
恢	-18.750692
彈	-18.750792
强	-18.750893
廣	-18.750992
巋	-18.751093
嶷	-18.751192
寢	-18.751293
寐	-18.751392
學	-18.751492
婞	-18.751593
姚	-18.751692
墺	-18.751793
堺	-18.751892
囓	-18.751993
囃	-18.752092
囀	-18.752192
噤	-18.752293
單	-18.752392
呢	-18.752493
呀	-18.752592
吞	-18.752693
卷	-18.752792
僥	-18.752893
偷	-18.752993
倖	-18.753092
侭	-18.753193
佛	-18.753292
优	-18.753393
乍	-18.753492
ㄐ	-18.753593
ヱ	-18.753693
≥	-18.753792
≤	-18.753893
≠	-18.753992
∩	-18.754093
∃	-18.754192
₪	-18.754293
ὅ	-18.754393
่	-18.754492
ไ	-18.754593
า	-18.754692
น	-18.754793
ง	-18.754892
ט	-18.754993
ב	-18.755093
ֲ	-18.755192
ө	-18.755293
ұ	-18.755392
Ι	-18.755493
Ʃ	-18.755592
ţ	-18.755693
Ţ	-18.755793
Ř	-18.755892
ć	-18.755993
`	-18.756092
풀	-18.756193
공	-18.756292
간	-18.756393
點	-18.756493
鸚	-18.756592
鷺	-18.756693
鶤	-18.756792
鵡	-18.756893
鴻	-18.756992
鱸	-18.757093
鱇	-18.757193
鯔	-18.757292
鮑	-18.757393
飄	-18.757492
頽	-18.757593
靈	-18.757692
雉	-18.757793
鑼	-18.757893
郥	-18.757992
邇	-18.758093
轴	-18.758192
輕	-18.758293
躱	-18.758392
踰	-18.758493
踩	-18.758593
跟	-18.758692
譯	-18.758793
諤	-18.758892
誼	-18.758993
誑	-18.759092
詌	-18.759193
蟤	-18.759293
蝦	-18.759392
蝗	-18.759493
蚢	-18.759592
薯	-18.759693
蕃	-18.759792
蕁	-18.759893
蓙	-18.759993
蒜	-18.760092
萃	-18.760193
茣	-18.760292
芾	-18.760393
舩	-18.760492
肴	-18.760593
翳	-18.760693
缺	-18.760792
箝	-18.760893
磋	-18.760992
癲	-18.761093
畦	-18.761192
甕	-18.761293
瓢	-18.761393
璨	-18.761492
珥	-18.761593
爸	-18.761692
爱	-18.761793
燒	-18.761892
熙	-18.761993
炴	-18.762093
瀾	-18.762192
溯	-18.762293
毟	-18.762392
橏	-18.762493
樰	-18.762592
楢	-18.762693
楠	-18.762793
桐	-18.762892
栞	-18.762993
栃	-18.763092
數	-18.763193
攀	-18.763292
摑	-18.763393
找	-18.763493
懂	-18.763592
慚	-18.763693
愿	-18.763792
惣	-18.763893
幔	-18.763992
寨	-18.764093
嬪	-18.764193
她	-18.764292
奧	-18.764393
奘	-18.764492
壱	-18.764593
壅	-18.764692
塓	-18.764793
址	-18.764893
哪	-18.764992
哥	-18.765093
哈	-18.765192
刚	-18.765293
凉	-18.765392
倅	-18.765493
侃	-18.765593
乘	-18.765694
ヰ	-18.765793
〻	-18.765892
◎	-18.765993
≧	-18.766092
↵	-18.766193
ᄂ	-18.766293
้	-18.766394
อ	-18.766493
ร	-18.766592
ק	-18.766693
׃	-18.766792
ә	-18.766893
я	-18.766993
у	-18.767094
А	-18.767193
ū	-18.767292
œ	-18.767393
ù	-18.767492
Õ	-18.767593
히	-18.767693
환	-18.767794
퍼	-18.767893
택	-18.767992
연	-18.768093
슈	-18.768192
따	-18.768293
난	-18.768393
齟	-18.768494
麟	-18.768593
鳶	-18.768692
鰻	-18.768793
鰍	-18.768892
魘	-18.768993
鬣	-18.769093
雙	-18.769194
酎	-18.769293
賎	-18.769392
譛	-18.769493
譚	-18.769592
諷	-18.769693
訶	-18.769793
襄	-18.769894
裝	-18.769993
蘚	-18.770092
繫	-18.770193
縼	-18.770292
篩	-18.770393
竃	-18.770493
眸	-18.770594
盧	-18.770693
疵	-18.770792
疥	-18.770893
瑁	-18.770992
琢	-18.771093
爭	-18.771193
灘	-18.771294
渥	-18.771393
淚	-18.771492
步	-18.771593
檄	-18.771692
橿	-18.771793
栖	-18.771893
杢	-18.771994
斷	-18.772093
搜	-18.772192
搔	-18.772293
恫	-18.772392
恆	-18.772493
彊	-18.772593
夾	-18.772694
嗤	-18.772793
啜	-18.772892
厂	-18.772993
假	-18.773092
倳	-18.773193
仅	-18.773293
于	-18.773394
习	-18.773493
么	-18.773592
丨	-18.773693
业	-18.773792
➕	-18.773893
♥	-18.773993
♀	-18.774094
▾	-18.774193
∠	-18.774292
∈	-18.774393
ˋ	-18.774492
Ÿ	-18.774593
ē	-18.774693
황	-18.774794
鸣	-18.774893
騨	-18.774992
馗	-18.775093
饕	-18.775192
餮	-18.775293
风	-18.775393
靜	-18.775494
隼	-18.775593
闔	-18.775692
闌	-18.775793
閂	-18.775892
诸	-18.775993
该	-18.776093
諒	-18.776194
說	-18.776293
觉	-18.776392
见	-18.776493
覺	-18.776592
衿	-18.776693
虻	-18.776793
蒐	-18.776894
臺	-18.776993
聽	-18.777092
组	-18.777193
纉	-18.777292
离	-18.777393
碎	-18.777493
碌	-18.777594
灣	-18.777693
涵	-18.777792
每	-18.777893
樵	-18.777992
无	-18.778093
擩	-18.778193
撓	-18.778294
捩	-18.778393
慳	-18.778494
怜	-18.778593
帶	-18.778692
姐	-18.778793
壬	-18.778893
壜	-18.778994
墙	-18.779093
图	-18.779194
嘗	-18.779293
啖	-18.779392
唤	-18.779493
听	-18.779593
厘	-18.779694
匡	-18.779793
冲	-18.779894
傳	-18.779993
们	-18.780092
乎	-18.780193
为	-18.780293
〆	-18.780394
⇔	-18.780493
ᄆ	-18.780594
ᄀ	-18.780693
ң	-18.780792
ʃ	-18.780893
Č	-18.780993
Ø	-18.781094
창	-18.781193
명	-18.781294
고	-18.781393
还	-18.781492
边	-18.781593
说	-18.781693
蝠	-18.781794
蝙	-18.781893
蜴	-18.781994
蜥	-18.782093
藝	-18.782192
蕉	-18.782293
舍	-18.782393
脋	-18.782494
總	-18.782593
筧	-18.782694
燦	-18.782793
憺	-18.782892
怎	-18.782993
应	-18.783092
姥	-18.783194
够	-18.783293
圳	-18.783394
∫	-18.783493
ᄉ	-18.783592
ғ	-18.783693
ň	-18.783792
ď	-18.783894
ò	-18.783993
Ñ	-18.784094
Ï	-18.784193
장	-18.784292
백	-18.784393
鯛	-18.784492
髑	-18.784594
髏	-18.784693
駟	-18.784794
閤	-18.784893
螢	-18.784992
蝉	-18.785093
芭	-18.785192
筐	-18.785294
發	-18.785393
烽	-18.785494
炕	-18.785593
恊	-18.785692
恃	-18.785793
對	-18.785892
孟	-18.785994
嗎	-18.786093
卦	-18.786194
兩	-18.786293
內	-18.786392
传	-18.786493
ᄋ	-18.786592
ш	-18.786694
п	-18.786793
Ù	-18.786894
Ê	-18.786993
齔	-18.787092
齎	-18.787193
鴗	-18.787292
间	-18.787394
邵	-18.787493
貣	-18.787594
讓	-18.787693
蠢	-18.787792
葞	-18.787893
莞	-18.787992
茄	-18.788094
硼	-18.788193
砧	-18.788294
玥	-18.788393
梵	-18.788492
壞	-18.788593
咄	-18.788692
俘	-18.788794
俄	-18.788893
∀	-18.788994
о	-18.789093
ń	-18.789192
黑	-18.789293
麼	-18.789392
鮒	-18.789494
逓	-18.789593
这	-18.789694
蔚	-18.789793
蓬	-18.789892
芷	-18.789993
芟	-18.790092
疳	-18.790194
樣	-18.790293
效	-18.790394
惡	-18.790493
卻	-18.790592
剌	-18.790693
∞	-18.790792
з	-18.790894
ж	-18.790993
б	-18.791094
Û	-18.791193
아	-18.791294
닉	-18.791393
鬚	-18.791492
雫	-18.791594
长	-18.791693
蒢	-18.791794
盈	-18.791893
琲	-18.791994
珈	-18.792093
漓	-18.792192
忺	-18.792294
吗	-18.792393
冪	-18.792494
允	-18.792593
侘	-18.792694
个	-18.792793
⇧	-18.792892
й	-18.792994
г	-18.793093
κ	-18.793194
§	-18.793293
형	-18.793394
심	-18.793493
遽	-18.793592
蕗	-18.793694
晚	-18.793793
时	-18.793894
愆	-18.793993
孃	-18.794094
倚	-18.794193
м	-18.794292
£	-18.794394
鐵	-18.794493
贔	-18.794594
誂	-18.794693
笥	-18.794794
沁	-18.794893
擢	-18.794992
懃	-18.795094
慇	-18.795193
屓	-18.795294
姬	-18.795393
噓	-18.795494
≒	-18.795593
Ú	-18.795692
Ð	-18.795794
김	-18.795893
褪	-18.795994
經	-18.796093
疚	-18.796194
瑜	-18.796293
槶	-18.796392
堝	-18.796494
坩	-18.796593
們	-18.796694
佇	-18.796793
ү	-18.796894
̧	-18.796993
Ş	-18.797092
û	-18.797194
踝	-18.797293
諍	-18.797394
莱	-18.797493
緖	-18.797594
篆	-18.797693
箪	-18.797792
竺	-18.797894
稟	-18.797993
炯	-18.798094
濳	-18.798193
歸	-18.798294
椰	-18.798393
棠	-18.798492
梧	-18.798594
桝	-18.798693
呟	-18.798794
凭	-18.798893
冀	-18.798994
傅	-18.799093
∧	-18.799192
қ	-18.799294
Φ	-18.799393
迸	-18.799494
褻	-18.799593
萼	-18.799694
萠	-18.799793
祟	-18.799892
湛	-18.799994
凛	-18.800093
僣	-18.800194
✖	-18.800293
€	-18.800394
д	-18.800493
̈	-18.800592
¦	-18.800694
쿤	-18.800793
魁	-18.800894
闃	-18.800993
譫	-18.801094
苺	-18.801193
腓	-18.801292
緘	-18.801394
箍	-18.801493
玟	-18.801594
歲	-18.801693
柊	-18.801794
啊	-18.801893
仄	-18.801992
∨	-18.802094
с	-18.802193
л	-18.802294
к	-18.802393
õ	-18.802494
黛	-18.802593
鮫	-18.802692
詈	-18.802794
猊	-18.802893
狀	-18.802994
囗	-18.803093
♯	-18.803194
駱	-18.803293
醐	-18.803392
醍	-18.803493
荳	-18.803593
芬	-18.803694
綽	-18.803793
矽	-18.803894
爧	-18.803993
樖	-18.804092
〃	-18.804193
虱	-18.804293
禎	-18.804394
涸	-18.804493
坏	-18.804594
吧	-18.804693
İ	-18.804792
蛸	-18.804893
會	-18.804993
т	-18.805094
Ò	-18.805193
釧	-18.805294
羋	-18.805393
寶	-18.805492
儚	-18.805593
♂	-18.805693
☞	-18.805794
≦	-18.805893
À	-18.805994
¡	-18.806093
鱈	-18.806192
鰐	-18.806293
鎭	-18.806393
秉	-18.806494
戰	-18.806593
卍	-18.806694
゙	-18.806793
⇒	-18.806892
Â	-18.806993
찬	-18.807093
성	-18.807194
鸞	-18.807293
顏	-18.807394
葱	-18.807493
호	-18.807592
頷	-18.807693
鍔	-18.807793
渤	-18.807894
彡	-18.807993
ξ	-18.808094
†	-18.808193
이	-18.808292
魃	-18.808393
儂	-18.808493
р	-18.808594
鄭	-18.808693
籾	-18.808794
籤	-18.808893
楓	-18.808992
廁	-18.809093
宕	-18.809193
∂	-18.809294
迦	-18.809393
櫑	-18.809494
咥	-18.809593
ы	-18.809692
н	-18.809793
骼	-18.809893
裳	-18.809994
亘	-18.810093
‡	-18.810194
а	-18.810293
褄	-18.810392
̃	-18.810493
氣	-18.810593
啄	-18.810694
↓	-18.810730
ゎ	-18.810793
痣	-18.810894
蹂	-18.810993
橈	-18.811092
贋	-18.811193
菩	-18.811293
箒	-18.811394
闊	-18.811493
趨	-18.811594
羌	-18.811693
е	-18.811792
叡	-18.811893
噌	-18.811993
刎	-18.812094
і	-18.812193
수	-18.812294
做	-18.812393
篭	-18.812492
蝸	-18.812593
﨑	-18.812693
′	-18.812794
綸	-18.812893
우	-18.812994
영	-18.813093
乖	-18.813192
涅	-18.813293
恍	-18.813393
鍾	-18.813494
徘	-18.813593
嗇	-18.813694
睾	-18.813793
̄	-18.813892
¬	-18.813993
Þ	-18.814093
來	-18.814194
閹	-18.814293
囮	-18.814394
炙	-18.814493
崗	-18.814592
준	-18.814693
珪	-18.814793
矮	-18.814894
檎	-18.814993
纒	-18.815094
滾	-18.815193
艱	-18.815292
你	-18.815393
☎	-18.815493
≫	-18.815594
佑	-18.815693
睨	-18.815794
竇	-18.815893
ˆ	-18.815992
¤	-18.816093
Œ	-18.816193
黎	-18.816294
√	-18.816393
炒	-18.816494
焉	-18.816593
梶	-18.816692
✕	-18.816793
嘔	-18.816893
‰	-18.816994
‹	-18.817093
澪	-18.817194
¿	-18.817293
ð	-18.817392
舐	-18.817493
ğ	-18.817593
氾	-18.817694
膀	-18.817793
胱	-18.817894
倹	-18.817993
泄	-18.818092
迄	-18.818193
嚇	-18.818293
琥	-18.818394
珀	-18.818493
ぃ	-18.818594
酩	-18.818693
〟	-18.818792
±	-18.818893
隕	-18.818993
〞	-18.819094
旺	-18.819193
宦	-18.819294
Í	-18.819393
ş	-18.819492
¢	-18.819593
酋	-18.819693
囁	-18.819794
詫	-18.819893
吠	-18.819994
墟	-18.820093
凵	-18.820192
¶	-18.820293
痩	-18.820393
Ž	-18.820494
Ì	-18.820593
⁄	-18.820694
➡	-18.820793
薦	-18.820885
賠	-18.820892
≪	-18.820993
丿	-18.821093
楕	-18.821194
」	-18.821293
ぅ	-18.821394
ƒ	-18.821493
「	-18.821592
♫	-18.821693
〝	-18.821793
哺	-18.821894
儲	-18.821993
紳	-18.822094
嘩	-18.822193
、	-18.822292
ı	-18.822393
丶	-18.822493
ぉ	-18.822594
喋	-18.822693
貿	-18.822794
拷	-18.822893
循	-18.822992
{	-18.823093
叔	-18.823193
}	-18.823294
〜	-18.823393
貰	-18.823494
娯	-18.823593
捧	-18.823692
。	-18.823793
─	-18.823893
^	-18.823994
$	-18.824093
沌	-18.824104
紹	-18.824194
瀝	-18.824244
逮	-18.824253
Ẹ	-18.824257
ἀ	-18.824257
ἄ	-18.824257
訟	-18.824261
ḥ	-18.824263
倆	-18.824266
價	-18.824266
冽	-18.824266
匪	-18.824266
咒	-18.824266
堊	-18.824266
寇	-18.824266
廈	-18.824266
弗	-18.824266
懈	-18.824266
捍	-18.824266
捫	-18.824266
斛	-18.824266
暝	-18.824266
槇	-18.824266
沛	-18.824266
湟	-18.824266
甜	-18.824266
痳	-18.824266
禪	-18.824266
胛	-18.824266
襴	-18.824266
詑	-18.824266
迪	-18.824266
鞋	-18.824266
鞏	-18.824266
馥	-18.824266
駑	-18.824266
齦	-18.824266
ą	-18.824268
ʺ	-18.824268
Ο	-18.824268
ά	-18.824268
ή	-18.824268
ג	-18.824268
מ	-18.824268
ף	-18.824268
ᄃ	-18.824268
ᄇ	-18.824268
ᄌ	-18.824268
ᄎ	-18.824268
ᄏ	-18.824268
ᄐ	-18.824268
ᄑ	-18.824268
ᄒ	-18.824268
ᅣ	-18.824268
ᅦ	-18.824268
ᅧ	-18.824268
ᅭ	-18.824268
ᅮ	-18.824268
ᅲ	-18.824268
ἔ	-18.824268
ὕ	-18.824268
ᾶ	-18.824268
ῦ	-18.824268
ῷ	-18.824268
⇦	-18.824268
☒	-18.824268
丞	-18.824268
侈	-18.824268
劒	-18.824268
匱	-18.824268
呱	-18.824268
囂	-18.824268
埔	-18.824268
娠	-18.824268
帖	-18.824268
幄	-18.824268
廏	-18.824268
彪	-18.824268
惇	-18.824268
惶	-18.824268
慥	-18.824268
憬	-18.824268
懿	-18.824268
擘	-18.824268
斃	-18.824268
梓	-18.824268
楨	-18.824268
榛	-18.824268
榻	-18.824268
樓	-18.824268
橇	-18.824268
橡	-18.824268
櫻	-18.824268
權	-18.824268
歡	-18.824268
溪	-18.824268
煕	-18.824268
營	-18.824268
牆	-18.824268
玻	-18.824268
瑟	-18.824268
瑯	-18.824268
疏	-18.824268
痍	-18.824268
癰	-18.824268
矇	-18.824268
矧	-18.824268
磚	-18.824268
磽	-18.824268
禦	-18.824268
竊	-18.824268
筌	-18.824268
箙	-18.824268
篥	-18.824268
篳	-18.824268
糯	-18.824268
綛	-18.824268
緬	-18.824268
羯	-18.824268
腴	-18.824268
膾	-18.824268
舘	-18.824268
艙	-18.824268
艫	-18.824268
茁	-18.824268
處	-18.824268
號	-18.824268
蚋	-18.824268
蝎	-18.824268
衫	-18.824268
袒	-18.824268
覯	-18.824268
訐	-18.824268
諏	-18.824268
謨	-18.824268
譏	-18.824268
賚	-18.824268
跌	-18.824268
酣	-18.824268
銚	-18.824268
雕	-18.824268
雰	-18.824268
饌	-18.824268
鯱	-18.824268
鴿	-18.824268
鵲	-18.824268
齒	-18.824268
齲	-18.824268
곰	-18.824268
목	-18.824268
소	-18.824268
Α	-18.824270
垤	-18.824270
奚	-18.824270
扼	-18.824270
沂	-18.824270
衢	-18.824270
頗	-18.824270
佚	-18.824272
佼	-18.824272
峪	-18.824272
嶽	-18.824272
搗	-18.824272
橄	-18.824272
欖	-18.824272
竟	-18.824272
艪	-18.824272
芙	-18.824272
蓉	-18.824272
貽	-18.824272
陋	-18.824272
랑	-18.824272
사	-18.824272
̇	-18.824276
Ε	-18.824276
Υ	-18.824276
ὶ	-18.824276
諛	-18.824276
♪	-18.824293
喇	-18.824293
