</s>	0
<unk>	1
,	2
▁the	3
▁of	4
.	5
▁and	6
▁	7
▁to	8
。	9
▁in	10
的	11
▁a	12
、	13
▁for	14
-	15
和	16
)	17
▁on	18
▁that	19
▁(	20
'	21
s	22
?	23
▁The	24
;	25
▁I	26
▁with	27
▁-	28
▁by	29
▁is	30
年	31
▁be	32
▁as	33
(	34
:	35
在	36
▁you	37
▁"	38
▁it	39
/	40
月	41
▁was	42
▁its	43
▁are	44
▁United	45
▁at	46
》	47
!	48
▁from	49
▁or	50
《	51
▁Nations	52
▁have	53
▁not	54
了	55
▁this	56
▁an	57
▁all	58
t	59
▁which	60
▁their	61
▁Committee	62
对	63
▁has	64
与	65
▁In	66
▁States	67
...	68
是	69
或	70
▁international	71
▁been	72
▁will	73
为	74
日	75
第	76
▁had	77
▁A	78
▁also	79
中	80
A	81
▁It	82
▁'	83
▁were	84
▁other	85
a	86
以及	87
▁should	88
▁Council	89
▁development	90
并	91
▁would	92
▁rights	93
▁countries	94
▁s	95
将	96
m	97
1	98
▁report	99
▁You	100
包括	101
ing	102
▁我	103
d	104
▁me	105
▁在	106
▁we	107
▁resolution	108
b	109
▁including	110
▁under	111
问题	112
▁women	113
以	114
▁such	115
3	116
▁human	117
▁work	118
▁General	119
▁Assembly	120
我	121
▁can	122
有	123
▁support	124
▁information	125
2	126
▁national	127
人	128
re	129
▁out	130
▁State	131
▁你	132
6	133
▁session	134
▁they	135
General	136
关于	137
4	138
▁one	139
▁We	140
▁Convention	141
时	142
▁implementation	143
▁Secretary	144
就	145
你	146
▁do	147
c	148
向	149
上	150
▁right	151
▁more	152
其	153
▁made	154
不	155
国家	156
12	157
▁my	158
7	159
提供	160
▁there	161
▁Government	162
▁Commission	163
▁into	164
▁those	165
而	166
▁International	167
▁your	168
▁he	169
5	170
▁activities	171
▁against	172
C	173
▁his	174
▁well	175
进行	176
e	177
公约	178
▁no	179
▁through	180
▁about	181
他	182
▁but	183
),	184
10	185
委员会	186
▁up	187
及	188
▁any	189
▁law	190
▁between	191
▁so	192
工作	193
)。	194
▁meeting	195
▁“	196
9	197
方面	198
▁them	199
▁who	200
▁What	201
▁know	202
▁per	203
▁need	204
▁measures	205
▁This	206
通过	207
▁system	208
▁what	209
▁country	210
▁new	211
▁Security	212
▁security	213
▁organizations	214
”	215
▁time	216
▁Mr	217
▁No	218
▁Conference	219
有关	220
▁1	221
·	222
▁Republic	223
▁cooperation	224
▁efforts	225
▁these	226
▁draft	227
联合国	228
S	229
我们	230
▁could	231
L	232
从	233
条	234
▁people	235
▁children	236
▁take	237
▁like	238
▁some	239
▁Development	240
地	241
也	242
).	243
报告	244
▁if	245
方案	246
▁resources	247
▁programme	248
▁He	249
ed	250
8	251
▁may	252
▁Rights	253
11	254
个	255
▁non	256
需要	257
于	258
▁regional	259
段	260
号决议	261
▁two	262
所	263
▁--	264
国际	265
被	266
▁number	267
到	268
▁cent	269
应	270
由	271
来	272
▁only	273
▁Group	274
▁assistance	275
先生	276
政府	277
▁order	278
▁ensure	279
▁issues	280
▁provide	281
执行	282
▁use	283
▁paragraph	284
▁financial	285
▁our	286
▁process	287
这些	288
▁economic	289
活动	290
都	291
▁over	292
▁don	293
ll	294
▁Human	295
▁than	296
▁further	297
▁members	298
▁her	299
说	300
▁social	301
▁just	302
▁article	303
根据	304
▁services	305
▁Office	306
▁must	307
▁And	308
一个	309
▁Special	310
没有	311
▁particular	312
▁here	313
支持	314
▁party	315
要求	316
▁developing	317
▁他	318
▁provided	319
▁relevant	320
▁shall	321
“	322
▁within	323
▁2.	324
▁him	325
可	326
他们	327
▁years	328
▁programmes	329
但	330
▁That	331
▁decision	332
一	333
▁1.	334
▁我们	335
会议	336
▁C	337
吗	338
E	339
▁first	340
▁public	341
要	342
▁management	343
▁December	344
▁[	345
▁when	346
▁areas	347
法	348
已	349
▁adopted	350
▁period	351
▁make	352
▁staff	353
▁health	354
所有	355
▁now	356
);	357
▁held	358
下	359
代表	360
▁where	361
▁during	362
▁level	363
性	364
还	365
30	366
继续	367
▁being	368
者	369
▁persons	370
发展	371
▁President	372
i	373
▁go	374
会	375
▁review	376
▁regard	377
后	378
▁B	379
妇女	380
组织	381
▁protection	382
▁education	383
它	384
可以	385
]	386
项目	387
建议	388
▁action	389
▁parties	390
该	391
▁political	392
▁At	393
▁legal	394
作为	395
▁Programme	396
已经	397
▁situation	398
使	399
▁get	400
合作	401
▁continue	402
▁As	403
▁taken	404
▁peace	405
▁community	406
▁Organization	407
等	408
▁capacity	409
▁3.	410
▁accordance	411
▁said	412
▁2	413
▁following	414
▁training	415
▁policy	416
▁agenda	417
的报告	418
ve	419
▁respect	420
使用	421
▁recommendations	422
▁part	423
▁special	424
▁Member	425
▁world	426
她	427
▁did	428
▁effective	429
必须	430
▁among	431
▁important	432
情况	433
20	434
美元	435
▁before	436
促进	437
机构	438
▁access	439
▁第	440
15	441
行动	442
▁both	443
▁most	444
▁reports	445
▁They	446
▁established	447
这一	448
名	449
▁S	450
▁Africa	451
认为	452
可能	453
处理	454
▁role	455
▁To	456
日第	457
▁progress	458
▁related	459
参与	460
规定	461
▁Parties	462
保护	463
经济	464
▁year	465
y	466
▁working	467
▁same	468
▁many	469
▁gender	470
▁E	471
▁good	472
▁10	473
▁There	474
内	475
措施	476
▁June	477
"	478
▁violence	479
ly	480
▁way	481
▁view	482
▁World	483
▁present	484
管理	485
同	486
▁4.	487
▁see	488
▁want	489
▁3	490
建立	491
实施	492
▁global	493
▁she	494
确保	495
th	496
法律	497
▁Economic	498
吧	499
▁But	500
er	501
审查	502
▁appropriate	503
▁technical	504
政策	505
获得	506
号	507
特别是	508
▁nuclear	509
▁5	510
服务	511
▁us	512
▁three	513
把	514
▁Social	515
大会	516
即	517
▁budget	518
▁item	519
▁full	520
这	521
▁P	522
▁set	523
▁Board	524
▁necessary	525
决定	526
▁basis	527
▁African	528
这种	529
的人	530
▁how	531
18	532
能	533
▁因此	534
加强	535
▁institutions	536
▁without	537
▁《	538
▁case	539
▁possible	540
▁place	541
至	542
):	543
任何	544
日至	545
款	546
▁million	547
计划	548
社会	549
▁关于	550
大	551
▁National	552
采取	553
增加	554
▁groups	555
P	556
▁after	557
的工作	558
▁think	559
▁provisions	560
▁got	561
▁All	562
▁meetings	563
努力	564
提出	565
▁cases	566
▁since	567
儿童	568
▁policies	569
▁July	570
g	571
里	572
及其	573
▁consideration	574
▁general	575
区域	576
能够	577
▁Working	578
▁needs	579
▁5.	580
开展	581
▁此外	582
▁On	583
▁very	584
▁upon	585
▁include	586
▁end	587
Add	588
f	589
▁data	590
▁For	591
17	592
解决	593
▁concerned	594
新的	595
实现	596
战略	597
▁trade	598
▁while	599
▁Court	600
▁local	601
▁issue	602
▁each	603
▁account	604
去	605
▁framework	606
▁high	607
▁available	608
▁她	609
▁So	610
▁used	611
▁back	612
I	613
教育	614
更	615
各	616
一些	617
al	618
▁Oh	619
▁She	620
讨论	621
Q	622
▁region	623
▁New	624
▁increase	625
▁Yeah	626
前	627
其他	628
▁noted	629
▁Fund	630
▁proposed	631
▁4	632
▁European	633
14	634
▁May	635
新	636
因为	637
▁importance	638
以便	639
▁area	640
特别	641
▁8	642
▁humanitarian	643
▁Secretariat	644
提交	645
用	646
确定	647
▁considered	648
▁group	649
▁Women	650
▁based	651
缔约国	652
技术	653
▁society	654
▁delegation	655
▁address	656
B	657
▁promote	658
▁September	659
机制	660
▁submitted	661
▁D	662
得到	663
▁conflict	664
▁developed	665
25	666
▁Action	667
系统	668
▁6.	669
16	670
▁15	671
or	672
的问题	673
的国家	674
给	675
安全	676
指出	677
▁particularly	678
▁Union	679
▁November	680
斯	681
▁participation	682
▁life	683
审议	684
和其他	685
▁If	686
▁resolutions	687
说明	688
▁sustainable	689
13	690
▁6	691
▁October	692
▁poverty	693
▁child	694
▁because	695
▁bodies	696
啊	697
▁plan	698
人权	699
的情况	700
▁sector	701
参加	702
多	703
减少	704
▁document	705
利用	706
调查	707
全球	708
▁30	709
▁levels	710
▁note	711
▁specific	712
期间	713
19	714
23	715
其中	716
▁going	717
▁Article	718
人员	719
2005	720
▁help	721
作出	722
▁12	723
▁Mission	724
▁field	725
▁long	726
▁9	727
文件	728
正在	729
▁required	730
▁come	731
▁current	732
秘书处	733
▁still	734
呢	735
▁weapons	736
31	737
▁project	738
好	739
▁Department	740
▁agencies	741
▁future	742
▁civil	743
具有	744
如	745
n	746
这个	747
in	748
▁requirements	749
▁military	750
研究	751
▁Declaration	752
制定	753
▁requested	754
▁operations	755
▁various	756
评估	757
▁Law	758
支助	759
并且	760
▁Governments	761
▁authorities	762
领域	763
22	764
▁context	765
up	766
▁20	767
▁不	768
资源	769
21	770
涉及	771
▁additional	772
▁March	773
负责	774
▁addition	775
而且	776
程序	777
▁7.	778
▁2005	779
24	780
接受	781
嗎	782
▁means	783
进一步	784
得	785
▁control	786
▁representatives	787
▁then	788
▁agreed	789
▁police	790
▁down	791
▁even	792
D	793
▁Protocol	794
▁High	795
影响	796
工作人员	797
▁contained	798
▁这	799
on	800
▁根据	801
▁South	802
▁Report	803
▁p	804
2000	805
国	806
▁mandate	807
▁委员会	808
▁towards	809
▁given	810
▁7	811
工作组	812
各种	813
之后	814
▁However	815
中心	816
▁above	817
▁April	818
自	819
见	820
标准	821
目标	822
.1	823
▁concern	824
▁impact	825
▁11	826
▁18	827
▁approach	828
▁representative	829
▁continued	830
2002	831
2004	832
▁change	833
▁family	834
▁projects	835
本	836
▁conditions	837
▁attention	838
CN	839
28	840
▁Rapporteur	841
▁population	842
▁does	843
▁Affairs	844
协助	845
▁organization	846
▁give	847
秘书长	848
2003	849
比	850
▁对	851
2006	852
▁request	853
出	854
27	855
能力	856
条约	857
▁member	858
▁concerning	859
▁status	860
o	861
▁private	862
子	863
表示	864
之间	865
信息	866
成员	867
)、	868
安全理事会	869
的权利	870
X	871
2001	872
▁但是	873
协调	874
▁major	875
▁establishment	876
各国	877
安排	878
无	879
理事会	880
环境	881
▁Well	882
26	883
▁relating	884
▁January	885
过	886
▁discrimination	887
援助	888
因此	889
考虑	890
分	891
之	892
▁say	893
▁gonna	894
▁statement	895
它们	896
see	897
▁8.	898
▁rules	899
▁consider	900
权利	901
制度	902
▁justice	903
▁How	904
地区	905
▁2006	906
世界	907
主要	908
▁care	909
▁Palestinian	910
▁comprehensive	911
▁second	912
▁better	913
应当	914
▁question	915
—	916
▁2000	917
▁force	918
是否	919
拉	920
▁total	921
▁2004	922
▁legislation	923
因	924
主席	925
▁entitled	926
▁own	927
发言	928
▁monitoring	929
想	930
▁F	931
▁2002	932
▁provision	933
▁reporting	934
▁systems	935
▁taking	936
▁inter	937
受	938
2007	939
▁whether	940
▁expressed	941
▁strengthen	942
▁coordination	943
▁received	944
29	945
▁domestic	946
▁men	947
▁addressed	948
费用	949
2008	950
▁Yes	951
举行	952
▁different	953
▁much	954
▁2003	955
▁existing	956
开始	957
▁mechanisms	958
▁implement	959
▁Executive	960
▁responsibility	961
▁II	962
▁man	963
▁armed	964
请	965
共同	966
▁therefore	967
▁如果	968
▁practices	969
有关的	970
最	971
▁increased	972
之前	973
▁especially	974
▁last	975
▁Act	976
▁costs	977
▁annex	978
▁result	979
部门	980
政治	981
▁principles	982
▁Arab	983
培训	984
▁16	985
▁technology	986
▁too	987
▁included	988
%	989
▁procedures	990
▁obligations	991
代表团	992
特	993
▁14	994
帮助	995
的建议	996
未	997
法院	998
外	999
▁9.	1000
▁2008	1001
提高	1002
对于	1003
▁fully	1004
点	1005
▁2007	1006
▁personnel	1007
▁13	1008
▁results	1009
目前	1010
行为	1011
▁might	1012
▁19	1013
▁他们	1014
什么	1015
按照	1016
很	1017
受到	1018
▁17	1019
水	1020
方面的	1021
用于	1022
▁standards	1023
强调	1024
▁rule	1025
公司	1026
应该	1027
▁2001	1028
▁water	1029
▁criminal	1030
▁adoption	1031
▁small	1032
▁key	1033
▁terms	1034
▁subject	1035
▁fact	1036
承诺	1037
人民	1038
▁amount	1039
▁regarding	1040
自己	1041
▁These	1042
▁environment	1043
h	1044
方式	1045
▁funds	1046
▁31	1047
▁already	1048
小	1049
▁000	1050
如果	1051
德	1052
小组	1053
部分	1054
▁Representative	1055
时间	1056
非洲	1057
成为	1058
基金	1059
▁contributions	1060
é	1061
▁day	1062
▁With	1063
*	1064
不能	1065
▁但	1066
▁improve	1067
如何	1068
▁follow	1069
▁peacekeeping	1070
▁challenges	1071
高	1072
中的	1073
则	1074
由于	1075
▁My	1076
▁agreement	1077
▁decided	1078
▁Ministry	1079
▁risk	1080
承认	1081
一项	1082
▁consultations	1083
非	1084
▁providing	1085
协定	1086
▁response	1087
▁person	1088
女士	1089
做	1090
▁strengthening	1091
▁called	1092
based	1093
▁Come	1094
那	1095
家庭	1096
▁secretariat	1097
数据	1098
▁decisions	1099
▁August	1100
▁Advisory	1101
无法	1102
资料	1103
▁indigenous	1104
▁together	1105
鼓励	1106
又	1107
▁terrorism	1108
希望	1109
▁food	1110
▁best	1111
原则	1112
▁commitment	1113
▁victims	1114
▁10.	1115
▁是	1116
▁post	1117
着	1118
▁call	1119
同时	1120
资金	1121
▁off	1122
预算	1123
▁HIV	1124
▁least	1125
▁America	1126
▁behalf	1127
▁service	1128
▁disarmament	1129
▁Let	1130
governmental	1131
让	1132
▁Do	1133
▁assessment	1134
▁environmental	1135
▁February	1136
办法	1137
building	1138
▁example	1139
▁initiatives	1140
▁Iraq	1141
▁put	1142
▁government	1143
▁*	1144
▁due	1145
以色列	1146
▁matter	1147
完成	1148
▁recent	1149
▁mission	1150
▁five	1151
▁prevention	1152
▁de	1153
化	1154
▁Israel	1155
▁Why	1156
▁another	1157
项	1158
▁provides	1159
▁Hey	1160
具体	1161
注意到	1162
部	1163
科	1164
特派团	1165
▁reported	1166
▁several	1167
▁dialogue	1168
▁meet	1169
会员国	1170
的能力	1171
▁lack	1172
相关	1173
▁11.	1174
▁never	1175
▁took	1176
▁develop	1177
F	1178
▁actions	1179
▁common	1180
▁...	1181
的影响	1182
全面	1183
▁space	1184
▁equality	1185
权	1186
方法	1187
▁significant	1188
▁little	1189
▁strategy	1190
采用	1191
▁every	1192
改善	1193
和平	1194
▁land	1195
天	1196
▁East	1197
▁four	1198
es	1199
▁Service	1200
▁Ms	1201
1999	1202
un	1203
▁again	1204
▁reform	1205
▁application	1206
▁problems	1207
家	1208
尔	1209
那些	1210
手	1211
以下	1212
▁missions	1213
▁really	1214
2009	1215
▁matters	1216
▁look	1217
▁22	1218
▁next	1219
按	1220
框架	1221
三	1222
▁trafficking	1223
▁am	1224
▁done	1225
▁这些	1226
▁cost	1227
例如	1228
▁documents	1229
克	1230
▁something	1231
r	1232
▁21	1233
二	1234
个人	1235
再	1236
▁requests	1237
▁arms	1238
▁regular	1239
▁G	1240
▁peoples	1241
尤其是	1242
▁它	1243
▁然而	1244
▁establish	1245
’	1246
设立	1247
▁UNDP	1248
推动	1249
▁biennium	1250
针对	1251
▁found	1252
▁promotion	1253
发生	1254
▁联合国	1255
批准	1256
同意	1257
的所有	1258
不是	1259
的活动	1260
▁Permanent	1261
▁business	1262
▁crime	1263
监测	1264
▁didn	1265
▁tell	1266
▁Information	1267
改革	1268
▁para	1269
阿	1270
▁girls	1271
)(	1272
▁12.	1273
▁planning	1274
提供了	1275
▁25	1276
▁practice	1277
▁doing	1278
▁acts	1279
term	1280
处	1281
▁main	1282
美国	1283
作	1284
▁cultural	1285
▁employment	1286
▁focus	1287
保证	1288
联合	1289
▁priority	1290
▁One	1291
▁While	1292
作用	1293
▁needed	1294
▁那	1295
▁re	1296
的情况下	1297
▁find	1298
▁administrative	1299
▁research	1300
你的	1301
▁Don	1302
▁course	1303
投资	1304
▁为	1305
▁Commissioner	1306
▁请	1307
宪法	1308
▁China	1309
▁Okay	1310
▁Millennium	1311
▁problem	1312
▁growth	1313
▁23	1314
▁procedure	1315
▁funding	1316
▁violations	1317
▁recommended	1318
网络	1319
▁serious	1320
▁third	1321
▁Democratic	1322
限制	1323
▁operational	1324
▁great	1325
2010	1326
▁sexual	1327
在其	1328
▁mean	1329
国际社会	1330
▁partners	1331
▁prevent	1332
▁yet	1333
40	1334
▁Panel	1335
起	1336
▁strategies	1337
不同	1338
▁agreements	1339
▁treaty	1340
之间的	1341
人口	1342
仍然	1343
▁clear	1344
利	1345
▁Director	1346
▁24	1347
办公室	1348
卡	1349
提出的	1350
进程	1351
▁around	1352
▁discussion	1353
▁2009	1354
禁止	1355
走	1356
▁Treaty	1357
▁treatment	1358
现在	1359
造成	1360
▁instruments	1361
;(	1362
▁我們	1363
▁forces	1364
表明	1365
直接	1366
安理会	1367
▁reduction	1368
▁statements	1369
▁annual	1370
西	1371
选举	1372
上述	1373
▁promoting	1374
▁achieve	1375
▁就	1376
我們	1377
分析	1378
合同	1379
了解	1380
区	1381
▁Covenant	1382
有效	1383
许多	1384
▁however	1385
[	1386
▁1999	1387
▁responsible	1388
▁Chairman	1389
规则	1390
▁let	1391
▁Centre	1392
防止	1393
▁office	1394
制订	1395
的规定	1396
论坛	1397
▁involved	1398
▁committed	1399
就是	1400
▁past	1401
条件	1402
▁equipment	1403
专家	1404
你们	1405
▁Division	1406
▁light	1407
▁implementing	1408
完全	1409
▁section	1410
▁::	1411
▁list	1412
▁laws	1413
▁production	1414
▁become	1415
▁notes	1416
▁有	1417
▁organized	1418
▁objectives	1419
伊拉克	1420
▁property	1421
消除	1422
▁dated	1423
次	1424
▁13.	1425
▁Tribunal	1426
发	1427
level	1428
▁performance	1429
▁home	1430
任务	1431
经	1432
▁awareness	1433
▁aimed	1434
T	1435
贸易	1436
立法	1437
▁rate	1438
▁Minister	1439
▁Where	1440
▁date	1441
▁steps	1442
但是	1443
打	1444
▁position	1445
警察	1446
”,	1447
改进	1448
▁adequate	1449
▁open	1450
▁certain	1451
草案	1452
▁由于	1453
▁pursuant	1454
适当	1455
取得	1456
▁Asia	1457
to	1458
▁facilitate	1459
▁forms	1460
▁believe	1461
▁supported	1462
控制	1463
▁previous	1464
▁enhance	1465
▁individual	1466
▁living	1467
▁Other	1468
▁why	1469
▁official	1470
请求	1471
50	1472
看	1473
加入	1474
▁An	1475
▁Central	1476
▁approved	1477
▁2010	1478
▁free	1479
履行	1480
G	1481
▁communities	1482
▁knowledge	1483
▁author	1484
▁God	1485
▁14.	1486
▁joint	1487
的一个	1488
注意	1489
l	1490
尼	1491
知道	1492
▁plans	1493
▁school	1494
▁posts	1495
▁H	1496
收入	1497
▁investment	1498
我的	1499
马	1500
冲突	1501
▁form	1502
▁early	1503
▁energy	1504
恢复	1505
M	1506
选择	1507
▁28	1508
▁purpose	1509
▁able	1510
▁days	1511
扩大	1512
tergovernmental	1513
▁Criminal	1514
▁strategic	1515
▁proposals	1516
▁d	1517
——	1518
非政府组织	1519
▁interest	1520
成员国	1521
事	1522
保障	1523
长期	1524
▁assist	1525
▁income	1526
▁Charter	1527
▁essential	1528
▁understanding	1529
▁greater	1530
▁recommendation	1531
▁Agenda	1532
▁M	1533
▁issued	1534
进行了	1535
▁在这方面	1536
欢迎	1537
当局	1538
▁L	1539
▁self	1540
来自	1541
方	1542
▁Trade	1543
▁communication	1544
▁analysis	1545
自由	1546
▁principle	1547
加	1548
充分	1549
▁wish	1550
正	1551
te	1552
》(	1553
▁implemented	1554
▁age	1555
遵守	1556
重要	1557
▁ensuring	1558
▁Plan	1559
发展中国家	1560
▁offices	1561
司法	1562
▁arrangements	1563
▁Review	1564
▁Bank	1565
▁carried	1566
▁R	1567
u	1568
▁having	1569
业务	1570
▁expected	1571
只	1572
▁experts	1573
▁evaluation	1574
▁equal	1575
▁Implementation	1576
▁Kingdom	1577
來	1578
拥有	1579
心	1580
▁potential	1581
▁undertaken	1582
▁line	1583
▁Russian	1584
倡议	1585
▁large	1586
举行的	1587
法官	1588
一样	1589
▁foreign	1590
谈判	1591
生	1592
▁text	1593
▁15.	1594
▁protect	1595
表	1596
保留	1597
▁His	1598
▁stated	1599
下列	1600
威胁	1601
非常	1602
▁goals	1603
▁Geneva	1604
1998	1605
▁contribute	1606
▁prepared	1607
▁affected	1608
▁guidelines	1609
▁Federation	1610
▁basic	1611
▁V	1612
的是	1613
纳入	1614
▁Summit	1615
犯罪	1616
▁opportunities	1617
▁27	1618
▁until	1619
社区	1620
确认	1621
法庭	1622
▁study	1623
▁Global	1624
▁Dur	1625
最近	1626
的方式	1627
▁York	1628
▁fundamental	1629
▁financing	1630
缺乏	1631
▁making	1632
▁conduct	1633
▁26	1634
号决定	1635
▁UN	1636
▁months	1637
▁Israeli	1638
▁others	1639
协会	1640
符合	1641
协议	1642
▁proposal	1643
▁informed	1644
▁market	1645
▁far	1646
▁nature	1647
▁facilities	1648
存在	1649
▁aspects	1650
关系	1651
▁vote	1652
▁today	1653
▁fifty	1654
▁processes	1655
的第	1656
▁Management	1657
万美元	1658
會	1659
民主	1660
▁building	1661
▁delegations	1662
▁rural	1663
k	1664
▁body	1665
义务	1666
企业	1667
综合	1668
▁Justice	1669
▁mechanism	1670
▁bring	1671
题为	1672
▁exchange	1673
▁Cooperation	1674
▁money	1675
责任	1676
▁point	1677
▁climate	1678
阶段	1679
宣言	1680
▁16.	1681
▁1998	1682
两个	1683
▁natural	1684
en	1685
结果	1686
军事	1687
▁Forum	1688
▁independent	1689
▁limited	1690
▁individuals	1691
局	1692
▁war	1693
▁manner	1694
事务	1695
▁quality	1696
案件	1697
▁six	1698
行	1699
▁whole	1700
.2	1701
AC	1702
地方	1703
▁recommends	1704
▁一	1705
其中包括	1706
▁evidence	1707
节	1708
条第	1709
▁leave	1710
内容	1711
供	1712
一种	1713
▁Meeting	1714
▁commitments	1715
AIDS	1716
▁currently	1717
▁opportunity	1718
▁这是	1719
给予	1720
状况	1721
▁thus	1722
成	1723
▁negotiations	1724
▁T	1725
▁always	1726
▁Now	1727
达	1728
▁authority	1729
▁是的	1730
▁often	1731
从而	1732
說	1733
宣布	1734
▁love	1735
更加	1736
▁labour	1737
▁When	1738
艾滋病	1739
重新	1740
机会	1741
落实	1742
K	1743
一直	1744
适用	1745
积极	1746
▁questions	1747
▁workers	1748
▁play	1749
并在	1750
▁Support	1751
的任何	1752
▁increasing	1753
▁act	1754
▁Non	1755
各项	1756
▁benefits	1757
呼吁	1758
▁effect	1759
重申	1760
▁recognized	1761
H	1762
死	1763
缔约方	1764
▁29	1765
实行	1766
部队	1767
实际	1768
▁contribution	1769
恐怖主义	1770
▁该	1771
文化	1772
头	1773
非法	1774
▁concerns	1775
某些	1776
▁transfer	1777
违反	1778
通知	1779
▁officials	1780
导致	1781
▁functions	1782
▁Congo	1783
巴	1784
▁为了	1785
▁好	1786
▁Is	1787
▁alia	1788
▁referred	1789
▁entities	1790
▁submit	1791
▁forward	1792
▁17.	1793
或者	1794
开	1795
▁name	1796
▁Crime	1797
特别报告员	1798
▁remain	1799
▁Under	1800
生产	1801
▁close	1802
▁thing	1803
达到	1804
城市	1805
▁away	1806
旨在	1807
2011	1808
▁young	1809
万	1810
▁letter	1811
▁Agreement	1812
an	1813
▁crimes	1814
▁below	1815
▁III	1816
▁crisis	1817
数	1818
▁articles	1819
办事处	1820
▁outcome	1821
▁People	1822
市场	1823
▁从	1824
▁Al	1825
关注	1826
▁Code	1827
▁18.	1828
▁freedom	1829
如下	1830
▁presented	1831
进入	1832
▁multilateral	1833
V	1834
▁connection	1835
▁cannot	1836
这是	1837
▁remains	1838
60	1839
应对	1840
▁integrated	1841
行动计划	1842
the	1843
▁主席	1844
▁refugees	1845
评价	1846
▁通过	1847
▁Sudan	1848
出现	1849
享有	1850
▁UNCTAD	1851
▁Some	1852
▁value	1853
▁claims	1854
▁overall	1855
期	1856
重	1857
▁experience	1858
▁media	1859
公民	1860
▁informal	1861
力	1862
▁communications	1863
危机	1864
还是	1865
▁identified	1866
保持	1867
▁Annex	1868
成果	1869
▁provisional	1870
员额	1871
▁2011	1872
▁Please	1873
▁K	1874
▁Are	1875
▁conducted	1876
▁court	1877
是一个	1878
的主要	1879
才	1880
难民	1881
协商	1882
45	1883
▁exercise	1884
▁reference	1885
不会	1886
全国	1887
议定书	1888
预防	1889
一次	1890
当	1891
related	1892
结束	1893
▁purposes	1894
▁sessions	1895
严重	1896
一起	1897
的努力	1898
艾滋病毒	1899
尽管	1900
”.	1901
▁Just	1902
▁Unit	1903
工具	1904
▁items	1905
▁real	1906
介绍	1907
▁preparation	1908
▁participate	1909
▁infrastructure	1910
意见	1911
条款	1912
▁Regional	1913
▁paragraphs	1914
▁changes	1915
▁pay	1916
从事	1917
占	1918
▁conference	1919
证明	1920
st	1921
▁territory	1922
的重要性	1923
都是	1924
▁death	1925
文	1926
该国	1927
▁19.	1928
而言	1929
▁虽然	1930
明确	1931
挑战	1932
▁final	1933
产生	1934
▁substantive	1935
打击	1936
2012	1937
年度	1938
▁drug	1939
手段	1940
▁former	1941
▁enforcement	1942
▁governance	1943
记录	1944
▁Europe	1945
▁尽管	1946
▁compliance	1947
四	1948
此类	1949
生活	1950
▁officers	1951
▁power	1952
就业	1953
武器	1954
独立	1955
也是	1956
做法	1957
."	1958
准则	1959
▁few	1960
准备	1961
▁views	1962
▁mind	1963
▁institutional	1964
两	1965
当地	1966
▁primary	1967
纳	1968
的法律	1969
▁ongoing	1970
联盟	1971
开发	1972
将在	1973
▁Protection	1974
▁achieved	1975
▁N	1976
中国	1977
的目标	1978
议会	1979
▁Section	1980
▁return	1981
国内	1982
支付	1983
▁UNICEF	1984
▁okay	1985
以来	1986
需求	1987
▁大会	1988
▁Health	1989
▁direct	1990
允许	1991
▁Public	1992
▁internal	1993
▁resource	1994
▁safety	1995
予以	1996
▁Institute	1997
的行为	1998
▁state	1999
▁enable	2000
采取行动	2001
▁O	2002
总统	2003
维持	2004
职能	2005
▁Japan	2006
均	2007
▁Recalling	2008
▁Not	2009
▁judicial	2010
▁proceedings	2011
改变	2012
▁detention	2013
▁indicated	2014
▁effectively	2015
year	2016
▁See	2017
▁20.	2018
格	2019
现有	2020
▁50	2021
▁integration	2022
35	2023
▁medical	2024
仍	2025
▁low	2026
▁combat	2027
▁less	2028
▁expert	2029
▁keep	2030
▁positive	2031
org	2032
▁2012	2033
内部	2034
▁regions	2035
附件	2036
正式	2037
▁Agency	2038
尊重	2039
加以	2040
▁situations	2041
只有	2042
范围	2043
▁reduce	2044
拟订	2045
联系	2046
▁objective	2047
▁lead	2048
日本	2049
为了	2050
亿美元	2051
事件	2052
▁things	2053
大学	2054
▁Political	2055
加拿大	2056
的作用	2057
▁met	2058
自己的	2059
次会议	2060
量	2061
▁share	2062
▁Afghanistan	2063
曾	2064
这样	2065
▁kind	2066
管制	2067
法国	2068
车	2069
▁Since	2070
▁21.	2071
p	2072
残疾人	2073
长	2074
发现	2075
进展	2076
.6	2077
▁circumstances	2078
▁initiative	2079
▁economy	2080
▁administration	2081
▁revised	2082
▁hours	2083
▁Who	2084
持续	2085
之一	2086
以确保	2087
▁ever	2088
▁improving	2089
担任	2090
司	2091
▁once	2092
联合国系统	2093
▁centres	2094
对话	2095
的资料	2096
▁assets	2097
▁families	2098
▁higher	2099
▁{\	2100
材料	2101
▁hope	2102
因素	2103
▁using	2104
▁active	2105
学校	2106
局势	2107
规划	2108
伙伴	2109
▁material	2110
▁Children	2111
▁Also	2112
次会议上	2113
登记	2114
▁sorry	2115
相关的	2116
伙伴关系	2117
▁effects	2118
面	2119
亚	2120
▁effort	2121
▁critical	2122
▁allow	2123
的信息	2124
▁benefit	2125
调整	2126
▁thought	2127
▁left	2128
▁Canada	2129
欧洲	2130
组	2131
总	2132
ers	2133
青年	2134
风险	2135
约	2136
▁discussions	2137
运动	2138
授权	2139
▁brought	2140
▁participants	2141
最不发达国家	2142
解释	2143
实体	2144
▁un	2145
▁throughout	2146
间	2147
▁Go	2148
指标	2149
日在	2150
▁welcomed	2151
女	2152
▁term	2153
▁First	2154
▁Services	2155
▁calls	2156
的其他	2157
统计	2158
▁Constitution	2159
行政	2160
▁最后	2161
▁civilian	2162
最后	2163
基本	2164
▁elements	2165
▁Such	2166
普遍	2167
▁prior	2168
▁indicators	2169
.4	2170
暴力	2171
▁b	2172
▁priorities	2173
80	2174
▁guidance	2175
▁itself	2176
N	2177
▁Goals	2178
▁stakeholders	2179
设施	2180
的决定	2181
列入	2182
受害者	2183
▁night	2184
▁please	2185
▁你们	2186
农业	2187
岁	2188
▁effectiveness	2189
两年期	2190
太	2191
▁Environment	2192
决议草案	2193
金	2194
▁live	2195
▁Force	2196
▁ways	2197
考虑到	2198
▁我想	2199
属于	2200
提交人	2201
.5	2202
▁debt	2203
▁sure	2204
访问	2205
man	2206
▁现在	2207
▁torture	2208
增长	2209
▁Can	2210
的要求	2211
▁40	2212
▁sources	2213
▁Caribbean	2214
▁哦	2215
宗教	2216
▁22.	2217
▁sectors	2218
率	2219
提议	2220
▁Countries	2221
\	2222
▁Good	2223
▁team	2224
70	2225
适当的	2226
▁achieving	2227
申请	2228
塔	2229
反对	2230
▁outside	2231
尚未	2232
▁anything	2233
▁whose	2234
▁poor	2235
核	2236
▁2005,	2237
▁strong	2238
▁hand	2239
▁好吧	2240
满足	2241
▁debate	2242
▁regulations	2243
▁collaboration	2244
收到	2245
▁terrorist	2246
部署	2247
▁require	2248
▁Peace	2249
采购	2250
提出了	2251
一份	2252
的意见	2253
▁Get	2254
responsibilities	2255
▁abuse	2256
案	2257
国际法	2258
出口	2259
▁face	2260
▁Party	2261
的合作	2262
`	2263
▁legislative	2264
一名	2265
决议	2266
平等	2267
▁transport	2268
able	2269
▁comments	2270
基	2271
困难	2272
▁disabilities	2273
▁claim	2274
在内的	2275
▁rates	2276
编制	2277
条例	2278
▁不过	2279
罗	2280
的机会	2281
▁Korea	2282
人们	2283
书	2284
▁Requests	2285
布	2286
▁Look	2287
▁addressing	2288
构成	2289
▁appreciation	2290
▁old	2291
▁Your	2292
▁range	2293
再次	2294
不断	2295
是在	2296
▁23.	2297
37	2298
支出	2299
▁table	2300
空间	2301
▁twenty	2302
▁technologies	2303
运输	2304
▁invited	2305
结构	2306
银行	2307
▁introduced	2308
▁developments	2309
海	2310
吃	2311
▁continues	2312
▁Foreign	2313
找到	2314
▁2006,	2315
O	2316
安	2317
as	2318
▁deal	2319
.3	2320
问题的	2321
▁travel	2322
保健	2323
▁scope	2324
▁operation	2325
机	2326
相	2327
▁India	2328
▁either	2329
▁obligation	2330
性别	2331
▁interests	2332
设备	2333
▁themselves	2334
▁seen	2335
一切	2336
迅速	2337
0	2338
2013	2339
议程	2340
的代表	2341
▁estimated	2342
▁elections	2343
▁sixty	2344
▁fight	2345
议程项目	2346
▁told	2347
事项	2348
▁extent	2349
此	2350
▁continuing	2351
阿富汗	2352
全	2353
▁soon	2354
▁periodic	2355
▁vulnerable	2356
他的	2357
认识到	2358
▁activity	2359
▁Discrimination	2360
▁later	2361
此种	2362
每年	2363
▁Civil	2364
▁coming	2365
3.	2366
▁peaceful	2367
德国	2368
补充	2369
▁2002,	2370
▁Sustainable	2371
▁2,	2372
▁delivery	2373
▁24.	2374
▁associated	2375
▁universal	2376
▁specialized	2377
▁Administrative	2378
移民	2379
不得	2380
33	2381
▁materials	2382
▁threat	2383
ation	2384
五	2385
▁asked	2386
费	2387
临时	2388
一下	2389
歧视	2390
▁要	2391
▁goods	2392
▁voluntary	2393
▁co	2394
♪	2395
▁Headquarters	2396
.7	2397
整个	2398
一般	2399
印度	2400
Rev	2401
单位	2402
▁according	2403
這	2404
▁relation	2405
▁transition	2406
▁France	2407
的时候	2408
资产	2409
▁includes	2410
▁例如	2411
▁2003,	2412
这类	2413
萨	2414
▁By	2415
没	2416
▁Disarmament	2417
77	2418
▁identify	2419
▁2004,	2420
却	2421
▁According	2422
大会第	2423
低	2424
▁Draft	2425
36	2426
▁plenary	2427
▁1,	2428
女性	2429
监督	2430
▁create	2431
重大	2432
在这方面	2433
▁sub	2434
▁2007,	2435
▁Child	2436
显示	2437
反	2438
人数	2439
交流	2440
▁encourage	2441
▁apply	2442
▁treaties	2443
有助于	2444
39	2445
▁capital	2446
▁Second	2447
▁show	2448
米	2449
▁rather	2450
▁thank	2451
水平	2452
财产	2453
快	2454
跟	2455
▁aid	2456
▁schools	2457
科学	2458
▁hold	2459
▁25.	2460
森林	2461
寻求	2462
j	2463
▁我要	2464
▁methods	2465
老	2466
▁什么	2467
48	2468
▁talk	2469
▁won	2470
学	2471
今后	2472
▁Education	2473
▁Pacific	2474
▁maintenance	2475
来说	2476
修改	2477
▁contract	2478
以英语发言	2479
▁partnership	2480
健康	2481
▁c	2482
▁THE	2483
经常	2484
本国	2485
危险	2486
巴勒斯坦	2487
▁Great	2488
▁2008,	2489
90	2490
他們	2491
▁Joint	2492
修订	2493
▁1997	2494
▁establishing	2495
▁difficult	2496
▁violation	2497
▁understand	2498
▁paid	2499
▁displaced	2500
▁supporting	2501
▁2013	2502
过程中	2503
▁stability	2504
们	2505
回	2506
程度	2507
土地	2508
物	2509
▁events	2510
▁destruction	2511
making	2512
联邦	2513
▁100	2514
le	2515
公	2516
▁UNHCR	2517
住	2518
▁Room	2519
▁Cuba	2520
做出	2521
▁relations	2522
▁e	2523
统一	2524
各方	2525
卫生	2526
▁adopt	2527
▁Furthermore	2528
定期	2529
▁move	2530
人类	2531
只是	2532
形式	2533
▁nothing	2534
▁job	2535
▁26.	2536
任择议定书	2537
▁build	2538
这项	2539
▁Prevention	2540
▁Thank	2541
▁encouraged	2542
入	2543
检查	2544
▁2001,	2545
带	2546
份	2547
能源	2548
瓦	2549
媒体	2550
▁anti	2551
▁2000,	2552
▁American	2553
▁opinion	2554
▁follows	2555
股	2556
2.	2557
的新	2558
▁balance	2559
像	2560
增强	2561
el	2562
的责任	2563
▁came	2564
▁heard	2565
▁applicable	2566
▁directly	2567
▁Mexico	2568
▁sent	2569
立即	2570
若干	2571
▁Latin	2572
的措施	2573
1997	2574
的任务	2575
▁consensus	2576
▁Iran	2577
▁improved	2578
49	2579
他们的	2580
▁fund	2581
编写	2582
▁jurisdiction	2583
▁consultation	2584
成功	2585
▁Persons	2586
别	2587
迪	2588
▁compensation	2589
才能	2590
▁similar	2591
的一部分	2592
致力于	2593
▁creation	2594
34	2595
▁applied	2596
▁start	2597
▁emergency	2598
”。	2599
提到	2600
▁actors	2601
有权	2602
▁议程项目	2603
承担	2604
集团	2605
▁hear	2606
缔约方会议	2607
感谢	2608
先	2609
▁complete	2610
经费	2611
进行的	2612
▁J	2613
▁investigation	2614
▁conferences	2615
▁achievement	2616
▁illicit	2617
▁27.	2618
▁positions	2619
目的	2620
▁Right	2621
▁UNEP	2622
有必要	2623
员	2624
总部	2625
▁paper	2626
	2627
▁Optional	2628
公共	2629
派	2630
的行动	2631
基于	2632
原因	2633
对其	2634
道	2635
电话	2636
遭受	2637
▁pre	2638
▁regime	2639
称	2640
J	2641
侵犯	2642
▁Islamic	2643
▁receive	2644
▁别	2645
▁physical	2646
▁二	2647
▁central	2648
▁distribution	2649
▁language	2650
▁這	2651
38	2652
▁Syrian	2653
工作的	2654
▁Table	2655
▁religious	2656
▁Of	2657
CP	2658
古巴	2659
▁respective	2660
年期间	2661
千年发展目标	2662
模式	2663
的结果	2664
而不是	2665
▁air	2666
▁我是	2667
路	2668
▁reached	2669
更多	2670
▁1990	2671
▁led	2672
避免	2673
及时	2674
伊	2675
死亡	2676
价值	2677
▁practical	2678
.8	2679
▁times	2680
▁鉴于	2681
55	2682
▁loss	2683
审计	2684
共和国	2685
贸发会议	2686
▁products	2687
▁Elimination	2688
地位	2689
▁Kosovo	2690
▁citizens	2691
联	2692
各国政府	2693
利益	2694
ro	2695
▁concluded	2696
R	2697
6.	2698
▁points	2699
▁across	2700
32	2701
州	2702
▁partnerships	2703
▁implications	2704
▁所以	2705
▁economies	2706
▁housing	2707
▁feel	2708
的话	2709
▁28.	2710
▁Lebanon	2711
▁conflicts	2712
可持续发展	2713
口	2714
领土	2715
号决议第	2716
4.	2717
的做法	2718
▁Germany	2719
行使	2720
▁permanent	2721
证据	2722
恩	2723
▁bilateral	2724
1.	2725
裁军	2726
▁structure	2727
索赔	2728
▁courts	2729
基础设施	2730
团体	2731
以前	2732
破坏	2733
声明	2734
▁youth	2735
姆	2736
▁West	2737
南	2738
举措	2739
▁seek	2740
▁carry	2741
▁嘿	2742
工业	2743
▁Coordination	2744
▁factors	2745
▁standard	2746
▁Vienna	2747
▁words	2748
▁consistent	2749
▁core	2750
位	2751
离开	2752
▁reflected	2753
产品	2754
▁Ireland	2755
▁judges	2756
at	2757
▁accountability	2758
▁Middle	2759
ii	2760
▁还	2761
▁half	2762
▁leaders	2763
且	2764
▁signed	2765
▁illegal	2766
▁Territory	2767
损失	2768
▁enough	2769
1996	2770
▁procurement	2771
-4	2772
▁completed	2773
▁Administration	2774
▁dollars	2775
us	2776
的政策	2777
first	2778
黎巴嫩	2779
▁initial	2780
提	2781
▁settlement	2782
▁ground	2783
范围内	2784
46	2785
▁states	2786
稳定	2787
▁raised	2788
▁submission	2789
▁girl	2790
▁serve	2791
▁head	2792
特别是在	2793
▁自	2794
超过	2795
▁parts	2796
美	2797
叫	2798
人道主义	2799
▁reasons	2800
墨西哥	2801
▁1995	2802
5.	2803
住房	2804
还有	2805
页	2806
▁efficiency	2807
▁29.	2808
▁French	2809
▁Nuclear	2810
每	2811
经济及社会理事会	2812
▁requires	2813
的发展	2814
▁house	2815
会议室	2816
虽然	2817
▁short	2818
共	2819
和第	2820
▁step	2821
文书	2822
▁majority	2823
最终	2824
宣传	2825
▁beyond	2826
▁Guinea	2827
监狱	2828
托	2829
光	2830
▁record	2831
日和	2832
▁created	2833
▁detailed	2834
▁successful	2835
查明	2836
省	2837
▁room	2838
信	2839
身	2840
▁leadership	2841
▁approaches	2842
▁exploitation	2843
土著人民	2844
如此	2845
▁along	2846
今天	2847
The	2848
▁没有	2849
▁challenge	2850
▁capacities	2851
双方	2852
▁maintain	2853
▁instrument	2854
▁covered	2855
▁IV	2856
▁这一	2857
▁30.	2858
核准	2859
找	2860
▁OF	2861
情况下	2862
▁sufficient	2863
管	2864
变化	2865
俄罗斯联邦	2866
▁subregional	2867
研讨会	2868
商业	2869
▁注意到	2870
▁stop	2871
it	2872
-3	2873
任命	2874
门	2875
维护	2876
▁goal	2877
每个	2878
W	2879
分配	2880
过去	2881
图	2882
▁civilians	2883
指导	2884
▁trust	2885
学习	2886
▁educational	2887
专门	2888
雷	2889
▁side	2890
这样做	2891
▁event	2892
▁temporary	2893
审判	2894
▁presence	2895
财务	2896
▁表	2897
主	2898
停止	2899
▁Re	2900
必要的	2901
▁sanctions	2902
.9	2903
▁welcome	2904
广泛	2905
▁woman	2906
▁supply	2907
孩子	2908
▁cover	2909
本组织	2910
通过了	2911
▁remained	2912
▁advice	2913
▁Brazil	2914
通	2915
▁Legal	2916
▁consequences	2917
贫穷	2918
▁Then	2919
▁disaster	2920
▁discussed	2921
▁expenditure	2922
器	2923
不仅	2924
ar	2925
通常	2926
联合国宪章	2927
建立一个	2928
她们	2929
▁safe	2930
哈	2931
紧急	2932
▁Australia	2933
▁Chief	2934
▁external	2935
站	2936
▁counter	2937
澳大利亚	2938
依照	2939
▁1996	2940
▁female	2941
▁三	2942
▁guy	2943
▁Note	2944
起来	2945
▁ethnic	2946
▁task	2947
所涉	2948
讲习班	2949
欧洲联盟	2950
▁如	2951
巴西	2952
▁项目	2953
▁Although	2954
and	2955
普	2956
律师	2957
不要	2958
的项目	2959
顾问	2960
赔偿	2961
▁reason	2962
▁Community	2963
▁Those	2964
▁resulting	2965
▁suggested	2966
▁urban	2967
▁Item	2968
你們	2969
线	2970
ic	2971
至少	2972
交易	2973
真	2974
▁Operations	2975
▁recovery	2976
至关重要	2977
著	2978
▁31.	2979
▁read	2980
爱	2981
官员	2982
▁single	2983
▁mandates	2984
级	2985
治疗	2986
索马里	2987
适用于	2988
六	2989
▁observations	2990
▁Inter	2991
供应	2992
▁demand	2993
不应	2994
▁monitor	2995
苏丹	2996
市	2997
▁clearly	2998
国际组织	2999
▁although	3000
研究所	3001
额	3002
am	3003
战争	3004
▁everything	3005
SR	3006
气候变化	3007
接触	3008
网	3009
更多的	3010
外国	3011
:(	3012
▁Did	3013
1990	3014
海洋	3015
近	3016
愿意	3017
▁Pakistan	3018
▁Sierra	3019
开发署	3020
收集	3021
и	3022
新闻	3023
▁welcomes	3024
核武器	3025
▁recently	3026
男女	3027
巴基斯坦	3028
8.	3029
采取措施	3030
主管	3031
▁32.	3032
▁involving	3033
▁audit	3034
▁Here	3035
▁lives	3036
▁会议	3037
▁scientific	3038
过程	3039
清单	3040
以后	3041
▁criteria	3042
那么	3043
▁Federal	3044
库	3045
▁killed	3046
有效的	3047
▁culture	3048
不足	3049
获取	3050
1995	3051
西班牙	3052
▁designed	3053
罪	3054
▁duty	3055
100	3056
之外	3057
7.	3058
的事	3059
▁目前	3060
▁timely	3061
▁traditional	3062
儿童基金会	3063
权力	3064
42	3065
▁donors	3066
制	3067
▁border	3068
▁statistics	3069
▁mentioned	3070
▁solution	3071
▁mother	3072
传播	3073
的执行情况	3074
過	3075
▁relationship	3076
▁focused	3077
原	3078
▁entry	3079
▁source	3080
三个	3081
▁average	3082
▁Somalia	3083
生效	3084
▁и	3085
▁transparency	3086
▁Leone	3087
拒绝	3088
57	3089
大量	3090
债务	3091
教	3092
▁60	3093
U	3094
领导	3095
▁33.	3096
▁Labour	3097
▁longer	3098
▁Moreover	3099
▁v	3100
▁visit	3101
▁sir	3102
理由	3103
▁UNFPA	3104
▁sex	3105
United	3106
现象	3107
邀请	3108
▁languages	3109
▁guys	3110
▁Police	3111
44	3112
的儿童	3113
知识	3114
尤其	3115
有可能	3116
▁这个	3117
▁network	3118
▁Weapons	3119
的原则	3120
▁father	3121
▁aim	3122
▁phase	3123
is	3124
信托基金	3125
▁stressed	3126
动	3127
呀	3128
▁studies	3129
▁lot	3130
面临	3131
▁Kuwait	3132
▁秘书长	3133
工	3134
ity	3135
▁independence	3136
▁wrong	3137
▁Further	3138
▁units	3139
提供的	3140
关切	3141
▁El	3142
放	3143
▁Rules	3144
上的	3145
▁stage	3146
▁Association	3147
查	3148
仅	3149
▁construction	3150
本身	3151
▁billion	3152
群体	3153
数量	3154
▁wanted	3155
度	3156
钱	3157
损害	3158
民族	3159
▁Financial	3160
纽约	3161
并将	3162
▁Members	3163
专业	3164
有人	3165
▁34.	3166
未能	3167
降低	3168
专题	3169
常	3170
公开	3171
建设	3172
勒	3173
▁urgent	3174
电子	3175
地点	3176
贫困	3177
▁Palestine	3178
私营部门	3179
估计	3180
▁multi	3181
▁conclusion	3182
土耳其	3183
▁movement	3184
▁formal	3185
问	3186
您	3187
▁deployment	3188
以上	3189
▁mass	3190
▁快	3191
▁involvement	3192
的各项	3193
•	3194
▁Authority	3195
或其他	3196
▁approval	3197
罪行	3198
▁cross	3199
十年	3200
▁enhancing	3201
优先	3202
▁success	3203
▁UNIDO	3204
69	3205
▁turn	3206
小组委员会	3207
相信	3208
理解	3209
▁Space	3210
第二	3211
十分	3212
看到	3213
火	3214
并不	3215
▁Strategy	3216
军	3217
职位	3218
室	3219
▁重申	3220
明	3221
▁intended	3222
计算	3223
▁tools	3224
▁honour	3225
▁conclusions	3226
▁alternative	3227
须	3228
▁summary	3229
▁reflect	3230
交	3231
▁takes	3232
类	3233
▁host	3234
▁reach	3235
▁appeal	3236
▁freedoms	3237
47	3238
吉	3239
意大利	3240
–	3241
似乎	3242
▁occupation	3243
夫	3244
我们的	3245
女孩	3246
开发计划署	3247
签署	3248
▁35.	3249
▁ask	3250
科威特	3251
的承诺	3252
ir	3253
▁personal	3254
瑞士	3255
▁欢迎	3256
障碍	3257
▁2009,	3258
▁Chair	3259
转	3260
-2	3261
▁electronic	3262
點	3263
学生	3264
精神	3265
比较	3266
▁一个	3267
▁encourages	3268
▁Technical	3269
拿	3270
▁late	3271
▁doesn	3272
语	3273
埃及	3274
▁commercial	3275
规定的	3276
队	3277
转让	3278
▁我的	3279
▁Third	3280
▁这种	3281
▁assessments	3282
▁growing	3283
未来	3284
▁prepare	3285
关键	3286
机关	3287
▁broad	3288
il	3289
▁improvement	3290
商定	3291
▁English	3292
▁stay	3293
起诉	3294
指南	3295
酷刑	3296
居民	3297
▁racial	3298
▁occupied	3299
▁trial	3300
重点	3301
高级	3302
▁export	3303
▁System	3304
▁ago	3305
▁closely	3306
▁known	3307
1994	3308
▁Peacekeeping	3309
▁Assistance	3310
▁After	3311
▁U	3312
举办	3313
组成	3314
创造	3315
自愿	3316
领导人	3317
▁mine	3318
▁absence	3319
▁conventions	3320
打算	3321
▁elected	3322
宪章	3323
修正	3324
场	3325
▁alone	3326
▁happened	3327
造成的	3328
令	3329
▁attacks	3330
對	3331
答复	3332
co	3333
▁big	3334
la	3335
▁contact	3336
▁combating	3337
▁Islands	3338
基础	3339
▁expertise	3340
相互	3341
职业	3342
▁77	3343
▁beginning	3344
▁makes	3345
▁Officer	3346
个国家	3347
特定	3348
▁launched	3349
境内	3350
大约	3351
▁fine	3352
▁minimum	3353
2015	3354
将继续	3355
▁useful	3356
weapon	3357
▁fucking	3358
▁NGOs	3359
▁36.	3360
▁concrete	3361
▁Policy	3362
▁skills	3363
▁对于	3364
▁al	3365
武装冲突	3366
▁operating	3367
▁US	3368
第一次	3369
third	3370
@	3371
医疗	3372
需	3373
ment	3374
人权委员会	3375
▁went	3376
▁Cultural	3377
生物	3378
▁cooperate	3379
▁cause	3380
▁我知道	3381
可能会	3382
酌情	3383
提及	3384
设计	3385
拘留	3386
载于	3387
▁fair	3388
▁car	3389
▁Fifth	3390
▁payment	3391
病	3392
▁Financing	3393
值	3394
▁respond	3395
▁almost	3396
▁actively	3397
▁agricultural	3398
▁negative	3399
▁ready	3400
塞	3401
▁Turkey	3402
财政	3403
▁Bureau	3404
▁recruitment	3405
日期	3406
主题	3407
阿拉伯	3408
▁i	3409
定	3410
一致	3411
公平	3412
▁workshops	3413
成立	3414
语言	3415
所需的	3416
▁idea	3417
▁University	3418
▁son	3419
II	3420
▁possibility	3421
带来	3422
cH	3423
体系	3424
▁嗯	3425
边界	3426
课程	3427
这样的	3428
▁Gender	3429
训练	3430
攻击	3431
▁国际	3432
▁Experts	3433
▁enhanced	3434
争取	3435
来源	3436
人口基金	3437
部长	3438
▁37.	3439
▁democratic	3440
43	3441
▁是啊	3442
▁lost	3443
遭到	3444
▁refugee	3445
有些	3446
▁undertake	3447
▁Framework	3448
▁dead	3449
很多	3450
令人	3451
▁sound	3452
▁bad	3453
▁island	3454
的各种	3455
▁companies	3456
案文	3457
41	3458
▁definition	3459
▁professional	3460
将于	3461
日内瓦	3462
提案	3463
▁avoid	3464
的方法	3465
65	3466
▁3,	3467
非洲联盟	3468
▁target	3469
能力建设	3470
▁migration	3471
这一点	3472
▁North	3473
▁internationally	3474
▁measure	3475
全部	3476
▁hard	3477
ô	3478
ul	3479
▁而	3480
介绍了	3481
在这里	3482
▁looking	3483
▁confidence	3484
空	3485
▁caused	3486
以期	3487
▁Indonesia	3488
▁Letter	3489
奥	3490
最高	3491
▁compared	3492
甚至	3493
▁不要	3494
将其	3495
▁road	3496
▁sea	3497
▁dealing	3498
▁forest	3499
▁本	3500
▁committee	3501
维	3502
▁efficient	3503
应在	3504
fn	3505
荷兰	3506
分别	3507
▁ability	3508
▁Our	3509
工人	3510
▁35	3511
▁urges	3512
▁run	3513
型	3514
▁不是	3515
▁relief	3516
啦	3517
▁origin	3518
▁documentation	3519
什麼	3520
的妇女	3521
▁true	3522
▁markets	3523
的地方	3524
▁Because	3525
▁38.	3526
发挥	3527
▁作为	3528
75	3529
收	3530
全球化	3531
▁immediate	3532
▁Zealand	3533
电	3534
的基础上	3535
身份	3536
▁leading	3537
金融	3538
▁followed	3539
▁coordinated	3540
▁difficulties	3541
过渡	3542
往往	3543
.1)	3544
▁Ad	3545
平民	3546
▁planned	3547
▁其他	3548
▁week	3549
进	3550
▁Territories	3551
▁Training	3552
▁extended	3553
适应	3554
▁Ambassador	3555
挪威	3556
▁39	3557
的义务	3558
便	3559
▁kill	3560
作了	3561
疾病	3562
年以来	3563
父母	3564
花	3565
磋商	3566
享受	3567
的支持	3568
▁Asian	3569
来文	3570
▁advance	3571
代	3572
▁Egypt	3573
▁rehabilitation	3574
捐款	3575
那个	3576
大使	3577
▁workshop	3578
▁Liberia	3579
▁你知道	3580
▁Rwanda	3581
▁Netherlands	3582
以及在	3583
给我	3584
气	3585
▁prison	3586
数额	3587
的会议	3588
▁Timor	3589
刚果民主共和国	3590
▁lower	3591
印度尼西亚	3592
▁defined	3593
▁membership	3594
▁finance	3595
▁participated	3596
resolution	3597
听	3598
▁model	3599
首脑会议	3600
处于	3601
ra	3602
▁offences	3603
▁damage	3604
▁parents	3605
指定	3606
返回	3607
58	3608
_	3609
▁generally	3610
▁shared	3611
战	3612
除	3613
▁described	3614
第一	3615
▁concept	3616
▁strengthened	3617
玩	3618
fs	3619
▁Italy	3620
▁39.	3621
▁despite	3622
的一些	3623
▁recognition	3624
性质	3625
劳动	3626
▁0	3627
-1	3628
干事	3629
提交的	3630
#	3631
接	3632
▁design	3633
▁Western	3634
▁1999,	3635
▁然后	3636
诸如	3637
数据库	3638
▁senior	3639
▁好的	3640
▁Decides	3641
半	3642
竞争	3643
感到	3644
曼	3645
▁inclusion	3646
51	3647
行动纲领	3648
▁Vice	3649
00	3650
经验	3651
proliferation	3652
观察员	3653
▁trying	3654
▁donor	3655
随后	3656
ur	3657
▁urged	3658
▁谢谢	3659
▁40.	3660
列	3661
工作方案	3662
▁net	3663
▁saw	3664
蒂	3665
▁accounts	3666
领域的	3667
▁Sub	3668
▁emphasized	3669
制裁	3670
▁options	3671
美利坚合众国	3672
▁causes	3673
▁Spain	3674
干	3675
▁200	3676
▁500	3677
▁而且	3678
▁component	3679
规范	3680
单	3681
▁From	3682
林	3683
▁students	3684
依据	3685
步骤	3686
▁determine	3687
▁reviewed	3688
定义	3689
平	3690
瑞典	3691
合	3692
▁declaration	3693
体制	3694
▁engaged	3695
▁punishment	3696
▁risks	3697
洛	3698
▁collection	3699
名单	3700
▁owing	3701
海地	3702
▁Research	3703
的重要	3704
▁安全理事会	3705
当前	3706
li	3707
ch	3708
▁constitute	3709
▁Cyprus	3710
▁express	3711
利比里亚	3712
▁Internet	3713
▁Technology	3714
▁cash	3715
▁seven	3716
-5	3717
首先	3718
▁forced	3719
的一项	3720
及其他	3721
▁outcomes	3722
》、《	3723
▁written	3724
专家组	3725
▁reduced	3726
工发组织	3727
活动的	3728
▁shit	3729
土著	3730
平衡	3731
奇	3732
▁inform	3733
▁aircraft	3734
56	3735
▁W	3736
▁41.	3737
概念	3738
▁fourth	3739
起草	3740
▁Switzerland	3741
▁crucial	3742
▁Norway	3743
拟定	3744
▁targets	3745
▁types	3746
▁grounds	3747
民间社会	3748
▁perspective	3749
em	3750
▁threats	3751
▁territories	3752
78	3753
▁1994	3754
▁corruption	3755
任	3756
▁Chamber	3757
体	3758
协作	3759
▁32	3760
件	3761
召开	3762
同样	3763
▁imposed	3764
取	3765
资助	3766
▁reducing	3767
▁另外	3768
▁还有	3769
▁45	3770
▁applications	3771
▁assess	3772
▁industry	3773
64	3774
▁democracy	3775
日益	3776
▁function	3777
启动	3778
▁election	3779
我国	3780
原子能机构	3781
▁Bosnia	3782
的时间	3783
▁medium	3784
▁else	3785
▁placed	3786
▁Introduction	3787
52	3788
de	3789
讲	3790
送	3791
&	3792
真的	3793
▁likely	3794
结论	3795
意	3796
▁offer	3797
▁Northern	3798
现有的	3799
南非	3800
2014	3801
▁talking	3802
塞拉利昂	3803
ri	3804
其它	3805
▁representation	3806
卢旺达	3807
科索沃	3808
▁actually	3809
▁site	3810
核查	3811
▁estimates	3812
续	3813
▁subsequent	3814
▁工作组	3815
反映	3816
▁remaining	3817
医生	3818
▁participating	3819
▁42.	3820
为此	3821
▁Many	3822
▁entire	3823
ization	3824
▁solutions	3825
连	3826
▁rest	3827
布隆迪	3828
事实	3829
▁gave	3830
山	3831
▁namely	3832
▁Hello	3833
1993	3834
东帝汶	3835
预计	3836
▁33	3837
言	3838
出席	3839
▁shown	3840
▁headquarters	3841
国际合作	3842
种族歧视	3843
▁determined	3844
咨询	3845
阿根廷	3846
敦促	3847
掉	3848
▁他們	3849
▁eliminate	3850
▁我会	3851
▁discuss	3852
art	3853
的执行	3854
▁ratification	3855
国籍	3856
业	3857
▁Staff	3858
▁specifically	3859
▁36	3860
成本	3861
私人	3862
▁你是	3863
▁Darfur	3864
哥伦比亚	3865
安保	3866
认识	3867
South	3868
▁oil	3869
▁Take	3870
切实	3871
87	3872
趋势	3873
所作的	3874
▁2014	3875
指控	3876
离	3877
▁highest	3878
诺	3879
▁raise	3880
流	3881
▁registration	3882
second	3883
刑法	3884
▁Chairperson	3885
通过的	3886
▁—	3887
和发展	3888
▁complex	3889
报	3890
增加了	3891
开放	3892
外部	3893
▁collective	3894
▁43.	3895
发生的	3896
▁wide	3897
▁37	3898
▁represented	3899
真主	3900
▁month	3901
工作队	3902
▁religion	3903
▁wait	3904
▁resulted	3905
of	3906
理	3907
z	3908
▁though	3909
▁try	3910
班	3911
▁paras	3912
▁emerging	3913
爾	3914
88	3915
之中	3916
▁separate	3917
制止	3918
▁Two	3919
ng	3920
▁scale	3921
▁holding	3922
▁Be	3923
的具体	3924
一年	3925
供资	3926
刚果	3927
▁company	3928
特殊	3929
▁Ministers	3930
▁Herzegovina	3931
▁hell	3932
▁actual	3933
▁ad	3934
▁series	3935
ce	3936
▁morning	3937
▁Argentina	3938
索	3939
▁emphasis	3940
▁integrity	3941
▁把	3942
▁competition	3943
下降	3944
▁accepted	3945
▁type	3946
秘书长关于	3947
▁48	3948
▁forty	3949
▁(1)	3950
▁政府	3951
分享	3952
▁44.	3953
▁当然	3954
fourth	3955
所有国家	3956
更新	3957
人的	3958
一系列	3959
▁按照	3960
▁friend	3961
▁getting	3962
在一起	3963
▁2010,	3964
▁大	3965
▁nor	3966
▁mutual	3967
这么	3968
seventh	3969
98	3970
▁someone	3971
▁34	3972
59	3973
发表	3974
式	3975
几	3976
▁organizational	3977
可持续	3978
的国际	3979
朋友	3980
▁Internal	3981
的费用	3982
▁highlighted	3983
谁	3984
▁immediately	3985
优先事项	3986
不同的	3987
▁f	3988
▁marriage	3989
这些国家	3990
▁wife	3991
▁organs	3992
▁l	3993
情	3994
▁norms	3995
▁centre	3996
▁insurance	3997
▁floor	3998
iv	3999
▁Humanitarian	4000
岛	4001
种族	4002
66	4003
有利于	4004
公众	4005
副	4006
多边	4007
两性平等	4008
se	4009
▁authorized	4010
球	4011
▁enjoyment	4012
▁Burundi	4013
英	4014
www	4015
▁我不知道	4016
▁Status	4017
▁contracts	4018
.”	4019
延长	4020
▁Indigenous	4021
飞机	4022
展开	4023
for	4024
▁Adoption	4025
▁category	4026
男子	4027
肯定	4028
▁favour	4029
的方案	4030
咨询委员会	4031
▁consent	4032
▁advisory	4033
▁affairs	4034
99	4035
▁appointed	4036
国民	4037
货物	4038
▁contributed	4039
▁OHCHR	4040
x	4041
▁Gaza	4042
▁45.	4043
的决议草案	4044
▁migrants	4045
莱	4046
科特迪瓦	4047
通报	4048
预期	4049
传统	4050
一個	4051
▁reintegration	4052
UN	4053
.1,	4054
▁increasingly	4055
商	4056
一级	4057
▁allowed	4058
68	4059
▁responses	4060
的办法	4061
ion	4062
将会	4063
运作	4064
sixth	4065
新西兰	4066
白	4067
难民署	4068
fifth	4069
参加了	4070
生命	4071
沒有	4072
号文件	4073
士	4074
我要	4075
▁Colombia	4076
赞同	4077
▁started	4078
▁但我	4079
卫星	4080
捐助者	4081
▁recognize	4082
▁mainly	4083
船	4084
团	4085
那样	4086
▁findings	4087
v	4088
67	4089
ie	4090
▁approximately	4091
▁extend	4092
就会	4093
明显	4094
▁46.	4095
▁guarantee	4096
驻	4097
do	4098
▁engage	4099
54	4100
▁chapter	4101
▁whom	4102
的安全	4103
增进	4104
▁除了	4105
应用	4106
贷款	4107
▁records	4108
▁science	4109
▁Rule	4110
▁fulfil	4111
写	4112
Y	4113
eighth	4114
八	4115
伤害	4116
载有	4117
▁1993	4118
▁secure	4119
实质性	4120
人力资源	4121
票	4122
发达国家	4123
53	4124
所需	4125
▁remember	4126
辩论	4127
▁Food	4128
ry	4129
袭击	4130
▁Sea	4131
▁candidates	4132
诉	4133
治理	4134
取消	4135
▁everyone	4136
章	4137
举行了	4138
判决	4139
较	4140
nd	4141
ninth	4142
的经济	4143
包	4144
调	4145
▁convention	4146
人权理事会	4147
经过	4148
便利	4149
79	4150
▁base	4151
62	4152
▁networks	4153
▁Maybe	4154
得到了	4155
▁Governing	4156
▁contains	4157
▁Trust	4158
▁有人	4159
的认识	4160
▁observers	4161
▁respectively	4162
家庭暴力	4163
物质	4164
年龄	4165
所述	4166
▁victim	4167
出去	4168
片	4169
▁Ukraine	4170
尼日利亚	4171
的工作人员	4172
难	4173
$	4174
对此	4175
▁elimination	4176
几个	4177
▁Sweden	4178
89	4179
▁Deputy	4180
▁unless	4181
▁应	4182
▁alleged	4183
▁round	4184
▁为此	4185
贝	4186
▁learned	4187
怎么	4188
通信	4189
联合王国	4190
▁Have	4191
条规定	4192
▁gross	4193
波	4194
段中	4195
▁published	4196
▁四	4197
倒	4198
▁Any	4199
▁word	4200
▁47.	4201
▁fields	4202
▁yourself	4203
了吗	4204
价格	4205
á	4206
进口	4207
东西	4208
包括在	4209
分类	4210
贡献	4211
福利	4212
uestions	4213
▁interested	4214
▁campaign	4215
▁drugs	4216
古	4217
	4218
▁2005.	4219
▁Control	4220
和平与安全	4221
▁investigations	4222
▁sharing	4223
关	4224
更为	4225
▁Prosecutor	4226
▁Haiti	4227
▁Noting	4228
▁statistical	4229
残疾	4230
▁Parliament	4231
不可	4232
▁endorsed	4233
▁preventing	4234
▁Wait	4235
拟议	4236
受害人	4237
▁forum	4238
	4239
让我	4240
波斯尼亚和黑塞哥维那	4241
得以	4242
▁Drugs	4243
使其	4244
▁territorial	4245
欧盟	4246
基金会	4247
保险	4248
待	4249
▁Lord	4250
▁又	4251
▁publication	4252
医院	4253
▁thematic	4254
▁requirement	4255
台	4256
▁categories	4257
这里	4258
▁indicate	4259
审理	4260
▁reconciliation	4261
后果	4262
1991	4263
▁55	4264
与会者	4265
▁appointment	4266
的数据	4267
▁marine	4268
周	4269
為	4270
分发	4271
▁minorities	4272
报告中	4273
▁press	4274
▁Ethiopia	4275
▁Population	4276
不知道	4277
特别委员会	4278
▁Nigeria	4279
执行情况	4280
▁建议	4281
▁offence	4282
法治	4283
▁fuck	4284
摩洛哥	4285
▁globalization	4286
回来	4287
▁48.	4288
因而	4289
ine	4290
▁waste	4291
▁38	4292
活	4293
伦	4294
▁Decade	4295
▁completion	4296
▁listed	4297
▁reforms	4298
85	4299
▁competent	4300
▁expenditures	4301
农村	4302
▁realization	4303
▁values	4304
▁saying	4305
▁reservations	4306
▁47	4307
选	4308
并为	4309
▁4,	4310
货币	4311
▁42	4312
▁defence	4313
印发	4314
▁failure	4315
兰	4316
▁expression	4317
▁49.	4318
▁unit	4319
▁你的	4320
自然	4321
▁populations	4322
储存	4323
▁internally	4324
▁functioning	4325
▁Morocco	4326
多数	4327
▁credit	4328
森	4329
▁秘书处	4330
▁43	4331
投票	4332
到了	4333
▁affect	4334
▁]	4335
▁好了	4336
▁AND	4337
▁eight	4338
▁recorded	4339
沒	4340
▁structures	4341
的资源	4342
▁trends	4343
解	4344
目的是	4345
▁creating	4346
比例	4347
▁isn	4348
风	4349
非洲国家	4350
达成	4351
是为了	4352
spoke	4353
沙	4354
▁considers	4355
▁subsidiary	4356
的内容	4357
▁sovereignty	4358
环境署	4359
▁lessons	4360
琌	4361
95	4362
促使	4363
埃塞俄比亚	4364
▁2011,	4365
并确保	4366
采取了	4367
ness	4368
▁places	4369
事情	4370
▁earlier	4371
▁agree	4372
▁city	4373
有一个	4374
▁1998,	4375
中央	4376
COP	4377
神	4378
▁50.	4379
▁Chile	4380
74	4381
毒品	4382
远	4383
▁缔约国	4384
▁当	4385
▁speak	4386
▁granted	4387
决策	4388
比利时	4389
检察官	4390
▁rise	4391
▁Yugoslavia	4392
▁tasks	4393
▁今天	4394
▁tool	4395
▁Co	4396
▁(2)	4397
▁Field	4398
的文件	4399
力量	4400
叙利亚	4401
▁同样	4402
▁Ma	4403
▁industrial	4404
▁substantial	4405
团结	4406
▁Calls	4407
假	4408
大多数	4409
命令	4410
想要	4411
付款	4412
希	4413
▁allegations	4414
▁所有	4415
▁•	4416
▁Fifty	4417
CONF	4418
▁formulation	4419
HRC	4420
▁outstanding	4421
只能	4422
▁Her	4423
▁delay	4424
▁sought	4425
指	4426
----	4427
外交	4428
▁availability	4429
发出	4430
雇员	4431
变	4432
审议了	4433
na	4434
im	4435
莫	4436
核心	4437
重视	4438
▁racism	4439
▁Forms	4440
▁Another	4441
▁dissemination	4442
▁arising	4443
▁你要	4444
vi	4445
▁delivered	4446
尽可能	4447
赋予	4448
by	4449
▁subprogramme	4450
▁Subcommittee	4451
死了	4452
然后	4453
▁eradication	4454
▁content	4455
▁inside	4456
征聘	4457
▁Allah	4458
▁aware	4459
维持和平行动	4460
不再	4461
▁executive	4462
▁Developing	4463
73	4464
粮食	4465
执行局	4466
河	4467
▁boys	4468
▁constitutional	4469
▁visits	4470
▁survey	4471
伊朗	4472
▁nationality	4473
▁speaking	4474
▁Add	4475
切	4476
▁interpretation	4477
▁vital	4478
ah	4479
详细	4480
难以	4481
▁Following	4482
▁因为	4483
▁到	4484
少	4485
的战略	4486
▁Or	4487
▁Monitoring	4488
▁Refugees	4489
▁equitable	4490
情报	4491
▁nice	4492
网站	4493
地雷	4494
会议上	4495
之下	4496
▁下午	4497
▁sense	4498
皮	4499
▁giving	4500
▁existence	4501
▁amended	4502
▁worked	4503
塞浦路斯	4504
智利	4505
津贴	4506
合法	4507
框架内	4508
ent	4509
一定	4510
类似	4511
▁mainstreaming	4512
▁Their	4513
机构间	4514
▁accounting	4515
61	4516
ist	4517
0.	4518
▁amendments	4519
和平进程	4520
建筑	4521
东	4522
▁Official	4523
平均	4524
喝	4525
署	4526
▁决议草案	4527
手册	4528
▁fire	4529
▁considering	4530
除其他外	4531
▁concluding	4532
的程序	4533
▁weeks	4534
的讨论	4535
芬兰	4536
回顾	4537
▁boy	4538
阻止	4539
▁51.	4540
▁diplomatic	4541
▁Summary	4542
▁ratified	4543
▁reproductive	4544
w	4545
her	4546
76	4547
▁comply	4548
▁Prime	4549
系	4550
▁identification	4551
眼	4552
▁produced	4553
▁emissions	4554
正常	4555
占领	4556
▁agriculture	4557
continued	4558
▁deep	4559
▁faced	4560
ta	4561
赞扬	4562
▁supports	4563
72	4564
▁Scientific	4565
乌干达	4566
热	4567
▁們	4568
设立一个	4569
determination	4570
首	4571
▁300	4572
▁Session	4573
命	4574
▁components	4575
▁Lebanese	4576
▁observed	4577
▁added	4578
▁41	4579
▁COP	4580
▁wanna	4581
尽快	4582
▁experiences	4583
▁courses	4584
工程	4585
ad	4586
▁otherwise	4587
▁Resolution	4588
▁49	4589
▁Principles	4590
▁thirty	4591
▁near	4592
给你	4593
▁Open	4594
的成员	4595
信息和通信技术	4596
WG	4597
▁attack	4598
▁2006.	4599
在联合国	4600
的原因	4601
出来	4602
▁institution	4603
化学品	4604
▁presentation	4605
wide	4606
▁52.	4607
个月	4608
est	4609
设立了	4610
历史	4611
公正	4612
照顾	4613
职责	4614
当时	4615
▁entered	4616
转移	4617
形成	4618
本报告	4619
品	4620
▁behind	4621
妇女在	4622
的可能性	4623
现	4624
算	4625
▁zone	4626
97	4627
筹资	4628
申诉	4629
▁oversight	4630
▁1991	4631
在执行	4632
83	4633
必要	4634
的请求	4635
话	4636
個	4637
的需求	4638
▁exist	4639
数目	4640
▁IAEA	4641
黑	4642
有效地	4643
/2	4644
▁strongly	4645
▁heart	4646
七	4647
一点	4648
ended	4649
▁Promotion	4650
确实	4651
▁assessed	4652
▁significantly	4653
视	4654
博	4655
ma	4656
种	4657
▁commissions	4658
▁minutes	4659
▁hands	4660
▁同时	4661
▁knew	4662
另一	4663
某一	4664
很好	4665
▁加强	4666
▁selected	4667
▁Thus	4668
法案	4669
▁targeted	4670
男人	4671
几乎	4672
流动	4673
▁yeah	4674
证人	4675
▁为什么	4676
▁Finland	4677
▁Kenya	4678
终止	4679
▁theme	4680
▁截至	4681
装	4682
各个	4683
真正	4684
担心	4685
投入	4686
界	4687
▁VI	4688
economic	4689
的基本	4690
▁Initiative	4691
▁setting	4692
▁sustained	4693
use	4694
▁阿	4695
申诉人	4696
▁More	4697
反应	4698
▁Britain	4699
▁53.	4700
▁history	4701
建设和平	4702
▁Day	4703
污染	4704
▁Myanmar	4705
▁price	4706
公布	4707
Z	4708
▁wishes	4709
▁direction	4710
用途	4711
初步	4712
筹备	4713
与其他	4714
血	4715
种族主义	4716
奥地利	4717
建立了	4718
鉴于	4719
油	4720
▁2004.	4721
▁inclusive	4722
菲律宾	4723
▁engagement	4724
买	4725
制造	4726
ne	4727
既	4728
▁asylum	4729
。”	4730
下午	4731
是什么	4732
军队	4733
极	4734
▁forth	4735
用户	4736
埃	4737
▁socio	4738
▁去	4739
▁委员会还	4740
不受	4741
合并	4742
▁1992	4743
▁Most	4744
安全和	4745
從	4746
▁disasters	4747
time	4748
▁你在	4749
莉	4750
数字	4751
▁highly	4752
▁Stop	4753
▁complainant	4754
上诉	4755
▁electoral	4756
▁秘书长关于	4757
乌克兰	4758
母亲	4759
▁46	4760
▁failed	4761
时期	4762
▁Thailand	4763
▁enabling	4764
价	4765
不會	4766
▁frameworks	4767
▁gotta	4768
▁2012,	4769
63	4770
重建	4771
▁2008.	4772
▁release	4773
候选人	4774
▁5,	4775
商品	4776
出版物	4777
▁enterprises	4778
▁consumption	4779
谴责	4780
人士	4781
信息技术	4782
婚姻	4783
▁speakers	4784
▁你們	4785
96	4786
▁complaints	4787
▁看	4788
▁Austria	4789
▁如果你	4790
▁spirit	4791
▁secondary	4792
非正式	4793
▁Partnership	4794
跑	4795
法规	4796
free	4797
她的	4798
提供援助	4799
感	4800
▁restrictions	4801
腐败	4802
▁回顾	4803
▁强调	4804
也没有	4805
▁played	4806
作出了	4807
▁troop	4808
▁die	4809
九	4810
调动	4811
院	4812
Secretary	4813
▁Out	4814
▁conformity	4815
逐步	4816
▁updated	4817
▁obtain	4818
并向	4819
日期间	4820
▁鼓励	4821
有限	4822
的关系	4823
类别	4824
▁offered	4825
▁44	4826
▁website	4827
▁wasn	4828
探讨	4829
▁gone	4830
包含	4831
▁2007.	4832
▁就是	4833
澄清	4834
的基础	4835
▁Its	4836
的资金	4837
▁Saudi	4838
▁sentence	4839
▁54.	4840
▁diversity	4841
▁amounts	4842
▁Spanish	4843
▁facilitating	4844
▁encouraging	4845
并对	4846
试图	4847
为什么	4848
▁reservation	4849
照	4850
问题上	4851
做了	4852
复杂	4853
▁amendment	4854
▁pointed	4855
▁tax	4856
▁Georgia	4857
密切合作	4858
▁Several	4859
▁coverage	4860
并没有	4861
▁Supreme	4862
▁topic	4863
全世界	4864
81	4865
▁transit	4866
ting	4867
86	4868
▁decide	4869
世	4870
边	4871
重要的	4872
一道	4873
▁Uganda	4874
相比	4875
以外	4876
政府间	4877
合理	4878
国家的	4879
▁except	4880
不可能	4881
▁2003.	4882
计	4883
▁considerable	4884
▁Finally	4885
▁那是	4886
▁Universal	4887
枪	4888
▁payments	4889
的成果	4890
▁budgetary	4891
▁identity	4892
▁56	4893
所列	4894
▁58	4895
▁charge	4896
赞赏	4897
的理由	4898
主席团	4899
合作伙伴	4900
▁arrest	4901
弄	4902
▁containing	4903
son	4904
广泛的	4905
届	4906
决心	4907
▁ex	4908
▁teams	4909
▁决定	4910
年至	4911
▁這是	4912
和联合国	4913
82	4914
强	4915
▁Resources	4916
▁outer	4917
子女	4918
▁m	4919
▁St	4920
▁Azerbaijan	4921
▁losses	4922
这次	4923
▁特别报告员	4924
的经验	4925
▁previously	4926
产	4927
▁54	4928
iii	4929
▁drafting	4930
▁Peru	4931
的需要	4932
在第	4933
▁registered	4934
▁determination	4935
地区的	4936
▁您	4937
泰国	4938
▁55.	4939
技术合作	4940
其他国家	4941
一位	4942
	4943
▁本报告	4944
讨论了	4945
▁linked	4946
▁Dr	4947
还将	4948
推进	4949
▁Fourth	4950
▁friends	4951
▁governing	4952
声称	4953
留	4954
男性	4955
喜欢	4956
外地	4957
丹麦	4958
减	4959
▁理事会	4960
的标准	4961
▁Philippines	4962
	4963
创新	4964
▁ownership	4965
早	4966
▁heads	4967
项下	4968
的政治	4969
▁Project	4970
秘鲁	4971
ive	4972
车辆	4973
声	4974
▁stand	4975
波兰	4976
▁expenses	4977
▁facing	4978
▁satisfaction	4979
▁Algeria	4980
▁Thanks	4981
▁carrying	4982
CRP	4983
的人员	4984
▁Chapter	4985
▁Croatia	4986
维持和平	4987
▁Family	4988
▁Assistant	4989
▁begin	4990
▁2002.	4991
伊斯兰	4992
是谁	4993
▁systematic	4994
▁limit	4995
▁disability	4996
93	4997
房	4998
教育和	4999
▁EU	5000
逮捕	5001
小时	5002
女人	5003
))	5004
目前的	5005
马里	5006
属	5007
▁intention	5008
▁De	5009
苏	5010
伤	5011
这方面的	5012
移徙	5013
▁mortality	5014
气候	5015
这个问题	5016
▁Notes	5017
day	5018
▁transparent	5019
亚洲	5020
71	5021
▁flows	5022
▁diseases	5023
危地马拉	5024
▁Hoc	5025
▁Sorry	5026
依然	5027
▁maintained	5028
销售	5029
▁bank	5030
1\	5031
▁prices	5032
id	5033
▁sites	5034
单独	5035
▁fuel	5036
相同	5037
各自	5038
▁Statute	5039
▁56.	5040
各级	5041
1992	5042
▁database	5043
▁seeking	5044
主权	5045
账户	5046
的人权	5047
的利益	5048
坚持	5049
讨论会	5050
▁Czech	5051
象	5052
▁draw	5053
以往	5054
▁proper	5055
.4/	5056
的挑战	5057
▁resolve	5058
▁governments	5059
差	5060
▁Despite	5061
伊朗伊斯兰共和国	5062
▁Therefore	5063
的范围	5064
的目的	5065
▁pursue	5066
▁preparatory	5067
▁53	5068
汇编	5069
▁race	5070
▁Regulations	5071
▁brother	5072
▁ICT	5073
▁nations	5074
与联合国	5075
另外	5076
解决办法	5077
▁Small	5078
厄立特里亚	5079
减轻	5080
▁regulatory	5081
.15	5082
穿	5083
▁Jerusalem	5084
四个	5085
05	5086
来了	5087
亿	5088
▁says	5089
▁original	5090
▁preliminary	5091
▁Recognizing	5092
▁minority	5093
▁initiated	5094
▁obstacles	5095
知	5096
即将	5097
副主席	5098
▁Congress	5099
▁baby	5100
▁Hi	5101
▁Energy	5102
评论	5103
▁Sir	5104
▁Network	5105
▁funded	5106
▁introduction	5107
放弃	5108
深	5109
▁maintaining	5110
▁truth	5111
one	5112
释放	5113
DP	5114
▁works	5115
▁Budgetary	5116
▁interim	5117
▁prosecution	5118
▁reconstruction	5119
▁commission	5120
▁Over	5121
大韩民国	5122
ary	5123
药	5124
▁aims	5125
200	5126
没有任何	5127
ol	5128
▁departments	5129
para	5130
▁preparing	5131
哪些	5132
▁numbers	5133
▁可	5134
▁fall	5135
▁expansion	5136
▁我在	5137
▁thereby	5138
的案件	5139
议题	5140
替代	5141
▁empowerment	5142
犯	5143
色	5144
依赖	5145
层面	5146
WP	5147
并非	5148
预测	5149
除非	5150
這個	5151
▁57.	5152
使得	5153
鲁	5154
▁anyone	5155
▁transactions	5156
诉讼	5157
涵盖	5158
í	5159
酒	5160
救	5161
▁Total	5162
item	5163
▁percentage	5164
刑事	5165
自然资源	5166
▁Power	5167
di	5168
▁Guatemala	5169
rd	5170
▁contributing	5171
▁Iraqi	5172
▁opening	5173
联络	5174
大部分	5175
不扩散条约	5176
os	5177
▁57	5178
▁AIDS	5179
▁entity	5180
不到	5181
技能	5182
▁allocation	5183
ton	5184
值得	5185
▁Bangladesh	5186
青少年	5187
▁element	5188
▁accused	5189
ia	5190
▁Task	5191
ling	5192
84	5193
ism	5194
办	5195
▁supplies	5196
质量	5197
▁Movement	5198
▁protected	5199
截至	5200
▁美国	5201
问题特别报告员	5202
out	5203
儿童权利	5204
▁真	5205
阿尔及利亚	5206
▁Preparatory	5207
联合会	5208
可在	5209
最好	5210
▁latter	5211
党	5212
大家	5213
渔业	5214
的关键	5215
▁chemical	5216
核裁军	5217
▁它们	5218
待遇	5219
儿	5220
▁bit	5221
表示关切	5222
94	5223
▁sustainability	5224
▁primarily	5225
发展中国家的	5226
ó	5227
ter	5228
▁Use	5229
所以	5230
▁names	5231
Corr	5232
▁可以	5233
▁message	5234
克罗地亚	5235
提出报告	5236
除了	5237
▁grave	5238
和技术	5239
的定义	5240
▁identifying	5241
▁enter	5242
▁Like	5243
▁unable	5244
双边	5245
▁Comprehensive	5246
效率	5247
▁worldwide	5248
技术和	5249
▁geographical	5250
圣	5251
shad	5252
人权问题	5253
▁Taking	5254
集体	5255
▁recalled	5256
城	5257
制定了	5258
▁produce	5259
▁attended	5260
旅行	5261
一套	5262
▁instance	5263
」	5264
▁factor	5265
引渡	5266
货	5267
▁join	5268
教师	5269
et	5270
的审议	5271
▁myself	5272
▁legitimate	5273
▁protecting	5274
▁remedies	5275
提醒	5276
▁Even	5277
▁penalty	5278
ian	5279
开展了	5280
马来西亚	5281
途径	5282
▁La	5283
▁impacts	5284
字	5285
▁cycle	5286
terrorism	5287
▁ill	5288
融资	5289
.9/	5290
巴勒斯坦人民	5291
而是	5292
▁adaptation	5293
▁2001.	5294
▁attend	5295
▁	5296
开展工作	5297
▁这样	5298
娜	5299
▁UNODC	5300
▁Poland	5301
▁wouldn	5302
现行	5303
▁learning	5304
▁Belarus	5305
修正案	5306
专业人员	5307
▁58.	5308
加快	5309
克服	5310
设法	5311
后续行动	5312
▁Informal	5313
的贡献	5314
些	5315
也不	5316
是个	5317
编	5318
看看	5319
高度	5320
▁duties	5321
的立场	5322
▁OIOS	5323
▁reiterated	5324
技术援助	5325
保	5326
运	5327
尽	5328
▁confirmed	5329
▁enjoy	5330
▁liability	5331
▁employees	5332
▁etc	5333
裁军谈判会议	5334
▁designated	5335
▁正如	5336
▁perpetrators	5337
老年人	5338
认可	5339
▁allocated	5340
睡	5341
▁fifth	5342
人道主义援助	5343
▁regulation	5344
▁acting	5345
▁Part	5346
提名	5347
▁Red	5348
▁你好	5349
肯尼亚	5350
提请	5351
阻碍	5352
产出	5353
么	5354
状态	5355
继续努力	5356
委员会成员	5357
lo	5358
阿塞拜疆	5359
走了	5360
往	5361
▁2000.	5362
▁productive	5363
▁Me	5364
周期	5365
更好地	5366
conflict	5367
裁决	5368
的发言	5369
购买	5370
ou	5371
特别会议	5372
▁59.	5373
▁examine	5374
age	5375
指示	5376
▁Malaysia	5377
柬埔寨	5378
资本	5379
▁Professional	5380
格鲁吉亚	5381
▁accept	5382
希腊	5383
废物	5384
▁partner	5385
▁details	5386
儿童权利公约	5387
询问	5388
第三	5389
根据第	5390
▁Peoples	5391
扎	5392
条草案	5393
▁LDCs	5394
▁noting	5395
资格	5396
前往	5397
约旦	5398
▁Follow	5399
▁impunity	5400
▁Year	5401
▁小	5402
▁Jordan	5403
▁believes	5404
▁safeguards	5405
惩罚	5406
社会发展	5407
▁Nairobi	5408
▁vehicles	5409
▁shows	5410
▁older	5411
总理	5412
▁Paragraph	5413
▁ahead	5414
发放	5415
的参与	5416
缅甸	5417
拟	5418
▁numerous	5419
销毁	5420
新闻部	5421
民	5422
ty	5423
▁(212)	5424
主任	5425
开支	5426
超	5427
的条件	5428
ate	5429
agency	5430
▁consultative	5431
依	5432
▁必须	5433
巩固	5434
▁circulated	5435
▁噢	5436
工资	5437
签名	5438
杀	5439
▁decrease	5440
▁bringing	5441
▁60.	5442
▁考虑到	5443
▁chap	5444
▁對	5445
贩运	5446
▁sign	5447
都有	5448
▁haven	5449
发展和	5450
语文	5451
▁settlements	5452
▁verification	5453
我想	5454
有机会	5455
▁gas	5456
证实	5457
伯	5458
▁sanitation	5459
绝对	5460
▁五	5461
的答复	5462
▁400	5463
目前正在	5464
▁Coordinator	5465
出版	5466
仍然是	5467
▁Forces	5468
▁grateful	5469
▁leaving	5470
▁specified	5471
塞内加尔	5472
▁cut	5473
相当	5474
人权高专办	5475
▁binding	5476
▁comes	5477
雇主	5478
▁maximum	5479
坐	5480
根	5481
▁Expert	5482
强奸	5483
被告	5484
五个	5485
▁husband	5486
▁Strategic	5487
有所	5488
管辖	5489
▁birth	5490
ti	5491
▁guide	5492
▁reviews	5493
两名	5494
▁widely	5495
政策和	5496
/56/	5497
▁Welcomes	5498
▁principal	5499
no	5500
▁publications	5501
专	5502
▁uh	5503
次级方案	5504
已經	5505
阿拉伯叙利亚共和国	5506
▁coordinate	5507
俄	5508
的社会	5509
▁dignity	5510
ized	5511
(1)	5512
▁Eritrea	5513
武装部队	5514
求	5515
▁thinking	5516
▁daily	5517
现实	5518
女童	5519
的一切	5520
灾害	5521
与其	5522
▁Uh	5523
立场	5524
▁Ministerial	5525
实现千年发展目标	5526
清	5527
石油	5528
▁pilot	5529
92	5530
mo	5531
的决议	5532
清楚	5533
各会员国	5534
.10	5535
▁substances	5536
十	5537
执法	5538
面对	5539
突尼斯	5540
若	5541
▁incidents	5542
▁refer	5543
▁figure	5544
应付	5545
▁affecting	5546
杜	5547
▁judge	5548
索赔人	5549
▁constructive	5550
第二次	5551
ka	5552
▁advocacy	5553
的目的是	5554
助理	5555
▁一些	5556
▁61.	5557
师	5558
6%	5559
▁Serbia	5560
ho	5561
▁occurred	5562
听到	5563
百	5564
该区域	5565
▁h	5566
搞	5567
時	5568
错误	5569
▁hoc	5570
▁促进	5571
号决议中	5572
ard	5573
▁uses	5574
▁dispute	5575
晚	5576
教科文组织	5577
▁Accordingly	5578
▁looks	5579
主要是	5580
颁布	5581
普通	5582
获	5583
▁Supplement	5584
▁pending	5585
总额	5586
▁represent	5587
▁会	5588
最高法院	5589
▁reaffirmed	5590
管理和	5591
▁assisting	5592
意味着	5593
▁ILO	5594
▁hoped	5595
取决于	5596
跟我	5597
干预	5598
兵	5599
只要	5600
失	5601
越	5602
▁64	5603
raising	5604
▁news	5605
▁examination	5606
学院	5607
筹备委员会	5608
差异	5609
罗马尼亚	5610
▁Nepal	5611
救济	5612
ak	5613
道德	5614
谈	5615
提供支助	5616
一直在	5617
这一问题	5618
▁reasonable	5619
▁Belgium	5620
面临的	5621
出生	5622
现金	5623
经济发展	5624
官	5625
III	5626
▁judiciary	5627
▁investments	5628
文本	5629
▁troops	5630
▁web	5631
衡量	5632
补贴	5633
赫	5634
▁nine	5635
争端	5636
引起	5637
▁chemicals	5638
▁focal	5639
▁你想	5640
▁happy	5641
▁drawn	5642
书面	5643
推广	5644
▁began	5645
内的	5646
▁innovative	5647
▁pro	5648
▁suffering	5649
任何人	5650
▁top	5651
▁Torture	5652
▁observer	5653
▁对不起	5654
药物	5655
▁send	5656
很大	5657
▁calling	5658
目	5659
▁obtained	5660
▁Reaffirming	5661
▁stations	5662
觉得	5663
燃料	5664
职务	5665
▁Ecuador	5666
的说明	5667
▁Denmark	5668
▁choice	5669
证	5670
小岛屿发展中国家	5671
沙特阿拉伯	5672
的全面	5673
共有	5674
+	5675
▁committees	5676
平台	5677
▁improvements	5678
▁indeed	5679
的生活	5680
美洲	5681
过来	5682
▁controls	5683
养恤金	5684
作出的	5685
▁Budget	5686
▁只有	5687
▁prisoners	5688
all	5689
上文第	5690
虐待	5691
▁Romania	5692
▁vulnerability	5693
调解	5694
▁谁	5695
实际上	5696
XX	5697
▁grant	5698
開	5699
最初	5700
▁2009.	5701
▁Sri	5702
▁achievements	5703
▁constraints	5704
▁Le	5705
愛	5706
▁Costa	5707
族	5708
方向	5709
▁62.	5710
差距	5711
积极参与	5712
▁Mo	5713
▁Tell	5714
葡萄牙	5715
▁pretty	5716
首次	5717
▁receiving	5718
▁Kyoto	5719
▁Mrs	5720
护理	5721
▁maybe	5722
帮	5723
立	5724
弹药	5725
▁easy	5726
排	5727
mail	5728
▁burden	5729
还在	5730
元	5731
真正的	5732
▁moment	5733
▁unilateral	5734
▁panel	5735
禁	5736
民众	5737
▁wants	5738
仲裁	5739
驱逐	5740
越来越	5741
um	5742
瑞	5743
达尔富尔	5744
并未	5745
▁tried	5746
▁modalities	5747
▁agency	5748
协调员	5749
▁fear	5750
▁UNESCO	5751
和执行	5752
厄瓜多尔	5753
观点	5754
世界银行	5755
是因为	5756
▁differences	5757
▁migrant	5758
的核心	5759
▁jointly	5760
▁gap	5761
▁became	5762
传	5763
和建议	5764
显然	5765
作出决定	5766
高级别	5767
基础上	5768
▁link	5769
▁Model	5770
▁proliferation	5771
交付	5772
的实际	5773
营养	5774
▁Eastern	5775
://	5776
视为	5777
▁located	5778
设立的	5779
付	5780
改	5781
▁proportion	5782
在那里	5783
实地	5784
所载	5785
▁许多	5786
的后续行动	5787
▁guarantees	5788
▁subsequently	5789
▁option	5790
▁Rica	5791
▁Lanka	5792
▁Peacebuilding	5793
▁Venezuela	5794
地球	5795
妨碍	5796
下来	5797
捐助	5798
先前	5799
▁guess	5800
食品	5801
规定了	5802
▁humanity	5803
▁rapid	5804
▁Beijing	5805
行业	5806
▁campaigns	5807
▁Counter	5808
IV	5809
▁51	5810
▁deliberations	5811
▁regularly	5812
▁scheduled	5813
▁OK	5814
失业	5815
▁changed	5816
任期	5817
族裔	5818
▁capabilities	5819
每一	5820
与发展	5821
低于	5822
▁Excellency	5823
总体	5824
▁上午	5825
并鼓励	5826
工会	5827
最低	5828
▁closed	5829
遵循	5830
▁felt	5831
经常预算	5832
致	5833
下的	5834
▁degree	5835
的个人	5836
▁委员会注意到	5837
▁Military	5838
影响到	5839
每天	5840
▁governmental	5841
主张	5842
▁prostitution	5843
和管理	5844
斯洛文尼亚	5845
▁63.	5846
两年	5847
和加强	5848
▁seems	5849
海关	5850
▁incorporated	5851
▁Statistics	5852
是由	5853
▁Dad	5854
兼	5855
ial	5856
的状况	5857
▁preventive	5858
▁technological	5859
赛	5860
补偿	5861
▁mandated	5862
全体会议	5863
京都议定书	5864
表现	5865
以促进	5866
多少	5867
▁Angola	5868
▁Having	5869
监禁	5870
暂停	5871
▁radio	5872
▁已	5873
▁quite	5874
INF	5875
滥用	5876
▁disputes	5877
注重	5878
▁2013,	5879
▁test	5880
让你	5881
▁outlined	5882
寻找	5883
▁declared	5884
▁Change	5885
建	5886
▁users	5887
▁导言	5888
通讯	5889
夫人	5890
的机构	5891
▁extreme	5892
孟加拉国	5893
▁contain	5894
錢	5895
▁Activities	5896
取代	5897
剂	5898
▁transmitted	5899
▁resumed	5900
雇用	5901
UNEP	5902
▁letters	5903
me	5904
(2)	5905
▁door	5906
▁600	5907
/1	5908
▁Arabia	5909
兹	5910
▁Only	5911
.11	5912
轮	5913
▁search	5914
来的	5915
劳工	5916
▁Paris	5917
》;	5918
▁violated	5919
▁其中	5920
消除贫穷	5921
▁Strengthening	5922
安全理事会第	5923
错	5924
红	5925
税	5926
▁recognizes	5927
被视为	5928
▁powers	5929
EC	5930
▁extensive	5931
▁1997,	5932
▁size	5933
our	5934
▁Encourages	5935
的同时	5936
的技术	5937
曾经	5938
英国	5939
▁happen	5940
放在	5941
尚	5942
▁probably	5943
▁安理会	5944
▁briefing	5945
▁我们认为	5946
大规模毁灭性武器	5947
建造	5948
▁Oversight	5949
▁seminars	5950
卷	5951
da	5952
▁arrested	5953
大规模	5954
的相关	5955
▁64.	5956
ov	5957
1%	5958
▁permit	5959
千	5960
外交部长	5961
同一	5962
q	5963
了一个	5964
加速	5965
CO	5966
▁writing	5967
狗	5968
五年	5969
▁hit	5970
批准了	5971
也有	5972
源	5973
▁background	5974
的世界	5975
解除武装	5976
死刑	5977
▁Y	5978
亲	5979
结	5980
许可	5981
off	5982
维也纳	5983
该委员会	5984
那里	5985
▁Given	5986
▁Urges	5987
▁pressure	5988
词	5989
▁Safety	5990
▁imprisonment	5991
▁assigned	5992
▁以色列	5993
▁covering	5994
小姐	5995
▁Portugal	5996
发言者	5997
▁staffing	5998
危害	5999
▁San	6000
▁Give	6001
怎么样	6002
▁announced	6003
▁vision	6004
梅	6005
▁expanded	6006
▁65	6007
戈	6008
▁确保	6009
▁Chinese	6010
回去	6011
▁Work	6012
一些国家	6013
自然灾害	6014
的研究	6015
▁break	6016
执行主任	6017
汇报	6018
务	6019
大不列颠及北爱尔兰联合王国	6020
东道国	6021
的看法	6022
少数民族	6023
Commission	6024
密切	6025
▁Violence	6026
▁unemployment	6027
▁century	6028
是一种	6029
这些问题	6030
▁Equality	6031
▁joined	6032
▁Independent	6033
审计委员会	6034
不平等	6035
尼泊尔	6036
囚犯	6037
中东	6038
不了	6039
▁examined	6040
▁convened	6041
▁mines	6042
▁charges	6043
效力	6044
▁Records	6045
go	6046
▁65.	6047
▁ones	6048
提出建议	6049
提交给	6050
着手	6051
▁invitation	6052
▁dangerous	6053
▁solidarity	6054
订正	6055
▁Platform	6056
▁sale	6057
.12	6058
atar	6059
存	6060
哥	6061
心理	6062
▁再	6063
彻底	6064
政党	6065
▁sometimes	6066
91	6067
根本	6068
ha	6069
类型	6070
当然	6071
客户	6072
▁coordinating	6073
▁coherence	6074
少数群体	6075
▁tomorrow	6076
▁mental	6077
供应商	6078
回家	6079
实	6080
ance	6081
落	6082
▁80	6083
▁Man	6084
嘛	6085
斯特	6086
有点	6087
厅	6088
直	6089
▁product	6090
▁tonight	6091
性别平等	6092
▁rape	6093
▁clean	6094
的东西	6095
▁attached	6096
集中	6097
中有	6098
ba	6099
/3	6100
▁nationals	6101
**	6102
▁52	6103
▁eat	6104
led	6105
深入	6106
怀疑	6107
▁70	6108
层	6109
▁listen	6110
担保	6111
▁eyes	6112
▁helping	6113
▁等等	6114
上升	6115
▁Additional	6116
补编第	6117
▁expand	6118
▁foster	6119
估计数	6120
爱尔兰	6121
规模	6122
▁按	6123
主持	6124
严格	6125
▁Each	6126
▁Climate	6127
飞	6128
怪	6129
▁condition	6130
管理局	6131
相对	6132
职等	6133
▁mobilization	6134
该报告	6135
改为	6136
表达	6137
當	6138
per	6139
口头	6140
所规定的	6141
▁knows	6142
7%	6143
捷克共和国	6144
▁Cambodia	6145
南南合作	6146
密	6147
次区域	6148
设	6149
▁90	6150
▁extension	6151
▁soldiers	6152
▁selection	6153
审查了	6154
联合国机构	6155
▁front	6156
爆炸	6157
很难	6158
准确	6159
▁intolerance	6160
▁63	6161
▁perform	6162
有义务	6163
▁Ha	6164
▁我也	6165
▁真的	6166
的风险	6167
▁file	6168
反恐	6169
▁66.	6170
▁acceptance	6171
▁witnesses	6172
中非共和国	6173
▁links	6174
▁Foundation	6175
负担	6176
在于	6177
所有人	6178
▁gaps	6179
▁见	6180
提交报告	6181
▁NPT	6182
的有关	6183
常常	6184
生活在	6185
关心	6186
以及对	6187
▁advantage	6188
白俄罗斯	6189
进步	6190
▁roles	6191
▁helped	6192
透明	6193
不想	6194
开展的	6195
好了	6196
集	6197
世贸组织	6198
的人数	6199
帶	6200
▁examples	6201
▁died	6202
▁最近	6203
加纳	6204
的培训	6205
ang	6206
汞	6207
国际人道主义法	6208
▁yes	6209
▁relevance	6210
▁comment	6211
生态系统	6212
he	6213
面前	6214
观察	6215
的进展	6216
▁Sixth	6217
specific	6218
▁Afghan	6219
▁broader	6220
物品	6221
▁Measures	6222
▁papers	6223
报告说	6224
界定	6225
▁check	6226
▁trend	6227
靠	6228
豁免	6229
劳工组织	6230
ant	6231
反映了	6232
性暴力	6233
▁location	6234
星	6235
▁processing	6236
喀麦隆	6237
・	6238
▁Integrated	6239
表决	6240
审评	6241
巴勒斯坦人	6242
▁Greece	6243
▁Planning	6244
izing	6245
▁societies	6246
提出的建议	6247
恶化	6248
▁seminar	6249
萨尔瓦多	6250
座	6251
▁town	6252
Habitat	6253
▁segment	6254
号和第	6255
▁fighting	6256
▁manage	6257
▁抱歉	6258
的区域	6259
▁methodology	6260
国际贸易	6261
▁teachers	6262
斯里兰卡	6263
▁exports	6264
發	6265
▁arbitrary	6266
回到	6267
掌握	6268
▁jobs	6269
的缔约国	6270
▁associations	6271
年代	6272
性的	6273
▁officer	6274
顿	6275
	6276
为期	6277
▁goes	6278
▁influence	6279
▁thanks	6280
免费	6281
定于	6282
在此	6283
朝鲜民主主义人民共和国	6284
已有	6285
▁喂	6286
▁Occupied	6287
耶	6288
Leste	6289
佩	6290
社会保障	6291
认真	6292
▁update	6293
▁appear	6294
▁subjected	6295
最大的	6296
▁seriously	6297
▁Palestinians	6298
尤其是在	6299
跳	6300
福	6301
▁据	6302
▁Agriculture	6303
/4	6304
升	6305
▁Friday	6306
▁phone	6307
回答	6308
▁belief	6309
▁只是	6310
该组织	6311
履行其	6312
匈牙利	6313
采取的行动	6314
ous	6315
▁chance	6316
消费	6317
be	6318
我是	6319
怎样	6320
▁那么	6321
▁competence	6322
▁harm	6323
▁确认	6324
500	6325
▁VII	6326
另一个	6327
▁Mar	6328
告	6329
安哥拉	6330
old	6331
推	6332
邻国	6333
月至	6334
会计	6335
▁TO	6336
▁keeping	6337
we	6338
▁contrary	6339
暴力行为	6340
▁deliver	6341
取得进展	6342
▁dealt	6343
为基础	6344
纪念	6345
食	6346
rs	6347
▁Issues	6348
▁Rome	6349
▁事实上	6350
▁enterprise	6351
俄罗斯	6352
委员	6353
▁banks	6354
▁opened	6355
▁Racial	6356
审	6357
的全球	6358
▁constitutes	6359
▁kept	6360
并通过	6361
▁instead	6362
▁raising	6363
罪犯	6364
双	6365
最大	6366
▁investigate	6367
临时议程	6368
始终	6369
▁Really	6370
登	6371
鱼	6372
跟你	6373
▁g	6374
步	6375
一家	6376
失去	6377
排放	6378
▁Number	6379
持	6380
▁Southern	6381
亦	6382
更好的	6383
▁involve	6384
▁Senegal	6385
▁believed	6386
养	6387
▁Tanzania	6388
发布	6389
▁envisaged	6390
国际法院	6391
哥斯达黎加	6392
▁latest	6393
▁67.	6394
▁regards	6395
▁unique	6396
摘要	6397
▁la	6398
居住	6399
ge	6400
▁spread	6401
生物多样性	6402
▁Listen	6403
和社会	6404
▁focusing	6405
已在	6406
的环境	6407
经济和社会	6408
这两个	6409
ay	6410
组成的	6411
电视	6412
▁嗨	6413
举办了	6414
事先	6415
▁lines	6416
▁Representatives	6417
捐助国	6418
换	6419
▁Society	6420
▁除	6421
▁War	6422
共计	6423
▁answer	6424
▁embargo	6425
▁residence	6426
总是	6427
必须在	6428
/59/	6429
▁budgets	6430
▁demonstrated	6431
▁story	6432
设在	6433
职	6434
/65/	6435
sh	6436
经济增长	6437
亚美尼亚	6438
食物	6439
两国	6440
▁couldn	6441
缔约国会议	6442
▁Nothing	6443
管辖权	6444
委员会主席	6445
以及其他	6446
处罚	6447
主义	6448
▁blood	6449
有关国家	6450
▁moving	6451
区域组织	6452
鬼	6453
和协调	6454
石	6455
▁save	6456
增	6457
▁审查	6458
取得了	6459
产生的	6460
▁transferred	6461
▁posed	6462
▁customs	6463
监管	6464
的管理	6465
捐助方	6466
满	6467
完	6468
▁code	6469
▁married	6470
▁combined	6471
▁worry	6472
温	6473
▁ended	6474
态度	6475
法令	6476
程	6477
严重的	6478
▁Takes	6479
的提议	6480
▁figures	6481
▁launch	6482
▁traffic	6483
▁withdrawal	6484
▁corporate	6485
Τ	6486
毒	6487
▁managers	6488
▁68.	6489
▁Will	6490
▁59	6491
ex	6492
ca	6493
/55/	6494
▁Hungary	6495
重复	6496
▁Monday	6497
▁serving	6498
ST	6499
▁Ivoire	6500
▁很好	6501
社	6502
和国际	6503
▁disease	6504
▁Auditors	6505
▁character	6506
▁Operation	6507
▁pleased	6508
许可证	6509
工作计划	6510
世纪	6511
▁Indeed	6512
帕	6513
国际会议	6514
▁represents	6515
交换	6516
收到了	6517
国际公约	6518
参考	6519
该决议	6520
短期	6521
▁Armenia	6522
制作	6523
▁peacebuilding	6524
▁interventions	6525
▁800	6526
▁他说	6527
▁overcome	6528
微	6529
常驻联合国代表	6530
▁Finance	6531
▁Mechanism	6532
▁!	6533
服	6534
▁association	6535
▁transportation	6536
蒙	6537
赞成	6538
▁limits	6539
ut	6540
▁Nam	6541
▁Turkish	6542
ko	6543
消除对妇女一切形式歧视公约	6544
用来	6545
▁station	6546
北	6547
记者	6548
▁咨询委员会	6549
记	6550
▁valuable	6551
▁notice	6552
惯例	6553
见第	6554
维持和平行动部	6555
乍得	6556
▁asset	6557
采取的	6558
偿还	6559
设想	6560
▁Reduction	6561
一国	6562
▁periods	6563
▁faith	6564
校	6565
3%	6566
塞尔维亚	6567
召开的	6568
以加强	6569
▁legally	6570
压力	6571
齐	6572
▁released	6573
▁directed	6574
▁recommend	6575
Signed	6576
▁ideas	6577
告诉	6578
▁invite	6579
确立	6580
特别代表	6581
经营	6582
▁airspace	6583
不得不	6584
▁becoming	6585
▁Up	6586
零	6587
的比例	6588
▁Kazakhstan	6589
▁suffered	6590
退	6591
▁integrate	6592
▁sections	6593
这些措施	6594
▁welfare	6595
男孩	6596
▁用	6597
的歧视	6598
监督厅	6599
▁69.	6600
功能	6601
including	6602
愿	6603
投	6604
▁reflects	6605
的条款	6606
两次	6607
▁beautiful	6608
▁Mali	6609
菲	6610
最佳做法	6611
的共同	6612
▁prohibited	6613
后者	6614
▁object	6615
以便在	6616
▁FAO	6617
架	6618
▁seem	6619
車	6620
乌	6621
具备	6622
▁expresses	6623
▁trained	6624
良好	6625
\3	6626
▁complaint	6627
▁attempt	6628
此项	6629
结婚	6630
▁detained	6631
有什么	6632
▁Corr	6633
违反了	6634
看法	6635
刚	6636
▁anniversary	6637
▁topics	6638
▁Team	6639
▁distributed	6640
穆	6641
者的	6642
强化	6643
易	6644
▁我们还	6645
▁voting	6646
害	6647
▁ten	6648
有时	6649
各类	6650
道路	6651
▁WTO	6652
就此	6653
把你	6654
有能力	6655
等待	6656
多个	6657
▁firm	6658
告诉我	6659
▁Tunisia	6660
在国家	6661
▁acquisition	6662
▁认识到	6663
削减	6664
强调指出	6665
在国家一级	6666
ies	6667
随	6668
▁biological	6669
▁facts	6670
▁normal	6671
财务报表	6672
的事情	6673
武装	6674
基准	6675
▁kid	6676
组织的	6677
scale	6678
▁modern	6679
.18	6680
强迫	6681
盾	6682
▁camps	6683
正义	6684
什	6685
更大的	6686
裡	6687
作为一个	6688
discrimination	6689
▁Earth	6690
的保护	6691
结合	6692
何	6693
居	6694
line	6695
▁whatever	6696
设置	6697
▁undertaking	6698
▁neither	6699
State	6700
No	6701
某种	6702
▁說	6703
官方发展援助	6704
业绩	6705
标	6706
警方	6707
的立法	6708
▁Slovenia	6709
村	6710
?"	6711
的形式	6712
一条	6713
▁Consideration	6714
▁Observer	6715
▁explained	6716
和支持	6717
的实施	6718
要素	6719
▁Recommendation	6720
提交了	6721
ursuant	6722
▁returned	6723
三年	6724
斯洛伐克	6725
土	6726
▁appeals	6727
弹	6728
信贷	6729
一个人	6730
▁programming	6731
▁Adviser	6732
▁Process	6733
不符合	6734
今年	6735
▁UNOPS	6736
旅游	6737
▁WHO	6738
▁能	6739
北部	6740
套	6741
粮农组织	6742
▁changing	6743
营	6744
盖	6745
批	6746
▁trading	6747
▁map	6748
有害	6749
应由	6750
being	6751
▁pension	6752
体育	6753
▁2010.	6754
▁transnational	6755
▁version	6756
的概念	6757
▁indicates	6758
You	6759
▁Armed	6760
的组织	6761
▁bearing	6762
笑	6763
▁7,	6764
▁served	6765
试验	6766
▁70.	6767
期望	6768
穷人	6769
回应	6770
▁insufficient	6771
▁waiting	6772
单一	6773
▁authors	6774
告诉你	6775
▁increases	6776
▁stuff	6777
临	6778
和促进	6779
多种	6780
land	6781
艾	6782
联合国开发计划署	6783
卡塔尔	6784
发射	6785
▁Communications	6786
先生阁下	6787
规约	6788
if	6789
最佳	6790
▁advancement	6791
恐怖分子	6792
ong	6793
▁cities	6794
▁preparations	6795
▁wished	6796
▁在第	6797
预	6798
博士	6799
▁forums	6800
▁kids	6801
▁Conventions	6802
聽	6803
com	6804
▁71.	6805
性和	6806
op	6807
强烈	6808
对付	6809
▁bear	6810
商定的	6811
并请	6812
將	6813
关闭	6814
▁explain	6815
该项目	6816
段所述	6817
▁6,	6818
▁Salvador	6819
(1	6820
▁largest	6821
wa	6822
的援助	6823
▁fishing	6824
▁tourism	6825
▁Invites	6826
该项	6827
▁Bulgaria	6828
mentioned	6829
頭	6830
的结论	6831
▁couple	6832
▁你可以	6833
忙	6834
▁Provisional	6835
没收	6836
▁Science	6837
哪	6838
对待	6839
共识	6840
▁minute	6841
届会议	6842
还要	6843
停	6844
额外	6845
▁lasting	6846
该决议草案	6847
男	6848
▁inventory	6849
独立的	6850
▁deployed	6851
缔约方大会	6852
列出	6853
ow	6854
▁structural	6855
▁intellectual	6856
背景	6857
成就	6858
提供关于	6859
▁multiple	6860
的地位	6861
计算机	6862
渠道	6863
▁satellite	6864
.13	6865
▁UNCITRAL	6866
妇女和儿童	6867
转递	6868
con	6869
▁(3)	6870
▁requesting	6871
防	6872
=	6873
▁Trafficking	6874
破	6875
▁adopting	6876
▁demands	6877
Terrorism	6878
利益攸关方	6879
/61/	6880
▁demobilization	6881
缺少	6882
▁supposed	6883
▁我就	6884
做的	6885
突出	6886
▁severe	6887
▁north	6888
特征	6889
还应	6890
▁transmit	6891
足够	6892
▁我不	6893
月份	6894
拉丁美洲	6895
企图	6896
▁它还	6897
▁board	6898
是指	6899
▁reiterates	6900
▁accession	6901
▁Main	6902
流离失所	6903
逃	6904
高级专员	6905
▁Guidelines	6906
▁federal	6907
遇到	6908
4%	6909
/66/	6910
In	6911
▁British	6912
士兵	6913
在所有	6914
▁nation	6915
丁	6916
▁同	6917
▁largely	6918
草	6919
促进发展	6920
▁book	6921
ud	6922
的机制	6923
工作地点	6924
拍	6925
ES	6926
部队派遣国	6927
丧失	6928
尼加拉瓜	6929
▁提交人	6930
委员会的	6931
▁Z	6932
妇女的	6933
/2004/	6934
▁sleep	6935
ja	6936
▁crazy	6937
之间的关系	6938
提高妇女地位	6939
▁Defence	6940
GC	6941
▁locations	6942
雅	6943
该国政府	6944
▁middle	6945
▁premises	6946
▁liberty	6947
概述	6948
丝	6949
照料	6950
/57/	6951
150	6952
块	6953
机构和	6954
無	6955
▁belonging	6956
-20	6957
▁master	6958
▁66	6959
▁borders	6960
▁built	6961
▁urge	6962
▁我只是	6963
英文	6964
▁Page	6965
政府间组织	6966
▁700	6967
▁Macedonia	6968
▁himself	6969
读	6970
服务的	6971
裁谈会	6972
决定草案	6973
的危险	6974
▁signature	6975
康复	6976
Sub	6977
马耳他	6978
飞行	6979
并与	6980
▁maternal	6981
个别	6982
▁conclude	6983
▁sixth	6984
▁counsel	6985
▁disposal	6986
西非	6987
Bissau	6988
▁John	6989
▁orders	6990
▁representing	6991
▁Bolivia	6992
卖淫	6993
▁widespread	6994
提供资金	6995
胡	6996
强调了	6997
拨款	6998
条约机构	6999
▁ma	7000
位于	7001
▁文件	7002
▁commit	7003
這樣	7004
▁introduce	7005
▁crises	7006
即使	7007
▁那你	7008
负	7009
gu	7010
这种情况	7011
几内亚	7012
当事方	7013
care	7014
教授	7015
▁copy	7016
▁Acting	7017
▁decides	7018
也可以	7019
▁substance	7020
▁cluster	7021
夜	7022
▁也许	7023
▁NGO	7024
威	7025
妳	7026
▁conducting	7027
把它	7028
收益	7029
▁male	7030
▁extradition	7031
▁terrorists	7032
核可	7033
个员额	7034
议员	7035
▁Developed	7036
04	7037
▁sponsors	7038
▁(1	7039
▁managed	7040
▁ministerial	7041
作出贡献	7042
几内亚比绍	7043
▁Heads	7044
快速	7045
▁extremely	7046
的谈判	7047
在这	7048
▁dis	7049
▁Chad	7050
▁62	7051
▁missing	7052
谢	7053
使用的	7054
效果	7055
副秘书长	7056
▁secured	7057
融入	7058
收到的	7059
▁aggression	7060
▁tenth	7061
▁accessible	7062
▁learn	7063
於	7064
软件	7065
▁consolidated	7066
▁k	7067
移交	7068
▁1999.	7069
ating	7070
ya	7071
每月	7072
权利的	7073
底	7074
▁homes	7075
▁hurt	7076
性别问题	7077
▁Mom	7078
-6	7079
▁outreach	7080
感觉	7081
加上	7082
▁72.	7083
▁devoted	7084
▁Assessment	7085
贸易法委员会	7086
▁degradation	7087
/54/	7088
净额	7089
▁我可以	7090
/2000/	7091
迄今	7092
▁drink	7093
保加利亚	7094
▁Sixty	7095
▁Guide	7096
▁Con	7097
▁simply	7098
参照	7099
行政当局	7100
▁欧洲联盟	7101
备	7102
男女平等	7103
▁utilization	7104
▁difference	7105
▁decade	7106
▁considerations	7107
▁variety	7108
整	7109
.17	7110
less	7111
期限	7112
蒙古	7113
ni	7114
的进程	7115
CEDAW	7116
▁67	7117
▁Statement	7118
跟踪	7119
2%	7120
专家会议	7121
痛苦	7122
▁employed	7123
的威胁	7124
▁Document	7125
执行委员会	7126
用品	7127
▁acknowledged	7128
cHFFFFFF	7129
的一种	7130
▁remote	7131
产生了	7132
的数量	7133
▁barriers	7134
▁wider	7135
▁huh	7136
遭	7137
▁looked	7138
▁Roma	7139
ina	7140
▁首先	7141
/2006/	7142
吸引	7143
▁hospital	7144
事故	7145
▁prohibition	7146
附属机构	7147
的使用	7148
信任	7149
▁Faso	7150
▁UNRWA	7151
▁showed	7152
▁73.	7153
▁xenophobia	7154
▁savings	7155
不论	7156
布基纳法索	7157
▁League	7158
▁Procedure	7159
脚	7160
扩散	7161
弗	7162
▁2006-2007	7163
▁afraid	7164
▁army	7165
CRC	7166
▁discriminatory	7167
一体化	7168
▁List	7169
为执行	7170
▁recognizing	7171
确定了	7172
▁promoted	7173
▁born	7174
分钟	7175
▁starting	7176
报告的	7177
警	7178
王	7179
自动	7180
▁experienced	7181
明白	7182
▁advanced	7183
/2005/	7184
怀孕	7185
▁charged	7186
▁Uruguay	7187
化学	7188
行事	7189
推行	7190
▁他是	7191
本届会议	7192
的指控	7193
▁Montenegro	7194
▁appears	7195
民事	7196
保存	7197
▁別	7198
认定	7199
▁hearing	7200
ig	7201
(2005	7202
01	7203
▁warning	7204
玻利维亚	7205
其余	7206
▁game	7207
失踪	7208
▁Island	7209
▁inadequate	7210
300	7211
立陶宛	7212
▁strength	7213
▁中国	7214
领取	7215
推迟	7216
▁reality	7217
▁adjustment	7218
等等	7219
▁fisheries	7220
当选	7221
对这些	7222
说话	7223
▁relatively	7224
8%	7225
▁format	7226
▁shot	7227
▁Libyan	7228
▁sit	7229
▁Environmental	7230
短	7231
▁Head	7232
射	7233
▁dad	7234
▁w	7235
组织和	7236
一天	7237
▁passed	7238
▁adverse	7239
教学	7240
特设委员会	7241
▁proceed	7242
ING	7243
▁Doha	7244
▁integral	7245
持有	7246
▁outputs	7247
例外	7248
SP	7249
是对	7250
为其	7251
▁remedy	7252
AL	7253
衣	7254
sharing	7255
ev	7256
▁Treatment	7257
▁gives	7258
补救	7259
群	7260
▁daughter	7261
奖	7262
▁Mauritius	7263
▁委员会建议缔约国	7264
玛	7265
档案	7266
官方	7267
▁watch	7268
和解	7269
该方案	7270
我国代表团	7271
也许	7272
▁conservation	7273
牌	7274
還	7275
凡	7276
▁Cameroon	7277
▁Transitional	7278
举办的	7279
支	7280
▁stable	7281
协调和	7282
▁Cross	7283
▁Fuck	7284
▁add	7285
造	7286
▁Employment	7287
AP	7288
03	7289
吁请	7290
▁ministries	7291
法律规定	7292
追	7293
藏	7294
ated	7295
▁disabled	7296
▁usually	7297
侵略	7298
▁sets	7299
▁explanation	7300
年度报告	7301
▁explore	7302
还没有	7303
ek	7304
▁Both	7305
:“	7306
沃	7307
培训方案	7308
专家小组	7309
contributing	7310
直到	7311
▁mid	7312
的手段	7313
国内法	7314
形势	7315
紧张	7316
▁allowance	7317
他人	7318
▁balanced	7319
▁insolvency	7320
粮食安全	7321
▁Excuse	7322
▁functional	7323
后来	7324
▁Lithuania	7325
配	7326
▁formed	7327
▁organize	7328
楼	7329
国家机构	7330
该地区	7331
财政资源	7332
▁biennial	7333
修	7334
▁Three	7335
▁fixed	7336
▁standing	7337
▁#	7338
卢	7339
▁schedule	7340
VI	7341
农	7342
委内瑞拉	7343
所载的	7344
▁Un	7345
▁danger	7346
现已	7347
组成部分	7348
存在着	7349
9%	7350
cHFF	7351
ncreased	7352
/64/	7353
▁Anti	7354
南部	7355
将是	7356
木	7357
恐怖	7358
别人	7359
▁贸发会议	7360
▁salary	7361
干嘛	7362
▁Ghana	7363
▁第二	7364
施	7365
ass	7366
净	7367
▁Poverty	7368
▁Decision	7369
第一个	7370
见附件	7371
▁resident	7372
▁online	7373
简化	7374
减贫	7375
	7376
兄弟	7377
▁Singapore	7378
▁Thursday	7379
方案和	7380
它的	7381
附件一	7382
bord	7383
条文	7384
着重	7385
到底	7386
号和	7387
方案预算	7388
是我	7389
客	7390
处置	7391
拖延	7392
注	7393
▁ain	7394
其他人	7395
▁protocol	7396
这些人	7397
因为它	7398
街	7399
▁south	7400
▁Reports	7401
操作	7402
可能是	7403
▁有些	7404
/63/	7405
▁exactly	7406
▁1373	7407
发生了	7408
少数	7409
的预算	7410
朝	7411
▁什麼	7412
变革	7413
下去	7414
国际刑事法院	7415
物资	7416
培训和	7417
▁worth	7418
本公约	7419
▁exception	7420
加强联合国	7421
▁gun	7422
▁啊	7423
▁Nevertheless	7424
常驻代表团	7425
▁running	7426
▁CD	7427
ish	7428
▁composition	7429
在哪里	7430
注册	7431
▁finding	7432
无论	7433
▁equity	7434
▁2008-2009	7435
外层空间	7436
▁command	7437
爸爸	7438
▁想	7439
冷	7440
杀害	7441
income	7442
▁Organized	7443
▁74.	7444
▁genuine	7445
区别	7446
出现了	7447
▁displacement	7448
▁Water	7449
机场	7450
联刚特派团	7451
06	7452
lu	7453
的协调	7454
▁Arms	7455
的职责	7456
▁Least	7457
测试	7458
爱沙尼亚	7459
异	7460
▁southern	7461
▁administering	7462
▁duration	7463
举行会议	7464
和有关	7465
▁$1	7466
装备	7467
▁rose	7468
▁reply	7469
▁dedicated	7470
洗	7471
的观点	7472
顺利	7473
▁人们	7474
▁occupying	7475
进来	7476
▁replace	7477
▁seeks	7478
桑	7479
问责制	7480
然	7481
做什么	7482
妇女和女孩	7483
很少	7484
▁procedural	7485
02	7486
▁9,	7487
該	7488
▁killing	7489
进行合作	7490
事业	7491
图书馆	7492
▁zones	7493
第五	7494
▁claimed	7495
▁doubt	7496
▁fun	7497
提供服务	7498
▁mitigation	7499
这项工作	7500
.14	7501
届会	7502
全体	7503
別	7504
欧元	7505
▁adequately	7506
国集团	7507
外国直接投资	7508
:1	7509
社会和文化权利	7510
守	7511
永远	7512
支援	7513
总干事	7514
秘书长的报告	7515
私营	7516
会议的	7517
▁76.	7518
侵犯人权	7519
bo	7520
刚刚	7521
世界人权宣言	7522
儿童的	7523
▁operate	7524
▁decline	7525
▁intervention	7526
和我	7527
就能	7528
进一步加强	7529
▁只要	7530
▁thousands	7531
卢森堡	7532
/5	7533
▁performed	7534
外交部	7535
▁rejected	7536
接近	7537
的有效	7538
▁Burkina	7539
▁75.	7540
120	7541
	7542
就可以	7543
▁sides	7544
好的	7545
▁Yugoslav	7546
▁爸爸	7547
▁这里	7548
▁Today	7549
(2006	7550
政	7551
和国家	7552
▁1996,	7553
工程处	7554
▁Annual	7555
▁秘书长的报告	7556
杰	7557
ga	7558
▁art	7559
年前	7560
歌	7561
▁Terrorism	7562
规章	7563
的联合国	7564
抗	7565
的声明	7566
▁Saint	7567
▁Local	7568
系统的	7569
好吗	7570
暂时	7571
拉脱维亚	7572
乱	7573
▁reviewing	7574
第五委员会	7575
▁voice	7576
▁custody	7577
显著	7578
据称	7579
有关的问题	7580
轻	7581
钻石	7582
▁promise	7583
出于	7584
▁与此同时	7585
▁continuous	7586
海上	7587
新加坡	7588
演	7589
▁nearly	7590
▁Through	7591
的经费	7592
▁太	7593
性剥削	7594
▁facility	7595
因特网	7596
复	7597
▁heavy	7598
▁requiring	7599
方面的作用	7600
留下	7601
分区域	7602
▁Prohibition	7603
▁Protocols	7604
负债	7605
保护和	7606
科技	7607
他在	7608
战略计划	7609
▁monthly	7610
人居署	7611
进展情况	7612
例	7613
▁accountable	7614
世界上	7615
的唯一	7616
▁Viet	7617
事实上	7618
期待	7619
看来	7620
知识产权	7621
▁occasion	7622
▁新	7623
任职	7624
▁fish	7625
缓解	7626
张	7627
洗钱	7628
的某些	7629
裁定	7630
现代	7631
委员会在	7632
▁adjustments	7633
身体	7634
▁14,	7635
解除	7636
克斯	7637
1988	7638
▁非洲	7639
容忍	7640
剥削	7641
的程度	7642
▁treated	7643
次全体会议	7644
感染	7645
绑架	7646
毛	7647
▁negotiation	7648
画	7649
▁meant	7650
▁execution	7651
方针	7652
款项	7653
特点	7654
▁visited	7655
国际劳工组织	7656
▁Contents	7657
▁determining	7658
▁日本	7659
▁Constitutional	7660
经费的筹措	7661
摊款	7662
存在的	7663
▁Moldova	7664
登记册	7665
动员	7666
脆弱	7667
▁greatest	7668
見	7669
▁exclusion	7670
▁financed	7671
包括通过	7672
将由	7673
的必要性	7674
▁vocational	7675
▁我有	7676
并不是	7677
拟议的	7678
......	7679
版	7680
遣返	7681
▁Jamaica	7682
Proliferation	7683
▁con	7684
基地	7685
创建	7686
击	7687
信仰	7688
妇女权利	7689
▁Welcoming	7690
也门	7691
部长级会议	7692
▁reaching	7693
导弹	7694
示范法	7695
/60/	7696
公民权利和政治权利国际公约	7697
附近	7698
▁opposition	7699
毛里求斯	7700
彼此	7701
区分	7702
▁Delegations	7703
泰	7704
Self	7705
总结	7706
有了	7707
质	7708
▁Youth	7709
戴	7710
▁pertaining	7711
号决议和	7712
法定	7713
坏	7714
工作中	7715
丈夫	7716
▁很	7717
▁transfers	7718
印	7719
为何	7720
贩运人口	7721
更大	7722
▁covers	7723
ted	7724
和非	7725
ner	7726
永久	7727
▁import	7728
▁flow	7729
▁formulated	7730
促请	7731
侧重于	7732
冰岛	7733
单方面	7734
▁(2001)	7735
它们的	7736
▁commended	7737
培训班	7738
一旦	7739
▁equally	7740
▁page	7741
▁Election	7742
的联系	7743
公务员	7744
透明度	7745
的许多	7746
men	7747
Governing	7748
开会	7749
业务活动	7750
▁path	7751
▁ammunition	7752
▁900	7753
▁Tuesday	7754
▁choose	7755
提供支持	7756
国家和国际	7757
下述	7758
所做的	7759
造成了	7760
▁Reaffirms	7761
▁stress	7762
▁consolidation	7763
▁finds	7764
▁deaths	7765
▁generation	7766
配合	7767
信通技术	7768
▁Wednesday	7769
独立专家	7770
▁walk	7771
▁hate	7772
运行	7773
與	7774
变成	7775
▁lose	7776
妇女和女童	7777
都在	7778
意义	7779
更正	7780
一樣	7781
巨大	7782
▁detainees	7783
▁decades	7784
▁objection	7785
联合国秘书长	7786
边境	7787
▁demonstrate	7788
所需经费	7789
签署了	7790
交通	7791
▁Miss	7792
▁picture	7793
文化和	7794
▁2004-2005	7795
▁Statements	7796
方便	7797
/2003/	7798
转交	7799
▁revision	7800
方案的	7801
的长期	7802
等问题	7803
▁movements	7804
说什么	7805
删除	7806
▁vol	7807
证书	7808
po	7809
两项	7810
巴拿马	7811
▁2011.	7812
所需资源	7813
外国人	7814
容易	7815
许多国家	7816
▁projected	7817
移徙者	7818
▁conjunction	7819
并就	7820
▁properly	7821
om	7822
▁realize	7823
时间表	7824
▁contingent	7825
痛	7826
是根据	7827
end	7828
互联网	7829
▁overview	7830
尽早	7831
游	7832
陈述	7833
的限制	7834
▁Based	7835
获得通过	7836
项目厅	7837
長	7838
▁77.	7839
▁subparagraph	7840
加沙	7841
▁village	7842
ham	7843
韦	7844
▁Malta	7845
邦	7846
▁Ra	7847
▁Drug	7848
理事会第	7849
政府和	7850
板	7851
後	7852
紧	7853
区域合作	7854
▁vehicle	7855
该公约	7856
归	7857
.1),	7858
▁simple	7859
/7	7860
▁那些	7861
:《	7862
▁Yemen	7863
第三次	7864
08	7865
▁六	7866
▁guaranteed	7867
警告	7868
▁Land	7869
「	7870
▁Inspection	7871
的地区	7872
..	7873
▁submissions	7874
谨	7875
der	7876
.2/	7877
▁drew	7878
▁successfully	7879
和你	7880
這些	7881
1373(2001)	7882
▁biodiversity	7883
是一项	7884
▁acceptable	7885
冲	7886
农民	7887
民兵	7888
的职能	7889
的计划	7890
▁这项	7891
▁fiscal	7892
年底	7893
国家办事处	7894
/53/	7895
▁City	7896
▁Appeals	7897
竞争力	7898
▁understood	7899
整体	7900
获悉	7901
核武器国家	7902
分摊	7903
國	7904
▁Among	7905
▁Procurement	7906
亚太经社会	7907
一场	7908
了嗎	7909
人权和基本自由	7910
怕	7911
编写的	7912
▁“(	7913
ru	7914
▁stages	7915
▁assisted	7916
▁Educational	7917
各组织	7918
▁commodity	7919
定居点	7920
紧急情况	7921
依靠	7922
▁playing	7923
运用	7924
翻译	7925
引	7926
示范	7927
在哪	7928
坦桑尼亚联合共和国	7929
告知	7930
发起	7931
不够	7932
▁allowing	7933
▁track	7934
极为	7935
家人	7936
▁assume	7937
条款草案	7938
意识到	7939
PC	7940
不过	7941
维持和平特派团	7942
▁IN	7943
給	7944
变动	7945
▁professionals	7946
和程序	7947
ke	7948
可靠	7949
▁hunger	7950
报告员	7951
行为者	7952
和相关	7953
▁write	7954
▁经济及社会理事会	7955
上午	7956
高级别会议	7957
們	7958
▁computer	7959
▁teaching	7960
野	7961
将来	7962
▁Say	7963
的受害者	7964
乌拉圭	7965
自治	7966
aH	7967
和保护	7968
▁equivalent	7969
▁meaning	7970
}	7971
▁Standing	7972
是我的	7973
圆桌会议	7974
贝宁	7975
为基础的	7976
min	7977
▁就像	7978
▁denied	7979
▁recalls	7980
▁lists	7981
阐述	7982
坚定	7983
常设	7984
▁stock	7985
还需要	7986
▁那个	7987
▁哈	7988
▁notification	7989
紧迫	7990
表示关注	7991
oriented	7992
未经	7993
au	7994
ki	7995
探索	7996
▁mercury	7997
▁reliable	7998
的提案	7999
▁refers	8000
十二	8001
▁Resource	8002
对联合国	8003
▁Settlements	8004
▁claimant	8005
▁customary	8006
董事会	8007
国际标准	8008
▁Transport	8009
▁signing	8010
▁lawyers	8011
凯	8012
抓	8013
動	8014
▁invites	8015
父亲	8016
失败	8017
▁destroyed	8018
▁neighbouring	8019
▁abroad	8020
大大	8021
▁n	8022
▁harassment	8023
秘密	8024
▁Zambia	8025
▁newly	8026
拜	8027
科索沃特派团	8028
▁flexibility	8029
▁coherent	8030
能否	8031
▁fast	8032
去了	8033
▁murder	8034
空缺	8035
▁spent	8036
电影	8037
/2007/	8038
▁Slovakia	8039
▁completely	8040
有着	8041
▁defenders	8042
▁thereto	8043
巴林	8044
▁behaviour	8045
丹	8046
各机构	8047
▁agents	8048
贾	8049
▁relative	8050
利比亚	8051
不需要	8052
以支持	8053
形	8054
不稳定	8055
我会	8056
▁tolerance	8057
▁wall	8058
▁Interim	8059
的会员国	8060
意外	8061
za	8062
纠正	8063
▁Country	8064
2008-2009	8065
分段	8066
les	8067
欧	8068
▁corresponding	8069
▁Evaluation	8070
▁offers	8071
每一个	8072
汇率	8073
▁suggestions	8074
派遣	8075
▁至于	8076
so	8077
▁larger	8078
牙买加	8079
ize	8080
类似的	8081
废除	8082
格式	8083
/2002/	8084
▁copies	8085
排除	8086
送交	8087
▁Penal	8088
的适当	8089
▁Sure	8090
▁78.	8091
治	8092
▁请秘书长	8093
▁你有	8094
▁academic	8095
对妇女	8096
▁transmitting	8097
▁加拿大	8098
▁households	8099
▁closer	8100
▁interaction	8101
端	8102
劳	8103
可以在	8104
▁前	8105
指称	8106
晚上	8107
▁68	8108
▁stresses	8109
表示欢迎	8110
具体的	8111
▁scheme	8112
▁drawing	8113
▁train	8114
编辑	8115
果	8116
▁sick	8117
争议	8118
被迫	8119
哈萨克斯坦	8120
载	8121
实施的	8122
▁没错	8123
以此	8124
执行情况的	8125
▁stocks	8126
社会经济	8127
预防和	8128
.20	8129
阐明	8130
继承	8131
倡导	8132
加强了	8133
▁1989	8134
剥夺	8135
真是	8136
▁none	8137
日起	8138
▁来吧	8139
同样的	8140
公报	8141
▁qualified	8142
給我	8143
保密	8144
▁Recommendations	8145
都会	8146
▁constituted	8147
http	8148
1980	8149
▁prejudice	8150
对象	8151
▁Indian	8152
▁Before	8153
▁Jesus	8154
把我	8155
/2001/	8156
指数	8157
▁你会	8158
.16	8159
▁invasion	8160
分配给	8161
(2007	8162
根据其	8163
正如	8164
▁enemy	8165
▁sovereign	8166
▁ship	8167
▁Rio	8168
▁Albania	8169
佛	8170
所有的	8171
穆斯林	8172
▁coastal	8173
音	8174
年轻人	8175
▁extrabudgetary	8176
阿尔巴尼亚	8177
共和国总统	8178
十分重要	8179
非常重要	8180
华	8181
▁sister	8182
强制	8183
▁Similarly	8184
▁linkages	8185
.19	8186
▁bill	8187
1,	8188
▁Ro	8189
开展合作	8190
▁breach	8191
披露	8192
ot	8193
害怕	8194
仅仅	8195
/6	8196
▁repatriation	8197
關	8198
▁secret	8199
自身	8200
▁finally	8201
升级	8202
成功地	8203
▁accomplishments	8204
▁79.	8205
具	8206
▁household	8207
决	8208
同等	8209
也会	8210
▁我不是	8211
▁你能	8212
▁distinction	8213
▁buy	8214
▁German	8215
ber	8216
和机构	8217
航空	8218
将有助于	8219
进行审查	8220
人类住区	8221
上帝	8222
丽	8223
多次	8224
▁oral	8225
/62/	8226
▁productivity	8227
疟疾	8228
的证据	8229
▁witness	8230
▁sect	8231
我们必须	8232
ence	8233
当事人	8234
总数	8235
列支敦士登	8236
促成	8237
▁arbitration	8238
▁conventional	8239
影响的	8240
以外的	8241
听取了	8242
▁Sahara	8243
pa	8244
▁volume	8245
和非政府组织	8246
背	8247
▁沒有	8248
排放量	8249
精	8250
但在	8251
请秘书长	8252
提案国	8253
.1/	8254
▁objects	8255
适合	8256
ji	8257
▁Help	8258
镇	8259
私	8260
▁black	8261
▁camp	8262
hi	8263
召集	8264
随着	8265
▁Transnational	8266
专门机构	8267
管理国	8268
太平洋	8269
足	8270
▁inputs	8271
▁hazardous	8272
▁forget	8273
配偶	8274
报道	8275
不妨	8276
▁quickly	8277
国际文书	8278
▁assessing	8279
法律和	8280
▁pregnant	8281
迫切需要	8282
客观	8283
ani	8284
▁incurred	8285
2006-2007	8286
▁presidential	8287
作业	8288
第四	8289
▁anymore	8290
的改革	8291
▁votes	8292
▁各	8293
店	8294
▁convinced	8295
▁composed	8296
▁evaluate	8297
▁GEF	8298
▁strict	8299
缺陷	8300
灵活	8301
身上	8302
Al	8303
▁Against	8304
▁目录	8305
某	8306
▁Luxembourg	8307
潜力	8308
▁facilitation	8309
▁landlocked	8310
▁Durban	8311
tion	8312
▁convening	8313
▁thereon	8314
不存在	8315
第一章	8316
一部分	8317
▁小组	8318
50%	8319
ung	8320
取得的进展	8321
并加强	8322
保健服务	8323
法律援助	8324
▁explosive	8325
的存在	8326
警官	8327
――	8328
▁grants	8329
▁随着	8330
▁Latvia	8331
▁instances	8332
行政和	8333
▁issuance	8334
表格	8335
▁forests	8336
时代	8337
填补	8338
▁Pre	8339
看见	8340
年为	8341
一贯	8342
大会主席	8343
附件二	8344
▁全球	8345
规划和	8346
▁alive	8347
世界卫生组织	8348
纳米比亚	8349
喜歡	8350
不在	8351
▁phenomenon	8352
这些建议	8353
▁relate	8354
▁让我	8355
援引	8356
蛋	8357
▁renewed	8358
实践	8359
经合组织	8360
在整个	8361
數	8362
▁input	8363
厂	8364
各缔约国	8365
▁enforced	8366
▁declarations	8367
互动	8368
庇护	8369
▁district	8370
09	8371
▁我不想	8372
▁method	8373
▁ch	8374
装置	8375
▁package	8376
稱	8377
pe	8378
▁各国	8379
婚	8380
的性质	8381
▁Investment	8382
▁trouble	8383
休	8384
▁sensitive	8385
▁bed	8386
加剧	8387
的变化	8388
▁Progress	8389
乐	8390
联合国秘书处	8391
▁Jamahiriya	8392
的未来	8393
▁psychological	8394
肉	8395
建设和平委员会	8396
辩护	8397
▁或者	8398
汉	8399
treatment	8400
▁应该	8401
饥饿	8402
FCCC	8403
▁若	8404
▁facilitated	8405
▁Which	8406
mounted	8407
▁Every	8408
▁transitional	8409
农村妇女	8410
第六条	8411
▁evaluations	8412
▁怎么了	8413
为实现	8414
任意	8415
▁comprising	8416
繁荣	8417
▁Emergency	8418
不结盟运动	8419
▁proceeds	8420
也在	8421
▁ON	8422
▁來	8423
论	8424
▁Arabic	8425
努	8426
▁applies	8427
场所	8428
第三方	8429
▁laid	8430
▁Advancement	8431
联合国人权事务高级专员办事处	8432
▁fulfilment	8433
是不是	8434
本人	8435
我就	8436
▁MONUC	8437
联合国在	8438
仍在	8439
环	8440
和实施	8441
的家庭	8442
▁mom	8443
信息系统	8444
mon	8445
07	8446
的现象	8447
认捐	8448
.2)	8449
▁委员会在	8450
条的规定	8451
的现有	8452
置	8453
▁我能	8454
明天	8455
▁Migration	8456
▁responded	8457
兒	8458
ez	8459
本区域	8460
借	8461
▁filed	8462
▁seized	8463
越南	8464
受理	8465
PRST	8466
的人口	8467
增加到	8468
议事规则	8469
tic	8470
▁75	8471
▁award	8472
▁fill	8473
和安全	8474
▁therein	8475
应急	8476
▁gains	8477
▁2012.	8478
▁allegedly	8479
▁Mongolia	8480
听取	8481
▁harmonization	8482
▁临时议程	8483
最多	8484
▁Nicaragua	8485
级别	8486
▁inspection	8487
有责任	8488
高于	8489
可持续的	8490
▁analytical	8491
共同体	8492
债权人	8493
▁Equal	8494
描述	8495
富	8496
莎	8497
撤销	8498
▁Within	8499
民间社会组织	8500
▁他还	8501
▁techniques	8502
欧洲委员会	8503
和监测	8504
▁Bar	8505
第二个	8506
/1999/	8507
▁我们必须	8508
思	8509
▁slow	8510
▁wage	8511
席	8512
▁et	8513
未成年人	8514
缔结	8515
▁annually	8516
現在	8517
假设	8518
▁61	8519
灾难	8520
à	8521
RC	8522
ik	8523
way	8524
▁80.	8525
兩	8526
难民营	8527
pro	8528
▁continent	8529
的趋势	8530
断	8531
树	8532
▁多	8533
巨大的	8534
库存	8535
担保权	8536
研究报告	8537
入境	8538
脱	8539
▁Basel	8540
混	8541
国家安全	8542
ö	8543
▁collect	8544
秩序	8545
▁Regarding	8546
世界贸易组织	8547
owned	8548
哦	8549
提交的报告	8550
谅解备忘录	8551
冲突后	8552
位置	8553
封锁	8554
▁violent	8555
万人	8556
▁instructions	8557
之间的合作	8558
随时	8559
▁seventh	8560
▁mention	8561
▁ratify	8562
▁你说	8563
减少了	8564
laundering	8565
▁Uzbekistan	8566
▁現在	8567
在非洲	8568
22\	8569
持久	8570
zi	8571
▁testing	8572
▁disseminate	8573
不行	8574
意识	8575
有个	8576
莫桑比克	8577
▁vacancy	8578
了一些	8579
他们在	8580
一點	8581
▁judgement	8582
▁Ah	8583
▁balances	8584
▁platform	8585
▁Decree	8586
▁attributable	8587
▁alternatives	8588
涉及到	8589
港	8590
的局势	8591
▁farmers	8592
▁我觉得	8593
ㄓ	8594
▁reflecting	8595
▁Hold	8596
特别程序	8597
连续	8598
▁talks	8599
▁hot	8600
公路	8601
▁审议	8602
代理	8603
的总体	8604
▁double	8605
记得	8606
真相	8607
▁incorporate	8608
散发	8609
在该	8610
动物	8611
▁innovation	8612
后的	8613
▁maritime	8614
报告第	8615
并于	8616
▁begun	8617
▁occur	8618
va	8619
▁expect	8620
▁Combat	8621
▁certainly	8622
安全理事会主席	8623
▁bar	8624
▁mobilize	8625
▁1995,	8626
▁texts	8627
而在	8628
▁Bill	8629
生存	8630
监测和	8631
▁bound	8632
或在	8633
▁drive	8634
▁让	8635
的支助	8636
▁regardless	8637
只有在	8638
▁Once	8639
▁ban	8640
的框架内	8641
妈妈	8642
以及与	8643
某个	8644
▁impossible	8645
▁storage	8646
▁Building	8647
铁	8648
▁Panama	8649
提供有关	8650
不好	8651
氣	8652
▁class	8653
公共部门	8654
▁incident	8655
广播	8656
▁surveys	8657
▁reportedly	8658
.1.	8659
▁Sa	8660
▁fell	8661
药品	8662
▁contractual	8663
▁Audit	8664
▁8,	8665
▁schemes	8666
大型	8667
订立	8668
▁propose	8669
的身份	8670
形式的	8671
▁Would	8672
略	8673
接收	8674
▁gets	8675
妮	8676
冰	8677
的事件	8678
条和第	8679
强制性	8680
▁software	8681
▁seat	8682
▁responding	8683
▁Zimbabwe	8684
战斗	8685
不扩散	8686
▁separation	8687
就要	8688
变得	8689
▁introducing	8690
▁儿童基金会	8691
小型	8692
而已	8693
中亚	8694
▁dimensions	8695
▁machinery	8696
▁title	8697
任用	8698
前南斯拉夫的马其顿共和国	8699
▁moved	8700
▁drop	8701
SC	8702
各区域	8703
安全部队	8704
▁Industrial	8705
▁cold	8706
▁detail	8707
▁经	8708
联合国儿童基金会	8709
这些活动	8710
▁希望	8711
金融机构	8712
▁Iceland	8713
暴	8714
洪都拉斯	8715
▁negotiating	8716
联合国环境规划署	8717
霍	8718
的罪行	8719
的最后	8720
号法令	8721
和文化	8722
都能	8723
uk	8724
去年	8725
相当于	8726
工作人员的	8727
▁arrangement	8728
正确	8729
的成功	8730
▁currency	8731
委	8732
學	8733
用以	8734
▁accordingly	8735
得不到	8736
▁resolved	8737
-3)	8738
样	8739
免受	8740
▁Former	8741
的规则	8742
违背	8743
包容性	8744
▁Put	8745
▁reserve	8746
▁controlled	8747
的倡议	8748
▁世界	8749
▁consultants	8750
▁pollution	8751
固定	8752
效益	8753
是個	8754
▁injured	8755
▁81.	8756
▁organizing	8757
▁removal	8758
免	8759
消息	8760
▁小组委员会	8761
分子	8762
办公	8763
▁与会者	8764
完成了	8765
▁possession	8766
安置	8767
潜在	8768
多样化	8769
差别	8770
▁快点	8771
限	8772
▁applying	8773
第七	8774
▁lawyer	8775
my	8776
▁define	8777
▁delays	8778
进去	8779
▁ending	8780
明确的	8781
963	8782
▁flexible	8783
▁notably	8784
▁Keep	8785
▁continuation	8786
引起的	8787
打击恐怖主义	8788
Part	8789
ally	8790
助	8791
不错	8792
▁pursued	8793
最近的	8794
璶	8795
▁UNMIK	8796
▁northern	8797
各位	8798
国家人权机构	8799
ities	8800
电信	8801
/10	8802
成绩	8803
▁patterns	8804
迷	8805
麻烦	8806
日关于	8807
母	8808
的投资	8809
关切地注意到	8810
卖	8811
龙	8812
的业务	8813
ci	8814
艺术	8815
散	8816
过境	8817
一般性辩论	8818
培养	8819
余额	8820
az	8821
▁Montreal	8822
▁doctor	8823
的权力	8824
▁mutually	8825
罗马	8826
从未	8827
▁wastes	8828
并促进	8829
乌兹别克斯坦	8830
要去	8831
)]	8832
▁cooperative	8833
▁deeply	8834
"?	8835
吨	8836
史	8837
户	8838
2004-2005	8839
▁hour	8840
普及	8841
▁transaction	8842
▁limitations	8843
而且还	8844
将为	8845
▁turned	8846
▁summit	8847
(3)	8848
▁genocide	8849
金额	8850
▁greatly	8851
决策者	8852
者和	8853
▁exists	8854
的那样	8855
▁Estonia	8856
响应	8857
方面取得的进展	8858
敏感	8859
lan	8860
▁struggle	8861
阿拉伯利比亚民众国	8862
政策和方案	8863
倍	8864
▁percent	8865
American	8866
问责	8867
人权和	8868
ley	8869
▁receipt	8870
▁appreciate	8871
▁quarter	8872
Atomic	8873
▁sixtieth	8874
安理会成员	8875
▁Relations	8876
机构的	8877
▁presents	8878
该缔约国	8879
上面	8880
dy	8881
vis	8882
使他们	8883
▁CEDAW	8884
▁municipal	8885
的精神	8886
准	8887
港口	8888
.25	8889
批款	8890
▁Benin	8891
联黎部队	8892
▁Emirates	8893
复杂的	8894
作出努力	8895
5,000	8896
▁respected	8897
今晚	8898
煽动	8899
成效	8900
▁2015	8901
▁journalists	8902
执行秘书	8903
▁allows	8904
▁telling	8905
刀	8906
年初	8907
▁inhuman	8908
干什么	8909
▁earth	8910
国家方案	8911
的对话	8912
并应	8913
▁cruel	8914
ful	8915
▁Capacity	8916
	8917
人员的	8918
旧	8919
RE	8920
What	8921
辅助	8922
核实	8923
▁yours	8924
对策	8925
▁managing	8926
▁eligible	8927
出售	8928
我在	8929
mar	8930
首席	8931
他说	8932
▁Facility	8933
维修	8934
否则	8935
▁艾	8936
RES	8937
vo	8938
▁印度	8939
▁formulate	8940
▁anticipated	8941
移动	8942
▁liaison	8943
核定	8944
▁天啊	8945
对所有	8946
建设性	8947
called	8948
不必	8949
何种	8950
移	8951
很快	8952
▁protocols	8953
妇发基金	8954
的过程中	8955
▁drinking	8956
▁liabilities	8957
的效力	8958
▁附件	8959
视察	8960
▁valid	8961
▁orally	8962
Ivoire	8963
政权	8964
硂	8965
▁root	8966
大力	8967
▁street	8968
对该	8969
▁82.	8970
瑟	8971
▁如果我	8972
招募	8973
查阅	8974
预防犯罪	8975
io	8976
話	8977
▁regimes	8978
摆	8979
▁Data	8980
卫生组织	8981
▁ordinary	8982
甲	8983
出來	8984
▁Directorate	8985
赠款	8986
▁deprived	8987
▁environmentally	8988
▁foundation	8989
一方	8990
薪	8991
IS	8992
所作的努力	8993
设定	8994
举	8995
▁remove	8996
▁(2004)	8997
体现	8998
劳动力	8999
▁dimension	9000
巴塞尔公约	9001
舍	9002
▁purchase	9003
是你	9004
该问题	9005
阿拉伯联合酋长国	9006
▁Car	9007
▁Liechtenstein	9008
8000}	9009
交给	9010
▁video	9011
信息和	9012
▁capable	9013
▁careful	9014
也将	9015
缴款	9016
进行调查	9017
秘书	9018
侵害	9019
▁expanding	9020
全球环境基金	9021
▁providers	9022
▁Li	9023
降	9024
▁reaffirms	9025
所有会员国	9026
也可	9027
近东救济工程处	9028
▁SBSTA	9029
CD	9030
▁83.	9031
▁memorandum	9032
的事项	9033
阿尔	9034
250	9035
未来的	9036
联合国各机构	9037
10%	9038
▁touch	9039
司法部	9040
▁1998.	9041
▁Organizations	9042
▁我會	9043
采取的措施	9044
ster	9045
▁television	9046
▁YOU	9047
▁妳	9048
领	9049
表示赞赏	9050
▁Closed	9051
节目	9052
的价值	9053
▁historical	9054
公里	9055
毫无	9056
”(	9057
▁Dominican	9058
▁fees	9059
盘	9060
急	9061
▁VIII	9062
国际机构	9063
的优先事项	9064
▁Strip	9065
你是	9066
促进和保护人权	9067
无效	9068
摆脱	9069
uestion	9070
▁Corruption	9071
的障碍	9072
国别	9073
唯一	9074
▁Business	9075
箱	9076
內	9077
/2008/	9078
▁elaboration	9079
▁lie	9080
一个国家	9081
▁pass	9082
▁tables	9083
考	9084
这些机构	9085
▁谢谢你	9086
/19	9087
完善	9088
▁perhaps	9089
int	9090
的领域	9091
地理	9092
这一进程	9093
难民专员办事处	9094
偷	9095
的不同	9096
挺	9097
特性	9098
毛额	9099
很高	9100
组合	9101
联合国会员国	9102
▁Consequently	9103
国内流离失所者	9104
武装团体	9105
营地	9106
IC	9107
▁quick	9108
探	9109
▁estimate	9110
▁revenue	9111
▁因	9112
▁fraud	9113
IN	9114
▁intensify	9115
▁rich	9116
▁beings	9117
▁但你	9118
▁pages	9119
简单	9120
▁relationships	9121
被拘留者	9122
▁Could	9123
▁他在	9124
犯下	9125
的事实	9126
衣服	9127
雪	9128
▁program	9129
息	9130
▁discharge	9131
非自治领土	9132
直至	9133
▁degrading	9134
负有	9135
▁dependent	9136
的伙伴关系	9137
等领域	9138
▁Army	9139
南方	9140
生态	9141
全面的	9142
▁Expresses	9143
同上	9144
▁expulsion	9145
众多	9146
▁第三	9147
所产生的	9148
理论	9149
▁所以我	9150
border	9151
han	9152
▁intelligence	9153
思想	9154
▁法国	9155
核准的	9156
共同努力	9157
給你	9158
▁abuses	9159
▁2012-2013	9160
1989	9161
▁House	9162
行为的	9163
行动者	9164
良好的	9165
ler	9166
施加	9167
就必须	9168
部门的	9169
以使	9170
价值观	9171
▁convene	9172
项目的	9173
▁underlying	9174
童工	9175
▁emphasizes	9176
之内	9177
▁cool	9178
各代表团	9179
▁desertification	9180
原因是	9181
主动	9182
▁citizenship	9183
▁Dialogue	9184
学会	9185
▁可是	9186
中期	9187
▁replaced	9188
”;	9189
喜	9190
▁特别委员会	9191
▁deemed	9192
▁renewable	9193
摩	9194
观	9195
▁reading	9196
▁应当	9197
▁necessity	9198
松	9199
发展权	9200
▁Pension	9201
自我	9202
巴黎	9203
能够在	9204
▁suffer	9205
▁conducive	9206
▁Conduct	9207
▁suggest	9208
▁没	9209
以及关于	9210
/18	9211
▁competitive	9212
至今	9213
▁emphasize	9214
不用	9215
死亡率	9216
▁mandatory	9217
gen	9218
内部监督事务厅	9219
▁Ombudsman	9220
阁下	9221
▁reiterate	9222
▁characteristics	9223
▁t	9224
经济体	9225
▁Voluntary	9226
住在	9227
压	9228
怎麼	9229
第三十	9230
好像	9231
尼亚	9232
忘了	9233
除外	9234
▁contacts	9235
观念	9236
之间的联系	9237
▁persistent	9238
的调查	9239
音乐	9240
动态	9241
续会	9242
全球性	9243
把他	9244
普遍定期审议	9245
统计数据	9246
▁Does	9247
20%	9248
▁84.	9249
lin	9250
生计	9251
ED	9252
▁tribunal	9253
牛	9254
维和行动	9255
称为	9256
留在	9257
毒品和犯罪问题办公室	9258
▁replies	9259
和资源	9260
在大会	9261
▁Disabilities	9262
▁supervision	9263
▁briefings	9264
决定将	9265
优惠	9266
▁asking	9267
▁harmful	9268
案例	9269
▁澳大利亚	9270
现场	9271
▁th	9272
▁委员会建议	9273
授予	9274
▁Chemical	9275
har	9276
樣	9277
ze	9278
我们认为	9279
▁mothers	9280
的后果	9281
赞比亚	9282
床	9283
▁weak	9284
贩卖	9285
提供的资料	9286
巴拉圭	9287
来看	9288
▁thereof	9289
更多地	9290
▁Air	9291
▁Statistical	9292
Other	9293
▁forthcoming	9294
儿子	9295
▁Ben	9296
提请注意	9297
▁career	9298
支柱	9299
Aligned	9300
under	9301
▁juvenile	9302
3,	9303
▁reductions	9304
▁$4	9305
▁(1999)	9306
帮我	9307
比率	9308
▁bitch	9309
碳	9310
忽视	9311
试	9312
列为	9313
地方政府	9314
▁Participation	9315
▁devices	9316
就像	9317
▁moral	9318
▁supplementary	9319
国家和	9320
成本效益	9321
关于在	9322
/68/	9323
▁Consultative	9324
2,	9325
▁Final	9326
▁pick	9327
▁Russia	9328
的分析	9329
提供技术援助	9330
▁mining	9331
▁speaker	9332
▁buildings	9333
蘭	9334
▁freely	9335
▁Articles	9336
人权教育	9337
▁generate	9338
最新	9339
▁听着	9340
保护儿童	9341
▁Senior	9342
▁Cuban	9343
▁Access	9344
千年宣言	9345
发了言	9346
非洲发展新伙伴关系	9347
同时也	9348
课	9349
▁Bo	9350
区域和国际	9351
▁frequently	9352
▁一般	9353
在全球	9354
政府在	9355
经社理事会	9356
▁stronger	9357
▁injury	9358
▁Namibia	9359
▁Twenty	9360
逐渐	9361
▁imperative	9362
▁2002-2003	9363
找出	9364
▁interactive	9365
开展的活动	9366
▁GDP	9367
欺诈	9368
2(	9369
▁accommodation	9370
▁第一	9371
故	9372
目标是	9373
▁Disaster	9374
▁loans	9375
拉丁美洲和加勒比	9376
分析和	9377
	9378
在审议	9379
世纪议程	9380
有一些	9381
其工作	9382
观察团	9383
十五	9384
▁user	9385
Ma	9386
包括对	9387
▁FDI	9388
认证	9389
的专家	9390
与合作	9391
fa	9392
人力资源管理	9393
▁Mozambique	9394
▁reaffirm	9395
发动	9396
▁aspect	9397
▁employers	9398
▁inequality	9399
▁$2	9400
和使用	9401
必	9402
▁incentives	9403
▁Region	9404
▁attempts	9405
▁subregion	9406
发展伙伴	9407
病人	9408
当中	9409
发生在	9410
氯	9411
▁auspices	9412
▁sort	9413
▁Lastly	9414
▁我们要	9415
习俗	9416
▁enshrined	9417
▁Should	9418
主办	9419
ana	9420
ey	9421
吉布提	9422
账	9423
速	9424
将对	9425
国际原子能机构	9426
mi	9427
小学	9428
混蛋	9429
司法机构	9430
开幕	9431
土著民族	9432
请秘书处	9433
▁accelerate	9434
被捕	9435
000	9436
▁像	9437
连接	9438
已成为	9439
▁Very	9440
发表了	9441
▁generated	9442
▁liberalization	9443
覺得	9444
多哥	9445
▁回顾其	9446
并使	9447
殺	9448
▁arise	9449
恶	9450
▁rapidly	9451
相应	9452
▁Alliance	9453
可能的	9454
的数额	9455
▁meaningful	9456
多哈	9457
穦	9458
▁你看	9459
雨	9460
开展活动	9461
▁Make	9462
残疾儿童	9463
念	9464
▁everybody	9465
历	9466
成立了	9467
停火	9468
▁willing	9469
Dec	9470
革命	9471
后续	9472
斐济	9473
personnel	9474
所提供的	9475
特别注意	9476
的一个重要	9477
▁prove	9478
▁Ch	9479
▁卡	9480
的一般	9481
▁Monterrey	9482
顾及	9483
▁heritage	9484
▁preserve	9485
▁subjects	9486
消费者	9487
执行部分第	9488
的名义	9489
▁compulsory	9490
尽量	9491
Re	9492
▁Relief	9493
函	9494
▁derived	9495
内罗毕	9496
▁2014,	9497
▁Tajikistan	9498
▁marked	9499
在今后	9500
ph	9501
▁literacy	9502
▁Ibid	9503
▁School	9504
▁parallel	9505
第二部分	9506
并根据	9507
歧视性	9508
▁我不能	9509
青年人	9510
▁green	9511
▁eliminating	9512
群岛	9513
购置	9514
中的作用	9515
的因素	9516
▁大家	9517
最重要的	9518
民警	9519
▁在本报告所述期间	9520
暗	9521
排雷	9522
▁Officers	9523
▁advances	9524
▁entering	9525
▁desire	9526
游戏	9527
婴儿	9528
委会	9529
ability	9530
投诉	9531
首都	9532
▁weapon	9533
mer	9534
有效执行	9535
▁Sam	9536
已被	9537
共享	9538
多米尼加共和国	9539
▁headed	9540
讲话	9541
本着	9542
▁ceasefire	9543
▁depend	9544
名字	9545
招	9546
看着	9547
冻结	9548
地方当局	9549
▁themes	9550
的补充	9551
▁observation	9552
杯	9553
的小	9554
▁collected	9555
社会和经济	9556
起來	9557
谈谈	9558
▁Common	9559
depth	9560
”)	9561
所有其他	9562
▁restricted	9563
政府的	9564
缩小	9565
▁miss	9566
▁1986	9567
/14	9568
▁innocent	9569
保安	9570
并强调	9571
复原	9572
星期	9573
▁Shit	9574
service	9575
rely	9576
▁85.	9577
矿	9578
汇	9579
▁guided	9580
概算	9581
▁mobility	9582
他是	9583
▁ESCAP	9584
▁shelter	9585
▁beneficiaries	9586
安装	9587
秘书长特别代表	9588
▁accompanied	9589
同时考虑到	9590
法律框架	9591
▁Biological	9592
ick	9593
监察	9594
▁millions	9595
标准化	9596
受伤	9597
清除	9598
默	9599
▁targeting	9600
▁gain	9601
料	9602
TD	9603
环境规划署	9604
路线图	9605
▁tangible	9606
▁recall	9607
之处	9608
▁dog	9609
表现出	9610
旅游业	9611
▁relates	9612
专门知识	9613
西亚	9614
的准则	9615
▁Basic	9616
▁win	9617
▁Situation	9618
生殖健康	9619
确定的	9620
▁stupid	9621
适用的	9622
▁大会第	9623
管理人员	9624
给安全理事会主席的信	9625
8,	9626
力求	9627
的综合	9628
▁logistical	9629
的案文	9630
这种做法	9631
▁Te	9632
PV	9633
▁carbon	9634
▁SBI	9635
▁suitable	9636
公共行政	9637
ten	9638
▁carefully	9639
▁伊拉克	9640
其在	9641
病毒	9642
技术转让	9643
je	9644
妻子	9645
0\3	9646
▁malaria	9647
人员和	9648
地址	9649
▁manufacture	9650
▁conviction	9651
负责人	9652
拖	9653
▁immigration	9654
发挥作用	9655
露	9656
kh	9657
▁Habitat	9658
监察员	9659
百分比	9660
▁heading	9661
▁Watch	9662
啥	9663
ap	9664
▁Su	9665
▁拉	9666
▁Next	9667
▁complement	9668
▁pregnancy	9669
置于	9670
对儿童	9671
▁Sector	9672
后勤	9673
▁真是	9674
所在	9675
的组成部分	9676
▁Honduras	9677
覆盖	9678
▁trials	9679
▁twentieth	9680
工作方法	9681
▁Bahrain	9682
追踪	9683
素	9684
▁brief	9685
结束后	9686
▁clarify	9687
Women	9688
关税	9689
去找	9690
ran	9691
多年	9692
▁translation	9693
aw	9694
纪律	9695
▁86.	9696
▁Interior	9697
▁Punishment	9698
▁proof	9699
了吧	9700
▁correct	9701
▁那就	9702
及其对	9703
逼	9704
▁天	9705
▁2010-2011	9706
让他们	9707
政府机构	9708
1967	9709
弧	9710
▁permitted	9711
▁mostly	9712
所面临的	9713
▁Contracting	9714
角色	9715
前景	9716
第七条	9717
近期	9718
照片	9719
现代化	9720
▁Violations	9721
泽	9722
和组织	9723
▁Euro	9724
▁industries	9725
/17	9726
代表性	9727
:「	9728
▁citizen	9729
的积极	9730
在同一	9731
都必须	9732
债务人	9733
▁实际上	9734
▁addresses	9735
▁counselling	9736
年轻	9737
还指出	9738
想知道	9739
▁London	9740
▁presidency	9741
弱	9742
▁underlined	9743
的解释	9744
席位	9745
▁operative	9746
tra	9747
▁macroeconomic	9748
全系统	9749
各成员国	9750
▁feeling	9751
Agency	9752
▁summits	9753
▁我们希望	9754
的主题	9755
带来的	9756
▁Ja	9757
的收入	9758
▁Ko	9759
》(《	9760
▁看看	9761
▁USD	9762
或其	9763
▁联	9764
该特派团	9765
▁选举	9766
咨询服务	9767
斗争	9768
善	9769
就业机会	9770
▁Standards	9771
的部分	9772
4,	9773
沟通	9774
▁models	9775
人民的	9776
的最新	9777
▁MDGs	9778
附加议定书	9779
▁Regulation	9780
审查会议	9781
▁Center	9782
马达加斯加	9783
▁我认为	9784
提供给	9785
联检组	9786
▁prospects	9787
▁国际社会	9788
居住在	9789
▁organ	9790
为止	9791
▁aged	9792
的目标是	9793
还没	9794
▁lands	9795
继续在	9796
划	9797
和平与	9798
一般性	9799
不管	9800
▁putting	9801
▁Independence	9802
或许	9803
管理系统	9804
ny	9805
参与者	9806
.1).	9807
▁同上	9808
und	9809
汽车	9810
虫	9811
才是	9812
▁Illicit	9813
▁eradicate	9814
和服务	9815
联合国大会	9816
那個	9817
加勒比	9818
公约草案	9819
DC	9820
▁Logistics	9821
使之	9822
▁via	9823
▁走	9824
农村地区	9825
3(	9826
流离失所者	9827
在这儿	9828
面向	9829
▁Address	9830
可行	9831
分歧	9832
ory	9833
▁主要	9834
的审查	9835
▁Survey	9836
▁adolescents	9837
▁Stockholm	9838
▁怎么	9839
否认	9840
船舶	9841
扩展	9842
亞	9843
▁_	9844
我们在	9845
协调中心	9846
弱势群体	9847
▁truly	9848
▁box	9849
▁favourable	9850
做到	9851
和社区	9852
,400	9853
越来越多的	9854
ari	9855
▁exposure	9856
据	9857
Name	9858
简	9859
肯	9860
不应该	9861
▁methodologies	9862
▁Di	9863
这儿	9864
qui	9865
▁formation	9866
▁digital	9867
ess	9868
含	9869
塔吉克斯坦	9870
之时	9871
经济和社会发展	9872
ug	9873
▁accurate	9874
▁unto	9875
反映出	9876
▁开发署	9877
文职人员	9878
和行政	9879
坚决	9880
US	9881
▁somebody	9882
▁handle	9883
▁consequence	9884
质疑	9885
都没有	9886
▁88.	9887
专员	9888
阿拉伯国家	9889
▁grow	9890
排斥	9891
▁prisons	9892
/8	9893
而不	9894
▁seats	9895
1/	9896
家属	9897
荒漠化	9898
▁Ocean	9899
▁UNIFEM	9900
替	9901
在那	9902
非法贩运	9903
▁因為	9904
▁entrusted	9905
委托	9906
你知道	9907
的自由	9908
防范	9909
章程	9910
津巴布韦	9911
案情	9912
偏	9913
增长率	9914
▁clarification	9915
各缔约方	9916
▁assumed	9917
▁consult	9918
6,	9919
联合国的	9920
▁dear	9921
刚才	9922
你在	9923
而非	9924
武	9925
▁aren	9926
▁Responsible	9927
船只	9928
境内流离失所者	9929
并要求	9930
活动和	9931
▁mobile	9932
制订了	9933
刑事司法	9934
初	9935
>	9936
▁法院	9937
▁Sch	9938
▁Outcome	9939
薪金	9940
President	9941
常规	9942
▁concepts	9943
上文	9944
▁89.	9945
陷入	9946
合理的	9947
封	9948
政府官员	9949
▁di	9950
▁reinforce	9951
太太	9952
预定	9953
国际人权	9954
足够的	9955
▁micro	9956
积极的	9957
▁Ta	9958
的评估	9959
▁非	9960
▁consolidate	9961
取得成功	9962
▁我得	9963
▁这次	9964
▁weight	9965
▁department	9966
两种	9967
相应的	9968
▁length	9969
▁從	9970
表示支持	9971
門	9972
/16	9973
自决	9974
还包括	9975
提供必要的	9976
巡逻	9977
小武器和轻武器	9978
经历	9979
的态度	9980
角	9981
▁Post	9982
▁unlawful	9983
的最	9984
▁undermine	9985
充分执行	9986
帐户	9987
▁WFP	9988
土库曼斯坦	9989
并支持	9990
麦	9991
租	9992
县	9993
▁Pa	9994
▁parliamentary	9995
入侵	9996
▁我国代表团	9997
▁cultures	9998
咖啡	9999
所示	10000
red	10001
加沙地带	10002
2002-2003	10003
回來	10004
祝贺	10005
▁2013.	10006
▁description	10007
栏	10008
绝	10009
你要	10010
撤出	10011
▁OECD	10012
可持续性	10013
▁refrain	10014
一步	10015
代表发言	10016
应以	10017
小武器	10018
摩尔多瓦共和国	10019
▁facto	10020
六个月	10021
都不	10022
的教育	10023
ren	10024
其后	10025
加强其	10026
海牙	10027
ER	10028
▁credibility	10029
甚	10030
说明了	10031
为促进	10032
▁Sha	10033
▁prompt	10034
▁happens	10035
▁Legislative	10036
灵	10037
谋杀	10038
轨道	10039
习惯	10040
聚	10041
后面	10042
采取步骤	10043
传真	10044
den	10045
的总	10046
▁competitiveness	10047
可持续发展委员会	10048
的工具	10049
在促进	10050
境内的	10051
▁Communication	10052
▁offset	10053
句	10054
当前的	10055
要点	10056
▁lies	10057
之一是	10058
cutting	10059
▁remarks	10060
▁Stresses	10061
嘴	10062
▁Djibouti	10063
▁我很	10064
报酬	10065
▁Source	10066
que	10067
▁Za	10068
世界各地	10069
申明	10070
妇	10071
国家报告	10072
更好	10073
文字	10074
强有力的	10075
更广泛的	10076
▁eighth	10077
▁Taliban	10078
地面	10079
突然	10080
这方面	10081
时至	10082
kin	10083
▁IT	10084
采纳	10085
▁Conflict	10086
报告和	10087
ć	10088
▁questionnaire	10089
1987	10090
▁Am	10091
▁External	10092
▁durable	10093
▁是吗	10094
顶	10095
▁tr	10096
▁1980	10097
▁white	10098
构成部分	10099
儿童和	10100
反腐败	10101
/52/	10102
缺	10103
不利	10104
▁pattern	10105
警卫	10106
▁87.	10107
征求	10108
房子	10109
和个人	10110
准许	10111
生育	10112
▁NEPAD	10113
犯罪行为	10114
年来	10115
和分析	10116
加强对	10117
等方面	10118
▁dates	10119
撤回	10120
以及为	10121
▁Proposed	10122
对我	10123
▁appoint	10124
月底	10125
/58/	10126
▁penalties	10127
▁cell	10128
實	10129
退休	10130
▁transmission	10131
建立信任措施	10132
讓我	10133
▁Yet	10134
▁orientation	10135
你了	10136
保护平民	10137
IT	10138
▁unity	10139
他妈的	10140
含有	10141
爆发	10142
▁安全理事会第	10143
所需要的	10144
▁restructuring	10145
内陆发展中国家	10146
-19	10147
▁73	10148
黑体	10149
唱	10150
7,	10151
辛	10152
▁regarded	10153
角度	10154
▁Move	10155
速度	10156
▁Kong	10157
)).	10158
東西	10159
好好	10160
ee	10161
▁sentenced	10162
对抗	10163
ator	10164
▁necessarily	10165
但它	10166
第二届会议	10167
,200	10168
▁Hong	10169
本决议	10170
国际法委员会	10171
▁extra	10172
录	10173
这么做	10174
训研所	10175
ron	10176
jo	10177
反恐怖主义	10178
▁approve	10179
▁đ	10180
▁realized	10181
	10182
應該	10183
的范围内	10184
▁是我	10185
言论自由	10186
wi	10187
帮你	10188
6/	10189
▁nutrition	10190
1985	10191
会谈	10192
怀	10193
▁这就是	10194
重点是	10195
委员会认为	10196
▁square	10197
▁$5	10198
▁exploration	10199
▁(4)	10200
▁Greek	10201
带来了	10202
▁enhancement	10203
▁King	10204
▁provinces	10205
辐射	10206
区域办事处	10207
▁admissibility	10208
▁des	10209
提起	10210
通过其	10211
案件中	10212
▁Institutions	10213
▁reserves	10214
▁suspected	10215
名称	10216
的若干	10217
mm	10218
▁creditors	10219
会议和	10220
干旱	10221
處	10222
▁还是	10223
▁appropriation	10224
▁concerted	10225
來了	10226
▁complementary	10227
▁diverse	10228
AR	10229
以提高	10230
回收	10231
-4)	10232
吉尔吉斯斯坦	10233
▁replacement	10234
承受	10235
▁sectoral	10236
我知道	10237
教训	10238
▁port	10239
由此	10240
▁Hague	10241
1:00	10242
让我们	10243
▁你不	10244
48/	10245
net	10246
很重要	10247
早期	10248
pos	10249
实验室	10250
发表的	10251
抽	10252
的最佳	10253
▁funny	10254
▁decent	10255
▁obtaining	10256
中止	10257
▁participatory	10258
使用武力	10259
▁Goal	10260
▁亲爱的	10261
▁whereby	10262
▁次	10263
在一个	10264
联合国维持和平行动	10265
▁Prosecution	10266
▁insecurity	10267
跨界	10268
可再生能源	10269
▁Case	10270
▁Time	10271
里面	10272
餐	10273
▁Pro	10274
扬	10275
领袖	10276
▁Consensus	10277
短缺	10278
附加	10279
ai	10280
苦	10281
▁你怎么	10282
▁register	10283
右	10284
▁Between	10285
网址	10286
羅	10287
IDB	10288
和其它	10289
行径	10290
馬	10291
解放	10292
▁villages	10293
不限成员名额工作组	10294
以为	10295
▁attitudes	10296
梦	10297
的服务	10298
SA	10299
▁closing	10300
尼日尔	10301
An	10302
2/	10303
▁exceptional	10304
▁Se	10305
经济和社会事务部	10306
人群	10307
national	10308
说过	10309
所作	10310
▁Shut	10311
补救办法	10312
▁businesses	10313
▁granting	10314
▁Establishment	10315
▁unions	10316
的孩子	10317
▁acquired	10318
的质量	10319
▁(19	10320
委员会第	10321
▁Reform	10322
▁他的	10323
/11	10324
一定要	10325
▁indicator	10326
所有相关	10327
职类	10328
电脑	10329
国家一级	10330
的报告中	10331
表示感谢	10332
▁让我们	10333
傻	10334
400	10335
▁ocean	10336
▁sufficiently	10337
和家庭	10338
▁disadvantaged	10339
茨	10340
▁mainstream	10341
联合国教育	10342
▁systematically	10343
罗姆人	10344
此事	10345
症	10346
chi	10347
▁capability	10348
▁excessive	10349
▁Branch	10350
進	10351
和监督	10352
有很多	10353
⊿	10354
▁Nice	10355
充分的	10356
1982	10357
▁consistently	10358
有限的	10359
▁surveillance	10360
▁species	10361
好吧	10362
▁Was	10363
欠	10364
达成协议	10365
▁上述	10366
▁wealth	10367
▁acquire	10368
非政府组织和	10369
▁Commonwealth	10370
相同的	10371
继续进行	10372
参与了	10373
▁Envoy	10374
▁不能	10375
▁七	10376
暴力侵害	10377
▁fault	10378
朗	10379
无论是	10380
▁division	10381
加工	10382
▁redress	10383
寄	10384
▁proved	10385
▁Serious	10386
地域	10387
可是	10388
一架	10389
纸	10390
▁Fiji	10391
▁Provision	10392
▁通过议程	10393
提供资料	10394
▁(1);	10395
战略框架	10396
▁salaries	10397
大楼	10398
▁Na	10399
▁District	10400
联科行动	10401
IP	10402
▁Matters	10403
灯	10404
▁evident	10405
機	10406
幫	10407
▁merits	10408
各方面	10409
一人	10410
提到了	10411
研究和	10412
▁duplication	10413
人人	10414
▁Without	10415
▁Customs	10416
缴纳	10417
互相	10418
▁progressive	10419
0,	10420
▁呃	10421
arliamentary	10422
税收	10423
出现的	10424
人事	10425
执行情况报告	10426
▁UNIFIL	10427
行政和预算问题咨询委员会	10428
吹	10429
9,	10430
选出	10431
离婚	10432
所造成的	10433
▁ourselves	10434
第二条	10435
附	10436
▁remind	10437
咨询意见	10438
30%	10439
东盟	10440
▁arrived	10441
▁Major	10442
抗议	10443
▁Mu	10444
▁Related	10445
▁Somali	10446
概述了	10447
腿	10448
青	10449
▁offering	10450
房屋	10451
卫生部	10452
义	10453
任何其他	10454
增至	10455
医学	10456
▁provincial	10457
杀人	10458
解决方案	10459
▁commodities	10460
国家和区域	10461
▁1988	10462
▁eastern	10463
杀伤人员地雷	10464
的政府	10465
▁vast	10466
促进和保护	10467
的非正式协商	10468
▁Bearing	10469
应将	10470
以法语	10471
.21	10472
▁consists	10473
▁hosted	10474
ぃ	10475
什么时候	10476
全球经济	10477
▁代理主席	10478
恨	10479
是不	10480
监测和评价	10481
▁给我	10482
▁removed	10483
发送	10484
苏丹政府	10485
▁observance	10486
补	10487
行动的	10488
签发	10489
导	10490
联合国国家工作队	10491
▁Five	10492
海洋环境	10493
5,	10494
▁行预咨委会	10495
▁Kuwaiti	10496
▁Paraguay	10497
圈	10498
开办	10499
▁deprivation	10500
结束时	10501
联合检查组	10502
▁ODA	10503
科学和技术	10504
谋求	10505
▁convicted	10506
定期报告	10507
捍卫	10508
硬	10509
▁ecosystems	10510
和经济	10511
另有	10512
遗产	10513
▁coordinator	10514
▁拜托	10515
常规武器	10516
▁credible	10517
呼	10518
中间	10519
过度	10520
▁90.	10521
▁powerful	10522
▁appointments	10523
中美洲	10524
既定	10525
从而使	10526
▁clearance	10527
不扩散核武器条约	10528
/2009/	10529
sen	10530
谈到	10531
ice	10532
▁solid	10533
部落	10534
▁budgeting	10535
高等教育	10536
▁Base	10537
▁Per	10538
▁plant	10539
设立了一个	10540
article	10541
的辩论	10542
面积	10543
▁prosecutors	10544
ker	10545
▁generations	10546
▁Call	10547
的全部	10548
仇恨	10549
文明	10550
方案规划	10551
▁assurances	10552
评	10553
▁Mine	10554
这份	10555
的必要	10556
行为守则	10557
▁residents	10558
望	10559
以上的	10560
委员会和	10561
We	10562
▁Togo	10563
正是	10564
▁再见	10565
黑山	10566
耶路撒冷	10567
足以	10568
▁catch	10569
▁telephone	10570
▁Efforts	10571
▁depends	10572
常驻代表	10573
號	10574
▁expectations	10575
▁involves	10576
摩纳哥	10577
摧毁	10578
▁ye	10579
▁perspectives	10580
处境	10581
第四委员会	10582
▁除非	10583
达成的	10584
ier	10585
▁专家组	10586
".	10587
敢	10588
ver	10589
的日期	10590
报告了	10591
,300	10592
▁authorization	10593
刑法典	10594
非正式协商	10595
▁leader	10596
做出了	10597
单元	10598
的話	10599
▁threatened	10600
协同	10601
的代表团	10602
特设工作组	10603
▁enforce	10604
跨	10605
那是	10606
▁比	10607
指挥	10608
破产	10609
识别	10610
over	10611
六个	10612
▁1994,	10613
出了	10614
正当	10615
该机构	10616
▁Ka	10617
▁shift	10618
骨	10619
▁emergencies	10620
▁sell	10621
du	10622
的数目	10623
讓	10624
▁hair	10625
不太	10626
0}	10627
协商一致	10628
发言人	10629
▁inhabitants	10630
左	10631
▁mediation	10632
MS	10633
tel	10634
情况的	10635
的运作	10636
▁次级方案	10637
▁Participants	10638
内部审计	10639
▁becomes	10640
▁hundred	10641
▁strictly	10642
或是	10643
ors	10644
house	10645
▁flight	10646
国际金融机构	10647
▁巴西	10648
的缔约方	10649
骚扰	10650
▁outline	10651
发展的	10652
实施了	10653
会晤	10654
外债	10655
140	10656
说的	10657
用作	10658
还必须	10659
問	10660
解决冲突	10661
COM	10662
▁我说	10663
秘书长报告	10664
编号	10665
接受了	10666
至第	10667
国家行动计划	10668
并注意到	10669
抓住	10670
确保在	10671
社会保护	10672
互	10673
捕捞	10674
指导原则	10675
ew	10676
▁Monetary	10677
联合国系统各组织	10678
▁recruited	10679
▁debtor	10680
▁prosecute	10681
(2	10682
▁ministers	10683
各自的	10684
少年	10685
體	10686
▁lay	10687
▁开发计划署	10688
主管当局	10689
其对	10690
马拉维	10691
所采取的	10692
▁$3	10693
▁appeared	10694
▁highlight	10695
清洁	10696
在这个	10697
▁ninth	10698
▁client	10699
在实现	10700
林业	10701
▁针对	10702
委员会的工作	10703
▁妈妈	10704
的支持下	10705
▁Lo	10706
▁workload	10707
▁indicating	10708
最好的	10709
▁Recognizes	10710
▁normally	10711
助理秘书长	10712
刑	10713
届特别会议	10714
的进展情况	10715
▁easily	10716
/13	10717
▁我知道你	10718
▁跟	10719
▁analyse	10720
按照第	10721
▁delegates	10722
\4	10723
▁initiate	10724
▁德国	10725
岁的	10726
▁willingness	10727
▁Ensure	10728
▁impose	10729
▁另一方面	10730
▁integrating	10731
ium	10732
▁墨西哥	10733
它在	10734
欧安组织	10735
和政策	10736
市场准入	10737
高效	10738
▁statute	10739
醒	10740
南亚	10741
这场	10742
▁俄罗斯联邦	10743
▁violate	10744
经济活动	10745
非正式磋商	10746
▁Judge	10747
相反	10748
▁creditor	10749
▁submitting	10750
毛里塔尼亚	10751
庭	10752
▁Holy	10753
▁Date	10754
▁excluded	10755
报表	10756
和区域	10757
资	10758
驻地协调员	10759
以确定	10760
村庄	10761
编列	10762
▁hospitals	10763
戰	10764
撒	10765
势	10766
电子邮件	10767
▁Electoral	10768
▁我现在	10769
▁注	10770
▁Jack	10771
协调委员会	10772
签证	10773
▁不知道	10774
休息	10775
提前	10776
所谓的	10777
▁greenhouse	10778
▁candidate	10779
伊斯兰会议组织	10780
多样性	10781
以实现	10782
▁twice	10783
130	10784
主席先生	10785
年度会议	10786
检察官办公室	10787
這麼	10788
几个月	10789
180	10790
将与	10791
离职	10792
第一部分	10793
▁urgently	10794
▁Ni	10795
▁calendar	10796
更改	10797
第一届会议	10798
恐怖主义行为	10799
加大	10800
完整	10801
定罪	10802
▁refused	10803
▁accident	10804
主席团成员	10805
val	10806
阿曼	10807
Pacific	10808
▁damn	10809
▁gratitude	10810
的特别	10811
国内生产总值	10812
▁sales	10813
▁马	10814
审议大会	10815
想法	10816
有所增加	10817
▁spending	10818
是由于	10819
▁programs	10820
暴力侵害妇女行为	10821
5%	10822
▁Documentation	10823
中小企业	10824
的财政	10825
▁92.	10826
you	10827
how	10828
▁sponsored	10829
犯有	10830
▁在同次会议上	10831
颁发	10832
▁Everything	10833
夏	10834
新伙伴关系	10835
▁verbale	10836
▁perfect	10837
▁人权委员会	10838
▁universities	10839
▁viable	10840
节省	10841
公共卫生	10842
▁Narcotic	10843
▁eye	10844
作物	10845
提供便利	10846
▁speed	10847
惠	10848
▁RIGHTS	10849
▁Volunteers	10850
碎	10851
着重指出	10852
▁urgency	10853
▁Forests	10854
▁scared	10855
▁significance	10856
▁threaten	10857
见过	10858
2010-2011	10859
Islamic	10860
▁firms	10861
人口贩运	10862
在其第	10863
惩处	10864
▁hopes	10865
故意	10866
▁adults	10867
▁closure	10868
▁Johannesburg	10869
和政治	10870
▁Lao	10871
▁connected	10872
动力	10873
ring	10874
▁maternity	10875
的反应	10876
▁Property	10877
补助金	10878
-16	10879
舞	10880
工作场所	10881
cy	10882
▁pain	10883
▁music	10884
▁contracting	10885
▁x	10886
糟	10887
▁Madagascar	10888
给他	10889
▁Area	10890
▁presentations	10891
▁审计委员会	10892
动机	10893
该部	10894
110	10895
小孩	10896
▁establishes	10897
▁我希望	10898
使我们	10899
广	10900
每周	10901
翻	10902
▁servicing	10903
所得	10904
和国际社会	10905
Pro	10906
第三届会议	10907
它将	10908
的确	10909
/67/	10910
批评	10911
▁resort	10912
术语	10913
可能需要	10914
▁guilty	10915
仍有	10916
▁Syria	10917
▁Web	10918
尤	10919
极端	10920
的决定草案	10921
迫使	10922
▁union	10923
第三委员会	10924
▁corporations	10925
极其	10926
蒙特利尔议定书	10927
组建	10928
tro	10929
告訴	10930
和活动	10931
▁huge	10932
这些努力	10933
▁termination	10934
那边	10935
已于	10936
消耗	10937
地中海	10938
受益	10939
寫	10940
▁Order	10941
▁intends	10942
ill	10943
▁anyway	10944
慢	10945
▁drought	10946
事态发展	10947
儿童保护	10948
▁y	10949
105	10950
▁dollar	10951
的特殊	10952
▁老	10953
土著人	10954
iz	10955
的時候	10956
達	10957
▁Got	10958
▁gained	10959
仔细	10960
▁21,	10961
▁focuses	10962
种植	10963
▁因为我	10964
打开	10965
味	10966
▁Contributions	10967
▁window	10968
向委员会	10969
-8	10970
一再	10971
保护人权	10972
残	10973
▁prevented	10974
▁rising	10975
本来	10976
ju	10977
营养不良	10978
被拘留	10979
好处	10980
一支	10981
ي	10982
▁Stay	10983
刻	10984
▁assure	10985
分列的	10986
国际和平与安全	10987
9/	10988
外地办事处	10989
▁revealed	10990
前面	10991
UNDP	10992
妇女和	10993
▁ratio	10994
均应	10995
ash	10996
▁以下	10997
▁Niger	10998
▁lived	10999
▁immunity	11000
▁人权理事会	11001
获得了	11002
▁houses	11003
可靠的	11004
经济及社会理事会第	11005
提升	11006
充满	11007
发展问题	11008
萬	11009
▁consisting	11010
▁subsidies	11011
▁dynamic	11012
▁commend	11013
▁即使	11014
呆	11015
我们将	11016
▁healthy	11017
可行的	11018
参	11019
▁Suppression	11020
▁我还	11021
第四次	11022
各部门	11023
▁Golan	11024
卡尔	11025
思考	11026
▁speech	11027
ship	11028
得出	11029
有待	11030
继续与	11031
▁fired	11032
重要的是	11033
对我们	11034
年实质性会议	11035
西非经共体	11036
财富	11037
受影响	11038
政府间机构	11039
▁advisers	11040
左右	11041
▁marginalized	11042
▁Christ	11043
也应	11044
签字	11045
运送	11046
▁Workshop	11047
-15	11048
▁worse	11049
的保留	11050
fscx	11051
▁carrier	11052
▁combination	11053
▁Desertification	11054
▁servants	11055
lecommunications	11056
小子	11057
▁91.	11058
▁excellent	11059
▁dream	11060
	11061
▁regrets	11062
▁Malawi	11063
不超过	11064
没有得到	11065
▁耶	11066
▁tackle	11067
的评论	11068
▁occasions	11069
制定的	11070
在本	11071
ino	11072
▁output	11073
的裁决	11074
详情	11075
▁Light	11076
很高兴	11077
▁Workers	11078
▁administered	11079
▁沒	11080
New	11081
場	11082
的信	11083
的重大	11084
我們的	11085
是否有	11086
▁absolute	11087
▁Effective	11088
指导方针	11089
▁restore	11090
▁disappearance	11091
补助	11092
主流	11093
▁第五委员会	11094
订	11095
<	11096
sa	11097
▁chosen	11098
▁restoration	11099
水资源	11100
▁welcoming	11101
▁falling	11102
▁finalized	11103
让他	11104
琳	11105
塔利班	11106
▁shoot	11107
▁showing	11108
枚	11109
判	11110
背景下	11111
/1998/	11112
堡	11113
▁deadline	11114
▁spend	11115
month	11116
▁FOR	11117
时候	11118
arts	11119
宗	11120
各地	11121
资源的	11122
▁enrolment	11123
▁certification	11124
国家间	11125
拯救	11126
▁Diversity	11127
▁93.	11128
▁disclosure	11129
会议期间	11130
▁executions	11131
情形	11132
▁enabled	11133
电子商务	11134
在内	11135
▁impartial	11136
退出	11137
▁dinner	11138
▁Port	11139
风险管理	11140
.26	11141
提供了一个	11142
▁prevalence	11143
▁mitigate	11144
影	11145
▁frame	11146
一件	11147
香港	11148
▁books	11149
▁synergies	11150
▁94.	11151
有关各方	11152
怎么了	11153
bi	11154
▁opinions	11155
空中	11156
下一个	11157
动议	11158
▁explicitly	11159
堂	11160
▁momentum	11161
重叠	11162
和培训	11163
▁totally	11164
其他职等	11165
标题	11166
暴力和	11167
▁features	11168
▁Mauritania	11169
▁monitored	11170
你们的	11171
军事人员	11172
3/	11173
▁Ho	11174
将使	11175
提倡	11176
▁paying	11177
▁expressing	11178
▁Ar	11179
粉	11180
bb	11181
发展目标	11182
▁treat	11183
的最高	11184
采	11185
▁elsewhere	11186
炸弹	11187
▁minor	11188
▁registry	11189
過來	11190
的军事	11191
根除	11192
在委员会	11193
故事	11194
刺激	11195
能力和	11196
(2004)	11197
康	11198
▁worst	11199
香	11200
免遭	11201
田	11202
▁Canadian	11203
▁Culture	11204
本地	11205
▁piece	11206
无核武器区	11207
友好	11208
可持续发展问题世界首脑会议	11209
▁hostilities	11210
该条约	11211
问题是	11212
可用	11213
庆祝	11214
展	11215
▁promptly	11216
向大会	11217
面临着	11218
▁delayed	11219
劳动力市场	11220
▁吁请	11221
▁congratulate	11222
述	11223
进程中	11224
签署的	11225
圭亚那	11226
▁About	11227
是誰	11228
的主流	11229
CMP	11230
shi	11231
ê	11232
▁shut	11233
一半	11234
下次	11235
2000-2001	11236
中非	11237
NA	11238
nuclear	11239
久	11240
ile	11241
事务部	11242
▁哇	11243
▁pose	11244
振兴	11245
▁retain	11246
的那些	11247
OL	11248
ا	11249
重组	11250
▁sentences	11251
▁监督厅	11252
▁Four	11253
▁随后	11254
对他	11255
的各	11256
-23	11257
了我	11258
▁handling	11259
▁IPSAS	11260
cho	11261
▁Men	11262
觉	11263
▁Po	11264
▁referendum	11265
区域中心	11266
▁encountered	11267
人为	11268
将通过	11269
然而	11270
▁negotiated	11271
-7	11272
执行任务	11273
▁decreased	11274
ye	11275
分布	11276
▁afford	11277
▁seeing	11278
▁comparative	11279
款规定	11280
主动行动	11281
垃圾	11282
两年期方案预算	11283
科学及文化组织	11284
fscy	11285
▁amend	11286
▁chaired	11287
分散	11288
发展战略	11289
应继续	11290
▁reimbursement	11291
富有	11292
▁ordered	11293
巴勒斯坦权力机构	11294
贵	11295
的关切	11296
▁69	11297
数据收集	11298
Ban	11299
利亚	11300
▁preparedness	11301
的联合	11302
▁Last	11303
上次	11304
ane	11305
員	11306
▁constant	11307
▁图	11308
▁electricity	11309
第六	11310
▁firearms	11311
▁submits	11312
▁Analysis	11313
的协定	11314
▁substantially	11315
LE	11316
自决权	11317
▁destroy	11318
区域内	11319
转变	11320
pi	11321
号法律	11322
▁contractors	11323
▁predictable	11324
最为	11325
拟议预算	11326
ara	11327
在该国	11328
▁retained	11329
工作和	11330
日常	11331
▁预计	11332
亮	11333
储备	11334
行为体	11335
ven	11336
在过去	11337
ICEF	11338
▁glad	11339
活力	11340
pp	11341
▁branch	11342
有许多	11343
笔	11344
稿	11345
免疫	11346
女生	11347
妇女参与	11348
定为	11349
▁无	11350
▁在此	11351
ell	11352
▁只	11353
唯一的	11354
▁whereas	11355
国民议会	11356
▁Express	11357
▁compilation	11358
军火	11359
和平协定	11360
▁exchanges	11361
应为	11362
▁我国	11363
墙	11364
继续支持	11365
▁spoke	11366
的申请	11367
类型的	11368
▁Barbados	11369
发展援助	11370
ff	11371
▁firmly	11372
▁assembly	11373
协调一致	11374
糟糕	11375
遇	11376
国外	11377
产业	11378
行政部门	11379
▁files	11380
与会	11381
▁Conferences	11382
滑	11383
▁university	11384
致使	11385
▁red	11386
铭记	11387
三名	11388
的资产	11389
▁每	11390
▁Committed	11391
承运人	11392
的捐款	11393
采矿	11394
和传播	11395
施政	11396
▁Medical	11397
不包括	11398
冲突的	11399
功	11400
住所	11401
消	11402
.22	11403
▁drafted	11404
在国际	11405
ble	11406
▁elderly	11407
▁transformation	11408
博茨瓦纳	11409
的文化	11410
托克劳	11411
▁commentary	11412
▁decolonization	11413
哪里	11414
▁Civilian	11415
跟他	11416
隔离	11417
不丹	11418
采用了	11419
指令	11420
多名	11421
大陆	11422
war	11423
防治	11424
▁limitation	11425
的能力建设	11426
年起	11427
排雷行动	11428
妇女署	11429
▁diamonds	11430
谋	11431
达尔富尔混合行动	11432
和民间社会	11433
▁本组织	11434
.1)。	11435
设有	11436
▁calm	11437
手续	11438
想象	11439
▁endeavour	11440
▁benefited	11441
并以	11442
1.2	11443
自杀	11444
赔偿责任	11445
▁Opening	11446
▁古巴	11447
▁interesting	11448
侵犯人权行为	11449
司法和	11450
谢谢	11451
▁當然	11452
延迟	11453
提供一个	11454
▁prohibit	11455
损	11456
▁當	11457
继	11458
ure	11459
工作文件	11460
▁signs	11461
第三国	11462
融合	11463
ue	11464
强迫失踪	11465
所要求的	11466
▁seemed	11467
▁happening	11468
该法	11469
▁Dis	11470
那种	11471
下面	11472
/20	11473
▁prevailing	11474
特设	11475
反映在	11476
▁Body	11477
▁elaborate	11478
▁assignment	11479
本次	11480
海外	11481
非殖民化	11482
呈	11483
的想法	11484
多年来	11485
环境和	11486
外勤	11487
常设委员会	11488
▁slavery	11489
通过一项	11490
所提出的	11491
最后文件	11492
▁comparison	11493
承	11494
的年度报告	11495
的关注	11496
分庭	11497
▁1993,	11498
各专门机构	11499
灵活性	11500
(1);	11501
▁David	11502
▁readiness	11503
mit	11504
產	11505
都要	11506
lar	11507
▁wake	11508
提出的问题	11509
▁possibilities	11510
ON	11511
经验教训	11512
需要在	11513
▁lady	11514
▁luck	11515
▁minimize	11516
(2000	11517
che	11518
信息交流	11519
网站上	11520
▁en	11521
阿拉伯国家联盟	11522
一份报告	11523
▁whenever	11524
加蓬	11525
▁fit	11526
东部	11527
有组织犯罪	11528
总共	11529
▁你就	11530
疑	11531
吓	11532
粮食计划署	11533
▁subsistence	11534
超出	11535
归还	11536
▁updating	11537
▁巴	11538
▁referring	11539
的判决	11540
贸	11541
▁manual	11542
电力	11543
非洲的	11544
▁outset	11545
职业培训	11546
双重	11547
▁motion	11548
▁spare	11549
联合国人权事务高级专员	11550
East	11551
应根据	11552
应包括	11553
▁pornography	11554
▁人口基金	11555
循环	11556
烟	11557
▁remuneration	11558
建立的	11559
▁(2003)	11560
av	11561
有利	11562
赤贫	11563
▁秘书长的说明	11564
的两个	11565
必须确保	11566
▁suppliers	11567
▁打	11568
▁stipulated	11569
岛屿	11570
自由和	11571
▁thorough	11572
effective	11573
十八	11574
载列	11575
搬	11576
井	11577
招聘	11578
▁adherence	11579
事宜	11580
撤离	11581
▁hey	11582
▁欧洲	11583
斯先生	11584
社会服务	11585
▁Japanese	11586
▁依照	11587
▁bis	11588
▁strike	11589
▁vessels	11590
今后的	11591
当代	11592
应该是	11593
▁cease	11594
106	11595
▁evening	11596
候	11597
司法系统	11598
核准了	11599
闻	11600
開始	11601
告訴我	11602
碰	11603
cha	11604
检	11605
以防止	11606
▁suspended	11607
迟	11608
▁inquiry	11609
▁ageing	11610
复员	11611
安全理事会关于	11612
▁evil	11613
薪酬	11614
添加	11615
▁1,000	11616
▁formally	11617
▁我已经	11618
开展的工作	11619
▁Reporting	11620
▁chain	11621
强调必须	11622
找到了	11623
税务	11624
中学	11625
吸收	11626
安全问题	11627
示	11628
聲	11629
▁Ki	11630
西岸	11631
▁manifestations	11632
▁possibly	11633
印刷	11634
世界会议	11635
160	11636
rate	11637
欲	11638
意图	11639
指明	11640
109	11641
▁engaging	11642
一周	11643
国防	11644
▁Master	11645
▁adult	11646
(2001	11647
杀了	11648
的各个	11649
发出的	11650
▁suggestion	11651
因为他们	11652
预防冲突	11653
▁feet	11654
▁foundations	11655
卻	11656
▁fostering	11657
sion	11658
▁97.	11659
▁Turkmenistan	11660
碞	11661
Chairman	11662
▁此	11663
比赛	11664
▁te	11665
叫我	11666
土壤	11667
ack	11668
我现在请	11669
▁complexity	11670
养护	11671
该文件	11672
ade	11673
▁CRC	11674
日生效	11675
▁severely	11676
▁logistics	11677
特别关注	11678
▁Um	11679
金属	11680
80%	11681
▁临时议程项目	11682
▁Studies	11683
朝鲜	11684
会期	11685
酸	11686
附录	11687
▁Conclusions	11688
▁accounted	11689
tu	11690
▁survival	11691
操	11692
前进	11693
并指出	11694
构成了	11695
堕胎	11696
成人	11697
童	11698
▁Frank	11699
执行工作	11700
良好做法	11701
▁legitimacy	11702
而且也	11703
在这些	11704
▁planet	11705
马上	11706
尊重人权	11707
人权维护者	11708
的增长	11709
iya	11710
,500	11711
提高认识	11712
内政部	11713
所有权	11714
打电话	11715
▁consumer	11716
▁Da	11717
▁Registrar	11718
发展筹资	11719
▁fissile	11720
▁未	11721
的暴力	11722
战略和	11723
let	11724
设备和	11725
▁consistency	11726
▁formulating	11727
领土完整	11728
贸易和	11729
▁Production	11730
的和平	11731
有资格	11732
▁Round	11733
▁proud	11734
生物多样性公约	11735
公正和	11736
▁98.	11737
▁causing	11738
剧	11739
国际援助	11740
联合国大学	11741
▁pursuit	11742
并建议	11743
▁Promoting	11744
▁potentially	11745
食物权	11746
员工	11747
▁Monaco	11748
陪	11749
▁pace	11750
管理的	11751
▁clients	11752
奈	11753
在纽约	11754
上了	11755
▁Home	11756
▁Aid	11757
▁Never	11758
▁Tribunals	11759
分担	11760
日举行的	11761
	11762
合作社	11763
审查和	11764
贩卖人口	11765
号决议所设委员会	11766
察	11767
的框架	11768
40%	11769
另	11770
约有	11771
▁Washington	11772
不足以	11773
混合	11774
独	11775
▁Operational	11776
名册	11777
▁incidence	11778
▁exceed	11779
▁Wow	11780
ix	11781
可以通过	11782
处决	11783
标准和	11784
▁Congolese	11785
vin	11786
▁UNAMID	11787
▁gold	11788
模型	11789
高级官员	11790
Saharan	11791
关押	11792
父	11793
三项	11794
▁我没	11795
▁fulfilling	11796
▁Sexual	11797
▁pledges	11798
sensitive	11799
▁99.	11800
▁最	11801
联利特派团	11802
猜	11803
▁Bangkok	11804
▁affordable	11805
忘记	11806
二十	11807
人权事务委员会	11808
▁你觉得	11809
危及	11810
00\	11811
日举行的第	11812
su	11813
ala	11814
It	11815
ide	11816
审讯	11817
顺	11818
国家警察	11819
尝试	11820
程序和	11821
更有效地	11822
▁pursuing	11823
届常会	11824
警察局	11825
▁withdraw	11826
在这一	11827
▁repeated	11828
年间	11829
成功的	11830
8/	11831
ably	11832
削弱	11833
▁assumption	11834
▁95.	11835
▁你不能	11836
多项	11837
▁manufacturing	11838
-9	11839
▁yesterday	11840
的进一步	11841
▁Freedom	11842
追究	11843
(2002	11844
亚洲及太平洋	11845
	11846
▁我们在	11847
,000	11848
▁justified	11849
制约	11850
成了	11851
▁Cape	11852
▁massive	11853
▁Trial	11854
指定的	11855
一致认为	11856
种类	11857
▁thousand	11858
▁www	11859
▁走吧	11860
友	11861
▁Iranian	11862
▁contemporar	11863
▁阿根廷	11864
公司的	11865
马尔代夫	11866
	11867
国家立法	11868
▁$6	11869
帐	11870
效	11871
之际	11872
▁certificate	11873
▁disaggregated	11874
▁permits	11875
▁放	11876
正规	11877
拿到	11878
特遣队	11879
經	11880
▁ultimately	11881
▁八	11882
▁tons	11883
55/2	11884
▁Multilateral	11885
▁96.	11886
销	11887
▁ecosystem	11888
去吧	11889
联合国系统内	11890
辆	11891
▁phrase	11892
▁channels	11893
▁safeguard	11894
周围	11895
▁Kyrgyzstan	11896
▁emission	11897
巴巴多斯	11898
▁employer	11899
▁waters	11900
▁是你	11901
较低	11902
预防性	11903
hu	11904
▁image	11905
基本上	11906
▁existed	11907
第一委员会	11908
妇女地位委员会	11909
law	11910
▁行	11911
FF	11912
明确规定	11913
时限	11914
▁exposed	11915
人口的	11916
和设备	11917
▁Tokelau	11918
,"	11919
培训课程	11920
和美国	11921
构想	11922
oo	11923
▁1987	11924
一段	11925
rah	11926
并呼吁	11927
▁suggests	11928
季度	11929
到达	11930
领空	11931
fi	11932
▁regret	11933
▁Background	11934
▁Free	11935
弥补	11936
也不能	11937
的名字	11938
龄	11939
▁我去	11940
就其	11941
▁Racism	11942
▁Genocide	11943
▁Sales	11944
丰富	11945
▁redeployment	11946
▁自从	11947
充分利用	11948
▁Personal	11949
日之前	11950
裝	11951
▁IMF	11952
特派团的	11953
▁normative	11954
测量	11955
的途径	11956
▁委员会对	11957
▁suspension	11958
租赁	11959
检测	11960
被认为是	11961
▁Decolonization	11962
▁过去	11963
委员会关于	11964
所有人权	11965
它是	11966
护	11967
懂	11968
就在	11969
确是	11970
增多	11971
比如	11972
概要	11973
,100	11974
,700	11975
▁card	11976
计划生育	11977
为此目的	11978
接纳	11979
ME	11980
讓你	11981
终	11982
联合国各	11983
教育部	11984
法律制度	11985
▁Register	11986
地图	11987
▁Organisation	11988
▁minors	11989
▁contributes	11990
有用	11991
重要性	11992
案件的	11993
▁definitions	11994
▁我没有	11995
预算外资源	11996
和支助	11997
▁ensured	11998
这两	11999
《21	12000
▁阿尔及利亚	12001
,800	12002
事务处	12003
▁province	12004
借此机会	12005
▁feasible	12006
儿基会	12007
傳	12008
医疗服务	12009
的道路	12010
▁Gu	12011
▁Colonial	12012
▁Reiterates	12013
在伊拉克	12014
(2004	12015
宣传活动	12016
怎么办	12017
概览	12018
▁pleasure	12019
ñ	12020
▁arbitral	12021
▁religions	12022
两年期拟议方案预算	12023
▁wages	12024
▁Back	12025
行动方案	12026
(2003	12027
▁king	12028
委内瑞拉玻利瓦尔共和国	12029
▁总	12030
是你的	12031
▁Professor	12032
剩余	12033
之日	12034
ise	12035
▁Powers	12036
post	12037
▁Granting	12038
宗旨	12039
工作者	12040
的重点	12041
的任期	12042
▁我不会	12043
湖	12044
该计划	12045
基本建设总计划	12046
▁ratifying	12047
调查结果	12048
回返	12049
意思	12050
▁obliged	12051
和维护	12052
闭会期间	12053
不安全	12054
▁collaborative	12055
利益有关者	12056
▁资料来源	12057
1986	12058
是通过	12059
偏见	12060
ل	12061
污	12062
▁拿	12063
洞	12064
谷	12065
▁entirely	12066
▁邀请	12067
▁o	12068
真实	12069
收养	12070
袋	12071
礼	12072
▁afternoon	12073
▁indirect	12074
原籍国	12075
众	12076
执法人员	12077
派出	12078
▁livelihoods	12079
间的	12080
▁poorest	12081
▁對不起	12082
非洲经委会	12083
▁maintains	12084
▁beat	12085
▁wishing	12086
输入	12087
▁munitions	12088
弱势	12089
CC	12090
▁cited	12091
country	12092
▁condemned	12093
的增加	12094
国家信息通报	12095
ite	12096
ight	12097
▁launching	12098
每日	12099
联合国毒品和犯罪问题办公室	12100
距离	12101
区域的	12102
▁(2006)	12103
加紧努力	12104
提高对	12105
▁Standard	12106
仍是	12107
的土地	12108
维和	12109
ac	12110
ology	12111
隆	12112
脆弱性	12113
间接	12114
不允许	12115
环境中	12116
▁exclusively	12117
家长	12118
联合国日内瓦办事处	12119
请允许我	12120
在国内	12121
▁rendered	12122
AT	12123
▁inflation	12124
▁popular	12125
▁sustain	12126
其目的是	12127
▁Figure	12128
和方案	12129
有利的	12130
联合国粮食及农业组织	12131
文化权利国际公约	12132
▁Australian	12133
善政	12134
利息	12135
服务和	12136
区的	12137
compliance	12138
gg	12139
研究中心	12140
预警	12141
是以	12142
▁pool	12143
追求	12144
▁appraisal	12145
军备	12146
-2015	12147
▁sole	12148
▁retirement	12149
人在	12150
的结构	12151
▁scene	12152
尽力	12153
的例子	12154
▁workplace	12155
▁allocate	12156
▁soil	12157
還是	12158
▁72	12159
▁100.	12160
難	12161
▁非政府组织	12162
受害	12163
见到	12164
▁destination	12165
另一些	12166
臭	12167
对你	12168
学术	12169
炮	12170
600	12171
▁巴基斯坦	12172
應	12173
發生	12174
对第	12175
的非	12176
▁kinds	12177
▁returns	12178
▁count	12179
RO	12180
阻	12181
▁$7	12182
里的	12183
赞助	12184
轉	12185
乔	12186
bar	12187
内阁	12188
▁Administrator	12189
自行	12190
伦敦	12191
进行协商	12192
报复	12193
▁Samoa	12194
配备	12195
的财产	12196
植物	12197
▁comprises	12198
沉	12199
房地	12200
观测	12201
▁codes	12202
uz	12203
wan	12204
进行评估	12205
▁ships	12206
精简	12207
▁Subprogramme	12208
已经在	12209
▁utmost	12210
▁UNCCD	12211
选定	12212
cause	12213
第六委员会	12214
判断	12215
▁Paul	12216
▁retention	12217
必要时	12218
的初步	12219
▁coffee	12220
无关	12221
▁tribunals	12222
.27	12223
▁smuggling	12224
全面执行	12225
就业和	12226
▁straight	12227
版本	12228
▁Show	12229
较高	12230
预期成绩	12231
▁characterized	12232
提供信息	12233
▁anybody	12234
▁transboundary	12235
署长	12236
重返社会	12237
▁fail	12238
人权状况	12239
言论	12240
幼	12241
▁Unity	12242
▁curricula	12243
基金和方案	12244
鸡	12245
1949	12246
活动中	12247
的损失	12248
一事	12249
▁安	12250
传统的	12251
▁$9	12252
▁depending	12253
▁indispensable	12254
▁Ba	12255
ica	12256
▁atmosphere	12257
▁extraordinary	12258
备忘录	12259
孕妇	12260
加入了	12261
FAO	12262
▁ran	12263
家伙	12264
都应	12265
▁Peter	12266
▁Bye	12267
▁messages	12268
▁till	12269
▁monetary	12270
监视	12271
的健康	12272
▁页	12273
▁defining	12274
▁1540	12275
制定一项	12276
恐惧	12277
ans	12278
向联合国	12279
的学生	12280
▁Victims	12281
和责任	12282
▁mouth	12283
供水	12284
并将其	12285
▁Th	12286
1981	12287
▁$8	12288
▁一旦	12289
发展方案	12290
ping	12291
▁analyses	12292
▁(2000)	12293
▁instability	12294
的水平	12295
pl	12296
▁Judicial	12297
容	12298
联合国人口基金	12299
充	12300
▁Paragraphs	12301
很可能	12302
绿色	12303
清理	12304
跨国公司	12305
▁Ex	12306
下文	12307
几天	12308
队伍	12309
樂	12310
▁imports	12311
中列入	12312
仍未	12313
▁roll	12314
土地和	12315
▁Appeal	12316
分开	12317
欧洲共同体	12318
分项目	12319
的行动计划	12320
提高了	12321
自主	12322
ach	12323
一方面	12324
▁surface	12325
合格	12326
这样一个	12327
优	12328
生产和	12329
并重申	12330
第一次会议	12331
▁wrote	12332
战争罪	12333
60/2	12334
▁每个	12335
将军	12336
▁guiding	12337
▁rely	12338
并提供	12339
(4)	12340
约束	12341
▁Hall	12342
▁Capital	12343
VII	12344
▁resolving	12345
代表欧洲联盟	12346
分至	12347
末	12348
▁敦促	12349
养恤基金	12350
奖励	12351
▁Concerning	12352
▁serves	12353
▁broken	12354
的议程	12355
考试	12356
▁municipalities	12357
开枪	12358
准则草案	12359
挂	12360
第四十	12361
实务	12362
▁performing	12363
▁知道	12364
的持续	12365
贴	12366
以便为	12367
书记官长	12368
缔约国在	12369
▁duly	12370
孤儿	12371
层次	12372
▁resume	12373
car	12374
▁disciplinary	12375
初级商品	12376
北京	12377
走吧	12378
▁justification	12379
▁Tobago	12380
千年	12381
网上	12382
▁dance	12383
号公约	12384
▁UNOCI	12385
▁另一个	12386
的主权	12387
▁Press	12388
▁index	12389
▁你得	12390
申请人	12391
包容	12392
▁1997.	12393
▁appreciated	12394
▁等一下	12395
▁還有	12396
治安	12397
流程	12398
▁prosperity	12399
公共政策	12400
▁profile	12401
妥善	12402
提供咨询	12403
危害人类罪	12404
▁accorded	12405
▁会员国	12406
确信	12407
迁移	12408
▁producing	12409
▁埃及	12410
▁Ban	12411
▁先	12412
ich	12413
▁FCCC	12414
指派	12415
立法和	12416
▁stopped	12417
给予殖民地国家和人民独立宣言	12418
▁supportive	12419
▁Puerto	12420
波多黎各	12421
继续审议	12422
奴役	12423
▁calculated	12424
▁Library	12425
▁indication	12426
▁difficulty	12427
进行谈判	12428
▁debates	12429
骗	12430
伊拉克政府	12431
的支出	12432
act	12433
社会和	12434
该区域的	12435
的大	12436
▁UNMIL	12437
对他们	12438
反对种族主义	12439
▁stood	12440
▁enacted	12441
的历史	12442
部长级	12443
yn	12444
祖	12445
▁Private	12446
▁76	12447
改造	12448
▁19,	12449
的适用	12450
要么	12451
sk	12452
▁emerged	12453
room	12454
以满足	12455
▁Michael	12456
批准的	12457
年后	12458
的生命	12459
dis	12460
▁chief	12461
▁不管	12462
正在进行的	12463
▁直到	12464
▁continuity	12465
烧	12466
经常资源	12467
反恐怖主义委员会	12468
▁不用	12469
饭	12470
司司长	12471
议	12472
充足	12473
四年	12474
的款项	12475
警察和	12476
▁awarded	12477
被认为	12478
▁opposed	12479
向其	12480
Ra	12481
领域内	12482
折	12483
裂变材料	12484
▁缔约国应	12485
▁references	12486
恶劣	12487
▁owned	12488
自愿捐款	12489
▁confidential	12490
▁interference	12491
UR	12492
所有有关	12493
谅解	12494
▁offenders	12495
▁98	12496
的潜力	12497
▁Eradication	12498
▁promotes	12499
▁securing	12500
的人道主义	12501
▁委员会认为	12502
organized	12503
的索赔	12504
▁epidemic	12505
.24	12506
国际安全	12507
▁solely	12508
▁confirm	12509
开采	12510
为加强	12511
▁Account	12512
恐吓	12513
▁named	12514
▁挪威	12515
展示	12516
并由	12517
▁来自	12518
▁banking	12519
▁shouldn	12520
▁明天	12521
▁Something	12522
消除贫困	12523
的附件	12524
直升机	12525
感覺	12526
宾	12527
快乐	12528
指挥官	12529
我们对	12530
的各项决议	12531
▁Rural	12532
▁repeatedly	12533
权力下放	12534
▁tensions	12535
變	12536
胜	12537
ip	12538
两性	12539
吻	12540
重申了	12541
漂亮	12542
▁pillars	12543
▁publicly	12544
旅费	12545
/69/	12546
▁Maritime	12547
地震	12548
▁结果	12549
来到	12550
遏制	12551
选民	12552
▁我需要	12553
▁airport	12554
民族和解	12555
透	12556
在美国	12557
不对	12558
编纂	12559
不遵守	12560
成为一个	12561
证券	12562
▁governed	12563
104	12564
的合法	12565
▁exclusive	12566
▁guideline	12567
的角度	12568
无疑	12569
包括与	12570
美元的	12571
4(	12572
▁Provide	12573
▁赞赏地注意到	12574
bu	12575
可通过	12576
搭	12577
▁combatants	12578
举行一次	12579
它们在	12580
▁benchmarks	12581
7\	12582
各次	12583
▁reinforcing	12584
护照	12585
查询	12586
▁该报告	12587
和合作	12588
MA	12589
▁85	12590
▁film	12591
▁abstentions	12592
司法部门	12593
AB	12594
ú	12595
▁reminded	12596
危险的	12597
有多	12598
不懂	12599
▁defend	12600
~	12601
幸	12602
能力的	12603
求你	12604
得多	12605
逐	12606
清洁发展机制	12607
▁2000-2001	12608
勤	12609
▁Swedish	12610
叶	12611
诉诸	12612
HBE	12613
下一次	12614
▁95	12615
▁Muslim	12616
上学	12617
▁constitution	12618
采取后续行动	12619
▁declined	12620
▁至少	12621
▁tests	12622
的另一个	12623
▁Cypriot	12624
和环境	12625
ü	12626
▁declare	12627
▁preservation	12628
月举行的	12629
议事规则第	12630
▁Korean	12631
实效	12632
收回	12633
▁plays	12634
示威	12635
的朋友	12636
▁alien	12637
够	12638
▁Program	12639
▁oceans	12640
▁advancing	12641
这件事	12642
ld	12643
▁hatred	12644
/2010/	12645
逊	12646
行预咨委会	12647
ger	12648
怎樣	12649
▁stands	12650
出色	12651
理想	12652
▁driving	12653
这是一个	12654
66\	12655
▁claimants	12656
▁caught	12657
规定的义务	12658
运营	12659
▁Has	12660
安全的	12661
▁argument	12662
巴勒斯坦问题	12663
▁「	12664
▁下列	12665
▁特派团	12666
流入	12667
▁hundreds	12668
▁Emphasizes	12669
▁Botswana	12670
不歧视	12671
▁OSCE	12672
亚太	12673
状	12674
108	12675
總	12676
警务	12677
▁Gabon	12678
▁uniform	12679
上诉法院	12680
▁historic	12681
这些权利	12682
這是	12683
▁vacancies	12684
▁Multi	12685
▁CO	12686
太多	12687
▁ozone	12688
▁ta	12689
的潜在	12690
gi	12691
作了发言	12692
麼	12693
附属	12694
第二章	12695
结束了	12696
所谓	12697
▁recipient	12698
▁fate	12699
和可持续发展	12700
▁这是一个	12701
維	12702
▁Brussels	12703
▁makers	12704
▁Guyana	12705
附件三	12706
应考虑	12707
的平均	12708
预先	12709
并酌情	12710
和平与稳定	12711
▁Organizational	12712
▁工发组织	12713
欧洲经委会	12714
▁Life	12715
幸福	12716
整合	12717
▁Overall	12718
▁今年	12719
权益	12720
▁communicate	12721
那时	12722
不清楚	12723
我谨	12724
▁nevertheless	12725
入学	12726
生产力	12727
以协助	12728
▁cancer	12729
进一步发展	12730
▁killings	12731
关联	12732
试点	12733
初次报告	12734
环境保护	12735
优势	12736
▁Key	12737
增编	12738
资源和	12739
▁observe	12740
AS	12741
十一	12742
▁Substantive	12743
▁filled	12744
.3)	12745
系列	12746
▁injuries	12747
和一个	12748
彼得	12749
▁呼吁	12750
目的在于	12751
▁compromise	12752
▁Unfortunately	12753
余	12754
▁accessibility	12755
复员和重返社会	12756
▁Long	12757
▁不行	12758
▁saved	12759
▁Rwandan	12760
ep	12761
▁stereotypes	12762
▁aspirations	12763
国际工作人员	12764
简报	12765
公共服务	12766
▁sports	12767
之下的	12768
的解决办法	12769
▁Fine	12770
ens	12771
优先领域	12772
窗	12773
终于	12774
还可以	12775
▁今晚	12776
是如何	12777
▁machine	12778
的技术援助	12779
卫生和	12780
发展合作	12781
的知识	12782
西部	12783
槍	12784
▁铭记	12785
绩效指标	12786
▁120	12787
▁為什麼	12788
感到关切的是	12789
▁Damn	12790
	12791
宫	12792
结论性意见	12793
躲	12794
▁seas	12795
▁teacher	12796
国际条约	12797
▁buyer	12798
你会	12799
▁101.	12800
▁Subsequently	12801
▁recalling	12802
區	12803
幼儿	12804
投资者	12805
/2012/	12806
期待着	12807
▁annexes	12808
三分之一	12809
标准的	12810
人均	12811
出发	12812
汇款	12813
ale	12814
会议服务	12815
▁請	12816
在线	12817
物种	12818
网页	12819
▁Mother	12820
是要	12821
分为	12822
尾	12823
▁honey	12824
充分参与	12825
国际货币基金组织	12826
▁engineering	12827
予	12828
高级专员办事处	12829
▁150	12830
AN	12831
▁initially	12832
海盗	12833
▁执行局	12834
木材	12835
▁这不是	12836
知识和	12837
和法律	12838
▁utilized	12839
認為	12840
纲领	12841
消失	12842
▁divided	12843
▁student	12844
▁denial	12845
宏观经济	12846
▁elaborated	12847
了你	12848
应收款	12849
▁Transfer	12850
eh	12851
▁wonder	12852
守则	12853
▁capita	12854
▁enormous	12855
效应	12856
和各	12857
两位	12858
▁curriculum	12859
▁pledged	12860
困	12861
筹集	12862
▁bridge	12863
累	12864
年审议大会	12865
▁George	12866
▁extending	12867
▁loan	12868
册	12869
▁Woods	12870
国际人权法	12871
▁upgrading	12872
将根据	12873
环境问题	12874
在发展中国家	12875
遵照	12876
Do	12877
插	12878
▁leads	12879
赶	12880
残忍	12881
▁conversion	12882
▁distinct	12883
▁dual	12884
贩毒	12885
▁imp	12886
▁databases	12887
▁fulfilled	12888
扩大到	12889
景	12890
调查表	12891
的斗争	12892
采取必要措施	12893
▁attract	12894
.23	12895
▁returning	12896
管理层	12897
9.	12898
人生	12899
入学率	12900
社会福利	12901
移徙工人	12902
▁(2005)	12903
▁Welcome	12904
传染病	12905
▁considerably	12906
▁為	12907
人身	12908
现状	12909
▁2.2	12910
▁inadmissible	12911
第二阶段	12912
核算	12913
知情	12914
超越	12915
▁非常	12916
▁Seminar	12917
日通过的	12918
eth	12919
NLB	12920
▁wrongful	12921
OR	12922
依法	12923
搜索	12924
近年来	12925
段和第	12926
▁Welfare	12927
应确保	12928
▁investigated	12929
▁proceeding	12930
工业发展	12931
▁permission	12932
业已	12933
▁Father	12934
▁occupational	12935
号决议的规定	12936
主要的	12937
▁sake	12938
小心	12939
聘用	12940
人权事务高级专员办事处	12941
软	12942
中所	12943
空气	12944
aida	12945
▁Commander	12946
追加	12947
启动了	12948
蠢	12949
ada	12950
尊严	12951
特立尼达和多巴哥	12952
的武器	12953
▁Everyone	12954
ali	12955
的主	12956
许多人	12957
在我	12958
女儿	12959
原则上	12960
▁River	12961
这些项目	12962
57/2	12963
▁sweet	12964
的暴力行为	12965
107	12966
1970	12967
5/	12968
联合国志愿人员	12969
1984	12970
国际法庭	12971
的力量	12972
(2003)	12973
正在进行	12974
征	12975
成员的	12976
▁clause	12977
谨慎	12978
▁employee	12979
▁比如	12980
号来文	12981
蔓延	12982
您的	12983
2:	12984
▁Brett	12985
西亚经社会	12986
号法	12987
▁assurance	12988
测	12989
▁Trinidad	12990
所附	12991
▁瑞士	12992
菜	12993
美国政府	12994
▁loved	12995
似	12996
扫盲	12997
▁联合王国	12998
▁heavily	12999
消灭	13000
科学家	13001
▁instalment	13002
▁102.	13003
闭	13004
控	13005
执	13006
职权范围	13007
有益	13008
Sha	13009
两级	13010
疫苗	13011
的申诉	13012
棒	13013
独立性	13014
▁Views	13015
迁	13016
▁mobilizing	13017
▁如果我们	13018
国际金融	13019
▁describe	13020
▁divorce	13021
▁stipulates	13022
全球机制	13023
影响力	13024
▁smaller	13025
段的规定	13026
▁penal	13027
卫生保健	13028
宣传和	13029
▁boss	13030
和报告	13031
特使	13032
▁extrajudicial	13033
▁damages	13034
罚款	13035
财政期间	13036
帝	13037
并欢迎	13038
这么说	13039
▁acknowledge	13040
北草坪会议大楼	13041
旁	13042
▁Role	13043
▁unacceptable	13044
受到了	13045
隊	13046
捐赠	13047
迄今为止	13048
段落	13049
在许多	13050
的中心	13051
邊	13052
生殖	13053
智	13054
积极参加	13055
代表参加	13056
	13057
▁abortion	13058
的详细	13059
军事行动	13060
孩子们	13061
▁maximize	13062
预防犯罪和刑事司法	13063
ative	13064
▁desirable	13065
▁affects	13066
这些组织	13067
鼓励各国	13068
屋	13069
虽	13070
▁thou	13071
▁全	13072
电台	13073
▁我们也	13074
有任何	13075
▁Certain	13076
名义	13077
▁separately	13078
已开始	13079
惡	13080
阶层	13081
▁Addendum	13082
▁我们会	13083
或不	13084
1:	13085
-14	13086
▁fresh	13087
本条	13088
的事态发展	13089
▁zero	13090
和行动	13091
据报	13092
▁1970	13093
▁dark	13094
▁伊	13095
对外	13096
答案	13097
▁Domestic	13098
帮忙	13099
和私营部门	13100
的制度	13101
▁false	13102
▁herewith	13103
宽	13104
▁prescribed	13105
得到加强	13106
▁attendance	13107
城镇	13108
▁ho	13109
打破	13110
想想	13111
的正式	13112
及有关	13113
也不会	13114
机遇	13115
程序的	13116
▁patients	13117
日举行	13118
▁investors	13119
▁portion	13120
和做法	13121
划分	13122
你想	13123
假定	13124
不如	13125
以西班牙语	13126
调查委员会	13127
▁advantages	13128
大会正式记录	13129
Test	13130
▁rapporteurs	13131
▁pull	13132
▁shares	13133
利益攸关者	13134
▁HUMAN	13135
指导委员会	13136
qu	13137
信号	13138
延误	13139
103	13140
▁Peaceful	13141
▁wear	13142
▁associate	13143
▁brings	13144
分别为	13145
▁r	13146
▁surrounding	13147
疯了	13148
▁Black	13149
和其他有关	13150
第八	13151
102	13152
这将	13153
计量	13154
估算	13155
详尽	13156
▁Mc	13157
鸟	13158
with	13159
▁Lakes	13160
本会议	13161
赢	13162
Jo	13163
▁在这种情况下	13164
它对	13165
▁一词	13166
均衡	13167
围绕	13168
感到关切	13169
▁interpreted	13170
访问了	13171
▁eventually	13172
刑事诉讼	13173
▁Libya	13174
▁sphere	13175
rk	13176
▁Regular	13177
	13178
ible	13179
▁Bhutan	13180
计划的	13181
Article	13182
收容	13183
▁aforementioned	13184
组织了	13185
▁ASEAN	13186
▁modified	13187
25%	13188
uri	13189
很有	13190
目标和	13191
的效率	13192
社会中	13193
▁weather	13194
执行情况的报告	13195
▁president	13196
▁做	13197
cu	13198
▁intersessional	13199
▁partial	13200
▁Pe	13201
曼谷	13202
种种	13203
增设	13204
大小	13205
模	13206
▁Leave	13207
san	13208
每次	13209
法律文书	13210
▁tracking	13211
非洲大陆	13212
甘	13213
一直是	13214
101	13215
评注	13216
特权	13217
儿童问题	13218
迈	13219
ita	13220
债	13221
▁Inhuman	13222
教育方案	13223
初级	13224
号决定中	13225
在世界	13226
▁Response	13227
▁Journal	13228
SBI	13229
一揽子	13230
▁adapt	13231
單	13232
因为这些	13233
部委	13234
▁叫	13235
核证	13236
资助恐怖主义	13237
▁Ali	13238
的说法	13239
/21	13240
为支持	13241
▁revenues	13242
表演	13243
参加者	13244
gar	13245
环境基金	13246
Mo	13247
国际恐怖主义	13248
昨天	13249
性别观点	13250
分离	13251
冒	13252
▁jurisdictions	13253
▁preceding	13254
过于	13255
委员会审议	13256
有些国家	13257
百万	13258
及相关	13259
▁ECOWAS	13260
在你	13261
惠益	13262
▁大多数	13263
三个月	13264
各国在	13265
第五十六届会议	13266
刺	13267
▁mark	13268
娘	13269
对发展中国家	13270
静	13271
狂	13272
▁inequalities	13273
将需要	13274
tin	13275
和教育	13276
月以来	13277
和谐	13278
苯	13279
达成共识	13280
▁trip	13281
备选办法	13282
▁colour	13283
▁你不是	13284
decision	13285
感兴趣的	13286
▁jurisprudence	13287
卡拉	13288
羊	13289
原件	13290
处以	13291
▁spite	13292
▁producers	13293
人道	13294
▁districts	13295
和参与	13296
regional	13297
的愿望	13298
▁agent	13299
和人权	13300
陈	13301
家园	13302
ok	13303
任务规定	13304
▁缔约方会议	13305
.29	13306
	13307
▁Him	13308
主要委员会	13309
脸	13310
所在地	13311
▁terrible	13312
联合国出版物	13313
维和部	13314
▁Maldives	13315
▁的决议草案	13316
广大	13317
▁CDM	13318
联合国难民事务高级专员办事处	13319
将包括	13320
检验	13321
(2009)	13322
▁descent	13323
▁eleventh	13324
▁unprecedented	13325
修建	13326
例子	13327
了一系列	13328
▁她是	13329
De	13330
教育和培训	13331
联合国千年宣言	13332
一个新的	13333
各项建议	13334
广告	13335
徒	13336
▁harmonized	13337
拨出	13338
行政管理	13339
配置	13340
绝大多数	13341
▁detection	13342
抵	13343
重新安置	13344
NPT	13345
第三个	13346
TE	13347
▁undertook	13348
付出	13349
government	13350
全面审查	13351
有意	13352
▁wording	13353
▁escape	13354
发展方面	13355
▁politics	13356
1.1	13357
细节	13358
▁Attorney	13359
▁um	13360
旅	13361
的根源	13362
說的	13363
▁土耳其	13364
▁ruling	13365
综合性	13366
优先考虑	13367
▁ultimate	13368
流通	13369
的意愿	13370
▁faces	13371
对这一	13372
▁inherent	13373
细则	13374
▁该方案	13375
摸	13376
58/2	13377
国家政府	13378
▁supplement	13379
约为	13380
巴勒斯坦难民	13381
深刻	13382
▁summarized	13383
活跃	13384
老挝人民民主共和国	13385
▁examining	13386
自由化	13387
ern	13388
乘	13389
抵达	13390
▁Programmes	13391
的主席	13392
范	13393
van	13394
媽	13395
联合国毒品和犯罪问题办事处	13396
和美利坚合众国	13397
▁demographic	13398
的工作方案	13399
代表团认为	13400
nn	13401
▁adjusted	13402
▁难民署	13403
▁Whatever	13404
▁secretariats	13405
▁Aspects	13406
ious	13407
▁尽管如此	13408
▁sold	13409
全文	13410
口译	13411
促进可持续发展	13412
反对派	13413
那樣	13414
▁flag	13415
▁investigating	13416
ists	13417
▁translated	13418
失望	13419
成立的	13420
糖	13421
配额	13422
▁obvious	13423
将要	13424
购	13425
发行	13426
兒子	13427
▁Degrading	13428
1978	13429
闭幕	13430
convened	13431
王国	13432
所提	13433
交存	13434
▁wherever	13435
種	13436
也要	13437
61/2	13438
稳定和	13439
政策的	13440
▁Vi	13441
都可以	13442
▁deterioration	13443
季	13444
涉嫌	13445
的有效性	13446
▁parameters	13447
▁74	13448
▁Coordinating	13449
预算外	13450
▁55/2	13451
▁Zone	13452
蓄意	13453
▁punish	13454
▁roads	13455
扔	13456
产量	13457
法典	13458
808080}	13459
▁acceded	13460
熟悉	13461
的可能	13462
能在	13463
错了	13464
▁justify	13465
积累	13466
伤亡	13467
联合国和	13468
可供	13469
恐怖行为	13470
以便使	13471
问题工作组	13472
出席了	13473
繼續	13474
▁Meetings	13475
▁folder	13476
联合国组织	13477
亲属	13478
▁En	13479
消除对妇女歧视委员会	13480
▁1992,	13481
等人	13482
赖	13483
(1997	13484
进行讨论	13485
园	13486
分裂	13487
▁warrant	13488
▁phases	13489
无视	13490
约翰	13491
而采取的	13492
▁Shi	13493
牵头	13494
ris	13495
严格的	13496
▁kidding	13497
专长	13498
yan	13499
第二委员会	13500
▁satisfactory	13501
斗	13502
工作安排	13503
EN	13504
▁你也	13505
向秘书长	13506
曲	13507
▁plants	13508
▁Housing	13509
的组成	13510
协调机制	13511
空间技术	13512
毕业	13513
的行政	13514
▁Mediterranean	13515
朱	13516
的传统	13517
科技咨询机构	13518
信件	13519
▁somewhere	13520
干涉	13521
的非政府组织	13522
早就	13523
▁Consider	13524
▁comparable	13525
▁hide	13526
一般事务	13527
统筹	13528
让人	13529
的材料	13530
▁mad	13531
产假	13532
国际人权文书	13533
▁contents	13534
执法机构	13535
▁exercised	13536
专家委员会	13537
巴布亚新几内亚	13538
性骚扰	13539
这次会议	13540
▁显然	13541
▁Ten	13542
▁baseline	13543
不知	13544
会有	13545
马克	13546
▁页次	13547
脱离	13548
▁当时	13549
▁Study	13550
▁106.	13551
这两项	13552
斯坦	13553
▁安理会成员	13554
▁神	13555
sp	13556
哭	13557
奶	13558
▁联合国系统	13559
可能对	13560
▁(2002)	13561
人力	13562
▁Currently	13563
▁aviation	13564
应考虑到	13565
▁blind	13566
▁Arbitration	13567
健康和	13568
▁该项目	13569
把她	13570
在全国	13571
的了解	13572
经费筹措	13573
坚信	13574
▁我喜欢	13575
敬	13576
坦	13577
tar	13578
▁1982	13579
擊	13580
插入	13581
Fourth	13582
▁Madrid	13583
discriminatory	13584
▁obstacle	13585
监督和	13586
该国的	13587
该基金	13588
▁miles	13589
和方法	13590
大的	13591
与国际	13592
相似	13593
▁Oman	13594
家庭成员	13595
▁gathered	13596
儿童权利委员会	13597
工厂	13598
ن	13599
▁Fa	13600
毫不	13601
▁argued	13602
uck	13603
▁cultivation	13604
此外	13605
▁partly	13606
完了	13607
领导的	13608
▁enjoyed	13609
seekers	13610
▁holistic	13611
铀	13612
不属于	13613
▁taxes	13614
▁sending	13615
愿望	13616
▁advise	13617
▁commencement	13618
的指标	13619
decentralization	13620
法律顾问	13621
缴付	13622
佛得角	13623
刑事诉讼法	13624
沿海	13625
190	13626
▁resumption	13627
的百分比	13628
See	13629
▁grown	13630
▁喔	13631
发给	13632
找不到	13633
核材料	13634
我也	13635
有點	13636
▁2014.	13637
拖欠	13638
▁是不是	13639
述及	13640
也不是	13641
▁imposition	13642
其他地方	13643
阐述了	13644
▁tend	13645
土著妇女	13646
ibid	13647
接到	13648
是我们	13649
枪支	13650
▁highlights	13651
乡	13652
申报	13653
警察部队	13654
乔治	13655
发展议程	13656
離	13657
▁convey	13658
zo	13659
笵	13660
202020}	13661
ura	13662
▁liable	13663
下一	13664
批准或加入	13665
迫害	13666
年开始	13667
撞	13668
60%	13669
代表以	13670
但也	13671
你说	13672
并在这方面	13673
▁marry	13674
▁regulated	13675
▁classification	13676
英语	13677
▁anywhere	13678
▁viewed	13679
哥哥	13680
韩国	13681
è	13682
制度的	13683
▁2.1	13684
相关决议	13685
地名	13686
ning	13687
根据大会	13688
没事	13689
▁根据第	13690
并考虑到	13691
▁islands	13692
成果文件	13693
贵国	13694
酷	13695
▁finish	13696
早日	13697
▁cargo	13698
看起来	13699
瓜	13700
较为	13701
▁硂	13702
颁布了	13703
▁Marine	13704
发展中	13705
贝尔	13706
▁separated	13707
但没有	13708
拉加经委会	13709
胁迫	13710
跨国	13711
收取	13712
文职	13713
联合国工作人员	13714
雇佣军	13715
ini	13716
本组织的	13717
▁71	13718
▁decree	13719
▁robust	13720
必需	13721
以解决	13722
甄选	13723
铁路	13724
明显的	13725
统治	13726
▁Cruel	13727
亲爱的	13728
▁memory	13729
▁这将	13730
种族灭绝	13731
站在	13732
▁Secondly	13733
使用者	13734
▁validity	13735
▁networking	13736
以供	13737
▁西	13738
强制执行	13739
认	13740
少年司法	13741
买方	13742
埋	13743
cc	13744
▁autonomy	13745
的实质性	13746
生命权	13747
▁applicant	13748
▁testimony	13749
可能导致	13750
黄	13751
CAT	13752
租金	13753
▁summer	13754
不公平	13755
老人	13756
軍	13757
▁Italian	13758
ID	13759
▁executed	13760
▁但是我	13761
巴哈马	13762
以帮助	13763
fe	13764
▁placement	13765
▁nobody	13766
诉讼程序	13767
有关机构	13768
/1)	13769
▁irrespective	13770
的财务	13771
章节	13772
▁stabilization	13773
委员会建议	13774
▁87	13775
▁suicide	13776
來的	13777
▁Governor	13778
秒	13779
▁economically	13780
开设	13781
▁Nobody	13782
▁countering	13783
ET	13784
▁intimidation	13785
充分合作	13786
▁Continue	13787
名为	13788
▁%	13789
▁departure	13790
▁underscored	13791
想到	13792
联合国反腐败公约	13793
/1997/	13794
外面	13795
▁Captain	13796
我们要	13797
Ha	13798
不久	13799
止	13800
体罚	13801
境	13802
废	13803
而采取的措施	13804
▁organisations	13805
ag	13806
抢	13807
▁104.	13808
▁promised	13809
▁refusal	13810
的人们	13811
太阳	13812
最不发达国家的	13813
eng	13814
▁南非	13815
誰	13816
▁credentials	13817
集中在	13818
解释说	13819
報	13820
▁wind	13821
▁我们可以	13822
▁正	13823
▁architecture	13824
▁holders	13825
中使用	13826
流行	13827
2.5	13828
▁ECA	13829
麻	13830
也可能	13831
被占领巴勒斯坦领土	13832
▁各国政府	13833
北方	13834
馆	13835
主席声明	13836
▁evolving	13837
▁sum	13838
为依据	13839
such	13840
▁sitting	13841
和评估	13842
潜在的	13843
▁unemployed	13844
仇外心理	13845
▁1990,	13846
▁Strengthen	13847
矛盾	13848
草稿	13849
作出反应	13850
成长	13851
的任务规定	13852
▁contractor	13853
▁Presidency	13854
▁Verde	13855
sha	13856
▁fax	13857
▁realities	13858
▁broke	13859
岸	13860
常驻联合国代表给秘书长的信	13861
各国人民	13862
阵	13863
▁preambular	13864
Original	13865
▁grade	13866
提交一份	13867
高兴	13868
	13869
1979	13870
并请秘书长	13871
和利用	13872
▁proven	13873
复制	13874
多久	13875
▁我真的	13876
不当	13877
的拟议	13878
缩	13879
医	13880
▁bottom	13881
实验	13882
▁incompatible	13883
▁主	13884
▁TV	13885
冈比亚	13886
和维持	13887
▁beneficial	13888
的数字	13889
拨	13890
媽媽	13891
一词	13892
3:00	13893
推出	13894
领土上	13895
▁103.	13896
▁boat	13897
高级代表	13898
布雷顿森林机构	13899
法人	13900
的冲突	13901
▁Royal	13902
▁regulate	13903
中断	13904
五十	13905
强调需要	13906
▁Accounting	13907
月期间	13908
实施情况	13909
联苏特派团	13910
▁exercises	13911
诊断	13912
兼顾	13913
救助	13914
联合国贸易和发展会议	13915
▁satisfied	13916
还注意到	13917
/32	13918
对有关	13919
牺牲	13920
患	13921
过了	13922
所有这些	13923
▁negotiate	13924
外空	13925
极端主义	13926
▁documented	13927
经济和	13928
▁欧盟	13929
爆炸物	13930
新技术	13931
ns	13932
关切的是	13933
我不	13934
司法机关	13935
挑选	13936
▁Haitian	13937
政治意愿	13938
▁radiation	13939
▁optional	13940
▁后来	13941
在這裡	13942
救援	13943
▁或许	13944
好嗎	13945
▁我是说	13946
国集团和中国	13947
权利和	13948
135	13949
外地特派团	13950
是真的	13951
▁clothes	13952
▁advised	13953
复兴	13954
预计将	13955
空缺率	13956
▁friendly	13957
只会	13958
▁feasibility	13959
不限成员名额	13960
的公司	13961
▁rental	13962
有担保债权人	13963
判处	13964
办法是	13965
有罪不罚	13966
▁impartiality	13967
▁阿富汗	13968
▁我们需要	13969
在某些	13970
敌	13971
份报告	13972
▁hang	13973
几次	13974
灰	13975
政府对	13976
的过程	13977
和平解决	13978
积	13979
历史上	13980
严	13981
定居	13982
必须是	13983
134	13984
IM	13985
ft	13986
满意	13987
被害人	13988
财务报告	13989
▁Promote	13990
发现了	13991
.105/	13992
妇女组织	13993
无人	13994
▁尤其是	13995
借口	13996
妈	13997
IR	13998
▁disparities	13999
会上	14000
有用的	14001
15%	14002
▁arm	14003
▁parent	14004
▁缔约方	14005
参数	14006
引发	14007
▁notify	14008
▁105.	14009
路线	14010
▁tenure	14011
▁tribute	14012
慷慨	14013
▁秘书处的说明	14014
在日内瓦	14015
成熟	14016
第一款	14017
预防犯罪和刑事司法委员会	14018
名妇女	14019
▁classified	14020
供资的	14021
早上	14022
大会关于	14023
▁precise	14024
但却	14025
责	14026
/2)	14027
ec	14028
▁(2);	14029
▁Daddy	14030
。」	14031
一级的	14032
风险评估	14033
建立在	14034
▁一些代表团	14035
国王	14036
▁2015.	14037
▁Perhaps	14038
看到了	14039
▁Increase	14040
因为这	14041
该办公室	14042
作战	14043
▁Green	14044
审判分庭	14045
不利影响	14046
丢	14047
基础设施和	14048
800	14049
▁dropped	14050
▁ensures	14051
工作条件	14052
联合国打击跨国有组织犯罪公约	14053
▁定于	14054
的声音	14055
轨	14056
56/2	14057
▁110.	14058
因为它们	14059
(2008	14060
▁contrast	14061
大会在	14062
资金来源	14063
▁perceived	14064
▁审议了	14065
失业率	14066
过分	14067
份额	14068
大西洋	14069
的合同	14070
宣称	14071
▁rent	14072
▁seller	14073
▁specify	14074
▁radioactive	14075
ps	14076
成年人	14077
必然	14078
第四届会议	14079
▁awards	14080
▁privacy	14081
ney	14082
agenda	14083
布拉	14084
以及联合国	14085
的故事	14086
委员会注意到	14087
呼吸	14088
国家一级的	14089
寻求庇护者	14090
不容忍	14091
喂	14092
极为重要	14093
选项	14094
三次	14095
所定	14096
▁Democracy	14097
▁Swiss	14098
禁止酷刑和其他残忍	14099
▁deleted	14100
▁Prev	14101
一只	14102
▁belong	14103
补救措施	14104
预防措施	14105
▁西班牙	14106
减缓	14107
肥	14108
▁debris	14109
列出了	14110
▁resettlement	14111
拘押	14112
遵约	14113
▁fly	14114
▁deals	14115
确保其	14116
所有各方	14117
契约	14118
志愿人员	14119
的选举	14120
第一阶段	14121
嗯	14122
1-	14123
第五十五届会议	14124
暂定	14125
联合国人员	14126
萨摩亚	14127
▁aside	14128
des	14129
航	14130
为联合国	14131
住房和	14132
文件中	14133
司法制度	14134
罪行的	14135
调查和	14136
▁Manual	14137
侧重	14138
延	14139
▁荷兰	14140
隐	14141
RA	14142
▁1991,	14143
的一份	14144
安全部门改革	14145
杀死	14146
▁allocations	14147
▁payable	14148
临时措施	14149
益	14150
▁mutilation	14151
中立	14152
政治事务部	14153
眾	14154
本文件	14155
▁1967	14156
▁deny	14157
▁Papua	14158
包括关于	14159
扣押	14160
权限	14161
火器	14162
生日	14163
2,000	14164
应予	14165
登记的	14166
深信	14167
一部	14168
南斯拉夫	14169
南斯拉夫联盟共和国	14170
全权证书	14171
冲击	14172
▁arrears	14173
人权文书	14174
▁要是	14175
▁indirectly	14176
我了	14177
在处理	14178
患者	14179
的独立	14180
吸毒	14181
产生影响	14182
作为其	14183
必須	14184
改组	14185
▁punished	14186
和大会	14187
简要记录	14188
▁相反	14189
ena	14190
秘书长的	14191
▁solve	14192
▁essentially	14193
原先	14194
▁Isn	14195
▁Yo	14196
押	14197
灾害管理	14198
For	14199
充分尊重	14200
国家战略	14201
小组成员	14202
保障监督	14203
/2013/	14204
输	14205
都将	14206
仪式	14207
▁我叫	14208
和地方	14209
▁全国	14210
由联合国	14211
▁diversification	14212
之所以	14213
乙	14214
人权条约机构	14215
-24	14216
▁又回顾	14217
的基本原则	14218
筁	14219
▁Target	14220
▁UNITAR	14221
任何国家	14222
向所有	14223
有关的活动	14224
非洲发展	14225
▁attributed	14226
圖	14227
有效和	14228
薄弱	14229
▁instruction	14230
▁evolution	14231
▁expressly	14232
All	14233
▁fragile	14234
▁qualifications	14235
机密	14236
▁Prevent	14237
▁holds	14238
▁其实	14239
具体目标	14240
▁Governance	14241
▁geographic	14242
▁sun	14243
法外处决	14244
▁frequent	14245
远远	14246
的安排	14247
建立伙伴关系	14248
转向	14249
▁communicated	14250
便于	14251
给我们	14252
▁inspections	14253
无线电	14254
▁Think	14255
计划和	14256
▁interviews	14257
中部非洲	14258
▁在这一	14259
ons	14260
▁SMEs	14261
▁apparent	14262
几年	14263
54/	14264
▁nominated	14265
向你	14266
46/	14267
▁Credentials	14268
▁bag	14269
如果你	14270
作为一项	14271
大多	14272
仅限于	14273
▁Far	14274
遥感	14275
高中	14276
牙	14277
蒙特雷共识	14278
▁contingency	14279
▁attainment	14280
国会	14281
(5)	14282
的犯罪	14283
主意	14284
▁excess	14285
提到的	14286
▁environments	14287
缔约国的	14288
▁genital	14289
▁kilometres	14290
▁97	14291
很棒	14292
--	14293
放下	14294
▁clarified	14295
▁medicine	14296
▁notion	14297
EM	14298
▁非公开会议	14299
扭转	14300
▁exceptions	14301
不准	14302
原始	14303
第七届会议	14304
▁elect	14305
另一方面	14306
▁witnessed	14307
▁swear	14308
已经开始	14309
一项关于	14310
的指导	14311
联系起来	14312
▁(2	14313
占有	14314
Mar	14315
为由	14316
领域中	14317
▁海	14318
抱	14319
的最佳做法	14320
的规模	14321
残疾人权利公约	14322
▁unpaid	14323
力度	14324
▁weird	14325
引入	14326
port	14327
直布罗陀	14328
科摩罗	14329
统	14330
的命令	14331
▁delivering	14332
主管机构	14333
更具	14334
▁Tom	14335
▁freeze	14336
自卫	14337
,900	14338
该系统	14339
▁allowances	14340
额外的	14341
给了	14342
▁mankind	14343
实现这一目标	14344
还会	14345
遭遇	14346
塞尔维亚和黑山	14347
ira	14348
▁Agricultural	14349
▁feedback	14350
为解决	14351
名单上	14352
不錯	14353
▁strive	14354
▁admission	14355
▁visiting	14356
▁目前正在	14357
安道尔	14358
▁mountain	14359
▁throw	14360
独特的	14361
利润	14362
▁所需资源	14363
演讲	14364
陆	14365
▁Systems	14366
在我们	14367
強	14368
意愿	14369
▁ethics	14370
▁realistic	14371
▁incorporating	14372
评估和	14373
动荡	14374
ration	14375
对决议草案	14376
▁Care	14377
清楚地	14378
原则和	14379
▁partially	14380
以避免	14381
咨询小组	14382
▁stories	14383
▁audits	14384
并敦促	14385
羁押	14386
▁valuation	14387
▁proposes	14388
▁receivable	14389
和扩大	14390
个国家的	14391
和业务	14392
▁就在	14393
性虐待	14394
走私	14395
退化	14396
▁annexed	14397
一百	14398
的透明度	14399
政治进程	14400
▁环境署	14401
大众	14402
瑪	14403
性质的	14404
等级	14405
▁warm	14406
代价	14407
▁在我	14408
条件是	14409
联海稳定团	14410
▁river	14411
醉	14412
▁Uses	14413
▁Young	14414
▁communiqu	14415
受影响的	14416
▁ST	14417
▁relatives	14418
和国际组织	14419
***	14420
一笔	14421
失去了	14422
在阿富汗	14423
▁commends	14424
不可分割	14425
的授权	14426
▁ride	14427
▁settle	14428
使其能够	14429
吵	14430
新增	14431
所涉及的	14432
告訴你	14433
sta	14434
▁加	14435
▁Series	14436
从来没有	14437
根源	14438
绩效	14439
▁Practice	14440
履行机构	14441
应当在	14442
确保所有	14443
▁法庭	14444
▁Specific	14445
affected	14446
以色列政府	14447
使人们	14448
▁forever	14449
产品的	14450
▁fewer	14451
老板	14452
▁quantity	14453
▁thereafter	14454
乡村	14455
she	14456
▁99	14457
双边和多边	14458
方面取得	14459
十六	14460
的评价	14461
▁再次	14462
▁battle	14463
▁watching	14464
技	14465
采取一切必要措施	14466
▁originally	14467
(2000)	14468
▁Hurry	14469
2012-2013	14470
2020	14471
与人权	14472
北约	14473
非盟	14474
称赞	14475
▁settings	14476
这个项目	14477
▁absolutely	14478
签	14479
▁pp	14480
▁easier	14481
▁mistake	14482
房间	14483
yl	14484
侦查	14485
▁bio	14486
▁brain	14487
的意义	14488
▁withdrawn	14489
基因	14490
相一致	14491
▁attending	14492
仍然存在	14493
▁distance	14494
等于	14495
工作人员和	14496
项目下	14497
一段时间	14498
▁reverse	14499
荷	14500
▁Ru	14501
▁http	14502
yo	14503
虚	14504
▁apart	14505
无需	14506
▁mail	14507
▁Works	14508
▁explicit	14509
及其附件	14510
90%	14511
签订	14512
▁GM	14513
国际义务	14514
▁College	14515
建筑物	14516
援	14517
的原因是	14518
的效果	14519
农场	14520
育	14521
喷	14522
忠	14523
所能	14524
平等机会	14525
▁109.	14526
▁crops	14527
歲	14528
另一项	14529
▁Atlantic	14530
第四条	14531
sized	14532
哥本哈根	14533
有力	14534
迫切	14535
▁Mary	14536
中心的	14537
在实施	14538
关于联合国	14539
特别重视	14540
▁107.	14541
其他机构	14542
▁Near	14543
并且在	14544
▁forestry	14545
有两个	14546
70%	14547
均可	14548
庭长	14549
▁accede	14550
何时	14551
进行协调	14552
发出了	14553
七个	14554
試	14555
▁investigative	14556
▁practitioners	14557
僵局	14558
德拉	14559
ake	14560
具体措施	14561
这边	14562
1.5	14563
流行病	14564
114	14565
▁人权高专办	14566
奧	14567
珍	14568
▁Line	14569
我能	14570
筹备工作	14571
戒	14572
▁78	14573
与国家	14574
接待	14575
▁coordinators	14576
咨商地位	14577
易受	14578
▁interdependence	14579
修复	14580
▁flying	14581
小组讨论	14582
海岸	14583
在某些情况下	14584
▁ESCWA	14585
名成员	14586
▁virtue	14587
▁誰	14588
(2008)	14589
/12	14590
▁divisions	14591
▁missile	14592
▁警察	14593
ough	14594
农业和	14595
▁abolition	14596
的议程项目	14597
艾滋病的	14598
▁incorporation	14599
▁usual	14600
惩治	14601
▁Har	14602
和挑战	14603
请你	14604
▁Natural	14605
的直接	14606
被指控	14607
▁efficiently	14608
▁Acts	14609
▁officially	14610
咨询和	14611
药物管制	14612
严重影响	14613
▁collecting	14614
▁malnutrition	14615
▁statutory	14616
▁mis	14617
▁feed	14618
不喜欢	14619
人类发展	14620
▁confiscation	14621
潘	14622
激励	14623
信道	14624
联合国总部	14625
继续开展	14626
▁ha	14627
▁促请	14628
两者	14629
▁bomb	14630
医疗保健	14631
king	14632
代替	14633
委员会秘书	14634
缓慢	14635
▁Steer	14636
放松	14637
▁ya	14638
不愿意	14639
▁该委员会	14640
的官员	14641
浮	14642
▁verify	14643
备选案文	14644
国防部	14645
▁新西兰	14646
实质	14647
斡旋	14648
聽到	14649
▁UNDCP	14650
▁pertinent	14651
勘探	14652
▁globally	14653
人道主义事务协调厅	14654
非正式会议	14655
1983	14656
59/2	14657
▁Cabinet	14658
▁gathering	14659
▁反对	14660
的一名	14661
▁Aviation	14662
▁formula	14663
▁organic	14664
奖学金	14665
▁everywhere	14666
外联	14667
▁explosives	14668
关岛	14669
创业	14670
监	14671
▁Ababa	14672
▁Considering	14673
良心	14674
搜查	14675
istic	14676
波动	14677
▁worried	14678
什麽	14679
date	14680
壞	14681
普查	14682
▁missiles	14683
宣传运动	14684
竞选	14685
▁好吗	14686
所进行的	14687
▁Destruction	14688
▁appropriately	14689
爆	14690
伊斯兰教	14691
上去	14692
有兴趣	14693
▁Urban	14694
▁过来	14695
减贫战略文件	14696
东南亚	14697
所有人都	14698
2-	14699
姑娘	14700
International	14701
▁commerce	14702
的条约	14703
常驻	14704
.28	14705
.4)	14706
行政首长	14707
递交	14708
证件	14709
开玩笑	14710
维也纳公约	14711
纲要	14712
(1999	14713
▁gradually	14714
▁$10	14715
可能性	14716
举报	14717
发展政策	14718
▁attacked	14719
▁excuse	14720
▁這個	14721
▁genetic	14722
航行	14723
▁reflection	14724
大幅	14725
提供指导	14726
耗	14727
手中	14728
▁lucky	14729
本国工作人员	14730
▁Treaties	14731
▁comprise	14732
世界粮食计划署	14733
仲裁庭	14734
艰难	14735
▁briefed	14736
▁timetable	14737
▁Chi	14738
▁Whoa	14739
第十	14740
禁止酷刑委员会	14741
▁Documents	14742
▁colleagues	14743
▁traditions	14744
ama	14745
▁意大利	14746
就如何	14747
▁hosting	14748
▁Big	14749
▁Lu	14750
总务委员会	14751
▁mixed	14752
数据的	14753
边缘	14754
▁Chemicals	14755
有多少	14756
▁proactive	14757
▁suit	14758
▁Addis	14759
▁confident	14760
印象	14761
作者	14762
还强调	14763
区域和	14764
卫	14765
大麻	14766
根本不	14767
▁birthday	14768
烦	14769
这些国家的	14770
-2006	14771
not	14772
但仍	14773
▁inalienable	14774
犯人	14775
▁terror	14776
潮	14777
脑	14778
受害者的	14779
克里斯	14780
ls	14781
▁affirmed	14782
保健和	14783
第五次	14784
table	14785
▁weren	14786
在议程项目	14787
永	14788
大幅度	14789
秘书长在	14790
面临的挑战	14791
▁finished	14792
世卫组织	14793
也就是	14794
眼睛	14795
基本服务	14796
绳之以法	14797
▁assault	14798
反恐委员会	14799
▁reparation	14800
問題	14801
将以	14802
▁listing	14803
担任主席	14804
tal	14805
▁大会在	14806
▁Sit	14807
▁utilize	14808
舰	14809
▁tension	14810
是有	14811
的儿子	14812
系统和	14813
裁减	14814
60/1	14815
▁scourge	14816
奇怪	14817
▁UNMIS	14818
▁stating	14819
方面取得进展	14820
Br	14821
side	14822
▁match	14823
*、	14824
wo	14825
百万美元	14826
前任	14827
三方	14828
ome	14829
▁measured	14830
▁spouses	14831
住宅	14832
▁108.	14833
▁Andorra	14834
律	14835
自愿捐助	14836
session	14837
的选择	14838
这一事实	14839
埃尔	14840
第六十二届会议	14841
我可以	14842
▁arrange	14843
概况	14844
通过了一项	14845
▁smooth	14846
▁fix	14847
▁appealed	14848
▁busy	14849
▁Integration	14850
斯塔	14851
▁Jean	14852
将成为	14853
的好处	14854
运输和	14855
58/	14856
▁Families	14857
▁Future	14858
才会	14859
还建议	14860
VIII	14861
▁teach	14862
分娩	14863
▁operated	14864
发起了	14865
策略	14866
▁perpetrated	14867
▁surplus	14868
fr	14869
南苏丹	14870
	14871
ock	14872
与之	14873
电邮	14874
行动和	14875
▁但他	14876
依照第	14877
▁toward	14878
她们的	14879
指导意见	14880
收费	14881
法律事务厅	14882
其中一些	14883
莱索托	14884
▁Check	14885
▁militia	14886
▁Blue	14887
▁Remember	14888
少女	14889
▁Gambia	14890
▁punishable	14891
▁exercising	14892
实现可持续发展	14893
应与	14894
较少	14895
OC	14896
其成员	14897
转型	14898
▁acted	14899
手术	14900
▁81	14901
but	14902
SS	14903
▁Copenhagen	14904
绝不	14905
▁lying	14906
欣见	14907
▁发展中国家	14908
浓度	14909
并执行	14910
划拨	14911
▁1996.	14912
技术合作活动	14913
是为	14914
进出口	14915
时至下午	14916
▁thy	14917
加强努力	14918
在当地	14919
基本原则	14920
選	14921
▁Martin	14922
国家法律	14923
▁Ke	14924
▁ice	14925
▁None	14926
▁infant	14927
▁prohibits	14928
▁render	14929
信心	14930
▁我相信	14931
国际和区域	14932
▁deserve	14933
非政府	14934
▁divide	14935
加强合作	14936
▁budgeted	14937
常设论坛	14938
的特点	14939
第六届会议	14940
包括为	14941
标志	14942
▁晚安	14943
戏	14944
改动	14945
全面禁止核试验条约	14946
性别歧视	14947
的职权范围	14948
sector	14949
横	14950
▁policymakers	14951
幹	14952
诊所	14953
国际社会必须	14954
提议的	14955
錯	14956
芬	14957
化学武器	14958
采取适当措施	14959
▁sponsoring	14960
▁avoiding	14961
履约	14962
满意地注意到	14963
ins	14964
波恩	14965
熟	14966
oy	14967
优先权	14968
家里	14969
将向	14970
和信息	14971
▁feature	14972
出售品编号	14973
▁discussing	14974
这些方案	14975
mad	14976
里约	14977
建立信任	14978
莫斯科	14979
播	14980
特别是通过	14981
▁disappeared	14982
有意义的	14983
物体	14984
相互依存	14985
走向	14986
赞赏地注意到	14987
邮	14988
链	14989
报纸	14990
▁Gibraltar	14991
▁evaluating	14992
的广泛	14993
盟	14994
182	14995
为确保	14996
▁hotel	14997
▁incitement	14998
每个人	14999
教会	15000
的人民	15001
▁prosecuted	15002
▁uphold	15003
很久	15004
▁UNAIDS	15005
在有关	15006
海啸	15007
老师	15008
创伤	15009
发挥重要作用	15010
紧张局势	15011
领土内	15012
干预措施	15013
道歉	15014
/2011/	15015
会费	15016
▁Road	15017
国内立法	15018
国家政策	15019
常任理事国	15020
损坏	15021
方案和协调委员会	15022
大批	15023
为你	15024
应是	15025
的访问	15026
][	15027
▁disseminated	15028
嘿	15029
担忧	15030
生意	15031
锁	15032
▁attitude	15033
▁intend	15034
部长会议	15035
集束弹药	15036
架构	15037
见解	15038
▁Gulf	15039
下令	15040
航天	15041
▁assured	15042
不是我	15043
科学技术	15044
▁tired	15045
friendly	15046
不平衡	15047
的统一	15048
严格遵守	15049
宪法法院	15050
▁breakdown	15051
10:00	15052
孔	15053
辞	15054
▁cards	15055
维尔	15056
制定和执行	15057
▁cessation	15058
▁gather	15059
▁locally	15060
▁言	15061
和评价	15062
禁运	15063
▁concludes	15064
▁Opportunities	15065
敌对行动	15066
▁Liberian	15067
不幸	15068
受教育	15069
▁Held	15070
▁programmatic	15071
赢得	15072
app	15073
该中心	15074
MC	15075
第一条	15076
▁oversee	15077
▁wonderful	15078
了他	15079
造林	15080
其活动	15081
▁Tax	15082
应有的	15083
▁challenging	15084
-2000	15085
▁certificates	15086
的举措	15087
麻醉药品委员会	15088
▁childhood	15089
▁managerial	15090
茶	15091
▁Additionally	15092
▁census	15093
该条	15094
▁10-	15095
穆罕默德	15096
▁shape	15097
▁blow	15098
▁Corrections	15099
▁scientists	15100
▁smart	15101
加深	15102
▁intent	15103
▁smoke	15104
发展筹资问题国际会议	15105
境外	15106
一切形式的	15107
委员会应	15108
负责任的	15109
為什麼	15110
▁sport	15111
一致性	15112
对应	15113
▁guaranteeing	15114
将此	15115
空运	15116
你就	15117
同其他	15118
项目活动	15119
大湖区	15120
手机	15121
▁objections	15122
干的	15123
中所载的	15124
关键的	15125
惊	15126
▁James	15127
▁那我	15128
工作量	15129
▁Registry	15130
▁universality	15131
CH	15132
找你	15133
是联合国	15134
	15135
就有	15136
传染	15137
出席会议	15138
你能	15139
方法和	15140
委员会将	15141
的任务期限	15142
ox	15143
-18	15144
伪	15145
公寓	15146
▁attempted	15147
斯德哥尔摩公约	15148
屁股	15149
▁dry	15150
▁看来	15151
替代品	15152
灭	15153
▁奥地利	15154
▁confirmation	15155
人才	15156
洋	15157
渔	15158
▁properties	15159
▁appropriations	15160
宁	15161
高等法院	15162
▁nationally	15163
▁push	15164
▁upcoming	15165
▁quiet	15166
▁我来	15167
約	15168
居留	15169
苏里南	15170
醫生	15171
-4,	15172
▁intensive	15173
112	15174
另一种	15175
耳	15176
首要	15177
各国的	15178
同情	15179
▁Someone	15180
▁合	15181
語	15182
公共部门会计准则	15183
军备控制	15184
111	15185
干扰	15186
稳定的	15187
联塞特派团	15188
吸	15189
作证	15190
前体	15191
▁authorize	15192
的意思	15193
▁hearings	15194
▁她说	15195
人权机构	15196
更高	15197
委员会对	15198
一件事	15199
▁wondered	15200
权和	15201
og	15202
▁sexually	15203
佐	15204
▁Bonn	15205
▁IS	15206
坎	15207
彩	15208
第五届会议	15209
该司	15210
CERD	15211
▁Rotterdam	15212
▁marketing	15213
權	15214
▁falls	15215
主持人	15216
年份	15217
138	15218
▁不会	15219
▁twelfth	15220
将近	15221
有机	15222
这就是	15223
4/	15224
倫	15225
截止	15226
和儿童	15227
OS	15228
和承诺	15229
核能	15230
金融危机	15231
盡	15232
麦克	15233
团队	15234
大会决定	15235
教育机构	15236
殺了	15237
魔	15238
万美元的	15239
▁Art	15240
和技术援助	15241
▁ECE	15242
Man	15243
国家元首	15244
伯利兹	15245
系统地	15246
▁medicines	15247
促进两性平等	15248
可爱	15249
1540(2004)	15250
▁commenced	15251
▁god	15252
弃	15253
TC	15254
▁fool	15255
下來	15256
的前	15257
的女人	15258
br	15259
携带	15260
▁Migrant	15261
▁reproduced	15262
更换	15263
忆及	15264
执行第	15265
籍	15266
悲剧	15267
-5)	15268
▁Huh	15269
中提出的	15270
救灾	15271
▁releases	15272
迈出	15273
》/《	15274
国家当局	15275
提供经费	15276
是什麼	15277
▁prohibiting	15278
▁所以你	15279
用尽	15280
过渡政府	15281
ati	15282
lor	15283
ã	15284
抱歉	15285
▁voted	15286
分散会	15287
战略性	15288
ations	15289
▁attain	15290
对儿童的	15291
▁aliens	15292
ever	15293
▁racist	15294
不公正	15295
▁cooperating	15296
和宗教	15297
▁Investigation	15298
▁trans	15299
和尊重	15300
毫米	15301
▁你說	15302
▁Everybody	15303
▁arguments	15304
不满	15305
其他一些	15306
1,000	15307
中指出	15308
和援助	15309
也能	15310
违法	15311
不断增加	15312
▁111.	15313
條	15314
裁	15315
▁Emphasizing	15316
十四	15317
合适的	15318
▁interview	15319
加强与	15320
使用了	15321
第九届会议	15322
▁imagine	15323
▁landmines	15324
可持续发展的	15325
宝贝	15326
▁Develop	15327
国内和国际	15328
▁ballot	15329
▁endorsement	15330
▁委员会欢迎	15331
▁Coalition	15332
对方	15333
条件下	15334
od	15335
受益人	15336
报告草稿	15337
▁小心	15338
和控制	15339
通用	15340
▁civilizations	15341
▁Guam	15342
正式会议	15343
▁1985	15344
▁Practices	15345
减灾	15346
的任务是	15347
要做	15348
▁Associate	15349
其他组织	15350
全额	15351
这一切	15352
进度报告	15353
政治和	15354
纠纷	15355
.1);	15356
人们对	15357
展望	15358
在这一领域	15359
▁Reconciliation	15360
国的	15361
号一般性意见	15362
娱乐	15363
▁Bahamas	15364
之日起	15365
▁presenting	15366
其他资源	15367
平等的	15368
上空	15369
挑	15370
▁accommodate	15371
的那	15372
被占领土	15373
说了	15374
进行对话	15375
▁Radio	15376
▁unified	15377
▁天哪	15378
▁White	15379
稳	15380
▁Christian	15381
▁store	15382
办理	15383
西方	15384
那麼	15385
同性恋	15386
声援	15387
建议的	15388
▁shortly	15389
▁十	15390
所属	15391
降至	15392
领土的	15393
af	15394
▁Counsel	15395
▁经过	15396
有没有	15397
ction	15398
土地退化	15399
缩短	15400
▁manager	15401
实用	15402
旅馆	15403
▁Current	15404
118	15405
▁Six	15406
区域集团	15407
幅	15408
的前景	15409
▁missed	15410
▁sight	15411
南部非洲	15412
巴勒斯坦被占领土	15413
尿	15414
诸	15415
山区	15416
薄	15417
▁patient	15418
▁各位	15419
這么	15420
isation	15421
消除一切形式种族歧视国际公约	15422
路上	15423
▁helps	15424
買	15425
农村发展	15426
区域性	15427
不愿	15428
基层	15429
睡觉	15430
▁pressing	15431
在制定	15432
方案中	15433
▁leg	15434
▁spouse	15435
相辅相成	15436
▁sincere	15437
慈善	15438
战争遗留爆炸物	15439
▁intensified	15440
方面发挥	15441
第八届会议	15442
▁Academy	15443
你自己	15444
巨	15445
▁不好意思	15446
见上文第	15447
逻辑	15448
▁UNFCCC	15449
公职人员	15450
迹	15451
▁MINUSTAH	15452
的合法性	15453
▁快點	15454
which	15455
药物滥用	15456
kov	15457
▁adversely	15458
捕鱼	15459
▁classes	15460
海事组织	15461
贯彻	15462
▁乌克兰	15463
▁Personnel	15464
▁workforce	15465
amp	15466
备选方案	15467
星期五	15468
.51	15469
▁specialists	15470
▁Stressing	15471
红十字国际委员会	15472
▁Resident	15473
▁都是	15474
受益于	15475
提供协助	15476
社会政策	15477
115	15478
▁motivated	15479
伏	15480
▁endeavours	15481
可用于	15482
至少有	15483
1.3	15484
▁confidentiality	15485
▁estate	15486
过的	15487
陆地	15488
几项	15489
协调人	15490
差不多	15491
是这样	15492
▁unanimously	15493
不仅是	15494
第十九条	15495
sch	15496
▁plus	15497
召开一次	15498
▁Sudanese	15499
rov	15500
文化遗产	15501
▁Unless	15502
▁block	15503
▁towns	15504
对国家	15505
区域和国家	15506
有什麼	15507
款和第	15508
▁coast	15509
▁Accounts	15510
联邦政府	15511
▁本次级方案	15512
代表团召集	15513
▁commence	15514
▁uncertainty	15515
▁凡	15516
▁($2	15517
▁Goods	15518
ư	15519
▁neighbours	15520
▁Immigration	15521
間	15522
的女性	15523
答	15524
你可以	15525
幫我	15526
▁prosecutor	15527
某人	15528
看你	15529
回来了	15530
扩大了	15531
▁他指出	15532
免除	15533
利率	15534
发起的	15535
带着	15536
▁peer	15537
尸	15538
▁orbit	15539
继续向	15540
根据大会第	15541
丑	15542
illa	15543
▁不然	15544
挂钩	15545
▁ethical	15546
答应	15547
TP	15548
编写了	15549
▁route	15550
▁settled	15551
展览	15552
喔	15553
炸	15554
▁deposit	15555
其中载有	15556
团伙	15557
.109/	15558
▁Province	15559
▁孩子	15560
的候选人	15561
rr	15562
割	15563
而且在	15564
与此	15565
文献	15566
准备好	15567
方面的工作	15568
▁parental	15569
▁east	15570
液	15571
▁Chambers	15572
ert	15573
▁琌	15574
哪个	15575
standing	15576
的最大	15577
絕	15578
联合国海洋法公约	15579
▁spheres	15580
储蓄	15581
开列的	15582
派驻	15583
起案件	15584
▁suspect	15585
在很大程度上	15586
日的第	15587
▁Decisions	15588
人物	15589
▁Preparation	15590
这笔	15591
ks	15592
一组	15593
编制的	15594
马拉	15595
沒事	15596
用的	15597
即在	15598
使者	15599
关键问题	15600
区域和次区域	15601
有效性	15602
辅导	15603
▁super	15604
▁stressing	15605
▁mo	15606
发展计划	15607
▁Tourism	15608
关系的	15609
成立一个	15610
攻	15611
自从	15612
储	15613
的位置	15614
保卫	15615
记住	15616
特遣队所属装备	15617
统计委员会	15618
▁align	15619
奴隶	15620
没什么	15621
▁inconsistent	15622
的钱	15623
透明和	15624
▁surprise	15625
▁Baghdad	15626
快点	15627
现有资源	15628
生产能力	15629
56/	15630
分发给	15631
刑事责任	15632
▁1:	15633
卜	15634
的首要	15635
我们可以	15636
武力	15637
贫	15638
▁taught	15639
以此作为	15640
的难民	15641
老婆	15642
要求在	15643
▁JIU	15644
▁exceeding	15645
来处理	15646
直接或间接	15647
的协助下	15648
(2);	15649
▁Moscow	15650
▁Recent	15651
持久性有机污染物	15652
▁soul	15653
▁unknown	15654
ised	15655
▁posted	15656
和能力建设	15657
怎麼樣	15658
▁sounds	15659
烂	15660
边缘化	15661
马德里	15662
和能力	15663
温室气体	15664
胎	15665
巴格达	15666
的速度	15667
▁88	15668
常驻联合国代表团	15669
113	15670
的记录	15671
ical	15672
ook	15673
ress	15674
▁bases	15675
▁disappearances	15676
▁amazing	15677
一般性讨论	15678
扶持	15679
▁recourse	15680
▁长官	15681
仅有	15682
本次会议	15683
▁consist	15684
▁infection	15685
▁succeed	15686
讨论中	15687
起到	15688
问题的第	15689
private	15690
显示出	15691
并协助	15692
▁无论	15693
▁这就	15694
严峻	15695
实现了	15696
唐	15697
▁82	15698
▁succession	15699
和贸易	15700
役	15701
▁美利坚合众国	15702
圣马力诺	15703
▁alternate	15704
▁empower	15705
jan	15706
特别法庭	15707
▁83	15708
▁revisions	15709
真的很	15710
连同	15711
▁corrections	15712
▁favor	15713
进行一次	15714
的不利影响	15715
驱动	15716
此案	15717
▁Mark	15718
可持续森林管理	15719
行动自由	15720
170	15721
次数	15722
PR	15723
closed	15724
票对	15725
让她	15726
资助的	15727
同事	15728
有罪	15729
申	15730
▁decisive	15731
▁chair	15732
▁pupils	15733
ries	15734
志愿	15735
远程	15736
▁discipline	15737
非统组织	15738
提出的关于	15739
Cause	15740
▁她还	15741
122	15742
▁79	15743
))。	15744
.3/	15745
hr	15746
减少贫穷	15747
▁doctors	15748
最近在	15749
助长	15750
的独立性	15751
预算编制	15752
▁faster	15753
▁gi	15754
我不知道	15755
▁arrival	15756
▁我覺得	15757
拆除	15758
敦促各国	15759
作出答复	15760
权威	15761
这些文书	15762
的非法	15763
附带	15764
▁這些	15765
生活的	15766
Agenda	15767
肇事者	15768
125	15769
So	15770
請	15771
教堂	15772
武器的	15773
▁还回顾	15774
1973	15775
▁Commercial	15776
▁renew	15777
case	15778
▁1960	15779
▁哥伦比亚	15780
的群体	15781
risk	15782
▁plane	15783
提高其	15784
中央银行	15785
ova	15786
标签	15787
▁你真	15788
▁菲律宾	15789
在這	15790
案子	15791
有一	15792
敌人	15793
了一份	15794
承包商	15795
并提出	15796
执行理事会	15797
重申其	15798
Microsoft	15799
国际上	15800
某些国家	15801
民用	15802
相称	15803
斯威士兰	15804
▁repair	15805
鞋	15806
▁movie	15807
▁thinks	15808
来解决	15809
▁incumbent	15810
代理人	15811
▁Subsidiary	15812
▁wearing	15813
▁advocate	15814
▁expedite	15815
▁strange	15816
▁participant	15817
▁signal	15818
的发展中国家	15819
▁印度尼西亚	15820
▁meets	15821
▁profound	15822
增进和保护人权	15823
▁Charlie	15824
致命	15825
/1/	15826
▁births	15827
▁exhausted	15828
它們	15829
灾	15830
納	15831
▁handed	15832
▁reinforced	15833
猛	15834
充当	15835
播放	15836
▁1.15	15837
▁Charg	15838
▁wedding	15839
战斗人员	15840
的专题	15841
促进了	15842
保障措施	15843
主导	15844
▁基于	15845
与和平	15846
lic	15847
非索特派团	15848
▁Marino	15849
火箭	15850
▁Robert	15851
改革进程	15852
所必需的	15853
穷	15854
物理	15855
在总部	15856
所用	15857
▁61/2	15858
▁licence	15859
消极	15860
进程的	15861
▁96	15862
▁ages	15863
秘书处在	15864
▁gift	15865
▁measurement	15866
▁摩洛哥	15867
阿富汗政府	15868
的普遍	15869
这些原则	15870
▁Thirty	15871
与各	15872
俱乐部	15873
▁(“	15874
将从	15875
拆	15876
免于	15877
50/	15878
▁privileges	15879
东欧	15880
预见	15881
▁song	15882
的各项建议	15883
动用	15884
施行	15885
联合国气候变化框架公约	15886
▁rebel	15887
详细说明	15888
uff	15889
暴行	15890
▁Belize	15891
▁布	15892
瓦尔	15893
談	15894
证据表明	15895
贸易和发展	15896
承担责任	15897
决议和决定	15898
的生产	15899
▁disseminating	15900
第二款	15901
协调一致的	15902
▁115.	15903
明确地	15904
party	15905
back	15906
社会和文化	15907
▁申诉人	15908
通过的关于	15909
介入	15910
得很	15911
持久的	15912
所称	15913
▁parliament	15914
幹嘛	15915
▁Still	15916
实例	15917
款的规定	15918
絲	15919
▁Industry	15920
进一步执行	15921
▁93	15922
▁translate	15923
出入	15924
就會	15925
1960	15926
开发和	15927
▁Jo	15928
▁Lucia	15929
▁misconduct	15930
▁rotation	15931
▁select	15932
保护措施	15933
提出上诉	15934
海军	15935
CM	15936
▁choices	15937
妹妹	15938
和土耳其	15939
二十一世纪	15940
云	15941
生境	15942
秘书处和	15943
▁branches	15944
充足的	15945
▁1984	15946
▁Request	15947
▁Tri	15948
▁jail	15949
▁你还	15950
一张	15951
文件和	15952
▁2015,	15953
▁Electronic	15954
多边环境协定	15955
▁navigation	15956
sis	15957
主管部门	15958
见到你	15959
告诉他	15960
已将	15961
▁然後	15962
▁concentrated	15963
不人道或有辱人格的待遇或处罚公约	15964
开心	15965
公认的	15966
则是	15967
▁tel	15968
做好	15969
表明了	15970
的筹备工作	15971
▁institutes	15972
▁结论	15973
华盛顿	15974
▁consulted	15975
弟弟	15976
固	15977
伊拉克入侵和占领科威特	15978
军事观察员	15979
▁Rico	15980
的债务	15981
▁End	15982
在哪儿	15983
多重	15984
的贸易	15985
▁sad	15986
▁truck	15987
遗	15988
统一的	15989
ä	15990
▁還	15991
该战略	15992
▁frequency	15993
CB	15994
Improved	15995
的司法	15996
相符	15997
预算和	15998
work	15999
▁stick	16000
日开始	16001
和贩运	16002
还可	16003
▁112.	16004
▁太好了	16005
記	16006
▁casualties	16007
▁Until	16008
▁profit	16009
▁distinguished	16010
▁livelihood	16011
关注的是	16012
危	16013
幾	16014
气象	16015
Yeah	16016
世界经济	16017
抢劫	16018
123	16019
ments	16020
兴趣	16021
行使其	16022
迹象	16023
癸	16024
▁Americas	16025
感兴趣	16026
6,000	16027
所有成员	16028
还能	16029
▁84	16030
2014-2015	16031
▁Ageing	16032
▁Pan	16033
安全保障	16034
▁abide	16035
了解到	16036
▁broadly	16037
赞	16038
频	16039
▁Ya	16040
▁borne	16041
▁没事	16042
冲突中	16043
▁respecting	16044
生活水平	16045
国家能力	16046
知道你	16047
黑人	16048
在全世界	16049
孤立	16050
燃	16051
▁ca	16052
▁conceptual	16053
第十四条	16054
图像	16055
▁revise	16056
杂志	16057
这么多	16058
了很多	16059
借助	16060
互助	16061
农产品	16062
减少灾害风险	16063
基督教	16064
▁一些国家	16065
举行的会议	16066
▁demonstration	16067
▁这类	16068
族群	16069
细	16070
rin	16071
国际协定	16072
adi	16073
周年	16074
标记	16075
▁Media	16076
▁diversion	16077
不去	16078
在场	16079
▁possess	16080
公务	16081
Ro	16082
▁returnees	16083
▁thirteenth	16084
捕	16085
中期计划	16086
quality	16087
抵抗	16088
▁背景	16089
这些报告	16090
▁Income	16091
每个国家	16092
▁piracy	16093
出庭	16094
本函	16095
119	16096
▁Liberation	16097
▁114.	16098
误	16099
途	16100
盟约	16101
▁1978	16102
宝贵的	16103
知道我	16104
日前	16105
圆	16106
▁Meanwhile	16107
▁本文件	16108
的最终	16109
驾驶	16110
-17	16111
▁agrees	16112
▁worker	16113
权利和自由	16114
▁Du	16115
▁bus	16116
延期	16117
▁Ivorian	16118
翴	16119
所作的发言	16120
更有	16121
附件一缔约方	16122
该股	16123
▁57/2	16124
▁profits	16125
厄	16126
▁driven	16127
承包者	16128
过渡时期	16129
还欢迎	16130
▁Comoros	16131
保持一致	16132
很容易	16133
▁有什么	16134
▁好像	16135
▁recording	16136
一定会	16137
▁discretion	16138
透明度和	16139
一份关于	16140
军官	16141
带有	16142
总额为	16143
疯狂	16144
tan	16145
▁violating	16146
▁我只	16147
到期	16148
方案和项目	16149
▁du	16150
工艺	16151
▁invoked	16152
▁detect	16153
▁黎巴嫩	16154
▁tragic	16155
会员	16156
要在	16157
	16158
本议定书	16159
mal	16160
和体制	16161
▁Ne	16162
域	16163
▁100,000	16164
▁capture	16165
ami	16166
理事机构	16167
▁damaged	16168
人权情况	16169
其中有	16170
很大的	16171
▁kiss	16172
达成了	16173
▁Company	16174
不明	16175
恰当	16176
所取得的进展	16177
的理解	16178
刑罚	16179
转换	16180
▁113.	16181
▁Market	16182
机器	16183
信息的	16184
立刻	16185
最严重的	16186
▁Poor	16187
得知	16188
社团	16189
EA	16190
国际关系	16191
英雄	16192
▁arrive	16193
▁evaluated	16194
corruption	16195
說什麼	16196
调解人	16197
這裡	16198
▁placing	16199
▁vis	16200
外勤支助部	16201
的待遇	16202
节约	16203
▁Vincent	16204
说服	16205
▁notified	16206
定期审查	16207
有事	16208
▁publish	16209
中等	16210
呼吁国际社会	16211
社会发展委员会	16212
▁helpful	16213
掉了	16214
习惯法	16215
雷斯	16216
宇宙	16217
不多	16218
新出现的	16219
健全	16220
议程上	16221
▁Commerce	16222
作出的决定	16223
腳	16224
看上去	16225
▁talked	16226
俩	16227
▁其他事项	16228
尽量减少	16229
▁admitted	16230
报告指出	16231
▁1325	16232
▁mere	16233
坐在	16234
▁Adopted	16235
▁revitalization	16236
德班宣言和行动纲领	16237
演变	16238
▁我们现在	16239
卢旺达问题国际法庭	16240
感染艾滋病毒	16241
153	16242
为使	16243
这项建议	16244
▁standardized	16245
究竟	16246
▁equipped	16247
儿童和青少年	16248
通过的决议	16249
替换	16250
▁slightly	16251
再度	16252
▁ought	16253
殴打	16254
▁liquidation	16255
并希望	16256
良	16257
▁worship	16258
协商会议	16259
中规定的	16260
▁recover	16261
▁relocation	16262
大人	16263
len	16264
▁Subject	16265
pre	16266
▁emphasizing	16267
▁immigrants	16268
会议室举行	16269
时机	16270
催	16271
▁adhere	16272
世界首脑会议	16273
猫	16274
▁foot	16275
iff	16276
公平的	16277
gue	16278
最低限度	16279
117	16280
常会	16281
▁foreigners	16282
少数族裔	16283
年级	16284
真诚	16285
聪明	16286
全面和	16287
联合国与	16288
▁animals	16289
浪	16290
的协议	16291
▁也許	16292
别的	16293
rez	16294
▁Groups	16295
▁Set	16296
的审计	16297
该小组	16298
顺序	16299
专员小组	16300
天内	16301
▁accidents	16302
国际经济	16303
提出的报告	16304
Com	16305
估计为	16306
持续的	16307
▁芬兰	16308
激	16309
▁尼日利亚	16310
▁她们	16311
学术界	16312
▁我也是	16313
减贫战略	16314
审议的	16315
的讲话	16316
▁receives	16317
安理会第	16318
▁shortcomings	16319
到你	16320
/15	16321
中关于	16322
▁在这	16323
向其提供	16324
组织结构	16325
▁Nor	16326
适足	16327
▁apportionment	16328
▁我们欢迎	16329
应按照	16330
的家人	16331
货币基金组织	16332
吸取	16333
▁peacekeepers	16334
▁images	16335
▁owner	16336
▁Minorities	16337
并决定	16338
这一项目	16339
▁那就是	16340
不良	16341
介	16342
次全体会议上	16343
▁92	16344
作斗争	16345
和福利	16346
了一项	16347
响	16348
是从	16349
聊	16350
蜜	16351
死的	16352
SGB	16353
還有	16354
瓶	16355
屠杀	16356
幸存者	16357
将这些	16358
聘	16359
中对	16360
▁aligned	16361
▁surely	16362
引导	16363
▁conscience	16364
所有国家都	16365
洲	16366
的女孩	16367
此后	16368
监控	16369
违法行为	16370
▁Recalls	16371
听说	16372
52/	16373
和她	16374
和性别	16375
钥匙	16376
第七章	16377
▁alleviate	16378
▁Enhanced	16379
在各级	16380
▁否则	16381
共同主席	16382
妇女问题	16383
实现这些目标	16384
经修订的	16385
的各个方面	16386
鼠	16387
受过	16388
各部	16389
联塞部队	16390
各项措施	16391
藥	16392
▁59/2	16393
▁error	16394
NGO	16395
交流信息	16396
协助各国	16397
的律师	16398
▁Islam	16399
▁interpretative	16400
所致	16401
争	16402
有理由	16403
市政	16404
阿里	16405
▁pandemic	16406
▁Corporation	16407
土著社区	16408
▁continuously	16409
的父亲	16410
委员会的报告	16411
.5)	16412
▁Marshall	16413
▁正是	16414
注射	16415
▁toxic	16416
养老金	16417
▁Border	16418
圣卢西亚	16419
所采取的措施	16420
▁survivors	16421
大量的	16422
浪费	16423
经常性	16424
需要采取	16425
▁Book	16426
你好	16427
屁	16428
▁hinder	16429
不一定	16430
▁blue	16431
提供咨询意见	16432
▁acknowledges	16433
▁ECLAC	16434
各项活动	16435
▁两个	16436
▁OIC	16437
福祉	16438
的依据	16439
向理事会	16440
隔	16441
的一系列	16442
▁crop	16443
埃厄特派团	16444
م	16445
采用的	16446
▁86	16447
交叉	16448
各项决议	16449
判定	16450
按照大会	16451
考察	16452
AM	16453
特别是对	16454
看待	16455
▁(3	16456
▁這樣	16457
结构性	16458
▁Bi	16459
的消息	16460
访	16461
▁updates	16462
怎么会	16463
的咨询意见	16464
NI	16465
应于	16466
解雇	16467
OP	16468
的三个	16469
▁channel	16470
發現	16471
視	16472
进行审议	16473
通过了关于	16474
▁IDB	16475
他們的	16476
名儿童	16477
▁94	16478
▁Fire	16479
拳	16480
▁Improving	16481
▁complicated	16482
▁CEB	16483
lie	16484
不人道	16485
在其报告	16486
▁counterparts	16487
▁Combating	16488
并继续	16489
▁screening	16490
分项	16491
监测组	16492
議	16493
development	16494
厚	16495
基金的	16496
提供培训	16497
长官	16498
犹太人	16499
▁Lesotho	16500
靠近	16501
3,000	16502
▁瑞典	16503
初次	16504
漏	16505
的稳定	16506
▁苏丹	16507
妓	16508
的同意	16509
限于	16510
▁118.	16511
▁deliberate	16512
▁评价	16513
开罗	16514
用水	16515
10)	16516
严重关切	16517
军人	16518
那天	16519
区域委员会	16520
猎	16521
在没有	16522
的经验教训	16523
▁你會	16524
联合国难民事务高级专员	16525
▁甚至	16526
Na	16527
医务	16528
▁Allow	16529
▁hungry	16530
四方	16531
典	16532
和就业	16533
▁moratorium	16534
▁guard	16535
▁invest	16536
战略规划	16537
判例	16538
出来的	16539
支助账户	16540
▁pensions	16541
▁clarity	16542
▁seconds	16543
我感谢	16544
▁animal	16545
筹	16546
▁Sal	16547
▁collaborate	16548
▁沒錯	16549
外来	16550
和目标	16551
技术性	16552
财务条例	16553
▁contributors	16554
子弹	16555
承担的义务	16556
▁Liaison	16557
▁structured	16558
忍	16559
▁Looks	16560
▁crossing	16561
年会	16562
忽略	16563
▁accelerated	16564
▁alleviation	16565
撒哈拉	16566
那儿	16567
滿	16568
▁>	16569
▁analysing	16570
▁resilience	16571
▁dismissed	16572
▁exclude	16573
和平文化	16574
防止和	16575
喊	16576
▁他会	16577
▁它是	16578
.32	16579
必定	16580
来这里	16581
将被	16582
▁nongovernmental	16583
宝	16584
所知	16585
▁vary	16586
▁亞	16587
千美元	16588
年之前	16589
書	16590
▁Objective	16591
▁desk	16592
▁timing	16593
专门的	16594
/2/	16595
议程项目下	16596
培训活动	16597
多边主义	16598
▁exit	16599
中期审查	16600
就不能	16601
ett	16602
▁concentration	16603
还为	16604
▁herself	16605
是与	16606
▁Actually	16607
这三个	16608
核可了	16609
确认了	16610
記得	16611
谈论	16612
▁Ordinance	16613
▁ball	16614
的国际合作	16615
际	16616
▁patrol	16617
实在	16618
▁van	16619
此一	16620
规	16621
咨询人	16622
但委员会	16623
统计资料	16624
在各自	16625
的年度	16626
跨部门	16627
过去一年	16628
湾	16629
目前正	16630
在他	16631
继续对	16632
350	16633
▁Plenary	16634
aka	16635
▁Jan	16636
叔叔	16637
ata	16638
▁116.	16639
估	16640
列于	16641
工作报告	16642
si	16643
注销	16644
▁spring	16645
声音	16646
▁Che	16647
简要	16648
磁	16649
因其	16650
▁增编	16651
高效率	16652
▁不過	16653
体现了	16654
迎接	16655
局面	16656
鹿特丹公约	16657
列表	16658
▁visible	16659
加强国际合作	16660
▁mercenaries	16661
分组	16662
ped	16663
▁pour	16664
开展国际合作	16665
群体的	16666
54/2	16667
乳	16668
第三章	16669
說話	16670
一般事务人员	16671
强大的	16672
UNICEF	16673
财政年度	16674
nu	16675
盐	16676
联合行动	16677
▁installations	16678
本国法律	16679
法治和	16680
进行磋商	16681
▁gentlemen	16682
促	16683
論	16684
▁DC	16685
▁Ca	16686
东耶路撒冷	16687
▁Guid	16688
ano	16689
叙述	16690
▁Cairo	16691
人权条约	16692
▁米	16693
记忆	16694
确切	16695
andlocked	16696
▁kindly	16697
对古巴	16698
▁linguistic	16699
▁creative	16700
▁lowest	16701
币	16702
▁Presidents	16703
▁就决议草案	16704
星期一	16705
人們	16706
平等和	16707
pan	16708
▁Agreements	16709
限制了	16710
▁harmonize	16711
的领导	16712
row	16713
▁宝贝	16714
需要有	16715
▁individually	16716
时刻	16717
甜	16718
据此	16719
美洲国家组织	16720
1974	16721
勃	16722
在关于	16723
眔	16724
中没有	16725
惹	16726
▁但我们	16727
	16728
也必须	16729
出的	16730
(6)	16731
▁ends	16732
▁91	16733
▁corporal	16734
即便	16735
案中	16736
还规定	16737
的重点是	16738
action	16739
▁Run	16740
你們的	16741
14\	16742
▁protective	16743
使命	16744
侵犯了	16745
社会保险	16746
姓名	16747
▁marriages	16748
RI	16749
猪	16750
执行机构	16751
现任	16752
▁smell	16753
▁inventories	16754
加紧	16755
家庭和	16756
费用的	16757
仪	16758
荒漠化公约	16759
还对	16760
▁consequently	16761
但他们	16762
越来越多地	16763
到我	16764
各区域委员会	16765
国家在	16766
精确	16767
结论和建议	16768
iyah	16769
▁suspects	16770
▁weaknesses	16771
支助服务	16772
XXX	16773
对环境	16774
结余	16775
ab	16776
各州	16777
1977	16778
IF	16779
▁brothers	16780
无障碍	16781
统计数字	16782
赤道几内亚	16783
裁军审议委员会	16784
▁entail	16785
真好	16786
/62/7	16787
▁rid	16788
的内部	16789
operation	16790
DE	16791
混乱	16792
los	16793
▁雷	16794
一定是	16795
基本权利	16796
中心和	16797
▁roster	16798
了关于	16799
防治艾滋病毒	16800
不确定	16801
信息社会	16802
以及有关	16803
我认为	16804
▁deferred	16805
▁第二委员会	16806
对国际和平与安全	16807
不像	16808
已完成	16809
献	16810
gh	16811
紧密	16812
▁Insurance	16813
回复	16814
进攻	16815
愈	16816
的处境	16817
应该在	16818
所有缔约国	16819
stakeholder	16820
▁1979	16821
▁feels	16822
▁Suriname	16823
▁analysed	16824
▁acceding	16825
▁accreditation	16826
700	16827
▁Besides	16828
▁collectively	16829
以色列的	16830
的高	16831
▁Stabilization	16832
东京	16833
作为一种	16834
▁expense	16835
作出的承诺	16836
建立了一个	16837
情绪	16838
▁automatically	16839
▁council	16840
▁conform	16841
亲自	16842
▁limiting	16843
本项目	16844
▁illiteracy	16845
感到遗憾的是	16846
▁他们还	16847
受益者	16848
地位的	16849
ski	16850
檔案	16851
过去几年	16852
代表和	16853
跳舞	16854
情况和	16855
▁consolidating	16856
扶贫	16857
管理机构	16858
MI	16859
▁crew	16860
新闻中心	16861
银	16862
一本	16863
凭	16864
第五十七届会议	16865
▁portfolio	16866
绿	16867
▁Swaziland	16868
	16869
ت	16870
▁IMO	16871
▁turning	16872
的产品	16873
蓝	16874
投标	16875
▁immunities	16876
▁第四	16877
禁令	16878
撒哈拉以南非洲	16879
附上	16880
崇拜	16881
总量	16882
与政府	16883
联大	16884
与会员国	16885
全力支持	16886
▁委员会请缔约国	16887
鉴定	16888
din	16889
而被	16890
▁在过去	16891
其他成员	16892
離開	16893
扫	16894
▁2)	16895
及其后	16896
非正规	16897
▁prefer	16898
116	16899
鱼类种群	16900
子女的	16901
▁(2009)	16902
▁Others	16903
▁dare	16904
犯罪活动	16905
的修正案	16906
▁拟议	16907
▁quota	16908
第四次妇女问题世界会议	16909
聚集	16910
解释性声明	16911
接下来	16912
不一致	16913
第二十	16914
▁buddy	16915
▁steady	16916
的指示	16917
能不能	16918
财政和	16919
决议中	16920
ind	16921
▁Conclusion	16922
▁bought	16923
▁60/2	16924
▁Instead	16925
▁recosting	16926
因为我们	16927
▁Sometimes	16928
1975	16929
▁diamond	16930
▁Partnerships	16931
艾滋病规划署	16932
▁compatible	16933
预算中	16934
▁Mandate	16935
都知道	16936
有一天	16937
▁Istanbul	16938
就是这样	16939
	16940
...?	16941
head	16942
敌对	16943
風	16944
Canada	16945
▁constantly	16946
▁ease	16947
的情形	16948
上校	16949
中小型企业	16950
受援国	16951
这就	16952
▁era	16953
一般性意见	16954
代表团团长	16955
农药	16956
自愿基金	16957
的第一个	16958
卡车	16959
▁cancellation	16960
向大会提交	16961
毁	16962
2)。	16963
▁Applications	16964
像是	16965
资发基金	16966
▁guns	16967
皇	16968
air	16969
主人	16970
柯	16971
▁defines	16972
和财政	16973
着眼于	16974
DI	16975
个案	16976
粗	16977
▁Level	16978
▁Turn	16979
的攻击	16980
加重	16981
抚养	16982
各省	16983
甲基溴	16984
▁refuse	16985
的男人	16986
▁chairmanship	16987
本案	16988
的母亲	16989
两性平等问题	16990
引用	16991
没错	16992
Governmental	16993
cent	16994
mp	16995
▁dangers	16996
▁Periodic	16997
有益的	16998
▁multilateralism	16999
两天	17000
▁tree	17001
用语	17002
前南斯拉夫	17003
AI	17004
▁在此方面	17005
oh	17006
的明确	17007
看起來	17008
這里	17009
小规模	17010
▁honor	17011
完全支持	17012
EU	17013
TH	17014
论述	17015
▁Forty	17016
应向	17017
▁埃	17018
移交给	17019
脆弱的	17020
貌	17021
▁白俄罗斯	17022
西撒哈拉	17023
cal	17024
和有效的	17025
里程碑	17026
应通过	17027
包括其	17028
欧洲安全与合作组织	17029
程度上	17030
哈利	17031
秘书处的	17032
▁colonial	17033
初期	17034
▁repeat	17035
▁你应该	17036
▁Jos	17037
▁adapted	17038
▁105	17039
即可	17040
▁persistence	17041
▁我们是	17042
克里	17043
tz	17044
▁degrees	17045
▁2:	17046
▁segments	17047
妥协	17048
裏	17049
问你	17050
所通过的	17051
▁九	17052
▁regulating	17053
2.1	17054
▁消除对妇女歧视委员会	17055
扣	17056
处处长	17057
▁lunch	17058
▁camera	17059
(2002)	17060
▁3.1	17061
被逮捕	17062
综合报告	17063
169	17064
▁Bali	17065
剛	17066
极大	17067
等着	17068
其他实体	17069
entrepreneurship	17070
▁Risk	17071
佳	17072
在发生	17073
社会的	17074
许多发展中国家	17075
同时还	17076
我愿	17077
解决问题	17078
就不会	17079
空白	17080
幅度	17081
卖方	17082
解散	17083
過去	17084
▁Solomon	17085
基本人权	17086
nes	17087
▁apartment	17088
措施和	17089
▁acute	17090
第二节	17091
▁parliamentarian	17092
▁wounded	17093
▁该国	17094
劳动法	17095
台湾	17096
继续为	17097
ette	17098
集会	17099
▁infected	17100
▁我猜	17101
热带	17102
▁imply	17103
▁owners	17104
▁accomplished	17105
强行	17106
▁Brazilian	17107
▁committing	17108
和世界银行	17109
▁designation	17110
在安理会	17111
持久和平	17112
▁threshold	17113
等你	17114
▁两	17115
其他事项	17116
▁draws	17117
氟	17118
▁underlines	17119
oc	17120
安全局势	17121
我有	17122
aya	17123
▁grass	17124
世界各地的	17125
为什么要	17126
幕	17127
的背景下	17128
解决争端	17129
学员	17130
此次	17131
把他们	17132
法文	17133
等方面的	17134
TI	17135
计划在	17136
▁(2004),	17137
▁Taiwan	17138
大会第五十九届会议	17139
▁developmental	17140
的决策	17141
纳入其	17142
附件一所列缔约方	17143
天主教	17144
▁generating	17145
发达	17146
产生的影响	17147
以前的	17148
城市化	17149
结构和	17150
遠	17151
▁89	17152
和暴力	17153
不应当	17154
紧急呼吁	17155
传统知识	17156
特别政治任务	17157
桥	17158
▁deploy	17159
▁我们将	17160
此前	17161
监测机制	17162
相关问题	17163
阵线	17164
FPA	17165
收集和	17166
健康状况	17167
设计和	17168
▁admit	17169
-2)	17170
▁accredited	17171
▁depth	17172
并得到	17173
身心	17174
进行研究	17175
▁Performance	17176
▁新闻部	17177
政府部门	17178
泡	17179
这些会议	17180
▁display	17181
▁enactment	17182
▁lo	17183
▁Barbuda	17184
▁UNAMSIL	17185
发病率	17186
多了	17187
aga	17188
▁library	17189
吞	17190
▁为此目的	17191
寻	17192
范围的	17193
跟她	17194
并确定	17195
▁Conservation	17196
▁argues	17197
▁Didn	17198
,1997	17199
/51/	17200
▁没什么	17201
(1998	17202
转移到	17203
中提到的	17204
我国政府	17205
▁Eight	17206
有关人员	17207
傷	17208
方面取得了	17209
ood	17210
该公司	17211
在未来	17212
part	17213
▁在我们	17214
失踪人员	17215
理由是	17216
全民投票	17217
重点领域	17218
1)。	17219
▁的第	17220
公平和	17221
该领土	17222
增进和保护	17223
姐姐	17224
惨	17225
TO	17226
▁rock	17227
当今	17228
狱	17229
趕	17230
在区域一级	17231
整个国际社会	17232
立法机构	17233
▁讓我	17234
没有必要	17235
▁fat	17236
舱	17237
▁females	17238
召开了	17239
法语	17240
的批准	17241
颁布的	17242
民主和	17243
運	17244
划界案	17245
药物管制署	17246
▁politically	17247
革新	17248
区内	17249
中得到	17250
意志	17251
重大的	17252
并为此	17253
▁Too	17254
▁halt	17255
卫生设施	17256
在本国	17257
安提瓜和巴布达	17258
ros	17259
▁girlfriend	17260
aries	17261
that	17262
因为在	17263
Annex	17264
Yes	17265
▁Grand	17266
忘	17267
斷	17268
民政	17269
的国内	17270
▁coercive	17271
UNA	17272
向委员会提交	17273
逐字记录	17274
撤	17275
裂	17276
他们对	17277
关于执行	17278
花费	17279
▁fee	17280
▁forensic	17281
▁而我	17282
倾向	17283
并经	17284
▁km	17285
▁adding	17286
▁finalize	17287
提出关于	17288
▁exemption	17289
/3)	17290
▁AMISOM	17291
第十届会议	17292
凶	17293
汲取	17294
全国性	17295
▁Due	17296
▁assumptions	17297
另见	17298
慢慢	17299
烈	17300
该决定	17301
▁Gi	17302
▁Whole	17303
最后一次	17304
法律保护	17305
送到	17306
决定在	17307
▁决定在	17308
依然是	17309
是吧	17310
验证	17311
参与性	17312
酒吧	17313
rat	17314
▁cast	17315
▁unnecessary	17316
婆	17317
AD	17318
▁responsive	17319
向安全理事会	17320
▁<	17321
评估报告	17322
▁RE	17323
▁ring	17324
信函	17325
宽容	17326
能力建设活动	17327
▁Had	17328
巴厘	17329
机械	17330
▁licensing	17331
-10/	17332
▁117.	17333
▁Mike	17334
▁dying	17335
难民和	17336
弟	17337
的根本	17338
怎么做	17339
▁answers	17340
▁definitely	17341
乎	17342
可怕	17343
解决这一问题	17344
Ex	17345
较小	17346
▁volunteers	17347
人权与	17348
发言稿	17349
八个	17350
理念	17351
的职位	17352
的成本	17353
第三条	17354
联阿援助团	17355
创造了	17356
正确的	17357
累积	17358
饮用水	17359
▁孟加拉国	17360
复苏	17361
本国的	17362
这些行动	17363
附近的	17364
▁1.2	17365
是至关重要的	17366
SG	17367
▁Mm	17368
最低工资	17369
▁harmony	17370
犯罪的	17371
mil	17372
▁Money	17373
▁passage	17374
这事	17375
▁se	17376
赤字	17377
from	17378
)、(	17379
.39	17380
国内法律	17381
拒	17382
犹太	17383
▁Portuguese	17384
▁deem	17385
但不	17386
保留的	17387
5)。	17388
▁没关系	17389
性剥削和性虐待	17390
所说的	17391
的观察员	17392
联发援框架	17393
达到了	17394
以减少	17395
伴	17396
暴力侵害妇女	17397
纯	17398
▁奥	17399
学位	17400
▁amending	17401
目录	17402
生物技术	17403
要求赔偿	17404
▁Challenges	17405
健康权	17406
是最	17407
的大部分	17408
的执行工作	17409
是唯一	17410
犯罪者	17411
为重点	17412
的专业	17413
To	17414
▁告诉我	17415
保罗	17416
▁Han	17417
安全部门	17418
▁00	17419
▁upgrade	17420
臉	17421
▁cells	17422
登记处	17423
▁socially	17424
.35	17425
/2014/	17426
不适用	17427
讯	17428
1971	17429
iti	17430
▁inspectors	17431
的地点	17432
▁beliefs	17433
▁主席说	17434
和秘书处	17435
DR	17436
大气	17437
我會	17438
通货膨胀	17439
▁理事会在	17440
缔约方会议的	17441
费率	17442
的真正	17443
rn	17444
说你	17445
Chair	17446
site	17447
▁Approach	17448
▁上帝	17449
过境运输	17450
lay	17451
uch	17452
▁122.	17453
非洲经济委员会	17454
向他	17455
▁attaches	17456
▁cop	17457
对话和	17458
开始时	17459
注意力	17460
你有	17461
▁Protect	17462
ku	17463
▁Dar	17464
的一个主要	17465
的特殊需要	17466
▁Brunei	17467
和经验	17468
人口普查	17469
缓	17470
按性别	17471
▁你真的	17472
▁fallen	17473
▁在这个	17474
▁leaves	17475
朝着	17476
强大	17477
阅读	17478
defence	17479
▁inability	17480
政府与	17481
▁119.	17482
人力资源管理厅	17483
社会经济发展	17484
▁driver	17485
▁panels	17486
草拟	17487
pri	17488
我们希望	17489
▁workplan	17490
▁会上	17491
这也是	17492
8,000	17493
124	17494
▁successor	17495
▁suppose	17496
详细的	17497
▁Equatorial	17498
列明	17499
在不同	17500
妇女与	17501
她們	17502
选举进程	17503
培训中心	17504
祝	17505
▁恩	17506
的讲习班	17507
▁sharp	17508
▁suspicious	17509
▁一切	17510
举行了一次	17511
反馈	17512
特别是关于	17513
res	17514
▁prolonged	17515
3)。	17516
▁Application	17517
▁Intolerance	17518
▁Competition	17519
▁linking	17520
提交大会	17521
支付的	17522
▁reaction	17523
武器和	17524
▁执行主任	17525
新闻稿	17526
副本	17527
▁1973	17528
▁Max	17529
单独的	17530
安娜	17531
	17532
1998-1999	17533
▁难道	17534
▁blame	17535
▁restitution	17536
的现行	17537
▁Impact	17538
出口管制	17539
爱你	17540
▁科技咨询机构	17541
▁season	17542
了若干	17543
附表	17544
重要问题	17545
政府间组织和非政府组织	17546
▁ties	17547
痷	17548
因為	17549
礼物	17550
结合起来	17551
第八条	17552
ram	17553
三种	17554
沙特	17555
▁breaches	17556
专利	17557
接着	17558
天气	17559
感谢你	17560
罗马规约	17561
这表明	17562
会在	17563
作法	17564
▁当我	17565
▁exact	17566
▁迄今为止	17567
专家组会议	17568
载入	17569
三分之二	17570
和战略	17571
▁我真	17572
海运	17573
China	17574
▁GC	17575
▁contingents	17576
避孕	17577
为所有	17578
关于艾滋病毒	17579
劫	17580
劳动者	17581
显示了	17582
作出的努力	17583
号决定第	17584
▁policymaking	17585
推荐	17586
的实体	17587
千年首脑会议	17588
序言部分第	17589
和提高	17590
隔离墙	17591
▁(2001),	17592
▁speeches	17593
场地	17594
它们对	17595
职权	17596
張	17597
▁fashion	17598
的修正	17599
▁fifteenth	17600
▁losing	17601
几乎所有	17602
财力	17603
▁irregular	17604
▁isolation	17605
▁preference	17606
▁你知道我	17607
致函	17608
通过了第	17609
260	17610
128	17611
▁emergence	17612
▁请说明	17613
意义上	17614
系数	17615
方面的进展	17616
搞定	17617
检查站	17618
不安	17619
可怕的	17620
paragraph	17621
▁Citizens	17622
一辆	17623
选定的	17624
发表意见	17625
▁judgment	17626
发展与和平	17627
4,000	17628
艾滋病问题	17629
豆	17630
rie	17631
▁dress	17632
▁appendix	17633
老年	17634
薩	17635
的另一	17636
黑暗	17637
▁Virgin	17638
▁ranging	17639
大会第六十一届会议	17640
擔心	17641
所做的工作	17642
两年期内	17643
和金融	17644
尸体	17645
的居民	17646
▁notwithstanding	17647
和影响	17648
提供的信息	17649
▁rooms	17650
全都	17651
旨在促进	17652
住了	17653
开车	17654
以便能够	17655
可疑	17656
酬	17657
得到充分	17658
公约第	17659
应当是	17660
▁Ju	17661
▁你知道吗	17662
的模式	17663
联合方案	17664
使妇女	17665
政策和战略	17666
死于	17667
的现状	17668
▁Hu	17669
兑现	17670
,600	17671
▁qualitative	17672
第五十四届会议	17673
和法治	17674
但由于	17675
奉	17676
联合国实体	17677
关键作用	17678
Ho	17679
▁Hence	17680
▁Resolutions	17681
▁我的意思是	17682
He	17683
▁我们得	17684
亡	17685
纽	17686
险	17687
定居者	17688
XV	17689
▁Travel	17690
▁honest	17691
▁protest	17692
▁questioned	17693
所有人的	17694
Bo	17695
希族塞人	17696
闹	17697
与环境	17698
可获得	17699
Gu	17700
▁智利	17701
人选	17702
以下方面	17703
进一步努力	17704
▁Construction	17705
▁comprised	17706
▁marginalization	17707
会见了	17708
的来文	17709
▁grew	17710
各种形式的	17711
预期成果	17712
驳回	17713
意义的	17714
.36	17715
▁就这样决定	17716
▁我一直	17717
社会融合	17718
1976	17719
▁sample	17720
借鉴	17721
缴	17722
▁我想我	17723
专用	17724
▁processed	17725
NS	17726
▁Amendment	17727
为我们	17728
他对	17729
▁fiftieth	17730
坦桑尼亚	17731
时说	17732
的压力	17733
犯下的	17734
▁indicative	17735
内陆	17736
明年	17737
维护国际和平与安全	17738
接受教育	17739
过时	17740
▁Bring	17741
團	17742
总督	17743
译	17744
▁Want	17745
擦	17746
第十四条第	17747
anda	17748
岁以下	17749
地雷行动	17750
▁Providing	17751
▁designing	17752
合适	17753
100%	17754
合法性	17755
讨厌	17756
该会议	17757
.2,	17758
生活方式	17759
以下国家	17760
恋	17761
ward	17762
国际保护	17763
盛	17764
▁autonomous	17765
创立	17766
▁Ray	17767
.34	17768
▁Compliance	17769
▁deportation	17770
延续	17771
提供人道主义援助	17772
有何	17773
▁consumers	17774
对不起	17775
▁Net	17776
也需要	17777
再见	17778
控制的	17779
或通过	17780
/23	17781
▁quantities	17782
▁simultaneously	17783
▁Export	17784
加强国家	17785
所确定的	17786
第五条	17787
代表发了言	17788
号码	17789
▁(5)	17790
监督机构	17791
剪	17792
和恢复	17793
▁promulgated	17794
承付	17795
▁tough	17796
和其他相关	17797
▁摘要	17798
▁特别代表	17799
人权事务高级专员	17800
▁controlling	17801
家族	17802
后勤基地	17803
▁humankind	17804
经济上	17805
的扩散	17806
▁Deep	17807
▁Ge	17808
▁我就是	17809
见下文第	17810
在上述	17811
240	17812
孤	17813
愉快	17814
进出	17815
.26/	17816
ethnic	17817
▁supplied	17818
新喀里多尼亚	17819
setting	17820
▁每年	17821
下了	17822
则应	17823
在家	17824
文盲	17825
▁Egyptian	17826
复审	17827
的比率	17828
见面	17829
▁UNMEE	17830
ants	17831
高度重视	17832
经理	17833
美國	17834
计划中	17835
▁measuring	17836
去做	17837
的工作方法	17838
迫	17839
国家计划	17840
serv	17841
的条件下	17842
看到你	17843
败	17844
▁shelters	17845
▁將	17846
维和人员	17847
▁kg	17848
的整体	17849
使用核武器	17850
▁Caledonia	17851
▁resistance	17852
再来	17853
区域一体化	17854
在学校	17855
point	17856
▁Mexican	17857
▁我想你	17858
▁1949	17859
▁designate	17860
有关当局	17861
▁NATO	17862
Ja	17863
▁substitute	17864
参加的	17865
图瓦卢	17866
基础教育	17867
撰写	17868
特别顾问	17869
▁ambitious	17870
▁金	17871
▁Advice	17872
▁Compensation	17873
▁hence	17874
▁empty	17875
实物	17876
的方向	17877
监测和评估	17878
▁YaHei	17879
文化权利	17880
根据安全理事会第	17881
UNCTAD	17882
▁Inspector	17883
发展进程	17884
well	17885
后勤支助	17886
胜利	17887
▁Wall	17888
撤消	17889
▁highlighting	17890
▁才	17891
文章	17892
和平行动	17893
確	17894
▁tsunami	17895
妹	17896
老爸	17897
为妇女	17898
業	17899
推迟到	17900
的眼睛	17901
▁2014-2015	17902
▁Likewise	17903
▁aiming	17904
能力建设和	17905
▁Especially	17906
▁visa	17907
▁Soviet	17908
▁preferred	17909
▁wood	17910
▁star	17911
▁看到	17912
飞越	17913
▁(2006),	17914
▁杰	17915
一生	17916
不妨碍	17917
基地组织	17918
▁device	17919
▁restrict	17920
没有什么	17921
执行计划	17922
丧生	17923
RS	17924
▁UNU	17925
以為	17926
会见	17927
铲除	17928
▁件	17929
以及通过	17930
▁2.5	17931
昨晚	17932
hal	17933
鼓励会员国	17934
▁el	17935
不明白	17936
反洗钱	17937
经验和	17938
.38	17939
!"	17940
▁gradual	17941
▁personally	17942
▁photo	17943
阴	17944
▁print	17945
▁Danish	17946
2.2	17947
▁tradition	17948
兽	17949
最大限度地	17950
▁devastating	17951
▁Joe	17952
和宣传	17953
▁councils	17954
国际移徙	17955
和改善	17956
认同	17957
59/	17958
专题讨论会	17959
空间碎片	17960
第十二条	17961
什么事	17962
▁Revised	17963
任命的	17964
在我的	17965
窗口	17966
大概	17967
梦想	17968
马尔	17969
▁director	17970
▁shipping	17971
提出意见	17972
▁survive	17973
促进人权	17974
房舍	17975
闪	17976
频繁	17977
三十	17978
第十一届会议	17979
进行分析	17980
▁Antigua	17981
▁devote	17982
▁projections	17983
▁rescue	17984
填	17985
病例	17986
和效率	17987
明智	17988
▁Ok	17989
▁microfinance	17990
之害	17991
适	17992
▁Christmas	17993
旨在加强	17994
这些文件	17995
▁audited	17996
▁owed	17997
报导	17998
不断变化的	17999
▁biggest	18000
采取有效措施	18001
▁Enforce	18002
证明了	18003
第十条	18004
▁大韩民国	18005
加勒比共同体	18006
▁desired	18007
人员配置	18008
▁Self	18009
▁reaffirming	18010
low	18011
中纳入	18012
伟大的	18013
▁proceeded	18014
夫妻	18015
的目标和	18016
▁Solidarity	18017
▁narrow	18018
履行职责	18019
▁Intelligence	18020
▁chronic	18021
▁lift	18022
准备金	18023
遭受酷刑	18024
也很	18025
▁corrigendum	18026
人体	18027
提供的服务	18028
罗斯	18029
▁Percentage	18030
▁hi	18031
当作	18032
录音	18033
ella	18034
▁monitors	18035
▁tuberculosis	18036
向前	18037
宿	18038
▁UNCDF	18039
▁谨	18040
▁Estimate	18041
与民间社会	18042
had	18043
▁expeditiously	18044
▁boundaries	18045
拔	18046
西撒特派团	18047
业务费用	18048
▁Prior	18049
▁nominations	18050
不少	18051
代表在	18052
▁一切都	18053
▁Son	18054
▁western	18055
必须采取	18056
提交关于	18057
其实	18058
的资格	18059
▁forgive	18060
众所周知	18061
对某些	18062
一切都	18063
材	18064
的回应	18065
这一情况	18066
二氧化碳	18067
抵消	18068
这份报告	18069
1961	18070
▁Better	18071
合理化	18072
▁124.	18073
▁installation	18074
行动纲要	18075
人口中	18076
第五十二届会议	18077
ency	18078
学者	18079
日星期五	18080
歧视和	18081
ero	18082
▁Globalization	18083
支持者	18084
法制	18085
联委会	18086
.9/6	18087
▁Actions	18088
▁在这里	18089
地下	18090
裁军和不扩散	18091
▁magnitude	18092
非法药物	18093
berg	18094
▁(2008)	18095
签署国	18096
题目	18097
机会平等	18098
身边	18099
外包	18100
日期间的	18101
桶	18102
里亚	18103
▁就算	18104
进一步审议	18105
尼克	18106
该工作组	18107
40/	18108
school	18109
▁forgot	18110
星期四	18111
▁drunk	18112
▁泰国	18113
日程	18114
賣	18115
ace	18116
63/2	18117
▁Reference	18118
▁因为你	18119
据说	18120
▁respects	18121
做什麼	18122
▁stimulate	18123
豪	18124
▁carriage	18125
估价	18126
Bolivarian	18127
name	18128
▁很多	18129
▁没人	18130
▁54/2	18131
发布了	18132
的角色	18133
親	18134
▁revolution	18135
将其作为	18136
许	18137
▁interface	18138
由国家	18139
▁traditionally	18140
的成就	18141
管理部门	18142
踢	18143
▁mode	18144
的权利和	18145
秨	18146
中所列	18147
应有	18148
▁Policies	18149
▁hurry	18150
▁128.	18151
▁completing	18152
▁obviously	18153
61/1	18154
▁120.	18155
▁eligibility	18156
征税	18157
▁realizing	18158
▁去年	18159
去哪里	18160
司长	18161
ili	18162
▁Friends	18163
▁modest	18164
▁skilled	18165
人人享有	18166
包括有关	18167
看見	18168
利益的	18169
超过了	18170
▁123.	18171
▁describes	18172
战略目标	18173
出席了会议	18174
緊	18175
效率和	18176
的照片	18177
殖民	18178
▁1267	18179
市镇	18180
往往是	18181
这对	18182
▁issuing	18183
▁prerequisite	18184
挖	18185
▁announcement	18186
▁quantitative	18187
感情	18188
的文书	18189
▁computers	18190
的设计	18191
老龄问题	18192
急剧	18193
▁Together	18194
卷入	18195
非洲统一组织	18196
▁college	18197
妻	18198
▁patrols	18199
▁systemic	18200
▁unlikely	18201
分列	18202
检察	18203
堆	18204
▁familiar	18205
正在努力	18206
过去的	18207
▁($3	18208
的工作文件	18209
发展中国家和经济转型国家	18210
尤其如此	18211
平等地	18212
▁cry	18213
▁scenario	18214
宗教或信仰	18215
的信任	18216
侵权行为	18217
区域会议	18218
宜	18219
一群	18220
受到限制	18221
的有关规定	18222
east	18223
trial	18224
▁Mines	18225
湿	18226
▁Dispute	18227
公民社会	18228
束	18229
TR	18230
ese	18231
▁CTC	18232
▁据称	18233
用于支付	18234
▁virus	18235
方面存在	18236
HR	18237
disciplinary	18238
势头	18239
的价格	18240
▁streets	18241
bound	18242
同联合国	18243
▁大使	18244
设施和	18245
▁exceeded	18246
▁modules	18247
▁earliest	18248
牢	18249
破产法	18250
-30	18251
SAT	18252
的呼吁	18253
ions	18254
事务司	18255
低收入	18256
ast	18257
安全理事会成员	18258
我自己	18259
护士	18260
月初	18261
ر	18262
▁1983	18263
的严重	18264
在各	18265
废除死刑	18266
▁來吧	18267
不人道或有辱人格的待遇或处罚	18268
创	18269
目前在	18270
的袭击	18271
▁近年来	18272
暖	18273
▁introductory	18274
刊	18275
有充分	18276
机制和	18277
ging	18278
尔先生	18279
▁discovered	18280
加剧了	18281
畫	18282
北京行动纲要	18283
场合	18284
大使馆	18285
还与	18286
▁bastard	18287
四项	18288
所带来的	18289
进行培训	18290
gra	18291
uartet	18292
腐	18293
观察员部队	18294
▁Exchange	18295
核不扩散	18296
国家工作队	18297
第九条	18298
处在	18299
决定性	18300
▁Jewish	18301
▁Refugee	18302
▁Wi	18303
不上	18304
回报	18305
财	18306
谈话	18307
拼	18308
▁tested	18309
▁hazards	18310
委员会决定	18311
犯罪和	18312
扯	18313
拉斯	18314
▁Street	18315
执行了	18316
柏林	18317
▁Registration	18318
人力和	18319
hy	18320
指责	18321
▁marking	18322
KP	18323
▁Yu	18324
癌症	18325
第三条第	18326
请缔约国	18327
▁Uncle	18328
管理当局	18329
ILO	18330
▁1975	18331
▁对吧	18332
年年底	18333
的普通照会	18334
▁earnings	18335
▁mess	18336
不可或缺的	18337
款和	18338
▁concentrate	18339
能源和	18340
恰当的	18341
中所述	18342
纳入主流	18343
多方	18344
淡	18345
▁Higher	18346
▁creates	18347
▁positively	18348
公共机构	18349
和协助	18350
ei	18351
▁adolescent	18352
这一重要	18353
毁坏	18354
贫穷和	18355
▁independently	18356
过境点	18357
tri	18358
ç	18359
和实现	18360
阵地	18361
uick	18362
▁rejection	18363
两份	18364
▁neglect	18365
的大量	18366
由于缺乏	18367
▁Crimes	18368
▁chapters	18369
▁variance	18370
些什么	18371
体面	18372
大臣	18373
elecommunication	18374
其任务	18375
的临时议程	18376
El	18377
▁联合国同	18378
▁153	18379
▁certified	18380
约会	18381
各项目标	18382
并认为	18383
介绍决议草案	18384
▁enables	18385
气氛	18386
特拉	18387
平等待遇	18388
的专门知识	18389
▁史	18390
晋升	18391
强烈谴责	18392
方案支助	18393
可能在	18394
被人	18395
▁Gar	18396
成立了一个	18397
▁Kivu	18398
支持下	18399
独联体	18400
▁Compact	18401
▁科威特	18402
编写一份	18403
▁lacking	18404
论文	18405
45/	18406
▁da	18407
炎	18408
问题时	18409
▁ports	18410
引起了	18411
我们就	18412
▁Abu	18413
日星期一	18414
技巧	18415
武装冲突中	18416
名工作人员	18417
所使用的	18418
了什么	18419
▁oh	18420
巴勒斯坦国	18421
的出口	18422
▁studied	18423
听起来	18424
设施的	18425
驱	18426
/30	18427
提供更多的	18428
社区的	18429
下属	18430
▁121.	18431
▁Darussalam	18432
▁我很抱歉	18433
▁既然	18434
大会堂	18435
每天都	18436
孕	18437
挑战和	18438
ign	18439
▁Hmm	18440
荒	18441
▁Judges	18442
resolutions	18443
所罗门群岛	18444
区域和分区域	18445
宪政	18446
欺	18447
▁你现在	18448
过去十年	18449
并采取	18450
玛丽	18451
将该	18452
▁Verification	18453
▁4.1	18454
▁deficit	18455
高等	18456
书记官处	18457
坚决支持	18458
TER	18459
down	18460
Mu	18461
一体	18462
的特定	18463
根据国际法	18464
證	18465
Japan	18466
▁players	18467
▁Wa	18468
掌	18469
的工资	18470
涅	18471
▁reserved	18472
健康的	18473
基线	18474
▁Tenth	18475
池	18476
牧	18477
他认为	18478
等其他	18479
▁沒事	18480
但我们	18481
我们需要	18482
▁Cor	18483
▁Executives	18484
不适用于	18485
武器禁运	18486
oz	18487
机会均等	18488
钩	18489
▁她在	18490
追查	18491
海洋法	18492
的一致性	18493
▁	18494
CCPR	18495
▁restriction	18496
無法	18497
伪造	18498
▁poses	18499
傢伙	18500
50,000	18501
▁exploring	18502
▁bi	18503
▁(4	18504
▁世界银行	18505
十九	18506
的痛苦	18507
state	18508
▁grantor	18509
▁methodological	18510
主席的信	18511
普遍性	18512
诸多	18513
这一目标	18514
爬	18515
部门和	18516
▁Best	18517
▁listening	18518
三天	18519
东亚	18520
▁Detention	18521
▁delete	18522
再说	18523
▁coordinates	18524
相关机构	18525
▁回	18526
我去	18527
具体规定	18528
浓缩	18529
mission	18530
恰	18531
这种行为	18532
宣	18533
非公开	18534
▁Early	18535
使人	18536
)),	18537
1972	18538
▁periodically	18539
滚	18540
亏	18541
分别于	18542
转达	18543
▁sing	18544
暴力事件	18545
高级别对话	18546
▁agendas	18547
▁Name	18548
你不	18549
公民身份	18550
提供更多	18551
个会员国	18552
和最佳做法	18553
录像	18554
▁OAU	18555
单方面行为	18556
▁platforms	18557
外籍	18558
紧急状态	18559
列报	18560
▁declining	18561
在实地	18562
▁Ensuring	18563
▁boost	18564
违反国际法	18565
	18566
▁exemptions	18567
冲突和	18568
的水	18569
偿	18570
特先生	18571
▁passing	18572
▁pieces	18573
▁signatories	18574
经济增长和	18575
实质性会议	18576
已向	18577
▁farm	18578
缔约国应	18579
愿景	18580
次会议上审议了	18581
届会议上	18582
政府和人民	18583
昂	18584
▁1971	18585
关于保护	18586
▁addendum	18587
应对措施	18588
文化多样性	18589
sky	18590
對你	18591
▁restrictive	18592
▁我看	18593
审计委员会建议	18594
的各项目标	18595
PF	18596
uh	18597
е	18598
土著居民	18599
特别强调	18600
联合国发展援助框架	18601
倾向于	18602
深感	18603
▁UNDAF	18604
曾在	18605
▁metres	18606
援助方案	18607
▁illness	18608
数据和	18609
和指导	18610
附有	18611
▁Argentine	18612
▁kidnapping	18613
REP	18614
NO	18615
招标	18616
体现在	18617
前战斗人员	18618
相对于	18619
确	18620
關係	18621
IA	18622
▁accord	18623
▁60/1	18624
杂	18625
简短	18626
▁eradicating	18627
健全的	18628
大会第五十八届会议	18629
进而	18630
不相信	18631
对那些	18632
没人	18633
裁撤	18634
▁Ethics	18635
▁罗	18636
▁Save	18637
附注	18638
▁Georgian	18639
▁configuration	18640
其关于	18641
▁Effects	18642
中所载	18643
▁110	18644
▁2020	18645
含水层	18646
▁JS	18647
抵制	18648
提交的关于	18649
▁filing	18650
必须要	18651
文莱达鲁萨兰国	18652
▁examinations	18653
▁killer	18654
识	18655
贝鲁特	18656
▁Minimum	18657
冷静	18658
身份证	18659
▁prominent	18660
▁听	18661
ray	18662
▁Institutional	18663
公正的	18664
▁1990.	18665
▁Much	18666
▁staying	18667
占领国以色列	18668
GS	18669
是妇女	18670
▁abandoned	18671
杰出	18672
高质量	18673
wing	18674
市场的	18675
我们能	18676
色情	18677
▁spot	18678
.2/57/	18679
▁condemn	18680
德斯	18681
的城市	18682
▁shooting	18683
和建立	18684
.37	18685
WHO	18686
▁explored	18687
▁west	18688
宏观经济政策	18689
必须继续	18690
这是因为	18691
-10	18692
-3,	18693
更容易	18694
▁typically	18695
支助事务	18696
炼	18697
人死亡	18698
▁Full	18699
气候公约	18700
觀	18701
继续存在	18702
6)。	18703
我做	18704
最贫穷	18705
生气	18706
▁heat	18707
各国政府和	18708
进一步的	18709
其他地区	18710
的种种	18711
這種	18712
can	18713
▁precisely	18714
他们是	18715
城市地区	18716
sel	18717
▁Doctor	18718
▁operates	18719
的实施情况	18720
53/	18721
▁fuckin	18722
的前提下	18723
的调查结果	18724
لا	18725
父親	18726
第五十三届会议	18727
这条	18728
▁大家都	18729
了其	18730
▁lawful	18731
隨	18732
ust	18733
▁我谨	18734
具体行动	18735
情形下	18736
/58/3	18737
内部控制	18738
星期二	18739
▁若干	18740
不同意	18741
辩护律师	18742
▁Missions	18743
幫助	18744
遣	18745
ame	18746
ery	18747
▁varied	18748
(_	18749
个人或	18750
其他相关	18751
有关资料	18752
海底	18753
gan	18754
很多人	18755
的平等	18756
ual	18757
▁cope	18758
▁threatening	18759
以改善	18760
▁1995.	18761
安静	18762
任务的	18763
ose	18764
▁Timorese	18765
之上	18766
▁cat	18767
對我	18768
而受到	18769
并已	18770
▁contexts	18771
政治和经济	18772
熊	18773
);(	18774
他媽的	18775
民间	18776
监护人	18777
不大	18778
女子	18779
模拟	18780
▁AU	18781
▁awaiting	18782
▁ICC	18783
▁你還	18784
幫你	18785
所述的	18786
這兒	18787
1325(2000)	18788
▁Little	18789
▁cops	18790
今	18791
增加对	18792
防御	18793
随便	18794
院长	18795
首脑会议上	18796
132	18797
Be	18798
和重建	18799
lam	18800
▁nineteenth	18801
▁shortage	18802
企业家	18803
新型	18804
錄	18805
发挥了	18806
哪儿	18807
▁arrests	18808
▁EC	18809
▁owe	18810
任命了	18811
政策框架	18812
▁commensurate	18813
以色列在	18814
▁occurring	18815
和改进	18816
辞职	18817
olo	18818
▁WE	18819
得出结论	18820
的集体	18821
联络小组	18822
下列国家	18823
的政策和	18824
▁expensive	18825
Russian	18826
卢旺达问题国际刑事法庭	18827
的部门	18828
在其他	18829
查看	18830
GDP	18831
board	18832
使用情况	18833
修理	18834
问题的报告	18835
▁附	18836
是吗	18837
各国代表团	18838
▁阿尔巴尼亚	18839
即使在	18840
▁阿塞拜疆	18841
债务减免	18842
更有效的	18843
前南问题国际法庭	18844
结构调整	18845
他妈	18846
是否符合	18847
RT	18848
▁Alright	18849
▁shop	18850
▁Scheme	18851
欢	18852
省级	18853
程序性	18854
CS	18855
▁phased	18856
恐怕	18857
毒素	18858
承诺期	18859
▁总之	18860
将作为	18861
而对	18862
支配	18863
▁broadcast	18864
司机	18865
是因為	18866
▁liked	18867
▁你到底	18868
▁occurs	18869
坚定地	18870
联合国人类住区规划署	18871
▁肯尼亚	18872
都没	18873
签订的	18874
▁militias	18875
不仅仅是	18876
参见	18877
speaking	18878
服务器	18879
62/2	18880
cost	18881
▁Beirut	18882
▁pillar	18883
▁Colonel	18884
▁runs	18885
去看	18886
改变了	18887
del	18888
渴望	18889
私有化	18890
邮件	18891
与此同时	18892
▁hardship	18893
亂	18894
媒介	18895
看我	18896
are	18897
▁报告员	18898
和防止	18899
▁earned	18900
的困难	18901
崇高	18902
的平民	18903
▁founded	18904
准备工作	18905
壳	18906
清晰	18907
篇	18908
▁circulation	18909
▁巴勒斯坦	18910
民主化	18911
不动产	18912
翼	18913
AF	18914
上班	18915
▁Prison	18916
狼	18917
▁Annan	18918
▁accomplishment	18919
▁preserving	18920
住宿	18921
小组建议	18922
dia	18923
▁这意味着	18924
不信	18925
▁apparently	18926
▁skin	18927
▁Anything	18928
▁Enhanc	18929
而进行的	18930
220	18931
cut	18932
▁所有这些	18933
稍	18934
aci	18935
不只是	18936
已经完成	18937
的决心	18938
UNITED	18939
▁hasn	18940
司法程序	18941
有关组织	18942
▁在这些	18943
吐	18944
的修订	18945
休会	18946
的企业	18947
時候	18948
France	18949
▁defer	18950
粮食和	18951
我的朋友	18952
吃了	18953
▁兄弟	18954
▁generous	18955
小册子	18956
砍	18957
还要求	18958
▁丹麦	18959
▁poly	18960
和他的	18961
▁Love	18962
▁Majesty	18963
▁Tokyo	18964
▁demonstrations	18965
▁rain	18966
摘	18967
先进	18968
无核武器国家	18969
的法律框架	18970
elle	18971
在一些	18972
有很大	18973
捐	18974
▁Enforcement	18975
一届	18976
停下	18977
协	18978
逃离	18979
▁decentralized	18980
要求提供	18981
第六十	18982
对这种	18983
省份	18984
oul	18985
代表们	18986
前后	18987
违约	18988
量化	18989
▁pictures	18990
买卖	18991
保管	18992
外汇	18993
.33	18994
ori	18995
个缔约国	18996
列有	18997
大会第五十七届会议	18998
还记得	18999
▁meantime	19000
职工	19001
▁church	19002
咬	19003
峰会	19004
节余	19005
▁coalition	19006
▁millennium	19007
拉姆	19008
表示满意	19009
仓库	19010
讨	19011
通常是	19012
ATION	19013
five	19014
▁Indicators	19015
形象	19016
政策问题	19017
▁Enterprise	19018
和平利用外层空间委员会	19019
骑	19020
▁replied	19021
很低	19022
▁complemented	19023
▁1961	19024
▁fairly	19025
▁lock	19026
视频	19027
▁entitlements	19028
目的地	19029
魯	19030
▁unencumbered	19031
成年	19032
看著	19033
酒店	19034
▁circled	19035
回国	19036
打算在	19037
▁operators	19038
旋	19039
▁commented	19040
国家执行	19041
▁hearts	19042
1951	19043
55/1	19044
▁nomination	19045
实施工作	19046
女兒	19047
某项	19048
适当地	19049
▁Paper	19050
▁encumbered	19051
监护	19052
表述	19053
136	19054
必须以	19055
的期限	19056
有限公司	19057
简直	19058
访问团	19059
核可的	19060
▁deposits	19061
▁是嗎	19062
重新融入社会	19063
▁clearing	19064
▁人权事务委员会	19065
▁刚果民主共和国	19066
▁Anyway	19067
▁Elections	19068
听见	19069
▁streamlining	19070
不容	19071
/24	19072
▁Inspectors	19073
农业部门	19074
▁club	19075
▁theory	19076
人道主义事务	19077
▁我都	19078
铺	19079
ified	19080
▁COMMITTEE	19081
在农村地区	19082
放射性	19083
-2002	19084
▁Bu	19085
/59/3	19086
的政治意愿	19087
裁判	19088
	19089
舉	19090
议定	19091
▁undermined	19092
做出贡献	19093
巴拉	19094
▁onto	19095
▁satisfy	19096
做出的	19097
▁infections	19098
▁Cha	19099
▁dude	19100
▁weekly	19101
▁爸	19102
印度洋	19103
术	19104
获准	19105
这点	19106
ima	19107
的投入	19108
不住	19109
而定	19110
赔	19111
麻委会	19112
270	19113
ther	19114
多人	19115
▁在本	19116
巩固和平	19117
提出的意见	19118
(2011)	19119
-5,	19120
▁alert	19121
幻	19122
总体上	19123
有罪不罚现象	19124
条中	19125
mat	19126
能得到	19127
运作的	19128
▁condemns	19129
日内瓦公约	19130
来吧	19131
癌	19132
希望在	19133
该协定	19134
par	19135
个一般事务	19136
1}	19137
▁tea	19138
萊	19139
SIMHE	19140
str	19141
之间的协调	19142
会导致	19143
界限	19144
▁Tuvalu	19145
器官	19146
阿布	19147
pu	19148
▁教科文组织	19149
尽一切努力	19150
歇	19151
▁我只是想	19152
递	19153
妇女和男子	19154
TA	19155
什么样的	19156
的一个关键	19157
▁Provisions	19158
例外情况	19159
构成威胁	19160
财政援助	19161
一遍	19162
▁charter	19163
布鲁	19164
▁fertility	19165
現	19166
的成员国	19167
神经	19168
不利于	19169
和欧洲	19170
市长	19171
,1995	19172
▁differential	19173
▁establishments	19174
减至	19175
的作用和	19176
达成一致	19177
发言时	19178
跟你说	19179
Me	19180
名誉	19181
▁affirmative	19182
一向	19183
政府已	19184
的头	19185
跟着	19186
▁inception	19187
▁vessel	19188
各成员	19189
▁的确	19190
债权	19191
▁reject	19192
乐观	19193
研	19194
部队和	19195
大多数国家	19196
▁Dan	19197
她说	19198
▁totalling	19199
三角	19200
亚洲国家	19201
大国	19202
对妇女的暴力行为	19203
皇家	19204
联合国发展集团	19205
▁perpetrator	19206
▁而你	19207
爵士	19208
设保人	19209
▁Maintenance	19210
▁SC	19211
自我维持	19212
▁reconnaissance	19213
另一国	19214
提供适当的	19215
▁freezing	19216
转化为	19217
服从	19218
联络处	19219
▁而是	19220
最重要的是	19221
的份额	19222
锡	19223
世界银行和	19224
为实施	19225
威尔	19226
4).	19227
ene	19228
个项目	19229
郎	19230
PP	19231
eva	19232
▁norm	19233
对其进行	19234
▁rough	19235
▁tackl	19236
人受伤	19237
性行为	19238
▁Ethiopian	19239
▁快走	19240
全力	19241
和更	19242
家中	19243
合作伙伴关系	19244
按时	19245
星期三	19246
的社区	19247
十字	19248
毒性	19249
week	19250
▁127.	19251
二级	19252
休假	19253
▁Front	19254
生产者	19255
1969	19256
的控制	19257
地区和	19258
海事	19259
虐待和	19260
lim	19261
提高到	19262
措辞	19263
脫	19264
期内	19265
解决这些问题	19266
的大多数	19267
las	19268
▁妈的	19269
起飞	19270
▁Kofi	19271
▁clauses	19272
▁evacuation	19273
首先是	19274
▁enquiry	19275
▁receivables	19276
▁endanger	19277
▁ICRC	19278
服务条件	19279
资产的	19280
▁illegally	19281
▁judgements	19282
负有责任	19283
▁attach	19284
以色列国防军	19285
该处	19286
7,000	19287
▁Kim	19288
在此期间	19289
的原则和	19290
五名	19291
分阶段	19292
的尊重	19293
销售公约	19294
▁Try	19295
▁virtually	19296
消费量	19297
采取任何	19298
sponsored	19299
▁意识到	19300
回归	19301
黛	19302
CCD	19303
▁implies	19304
以保证	19305
完美	19306
每项	19307
被占领	19308
并表示	19309
提供保护	19310
摄	19311
▁boards	19312
作为联合国	19313
的所有方面	19314
经济危机	19315
▁disclosed	19316
无须	19317
财政支助	19318
通过与	19319
Le	19320
▁deficiencies	19321
针	19322
▁Convinced	19323
出现在	19324
的结论性意见	19325
高级别部分	19326
Har	19327
win	19328
▁feelings	19329
▁我们都	19330
叛乱	19331
爽	19332
生产率	19333
member	19334
▁Park	19335
多么	19336
等国	19337
秘书处将	19338
第三节	19339
次会议简要记录	19340
给他们	19341
lov	19342
▁(2007)	19343
事件的	19344
竟	19345
胸	19346
可取	19347
美国代表团	19348
▁remittances	19349
件事	19350
协同作用	19351
序言	19352
特别协调员	19353
▁abduction	19354
▁younger	19355
历史性	19356
增列	19357
所做的努力	19358
▁我还要	19359
做得	19360
▁voluntarily	19361
对人类	19362
所设	19363
被控	19364
▁corrected	19365
▁furniture	19366
喝酒	19367
国家委员会	19368
支助团	19369
的临时	19370
财政部	19371
▁关于第	19372
我们今天	19373
委员会于	19374
毁灭	19375
的议定书	19376
震	19377
高质量的	19378
▁Organic	19379
▁directors	19380
增订	19381
青年和	19382
的交易	19383
协商进程	19384
轰炸	19385
▁module	19386
安全与	19387
的一般性	19388
overcoming	19389
对平民	19390
与非政府组织	19391
持续存在	19392
▁saving	19393
控告	19394
8)。	19395
š	19396
积极地	19397
像你	19398
框	19399
▁avoided	19400
去世	19401
▁129.	19402
尖	19403
推翻	19404
▁modernization	19405
和歧视	19406
英里	19407
▁routes	19408
ele	19409
就需要	19410
耍	19411
之间建立	19412
变更	19413
阿拉伯文	19414
▁1981	19415
ila	19416
▁Appointment	19417
是什么意思	19418
环保	19419
▁Catholic	19420
▁Ku	19421
▁Stockpiling	19422
▁residential	19423
波斯尼亚	19424
笨蛋	19425
▁overseas	19426
核定的	19427
十三	19428
enophobia	19429
兩個	19430
密切相关	19431
不论是	19432
▁lending	19433
▁impetus	19434
▁persecution	19435
有针对性的	19436
暴露	19437
诚	19438
▁methyl	19439
▁pledge	19440
▁stolen	19441
大会第六十三届会议	19442
▁Richard	19443
▁停	19444
的监督	19445
▁UNV	19446
大会第六十二届会议	19447
金钱	19448
▁trigger	19449
其他方面	19450
樓	19451
泛	19452
▁很高兴	19453
着重于	19454
索取	19455
选择性	19456
▁Ver	19457
医疗保险	19458
制订一项	19459
伙计	19460
(“	19461
▁labor	19462
▁sixteenth	19463
的估计	19464
▁($1	19465
深为关切	19466
▁eliminated	19467
叫你	19468
▁proposing	19469
162	19470
▁diplomacy	19471
▁spoken	19472
放心	19473
表示遗憾	19474
贸易自由化	19475
▁silence	19476
后续工作	19477
需要加强	19478
蕾	19479
在欧洲	19480
差旅费	19481
▁Church	19482
▁endorse	19483
一些人	19484
方面的问题	19485
聯	19486
CER	19487
加共体	19488
对人权的	19489
我很	19490
讓我們	19491
计算的	19492
颜色	19493
▁Gr	19494
▁fa	19495
建立起	19496
这意味着	19497
资源分配	19498
May	19499
▁hardly	19500
▁ME	19501
Rapporteur	19502
拿着	19503
集中于	19504
征得	19505
▁default	19506
协商后	19507
最后报告	19508
消除种族歧视委员会	19509
负责执行	19510
▁entrepreneurs	19511
有力的	19512
▁OP	19513
▁criterion	19514
▁我說	19515
公然	19516
SE	19517
▁aggregate	19518
▁multinational	19519
土著人民权利	19520
发展活动	19521
智慧	19522
type	19523
zz	19524
▁im	19525
口粮	19526
无数	19527
的研究报告	19528
的迹象	19529
▁Fight	19530
就决议草案	19531
制订的	19532
▁Sun	19533
▁satellites	19534
▁uranium	19535
▁波兰	19536
全权证书委员会	19537
時間	19538
的脆弱性	19539
外交保护	19540
脚注	19541
订约	19542
串	19543
贫困和	19544
▁inappropriate	19545
▁这是什么	19546
确保对	19547
cia	19548
▁News	19549
▁此种	19550
投资和	19551
▁cap	19552
技术能力	19553
▁imposing	19554
(1995	19555
▁explanations	19556
▁flagrant	19557
人是	19558
▁Ga	19559
的命运	19560
و	19561
▁deposited	19562
列举	19563
没有人	19564
▁Val	19565
▁opium	19566
多部门	19567
▁aquifer	19568
鼓	19569
▁horse	19570
昆	19571
▁Mac	19572
▁semi	19573
的采购	19574
殖民主义	19575
极其重要	19576
▁131.	19577
▁Tu	19578
▁flights	19579
就好	19580
报告称	19581
▁Commitment	19582
向会员国	19583
最新的	19584
▁NATIONS	19585
确立了	19586
▁有时	19587
和非洲	19588
▁(1991)	19589
儿童兵	19590
▁renewal	19591
▁schooling	19592
▁wild	19593
.43	19594
这些武器	19595
	19596
(1996	19597
tes	19598
▁escalation	19599
▁Ram	19600
中获得	19601
所列的	19602
▁column	19603
合格的	19604
坚	19605
志	19606
控制和	19607
▁这方面	19608
售	19609
引进	19610
的通知	19611
75%	19612
溴	19613
采访	19614
暂行议事规则	19615
年内	19616
第六次	19617
water	19618
▁Par	19619
实现其	19620
该地区的	19621
(1998)	19622
▁这是我	19623
不起	19624
",	19625
▁directives	19626
基础结构	19627
提供技术	19628
的监测	19629
Mon	19630
▁applicants	19631
▁你这	19632
公园	19633
是啊	19634
不能再	19635
連	19636
美国的	19637
和国际法	19638
▁埃塞俄比亚	19639
一块	19640
这些目标	19641
不敢	19642
是关于	19643
活动的报告	19644
讀	19645
之二	19646
事务的	19647
巧	19648
▁wars	19649
▁Notwithstanding	19650
内政	19651
/59/5	19652
生活条件	19653
项目列入	19654
eck	19655
▁凯	19656
丰富的	19657
并不意味着	19658
条约汇编	19659
货运	19660
▁symbol	19661
学年	19662
復	19663
日历	19664
MENT	19665
â	19666
不确定性	19667
DF	19668
1.4	19669
▁PRESIDENT	19670
总统选举	19671
▁earmarked	19672
做到这一点	19673
提及的	19674
黎巴嫩政府	19675
African	19676
的人权状况	19677
諾	19678
伴侣	19679
年举行的	19680
▁chains	19681
ts	19682
拘禁	19683
侮辱	19684
捉	19685
(1999)	19686
depleting	19687
▁jump	19688
保护所有移徙工人及其家庭成员权利	19689
▁操	19690
总数的	19691
权能	19692
模块	19693
▁126.	19694
区域和国际各级	19695
IL	19696
▁walking	19697
一批	19698
也包括	19699
技能和	19700
土著问题常设论坛	19701
多国	19702
人力资源开发	19703
服务部门	19704
方面所	19705
▁1951	19706
▁earthquake	19707
否	19708
專	19709
国家发展战略	19710
贏	19711
▁Transit	19712
中发挥	19713
abi	19714
▁Kimberley	19715
并考虑	19716
必须加强	19717
▁postponed	19718
先决条件	19719
请委员会	19720
▁printed	19721
联络点	19722
跨越	19723
58/1	19724
▁Briefing	19725
▁không	19726
生殖保健	19727
的措辞	19728
的最低	19729
▁101	19730
▁ascertain	19731
▁老天	19732
其主要	19733
怎么说	19734
该死的	19735
▁sensing	19736
产妇	19737
近东巴勒斯坦难民救济和工程处	19738
ida	19739
试点项目	19740
MP	19741
工作人员细则	19742
走廊	19743
▁corrupt	19744
一大	19745
残疾人权利	19746
	19747
▁laboratory	19748
侵入	19749
强迫劳动	19750
166	19751
▁competencies	19752
调查员	19753
的重视	19754
▁studying	19755
▁粮农组织	19756
▁THAT	19757
▁闭门会议	19758
家庭生活	19759
的最新情况	19760
首相	19761
情况介绍	19762
陪同	19763
mann	19764
▁audience	19765
▁profession	19766
一节	19767
整理	19768
的国际文书	19769
筹备进程	19770
国防军	19771
逃避	19772
传达	19773
▁Charles	19774
▁amongst	19775
▁empowered	19776
▁10,000	19777
秋	19778
▁我看到	19779
HA	19780
▁ceiling	19781
勇敢	19782
性别和	19783
社会发展问题世界首脑会议	19784
都被	19785
执行伙伴	19786
措施来	19787
违	19788
▁288)}	19789
▁fourteenth	19790
▁prosecutions	19791
努力实现	19792
阻碍了	19793
惩戒	19794
▁impede	19795
▁veto	19796
And	19797
不论其	19798
57/1	19799
▁urbanization	19800
core	19801
gov	19802
对吧	19803
法律问题	19804
滥	19805
与有关	19806
增值	19807
疑问	19808
不加	19809
的课程	19810
▁perception	19811
他了	19812
拟订一项	19813
ony	19814
▁accelerating	19815
先例	19816
寿命	19817
自然资源的	19818
表达了	19819
不然	19820
2016	19821
▁Text	19822
▁boyfriend	19823
了大量	19824
国家和地方	19825
▁recruit	19826
也就是说	19827
仲裁示范法	19828
其中一个	19829
法官和	19830
129	19831
所占	19832
无力	19833
生成	19834
洁	19835
▁56/1	19836
▁Alex	19837
府	19838
码	19839
John	19840
р	19841
▁blog	19842
一般原则	19843
会产生	19844
分鐘	19845
必须对	19846
▁appreciates	19847
▁sees	19848
党派	19849
泥	19850
hand	19851
▁activists	19852
怒	19853
是很	19854
▁archives	19855
▁criminals	19856
在国际一级	19857
麗	19858
0.0	19859
▁Nonetheless	19860
▁acknowledging	19861
xi	19862
▁suspend	19863
又是	19864
社会和文化权利委员会	19865
▁fruit	19866
的性质和	19867
以及促进	19868
▁Lee	19869
▁websites	19870
颇	19871
贺	19872
▁predecessor	19873
辨	19874
取得的成果	19875
祈祷	19876
蒙特雷	19877
▁remnants	19878
一个月	19879
法律义务	19880
▁CARICOM	19881
▁Mogadishu	19882
▁108	19883
▁他们会	19884
凶手	19885
一直都	19886
核设施	19887
▁identifies	19888
▁kick	19889
他会	19890
晚餐	19891
▁伊朗	19892
雇佣	19893
6).	19894
和消除	19895
是他	19896
了我的	19897
环境管理	19898
秘书长代表	19899
的方针	19900
▁Fundamental	19901
/57/5	19902
发言名单	19903
急需	19904
款中	19905
多学科	19906
敲	19907
tain	19908
其中规定	19909
的陈述	19910
▁马来西亚	19911
伊斯坦布尔	19912
嘉	19913
▁hiding	19914
评估团	19915
该科	19916
▁gr	19917
▁项目厅	19918
很好的	19919
電	19920
人居议程	19921
▁industrialized	19922
大致	19923
瞷	19924
/1996/	19925
▁idiot	19926
▁portal	19927
永遠	19928
WTO	19929
▁nationwide	19930
充分地	19931
决策进程	19932
家庭法	19933
▁Henry	19934
为自己	19935
两年期的	19936
的员额	19937
aba	19938
▁emerge	19939
大地	19940
发展机构	19941
RM	19942
一并	19943
摩加迪沙	19944
▁likewise	19945
▁秘书长在	19946
努力确保	19947
阻挠	19948
取得的	19949
:1(212)	19950
▁expects	19951
▁installed	19952
▁好啊	19953
▁必	19954
弱点	19955
研发	19956
马绍尔群岛	19957
121	19958
▁procuring	19959
国际公共部门会计准则	19960
并提高	19961
▁我爱你	19962
不一样	19963
筹备会议	19964
▁demonstrates	19965
所依据的	19966
要想	19967
▁1972	19968
个体	19969
▁aftermath	19970
▁goddamn	19971
▁factual	19972
▁quit	19973
重点放在	19974
重返	19975
▁forwarded	19976
年鉴	19977
▁auditors	19978
▁当你	19979
整个联合国系统	19980
染	19981
▁1998-1999	19982
▁calculation	19983
▁Communities	19984
▁這就是	19985
▁tight	19986
▁以前	19987
▁会议开幕	19988
地注意到	19989
教材	19990
▁settlers	19991
可见	19992
▁breaking	19993
▁grand	19994
植	19995
雄	19996
▁Satellite	19997
实行的	19998
▁removing	19999
常见	20000
核对	20001
气体	20002
可能有	20003
▁fellow	20004
壮	20005
尊敬的	20006
市场上	20007
越来越多	20008
▁defendant	20009
婊子	20010
议会选举	20011
颗	20012
▁Auditor	20013
充分支持	20014
下届会议	20015
葛	20016
定位	20017
▁commonly	20018
不分	20019
空间物体	20020
▁alike	20021
▁亚洲	20022
创造条件	20023
国家对	20024
格林纳达	20025
结社自由	20026
协力	20027
可对	20028
挡	20029
有毒	20030
服务业	20031
票弃权	20032
限额	20033
代表团对	20034
▁Procedures	20035
▁伊朗伊斯兰共和国	20036
娅	20037
俱	20038
国际环境	20039
缔约国认为	20040
啤酒	20041
对非洲	20042
抓到	20043
▁reveal	20044
第六十三届会议	20045
log	20046
▁alignment	20047
事例	20048
破坏了	20049
▁Courts	20050
推定	20051
给秘书长的信	20052
人道主义危机	20053
費	20054
▁Establish	20055
东非	20056
荡	20057
(1992	20058
▁Fish	20059
奔	20060
如果没有	20061
▁boundary	20062
为发展中国家	20063
般	20064
▁benefiting	20065
▁bigger	20066
化合物	20067
各种活动	20068
琴	20069
相信我	20070
第二条第	20071
▁Consultations	20072
未支配余额	20073
reclassification	20074
兵力	20075
自主权	20076
▁isolated	20077
▁约旦	20078
总计	20079
看看你	20080
丰	20081
公开会议	20082
罢工	20083
改叙	20084
的性别	20085
辦	20086
▁usefulness	20087
种子	20088
集装箱	20089
仁	20090
▁interregional	20091
两性平等和	20092
会对	20093
▁Grenadines	20094
主席和	20095
法律程序	20096
驾	20097
▁seventeenth	20098
而产生的	20099
也对	20100
防止和打击	20101
两周	20102
召	20103
长时间	20104
麻醉品	20105
5).	20106
范畴	20107
mir	20108
▁Almaty	20109
以保护	20110
的期望	20111
可转让	20112
所有儿童	20113
°	20114
不定	20115
▁125.	20116
人权法	20117
還沒	20118
▁mapping	20119
▁ordnance	20120
▁Honey	20121
▁vendors	20122
员额和	20123
▁1.1	20124
▁farming	20125
▁真的吗	20126
完成任务	20127
	20128
▁gases	20129
给她	20130
联伊援助团	20131
▁eating	20132
否决	20133
▁UNAMA	20134
▁facilitates	20135
会议文件	20136
師	20137
提高效率	20138
▁trafficked	20139
▁如果他	20140
无国籍	20141
赔偿额	20142
陛下	20143
▁supervisory	20144
具有法律约束力的	20145
MO	20146
消极影响	20147
的東西	20148
两个月	20149
▁broaden	20150
扭曲	20151
因为他	20152
▁Fisheries	20153
制定一个	20154
的领土	20155
下降到	20156
女朋友	20157
的科学	20158
进行表决	20159
涂	20160
较高的	20161
重大挑战	20162
成员和	20163
driven	20164
أ	20165
▁trees	20166
▁sky	20167
▁hamper	20168
工作时间	20169
▁ecological	20170
再次呼吁	20171
现在就	20172
▁consulting	20173
我吗	20174
ius	20175
修订的	20176
运转	20177
nie	20178
大会通过	20179
▁wine	20180
155	20181
▁taste	20182
的宗旨和原则	20183
跨国有组织犯罪	20184
.3/62/	20185
long	20186
摩尔多瓦	20187
委员会还	20188
Council	20189
在這兒	20190
finding	20191
▁(2005),	20192
交往	20193
ici	20194
优质	20195
肩	20196
占据	20197
遍	20198
64/2	20199
▁stockpiles	20200
一案	20201
减少到	20202
uni	20203
▁interrelated	20204
▁tragedy	20205
生产的	20206
▁consultant	20207
▁Muslims	20208
尤为	20209
将性别观点纳入	20210
竟然	20211
inter	20212
公共秩序	20213
与委员会	20214
债券	20215
的职业	20216
肤色	20217
有一种	20218
组织会议	20219
学校和	20220
68/	20221
▁challenged	20222
国际社会对	20223
过多	20224
所涉方案预算问题	20225
▁overlap	20226
▁Campaign	20227
▁visibility	20228
non	20229
▁safeguarding	20230
▁导	20231
的每一	20232
Sect	20233
▁continental	20234
▁我们已经	20235
之类的	20236
困境	20237
在那儿	20238
它们是	20239
我爸	20240
民法	20241
偿付	20242
疼	20243
的分配	20244
rist	20245
▁streamline	20246
产前	20247
和原则	20248
十周年	20249
发挥着	20250
TS	20251
▁讲习班	20252
日内瓦四公约	20253
表示愿意	20254
(2009	20255
▁visitors	20256
反措施	20257
发展集团	20258
▁Embassy	20259
▁carries	20260
一個人	20261
不予	20262
四名	20263
塞尔	20264
▁UNFICYP	20265
▁tortured	20266
关于加强	20267
有系统地	20268
非洲集团	20269
取缔	20270
在世界各地	20271
妇女地位	20272
日的信	20273
经济合作与发展组织	20274
▁specialist	20275
水域	20276
的审判	20277
▁recipients	20278
怎	20279
獨	20280
的案例	20281
不当行为	20282
决策过程	20283
并实施	20284
的情报	20285
都需要	20286
法律效力	20287
要求对	20288
▁admissible	20289
东南欧	20290
有关缔约国	20291
▁litem	20292
诱	20293
▁checks	20294
特权和豁免	20295
▁seizure	20296
▁选举主席团成员	20297
▁doctrine	20298
这些资源	20299
▁succeeded	20300
红十字委员会	20301
危险废物	20302
链接	20303
▁clinics	20304
精神病	20305
平静	20306
▁vacant	20307
多年期	20308
差额	20309
▁demining	20310
▁tremendous	20311
典型	20312
有個	20313
▁有一个	20314
▁议	20315
呼吁各国	20316
回顾了	20317
不清	20318
圣文森特和格林纳丁斯	20319
意见和建议	20320
无条件	20321
ulation	20322
背景文件	20323
负面	20324
▁valued	20325
完全符合	20326
土著人民的	20327
▁Owing	20328
依然存在	20329
及其附属机构	20330
系统中	20331
受到影响	20332
▁Contact	20333
知识管理	20334
pt	20335
▁2000)	20336
商务	20337
敏	20338
斯托	20339
统计局	20340
的父母	20341
春	20342
GE	20343
▁negatively	20344
这些规定	20345
▁103	20346
制品	20347
约翰内斯堡	20348
▁handled	20349
▁履行机构	20350
前所未有的	20351
的协商	20352
▁laundering	20353
▁inheritance	20354
▁successive	20355
妙	20356
很清楚	20357
法律依据	20358
驻地	20359
▁cooperatives	20360
▁journey	20361
建议将	20362
特别重要	20363
号决议规定的	20364
的宣传	20365
禁毒	20366
两人	20367
欧洲联盟委员会	20368
.44	20369
▁Aware	20370
▁Forest	20371
▁bro	20372
▁modification	20373
以消除	20374
▁在同一次会议上	20375
我家	20376
的那个	20377
ố	20378
限制性	20379
51/2	20380
部门间	20381
▁预期	20382
幸运	20383
真主的	20384
/26	20385
▁merit	20386
▁联合国开发计划署	20387
一代	20388
劲	20389
深切	20390
▁138.	20391
▁其次	20392
派对	20393
cr	20394
pen	20395
▁gravity	20396
以色列占领	20397
我才	20398
被判	20399
无核武器	20400
西非国家经济共同体	20401
▁applicability	20402
▁slum	20403
▁somewhat	20404
明白了	20405
ord	20406
▁Funds	20407
如今	20408
拉丁美洲和加勒比国家	20409
▁paramount	20410
经由	20411
▁robbery	20412
▁Principal	20413
俗	20414
分工	20415
无意	20416
悲惨	20417
利益相关者	20418
▁modify	20419
▁neutral	20420
▁reorganization	20421
仅仅是	20422
保留意见	20423
▁passport	20424
年估计	20425
線	20426
▁stuck	20427
己	20428
打击贩运人口	20429
▁vulnerabilities	20430
的公共	20431
▁闭嘴	20432
所取得的	20433
繁	20434
也没	20435
客气	20436
往来	20437
该部队	20438
領	20439
▁莫	20440
类索赔	20441
请秘书长确保	20442
进度	20443
一届会议	20444
初等教育	20445
区域和全球	20446
和投资	20447
▁Acknowledging	20448
▁lease	20449
ك	20450
▁failing	20451
作为对	20452
北极	20453
的磋商	20454
看到的	20455
▁hostile	20456
▁reputation	20457
致力	20458
任务授权	20459
文化财产	20460
都很	20461
▁voters	20462
一个关于	20463
专家和	20464
无权	20465
總是	20466
开始了	20467
特别是发展中国家	20468
▁Bolivarian	20469
胆	20470
▁Bob	20471
▁Centres	20472
约翰内斯堡执行计划	20473
3.2	20474
并入	20475
▁他妈的	20476
主持下	20477
主流化	20478
的姓名	20479
▁Girls	20480
▁ladies	20481
幹什麼	20482
缔约国大会	20483
▁Malaria	20484
▁Substances	20485
不是你	20486
GA	20487
awa	20488
悲	20489
她在	20490
▁2.3	20491
▁hostage	20492
▁log	20493
▁不幸的是	20494
厉害	20495
并从	20496
/25	20497
上诉分庭	20498
从其	20499
137	20500
▁abolished	20501
告诉我们	20502
▁routine	20503
的生活条件	20504
ậ	20505
将有	20506
这些行为	20507
钟	20508
▁NO	20509
▁directions	20510
▁cute	20511
▁imported	20512
导致了	20513
所指的	20514
▁incomes	20515
本决议的执行情况	20516
研训所	20517
XXI	20518
律师协会	20519
艰巨	20520
这一事项	20521
▁civic	20522
▁Maria	20523
▁blockade	20524
实现和平	20525
频率	20526
▁cars	20527
纪录	20528
耐	20529
▁Thomas	20530
德班	20531
▁footnote	20532
▁suppression	20533
南南	20534
▁Disability	20535
马丁	20536
的福利	20537
126	20538
▁entitlement	20539
▁yield	20540
并按照	20541
令人关切	20542
相当大的	20543
▁Except	20544
▁correction	20545
▁该死	20546
expendable	20547
▁什么事	20548
电视台	20549
▁excluding	20550
▁赞扬	20551
并确认	20552
沿	20553
全民	20554
发达国家和发展中国家	20555
国家责任	20556
空间活动	20557
This	20558
nal	20559
▁反正	20560
启用	20561
法庭的	20562
▁conciliation	20563
▁foreseen	20564
▁undertakings	20565
▁行政和预算问题咨询委员会	20566
▁marital	20567
中等收入国家	20568
/99	20569
▁discriminate	20570
安盟	20571
▁belongs	20572
▁milk	20573
工业化	20574
勾	20575
▁References	20576
在此方面	20577
超级	20578
▁MINURSO	20579
▁靠	20580
一座	20581
采取一切	20582
中等教育	20583
民间社会和	20584
▁Reserve	20585
一切形式	20586
总额的	20587
▁但在	20588
战胜	20589
类别的	20590
▁第三委员会	20591
崩溃	20592
的规划	20593
经历了	20594
▁accomplish	20595
监核视委	20596
UNFPA	20597
▁soldier	20598
应采取	20599
方案活动	20600
汇集	20601
造福	20602
▁bin	20603
▁circulate	20604
共和国政府	20605
瓦努阿图	20606
原文	20607
和优先事项	20608
所用的	20609
生活质量	20610
▁1969	20611
▁Trans	20612
▁波	20613
坐下	20614
截	20615
sum	20616
Government	20617
返	20618
▁Roman	20619
▁angry	20620
▁upper	20621
▁backlog	20622
正式语文	20623
die	20624
▁Harry	20625
严重违反	20626
环境卫生	20627
貝	20628
▁males	20629
▁subprogrammes	20630
已采取	20631
东欧国家	20632
通行	20633
two	20634
為什么	20635
第一届	20636
该建议	20637
金融服务	20638
不同文明	20639
-12	20640
▁remarkable	20641
兆	20642
被剥夺	20643
▁ethnicity	20644
▁investigators	20645
争论	20646
more	20647
这位	20648
第五委员会的报告	20649
刑事司法系统	20650
字母	20651
表示希望	20652
▁intercultural	20653
▁readily	20654
家庭的	20655
▁61/1	20656
他就	20657
国际法律文书	20658
宗教自由	20659
的含义	20660
程序问题	20661
▁selling	20662
社区和	20663
该进程	20664
ition	20665
ه	20666
但对	20667
其本国	20668
镇压	20669
era	20670
▁58/1	20671
▁alcohol	20672
▁asshole	20673
▁杰克	20674
情况的报告	20675
联合国关于	20676
制定和实施	20677
艇	20678
▁inviting	20679
绕	20680
▁Micronesia	20681
居然	20682
方案拟订	20683
罪名	20684
▁currencies	20685
▁overarching	20686
▁undermining	20687
和俄罗斯联邦	20688
相结合	20689
oun	20690
▁usage	20691
在达尔富尔	20692
▁marks	20693
▁我们相信	20694
制度化	20695
▁欣见	20696
和重返社会	20697
的约束	20698
第四章	20699
頓	20700
▁loves	20701
欣	20702
区域间	20703
html	20704
划定	20705
ㄆ	20706
平行	20707
▁那里	20708
代表说	20709
传递	20710
作品	20711
日子	20712
▁sponsor	20713
▁synergy	20714
性健康和生殖健康	20715
衡	20716
▁CMP	20717
▁各代表团	20718
筹措	20719
▁Concluding	20720
▁overdue	20721
什么都	20722
▁dependence	20723
看过	20724
San	20725
▁1976	20726
未得到	20727
的指导原则	20728
罗姆	20729
詹姆斯	20730
区域一级	20731
又有	20732
如同	20733
以处理	20734
脏	20735
通道	20736
▁MDG	20737
中午	20738
的新闻	20739
▁parliaments	20740
人的尊严	20741
患有	20742
也未	20743
▁acquiring	20744
That	20745
的差距	20746
▁Belgrade	20747
▁Pi	20748
▁steal	20749
人权机制	20750
提出申诉	20751
秀	20752
第五条第	20753
▁62/2	20754
▁bureau	20755
▁王	20756
分析了	20757
贝尔格莱德	20758
仅在	20759
数目增加	20760
易受伤害	20761
杰克	20762
bra	20763
▁IMIS	20764
芬兰语	20765
▁Senate	20766
▁儿童权利委员会	20767
以便确保	20768
坦克	20769
搬迁	20770
段所载	20771
認	20772
▁Investigations	20773
对伊拉克	20774
日益增加	20775
▁CCW	20776
▁embodied	20777
▁expectancy	20778
▁他们在	20779
要我	20780
▁Close	20781
儿童和青年	20782
賽	20783
TM	20784
废料	20785
监察员办公室	20786
诗	20787
進來	20788
ators	20789
▁misuse	20790
▁Mer	20791
罐	20792
势力	20793
▁136.	20794
其他国际组织	20795
▁这包括	20796
态	20797
▁Mor	20798
▁强调必须	20799
▁GHG	20800
▁Norwegian	20801
講	20802
阳	20803
lit	20804
▁customers	20805
7).	20806
purpose	20807
sectoral	20808
▁Jim	20809
▁秘鲁	20810
ぐ或	20811
老大	20812
调集	20813
iss	20814
▁ignore	20815
安德	20816
年预算	20817
成分	20818
客人	20819
本条第	20820
的多边	20821
司法协助	20822
控制措施	20823
伯特	20824
性别暴力	20825
MOP	20826
基本的	20827
▁Bay	20828
▁helicopters	20829
▁判例	20830
(1)(	20831
▁glass	20832
以阿拉伯语	20833
▁Mindful	20834
like	20835
为儿童	20836
证词	20837
还向	20838
▁Rehabilitation	20839
人格	20840
并说明	20841
火车	20842
.42	20843
34/	20844
▁solar	20845
赌	20846
▁confront	20847
不涉及	20848
当地社区	20849
法医	20850
2.4	20851
积压	20852
▁Recommends	20853
下达	20854
发挥的作用	20855
百慕大	20856
/31	20857
impact	20858
感激	20859
表示了	20860
转到	20861
▁adjust	20862
后续活动	20863
的报道	20864
▁row	20865
▁Ab	20866
▁Abuse	20867
都已	20868
阿布哈兹	20869
3.3	20870
项建议	20871
各主要	20872
政治事务	20873
有关问题	20874
▁169	20875
已经成为	20876
激烈	20877
▁promising	20878
大力支持	20879
核安全	20880
正面	20881
源自	20882
sustainment	20883
充分考虑到	20884
联网	20885
謝	20886
▁明白	20887
土地使用	20888
拿走	20889
▁Cost	20890
打扰	20891
▁Truth	20892
▁fathers	20893
九个	20894
将用于	20895
▁Overview	20896
人身安全	20897
监测系统	20898
▁prevail	20899
▁Olympic	20900
以免	20901
▁于是	20902
初始	20903
能力发展	20904
联合国内罗毕办事处	20905
ub	20906
▁researchers	20907
领土政府	20908
put	20909
▁advocated	20910
▁versions	20911
馬上	20912
▁temporarily	20913
的一个组成部分	20914
▁depositary	20915
融入社会	20916
个人和实体	20917
早些时候	20918
有沒有	20919
▁soft	20920
▁104	20921
▁Mon	20922
交换意见	20923
合作与协调	20924
格拉	20925
▁你为什么	20926
▁debts	20927
▁keys	20928
▁据报告	20929
大屠杀	20930
▁在这一方面	20931
▁4.2	20932
很高興	20933
合作框架	20934
以色列人	20935
号决议以及	20936
对该国	20937
被告人	20938
▁另	20939
可由	20940
定性	20941
日本政府	20942
研究机构	20943
由其	20944
自动化	20945
▁Respect	20946
▁split	20947
缺点	20948
起了	20949
▁beneficiary	20950
行动中	20951
ush	20952
审慎	20953
盈余	20954
突	20955
▁accessing	20956
▁guards	20957
工作人员薪金税	20958
机构中	20959
地理信息系统	20960
新兴	20961
气候变化问题	20962
▁UNITA	20963
可否	20964
巴勒斯坦领土	20965
提高妇女	20966
荣誉	20967
饮水	20968
▁color	20969
▁freight	20970
▁recovered	20971
▁unfair	20972
國家	20973
cm	20974
hur	20975
▁quarterly	20976
我将	20977
高层	20978
Oh	20979
难民地位	20980
▁informing	20981
在该区域	20982
感受	20983
约定	20984
▁135.	20985
人道主义行动	20986
第十三届会议	20987
进行监测	20988
▁requisite	20989
欢迎秘书长	20990
认可的	20991
▁科特迪瓦	20992
▁MO	20993
▁struck	20994
▁救命	20995
人家	20996
劝	20997
姓	20998
远离	20999
和联合王国	21000
独特	21001
这些挑战	21002
▁Boy	21003
囊	21004
▁assistant	21005
▁Step	21006
▁joke	21007
▁plight	21008
为目标	21009
▁Comment	21010
任何形式的	21011
的议题	21012
飓风	21013
妇女人权	21014
新设	21015
法律和政策	21016
维持国际和平与安全	21017
中介	21018
人质	21019
考虑了	21020
8).	21021
▁GS	21022
▁convictions	21023
▁surprised	21024
的整个	21025
UNESCO	21026
▁伙计	21027
义务教育	21028
任务是	21029
伊拉克人民	21030
淡水	21031
▁Joseph	21032
祸	21033
奶奶	21034
▁reasonably	21035
存放	21036
已得到	21037
▁2003)	21038
密码	21039
的就业	21040
的背景	21041
‘	21042
▁那個	21043
和职业	21044
的主要原因是	21045
▁Albanian	21046
街头	21047
▁briefly	21048
▁meat	21049
▁weekend	21050
具体建议	21051
▁supplier	21052
▁Grenada	21053
▁Toward	21054
▁thirds	21055
的日子	21056
rad	21057
在巴西	21058
它认为	21059
ttaining	21060
主席兼报告员	21061
.12/	21062
▁enacting	21063
在索马里	21064
	21065
▁govern	21066
以推动	21067
通告	21068
里克	21069
被纳入	21070
▁politicians	21071
可不是	21072
ope	21073
与安全	21074
▁坐	21075
▁阿拉伯叙利亚共和国	21076
治理和	21077
都不知道	21078
▁Traffic	21079
▁哪	21080
▁Van	21081
可靠性	21082
在必要时	21083
得了	21084
說過	21085
▁sleeping	21086
宗教信仰	21087
密集	21088
经济合作	21089
规则和	21090
顾	21091
62/	21092
你不要	21093
折磨	21094
▁confrontation	21095
的全国	21096
▁UNDG	21097
▁linkage	21098
武装力量	21099
弹道导弹	21100
必须遵守	21101
策	21102
逾期	21103
▁invoke	21104
公民权利	21105
改變	21106
new	21107
▁Kh	21108
军用	21109
博物馆	21110
替代发展	21111
公斤	21112
56/1	21113
made	21114
▁Rather	21115
中文	21116
头发	21117
被称为	21118
▁heaven	21119
在维也纳举行	21120
侧	21121
▁incentive	21122
联合国及其	21123
/2,	21124
▁0.7	21125
和决策	21126
▁allegation	21127
主题是	21128
充分和	21129
连续性	21130
男童	21131
难道	21132
打了	21133
指望	21134
汤加	21135
追回	21136
具体情况	21137
吊	21138
疫	21139
继续执行	21140
裔	21141
选举援助	21142
非法行为	21143
▁180	21144
▁Whether	21145
克拉	21146
普通照会	21147
要不要	21148
问题进行	21149
sessional	21150
和有效	21151
SM	21152
▁referral	21153
▁combine	21154
应当指出	21155
异议	21156
生产性	21157
▁accuracy	21158
函件	21159
方法是	21160
的货物	21161
▁Kar	21162
各届会议	21163
生育率	21164
ied	21165
▁legality	21166
记录的	21167
若干国家	21168
wal	21169
孙	21170
當然	21171
有关方面	21172
稳步	21173
联合国妇女发展基金	21174
以便利	21175
兴	21176
恐怖活动	21177
酷刑和其他残忍	21178
Vol	21179
反复	21180
国家之间	21181
建立联系	21182
政府为	21183
部长理事会	21184
▁ignored	21185
摄影	21186
金伯利进程	21187
▁Again	21188
than	21189
▁là	21190
不止	21191
的可持续发展	21192
▁Evidence	21193
▁克罗地亚	21194
▁disclose	21195
▁lovely	21196
不该	21197
疾病的	21198
该法律	21199
▁Cut	21200
向政府	21201
▁metal	21202
▁overwhelming	21203
开列	21204
▁manifest	21205
制订和执行	21206
的巨大	21207
/3/	21208
通过以下	21209
▁hidden	21210
▁我沒	21211
▁Accord	21212
▁我要去	21213
包括千年发展目标	21214
获释	21215
Mexico	21216
和联合国系统	21217
希尔	21218
▁alright	21219
▁那是什么	21220
一类	21221
执照	21222
比尔	21223
的刑罚	21224
的家伙	21225
主体	21226
	21227
▁bulletin	21228
不变	21229
正式文件	21230
贪污	21231
▁arts	21232
▁supplementing	21233
▁待	21234
▁我只想	21235
可利用	21236
备选	21237
并推动	21238
琵	21239
▁3.2	21240
审视	21241
纳入国家	21242
▁instituted	21243
vel	21244
千万	21245
委员会的建议	21246
审定	21247
评论意见	21248
avi	21249
发电	21250
系指	21251
▁identical	21252
多边条约	21253
这样一种	21254
▁聽著	21255
人员编制	21256
▁Bur	21257
综合方案	21258
▁Sunday	21259
总局	21260
该缔约方	21261
▁1.5	21262
各地区	21263
我们现在	21264
载于文件	21265
▁upset	21266
同行	21267
的额外	21268
▁euros	21269
paras	21270
残疾问题	21271
转运	21272
▁privatization	21273
▁Contracts	21274
▁credits	21275
联合国经常预算	21276
▁你没	21277
公主	21278
方面所取得的进展	21279
核查团	21280
▁le	21281
資	21282
▁Almost	21283
▁BY	21284
▁compiled	21285
做的事	21286
南北	21287
原来	21288
▁moves	21289
▁reads	21290
的业绩	21291
相关信息	21292
所规定	21293
非国家	21294
▁bloody	21295
▁3:	21296
▁mix	21297
189	21298
▁3)	21299
▁2).	21300
▁countermeasures	21301
▁对此	21302
冲突各方	21303
应用程序	21304
▁diligence	21305
▁reliance	21306
维和特派团	21307
腦	21308
▁160	21309
▁speedy	21310
内外	21311
就有关	21312
荣	21313
可为	21314
第十一届	21315
炸药	21316
荣幸地	21317
kar	21318
公职	21319
在法律上	21320
▁Various	21321
的女儿	21322
的可持续性	21323
▁parity	21324
国家元首和政府首脑	21325
▁regretted	21326
帮助他们	21327
▁Adam	21328
▁Recovery	21329
▁childcare	21330
▁赞成	21331
契	21332
4)。	21333
一边	21334
和预防	21335
改革和	21336
▁barrier	21337
我都	21338
真理	21339
▁raw	21340
审查其	21341
国家集团	21342
有效实施	21343
还认为	21344
酷刑和虐待	21345
142	21346
▁ceremony	21347
源于	21348
簿	21349
ras	21350
ump	21351
▁burn	21352
使它们	21353
和意见	21354
证实了	21355
▁Eleventh	21356
▁attained	21357
▁bills	21358
含量	21359
精算	21360
▁Clear	21361
ado	21362
程序中	21363
▁Nu	21364
profit	21365
▁deciding	21366
和乌克兰	21367
的商业	21368
▁着重指出	21369
联合国安全理事会	21370
▁lifting	21371
外勤事务	21372
尘	21373
托运人	21374
的充分	21375
虐	21376
无可	21377
的步骤	21378
实际情况	21379
烟草	21380
▁(6	21381
▁packages	21382
▁rounds	21383
存款	21384
其他形式的	21385
在这种情况下	21386
特别是与	21387
该办事处	21388
需要对	21389
的部队	21390
上限	21391
▁在该	21392
麥	21393
▁eighteenth	21394
▁finalization	21395
並	21396
年后发展议程	21397
提供充分的	21398
比利	21399
该法案	21400
该集团	21401
长达	21402
所有利益攸关方	21403
的专门	21404
第一批	21405
公顷	21406
带走	21407
结束对议程项目	21408
▁condemnation	21409
候补	21410
地下水	21411
想像	21412
焦点	21413
签署和批准	21414
Economic	21415
▁Arabs	21416
人道主义法	21417
发表声明	21418
和人道主义	21419
丙	21420
始	21421
很快就	21422
缘	21423
股票	21424
和后勤	21425
氟氯化碳	21426
第十二届会议	21427
▁taxation	21428
桌	21429
法律改革	21430
疯	21431
▁與	21432
亿人	21433
全球伙伴关系	21434
▁CTBT	21435
▁Somebody	21436
免费提供	21437
教育系统	21438
评价和	21439
.47	21440
法律约束力	21441
▁2004)	21442
会员国在	21443
国家主权	21444
必不可少的	21445
限定	21446
set	21447
和公共	21448
的体制	21449
▁Aboriginal	21450
年通过的	21451
▁nh	21452
▁vice	21453
▁厄瓜多尔	21454
1963	21455
▁mate	21456
反歧视	21457
很明显	21458
每两年	21459
▁(5	21460
▁miscellaneous	21461
▁Priority	21462
▁edition	21463
▁instrumental	21464
体制框架	21465
▁printing	21466
出资	21467
维持和平行动的	21468
▁compile	21469
選擇	21470
▁turns	21471
靈	21472
一位发言者	21473
会使	21474
全国委员会	21475
▁complementarity	21476
旗	21477
▁foremost	21478
▁我想要	21479
低收入国家	21480
烤	21481
▁lots	21482
多大	21483
悔	21484
的统计数据	21485
extraterritorial	21486
進去	21487
并进行	21488
的指导方针	21489
这种合作	21490
的设施	21491
公告	21492
否决权	21493
随时准备	21494
9,000	21495
领域中的	21496
奥尔	21497
combatants	21498
▁Prince	21499
▁他认为	21500
伙	21501
体制和	21502
代表的发言	21503
认为这是	21504
陷	21505
判刑	21506
到处	21507
▁UNAMI	21508
▁缔约方大会	21509
判处死刑	21510
	21511
▁2005)	21512
不影响	21513
▁Eritrean	21514
几位	21515
5/1	21516
▁($4	21517
▁主席先生	21518
自然人	21519
设备的	21520
▁experiencing	21521
年里	21522
这些标准	21523
▁dramatic	21524
中华人民共和国	21525
救了	21526
来文提交人	21527
的先决条件	21528
落后	21529
▁但是你	21530
的现实	21531
权力机构	21532
维也纳宣言和行动纲领	21533
黄金	21534
▁Seven	21535
▁flat	21536
▁joining	21537
在中东	21538
CCW	21539
▁Supply	21540
▁complied	21541
▁hole	21542
海洋和海洋法	21543
▁他们说	21544
勞	21545
请秘书长就	21546
诽谤	21547
全面禁试条约	21548
加倍努力	21549
没有对	21550
▁spiritual	21551
令人鼓舞的	21552
所采用的	21553
的供资	21554
的意图	21555
▁别担心	21556
无辜	21557
▁engine	21558
1:15	21559
定稿	21560
缔约国没有	21561
难题	21562
▁fleet	21563
▁ê	21564
▁doubts	21565
▁给你	21566
亿美元的	21567
多方面	21568
139	21569
款额	21570
▁Engineering	21571
▁hired	21572
uring	21573
▁是吧	21574
关系到	21575
国情	21576
布里	21577
调查团	21578
▁clothing	21579
几点	21580
▁130	21581
▁stateless	21582
▁我们不能	21583
充分遵守	21584
▁lend	21585
▁preferential	21586
妓女	21587
OHCHR	21588
地质	21589
据以	21590
目睹	21591
吃的	21592
转变为	21593
▁chart	21594
和落实	21595
有意思	21596
▁notifications	21597
▁tongue	21598
亨利	21599
ique	21600
▁祝你	21601
医药	21602
表面	21603
▁Ministries	21604
▁Projects	21605
▁Thematic	21606
▁格鲁吉亚	21607
▁generic	21608
如何处理	21609
委员会会议	21610
行政首长协调会	21611
▁cuts	21612
的名单	21613
严厉	21614
中占	21615
其他部门	21616
制约因素	21617
生活中	21618
▁arranged	21619
似乎是	21620
▁maps	21621
▁noble	21622
向大会提出	21623
▁IDPs	21624
▁现在我	21625
布鲁塞尔	21626
▁106	21627
▁Bad	21628
▁Subcommission	21629
之间的对话	21630
参看	21631
新生儿	21632
剩下的	21633
中国政府	21634
想起	21635
在题为	21636
地带	21637
那些人	21638
磨	21639
▁Dec	21640
以反映	21641
苦难	21642
▁134.	21643
▁audio	21644
必须将	21645
的住房	21646
范畴内	21647
长期以来	21648
增进和保护人权小组委员会	21649
▁assignments	21650
▁drivers	21651
▁accompanying	21652
工作组主席	21653
▁Supplementary	21654
为改善	21655
进行有效	21656
在科索沃	21657
时在第	21658
ches	21659
共同目标	21660
寶	21661
物质的	21662
牲畜	21663
范例	21664
ofar	21665
▁securities	21666
▁媽媽	21667
政策和程序	21668
夢	21669
次定期报告	21670
▁COUNCIL	21671
▁缅甸	21672
能量	21673
Sh	21674
▁livestock	21675
产权	21676
成為	21677
▁130.	21678
▁Brindisi	21679
在履行	21680
拿出	21681
建议大会	21682
更高的	21683
宣告	21684
▁求你了	21685
勇气	21686
工业化国家	21687
月开始	21688
▁alarming	21689
区域方案	21690
Kar	21691
▁button	21692
▁deforestation	21693
▁phenomena	21694
少数人	21695
显	21696
▁progressively	21697
农村地区的	21698
▁250	21699
的管辖权	21700
▁Intellectual	21701
取得了进展	21702
和基础设施	21703
恭喜	21704
的重要作用	21705
▁universally	21706
不被	21707
ب	21708
方面的经验	21709
非国家行为者	21710
.3,	21711
▁2000:	21712
研究结果	21713
ع	21714
▁exacerbated	21715
▁fucked	21716
严肃	21717
OM	21718
▁celebrate	21719
偷运移民	21720
大会和会议管理部	21721
纪	21722
预备	21723
▁insert	21724
一起去	21725
可从	21726
总的来说	21727
国际法和	21728
奎	21729
威胁到	21730
联合国其他	21731
run	21732
订立的	21733
▁dreams	21734
数百万	21735
防卫	21736
神圣	21737
与其他国家	21738
可能造成	21739
政治宣言	21740
空间法	21741
这只是	21742
▁gay	21743
或任何其他	21744
的公民	21745
研究人员	21746
WA	21747
▁$12	21748
▁hazard	21749
▁委员会还注意到	21750
并促请	21751
总人数	21752
▁Funding	21753
她是	21754
打电话给	21755
很小	21756
李	21757
}{\	21758
▁HR	21759
▁automatic	21760
十七	21761
相关活动	21762
▁correspondence	21763
▁俄罗斯	21764
公共安全	21765
执行其	21766
蛤	21767
▁Mart	21768
建议缔约国	21769
aki	21770
tor	21771
那就是	21772
▁peak	21773
的各项规定	21774
创造就业	21775
主管机关	21776
提供适当	21777
走上	21778
▁surrender	21779
做了什么	21780
里约集团	21781
是否可以	21782
谢谢你	21783
Report	21784
普遍存在	21785
进展报告	21786
▁modifications	21787
简介	21788
说他	21789
▁182	21790
▁Relevant	21791
▁pal	21792
外交和	21793
▁ITC	21794
▁fails	21795
和专业	21796
将提供	21797
ueen	21798
▁remainder	21799
德先生	21800
耻	21801
▁Real	21802
公海	21803
▁band	21804
▁bromide	21805
探测	21806
▁newspaper	21807
文档	21808
系统性	21809
未成年	21810
life	21811
▁bulk	21812
影响了	21813
地方社区	21814
施工	21815
数量的	21816
6:00	21817
NGOs	21818
妨碍了	21819
▁knowing	21820
土族塞人	21821
就该	21822
针对性	21823
多边基金	21824
汗	21825
▁interfere	21826
的网站	21827
防治荒漠化	21828
.3/63/	21829
/55/3	21830
▁CST	21831
的各项活动	21832
900	21833
和咨询	21834
提交了一份	21835
▁加油	21836
▁並	21837
right	21838
▁shoes	21839
▁licences	21840
其他有关	21841
采取必要的	21842
非法制造	21843
ij	21844
mu	21845
▁entails	21846
美国人	21847
隐藏	21848
▁outlines	21849
▁梅	21850
信中	21851
▁112	21852
和运输	21853
▁occurrence	21854
得到解决	21855
万欧元	21856
▁Examples	21857
射击	21858
环境下	21859
的语言	21860
隐私	21861
我的特别代表	21862
▁contaminated	21863
岛上	21864
▁Defense	21865
▁Falkland	21866
严重威胁	21867
3),	21868
Res	21869
─	21870
▁Aren	21871
▁residing	21872
抵押	21873
▁Physical	21874
▁domain	21875
移民和	21876
被占领的	21877
见表	21878
背后	21879
该区域各国	21880
gy	21881
▁attempting	21882
▁chose	21883
促进和平	21884
▁Mama	21885
投资于	21886
的非正式	21887
解释投票	21888
159	21889
▁precursors	21890
扶	21891
▁silent	21892
各项规定	21893
领导作用	21894
sub	21895
▁Command	21896
▁这位	21897
吃饭	21898
完整的	21899
试试	21900
▁Mi	21901
在刚果民主共和国	21902
塊	21903
▁dismissal	21904
▁laugh	21905
大选	21906
禮	21907
▁legacy	21908
监测和报告	21909
汇总	21910
的薪金	21911
▁没有人	21912
cum	21913
ux	21914
▁Forget	21915
▁Moroccan	21916
聖	21917
POP	21918
我不能	21919
毒品和犯罪问题办事处	21920
距	21921
路易斯	21922
▁keeps	21923
游行	21924
▁Ti	21925
▁orphans	21926
行李	21927
通过第	21928
▁panellists	21929
▁trainers	21930
剥夺自由	21931
只是在	21932
▁我們要	21933
道理	21934
难民的	21935
笔译	21936
的现金	21937
钢	21938
▁rocket	21939
反叛	21940
▁107	21941
岗位	21942
忍受	21943
本法院	21944
比我	21945
全球环境	21946
向公众	21947
▁accumulate	21948
Global	21949
人权组织	21950
作为优先事项	21951
航空公司	21952
▁earn	21953
丟	21954
并无	21955
把这些	21956
机动	21957
▁Camp	21958
在乎	21959
收拾	21960
向安理会	21961
和独立	21962
.5/	21963
就得	21964
诚意	21965
▁132.	21966
的协作	21967
的清单	21968
▁突尼斯	21969
国家人权委员会	21970
▁terminated	21971
军方	21972
▁rations	21973
保护妇女	21974
如果不	21975
男生	21976
保存人	21977
翁	21978
Brazil	21979
▁IDF	21980
会议厅	21981
土地利用	21982
我来	21983
瑙鲁	21984
负责任	21985
一頁	21986
粒	21987
遗留	21988
▁del	21989
导航	21990
联合国驻	21991
▁customer	21992
普遍的	21993
▁Transparency	21994
▁opposite	21995
出身	21996
的工作量	21997
的法官	21998
会被	21999
列在	22000
退休金	22001
▁Hell	22002
▁darling	22003
▁indiscriminate	22004
教徒	22005
正好	22006
說了	22007
▁encouragement	22008
形成了	22009
44/	22010
▁claiming	22011
的上诉	22012
该人	22013
现行的	22014
▁963	22015
充分实现	22016
况	22017
可惜	22018
▁Hotel	22019
▁Were	22020
大会第五十六届会议	22021
礼拜	22022
146	22023
▁Understanding	22024
▁聽	22025
▁tendency	22026
的宗旨	22027
能够获得	22028
▁intervene	22029
被列入	22030
按照大会第	22031
une	22032
▁我们有	22033
内务部	22034
多个国家	22035
▁optimal	22036
上有	22037
巴黎原则	22038
深化	22039
瘾	22040
避难	22041
金沙萨	22042
office	22043
▁Annexes	22044
这两种	22045
百分之	22046
联合国改革	22047
▁noon	22048
▁respondents	22049
必须有	22050
▁安哥拉	22051
歐	22052
经社会	22053
▁steadily	22054
无法获得	22055
钮	22056
▁Lack	22057
▁picked	22058
尊重和	22059
▁Scope	22060
以求	22061
会议事务	22062
关切问题	22063
发布的	22064
消灭贫穷	22065
滾	22066
▁2003;	22067
参议院	22068
为保护	22069
京	22070
的结论和建议	22071
非常好	22072
▁2,000	22073
建立新的	22074
斯基	22075
152	22076
创造一个	22077
和更新	22078
摇	22079
的范围和	22080
原本	22081
址	22082
更广泛	22083
极大的	22084
君	22085
味道	22086
第四条第	22087
被杀	22088
asp	22089
军事特遣队	22090
当天	22091
婚礼	22092
▁Claims	22093
足额	22094
ken	22095
▁Mid	22096
▁clusters	22097
▁shocks	22098
授	22099
以符合	22100
或使用	22101
▁Sp	22102
▁爱尔兰	22103
一章	22104
已从	22105
德尔	22106
有关报告	22107
以执行	22108
深表	22109
aire	22110
需求和	22111
.1、	22112
促进对	22113
带头	22114
▁accepting	22115
▁provider	22116
白痴	22117
的差异	22118
通过关于	22119
▁tobacco	22120
国际责任	22121
政策和措施	22122
的权利和义务	22123
并保证	22124
纳入了	22125
▁tanks	22126
产妇死亡率	22127
必须为	22128
在外面	22129
63/	22130
▁你不会	22131
▁许多国家	22132
审计报告	22133
▁Responsibility	22134
▁policing	22135
必须考虑到	22136
新议程	22137
▁fairness	22138
▁rice	22139
也已	22140
相互作用	22141
贸易和投资	22142
▁Sc	22143
▁adjournment	22144
各领域	22145
/58/7	22146
的丈夫	22147
这些因素	22148
▁Club	22149
▁tonnes	22150
▁该法	22151
和透明的	22152
▁Je	22153
▁helicopter	22154
▁investing	22155
▁UK	22156
和媒体	22157
最后一	22158
歸	22159
非洲人后裔	22160
節	22161
disproportionate	22162
伦理	22163
例如在	22164
种族主义和种族歧视	22165
這裏	22166
▁appearance	22167
方面的培训	22168
建立一种	22169
得好	22170
▁cr	22171
以及向	22172
被用于	22173
▁Find	22174
▁criticism	22175
有几个	22176
▁supplemented	22177
▁confined	22178
▁volunteer	22179
提出要求	22180
本次级方案	22181
▁enact	22182
尊	22183
就此问题	22184
鱼类	22185
▁目	22186
▁democratization	22187
▁screen	22188
▁pressures	22189
一个项目	22190
副总统	22191
挑战是	22192
人道主义组织	22193
▁CRIC	22194
决定是否	22195
要找	22196
那裡	22197
▁IPCC	22198
逆	22199
NC	22200
▁Point	22201
▁afforded	22202
的审议工作	22203
€	22204
博客	22205
所建议的	22206
近来	22207
贸易便利化	22208
▁asserted	22209
▁此后	22210
▁乔	22211
原告	22212
派别	22213
在黎巴嫩	22214
来实现	22215
航班	22216
▁Kinshasa	22217
▁favorite	22218
▁residual	22219
▁他强调	22220
交流经验	22221
引擎	22222
特殊情况	22223
送回	22224
tter	22225
剑	22226
多元化	22227
现行法律	22228
/15/	22229
Egypt	22230
▁rationale	22231
可信	22232
▁怎麼了	22233
确立的	22234
▁logical	22235
衰	22236
sol	22237
▁stake	22238
发展中国家在	22239
和商业	22240
▁attainable	22241
转入	22242
养护和管理	22243
151	22244
人道主义局势	22245
咨询委员会建议	22246
帅	22247
飛	22248
▁2002)	22249
▁assuming	22250
▁该组织	22251
南极	22252
hour	22253
▁frozen	22254
延长至	22255
192	22256
▁narcotic	22257
敏感的	22258
规范性	22259
▁Start	22260
▁他们是	22261
占领国	22262
见下文	22263
▁apologize	22264
不可以	22265
吉尔	22266
文学	22267
India	22268
▁Indonesian	22269
仔	22270
邻	22271
干净	22272
覆盖面	22273
▁Ozone	22274
▁约翰	22275
▁legs	22276
Or	22277
和精神	22278
各国之间	22279
这不是	22280
时间安排	22281
的信心	22282
▁DO	22283
▁sons	22284
欧洲人权法院	22285
方面的合作	22286
集合	22287
▁Down	22288
▁Thirdly	22289
▁games	22290
▁Mohamed	22291
▁varying	22292
促进妇女	22293
温度	22294
的伙伴	22295
对巴勒斯坦人民	22296
我们应该	22297
扣除	22298
▁133.	22299
▁Trustees	22300
▁ideal	22301
周末	22302
和未来	22303
审议该项目	22304
▁1994.	22305
▁好好	22306
出版了	22307
第二次会议	22308
▁117	22309
▁dirty	22310
▁institute	22311
▁op	22312
▁♪	22313
局限于	22314
ination	22315
133	22316
易于	22317
ico	22318
▁shipment	22319
和实际	22320
国内总产值	22321
段规定的	22322
iary	22323
▁reunification	22324
前者	22325
补充资料	22326
▁Guard	22327
▁contest	22328
上次报告	22329
亚太区域	22330
当地的	22331
社会问题	22332
DS	22333
▁broadcasting	22334
事物	22335
所收到的	22336
可否受理	22337
丘	22338
秘书处工作人员	22339
Chairs	22340
佣	22341
的各种问题	22342
▁Directive	22343
▁corner	22344
北美	22345
▁segregation	22346
圆满	22347
嫁	22348
▁2.4	22349
▁Initial	22350
但无表决权	22351
立法措施	22352
粮食保障	22353
负面影响	22354
/61/5	22355
未缴摊款	22356
的身体	22357
仓	22358
歡迎	22359
围	22360
的邀请	22361
都不能	22362
▁如今	22363
个月内	22364
受到威胁	22365
hereinafter	22366
▁Commissioners	22367
了她	22368
已知	22369
日通过	22370
rc	22371
第一项	22372
继续下去	22373
创造就业机会	22374
Special	22375
援助团	22376
▁委员会指出	22377
沙漠	22378
.9/5	22379
Sam	22380
	22381
▁2005;	22382
▁又重申	22383
疲	22384
▁Happy	22385
▁checked	22386
▁starts	22387
供应链	22388
容许	22389
杠	22390
▁publishing	22391
这些资料	22392
▁Similar	22393
但这	22394
制造业	22395
可持续发展和	22396
143	22397
▁CAT	22398
Thousands	22399
▁center	22400
▁signatory	22401
▁unsustainable	22402
▁斯里兰卡	22403
农发基金	22404
并建立	22405
沒人	22406
通过后	22407
和一名	22408
阿克拉	22409
▁Sanctions	22410
▁你怎麼	22411
▁葡萄牙	22412
影片	22413
框架下	22414
立法指南	22415
缺口	22416
▁mobilized	22417
但须	22418
技术合作方案	22419
▁Kill	22420
▁unfortunately	22421
离开了	22422
找我	22423
领导下	22424
并帮助	22425
▁shipper	22426
一次性	22427
gram	22428
▁rare	22429
担负	22430
根据联合国	22431
这些决议	22432
▁Objectives	22433
▁捷克共和国	22434
▁相信我	22435
大约有	22436
▁competing	22437
把重点放在	22438
红色	22439
ates	22440
▁不可能	22441
其各自	22442
喀布尔	22443
▁2006)	22444
▁deadlines	22445
单身	22446
邻近	22447
▁这种情况	22448
对妇女的歧视	22449
▁tôi	22450
2.45	22451
▁Comments	22452
▁cornerstone	22453
▁unequal	22454
我们会	22455
上涨	22456
包括在内	22457
提供了关于	22458
禁止化学武器组织	22459
▁Israelis	22460
和心理	22461
麻煩	22462
花了	22463
优化	22464
指的是	22465
死去	22466
.3/57/	22467
已通过	22468
帕劳	22469
蛇	22470
首长	22471
▁Kabul	22472
▁bo	22473
ral	22474
▁reliability	22475
各个领域	22476
有一项	22477
的问题是	22478
▁adds	22479
最多的	22480
的后续	22481
▁bullshit	22482
▁interpreters	22483
填写	22484
▁restoring	22485
修订了	22486
角度来看	22487
▁style	22488
发票	22489
▁忆及	22490
内部监督	22491
▁类索赔	22492
的脸	22493
▁Gra	22494
第十七条	22495
遗传	22496
fo	22497
▁Cities	22498
▁Opinion	22499
▁我们对	22500
分宣布开会	22501
阿鲁沙	22502
▁arose	22503
▁burning	22504
为限	22505
人权委员会第	22506
收缴	22507
▁该计划	22508
.30	22509
▁Hospital	22510
▁proclaimed	22511
UNHCR	22512
线索	22513
47/	22514
▁libraries	22515
的订正	22516
这些条款	22517
▁verified	22518
▁委员会注意到缔约国	22519
的一次	22520
联合国警察	22521
▁Temporary	22522
请秘书长继续	22523
样本	22524
第五章	22525
▁compound	22526
▁slave	22527
竞争政策	22528
大于	22529
1267(1999)	22530
人道主义问题	22531
和军事	22532
有趣	22533
管辖范围	22534
▁共计	22535
▁ruled	22536
对发展	22537
▁demanded	22538
最后确定	22539
条之二	22540
总统和	22541
▁bother	22542
准入	22543
议事	22544
亚洲及太平洋经济社会委员会	22545
保护环境	22546
的感觉	22547
大会第二十三届特别会议	22548
腊	22549
▁terminology	22550
伙伴合作	22551
▁forgotten	22552
▁petition	22553
▁prioritize	22554
▁profiles	22555
▁又决定	22556
假期	22557
▁transform	22558
多元	22559
▁CISG	22560
▁cohesion	22561
▁neck	22562
国家发展	22563
/4/	22564
包装	22565
大家庭	22566
科尔	22567
▁intense	22568
区域和次区域组织	22569
▁captured	22570
▁你需要	22571
▁那麼	22572
分摊比额表	22573
必须通过	22574
的运动	22575
▁tape	22576
和乌干达	22577
次级	22578
这些地区	22579
field	22580
▁Crescent	22581
一期	22582
这一概念	22583
▁arsenals	22584
▁utility	22585
的任何其他	22586
▁(10	22587
▁narrative	22588
跨国犯罪	22589
▁bombs	22590
▁minimal	22591
约占	22592
▁explains	22593
人人都	22594
劫持	22595
叫做	22596
▁gaining	22597
合法的	22598
▁PRO	22599
▁invested	22600
▁重要的是	22601
▁Shall	22602
过境国	22603
▁Abyei	22604
对实现	22605
生活水准	22606
ấ	22607
尼斯	22608
7)。	22609
▁Medium	22610
▁consular	22611
▁infrastructures	22612
伙计们	22613
征收	22614
的妻子	22615
科学研究	22616
下一頁	22617
前提是	22618
提供进一步	22619
经济政策	22620
联格观察团	22621
和长期	22622
选举委员会	22623
	22624
FFFF	22625
严重侵犯	22626
到位	22627
普遍加入	22628
▁Mass	22629
▁accrued	22630
诀	22631
(7)	22632
▁Results	22633
▁Vanuatu	22634
为他们	22635
了许多	22636
身心健康	22637
▁samples	22638
▁File	22639
一杯	22640
計	22641
ien	22642
▁whatsoever	22643
換	22644
禁毒办	22645
▁Legislation	22646
在该地区	22647
该草案	22648
半数	22649
管理事务部	22650
16)	22651
▁为确保	22652
PO	22653
ck	22654
部件	22655
需要进一步	22656
(2001)	22657
.4/2004/	22658
▁$11	22659
否定	22660
145	22661
61/	22662
▁pretrial	22663
指导和	22664
提供帮助	22665
认真考虑	22666
全人类	22667
社会排斥	22668
ả	22669
协商一致意见	22670
2).	22671
▁140.	22672
上诉法庭	22673
国际公务员制度委员会	22674
目的地国	22675
以应对	22676
每个人都	22677
联合国后勤基地	22678
▁courage	22679
一位代表	22680
审评委	22681
ink	22682
looking	22683
▁cycles	22684
保护区	22685
候选国	22686
预期寿命	22687
own	22688
▁Yearbook	22689
▁希腊	22690
▁或是	22691
是否存在	22692
▁Exploitation	22693
▁abducted	22694
对缔约国	22695
选票	22696
▁arises	22697
正在执行	22698
前途	22699
平等权利	22700
组织事项	22701
許	22702
和应用	22703
的来源	22704
联合声明	22705
▁ensu	22706
▁(1998)	22707
▁尼泊尔	22708
欠款	22709
訊	22710
OT	22711
▁observes	22712
联合国工业发展组织	22713
230	22714
undue	22715
▁consecutive	22716
化学武器公约	22717
▁匈牙利	22718
各有关	22719
Sal	22720
大家都	22721
营业	22722
他們說	22723
着我	22724
▁innovations	22725
鸦片	22726
▁Narcotics	22727
核试验	22728
▁一位	22729
▁本记录	22730
国家预算	22731
atory	22732
▁dialogues	22733
▁locked	22734
的电子	22735
不希望	22736
也是如此	22737
在许多情况下	22738
并可	22739
建设性对话	22740
▁ok	22741
的学校	22742
義	22743
英联邦	22744
作出的贡献	22745
安全措施	22746
▁scenarios	22747
对他的	22748
的权限	22749
在今年	22750
/62/3	22751
纳尔	22752
阿拉	22753
▁murdered	22754
只有一个	22755
大陆架	22756
珠	22757
视需要	22758
Pakistan	22759
墨	22760
问题的认识	22761
▁我要你	22762
非常感谢	22763
range	22764
受教育权	22765
按照其	22766
被判处	22767
nch	22768
▁118	22769
▁recycling	22770
Federated	22771
专业知识	22772
坏了	22773
垄断	22774
▁Twelfth	22775
▁congratulations	22776
▁inserted	22777
以及如何	22778
这个人	22779
金融情报	22780
0.7%	22781
▁@	22782
数千	22783
ct	22784
▁Migrants	22785
大会第六十届会议	22786
布雷	22787
闲	22788
马上就	22789
also	22790
▁你认为	22791
以上第	22792
她们在	22793
控诉	22794
▁Neither	22795
▁hall	22796
载有关于	22797
▁Arusha	22798
在外地	22799
▁wave	22800
重债穷国	22801
established	22802
发现的	22803
所做	22804
组织和机构	22805
Con	22806
▁tariff	22807
或者是	22808
▁我不會	22809
等到	22810
▁safer	22811
▁unclear	22812
child	22813
▁stole	22814
的需要和	22815
的良好	22816
▁hampered	22817
▁往	22818
是按照	22819
简单的	22820
▁ne	22821
也适用于	22822
▁crowd	22823
第二项	22824
将收到	22825
Cuba	22826
下放	22827
以及加强	22828
辩	22829
无罪	22830
所在国	22831
清除量	22832
监察组	22833
▁继	22834
太空	22835
的可行性	22836
Chairperson	22837
▁pop	22838
奉行	22839
的空间	22840
谈判中	22841
▁Extension	22842
▁offender	22843
行政机构	22844
▁Host	22845
▁你覺得	22846
▁怎麼	22847
讓他	22848
.4/2005/	22849
▁$20	22850
的医疗	22851
深切关注	22852
▁Nauru	22853
▁Fair	22854
的时间表	22855
关注的问题	22856
学校的	22857
策划	22858
▁raises	22859
▁utilizing	22860
▁独立专家	22861
碎片	22862
▁triennial	22863
姐	22864
威廉	22865
时应	22866
活着	22867
议程上的	22868
▁adviser	22869
在找	22870
▁137.	22871
▁extremism	22872
匹	22873
成果的执行情况	22874
更好地了解	22875
第三部分	22876
密克罗尼西亚联邦	22877
	22878
eg	22879
▁presumption	22880
借款	22881
岁以下儿童	22882
爭	22883
的书面	22884
蜂	22885
▁111	22886
▁更正应	22887
21)	22888
作出承诺	22889
安南	22890
在收到	22891
的房子	22892
萨赫勒	22893
▁expeditious	22894
恐怖主义分子	22895
的副本	22896
▁很抱歉	22897
不要再	22898
提供者	22899
▁Mmm	22900
▁restraint	22901
有所改善	22902
偶	22903
家庭中	22904
看不到	22905
需要得到	22906
▁Dutch	22907
消防	22908
谁是	22909
领事	22910
▁Ahmed	22911
▁exploit	22912
委员会希望	22913
虎	22914
说我	22915
multidimensional	22916
▁危地马拉	22917
会费委员会	22918
做过	22919
我们欢迎	22920
太阳能	22921
Qu	22922
▁beer	22923
▁劳工组织	22924
应立即	22925
遗憾	22926
传送	22927
娶	22928
简报会	22929
▁reception	22930
▁voices	22931
善治	22932
封闭	22933
▁protests	22934
嫌疑人	22935
▁Though	22936
但他	22937
利益冲突	22938
庄严	22939
委员会通过	22940
特殊的	22941
▁successes	22942
▁Economy	22943
▁participates	22944
▁sugar	22945
大纲	22946
省的	22947
喀土穆	22948
长远	22949
▁还请	22950
▁X	22951
▁impeding	22952
医疗和	22953
协同增效	22954
均为	22955
的社会经济	22956
芭	22957
▁删除	22958
应受	22959
▁Technological	22960
▁restored	22961
▁委员会欢迎缔约国	22962
建立无核武器区	22963
调拨	22964
MISC	22965
hat	22966
一句	22967
▁SADC	22968
▁venue	22969
▁他說	22970
个职位	22971
艺	22972
天然气	22973
应邀	22974
▁122	22975
▁Diplomatic	22976
▁Ye	22977
▁Ze	22978
▁holder	22979
的摊款	22980
/55/5	22981
tr	22982
▁(2011)	22983
▁dynamics	22984
在南非	22985
▁euro	22986
爷	22987
▁notable	22988
不出	22989
习	22990
在许多国家	22991
注明	22992
▁弃权	22993
▁麦	22994
▁consisted	22995
联合国新闻中心	22996
▁prime	22997
一轮	22998
完毕	22999
这一做法	23000
.3/58/	23001
厕所	23002
高兴地	23003
ago	23004
▁Inquiry	23005
所引起的	23006
指出了	23007
▁literature	23008
▁妈	23009
没有一个	23010
绑	23011
一个由	23012
你爸爸	23013
前南斯拉夫问题国际法庭	23014
▁CIS	23015
▁emanating	23016
动作	23017
▁Experience	23018
▁volatile	23019
三级	23020
差旅	23021
assessment	23022
▁你想要	23023
任职人数	23024
储备金	23025
公务员制度委员会	23026
日星期三	23027
..."	23028
▁expelled	23029
▁hygiene	23030
世界各国	23031
当选为	23032
▁你说什么	23033
▁哥斯达黎加	23034
拘留中心	23035
热情	23036
电池	23037
項	23038
▁Pr	23039
▁tailored	23040
尚待	23041
兴奋	23042
提出请求	23043
▁123	23044
几乎没有	23045
跟我说	23046
決定	23047
贿赂	23048
▁shoulder	23049
提出质疑	23050
.2/58/	23051
▁Hang	23052
▁measurable	23053
有关国际组织	23054
▁深信	23055
财务管理	23056
高达	23057
鲍	23058
▁skill	23059
中获益	23060
协调机构	23061
election	23062
rich	23063
亚洲和太平洋	23064
长大	23065
但其	23066
的国家机构	23067
FI	23068
stat	23069
▁ACC	23070
格雷	23071
模糊	23072
/28	23073
▁Relationship	23074
保护和援助	23075
基本自由	23076
训练和	23077
.4,	23078
▁Endorses	23079
▁immunization	23080
▁我把	23081
▁你必须	23082
permanent	23083
扮演	23084
有更多的	23085
▁announce	23086
▁spectrum	23087
摔	23088
水道	23089
▁我跟	23090
中部	23091
保护和促进	23092
访谈	23093
知道了	23094
西欧	23095
向委员会提供	23096
相关性	23097
ole	23098
▁Consolidated	23099
▁basically	23100
各特派团	23101
oll	23102
▁Juvenile	23103
▁[...]	23104
年龄组	23105
▁KDE	23106
▁quotas	23107
与国际社会	23108
可卡因	23109
▁smile	23110
也许是	23111
▁Em	23112
铅	23113
▁renovation	23114
条规定的	23115
结核病	23116
IAEA	23117
▁wise	23118
演习	23119
▁Expected	23120
▁united	23121
▁但如果	23122
以便对	23123
传媒	23124
原有	23125
忧虑	23126
数额为	23127
日星期四	23128
维奇	23129
▁我必须	23130
为落实	23131
堪	23132
機會	23133
金融市场	23134
▁traffickers	23135
国际和平	23136
届时	23137
日趋	23138
▁wet	23139
提起诉讼	23140
研制	23141
解决这个问题	23142
other	23143
▁Khartoum	23144
▁Debt	23145
▁interviewed	23146
▁毒品和犯罪问题办公室	23147
一开始	23148
问题方面	23149
识字	23150
▁financially	23151
▁亚美尼亚	23152
凌	23153
▁Tonga	23154
▁Serbian	23155
▁exert	23156
日为止	23157
联合国训练研究所	23158
/57/7	23159
141	23160
日星期二	23161
进行全面	23162
▁委员会鼓励缔约国	23163
被用来	23164
Australia	23165
▁mercy	23166
不懈	23167
灌溉	23168
及早	23169
释	23170
▁beaten	23171
▁专家小组	23172
开门	23173
的措词	23174
▁Encourage	23175
▁verifiable	23176
冠	23177
号文件中	23178
回顾说	23179
效能	23180
▁chicken	23181
和尊严	23182
和苏丹	23183
并邀请	23184
签订了	23185
腹	23186
▁tribal	23187
标志着	23188
在会上	23189
鼓励各国政府	23190
▁importantly	23191
克先生	23192
怎麼辦	23193
▁coexistence	23194
▁你确定	23195
参观	23196
司法部长	23197
气专委	23198
适宜	23199
▁102	23200
▁Membership	23201
其权利	23202
制裁制度	23203
移民局	23204
HO	23205
▁hoping	23206
数百	23207
缔约国对	23208
23)	23209
流量	23210
生病	23211
的名称	23212
▁Knowledge	23213
会议通过的	23214
别再	23215
在多大程度上	23216
的工作中	23217
货物的	23218
▁2006;	23219
別人	23220
基于性别的暴力	23221
本国一般事务人员	23222
.2.	23223
▁interrogation	23224
▁wisdom	23225
冷战	23226
▁59/1	23227
联合国发展系统	23228
取消了	23229
钻	23230
▁Alternative	23231
▁load	23232
▁Dakar	23233
▁Dude	23234
所有成员国	23235
明白吗	23236
▁confiscated	23237
▁tri	23238
Car	23239
▁109	23240
▁有与会者	23241
产科	23242
在国外	23243
径	23244
深远	23245
的高级别	23246
難道	23247
▁怎么回事	23248
受害者提供	23249
地域分配	23250
变为	23251
广为	23252
开发银行	23253
▁Areas	23254
可根据	23255
奥斯	23256
耀	23257
该机制	23258
Tu	23259
▁Old	23260
▁urging	23261
)、《	23262
▁argue	23263
▁theft	23264
▁為什么	23265
挑衅	23266
▁罗马尼亚	23267
和平利用核能	23268
rom	23269
▁compliments	23270
灭绝种族	23271
▁ceased	23272
外勤人员	23273
这一建议	23274
▁Classification	23275
▁LDC	23276
▁Schedule	23277
优先重视	23278
灭绝种族罪	23279
▁Palau	23280
可以看到	23281
启	23282
▁2001)	23283
▁Tony	23284
好事	23285
▁FARDC	23286
▁alongside	23287
▁Select	23288
几十年	23289
拥挤	23290
编制了	23291
的证词	23292
细胞	23293
chan	23294
▁讓	23295
今日	23296
去看看	23297
▁determines	23298
▁intra	23299
为一个	23300
任主席	23301
并回顾	23302
而且是	23303
不算	23304
仇	23305
并就此向	23306
粮	23307
▁在报告所述期间	23308
中有关	23309
但我	23310
▁(8	23311
▁140	23312
扩张	23313
▁Position	23314
主要是由于	23315
现阶段	23316
的外国人	23317
判例法	23318
趋势和	23319
▁rarely	23320
个缔约方	23321
含义	23322
我希望	23323
涉	23324
的衣服	23325
▁wire	23326
进一步讨论	23327
起着	23328
那个人	23329
国际论坛	23330
关于其	23331
戲	23332
两年期预算	23333
概	23334
降低了	23335
▁bond	23336
共同提案国	23337
和平利用外层空间	23338
的出版物	23339
▁illustrated	23340
▁出于	23341
准确地	23342
那么多	23343
我们也	23344
.4/2002/	23345
ification	23346
协调与合作	23347
第二十六条	23348
达尔	23349
你妈	23350
和财产	23351
▁recruiting	23352
互动对话	23353
审案法官	23354
时期内	23355
▁Memorandum	23356
▁fruitful	23357
有效参与	23358
柏	23359
红十字会	23360
维护和	23361
艾滋病方案	23362
▁第二个	23363
床上	23364
技术上	23365
指示性	23366
由一个	23367
那兒	23368
book	23369
燃烧	23370
的捐助	23371
▁AI	23372
▁这两个	23373
向我	23374
▁114	23375
▁Berlin	23376
▁UNMOVIC	23377
国际非政府组织	23378
袭	23379
一语	23380
的兴趣	23381
键	23382
交战	23383
欧洲经济委员会	23384
重计费用前	23385
他们说	23386
▁Pact	23387
▁negotiable	23388
更快	23389
聚会	23390
船上	23391
▁Morning	23392
为数	23393
127	23394
GB	23395
▁cleaner	23396
▁employ	23397
检察长	23398
司令	23399
和健康	23400
最后一个	23401
略有	23402
缅甸政府	23403
▁UNMIT	23404
南部非洲发展共同体	23405
把我们	23406
任务期限	23407
国际人权标准	23408
特设专家组	23409
这些儿童	23410
扩大其	23411
逃跑	23412
2011/12	23413
▁vendor	23414
特别政治和非殖民化委员会	23415
六种正式语文	23416
▁prisoner	23417
▁thoroughly	23418
▁Bermuda	23419
▁disregard	23420
异常	23421
由一名	23422
▁fullest	23423
即将举行的	23424
国际刑事法院罗马规约	23425
聽說	23426
舞台	23427
获益	23428
ế	23429
国际药物管制	23430
住院	23431
瞎	23432
别动	23433
形成的	23434
显而易见	23435
穷国	23436
uit	23437
▁Launch	23438
▁reward	23439
▁sword	23440
好人	23441
▁eventual	23442
打死	23443
第三款	23444
范围和	23445
ENT	23446
有关的事项	23447
53/2	23448
一会儿	23449
上一	23450
下文第	23451
对任何	23452
TF	23453
▁hero	23454
▁nose	23455
日常生活	23456
▁extends	23457
▁interdependent	23458
不同于	23459
lat	23460
死者	23461
的人士	23462
农业生产	23463
受让人	23464
周转	23465
截止日期	23466
ians	23467
ological	23468
幫忙	23469
罩	23470
达喀尔	23471
▁Inc	23472
▁unchanged	23473
六年	23474
▁Empowerment	23475
▁unauthorized	23476
政府将	23477
触	23478
form	23479
不符	23480
处理了	23481
委员会委员	23482
国际伙伴	23483
应该指出	23484
搜	23485
新政府	23486
CI	23487
▁detrimental	23488
并吁请	23489
▁erosion	23490
在印度	23491
是实现	23492
的经济和社会	23493
▁demonstrating	23494
作出规定	23495
你也	23496
坡	23497
婴儿死亡率	23498
并制定	23499
既不	23500
和公众	23501
州的	23502
▁Ri	23503
▁1977	23504
很漂亮	23505
▁咨询委员会注意到	23506
和当地	23507
暗杀	23508
的制裁	23509
▁Lieutenant	23510
▁见理事会第	23511
▁figured	23512
▁fought	23513
可以说	23514
在他的	23515
庞大	23516
立即停止	23517
▁Cash	23518
不了解	23519
輕	23520
上床	23521
合作协定	23522
的国际公约	23523
绳	23524
西班牙文	23525
题	23526
(2010	23527
wood	23528
▁表示注意到	23529
变得更加	23530
捷	23531
EP	23532
▁handbook	23533
▁kitchen	23534
横向	23535
趴	23536
roots	23537
▁impression	23538
充分享有	23539
在巴黎	23540
反过来	23541
措词	23542
由政府	23543
▁这些活动	23544
我爸爸	23545
爹	23546
萨尔	23547
调节	23548
需要进行	23549
你去	23550
在职	23551
夫妇	23552
▁pen	23553
的战争	23554
永久性	23555
相互联系	23556
第九	23557
管道	23558
视听	23559
Ben	23560
comp	23561
化学品管理	23562
乘客	23563
家具	23564
待命	23565
角度看	23566
▁這裡	23567
安理会在	23568
▁documentary	23569
▁suddenly	23570
/60/3	23571
▁uncle	23572
令人满意	23573
工具和	23574
树立	23575
PS	23576
▁Throughout	23577
▁deserves	23578
可包括	23579
内战	23580
少于	23581
不必要的	23582
服兵役	23583
诊	23584
可预测的	23585
并不能	23586
普遍认为	23587
▁deeper	23588
那邊	23589
▁(2008),	23590
杂项	23591
辦法	23592
的设想	23593
预审	23594
IG	23595
▁winter	23596
和运作	23597
▁multisectoral	23598
及其家属	23599
受其	23600
就没有	23601
据报道	23602
有效运作	23603
笨	23604
hmm	23605
发展项目	23606
和专门知识	23607
多万	23608
▁如果没有	23609
将审议	23610
联合国各组织	23611
dal	23612
国际法律	23613
▁disposition	23614
正在开展	23615
LOS	23616
oni	23617
有关部门	23618
社会主义	23619
票赞成	23620
▁seriousness	23621
月起	23622
的研讨会	23623
谱	23624
450	23625
▁牙买加	23626
▁毫无疑问	23627
人都	23628
透露	23629
LI	23630
嚇	23631
将他们	23632
拉丁美洲和加勒比区域	23633
SO	23634
light	23635
环节	23636
该届会议	23637
▁advocates	23638
▁sudden	23639
个成员	23640
HRI	23641
gate	23642
▁工作安排	23643
佬	23644
该倡议	23645
一览表	23646
即使是	23647
▁harsh	23648
▁Saturday	23649
申请者	23650
通知委员会	23651
▁cooperated	23652
▁总务委员会	23653
▁Infrastructure	23654
▁openness	23655
算是	23656
较大	23657
lah	23658
▁143.	23659
▁Female	23660
论坛上	23661
▁hello	23662
敬畏	23663
砸	23664
▁Del	23665
▁administrations	23666
▁Bas	23667
▁决定将题为	23668
在联合国系统内	23669
审查和评价	23670
▁155	23671
国有	23672
按比例	23673
▁$13	23674
▁socioeconomic	23675
▁preamble	23676
赔偿金	23677
车队	23678
在最近	23679
▁Overseas	23680
▁drove	23681
▁第一个	23682
拘留所	23683
▁foregoing	23684
对妇女的	23685
采购实体	23686
Level	23687
▁visas	23688
▁录	23689
一切必要的	23690
SI	23691
▁老兄	23692
保證	23693
对她	23694
是基于	23695
.4/2003/	23696
▁Apart	23697
▁没问题	23698
不承认	23699
刑事犯罪	23700
▁Southeast	23701
▁謝謝你	23702
的年龄	23703
雇	23704
▁昨天	23705
调查和起诉	23706
▁报告还	23707
一封信	23708
結	23709
▁12-	23710
▁Comp	23711
发挥关键作用	23712
的论点	23713
▁Ratification	23714
▁differ	23715
服装	23716
航运	23717
▁裡	23718
优秀	23719
国际不法行为	23720
多层面	23721
各个方面	23722
残酷	23723
的时限	23724
的评注	23725
vers	23726
做出决定	23727
国际海事组织	23728
盗	23729
破产程序	23730
透明的	23731
▁desert	23732
▁predictability	23733
协调工作	23734
提供的援助	23735
皆	23736
▁116	23737
▁physically	23738
▁你最好	23739
▁Implementing	23740
▁famous	23741
成果管理制	23742
来源国	23743
▁England	23744
以评估	23745
د	23746
▁(6)	23747
卢萨卡	23748
欧共体	23749
的领导人	23750
竞争法	23751
3).	23752
▁laboratories	23753
▁回顾大会	23754
利用其	23755
和人力资源	23756
妇女占	23757
虚拟	23758
(2010)	23759
▁dedication	23760
亚的斯亚贝巴	23761
以其	23762
▁armaments	23763
▁geared	23764
速效项目	23765
与他们	23766
的流动	23767
的诉讼	23768
经济状况	23769
▁1991.	23770
▁请提供	23771
▁educate	23772
哨	23773
工作组的报告	23774
划界	23775
▁下文	23776
在报告中	23777
的复杂性	23778
▁1)	23779
▁lesson	23780
▁risen	23781
各种措施	23782
▁Para	23783
有过	23784
的实质内容	23785
▁agro	23786
发电机	23787
宣读	23788
那末	23789
▁regrettable	23790
一整套	23791
先进的	23792
柴	23793
达成一项	23794
▁2008)	23795
时间内	23796
千克	23797
的两项	23798
负责协调	23799
Argentina	23800
爱国	23801
警报	23802
人权事务	23803
在国际上	23804
提高妇女地位司	23805
非洲区域	23806
▁promises	23807
.1/58/	23808
一把	23809
屬	23810
振	23811
没有充分	23812
的互动	23813
▁Marriage	23814
▁Supporting	23815
▁extremist	23816
执行安全理事会第	23817
第十届	23818
nt	23819
▁1/	23820
▁conditional	23821
▁emotional	23822
▁Speakers	23823
▁他就	23824
并同	23825
▁enrolled	23826
▁relax	23827
▁Language	23828
▁custom	23829
应急基金	23830
而这	23831
鼓舞	23832
▁Ed	23833
仆	23834
展现	23835
▁2007)	23836
主办了	23837
准则和	23838
吸引力	23839
oli	23840
个月的	23841
奴隶制	23842
我们已经	23843
的武装	23844
道义	23845
可得	23846
对它们	23847
托管	23848
流域	23849
经验表明	23850
被定罪	23851
3:00-6:00	23852
▁deteriorating	23853
最后期限	23854
ular	23855
▁underline	23856
藉	23857
▁imbalances	23858
不平等现象	23859
保养	23860
的严重性	23861
的赔偿	23862
东道国政府	23863
责成	23864
▁collapse	23865
▁grab	23866
▁算了	23867
董事	23868
行政助理	23869
▁3.3	23870
▁recommending	23871
使它	23872
▁personality	23873
会前工作组	23874
工程师	23875
熱	23876
协助发展中国家	23877
的问题上	23878
effectiveness	23879
▁近东救济工程处	23880
dr	23881
▁139.	23882
▁connectivity	23883
▁trap	23884
产生不利影响	23885
权利和义务	23886
洛克	23887
▁distribute	23888
科学和	23889
▁Strategies	23890
▁委员会敦促缔约国	23891
世界毒品问题	23892
公正性	23893
过渡联邦政府	23894
ech	23895
的第一步	23896
这项权利	23897
▁supporters	23898
▁在你	23899
总的	23900
驚	23901
▁dick	23902
做好准备	23903
压迫	23904
融	23905
▁offensive	23906
▁compensate	23907
▁fortieth	23908
的法定	23909
他将	23910
关键领域	23911
▁Lusaka	23912
▁blocks	23913
▁rational	23914
情节	23915
/27	23916
在墨西哥	23917
是非常	23918
重新考虑	23919
{\	23920
享	23921
此人	23922
▁indications	23923
关于妇女	23924
族人	23925
用了	23926
非暴力	23927
▁conversation	23928
竭尽全力	23929
▁242	23930
▁Claimant	23931
▁cutting	23932
肺	23933
▁seize	23934
和平与发展	23935
职员	23936
LD	23937
号一般性建议	23938
9).	23939
▁stayed	23940
的主要问题	23941
能使	23942
fer	23943
▁$15	23944
▁Accra	23945
代表指出	23946
血统	23947
▁Dag	23948
▁Turning	23949
▁electrical	23950
本委员会	23951
更有效	23952
▁Possible	23953
准备好了	23954
1948	23955
▁impediments	23956
▁distinguish	23957
▁precarious	23958
年底前	23959
步伐	23960
演出	23961
▁floods	23962
▁你呢	23963
▁我请	23964
审查委员会	23965
民航组织	23966
▁:%	23967
要有	23968
跌	23969
创造性	23970
纯粹	23971
据认为	23972
▁你看到	23973
除名	23974
打击人口贩运	23975
各次会议	23976
标识	23977
随之	23978
▁temperature	23979
境况	23980
▁Serb	23981
之间进行	23982
▁Discussion	23983
务实	23984
包含了	23985
文件夹	23986
个工作日	23987
變成	23988
辩论中	23989
全世界的	23990
第五十八届会议	23991
查访	23992
这些政策	23993
10:00-	23994
▁常驻代表	23995
宗教或信仰自由	23996
信用	23997
SBSTA	23998
▁enforcing	23999
▁warned	24000
▁下面	24001
亚洲及太平洋区域	24002
地狱	24003
小额信贷	24004
货物和服务	24005
他们将	24006
我觉得	24007
的合理	24008
▁geo	24009
众议院	24010
▁noticed	24011
▁妇女地位委员会	24012
适应气候变化	24013
▁answered	24014
同一个	24015
在制订	24016
抛弃	24017
Ju	24018
不容易	24019
之家	24020
恐怖主义和	24021
att	24022
mic	24023
▁(2000),	24024
▁deter	24025
▁persist	24026
盲	24027
some	24028
▁refuge	24029
▁recurrent	24030
▁你没事吧	24031
对全球	24032
玻璃	24033
00,000	24034
面前有	24035
	24036
sia	24037
▁verbatim	24038
方案和活动	24039
限度	24040
▁Mad	24041
▁Seventh	24042
▁accumulation	24043
其结果	24044
前提	24045
欺骗	24046
仿	24047
克莱	24048
▁pretext	24049
离开这里	24050
exp	24051
对不对	24052
足球	24053
你會	24054
可信的	24055
通过的决定	24056
CHW	24057
可以从	24058
社会和环境	24059
ML	24060
▁iron	24061
对比	24062
▁crying	24063
代表团指出	24064
氏	24065
联合国其他机构	24066
How	24067
RF	24068
▁Guys	24069
▁alarm	24070
▁mitigating	24071
其他措施	24072
高级别小组	24073
最近一次	24074
的数据库	24075
▁Assist	24076
信念	24077
加勒比国家	24078
卸	24079
我不是	24080
〔	24081
乾	24082
缺席	24083
还有一些	24084
与联合国系统	24085
健	24086
练	24087
参加会议	24088
提供资助	24089
在本报告	24090
驱逐出境	24091
▁removals	24092
所作的承诺	24093
次和第	24094
第七次	24095
▁Colombian	24096
▁Hazardous	24097
▁landing	24098
下列文件	24099
万名	24100
被告知	24101
遗憾的是	24102
批准书	24103
/9	24104
▁wondering	24105
主计长	24106
勇	24107
▁该项	24108
实力	24109
▁Proposal	24110
▁国际法院	24111
全体委员会	24112
狄	24113
的基础设施	24114
▁cleared	24115
和电子	24116
我没有	24117
▁invalid	24118
▁tracing	24119
▁BE	24120
▁complainants	24121
▁friendship	24122
▁tells	24123
性取向	24124
之间存在	24125
道德操守	24126
第五十一届会议	24127
发表的声明	24128
城乡	24129
误解	24130
▁impressive	24131
▁inmates	24132
▁moon	24133
其本身	24134
国际商定发展目标	24135
安全和安保	24136
▁5.2	24137
号文件所载	24138
very	24139
▁Particularly	24140
八国集团	24141
消除对	24142
这些领域	24143
鼓励缔约国	24144
龟	24145
itch	24146
东南亚国家联盟	24147
外界	24148
珀	24149
ICCD	24150
的评论意见	24151
确保妇女	24152
移送	24153
驻科部队	24154
▁Disabled	24155
▁Facilitation	24156
▁Ob	24157
▁compensable	24158
▁deputy	24159
对照	24160
food	24161
上升到	24162
/50	24163
mes	24164
▁preclude	24165
对以色列	24166
得到执行	24167
暗示	24168
衛	24169
長官	24170
可以利用	24171
自身的	24172
處理	24173
▁breath	24174
Si	24175
七十	24176
应从	24177
服务提供者	24178
的资助	24179
/60/5	24180
什麼事	24181
可以是	24182
的独特	24183
这些服务	24184
▁AWG	24185
▁trick	24186
ller	24187
▁minister	24188
▁seizures	24189
写的	24190
干了	24191
邪恶	24192
▁Star	24193
审计员	24194
已为	24195
▁因為我	24196
全面地	24197
切尔诺贝利	24198
在各个	24199
16\	24200
漂亮的	24201
率为	24202
夸	24203
物项	24204
停车	24205
巴尔	24206
RP	24207
▁viability	24208
在实践中	24209
胖	24210
▁painful	24211
▁scarce	24212
▁stone	24213
安第斯	24214
苏联	24215
▁license	24216
各不相同	24217
独立国家	24218
的标题	24219
UNISPACE	24220
夺	24221
将把	24222
第十二届	24223
▁Mag	24224
小计	24225
堵	24226
微型	24227
的基准	24228
的气氛	24229
还应当	24230
ocating	24231
代表权	24232
艾哈迈德	24233
▁Growth	24234
▁steering	24235
▁undoubtedly	24236
企	24237
拍摄	24238
▁Gross	24239
就是你	24240
携手	24241
溴二苯醚	24242
转型期	24243
被剥夺自由	24244
▁Otherwise	24245
▁Honor	24246
不许	24247
两年期方案概算	24248
从而为	24249
第二次定期报告	24250
该领域	24251
▁又注意到	24252
反对意见	24253
確是	24254
联合国国际贸易法委员会	24255
适当考虑	24256
▁banning	24257
▁surge	24258
▁synthesis	24259
银行账户	24260
▁cumulative	24261
▁groupings	24262
▁哈萨克斯坦	24263
很长	24264
理事会主席	24265
贸易谈判	24266
▁Core	24267
亟需	24268
主持的	24269
充分享受	24270
175	24271
▁delegate	24272
▁thoughts	24273
为防止	24274
第四节	24275
備	24276
各种挑战	24277
安全理事会决议	24278
外交政策	24279
有效利用	24280
另一方	24281
阿卜杜拉	24282
oth	24283
▁115	24284
善意	24285
应视为	24286
第十五届会议	24287
这些都是	24288
Bu	24289
▁Organiser	24290
▁Stocks	24291
rt	24292
▁concentrations	24293
儿童与武装冲突问题	24294
相信你	24295
59/1	24296
▁nervous	24297
简要说明	24298
和公平的	24299
金融和	24300
欧洲理事会	24301
▁4)	24302
机构能力	24303
▁1244	24304
▁Sao	24305
▁Sciences	24306
▁actuarial	24307
公开辩论	24308
强调有必要	24309
很想	24310
最小	24311
	24312
§	24313
▁Bou	24314
和可持续的	24315
第五十九届会议	24316
Don	24317
▁evolved	24318
通过决议草案	24319
cip	24320
▁Restrictions	24321
▁把他	24322
交通运输	24323
去拿	24324
梯	24325
负担得起的	24326
.5/56/	24327
▁UNDOF	24328
▁passengers	24329
▁Stand	24330
poor	24331
不让	24332
伤残	24333
健康问题	24334
再加上	24335
年以前	24336
海域	24337
▁park	24338
52/2	24339
▁142.	24340
▁2007;	24341
▁Items	24342
▁在国家一级	24343
桥梁	24344
▁Madam	24345
清算	24346
ava	24347
▁委员会关切地注意到	24348
《2005	24349
可向	24350
省和	24351
▁bonds	24352
维持和平人员	24353
逝	24354
▁terminate	24355
明确指出	24356
▁legislature	24357
▁begins	24358
奴	24359
费用估计数	24360
▁attracting	24361
▁microcredit	24362
任意拘留	24363
同步	24364
在地方	24365
超出了	24366
▁(1999),	24367
疗法	24368
经社部	24369
要考虑到	24370
新闻界	24371
本决定	24372
▁这是我的	24373
未经表决获得通过	24374
男朋友	24375
贸易和发展理事会	24376
▁5/1	24377
▁interact	24378
使她们	24379
本地区	24380
-31	24381
的任命	24382
面包	24383
已经被	24384
中央政府	24385
傻瓜	24386
每年都	24387
▁converted	24388
介绍了决议草案	24389
▁Ng	24390
肯定是	24391
▁Crisis	24392
▁大概	24393
代表团支持	24394
继续加强	24395
騙	24396
uba	24397
▁seventy	24398
利用现有	24399
粮食援助	24400
▁Option	24401
如果我们	24402
是如此	24403
生物武器	24404
贸发会议秘书处	24405
多边机构	24406
扩充	24407
Germany	24408
▁motor	24409
可以为	24410
构	24411
的境况	24412
▁curb	24413
▁magic	24414
▁textbooks	24415
的会议上	24416
还有一个	24417
▁contamination	24418
▁intentions	24419
中的一个	24420
孕产妇	24421
	24422
供其	24423
热线	24424
神父	24425
邀	24426
▁Jimmy	24427
▁bunch	24428
▁他要	24429
有关事项	24430
section	24431
▁Arrangements	24432
我只是	24433
俄国	24434
努力加强	24435
的官方发展援助	24436
还说	24437
▁Laws	24438
▁fuels	24439
▁hat	24440
结果是	24441
▁checkpoints	24442
来加强	24443
预算拨款	24444
伸	24445
完整性	24446
抱怨	24447
▁crap	24448
▁incomplete	24449
太平洋区域	24450
利害关系方	24451
宝贵	24452
煤	24453
统计司	24454
这会	24455
▁141.	24456
▁144	24457
▁protracted	24458
困扰	24459
.10/	24460
before	24461
cus	24462
▁storm	24463
这些法律	24464
European	24465
土地上	24466
最有	24467
申请书	24468
纳粹	24469
缔结的	24470
人的安全	24471
庇护所	24472
毀	24473
▁越南	24474
之後	24475
验	24476
護	24477
▁CERD	24478
作家	24479
开了	24480
斯科	24481
▁Reiterating	24482
如果你们	24483
对其他	24484
認識	24485
▁148.	24486
连贯	24487
.4/2000/	24488
▁会议还	24489
不经	24490
书面答复	24491
赚	24492
CA	24493
med	24494
▁住手	24495
▁我们呼吁	24496
是必要的	24497
▁costly	24498
▁newspapers	24499
之外的	24500
偏离	24501
国际社会在	24502
还想	24503
▁fluctuations	24504
▁tele	24505
提供机会	24506
的普遍性	24507
矿物	24508
共同事务	24509
第二届	24510
联合国组织刚果民主共和国特派团	24511
/22	24512
uality	24513
▁145	24514
优先次序	24515
南共体	24516
惊讶	24517
PA	24518
▁slowly	24519
所提到的	24520
杆	24521
稳定团	24522
绝不能	24523
▁1974	24524
泰勒	24525
溫	24526
行为人	24527
▁新加坡	24528
qua	24529
工商	24530
163	24531
▁encounter	24532
▁upheld	24533
▁chairpersons	24534
▁保加利亚	24535
去哪儿	24536
▁Nick	24537
▁rebels	24538
学术机构	24539
熟练	24540
禁止酷刑公约	24541
▁Americans	24542
完成其	24543
清理结束	24544
▁你去	24545
▁distress	24546
渔船	24547
炉	24548
	24549
▁Santa	24550
仲裁员	24551
的样子	24552
造成的影响	24553
▁bid	24554
就好了	24555
火山	24556
▁empowering	24557
妇女担任	24558
▁demanding	24559
▁precedent	24560
对他们的	24561
成千上万	24562
kind	24563
▁Ren	24564
▁unaccompanied	24565
管辖范围内	24566
饮食	24567
黎	24568
好运	24569
▁有没有	24570
却没有	24571
我不想	24572
的创新	24573
紅	24574
以便将	24575
一片	24576
公私伙伴关系	24577
卡拉巴赫	24578
的具体情况	24579
1996/31	24580
以支助	24581
157	24582
▁Chernobyl	24583
▁transferring	24584
▁volatility	24585
听证会	24586
实质性问题	24587
这家伙	24588
131	24589
▁($5	24590
▁坐下	24591
不顾	24592
所获	24593
是否应	24594
节第	24595
较低的	24596
ND	24597
▁Adaptation	24598
▁subparagraphs	24599
倾	24600
ớ	24601
工作小组	24602
▁therapy	24603
今天上午	24604
▁$14	24605
▁早上好	24606
与各国	24607
应按	24608
时限内	24609
考验	24610
▁大会决议	24611
我们都	24612
检察院	24613
▁146.	24614
老龄	24615
贸易政策	24616
nar	24617
▁147.	24618
▁Equipment	24619
▁exploited	24620
▁138	24621
租用	24622
不喜歡	24623
分成	24624
的结论是	24625
秘	24626
反而	24627
概括	24628
的基石	24629
迪亚	24630
▁咱们	24631
视角	24632
难民问题	24633
▁Umoja	24634
ola	24635
▁Tar	24636
不可逆转	24637
并使其	24638
▁sexes	24639
了他的	24640
和透明度	24641
▁为了确保	24642
什么呢	24643
国籍国	24644
▁Mommy	24645
taking	24646
▁timber	24647
就此结束	24648
比你	24649
funded	24650
圍	24651
下降了	24652
丹尼	24653
增强妇女	24654
对各国	24655
▁Map	24656
147	24657
▁Identification	24658
只在	24659
提出的要求	24660
薪资	24661
防护	24662
-13	24663
具有重要意义	24664
壓	24665
骄傲	24666
▁rests	24667
采取一切适当措施	24668
▁encompass	24669
不但	24670
匪	24671
的主持下	24672
▁Finnish	24673
持久解决	24674
控制权	24675
定期向	24676
开始实施	24677
联合国同	24678
辱	24679
酷刑受害者	24680
非法贸易	24681
▁第五	24682
带到	24683
所采取的行动	24684
▁enrichment	24685
会议报告	24686
并把	24687
▁Age	24688
▁bottle	24689
每人	24690
还活着	24691
▁condolences	24692
▁influenced	24693
▁sheet	24694
午餐	24695
妄	24696
早婚	24697
燒	24698
sc	24699
▁Death	24700
▁cannabis	24701
rit	24702
窃	24703
与和解	24704
这一原则	24705
reaching	24706
ric	24707
政策对话	24708
迎	24709
ibility	24710
▁confirms	24711
政治权利	24712
似宜	24713
和其他组织	24714
姐妹	24715
两方面	24716
也无法	24717
翻修	24718
妇女获得	24719
委员会工作	24720
有效措施	24721
▁fled	24722
夫先生	24723
▁为什么你	24724
会前	24725
倆	24726
巴勒斯坦平民	24727
▁我已經	24728
▁Expenditure	24729
将确保	24730
管理人	24731
ties	24732
▁có	24733
序	24734
▁Instrument	24735
▁feeding	24736
意识形态	24737
使他	24738
出示	24739
▁constructed	24740
▁所有的	24741
具体问题	24742
有所减少	24743
点儿	24744
贩运和	24745
ncies	24746
大会核准	24747
组织法	24748
▁purchasing	24749
▁第六委员会	24750
行政支助	24751
▁convergence	24752
你說	24753
独立国家联合体	24754
▁据说	24755
▁Congratulations	24756
取得的成就	24757
对社会	24758
将性别观点纳入主流	24759
▁bail	24760
▁burdens	24761
▁coercion	24762
三大	24763
股东	24764
问我	24765
▁Bush	24766
▁那是我	24767
使他们能够	24768
白人	24769
▁Er	24770
JIU	24771
圣诞	24772
漫长	24773
夠了	24774
▁scholarships	24775
▁满意地注意到	24776
在维也纳	24777
选举中	24778
▁midterm	24779
毒品贩运	24780
海洛因	24781
精力	24782
联席会议	24783
▁disruption	24784
▁该司	24785
和社会服务	24786
▁Ever	24787
共同国家评估	24788
定型观念	24789
(2011	24790
ient	24791
▁Anna	24792
还是在	24793
队长	24794
▁2004;	24795
▁我以为	24796
和财务	24797
达成一致意见	24798
2009/10	24799
▁Gen	24800
▁羅	24801
奠定基础	24802
粮食危机	24803
附件四	24804
人道主义人员	24805
营造	24806
逐步淘汰	24807
▁aggravated	24808
减损	24809
手上	24810
▁mineral	24811
删去	24812
洪水	24813
vol	24814
合计	24815
有意义	24816
果断	24817
柔	24818
能找到	24819
164	24820
Ar	24821
▁Concerned	24822
▁Persistent	24823
巴尔干	24824
编入	24825
▁ranks	24826
的旅费	24827
柜	24828
而这些	24829
这使	24830
▁brand	24831
▁Sarah	24832
▁journalist	24833
查出	24834
▁abolish	24835
▁explosion	24836
▁你就是	24837
交由	24838
向发展中国家	24839
塞舌尔	24840
必须得到	24841
▁purchased	24842
残疾妇女	24843
覆	24844
management	24845
你的手	24846
国际性	24847
在其关于	24848
心情	24849
时效	24850
冻	24851
对提交人	24852
有些人	24853
知道他	24854
place	24855
▁substantiated	24856
益处	24857
ank	24858
▁特别政治和非殖民化委员会	24859
其中许多	24860
如有	24861
支持联合国	24862
象征	24863
和南非	24864
Bar	24865
在联合国总部	24866
研究金	24867
部族	24868
预警系统	24869
▁react	24870
停火协定	24871
▁Abstaining	24872
▁详情请洽	24873
大会第六十四届会议	24874
米尔	24875
目标和指标	24876
▁contributor	24877
委员会根据	24878
小国	24879
接管	24880
滴	24881
事件中	24882
我请	24883
更广泛地	24884
ged	24885
▁Chris	24886
▁shipments	24887
停留	24888
蛋糕	24889
66/	24890
信息中心	24891
数值	24892
▁Facilitator	24893
依赖于	24894
我现在	24895
汽油	24896
Law	24897
ned	24898
▁我沒有	24899
列入了	24900
饼	24901
−	24902
▁Helena	24903
决策和	24904
又不是	24905
的表现	24906
his	24907
上审议	24908
政治承诺	24909
▁fe	24910
和中国	24911
禁止在	24912
稍后	24913
雙	24914
囚	24915
漠	24916
力图	24917
是可以	24918
是确保	24919
第十六届会议	24920
发展筹资问题	24921
哀	24922
▁華	24923
执行联合国	24924
▁demarcation	24925
▁prospect	24926
▁rebuilding	24927
被驱逐	24928
來說	24929
经济学	24930
SF	24931
▁ICTR	24932
▁gang	24933
令人担忧	24934
硫	24935
▁SO	24936
▁(2009),	24937
▁166	24938
可以看出	24939
打击恐怖主义的	24940
把这个	24941
的一项重要	24942
驳回了	24943
高峰	24944
▁affirms	24945
断定	24946
▁Drafting	24947
▁appropriated	24948
▁vested	24949
道德操守办公室	24950
.9/4	24951
▁963-5	24952
和欧洲联盟	24953
面谈	24954
▁Ooh	24955
利比里亚政府	24956
国际和区域组织	24957
我们还	24958
公立	24959
国民生产总值	24960
犯罪人	24961
eli	24962
各政党	24963
王子	24964
汤	24965
▁hiring	24966
▁redouble	24967
Finnish	24968
▁2016	24969
▁Index	24970
检察官和	24971
▁Directors	24972
不等	24973
专题讨论	24974
的子女	24975
社会工作者	24976
閉嘴	24977
bil	24978
东帝汶过渡当局	24979
职权范围内	24980
采取适当的	24981
保全	24982
化学品的	24983
是促进	24984
特许权	24985
的时刻	24986
第一次报告	24987
素质	24988
覆盖率	24989
抬	24990
接洽	24991
澳	24992
144	24993
▁我们就	24994
▁申明	24995
根据该	24996
证据证明	24997
贫民窟	24998
这一权利	24999
▁academia	25000
▁chances	25001
不得超过	25002
有大量	25003
的次数	25004
▁Tan	25005
游客	25006
誓	25007
▁breast	25008
▁evidenced	25009
▁你不知道	25010
▁起诉应对	25011
官员和	25012
檢查	25013
也就	25014
出台	25015
努力促进	25016
在现有	25017
安全与稳定	25018
▁atrocities	25019
的基本权利	25020
三年期	25021
代表团希望	25022
▁Category	25023
▁Serbs	25024
元素	25025
就无法	25026
毕	25027
的最重要	25028
突破	25029
遗传资源	25030
▁solemn	25031
打击腐败	25032
核武库	25033
行动小组	25034
▁Hal	25035
▁schedules	25036
Inter	25037
▁Significant	25038
▁talent	25039
卫生服务	25040
空军	25041
累计	25042
联合国预防犯罪和刑事司法方案	25043
栋	25044
爸	25045
的投诉	25046
2.3	25047
▁pardon	25048
▁根据大会第	25049
中受益	25050
主要是因为	25051
你的主	25052
层面上	25053
盒	25054
-11	25055
制服	25056
可以接受的	25057
行使答辩权	25058
集体安全	25059
bin	25060
有哪些	25061
不具备	25062
內容	25063
区域机构	25064
总秘书处	25065
全国各地	25066
商店	25067
必须与	25068
过渡到	25069
仍将	25070
军事法庭	25071
合成	25072
在里面	25073
对整个	25074
昂贵	25075
▁Design	25076
▁Ottawa	25077
▁puts	25078
体面工作	25079
4.2	25080
血液	25081
的主要原因	25082
个成员国	25083
军备竞赛	25084
温室气体排放	25085
▁Ken	25086
信托	25087
是否已	25088
▁filling	25089
的物质	25090
▁comprehensively	25091
这项决议	25092
▁cook	25093
准予	25094
▁lengthy	25095
国家方案文件	25096
掩盖	25097
说的话	25098
违背了	25099
▁Cayman	25100
▁bath	25101
▁inquiries	25102
政策和做法	25103
▁2002;	25104
▁Boss	25105
两类	25106
联合执行	25107
▁Daniel	25108
▁Gal	25109
卡特	25110
▁Armenian	25111
▁Exactly	25112
▁又请秘书长	25113
怎麼回事	25114
▁manuals	25115
邮政	25116
▁1963	25117
▁elaborating	25118
才可	25119
▁roof	25120
▁affiliated	25121
▁attractive	25122
令人满意的	25123
就不可能	25124
的食物	25125
親愛的	25126
▁1.3	25127
只想	25128
就职	25129
▁signatures	25130
▁solving	25131
網	25132
殿下	25133
▁Observers	25134
▁Delete	25135
▁HIPC	25136
▁abused	25137
▁hire	25138
有关活动	25139
正在与	25140
▁UNOMIG	25141
▁differentiated	25142
同盟	25143
但它们	25144
宪兵	25145
▁besides	25146
上来	25147
南太平洋	25148
命运	25149
是否需要	25150
牢房	25151
舒	25152
切实可行的	25153
国际发展	25154
慰	25155
有联系的	25156
2002-2005	25157
▁ICTY	25158
▁Ask	25159
▁aggressive	25160
所有公民	25161
氢	25162
观察员地位	25163
▁disappear	25164
的竞争	25165
级别的	25166
▁stars	25167
协助下	25168
第二委员会的报告	25169
质量和	25170
通知书	25171
问题清单	25172
▁PA	25173
▁bathroom	25174
日后	25175
2008/09	25176
▁publicity	25177
保守	25178
来确定	25179
的职务	25180
.1/60/	25181
ving	25182
▁附件一	25183
联合国艾滋病毒	25184
辆车	25185
▁2001-2010	25186
▁Volunteer	25187
阿拉伯人	25188
▁crash	25189
▁twelve	25190
▁我们应该	25191
▁混蛋	25192
专项	25193
该案	25194
far	25195
▁brackets	25196
tag	25197
个星期	25198
西撒哈拉问题	25199
避	25200
▁Primary	25201
▁吁请各国	25202
62/1	25203
▁disturbing	25204
还不	25205
▁contracted	25206
▁你喜欢	25207
▁具体而言	25208
与各国政府	25209
全境	25210
判决书	25211
排定	25212
走开	25213
这一主题	25214
▁Observations	25215
召开会议	25216
补充说	25217
送你	25218
/01	25219
156	25220
▁(2003),	25221
▁believing	25222
▁就这样	25223
意向	25224
的工作计划	25225
1).	25226
▁Atlas	25227
▁seekers	25228
▁還是	25229
不干涉	25230
詹	25231
▁DP	25232
價	25233
得益于	25234
我谨代表	25235
迁徙	25236
17)	25237
▁52/1	25238
▁infectious	25239
联刚稳定团	25240
不同文化	25241
机构之间	25242
法律小组委员会	25243
第四十九届会议	25244
初级保健	25245
后代	25246
谋生	25247
问题特别顾问	25248
附属履行机构	25249
降落	25250
▁res	25251
▁附件二	25252
服刑	25253
械	25254
说法	25255
▁Replace	25256
▁shame	25257
泊	25258
琪	25259
▁Afro	25260
▁MAL	25261
碰到	25262
▁Includes	25263
▁重申其	25264
低下	25265
有形	25266
秘书处应	25267
哥们	25268
赢了	25269
2012/13	25270
零部件	25271
.7,	25272
▁Sport	25273
事务局	25274
挺好	25275
联合主席	25276
▁approached	25277
▁certainty	25278
▁pollutants	25279
先生们	25280
的妇女人数	25281
▁Roger	25282
▁voter	25283
gger	25284
▁replacing	25285
▁technically	25286
任务区	25287
制图	25288
发生什么事	25289
经济部门	25290
人工	25291
所起的作用	25292
清洗	25293
IE	25294
▁lodged	25295
严重罪行	25296
可用的	25297
饮	25298
▁听我说	25299
第四十六届会议	25300
经济和政治	25301
▁Pay	25302
▁ruin	25303
▁scales	25304
▁tank	25305
至迟于	25306
▁121	25307
与秘书处	25308
问题特别代表	25309
financing	25310
我们大家	25311
▁Socialist	25312
珊瑚礁	25313
.5/54/	25314
▁initiation	25315
▁据指出	25316
▁而且我	25317
和乌拉圭	25318
济	25319
Ru	25320
▁detected	25321
懷	25322
污染物	25323
{	25324
剩	25325
▁Agencies	25326
二十三	25327
去哪	25328
合法化	25329
法律事务	25330
编写报告	25331
署名	25332
肝	25333
Republic	25334
▁permitting	25335
情況	25336
▁sensitization	25337
作出回应	25338
发生变化	25339
可将	25340
实现可持续	25341
方面也	25342
那里的	25343
非政府组织代表	25344
12%	25345
Comment	25346
▁imbalance	25347
扫描	25348
达格	25349
政府正在	25350
瘋了	25351
▁suggesting	25352
第三次外空会议	25353
要求缔约国	25354
▁outbreak	25355
不断地	25356
本法	25357
高级别全体会议	25358
1244(1999)	25359
13%	25360
咪	25361
坑	25362
并就此	25363
營	25364
纳克	25365
专门机构和	25366
叛	25367
日以来	25368
▁Cap	25369
▁criminalization	25370
▁photos	25371
宣誓	25372
▁bold	25373
▁jeopardize	25374
▁upstairs	25375
基本法	25376
将按照	25377
情况通报	25378
的产出	25379
相处	25380
/56/3	25381
尝	25382
提出一项	25383
感到遗憾	25384
看出	25385
细菌	25386
▁Brother	25387
拟订了	25388
/58/4	25389
Sa	25390
ệ	25391
未满	25392
VE	25393
▁finalizing	25394
▁reforming	25395
蹤	25396
ǐ	25397
▁Punish	25398
匮乏	25399
信用证	25400
合作关系	25401
永远不会	25402
会议的成果	25403
原料	25404
管理问题	25405
ising	25406
特别账户	25407
陈规定型观念	25408
▁diet	25409
▁好嗎	25410
专题小组	25411
▁ID	25412
▁civilization	25413
▁rec	25414
ple	25415
▁无论如何	25416
住户	25417
等方式	25418
能够得到	25419
针对妇女的	25420
挖掘	25421
还提到	25422
威慑	25423
极大地	25424
▁该部	25425
日大会第	25426
来促进	25427
这种状况	25428
▁auditing	25429
主要群体	25430
全球和区域	25431
刑警组织	25432
的负面影响	25433
第一份	25434
第五十届会议	25435
间隔	25436
▁我明白	25437
核动力源	25438
调动资源	25439
lum	25440
▁defense	25441
号文件第	25442
群众	25443
▁leverage	25444
开火	25445
彈	25446
▁tied	25447
多年筹资框架	25448
▁clearer	25449
▁你这个	25450
玩意	25451
这可能	25452
ball	25453
本国干事	25454
的开支	25455
/60/6	25456
▁CON	25457
▁commanders	25458
▁constituting	25459
作出裁决	25460
实习	25461
请各代表团	25462
问题单	25463
▁Firearms	25464
是怎么	25465
科学和技术小组委员会	25466
访问期间	25467
azi	25468
▁Focus	25469
▁GA	25470
密切联系	25471
镜	25472
▁dogs	25473
夹	25474
▁Delhi	25475
导言	25476
这种办法	25477
▁2008/09	25478
▁heroin	25479
matic	25480
▁65/2	25481
▁Polish	25482
壁	25483
民间组织	25484
没关系	25485
至下午	25486
▁113	25487
▁HE	25488
▁tour	25489
能够为	25490
账目	25491
▁Subtotal	25492
▁mountains	25493
▁purely	25494
外层空间事务厅	25495
巡	25496
方案和预算	25497
穿着	25498
▁noise	25499
将导致	25500
情事	25501
▁banned	25502
▁endorses	25503
▁那不是	25504
布尔	25505
波黑	25506
▁Walter	25507
机构合作	25508
涨	25509
公认	25510
▁expressions	25511
▁footing	25512
▁whereabouts	25513
错过	25514
sproportionately	25515
告诉他们	25516
metallic	25517
不受惩罚	25518
弗兰克	25519
face	25520
▁Com	25521
当事各方	25522
棍	25523
bye	25524
废物管理	25525
cra	25526
▁anthropogenic	25527
▁sensitivity	25528
与私营部门	25529
实行了	25530
拉丁美洲和加勒比经济委员会	25531
第十七届会议	25532
▁furthermore	25533
▁tasked	25534
也应该	25535
仅为	25536
实施制裁	25537
财产权	25538
(8)	25539
65/2	25540
▁harmonizing	25541
交货	25542
帮助发展中国家	25543
▁scrutiny	25544
▁trace	25545
人类发展报告	25546
遇到了	25547
国际支持	25548
寶貝	25549
▁Gazette	25550
安圭拉	25551
恐怖组织	25552
▁landscape	25553
号决议所设委员会主席	25554
捷克	25555
星球	25556
FA	25557
▁inscribed	25558
医务人员	25559
leg	25560
据报告	25561
沿岸	25562
▁avail	25563
审查报告	25564
恐怖主义活动	25565
替代性	25566
的其它	25567
综合管理	25568
见你	25569
▁1948	25570
政治生活	25571
▁Oil	25572
▁dust	25573
▁unconditional	25574
国家行动方案	25575
我吧	25576
过去两年	25577
▁compare	25578
▁relied	25579
传统上	25580
▁cousin	25581
没有收到	25582
▁Si	25583
一个新	25584
一般临时人员	25585
南美洲	25586
有足够的	25587
相联系	25588
imp	25589
奥林匹克	25590
▁clashes	25591
▁reconsider	25592
▁redeployed	25593
▁太棒了	25594
工作人员条例	25595
归属	25596
4.1	25597
▁deeds	25598
为提高	25599
大规模的	25600
mate	25601
▁nets	25602
做出的努力	25603
发明	25604
沃尔	25605
▁瞧	25606
已获	25607
汤姆	25608
▁depended	25609
劳工法	25610
▁tender	25611
各项方案	25612
夠	25613
希望能	25614
提出任何	25615
罪恶	25616
▁confronting	25617
下载	25618
不发达	25619
地球上	25620
讲座	25621
get	25622
关键性	25623
向我们	25624
▁Cluster	25625
▁Send	25626
▁j	25627
▁Cases	25628
▁deliberately	25629
不對	25630
国政府	25631
机构和组织	25632
280	25633
▁Initiatives	25634
▁groundwater	25635
克制	25636
導	25637
▁Trusteeship	25638
他们所	25639
穌	25640
她想知道	25641
▁RESOLUTION	25642
▁unusual	25643
名额	25644
▁该死的	25645
最高的	25646
试着	25647
什么东西	25648
向法院	25649
臭氧	25650
乃至	25651
人权捍卫者	25652
徒刑	25653
政治对话	25654
统筹协调	25655
dom	25656
▁specially	25657
教员	25658
.5,	25659
▁2.6	25660
▁essence	25661
特许	25662
看了	25663
说的是	25664
▁Arctic	25665
▁Sahel	25666
▁confinement	25667
▁英语	25668
伍	25669
基金组织	25670
常驻联合国代表团临时代办	25671
效用	25672
/62/5	25673
▁nonetheless	25674
提交其	25675
案例研究	25676
158	25677
▁2001;	25678
消除对妇女	25679
▁trusted	25680
抵销	25681
时在纽约总部举行	25682
联系在一起	25683
辣	25684
/60/4	25685
▁assign	25686
抑制	25687
缝	25688
剛才	25689
/29	25690
▁adjacent	25691
▁inspired	25692
▁shelf	25693
ky	25694
▁organisation	25695
财务状况	25696
不是吗	25697
名被告	25698
▁delimitation	25699
之路	25700
制造商	25701
▁Controller	25702
年上半年	25703
▁Import	25704
农业发展	25705
薇	25706
known	25707
▁(20	25708
▁2.30	25709
▁caution	25710
可持续发展目标	25711
Is	25712
▁paint	25713
的任务授权	25714
的使命	25715
这是一项	25716
.3/59/	25717
rule	25718
▁Guidance	25719
▁snow	25720
是為了	25721
▁payroll	25722
▁similarly	25723
国际社会应	25724
布莱	25725
法郎	25726
胶	25727
臨	25728
39/	25729
▁Austrian	25730
▁Ready	25731
选举法	25732
葬	25733
还应该	25734
360	25735
▁IF	25736
够了	25737
的真实	25738
▁Exercise	25739
▁cleaning	25740
一些重要	25741
太好了	25742
被要求	25743
▁2010)	25744
annex	25745
追溯	25746
塞拉利昂政府	25747
法律咨询	25748
提出申请	25749
ministerial	25750
▁pays	25751
▁suspicion	25752
▁visual	25753
保護	25754
每一项	25755
▁bombing	25756
先后	25757
返回家园	25758
ICT	25759
岁以上	25760
▁travelling	25761
卫生部门	25762
国际十年	25763
▁Specifically	25764
深度	25765
相互关联的	25766
▁我還	25767
复员和重返社会方案	25768
好消息	25769
掠夺	25770
野蛮	25771
该法院	25772
告诉她	25773
的实例	25774
▁testify	25775
-25	25776
各委员会	25777
学科	25778
采取的步骤	25779
▁Populations	25780
使联合国	25781
应鼓励	25782
▁delegated	25783
破坏性	25784
第九十	25785
▁1989,	25786
▁deepen	25787
▁fake	25788
▁seed	25789
有趣的	25790
狠	25791
纷	25792
oma	25793
▁borrowing	25794
是怎么回事	25795
江	25796
导则	25797
平方公里	25798
重大问题	25799
▁Sixtie	25800
▁codification	25801
紧急状况	25802
非自治领土人民	25803
同时又	25804
很喜欢	25805
结社	25806
这种现象	25807
43/	25808
▁Yep	25809
▁irreversible	25810
事先知情同意	25811
和质量	25812
大哥	25813
并进一步	25814
必须根据	25815
▁(15	25816
根本没有	25817
并作为	25818
对上述	25819
现在已经	25820
▁assists	25821
CF	25822
▁Settlement	25823
▁156	25824
▁pack	25825
和越南	25826
安全机构	25827
赴	25828
Presidents	25829
▁2002-2005	25830
选中	25831
▁Anyone	25832
姬	25833
这也	25834
▁(7	25835
四次	25836
新建	25837
的技能	25838
▁app	25839
就议程项目	25840
的可持续	25841
终了	25842
▁5.1	25843
提出了一项	25844
▁Drought	25845
沒什麼	25846
能获得	25847
	25848
▁instructed	25849
▁native	25850
该法令	25851
▁Fucking	25852
▁rigorous	25853
不可受理	25854
增补	25855
计划于	25856
tric	25857
一次会议	25858
喀	25859
我父亲	25860
▁mirror	25861
不停	25862
宰	25863
着你	25864
▁dumb	25865
▁unfortunate	25866
并规定	25867
报销	25868
潜能	25869
虐待儿童	25870
负责管理	25871
dustrialization	25872
س	25873
制定政策	25874
制裁委员会	25875
榜样	25876
	25877
与儿童	25878
年下半年	25879
正式记录	25880
武装集团	25881
的财务状况	25882
发生的事件	25883
ega	25884
ika	25885
▁5,000	25886
▁难民专员办事处	25887
土著问题	25888
思维	25889
▁compatibility	25890
▁reside	25891
举例	25892
忌	25893
至关重要的是	25894
提取	25895
渡	25896
第十四届会议	25897
管理员	25898
▁crack	25899
惊人	25900
糊	25901
连贯性	25902
▁founding	25903
供给	25904
操纵	25905
hath	25906
▁Assistants	25907
向他们提供	25908
148	25909
全面彻底裁军	25910
rous	25911
切实执行	25912
学家	25913
第四十届会议	25914
▁dispatch	25915
就行了	25916
蒙受	25917
阅	25918
难民和流离失所者	25919
▁(2001).	25920
▁beg	25921
▁executing	25922
原谅	25923
并利用	25924
该段	25925
▁yourselves	25926
好玩	25927
天使	25928
▁(1995)	25929
▁Attention	25930
▁statutes	25931
的应用	25932
需求评估	25933
▁4.5	25934
其所	25935
和知识	25936
新员额	25937
的质量和	25938
管理工作	25939
闭嘴	25940
▁bird	25941
▁我们重申	25942
通过的第	25943
▁connections	25944
▁dominant	25945
▁但这	25946
海外领土	25947
瞧	25948
▁fighters	25949
▁liquid	25950
信息社会世界首脑会议	25951
脉	25952
▁Kam	25953
▁我們會	25954
▁还决定	25955
和分发	25956
理事会成员	25957
以一种	25958
菌	25959
1966	25960
各种各样的	25961
揭	25962
牢固	25963
独自	25964
建设性的	25965
性问题	25966
的对象	25967
罗德	25968
▁Associations	25969
他被	25970
咨询机构	25971
政策分析	25972
的排放	25973
	25974
international	25975
▁contravention	25976
之间的差距	25977
口头订正	25978
居住的	25979
的秘密	25980
itu	25981
▁devise	25982
从业人员	25983
防扩散	25984
支持各国	25985
的政策和方案	25986
票反对	25987
继续同	25988
辛苦	25989
▁simplified	25990
▁他希望	25991
公众对	25992
意在	25993
指认	25994
校长	25995
▁338	25996
▁FMCT	25997
▁你又	25998
做出努力	25999
备灾	26000
缔约国根据	26001
联合国科索沃临时行政当局特派团	26002
▁vertical	26003
悬	26004
监督下	26005
缔约国有义务	26006
▁benchmark	26007
国际法原则	26008
欢迎所有人参加	26009
servicing	26010
▁associates	26011
▁qualification	26012
一项决议	26013
哈马斯	26014
的完整性	26015
fu	26016
▁Rican	26017
论点	26018
少数群体问题	26019
非公开会议	26020
▁sciences	26021
捐助界	26022
有害影响	26023
MSP	26024
无家可归	26025
船旗国	26026
输出	26027
非附件一缔约方	26028
regular	26029
▁你怎么知道	26030
僵	26031
刑事案件	26032
建立和平	26033
▁dependency	26034
人权领域	26035
特别措施	26036
财务细则	26037
五项	26038
备用	26039
▁medication	26040
不接受	26041
缔约国报告	26042
耐心	26043
▁lights	26044
▁我才不	26045
吸烟	26046
怎么回事	26047
管理制度	26048
KO	26049
真主是	26050
冈	26051
国民账户	26052
毁了	26053
的格式	26054
rated	26055
民间团体	26056
▁favoured	26057
为消除	26058
具体说明	26059
▁imminent	26060
▁obstetric	26061
地方一级	26062
该厅	26063
▁Search	26064
一致意见	26065
人的发展	26066
公布了	26067
的惩罚	26068
下一步	26069
政府首脑	26070
女工	26071
婴	26072
排列	26073
▁permanently	26074
不法行为	26075
支票	26076
较大的	26077
退回	26078
两倍	26079
为其提供	26080
最後	26081
▁arena	26082
出来了	26083
尤其在	26084
屈	26085
漏洞	26086
▁Lady	26087
▁Reconstruction	26088
天堂	26089
第六章	26090
NE	26091
▁expectation	26092
一切必要	26093
在内的所有	26094
样子	26095
▁Ltd	26096
小组认为	26097
探讨了	26098
比额表	26099
▁commander	26100
▁125	26101
▁heavens	26102
▁quarters	26103
▁第一委员会	26104
一所	26105
创收	26106
发生冲突	26107
唔	26108
适用于所有	26109
▁asleep	26110
▁pair	26111
▁strikes	26112
不扩散核武器条约缔约国	26113
与美国	26114
什么意思	26115
教科书	26116
并能	26117
的旅行	26118
▁corporation	26119
处分	26120
踏	26121
▁Donor	26122
▁constituent	26123
但仍然	26124
军用飞机	26125
的生存	26126
辑	26127
这个国家	26128
▁Seychelles	26129
▁哎	26130
▁cancelled	26131
全球行动纲领	26132
总人口	26133
▁馬	26134
中东和平进程	26135
财政支持	26136
Art	26137
仍在继续	26138
请愿	26139
▁Bueno	26140
同期	26141
▁Hamas	26142
▁Ol	26143
▁confronted	26144
关切的问题	26145
大会第五十五届会议	26146
殖民地	26147
辰	26148
了你的	26149
▁globe	26150
举办了一次	26151
全球方案	26152
显然是	26153
游泳	26154
相关的问题	26155
问题的秘书长特别代表	26156
▁suppress	26157
付给	26158
国家统计	26159
废止	26160
选举产生	26161
CR	26162
▁Airport	26163
的简报	26164
My	26165
打击跨国有组织犯罪	26166
狗屎	26167
▁Cat	26168
▁rat	26169
以色列占领军	26170
萨拉	26171
53/1	26172
▁INSTRAW	26173
▁accurately	26174
减少贫困	26175
打印	26176
阿布贾	26177
▁Hammarskj	26178
世界人口	26179
▁WITH	26180
▁knife	26181
你看	26182
参与决策	26183
▁Religious	26184
尚未加入	26185
▁(1997)	26186
▁Louis	26187
联合国人居署	26188
▁Win	26189
的兄弟	26190
的双边	26191
▁initiating	26192
起点	26193
▁Sign	26194
▁dramatically	26195
▁par	26196
公私	26197
现况	26198
艰苦	26199
西蒙	26200
▁harder	26201
▁repercussions	26202
人道协调厅	26203
加油	26204
战略方针	26205
鲜	26206
UC	26207
在每个	26208
正在考虑	26209
▁我是說	26210
国际行动	26211
把自己	26212
▁Fran	26213
公诉	26214
建制警察部队	26215
问题国际会议	26216
▁brutal	26217
存储	26218
▁destructive	26219
▁你是不是	26220
的领导下	26221
相等	26222
▁2007/08	26223
号决议所设	26224
最脆弱	26225
远景	26226
背景资料	26227
事實	26228
妞	26229
研究了	26230
越来越大	26231
▁Cal	26232
▁uneven	26233
▁小组认为	26234
另外一个	26235
▁experiment	26236
全环基金	26237
妥	26238
對於	26239
称之为	26240
20\	26241
ford	26242
▁马上	26243
为满足	26244
会造成	26245
应对气候变化	26246
这一要求	26247
▁walked	26248
占用	26249
圣赫勒拿	26250
的现况	26251
经济合作组织	26252
边防	26253
__	26254
hou	26255
▁Making	26256
冒险	26257
说谎	26258
▁**	26259
▁Carl	26260
嗨	26261
▁3,000	26262
▁看起来	26263
不觉得	26264
个小时	26265
再次强调	26266
不会再	26267
它还	26268
年世界首脑会议	26269
結束	26270
/63/5	26271
▁Kal	26272
办事	26273
职业发展	26274
東	26275
顯示	26276
▁sheets	26277
的负担	26278
MT	26279
▁Aires	26280
▁Bat	26281
▁universe	26282
日签署	26283
箭	26284
就知道	26285
畜	26286
ify	26287
创始	26288
▁委员会要求	26289
的四个	26290
2007/08	26291
т	26292
▁cheap	26293
▁我国政府	26294
观察到	26295
文化权利委员会	26296
holders	26297
▁Know	26298
▁cocaine	26299
dent	26300
▁每次	26301
公布的	26302
每届会议	26303
▁Abuja	26304
▁fed	26305
应得到	26306
CE	26307
▁如果不	26308
作出了贡献	26309
和创新	26310
▁Sources	26311
和儿童基金会	26312
我得	26313
ifies	26314
ture	26315
岗	26316
扩展到	26317
Switzerland	26318
▁extradite	26319
大会决议	26320
▁affirm	26321
竞争性	26322
▁CCA	26323
克减	26324
这一方案	26325
67/2	26326
分摊会费	26327
提出了一些	26328
是正确的	26329
这些工作	26330
▁commissioned	26331
克隆	26332
四十	26333
赋予妇女权力	26334
阿卜杜勒	26335
▁compete	26336
入口	26337
可作为	26338
掩	26339
ets	26340
▁confusion	26341
准军事	26342
履行义务	26343
什么吗	26344
帝国	26345
日内瓦第四公约	26346
缩编	26347
bed	26348
▁pray	26349
含糊	26350
命名	26351
35%	26352
▁thirtieth	26353
氧化	26354
继续审查	26355
MDGs	26356
▁shells	26357
我们不能	26358
Indonesia	26359
以及各	26360
发展努力	26361
按第	26362
清真寺	26363
準備	26364
至少在	26365
▁MI	26366
bal	26367
▁为什么不	26368
来支持	26369
该部门	26370
▁destroying	26371
▁但她	26372
南苏丹特派团	26373
电子通信	26374
移动电话	26375
▁void	26376
向他们	26377
对手	26378
既有	26379
科学委员会	26380
衷	26381
原因而	26382
巾	26383
款所述	26384
開心	26385
预料	26386
cultural	26387
▁moreover	26388
▁summaries	26389
▁umbrella	26390
夏天	26391
提供足够的	26392
请特别报告员	26393
順	26394
▁4.3	26395
▁Direct	26396
▁concessions	26397
▁sand	26398
▁遗憾的是	26399
固有	26400
政府间工作组	26401
通报了	26402
阿比让	26403
▁horizontal	26404
▁sustaining	26405
和实践	26406
持有人	26407
的代表发了言	26408
▁sophisticated	26409
▁invitations	26410
习惯国际法	26411
会议日历	26412
等一下	26413
four	26414
til	26415
▁Abkhazia	26416
▁Sen	26417
▁failures	26418
各主要委员会	26419
天啊	26420
第十九届会议	26421
▁pharmaceutical	26422
▁waiver	26423
彻	26424
所有缔约方	26425
档	26426
18)	26427
centred	26428
▁Enough	26429
▁据估计	26430
的良好做法	26431
裸	26432
谨提及	26433
▁2008;	26434
▁Slovak	26435
▁spaces	26436
我没	26437
缩减	26438
▁ancient	26439
▁你一定	26440
把它们	26441
的相应	26442
/57/3	26443
▁KFOR	26444
▁extensively	26445
▁“1.	26446
的必要条件	26447
达成的协议	26448
邻居	26449
key	26450
▁Tra	26451
业绩指标	26452
体重	26453
寡妇	26454
艺术家	26455
议定的	26456
障	26457
各种问题	26458
饿	26459
就这些	26460
有关的所有	26461
跑了	26462
第三次会议	26463
而又	26464
这些数据	26465
54/1	26466
who	26467
▁Test	26468
▁Tome	26469
▁pretend	26470
和传统	26471
OECD	26472
lying	26473
▁UNLB	26474
▁Ukrainian	26475
未婚	26476
pol	26477
▁1967,	26478
▁undertakes	26479
▁warming	26480
▁然后我	26481
法域	26482
phy	26483
▁ministry	26484
▁shirt	26485
▁你还好吗	26486
一致通过	26487
各区域组织	26488
委员会的成员	26489
政策建议	26490
脊	26491
约束力	26492
▁Proposals	26493
日刊	26494
裁军事务部	26495
▁superior	26496
▁timeliness	26497
单个	26498
及时地	26499
▁plastic	26500
▁rank	26501
在科威特	26502
學校	26503
ancy	26504
▁precious	26505
一项新的	26506
所有工作人员	26507
▁brokering	26508
養	26509
▁Particular	26510
漢	26511
/55/6	26512
mb	26513
心脏	26514
而作出的努力	26515
▁请将本信	26516
水电	26517
IX	26518
▁Treasury	26519
▁nutritional	26520
符	26521
urs	26522
▁Daily	26523
▁ridiculous	26524
▁selective	26525
中型	26526
战士	26527
瞭解	26528
kg	26529
提供任何	26530
弊	26531
甚至在	26532
这一工作	26533
ail	26534
▁hadn	26535
不久将	26536
主导的	26537
收集和分析	26538
▁Ser	26539
▁barely	26540
▁whoa	26541
▁stakeholder	26542
乖	26543
他曾	26544
任何地方	26545
对这一问题	26546
第六十一届会议	26547
▁Bro	26548
▁bullet	26549
▁2009/10	26550
其任务规定	26551
坦率	26552
計劃	26553
出租	26554
疗	26555
1968	26556
htm	26557
processing	26558
▁Str	26559
流动性	26560
的大会特别会议	26561
第十九	26562
▁149	26563
▁Tomorrow	26564
▁stored	26565
实现两性平等	26566
布宜诺斯艾利斯	26567
并在其	26568
▁array	26569
的进步	26570
年徒刑	26571
舌	26572
▁COMMISSION	26573
应要求	26574
▁Anguilla	26575
估计费用	26576
的文章	26577
经社厅	26578
▁Manager	26579
▁oppose	26580
.5/57/	26581
step	26582
▁circle	26583
方面的信息	26584
使各国	26585
加以解决	26586
国际人权条约	26587
美好的	26588
专家们	26589
娃	26590
的民众	26591
bus	26592
lation	26593
▁Ladies	26594
bul	26595
▁(1998),	26596
复活	26597
杀戮	26598
同志	26599
突出了	26600
起因	26601
ville	26602
代表团欢迎	26603
以期在	26604
建立国家	26605
艘	26606
ello	26607
▁(1992)	26608
所占比例	26609
淋	26610
▁结论和建议	26611
当务之急	26612
有条件	26613
的最后报告	26614
论及	26615
▁touched	26616
▁unexploded	26617
▁不是吗	26618
不合	26619
主题为	26620
▁Material	26621
其他问题	26622
呈现	26623
當時	26624
▁Ji	26625
▁Đ	26626
的一半	26627
诚实	26628
▁adequacy	26629
更多信息	26630
其他国家的	26631
福克兰群岛	26632
/51	26633
CT	26634
工作语文	26635
社会和经济发展	26636
者提供	26637
▁understands	26638
信奉	26639
国际一级	26640
落在	26641
中乍特派团	26642
日秘书长给安全理事会主席的信	26643
是必不可少的	26644
维持和平部队	26645
mel	26646
▁county	26647
▁evictions	26648
▁这是我们	26649
最大限度	26650
的重要意义	26651
4.3	26652
▁Horn	26653
▁Phase	26654
▁cake	26655
帮助各国	26656
他的代表团	26657
企业发展	26658
采取一种	26659
▁Awareness	26660
的人都	26661
阿拉伯领土	26662
▁gotten	26663
▁mi	26664
消除一切形式	26665
▁你自己	26666
怪物	26667
雾	26668
做不到	26669
加斯	26670
宣言草案	26671
amba	26672
▁petroleum	26673
尺	26674
▁alter	26675
各种形式	26676
▁Doesn	26677
一些代表团	26678
吉姆	26679
世界人权会议	26680
归于	26681
撒谎	26682
的多样性	26683
还有其他	26684
ransboundary	26685
▁Conditions	26686
▁biotechnology	26687
▁walls	26688
可以用	26689
起草小组	26690
ones	26691
商人	26692
▁strengths	26693
▁让他	26694
开展对话	26695
▁conveyed	26696
付诸表决	26697
发展情况	26698
把这	26699
行政措施	26700
▁connect	26701
的宝贵	26702
▁sooner	26703
▁unanimous	26704
但这些	26705
所有部门	26706
重建和	26707
lf	26708
国际贸易中心	26709
耶稣	26710
口译员	26711
本届	26712
激进	26713
第十八届会议	26714
给予了	26715
转为	26716
出生登记	26717
圣多美和普林西比	26718
年度预算	26719
▁Calm	26720
▁我來	26721
特里	26722
裁研所	26723
转交给	26724
道路安全	26725
使发展中国家	26726
有所不同	26727
▁victory	26728
包括东耶路撒冷在内的	26729
3.1	26730
▁babies	26731
▁rapporteur	26732
六氯环己烷	26733
在人权领域	26734
小学教育	26735
第四届	26736
二十五	26737
的筹资	26738
.2/60/	26739
▁Geographical	26740
▁attachment	26741
特工	26742
私人部门	26743
don	26744
▁beauty	26745
▁sanction	26746
▁venture	26747
▁请秘书长向	26748
趁	26749
EF	26750
举行的关于	26751
7/	26752
Prog	26753
▁breathe	26754
公式	26755
刚果民主共和国政府	26756
发育	26757
创新性	26758
内陆发展中国家和小岛屿发展中国家	26759
刑期	26760
在编写	26761
战术	26762
注重成果的	26763
/1,	26764
▁你已经	26765
关于防止	26766
具有约束力的	26767
向委员会提出	26768
-2,	26769
▁pulled	26770
塔尔	26771
留给	26772
二十六	26773
第四十四届会议	26774
rating	26775
talled	26776
▁bright	26777
▁entrance	26778
互补	26779
还通过	26780
/3,	26781
ito	26782
▁defeat	26783
▁insist	26784
问卷	26785
▁Amnesty	26786
赦免	26787
一分钟	26788
人人有权	26789
培	26790
有更多	26791
的裁定	26792
领导层	26793
▁1992.	26794
▁Brown	26795
居住地	26796
推动了	26797
非法活动	26798
▁childbirth	26799
▁在一个	26800
▁ti	26801
絕對	26802
▁Observation	26803
▁Mutual	26804
▁lord	26805
专门讨论	26806
介意	26807
气候变化和	26808
▁stigma	26809
吁请所有国家	26810
国集团加中国	26811
在拟订	26812
降示	26813
秘书处编写的	26814
▁Boards	26815
▁Establishing	26816
▁Missile	26817
工作要做	26818
提供服务的	26819
收藏	26820
有三个	26821
▁Aw	26822
刑事调查	26823
国家发展计划	26824
问题纳入	26825
3(2001)	26826
▁forecast	26827
pel	26828
▁cup	26829
▁fence	26830
增长了	26831
真相与和解委员会	26832
遲	26833
ain	26834
▁4:	26835
▁Reintegration	26836
已收到	26837
深海	26838
第一年	26839
▁Covenants	26840
▁这就是为什么	26841
斯蒂	26842
▁constructively	26843
▁preferences	26844
▁quest	26845
发生率	26846
受保护	26847
驗	26848
pon	26849
ute	26850
ο	26851
▁Commend	26852
▁forming	26853
▁对了	26854
暂行	26855
祝愿	26856
tur	26857
▁guest	26858
▁2000;	26859
▁Box	26860
严重侵犯人权	26861
失效	26862
市政府	26863
預	26864
If	26865
Oz	26866
keeping	26867
natal	26868
▁restaurant	26869
戈马	26870
▁Suppress	26871
▁disadvantage	26872
▁trauma	26873
只有通过	26874
研究表明	26875
还请	26876
cur	26877
▁coup	26878
叔	26879
回家了	26880
帽子	26881
并防止	26882
手下	26883
有权在	26884
149	26885
▁advertising	26886
▁interactions	26887
▁vacation	26888
教养	26889
的有关决议	26890
这些事件	26891
▁auction	26892
▁shortages	26893
号决议的要求	26894
在任何情况下	26895
感谢秘书长	26896
发展中国家缔约方	26897
把手	26898
據	26899
直接影响	26900
▁拜託	26901
会议的报告	26902
必须向	26903
▁Continental	26904
光盘	26905
天才	26906
联合王国政府	26907
▁ticket	26908
灾难性	26909
这对于	26910
的摘要	26911
资源调动	26912
部队指挥官	26913
-27	26914
▁Kha	26915
▁departmental	26916
推出了	26917
▁Baby	26918
▁Jews	26919
剩余的	26920
北非	26921
成员们	26922
▁Individual	26923
祸害	26924
▁Seab	26925
▁reinforcement	26926
将得到	26927
的法令	26928
脆弱群体	26929
關於	26930
外交官	26931
经济及社会	26932
調	26933
▁52/2	26934
▁march	26935
▁rightly	26936
得出的	26937
的业务活动	26938
這次	26939
在东帝汶	26940
记录表决	26941
▁Abidjan	26942
lot	26943
则为	26944
峰	26945
建设一个	26946
▁defamation	26947
不能接受	26948
ob	26949
▁motherfucker	26950
川	26951
愤怒	26952
▁Paulo	26953
如果要	26954
该提案	26955
▁$16	26956
▁Khan	26957
▁这也	26958
大卫	26959
重债穷国倡议	26960
索引	26961
▁Us	26962
应用于	26963
▁Ceasefire	26964
▁Judiciary	26965
▁excellence	26966
▁ineffective	26967
揭示	26968
檔	26969
癬	26970
▁CH	26971
会议主席	26972
完全是	26973
una	26974
▁doors	26975
接受国	26976
能力建设方案	26977
安理会主席	26978
远距离	26979
願	26980
.3/60/	26981
▁breakfast	26982
▁细则	26983
的犯罪行为	26984
▁rebuild	26985
几个国家	26986
政治特派团	26987
▁William	26988
无限期	26989
服务中心	26990
阿拉木图行动纲领	26991
rick	26992
▁conscious	26993
▁perfectly	26994
▁我们走	26995
解放运动	26996
UM	26997
▁Cypriots	26998
總統	26999
▁scaling	27000
▁你跟	27001
/46	27002
▁widest	27003
▁委员会回顾	27004
在這里	27005
▁不错	27006
团长	27007
年代初	27008
流血	27009
监狱中	27010
/60/7	27011
两个国家	27012
这是一种	27013
Field	27014
ters	27015
公共事务	27016
可予	27017
有钱	27018
阿尔及尔	27019
移徙问题	27020
▁Easy	27021
历来	27022
家务	27023
的官方	27024
▁Increasing	27025
▁brave	27026
总检察长	27027
背叛	27028
▁captain	27029
/58/6	27030
▁53/1	27031
公民投票	27032
可怜的	27033
将负责	27034
演员	27035
.4/2001/	27036
▁Turks	27037
▁remedial	27038
词语	27039
▁Changes	27040
▁Mah	27041
▁repeal	27042
▁widening	27043
段中建议	27044
的参考文件	27045
▁Ninth	27046
主要原因是	27047
▁burned	27048
▁coral	27049
▁Gas	27050
▁em	27051
▁streamlined	27052
体制安排	27053
就是我	27054
延长到	27055
▁9)	27056
北基伍	27057
周边	27058
▁antiretroviral	27059
大幅增加	27060
設	27061
č	27062
▁correctly	27063
考虑到了	27064
術	27065
贩	27066
ups	27067
▁Being	27068
▁overcrowding	27069
▁如果是	27070
建设和平基金	27071
诉诸司法	27072
▁委员会重申	27073
数十	27074
现在开始	27075
蒙特利尔	27076
附件中	27077
在落实	27078
正在为	27079
要把	27080
▁embrace	27081
▁打开	27082
▁Exploration	27083
便宜	27084
必须符合	27085
执法官员	27086
温室气体清单	27087
表示同意	27088
议长	27089
人口与发展	27090
德黑兰	27091
LY	27092
▁plain	27093
得到适当	27094
英尺	27095
▁Bra	27096
▁令人遗憾的是	27097
由秘书长	27098
类似于	27099
联合国全系统	27100
裁军领域	27101
▁Jane	27102
▁retaining	27103
审核	27104
谓	27105
这一现象	27106
退还	27107
遺	27108
人道主义机构	27109
提出了建议	27110
管理能力	27111
这一领域的	27112
▁intermediate	27113
及其议定书	27114
岩	27115
当今世界	27116
日题为	27117
研究生	27118
第一节	27119
该框架	27120
Observer	27121
找到他	27122
政治活动	27123
▁Vo	27124
▁balls	27125
▁loose	27126
商事	27127
第十一条	27128
▁别这样	27129
上空盘旋	27130
这些案件	27131
项目和方案	27132
▁Phil	27133
晓	27134
所有正式语文	27135
方面的能力	27136
离职后健康保险	27137
▁decreasing	27138
▁dig	27139
上一次	27140
▁encompasses	27141
会晤了	27142
最长	27143
generating	27144
▁119	27145
▁Andean	27146
将不会	27147
的支助下	27148
CAB	27149
▁awesome	27150
▁daddy	27151
▁还有人	27152
没有理由	27153
▁李	27154
应收	27155
的净	27156
长久	27157
▁Principe	27158
▁injustice	27159
以致	27160
当地工作人员	27161
眼前	27162
▁warn	27163
噢	27164
走到	27165
▁unresolved	27166
方括号	27167
ela	27168
▁offshore	27169
哈里	27170
政策措施	27171
案文见	27172
迈克尔	27173
▁standardization	27174
组织合作	27175
观众	27176
▁centralized	27177
▁collaborating	27178
▁edge	27179
公民权利和政治权利	27180
為何	27181
环境退化	27182
▁1966	27183
▁catalyst	27184
的信函	27185
聽我說	27186
▁IFAD	27187
▁propaganda	27188
聲音	27189
危險	27190
所涵盖的	27191
的成果文件	27192
▁Credit	27193
▁donations	27194
▁dumping	27195
海湾	27196
▁Create	27197
▁expiration	27198
▁wives	27199
大胆	27200
实质性工作	27201
把我的	27202
要使	27203
杀了他	27204
桃	27205
由于其	27206
▁Highness	27207
▁presently	27208
他们会	27209
▁Contribution	27210
▁affaires	27211
▁peacefully	27212
接替	27213
没事吧	27214
辩称	27215
▁ICSC	27216
逃犯	27217
▁imprisoned	27218
▁matrix	27219
甚麼	27220
餐厅	27221
▁Freedoms	27222
▁Town	27223
结成	27224
赠	27225
采购司	27226
高昂	27227
▁comfortable	27228
▁fossil	27229
海洋生态系统	27230
▁1950	27231
▁Must	27232
▁ju	27233
▁tear	27234
▁tickets	27235
协理	27236
有权获得	27237
/63/4	27238
▁firing	27239
积极支持	27240
备件	27241
立法机关	27242
谈判进程	27243
its	27244
▁questionnaires	27245
▁为了使	27246
发生了什么	27247
▁124	27248
▁minds	27249
▁qu	27250
▁supervise	27251
庆	27252
得到改善	27253
▁bears	27254
担保交易	27255
支助小组	27256
lies	27257
对我来说	27258
报告所述期间	27259
间对话	27260
▁该中心	27261
发誓	27262
只是想	27263
政府已经	27264
新闻委员会	27265
被贩运	27266
▁advocating	27267
▁travelled	27268
蘇	27269
▁Pull	27270
▁poppy	27271
国土	27272
提交一份报告	27273
氟氯烃	27274
编列经费	27275
	27276
.1/59/	27277
▁nuts	27278
▁shortfall	27279
本协定	27280
▁inflicted	27281
▁你是说	27282
▁行了	27283
不同国家	27284
审查工作	27285
绪	27286
信息管理	27287
监督委员会	27288
▁Using	27289
▁absent	27290
▁exported	27291
表示严重关切	27292
▁buried	27293
▁我好	27294
人发会议	27295
分别在	27296
在本报告所述期间	27297
方面具有	27298
▁manufactured	27299
向各	27300
环境与发展	27301
聘请	27302
这些准则	27303
22)	27304
dou	27305
▁gate	27306
各国议会联盟	27307
成功了	27308
真主党	27309
社会责任	27310
逍遥法外	27311
▁COM	27312
▁Kat	27313
▁compact	27314
▁dire	27315
▁psychosocial	27316
胺	27317
▁1988,	27318
▁clarifying	27319
▁indictment	27320
▁premature	27321
蓄	27322
▁Pollutants	27323
一般性建议	27324
人权领域的	27325
会面	27326
派往	27327
溢	27328
磅	27329
索偿	27330
makers	27331
▁Single	27332
▁abortions	27333
▁embark	27334
下列方面	27335
主办的	27336
加强国际	27337
开曼群岛	27338
說你	27339
Why	27340
▁Hard	27341
▁describing	27342
▁teeth	27343
▁其實	27344
他国	27345
政府认为	27346
全权	27347
intensive	27348
最低年龄	27349
和咨询服务	27350
寻求庇护	27351
的政府间	27352
管理委员会	27353
▁concession	27354
▁guides	27355
000000}	27356
person	27357
▁Clearly	27358
▁Identical	27359
▁贸易和发展理事会	27360
对性别问题	27361
握	27362
灵活的	27363
52/1	27364
▁California	27365
▁consultancy	27366
▁stemming	27367
▁昨晚	27368
反应堆	27369
尚未批准	27370
情势	27371
数学	27372
进行评价	27373
cap	27374
▁Algiers	27375
▁Approves	27376
▁enemies	27377
强劲	27378
综合办法	27379
首脑	27380
▁Kon	27381
▁server	27382
关系中	27383
咱	27384
主要由	27385
代表团成员	27386
应尽可能	27387
得到遵守	27388
重点关注	27389
uy	27390
▁artillery	27391
得到尊重	27392
产后	27393
半球	27394
非消耗性财产	27395
▁各国应	27396
你妈妈	27397
很有趣	27398
收到的资料	27399
海峡	27400
濒	27401
▁abandon	27402
制裁措施	27403
AU	27404
dict	27405
▁implied	27406
▁spreading	27407
俄文	27408
想过	27409
详述	27410
款下	27411
的灵活性	27412
进行调整	27413
法律草案	27414
的思想	27415
资讯	27416
▁pan	27417
手指	27418
次合并定期报告	27419
▁guardian	27420
初级教育	27421
各项有关决议	27422
国际麻醉品管制局	27423
有关决议	27424
的时间内	27425
▁Transition	27426
▁swing	27427
和平谈判	27428
暂行特别措施	27429
筛选	27430
▁Mohammed	27431
▁Sim	27432
▁lt	27433
叙	27434
起作用	27435
革	27436
▁Moses	27437
主权国家	27438
决策机构	27439
在苏丹	27440
并行	27441
揭露	27442
第四十三届会议	27443
▁celebration	27444
track	27445
以增加	27446
你和我	27447
和其他措施	27448
胃	27449
并感谢	27450
库尔德	27451
过高	27452
Ba	27453
▁Award	27454
▁我不明白	27455
全氟辛烷磺酸	27456
▁attracted	27457
▁finger	27458
▁ob	27459
列举了	27460
好主意	27461
日上午	27462
30)	27463
▁operator	27464
▁Kitts	27465
▁Oceans	27466
回顾其	27467
我的意思	27468
旁边	27469
犯罪所得	27470
簽	27471
解釋	27472
侵犯行为	27473
审议议程项目	27474
澳门	27475
▁Beyond	27476
对最不发达国家	27477
我已经	27478
社群	27479
非杀伤人员地雷	27480
▁1993.	27481
▁tertiary	27482
▁unequivocal	27483
剂量	27484
固有的	27485
抽样	27486
考虑因素	27487
记载	27488
pdf	27489
ạ	27490
▁Min	27491
▁fan	27492
▁municipality	27493
▁pride	27494
从而确保	27495
多米尼克	27496
的判例	27497
该议定书	27498
nic	27499
▁coat	27500
儿童卖淫	27501
出口国	27502
的案件中	27503
致意	27504
▁10:00	27505
▁homeless	27506
▁liberation	27507
▁另外还	27508
寒	27509
第二十届会议	27510
vii	27511
改革方案	27512
构建	27513
制宪	27514
快點	27515
所学校	27516
而设立的	27517
OK	27518
不是一个	27519
竞	27520
第二十一届会议	27521
被任命为	27522
pers	27523
霸	27524
▁AP	27525
全球导航卫星系统	27526
润	27527
▁如果你想	27528
你的朋友	27529
最低标准	27530
▁situated	27531
一般临时助理人员	27532
潜	27533
雞	27534
▁ICCPR	27535
▁(2007),	27536
▁credited	27537
不记得	27538
买了	27539
毫不拖延地	27540
-26	27541
▁他有	27542
愛你	27543
▁disappointed	27544
事后	27545
▁1514	27546
工作组会议	27547
格尔	27548
的惯例	27549
的意识	27550
轻松	27551
非洲各国	27552
▁unliquidated	27553
▁Laundering	27554
▁Options	27555
▁滚	27556
为之	27557
所有方面	27558
资金流动	27559
重要的作用	27560
els	27561
▁immigrant	27562
分区	27563
或限制	27564
科研	27565
综合战略	27566
sponsors	27567
▁embarked	27568
在哪裡	27569
年底之前	27570
缔结一项	27571
事件发生	27572
图表	27573
当事国	27574
魂	27575
PD	27576
▁interpret	27577
和赞比亚	27578
奥斯陆	27579
检索	27580
武装团伙	27581
▁originat	27582
情感	27583
80\	27584
▁phones	27585
争议法庭	27586
商用	27587
沿海国	27588
科索沃塞族	27589
里约热内卢	27590
40)	27591
▁Appendix	27592
▁accessed	27593
得到保护	27594
本阶段	27595
淘汰	27596
特别是最不发达国家	27597
was	27598
冲突地区	27599
敦	27600
GO	27601
▁Estimated	27602
所说	27603
联合国合办工作人员养恤基金	27604
非自愿	27605
▁Bal	27606
▁incremental	27607
得出的结论	27608
〉	27609
恐	27610
▁Neighbouring	27611
▁reforestation	27612
▁我们支持	27613
▁据此	27614
你父亲	27615
全球部长级环境论坛	27616
所需费用	27617
织	27618
这些领土	27619
items	27620
出缺率	27621
反抗	27622
金融和经济危机	27623
默认	27624
-154	27625
▁MONUSCO	27626
▁virtual	27627
买卖儿童	27628
忧	27629
解释了	27630
发展规划	27631
现在是	27632
对本组织	27633
民事诉讼	27634
职业教育	27635
▁Santiago	27636
▁compounds	27637
▁什么意思	27638
公平地	27639
其自身	27640
▁Cook	27641
受灾	27642
打击洗钱	27643
浅	27644
的相关规定	27645
▁Detective	27646
改善了	27647
CU	27648
▁151	27649
▁educated	27650
▁kits	27651
焦	27652
的福祉	27653
▁symposium	27654
一切努力	27655
侵蚀	27656
想念	27657
进行投资	27658
▁Labor	27659
▁Tre	27660
河流	27661
特别是那些	27662
由大会	27663
辍学	27664
Am	27665
ق	27666
北京宣言和行动纲要	27667
委员会副主席	27668
的自愿捐款	27669
許多	27670
重大贡献	27671
下列问题	27672
你们俩	27673
非法移民	27674
mark	27675
分发了	27676
都不会	27677
频道	27678
▁Positive	27679
▁Rapporteurs	27680
▁es	27681
▁vi	27682
代表的全权证书	27683
权利宣言	27684
痕	27685
▁ear	27686
刷	27687
紧急援助	27688
联合国驻黎巴嫩临时部队	27689
取得成果	27690
巫	27691
报警	27692
華	27693
Norway	27694
▁loud	27695
▁triangular	27696
已取得	27697
290	27698
越境	27699
MIN	27700
▁Component	27701
号决议设立的	27702
▁128	27703
圣地亚哥	27704
将重点放在	27705
所指出的	27706
搜集	27707
老鼠	27708
▁Probably	27709
▁buying	27710
▁部长们	27711
缓和	27712
Su	27713
▁Kas	27714
▁Requirements	27715
▁UPR	27716
放了	27717
祭	27718
联合国系统行政首长协调理事会	27719
轮调	27720
▁execute	27721
价值观念	27722
安妮	27723
密切协调	27724
慈	27725
重新审议	27726
高风险	27727
ement	27728
的一大	27729
第六十届会议	27730
類	27731
并有助于	27732
RD	27733
▁searching	27734
▁strongest	27735
和专门机构	27736
調查	27737
订约承办事务	27738
▁他想	27739
法学家	27740
這樣的	27741
通过加强	27742
需要一个	27743
舒服	27744
迫击炮	27745
1.0	27746
▁sin	27747
拉尔	27748
有辱人格	27749
期限内	27750
等我	27751
dependent	27752
▁Vol	27753
▁pursuan	27754
是否可能	27755
非员额	27756
ache	27757
▁Agent	27758
第三十九届会议	27759
uss	27760
▁IOM	27761
41/	27762
▁(9	27763
▁deepening	27764
▁practically	27765
保持在	27766
海洋法公约	27767
just	27768
▁你把	27769
充分落实	27770
可使	27771
心里	27772
这不仅	27773
鲸	27774
▁airports	27775
目前有	27776
该条款	27777
▁154	27778
▁metals	27779
必须指出	27780
与非洲联盟	27781
和其他国家	27782
均已	27783
樹	27784
肚子	27785
▁我给你	27786
它已	27787
所设想的	27788
而没有	27789
	27790
nia	27791
▁disciplines	27792
〕	27793
小武器和轻武器的	27794
抗逆转录病毒	27795
淫	27796
经济资源	27797
▁GENERAL	27798
▁Heritage	27799
▁attorney	27800
▁discount	27801
拉美	27802
▁Lake	27803
▁Seriously	27804
▁一个代表团	27805
在该领域	27806
此时	27807
確定	27808
public	27809
rio	27810
▁Short	27811
的相关性	27812
相互尊重	27813
1\3	27814
ending	27815
▁lifted	27816
仍需	27817
容器	27818
▁unjust	27819
也被	27820
向执行局	27821
更加有效	27822
的细节	27823
被起诉	27824
▁Bin	27825
▁Departments	27826
cher	27827
▁reminder	27828
共存	27829
都沒	27830
▁exporting	27831
传统习俗	27832
第十七	27833
武装部队和	27834
躺	27835
不敢相信	27836
和便利	27837
和平解决争端	27838
多国部队	27839
▁radical	27840
▁你很	27841
大会特别会议	27842
负责处理	27843
▁3.5	27844
▁Consultation	27845
▁likelihood	27846
any	27847
多达	27848
女士说	27849
▁(12	27850
▁2006/07	27851
▁Tunis	27852
▁materiel	27853
匹配	27854
▁beach	27855
不利的	27856
▁Tehran	27857
▁pants	27858
▁查理	27859
境内的人权情况	27860
小组讨论会	27861
成立以来	27862
相关资料	27863
草案第	27864
▁errors	27865
▁tariffs	27866
▁该小组	27867
主教	27868
像我	27869
各国必须	27870
把握	27871
▁Mel	27872
▁hereby	27873
政策制定	27874
暂	27875
通往	27876
/58/5	27877
在家里	27878
将取决于	27879
求偿	27880
nov	27881
▁DNA	27882
▁queen	27883
參加	27884
钦	27885
▁weakness	27886
就这样	27887
▁Civilizations	27888
▁indebted	27889
棉	27890
这一数字	27891
-29	27892
three	27893
▁Pop	27894
▁graduation	27895
不懈努力	27896
钉	27897
▁Absolutely	27898
▁Always	27899
▁crossed	27900
外国占领	27901
行星	27902
95%	27903
▁Referr	27904
▁1701	27905
▁approving	27906
▁magazine	27907
和执法	27908
榮	27909
芒	27910
养育	27911
区域讲习班	27912
评估小组	27913
▁我可不	27914
收容所	27915
见第二章	27916
▁reparations	27917
开始执行	27918
采取有效	27919
▁exhaustive	27920
▁explaining	27921
▁multifaceted	27922
作出任何	27923
全体会议上	27924
更美好	27925
联合国科特迪瓦行动	27926
Co	27927
▁absorb	27928
▁formats	27929
▁lied	27930
举行第	27931
决议第	27932
▁Sports	27933
▁plenty	27934
▁我的天	27935
地球观测	27936
月间	27937
但同时	27938
征募	27939
1958	27940
▁Presentation	27941
▁validation	27942
▁whoever	27943
国际承诺	27944
commerce	27945
▁Strongly	27946
▁irrigation	27947
赋权	27948
fire	27949
子里	27950
请秘书长在	27951
.5/55/	27952
National	27953
uli	27954
大门	27955
对妇女的暴力	27956
▁administer	27957
口头报告	27958
图片	27959
斯顿	27960
绝望	27961
168	27962
▁Depend	27963
▁我们知道	27964
提出保留	27965
▁spell	27966
像个	27967
在编制	27968
肺结核	27969
他指出	27970
进行了一次	27971
免税	27972
ific	27973
▁Danny	27974
这项任务	27975
韩	27976
▁1999)	27977
▁transformed	27978
▁所以我们	27979
从没	27980
第十八条	27981
的势头	27982
的要素	27983
▁Kan	27984
塑料	27985
組	27986
▁criminalize	27987
嫁给	27988
资料来源	27989
这部	27990
▁Dominica	27991
▁motivation	27992
早餐	27993
框架协议	27994
施暴	27995
气象组织	27996
联合国可持续发展大会	27997
ên	27998
▁orderly	27999
时考虑到	28000
流向	28001
热烈	28002
当地雇员	28003
爱情	28004
表中	28005
▁pregnancies	28006
▁retired	28007
招待	28008
日星期一上午	28009
企业资源规划系统	28010
动乱	28011
废水	28012
▁volumes	28013
机构间协调	28014
66/2	28015
ui	28016
▁66/2	28017
▁	28018
有必要在	28019
浴	28020
▁underscore	28021
▁够了	28022
平均数	28023
日星期四上午	28024
cio	28025
▁Gold	28026
结论意见	28027
莎拉	28028
非传染性疾病	28029
Nigeria	28030
▁reiterat	28031
终身	28032
无国籍人	28033
▁Nevis	28034
▁我喜歡	28035
公营	28036
应成为	28037
▁158	28038
一名成员	28039
和更正	28040
审查和评估	28041
本章	28042
第四十一届会议	28043
评价报告	28044
的时候了	28045
154	28046
▁Havana	28047
两架	28048
处理这一问题	28049
水源	28050
蓋	28051
stone	28052
▁prosecuting	28053
▁我很好	28054
的代价	28055
金融部门	28056
在考虑到	28057
将它们	28058
还决定	28059
36/	28060
▁behavior	28061
先生阁下发言	28062
方面取得了进展	28063
布隆迪政府	28064
恶心	28065
▁lifetime	28066
共同利益	28067
.0%	28068
▁(2004).	28069
蓝线	28070
讨论情况	28071
识字率	28072
在纽约举行	28073
好多	28074
INC	28075
TION	28076
四分之一	28077
报告义务	28078
监督机制	28079
▁mercenary	28080
提出一份	28081
日下午	28082
committee	28083
▁Talk	28084
做到了	28085
志愿者	28086
政府当局	28087
最新情况	28088
的所有权	28089
Palestinian	28090
▁Taylor	28091
▁lab	28092
工作人员提供	28093
裁军问题	28094
iao	28095
▁&	28096
▁Billy	28097
▁Confederation	28098
▁有时候	28099
ông	28100
▁TD	28101
定为犯罪	28102
贝克	28103
750	28104
刊登	28105
年輕	28106
慢性	28107
凡是	28108
扫雷	28109
进行改革	28110
东道	28111
▁Dissemination	28112
▁complying	28113
注入	28114
直接向	28115
社会援助	28116
▁farms	28117
在西岸	28118
的局面	28119
/61/6	28120
▁alliances	28121
▁NAM	28122
▁upholding	28123
这些机制	28124
限期	28125
▁WHAT	28126
▁exchanged	28127
家庭关系	28128
/34	28129
▁$18	28130
▁Exist	28131
▁Mas	28132
▁謝謝	28133
▁那我们	28134
以下问题	28135
可能影响	28136
嫌犯	28137
羞	28138
▁3.4	28139
▁mm	28140
▁problematic	28141
关于禁止	28142
局长	28143
支出总额	28144
及其家人	28145
可接受的	28146
培训材料	28147
程式	28148
肢	28149
调整数	28150
一会	28151
是时候	28152
还不够	28153
▁Srpska	28154
▁Terrorist	28155
只需要	28156
1950	28157
▁687	28158
▁Drop	28159
▁awful	28160
▁qualify	28161
▁请提供资料	28162
多哈回合	28163
妇女事务	28164
廷	28165
所承担的义务	28166
换言之	28167
格林	28168
船长	28169
都會	28170
▁enjoying	28171
人权标准	28172
修建隔离墙	28173
大幅度增加	28174
太棒了	28175
请愿人	28176
物流	28177
▁Janeiro	28178
▁gear	28179
无论如何	28180
早已	28181
fall	28182
▁parking	28183
伊图里	28184
难民法	28185
▁UNTAET	28186
▁commits	28187
不成	28188
纵	28189
高级别委员会	28190
▁invaluable	28191
上文所述	28192
便是	28193
政治化	28194
碼	28195
社区组织	28196
ula	28197
▁evolve	28198
不再是	28199
互补性	28200
和大不列颠及北爱尔兰联合王国	28201
哈瓦那	28202
条所述	28203
late	28204
▁这次会议	28205
三份	28206
的环境中	28207
被杀害	28208
grade	28209
ites	28210
低估	28211
大会将	28212
是否会	28213
答辩	28214
这种方式	28215
非常重视	28216
▁Fellowship	28217
严重问题	28218
在现有资源范围内	28219
▁我刚	28220
▁(1993)	28221
▁accepts	28222
人员提供	28223
资产追回	28224
纽约总部	28225
▁我跟你	28226
ić	28227
▁Commodities	28228
▁RC	28229
▁employing	28230
使我们能够	28231
已经有	28232
性感	28233
新闻发布会	28234
牢记	28235
▁neutrality	28236
第二十四届会议	28237
联合国所有	28238
锋	28239
24)	28240
▁Rev	28241
▁fears	28242
借调	28243
座位	28244
照会	28245
高兴地看到	28246
呼吁所有	28247
妇女协会	28248
幼儿园	28249
sure	28250
发出邀请	28251
强调说	28252
留下来	28253
研究和分析	28254
ắ	28255
▁Officials	28256
一些成员	28257
覺	28258
受损	28259
影响评估	28260
▁(917)	28261
▁objectivity	28262
拨给	28263
▁157	28264
▁Juan	28265
▁Unlawful	28266
▁broadening	28267
▁folks	28268
人道主义协调员	28269
什麼意思	28270
可持续发展问题	28271
坚实	28272
普拉	28273
▁耶和華	28274
压制	28275
性暴力行为	28276
urban	28277
▁motions	28278
国际减少灾害战略	28279
unk	28280
▁stockpile	28281
所有各级	28282
assi	28283
不肯	28284
减排	28285
斯德哥尔摩	28286
确保将	28287
第四十七届会议	28288
1514(	28289
▁convert	28290
▁defending	28291
▁protects	28292
毕竟	28293
重振	28294
卡斯	28295
我妈	28296
书籍	28297
见证	28298
起草了	28299
▁shower	28300
錯了	28301
▁Preventing	28302
▁lacks	28303
安全和安保部	28304
报告所载	28305
拟订和执行	28306
▁专家们	28307
发射了	28308
政府间专家组	28309
Adopted	28310
Free	28311
▁tracks	28312
任何一个	28313
磷	28314
ㄇ	28315
五氯苯	28316
洪	28317
▁guilt	28318
▁selecting	28319
原定	28320
▁Facilities	28321
喬	28322
报告所涉期间	28323
运作情况	28324
遮	28325
任命一名	28326
充分实施	28327
国立	28328
夜晚	28329
所提建议	28330
政府代表	28331
督	28332
起源	28333
▁milestone	28334
商定结论	28335
戶	28336
牧师	28337
▁Pat	28338
▁Simon	28339
▁thrust	28340
和惯例	28341
将能	28342
EG	28343
友好关系	28344
号决议和第	28345
好不好	28346
并将继续	28347
-21	28348
▁devil	28349
例行	28350
因为这是	28351
在若干	28352
就像是	28353
支助办事处	28354
理事会通过了	28355
▁appointing	28356
人权专员办事处	28357
极端贫困	28358
畅	28359
这些情况	28360
进了	28361
▁intensity	28362
屎	28363
凝	28364
听着	28365
规格	28366
▁Distribution	28367
事儿	28368
第二十四届特别会议	28369
第四十八届会议	28370
▁Shin	28371
密切协作	28372
有效地执行	28373
▁smoking	28374
实际措施	28375
当地居民	28376
执行情况特别委员会	28377
给你们	28378
通货膨胀率	28379
▁Hill	28380
▁ICTs	28381
▁abilities	28382
▁eh	28383
▁furthering	28384
不致	28385
來自	28386
穆萨	28387
met	28388
污水	28389
▁(2010)	28390
▁Yahweh	28391
▁announcements	28392
▁repairs	28393
▁第五十七届会议	28394
喻	28395
怎么樣	28396
支付了	28397
▁2009;	28398
▁containers	28399
▁spatial	28400
质量保证	28401
我的主	28402
ranging	28403
▁委员会决定	28404
快樂	28405
收获	28406
有成效	28407
要求各国	28408
你不能	28409
原子	28410
引述	28411
正在审议	28412
▁frank	28413
和其他机构	28414
股份	28415
舆论	28416
▁Offenders	28417
▁Republik	28418
恶魔	28419
▁player	28420
就这么	28421
恐怖袭击	28422
是个好	28423
▁Purpose	28424
和公正的	28425
要实现	28426
▁Arbitrary	28427
处境不利	28428
延伸	28429
是否能	28430
火灾	28431
莱斯	28432
高级管理人员	28433
▁6.2	28434
并通过了	28435
理事	28436
的效率和	28437
饶	28438
减免	28439
大赦	28440
▁Names	28441
▁container	28442
▁我今天	28443
卡塔赫纳	28444
所表示的	28445
ivity	28446
▁你是谁	28447
▁这是个	28448
和问责制	28449
开来	28450
形式的歧视	28451
得出结论认为	28452
微型企业	28453
编码	28454
▁Tr	28455
流浪	28456
bl	28457
▁circular	28458
▁concert	28459
value	28460
挫折	28461
期间内	28462
的困境	28463
禁止和惩治贩运人口	28464
GI	28465
大脑	28466
特别是妇女和儿童	28467
/2003/40/	28468
裤	28469
▁Slavery	28470
▁第五十九届会议	28471
第四十五届会议	28472
防治荒漠化公约	28473
▁152	28474
▁Oslo	28475
▁pragmatic	28476
▁windows	28477
受到保护	28478
market	28479
▁35,	28480
▁exceeds	28481
▁theatre	28482
两年期方案计划	28483
择	28484
试行	28485
顾客	28486
▁中东局势	28487
已提交	28488
飯	28489
▁discourage	28490
gui	28491
听我说	28492
外国投资	28493
提问	28494
的国家政策	28495
是我们的	28496
▁Cartagena	28497
三位	28498
交谈	28499
因此而	28500
如果我	28501
感觉到	28502
.1/57/	28503
mun	28504
承包	28505
ees	28506
underrepresented	28507
▁LRA	28508
▁Play	28509
▁如同	28510
一致同意	28511
過了	28512
oci	28513
west	28514
▁denying	28515
▁margin	28516
▁threw	28517
和推广	28518
正在实施	28519
的收益	28520
第二十二届会议	28521
谅谅	28522
ف	28523
▁Illegal	28524
体育运动	28525
其他联合国机构	28526
恕	28527
我的名字	28528
毕业生	28529
沉默	28530
▁differently	28531
几种	28532
向发展中国家提供	28533
瑞克	28534
计入	28535
这些意见	28536
尊严和	28537
武器贸易条约	28538
在亚的斯亚贝巴	28539
退休人员	28540
三类	28541
圣基茨和尼维斯	28542
开始运作	28543
感到满意	28544
这部分	28545
▁现在你	28546
商品和服务	28547
所有代表团	28548
第十五条	28549
英文本	28550
凱	28551
姑	28552
然后再	28553
▁“2.	28554
怨	28555
技术支持	28556
的物品	28557
石头	28558
▁2011)	28559
天然	28560
布朗	28561
affaires	28562
了不起	28563
哈马舍尔德图书馆	28564
太大	28565
甜心	28566
行政协调会	28567
bert	28568
▁observing	28569
▁rockets	28570
兑换	28571
变得更	28572
喝一杯	28573
我们支持	28574
提供免费	28575
罢	28576
▁Type	28577
▁reconcile	28578
中期战略计划	28579
友谊	28580
并加以	28581
智力	28582
有一名	28583
赶快	28584
輸	28585
́	28586
▁dressed	28587
▁laying	28588
▁sensitize	28589
3.5	28590
dar	28591
▁Enter	28592
▁Kind	28593
▁deserved	28594
▁第五十八届会议	28595
上网	28596
仙	28597
找个	28598
详细地	28599
gin	28600
▁aerial	28601
这项决议草案	28602
递送	28603
.6)	28604
指挥和控制	28605
路易	28606
高兴地注意到	28607
▁hurts	28608
爱我	28609
hen	28610
wer	28611
▁Valley	28612
分析报告	28613
专家工作组	28614
怎麼了	28615
艾滋病毒感染	28616
其工作方法	28617
可预见的	28618
多于	28619
模板	28620
泉	28621
南部地区	28622
的文件分发为荷	28623
美国和英国	28624
2010/11	28625
支持发展中国家	28626
机构间常设委员会	28627
這邊	28628
-1,	28629
gro	28630
▁Roll	28631
▁patent	28632
▁perceptions	28633
▁flash	28634
雷区	28635
/63/6	28636
不在乎	28637
天地	28638
审查结果	28639
审查进程	28640
7),	28641
sea	28642
▁我不知道你	28643
发展部	28644
ogen	28645
▁你以为	28646
▁commemoration	28647
▁ratione	28648
垫	28649
开辟	28650
早先	28651
的财务报表	28652
警员	28653
2006/07	28654
uc	28655
▁clubs	28656
▁ratios	28657
借贷	28658
▁Azerbaijani	28659
多少钱	28660
特别活动	28661
▁2008-2009.	28662
▁这里是	28663
所具有的	28664
说得对	28665
负责监督	28666
▁2009)	28667
不怕	28668
的做法是	28669
相对优势	28670
空气污染	28671
逾	28672
Algeria	28673
▁compounded	28674
最近几年	28675
溶	28676
健康和环境	28677
国际移徙组织	28678
接种	28679
架次	28680
▁conducts	28681
▁prosperous	28682
使馆	28683
兼容	28684
和全面的	28685
提请委员会注意	28686
▁chamber	28687
主要机构	28688
公务员制度	28689
敏感性	28690
较多	28691
/57/6	28692
▁132	28693
方案概算	28694
▁ibid	28695
受冲突影响	28696
对本	28697
崔	28698
禁止酷刑	28699
萝	28700
蒙特塞拉特	28701
费尔	28702
重重	28703
World	28704
▁modes	28705
变性	28706
年工作方案	28707
是不够的	28708
有组织的	28709
没事了	28710
让它	28711
请秘书长向	28712
)*	28713
人类安全	28714
信息和通讯技术	28715
吉米	28716
大事	28717
对自己	28718
查找	28719
老公	28720
议会联盟	28721
電話	28722
▁Handbook	28723
侵权	28724
方案编制	28725
记入	28726
fra	28727
▁pr	28728
工作重点	28729
无条件地	28730
贷	28731
▁Mai	28732
▁他也	28733
妇女参加	28734
所需经费减少	28735
连任	28736
position	28737
▁1).	28738
在做什么	28739
孩子們	28740
▁unlike	28741
▁接着	28742
▁overtime	28743
和其他利益攸关方	28744
▁Reproducti	28745
▁petitioner	28746
尤其是对	28747
特别方案	28748
禁产条约	28749
GU	28750
ø	28751
▁discriminated	28752
▁quo	28753
▁resignation	28754
为准	28755
有争议的	28756
▁$17	28757
▁liquidity	28758
权利方面	28759
▁pure	28760
▁variations	28761
产品和服务	28762
人权保护	28763
政府专家组	28764
骂	28765
▁ODS	28766
为推动	28767
好笑	28768
震惊	28769
▁AS	28770
把枪	28771
是重要的	28772
罗伯特	28773
这项决定	28774
▁Fall	28775
▁freak	28776
那位	28777
零售	28778
▁psychiatric	28779
▁specifications	28780
整个社会	28781
过渡期	28782
lib	28783
▁Goodbye	28784
▁Montserrat	28785
后勤和	28786
▁Collective	28787
各种努力	28788
损害了	28789
政府还	28790
粮食署	28791
这个世界	28792
连贯一致	28793
预报	28794
▁Fo	28795
▁albeit	28796
Human	28797
▁checking	28798
▁counts	28799
政治解决	28800
项目管理	28801
厨房	28802
叫他	28803
开庭	28804
▁nowhere	28805
得太	28806
杀手	28807
▁football	28808
数据和资料	28809
车上	28810
▁Mont	28811
▁每个人都	28812
的拨款	28813
黑色	28814
▁FBI	28815
▁―	28816
一同	28817
有关信息	28818
跟上	28819
Ms	28820
UD	28821
改善其	28822
\1	28823
nez	28824
人权署	28825
抛	28826
的各项决定	28827
▁checklist	28828
▁dioxide	28829
商业性	28830
大会通过的	28831
应予以	28832
建立有效的	28833
日止	28834
第四十二届会议	28835
篮	28836
▁DE	28837
▁couples	28838
国内流离失所	28839
很抱歉	28840
25)	28841
disaggregated	28842
▁159	28843
▁Disappearance	28844
▁hill	28845
▁strip	28846
以便就	28847
刚果民主共和国境内	28848
发展局	28849
武器和弹药	28850
.5/58/	28851
Š	28852
▁occupations	28853
▁还注意到	28854
奋	28855
执行支助股	28856
极少	28857
架飞机	28858
瘋	28859
communic	28860
▁precautionary	28861
你爸	28862
加利	28863
坚持认为	28864
存货	28865
Pa	28866
ì	28867
▁alleges	28868
▁definitive	28869
以便加强	28870
务必	28871
呼吁所有国家	28872
声明中	28873
房地产	28874
rain	28875
大气层	28876
11)	28877
list	28878
▁compelled	28879
▁1949,	28880
▁Sex	28881
▁honoured	28882
提供咨询服务	28883
适当考虑到	28884
▁flowers	28885
使团	28886
共同立场	28887
特派团支助	28888
若要	28889
调查工作	28890
▁seal	28891
▁societal	28892
次会议临时议程	28893
蒸	28894
▁acclamation	28895
和其他人	28896
提出的决议草案	28897
编拟	28898
陆军	28899
thirds	28900
谨向	28901
预防和打击	28902
▁Abdul	28903
▁knock	28904
▁presiding	28905
▁versus	28906
侦	28907
惠及	28908
碞琌	28909
▁flu	28910
▁salt	28911
会儿	28912
关于议程项目	28913
就這樣	28914
履行了	28915
tribu	28916
年轻的	28917
拟议方案预算	28918
玩笑	28919
▁articulated	28920
全会	28921
结案	28922
老年妇女	28923
通过谈判	28924
▁Insert	28925
▁Learning	28926
▁∮	28927
代表团成员一人	28928
战争罪行	28929
▁happiness	28930
寸	28931
涵盖了	28932
进一步改进	28933
通报情况	28934
2013/14	28935
▁colonialism	28936
▁Kyrgyz	28937
▁slight	28938
▁我自己	28939
相互关联	28940
紧缩	28941
26)	28942
号决议决定	28943
▁alliance	28944
▁exempt	28945
目标和宗旨	28946
积极影响	28947
▁Ituri	28948
腔	28949
要比	28950
一般性评论	28951
在当前	28952
戴维	28953
提供实质性	28954
▁Interpol	28955
▁Looking	28956
▁varies	28957
大会通过了	28958
廉	28959
波利	28960
lon	28961
▁人权与	28962
受影响国家	28963
部际	28964
▁Need	28965
▁diplomats	28966
伊斯	28967
▁photographs	28968
▁conscientious	28969
▁destiny	28970
▁enjoys	28971
现正	28972
漫	28973
▁ITU	28974
▁scare	28975
跟我们	28976
轴	28977
▁insane	28978
似的	28979
会议室文件	28980
受雇	28981
仍然没有	28982
公约缔约国	28983
基础设施项目	28984
总体目标	28985
▁electric	28986
▁homeland	28987
三国	28988
在有些情况下	28989
灾害风险	28990
牵	28991
▁Plans	28992
▁coal	28993
▁comp	28994
▁本报告是	28995
过你	28996
EST	28997
▁Burundian	28998
▁Thai	28999
孕产妇死亡率	29000
新闻媒体	29001
硕士	29002
那家伙	29003
▁comfort	29004
一艘	29005
Eastern	29006
▁avoidance	29007
▁birds	29008
均等	29009
的法律制度	29010
...............	29011
▁machines	29012
▁uncertain	29013
一千	29014
政策指导	29015
经济和社会事务	29016
对发展中国家的	29017
读者	29018
65/	29019
DH	29020
▁asserts	29021
▁hanging	29022
不良影响	29023
this	29024
年满	29025
▁contends	29026
▁tended	29027
▁ter	29028
▁对吗	29029
总会	29030
最终用户	29031
杀了你	29032
特等	29033
经典	29034
而造成的	29035
moon	29036
▁Entity	29037
为什么不	29038
和其他形式的	29039
毫克	29040
第二天	29041
苏格兰	29042
nh	29043
▁arisen	29044
-22	29045
所开展的	29046
犯了	29047
▁67/2	29048
▁juveniles	29049
▁要我	29050
欧洲国家	29051
纪念活动	29052
15)	29053
卑	29054
滋	29055
的理想	29056
▁doubled	29057
▁1,0	29058
可能被	29059
域外	29060
根据本	29061
級	29062
评价工作	29063
在这些领域	29064
所面临的挑战	29065
炮弹	29066
(2013)	29067
27)	29068
▁Bobby	29069
▁下列国家	29070
可以获得	29071
各位成员	29072
对现有	29073
政治和社会	29074
▁Older	29075
▁caring	29076
▁因为他	29077
制定关于	29078
弗拉	29079
更加重视	29080
dra	29081
▁Attendance	29082
值得注意的是	29083
出卖	29084
.7)	29085
▁capitals	29086
▁garden	29087
剛剛	29088
框架中	29089
肖	29090
▁Nationality	29091
女王	29092
綴	29093
虑	29094
除其他	29095
具有经济及社会理事会咨商地位的	29096
酚	29097
▁holy	29098
▁shock	29099
扶养	29100
预防犯罪大会	29101
的理解是	29102
主持会议	29103
▁Sounds	29104
起草委员会	29105
▁Moon	29106
▁dismantling	29107
▁facilitator	29108
▁revert	29109
容易受到	29110
应计	29111
本应	29112
▁2006-2007.	29113
▁Sh	29114
和睦	29115
真是个	29116
▁Contract	29117
我们看到	29118
艾米	29119
.1/61/	29120
▁Methods	29121
研究工作	29122
采取具体措施	29123
▁kit	29124
对这个问题	29125
就这一问题	29126
我说的	29127
Italy	29128
▁Nine	29129
▁我们正在	29130
可行性	29131
确定其	29132
▁Approximately	29133
▁simultaneous	29134
户主	29135
明确表示	29136
穿上	29137
偏远地区	29138
削弱了	29139
受权	29140
同时铭记	29141
美元用于	29142
hir	29143
代表出席	29144
许多其他	29145
丧	29146
放到	29147
而开展的	29148
联合国打击跨国有组织犯罪公约关于	29149
▁检查专员	29150
主权和领土完整	29151
少量	29152
分手	29153
需要作出	29154
Third	29155
不管是	29156
固体	29157
所指	29158
▁clarifications	29159
▁政府还	29160
冷靜	29161
有关建议	29162
汽	29163
direct	29164
▁Tôi	29165
▁silly	29166
七年	29167
其领土	29168
取得的经验	29169
扣留	29170
▁horrible	29171
上周	29172
仲裁裁决	29173
政治犯	29174
没办法	29175
肠	29176
自决权利	29177
▁Eighth	29178
受害国	29179
MU	29180
▁sat	29181
世界贸易	29182
平方米	29183
提供资源	29184
▁arriving	29185
▁有些人	29186
却是	29187
有时候	29188
该款	29189
▁replenishment	29190
1701(2006)	29191
85%	29192
Ti	29193
▁2008-2009,	29194
▁ratifications	29195
塑	29196
界线	29197
的发展情况	29198
肯定会	29199
避免重复	29200
引爆	29201
真是太	29202
20)	29203
▁Discussions	29204
▁Guess	29205
极度	29206
.50	29207
▁MINURCAT	29208
▁你有没有	29209
个人特使	29210
名学生	29211
由于没有	29212
采取哪些	29213
lement	29214
▁privilege	29215
信誉	29216
各民族	29217
展开了	29218
▁Photo	29219
▁morbidity	29220
旨在确保	29221
联合国国际药物管制规划署	29222
联合国项目事务厅	29223
itt	29224
▁有人指出	29225
厨	29226
太平洋岛屿论坛	29227
禁止歧视	29228
iri	29229
▁Amendments	29230
▁Papa	29231
▁diagnosis	29232
則	29233
均有	29234
始于	29235
提出异议	29236
显得	29237
Vienna	29238
emi	29239
▁culturally	29240
▁servant	29241
▁subordinate	29242
▁大赦国际	29243
关于设立	29244
LL	29245
混合物	29246
罕	29247
▁37,	29248
▁raped	29249
提高透明度	29250
疯子	29251
蓬	29252
采取进一步措施	29253
▁na	29254
军火禁运	29255
参谋	29256
”、“	29257
▁Bel	29258
▁请秘书长在	29259
所载的建议	29260
来讲	29261
沮丧	29262
▁LORD	29263
你呢	29264
咱们	29265
日举行了	29266
晚些时候	29267
▁outlining	29268
其中大会	29269
无论其	29270
ọ	29271
▁defendants	29272
哈拉	29273
氧	29274
nder	29275
价值链	29276
实际上是	29277
▁164	29278
也會	29279
chair	29280
▁POPs	29281
▁我需要你	29282
加勒比区域	29283
PBC	29284
紀	29285
土著儿童	29286
安全局	29287
/61/2	29288
▁Sister	29289
已由	29290
非常任理事国	29291
份子	29292
太多了	29293
宴	29294
本国一般事务	29295
科技委	29296
陷于	29297
▁2013/14	29298
▁Mal	29299
▁pot	29300
民选	29301
的同事	29302
.2/59/	29303
▁Tim	29304
▁massacre	29305
段规定	29306
pin	29307
▁Steve	29308
▁tie	29309
内容如下	29310
忠诚	29311
遇到的困难	29312
阿卜耶伊	29313
▁daughters	29314
▁第六十届会议	29315
的作法	29316
一枚	29317
任何人都	29318
报告所述	29319
社交	29320
▁Carlos	29321
▁求求你	29322
事态	29323
吸毒者	29324
庄	29325
旨在提高	29326
非营利	29327
▁colleague	29328
国内补救办法	29329
增添	29330
弃权	29331
承担起	29332
拉特	29333
空前	29334
military	29335
心中	29336
▁acid	29337
▁avert	29338
国家统计局	29339
该行动	29340
194	29341
矿产	29342
▁Technologies	29343
▁elementary	29344
有效管理	29345
自豪	29346
进行管理	29347
采取必要步骤	29348
隐私权	29349
▁anh	29350
▁消除种族歧视委员会	29351
一些问题	29352
世上	29353
以鼓励	29354
核心资源	29355
▁170.	29356
▁deceased	29357
不是真的	29358
被占领的叙利亚戈兰	29359
财政状况	29360
重新设计	29361
同时确保	29362
在哪兒	29363
規	29364
▁161	29365
▁compelling	29366
活产	29367
的权威	29368
非员额资源	29369
▁知道了	29370
有关的其他	29371
活动方案	29372
▁Signature	29373
驱回	29374
ao	29375
▁Sheikh	29376
▁sinks	29377
▁我就知道	29378
吁请各国	29379
技术支助	29380
的形象	29381
SBST	29382
tim	29383
▁Nazi	29384
二十一世纪两性平等	29385
基督	29386
既然	29387
不信任	29388
号案件	29389
费用增加	29390
▁有人认为	29391
完成工作战略	29392
技术合作项目	29393
▁believers	29394
▁他是个	29395
个案研究	29396
去过	29397
為你	29398
表现形式	29399
▁click	29400
▁impair	29401
▁的项目列入	29402
履行任务	29403
年度报告中	29404
▁我正在	29405
该制度	29406
遵行	29407
紫	29408
线路	29409
迟交	29410
▁artistic	29411
整个区域	29412
过我	29413
认识你	29414
▁Frente	29415
挝	29416
称作	29417
▁psychotropic	29418
可预测性	29419
的实质	29420
资本流动	29421
offs	29422
trafficking	29423
▁Johnny	29424
▁Obama	29425
▁Waste	29426
搞什么	29427
法律中	29428
溜	29429
皮肤	29430
voking	29431
▁162	29432
園	29433
未曾	29434
桌子	29435
▁freshwater	29436
▁passenger	29437
单证	29438
▁Clean	29439
ㄠ	29440
全面和平协定	29441
提供必要	29442
旺	29443
▁Caicos	29444
▁sh	29445
▁你是个	29446
请执行主任	29447
.4%。	29448
▁本说明	29449
人数增加	29450
可预测	29451
工作领域	29452
提供安全	29453
這件事	29454
CRIC	29455
会出现	29456
打我	29457
▁Muhammad	29458
宣读了	29459
这些罪行	29460
▁expecting	29461
下跌	29462
仪器	29463
可以根据	29464
岁以下的	29465
这一决定	29466
▁bite	29467
▁假如	29468
周转基金	29469
外联活动	29470
家庭和社区	29471
特别报告	29472
空中交通	29473
▁echo	29474
▁factory	29475
▁pit	29476
处理这些问题	29477
最好是	29478
欧空局	29479
每一个人	29480
没用	29481
gon	29482
members	29483
▁AL	29484
▁amnesty	29485
荣幸	29486
详细资料	29487
调度	29488
▁inflows	29489
也同样	29490
▁Wal	29491
▁yearly	29492
但未	29493
履行其职责	29494
这一专题	29495
▁特别报告员在	29496
但要	29497
提高公众对	29498
二十四	29499
览	29500
ODA	29501
▁Later	29502
▁fragmentation	29503
伸张正义	29504
公安	29505
參	29506
教育活动	29507
豖	29508
阿塞拜疆共和国	29509
▁Col	29510
▁Shanghai	29511
▁Mis	29512
▁maximiz	29513
增强了	29514
归因于	29515
烷	29516
采集	29517
鎮	29518
#^	29519
.1/62/	29520
▁prayer	29521
事务委员会	29522
安全理事会关于反恐怖主义的	29523
▁sentencing	29524
变成了	29525
没想到	29526
WFP	29527
page	29528
▁Nature	29529
▁adapting	29530
以及相关	29531
分部	29532
拷	29533
沉重	29534
甩	29535
4.5	29536
PL	29537
▁keen	29538
主持了	29539
儿童死亡率	29540
实时	29541
采取了一些	29542
▁奉我国政府指示	29543
Spain	29544
ille	29545
▁Sergeant	29546
▁approaching	29547
刑事事项	29548
以及非政府组织	29549
年以来前南斯拉夫境内所犯严重违反	29550
没问题	29551
ear	29552
▁Shelf	29553
向人权理事会	29554
的信誉	29555
联东综合团	29556
▁NC	29557
何塞	29558
1000	29559
▁Cool	29560
举办一次	29561
关于非洲	29562
神秘	29563
自由贸易	29564
▁Cambodian	29565
▁Sta	29566
印发的记录上	29567
希望看到	29568
本国国民	29569
标明	29570
绘制	29571
rus	29572
uds	29573
▁generators	29574
▁委员会还建议	29575
并改善	29576
行政领导和管理	29577
OEWG	29578
▁$	29579
个人或实体	29580
持续不断	29581
办公室主任	29582
提供充分	29583
票数	29584
美好	29585
▁confirming	29586
杀了我	29587
▁pig	29588
不受任何	29589
无辜的	29590
的进度报告	29591
第三十八届会议	29592
▁restricting	29593
▁wash	29594
安全理事会的文件分发为荷	29595
迹象表明	29596
▁Managing	29597
▁hectares	29598
▁是他	29599
不予受理	29600
重新部署	29601
▁(2002),	29602
得到满足	29603
我妈妈	29604
▁lesser	29605
▁pivotal	29606
享有的权利	29607
及其家庭	29608
已确定	29609
文件清单	29610
165	29611
38/	29612
▁2011/12	29613
广播电台	29614
愧	29615
检查专员	29616
激发	29617
▁defences	29618
▁đi	29619
取得重大进展	29620
委员会建议缔约国	29621
观点纳入	29622
mod	29623
ste	29624
▁funeral	29625
一个例子	29626
他还	29627
几周	29628
增强其	29629
RU	29630
▁Los	29631
▁commendable	29632
▁exporters	29633
俊	29634
冲突局势	29635
干掉	29636
技术咨询	29637
上车	29638
只限于	29639
头上	29640
是不可能的	29641
汁	29642
/62/2	29643
你得	29644
▁heightened	29645
▁我以前	29646
正当理由	29647
靜	29648
▁1958	29649
.40	29650
▁grades	29651
▁worrying	29652
到目前为止	29653
安全状况	29654
以增强	29655
想你	29656
是否能够	29657
裁军事务厅	29658
BA	29659
ature	29660
▁Read	29661
制定了一项	29662
▁Palais	29663
▁preceded	29664
分割	29665
才能够	29666
来确保	29667
贩卖妇女	29668
Go	29669
国际刑警组织	29670
妊娠	29671
富裕	29672
并最终	29673
DNA	29674
▁Same	29675
完美的	29676
总值	29677
时间限制	29678
偏远	29679
的尸体	29680
这些资金	29681
▁marginal	29682
回來了	29683
所有人权和基本自由	29684
▁outsourcing	29685
方面的挑战	29686
的主要责任	29687
BDE	29688
▁cares	29689
▁investor	29690
票据	29691
附件所载	29692
▁fraudulent	29693
▁现在是	29694
总体而言	29695
tant	29696
▁ballistic	29697
▁什么是	29698
一项决定	29699
中期战略	29700
另一位	29701
并同意	29702
持续性	29703
预付款	29704
中东地区	29705
关于预防	29706
外长	29707
▁Return	29708
这将有助于	29709
鹿	29710
▁129	29711
▁revising	29712
Syrian	29713
▁175	29714
▁mg	29715
▁undermines	29716
所有区域	29717
托马斯	29718
▁Recently	29719
▁工作组还	29720
全体磋商	29721
可持续管理	29722
救护车	29723
腰	29724
▁confession	29725
收支	29726
歧视问题	29727
bank	29728
▁凱	29729
也沒	29730
lio	29731
▁Concern	29732
▁convince	29733
切实有效的	29734
创意	29735
和民间社会组织	29736
撕	29737
瞒	29738
研究员	29739
▁Eradicate	29740
▁jury	29741
应当考虑	29742
金枪鱼	29743
nalienable	29744
▁App	29745
▁Delegation	29746
专业化	29747
被绑架	29748
▁32,	29749
▁obey	29750
叙述了	29751
旅行证件	29752
的苦难	29753
进行任何	29754
staff	29755
▁Ibrahim	29756
▁assignee	29757
在我国	29758
已婚	29759
个国家中	29760
中东问题	29761
巴勒斯坦人民行使不可剥夺权利	29762
▁ears	29763
▁presumed	29764
悉	29765
施加压力	29766
▁fabric	29767
由秘书处	29768
装运	29769
▁deletion	29770
▁warfare	29771
▁原来	29772
欧盟委员会	29773
目的而	29774
说吧	29775
走出	29776
转发	29777
▁unwilling	29778
呃	29779
拜托	29780
民主国家	29781
▁Living	29782
▁Prisoners	29783
▁affiliation	29784
▁agreeing	29785
▁forcibly	29786
好极了	29787
狦	29788
▁layer	29789
知识产权组织	29790
评级	29791
▁collaborated	29792
▁everyday	29793
▁withdrew	29794
大会第六十五届会议	29795
应被视为	29796
该岛	29797
gun	29798
▁Record	29799
以改进	29800
铃	29801
.261/	29802
有无	29803
细目	29804
以防	29805
发表的意见	29806
喉	29807
塞尔维亚共和国	29808
bel	29809
▁1.4	29810
▁Investments	29811
▁proximity	29812
▁undergoing	29813
前来	29814
▁optimize	29815
很不错	29816
識	29817
英镑	29818
就业率	29819
制止恐怖主义	29820
所报告的	29821
棘手	29822
段所指	29823
罚	29824
saving	29825
ề	29826
▁frames	29827
▁又欢迎	29828
付诸实施	29829
保健中心	29830
巡逻队	29831
数据处理	29832
方面发挥重要作用	29833
过失	29834
陶	29835
28)	29836
ocal	29837
▁(18	29838
▁transported	29839
▁或許	29840
不打算	29841
密度	29842
腐败行为	29843
employed	29844
感到关注	29845
至多	29846
13)	29847
▁Said	29848
属性	29849
和技术转让	29850
19)	29851
▁Ger	29852
充实	29853
总裁	29854
扇	29855
▁對吧	29856
儿童的权利	29857
有所下降	29858
▁Accountability	29859
国务院	29860
為了	29861
不可剥夺的权利	29862
受到歧视	29863
死人	29864
项目的审议	29865
▁1968	29866
体检	29867
穿过	29868
▁academics	29869
当我	29870
▁ERP	29871
▁多谢	29872
早在	29873
那次	29874
.5/59/	29875
可望	29876
生产国	29877
第二份	29878
都应当	29879
10,000	29880
link	29881
▁Rest	29882
司法当局	29883
慕	29884
煙	29885
美丽的	29886
都可	29887
self	29888
▁到目前为止	29889
指引	29890
社会事务部	29891
该怎么办	29892
驻扎	29893
▁enforceable	29894
人居	29895
兄	29896
eep	29897
eteorological	29898
发言权	29899
本说明	29900
核技术	29901
母親	29902
▁ICAO	29903
没法	29904
第三届	29905
................	29906
全体会员国	29907
▁constrained	29908
▁po	29909
中欧和东欧	29910
住区	29911
immunodeficiency	29912
危急	29913
族裔群体	29914
禽	29915
管理计划	29916
));	29917
ISBA	29918
read	29919
▁Database	29920
▁null	29921
排除在	29922
脑袋	29923
這麼做	29924
what	29925
促请各国	29926
行政程序	29927
Che	29928
▁Insolvency	29929
▁finances	29930
▁shorter	29931
▁它也	29932
办法来	29933
▁fires	29934
▁prioritized	29935
查尔斯	29936
社会事务	29937
经济转型国家	29938
▁excited	29939
▁diffusion	29940
如何能够	29941
范围之内	29942
这正是	29943
逗留	29944
▁Juba	29945
审计工作	29946
行動	29947
讨论的问题	29948
▁Jacob	29949
▁Less	29950
世界土著人民国际十年	29951
叫什么名字	29952
国际刑事法庭	29953
版权	29954
知名	29955
个月期间	29956
在亚洲	29957
拍卖	29958
的意见和建议	29959
西欧和其他国家	29960
SL	29961
格局	29962
formal	29963
偷运	29964
后备	29965
国际人口与发展会议	29966
实地访问	29967
无形	29968
能看到	29969
调到	29970
aj	29971
bling	29972
▁($6	29973
以查明	29974
分布情况	29975
受惠	29976
报名	29977
▁backgrounds	29978
因为该	29979
妇女团体	29980
Chairmen	29981
▁UP	29982
▁warranted	29983
第二十三届会议	29984
▁sweetheart	29985
年世界首脑会议成果	29986
方面的进展情况	29987
水文	29988
▁Low	29989
▁controversial	29990
▁producer	29991
▁為了	29992
本国专业干事	29993
联合国维也纳办事处	29994
仰	29995
原来的	29996
及其它	29997
重量	29998
▁aquifers	29999
▁incorporates	30000
▁painting	30001
救我	30002
给秘书长和安全理事会主席的同文信	30003
▁fu	30004
▁prevents	30005
会计师	30006
在干什么	30007
WC	30008
▁2004-2005,	30009
▁MYFF	30010
各位代表	30011
特别是有关	30012
盗窃	30013
161	30014
iah	30015
▁Acknowledges	30016
▁outta	30017
爱上	30018
的国家之一	30019
研究金方案	30020
认为有必要	30021
饱	30022
metric	30023
▁Luis	30024
▁我正	30025
公民及政治权利国际公约	30026
国际移徙与发展	30027
arch	30028
▁Rob	30029
一些地区	30030
会不会	30031
再一次	30032
呼叫	30033
可比	30034
提出了一些建议	30035
UNO	30036
▁Fu	30037
▁Shu	30038
▁importing	30039
▁prize	30040
▁prompted	30041
旱地	30042
▁Sy	30043
代表给秘书长的信	30044
利用这些	30045
印第安人	30046
第六十四届会议	30047
35/	30048
▁5:	30049
▁exchanging	30050
▁questioning	30051
尚无	30052
▁Improvement	30053
▁tripartite	30054
在全国各地	30055
坠	30056
达成的谅解	30057
▁peninsula	30058
光明	30059
加以考虑	30060
奇怪的	30061
援用	30062
开除	30063
来执行	30064
的房间	30065
缔约各国	30066
▁choosing	30067
▁somehow	30068
沾	30069
行为和纪律	30070
进行监督	30071
zy	30072
▁PFOS	30073
业务连续性	30074
最少	30075
▁disparity	30076
▁缔约国还	30077
国际准则	30078
安全饮用水	30079
tta	30080
▁railway	30081
仍然需要	30082
懂得	30083
男子和妇女	30084
马其顿共和国	30085
▁Submission	30086
▁sequence	30087
地区法院	30088
▁bloggers	30089
▁champion	30090
▁roughly	30091
一项决议草案	30092
估值	30093
有形财产	30094
焊	30095
蒙特	30096
貨	30097
消息来源	30098
须经	30099
额外资源	30100
DO	30101
两年期支助预算	30102
转让人	30103
隻	30104
LU	30105
terrorist	30106
▁Twitter	30107
▁sacrifice	30108
▁我记得	30109
不仅仅	30110
反对党	30111
只能在	30112
政治领导人	30113
综合框架	30114
But	30115
只需	30116
▁invoices	30117
▁liaise	30118
受到侵犯	30119
▁165	30120
▁typical	30121
的代表性	30122
的帮助下	30123
相关组织	30124
.3/61/	30125
人道主义工作人员	30126
弥合	30127
歧视行为	30128
爵	30129
class	30130
▁Disengagement	30131
不认识	30132
不适合	30133
决定不	30134
国际海底管理局	30135
桌面	30136
特区	30137
著名	30138
▁switch	30139
▁委员会还建议缔约国	30140
一倍	30141
切合实际	30142
在地方一级	30143
在特定	30144
或个人	30145
的那种	30146
这样说	30147
高加索	30148
▁insured	30149
▁undergo	30150
都应该	30151
领地	30152
▁paradigm	30153
任何事	30154
抹	30155
此问题	30156
的详细情况	30157
衰退	30158
也知道	30159
信息通信技术	30160
干吗	30161
的指导下	30162
进行过	30163
项规定	30164
人的生命	30165
奸	30166
▁Algerian	30167
常驻联合国观察员	30168
没有人反对	30169
社会性别	30170
/40	30171
▁tropical	30172
经济改革	30173
/45	30174
shipment	30175
之列	30176
有关条款	30177
停下来	30178
性教育	30179
消除对妇女歧视公约	30180
第一卷	30181
cl	30182
sign	30183
▁Hand	30184
▁healthcare	30185
减免债务	30186
款规定的	30187
正确地	30188
邪	30189
▁conferred	30190
▁entirety	30191
未获	30192
.6%。	30193
eastern	30194
▁Hol	30195
▁predict	30196
人权理事会第	30197
平安	30198
ically	30199
也应当	30200
	30201
NP	30202
▁dies	30203
▁foreseeable	30204
探员	30205
经济援助	30206
▁precursor	30207
▁qua	30208
▁retreat	30209
太平洋岛屿	30210
查理	30211
老龄化	30212
▁Approved	30213
旷	30214
来文方	30215
求助	30216
ifi	30217
▁actor	30218
关于如何	30219
我不会	30220
甚至是	30221
▁Facebook	30222
▁impediment	30223
第三次定期报告	30224
▁Ak	30225
▁cleansing	30226
专职	30227
行之有效	30228
▁badly	30229
▁naked	30230
及其他有关	30231
平均每	30232
移徙女工	30233
行动建议	30234
LO	30235
▁deploying	30236
债务负担	30237
参议员	30238
掌控	30239
条例和细则	30240
歧视妇女	30241
.31	30242
明确界定	30243
OD	30244
未决问题	30245
的确切	30246
真的是	30247
稀	30248
过去了	30249
飞行任务	30250
ened	30251
▁我应该	30252
▁Preliminary	30253
叫什么	30254
各国应	30255
山姆	30256
选出的	30257
▁Course	30258
下称	30259
学业	30260
▁FIR	30261
lock	30262
▁holiday	30263
服役	30264
▁expose	30265
▁holdings	30266
▁preconditions	30267
▁ranges	30268
▁worthy	30269
喜欢你	30270
要确保	30271
谨请	30272
资源有限	30273
▁6.1	30274
▁opposing	30275
▁没事的	30276
协调统一	30277
委员会审议了	30278
UP	30279
的详细资料	30280
西斯	30281
部分原因是	30282
非洲开发银行	30283
▁commemorate	30284
发生过	30285
的工作安排	30286
▁correspond	30287
海里	30288
▁sympathy	30289
明星	30290
话题	30291
魚	30292
ERS	30293
▁133	30294
▁2005).	30295
▁Remove	30296
▁duplicate	30297
▁我告诉你	30298
会让你	30299
关于这个问题的	30300
这将是	30301
不受歧视	30302
初步报告	30303
阿富汗人民	30304
spect	30305
▁Details	30306
▁prospective	30307
决议草案的提案国	30308
安全理事会改革	30309
▁Authorities	30310
▁organised	30311
anga	30312
差点	30313
文盲率	30314
2008-2011	30315
ulu	30316
▁(1973)	30317
制药	30318
羞辱	30319
辈	30320
挽救	30321
▁internet	30322
联合国预防犯罪和刑事司法大会	30323
▁126	30324
▁Cell	30325
▁Matt	30326
▁basin	30327
▁secrets	30328
定向	30329
消除核武器	30330
都市	30331
▁Limited	30332
▁ghost	30333
▁migrato	30334
▁reactions	30335
▁underground	30336
发展中心	30337
带薪	30338
讨论如何	30339
POPS	30340
伐	30341
tat	30342
第九届	30343
精彩	30344
这种方法	30345
▁(25	30346
并使之	30347
技术人员	30348
aux	30349
▁stabilize	30350
▁steel	30351
的各项原则	30352
迈克	30353
乏	30354
更重要的是	30355
burg	30356
▁36,	30357
▁identities	30358
张贴	30359
院校	30360
第一类	30361
第三委员会的报告	30362
进一步促进	30363
雕	30364
▁passports	30365
格里	30366
结盟	30367
警长	30368
减去	30369
哺乳	30370
补编	30371
非公民	30372
even	30373
▁SubCommission	30374
则可	30375
实现国际商定的发展目标	30376
累了	30377
造成的损害	30378
▁134	30379
倒是	30380
在本案中	30381
培训讲习班	30382
▁1737	30383
▁DPKO	30384
西亚经济社会委员会	30385
▁Mun	30386
▁prevalent	30387
▁stepped	30388
咒	30389
将之	30390
指出的那样	30391
棉花	30392
见图	30393
跨境	30394
▁163	30395
▁Guided	30396
▁shadow	30397
▁solved	30398
号建议	30399
的国际努力	30400
辍学率	30401
▁subregions	30402
上尉	30403
世界大会	30404
小型武器	30405
根据议事规则第	30406
管理处	30407
-2012	30408
综管系统	30409
赶紧	30410
political	30411
▁interpretations	30412
双边协定	30413
对外关系	30414
提出的请求	30415
毒品问题	30416
第二卷	30417
這事	30418
▁hunting	30419
人道主义法行为负责者的国际法庭	30420
所产生的影响	30421
珍妮	30422
▁2006-2007,	30423
▁Ivan	30424
啟	30425
成员组织	30426
独立选举委员会	30427
的安全局势	30428
观测系统	30429
/33	30430
▁Ana	30431
▁builds	30432
▁suck	30433
待在	30434
拟定了	30435
ois	30436
古巴人民	30437
战俘	30438
▁Plus	30439
回事	30440
遵	30441
▁我又	30442
与艾滋病毒	30443
实物捐助	30444
或类似	30445
PI	30446
强迫婚姻	30447
的主要目标	30448
口译服务	30449
和问责	30450
教育部门	30451
继续致力于	30452
议程中	30453
▁194	30454
▁tall	30455
北爱尔兰	30456
日以前	30457
看守	30458
能源效率	30459
fund	30460
▁委员会促请缔约国	30461
塞浦路斯共和国	30462
可以得到	30463
在此基础上	30464
竭	30465
▁counting	30466
夜间	30467
迅速地	30468
ire	30469
rid	30470
▁deadly	30471
先知	30472
可适用	30473
号编	30474
提供的支助	30475
编写关于	30476
▁neglected	30477
▁等我	30478
哲学	30479
在利比里亚	30480
美属萨摩亚	30481
还需	30482
▁hub	30483
▁reaches	30484
敦促所有国家	30485
游说	30486
心理健康	30487
我的手	30488
日星期三上午	30489
赐	30490
evi	30491
▁2.7	30492
未列入	30493
Hey	30494
▁Nation	30495
▁下表	30496
描述了	30497
透过	30498
▁Sound	30499
▁uncertainties	30500
▁upward	30501
筹资机制	30502
编制预算	30503
1962	30504
▁letting	30505
對嗎	30506
所处的	30507
毫无疑问	30508
▁Kate	30509
▁关于议程项目	30510
不佳	30511
委员会秘书处	30512
定义为	30513
提高人们对	30514
老兄	30515
国内外	30516
担	30517
棄	30518
第八次	30519
该网络	30520
ave	30521
▁Contractor	30522
▁SAR	30523
▁Societies	30524
▁treating	30525
▁第六十一届会议	30526
临时性	30527
我儿子	30528
▁AT	30529
▁Ethnic	30530
▁cooking	30531
月中旬	30532
生活津贴	30533
石油公司	30534
足够的资源	30535
18%	30536
cont	30537
▁obstruct	30538
▁seeds	30539
正处于	30540
第二类	30541
▁incoming	30542
▁委员会在其	30543
发挥的重要作用	30544
的报酬	30545
门户	30546
执政	30547
纳税	30548
▁bride	30549
不正常	30550
代码	30551
我的孩子	30552
见附件一	30553
34)	30554
NEPAD	30555
▁WIPO	30556
发挥积极作用	30557
实施计划	30558
开始工作	30559
通信和信息技术	30560
ora	30561
▁logic	30562
非洲裔	30563
▁Place	30564
▁buffer	30565
会议和首脑会议	30566
来临	30567
疏	30568
这项研究	30569
▁provisionally	30570
再見	30571
第一步	30572
ext	30573
多余	30574
急救	30575
犯罪问题	30576
June	30577
▁nationalities	30578
▁tentative	30579
偏低	30580
编制一份	30581
verse	30582
▁2005/06	30583
▁好啦	30584
各条约机构	30585
结构改革	30586
▁pushed	30587
儿童色情	30588
回避	30589
▁Faculty	30590
▁Units	30591
▁confused	30592
内陆和过境发展中国家	30593
刚果民主共和国东部	30594
傑	30595
和津巴布韦	30596
愚蠢的	30597
虚假	30598
要件	30599
还好吗	30600
vy	30601
衔	30602
视察员	30603
逗	30604
▁lectures	30605
付诸	30606
境地	30607
优先项目	30608
充分考虑	30609
各当事方	30610
耳朵	30611
音樂	30612
AG	30613
got	30614
▁Fe	30615
▁theoretical	30616
号条例	30617
猶	30618
▁impeded	30619
基本自由切实享受的各种途径	30620
森先生	30621
的军事行动	30622
联合国森林论坛	30623
镑	30624
▁Ay	30625
与开发计划署	30626
哀悼	30627
日益增多	30628
ATE	30629
▁clinic	30630
战略伙伴关系	30631
这种事	30632
▁diagnostic	30633
▁factions	30634
▁occupy	30635
不带	30636
应能	30637
调查问卷	30638
▁Victor	30639
在伦敦	30640
晚了	30641
毙	30642
▁Present	30643
穿越	30644
▁Census	30645
▁Hassan	30646
▁assassination	30647
国民总收入	30648
波利萨里奥阵线	30649
的经历	30650
6),	30651
▁ODP	30652
一颗	30653
失踪者	30654
杀虫剂	30655
31)	30656
▁Lou	30657
▁delicate	30658
▁exacerbate	30659
▁naturally	30660
▁rooted	30661
和也门	30662
寺	30663
联合委员会	30664
45%	30665
▁dominated	30666
▁preferable	30667
▁我们认识到	30668
向缔约方会议	30669
電影	30670
▁Effectiveness	30671
▁condemning	30672
▁pounds	30673
▁warplanes	30674
带上	30675
来自于	30676
解放军	30677
▁OR	30678
▁francs	30679
因为这种	30680
应遵守	30681
我的上帝	30682
nce	30683
▁obsolete	30684
并认识到	30685
殿	30686
运费	30687
▁titles	30688
哈尔	30689
渗透	30690
国营	30691
戒指	30692
recurrent	30693
▁effected	30694
加勒比海	30695
嘘	30696
▁asks	30697
▁shed	30698
咱們	30699
秘书长的说明	30700
筒	30701
解决的问题	30702
size	30703
做事	30704
补给	30705
HABITAT	30706
ờ	30707
▁destabilizing	30708
商品价格	30709
开始生效	30710
率领	30711
▁advising	30712
▁mu	30713
▁naval	30714
▁withdrawing	30715
健康保险	30716
劣	30717
损失索赔	30718
练习	30719
▁bread	30720
开始进行	30721
所有地区	30722
营销	30723
▁arbitrarily	30724
昏	30725
人权义务	30726
拒绝了	30727
结算	30728
poli	30729
▁directive	30730
▁escaped	30731
▁rationalization	30732
▁repression	30733
令人震惊	30734
恐怖主义问题	30735
房間	30736
普里什蒂纳	30737
激动	30738
黨	30739
▁(1967)	30740
外侨	30741
工作组成员	30742
打交道	30743
終	30744
这些协定	30745
sect	30746
母语	30747
那一	30748
rim	30749
各国际组织	30750
广义	30751
总统令	30752
早晨	30753
相关国家	30754
经济和环境	30755
联合国各实体	30756
赏	30757
进一步推动	30758
▁relying	30759
▁又回顾其	30760
仍然是一个	30761
决不能	30762
筹集资金	30763
被关押	30764
▁Subparagraph	30765
▁我希望你	30766
更多地参与	30767
欧洲联盟成员国	30768
儿童和妇女	30769
好吃	30770
强加	30771
▁height	30772
▁我以為	30773
▁本报告所述期间	30774
搁置	30775
▁incredible	30776
▁principally	30777
唱歌	30778
新闻自由	30779
保险费	30780
另一名	30781
这一期间	30782
▁displayed	30783
名巴勒斯坦人	30784
小时内	30785
旅客	30786
▁centers	30787
这项法律	30788
国际贸易法	30789
渐	30790
650	30791
rou	30792
上级	30793
与会者指出	30794
利马	30795
怎么知道	30796
的国际义务	30797
stra	30798
▁artificial	30799
各项承诺	30800
商业活动	30801
巧克力	30802
幽	30803
通盘	30804
▁可我	30805
不舒服	30806
人类健康	30807
库克群岛	30808
的统计数字	30809
▁Ly	30810
▁Title	30811
▁junior	30812
白俄罗斯共和国	30813
盯	30814
BO	30815
▁189	30816
▁WMO	30817
世界上最	30818
▁MA	30819
▁SE	30820
▁我还是	30821
号法案	30822
已达到	30823
视作	30824
▁Cur	30825
▁forge	30826
▁opt	30827
▁vaccination	30828
倦	30829
新生	30830
▁mindful	30831
市民	30832
订正概算	30833
主要装备	30834
敦促缔约国	30835
罗马教廷	30836
鼻子	30837
Office	30838
▁contradict	30839
委员会同意	30840
教派	30841
领导能力	30842
普遍管辖权	30843
▁communal	30844
▁impasse	30845
特定常规武器公约	30846
发展中世界	30847
联合国共同制度	30848
gna	30849
▁ISAF	30850
▁magistrates	30851
次序	30852
畏	30853
硂妓	30854
这一领域	30855
▁contacted	30856
▁pipeline	30857
双方都	30858
进行比较	30859
充作	30860
公益	30861
戈兰	30862
支出用途	30863
▁awake	30864
▁bureaux	30865
十个	30866
单边	30867
核爆炸装置	30868
被发现	30869
遗憾地	30870
金融体系	30871
33/	30872
▁Amy	30873
▁Howard	30874
▁Pu	30875
▁extract	30876
▁有鉴于此	30877
傷害	30878
该法庭	30879
1.6	30880
▁(7)	30881
▁Mak	30882
▁委员会赞赏地注意到	30883
收集数据	30884
武装冲突期间	30885
艾滋病患者	30886
▁我保证	30887
争端解决	30888
根本性	30889
绿色经济	30890
讓她	30891
魔鬼	30892
▁moderate	30893
民族或族裔	30894
这些规则	30895
universalization	30896
▁Improve	30897
▁contemplated	30898
伽	30899
分支机构	30900
宪	30901
citizens	30902
▁dancing	30903
影响的国家	30904
我们能够	30905
(2012)	30906
▁Average	30907
性别均衡	30908
▁IPU	30909
▁mistakes	30910
▁這不是	30911
在此之前	30912
2005/06	30913
och	30914
▁Aliens	30915
▁carriers	30916
冲突后建设和平	30917
这些条约	30918
▁precondition	30919
他希望	30920
合办	30921
告知委员会	30922
预防艾滋病毒	30923
▁NA	30924
专家咨询小组	30925
奉献	30926
.2/61/	30927
主要会议和首脑会议	30928
全球论坛	30929
公约任择议定书	30930
农村人口	30931
大马士革	30932
进行非正式协商	30933
Mil	30934
Ser	30935
▁ALL	30936
▁simplification	30937
rib	30938
以便向	30939
在这一方面	30940
defined	30941
▁Secondary	30942
▁score	30943
体内	30944
性犯罪	30945
投资促进	30946
監	30947
ESS	30948
▁(24	30949
▁Eric	30950
旱灾	30951
杂项收入	30952
▁Belgian	30953
▁如上所述	30954
主要问题	30955
通过秘书长	30956
miss	30957
rights	30958
▁REPORT	30959
一份文件	30960
参加会议的	30961
发挥其	30962
蔽	30963
请求国	30964
这份文件	30965
▁Literacy	30966
▁enquire	30967
主席的身份	30968
协调行动	30969
照顧	30970
	30971
take	30972
▁$50	30973
▁Forestry	30974
▁dump	30975
▁minimizing	30976
砍伐	30977
/2004	30978
▁Res	30979
▁consequent	30980
大规模杀伤性武器	30981
获得信息	30982
财务条例和细则	30983
这一部分	30984
11%	30985
Austria	30986
UT	30987
▁Publications	30988
▁大会还	30989
及其运载工具	30990
已加入	30991
担保资产	30992
▁clandestine	30993
以便于	30994
另行	30995
最具	30996
积极主动	30997
金融资产	30998
阴谋	30999
¶	31000
已批准	31001
德里	31002
的益处	31003
直接参与	31004
.6/	31005
▁pocket	31006
▁utilities	31007
不会有	31008
列名	31009
萨米	31010
▁Underlines	31011
臭氧层	31012
.8%。	31013
”),	31014
▁ICPD	31015
▁declaring	31016
所讨论的	31017
汉堡	31018
▁opens	31019
主要目标	31020
团结一致	31021
安全保证	31022
薪水	31023
路径	31024
▁Image	31025
▁accusations	31026
协商委员会	31027
受不了	31028
▁cab	31029
▁mini	31030
倒退	31031
得到承认	31032
没有提到	31033
♫	31034
加强法治	31035
国际公认的	31036
对发展的影响	31037
强调的是	31038
托尼	31039
.2/63/	31040
32)	31041
tive	31042
án	31043
▁professionalism	31044
▁purview	31045
塞族	31046
所发挥的作用	31047
核心问题	31048
起码	31049
On	31050
▁diminish	31051
▁eggs	31052
加强联合国系统	31053
双重标准	31054
喘	31055
学费	31056
快走	31057
解决方法	31058
185	31059
▁ESA	31060
▁regionally	31061
但尚未	31062
没有能力	31063
讽	31064
公正审判	31065
攸	31066
聊天	31067
▁Pretty	31068
▁inevitably	31069
▁practicable	31070
哇	31071
uth	31072
▁doin	31073
两大	31074
审批	31075
必要性	31076
清偿	31077
目前已	31078
簡單	31079
ule	31080
▁Brad	31081
体制建设	31082
挤	31083
政治家	31084
科菲	31085
uan	31086
▁20,000	31087
▁Harmonize	31088
为应对	31089
经济复苏	31090
要走了	31091
▁此外还	31092
提供全面	31093
楷体	31094
贱	31095
17%	31096
▁UNIDIR	31097
▁belt	31098
一番	31099
怎么样了	31100
甲基	31101
phe	31102
▁135	31103
▁explosions	31104
定价	31105
自由选择	31106
也不知道	31107
廉价	31108
lav	31109
▁discrepancies	31110
▁tail	31111
为了确保	31112
部署了	31113
并扩大	31114
起诉应对	31115
主义者	31116
制剂	31117
膜	31118
▁RO	31119
▁ideals	31120
在一定程度上	31121
型飞机	31122
非正规部门	31123
▁UNMISS	31124
▁cure	31125
工作组的工作	31126
条规则	31127
其他区域	31128
维持和平行动支助账户	31129
领域的工作	31130
▁reopen	31131
▁striving	31132
▁vicinity	31133
仇外心理和有关不容忍行为	31134
委员会收到	31135
lt	31136
▁cancel	31137
▁dating	31138
与否	31139
为了使	31140
介绍了题为	31141
加强协调	31142
醇	31143
▁Nicosia	31144
▁bias	31145
▁dispose	31146
▁heed	31147
决议草案一	31148
竞争法和竞争政策	31149
▁preferably	31150
所表达的	31151
政变	31152
▁Sur	31153
▁annum	31154
玩具	31155
的备忘录	31156
第四个	31157
umi	31158
▁Smith	31159
▁assert	31160
▁bow	31161
决议草案提案国	31162
22%	31163
pic	31164
▁212	31165
▁reprisals	31166
▁rush	31167
▁surgery	31168
▁unilaterally	31169
其中有些	31170
利斯	31171
对这类	31172
▁Liability	31173
▁reformed	31174
什么都不	31175
柱	31176
生物燃料	31177
12)	31178
体制能力	31179
有价值的	31180
沿线	31181
隐瞒	31182
Finland	31183
▁backed	31184
▁nursing	31185
写入	31186
改良	31187
有益于	31188
联合国利比里亚特派团	31189
全面解决	31190
实况调查团	31191
开设了	31192
订于	31193
ESCAP	31194
▁3).	31195
公平地域分配	31196
环境可持续性	31197
稳定性	31198
经济学家	31199
14%	31200
Who	31201
sey	31202
▁Bio	31203
独立于	31204
-2004	31205
35)	31206
▁$25	31207
▁(14	31208
▁Cho	31209
▁label	31210
快速部署	31211
相关利益攸关方	31212
进行了讨论	31213
可持续能源	31214
▁ES	31215
▁pointing	31216
▁swift	31217
常驻观察员	31218
开展研究	31219
日星期五上午	31220
泪	31221
管理和行政	31222
联合国环境与发展会议	31223
▁poorly	31224
任期三年	31225
数据中心	31226
Sweden	31227
▁Partners	31228
▁laughing	31229
▁mono	31230
信徒	31231
准备金和基金结余	31232
并予以	31233
组织了一次	31234
▁ugly	31235
资源管理	31236
造成严重	31237
铜	31238
Chile	31239
▁Night	31240
支助方案	31241
维斯	31242
/41	31243
eur	31244
▁corrective	31245
▁educators	31246
想要什么	31247
芝加哥	31248
▁County	31249
▁chambers	31250
方案主管	31251
联合国土著人民权利宣言	31252
load	31253
▁produces	31254
事关	31255
技术援助活动	31256
阿富汗局势	31257
controlled	31258
ح	31259
▁disrupt	31260
在武装冲突中	31261
奥巴马	31262
滅	31263
eu	31264
▁joy	31265
两个人	31266
在科特迪瓦	31267
生效后	31268
33)	31269
Geneva	31270
印制	31271
等途径	31272
采取何种	31273
针对具体	31274
阿富汗境内	31275
rav	31276
▁Offences	31277
已列入	31278
应加强	31279
部署到	31280
严重关注	31281
从来不	31282
北京宣言	31283
官僚	31284
机构间合作	31285
谈到了	31286
都沒有	31287
▁Lima	31288
一台	31289
严厉的	31290
墓	31291
增进人权	31292
外交使团	31293
车里	31294
▁psycho	31295
专题组	31296
生理	31297
育儿假	31298
bou	31299
▁reversed	31300
▁whore	31301
▁我再	31302
不過	31303
合乎	31304
委员会收到了	31305
教育权	31306
沒錯	31307
▁(13	31308
▁知道吗	31309
同工同酬	31310
在这个问题上	31311
好看	31312
非洲人	31313
ln	31314
▁Vision	31315
全球化和相互依存	31316
全球契约	31317
就是要	31318
领域里	31319
ROM	31320
ines	31321
回答了	31322
审查机制	31323
民主党	31324
联系国	31325
.3%。	31326
业务计划	31327
宪法规定	31328
干事员额	31329
拓展	31330
环境影响	31331
艾德	31332
human	31333
▁Balkans	31334
▁purchases	31335
决议草案二	31336
哼	31337
审前	31338
很多国家	31339
方案国	31340
践踏	31341
这一新	31342
▁Update	31343
▁注意到秘书长关于	31344
入伍	31345
拒绝接受	31346
数字鸿沟	31347
清醒	31348
给出	31349
trans	31350
▁Jordanian	31351
▁vicious	31352
进行的讨论	31353
▁Recognition	31354
▁bore	31355
▁resist	31356
上通过的	31357
到底是	31358
采取了行动	31359
trade	31360
▁blast	31361
▁specifies	31362
优点	31363
有助于实现	31364
有此	31365
▁Sil	31366
▁Ur	31367
▁constituencies	31368
▁responds	31369
▁trucks	31370
服务台	31371
联合国各次主要会议和首脑会议	31372
预防和控制	31373
▁2004).	31374
▁2010/11	31375
▁Shh	31376
侦察	31377
在内罗毕	31378
学到	31379
想去	31380
相互合作	31381
遭到了	31382
陈旧	31383
▁vague	31384
全球基金	31385
签署了一项	31386
被监禁	31387
进一步提高	31388
49/2	31389
▁holidays	31390
保健和教育	31391
可可	31392
生长	31393
盔	31394
仲裁协议	31395
在某种程度上	31396
微妙	31397
▁Rose	31398
▁anger	31399
▁authorizing	31400
▁catalytic	31401
向人权委员会	31402
未知	31403
恢复正常	31404
醒醒	31405
traditional	31406
▁Provincial	31407
总部和外地	31408
我的心	31409
所需经费增加	31410
16%	31411
▁5.3	31412
▁drawdown	31413
▁suited	31414
SB	31415
▁$30	31416
▁Damage	31417
▁grace	31418
再延长	31419
在塞拉利昂	31420
揍	31421
ect	31422
▁accommodated	31423
宝宝	31424
fold	31425
▁TNCs	31426
▁password	31427
地理位置	31428
干杯	31429
方面发挥了	31430
的案子	31431
一度	31432
缉获量	31433
陪审团	31434
▁Soon	31435
▁现在我们	31436
佐证	31437
实践中	31438
许多问题	31439
请会员国	31440
这些承诺	31441
▁Amount	31442
▁Surely	31443
丸	31444
我是否可以认为	31445
服务终了	31446
终结	31447
预计在	31448
aff	31449
▁Croatian	31450
各部委	31451
日星期二上午	31452
检查员	31453
▁Ph	31454
▁她指出	31455
十八届	31456
在加沙	31457
延至	31458
龍	31459
ces	31460
▁preserved	31461
▁除此之外	31462
复杂性	31463
赫尔	31464
这将使	31465
There	31466
▁Hans	31467
▁contested	31468
▁illustrate	31469
信息来源	31470
其他领域	31471
小农	31472
有序	31473
Act	31474
”).	31475
▁exhaustion	31476
举行了会议	31477
制订一个	31478
包括增进人权和	31479
日在纽约	31480
某些地区	31481
瓦加杜古	31482
葡萄	31483
▁audiences	31484
和平共处	31485
商讨	31486
开创	31487
ION	31488
▁Lin	31489
▁Tommy	31490
▁我们注意到	31491
两国政府	31492
任职者	31493
该论坛	31494
贫困线	31495
▁escorted	31496
外层空间活动	31497
▁fines	31498
金斯	31499
▁bug	31500
任务负责人	31501
初稿	31502
呆在	31503
框架协定	31504
生活费	31505
维拉	31506
▁Ag	31507
▁Combined	31508
▁summarizes	31509
各种方案	31510
矿业	31511
采取哪些措施	31512
问题的讨论	31513
代表属于	31514
纽约办事处	31515
文件分发	31516
沿着	31517
1965	31518
▁4.4	31519
▁revitalize	31520
屋子	31521
注定	31522
进一步研究	31523
一项建议	31524
工作的一部分	31525
意味	31526
戏剧	31527
茜	31528
黑海	31529
▁boom	31530
优先于	31531
内容涉及	31532
段所列	31533
联合国人权	31534
▁implements	31535
广泛地	31536
替代办法	31537
法律地位	31538
的补充资料	31539
ndez	31540
producing	31541
▁chest	31542
▁tab	31543
不明确	31544
生物武器公约	31545
祖国	31546
脖子	31547
Hei	31548
West	31549
employment	31550
▁mask	31551
两用	31552
从来没	31553
▁Jake	31554
▁Traditional	31555
▁根据这一	31556
债务问题	31557
劳务	31558
平等参与	31559
第三次报告	31560
被禁止	31561
predominantly	31562
▁catastrophe	31563
上空飞离	31564
号决议的执行情况	31565
教练	31566
起见	31567
gr	31568
克利	31569
国家机关	31570
幻想	31571
的下落	31572
▁frustration	31573
传授	31574
感謝	31575
▁meal	31576
天哪	31577
新鲜	31578
要求秘书长	31579
ANCE	31580
DM	31581
eta	31582
▁Shoot	31583
怎么能	31584
收入和支出	31585
爺	31586
解释为	31587
非歧视	31588
sufficiency	31589
▁regulates	31590
雜	31591
▁stringent	31592
三人	31593
菲利普	31594
送给	31595
非传统	31596
▁detriment	31597
人心	31598
作进一步	31599
旺达公民的国际刑事法庭	31600
究	31601
这项规定	31602
他自己	31603
终端	31604
谎言	31605
贯穿	31606
stitutionalized	31607
▁respondent	31608
▁Ahmad	31609
▁humane	31610
一个或多个	31611
听说过	31612
处理办法	31613
itz	31614
▁Columbia	31615
▁Schools	31616
▁eminent	31617
任务范围内	31618
四周	31619
看一下	31620
进行干预	31621
ath	31622
mid	31623
作出适当	31624
把所有	31625
授权任务	31626
轮流	31627
1964	31628
business	31629
ography	31630
有尊严	31631
案例中	31632
谨随函附上	31633
.2/62/	31634
▁entries	31635
包容各方的	31636
参加联合国	31637
履	31638
彼	31639
提交一份关于	31640
进行宣传	31641
.7%。	31642
应急计划	31643
这些费用	31644
/55	31645
2.6	31646
▁promulgation	31647
滨	31648
的结构和	31649
AY	31650
];	31651
▁litigation	31652
▁sisters	31653
▁staffed	31654
的根本原因	31655
▁giant	31656
听我	31657
支助股	31658
比以往任何时候都	31659
learning	31660
▁2013)	31661
前总统	31662
嗣后	31663
就开始	31664
▁OAS	31665
▁unforeseen	31666
还有什么	31667
▁Facilitat	31668
▁concise	31669
〈	31670
人均收入	31671
优先任务	31672
偿债	31673
第二次世界大战	31674
▁encompassing	31675
▁paramilitary	31676
白色	31677
▁Eat	31678
一间	31679
的一般性建议	31680
的职权	31681
贪	31682
▁centuries	31683
▁proportionate	31684
国际电信联盟	31685
审计委员会的报告	31686
帮助它们	31687
很難	31688
本款	31689
5.2	31690
受到损害	31691
法院认为	31692
传输	31693
出差	31694
的结论意见	31695
▁Junior	31696
创办	31697
各级政府	31698
复员方案	31699
真心	31700
醫院	31701
▁2006).	31702
▁也许你	31703
行政法庭	31704
▁congratulated	31705
▁wheel	31706
促进和保护儿童权利	31707
所欠	31708
rant	31709
▁flood	31710
椅	31711
▁clock	31712
所作的贡献	31713
所含	31714
指南草案	31715
提供的资金	31716
結婚	31717
行动框架	31718
▁tiny	31719
与开发署	31720
五年期	31721
委员会工作的	31722
新德里	31723
行为准则	31724
/49/	31725
▁crossings	31726
▁我也不知道	31727
击中	31728
抄	31729
无核武器世界	31730
最严重	31731
有助于加强	31732
膝	31733
领养	31734
厌	31735
特别注重	31736
第十三	31737
编写本报告	31738
考虑批准	31739
豁免权	31740
持久解决办法	31741
间谍	31742
▁Municipal	31743
▁strain	31744
为履行	31745
会计政策	31746
感受到	31747
新挑战	31748
维持和平行动特别委员会	31749
该协议	31750
醚	31751
▁jure	31752
拦	31753
日期间预算	31754
198	31755
oil	31756
▁monster	31757
▁nominal	31758
▁noteworthy	31759
向工作组	31760
等候	31761
跟你說	31762
风暴	31763
var	31764
▁Wastes	31765
▁reveals	31766
优先地位	31767
号决议中决定	31768
非政府组织的代表	31769
▁Investigate	31770
▁landmark	31771
也不想	31772
传播信息	31773
因此需要	31774
既是	31775
▁Vocation	31776
▁rejects	31777
克什米尔	31778
放开	31779
这些举措	31780
不是很	31781
拦截	31782
是非法的	31783
特种	31784
还鼓励	31785
LF	31786
▁Pending	31787
可以成为	31788
委员会在其	31789
畢	31790
纳先生	31791
高度优先	31792
ages	31793
▁differing	31794
得走了	31795
评审	31796
顽固	31797
▁Estimates	31798
出境	31799
日终了的	31800
反思	31801
▁Plaza	31802
▁Wake	31803
▁movies	31804
下一届会议	31805
加拿大政府	31806
只是一个	31807
提出的申诉	31808
決	31809
▁inevitable	31810
▁stem	31811
▁缔约国应当	31812
勘	31813
手工	31814
見到你	31815
伊拉克境内	31816
回头	31817
社会生活	31818
46)	31819
▁forefront	31820
▁shareholders	31821
▁teenage	31822
建成	31823
流感	31824
▁Immunities	31825
▁Ouagadougou	31826
▁Relax	31827
从前	31828
和其他国际组织	31829
并在必要时	31830
警惕	31831
转送	31832
难民儿童	31833
LC	31834
ứ	31835
▁Ombudsperson	31836
▁commencing	31837
▁forbidden	31838
儿童卖淫和儿童色情制品	31839
壁垒	31840
第三十七届会议	31841
ǎ	31842
▁bienniums	31843
区域研讨会	31844
在全球一级	31845
建议的执行情况	31846
▁Lessons	31847
▁regain	31848
他或她	31849
儿童福利	31850
手里	31851
酋长	31852
年届会	31853
晶	31854
死亡人数	31855
1、2	31856
yp	31857
可能出现的	31858
建议书	31859
戰爭	31860
December	31861
▁Ugandan	31862
▁contraceptive	31863
▁privately	31864
所涉问题	31865
深感关切	31866
变量	31867
这是我	31868
Peter	31869
▁Live	31870
▁imposes	31871
宗教团体	31872
▁SAICM	31873
▁relies	31874
不见了	31875
从而促进	31876
獄	31877
aria	31878
▁Gil	31879
▁eighty	31880
窥	31881
▁Andy	31882
▁entrust	31883
大会和安全理事会	31884
市场经济	31885
整天	31886
来访	31887
牛奶	31888
	31889
687(1991)	31890
▁Privileges	31891
▁openly	31892
介绍性发言	31893
声誉	31894
摆在	31895
改进其	31896
的失业率	31897
确已	31898
box	31899
sychotropic	31900
▁Cr	31901
▁Hungarian	31902
▁Outreach	31903
▁Submitted	31904
▁secretary	31905
事实证明	31906
年纪	31907
毁林	31908
疾	31909
假装	31910
外聘审计员	31911
私人投资	31912
箱子	31913
部落格	31914
非歧视性	31915
▁cream	31916
▁den	31917
与可持续发展	31918
传播关于	31919
并赞扬	31920
影像	31921
民主社会	31922
索赔额	31923
▁Pass	31924
▁bolster	31925
▁breastfeeding	31926
▁tourist	31927
▁你先	31928
作为大会议程项目	31929
▁Symposium	31930
委员会通过了	31931
完成工作	31932
職	31933
education	31934
▁Governors	31935
▁precedence	31936
空间应用	31937
联合国统计司	31938
魏	31939
▁Form	31940
▁PC	31941
反驳	31942
的法律地位	31943
▁瑞典语	31944
乌兹别克斯坦共和国	31945
很奇怪	31946
第八章	31947
通过各种	31948
29)	31949
48)	31950
Gar	31951
▁Certification	31952
三年期全面政策审查	31953
专门针对	31954
和其他严重违反国际人道主义法行为	31955
的主要障碍	31956
过去五年	31957
造成的损失	31958
雷达	31959
David	31960
▁Des	31961
全面实施	31962
惊喜	31963
▁33,	31964
▁Grant	31965
▁Interest	31966
▁Large	31967
▁Zi	31968
王国政府	31969
请各国	31970
tis	31971
▁combining	31972
並不	31973
斯卡	31974
St	31975
珊	31976
阿什	31977
降临	31978
▁Original	31979
▁subsidy	31980
帮助我们	31981
强有力	31982
悟	31983
的优先次序	31984
pul	31985
▁piss	31986
分开会	31987
方案支助费用	31988
核燃料	31989
严重损害	31990
优先主题	31991
探访	31992
伟大	31993
切断	31994
外部因素	31995
朝鲜半岛	31996
mas	31997
境内流离失所	31998
条提交的报告	31999
▁Referendum	32000
▁expired	32001
日起生效	32002
遴选	32003
.2/55/	32004
RB	32005
hor	32006
▁Ce	32007
信息交换	32008
各附属机构	32009
杜绝	32010
条目	32011
继任	32012
不堪	32013
发展挑战	32014
定为刑事犯罪	32015
次区域办事处	32016
眠	32017
这项计划	32018
那只	32019
问问	32020
▁unhindered	32021
以色列当局	32022
其它国家	32023
规划署	32024
∗	32025
▁Principle	32026
▁drain	32027
发生了什么事	32028
政府间进程	32029
能效	32030
lea	32031
▁INTERNATIONAL	32032
▁你太	32033
商定了	32034
水果	32035
▁disappointment	32036
各种不同的	32037
看得	32038
fish	32039
扰乱	32040
森林论坛	32041
罗先生	32042
Wal	32043
call	32044
▁2012)	32045
▁Ain	32046
▁desirability	32047
的审议情况	32048
適	32049
training	32050
zing	32051
▁174	32052
▁Scale	32053
一个星期	32054
以书面形式	32055
保安部队	32056
旨	32057
核活动	32058
▁0.5	32059
▁liar	32060
▁我知道我	32061
审议缔约国	32062
▁amphetamine	32063
▁borrow	32064
执行死刑	32065
Where	32066
▁LEG	32067
各国领导人	32068
在联合国主持下	32069
训练方案	32070
▁34,	32071
安全环境	32072
更安全	32073
第十四	32074
Netherlands	32075
cate	32076
▁Actual	32077
▁underscores	32078
司法人员	32079
留言	32080
人员的安全	32081
侵害妇女	32082
森林管理	32083
▁Collection	32084
▁expire	32085
▁immense	32086
其目的	32087
▁它们还	32088
亚洲开发银行	32089
分析工作	32090
向各国政府	32091
HI	32092
sid	32093
ة	32094
▁Edit	32095
▁hardware	32096
▁info	32097
▁你好吗	32098
约瑟夫	32099
获得成功	32100
/60/1	32101
保持不变	32102
国防部长	32103
我们正在	32104
我国代表团认为	32105
析	32106
酗酒	32107
也是一个	32108
各项决定	32109
在肯尼亚	32110
而采取的行动	32111
行吗	32112
表决权	32113
nis	32114
▁Auto	32115
▁Damascus	32116
▁Macroeconomic	32117
▁Sale	32118
所持	32119
核扩散	32120
supported	32121
ơ	32122
做爱	32123
北部地区	32124
尼尔	32125
洛伊	32126
长度	32127
未决	32128
身为	32129
most	32130
▁acknowledgement	32131
微软雅黑	32132
窝	32133
▁168	32134
▁cameras	32135
▁contravene	32136
▁refus	32137
▁warehouse	32138
刮	32139
发展账户	32140
综述	32141
重新开始	32142
TT	32143
nation	32144
提议将	32145
是一個	32146
调查报告	32147
减少需求	32148
总表	32149
管辖区	32150
降到	32151
▁professor	32152
奠定	32153
宗教间	32154
民航	32155
篇幅	32156
采取适当行动	32157
stru	32158
创作	32159
大多数人	32160
ï	32161
不具	32162
五分钟	32163
小心点	32164
比賽	32165
船员	32166
閉	32167
多边谈判	32168
玉米	32169
▁我們得	32170
听听	32171
好啊	32172
37/	32173
TOR	32174
全是	32175
彻底消除核武器	32176
拿去	32177
日内瓦办事处	32178
被占	32179
tti	32180
▁Revision	32181
▁你這	32182
可能产生的	32183
就读	32184
放手	32185
有利环境	32186
此刻	32187
▁sickness	32188
▁unregulated	32189
防备	32190
.2).	32191
▁mal	32192
保护法	32193
再也不	32194
.2/56/	32195
▁cotton	32196
已不再	32197
日在日内瓦举行的	32198
民眾	32199
▁Proceedings	32200
▁nurses	32201
▁watched	32202
为和平目的	32203
同居	32204
新近	32205
▁breaks	32206
▁dawn	32207
▁他很	32208
前瞻性	32209
技术和经济评估小组	32210
结婚年龄	32211
重要步骤	32212
▁Preventi	32213
▁expiry	32214
▁mill	32215
▁recession	32216
個人	32217
第二十五届会议	32218
经营者	32219
▁downward	32220
▁goin	32221
▁这就是我	32222
帽	32223
鹰	32224
itude	32225
▁Expenditures	32226
审计意见	32227
希望了解	32228
▁Gali	32229
▁subnational	32230
星期六	32231
里奥	32232
claim	32233
尖叫	32234
海盗行为	32235
犬	32236
ICA	32237
▁reluctant	32238
▁我非常	32239
促进可持续	32240
的落实情况	32241
该决议第	32242
▁DPI	32243
▁scheduling	32244
▁不用了	32245
葡萄牙语	32246
sar	32247
就行	32248
服务贸易	32249
0).	32250
RR	32251
police	32252
▁shaping	32253
基于种族	32254
情报局	32255
提请大会注意	32256
摊	32257
敵	32258
无聊	32259
深受	32260
确保他们	32261
纵向	32262
贩卖儿童	32263
一小时	32264
捕获	32265
有自己的	32266
现存	32267
联合国海地稳定特派团	32268
▁$19	32269
▁ECOSOC	32270
▁SIDS	32271
▁Trends	32272
▁complain	32273
▁sacred	32274
十分重视	32275
混淆	32276
门槛	32277
▁settling	32278
按计划	32279
竞赛	32280
/2004/20/	32281
▁Biodiversity	32282
▁Representation	32283
新法律	32284
症状	32285
票弃权获得通过	32286
袖	32287
里斯	32288
黎巴嫩武装部队	32289
▁Safe	32290
▁slip	32291
不妨考虑	32292
实现核裁军	32293
感到鼓舞	32294
遵守其	32295
▁Pristina	32296
情景	32297
撤退	32298
第二次报告	32299
▁Left	32300
▁PROGRAMME	32301
关于这一问题的	32302
季节	32303
▁disputed	32304
以色列和巴勒斯坦	32305
编入预算的	32306
回忆	32307
当你	32308
边境地区	32309
青年就业	32310
▁bargaining	32311
▁nominate	32312
▁random	32313
严重后果	32314
再來	32315
正道	32316
闽	32317
▁Doc	32318
▁disbursement	32319
一读	32320
共同制度	32321
名叫	32322
小伙子	32323
提交人称	32324
政府专家小组	32325
浩	32326
神奇	32327
radi	32328
▁Link	32329
临时报告	32330
医疗设施	32331
家公司	32332
有效期	32333
缠	32334
联邦法院	32335
西班牙语	32336
越过	32337
醫	32338
rri	32339
▁1962	32340
▁1997)	32341
▁Pick	32342
互惠	32343
打击和消除小武器和轻武器非法贸易	32344
搶	32345
沉重的	32346
瞧瞧	32347
肆	32348
entry	32349
group	32350
▁Cooperative	32351
▁当我们	32352
包括那些	32353
存在于	32354
技术援助方案	32355
深表关切	32356
而无法	32357
逮捕令	32358
阿德	32359
abo	32360
boy	32361
treated	32362
▁vigorously	32363
与欧洲联盟	32364
仇外心理和相关的不容忍现象	32365
公平审判	32366
看作是	32367
进一步恶化	32368
▁15:00	32369
▁chairman	32370
依照大会第	32371
分担责任	32372
志愿人员方案	32373
▁IP	32374
▁RS	32375
▁hindered	32376
中央支助事务厅	32377
二十二	32378
国旗	32379
此处	32380
的主要目标是	32381
的关键因素	32382
逃走	32383
bri	32384
▁10.30	32385
▁Fer	32386
▁deprive	32387
政府间会议	32388
给予支持	32389
▁ascertained	32390
▁omission	32391
很大一部分	32392
美女	32393
▁Station	32394
▁metric	32395
一点点	32396
威尔士	32397
屡	32398
视察团	32399
高興	32400
▁overlapping	32401
▁Collaborative	32402
▁pet	32403
▁yo	32404
以便更好地	32405
法学	32406
预期将	32407
▁Mat	32408
大道	32409
经济一体化	32410
2003/2	32411
▁Elements	32412
偷了	32413
共用	32414
关爱	32415
心理学	32416
斥	32417
竒	32418
该宣言	32419
造成损害	32420
8),	32421
reserving	32422
▁136	32423
人口增长	32424
维克	32425
芙	32426
▁bribery	32427
▁dissolution	32428
假若	32429
挥	32430
特克斯和凯科斯群岛	32431
iga	32432
iva	32433
无法实现	32434
有利的环境	32435
asi	32436
▁Composition	32437
你的名字	32438
我要感谢	32439
适用法律	32440
魔法	32441
互利	32442
审问	32443
是有益的	32444
Ta	32445
▁afforestation	32446
▁disadvantages	32447
▁vein	32448
任何一方	32449
平等原则	32450
抗击	32451
日安全理事会第	32452
次要	32453
管理框架	32454
著作	32455
Well	32456
▁Chu	32457
▁routinely	32458
司法行政	32459
跨国界	32460
1946	32461
Mr	32462
▁sediment	32463
迟延	32464
INE	32465
▁217	32466
不介意	32467
只占	32468
行政和预算问题咨询委员会主席	32469
▁50,000	32470
▁Ve	32471
▁envisages	32472
▁nurse	32473
母婴	32474
灌	32475
的宗族	32476
rack	32477
▁Ou	32478
侵犯黎巴嫩领空	32479
决定因素	32480
检方	32481
▁oriented	32482
替我	32483
▁email	32484
一年内	32485
国贸中心	32486
确实是	32487
1737(2006)	32488
▁dropout	32489
▁sincerely	32490
▁winning	32491
审议会议	32492
秘书处内	32493
try	32494
▁View	32495
▁backup	32496
▁lately	32497
▁roots	32498
为女性	32499
法院院长	32500
祖先	32501
贼	32502
颠	32503
▁Hit	32504
▁leak	32505
▁我現在	32506
排序	32507
梅尔	32508
维亚	32509
逮捕和拘留	32510
▁deficits	32511
▁husbands	32512
▁unrest	32513
意欲	32514
稍等	32515
▁你为什么不	32516
从一开始就	32517
克尔	32518
法语国家	32519
被释放	32520
防止酷刑	32521
ulate	32522
▁accompany	32523
550	32524
▁Pitcairn	32525
刘	32526
是這樣	32527
的言论	32528
第一天	32529
补充报告	32530
麻醉药品	32531
alone	32532
建立中东无核武器区	32533
教育补助金	32534
的演变	32535
lis	32536
▁Ash	32537
▁pricing	32538
基本需要	32539
政治参与	32540
日终了财政期间	32541
皮特凯恩	32542
粮食生产	32543
适用范围	32544
▁●	32545
专题介绍	32546
亚斯	32547
▁Leaders	32548
▁correctional	32549
▁narcotics	32550
各项政策	32551
脑子	32552
被占领叙利亚戈兰	32553
/67	32554
▁USA	32555
号决议附件	32556
被判刑	32557
▁Tuberculosis	32558
▁fellowship	32559
▁vaccine	32560
▁xenophobic	32561
归类	32562
打击种族主义	32563
文化和宗教	32564
深深	32565
特殊需要	32566
▁Half	32567
▁Mainstreaming	32568
别说	32569
可能使	32570
是出于	32571
结束前	32572
PN	32573
ranking	32574
social	32575
stop	32576
▁deaf	32577
一视同仁	32578
先生阁下讲话	32579
必不可少	32580
聊聊	32581
IST	32582
▁mortgage	32583
其次是	32584
密切监测	32585
行政指示	32586
▁Release	32587
暴力问题	32588
翻译成	32589
茲	32590
评定	32591
锐	32592
nor	32593
▁NAP	32594
▁terminal	32595
中提到	32596
教育制度	32597
难过	32598
atch	32599
▁Cam	32600
▁Objects	32601
界定为	32602
这种措施	32603
37)	32604
iro	32605
▁Albert	32606
▁Encouraging	32607
▁Lock	32608
▁atomic	32609
▁dozen	32610
华文	32611
请各国政府	32612
guez	32613
▁globalized	32614
▁hydro	32615
▁promotional	32616
▁我听说	32617
方面的活动	32618
未爆弹药	32619
进行能力建设	32620
city	32621
▁Crown	32622
▁anticipate	32623
▁treasure	32624
区域安排	32625
2、3	32626
▁Way	32627
动手	32628
病假	32629
认知	32630
译成	32631
页面	32632
▁Globally	32633
▁ISU	32634
分支	32635
号召	32636
媒體	32637
消耗臭氧物质	32638
chairs	32639
ware	32640
▁nearby	32641
产生于	32642
方面的资料	32643
imi	32644
▁(30	32645
▁6)	32646
加元	32647
增大	32648
多种多样	32649
提高认识和	32650
这些计划	32651
驻地协调员制度	32652
GEF	32653
ject	32654
▁127	32655
▁declares	32656
▁indivisible	32657
修改了	32658
北大西洋	32659
无害环境管理	32660
执行措施	32661
提供了机会	32662
该次区域	32663
▁Lower	32664
▁Times	32665
▁shell	32666
▁你肯定	32667
不损害	32668
国家适应行动方案	32669
按照联合国	32670
.1%。	32671
▁$100	32672
▁lump	32673
确凿	32674
社区发展	32675
讓他們	32676
▁63/1	32677
▁看來	32678
三个主要	32679
喝了	32680
毁灭性	32681
系统内	32682
▁Fact	32683
▁murders	32684
公共和私人	32685
提供法律援助	32686
的具体问题	32687
社会和政治	32688
萨姆	32689
赫尔辛基	32690
temporary	32691
▁(2006).	32692
▁Nordic	32693
▁Scott	32694
一封	32695
死定了	32696
▁Hyogo	32697
几百	32698
解读	32699
鬆	32700
▁尽管有	32701
惯	32702
醒来	32703
▁Den	32704
▁exhaust	32705
布林迪西	32706
订正决议草案	32707
难以置信	32708
▁mined	32709
伍德	32710
加密	32711
和福祉	32712
第三次联合国最不发达国家问题会议	32713
非裔	32714
咯	32715
政治地位	32716
55/25	32717
改建	32718
▁expel	32719
▁packaging	32720
▁professions	32721
充分发挥	32722
利息收入	32723
副总理	32724
	32725
▁Coming	32726
▁pesticides	32727
创建一个	32728
旨在实现	32729
管辖豁免	32730
裡面	32731
重点讨论	32732
lap	32733
▁avenues	32734
▁circumstance	32735
▁interlocutors	32736
根据安理会暂行议事规则第	32737
清楚地表明	32738
返还	32739
▁assignor	32740
▁derive	32741
提供了有关	32742
放棄	32743
▁concurred	32744
▁他不是	32745
▁只要你	32746
个百分点	32747
明确说明	32748
渣	32749
的方式进行	32750
▁2002-2003,	32751
▁classifications	32752
▁insisted	32753
令人不安的	32754
决不	32755
提供基本	32756
的适用范围	32757
health	32758
▁Tel	32759
▁assertion	32760
▁harmonious	32761
▁安理会还	32762
加尔	32763
履行承诺	32764
想让我	32765
排除在外	32766
▁Kara	32767
▁rail	32768
开展业务	32769
苏丹南部	32770
还未	32771
遵守情况	32772
丢失	32773
某一特定	32774
独裁	32775
税率	32776
▁Materials	32777
▁bat	32778
▁domination	32779
工作地点差价调整数	32780
民主制度	32781
环境法	32782
第三阶段	32783
▁posting	32784
内部和外部	32785
再也	32786
募	32787
启发	32788
攝	32789
空中业务	32790
经修正的	32791
街道	32792
.3/55/	32793
▁DPRK	32794
▁Recruitment	32795
▁THIS	32796
投降	32797
▁Operative	32798
的重要组成部分	32799
稳定部队	32800
高级代表办事处	32801
competitive	32802
▁exhibit	32803
价格上涨	32804
号决议附件第	32805
大赦国际	32806
水泥	32807
kan	32808
▁Corrigendum	32809
可比性	32810
收入来源	32811
極	32812
第四次会议	32813
OUR	32814
ural	32815
▁Week	32816
卓	32817
能力有限	32818
进行必要的	32819
▁Claire	32820
保护所有人免遭强迫失踪国际公约	32821
联合国系统各	32822
	32823
statement	32824
安全和稳定	32825
尼先生	32826
欣慰	32827
段指出	32828
(10)	32829
▁Ammunition	32830
▁Colonialism	32831
▁GO	32832
总署	32833
第三十四届会议	32834
编写了一份	32835
视察队	32836
dio	32837
vocation	32838
▁prioritization	32839
▁refined	32840
不足之处	32841
东方	32842
把那	32843
流产	32844
所获得的	32845
斜	32846
洄	32847
突发	32848
第十六条	32849
▁Chan	32850
▁你沒	32851
▁我一直在	32852
局局长	32853
执行本决议	32854
这些人员	32855
51/1	32856
▁UNCT	32857
完全赞同	32858
男女之间	32859
She	32860
Weapon	32861
发展成果	32862
听过	32863
six	32864
▁damaging	32865
你怎么	32866
又要	32867
字符	32868
本文	32869
研究项目	32870
联阵	32871
被毁	32872
▁我爱	32873
天空	32874
斑	32875
遥远	32876
media	32877
▁167	32878
二十七	32879
容纳	32880
替你	32881
▁38,	32882
一律	32883
争取实现	32884
利亞	32885
协调努力	32886
特殊教育	32887
私立	32888
▁1998)	32889
▁Judgment	32890
▁blocked	32891
▁tower	32892
司法改革	32893
太久	32894
gas	32895
▁compromised	32896
其他因素	32897
看起来像	32898
MM	32899
力争	32900
原则和规则	32901
员额配置	32902
国务秘书	32903
恳	32904
移民法	32905
▁rep	32906
▁unsafe	32907
也許	32908
包围	32909
悬挂	32910
次会议审议了	32911
法律干事	32912
特别是妇女	32913
采取了哪些措施	32914
▁Extraordinary	32915
忠实	32916
第二和第三	32917
/1994/	32918
born	32919
下落	32920
继承国	32921
dica	32922
分销	32923
听你	32924
水资源管理	32925
集中注意	32926
▁2008-2011	32927
▁angel	32928
可疑交易	32929
合作和协调	32930
散布	32931
Delivering	32932
▁1946	32933
▁jurisdictional	32934
规定的任务	32935
较长	32936
2000/2	32937
旅行禁令	32938
税款	32939
BC	32940
▁authentic	32941
▁deliveries	32942
▁diversify	32943
主旨	32944
种族隔离	32945
紧急救济协调员	32946
▁131	32947
余留机制	32948
保持联系	32949
ographic	32950
▁(16	32951
▁Amended	32952
▁discover	32953
▁electronically	32954
氮	32955
确保遵守	32956
▁Girl	32957
▁Grace	32958
▁artist	32959
上游	32960
事实是	32961
以协商一致方式通过	32962
只不过是	32963
负责者和应对这一期间邻国境内种	32964
▁Pra	32965
感到关注的是	32966
禁毒署	32967
▁novel	32968
▁outgoing	32969
如果不是	32970
委员会面前有	32971
安全理事会文件分发为荷	32972
▁UNCLOS	32973
▁2004-2005.	32974
▁Generally	32975
我真的	32976
44)	32977
▁pave	32978
下车	32979
当初	32980
恪守	32981
硫丹	32982
难民和国内流离失所者	32983
▁compel	32984
▁extraction	32985
促进性别平等	32986
蓝色	32987
hod	32988
▁homicide	32989
公共和私营部门	32990
歧视妇女的	32991
泄	32992
鸿沟	32993
▁Honourable	32994
▁vaccines	32995
事务部长	32996
各实体	32997
密切关注	32998
自力更生	32999
视情况	33000
▁Extradition	33001
▁rating	33002
▁tunnel	33003
上述决议	33004
巴斯	33005
资源用于	33006
▁slept	33007
▁如果您	33008
口径	33009
早期预警	33010
旱	33011
非洲国家集团	33012
▁atmospheric	33013
▁experimental	33014
侵	33015
第一百零	33016
▁recurrence	33017
晚安	33018
▁hunt	33019
▁worsening	33020
易卜拉欣	33021
百姓	33022
這樣做	33023
需要国际社会	33024
:(1)	33025
国家官员	33026
双语	33027
流失	33028
这种行动	33029
▁guests	33030
全职	33031
屏	33032
惜	33033
約翰	33034
规则和程序	33035
▁assistants	33036
▁manufacturers	33037
▁stomach	33038
▁swim	33039
举行选举	33040
態	33041
投标书	33042
自由地	33043
	33044
60/251	33045
▁constraint	33046
医疗卫生	33047
对妇女暴力行为	33048
广泛传播	33049
日星期一下午	33050
欣赏	33051
被拒绝	33052
▁6.3	33053
▁Value	33054
▁deriv	33055
儿童与武装冲突	33056
前提条件	33057
感谢他	33058
罚金	33059
▁flee	33060
▁shortfalls	33061
国际海洋法法庭	33062
對吧	33063
持续不断的	33064
获得批准	33065
eviating	33066
▁173	33067
这些信息	33068
▁desperate	33069
▁devised	33070
为指导	33071
私有	33072
结果文件	33073
evaluation	33074
▁Hope	33075
得起	33076
我刚才	33077
▁Francophonie	33078
前一年	33079
已决定	33080
證明	33081
▁Failure	33082
方法学	33083
標	33084
第三十六届会议	33085
辦公室	33086
▁Different	33087
▁quadrennial	33088
▁trusts	33089
公吨	33090
勒索	33091
岁至	33092
纹	33093
ban	33094
▁entailed	33095
▁harvest	33096
之间关系的	33097
小额供资	33098
艾滋病联合规划署	33099
Belgium	33100
security	33101
▁Reduc	33102
提供投入	33103
澳大利亚政府	33104
脂	33105
被剥夺了	33106
1955	33107
tum	33108
成员组成	33109
tle	33110
▁5)	33111
▁construct	33112
▁plaintiff	33113
两者之间	33114
保险公司	33115
吸血鬼	33116
教育质量	33117
社会正义	33118
1954	33119
interference	33120
▁Definition	33121
▁cal	33122
▁neighbourhood	33123
德班审查会议	33124
猭	33125
未被	33126
该条规定	33127
经济及社会理事会正式记录	33128
rent	33129
▁44,	33130
▁Antonio	33131
之间的伙伴关系	33132
原谅我	33133
圣地	33134
标准和规范	33135
楚	33136
皂	33137
glo	33138
▁Chicago	33139
是世界上	33140
有效补救	33141
范围广泛的	33142
非政府组织合作	33143
.45	33144
Ni	33145
▁Cu	33146
▁criminalized	33147
▁我想知道	33148
候选人名单	33149
倾倒	33150
冲突后国家	33151
的款额	33152
那就	33153
▁147	33154
▁lasted	33155
例子是	33156
还表示	33157
▁gods	33158
唤	33159
妇女平等	33160
并对其	33161
撑	33162
粘	33163
▁stance	33164
▁我们去	33165
弗里	33166
方可	33167
进行的活动	33168
paid	33169
此外还	33170
私下	33171
窗户	33172
英属维尔京群岛	33173
.2%。	33174
▁Problems	33175
国际电联	33176
艾滋病毒和艾滋病	33177
FO	33178
bridging	33179
悖	33180
格陵兰	33181
其国民	33182
可愛	33183
部部长	33184
▁widow	33185
撰文人	33186
这一行动	33187
进行登记	33188
重罪	33189
▁143	33190
▁safely	33191
爷爷	33192
▁sweetie	33193
兑	33194
收集关于	33195
新任	33196
查到	33197
等字	33198
表示关切的是	33199
进口国	33200
	33201
▁bags	33202
▁rivers	33203
▁warrants	33204
各种方式	33205
步枪	33206
lands	33207
▁Notification	33208
参考资料	33209
基薪	33210
流亡	33211
DA	33212
pr	33213
▁disposed	33214
▁我們可以	33215
各方面问题	33216
后期	33217
开启	33218
打击有组织犯罪	33219
笆	33220
▁192	33221
▁5).	33222
▁necessitate	33223
▁prohibitions	33224
▁雖然	33225
传单	33226
具有约束力	33227
液体	33228
生产商	33229
进修	33230
shed	33231
▁beating	33232
外地行动	33233
第九条第	33234
▁Chen	33235
▁Francisco	33236
什麼時候	33237
保健系统	33238
包括东耶路撒冷	33239
号文件所载的	33240
性别主流化	33241
▁60/251	33242
▁Cannot	33243
▁shifts	33244
▁warmly	33245
捣	33246
群组	33247
cation	33248
▁4.30	33249
▁Patrick	33250
▁detainee	33251
技术准则	33252
50)	33253
▁Disposal	33254
▁Jun	33255
一些会员国	33256
新的挑战	33257
說什么	33258
这使得	33259
53)	33260
宣言和行动纲领	33261
序言部分	33262
筹款	33263
跟著	33264
年第一季度	33265
▁Dangerous	33266
▁Prize	33267
▁Super	33268
匿名	33269
帕斯	33270
挣	33271
定量	33272
残留	33273
空间科学和技术	33274
▁Agreed	33275
▁Citizenship	33276
▁infants	33277
▁你在干什么	33278
乐队	33279
在那裡	33280
我们各国	33281
最早	33282
适当措施	33283
▁tip	33284
見到	33285
国际和国家	33286
嫌疑犯	33287
履行其任务	33288
疏忽	33289
这一切都	33290
这些飞机	33291
▁Things	33292
崩	33293
较好	33294
▁6.5	33295
▁butt	33296
▁filter	33297
▁特别报告员还	33298
日期间在卢旺达境内的种族灭绝	33299
第七十三条	33300
以便促进	33301
促进实现	33302
司法委员会	33303
好多了	33304
年中期计划	33305
36)	33306
▁14)	33307
▁proclaim	33308
发展框架	33309
回合	33310
教室	33311
硬件	33312
自愿遣返	33313
远见	33314
Arab	33315
ono	33316
▁Irish	33317
停止敌对行动	33318
家政	33319
岿	33320
情况介绍会	33321
审计委员会关于	33322
保护主义	33323
带你	33324
庸	33325
表示祝贺	33326
benefit	33327
▁Corps	33328
该政策	33329
部厅	33330
iko	33331
▁2003).	33332
▁DEVELOPMENT	33333
▁Philippine	33334
▁我知道了	33335
理事会决定	33336
资金筹措	33337
▁variables	33338
政府政策	33339
联络官	33340
▁191	33341
列入其	33342
提示	33343
真诚地	33344
▁Disappearances	33345
会计准则	33346
次会议通过	33347
赔偿委员会	33348
45)	33349
cHC	33350
已结束	33351
执行其任务	33352
经济共同体	33353
者绳之以法	33354
▁bra	33355
▁irregularities	33356
▁voiced	33357
好久	33358
oph	33359
▁Adopt	33360
▁Mountain	33361
▁battalion	33362
▁writes	33363
全部或部分	33364
联合国防治荒漠化公约	33365
详	33366
迄今已	33367
▁Coll	33368
覆盖范围	33369
▁2.8	33370
▁350	33371
▁confer	33372
▁toilet	33373
支持秘书长	33374
故障	33375
33%	33376
cast	33377
▁bucks	33378
▁expires	33379
坐标	33380
继续协助	33381
而且必须	33382
而遭受	33383
▁Needs	33384
超支	33385
▁dependants	33386
儿童卷入武装冲突问题的任择议定书	33387
各种不同	33388
安援部队	33389
忽	33390
这些程序	33391
更广	33392
▁Gun	33393
▁desktop	33394
▁minerals	33395
回返者	33396
clock	33397
payment	33398
▁enriched	33399
▁tends	33400
▁tireless	33401
不完整	33402
基本上是	33403
探讨如何	33404
美丽	33405
▁craft	33406
▁plate	33407
上帝军	33408
报告期间	33409
砆	33410
送达	33411
come	33412
▁Excessive	33413
所有主要	33414
这一规定	33415
oon	33416
test	33417
▁verdict	33418
所发生的	33419
探矿	33420
敲定	33421
用尽国内补救办法	33422
的首要责任	33423
这一趋势	33424
长老	33425
aging	33426
▁jealous	33427
▁wh	33428
▁我不要	33429
▁要不	33430
算了	33431
阿富汗人	33432
65%	33433
▁contempt	33434
▁critically	33435
ECOWAS	33436
以下情况	33437
促成了	33438
▁Thirteenth	33439
如果他	33440
睡覺	33441
转化	33442
/35	33443
iest	33444
▁User	33445
合同安排	33446
大会和经济及社会理事会	33447
宋	33448
棋	33449
正在制定	33450
科学和技术促进发展委员会	33451
突出强调	33452
过滤	33453
酒精	33454
cis	33455
▁Navy	33456
▁Stability	33457
▁Term	33458
不过是	33459
公共生活	33460
发挥领导作用	33461
本期	33462
▁enters	33463
▁reproduction	33464
執	33465
我喜欢	33466
关于禁止发展	33467
加强现有	33468
各职司委员会	33469
奖金	33470
朵	33471
▁Tal	33472
▁organisms	33473
令我	33474
偶尔	33475
合约	33476
ched	33477
fully	33478
以鼓掌方式	33479
的方式来	33480
装甲	33481
sex	33482
▁genius	33483
家庭团聚	33484
就没	33485
拐	33486
翻新	33487
▁Eddie	33488
保护责任	33489
阐明了	33490
颈	33491
IMF	33492
ibe	33493
▁allies	33494
▁crude	33495
▁pluralism	33496
▁throat	33497
交易所	33498
几名	33499
ark	33500
▁striking	33501
小時	33502
服务质量	33503
1945	33504
▁rendering	33505
国际秩序	33506
处理这个问题	33507
第一轮	33508
课题	33509
.5/61/	33510
Note	33511
▁administrators	33512
分析性	33513
国际预防犯罪中心	33514
性侵犯	33515
活著	33516
联合国塞拉利昂特派团	33517
huh	33518
▁(11	33519
▁prudent	33520
五周年	33521
小女孩	33522
融资机制	33523
▁1986,	33524
▁Sara	33525
▁films	33526
▁outlook	33527
列入议程	33528
招呼	33529
42)	33530
arian	33531
export	33532
former	33533
▁Contingent	33534
合资	33535
urge	33536
住房权	33537
届会期间	33538
随意	33539
Pre	33540
的参与下	33541
联合国脱离接触观察员部队	33542
身體	33543
47)	33544
fin	33545
▁Points	33546
▁examines	33547
在校	33548
消失了	33549
这套	33550
▁Practical	33551
▁signals	33552
为中心的	33553
在布鲁塞尔	33554
氛围	33555
煮	33556
第一期会议	33557
法律体系	33558
行政协调委员会	33559
ening	33560
▁mainstreamed	33561
着力	33562
CHR	33563
sur	33564
▁Navigation	33565
这么想	33566
word	33567
▁Century	33568
很遗憾	33569
empt	33570
▁FDLR	33571
▁Wil	33572
听询	33573
继续保持	33574
这类武器	33575
通行证	33576
顺便	33577
.41	33578
▁screw	33579
▁complications	33580
▁memorandums	33581
▁neighborhood	33582
也沒有	33583
弗雷	33584
敦促各国政府	33585
次会议上通过了	33586
营利	33587
贫困人口	33588
5000	33589
hood	33590
▁1965	33591
▁Dean	33592
▁SME	33593
届会上	33594
旨在使	33595
适宜的	33596
/58/2	33597
工作人员代表	33598
气候变化影响	33599
社会论坛	33600
被盗	33601
轮换	33602
轻型	33603
Let	33604
ccu	33605
▁modality	33606
劳力	33607
最有效的	33608
能力建设方面	33609
FP	33610
Morocco	33611
▁6).	33612
▁aut	33613
侦察机侵犯黎巴嫩领空	33614
军事活动	33615
抱有	33616
持久性	33617
日终了的两年期	33618
特设咨询小组	33619
NY	33620
▁Pol	33621
大会第六十六届会议	33622
六十	33623
第五节	33624
说实话	33625
逆转	33626
▁($7	33627
▁Bor	33628
▁Commentary	33629
印度政府	33630
教育机会	33631
的主要目的是	33632
▁listened	33633
▁substantiate	33634
人道主义状况	33635
仍存在	33636
各区域集团	33637
有人认为	33638
请拨	33639
▁Event	33640
▁Nigerian	33641
▁Pla	33642
▁poorer	33643
基里巴斯	33644
每個	33645
Africa	33646
▁stones	33647
没见过	33648
环卫	33649
目标群体	33650
纤维	33651
私营公司	33652
▁172	33653
▁Threat	33654
利用率	33655
增效	33656
废话	33657
的讨论情况	33658
▁Balance	33659
欧洲人权公约	33660
高出	33661
▁Closure	33662
搬到	33663
稲	33664
罗夫	33665
转给	33666
进行辩论	33667
▁Mediation	33668
大声	33669
尽可能多的	33670
提供财政	33671
等著	33672
UNAIDS	33673
zen	33674
可持续利用	33675
妥当	33676
消耗臭氧层物质	33677
警察部门	33678
▁locate	33679
▁queries	33680
▁recreational	33681
▁revenge	33682
核销	33683
职司委员会	33684
驶	33685
▁asbestos	33686
▁democracies	33687
内心	33688
认真地	33689
讲述	33690
zar	33691
▁chairs	33692
▁criticized	33693
▁我是个	33694
加以处理	33695
就算	33696
数码	33697
维也纳条约法公约	33698
▁diverted	33699
岁以上的	33700
灾后恢复	33701
第一和第二	33702
▁Kra	33703
▁Pollution	33704
▁gifts	33705
和平协议	33706
结清	33707
vert	33708
▁146	33709
▁MP	33710
反腐败公约	33711
总部设在	33712
還在	33713
338(1973)	33714
▁McC	33715
之友小组	33716
再說	33717
在信中	33718
闭会期间会议	33719
/36	33720
▁peacemaking	33721
▁stores	33722
夥計	33723
第二十七届会议	33724
调查人员	33725
DD	33726
▁Entry	33727
▁neo	33728
不充分	33729
伞	33730
基本社会服务	33731
踩	33732
今后的工作	33733
区域渔业管理组织	33734
合理地	33735
考绩	33736
贬值	33737
/59/2	33738
hol	33739
和技术支持	33740
2005/2	33741
▁Abdullah	33742
▁Abkhaz	33743
▁favourably	33744
本机构	33745
认罪	33746
▁Price	33747
▁Resistance	33748
▁odd	33749
会议设施	33750
及时性	33751
對不起	33752
所受的	33753
▁artists	33754
优先重点	33755
基础之上	33756
政治事务干事	33757
酱	33758
▁Gonz	33759
▁auto	33760
▁drag	33761
朱巴	33762
联合国行政法庭	33763
自愿信托基金	33764
2002/2	33765
press	33766
▁goodbye	33767
这场危机	33768
▁Recognize	33769
▁upgraded	33770
专门用于	33771
▁Experienc	33772
▁Shab	33773
▁flesh	33774
▁trips	33775
民主进程	33776
▁Wang	33777
▁fingers	33778
地理区域	33779
題	33780
黃	33781
▁本报告是根据	33782
全面遵守	33783
館	33784
▁remembered	33785
助手	33786
工具包	33787
违规	33788
▁Detail	33789
▁Observatory	33790
初中	33791
▁LA	33792
收购	33793
重申它	33794
eau	33795
▁2010;	33796
▁depletion	33797
▁graduates	33798
▁sewage	33799
▁sponsorship	33800
支助帐户	33801
核心文件	33802
这两个国家	33803
非洲之角	33804
▁Va	33805
▁refine	33806
中东局势	33807
宣扬	33808
建议大会通过	33809
1996-1997	33810
▁boxes	33811
▁divorced	33812
做些什么	33813
各个国家	33814
政治支持	33815
机器人	33816
的平等权利	33817
▁blogger	33818
▁cloning	33819
▁shots	33820
从而加强	33821
有关联的	33822
瓣	33823
▁li	33824
理查德	33825
重新审查	33826
剥夺了	33827
第一委员会的报告	33828
这些做法	33829
Recommended	33830
▁prescription	33831
为前提	33832
国家和地区	33833
年第一届常会	33834
法律措施	33835
给大会主席的信	33836
艾伦	33837
一处	33838
利先生	33839
寡	33840
有人指出	33841
结婚了	33842
▁DDT	33843
为了避免	33844
代表介绍了	33845
可持续地	33846
▁Fra	33847
▁cur	33848
供应商或承包商	33849
区域经济一体化组织	33850
族灭绝和其他这类违法行为负责的卢	33851
hra	33852
▁2007).	33853
▁Dave	33854
▁STI	33855
好朋友	33856
發誓	33857
見過	33858
▁Greenland	33859
▁委员会还对	33860
特雷	33861
看见了	33862
▁bridges	33863
▁ideological	33864
▁快跑	33865
攻擊	33866
檢	33867
生产和转让	33868
▁Indebted	33869
▁Nan	33870
▁illustrates	33871
▁incur	33872
▁interruption	33873
▁maturity	33874
▁shake	33875
▁理事会还	33876
个省	33877
各级教育	33878
工业部门	33879
被羁押	33880
适当程序	33881
▁Regrettably	33882
告诉我你	33883
老实	33884
Khan	33885
▁calculations	33886
▁enlargement	33887
有望	33888
▁186	33889
一审	33890
哪兒	33891
国家和国际组织	33892
确有	33893
纳戈尔诺	33894
能夠	33895
要求以色列	33896
).]	33897
242(1967)	33898
▁5.4	33899
▁Careful	33900
没有明确	33901
▁Stan	33902
▁Tunisian	33903
▁discontinued	33904
▁involuntary	33905
▁macro	33906
▁您可以	33907
减少风险	33908
安全政策	33909
廉正	33910
财务报表中	33911
bro	33912
▁conflicting	33913
实现目标	33914
還要	33915
▁Smuggling	33916
▁entrepreneurial	33917
所遭受的	33918
被驳回	33919
▁grid	33920
分配数量	33921
日增	33922
祝贺你	33923
ECA	33924
▁Secure	33925
▁tens	33926
知情同意	33927
第二轮	33928
警局	33929
轻武器	33930
领土人民	33931
hole	33932
▁darkness	33933
整套	33934
滴滴涕	33935
▁(17	33936
▁deteriorated	33937
一堆	33938
资源中心	33939
ffecting	33940
▁sexuality	33941
▁stopping	33942
大会部	33943
平民人口	33944
所作出的	33945
▁Mano	33946
▁Negotiations	33947
▁forcing	33948
不該	33949
以及其他有关	33950
以色列敌军	33951
法律基础	33952
运往	33953
重型	33954
▁absorbed	33955
▁hospitality	33956
多久了	33957
失衡	33958
日在纽约举行的	33959
科目	33960
联合国官员	33961
utonomous	33962
▁Alice	33963
▁Warning	33964
▁facilitators	33965
侨民	33966
戈尔	33967
▁“%	33968
开幕式	33969
途中	33970
▁Br	33971
▁turnover	33972
句话	33973
source	33974
▁cons	33975
▁lit	33976
印度尼西亚政府	33977
古巴代表团	33978
培训员	33979
大笔	33980
所载各项	33981
推销	33982
重申支持	33983
高级管理	33984
▁Fat	33985
▁discovery	33986
执行一项	33987
聰明	33988
▁ERW	33989
▁develops	33990
▁handsome	33991
一次机会	33992
▁intensification	33993
万物	33994
半岛	33995
和平建设	33996
国际商定的发展目标	33997
基本要素	33998
科学界	33999
进一步指出	34000
▁2/	34001
▁Sw	34002
有一個	34003
上帝抵抗军	34004
笼统	34005
1]	34006
flow	34007
所有人民	34008
放射性材料	34009
政策制订	34010
社会群体	34011
鬥	34012
黎巴嫩南部	34013
say	34014
▁AN	34015
▁Leadership	34016
▁conceived	34017
▁mood	34018
人口与发展委员会	34019
日星期四下午	34020
秘书长科菲	34021
▁5.5	34022
▁fi	34023
▁syndrome	34024
栖	34025
核心预算	34026
起到了	34027
(9)	34028
tte	34029
▁boats	34030
临床	34031
举行非正式协商	34032
僅	34033
63/1	34034
English	34035
▁181	34036
▁practised	34037
▁ward	34038
修女	34039
发展水平	34040
的一种手段	34041
▁scarcity	34042
强度	34043
最贫困	34044
疭	34045
unt	34046
▁(22	34047
同伴	34048
振兴大会	34049
海洋资源	34050
炒	34051
▁enclosure	34052
▁radiological	34053
单据	34054
▁Caucasus	34055
▁waited	34056
不断扩大	34057
世人	34058
庇护申请	34059
诉讼中	34060
uki	34061
▁lethal	34062
▁prop	34063
公民及政治权利国际盟约	34064
快速反应	34065
村民	34066
这些数字	34067
▁speaks	34068
为荷	34069
修订本	34070
名国际工作人员	34071
bit	34072
▁poison	34073
▁我没事	34074
集体行动	34075
▁proportional	34076
可恶	34077
惯常	34078
意见认为	34079
起诉书	34080
stic	34081
▁7.1	34082
▁Underlining	34083
▁complained	34084
区域筹备会议	34085
天体	34086
工商业	34087
应当继续	34088
拘留设施	34089
文凭	34090
秈	34091
贡	34092
▁fortune	34093
▁trail	34094
小武器和轻武器非法贸易	34095
数据表明	34096
民用航空	34097
童工现象	34098
lly	34099
▁cabinet	34100
托管厅	34101
提交的材料	34102
石棉	34103
▁endangered	34104
▁intervals	34105
▁stimulating	34106
笑声	34107
纽约公约	34108
▁script	34109
受众	34110
国际团结	34111
谨此	34112
women	34113
▁Lar	34114
▁ba	34115
过渡进程	34116
▁Represent	34117
任意拘留问题工作组	34118
但不是	34119
拥有核武器	34120
旋转	34121
没能	34122
趋	34123
Cha	34124
地方选举	34125
执行率	34126
答應	34127
组办	34128
March	34129
▁Obviously	34130
▁margins	34131
▁scholars	34132
刑事司法制度	34133
布干维尔	34134
经纪人	34135
见上文	34136
选区	34137
▁Ted	34138
▁diminished	34139
▁simplify	34140
▁他们都	34141
仇外	34142
自我评估	34143
触犯	34144
非政府组织和其他	34145
前南斯拉夫问题国际刑事法庭	34146
可信度	34147
▁brilliant	34148
▁contraception	34149
土地所有权	34150
就象	34151
鞭	34152
RED	34153
侯赛因	34154
新闻记者	34155
旋风	34156
的作品	34157
9),	34158
▁190	34159
赣	34160
▁disbursements	34161
▁tribes	34162
廣	34163
必要措施	34164
搜寻	34165
轮胎	34166
这项活动	34167
▁1612	34168
▁Aye	34169
▁murderer	34170
▁unexpected	34171
审议这个问题	34172
落入	34173
过剩	34174
▁conceal	34175
充分履行	34176
▁tap	34177
▁trapped	34178
▁unreasonable	34179
▁writer	34180
洛杉矶	34181
遊戲	34182
饭店	34183
igh	34184
国家的政府	34185
将其纳入	34186
洗澡	34187
OSCE	34188
▁passive	34189
公立学校	34190
讯问	34191
▁2004/05	34192
▁singing	34193
内部监督事务厅关于	34194
十年期支援最不发达国家行动纲领	34195
听讯	34196
因此必须	34197
所规定的义务	34198
氨	34199
避难所	34200
日星期三下午	34201
相连	34202
纽约市	34203
isa	34204
点击	34205
的法律草案	34206
盯着	34207
陷阱	34208
▁Certificate	34209
▁pronounced	34210
▁specifying	34211
▁videos	34212
投票权	34213
石油和天然气	34214
集会自由	34215
集结	34216
▁Dear	34217
▁intentional	34218
▁lonely	34219
向你保证	34220
和技术支助	34221
社会地位	34222
笼	34223
ms	34224
也有助于	34225
紧张关系	34226
	34227
▁(2011),	34228
出去了	34229
玉	34230
misunderstanding	34231
▁registers	34232
瘫痪	34233
▁Certainly	34234
▁Guarantee	34235
▁reap	34236
廢	34237
本两年期	34238
目的和宗旨	34239
部长宣言	34240
fect	34241
▁annotations	34242
▁belonged	34243
以下建议	34244
壤	34245
最基本的	34246
▁Threats	34247
性传播疾病	34248
Paul	34249
▁KPC	34250
▁goodwill	34251
各基金和方案	34252
外流	34253
▁Mental	34254
▁Mir	34255
▁retaliation	34256
水事	34257
附件五	34258
Chi	34259
▁Minorit	34260
▁scrap	34261
古巴代表	34262
向安理会通报	34263
积极成果	34264
积极的作用	34265
ATIONS	34266
作出安排	34267
在上面	34268
第三十五届会议	34269
克雷	34270
同样重要	34271
政策文件	34272
期满	34273
/39	34274
cible	34275
▁(1994)	34276
考虑采取	34277
Good	34278
▁faithful	34279
▁委员会满意地注意到	34280
▁所设委员会	34281
审前拘留	34282
宣传工作	34283
提高妇女地位研训所	34284
文化生活	34285
进展缓慢	34286
逮捕了	34287
▁triggered	34288
新娘	34289
生命周期	34290
▁EA	34291
▁Toxin	34292
▁underlining	34293
寿	34294
PE	34295
power	34296
▁Bilateral	34297
▁perpetuate	34298
使它们能够	34299
和我一起	34300
感兴趣地注意到	34301
舞蹈	34302
警探	34303
Bangladesh	34304
▁6:	34305
▁horses	34306
两次会议	34307
区域和国家各级	34308
自助	34309
裂变材料禁产条约	34310
▁我们敦促	34311
公共采购	34312
ense	34313
▁thin	34314
纳德	34315
▁jerk	34316
▁lake	34317
▁punitive	34318
敦促会员国	34319
机构和非政府组织	34320
颠覆	34321
aro	34322
▁Banks	34323
塌	34324
此类行为	34325
/57/2	34326
▁departed	34327
▁eco	34328
军事装备	34329
未來	34330
满意地	34331
门户网站	34332
▁collateral	34333
过期	34334
限制因素	34335
▁Amman	34336
▁Jerry	34337
▁Limits	34338
▁他會	34339
曾經	34340
的一些问题	34341
這麼說	34342
added	34343
user	34344
ở	34345
混合行动	34346
联合国财务条例和细则	34347
膀	34348
询	34349
Israeli	34350
▁144.	34351
▁Ber	34352
▁Boundary	34353
▁Ow	34354
▁highway	34355
▁undergone	34356
中的地位	34357
从根本上	34358
数据显示	34359
里昂	34360
Kuwait	34361
Took	34362
▁Messenger	34363
劫持人质	34364
防治艾滋病	34365
▁Ham	34366
▁Mechanisms	34367
▁cattle	34368
▁kidnapped	34369
開玩笑	34370
雨水	34371
establishment	34372
pat	34373
▁journal	34374
請你	34375
这一过程	34376
那么做	34377
chu	34378
▁Safeguards	34379
的临时报告	34380
这项原则	34381
patri	34382
人口司	34383
彻底消除	34384
豹	34385
ef	34386
outs	34387
▁Kir	34388
准备好了吗	34389
利润损失	34390
无害环境技术	34391
衷心	34392
车臣	34393
▁CONFERENCE	34394
▁Cheers	34395
▁abandonment	34396
▁hostility	34397
中选出	34398
做的事情	34399
无辜平民	34400
耻辱	34401
▁supreme	34402
▁Copy	34403
▁Mayor	34404
传唤	34405
在最近的	34406
-2010	34407
control	34408
wed	34409
▁1954	34410
▁Break	34411
▁MY	34412
专门为	34413
作出判决	34414
自然资源管理	34415
▁continually	34416
▁mentoring	34417
饥荒	34418
articles	34419
▁Remote	34420
▁cha	34421
几十	34422
开放供签署	34423
▁(10)	34424
來吧	34425
区域和全球各级	34426
增长和发展	34427
延长一年	34428
患病	34429
麻管局	34430
▁2002-2003.	34431
▁siege	34432
复原力	34433
打印机	34434
著名的	34435
They	34436
▁Responses	34437
所需的资源	34438
第十三条	34439
联合国维持和平	34440
.1/63/	34441
41)	34442
aid	34443
严重破坏	34444
地位问题	34445
女孩子	34446
监察专员	34447
这个地方	34448
都不是	34449
陪伴	34450
▁rhetoric	34451
天基信息平台	34452
失业者	34453
应该得到	34454
时光	34455
每隔	34456
重新分配	34457
險	34458
领域的国际合作	34459
饮料	34460
SW	34461
μ	34462
▁Edward	34463
我想要	34464
扩	34465
/63/2	34466
▁monkey	34467
▁registries	34468
号决议所载	34469
形态	34470
比重	34471
TING	34472
Un	34473
▁newsletter	34474
包括发展权	34475
发达国家缔约方	34476
安全理事会正式记录	34477
应酌情	34478
敦促国际社会	34479
苏丹南方	34480
39)	34481
SD	34482
▁你有什么	34483
开头	34484
為什麼要	34485
▁Lom	34486
二者	34487
圣城	34488
在这个领域	34489
送往	34490
43)	34491
▁Going	34492
关于难民地位的公约	34493
性交	34494
提供捐助	34495
椅子	34496
联合国决议	34497
▁CN	34498
▁Forgive	34499
优先问题	34500
法律保障	34501
▁Achieving	34502
▁clinical	34503
▁drinks	34504
不反对	34505
度过	34506
獎	34507
資料	34508
Ram	34509
eight	34510
▁miracle	34511
可真	34512
学历	34513
/60	34514
▁SA	34515
很有可能	34516
是合理的	34517
最新资料	34518
▁convincing	34519
▁passes	34520
歪曲	34521
示威者	34522
联合申诉委员会	34523
行善	34524
headed	34525
pho	34526
▁disorder	34527
▁16).	34528
▁Coast	34529
▁Dick	34530
搞砸了	34531
更糟	34532
特派专家	34533
进一步扩大	34534
逐步实现	34535
Fran	34536
▁139	34537
▁Off	34538
▁stretch	34539
保释	34540
委任	34541
平民伤亡	34542
得很好	34543
稳固	34544
规矩	34545
ax	34546
pet	34547
▁Chairmen	34548
▁incommunicado	34549
▁juncture	34550
很长时间	34551
核心小组	34552
沿海地区	34553
诺夫	34554
▁2002).	34555
▁Message	34556
▁fundamentally	34557
▁postpone	34558
兰德	34559
学校课程	34560
废弃物	34561
慌	34562
一半以上	34563
企业资源规划	34564
第二次老龄问题世界大会	34565
Abu	34566
▁Chairs	34567
▁Commitments	34568
▁chat	34569
专家参加	34570
有若干	34571
段提到的	34572
饰	34573
0.5%	34574
▁Len	34575
▁rolling	34576
▁wounds	34577
▁yellow	34578
儿童保育	34579
地区内	34580
的信念	34581
1),	34582
▁2010-2011,	34583
这些事项	34584
▁memories	34585
之三	34586
大大增加	34587
蔬菜	34588
适足住房	34589
/58/1	34590
▁177	34591
▁Movements	34592
▁adopts	34593
▁你不想	34594
宽泛	34595
浏览	34596
特有的	34597
/37	34598
49)	34599
VA	34600
tas	34601
tus	34602
▁directory	34603
其工作方案	34604
并非所有	34605
成果框架	34606
数据和信息	34607
致死	34608
▁editing	34609
▁newborn	34610
交出	34611
奇迹	34612
总部以外	34613
Official	34614
▁Bougainville	34615
国籍法	34616
的最新资料	34617
这段时间	34618
▁Demand	34619
▁Laden	34620
▁Ontario	34621
依照大会	34622
愚蠢	34623
迈向	34624
Will	34625
▁142	34626
▁indicted	34627
未清债务	34628
训练有素	34629
这一制度	34630
2)	34631
ering	34632
each	34633
下去了	34634
亲密	34635
被用作	34636
载明	34637
这些指控	34638
▁useless	34639
好奇	34640
新成员	34641
貴	34642
bor	34643
▁Speaking	34644
▁costing	34645
国内法院	34646
工作机会	34647
推断	34648
ree	34649
▁6.4	34650
▁NOT	34651
▁authoritative	34652
▁quoted	34653
按照安全理事会第	34654
等因素	34655
IES	34656
▁CPC	34657
▁SP	34658
▁criminality	34659
委派	34660
议案	34661
▁CFC	34662
▁wing	34663
升高	34664
Corruption	34665
OSS	34666
ria	34667
▁Steps	34668
▁automated	34669
▁forged	34670
卫队	34671
国际联合会	34672
被列为	34673
▁MERCOSUR	34674
原则和准则	34675
后悔	34676
并期待	34677
找到你	34678
理论上	34679
▁Whereas	34680
▁mortar	34681
开办了	34682
active	34683
institutional	34684
总部协定	34685
跟进	34686
firm	34687
nik	34688
两个主要	34689
基于性别的	34690
诞生	34691
集体努力	34692
Min	34693
▁Assets	34694
▁GIS	34695
▁counterpart	34696
▁discharged	34697
人道主义活动	34698
克鲁	34699
反恐斗争	34700
这种努力	34701
▁efficiencies	34702
▁secrecy	34703
再次重申	34704
封信	34705
枝	34706
热烈欢迎	34707
生殖权利	34708
纳斯	34709
uiet	34710
卡特尔	34711
哪裡	34712
贫困者	34713
ρ	34714
▁widows	34715
卫生系统	34716
旨在通过	34717
▁statelessness	34718
代表的请求	34719
条所规定的	34720
颁布国	34721
hara	34722
▁sharply	34723
不均衡	34724
滥用权力	34725
July	34726
uce	34727
在世界上	34728
扮	34729
ndiscriminate	34730
▁prostitutes	34731
共产党	34732
赡	34733
ctor	34734
▁委员会强调	34735
下滑	34736
夏季	34737
EX	34738
▁Deal	34739
▁我还以为	34740
决定设立	34741
打击国际恐怖主义	34742
民间社会和私营部门	34743
激增	34744
理智	34745
留存	34746
▁Naqurah	34747
▁communicating	34748
▁reduces	34749
综合症	34750
联合国人类住区会议	34751
螺	34752
该局	34753
谢赫	34754
采取进一步行动	34755
ITY	34756
▁Continued	34757
盈利	34758
社會	34759
▁145.	34760
▁Perfect	34761
▁historically	34762
▁restorative	34763
新千年	34764
第二十八届会议	34765
ska	34766
▁Synchronis	34767
▁populated	34768
临时职位	34769
国家元首和政府首脑会议	34770
恒	34771
政策选择	34772
科威特第纳尔	34773
范本	34774
▁Found	34775
▁bike	34776
▁impacted	34777
▁nights	34778
世界旅游组织	34779
塞浦路斯问题	34780
有权得到	34781
武装冲突中保护平民	34782
海洋学	34783
温室气体排放量	34784
FS	34785
▁PIC	34786
▁approves	34787
优越	34788
向秘书处提交	34789
评估结果	34790
▁Afghans	34791
▁Kiribati	34792
▁cheese	34793
不是为了	34794
出口商	34795
我们所有人	34796
方面遇到	34797
毗邻	34798
解体	34799
非缔约国	34800
▁cheer	34801
▁这是你的	34802
哪种	34803
在其报告中	34804
晕	34805
照看	34806
该事项	34807
进入市场	34808
▁cock	34809
▁philosophy	34810
假日	34811
宗教领袖	34812
onic	34813
▁slide	34814
参与方	34815
▁posters	34816
向大会报告	34817
或荒漠化的国家	34818
generation	34819
title	34820
八十	34821
妖	34822
必须考虑	34823
机票	34824
理应	34825
知识共享	34826
▁(2012)	34827
▁1996)	34828
▁Advocacy	34829
▁GE	34830
▁proportionality	34831
可能有助于	34832
的遵守情况	34833
短暂	34834
礁	34835
躺在	34836
▁IFRS	34837
▁deported	34838
在适当情况下	34839
.4%,	34840
rry	34841
▁MISC	34842
▁auditor	34843
▁inspiration	34844
不同意见	34845
令人遗憾	34846
应给予	34847
母乳喂养	34848
统计系统	34849
赚取	34850
▁assemblies	34851
东帝汶支助团	34852
阿克	34853
tech	34854
▁Games	34855
▁难道你	34856
惩	34857
教你	34858
斯洛伐克共和国	34859
不可持续的	34860
制作了	34861
多氯联苯	34862
开始审议	34863
拘留条件	34864
的依据是	34865
这座	34866
1.8	34867
both	34868
▁Dev	34869
▁calculate	34870
▁disorders	34871
方面的国际合作	34872
餓	34873
.9%。	34874
▁compiling	34875
▁petitioners	34876
一切形式歧视	34877
协助它们	34878
布兰	34879
的基础是	34880
盒子	34881
行政费用	34882
专家审评组	34883
咨商地位的非政府组织	34884
坦白	34885
或以其他方式	34886
手枪	34887
contract	34888
▁unutilized	34889
司法合作	34890
政策制定者	34891
数次	34892
特别指出	34893
相比之下	34894
-28	34895
2005-2006	34896
▁AR	34897
▁Iraqis	34898
▁downstairs	34899
底下	34900
特别提到	34901
经口头订正的决议草案	34902
1)	34903
establish	34904
▁escort	34905
▁媽的	34906
主任专员	34907
武装人员	34908
要看	34909
调至	34910
鐵	34911
陽	34912
骗子	34913
可行性研究	34914
该决定草案	34915
through	34916
▁不过我	34917
加强发展中国家	34918
条约义务	34919
第六届	34920
/63	34921
▁Terms	34922
▁Tonight	34923
▁deficiency	34924
▁vector	34925
番	34926
维持费	34927
老天	34928
陌生人	34929
日期和地点	34930
▁Claim	34931
▁bullets	34932
取得了一些进展	34933
土地管理	34934
没有足够的	34935
能做到	34936
裤子	34937
nan	34938
提高妇女地位国际研究训练所	34939
漂	34940
第四次定期报告	34941
習	34942
system	34943
▁bleeding	34944
其他来源	34945
情人	34946
灭绝	34947
▁depleted	34948
▁SPT	34949
▁Students	34950
▁praised	34951
所犯罪行	34952
提供充足的	34953
/61	34954
▁Kid	34955
▁OPCW	34956
▁solicitation	34957
▁CERs	34958
合规	34959
在押	34960
chaired	34961
▁jacket	34962
向各国提供	34963
工业发展理事会	34964
玡	34965
禁止或限制使用某些可被认为具有过	34966
ground	34967
nate	34968
weapons	34969
▁(1996)	34970
▁doctrines	34971
▁tenders	34972
写了	34973
挨	34974
波黑特派团	34975
▁2012/13	34976
▁Yi	34977
▁ranking	34978
什麼都	34979
2011-201	34980
日大会决议	34981
1.7	34982
crisis	34983
▁counties	34984
▁recruits	34985
▁你他妈的	34986
一辈子	34987
公共利益	34988
巴克	34989
形容	34990
所承担的	34991
本决议执行情况	34992
第二十六届会议	34993
酷刑行为	34994
/44	34995
lain	34996
▁Chadian	34997
▁Strait	34998
▁UNMISET	34999
▁prorate	35000
浪漫	35001
胜任	35002
衍生	35003
ander	35004
evitalization	35005
▁discretionary	35006
▁đã	35007
不再需要	35008
告诉过你	35009
贸易援助	35010
赤	35011
还请秘书长	35012
umb	35013
▁Dead	35014
▁deterrent	35015
▁diversified	35016
▁seabed	35017
他们的权利	35018
国家利益	35019
小额	35020
过渡时期司法	35021
	35022
▁2001).	35023
▁Victoria	35024
▁adhered	35025
▁我不喜欢	35026
海滩	35027
vent	35028
▁183	35029
▁2008).	35030
▁Answer	35031
▁stimulants	35032
祇	35033
联合国网站	35034
NU	35035
nny	35036
▁Adequate	35037
▁Jones	35038
主观	35039
哈桑	35040
焚烧	35041
的来信	35042
角落	35043
GR	35044
▁委员会进一步	35045
学前教育	35046
屏幕	35047
▁guardians	35048
▁template	35049
▁委员会请	35050
余地	35051
我的小	35052
扼要	35053
AND	35054
▁discharging	35055
▁overflew	35056
嚴	35057
帕拉	35058
斟酌	35059
refoulement	35060
▁1980,	35061
▁charts	35062
▁nail	35063
塔拉	35064
programme	35065
▁Count	35066
▁HAVE	35067
▁Wild	35068
▁oblige	35069
▁repatriated	35070
的译文	35071
这项政策	35072
▁1718	35073
▁dec	35074
又一次	35075
可能成为	35076
后才	35077
舞弊	35078
作出了努力	35079
安全理事会有关决议	35080
有损	35081
第六十五届会议	35082
组织的代表	35083
▁closures	35084
个地点	35085
冲突期间	35086
减轻贫困	35087
重大变化	35088
▁170	35089
▁bidding	35090
▁fugitives	35091
▁unrestricted	35092
切割女性生殖器官	35093
进行了审查	35094
ott	35095
乐园	35096
希望你能	35097
是怎样	35098
简体	35099
380	35100
journal	35101
▁booklet	35102
▁impairment	35103
▁快去	35104
其内容	35105
加州	35106
有足够	35107
▁你要我	35108
朴	35109
相关法律	35110
这个进程	35111
cin	35112
▁Sanitation	35113
其他任何	35114
特別	35115
賭	35116
▁Identify	35117
▁fishery	35118
▁priest	35119
▁standpoint	35120
与原子能机构	35121
内载	35122
大会第六十七届会议	35123
建立共识	35124
汇总表	35125
聋	35126
行政干事	35127
西北	35128
via	35129
劇	35130
后裔	35131
日星期二下午	35132
欧元区	35133
泡沫	35134
还呼吁	35135
陆上	35136
预算和财务	35137
▁185	35138
▁Alan	35139
務	35140
引渡或起诉	35141
▁attendant	35142
▁measurements	35143
▁如果她	35144
会议中心	35145
刑事定罪	35146
构架	35147
训	35148
zu	35149
▁download	35150
▁expir	35151
余留	35152
吁请国际社会	35153
吃惊	35154
指定用途	35155
这方面的努力	35156
▁Abraham	35157
▁exciting	35158
任何形式	35159
宣判	35160
普通基金	35161
订立了	35162
贸易点	35163
▁(2005).	35164
全体成员	35165
可怜	35166
note	35167
rop	35168
▁$21	35169
▁Canal	35170
▁Opportunity	35171
宁愿	35172
的灵魂	35173
这种权利	35174
阿拉法特	35175
.7/	35176
64/1	35177
▁1999;	35178
▁Fuel	35179
借用	35180
应主席邀请	35181
提案草案	35182
方案执行情况	35183
环境部	35184
願意	35185
without	35186
▁1945	35187
▁rationalize	35188
令人关注	35189
伴随	35190
安曼	35191
帶來	35192
我女儿	35193
本來	35194
沦为	35195
爱德华	35196
表示注意到	35197
FOR	35198
▁affair	35199
▁secondly	35200
▁如果你不	35201
做准备	35202
小企业	35203
新宪法	35204
Malaysia	35205
▁severity	35206
在该决议中	35207
女友	35208
放射	35209
政府公报	35210
环境政策	35211
被占巴勒斯坦领土	35212
▁1,2	35213
▁Antarctic	35214
tie	35215
▁Lawyers	35216
▁Pete	35217
基桑加尼	35218
舊	35219
▁Dili	35220
▁Nas	35221
▁juridical	35222
▁shifting	35223
▁sweat	35224
一定會	35225
内政部长	35226
总收入	35227
支撑	35228
额度	35229
38)	35230
ios	35231
▁Arch	35232
▁Rachel	35233
廳	35234
急性	35235
没有发现	35236
添	35237
▁1,500	35238
▁7).	35239
▁corresponds	35240
▁vigorous	35241
的余地	35242
0/	35243
2004-2007	35244
▁Ongoing	35245
▁Pakistani	35246
这种援助	35247
▁History	35248
▁innocence	35249
办公厅	35250
reliance	35251
▁Consumer	35252
▁Hybrid	35253
▁communica	35254
▁descriptions	35255
▁searches	35256
绝不会	35257
usa	35258
ذ	35259
▁Barcelona	35260
儿童卖淫和儿童色情制品问题的	35261
化学品审查委员会	35262
Programme	35263
▁Angolan	35264
▁Loss	35265
▁quote	35266
内罗毕办事处	35267
循	35268
段的要求	35269
▁extensions	35270
全体工作组	35271
在谈到	35272
Kha	35273
▁SU	35274
▁你真是	35275
中尉	35276
弯	35277
更多的资源	35278
▁bedroom	35279
出具	35280
排名	35281
▁Organs	35282
▁Pri	35283
▁stockpiling	35284
所犯的	35285
电气	35286
有力地	35287
消除歧视	35288
现金池	35289
的严重程度	35290
/63/3	35291
▁deadlock	35292
广大公众	35293
我相信	35294
BS	35295
来满足	35296
▁armoured	35297
危险性	35298
多数国家	35299
少校	35300
拉赫	35301
掩护	35302
未遂	35303
让人们	35304
▁你打算	35305
▁本项下	35306
名义所作的发言	35307
护送	35308
本国政府	35309
贸易中心	35310
▁我懂	35311
以色列军队	35312
Malvinas	35313
▁4).	35314
▁Along	35315
▁Jin	35316
▁Mum	35317
▁panic	35318
会引起	35319
增拨	35320
庫	35321
惩教	35322
燈	35323
突出表明	35324
麥克	35325
Hi	35326
▁Top	35327
▁patience	35328
儿童的最大利益	35329
并不一定	35330
支助预算	35331
礛	35332
违反国际人道主义法	35333
family	35334
▁Television	35335
▁behave	35336
中国代表团	35337
可悲	35338
归咎于	35339
逃脱	35340
hard	35341
ilo	35342
▁(2013)	35343
达成协商一致	35344
运气	35345
雄心勃勃	35346
▁Appropriate	35347
▁Goma	35348
▁Proliferation	35349
▁他只是	35350
借此	35351
处长	35352
每日生活津贴	35353
禁止使用	35354
第三十三届会议	35355
还有许多	35356
▁OCHA	35357
▁distant	35358
在全球范围内	35359
▁persisted	35360
以外的其他	35361
其目标是	35362
预算文件	35363
60)	35364
now	35365
世界海关组织	35366
人力资本	35367
去哪了	35368
受训	35369
应遵循	35370
RAP	35371
业绩管理	35372
墨西哥政府	35373
有關	35374
GP	35375
NG	35376
劳动市场	35377
数量增加	35378
普通用途	35379
Tom	35380
may	35381
▁Jay	35382
同一天	35383
性别平等问题	35384
▁$22	35385
▁chiefs	35386
▁editorial	35387
▁estimation	35388
▁我发誓	35389
序列	35390
战斗机	35391
街头儿童	35392
谨通知	35393
lez	35394
▁intangible	35395
孤独	35396
重大影响	35397
▁ONUB	35398
▁divert	35399
國王	35400
很简单	35401
掷	35402
▁intensifying	35403
▁recurring	35404
主要涉及	35405
写信	35406
啰	35407
场址	35408
按钮	35409
教我	35410
整编	35411
特派团团长	35412
订正估计数	35413
选民登记	35414
▁Susan	35415
▁nightmare	35416
保障制度	35417
各相关	35418
穴	35419
▁Mercury	35420
各项人权	35421
提交人没有	35422
犹	35423
EL	35424
space	35425
专家组成	35426
区别对待	35427
国内资源	35428
重建和发展	35429
▁Ryan	35430
▁comm	35431
▁receipts	35432
▁weakened	35433
受审	35434
完全同意	35435
法官和律师	35436
男友	35437
等同于	35438
UNDAF	35439
▁Individuals	35440
▁attribution	35441
▁prevailed	35442
全国人权委员会	35443
就任	35444
局限性	35445
憎	35446
报告期	35447
藤	35448
▁hook	35449
法院审理	35450
资本市场	35451
elli	35452
▁30,000	35453
考虑如何	35454
8]	35455
▁curious	35456
▁investigator	35457
广泛参与	35458
拨付	35459
自治区	35460
▁2010-2011.	35461
▁embedded	35462
信士	35463
哪一	35464
树林	35465
stan	35466
▁permissible	35467
参加了会议	35468
安全和保障	35469
文化活动	35470
▁176	35471
▁Luc	35472
▁exhibition	35473
▁provocation	35474
▁sends	35475
在一些情况下	35476
联合国赔偿委员会	35477
▁curse	35478
农田	35479
在其境内	35480
相抵触	35481
立法框架	35482
计划和方案	35483
▁confess	35484
▁sẽ	35485
凉	35486
快要	35487
▁主席提请注意	35488
特殊需求	35489
部份	35490
habi	35491
hum	35492
▁240	35493
▁Band	35494
▁destined	35495
姓氏	35496
從沒	35497
秘书长在其	35498
系統	35499
script	35500
▁Unlike	35501
▁influx	35502
以确保其	35503
任务组	35504
全民教育	35505
公信力	35506
带他	35507
应享有	35508
波特	35509
离境	35510
筿	35511
缉获	35512
special	35513
▁Biennial	35514
▁Sho	35515
▁inconsistencies	35516
▁wholly	35517
仍然有效	35518
拿著	35519
未能就	35520
社会文化	35521
鬧	35522
▁CA	35523
▁bang	35524
▁counted	35525
▁detective	35526
▁pushing	35527
假释	35528
率先	35529
编写一份关于	35530
钓	35531
鞋子	35532
Sharif	35533
▁Continuing	35534
▁conservative	35535
▁disbursed	35536
▁responsiveness	35537
以色列继续	35538
区域服务中心	35539
SID	35540
agan	35541
where	35542
▁Rodr	35543
一篇	35544
SPIDER	35545
▁Arthur	35546
▁然后你	35547
全球贸易	35548
在以下方面	35549
必须尊重	35550
披	35551
提交的资料	35552
炳	35553
細	35554
47/1	35555
▁backdrop	35556
▁clue	35557
之間	35558
享用	35559
图标	35560
抵御	35561
立法改革	35562
筑	35563
至迟在	35564
载述	35565
▁programmed	35566
以後	35567
国家级	35568
情况的资料	35569
词汇	35570
ister	35571
▁Tlatelolco	35572
农村社区	35573
第五次定期报告	35574
被关押在	35575
▁1964	35576
▁RUF	35577
▁charitable	35578
供电	35579
单纯	35580
身份证件	35581
▁deputies	35582
一个机会	35583
布什	35584
照管	35585
STD	35586
▁171	35587
▁Arafat	35588
一般事务员额	35589
不夠	35590
总支出	35591
既没有	35592
腺	35593
這位	35594
58)	35595
violence	35596
不扩散制度	35597
华盛顿特区	35598
国家优先事项	35599
方面的能力建设	35600
贩运活动	35601
▁aunt	35602
▁chi	35603
▁rub	35604
主任办公室	35605
征服	35606
詞	35607
stor	35608
拘	35609
鲨鱼	35610
hun	35611
▁Brian	35612
▁Ground	35613
▁coincide	35614
▁discourse	35615
伊德	35616
报告中指出	35617
民主体制	35618
然後	35619
看到我	35620
▁Pretoria	35621
供参考	35622
贮	35623
身分	35624
▁CONTENTS	35625
▁dispatched	35626
探视	35627
进一步澄清	35628
与会者认为	35629
专门讨论裁军问题的	35630
婦	35631
渐进	35632
RIS	35633
两年期工作方案	35634
加勒比地区	35635
看到他	35636
練	35637
▁Angel	35638
▁Forthcoming	35639
▁charity	35640
二十九	35641
无法确定	35642
苯丙胺类兴奋剂	35643
该协会	35644
该省	35645
▁MAN	35646
▁Repertory	35647
▁menu	35648
不遗余力地	35649
优先顺序	35650
实现全面	35651
年分摊比额表	35652
战机	35653
AH	35654
不那么	35655
关于禁止使用	35656
▁(21	35657
▁colleges	35658
几个星期	35659
存活	35660
普及教育	35661
碗	35662
精心	35663
美洲开发银行	35664
lig	35665
▁Monthly	35666
举证责任	35667
切割	35668
卢旺达政府	35669
安保和安全	35670
怎麼會	35671
▁PART	35672
▁也许我	35673
提出起诉	35674
渥太华公约	35675
第三十二届会议	35676
謝謝	35677
PM	35678
民法典	35679
▁Ny	35680
专业工作人员	35681
换取	35682
波罗的海	35683
阶级	35684
about	35685
▁verifying	35686
原油	35687
被动	35688
Atlas	35689
▁FROM	35690
▁Maternal	35691
▁Structure	35692
▁clan	35693
一国际组织	35694
所适用的	35695
拟设	35696
教廷	35697
联合国有关机构	35698
赶走	35699
tch	35700
▁Proportion	35701
▁shopping	35702
▁unstable	35703
出发点	35704
无害环境的	35705
被抓	35706
/4)	35707
elected	35708
rup	35709
station	35710
▁Demobilization	35711
全球化进程	35712
副部长	35713
拉德	35714
结局	35715
诡	35716
ato	35717
physical	35718
▁ARE	35719
▁editor	35720
▁underpin	35721
刚果民盟	35722
教育水平	35723
规划和执行	35724
轻易	35725
budgeted	35726
emo	35727
▁Saharan	35728
▁一些发言者	35729
中欧	35730
勝	35731
卡里	35732
挫	35733
藐视	35734
跪	35735
▁(23	35736
▁因為你	35737
唉	35738
RY	35739
▁judged	35740
▁retire	35741
函数	35742
实质上	35743
PEN	35744
SU	35745
使用或威胁使用核武器	35746
步兵	35747
1612(2005)	35748
▁Collaboration	35749
▁experiments	35750
工作岗位	35751
更重要	35752
末尾	35753
............	35754
asse	35755
ulated	35756
▁arguing	35757
不可思议	35758
剖	35759
审查期间	35760
恶意	35761
社区一级	35762
365	35763
ACT	35764
▁(27	35765
叙利亚戈兰	35766
所开展的工作	35767
政策空间	35768
真棒	35769
筆	35770
itis	35771
▁(1990)	35772
▁Heavily	35773
▁Mobile	35774
▁praise	35775
以便确定	35776
該死的	35777
还有很多	35778
Michael	35779
▁Consistent	35780
▁loaded	35781
但如果	35782
坚强	35783
律師	35784
最好的朋友	35785
渴	35786
第一句	35787
輛	35788
这种武器	35789
▁Med	35790
国别访问	35791
生产和消费	35792
eo	35793
▁Gentlemen	35794
侵犯人权的行为	35795
只有当	35796
很开心	35797
▁CIA	35798
世界和平	35799
兜	35800
其中除其他外	35801
将继续支持	35802
无误	35803
14)	35804
▁coping	35805
提供自愿捐款	35806
文书草案	35807
第二句	35808
联合国苏丹特派团	35809
貓	35810
▁gì	35811
尚未得到	35812
hoo	35813
▁137	35814
其子女	35815
居所	35816
美国代表	35817
霉	35818
/2005	35819
▁merger	35820
▁reporters	35821
必须立即	35822
提出的任何	35823
51)	35824
mor	35825
可能受到	35826
比勒陀利亚	35827
获取信息	35828
ASEAN	35829
fl	35830
ifying	35831
▁concessionaire	35832
▁forgiveness	35833
▁multicultural	35834
▁我也要	35835
丝毫	35836
有所提高	35837
23%	35838
▁Abbas	35839
▁Rat	35840
一種	35841
主席宣布	35842
典范	35843
必须按照	35844
春季	35845
蚊帐	35846
重建工作	35847
▁scratch	35848
制定出	35849
日星期五下午	35850
残暴	35851
▁variable	35852
人事费	35853
未收到	35854
/4,	35855
▁149.	35856
▁Tele	35857
▁moments	35858
加大努力	35859
额外费用	35860
held	35861
▁4,000	35862
ides	35863
专注于	35864
拉夫	35865
▁angle	35866
迪克	35867
▁Class	35868
▁pesticide	35869
▁surprising	35870
国际市场	35871
瞄准	35872
辖区	35873
Local	35874
▁nouvelles	35875
▁thrown	35876
▁wound	35877
体现出	35878
坎帕拉	35879
有空	35880
核定预算	35881
营运	35882
见本报告附件	35883
责任制	35884
阴影	35885
▁Rate	35886
不结盟国家运动	35887
亲眼	35888
ua	35889
▁YOUR	35890
▁multiplier	35891
▁plague	35892
▁scream	35893
怎麽	35894
警察派遣国	35895
订有	35896
▁Layer	35897
▁Pen	35898
打击非法	35899
样品	35900
牠	35901
特别是妇女和儿童行为的补充议定书	35902
	35903
▁dental	35904
世代	35905
逢	35906
ể	35907
▁2000).	35908
▁forecasting	35909
▁impressed	35910
不迟于	35911
才能实现	35912
构成的威胁	35913
这是由于	35914
viii	35915
▁Observ	35916
▁Verbatim	35917
▁spin	35918
▁timeline	35919
体育活动	35920
冠军	35921
政治和安全	35922
管理司	35923
cover	35924
▁beast	35925
▁mutati	35926
人们认为	35927
仲裁程序	35928
营业地	35929
赶出	35930
迟到了	35931
▁Innovation	35932
最快	35933
桌上	35934
进一步改善	35935
采取的后续行动	35936
2007-2008	35937
atu	35938
▁150.	35939
遵从	35940
850	35941
▁silver	35942
之用	35943
会议成果	35944
悲伤	35945
继承权	35946
维也纳宣言	35947
kel	35948
▁geostationary	35949
▁reimbursements	35950
医师	35951
去那里	35952
浸	35953
眖	35954
社区参与	35955
适用的法律	35956
]:	35957
▁Princess	35958
▁courtroom	35959
▁toxicity	35960
聽見	35961
航空安全	35962
英格兰	35963
rap	35964
▁Whenever	35965
▁automation	35966
今世后代	35967
公共当局	35968
已经结束	35969
所涉期间	35970
换句话说	35971
有不同的	35972
独立机构	35973
的具体需要	35974
绩	35975
▁Evolution	35976
▁Mind	35977
其他代表团	35978
工商界	35979
打架	35980
瘦	35981
▁ballots	35982
▁devising	35983
▁loyal	35984
一个独立的	35985
行政长官	35986
附属机关	35987
XXIX	35988
eter	35989
▁Fr	35990
▁Karabakh	35991
▁Secretaries	35992
想办法	35993
条约规定	35994
海地国家警察	35995
海地政府	35996
▁Languages	35997
▁graduate	35998
▁rubber	35999
主管管理事务副秘书长	36000
外贸	36001
正在出现的	36002
费用分摊	36003
采取具体行动	36004
两个法庭	36005
侵略行为	36006
名成员组成	36007
就这个问题	36008
我丈夫	36009
提供额外	36010
除其他事项外	36011
mus	36012
▁Prostitution	36013
同侪	36014
懂了	36015
棵	36016
薯	36017
▁Christians	36018
▁Including	36019
▁Supervisor	36020
▁kicked	36021
三大支柱	36022
耶夫	36023
▁7.2	36024
▁Kampala	36025
▁OTHER	36026
▁cater	36027
技能培训	36028
有系统的	36029
清单上	36030
蔚	36031
资产管理	36032
▁prejudices	36033
▁以下是	36034
中毒	36035
对这些问题	36036
支助费用	36037
订约当局	36038
阿姨	36039
领水	36040
-2008	36041
1718(2006)	36042
▁advisable	36043
共同赞助	36044
关切事项	36045
結果	36046
▁publicize	36047
▁retirees	36048
主席征得安理会同意	36049
像这样	36050
元首	36051
单单	36052
国际商会	36053
岁的儿童	36054
津	36055
FC	36056
▁Holocaust	36057
▁oppression	36058
▁sums	36059
人道主义和发展	36060
深入研究	36061
烏	36062
福利金	36063
麽	36064
oral	36065
▁detentions	36066
日志	36067
INT	36068
▁Bodies	36069
▁Computer	36070
国际机场	36071
已经死了	36072
扰	36073
生物安全	36074
▁Kisangani	36075
▁mentally	36076
▁recognised	36077
慰问	36078
碰我	36079
阀	36080
▁Either	36081
▁FA	36082
在纽约联合国总部	36083
多边和双边	36084
这一比例	36085
协调作用	36086
成见	36087
紧急行动	36088
┮	36089
▁CC	36090
▁achievable	36091
仅占	36092
常驻联合国代表团向	36093
未作	36094
的后续行动和执行情况	36095
表示赞同	36096
/2008	36097
working	36098
▁Leg	36099
▁disagreement	36100
▁kingdom	36101
局限	36102
奋斗	36103
开端	36104
是非常重要的	36105
▁Kevin	36106
▁Lucy	36107
▁modelling	36108
▁spill	36109
▁你今天	36110
▁又强调	36111
公用事业	36112
提交了关于	36113
水准	36114
臟	36115
變得	36116
诉求	36117
部署前	36118
ộ	36119
▁($8	36120
实际支出	36121
秘书长提出的	36122
轰	36123
▁GNSS	36124
▁Injurious	36125
▁Macao	36126
名稱	36127
国界	36128
法律条款	36129
用力	36130
ggle	36131
写信给	36132
各领土	36133
相互关系	36134
裁军与发展	36135
質	36136
ECE	36137
Thank	36138
▁Micro	36139
▁dozens	36140
▁inspect	36141
压倒	36142
城堡	36143
委员会间会议	36144
承付款项	36145
談談	36146
鼻	36147
前线	36148
的合作下	36149
誠	36150
转交了	36151
这一议题	36152
追究责任	36153
bie	36154
▁Fi	36155
▁“[	36156
订单	36157
▁Helen	36158
缔约	36159
▁(8)	36160
▁Corporate	36161
▁Texas	36162
分隔	36163
多边合作	36164
大会第六十八届会议	36165
很忙	36166
髮	36167
EY	36168
▁220	36169
▁Guy	36170
▁Metohija	36171
▁interior	36172
庭审	36173
贯彻落实	36174
迭	36175
▁KNOW	36176
▁你以為	36177
克朗	36178
色彩	36179
午	36180
广场	36181
打败	36182
新成立的	36183
记录在案	36184
走访	36185
▁Abdel	36186
▁plot	36187
世界气象组织	36188
修订后的	36189
▁Codification	36190
▁Equally	36191
▁pin	36192
个孩子	36193
助长了	36194
实现发展权	36195
就是這樣	36196
履行其义务	36197
选举后	36198
▁(29	36199
一根	36200
亨	36201
法律和条例	36202
▁Delegates	36203
▁characteristic	36204
休闲	36205
团聚	36206
安靜	36207
生产性就业	36208
秘书长提交	36209
触发	36210
这类活动	36211
▁我觉得你	36212
个人权利	36213
2.5%	36214
▁hostages	36215
▁weaken	36216
东北部	36217
为他们提供	36218
偷走	36219
多米尼加	36220
大会议事规则第	36221
科学院	36222
至关重要的作用	36223
袭击事件	36224
going	36225
▁garbage	36226
埃斯	36227
悬而未决	36228
此次会议	36229
融入世界经济	36230
ị	36231
▁Transactions	36232
▁remand	36233
一路	36234
抚	36235
熬	36236
2001-2010	36237
▁pie	36238
区域经济共同体	36239
建设能力	36240
所提议的	36241
棕	36242
而采取的步骤	36243
print	36244
▁AWA	36245
▁MOTAPM	36246
▁Word	36247
▁inspected	36248
这方面的工作	36249
▁accords	36250
▁irre	36251
從來沒	36252
救救	36253
重新安排	36254
▁Johnson	36255
▁Sin	36256
中央应急基金	36257
各司	36258
拟定一项	36259
▁Senator	36260
一种新的	36261
向会员国提供	36262
毛派	36263
犹豫	36264
CIS	36265
PER	36266
emp	36267
vie	36268
培训计划	36269
▁Arts	36270
▁liberal	36271
教育和保健	36272
格兰	36273
联合国关于在发生严重干旱和	36274
金融交易	36275
▁CAN	36276
▁MTSP	36277
列示	36278
核心职能	36279
dan	36280
▁neighbor	36281
十年前	36282
发出通知	36283
条文草案	36284
▁intentionally	36285
▁looting	36286
▁registering	36287
▁是呀	36288
个州	36289
照明	36290
申诉程序	36291
酌处权	36292
has	36293
▁179	36294
▁Andrew	36295
这有助于	36296
Israel	36297
▁bull	36298
▁yielded	36299
什么都没	36300
低成本	36301
此举	36302
非正式工作组	36303
▁1.6	36304
▁unreported	36305
以色列敌方	36306
副代表和顾问	36307
最后阶段	36308
组织一次	36309
自营职业	36310
負	36311
隨便	36312
560	36313
▁Lisbon	36314
▁exile	36315
▁我愛你	36316
人权中心	36317
庆祝活动	36318
资深	36319
资金用于	36320
部分抵消	36321
倡导者	36322
才可以	36323
条缔约方	36324
05)	36325
按照国际法	36326
损害赔偿	36327
支付给	36328
育儿	36329
舅	36330
2),	36331
Come	36332
Frank	36333
only	36334
▁151.	36335
▁AMIS	36336
▁incite	36337
虐待行为	36338
这张	36339
ys	36340
▁973	36341
▁curbing	36342
visual	36343
▁Ras	36344
▁creativity	36345
也不应	36346
完工	36347
自称	36348
fnSim	36349
▁Francis	36350
▁Religion	36351
cycle	36352
▁RCD	36353
▁attest	36354
▁leisure	36355
出現	36356
别想	36357
反馈意见	36358
提具	36359
礚	36360
gli	36361
▁Sami	36362
共同主持	36363
听证	36364
精神健康	36365
膳	36366
譬如	36367
HCH	36368
▁Guatemalan	36369
▁Responding	36370
▁landmine	36371
▁matching	36372
作出调整	36373
叛乱分子	36374
古巴政府	36375
高级管理层	36376
Oceans	36377
fan	36378
lyn	36379
公约和议定书	36380
拟于	36381
皑	36382
篇文章	36383
粗暴	36384
苏丹解放军	36385
Not	36386
help	36387
▁(2010),	36388
▁Pledg	36389
▁Whoo	36390
▁abstain	36391
嫉妒	36392
客观性	36393
涵	36394
的名义发言	36395
直接和间接	36396
Ch	36397
main	36398
▁eviction	36399
▁你干嘛	36400
乞	36401
所反映的	36402
海报	36403
禗	36404
▁Inclusion	36405
▁catalogue	36406
另有决定	36407
多民族玻利维亚国	36408
/59	36409
67/	36410
gle	36411
▁channelled	36412
▁tactical	36413
兵役	36414
大厦	36415
对象是	36416
电视节目	36417
隱	36418
▁supplying	36419
▁tu	36420
所长	36421
明文规定	36422
根深蒂固的	36423
稰	36424
/59/4	36425
GN	36426
▁7:	36427
▁transforming	36428
这样一项	36429
采购活动	36430
ffirming	36431
▁152.	36432
▁circles	36433
▁decrees	36434
▁optimism	36435
仇视	36436
国际发展合作	36437
明示	36438
▁Immediate	36439
提供的支持	36440
朋友们	36441
▁Geo	36442
会议开幕	36443
原籍	36444
各国和各	36445
臭氧消耗物质	36446
被看作是	36447
及其他相关	36448
社会部门	36449
科学和技术委员会	36450
Implementation	36451
▁Bon	36452
▁Nope	36453
他本人	36454
尔顿	36455
电话号码	36456
DAC	36457
▁155.	36458
▁altered	36459
▁与会者还	36460
制订和实施	36461
州长	36462
挪	36463
段提交的	36464
走路	36465
趣	36466
▁Nat	36467
▁afterwards	36468
▁graves	36469
受灾国	36470
弗雷德	36471
民间社会团体	36472
第十三届	36473
运动员	36474
▁Grandma	36475
▁Las	36476
两年期方案预算第	36477
余下的	36478
宏	36479
/2007	36480
21%	36481
▁Benefits	36482
▁Witnesses	36483
▁induction	36484
供其审议	36485
叉	36486
是否有可能	36487
	36488
▁Believe	36489
▁DON	36490
俘	36491
密切协商	36492
已证明	36493
战略和方案	36494
瘘	36495
ART	36496
Po	36497
▁我得走了	36498
不力	36499
临时议程草案	36500
在全国范围内	36501
民间社会参与	36502
讯息	36503
该文书	36504
▁Rosa	36505
▁criminalizing	36506
哈萨克斯坦共和国	36507
外套	36508
安全与发展	36509
年第二届常会	36510
没那么	36511
海洋和沿海	36512
致力于实现	36513
鼓吹	36514
carbon	36515
cle	36516
▁1874	36517
▁massacres	36518
行列	36519
▁09	36520
▁Ann	36521
▁của	36522
▁mama	36523
很差	36524
恼	36525
民族主义	36526
特别是在非洲防治荒漠化的公约	36527
组长	36528
运输合同	36529
/98	36530
OB	36531
▁Baltic	36532
克劳	36533
室内	36534
phone	36535
▁200,000	36536
引人注目	36537
最重要	36538
程序和证据规则	36539
站起来	36540
▁64/1	36541
▁Forced	36542
侠	36543
公然违反	36544
国际经济合作	36545
姊	36546
繷	36547
规划进程	36548
2004/1	36549
aut	36550
ouch	36551
▁UNSOA	36552
▁sanitary	36553
刑事罪	36554
坪	36555
第六十八届会议	36556
联合国西撒哈拉全民投票特派团	36557
这些材料	36558
▁Cast	36559
▁angels	36560
▁punishing	36561
▁sec	36562
不义	36563
52)	36564
Trial	36565
人道主义和救灾援助	36566
我的生活	36567
短链氯化石蜡	36568
绝育	36569
罂粟	36570
提请安全理事会成员注意	36571
程序和机制	36572
binding	36573
▁Marie	36574
▁generously	36575
▁sampling	36576
▁warheads	36577
作准备	36578
电子邮箱	36579
联合国达尔富尔混合行动	36580
7]	36581
▁Rock	36582
信息网	36583
冤	36584
城里	36585
话说	36586
那種	36587
部长们	36588
responsive	36589
▁Ibero	36590
▁flooding	36591
▁offense	36592
外交关系	36593
方框	36594
继续监测	36595
Ethiopia	36596
▁Mode	36597
▁tag	36598
上一次报告	36599
的主要因素	36600
结果表明	36601
缺失	36602
/57/1	36603
Iraq	36604
PLOS	36605
rite	36606
▁coin	36607
▁dropping	36608
▁rip	36609
上审议了	36610
享受人权	36611
怎麼做	36612
▁boarding	36613
▁deepest	36614
▁intermediaries	36615
▁ruined	36616
创造有利于	36617
姆先生	36618
提高认识活动	36619
都有权	36620
▁Ter	36621
▁我在想	36622
谈及	36623
非法开采	36624
(200,288)}	36625
▁phasing	36626
▁repayment	36627
▁subsection	36628
▁valley	36629
常驻代表委员会	36630
质量控制	36631
▁conspiracy	36632
▁matched	36633
▁restrain	36634
▁swiftly	36635
在网上	36636
现在已	36637
▁Helsinki	36638
▁retail	36639
保障协定	36640
刚果共和国	36641
可持续土地管理	36642
各办事处	36643
所拥有的	36644
还参加了	36645
重新评估	36646
ket	36647
▁breached	36648
人民和政府	36649
匠	36650
感到高兴	36651
欠缺	36652
矮	36653
碱	36654
HIV	36655
▁(28	36656
▁CGE	36657
▁forbid	36658
傲	36659
哭了	36660
在日内瓦举行的	36661
家庭暴力问题	36662
扭	36663
最棒的	36664
消除国际恐怖主义的措施	36665
2004/2	36666
ttle	36667
同类	36668
土著居民问题工作组	36669
會讓	36670
调查司	36671
▁translating	36672
不排除	36673
伊斯兰共和国	36674
哨所	36675
孟	36676
特别代表办公室	36677
笑话	36678
第三十届会议	36679
自尊	36680
▁cautious	36681
▁robot	36682
不同地区	36683
铺平道路	36684
56)	36685
rig	36686
▁Bir	36687
▁Seoul	36688
在发言中	36689
渗	36690
ž	36691
▁1985,	36692
▁Missing	36693
▁contraceptives	36694
令人信服	36695
各项条款	36696
基加利	36697
抖	36698
误导	36699
跃	36700
recommendation	36701
▁CESCR	36702
▁要是你	36703
其他政府间组织	36704
军营	36705
妇女参与发展	36706
投机	36707
持续努力	36708
本质上	36709
鑰匙	36710
授权秘书长	36711
暴力侵害妇女问题	36712
浓	36713
hm	36714
judicial	36715
▁153.	36716
▁Consultants	36717
一些具体	36718
令人鼓舞	36719
信守	36720
大众媒体	36721
审查联合国行政和财政业务效率	36722
恩德培	36723
马尔维纳斯	36724
▁reciprocal	36725
同胞	36726
大街	36727
巡回	36728
战斗员	36729
经济和文化	36730
▁bust	36731
专题领域	36732
亲戚	36733
参阅	36734
更密切的	36735
▁stink	36736
前几年	36737
土地利用的变化和林业	36738
所代表的	36739
硂或	36740
顏色	36741
paper	36742
▁Elizabeth	36743
▁basket	36744
▁col	36745
什么地方	36746
传播有关	36747
司法审查	36748
哪怕	36749
大量增加	36750
杀我	36751
楼上	36752
白天	36753
贯彻执行	36754
lia	36755
▁Affirms	36756
▁informative	36757
▁sur	36758
定期更新	36759
/1995/	36760
Sudan	36761
ots	36762
▁Diamond	36763
▁bone	36764
▁positioning	36765
国际公务员	36766
结束之后	36767
马尔维纳斯群岛	36768
▁backstopping	36769
▁punch	36770
一口	36771
尽职	36772
有组织犯罪集团	36773
77)	36774
Okay	36775
stein	36776
▁203	36777
▁DIS	36778
▁centred	36779
▁engineers	36780
日在日内瓦	36781
第十一次	36782
该网站	36783
▁downsizing	36784
新方法	36785
NAM	36786
real	36787
▁purport	36788
共同主办	36789
经济和金融	36790
逮	36791
高等教育机构	36792
11).	36793
▁steadfast	36794
大会第二十届特别会议	36795
柬埔寨政府	36796
比较优势	36797
特色	36798
▁CLOUT	36799
▁blatant	36800
▁bombings	36801
优先目标	36802
地下室	36803
起床	36804
ender	36805
不断发展	36806
全球战略	36807
好几个	36808
祥	36809
符号	36810
UNODC	36811
job	36812
▁(2000).	36813
乘坐	36814
未付	36815
积极合作	36816
自愿性	36817
▁Kashmir	36818
应尽快	36819
欧洲议会	36820
1540	36821
▁Won	36822
▁stigmatization	36823
▁我有个	36824
国内流离失所问题	36825
盘存	36826
秘书处的说明	36827
	36828
▁Mari	36829
▁embargoes	36830
可有助于	36831
失陪	36832
掠	36833
牲	36834
臂	36835
productive	36836
从各个方面防止	36837
辅	36838
会计标准	36839
名一般事务人员	36840
干活	36841
那时候	36842
general	36843
▁Outlook	36844
▁litres	36845
《2001-2010	36846
以减轻	36847
勢	36848
宇航	36849
立法授权	36850
这并不	36851
nel	36852
▁Sar	36853
刑事法庭	36854
大会观察员地位	36855
微生物	36856
留住	36857
荒谬	36858
遭受暴力	36859
间接费用	36860
中小学	36861
以俄语	36862
小鬼	36863
贷记	36864
jar	36865
▁grain	36866
必须承认	36867
批准和执行	36868
稍微	36869
19%	36870
MR	36871
Mi	36872
▁harbour	36873
▁outward	36874
的重要贡献	36875
费用回收	36876
▁aggravating	36877
协调小组	36878
简明	36879
財	36880
▁你現在	36881
可能产生	36882
土地改革	36883
我妻子	36884
旨在改善	36885
看不出	36886
结束之前	36887
/62/1	36888
location	36889
▁Monitor	36890
▁woods	36891
不可侵犯	36892
哥伦比亚政府	36893
嘅	36894
生氣	36895
该专题	36896
▁decreases	36897
▁renounce	36898
▁stealing	36899
商量	36900
日益增长的	36901
胞	36902
▁Broad	36903
▁inhumane	36904
▁logging	36905
▁stereotyping	36906
▁symbols	36907
专属	36908
使用暴力	36909
如果不能	36910
拉克	36911
见附件二	36912
这些群体	36913
▁SESSION	36914
▁calculating	36915
▁educating	36916
.10,	36917
▁Aunt	36918
▁出席情况	36919
个一般事务人员	36920
周岁	36921
第六十七届会议	36922
美国总统	36923
茄	36924
▁biomass	36925
下周	36926
付费	36927
在不影响	36928
平等和不歧视	36929
露西	36930
stituting	36931
tical	36932
▁tackled	36933
商业和金融封锁	36934
次区域组织	36935
	36936
上个月	36937
卢民主力量	36938
我老婆	36939
拉丁	36940
接口	36941
运输单证	36942
pha	36943
中确定的	36944
伐木	36945
品质	36946
香港特区	36947
▁buyers	36948
▁prenatal	36949
▁sins	36950
▁technique	36951
妇女联合会	36952
拜拜	36953
爛	36954
的宗旨是	36955
粄	36956
▁construed	36957
▁审议缔约国根据	36958
实际步骤	36959
政治局势	36960
日渐	36961
盿	36962
造成的后果	36963
闭门会议	36964
阶	36965
00}	36966
▁indefinite	36967
加班	36968
同学	36969
国家或国际组织	36970
建立和加强	36971
收集有关	36972
试用	36973
reduction	36974
▁grouped	36975
▁stream	36976
冲突后重建	36977
易受害	36978
这些指标	36979
know	36980
present	36981
tional	36982
▁SECURITY	36983
▁timelines	36984
ぱ	36985
皇后	36986
适应基金	36987
eat	36988
▁请问	36989
丢了	36990
两个组织	36991
倾听	36992
宿舍	36993
拒絕	36994
移民工人	36995
自信	36996
蔑视	36997
认识到必须	36998
踪	36999
▁Kigali	37000
▁Previous	37001
▁Prophet	37002
▁breakthrough	37003
各利益攸关方	37004
无偿	37005
洱	37006
目标的实现	37007
联合国系统各机构	37008
2004/05	37009
September	37010
▁Transportation	37011
提出了一个	37012
民间社会代表	37013
耕作	37014
追加经费	37015
town	37016
▁Bridge	37017
家庭责任	37018
必要资源	37019
民防	37020
虾	37021
证据显示	37022
面临的问题	37023
▁Mount	37024
▁ni	37025
一些主要	37026
大会第五十四届会议	37027
奠定了基础	37028
本土	37029
违禁	37030
阿拉伯语	37031
ICC	37032
▁Tor	37033
▁breathing	37034
▁recon	37035
宗教和文化	37036
少年犯	37037
监测小组	37038
豬	37039
问责机制	37040
/59/1	37041
ais	37042
▁Karen	37043
你们应当	37044
受托	37045
培育	37046
提供了支助	37047
擺	37048
论述了	37049
▁bitter	37050
▁symptoms	37051
植被	37052
王八蛋	37053
科夫	37054
cept	37055
▁260	37056
▁superiority	37057
惠璶	37058
承包人	37059
来这儿	37060
科斯	37061
空袭	37062
非公开举行	37063
▁1996/31	37064
▁consensual	37065
共同关心的	37066
嘲笑	37067
埃塞俄比亚和厄立特里亚特派团	37068
警务人员	37069
谁会	37070
NT	37071
ike	37072
▁Procurator	37073
▁survived	37074
▁trainees	37075
志愿服务	37076
成立于	37077
方案和政策	37078
未经表决通过	37079
極了	37080
财务机制	37081
风格	37082
[...]	37083
▁Foster	37084
在任何时候	37085
用处	37086
领先	37087
,000,000	37088
只是为了	37089
叹	37090
性别平等主流化	37091
恫吓	37092
成果预算制	37093
攀	37094
整个世界	37095
有效协调	37096
碟	37097
门诊	37098
/57	37099
区域开发银行	37100
最迟	37101
為什麼不	37102
逐渐发展	37103
teen	37104
uala	37105
▁AM	37106
▁ARTICLE	37107
▁eager	37108
不断恶化	37109
公共健康	37110
妇女赋权	37111
放置	37112
由此产生的	37113
討厭	37114
▁2008-2009:	37115
▁persists	37116
主要会期	37117
可能會	37118
想不到	37119
现在正	37120
管制措施	37121
而引起的	37122
/96	37123
agh	37124
▁Bol	37125
向委员会通报	37126
度假	37127
意大利布林迪西联合国后勤基地	37128
整個	37129
force	37130
resident	37131
▁Displacement	37132
也很重要	37133
废弃	37134
评述	37135
SION	37136
不用担心	37137
保持其	37138
同意审计委员会的建议	37139
妇女事务部	37140
边界委员会	37141
进行修订	37142
mur	37143
uv	37144
▁solitary	37145
大学生	37146
许多地方	37147
4),	37148
▁我以为你	37149
不太好	37150
付钱	37151
台上	37152
問你	37153
有效落实	37154
流行率	37155
艘船	37156
▁Abd	37157
▁Prosecutors	37158
▁infringement	37159
▁proving	37160
五溴二苯醚	37161
投保	37162
行政事务	37163
遇害	37164
arra	37165
▁Completion	37166
国际投资	37167
孽	37168
相当多的	37169
这一倡议	37170
uro	37171
战场	37172
Are	37173
▁verbal	37174
世界知识产权组织	37175
二次	37176
加以审议	37177
工作人员薪金税收入	37178
报刊	37179
▁154.	37180
▁mature	37181
▁有些代表团	37182
公正地	37183
名联合国志愿人员	37184
有辱人格的待遇	37185
期刊	37186
Alex	37187
scope	37188
▁Conscious	37189
火狱	37190
私营企业	37191
	37192
/57/4	37193
chin	37194
ữ	37195
▁(2014)	37196
▁ambassadors	37197
副执行主任	37198
受到惩罚	37199
塑造	37200
28%	37201
osis	37202
▁Creating	37203
▁profiling	37204
▁stalemate	37205
▁真的嗎	37206
厲害	37207
煩	37208
积极努力	37209
究竟是	37210
被忽视	37211
gging	37212
▁1996-1997	37213
人权状况特别报告员	37214
卖给	37215
本专题	37216
阳光	37217
good	37218
▁standby	37219
徽	37220
有赖于	37221
编写的报告	37222
被认定	37223
逛	37224
:00	37225
ode	37226
▁141	37227
▁addiction	37228
▁basement	37229
国际人口与发展会议行动纲领	37230
安迪	37231
应得的	37232
提出索赔	37233
民族团结政府	37234
能够更好地	37235
范围之外	37236
违反行为	37237
▁INTERPOL	37238
▁polio	37239
以任何方式	37240
叛军	37241
大陆架界限委员会	37242
妇女就业	37243
教育工作者	37244
现实情况	37245
致敬	37246
人居二	37247
咨商	37248
敦请	37249
行政法院	37250
▁woke	37251
临时议程项目	37252
采购程序	37253
50/1	37254
nit	37255
▁(2008	37256
▁Sweet	37257
各国元首和政府首脑	37258
▁Raj	37259
▁fruits	37260
▁taxi	37261
▁早安	37262
地板	37263
社会进步	37264
经费筹措问题	37265
ying	37266
▁Institution	37267
▁wildlife	37268
任何时候	37269
▁2011;	37270
▁Jakarta	37271
▁LI	37272
▁garage	37273
吉普赛	37274
提供有效的	37275
过去三年	37276
送我	37277
避孕套	37278
附文	37279
2002/1	37280
之友	37281
伤心	37282
原因在于	37283
55%	37284
policy	37285
▁ECONOMIC	37286
▁SNA	37287
号决议提交的	37288
文化部	37289
/62	37290
Colombia	37291
money	37292
▁chocolate	37293
▁directing	37294
▁struggling	37295
上课	37296
不容忍现象	37297
仇外心理和相关不容忍现象	37298
卓越	37299
inclusive	37300
▁(4);	37301
▁proclamation	37302
十分钟	37303
湿地	37304
ulp	37305
▁你知道嗎	37306
几十年来	37307
取得了显著	37308
54)	37309
▁despair	37310
和你一起	37311
年龄段	37312
ISO	37313
▁DDR	37314
▁Supervision	37315
▁strides	37316
指纹	37317
马其顿	37318
/6,	37319
▁WMD	37320
放宽	37321
枪击	37322
缓冲区	37323
边境管制	37324
uous	37325
▁193	37326
▁throwing	37327
与会者强调	37328
全面参与	37329
第五次会议	37330
gal	37331
▁Lisa	37332
▁hierarchy	37333
▁reasoning	37334
▁recreation	37335
唇	37336
国际农业发展基金	37337
悦	37338
拉丹	37339
议程草案	37340
驻联合国	37341
▁Entebbe	37342
▁Hy	37343
▁IGAD	37344
▁supplements	37345
全盘	37346
收到的答复	37347
有道理	37348
霍尔	37349
bis	37350
▁contradiction	37351
▁deduction	37352
▁impaired	37353
▁prince	37354
▁surrounded	37355
亿欧元	37356
有什么事	37357
那晚	37358
annual	37359
▁Dia	37360
▁SI	37361
▁arbitrator	37362
▁graduated	37363
▁trillion	37364
▁wrap	37365
冒犯	37366
可笑	37367
开拓	37368
身份查验	37369
麻醉药品和精神药物	37370
cHF	37371
▁scary	37372
涌	37373
脸上	37374
MONUC	37375
借以	37376
牡	37377
瑞士法郎	37378
艾滋病问题的承诺宣言	37379
许诺	37380
▁148	37381
▁2004-2007	37382
▁gangs	37383
一职	37384
第六十六届会议	37385
耽搁	37386
行动区	37387
SH	37388
efficient	37389
▁Amend	37390
▁Judgement	37391
▁irrelevant	37392
▁reimbursed	37393
▁underway	37394
▁unite	37395
干预行动	37396
问题特使	37397
▁Asylum	37398
▁possessed	37399
▁twin	37400
在其各自	37401
在大多数情况下	37402
帕特	37403
新兴市场	37404
蒙罗维亚	37405
Ka	37406
▁sp	37407
▁supervised	37408
会议大楼	37409
加大力度	37410
在本届会议上	37411
委员会未经表决通过了决议草案	37412
法律和秩序	37413
贫民	37414
▁candidature	37415
▁procured	37416
▁traders	37417
▁谢了	37418
其中大多数	37419
救你	37420
琼	37421
贯穿各领域的	37422
▁Implement	37423
/61/4	37424
WI	37425
不断努力	37426
严重违反国际人道主义法	37427
该次会议	37428
▁serial	37429
▁unfounded	37430
▁但现在	37431
接受培训	37432
本身并不	37433
缔结了	37434
航天器	37435
跟我說	37436
▁insult	37437
▁shifted	37438
双边合作	37439
打击贩运	37440
打断	37441
空调	37442
▁furnished	37443
中删除	37444
囚禁	37445
国际安全援助部队	37446
社会各阶层	37447
tariff	37448
原产地	37449
导向	37450
第三项	37451
能源服务	37452
November	37453
▁Plant	37454
▁pee	37455
不正当	37456
他的名字	37457
怎么想	37458
有一点	37459
非法作物	37460
coming	37461
▁Nutrition	37462
▁dismiss	37463
▁governorates	37464
侵犯塞浦路斯共和国领空	37465
協	37466
合伙人	37467
把钱	37468
没时间	37469
研究成果	37470
給他	37471
装修	37472
边远地区	37473
27%	37474
υ	37475
▁HKSAR	37476
▁Romanian	37477
▁ambulance	37478
▁lays	37479
为所有人	37480
全国对话	37481
归纳	37482
扁	37483
持续下去	37484
自由贸易协定	37485
▁cit	37486
▁jet	37487
▁mayor	37488
▁tissue	37489
审议这个项目	37490
每种	37491
这些倡议	37492
▁screwed	37493
合并报告	37494
是我的错	37495
海洋生物多样性	37496
着重强调	37497
被边缘化	37498
	37499
▁Unemployment	37500
▁pills	37501
孟加拉	37502
小孩子	37503
市政当局	37504
考虑在内	37505
雅加达	37506
EB	37507
approximately	37508
▁articulate	37509
▁discusses	37510
▁pitch	37511
有约束力的	37512
非关税壁垒	37513
▁1982,	37514
▁WAS	37515
公共教育	37516
协助会员国	37517
座谈会	37518
糖尿病	37519
▁penetrated	37520
▁prerequisites	37521
▁我是否可以认为大会	37522
其他利益攸关方	37523
宽带	37524
的重要因素	37525
精神药物公约	37526
/55/2	37527
▁illnesses	37528
/55/4	37529
64)	37530
cess	37531
▁depreciation	37532
▁shield	37533
会带来	37534
怎么可能	37535
碰撞	37536
调查以色列侵害占领区巴勒斯坦人民	37537
fuelling	37538
▁Monrovia	37539
▁abusive	37540
▁broadest	37541
▁waves	37542
人身自由	37543
在政治上	37544
政治稳定	37545
▁Active	37546
一项决定草案	37547
今后几年	37548
你们当	37549
在全体会议上	37550
基础设施发展	37551
票弃权通过	37552
透明度和问责制	37553
▁Sab	37554
▁comparability	37555
▁compensated	37556
开放供	37557
执行主任关于	37558
第五号议定书	37559
经受	37560
车子	37561
转让技术	37562
terdepartmental	37563
▁Chuck	37564
之目的	37565
省长	37566
这一立场	37567
▁boring	37568
有损于	37569
特拉特洛尔科条约	37570
uci	37571
恤	37572
指导下	37573
灾后	37574
▁Aah	37575
▁rehabilitate	37576
其他会员国	37577
所作承诺	37578
瘋狂	37579
▁Bet	37580
▁confessions	37581
▁manifestation	37582
▁winner	37583
件索赔	37584
基督徒	37585
巨额	37586
更有可能	37587
看作	37588
这件	37589
▁SUB	37590
▁unsatisfactory	37591
一趟	37592
开展能力建设	37593
摩洛哥王国	37594
福尔	37595
trained	37596
ult	37597
▁explanatory	37598
▁在此背景下	37599
岛屿发展中国家可持续发展行动纲领	37600
广泛支持	37601
拆毁	37602
焚	37603
观察站	37604
里斯本	37605
领域的活动	37606
▁Wolf	37607
▁demobilized	37608
▁pervasive	37609
▁各项更正	37610
存档	37611
孩	37612
法律诉讼	37613
▁Editor	37614
▁elite	37615
▁harness	37616
▁晚上好	37617
创收活动	37618
参加国	37619
告诫	37620
孕产	37621
有期徒刑	37622
正当程序	37623
第四次报告	37624
载于本报告附件	37625
24%	37626
共处	37627
评价结果	37628
▁Bern	37629
到處	37630
局部	37631
强加于	37632
每位	37633
毫无根据	37634
TY	37635
▁ignorance	37636
/42	37637
▁187	37638
▁jo	37639
尺度	37640
	37641
▁slums	37642
▁tactics	37643
两年期期间	37644
其實	37645
迦	37646
▁Anybody	37647
▁feared	37648
届满	37649
斯汀	37650
Th	37651
▁Hussein	37652
▁Limitation	37653
▁drift	37654
▁practise	37655
▁vigilance	37656
泵	37657
集群	37658
/2001/15	37659
▁Eliminate	37660
▁condoms	37661
▁kinda	37662
信用卡	37663
值得一提的是	37664
好转	37665
疏散	37666
谣	37667
▁Beth	37668
▁deviation	37669
两法庭	37670
打击犯罪	37671
武装分子	37672
遗憾地注意到	37673
65)	37674
omer	37675
▁RBM	37676
▁apportion	37677
如果你們	37678
经济及社会理事会主席	37679
适于	37680
乖乖	37681
该法第	37682
▁Asset	37683
▁featured	37684
主宰	37685
敦促所有	37686
犯罪分子	37687
老師	37688
一切形式的歧视	37689
各国有义务	37690
递延	37691
char	37692
rage	37693
▁Boo	37694
▁Goddamn	37695
▁Village	37696
▁illiterate	37697
▁infringe	37698
▁warnings	37699
北京会议	37700
批索赔	37701
欧盟部队	37702
▁checkpoint	37703
▁放开我	37704
一道努力	37705
下班	37706
仍在进行	37707
公民权	37708
其中安理会	37709
▁Wales	37710
归功于	37711
载列了	37712
陋	37713
PT	37714
▁2006-2007:	37715
▁manages	37716
▁subsidized	37717
▁victimization	37718
归入	37719
怎能	37720
面试	37721
Vice	37722
cla	37723
▁bilingual	37724
▁demolition	37725
▁goodness	37726
克罗地亚共和国	37727
殘	37728
联合国安全理事会第	37729
▁Wh	37730
中國	37731
取得的成绩	37732
稦	37733
▁156.	37734
▁notices	37735
圣诞节	37736
日本代表团	37737
普通法	37738
轻微	37739
ất	37740
▁Donors	37741
▁rope	37742
任何东西	37743
公共信息	37744
玫瑰	37745
胡安	37746
辩方	37747
▁2.9	37748
▁Confidence	37749
▁Creation	37750
▁tense	37751
愤	37752
消费者保护	37753
蔼	37754
调入	37755
金额为	37756
-2003	37757
2000/1	37758
▁quantified	37759
参与式	37760
證據	37761
▁Enhance	37762
▁Fiscal	37763
▁Made	37764
▁Procedural	37765
▁但那	37766
三倍	37767
充分了解	37768
公营部门	37769
合伙	37770
埃德	37771
打赌	37772
的文本和	37773
闯	37774
Democratic	37775
chemical	37776
dri	37777
全体人民	37778
移除	37779
规划和管理	37780
这项要求	37781
进行了记录表决	37782
quitable	37783
▁Allocation	37784
▁Teaching	37785
三届会议	37786
房租	37787
綁	37788
肚	37789
腾	37790
gathering	37791
isi	37792
mine	37793
也许会	37794
单方面声明	37795
嫌疑	37796
性暴力和基于性别的暴力	37797
▁1000	37798
▁Numerous	37799
▁proportions	37800
▁我们还要	37801
▁特别报告员认为	37802
停战监督组织	37803
筹措资金	37804
hari	37805
raz	37806
▁Ecosystem	37807
亲人	37808
刑事诉讼程序	37809
日终了期间	37810
输送	37811
pec	37812
zh	37813
▁Solar	37814
▁meters	37815
▁你看起来	37816
多边贸易体系	37817
更长	37818
研究院	37819
财产管理	37820
允	37821
另有规定	37822
建设性地	37823
跨界含水层	37824
minute	37825
util	37826
▁Awards	37827
具体成果	37828
受控物质	37829
01)	37830
hai	37831
oss	37832
▁đó	37833
勉	37834
▁Consortium	37835
▁Miscellaneous	37836
▁interlinked	37837
▁omissions	37838
▁planted	37839
第十二	37840
缺乏进展	37841
蓝图	37842
pac	37843
▁Prepare	37844
▁licensed	37845
积极行动	37846
该国代表团	37847
起初	37848
这一挑战	37849
▁projection	37850
美妙	37851
过得	37852
▁Peer	37853
▁RIGHT	37854
▁crown	37855
夺取	37856
▁và	37857
亚太地区	37858
今天早上	37859
受武装冲突影响的儿童	37860
多边组织	37861
WE	37862
▁Highly	37863
▁caregivers	37864
▁grandfather	37865
一如既往	37866
专业人士	37867
政令	37868
▁appearing	37869
▁designs	37870
成为一种	37871
有助于促进	37872
表示打算	37873
▁geological	37874
▁wastewater	37875
▁你为什么要	37876
▁要是我	37877
受害儿童	37878
大会本届会议	37879
实物保护	37880
很强	37881
欧亚	37882
水灾	37883
让你们	37884
HC	37885
arily	37886
cient	37887
中非经共体	37888
冬	37889
有好处	37890
▁Tripartite	37891
▁fragmented	37892
体验	37893
参谋长	37894
国务卿	37895
是因为你	37896
XXVI	37897
ody	37898
uniformed	37899
yna	37900
▁Adopts	37901
▁Tai	37902
▁lodge	37903
强烈敦促	37904
毛病	37905
▁censuses	37906
▁princess	37907
及时提交	37908
展示了	37909
指挥部	37910
数以千计	37911
Czech	37912
DB	37913
▁6,000	37914
▁indices	37915
▁oath	37916
可能引起	37917
更多资料	37918
▁realm	37919
▁refinement	37920
▁vacuum	37921
乃	37922
均未	37923
宠	37924
解決	37925
Committee	37926
band	37927
▁churches	37928
▁lag	37929
不是这样	37930
任期四年	37931
应该考虑	37932
来到这里	37933
棚	37934
相关材料	37935
行政机关	37936
57/270	37937
74)	37938
bital	37939
▁184	37940
▁slowdown	37941
承付款	37942
-2007	37943
Philippines	37944
info	37945
▁fever	37946
▁mob	37947
成人教育	37948
更详细的	37949
相关事项	37950
▁literally	37951
▁motives	37952
▁你懂	37953
也不會	37954
巴塞尔	37955
所开展的活动	37956
维也纳国际中心	37957
被剥夺自由者	37958
西奥	37959
ppy	37960
▁178	37961
▁Wo	37962
▁我从没	37963
一切形式和表现的恐怖主义	37964
卡洛斯	37965
岁儿童	37966
更好地利用	37967
loy	37968
▁diaspora	37969
▁flew	37970
▁mentioning	37971
天基	37972
新生力量	37973
科科长	37974
这个词	37975
enforcement	37976
修缮	37977
放大	37978
測	37979
2]	37980
cat	37981
▁2017	37982
▁Disputes	37983
▁crush	37984
▁gravely	37985
▁tears	37986
▁委员会赞赏	37987
通缉	37988
50/2	37989
ddy	37990
▁Anne	37991
条款规定	37992
▁Fed	37993
▁gentleman	37994
▁polling	37995
法官和检察官	37996
注意到人权委员会	37997
ost	37998
▁passion	37999
▁transporting	38000
反恐措施	38001
领海	38002
57/30	38003
▁188	38004
▁rocks	38005
▁上帝啊	38006
igo	38007
▁prepares	38008
善良	38009
真漂亮	38010
适时	38011
/5,	38012
▁Manufacturing	38013
▁Museum	38014
▁Reservations	38015
▁我不需要	38016
辩解	38017
3]	38018
▁Nah	38019
▁hits	38020
▁outlets	38021
内部司法系统	38022
努力提高	38023
土地权	38024
进一步了解	38025
▁fantastic	38026
▁spots	38027
不好意思	38028
妇女和青年	38029
有助于提高	38030
面具	38031
kes	38032
there	38033
▁demon	38034
▁surveyed	38035
健康和安全	38036
再循环	38037
宏观	38038
文化权利国际盟约	38039
谨通知你	38040
▁158.	38041
▁Whoever	38042
恶性循环	38043
这两份	38044
Building	38045
phil	38046
▁1353	38047
▁Costs	38048
▁debated	38049
受教育的权利	38050
国家元首或政府首脑	38051
持续增长	38052
海洋事务和海洋法司	38053
通信技术	38054
esh	38055
▁CEO	38056
▁我感觉	38057
尤为重要	38058
战略和行动计划	38059
▁enhancements	38060
▁privileged	38061
中文发言	38062
发挥着重要作用	38063
目击者	38064
PAN	38065
▁Hot	38066
▁knees	38067
▁reluctance	38068
品种	38069
外围	38070
并强调必须	38071
毛利人	38072
秒钟	38073
移民妇女	38074
被打死	38075
▁IMPLEMENTATION	38076
▁photograph	38077
▁pulling	38078
▁volunteerism	38079
平常	38080
案文草案	38081
米兰	38082
Van	38083
多文化	38084
才干	38085
机构间会议	38086
枢	38087
遥	38088
▁委员会关注	38089
一定很	38090
一定程度的	38091
不仅要	38092
人权和自由	38093
逐出	38094
驻留	38095
positive	38096
▁Brahimi	38097
▁Cont	38098
▁SS	38099
▁bones	38100
一共	38101
战后	38102
民主治理	38103
简易	38104
米歇尔	38105
联合国驻塞浦路斯维持和平部队	38106
诉状	38107
HS	38108
▁Bond	38109
▁Zo	38110
▁alleg	38111
丛	38112
帮他	38113
起草一份	38114
_____	38115
▁midst	38116
增强妇女权能	38117
布鲁塞尔行动纲领	38118
招募和使用儿童	38119
被遣返	38120
▁authorizes	38121
五天	38122
体制改革	38123
蛮	38124
货物运输	38125
跨国界破产	38126
▁Concerns	38127
▁Train	38128
▁perimeter	38129
人力和财政资源	38130
多媒体	38131
实现其目标	38132
无害	38133
更是如此	38134
血腥	38135
75)	38136
lai	38137
▁Banking	38138
从中受益	38139
原则和目标	38140
治安法官	38141
的方式方法	38142
这样才能	38143
gling	38144
rmo	38145
▁157.	38146
▁AGENDA	38147
▁Alma	38148
▁famine	38149
周围地区	38150
布琼布拉	38151
立陶宛共和国	38152
经济利益	38153
週	38154
akh	38155
▁7.5	38156
存入	38157
格斯	38158
還好	38159
部分地区	38160
80)	38161
▁(1978)	38162
▁Leo	38163
▁fluid	38164
▁mum	38165
▁repetition	38166
在表决前	38167
天神	38168
沉积物	38169
砰	38170
造成重大	38171
遣送	38172
0000\	38173
▁foresee	38174
▁reconvened	38175
保护儿童权利	38176
四分之三	38177
国际人权义务	38178
巴塞罗那	38179
看护	38180
▁Enjoy	38181
▁refund	38182
和平集会	38183
考慮	38184
财政部长	38185
骑士	38186
April	38187
Resolution	38188
▁SR	38189
▁inherit	38190
▁sneak	38191
任一	38192
拉丁美洲和加勒比地区	38193
信息共享	38194
技术和创新	38195
提出的各项建议	38196
61)	38197
minating	38198
product	38199
sson	38200
▁3/	38201
▁enumerated	38202
▁trash	38203
▁请将本函及其附件作为安全理事会	38204
人道主义救济	38205
女士阁下	38206
审计结果	38207
富国	38208
尤其重要	38209
謀	38210
▁Oliver	38211
▁Omar	38212
▁anonymous	38213
▁injecting	38214
其任务是	38215
建立适当的	38216
招募儿童	38217
第二十条	38218
谈判达成	38219
▁Potential	38220
▁baselines	38221
▁celebrated	38222
▁那么你	38223
发展中国家间	38224
新出现的问题	38225
无知	38226
郡	38227
represented	38228
▁Roy	38229
▁repository	38230
凭借	38231
处于不利地位	38232
年度部长级审查	38233
▁terrestrial	38234
北美洲	38235
平等对待	38236
▁ah	38237
妇女健康	38238
摧	38239
痕迹	38240
脾	38241
	38242
▁Vietnam	38243
▁attributes	38244
减弱	38245
及其各项议定书	38246
经济机会	38247
退休年龄	38248
October	38249
不间断	38250
眼光	38251
第三十一届会议	38252
▁picking	38253
▁weakening	38254
垮	38255
很少有	38256
微笑	38257
经济困难	38258
趋于	38259
Plurinational	38260
cyclical	38261
terdisciplinary	38262
▁habitual	38263
▁variances	38264
部副部长	38265
grad	38266
ë	38267
▁influential	38268
试验项目	38269
AW	38270
lee	38271
之间关系	38272
其他重要	38273
标准作业程序	38274
56/24	38275
▁KP	38276
▁Rapid	38277
定于今天	38278
hin	38279
▁fostered	38280
凯特	38281
吸取的经验教训	38282
在想什么	38283
▁Deem	38284
▁cá	38285
▁glasses	38286
▁guardianship	38287
▁hotline	38288
▁requisition	38289
大流行病	38290
树木	38291
3.1.	38292
4]	38293
▁Nobel	38294
▁interrupted	38295
▁therefrom	38296
▁我们感谢	38297
三周	38298
審	38299
进驻	38300
▁Male	38301
▁convenient	38302
▁heating	38303
▁通过议程和其他组织事项	38304
不可剥夺的	38305
任意剥夺	38306
密集型	38307
我知道你	38308
理事国	38309
盛行	38310
转账	38311
边界地区	38312
57)	38313
大大有助于	38314
根据理事会第	38315
準	38316
盼	38317
0),	38318
▁Malvinas	38319
▁horror	38320
▁insights	38321
号决议附件二	38322
资金机制	38323
/56	38324
▁AD	38325
▁Bujumbura	38326
▁derogation	38327
▁festival	38328
国家实践	38329
这两个机构	38330
遗弃	38331
2.8	38332
Turkey	38333
tors	38334
uite	38335
▁autumn	38336
▁tourists	38337
东耶路撒冷在内的巴勒斯坦被占领土	38338
涌入	38339
移徙组织	38340
讲习会	38341
aught	38342
▁Mut	38343
▁ninety	38344
▁origins	38345
一些发展中国家	38346
交换了意见	38347
来看看	38348
seeking	38349
▁accent	38350
▁servers	38351
▁viewpoint	38352
与贸易有关的知识产权	38353
凌辱	38354
大会议事规则	38355
奥马尔	38356
政府和非政府组织	38357
瓦斯	38358
非常高兴	38359
▁possessing	38360
不予赔偿	38361
发援会	38362
向受害者提供	38363
小儿麻痹症	38364
常驻联合国	38365
歧	38366
负责监测	38367
遭到破坏	38368
Robert	38369
▁preside	38370
一條	38371
六项	38372
cas	38373
▁Raymond	38374
一点都不	38375
卵	38376
基本需求	38377
學生	38378
弄到	38379
科索沃和梅托希亚	38380
这种关系	38381
udi	38382
▁$23	38383
▁1998;	38384
▁Promise	38385
大厅	38386
米奇	38387
▁WA	38388
▁ordinance	38389
▁radar	38390
▁squad	38391
七条	38392
交互式	38393
第七届	38394
证人保护	38395
£	38396
▁influencing	38397
政治部	38398
是合法的	38399
網路	38400
贫穷和饥饿	38401
餐馆	38402
▁Grab	38403
会没事的	38404
伺	38405
促进国际合作	38406
加班费	38407
raw	38408
▁(26	38409
▁Apparently	38410
▁Enable	38411
五十周年	38412
憾	38413
放映	38414
隶属	38415
▁230	38416
▁COME	38417
▁distributing	38418
今早	38419
住处	38420
分居	38421
安慰	38422
▁romantic	38423
受到严重	38424
文物	38425
核计划	38426
笔记	38427
	38428
/6/	38429
▁Issue	38430
区域主任	38431
大体上	38432
左边	38433
lid	38434
▁arch	38435
在何种程度上	38436
我高兴地	38437
第二十四条	38438
1.5%	38439
▁Kenyan	38440
之后才	38441
适足住房权	38442
鹅	38443
ón	38444
▁addenda	38445
任何事情	38446
全面评估	38447
其他语言发言	38448
剩下	38449
很显然	38450
炭	38451
磋商达成的谅解	38452
马蒂	38453
在同次会议上	38454
少数几个	38455
恢复性司法	38456
花园	38457
▁Standardization	38458
▁administrator	38459
▁suits	38460
可持续消费和生产	38461
相应地	38462
美元中各自应分的数额	38463
美属维尔京群岛	38464
葬礼	38465
讽刺	38466
麻疹	38467
▁destabilize	38468
▁epi	38469
▁instant	38470
全球挑战	38471
改划为	38472
▁HCFC	38473
▁manifested	38474
▁mixture	38475
▁surrendered	38476
别无选择	38477
助产士	38478
塞族共和国	38479
年轻妇女	38480
脱离接触	38481
通过的决议和决定	38482
▁climb	38483
化验	38484
多样	38485
大大减少	38486
实况调查	38487
誤	38488
賴	38489
▁Char	38490
和平利用	38491
多边贸易	38492
指导文件	38493
联络中心	38494
阿根廷共和国	38495
meter	38496
▁425	38497
▁CONVENTION	38498
海港	38499
1957	38500
▁Gabriel	38501
分派	38502
商业交易	38503
消极安全保证	38504
能源部门	38505
ked	38506
▁fatal	38507
▁inland	38508
▁spacecraft	38509
停滞	38510
停车场	38511
哟	38512
敌意	38513
短信	38514
辜	38515
關心	38516
jin	38517
▁Alfonso	38518
报价	38519
有幸	38520
水和卫生	38521
猴子	38522
/43	38523
OG	38524
Θ	38525
▁disturbed	38526
▁tailor	38527
列入名单	38528
宝贵贡献	38529
▁202	38530
全面落实	38531
哪裏	38532
简易爆炸装置	38533
hydr	38534
▁回顾其关于	38535
以更好地	38536
投赞成票	38537
擔	38538
现有机制	38539
结尾	38540
罗伊	38541
LT	38542
▁resolute	38543
免疫接种	38544
失敗	38545
居高不下	38546
描绘	38547
段提及的	38548
这地方	38549
通知秘书处	38550
▁grounded	38551
伊比利亚	38552
信赖	38553
如有必要	38554
南基伍	38555
要去哪	38556
賜	38557
oka	38558
▁chill	38559
有时限的	38560
肩负	38561
酪	38562
采取了哪些	38563
魁北克	38564
sses	38565
▁Editing	38566
了不少	38567
出版社	38568
已故	38569
必将	38570
戀	38571
END	38572
Ku	38573
course	38574
▁fronts	38575
▁注意到秘书长的报告	38576
全日制	38577
均不得	38578
高速	38579
▁Interpretation	38580
▁Seek	38581
▁Selection	38582
▁complies	38583
任何理由	38584
夺走	38585
对原文提出	38586
帝力	38587
来找我	38588
zer	38589
▁Comm	38590
在报告所述期间	38591
推迟审议	38592
索马里局势	38593
通知秘书长	38594
▁ATS	38595
▁Thought	38596
杀伤	38597
来衡量	38598
的代表组成	38599
稳定与结盟进程	38600
第三世界	38601
肾	38602
舞会	38603
被排除在	38604
附属科学技术咨询机构	38605
tha	38606
▁Medicine	38607
非常有限	38608
.2),	38609
83)	38610
lessness	38611
▁cloud	38612
▁coach	38613
不含	38614
对于那些	38615
拒不	38616
联索政治处	38617
采取综合	38618
flu	38619
▁GEO	38620
▁demilitarized	38621
▁他們會	38622
房间里	38623
所包含的	38624
毛利	38625
知识和技能	38626
紧密合作	38627
轮值主席	38628
dding	38629
round	38630
▁Vietnamese	38631
▁specialization	38632
▁为了加强	38633
临时代办	38634
歡	38635
这项战略	38636
idi	38637
▁manifestly	38638
屋顶	38639
帐目	38640
是一致的	38641
比索	38642
聽起來	38643
航空器	38644
茂	38645
63)	38646
▁Displace	38647
▁tribe	38648
总数为	38649
避孕药具	38650
existent	38651
lip	38652
▁Brigade	38653
▁cow	38654
促请缔约国	38655
多数票	38656
/61/1	38657
26%	38658
MIS	38659
language	38660
numer	38661
人類	38662
62)	38663
ج	38664
▁Anh	38665
▁blanket	38666
▁logistic	38667
▁obligatory	38668
▁underpinning	38669
卫生条件	38670
已签署	38671
服務	38672
社会包容	38673
高专办	38674
2009-201	38675
▁Migrat	38676
▁除非你	38677
stage	38678
uran	38679
▁bush	38680
主席团其他成员	38681
保护人权和基本自由	38682
发展中国家间技术合作	38683
另一個	38684
吁请会员国	38685
看不见	38686
这项倡议	38687
top	38688
▁Complaints	38689
▁Conven	38690
▁presences	38691
发展援助委员会	38692
慎重	38693
签署方	38694
莱赣	38695
▁159.	38696
▁widen	38697
▁我的天啊	38698
业主	38699
人类尊严	38700
大學	38701
幾個	38702
最起码	38703
立即采取行动	38704
管理部	38705
Shabaab	38706
▁altogether	38707
▁incursions	38708
以应付	38709
原材料	38710
第二十九届会议	38711
落实发展权	38712
鉴	38713
鸣	38714
open	38715
rai	38716
卡塔尔国	38717
发展中国家和经济转型期国家	38718
各社区	38719
所占的比例	38720
▁Rick	38721
抑	38722
数十年	38723
minded	38724
▁那我就	38725
便可	38726
兔子	38727
弗朗西斯	38728
提供资料说明	38729
演示	38730
贸易协定	38731
转载	38732
/6)	38733
▁counteract	38734
▁degraded	38735
▁extractive	38736
和区域两级	38737
第八届	38738
行政拘留	38739
Personnel	38740
▁SOCIAL	38741
公共财政	38742
手機	38743
普遍适用	38744
智能	38745
知名人士	38746
萨克	38747
cker	38748
对话与合作	38749
执行该决议	38750
生物学	38751
苏丹武装部队	38752
鄉	38753
hold	38754
▁Haven	38755
▁Sad	38756
▁ideology	38757
各国国家元首和政府首脑	38758
嘗	38759
法庭庭长	38760
陆运	38761
lou	38762
▁Maori	38763
▁我说过	38764
可以理解	38765
符合国际标准	38766
编写的关于	38767
▁Disciplinary	38768
▁Important	38769
▁cooperates	38770
▁forecasts	38771
特别基金	38772
粪	38773
终生	38774
过度使用武力	38775
plan	38776
▁democratically	38777
会议时地分配办法	38778
制冷	38779
原子能	38780
态势	38781
是认真的	38782
碧	38783
诚信	38784
闷	38785
Director	38786
▁Apply	38787
▁aqua	38788
▁unaware	38789
不必要	38790
书面通知	38791
你做的	38792
卧	38793
应对这些挑战	38794
武装抢劫	38795
▁attacking	38796
卜拉希米	38797
转用于	38798
2001/2	38799
4、5	38800
ARY	38801
Far	38802
▁Ship	38803
▁bury	38804
地球静止轨道	38805
按性别分列的	38806
正直	38807
码头	38808
警戒	38809
cen	38810
▁Boys	38811
▁你在做什么	38812
俄语	38813
方面的重要作用	38814
理性	38815
.9%,	38816
/68	38817
mos	38818
rif	38819
▁alteration	38820
▁undu	38821
之间存在着	38822
北大西洋公约组织	38823
hop	38824
所得税	38825
衫	38826
/38	38827
last	38828
period	38829
▁bars	38830
再次发生	38831
在安理会议席就座	38832
弗莱	38833
气候变化的影响	38834
活動	38835
IO	38836
▁160.	38837
▁Adult	38838
▁Extrabudgetary	38839
▁stamp	38840
是很重要的	38841
英文和法文	38842
▁heinous	38843
一句话	38844
几分钟	38845
执法机关	38846
报案	38847
班吉	38848
your	38849
▁embassy	38850
▁paths	38851
储藏	38852
出路	38853
四处	38854
在本报告中	38855
蒂斯	38856
▁continents	38857
▁fellowships	38858
一层	38859
享有人权	38860
來找	38861
帐篷	38862
放射源	38863
暴力冲突	38864
▁Tam	38865
▁presided	38866
严重犯罪	38867
预付	38868
65/1	38869
mber	38870
▁abductions	38871
▁curtail	38872
▁enduring	38873
援助巴勒斯坦人民	38874
敌方	38875
/47	38876
▁13:00	38877
不想要	38878
咋	38879
工业界	38880
拿来	38881
耕地	38882
调停	38883
转型期经济体	38884
59)	38885
▁1,3	38886
▁Carter	38887
▁donation	38888
▁prima	38889
受欢迎的	38890
家具和设备	38891
much	38892
▁Thou	38893
▁affirming	38894
▁cor	38895
▁undocumented	38896
巨大努力	38897
每一种	38898
▁OUT	38899
▁rigid	38900
▁supra	38901
个联合国志愿人员	38902
▁POLISARIO	38903
▁optimum	38904
事务厅	38905
名录	38906
和平手段	38907
堤	38908
新闻处	38909
此类武器	38910
这并不是	38911
队员	38912
是多么	38913
3);	38914
base	38915
▁Annie	38916
▁followers	38917
手臂	38918
洛斯	38919
联合国所有会员国	38920
举动	38921
建議	38922
的国家数目	38923
第二十五条	38924
采用一种	38925
rian	38926
▁PARTIES	38927
▁Stephen	38928
▁inspire	38929
业务准备金	38930
所提交的	38931
晨	38932
迷人	38933
酷刑问题特别报告员	38934
USD	38935
▁65/1	38936
公允	38937
印尼	38938
周年纪念	38939
oko	38940
▁Fred	38941
▁cement	38942
▁debtors	38943
单独监禁	38944
另外一些	38945
坎昆	38946
监护权	38947
borne	38948
▁Coordinators	38949
国际移民组织	38950
应当考虑到	38951
突击	38952
裁军和国际安全	38953
▁Disasters	38954
▁nexus	38955
保佑	38956
纪要	38957
category	38958
check	38959
iza	38960
▁2030	38961
▁Pierre	38962
▁Wood	38963
▁domestically	38964
▁正如秘书长	38965
精英	38966
跑到	38967
2001/1	38968
LAC	38969
Strengthening	38970
不限于	38971
偶然	38972
所体现的	38973
提交的文件	38974
▁ashamed	38975
▁broadened	38976
▁wanting	38977
爱好	38978
礼宾	38979
联合国审计委员会	38980
▁Nile	38981
一切可能的	38982
各阶段	38983
国际商定的	38984
未予	38985
柬	38986
相关国际组织	38987
1,600	38988
GH	38989
▁Jeremy	38990
▁beds	38991
▁copyright	38992
伤口	38993
全新的	38994
打击贩卖人口	38995
没必要	38996
蔑	38997
飘	38998
First	38999
fledged	39000
▁Equity	39001
▁Mur	39002
委员会第五十八届会议	39003
希特勒	39004
疆	39005
程序规则	39006
身邊	39007
这笔款项	39008
▁consciousness	39009
压缩	39010
尚未签署	39011
开展宣传	39012
恢复和重建	39013
独立评价	39014
雇佣军活动	39015
shan	39016
修订草案	39017
大院	39018
IDE	39019
strategic	39020
▁Geographic	39021
▁envisage	39022
对话框	39023
我们谨	39024
特派任务生活津贴	39025
訓	39026
这东西	39027
▁1.7	39028
▁MIN	39029
▁clever	39030
▁geospatial	39031
基于性别	39032
奠定了	39033
杨	39034
答复说	39035
艾滋病毒感染者	39036
ANT	39037
▁negligence	39038
今天下午	39039
盟友	39040
▁Discipline	39041
▁outdated	39042
全国和解	39043
决定设立一个	39044
愚	39045
推动力	39046
橄榄	39047
越境转移	39048
▁Involuntary	39049
▁MEETING	39050
▁mile	39051
公众参与	39052
在随后的	39053
应改为	39054
所承认的	39055
括	39056
浆	39057
经常预算资源	39058
▁3.6	39059
▁Outputs	39060
▁Payment	39061
▁landed	39062
▁meals	39063
撞击	39064
▁Feel	39065
▁importation	39066
▁legislators	39067
▁vampire	39068
假如	39069
名士兵	39070
环境和社会	39071
自给自足	39072
HER	39073
Revolutionary	39074
▁2010-2011:	39075
▁sanctioned	39076
从而提高	39077
制定了一个	39078
姿态	39079
裨益	39080
needed	39081
▁2(	39082
▁210	39083
▁Advocate	39084
巩固民主	39085
核恐怖主义	39086
▁51/1	39087
▁inclusiveness	39088
喝点	39089
建议大会通过下列	39090
旅程	39091
有史以来	39092
联合国全球反恐战略	39093
/2002/30	39094
70)	39095
ulator	39096
东道国关系委员会	39097
发挥了重要作用	39098
吕	39099
广阔	39100
联合国系统各实体	39101
IAN	39102
ways	39103
yu	39104
▁irresponsible	39105
▁你不用	39106
古柯	39107
方案管理人员	39108
清單	39109
青年党	39110
▁blew	39111
▁illustration	39112
切割女性生殖器	39113
相关条款	39114
▁$24	39115
▁aids	39116
▁cruise	39117
严格执行	39118
人民自决的权利	39119
分举行	39120
垂	39121
播出	39122
牧场	39123
那样做	39124
非军事化	39125
ulating	39126
▁compliant	39127
农业部	39128
提出反对	39129
编撰	39130
规章制度	39131
请高级专员	39132
达成协商一致意见	39133
这一事件	39134
▁reciprocity	39135
争辩说	39136
简单地	39137
55)	39138
Chairpersons	39139
rum	39140
▁Avenue	39141
▁我明白了	39142
专属经济区	39143
东帝汶政府	39144
北朝鲜	39145
統	39146
▁Jurisdiction	39147
▁improper	39148
影響	39149
武装暴力	39150
ema	39151
▁stimulus	39152
在法庭上	39153
培训和能力建设	39154
所取得的成果	39155
移至	39156
行使外交保护	39157
无歧视	39158
日终了年度	39159
▁CFCs	39160
▁Michel	39161
▁Nar	39162
▁WORK	39163
▁competency	39164
▁relocated	39165
发动机	39166
最后完成	39167
来往	39168
血管	39169
illo	39170
parent	39171
▁3.7	39172
▁Enterprises	39173
▁Speaker	39174
▁grandmother	39175
五次	39176
分配资源	39177
各国间	39178
掘	39179
说出来	39180
▁Victim	39181
▁dwellers	39182
▁insight	39183
▁rally	39184
▁不管你	39185
坐牢	39186
打開	39187
最后一句	39188
第十六	39189
隧道	39190
umba	39191
▁fifteen	39192
残余	39193
載	39194
▁forging	39195
央行	39196
联合国各基金和方案	39197
联阿安全部队	39198
蝶	39199
GM	39200
▁3-6	39201
▁Beautiful	39202
▁Dubai	39203
▁Merc	39204
▁acquisitions	39205
▁mar	39206
争夺	39207
会喜欢	39208
可用来	39209
标题为	39210
贸发会议秘书长	39211
运载	39212
▁Accession	39213
人工流产	39214
承担的责任	39215
旗帜	39216
防止冲突	39217
high	39218
▁Aung	39219
▁dismantle	39220
可随时	39221
带来的挑战	39222
抽烟	39223
法律法规	39224
渔民	39225
▁Bravo	39226
公务差旅	39227
是否有任何	39228
网络犯罪	39229
集中精力	39230
UNITAR	39231
chloro	39232
▁Operating	39233
▁Replies	39234
▁Sky	39235
▁organizers	39236
▁revisit	39237
功效	39238
史蒂夫	39239
太平洋地区	39240
▁annotat	39241
减轻贫穷	39242
哩	39243
挪用	39244
▁catastrophic	39245
▁egg	39246
▁thief	39247
亚当	39248
各项原则	39249
国际交易日志	39250
简历	39251
71)	39252
LCA	39253
hab	39254
lei	39255
seven	39256
▁2005-2006	39257
交换信息	39258
勘探工作计划	39259
奏	39260
日届满	39261
訴	39262
ase	39263
▁milestones	39264
▁temple	39265
▁wasted	39266
弟兄	39267
校园	39268
破裂	39269
第五届	39270
谈过	39271
issued	39272
副特别代表	39273
在下次定期报告中	39274
还讨论了	39275
▁$40	39276
▁($9	39277
六名	39278
向大会第六十届会议	39279
安东尼奥	39280
权威性	39281
▁monopoly	39282
一般规则	39283
作了规定	39284
儿童问题特别会议	39285
彭	39286
Peru	39287
▁Germans	39288
▁overhead	39289
恢复谈判	39290
clu	39291
▁multilingualism	39292
▁righteous	39293
在法律面前	39294
成员国之间	39295
/54	39296
laws	39297
▁可是我	39298
坦诚	39299
折扣	39300
非政府组织和民间社会	39301
Convention	39302
donor	39303
due	39304
lk	39305
▁Revolution	39306
▁apple	39307
▁希望你	39308
全身	39309
微观	39310
▁15,000	39311
▁Counsellor	39312
▁backing	39313
▁reefs	39314
儒	39315
制止向恐怖主义提供资助的国际公约	39316
适合儿童生长的世界	39317
financial	39318
gis	39319
▁corn	39320
▁string	39321
以武力	39322
日的信中	39323
榴	39324
正常化	39325
磋商后	39326
管教	39327
维多利亚	39328
而制定的	39329
订阅	39330
	39331
▁500,000	39332
▁MIC	39333
▁acceleration	39334
▁注意到秘书长	39335
打擾	39336
▁Ambassadors	39337
▁Emerging	39338
▁cybercrime	39339
严密	39340
加入为提案国	39341
国际民用航空组织	39342
大会第六十九届会议	39343
所有与会者	39344
所有形式的	39345
联合举办	39346
38%	39347
kha	39348
rge	39349
▁pronounce	39350
索马里兰	39351
ching	39352
▁Undertake	39353
▁Yesterday	39354
▁optimistic	39355
▁stays	39356
一项声明	39357
这导致	39358
ido	39359
served	39360
▁Cover	39361
▁JUST	39362
▁ordering	39363
下一次定期报告	39364
方面的差距	39365
確實	39366
调集资源	39367
loss	39368
▁Parts	39369
动摇	39370
劳工市场	39371
巴尼	39372
简称	39373
进行的调查	39374
▁ICJ	39375
▁modernize	39376
特别程序任务负责人	39377
IND	39378
osh	39379
▁161.	39380
▁Desk	39381
几千	39382
启示	39383
尋	39384
gam	39385
▁rulings	39386
临近	39387
吉尔吉斯共和国	39388
秘书长提议	39389
竞标	39390
▁Deployment	39391
▁distinctive	39392
▁petrol	39393
▁我们赞扬	39394
这一目的	39395
迪拜	39396
FE	39397
Jan	39398
▁50/1	39399
▁Adolescents	39400
▁fancy	39401
什么都没有	39402
使之能够	39403
夫斯基	39404
找到她	39405
接入	39406
阿拉伯和平倡议	39407
▁FNL	39408
原住民	39409
物理学	39410
重大努力	39411
compromising	39412
▁Description	39413
▁mechanical	39414
▁stipulate	39415
▁tolerated	39416
▁这里有	39417
一刻	39418
環	39419
经合发组织	39420
该项决议	39421
▁Marco	39422
▁disappointing	39423
冲突后局势中	39424
战略和政策	39425
筹划	39426
mara	39427
▁Lau	39428
▁broadcasts	39429
以为你	39430
减半	39431
名军事观察员	39432
引发了	39433
所载建议	39434
桩	39435
选择办法	39436
▁billions	39437
你觉得	39438
劳动部	39439
天数	39440
目的是使	39441
真空	39442
自私	39443
6]	39444
其他阿拉伯人人权的行为特别委员会	39445
所订	39446
旦	39447
琐	39448
研究和发展	39449
課	39450
请洽	39451
lex	39452
nine	39453
▁doll	39454
▁inherited	39455
▁injur	39456
▁penitentiary	39457
一点也不	39458
关怀	39459
实践指南	39460
害死	39461
睿	39462
▁disagree	39463
▁needy	39464
▁tours	39465
不人道或有辱人格的待遇	39466
作為	39467
决定建议大会	39468
杀伤人员地雷及销毁此种地雷的公约	39469
UNMIK	39470
aiti	39471
▁hemisphere	39472
▁searched	39473
▁tries	39474
一整天	39475
债务可持续性	39476
gence	39477
▁Advance	39478
▁pussy	39479
任务执行人	39480
入账	39481
和平与和解	39482
商业化	39483
秆	39484
经济剥削	39485
经纪	39486
蜡	39487
谨随函转递	39488
魅力	39489
-1999	39490
draft	39491
▁consortium	39492
之一就是	39493
年以来一直	39494
建设和平支助办公室	39495
核证的排减量	39496
明知	39497
筹备过程	39498
IB	39499
signed	39500
▁你沒事吧	39501
国家预防机制	39502
圆桌讨论	39503
爆炸事件	39504
32%	39505
focused	39506
下设	39507
变态	39508
所载资料	39509
洒	39510
第十届紧急特别会议	39511
▁behaviours	39512
▁dam	39513
▁equip	39514
▁mouse	39515
史密斯	39516
此项工作	39517
种姓	39518
贝拉	39519
蹲	39520
Martin	39521
plus	39522
▁Ankara	39523
▁Carol	39524
▁objected	39525
两年期间	39526
乌萨马	39527
包裹	39528
商会	39529
有助益	39530
检察机关	39531
深入评价	39532
电子签字	39533
美洲组织	39534
遇到困难	39535
avo	39536
上一份报告	39537
婚姻状况	39538
看過	39539
72)	39540
HD	39541
▁Adjustment	39542
有权享受	39543
永远都	39544
的作用和责任	39545
▁Morgan	39546
▁grievances	39547
▁proves	39548
尋找	39549
洁净	39550
淨	39551
shop	39552
▁Jurists	39553
▁gu	39554
▁subscribe	39555
▁unequivocally	39556
儿童健康	39557
崇	39558
知晓	39559
美金	39560
disaster	39561
不偏不倚	39562
侦察机	39563
基于性别的歧视	39564
谋眔	39565
fus	39566
▁sterilization	39567
玂	39568
联合国空间应用方案	39569
自由贸易区	39570
这一举措	39571
这类行为	39572
▁Nacional	39573
▁Walk	39574
▁pissed	39575
分享信息	39576
十多年	39577
国民大会	39578
夕	39579
我们决心	39580
贩运儿童	39581
▁57/270	39582
▁Hampson	39583
▁Sol	39584
▁toast	39585
宗旨和原则	39586
部长级宣言	39587
TRI	39588
▁rum	39589
將會	39590
穩	39591
GEN	39592
fabricated	39593
oke	39594
▁gall	39595
▁slaves	39596
一晚	39597
小时候	39598
我确已	39599
ility	39600
▁True	39601
▁flower	39602
▁hosts	39603
▁indictments	39604
▁interpreting	39605
国际刑院	39606
尚未完成	39607
恭	39608
最高级别	39609
75\	39610
UNIFEM	39611
tonnes	39612
分配数	39613
所强调的	39614
pay	39615
scoring	39616
▁Success	39617
▁performs	39618
之间的冲突	39619
感到失望	39620
所有有关各方	39621
有效应对	39622
游牧	39623
男性和女性	39624
ducing	39625
令人遗憾的是	39626
▁Kay	39627
▁implicit	39628
使其成为	39629
均须	39630
▁162.	39631
▁[11	39632
▁sheep	39633
軟	39634
专门负责	39635
分伤害力或滥杀滥伤作用的常规武器	39636
很美	39637
掌管	39638
显著增加	39639
普遍批准	39640
泄漏	39641
谁来	39642
SCO	39643
ques	39644
▁GNP	39645
▁Interregional	39646
▁corridors	39647
剧院	39648
当事双方	39649
獻	39650
▁apparatus	39651
不一樣	39652
爆炸装置	39653
职员学院	39654
零件	39655
▁Tin	39656
丹尼尔	39657
帶著	39658
暴力侵害儿童行为	39659
裙子	39660
/78	39661
▁4.6	39662
▁onwards	39663
举行一次会议	39664
共同举办	39665
本来就	39666
especially	39667
mmer	39668
▁Appointments	39669
▁Musa	39670
▁appropriateness	39671
▁gratis	39672
动产	39673
破产代表	39674
-4、1	39675
digit	39676
▁06	39677
▁lecture	39678
▁synthetic	39679
猜猜	39680
财政期	39681
适合于	39682
阿拉伯集团	39683
▁Jar	39684
▁launches	39685
冬季	39686
島	39687
心脏病	39688
担保权益	39689
私营部门和民间社会	39690
第四部分	39691
索马里境内	39692
结成伙伴关系	39693
▁COMP	39694
以色列部队	39695
使之成为	39696
犯下的罪行	39697
目標	39698
继续开展工作	39699
▁corpus	39700
▁regulators	39701
总共有	39702
灵魂	39703
跟我一起	39704
阿拉伯区域	39705
阿方索	39706
难民和寻求庇护者	39707
▁corridor	39708
▁engines	39709
全面和平协议	39710
利益相关方	39711
確已	39712
联合国维和行动	39713
esa	39714
▁163.	39715
抵触	39716
臣	39717
试验性	39718
达尔富尔地区	39719
12:00	39720
▁postponement	39721
移居	39722
legal	39723
▁lover	39724
兼职	39725
占领军	39726
巴特	39727
抗辩	39728
重要意义	39729
▁Principality	39730
▁invisible	39731
▁studio	39732
一年前	39733
受到伤害	39734
所需经费估计数	39735
打扮	39736
拟由	39737
有多大	39738
未缴	39739
稽	39740
记作	39741
责任感	39742
/2001/15/	39743
1956	39744
Mah	39745
▁detecting	39746
▁persuade	39747
刑事法院	39748
恐怖主义袭击	39749
沼	39750
电子逆向拍卖	39751
采取任何行动	39752
chlor	39753
pper	39754
▁211	39755
▁Around	39756
▁Lead	39757
▁Leader	39758
任意逮捕	39759
会议提供实质性服务	39760
有人提出	39761
▁organizes	39762
稻	39763
预审分庭	39764
____	39765
frame	39766
在何处	39767
联合国阿富汗援助团	39768
La	39769
duction	39770
▁sealed	39771
▁sexy	39772
保有	39773
我们大家都	39774
所掌握的	39775
最新信息	39776
演奏	39777
节的规定	39778
被请求国	39779
货币政策	39780
锥	39781
/102	39782
▁Burn	39783
▁chaos	39784
▁eaten	39785
▁polygamy	39786
▁我们走吧	39787
完全不同	39788
退役	39789
cHE	39790
conf	39791
vision	39792
wit	39793
ừ	39794
▁policemen	39795
以为我	39796
带领	39797
皮特	39798
经费筹措的行政和预算问题	39799
罗德里格斯	39800
被占领领土	39801
遇见	39802
高危	39803
▁1981,	39804
▁1995)	39805
▁Industries	39806
▁impart	39807
▁primacy	39808
商标	39809
宽恕	39810
行政人员	39811
provided	39812
uma	39813
vian	39814
▁165.	39815
▁Kol	39816
▁domicile	39817
▁unwanted	39818
亚尔	39819
成套	39820
81)	39821
rp	39822
▁7.3	39823
▁Eighteen	39824
▁horizon	39825
一方当事人	39826
信息和通信	39827
子公司	39828
弹性	39829
诅咒	39830
number	39831
▁Baha	39832
地形	39833
很酷	39834
搏	39835
苹果	39836
▁2012;	39837
▁Conciliation	39838
▁Hay	39839
无理	39840
浴室	39841
菜单	39842
鐘	39843
阿巴斯	39844
-2001	39845
SAR	39846
iki	39847
▁Kab	39848
▁technicians	39849
人道主义紧急情况	39850
伊科观察团	39851
发言者强调	39852
暴力侵害儿童问题	39853
76)	39854
priority	39855
▁Drink	39856
▁lips	39857
你知道吗	39858
懷疑	39859
秉	39860
阿拉伯世界	39861
难民身份	39862
▁2050	39863
▁Rad	39864
▁therapeutic	39865
会外活动	39866
各派	39867
拍照	39868
标界	39869
立足	39870
财产损失	39871
这可能是	39872
驱逐外国人	39873
/61/3	39874
▁GROUP	39875
▁connecting	39876
以及其他相关	39877
发展方面的业务活动	39878
小型企业	39879
折旧	39880
陪你	39881
1947	39882
88)	39883
▁START	39884
▁Voices	39885
堅	39886
支付能力	39887
立足于	39888
▁adjusting	39889
▁augment	39890
▁deck	39891
▁endemic	39892
▁uniforms	39893
▁站住	39894
任務	39895
南美	39896
所犯	39897
的法律后果	39898
5),	39899
HF	39900
figure	39901
used	39902
vor	39903
▁Malian	39904
▁dwellings	39905
▁instruct	39906
中间人	39907
做出了贡献	39908
广播公司	39909
暴力受害者	39910
最弱势	39911
法语国家国际组织	39912
电梯	39913
	39914
▁immune	39915
▁unpredictable	39916
不扩散和裁军	39917
出缺	39918
初步调查	39919
品牌	39920
姿	39921
技术援助和能力建设	39922
里亚尔	39923
▁Strong	39924
▁companion	39925
三分之二多数	39926
呼吁各国政府	39927
帮派	39928
未来地位	39929
have	39930
pped	39931
▁blueprint	39932
▁separatist	39933
ネ	39934
嚴重	39935
如何才能	39936
烃	39937
赤道	39938
jun	39939
不限成员名额非正式协商	39940
取样	39941
在不违反	39942
条款和条件	39943
通过了决议草案	39944
▁closest	39945
履行它们	39946
提高意识	39947
移徙妇女	39948
饿了	39949
▁disengagement	39950
尼泊尔政府	39951
日在日内瓦举行	39952
42%	39953
access	39954
aged	39955
▁stationed	39956
人权和国际人道主义法	39957
旨在消除	39958
种群	39959
ichi	39960
▁UNMIBH	39961
▁apartheid	39962
▁mor	39963
冰箱	39964
委员会第五十九届会议	39965
所有这些都	39966
uda	39967
敬意	39968
days	39969
gie	39970
▁unsuccessful	39971
愁	39972
权利受到侵犯	39973
▁ample	39974
▁snake	39975
▁testimonies	39976
资金不足	39977
防止外层空间军备竞赛	39978
抓住他	39979
▁Az	39980
▁Ker	39981
▁habitats	39982
▁tolerate	39983
全球市场	39984
海水	39985
犯罪现场	39986
祷	39987
联合国广场	39988
赏赐	39989
nz	39990
▁CSOs	39991
▁Nearly	39992
▁aegis	39993
严重程度	39994
中所占比例	39995
政府间发展管理局	39996
野生动植物	39997
5]	39998
▁Hitler	39999
成员资格	40000
撰	40001
.13)	40002
▁18:00	40003
▁Liu	40004
▁Spring	40005
▁entertain	40006
▁subjective	40007
两性不平等	40008
多式联运	40009
秘书长副特别代表	40010
TIC	40011
▁Emphasis	40012
▁variation	40013
進行	40014
▁dignified	40015
▁lowering	40016
戴上	40017
是错误的	40018
核裁军和不扩散	40019
牛津	40020
论据	40021
这个数字	40022
En	40023
eri	40024
▁Communist	40025
▁cable	40026
▁seasonal	40027
侄	40028
出台了	40029
安全理事会和大会	40030
岩石	40031
并不总是	40032
性命	40033
蚀	40034
触及	40035
转变成	40036
▁164.	40037
▁Face	40038
▁MEETINGS	40039
▁broker	40040
▁careers	40041
公司治理	40042
去死吧	40043
当成	40044
情形中	40045
世界城市论坛	40046
槽	40047
秋季	40048
诱惑	40049
贸易壁垒	40050
难民和境内流离失所者	40051
▁scholarship	40052
会议结束时	40053
屠	40054
擁有	40055
未清偿债务	40056
预备委员会	40057
representation	40058
▁GET	40059
▁spared	40060
巴勒斯坦经济	40061
市区	40062
纺织品	40063
马拉喀什	40064
Ω	40065
▁Arabian	40066
▁consumed	40067
决定将题为	40068
刊物	40069
孫	40070
常务副秘书长	40071
正式文件系统	40072
的人口比例	40073
看看这个	40074
辨认	40075
▁Laura	40076
▁circuit	40077
▁fistula	40078
派代表出席了会议	40079
眼镜	40080
综管信息系统	40081
09)	40082
DER	40083
▁1,4	40084
▁Railway	40085
▁Tha	40086
▁cave	40087
减少一半	40088
改正	40089
新设立的	40090
▁Cooper	40091
▁bowl	40092
款行事的缔约方	40093
給她	40094
98%	40095
▁2007:	40096
归化	40097
敗	40098
foot	40099
ologi	40100
▁2014)	40101
▁Maternity	40102
▁Syn	40103
▁exemplary	40104
▁expedit	40105
保重	40106
只适用于	40107
哲	40108
夥	40109
工作人员人数	40110
沒什么	40111
洛美	40112
间的合作	40113
col	40114
ington	40115
ان	40116
仍处于	40117
整整	40118
知识和经验	40119
部队和警察派遣国	40120
风险因素	40121
▁Often	40122
电报	40123
监管框架	40124
▁disk	40125
为什么会	40126
卫生和教育	40127
装载	40128
▁caseload	40129
▁lesbian	40130
一名工作人员	40131
保护证人	40132
吴	40133
外资	40134
▁mutandis	40135
『	40136
尊敬	40137
巴哈	40138
我们俩	40139
所占百分比	40140
所确立的	40141
着陆	40142
起始	40143
辉	40144
2,3	40145
▁Condemns	40146
▁Log	40147
▁inadmissibility	40148
▁去你的	40149
协商小组	40150
巴马科	40151
悲痛	40152
汉普森女士	40153
经济多样化	40154
非索特派团支助办	40155
Just	40156
Prince	40157
▁begging	40158
▁rectify	40159
▁這是什麼	40160
亚美尼亚共和国	40161
映	40162
project	40163
▁见鬼	40164
几份	40165
的核定工作人员薪金税收入估计数	40166
科学知识	40167
▁operationalize	40168
▁torment	40169
▁又认识到	40170
狭	40171
莲	40172
重计费用	40173
/63/1	40174
PRO	40175
▁207	40176
▁demonstrators	40177
两性问题	40178
人权观察	40179
卡洛	40180
爱滋病	40181
用于和平目的	40182
03)	40183
mond	40184
▁Mining	40185
一小部分	40186
佈	40187
信息和通信技术促进发展	40188
創造	40189
是不可接受的	40190
的最有效	40191
road	40192
▁Consent	40193
▁wings	40194
监管机构	40195
让步	40196
CTBT	40197
Net	40198
▁Explosive	40199
卢比	40200
合同损失	40201
收货人	40202
退休后	40203
采购处	40204
▁2004-2005:	40205
▁Examination	40206
▁merchandise	40207
▁modifying	40208
▁stairs	40209
不可避免的	40210
生产部门	40211
经济损失	40212
ò	40213
▁daunting	40214
▁prioritizing	40215
▁witch	40216
▁你應該	40217
机枪	40218
里奇	40219
▁bump	40220
▁obligated	40221
劳资	40222
化学品和废物	40223
境内人权情况	40224
帕尔	40225
薪金表	40226
▁小组还	40227
所提及的	40228
接受治疗	40229
狥	40230
▁Jason	40231
▁aggressor	40232
▁revive	40233
▁whilst	40234
康复中心	40235
本质	40236
的全面报告	40237
郊	40238
MER	40239
▁$1,0	40240
▁Socio	40241
▁airfield	40242
▁interreligious	40243
任何时候都	40244
拘捕	40245
搬运	40246
收款	40247
本来文	40248
特许公司	40249
矫正	40250
▁Selected	40251
▁Williams	40252
▁workplans	40253
个当地雇员	40254
尚未成为	40255
就这些问题	40256
炸死	40257
▁Format	40258
▁tone	40259
以电子方式	40260
扑	40261
文件分发为荷	40262
▁Mus	40263
▁lib	40264
▁pirates	40265
▁unjustified	40266
主管维持和平行动副秘书长	40267
哈德	40268
更为有效	40269
条至第	40270
表示敬意	40271
▁Already	40272
▁Estonian	40273
▁efficacy	40274
国际投资协定	40275
微不足道	40276
激光	40277
约谈	40278
▁hotels	40279
▁midnight	40280
好几	40281
门口	40282
预算外资金	40283
▁ASSEMBLY	40284
▁density	40285
东南	40286
交流意见	40287
人居中心	40288
充足的资源	40289
对性别问题有敏感认识的	40290
打击有罪不罚现象	40291
TRA	40292
keeper	40293
roll	40294
world	40295
▁devastation	40296
▁sometime	40297
收据	40298
根据人权理事会第	40299
褲	40300
赚钱	40301
LDCs	40302
▁26)	40303
▁Direction	40304
两年前	40305
勁	40306
原諒	40307
失控	40308
苗	40309
Kenya	40310
▁broadband	40311
▁fulfill	40312
急诊	40313
Minister	40314
▁suffers	40315
侍	40316
匆	40317
威士忌	40318
法文和西班牙文	40319
蝴	40320
赶上	40321
،	40322
▁RECOMMENDATIONS	40323
▁accrual	40324
▁incorrect	40325
▁soup	40326
保持沉默	40327
網站	40328
▁bless	40329
▁imagination	40330
上的担保权	40331
/201	40332
▁1572	40333
▁Published	40334
日终了两年期	40335
联合国格鲁吉亚观察团	40336
▁Pedro	40337
▁我不在乎	40338
取得了重大进展	40339
Maria	40340
nin	40341
▁pipe	40342
困惑	40343
这种趋势	40344
非正式简报	40345
/5/	40346
away	40347
目的是确保	40348
纠	40349
贫困家庭	40350
fill	40351
▁365	40352
▁concessional	40353
▁mighty	40354
一夜	40355
不容忍和歧视	40356
化解	40357
各单位	40358
惑	40359
斯科特	40360
煎	40361
直升飞机	40362
联合国日刊	40363
information	40364
▁Intervention	40365
▁Sergio	40366
▁spa	40367
▁stewardship	40368
伸出	40369
很快就会	40370
晃	40371
自立	40372
调配	40373
/62/4	40374
WO	40375
using	40376
▁BiH	40377
▁PM	40378
▁Bruce	40379
▁mistaken	40380
千年目标	40381
突显	40382
预防武装冲突	40383
▁$26	40384
突出说明	40385
罷	40386
背离	40387
队部	40388
▁extremists	40389
便利化	40390
促进和加强	40391
公共投资	40392
即便是	40393
抬头	40394
潔	40395
规避	40396
过早	40397
reach	40398
南非约翰内斯堡	40399
去哪兒	40400
双手	40401
大会请秘书长	40402
阿拉伯联盟	40403
公平分配	40404
因果关系	40405
寄宿	40406
提交大会的报告	40407
毫	40408
私立学校	40409
这一观点	40410
developed	40411
▁Miguel	40412
▁hug	40413
▁paternity	40414
▁plea	40415
▁relieve	40416
森林小组	40417
狭隘	40418
輪	40419
通胀	40420
▁6.6	40421
▁Closing	40422
▁GATS	40423
▁PNTL	40424
▁Pal	40425
▁ext	40426
▁licensee	40427
▁rear	40428
▁recovering	40429
乌尔	40430
努力的一部分	40431
在可能的情况下	40432
帥	40433
指导小组	40434
捡	40435
本身就是	40436
鍵	40437
bat	40438
gard	40439
▁altitude	40440
▁mon	40441
副主任	40442
居留许可	40443
很害怕	40444
路障	40445
▁Demographic	40446
▁Ran	40447
即决处决或任意处决	40448
容量	40449
工会联合会	40450
无助于	40451
未决案件	40452
机关和机构	40453
病患	40454
ders	40455
tics	40456
▁ECCAS	40457
▁Occupational	40458
▁Shan	40459
▁Starting	40460
▁不不不	40461
共同核心文件	40462
寄养	40463
莉莉	40464
+20	40465
▁166.	40466
▁Rain	40467
▁bribe	40468
▁controversy	40469
▁keynote	40470
▁stabilizing	40471
后不久	40472
向新闻界发表	40473
EE	40474
▁hitting	40475
国际法院法官	40476
泛滥	40477
留出	40478
这么大	40479
▁airline	40480
▁herein	40481
仍旧	40482
另一次	40483
睁	40484
虛	40485
2:30,	40486
▁babe	40487
▁drill	40488
▁royal	40489
▁downturn	40490
▁oxygen	40491
▁readers	40492
全球发展伙伴关系	40493
征用	40494
正规教育	40495
▁Imp	40496
▁Kafr	40497
▁Miami	40498
▁judgments	40499
▁specificities	40500
有一半	40501
行为的受害者	40502
造成不利影响	40503
nc	40504
▁9.30	40505
▁reaffirmation	40506
▁ventures	40507
传给	40508
多边贸易体制	40509
已经有了	40510
第十四次	40511
联合国系统各专门机构和其他组织	40512
胎儿	40513
观看	40514
附加值	40515
頂	40516
61/24	40517
yard	40518
▁Amazon	40519
▁MOU	40520
▁empirical	40521
▁cyber	40522
▁nonsense	40523
业经	40524
可查阅	40525
国际财务报告准则	40526
极端分子	40527
极高	40528
1959	40529
ona	40530
▁Translation	40531
▁aligning	40532
不受阻碍地	40533
外交和领事	40534
尺舧	40535
/1995	40536
MB	40537
dose	40538
▁Gro	40539
▁Sid	40540
▁mega	40541
▁pools	40542
▁reassignment	40543
政治目的	40544
▁Nav	40545
▁fur	40546
兵库行动框架	40547
切实有效地	40548
卓有成效	40549
并非如此	40550
极端贫穷	40551
▁等下	40552
示范公约	40553
69)	40554
▁desist	40555
日益严重的	40556
经济衰退	40557
	40558
99)	40559
utu	40560
▁AF	40561
双方之间	40562
商界	40563
方面发挥的作用	40564
英國	40565
lier	40566
ured	40567
▁Fri	40568
▁Kai	40569
▁Poly	40570
▁clerk	40571
仍有待	40572
四年期报告	40573
暑	40574
行使管辖权	40575
详细阐述	40576
79)	40577
▁08	40578
▁songs	40579
得到广泛	40580
所界定的	40581
mplementarities	40582
tia	40583
▁1957	40584
▁governor	40585
具有包容性	40586
大自然	40587
相互信任	40588
hua	40589
▁Doug	40590
▁bastards	40591
▁interrupt	40592
▁pensionable	40593
▁probability	40594
▁这就是你	40595
告诉你们	40596
征求意见	40597
懂吗	40598
提出的索赔	40599
有信心	40600
移植	40601
▁Kyi	40602
▁prediction	40603
▁shipped	40604
单元格	40605
各部厅	40606
块钱	40607
律师代理	40608
政治和公共生活	40609
瓳	40610
管理问题高级别委员会	40611
▁197	40612
在不久的将来	40613
怎么啦	40614
我们愿	40615
的一个基本	40616
表达自由	40617
逸	40618
难度	40619
▁Worst	40620
▁campus	40621
▁exerted	40622
代表给安全理事会主席的信	40623
区域和国际组织	40624
很久以前	40625
思路	40626
更多资源	40627
此种行为	40628
特派任务	40629
米特罗维察	40630
讓人	40631
ITU	40632
▁Write	40633
▁congresses	40634
▁hybrid	40635
人力厅	40636
全氟	40637
弥	40638
杰夫	40639
迈进	40640
door	40641
▁Payments	40642
作了介绍性发言	40643
優	40644
帕克	40645
未用余额	40646
次区域和区域	40647
When	40648
terrelationship	40649
▁Author	40650
国际反恐	40651
订正预算	40652
镜头	40653
▁sporting	40654
▁unconditionally	40655
与贸易有关的	40656
广泛协商	40657
康复服务	40658
阔	40659
▁Lily	40660
▁Than	40661
执行局成员	40662
西岸和加沙地带	40663
贬	40664
预防和治疗	40665
.8%)	40666
TU	40667
arri	40668
bol	40669
ontinuation	40670
▁battery	40671
▁republic	40672
企业界	40673
受影响国家缔约方	40674
明文	40675
求助于	40676
GGE	40677
化管战略方针	40678
四种	40679
Chris	40680
▁complexities	40681
▁conciliator	40682
▁reversal	40683
人权和人道主义法	40684
居民区	40685
抚恤金	40686
谎	40687
起义	40688
防止和制止	40689
▁(9)	40690
▁interconnected	40691
▁laptop	40692
侈	40693
只剩	40694
我很抱歉	40695
这片	40696
▁correlation	40697
▁tube	40698
以来一直	40699
憑	40700
日安全理事会关于反恐怖主义的	40701
被占领的巴勒斯坦领土	40702
郑	40703
guard	40704
play	40705
reporting	40706
▁contention	40707
布尼亚	40708
打仗	40709
承办	40710
离去	40711
87)	40712
operative	40713
organ	40714
ves	40715
▁Fourthly	40716
▁desires	40717
▁này	40718
干部	40719
必需品	40720
RG	40721
▁Wanna	40722
▁characterize	40723
你俩	40724
前一天	40725
资料袋	40726
▁qui	40727
▁symbolic	40728
专题辩论	40729
凌晨	40730
只剩下	40731
可信性	40732
在南部上空盘旋	40733
所发挥的	40734
持久性有机污染物的斯德哥尔摩公约	40735
物件	40736
睦邻	40737
缔约国境内	40738
试过	40739
AGE	40740
ality	40741
临时议程和文件	40742
保育	40743
全球一级	40744
关于买卖儿童	40745
点东西	40746
大体	40747
宗教少数群体	40748
羽	40749
隔绝	40750
Power	40751
▁informally	40752
▁rejecting	40753
互动式	40754
呵	40755
死因	40756
转型经济体	40757
94)	40758
dor	40759
een	40760
▁Available	40761
▁SLM	40762
▁reckon	40763
伊万	40764
回返者和流离失所者	40765
FR	40766
Year	40767
ith	40768
▁(12)	40769
▁rein	40770
▁risky	40771
工作组商定	40772
▁centrally	40773
克拉克	40774
综合特派团	40775
Senegal	40776
harm	40777
τ	40778
▁196	40779
▁Bulletin	40780
▁Job	40781
▁Woman	40782
▁overlooked	40783
小组认定	40784
庞	40785
搖	40786
ITC	40787
他媽	40788
保健设施	40789
固定翼飞机	40790
山脉	40791
我国人民	40792
趋向	40793
▁$35	40794
▁cared	40795
▁được	40796
令人失望	40797
罢了	40798
锁定	40799
面临严重	40800
1,0	40801
ding	40802
ull	40803
候选	40804
减刑	40805
知悉	40806
经历过	40807
解放阵线	40808
议题和问题清单	40809
▁exceptionally	40810
▁intermediary	40811
賺	40812
黎巴嫩境内	40813
/2007/1	40814
▁Subsequent	40815
▁droit	40816
▁excludes	40817
▁variability	40818
不宜	40819
具有法律约束力的文书	40820
加倍	40821
危险货物	40822
所审议的	40823
海湾合作委员会	40824
祝你	40825
诋毁	40826
43%	40827
59/27	40828
66)	40829
tier	40830
unit	40831
▁admire	40832
一个问题是	40833
不太可能	40834
公共工程	40835
扩建	40836
权衡	40837
IDA	40838
enge	40839
不成比例	40840
更多的时间	40841
照射	40842
疼痛	40843
被解雇	40844
该法规定	40845
Portugal	40846
▁aspiration	40847
▁stops	40848
是對的	40849
普遍定期审查	40850
更好地理解	40851
(1991)	40852
▁Bang	40853
▁applaud	40854
▁deterrence	40855
人道待遇	40856
促进男女平等	40857
吼	40858
咸	40859
编排	40860
集中讨论	40861
▁Leonard	40862
▁dose	40863
不信道的人	40864
值得欢迎	40865
儿童色情制品	40866
所取得的成就	40867
马伊	40868
1,800	40869
1572(2004)	40870
Bur	40871
ashi	40872
▁flourish	40873
亵渎	40874
关掉	40875
提高公众认识	40876
有待大会采取的行动	40877
Mal	40878
▁Forward	40879
一般国际法	40880
唱片	40881
埃塞俄比亚和厄立特里亚	40882
所涉经费问题	40883
最高限额	40884
.4%)	40885
▁spy	40886
▁substitution	40887
▁validated	40888
审议和延期大会	40889
感染率	40890
version	40891
▁fraction	40892
你媽	40893
偷偷	40894
包括巴勒斯坦问题	40895
城市规划	40896
直接联系	40897
高级法院	40898
▁fer	40899
▁lifestyle	40900
▁precision	40901
▁staring	40902
續	40903
致辞	40904
获知	40905
违犯	40906
适当注意	40907
82)	40908
▁167.	40909
▁joking	40910
准时	40911
反倾销	40912
总检察长办公室	40913
拥护	40914
方面发挥作用	40915
第十次	40916
financed	40917
▁aerospace	40918
其中大部分	40919
多边裁军	40920
环境影响评估	40921
第六节	40922
艾迪	40923
觸	40924
透彻	40925
▁Bamako	40926
▁blogs	40927
▁proposition	40928
在任何情况下都	40929
往返	40930
资产冻结	40931
4”	40932
▁Minsk	40933
▁Sean	40934
▁hated	40935
偷窃	40936
更少	40937
现金流量	40938
Hal	40939
aza	40940
iness	40941
▁0.3	40942
▁4.8	40943
▁Bla	40944
▁Jersey	40945
▁Repertoire	40946
▁Volume	40947
▁dragon	40948
▁icon	40949
▁obstruction	40950
未经表决	40951
根据经济及社会理事会第	40952
68)	40953
IFF	40954
iang	40955
▁Bri	40956
其中所载	40957
明斯克	40958
肉体	40959
藍	40960
	40961
EAR	40962
▁Hear	40963
▁Republican	40964
▁screaming	40965
▁stranger	40966
房子里	40967
电器	40968
technical	40969
你想要的	40970
内陆国家	40971
安息	40972
教育体系	40973
▁Florida	40974
危险货物运输	40975
很有限	40976
武器弹药	40977
牵涉到	40978
研究和开发	40979
联合国系统内部	40980
ICRC	40981
▁$27	40982
▁loading	40983
▁protesters	40984
▁souls	40985
伊斯兰外交部长会议	40986
体制结构	40987
利雅得	40988
引信	40989
的主要内容	40990
spelled	40991
▁enrich	40992
▁interpreter	40993
任择	40994
时和下午	40995
months	40996
▁ITL	40997
失误	40998
尴尬	40999
提供技术咨询	41000
派對	41001
独立调查委员会	41002
管控	41003
联合国系统会计准则	41004
葡	41005
GF	41006
ensi	41007
ident	41008
▁warrior	41009
专业及以上职类	41010
可受理性	41011
未必	41012
▁Advanced	41013
▁Sharing	41014
▁honestly	41015
▁install	41016
娃娃	41017
尽最大努力	41018
火星	41019
详见	41020
73)	41021
▁coincidence	41022
姨	41023
橡胶	41024
阿拉木图	41025
Serbia	41026
▁normalization	41027
各个部门	41028
欧盟成员国	41029
ibly	41030
▁Popular	41031
▁unspent	41032
另一份	41033
▁Firstly	41034
▁furnish	41035
其实是	41036
联合国裁军研究所	41037
FIC	41038
▁Game	41039
▁Wilson	41040
埃米尔	41041
毫无意义	41042
9]	41043
SAICM	41044
▁Aaron	41045
▁rồi	41046
民主政体	41047
部落客	41048
ily	41049
▁Posts	41050
▁你以为我	41051
有权享有	41052
欧盟驻科法治团	41053
相关联	41054
Earth	41055
▁Tara	41056
德语	41057
每一缔约国	41058
老闆	41059
▁creatures	41060
▁heal	41061
▁unlawfully	41062
基本权利和自由	41063
琳娜	41064
降解	41065
	41066
▁367	41067
▁await	41068
▁catering	41069
▁climatic	41070
同意委员会的建议	41071
筋	41072
▁Pilot	41073
▁Silva	41074
圣保罗	41075
帳	41076
社会福利部	41077
/2002/30/	41078
FBI	41079
▁alpha	41080
▁lobby	41081
的一员	41082
rey	41083
▁Admission	41084
▁Alexander	41085
▁Kelly	41086
▁Plurinational	41087
▁Sharon	41088
▁apology	41089
传感器	41090
切实有效	41091
留着	41092
opted	41093
▁168.	41094
▁Cru	41095
▁Internally	41096
▁traded	41097
三個	41098
联合国环境规划署理事会	41099
脆弱性和适应	41100
非核心	41101
CST	41102
race	41103
▁Hunger	41104
▁odds	41105
下列各项	41106
以人为本	41107
无情	41108
负有主要责任	41109
chen	41110
▁collections	41111
▁handover	41112
▁hopeful	41113
▁mentions	41114
▁respectful	41115
不大可能	41116
为了满足	41117
作出重大贡献	41118
头脑	41119
履行职能	41120
放过	41121
有影响的	41122
诚挚	41123
这两个组织	41124
ugh	41125
▁Esp	41126
▁Zero	41127
傑克	41128
得到充分执行	41129
斐	41130
綠	41131
车间	41132
lau	41133
▁2007-2008	41134
▁loving	41135
▁stepping	41136
▁你能不能	41137
不结盟国家	41138
具体步骤	41139
各项指标	41140
强烈支持	41141
政府间谈判委员会	41142
运河	41143
TURE	41144
tention	41145
▁(2005	41146
▁195	41147
▁Indicator	41148
▁Lewis	41149
▁Spo	41150
几个小时	41151
安德烈	41152
怎麼說	41153
无所谓	41154
▁suffice	41155
一眼	41156
定制	41157
寧	41158
执行和监测	41159
星星	41160
转用	41161
ridge	41162
▁Angela	41163
▁Chilean	41164
▁Ul	41165
▁principled	41166
可以更正	41167
向大会提出报告	41168
已婚妇女	41169
獸	41170
銷	41171
▁Speak	41172
▁phải	41173
▁tar	41174
是一样的	41175
第六十九届会议	41176
绘图	41177
▁Ball	41178
▁Seas	41179
▁Wage	41180
▁implication	41181
▁jus	41182
其他有关决议	41183
尊重和保护	41184
报告中提出的	41185
比較	41186
联接	41187
获得赔偿	41188
▁Excellent	41189
▁ISO	41190
▁citing	41191
▁multilingual	41192
▁pioneer	41193
决定指导文件	41194
对此表示	41195
小岛屿	41196
尺寸	41197
第二种	41198
详细情况	41199
04)	41200
Belarus	41201
pid	41202
▁1974,	41203
▁1999).	41204
▁Fourteenth	41205
生境议程	41206
inda	41207
odor	41208
▁entrenched	41209
圣经	41210
女性外阴残割	41211
散步	41212
重伤	41213
POPRC	41214
和平与安全理事会	41215
在很大程度上取决于	41216
就此事	41217
生产和使用	41218
马利	41219
BU	41220
data	41221
violent	41222
▁Philip	41223
▁Ty	41224
增加额	41225
民事登记	41226
设计和执行	41227
误会	41228
调研	41229
67)	41230
Costa	41231
▁unarmed	41232
在下一次定期报告中	41233
提高认识运动	41234
盧	41235
首领	41236
itter	41237
▁Kabila	41238
▁dealers	41239
▁reversing	41240
复核	41241
▁1,5	41242
▁anticipation	41243
傅	41244
监狱系统	41245
非军事区	41246
86)	41247
▁coca	41248
▁guarantor	41249
吵架	41250
教育课程	41251
珠宝	41252
维和部队	41253
,600)	41254
▁convenience	41255
▁delicious	41256
▁ignor	41257
▁initialise	41258
▁mat	41259
▁walks	41260
一项全面的	41261
受影响地区	41262
政府间和非政府组织	41263
极为重视	41264
滞留	41265
第二十一条	41266
菲尔	41267
高潮	41268
▁Bak	41269
▁Emily	41270
▁premise	41271
▁spoil	41272
一侧	41273
垒	41274
资源不足	41275
钚	41276
▁Sum	41277
▁motive	41278
交互	41279
判罪	41280
国家主管部门	41281
安全感	41282
高级职位	41283
	41284
OVER	41285
equi	41286
▁Hands	41287
▁precluded	41288
不歧视原则	41289
大师	41290
明确禁止	41291
每当	41292
痴	41293
缔	41294
肮脏	41295
POL	41296
▁PR	41297
▁droughts	41298
▁elevator	41299
▁hubs	41300
▁quantify	41301
▁touching	41302
拜肈	41303
独一无二	41304
简要介绍了	41305
财务事项	41306
ELL	41307
LAN	41308
pot	41309
▁Mars	41310
▁blocking	41311
▁diminishing	41312
▁villagers	41313
大会有关决议	41314
妨害	41315
91)	41316
IMO	41317
kun	41318
▁ja	41319
▁leveraging	41320
▁riding	41321
以观察员身份参加	41322
組織	41323
行政和预算问题咨询委员会的有关	41324
Tra	41325
▁Mahmoud	41326
▁beneath	41327
▁ether	41328
宣言和行动计划	41329
自然环境	41330
Can	41331
▁Demands	41332
▁possesses	41333
其他类似	41334
基础广泛的	41335
外展	41336
Alma	41337
activity	41338
▁AG	41339
▁Tang	41340
▁drum	41341
▁法官大人	41342
二十世纪	41343
反恐执行局	41344
各项建议的执行情况	41345
工作方案草案	41346
徒劳	41347
跨学科	41348
add	41349
▁7.4	41350
▁Liberty	41351
▁cautioned	41352
▁commentaries	41353
从而有助于	41354
房产	41355
持续发展问题世界首脑会议执行计划	41356
核查制度	41357
第十二次	41358
翠	41359
马尼拉	41360
/56/8	41361
HT	41362
ết	41363
▁occasionally	41364
▁static	41365
仗	41366
做生意	41367
巴巴多斯行动纲领	41368
	41369
▁Marty	41370
▁Sto	41371
▁boil	41372
▁fellows	41373
分类数据	41374
給我們	41375
XVII	41376
▁Eminent	41377
▁UNOWA	41378
▁discrepancy	41379
▁reactor	41380
▁关于这一点	41381
不久前	41382
乃是	41383
多元文化	41384
多金属结核	41385
有组织犯罪公约	41386
牙科	41387
贷项	41388
酵	41389
lev	41390
▁meteorological	41391
▁slower	41392
汇聚	41393
竞争性考试	41394
鎖	41395
nnovative	41396
▁NHRIs	41397
▁computerized	41398
▁verily	41399
并发症	41400
慘	41401
无异议	41402
极力	41403
/9,	41404
不可避免地	41405
举行的会议上	41406
垂直	41407
FT	41408
tification	41409
▁người	41410
修好	41411
我爱你	41412
生效之前	41413
违规行为	41414
▁0.2	41415
▁[(	41416
▁preschool	41417
▁thick	41418
两份报告	41419
内联网	41420
密碼	41421
砖	41422
社会发展问题世界首脑会议和大会	41423
▁205	41424
一开始就	41425
一般公众	41426
之初	41427
公共场所	41428
大会核可	41429
小小的	41430
归档	41431
責	41432
▁Aim	41433
▁Fal	41434
▁pole	41435
▁wreck	41436
哈佛	41437
所需资源减少	41438
祝福	41439
賓	41440
进行记录表决	41441
這一切	41442
非正式文件	41443
高速公路	41444
49/1	41445
ude	41446
▁你是怎么	41447
新一代	41448
长短	41449
Ko	41450
charge	41451
except	41452
创造一种	41453
尼科西亚飞行情报区	41454
跨文化	41455
▁Activity	41456
▁我也想	41457
严重侵犯人权行为	41458
幽默	41459
獺	41460
的一个重要因素	41461
童婚	41462
经修正后的第二号议定书	41463
隶属于	41464
3)	41465
▁$28	41466
▁barracks	41467
▁disgusting	41468
▁immovable	41469
▁inhibit	41470
▁outlaw	41471
▁refurbishment	41472
▁troubled	41473
報告	41474
▁1997;	41475
▁defensive	41476
▁whale	41477
▁我們走	41478
一例	41479
交給	41480
以下内容	41481
新聞	41482
疤	41483
红利	41484
议院	41485
▁Beat	41486
▁favours	41487
▁gesture	41488
▁kills	41489
冬天	41490
安哥拉政府	41491
捆	41492
数据集	41493
综合管理信息系统	41494
配套	41495
wen	41496
▁Successful	41497
▁assaults	41498
▁cigarette	41499
▁smuggled	41500
不可或缺	41501
提交的工作文件	41502
是一个重要的	41503
盲人	41504
unconstitutional	41505
▁Deposit	41506
▁Wide	41507
儿童权利公约关于买卖儿童	41508
法律和行政	41509
neutral	41510
侧重点	41511
团结起来	41512
安定	41513
/70	41514
informal	41515
wise	41516
▁preventable	41517
▁spearhead	41518
凑	41519
匯	41520
模式和程序	41521
索马里沿海	41522
集体惩罚	41523
▁Fel	41524
▁Past	41525
▁determinants	41526
▁endosulfan	41527
▁manipulation	41528
▁scores	41529
沙特阿拉伯王国	41530
▁GNI	41531
▁balancing	41532
▁mud	41533
▁sail	41534
之间的互动	41535
括号	41536
杖	41537
法律秩序	41538
而不仅仅是	41539
Department	41540
▁300,000	41541
▁Determine	41542
▁TRIPS	41543
▁Uzbek	41544
▁geography	41545
▁inaction	41546
▁unimpeded	41547
哪一个	41548
治理结构	41549
消除种族主义	41550
▁Upper	41551
▁duck	41552
▁refuses	41553
失踪案件	41554
幾乎	41555
性工作者	41556
才有可能	41557
柴油	41558
衝	41559
FAR	41560
▁Scotland	41561
▁Yan	41562
▁vigilant	41563
对妇女暴力	41564
意義	41565
眉	41566
联合国所属	41567
协调一致地	41568
飞行员	41569
/53	41570
Fa	41571
pur	41572
uer	41573
▁Bacteriological	41574
▁Bunia	41575
▁strategically	41576
中心主任	41577
艾滋病感染者	41578
计量吸入器	41579
釋	41580
▁UNPOS	41581
▁donated	41582
▁representations	41583
专科	41584
几年前	41585
灭失	41586
/5)	41587
▁impartially	41588
▁virgin	41589
指定一名	41590
提案国行列	41591
搅	41592
行政区	41593
言论自由权	41594
长得	41595
anza	41596
plat	41597
▁Previously	41598
▁STATES	41599
充分反映	41600
去除	41601
右边	41602
德國	41603
给予赔偿	41604
那孩子	41605
配量	41606
顯	41607
7.5%	41608
▁Lands	41609
▁diploma	41610
▁documenting	41611
▁我不认为	41612
和解进程	41613
烈士	41614
.53	41615
▁composite	41616
北欧国家	41617
围绕着	41618
墨西哥城	41619
经济增长和发展	41620
▁1.8	41621
▁EUR	41622
▁NAPs	41623
▁Ways	41624
▁dumped	41625
▁fauna	41626
提供技术支助	41627
资历	41628
首席部长	41629
ACE	41630
Á	41631
▁bored	41632
▁insecticide	41633
七项	41634
基地组织和塔利班	41635
水质	41636
牵头机构	41637
致残	41638
课本	41639
local	41640
▁bind	41641
▁interlinkages	41642
协委会	41643
无人陪伴	41644
相互补充	41645
▁Rescue	41646
设施和基础设施	41647
金融系统	41648
90)	41649
▁expedited	41650
不可缺少的	41651
十年期	41652
巨大挑战	41653
▁butter	41654
▁ratings	41655
』	41656
本条款草案	41657
第十五次	41658
BB	41659
ffer	41660
▁glory	41661
▁我們還	41662
一星期	41663
宅	41664
常用	41665
采购合同	41666
▁Rein	41667
▁numbered	41668
加权	41669
向前迈进	41670
某种形式的	41671
bag	41672
hang	41673
▁Alpha	41674
▁Bernard	41675
▁Mobilization	41676
▁fucker	41677
临界	41678
鉴别	41679
nger	41680
▁Pesticides	41681
保持着	41682
巴士	41683
恰恰	41684
组件	41685
能理解	41686
說謊	41687
▁Sat	41688
▁arrivals	41689
▁originated	41690
▁strife	41691
改革议程	41692
沒事吧	41693
竭力	41694
訂	41695
KE	41696
pra	41697
▁IND	41698
▁caste	41699
▁congress	41700
▁powder	41701
小岛屿国家	41702
牛仔	41703
異	41704
社会及文化权利	41705
老朋友	41706
ean	41707
▁LO	41708
▁PRSP	41709
▁我还要感谢	41710
商业银行	41711
wl	41712
▁Anton	41713
▁canton	41714
▁lex	41715
▁surviving	41716
前夕	41717
检控	41718
臺	41719
部级	41720
Abdul	41721
Financing	41722
創	41723
法院裁定	41724
▁169.	41725
▁behavioural	41726
▁instalments	41727
为妇女提供	41728
侵害儿童	41729
女孩和妇女	41730
心灵	41731
无限	41732
有与会者建议	41733
监委会	41734
▁trunk	41735
产生重大影响	41736
女议员	41737
最惠国	41738
滕	41739
▁overthrow	41740
▁subvention	41741
他的妻子	41742
反击	41743
根据大会议事规则第	41744
考绩制度	41745
集体谈判	41746
▁Manila	41747
两族	41748
发展政策委员会	41749
▁1947	41750
▁commanded	41751
▁jumped	41752
▁portions	41753
▁predicted	41754
▁prerogative	41755
基于社区的	41756
小偷	41757
查验	41758
正式和非正式	41759
achi	41760
nai	41761
▁Kel	41762
▁magazines	41763
不信道者	41764
正式记录编辑科科长	41765
纪律措施	41766
IOM	41767
credit	41768
orn	41769
▁1521	41770
▁Carrie	41771
▁FS	41772
▁JI	41773
▁inefficient	41774
▁selfish	41775
▁我相信你	41776
回家吧	41777
子弹药	41778
展开调查	41779
矢	41780
祈禱	41781
行政和管理	41782
評	41783
饥	41784
▁2,500	41785
▁Snow	41786
▁imagery	41787
▁induce	41788
后续机制	41789
国际公约和议定书	41790
相互了解	41791
计划生育服务	41792
-1)	41793
▁Madame	41794
▁Vladimir	41795
▁entertainment	41796
据点	41797
权利平等	41798
歧视现象	41799
纬	41800
订购	41801
▁Monte	41802
举起	41803
待定	41804
搭档	41805
蚁	41806
贿	41807
▁206	41808
▁redeploy	41809
▁refining	41810
▁rival	41811
▁subcommission	41812
层级	41813
托儿所	41814
经验交流	41815
▁46/1	41816
▁Explosives	41817
▁ransom	41818
▁refresh	41819
▁setbacks	41820
▁一些代表	41821
僕	41822
女童教育	41823
療	41824
祖父	41825
训练班	41826
0\	41827
Asian	41828
catch	41829
fil	41830
▁Nelson	41831
▁intake	41832
▁misleading	41833
▁咨询委员会获悉	41834
▁我讨厌	41835
伯爵	41836
侯	41837
很喜歡	41838
/59/7	41839
Right	41840
lash	41841
▁Mul	41842
▁Rep	41843
加利福尼亚	41844
潜水	41845
碍	41846
规划和协调	41847
▁dirt	41848
公升	41849
强制性措施	41850
方案构成部分	41851
最适合	41852
篡	41853
考古	41854
被害人和证人	41855
资产负债表	41856
ologists	41857
▁2200	41858
▁translations	41859
东部地区	41860
作好准备	41861
各项任务	41862
擅长	41863
社会性别问题	41864
	41865
▁1959	41866
▁55/25	41867
▁Negotiating	41868
▁domains	41869
亚历山大	41870
合作和援助	41871
委员会第六十届会议	41872
提出了若干建议	41873
第十三次	41874
3.5%	41875
pass	41876
percentage	41877
star	41878
▁204	41879
▁Bosnian	41880
▁Conf	41881
▁Drawing	41882
▁Riyadh	41883
医疗用品	41884
帆	41885
方案和专门机构	41886
郊区	41887
▁CR	41888
▁Genetic	41889
▁cocoa	41890
▁ranked	41891
人口贩卖	41892
相互理解	41893
矩	41894
财政和技术援助	41895
Wa	41896
▁Authorize	41897
▁Orthodox	41898
▁fibre	41899
▁parole	41900
崎	41901
效率和效力	41902
▁225	41903
▁petitions	41904
▁rifle	41905
例证	41906
2-75	41907
85)	41908
ICE	41909
excluding	41910
▁activated	41911
▁epidemics	41912
世界粮食首脑会议	41913
只不过	41914
明明	41915
更加严重	41916
较短	41917
需求量	41918
.3).	41919
roy	41920
▁Carry	41921
▁Dae	41922
变通	41923
残疾人士	41924
玛丽亚	41925
颁	41926
▁10).	41927
▁1390	41928
▁1996/31.	41929
▁Commending	41930
▁Household	41931
▁cognizan	41932
▁temperatures	41933
▁伙計	41934
▁別擔心	41935
吃飯	41936
後面	41937
贩运妇女	41938
CPR	41939
▁Ian	41940
▁Mention	41941
▁bas	41942
▁heir	41943
▁memorial	41944
不限成员名额特设工作组	41945
东正教	41946
主席和副主席	41947
日在纽约举行	41948
望远镜	41949
第六委员会的报告	41950
/2000/8	41951
initial	41952
living	41953
▁submarine	41954
养老	41955
可持续农业	41956
才行	41957
获得一致通过	41958
还获悉	41959
finance	41960
▁Revenue	41961
下雨	41962
增长速度	41963
成果指标	41964
翔	41965
钡	41966
turn	41967
▁201	41968
▁Suu	41969
▁contentious	41970
▁pity	41971
▁你他媽	41972
之间的差异	41973
恰当地	41974
折衷	41975
擅自	41976
的最新报告	41977
礼貌	41978
▁Rub	41979
▁understandable	41980
出租车	41981
完全遵守	41982
断言	41983
死掉	41984
的重要工具	41985
背道而驰	41986
自那时以来	41987
▁UNISFA	41988
▁microenterprise	41989
▁motherhood	41990
恐怖团体	41991
昧	41992
非洲联盟和平与安全理事会	41993
▁Manuel	41994
▁Slow	41995
▁Wu	41996
▁biết	41997
▁disarm	41998
▁nearest	41999
女巫	42000
▁Yemeni	42001
▁inner	42002
委员会未经表决通过了	42003
整晚	42004
无期徒刑	42005
母婴传播	42006
联合国森林问题论坛	42007
规范和标准	42008
退学	42009
饱受	42010
Kat	42011
cou	42012
▁提交人还	42013
仿效	42014
国际和国内	42015
照相	42016
绝大部分	42017
2007/2	42018
MD	42019
OUS	42020
handed	42021
▁KWD	42022
▁Noum	42023
▁gendarmerie	42024
▁movable	42025
大幅度减少	42026
将性别问题纳入	42027
帮帮我	42028
有别于	42029
Agreed	42030
UNIDO	42031
▁neighbour	42032
摒弃	42033
昭	42034
钴	42035
/52	42036
indigenous	42037
wai	42038
▁abolishing	42039
▁reproduce	42040
宣传材料	42041
耕	42042
▁Bag	42043
▁Residual	42044
▁cri	42045
▁resolutely	42046
同伙	42047
.7%)	42048
▁contradictory	42049
▁ga	42050
原则为基础	42051
向它们提供	42052
野生动物	42053
sie	42054
▁intersectoral	42055
▁worsened	42056
仇外心理和相关不容忍行为	42057
以协商一致方式	42058
画面	42059
	42060
2000/3	42061
rable	42062
▁Assess	42063
▁Mitrovica	42064
▁aspire	42065
▁bodily	42066
▁epidemiological	42067
出席并参加表决的	42068
巴勒斯坦解放组织	42069
未经许可	42070
第六次会议	42071
/2000/40	42072
▁supervising	42073
▁translators	42074
政府和民间社会	42075
onversely	42076
▁Malaysian	42077
▁measles	42078
▁orphaned	42079
加以限制	42080
国际收支	42081
更加注重	42082
牆	42083
相互依赖	42084
▁culminated	42085
▁derives	42086
▁waive	42087
三明治	42088
冷静点	42089
反腐	42090
2-750	42091
▁accidental	42092
▁activist	42093
▁classroom	42094
全球金融危机	42095
机构间工作队	42096
▁Digital	42097
▁EUFOR	42098
▁Peruvian	42099
▁globalizing	42100
▁officio	42101
▁你確定	42102
不复存在	42103
实质内容	42104
拉丁美洲和加勒比国家集团	42105
揮	42106
水和环境卫生	42107
肿瘤	42108
.4/5	42109
wind	42110
▁1,6	42111
▁171.	42112
▁neighbors	42113
▁personalities	42114
向秘书处提供	42115
家乡	42116
柳	42117
每个国家都	42118
焦虑	42119
非殖民化进程	42120
30,000	42121
consuming	42122
官方统计	42123
报告期内	42124
拋	42125
78)	42126
DU	42127
听众	42128
未经表决通过了	42129
模特	42130
osa	42131
▁Companies	42132
▁poll	42133
临时安全区	42134
迅	42135
▁Online	42136
▁illegitimate	42137
▁metadata	42138
▁shy	42139
坚决反对	42140
实现公正	42141
补偿金	42142
通话	42143
Uruguay	42144
obo	42145
▁PL	42146
▁Santos	42147
▁complements	42148
▁corpse	42149
▁merged	42150
▁upbringing	42151
不受歧视地	42152
缴费	42153
89)	42154
mont	42155
▁indefinitely	42156
审议这一问题	42157
狙	42158
茫	42159
2003/1	42160
▁Prepared	42161
▁crystal	42162
▁procure	42163
与男子平等	42164
第二十三条	42165
Circ	42166
eous	42167
igi	42168
sto	42169
▁informational	42170
古兰经	42171
国际组织和非政府组织	42172
家庭佣工	42173
家庭暴力受害者	42174
所作努力	42175
neighbourliness	42176
▁classic	42177
▁nodules	42178
▁patriarchal	42179
从哪里	42180
宗教不容忍	42181
毛坯钻石	42182
裕	42183
视觉	42184
him	42185
▁1956	42186
▁8.1	42187
▁Puntland	42188
▁compendium	42189
审计长	42190
挑起	42191
看起来很	42192
/58	42193
rail	42194
▁Nagorno	42195
▁Obligations	42196
▁Robin	42197
▁Tripoli	42198
▁brains	42199
积极步骤	42200
袋子	42201
uf	42202
▁1559	42203
▁Lan	42204
▁parcel	42205
▁ritual	42206
仍然面临	42207
多边贸易谈判	42208
天赋	42209
每次都	42210
紙	42211
重新计算	42212
uke	42213
▁Publication	42214
军事部分	42215
微克	42216
黎巴嫩领空	42217
五分之一	42218
外交人员	42219
岳	42220
联邦调查局	42221
Semitism	42222
acle	42223
▁Eco	42224
两届会议	42225
今世	42226
全球变暖	42227
多哈宣言	42228
最喜欢的	42229
科学和技术促进发展	42230
联合国东帝汶支助团	42231
quin	42232
催化剂	42233
呐	42234
国别办事处	42235
大会第五十三届会议	42236
违约行为	42237
indi	42238
▁198	42239
▁Glad	42240
▁Nagorny	42241
▁STR	42242
▁commercially	42243
▁extortion	42244
▁incapable	42245
▁pound	42246
偶像	42247
容易遭受	42248
欧洲经济区	42249
▁Instruments	42250
▁functionality	42251
▁residency	42252
一般临时人员职位	42253
从而导致	42254
区域和国际合作	42255
用意	42256
足够的时间	42257
鳥	42258
▁Challenge	42259
▁courageous	42260
▁flagship	42261
▁opponents	42262
严格限制	42263
仅适用于	42264
兇	42265
劳工部	42266
将其列入	42267
FTA	42268
▁Hor	42269
主角	42270
化管大会	42271
总面积	42272
▁Getting	42273
▁emanate	42274
▁vent	42275
产妇保健	42276
墓地	42277
复杂化	42278
幢	42279
枯	42280
繁重	42281
NK	42282
▁convoy	42283
▁infringed	42284
▁objectively	42285
▁rude	42286
冲突后局势	42287
.2%)	42288
▁Dragon	42289
不利的影响	42290
搜尋	42291
服务的质量	42292
渥太华	42293
白皮书	42294
骚乱	42295
	42296
▁ambition	42297
▁mentor	42298
利纳	42299
存量	42300
恐慌	42301
所遇到的	42302
澡	42303
防灾	42304
陣	42305
▁1503	42306
▁Childhood	42307
▁Share	42308
▁Zhang	42309
▁comparisons	42310
▁constrain	42311
▁foreigner	42312
▁palm	42313
恋爱	42314
紧急救济	42315
维持和平行动部和外勤支助部	42316
议事规则草案	42317
预防性外交	42318
hak	42319
tergenerational	42320
所需资金	42321
每一缔约方	42322
烧毁	42323
立法和政策	42324
联合国人员和有关人员安全公约	42325
60,000	42326
they	42327
▁expelling	42328
无害环境	42329
沟	42330
贝卡	42331
2003-2004	42332
bet	42333
racy	42334
▁Bangui	42335
▁Kor	42336
▁brown	42337
▁corps	42338
▁der	42339
▁hunter	42340
▁làm	42341
变得越来越	42342
含水层国	42343
▁Arrest	42344
▁circumvent	42345
▁vegetables	42346
丫	42347
保护和促进人权	42348
card	42349
▁NE	42350
▁Reg	42351
▁SPLA	42352
▁computing	42353
安全理事会席位公平分配和	42354
应收账款	42355
頁	42356
Max	42357
Uganda	42358
anti	42359
oro	42360
reference	42361
▁Tool	42362
▁mystery	42363
▁unwavering	42364
根本就不	42365
特派团总部	42366
直播	42367
Mohamed	42368
ō	42369
▁1998).	42370
▁8).	42371
导演	42372
禮物	42373
▁Budapest	42374
▁Cup	42375
▁Period	42376
▁span	42377
证据不足	42378
▁172.	42379
▁199	42380
▁Aircraft	42381
▁Kos	42382
▁coward	42383
初级专业人员	42384
刪除	42385
在特殊情况下	42386
附件六	42387
▁01	42388
▁mainland	42389
以利于	42390
政府间气候变化专门委员会	42391
麻醉	42392
OAU	42393
▁conserve	42394
▁escalating	42395
▁哎呀	42396
▁我要走了	42397
圣战	42398
放缓	42399
表彰	42400
面對	42401
monthly	42402
▁56/24	42403
▁Amen	42404
▁Harmonization	42405
家裡	42406
tent	42407
应急准备	42408
录取	42409
掛	42410
有与会者指出	42411
本结论性意见	42412
流行病学	42413
联合国系统其他组织	42414
许可证制度	42415
跡	42416
雀	42417
▁Harvard	42418
▁custodial	42419
分摊费用	42420
火箭弹	42421
盆	42422
结合在一起	42423
訪	42424
PAR	42425
bid	42426
▁complicity	42427
▁grip	42428
▁rats	42429
所载的各项	42430
還能	42431
ride	42432
▁5.6	42433
▁Gay	42434
▁constitutions	42435
一律平等	42436
分辨率	42437
ALL	42438
两个星期	42439
侦探	42440
年世界首脑会议成果文件	42441
有报告称	42442
结果显示	42443
谴责以色列	42444
▁Established	42445
▁FGM	42446
▁bilaterally	42447
▁commemorative	42448
▁incidental	42449
半小时	42450
在曼谷举行	42451
aku	42452
▁Coastal	42453
▁couch	42454
▁subcommittees	42455
布达佩斯	42456
萎	42457
3,4	42458
cular	42459
icide	42460
zan	42461
▁2009).	42462
▁4.7	42463
▁Consolidation	42464
▁detain	42465
▁handicapped	42466
众人	42467
你们不要	42468
受傷	42469
夏威夷	42470
被当作	42471
uka	42472
▁您好	42473
女企业家	42474
打電話	42475
滩	42476
燃油	42477
米勒	42478
索偿要求	42479
金融和贸易	42480
culture	42481
floor	42482
▁Seems	42483
▁licit	42484
▁你還好嗎	42485
很像	42486
授课	42487
ppe	42488
tail	42489
▁endorsing	42490
▁geopolitical	42491
咳	42492
/60/8	42493
enny	42494
▁275	42495
▁Milan	42496
▁notions	42497
十分有限	42498
疫情	42499
肌肉	42500
night	42501
ongo	42502
▁Lam	42503
▁temper	42504
一切形式的暴力	42505
与会者名单	42506
刚好	42507
反叛分子	42508
和及时的	42509
战略方向	42510
正常运作	42511
蟿	42512
驻地代表	42513
80,000	42514
Andre	42515
▁lubricants	42516
国际合法性	42517
常任法官	42518
清洁发展机制项目活动	42519
	42520
collection	42521
illary	42522
▁Renewable	42523
▁condom	42524
些什麼	42525
在短期内	42526
讲授	42527
酯	42528
重新调整	42529
▁Khmer	42530
▁Mit	42531
▁Op	42532
▁Shah	42533
▁concurrence	42534
▁fleeing	42535
▁rostrum	42536
子孙后代	42537
海员	42538
香蕉	42539
/56/6	42540
111111}	42541
▁Introducing	42542
▁arbitrators	42543
▁deteriorate	42544
▁medal	42545
▁remittance	42546
▁unfavourable	42547
雅典	42548
pil	42549
▁Highlight	42550
侵犯人权事件	42551
年代中期	42552
撒南非洲	42553
特别用途	42554
跟我來	42555
1"	42556
Follow	42557
uate	42558
▁earthquakes	42559
▁positioned	42560
▁vibrant	42561
儿童生存	42562
土著语言	42563
最主要的	42564
现实意义	42565
锅	42566
One	42567
criminal	42568
低收入家庭	42569
全家	42570
无记名投票	42571
最爱	42572
法律和司法	42573
美味	42574
Abd	42575
▁Double	42576
▁differentiation	42577
▁farmer	42578
▁intimate	42579
任命一位	42580
活下去	42581
精神病院	42582
遗址	42583
驳	42584
Jean	42585
▁Julie	42586
▁Mol	42587
广泛宣传	42588
老头	42589
议会议员	42590
inated	42591
▁Basin	42592
▁委员会将收到	42593
不断变化	42594
中期和长期	42595
你和你的	42596
宇	42597
每個人都	42598
的进一步资料	42599
▁Hunt	42600
供词	42601
分在第	42602
政客	42603
▁denounce	42604
司法独立	42605
非法种植	42606
▁173.	42607
已久的	42608
▁Dam	42609
▁Hindu	42610
▁peremptory	42611
一會兒	42612
打伤	42613
政府和非政府	42614
界面	42615
arity	42616
mother	42617
▁Wouldn	42618
▁overly	42619
券	42620
结核	42621
/64	42622
weight	42623
▁2003/04	42624
▁Hamburg	42625
其中转递	42626
友善	42627
大洋	42628
追捕	42629
cies	42630
▁Larry	42631
▁Whose	42632
休息一下	42633
平均值	42634
重新启动	42635
Ray	42636
▁biofuels	42637
▁又请	42638
不同文明联盟	42639
临琌	42640
全系统一致性	42641
海洋科学研究	42642
激情	42643
远点	42644
Kam	42645
▁Hum	42646
▁insufficiently	42647
多万人	42648
▁facie	42649
▁retains	42650
哈特	42651
研讨	42652
胡子	42653
oop	42654
▁electro	42655
▁jack	42656
▁trav	42657
修订版	42658
就这样决定	42659
有责任确保	42660
苍	42661
读书	42662
财物	42663
远远超过	42664
郁	42665
INA	42666
aca	42667
▁Might	42668
▁Ross	42669
▁dilemma	42670
▁tent	42671
值得赞扬	42672
在此领域	42673
外部审计	42674
损伤	42675
/69	42676
/97	42677
0000	42678
67/1	42679
7,500	42680
▁muscle	42681
▁resign	42682
前沿	42683
取得更大	42684
技术进步	42685
良知	42686
chem	42687
▁Written	42688
▁magistrate	42689
保姆	42690
国会议员	42691
法兰克	42692
预支	42693
change	42694
style	42695
▁Benefit	42696
▁Hide	42697
▁stockpiled	42698
一伙	42699
南方共同市场	42700
吃掉	42701
▁Deputies	42702
▁restructured	42703
▁scaled	42704
▁uncontrolled	42705
乐意	42706
国际人道主义法和人权法	42707
塞族人	42708
复合	42709
esteem	42710
▁supporter	42711
敏感认识	42712
马诺河联盟	42713
▁$29	42714
▁perceive	42715
停滞不前	42716
有偿	42717
案件数量	42718
熔	42719
.4/2006/	42720
3-14	42721
Jamaica	42722
▁curfew	42723
▁tin	42724
保持警惕	42725
所针对的	42726
社会发展部	42727
自我评价	42728
▁Above	42729
▁Pl	42730
▁batteries	42731
▁castle	42732
▁dealer	42733
▁probable	42734
名本国工作人员	42735
登录	42736
forest	42737
▁Modern	42738
▁Pound	42739
▁easing	42740
▁replicated	42741
国家和国际各级	42742
土地退化和干旱	42743
政界	42744
最常见的	42745
第二十七条	42746
表面上	42747
软弱	42748
izer	42749
▁Few	42750
▁Munitions	42751
▁packing	42752
參與	42753
嫩	42754
皮埃尔	42755
▁Hearing	42756
自行车	42757
行程	42758
邀請	42759
/7/	42760
2.0	42761
anana	42762
▁Gene	42763
▁Lumpur	42764
▁provocative	42765
创造有利环境	42766
新闻工作者	42767
联合国有关决议	42768
艾尔	42769
credibly	42770
pple	42771
tina	42772
▁$1,1	42773
▁Maj	42774
今天晚上	42775
国际公法	42776
矿物燃料	42777
0000}	42778
upon	42779
▁Nak	42780
▁Reply	42781
▁Sel	42782
▁Video	42783
▁geographically	42784
谋杀案	42785
SERV	42786
▁Jose	42787
▁LL	42788
▁Tall	42789
▁sorties	42790
给你看	42791
▁characters	42792
▁precautions	42793
全盘审查	42794
地缘政治	42795
工作人员薪金税收入估计数	42796
▁Arm	42797
▁Bulgarian	42798
▁Music	42799
▁bureaucratic	42800
▁countless	42801
反對	42802
沒辦法	42803
秘书长办公厅	42804
▁Enhancement	42805
▁Expand	42806
万岁	42807
勋	42808
安南先生	42809
家庭和社会	42810
导游	42811
巢	42812
猖獗	42813
真實	42814
BP	42815
organization	42816
▁embassies	42817
▁inject	42818
▁premium	42819
技术和财政援助	42820
users	42821
▁Bell	42822
▁differed	42823
▁grasp	42824
出口产品	42825
医治	42826
服用	42827
棒球	42828
興趣	42829
诺维奇	42830
高度赞赏	42831
▁exploiting	42832
▁lifelong	42833
▁lifestyles	42834
哪個	42835
▁Shaw	42836
▁hung	42837
徑	42838
郵件	42839
▁INTRODUCTION	42840
▁consignee	42841
▁swimming	42842
与会代表	42843
复印	42844
泄露	42845
牙齿	42846
联合国常规武器登记册	42847
賞	42848
辅之以	42849
	42850
hon	42851
▁Daw	42852
世界其他地区	42853
依据的是	42854
总括	42855
该怎么做	42856
▁174.	42857
▁Virtual	42858
▁oldest	42859
▁yard	42860
想干什么	42861
Mer	42862
account	42863
▁lion	42864
▁revitalizing	42865
导入	42866
成果预算编制	42867
治愈	42868
电子政务	42869
相比较	42870
罗杰	42871
逮捕证	42872
▁Accreditation	42873
▁flame	42874
测验	42875
破产管理人	42876
罗伯	42877
MAN	42878
▁Dark	42879
▁gates	42880
▁rings	42881
▁段次	42882
放牧	42883
湯	42884
走进	42885
飞往	42886
lish	42887
▁208	42888
▁Milo	42889
▁min	42890
尚未这样做的	42891
年代以来	42892
比男子	42893
獵	42894
采取协调一致的	42895
	42896
07)	42897
2006/2	42898
▁harvesting	42899
以个人身份	42900
传统做法	42901
祖母	42902
立方米	42903
达尔富尔和平协议	42904
▁2005:	42905
▁Joan	42906
▁Regulatory	42907
▁introduces	42908
受战争影响	42909
国际化学品管理战略方针	42910
大幅减少	42911
把它放	42912
报告中的建议	42913
生物资源	42914
/75	42915
LV	42916
▁Sheriff	42917
▁hurricanes	42918
▁ls	42919
地理信息	42920
贸发十一大	42921
還好嗎	42922
▁ENGLISH	42923
氢氟碳化合物	42924
Croatia	42925
Forum	42926
▁morals	42927
伊拉克对科威特的入侵和占领	42928
感到高兴的是	42929
紊	42930
联尼特派团	42931
雷场	42932
▁1624	42933
▁apportioned	42934
养恤金联委会	42935
受虐待	42936
糑	42937
肆意	42938
躲避	42939
進入	42940
Ukraine	42941
characterization	42942
▁Highway	42943
▁engagements	42944
▁onset	42945
▁scrupulous	42946
不寻常	42947
取得的进步	42948
执行进度	42949
法规的判例法	42950
诺言	42951
非全时	42952
mini	42953
▁invoice	42954
▁yields	42955
临时特别措施	42956
保持稳定	42957
扣减	42958
接手	42959
村子	42960
-1998	42961
rbitral	42962
▁186.	42963
▁Approval	42964
▁THEY	42965
▁enclosed	42966
▁shine	42967
中情局	42968
你不介意	42969
功夫	42970
埋葬	42971
▁beside	42972
▁forfeiture	42973
▁lawsuit	42974
太子港	42975
妆	42976
循证	42977
较长期	42978
闯入	42979
Bi	42980
yar	42981
▁CI	42982
▁lessen	42983
▁variant	42984
4,5	42985
rod	42986
∙	42987
▁Cl	42988
恩贾梅纳	42989
所涉方案预算问题的说明	42990
经济和财政	42991
▁Late	42992
▁bare	42993
▁unidentified	42994
歉	42995
記錄	42996
防务	42997
Biological	42998
SIS	42999
▁Pardon	43000
喇	43001
德意志联邦共和国	43002
措	43003
▁exempted	43004
▁fortunate	43005
字样	43006
顺应	43007
CES	43008
yr	43009
▁Hank	43010
▁solicit	43011
▁sorts	43012
激励措施	43013
.9%)	43014
▁biased	43015
▁demo	43016
▁embarrassing	43017
▁misery	43018
应享权利	43019
派遣国	43020
海洋保护区	43021
至中午	43022
随即	43023
TIVE	43024
search	43025
▁Timely	43026
▁arrow	43027
派代表出席	43028
购物	43029
Guatemala	43030
Singapore	43031
▁brokers	43032
▁envelope	43033
▁multilaterally	43034
▁planes	43035
▁缔约国还应	43036
引渡条约	43037
见解和言论自由权	43038
code	43039
▁Gordon	43040
▁Greg	43041
▁percentages	43042
▁reactors	43043
我的妻子	43044
早期阶段	43045
第九次	43046
防止和消除	43047
ESA	43048
ously	43049
ovi	43050
rising	43051
▁215	43052
▁Draw	43053
▁Lucky	43054
▁SLA	43055
▁drama	43056
偷渡	43057
反犹太主义	43058
政治解决办法	43059
點兒	43060
▁footage	43061
▁weigh	43062
經常	43063
amount	43064
▁GPS	43065
▁acquitted	43066
▁leaflets	43067
▁multimedia	43068
出什么事了	43069
基于权利的	43070
投票赞成	43071
盤	43072
社会经济状况	43073
deployment	43074
fuel	43075
▁cantons	43076
▁distortions	43077
▁ke	43078
▁unification	43079
制成品	43080
戳	43081
新能源和可再生能源	43082
更好地协调	43083
汤米	43084
聞	43085
amine	43086
▁209	43087
▁Jeff	43088
搞得	43089
教学大纲	43090
1559(2004)	43091
Cameroon	43092
▁$200	43093
▁wicked	43094
谊	43095
贯	43096
DY	43097
▁Extra	43098
▁raid	43099
凸显	43100
提高生产力	43101
撤回保留	43102
.1%)	43103
96)	43104
STK	43105
▁176.	43106
▁450	43107
▁factories	43108
否認	43109
核生化武器	43110
毛里求斯战略	43111
狩猎	43112
▁Eli	43113
▁Sing	43114
谷物	43115
青春期	43116
▁8.2	43117
▁Interests	43118
▁Stra	43119
▁chlor	43120
▁fuller	43121
▁rifles	43122
培训和教育	43123
奢	43124
歌曲	43125
蝙蝠	43126
▁prick	43127
停顿	43128
嘴巴	43129
方案协调会	43130
瑪麗	43131
细分	43132
蜘蛛	43133
通過	43134
▁headings	43135
▁originate	43136
在适当时候	43137
癖	43138
膽	43139
alia	43140
宵禁	43141
枉	43142
种族仇恨	43143
4.5%	43144
▁Cold	43145
▁Holmes	43146
财务主任	43147
运载系统	43148
首位	43149
驻地审计员	43150
▁releasing	43151
厩	43152
带你去	43153
果然	43154
▁Fern	43155
▁affiliates	43156
▁cogens	43157
▁munition	43158
▁neuro	43159
个外勤人员	43160
二十周年	43161
收集到的	43162
▁cohesive	43163
▁denounced	43164
▁graphic	43165
不可接受的	43166
娩	43167
苏珊	43168
SADC	43169
▁175.	43170
杀掉	43171
酿	43172
holder	43173
intervention	43174
▁clash	43175
▁comparing	43176
▁dr	43177
▁verbales	43178
可憐	43179
意见交流	43180
散播	43181
永不	43182
鮑	43183
▁通过议程和工作安排	43184
南南贸易	43185
可衡量的	43186
潜艇	43187
称呼	43188
项目参与方	43189
/2009	43190
▁$31	43191
▁Notice	43192
▁chick	43193
▁nautical	43194
▁volunteering	43195
▁不管怎样	43196
林丹	43197
直接损失	43198
负责任地	43199
Poland	43200
▁Criteria	43201
低碳	43202
双边条约	43203
同样适用于	43204
对此表示欢迎	43205
弘	43206
的方式和方法	43207
虏	43208
账单	43209
narcotics	43210
▁copper	43211
全国妇女委员会	43212
凯尔	43213
所制定的	43214
派代表参加	43215
碘	43216
▁Virginia	43217
▁resurgence	43218
刑事起诉	43219
现行立法	43220
膏	43221
bility	43222
connect	43223
theme	43224
▁Julian	43225
▁Radiation	43226
▁depression	43227
▁Robinson	43228
▁Tamil	43229
▁earning	43230
▁mock	43231
学生人数	43232
有效的补救	43233
盟军	43234
MAS	43235
interest	43236
total	43237
▁2013;	43238
▁Maoist	43239
不满意	43240
民族解放力量	43241
▁cried	43242
▁một	43243
做出反应	43244
其中包含	43245
春天	43246
負責	43247
▁Theme	43248
▁depart	43249
▁dwelling	43250
▁liver	43251
公民和政治权利	43252
基数	43253
相互间	43254
rab	43255
translated	43256
▁Abolition	43257
▁GR	43258
▁Sharm	43259
▁drives	43260
▁flip	43261
▁qualities	43262
世界许多地区	43263
信息和通信技术厅	43264
做出的承诺	43265
吉隆坡	43266
镍	43267
▁scattered	43268
培训手册	43269
CED	43270
XXVIII	43271
▁watershed	43272
匀支	43273
可再生	43274
疑虑	43275
谅	43276
EW	43277
ania	43278
mitted	43279
▁CAP	43280
▁bla	43281
▁infantry	43282
▁ka	43283
小学生	43284
就此事项	43285
惟一	43286
泰米尔	43287
海平面上升	43288
編	43289
结转	43290
遭受歧视	43291
-1990	43292
5,5	43293
PAS	43294
▁Progressive	43295
▁injection	43296
▁rented	43297
做完	43298
毁掉	43299
绵	43300
越界	43301
默许	43302
Section	43303
▁internship	43304
▁supervisors	43305
伊拉克第纳尔	43306
教师培训	43307
随机	43308
预防和解决冲突	43309
06)	43310
41/213	43311
REN	43312
limit	43313
shall	43314
▁Done	43315
▁Lind	43316
▁chase	43317
▁rainfall	43318
实现持久和平	43319
按年龄	43320
据估计	43321
歌手	43322
测绘	43323
浪费时间	43324
近地天体	43325
enko	43326
供资来源	43327
国家自主权	43328
数量和质量	43329
Recalling	43330
▁martyrs	43331
▁qualifying	43332
实况	43333
终点	43334
致词	43335
Fi	43336
▁Gbagbo	43337
▁steer	43338
○	43339
原理	43340
橡	43341
环境无害	43342
知名度	43343
管理不善	43344
西非办	43345
	43346
Hungary	43347
Ol	43348
▁polar	43349
▁shoe	43350
▁volcanic	43351
作为一个整体	43352
防火	43353
非常有用	43354
▁Facilitate	43355
▁Karl	43356
▁blessed	43357
▁vitae	43358
其他有关机构	43359
盆地	43360
1521(2003)	43361
973(	43362
▁270	43363
▁41/213	43364
▁Means	43365
▁halve	43366
伴随着	43367
法律和技术委员会	43368
畏惧	43369
耗费	43370
-2005	43371
FM	43372
▁toolkit	43373
使它能够	43374
关门	43375
环境与可持续发展	43376
认出	43377
Jordan	43378
▁Gha	43379
▁competences	43380
▁indivisibility	43381
▁slowed	43382
哥們	43383
宪法和法律	43384
性别敏感	43385
紐	43386
	43387
	43388
hee	43389
recovery	43390
retirement	43391
̅	43392
▁Teachers	43393
▁frontier	43394
▁sorrow	43395
▁underpinned	43396
▁wherein	43397
▁wipe	43398
上海合作组织	43399
前几次	43400
卑鄙	43401
哈龙	43402
国家对国际不法行为的责任	43403
有形资产	43404
有经验的	43405
毫無	43406
NET	43407
POS	43408
ako	43409
ordination	43410
▁fellas	43411
中东和平	43412
外星人	43413
斯普斯卡共和国	43414
existing	43415
▁celebrating	43416
▁collision	43417
依旧	43418
古怪	43419
大会第十届特别会议	43420
尼古拉	43421
清洁生产	43422
珊瑚	43423
▁Comparison	43424
▁Ky	43425
▁blank	43426
▁convict	43427
▁relinquish	43428
▁shaped	43429
做些	43430
师父	43431
独立审计咨询委员会	43432
～	43433
▁IDP	43434
▁Path	43435
▁brochures	43436
所表明的	43437
柑	43438
绍	43439
行政首长理事会	43440
贸易法委员会仲裁规则	43441
邦特兰	43442
(2014)	43443
ison	43444
▁177.	43445
▁Albanians	43446
▁occasional	43447
临时员额	43448
便携式	43449
发送给	43450
平均水平	43451
影子	43452
狗屁	43453
矿石	43454
XXV	43455
chel	43456
▁Accident	43457
▁authorizations	43458
▁dominate	43459
▁elders	43460
▁scr	43461
全球环境展望	43462
外国国民	43463
接生	43464
迟迟	43465
ARD	43466
▁Cause	43467
▁Chap	43468
▁Delivery	43469
▁golden	43470
懒	43471
督察	43472
Thailand	43473
▁rolled	43474
既定程序	43475
ncia	43476
▁Channel	43477
▁alternates	43478
▁equitably	43479
▁lawfully	43480
劍	43481
该国境内	43482
4:30	43483
▁UNDER	43484
▁humiliation	43485
延伸到	43486
痛惜	43487
相机	43488
该观察团	43489
[.]	43490
▁Inspectorate	43491
▁TCDC	43492
▁UNCC	43493
▁witnessing	43494
之声	43495
法律面前人人平等	43496
贫民区	43497
tlantic	43498
▁IMP	43499
▁Palace	43500
▁elapsed	43501
▁maid	43502
安宁	43503
將軍	43504
民族团结	43505
通力合作	43506
附件一所列	43507
nouncing	43508
▁1977,	43509
▁Bishop	43510
▁SUMMARY	43511
▁Venezuelan	43512
▁torn	43513
叭	43514
谜	43515
鏡	43516
▁Belarusian	43517
▁absorption	43518
▁hurting	43519
专案法官	43520
最有效地	43521
製	43522
遗嘱	43523
▁Separate	43524
欠发达	43525
5.5%	43526
93)	43527
ease	43528
▁inviolability	43529
▁respiratory	43530
們說	43531
房舍管理	43532
霜	43533
20).	43534
lift	43535
▁JO	43536
▁Print	43537
▁Reduce	43538
▁conception	43539
▁dictatorship	43540
▁engineer	43541
▁sucks	43542
口气	43543
早日生效	43544
獲得	43545
罰	43546
赎	43547
izz	43548
▁Processing	43549
▁distinctions	43550
▁kilo	43551
关切地指出	43552
可用资源	43553
四氯化碳	43554
模仿	43555
浑	43556
第三和第四	43557
被拘禁	43558
Security	43559
▁inadequacy	43560
▁legend	43561
▁pilots	43562
▁secular	43563
个席位	43564
在这一问题上	43565
毯	43566
财政和人力资源	43567
辭	43568
.1;	43569
ben	43570
▁Diseases	43571
▁abstract	43572
▁adventure	43573
▁affirmation	43574
▁rebellion	43575
业务流程	43576
司法互助	43577
新闻报道	43578
是一项重要	43579
标示	43580
贞	43581
进行非正式的非正式磋商	43582
/49	43583
distorting	43584
▁Gary	43585
▁THERE	43586
▁disbelieve	43587
▁endure	43588
▁hopefully	43589
受阻	43590
所从事的	43591
杯咖啡	43592
杰瑞	43593
艾滋病防治	43594
预防恐怖主义处	43595
鲍勃	43596
▁Gor	43597
▁Tornado	43598
▁omitted	43599
后续会议	43600
噪音	43601
最大化	43602
讲师	43603
受苦	43604
和平和安全	43605
密切关系	43606
承認	43607
每季度	43608
nick	43609
▁214	43610
▁Hawaii	43611
▁Sydney	43612
▁brochure	43613
▁formidable	43614
▁invalidity	43615
▁streams	43616
东北	43617
丹尼斯	43618
召开了一次	43619
所指出的那样	43620
理所当然	43621
这封信	43622
	43623
/92	43624
Dar	43625
support	43626
一般业务费用	43627
仇外心理和有关不容忍行为世界会议	43628
国际公认	43629
委员会第六十一届会议	43630
忘記	43631
街区	43632
/2000/2	43633
ović	43634
proof	43635
start	43636
南奥塞梯	43637
漫画	43638
rand	43639
▁tick	43640
▁traitor	43641
东帝汶综合团	43642
生效日期	43643
萧	43644
负有首要责任	43645
辛格	43646
这句话	43647
黑塞哥维那	43648
.12)	43649
/61/8	43650
iba	43651
rip	43652
▁$32	43653
▁lieu	43654
▁wallet	43655
凭证	43656
各项举措	43657
密切注意	43658
意见分歧	43659
感到自豪	43660
汀	43661
迈阿密	43662
WF	43663
cious	43664
▁226	43665
▁disastrous	43666
▁endeavoured	43667
伯格	43668
坚定不移地	43669
消除对妇女的暴力行为	43670
缸	43671
获胜	43672
邓	43673
重新融合	43674
ENCE	43675
mina	43676
▁Compilation	43677
▁outrage	43678
五岁以下儿童	43679
瓶颈	43680
这批	43681
▁unused	43682
兔	43683
第二期	43684
评判	43685
too	43686
▁218	43687
▁Margaret	43688
▁declines	43689
▁retraining	43690
▁testified	43691
▁unrelated	43692
LS	43693
idah	43694
▁Chang	43695
▁Error	43696
▁Oscar	43697
▁Perspective	43698
▁委员会呼吁缔约国	43699
苛	43700
.1)]	43701
▁JISC	43702
▁destinations	43703
打造	43704
抱着	43705
/2005/2	43706
┰	43707
▁178.	43708
▁SCCPs	43709
▁battalions	43710
代表非洲集团	43711
审咨委	43712
約會	43713
马格里布	43714
August	43715
▁Vegas	43716
▁serviced	43717
严重阻碍	43718
▁Inventory	43719
▁Sustainability	43720
▁prospecting	43721
▁若干代表团	43722
概况介绍	43723
聯繫	43724
胳膊	43725
here	43726
▁Miller	43727
▁blown	43728
▁neighbourhoods	43729
▁overnight	43730
▁topical	43731
▁vain	43732
亚洲集团	43733
居留证	43734
平民百姓	43735
性别平衡	43736
DEC	43737
father	43738
haw	43739
▁Meet	43740
▁arranging	43741
▁franc	43742
公务旅行	43743
悠	43744
的一点是	43745
联机	43746
臭氧秘书处	43747
遗体	43748
随着时间的推移	43749
located	43750
▁Hon	43751
▁Julia	43752
▁Sleep	43753
▁Uniform	43754
▁speculation	43755
	43756
Denmark	43757
chap	43758
▁Jesse	43759
两性平等和赋予妇女权力	43760
打击和消除	43761
未经授权	43762
不幸的是	43763
业绩计量	43764
产生积极影响	43765
发挥主导作用	43766
ista	43767
▁Eva	43768
▁Fax	43769
▁Mosque	43770
▁Verily	43771
▁compassion	43772
▁token	43773
军事和警察	43774
唯有	43775
引渡请求	43776
爪	43777
砛	43778
Ne	43779
▁Der	43780
▁Mill	43781
▁faction	43782
年底以前	43783
热爱	43784
Romania	43785
nica	43786
▁Card	43787
▁Grandpa	43788
▁Torres	43789
应聘	43790
很糟糕	43791
沸	43792
第十六次	43793
/48	43794
minated	43795
▁Apportionment	43796
▁Emma	43797
▁grief	43798
▁tale	43799
吸纳	43800
小家伙	43801
殊	43802
狮	43803
遗忘	43804
REC	43805
tron	43806
▁DA	43807
▁Dignity	43808
▁mediators	43809
寬	43810
小额贷款	43811
帶走	43812
持久性有机污染物审查委员会	43813
有计划地	43814
生命损失	43815
的主要来源	43816
▁lighting	43817
▁susceptible	43818
所确认的	43819
▁ICP	43820
▁OH	43821
▁conclusive	43822
建制	43823
建筑业	43824
签约	43825
顯然	43826
▁213	43827
▁Dennis	43828
▁shark	43829
更全面的	43830
水和卫生设施	43831
第六次定期报告	43832
▁Broadcasting	43833
▁Var	43834
▁creature	43835
代表欧洲联盟发言	43836
联合国正式语文	43837
齊	43838
	43839
SN	43840
▁Generation	43841
▁defects	43842
▁designating	43843
▁sink	43844
▁vegetation	43845
何处	43846
俄罗斯代表团	43847
双边捐助者	43848
提请缔约国注意	43849
顧	43850
ự	43851
▁Track	43852
冲突的根源	43853
增援	43854
楼梯	43855
驼	43856
84)	43857
▁Presentations	43858
▁Savings	43859
▁charging	43860
▁你还好吧	43861
保留所有权	43862
复查	43863
官方语言	43864
自由流动	43865
DT	43866
rish	43867
▁Tropical	43868
▁habitat	43869
▁rig	43870
单击	43871
首席执行干事	43872
▁senator	43873
▁unlimited	43874
一夫多妻制	43875
所得到的	43876
漆	43877
网播	43878
赋	43879
NM	43880
kou	43881
▁safeguarded	43882
▁weaker	43883
利奥	43884
国民军	43885
学徒	43886
重申决心	43887
/2000/40/	43888
ATT	43889
technology	43890
▁Compare	43891
▁Lib	43892
▁annexation	43893
▁clip	43894
▁quasi	43895
器具	43896
守护	43897
岁以下的儿童	43898
得不错	43899
沙姆沙伊赫	43900
耗氧潜能吨	43901
联合国布隆迪行动	43902
▁Informed	43903
▁Merciful	43904
▁constituency	43905
▁disrupted	43906
二读	43907
油漆	43908
电缆	43909
founded	43910
▁2009:	43911
推特	43912
更加复杂	43913
的一个重要组成部分	43914
逐一	43915
2009-2010	43916
▁Factors	43917
▁categorized	43918
▁chairing	43919
▁militants	43920
▁needle	43921
▁parks	43922
▁patch	43923
▁vow	43924
关键时刻	43925
历届	43926
宗教和语言上属于少数群体的人的	43927
报告所载建议	43928
放射性物质	43929
简要介绍	43930
2005/1	43931
mile	43932
order	43933
▁Def	43934
▁Josh	43935
▁Sand	43936
▁appellate	43937
▁museum	43938
以社区为基础的	43939
rak	43940
▁1994)	43941
▁222	43942
▁Complete	43943
▁homework	43944
▁outright	43945
军事基地	43946
吩咐	43947
女童和妇女	43948
莓	43949
请执行秘书	43950
魁	43951
▁$500	43952
▁ombudsman	43953
哈里里	43954
必要用途	43955
跨界损害	43956
非洲人权和人民权利宪章	43957
FID	43958
▁Raise	43959
▁juice	43960
▁timetables	43961
五位	43962
同谋	43963
所作出的努力	43964
股股长	43965
那是什么	43966
▁counterfeit	43967
▁dispersed	43968
▁patrolling	43969
▁工作组注意到	43970
心态	43971
所作决定	43972
招收	43973
行政和财务	43974
部队地位协定	43975
▁179.	43976
▁Freetown	43977
▁Google	43978
▁MD	43979
▁depriv	43980
▁resilient	43981
▁unintended	43982
调解员	43983
Discrimination	43984
UGH	43985
▁UNIKOM	43986
▁liberties	43987
▁overrid	43988
▁undesirable	43989
会议纪要	43990
布什总统	43991
手套	43992
那件事	43993
ợ	43994
▁Kit	43995
▁Shelter	43996
▁Understand	43997
圣保罗共识	43998
地方自治	43999
威脅	44000
马里稳定团	44001
▁energies	44002
▁enlarged	44003
▁flowing	44004
▁groundwork	44005
▁lean	44006
▁resigned	44007
亨特	44008
所面对的	44009
更加有效地	44010
SON	44011
ception	44012
▁Maggie	44013
不容忍行为	44014
能源供应	44015
虫害	44016
足够的资金	44017
▁1(	44018
▁Fifteenth	44019
▁Ruth	44020
▁deliberation	44021
▁embraced	44022
▁footprint	44023
▁scar	44024
▁tuna	44025
团给委员会主席的普通照会	44026
提出具体建议	44027
瞶	44028
绘	44029
罂粟种植	44030
香港特别行政区	44031
98)	44032
agricultural	44033
monitoring	44034
▁180.	44035
▁allotted	44036
▁eruption	44037
▁satisfactorily	44038
疚	44039
40,000	44040
▁Colour	44041
▁outbreaks	44042
微额信贷	44043
涉案	44044
被关在	44045
遍布	44046
阿齐兹	44047
11:30	44048
qa	44049
▁07	44050
▁chúng	44051
▁hip	44052
▁shelling	44053
柄	44054
系按来文照登	44055
续设	44056
ounce	44057
▁[10	44058
▁让我看看	44059
囉	44060
财务披露	44061
stitutionalize	44062
▁3.8	44063
▁Location	44064
哪去了	44065
显现	44066
缅	44067
重大成就	44068
Get	44069
issa	44070
▁Papers	44071
▁Petr	44072
嫌	44073
拜访	44074
接收国	44075
短期和长期	44076
▁40,000	44077
▁Pattern	44078
▁Radioactiv	44079
▁gym	44080
▁proxy	44081
▁reign	44082
▁各位部长	44083
明证	44084
董事会成员	44085
遣散	44086
shore	44087
▁12).	44088
▁Info	44089
▁Ref	44090
▁answering	44091
▁minus	44092
▁pile	44093
▁shout	44094
▁writers	44095
global	44096
lasting	44097
▁Problem	44098
▁Regime	44099
海伦	44100
澳门特别行政区	44101
盽	44102
鄰	44103
/64/3	44104
▁aboard	44105
图书	44106
小镇	44107
的关键要素	44108
避孕方法	44109
非政府机构	44110
驱逐令	44111
97)	44112
▁$60	44113
▁Instruction	44114
▁Offer	44115
▁freed	44116
发言者名单	44117
唬	44118
弹头	44119
每一位	44120
没看到	44121
-2009	44122
▁rot	44123
▁你怎么能	44124
预算总额	44125
OIOS	44126
▁Harvey	44127
▁Tyre	44128
▁reservoir	44129
协同努力	44130
抽签	44131
精神药物	44132
至为重要	44133
shing	44134
▁Interactive	44135
▁Marc	44136
▁Sarajevo	44137
▁审计委员会注意到	44138
清楚表明	44139
▁Click	44140
▁ERUs	44141
▁Jenin	44142
▁Mohammad	44143
▁Prof	44144
▁Push	44145
▁situ	44146
伟	44147
圭	44148
淹	44149
的黎波里	44150
递解出境	44151
ovic	44152
rica	44153
▁Buck	44154
举办讲习班	44155
多金属硫化物	44156
形状	44157
慶	44158
现任主席	44159
硝	44160
開啟	44161
黑鬼	44162
will	44163
▁Assignment	44164
▁Grants	44165
▁Ossetia	44166
▁penalize	44167
1624(2005)	44168
▁Beings	44169
▁Corporal	44170
屋里	44171
明顯	44172
泳	44173
这就意味着	44174
	44175
asa	44176
gers	44177
people	44178
▁10.15	44179
▁Kr	44180
▁raids	44181
窒息	44182
zzle	44183
▁Abe	44184
▁Hydro	44185
▁resorted	44186
的全面执行和后续行动	44187
老虎	44188
萨米人	44189
/53/3	44190
08)	44191
CLA	44192
▁Throw	44193
▁Truce	44194
▁fastest	44195
▁triple	44196
主导作用	44197
优惠待遇	44198
層	44199
快捷	44200
所采取的步骤	44201
拘留场所	44202
補	44203
轻重缓急	44204
采取何种措施	44205
-3、1	44206
Ros	44207
metry	44208
▁Buy	44209
▁CONS	44210
▁Drive	44211
▁Penny	44212
▁excessively	44213
▁habe	44214
▁wounding	44215
尼亞	44216
搞笑	44217
缓减	44218
采取必要行动	44219
采取紧急行动	44220
ambi	44221
lm	44222
▁Mixed	44223
▁inaccurate	44224
▁缔约国应确保	44225
产生负面影响	44226
小学和中学	44227
干练	44228
昭示	44229
更有力的	44230
荒唐	44231
▁Rich	44232
▁denies	44233
▁detailing	44234
▁leap	44235
▁我是否可以认为大会也希望	44236
公民资格	44237
怎么辦	44238
赦宥	44239
邮票	44240
酷刑或虐待	44241
铝	44242
hel	44243
urt	44244
▁Hizbullah	44245
▁Lub	44246
▁Meh	44247
▁simulation	44248
▁whistle	44249
▁干得好	44250
不人道或有辱人格待遇或处罚	44251
丛林	44252
坚实的基础	44253
玛伊	44254
生活技能	44255
▁Hur	44256
▁Tro	44257
▁causal	44258
▁stems	44259
塔吉克斯坦共和国	44260
格鲁吉亚阿布哈兹	44261
泛美卫生组织	44262
第四款	44263
nam	44264
▁(2007	44265
▁mà	44266
▁piano	44267
倘若	44268
完蛋了	44269
氯化萘	44270
被占领巴勒斯坦领土上的	44271
贱人	44272
近海	44273
XXVII	44274
fax	44275
▁constructing	44276
▁sworn	44277
布萊	44278
手榴弹	44279
泰德	44280
视力	44281
那一天	44282
/54/4	44283
States	44284
sley	44285
xa	44286
▁Bru	44287
▁formalities	44288
▁loyalty	44289
伊加特	44290
午夜	44291
甲烷	44292
▁1,200	44293
▁181.	44294
▁Catherine	44295
▁Kiss	44296
▁这可是	44297
抓紧	44298
教导	44299
点击此处	44300
视图	44301
资源调集	44302
COSP	44303
lder	44304
wr	44305
É	44306
▁jungle	44307
伊斯兰开发银行	44308
规则和条例	44309
Nepal	44310
SSC	44311
▁Clarification	44312
▁Mou	44313
▁Tribal	44314
▁proactively	44315
国境	44316
应计养恤金薪酬	44317
征兵	44318
沃特	44319
第二个铲除殖民主义国际十年	44320
紈	44321
选拔	44322
非正规经济部门	44323
	44324
/89	44325
wel	44326
▁Sophie	44327
▁inextricabl	44328
▁shops	44329
▁天呐	44330
人权和人道主义	44331
人权和法治	44332
巧合	44333
/56/1	44334
eni	44335
erry	44336
▁Cle	44337
▁congratulat	44338
▁stereotypical	44339
农业和农村发展	44340
加入世贸组织	44341
叛徒	44342
和你在一起	44343
坝	44344
洗衣	44345
联合国人权机制	44346
1,100	44347
ester	44348
▁Ron	44349
▁hates	44350
▁manufacturer	44351
小丑	44352
法庭规约	44353
BIT	44354
ept	44355
▁improvised	44356
▁tant	44357
▁textiles	44358
公共交通	44359
换算	44360
第二期会议	44361
花钱	44362
首批	44363
1390(2002)	44364
Nor	44365
UNRWA	44366
militar	44367
▁Holding	44368
▁prosecutorial	44369
▁stroke	44370
发展中国家和发达国家	44371
工作组似宜	44372
张照片	44373
控制危险废物越境转移及其处置	44374
shot	44375
▁ACTIVITIES	44376
▁Vieira	44377
▁morality	44378
▁rabbit	44379
▁remediation	44380
中所占份额	44381
协约	44382
字体	44383
胸部	44384
适度	44385
騎	44386
▁$100,000	44387
▁Gab	44388
▁INTER	44389
优先事项之一	44390
弗里敦	44391
钱包	44392
髓	44393
▁(31	44394
▁Kids	44395
▁chairperson	44396
▁quarantine	44397
▁smallholder	44398
什么也没	44399
有活力的	44400
澤	44401
美洲人权委员会	44402
UE	44403
UI	44404
▁11).	44405
▁Essential	44406
▁thresholds	44407
六十周年	44408
核弹头	44409
罕见	44410
领事馆	44411
	44412
sponsor	44413
▁TE	44414
享有同等	44415
在职培训	44416
年之久	44417
▁8.3	44418
▁Clark	44419
▁dock	44420
▁homosexual	44421
提供技术支持	44422
提出的指控	44423
瓦解	44424
癘	44425
bah	44426
―	44427
▁Intranet	44428
▁Memorial	44429
▁Wider	44430
▁plutonium	44431
▁spur	44432
▁vest	44433
援助和保护	44434
摊派	44435
/91	44436
2014/15	44437
iev	44438
▁Stone	44439
▁arsenal	44440
▁cobalt	44441
▁formalized	44442
▁wins	44443
▁我可不想	44444
下一个两年期	44445
多年工作方案	44446
▁badge	44447
▁reconciling	44448
中学教育	44449
儲存	44450
全球定位系统	44451
华沙	44452
围栏	44453
天文学	44454
带我去	44455
是至慈的	44456
普选	44457
独立和公正	44458
Ghana	44459
ía	44460
▁Regions	44461
▁thể	44462
同行审查	44463
国际会计准则	44464
很荣幸	44465
采取的举措	44466
钞	44467
▁10.10	44468
▁266	44469
▁IASC	44470
▁Singh	44471
▁prayers	44472
不少于	44473
受制于	44474
工商企业	44475
效仿	44476
美麗	44477
语音	44478
限制性商业惯例	44479
arm	44480
▁ITS	44481
唯	44482
祸患	44483
贫血	44484
DG	44485
dies	44486
▁Academic	44487
▁Urge	44488
▁bargain	44489
完备	44490
拟议修正案	44491
给你的信	44492
重要性的认识	44493
92)	44494
▁drylands	44495
▁nasty	44496
▁pockets	44497
▁wasting	44498
日益重要	44499
索菲	44500
莫尔	44501
HU	44502
▁8,000	44503
▁Hariri	44504
▁concurrently	44505
▁minefields	44506
▁mounting	44507
▁repay	44508
▁workplaces	44509
不详	44510
倒霉	44511
年青人	44512
强硬	44513
根本没	44514
疫苗接种	44515
获利	44516
西撒哈拉人民	44517
fix	44518
▁1820	44519
▁Gotta	44520
▁Warsaw	44521
▁banana	44522
▁insecure	44523
▁intercourse	44524
▁ski	44525
人权与基本自由	44526
入籍	44527
参与公共生活	44528
无法控制的	44529
火焰	44530
西藏	44531
這么做	44532
eration	44533
poverty	44534
▁0.1	44535
▁Clinton	44536
▁Garden	44537
▁differs	44538
▁uniformity	44539
千年首脑会议成果的后续行动	44540
增幅	44541
测定	44542
编写一份报告	44543
进一步完善	44544
/72	44545
▁sabotage	44546
人民行使自决权	44547
巴库	44548
无家可归者	44549
舒适	44550
CARICOM	44551
arma	44552
一回事	44553
举出	44554
先驱	44555
减少自然灾害	44556
等一等	44557
骚	44558
liev	44559
▁bubble	44560
▁plates	44561
▁本组织目标	44562
主要集中在	44563
教育和宣传	44564
武器转让	44565
炮击	44566
较早	44567
驳斥	44568
/104	44569
relevant	44570
▁Enactment	44571
▁IHL	44572
▁Mineral	44573
▁grows	44574
▁invented	44575
▁petty	44576
准则和标准	44577
强迫或非自愿失踪问题工作组	44578
技合	44579
phi	44580
▁Guis	44581
▁beatings	44582
▁categorically	44583
你是对的	44584
清单所列	44585
用品和材料	44586
跨领域	44587
2014-2017	44588
▁artisanal	44589
▁complementing	44590
▁kin	44591
▁poisoning	44592
圣母	44593
forces	44594
▁unrepresented	44595
一張	44596
分享经验	44597
割礼	44598
向安全理事会提交	44599
性别差距	44600
辖	44601
/56/7	44602
▁Dog	44603
▁Efficiency	44604
▁Fan	44605
▁assembled	44606
▁belligerent	44607
▁intelligent	44608
很晚	44609
琼斯	44610
科學	44611
贸易与发展	44612
210	44613
owner	44614
stand	44615
▁Context	44616
▁NAPA	44617
▁Planned	44618
▁hexa	44619
▁intervening	44620
出發	44621
区域贸易协定	44622
替代发展方案	44623
束缚	44624
灌输	44625
重新融入	44626
herently	44627
opol	44628
rank	44629
▁182.	44630
▁Somaliland	44631
▁fighter	44632
▁palace	44633
勋章	44634
发掘	44635
周边地区	44636
在内罗毕举行	44637
本议事规则	44638
	44639
▁一些与会者	44640
烹	44641
邁克	44642
重点在于	44643
▁228	44644
▁Remind	44645
▁deliberative	44646
▁diabetes	44647
▁fits	44648
▁ultra	44649
人口和住房普查	44650
国家和人民	44651
森林合作伙伴关系	44652
gel	44653
nah	44654
▁(2001	44655
▁divergence	44656
解救	44657
餅	44658
nvesting	44659
▁Depositary	44660
▁SFOR	44661
▁Teacher	44662
▁[12	44663
▁recordings	44664
▁tooth	44665
弗洛	44666
描	44667
提早	44668
饼干	44669
6.5%	44670
aq	44671
▁360	44672
▁Eh	44673
▁Twelve	44674
▁erroneous	44675
▁poster	44676
▁scandal	44677
▁stricter	44678
不对称	44679
意义重大	44680
最弱势群体	44681
法律和规章	44682
秘书长在其报告	44683
被带到	44684
优良	44685
你們倆	44686
塞拉利昂问题特别法庭	44687
巴勒斯坦观察员	44688
负担得起	44689
stricken	44690
▁Abbreviations	44691
▁BWC	44692
▁bids	44693
▁bypass	44694
▁inaugura	44695
不列颠哥伦比亚	44696
印第安	44697
境内人权情况特别报告员	44698
感到震惊	44699
涯	44700
path	44701
▁Coherence	44702
▁sulphides	44703
一瓶	44704
	44705
(2)(	44706
omi	44707
sided	44708
▁216	44709
▁manpower	44710
▁pact	44711
▁议程通过	44712
下落不明	44713
六周	44714
喬治	44715
技术合作信托基金	44716
早点	44717
真不错	44718
那裏	44719
魔术	44720
Azerbaijan	44721
Paris	44722
efficiency	44723
isse	44724
respond	44725
then	44726
▁flo	44727
▁inward	44728
克萊	44729
带动	44730
教唆	44731
油价	44732
深入分析	44733
联合国争议法庭	44734
逞	44735
▁professors	44736
历次	44737
各方当事人	44738
持续发展行动纲领的毛里求斯战略	44739
霍乱	44740
▁breed	44741
▁completeness	44742
▁multitude	44743
▁nói	44744
个本国一般事务人员	44745
军民	44746
第九次会议	44747
缔约各方	44748
院长会议	44749
equality	44750
▁1284	44751
▁183.	44752
▁235	44753
▁Instance	44754
经济和金融危机	44755
(%)	44756
20,000	44757
rma	44758
▁elicit	44759
戒毒	44760
缓刑	44761
芝	44762
PU	44763
sound	44764
▁Bullshit	44765
▁Pet	44766
并不构成	44767
非核心资源	44768
▁2014/15	44769
▁forthwith	44770
▁matches	44771
上帝保佑	44772
发射器	44773
按摩	44774
精算估值	44775
高度优先事项	44776
Did	44777
pop	44778
▁62/208	44779
▁anchor	44780
女户主	44781
編輯	44782
错综复杂	44783
Abdel	44784
pplied	44785
▁1,7	44786
▁Anthony	44787
▁Engineer	44788
▁Motoc	44789
▁Nancy	44790
不同类型的	44791
包括特别经济援助的协调	44792
双方当事人	44793
幸運	44794
方面发挥了重要作用	44795
来文可否受理	44796
遇到的障碍	44797
iber	44798
unda	44799
▁Oxford	44800
▁flare	44801
▁jam	44802
▁reuse	44803
你們應當	44804
决策职位	44805
普京	44806
采取紧急措施	44807
	44808
90,000	44809
when	44810
▁Requested	44811
▁Slo	44812
▁Ultimately	44813
▁consume	44814
▁embody	44815
▁pump	44816
烯	44817
短语	44818
联合呼吁程序	44819
请联合国人权事务高级专员	44820
region	44821
▁Appropriation	44822
▁Jam	44823
▁encompassed	44824
全球外勤支助战略	44825
恢复原状	44826
方面取得了重大进展	44827
祈	44828
结核病和疟疾基金	44829
联布行动	44830
▁Identifying	44831
▁authentication	44832
▁bans	44833
▁jeopardized	44834
▁transcend	44835
属于少数群体的人	44836
政府间谈判	44837
礼品	44838
Chief	44839
ologist	44840
▁237	44841
▁Bert	44842
▁cage	44843
▁就好像	44844
畜牧业	44845
避开	44846
uin	44847
▁barrel	44848
双边关系	44849
哑	44850
整修	44851
狐	44852
萨拉热窝	44853
象征性	44854
▁Tools	44855
▁broadcasters	44856
▁harnessing	44857
▁publicized	44858
伊斯兰会议组织成员国	44859
实话	44860
联营	44861
非法毒品	44862
ần	44863
▁(2013),	44864
▁Eide	44865
▁countryside	44866
▁revival	44867
咨	44868
宝石	44869
酮	44870
/8/	44871
performance	44872
▁Concept	44873
▁assuring	44874
▁healing	44875
助理员额	44876
反應	44877
母国	44878
精灵	44879
託	44880
/2006/1	44881
angle	44882
▁Tobacco	44883
▁pizza	44884
使用多种语文	44885
地毯	44886
审议和通过	44887
采取一切必要步骤	44888
非政府组织和私营部门	44889
AID	44890
NF	44891
lop	44892
▁BA	44893
▁attorneys	44894
▁reconsideration	44895
密封	44896
零容忍政策	44897
5);	44898
▁Infant	44899
▁Kaz	44900
▁Matthew	44901
▁materiae	44902
▁restart	44903
可观的	44904
察觉	44905
ompeten	44906
sir	44907
▁Critical	44908
▁eighteen	44909
▁exhibits	44910
依照安全理事会第	44911
大多数发展中国家	44912
芳	44913
OAS	44914
lian	44915
▁exhibitions	44916
▁fixing	44917
吶	44918
大大提高	44919
防止及惩治灭绝种族罪公约	44920
▁Advisor	44921
▁Kun	44922
▁contend	44923
▁foodstuffs	44924
完成其任务	44925
或社会出身	44926
1998/2	44927
▁Legislature	44928
▁Lie	44929
▁defeated	44930
▁shal	44931
▁各缔约国均应	44932
人道主义工作者	44933
仁慈	44934
作了答复	44935
▁ONE	44936
▁smells	44937
▁呵呵	44938
▁那是什麼	44939
双边或多边	44940
国家和地方各级	44941
摄像机	44942
關系	44943
Tunisia	44944
▁BUT	44945
▁PRSPs	44946
▁treasury	44947
卫星通信	44948
性别差异	44949
诱拐	44950
非正规教育	44951
OPE	44952
▁哇哦	44953
共谋	44954
前苏联	44955
开放式	44956
视频会议	44957
	44958
▁Eve	44959
▁Pack	44960
▁ancestral	44961
乌拉圭回合	44962
卫星图像	44963
大学法学院	44964
杰宁	44965
▁248	44966
▁Amanda	44967
▁LIKE	44968
决算	44969
冻结资产	44970
同一时期	44971
堕	44972
安东尼	44973
日期间的经费	44974
现代技术	44975
mah	44976
psy	44977
▁184.	44978
▁227	44979
▁Alicia	44980
▁HERE	44981
▁Jer	44982
▁economical	44983
▁spiral	44984
媒体报道	44985
年代末	44986
曾多次	44987
论证	44988
这一流行病	44989
▁68/2	44990
▁Components	44991
▁confine	44992
所说的那样	44993
62/208	44994
million	44995
▁1955,	44996
东北亚	44997
副秘书长办公室	44998
劳资关系	44999
千百万	45000
号指令	45001
新兴经济体	45002
样式	45003
琩	45004
知名人士小组	45005
簡直	45006
覽	45007
這麼多	45008
religious	45009
▁breeding	45010
▁underestimated	45011
优质教育	45012
制止核恐怖主义行为国际公约	45013
美国国会	45014
貼	45015
过半数	45016
compliant	45017
particularly	45018
▁Nina	45019
▁dividends	45020
▁envisioned	45021
▁rightful	45022
将其视为	45023
战略部署储存	45024
议定结论	45025
▁(11)	45026
▁Fishing	45027
▁Flo	45028
▁Yang	45029
▁gosh	45030
点钟	45031
/7)	45032
▁$34	45033
▁Moving	45034
▁assigning	45035
▁complicate	45036
▁rob	45037
现金流动	45038
男孩和女孩	45039
▁185.	45040
▁Bible	45041
▁Iron	45042
▁fitting	45043
▁pertain	45044
全面禁止核试验条约组织筹备委员会	45045
分区域和区域	45046
稀少	45047
▁CAS	45048
▁crawl	45049
宗案件	45050
法定人数	45051
Sheikh	45052
▁Driver	45053
▁intersection	45054
違	45055
▁IPF	45056
▁Secret	45057
▁tabled	45058
人道主义应急	45059
兄弟姐妹	45060
挣扎	45061
沙龙	45062
特设小组	45063
祝贺你当选	45064
逐案	45065
马丁内斯先生	45066
hn	45067
lag	45068
logy	45069
▁Appreciation	45070
▁Jump	45071
▁NAPAs	45072
你們當	45073
委员会建议的题为	45074
敌视	45075
乐趣	45076
歷	45077
/77	45078
SER	45079
estimate	45080
tank	45081
▁prominence	45082
印发日期后一个星期内送交	45083
和国家两级	45084
太晚了	45085
接下來	45086
武断	45087
清洁发展机制之下	45088
Mike	45089
▁(2012),	45090
▁tricks	45091
浦	45092
渊源	45093
炸彈	45094
目标明确的	45095
henno	45096
▁223	45097
▁lawfulness	45098
▁pledging	45099
▁versa	45100
最后管制行动	45101
继续审议这一问题	45102
陰	45103
非法小武器和轻武器	45104
预防犯罪和刑事司法标准和规范	45105
ault	45106
▁Garc	45107
▁Marcel	45108
▁theater	45109
▁以及行政和预算问题咨询委员会的	45110
刑事罪行	45111
加德满都	45112
妇女与男子	45113
安保干事	45114
投资管理处	45115
5,500	45116
▁candle	45117
▁civilized	45118
▁profitable	45119
▁questionable	45120
两性平等主流化	45121
屬於	45122
▁premiums	45123
到这里来	45124
在日内瓦举行	45125
孤身	45126
揪	45127
枪杀	45128
mitting	45129
tah	45130
▁pathetic	45131
举行了两次	45132
发电厂	45133
派系	45134
游击队	45135
▁limb	45136
▁modernizing	45137
你们的主	45138
实习生	45139
拿出来	45140
001	45141
compensatory	45142
▁Blood	45143
▁Race	45144
▁anxiety	45145
▁decisively	45146
▁goat	45147
听到了吗	45148
挑战和机遇	45149
最后定稿	45150
真主确是	45151
▁backward	45152
▁benchmarking	45153
▁swap	45154
伊斯坦布尔行动纲领	45155
广播节目	45156
躁	45157
2,500	45158
▁definite	45159
特殊和差别待遇	45160
谈一谈	45161
/52/8	45162
MIT	45163
mbo	45164
▁Coffee	45165
▁IOC	45166
明早	45167
/211	45168
implementation	45169
▁Definitions	45170
▁Ramallah	45171
▁betray	45172
▁prone	45173
全国选举委员会	45174
表达意见	45175
运载火箭	45176
音像	45177
颖	45178
骨头	45179
▁Linda	45180
▁Tindouf	45181
▁drone	45182
▁humiliating	45183
作出重要贡献	45184
赦	45185
February	45186
▁Years	45187
▁betrayed	45188
▁hurricane	45189
▁monies	45190
▁triumph	45191
▁我不想再	45192
▁Kingston	45193
▁Putin	45194
▁Terry	45195
▁concentrating	45196
▁inauguration	45197
▁vetting	45198
以何种方式	45199
卧室	45200
最大限度地利用	45201
配件	45202
▁Laboratory	45203
▁digging	45204
▁insertion	45205
▁rap	45206
乍得东部	45207
anja	45208
natural	45209
▁expatriate	45210
▁imagined	45211
動作	45212
教皇	45213
有悖于	45214
induced	45215
kka	45216
▁1455	45217
▁cigarettes	45218
吸引外国直接投资	45219
较差	45220
酬金	45221
Second	45222
▁PO	45223
▁chasing	45224
▁dynamism	45225
▁poet	45226
宗教间对话	45227
/2003/2	45228
▁armies	45229
▁negotiators	45230
▁periodicity	45231
国际刑事警察组织	45232
在需要时	45233
征询	45234
摩根	45235
滞后	45236
▁agrarian	45237
▁这是怎么回事	45238
來這裡	45239
删	45240
加勒比和太平洋	45241
即将召开的	45242
提出的上诉	45243
现金和定期存款	45244
男女同性恋	45245
▁DI	45246
▁Imagine	45247
▁dwell	45248
▁envoys	45249
▁seventie	45250
为导向的	45251
围困	45252
特别帐户	45253
针对儿童的	45254
鲜明	45255
mean	45256
▁50/227	45257
▁Baku	45258
▁Consequences	45259
▁Inclusive	45260
▁Noah	45261
▁Urgent	45262
▁censorship	45263
▁governorate	45264
▁pastoral	45265
▁prey	45266
▁đây	45267
之举	45268
具有普遍性	45269
吾	45270
建设性的对话	45271
接电话	45272
旅途	45273
滚出去	45274
犹太复国主义	45275
病媒	45276
第十二章	45277
评论和意见	45278
鼓掌	45279
▁Guideline	45280
▁beloved	45281
▁reconstruct	45282
妇女参与政治	45283
期盼	45284
求婚	45285
种族清洗	45286
靡	45287
鱼种	45288
ă	45289
经订正的	45290
隔壁	45291
▁Boston	45292
▁DESA	45293
▁Objection	45294
▁Serv	45295
▁halving	45296
▁holes	45297
呈件	45298
字幕	45299
拐卖	45300
残障	45301
齿	45302
2001-2002	45303
▁HFCs	45304
▁casual	45305
▁knocked	45306
▁pink	45307
▁sue	45308
▁unpunished	45309
失调	45310
的审议经过	45311
藝術	45312
▁Dry	45313
▁Ellen	45314
▁naturalization	45315
說得對	45316
这种局面	45317
sama	45318
▁Yaound	45319
▁affordability	45320
▁ambush	45321
▁dictate	45322
▁enrol	45323
▁habits	45324
▁specificity	45325
帕特里克	45326
纵容	45327
野心	45328
master	45329
▁187.	45330
▁Barry	45331
▁HCFCs	45332
▁dissolved	45333
▁politicization	45334
▁tune	45335
▁z	45336
所起的	45337
无线电广播	45338
湖泊	45339
興	45340
-02	45341
/90	45342
governing	45343
▁abstention	45344
▁shocked	45345
慈善机构	45346
拥抱	45347
本结论意见	45348
第二项任择议定书	45349
非洲和亚洲	45350
9:00	45351
AK	45352
derogable	45353
energy	45354
发挥重大作用	45355
哥伦比亚特区华盛顿	45356
推测	45357
瘤	45358
经费分摊比额表	45359
-235	45360
▁49/1	45361
▁awarding	45362
▁custodian	45363
▁pest	45364
伊丽莎白	45365
到处都是	45366
取得进一步进展	45367
大洋洲	45368
/93	45369
2,600	45370
ario	45371
ordinate	45372
wah	45373
▁Fighting	45374
▁Maghreb	45375
▁abolishment	45376
▁posing	45377
求职	45378
海洋生物资源	45379
稳定与安全	45380
达累斯萨拉姆	45381
重大关切领域	45382
eira	45383
▁BO	45384
▁prototype	45385
▁seconded	45386
▁sustainably	45387
一般工作人员费用	45388
吉塞先生	45389
失散	45390
捏造	45391
猩猩	45392
▁Barbara	45393
▁indemnity	45394
▁lapse	45395
中间商	45396
原子能机构总干事	45397
据指出	45398
梭	45399
破壞	45400
pie	45401
▁Ci	45402
▁Deplete	45403
▁Petroleum	45404
▁literary	45405
▁mistreatment	45406
▁wa	45407
一国或一国际组织	45408
实现发展目标	45409
感到不安	45410
极端重要	45411
行政和司法	45412
视野	45413
这等人	45414
/62/6	45415
▁Nathan	45416
▁Pharaoh	45417
▁beta	45418
▁waived	45419
在日内瓦万国宫举行	45420
当代形式奴隶制	45421
贩运妇女和儿童	45422
面对面	45423
95)	45424
phase	45425
vir	45426
xx	45427
▁CAR	45428
▁bench	45429
▁progressed	45430
▁relentless	45431
少女怀孕	45432
彼此之间	45433
布拉格	45434
求职者	45435
nge	45436
▁2006:	45437
▁234	45438
▁chop	45439
▁localities	45440
▁poem	45441
中东和北非	45442
再接再厉	45443
更积极地	45444
步行	45445
HIPC	45446
yi	45447
▁penetration	45448
▁renders	45449
▁別這樣	45450
在国家层面	45451
运载工具	45452
January	45453
从来都	45454
到底是什么	45455
基金结余	45456
对条约的保留	45457
湯姆	45458
采取特别措施	45459
骸	45460
▁188.	45461
▁Harold	45462
▁assesses	45463
▁closet	45464
▁prescribe	45465
▁reinforces	45466
▁tech	45467
世界各国人民	45468
临时自治机构	45469
Ecuador	45470
standard	45471
▁Extend	45472
▁reclassified	45473
▁reconfiguration	45474
剔	45475
寥	45476
的唯一途径	45477
蟲	45478
▁2008:	45479
▁endured	45480
▁hardest	45481
▁surpluses	45482
以至于	45483
信息和知识	45484
凯文	45485
注释	45486
石油价格	45487
02)	45488
▁Cotonou	45489
▁Workshops	45490
投入运作	45491
摩托车	45492
构成严重威胁	45493
核材料实物保护公约	45494
终身监禁	45495
▁Stefan	45496
▁foolish	45497
▁miserable	45498
▁partition	45499
▁vitamin	45500
侵犯人权和违反国际人道主义法	45501
是假的	45502
温暖	45503
狡	45504
號碼	45505
4,8	45506
aver	45507
ntegrating	45508
▁Build	45509
▁Reason	45510
▁Updated	45511
▁wheat	45512
个人和家庭	45513
冗长	45514
农村和城市	45515
jah	45516
yes	45517
▁Alleged	45518
合作与援助	45519
prevention	45520
▁cadre	45521
犯罪嫌疑人	45522
/2006/9	45523
/76	45524
mez	45525
▁Beck	45526
▁char	45527
主席之友	45528
托儿	45529
综	45530
/95	45531
awi	45532
▁extinguish	45533
▁halfway	45534
▁subcontract	45535
利比里亚国家警察	45536
科索沃保护团	45537
联合国东帝汶过渡行政当局	45538
逃亡	45539
10/	45540
▁219	45541
▁Buildings	45542
▁Figures	45543
▁Labelling	45544
▁ascertaining	45545
▁incapacity	45546
北欧	45547
沿用	45548
罗宾	45549
足夠	45550
ISH	45551
▁1930	45552
▁Luke	45553
▁unintentional	45554
▁wedlock	45555
发展中国家和最不发达国家	45556
在届会结束后	45557
极限	45558
经济和社会权利	45559
财务执行情况报告	45560
XI	45561
listing	45562
▁233	45563
▁Maintain	45564
▁SAF	45565
▁Telephone	45566
▁aboriginal	45567
▁alarmed	45568
▁cassation	45569
▁centrality	45570
▁scientist	45571
均属	45572
aker	45573
▁Bolivian	45574
▁Prospects	45575
▁abusers	45576
受益国	45577
敲诈	45578
潛	45579
纪念碑	45580
▁Doing	45581
▁Pope	45582
▁Servicing	45583
▁pistol	45584
▁shorten	45585
▁traced	45586
升值	45587
咨委会	45588
工资差距	45589
无能为力	45590
fed	45591
vul	45592
▁Bull	45593
▁brutality	45594
▁prevails	45595
▁行预咨委会注意到	45596
引诱	45597
腕	45598
itan	45599
mbe	45600
▁9.1	45601
▁Accept	45602
▁Bethlehem	45603
▁Descent	45604
▁abundance	45605
▁divergent	45606
很感激	45607
维生素	45608
采取了一系列	45609
Tan	45610
chet	45611
gat	45612
▁Constituent	45613
▁Sovereign	45614
▁Stock	45615
惟	45616
發生什麼事	45617
50/227	45618
▁gorgeous	45619
▁madam	45620
其暂行议事规则第	45621
包括但不限于	45622
国务部长	45623
被遗弃	45624
▁Leonean	45625
▁secretaries	45626
▁thermal	45627
工作人员条例和细则	45628
數字	45629
波哥大	45630
滥用药物	45631
难民高专办	45632
雅温得	45633
MG	45634
XVIII	45635
dja	45636
▁12,000	45637
▁189.	45638
▁DVD	45639
▁Lim	45640
▁delineation	45641
▁digest	45642
侣	45643
就业和体面工作	45644
感到鼓舞的是	45645
日在联合国总部举行	45646
oire	45647
recorded	45648
▁Ramos	45649
▁Territorial	45650
▁deleting	45651
▁否則	45652
偏高	45653
坊	45654
廷杜夫	45655
Tar	45656
UAL	45657
▁commissioners	45658
▁hesitate	45659
乙烯	45660
学童	45661
猴	45662
盜	45663
科托努	45664
賈	45665
这种说法	45666
8,500	45667
▁(1981)	45668
▁Summer	45669
▁fetch	45670
▁sharpen	45671
事务专员	45672
表現	45673
采取有效行动	45674
预约	45675
/1999/25	45676
lima	45677
olic	45678
▁Acquisition	45679
▁Kin	45680
▁depict	45681
▁gauge	45682
▁illustrative	45683
▁wealthy	45684
乔伊	45685
增加一倍	45686
悬而未决的问题	45687
電視	45688
Dis	45689
emphasize	45690
▁behold	45691
▁hyper	45692
▁mayors	45693
万吨	45694
后续进程	45695
撒謊	45696
55/235	45697
zak	45698
▁4.9	45699
交通工具	45700
库存品	45701
没有提供任何	45702
第九章	45703
第十次会议	45704
:(212)963-	45705
CEN	45706
▁$1,2	45707
▁Profile	45708
▁Trading	45709
▁absurd	45710
▁robbed	45711
复仇	45712
简述	45713
肢体	45714
腐败现象	45715
Under	45716
nutrient	45717
▁963-53	45718
▁Been	45719
▁CONA	45720
▁biannual	45721
▁extradited	45722
▁fold	45723
▁inhabited	45724
▁postal	45725
▁subscription	45726
任期届满	45727
农作物	45728
所阐述的	45729
椒	45730
规律	45731
迁往	45732
aeda	45733
▁Beit	45734
严峻挑战	45735
人满为患	45736
依循	45737
联合国系统内外	45738
CRI	45739
addling	45740
▁Wrong	45741
▁dancer	45742
▁defect	45743
▁unjustifiable	45744
大规模毁灭性武器扩散	45745
携	45746
woo	45747
Ч	45748
▁200)}	45749
▁Couldn	45750
▁Dayton	45751
▁astray	45752
▁framed	45753
▁riot	45754
书面意见	45755
刑罰	45756
带来的好处	45757
政治人物	45758
电子版	45759
ITE	45760
ote	45761
▁Accords	45762
▁Formal	45763
▁Repeat	45764
▁devastated	45765
▁starving	45766
在实现千年发展目标方面	45767
填埋	45768
见附录	45769
谢意	45770
/1997	45771
fur	45772
▁Amor	45773
▁Career	45774
▁Sensing	45775
▁importers	45776
弄清	45777
技术合作经常方案	45778
肖恩	45779
讚	45780
遗属	45781
非国家行动者	45782
▁Catch	45783
▁Outside	45784
▁packed	45785
▁patents	45786
丽莎	45787
希伯	45788
▁ISAR	45789
▁bake	45790
对你来说	45791
标准和指标	45792
襲	45793
通风	45794
Money	45795
lab	45796
▁Jorge	45797
▁loser	45798
储存和使用化学武器及销毁此种武器	45799
国际人道主义法律	45800
地雷受害者	45801
庙	45802
藻	45803
贫富	45804
通用报告格式	45805
▁221	45806
▁Commodity	45807
▁Tab	45808
▁disrespect	45809
停战	45810
沒想到	45811
2005-2015	45812
written	45813
▁Behold	45814
▁TRAC	45815
▁Thereafter	45816
▁laser	45817
国集团和中国的名义	45818
流落街头	45819
经委会	45820
课堂	45821
/64/2	45822
bec	45823
▁Angeles	45824
▁blend	45825
▁bottlenecks	45826
災	45827
近几年来	45828
/59/6	45829
VERY	45830
ime	45831
▁Wayne	45832
▁intraregional	45833
▁slogan	45834
▁tan	45835
帝汶	45836
玻利瓦尔	45837
破坏性影响	45838
/2008/1	45839
▁Earlier	45840
分至下午	45841
卷宗	45842
挽回	45843
无国界	45844
经记录表决	45845
行预咨委会获悉	45846
雖	45847
预防犯罪和刑事司法领域	45848
▁Submissions	45849
▁bearer	45850
▁mediator	45851
▁reprocessing	45852
▁talented	45853
价格指数	45854
吃完	45855
安非他明类兴奋剂	45856
最大程度地	45857
跨国公司和其他工商企业	45858
重演	45859
▁Baker	45860
▁两年期目标	45861
去哪裡	45862
廚	45863
phosph	45864
ume	45865
▁193.	45866
▁Cer	45867
▁tuition	45868
十万	45869
外交大臣	45870
XVI	45871
▁YEAH	45872
▁shore	45873
交涉	45874
公众舆论	45875
器材	45876
的文件和安全理事会的文件分发为荷	45877
NES	45878
Your	45879
▁2018	45880
▁descend	45881
▁estimating	45882
▁flora	45883
▁numerical	45884
健身	45885
和平解决冲突	45886
开放源码软件	45887
見面	45888
設定	45889
飞船	45890
Decision	45891
▁280	45892
▁Signatures	45893
▁migrate	45894
▁stark	45895
垛	45896
情愿	45897
竹	45898
隱藏	45899
/1992	45900
▁Song	45901
▁clouds	45902
▁videoconference	45903
典礼	45904
初审	45905
拉丁美洲及加勒比	45906
缔约方会议第一届会议	45907
航海	45908
ā	45909
▁Relat	45910
▁Tiger	45911
▁boot	45912
▁foam	45913
/64/6	45914
▁ICESCR	45915
▁Specialist	45916
▁math	45917
▁pad	45918
所导致的	45919
白癡	45920
联合国人类住区中心	45921
警力	45922
Shar	45923
fsp	45924
▁190.	45925
▁Expression	45926
▁halting	45927
▁marker	45928
发展中经济体	45929
复印件	45930
戴夫	45931
杠杆	45932
电话分机	45933
钥	45934
▁Fifteen	45935
净增	45936
图形	45937
民意	45938
猜测	45939
驯鹿	45940
equity	45941
quarter	45942
▁JEM	45943
▁burial	45944
▁guerrilla	45945
航空航天	45946
Water	45947
▁Products	45948
▁landfill	45949
乳腺癌	45950
坏事	45951
狂热	45952
稀缺	45953
罗姆族	45954
脂肪	45955
贊	45956
/65	45957
Mark	45958
▁Archives	45959
▁Christopher	45960
▁Fox	45961
▁breadth	45962
▁discontinue	45963
▁labourers	45964
▁whichever	45965
但有一项谅解	45966
句話	45967
坚称	45968
尽全力	45969
屈服	45970
担当	45971
称职	45972
經歷	45973
/2001/2	45974
/2008/2	45975
425(1978)	45976
▁CULTURAL	45977
▁Leon	45978
▁Mitigation	45979
▁adher	45980
▁repealed	45981
小武器和轻武器非法贸易各方面问题	45982
巴黎俱乐部	45983
扼	45984
治安部队	45985
繁殖	45986
live	45987
▁191.	45988
▁tide	45989
向理事会提交	45990
輩	45991
/2002/2	45992
4)	45993
Our	45994
▁Bart	45995
▁Sang	45996
付清	45997
▁NASA	45998
▁Stupid	45999
▁reassure	46000
如你所	46001
悼念	46002
暴乱	46003
繼	46004
2001/3	46005
ONG	46006
lack	46007
ror	46008
▁Staffing	46009
▁cite	46010
▁disturbances	46011
▁idol	46012
充分和有效	46013
增建	46014
計畫	46015
▁2014-2017	46016
▁machineries	46017
人道主义和人权	46018
全部门办法	46019
副检察官	46020
待审	46021
趟	46022
迪奥	46023
Richard	46024
earn	46025
▁Kom	46026
▁physics	46027
弦	46028
祝贺你担任	46029
行不通	46030
1997/2	46031
growing	46032
▁Animal	46033
▁dismantled	46034
▁relocate	46035
▁turmoil	46036
勿	46037
小岛屿国家联盟	46038
放慢	46039
武装恐怖团伙	46040
纯属	46041
譯	46042
/80	46043
6,500	46044
bout	46045
girl	46046
▁Kathmandu	46047
▁Settings	46048
▁delighted	46049
▁referenced	46050
▁tracked	46051
备份	46052
搞清楚	46053
霍华德	46054
▁(20)	46055
▁DLDD	46056
▁electing	46057
▁prominently	46058
财务报表附注	46059
▁192.	46060
▁Contractual	46061
不分种族	46062
仑	46063
干旱地区	46064
所受到的	46065
發生了什麼	46066
细致	46067
Member	46068
deci	46069
▁0.4	46070
▁Indians	46071
▁Maintaining	46072
▁Sixteenth	46073
機器	46074
珍惜	46075
/10)	46076
walk	46077
▁194.	46078
▁Corn	46079
▁ambitions	46080
▁governs	46081
狮子	46082
簡	46083
zin	46084
▁1160	46085
▁25,000	46086
▁Andr	46087
▁arid	46088
▁singer	46089
▁storms	46090
動物	46091
反车辆地雷	46092
受审议国	46093
各个层面	46094
差點	46095
月底之前	46096
歷史	46097
经社	46098
.105/8	46099
ometer	46100
ool	46101
▁Determin	46102
▁Dun	46103
▁Grow	46104
▁NS	46105
▁RA	46106
▁Rice	46107
▁trains	46108
▁为便于	46109
在下列情况下	46110
大会第二十届特别会议通过的	46111
摩西	46112
瞩	46113
示例	46114
▁Crop	46115
净化	46116
动植物	46117
向安理会提出	46118
联合国禁止非法贩运麻醉药品和	46119
英勇	46120
虹	46121
蹟象	46122
1284(1999)	46123
▁Cab	46124
▁Chechnya	46125
▁Heaven	46126
▁appealing	46127
▁cheat	46128
▁generates	46129
▁optical	46130
▁reinvigorate	46131
▁zoo	46132
梁	46133
迷失	46134
WS	46135
zon	46136
▁classify	46137
▁deport	46138
▁farmland	46139
▁leakage	46140
扳	46141
数据电文	46142
职业生涯	46143
靈魂	46144
飛機	46145
▁232	46146
▁52/12	46147
▁REVIEW	46148
▁mount	46149
牵连	46150
第二十二条	46151
won	46152
▁Modalities	46153
▁dial	46154
▁nut	46155
▁responsibly	46156
▁utter	46157
实际意义	46158
58/316	46159
maker	46160
stream	46161
▁Guinean	46162
▁familiarize	46163
一项或多项	46164
侵略罪	46165
军警人员	46166
四年期	46167
▁drastic	46168
▁habit	46169
▁justifying	46170
▁如上文第	46171
一般事务人员员额	46172
拉巴特	46173
毒品管制	46174
2006-2010	46175
awn	46176
▁Blair	46177
▁attribute	46178
▁lest	46179
干脆	46180
狭窄	46181
"...	46182
-34	46183
Related	46184
giving	46185
tained	46186
▁Math	46187
▁bidders	46188
讽礛	46189
邀请他参加	46190
非洲境内冲突起因和促进持久和平与	46191
gha	46192
▁$1,3	46193
▁doubling	46194
▁menace	46195
▁replication	46196
▁slot	46197
有碍	46198
登载	46199
相當	46200
科索沃境内	46201
肯尼迪	46202
董	46203
镜子	46204
Ireland	46205
moto	46206
vil	46207
▁Buddhist	46208
▁Vieques	46209
▁chapeau	46210
▁floating	46211
▁physicians	46212
▁presidents	46213
奏效	46214
狀	46215
璸	46216
ECO	46217
▁$36	46218
▁Priorities	46219
▁Wy	46220
▁diesel	46221
段中建议的决议草案	46222
赎金	46223
非洲问题特别顾问办公室	46224
饲养	46225
▁LTTE	46226
▁Managers	46227
▁Persian	46228
▁drilling	46229
▁prescribes	46230
寂寞	46231
抗拒	46232
曲线	46233
本报告所述期间	46234
裁军和不扩散教育	46235
要求进行记录表决	46236
lets	46237
ام	46238
▁$37	46239
▁Cos	46240
▁Michelle	46241
▁UNMIN	46242
▁enthusiasm	46243
多长时间	46244
尽可能广泛地	46245
矩阵	46246
	46247
etter	46248
ference	46249
▁224	46250
▁halted	46251
▁induced	46252
▁piloted	46253
▁unofficial	46254
▁unrealistic	46255
上一个两年期	46256
剧烈	46257
单亲家庭	46258
参选	46259
就业和职业	46260
玛雅	46261
真高兴	46262
舟	46263
订婚	46264
预审法官	46265
Sri	46266
▁Functions	46267
▁HIGH	46268
▁Lab	46269
▁Mello	46270
▁Visits	46271
▁messenger	46272
▁worm	46273
倚	46274
冰川	46275
外国投资者	46276
收件人	46277
醋	46278
采掘业	46279
UB	46280
▁Emperor	46281
▁Naval	46282
一般人事费	46283
公共开支	46284
技经评估组	46285
責任	46286
钢琴	46287
/71	46288
Marcoussis	46289
ador	46290
dir	46291
▁1952	46292
▁Athens	46293
▁Jackson	46294
卸任	46295
懲	46296
最为重要的	46297
菊	46298
量刑	46299
/83	46300
WD	46301
imba	46302
▁Demining	46303
▁Timber	46304
▁aggravate	46305
▁implicated	46306
循序渐进	46307
民主和人权	46308
Kim	46309
∮	46310
▁2003-2004	46311
▁Joey	46312
▁Laurent	46313
▁indebtedness	46314
▁query	46315
亟	46316
唱名表决	46317
持久的和平	46318
栽	46319
私营部门司	46320
答卷	46321
/56/5	46322
Ahmed	46323
Laundering	46324
克林顿	46325
每小时	46326
collect	46327
scribed	46328
vez	46329
▁Bogot	46330
▁Christine	46331
▁timeframe	46332
世界儿童问题首脑会议	46333
僻	46334
北南	46335
向最不发达国家提供	46336
多种形式	46337
激活	46338
边际化	46339
/2005/6	46340
Views	46341
▁kissed	46342
ㄢ	46343
化石燃料	46344
捞	46345
炸毁	46346
arrow	46347
corporate	46348
▁58/316	46349
▁adjudication	46350
▁deplorable	46351
▁revoked	46352
总监	46353
靴	46354
gain	46355
▁Prisons	46356
军事和警务人员	46357
在国家和国际一级	46358
坞	46359
▁BC	46360
▁Extreme	46361
▁chip	46362
作为观察员参加	46363
召唤	46364
并非总是	46365
扫除	46366
控方	46367
英寸	46368
protection	46369
▁Occupation	46370
▁folk	46371
▁intending	46372
▁monuments	46373
第五十七	46374
▁Circular	46375
争辩	46376
发挥了关键作用	46377
警觉	46378
贸易和运输	46379
集中营	46380
review	46381
▁archiving	46382
▁crusts	46383
▁planting	46384
以和平方式	46385
单亲	46386
改成	46387
權利	46388
▁Bukavu	46389
▁Species	46390
▁implicitly	46391
筛查	46392
默示	46393
57/5	46394
▁Desert	46395
▁Ford	46396
厢	46397
季节性	46398
御	46399
更有效率	46400
期末	46401
采取一切必要行动	46402
cell	46403
厘米	46404
婭	46405
遊	46406
front	46407
ija	46408
▁steep	46409
▁warehouses	46410
佛罗里达	46411
哈吉	46412
宗旨和目标	46413
清白	46414
请参阅	46415
59/296	46416
Principal	46417
Saudi	46418
▁1.9	46419
▁Comparative	46420
▁fertile	46421
服务提供商	46422
DCP	46423
arid	46424
▁Arrangement	46425
▁PROVISION	46426
▁Rabat	46427
▁stamps	46428
偏袒	46429
出生率	46430
和地方各级	46431
装入	46432
西欧和其他国家集团	46433
遥控	46434
critical	46435
▁Organizing	46436
▁anxious	46437
▁evacuated	46438
▁guts	46439
▁ripe	46440
▁tier	46441
▁unmet	46442
▁yell	46443
客氣	46444
市值	46445
legally	46446
▁Moh	46447
▁Yama	46448
▁handing	46449
▁identifiable	46450
▁redistribution	46451
狱警	46452
空缺通知	46453
/2011	46454
gender	46455
▁boots	46456
▁drastically	46457
▁inequities	46458
▁peers	46459
探望	46460
的呼声	46461
这么久	46462
退伍军人	46463
rilateral	46464
▁02	46465
▁impoverished	46466
挨饿	46467
除其它外	46468
lite	46469
▁55/235	46470
▁blowing	46471
▁interns	46472
医疗后送	46473
報導	46474
相吻合	46475
sourcing	46476
▁reviewers	46477
总部合同委员会	46478
防止外空军备竞赛	46479
265	46480
Lebanon	46481
prone	46482
▁puzzle	46483
▁rosters	46484
▁subcommittee	46485
拉马拉	46486
谟	46487
6,7	46488
▁mounted	46489
▁“3.	46490
隙	46491
预制	46492
edo	46493
▁Caesar	46494
▁Legality	46495
▁Lev	46496
▁Nova	46497
人类发展指数	46498
布莱恩	46499
数以百万计	46500
糖果	46501
討論	46502
証	46503
CAC	46504
uo	46505
▁Cri	46506
▁Kennedy	46507
▁classrooms	46508
▁diversifying	46509
▁kidney	46510
地方和国家	46511
基于性别的暴力行为	46512
幾天	46513
睹	46514
进入劳动力市场	46515
预订	46516
黄色	46517
North	46518
kill	46519
▁brigade	46520
▁generator	46521
▁venues	46522
万英镑	46523
伊恩	46524
伯利恒	46525
傲慢	46526
宽松	46527
有关这一问题的	46528
骇	46529
▁apprehension	46530
▁distances	46531
亚非法律协商组织	46532
构造	46533
红十字会与红新月会国际联合会	46534
rance	46535
▁interdiction	46536
保证不对无核武器国家使用或威胁	46537
国家人权行动计划	46538
大洲	46539
IAS	46540
▁195.	46541
▁Stu	46542
▁bombardment	46543
▁cartel	46544
▁champagne	46545
▁separating	46546
克莱尔	46547
4);	46548
▁Calendar	46549
▁Kurdish	46550
▁archive	46551
▁grenades	46552
主義	46553
宣布会议开幕	46554
未经表决而通过	46555
牵涉	46556
5,6	46557
Wil	46558
conditionalities	46559
▁$33	46560
▁986	46561
▁Include	46562
▁advises	46563
▁cheaper	46564
▁depressed	46565
▁teenagers	46566
性传播感染	46567
斋	46568
杂种	46569
/94	46570
▁precedents	46571
在本届会议期间	46572
差别待遇	46573
懼	46574
是不能接受的	46575
穝	46576
被解释为	46577
[......]	46578
▁Janjaweed	46579
▁abnormal	46580
▁concurs	46581
▁flags	46582
▁lenders	46583
▁积极方面	46584
中非国家经济共同体	46585
是至赦的	46586
流氓	46587
贤	46588
遏止	46589
8000\	46590
ORY	46591
▁Marcus	46592
▁dive	46593
▁exam	46594
▁mismanagement	46595
▁mistrust	46596
北塞浦路斯土耳其共和国	46597
吸入	46598
官兵	46599
开展的各项活动	46600
淇	46601
艺术品	46602
被迫流离失所	46603
駕	46604
马德里行动计划	46605
apping	46606
profile	46607
▁1907	46608
▁Parliamentarian	46609
▁skip	46610
▁videoconferenc	46611
围墙	46612
欲望	46613
給你們	46614
纽带	46615
苏丹人民解放军	46616
藏匿	46617
▁Bit	46618
▁Bomb	46619
▁Saddam	46620
▁adjourn	46621
▁deplored	46622
▁dragged	46623
▁outfit	46624
▁summarizing	46625
投反对票	46626
謂	46627
-03	46628
commercial	46629
▁243	46630
▁handful	46631
▁pandemics	46632
人身伤害	46633
囚犯待遇最低限度标准规则	46634
坟墓	46635
懦夫	46636
法塔赫	46637
肿	46638
0.2%	46639
▁EGTT	46640
▁Fear	46641
▁Maha	46642
▁Rafah	46643
▁profoundly	46644
▁rescued	46645
▁resourced	46646
▁soils	46647
阿鲁巴	46648
/82	46649
IAL	46650
medical	46651
▁Ships	46652
▁nest	46653
▁printers	46654
富有成果的	46655
磺	46656
调往	46657
author	46658
▁MSAR	46659
▁burnt	46660
▁ledger	46661
▁provoke	46662
捷克斯洛伐克	46663
留在这里	46664
▁196.	46665
▁Brief	46666
▁analysts	46667
▁concurrent	46668
▁influenza	46669
▁insurgency	46670
促进性别平等和增强妇女权能署	46671
常设员额	46672
所载的结论和建议	46673
被请求缔约国	46674
複	46675
▁MB	46676
▁inaugurated	46677
▁substitutes	46678
任命各附属机构成员以补空缺	46679
号决议修订的等级	46680
噩梦	46681
百萬	46682
种族主义和仇外心理	46683
▁Mos	46684
▁combustion	46685
偉	46686
纸张	46687
需要援助的	46688
2003/04	46689
▁197.	46690
▁Freeze	46691
▁Neil	46692
▁convoys	46693
▁garment	46694
▁nerve	46695
国际商定目标	46696
政治和军事	46697
	46698
/66	46699
▁2005/2	46700
▁ISS	46701
▁Parents	46702
▁brush	46703
▁compliment	46704
▁frightened	46705
缔造和平	46706
饮水和卫生	46707
/66/2	46708
SY	46709
plen	46710
▁Turk	46711
▁charm	46712
牧民	46713
那天晚上	46714
NH	46715
▁Multiple	46716
▁humble	46717
▁sizeable	46718
▁someday	46719
碑	46720
车祸	46721
辽	46722
	46723
▁trustee	46724
区域和区域间	46725
折算	46726
泛非	46727
電腦	46728
▁laundry	46729
▁refocus	46730
▁unavailable	46731
子彈	46732
掩饰	46733
爲	46734
由会员国按照	46735
腹泻	46736
William	46737
▁Johan	46738
▁candy	46739
▁predator	46740
僧	46741
同事们	46742
淹死	46743
▁CONCLUSIONS	46744
▁Shipping	46745
▁antenatal	46746
▁endless	46747
▁reconciled	46748
▁somethin	46749
减缓贫穷	46750
在所有情况下	46751
小额融资	46752
最迟于	46753
/1998/44	46754
▁59/296	46755
▁Facts	46756
▁SEE	46757
▁amparo	46758
▁colonization	46759
▁incumbency	46760
午饭	46761
宏伟	46762
home	46763
▁Applicable	46764
▁Filipino	46765
▁abstained	46766
▁validate	46767
▁另据	46768
耽	46769
莫里斯	46770
▁Changing	46771
▁EN	46772
▁Methodology	46773
纱	46774
Executive	46775
Libyan	46776
dian	46777
▁Expanded	46778
喃	46779
布卡武	46780
无罪推定	46781
第二次执行情况报告	46782
虧	46783
讲坛	46784
迷误	46785
1994-199	46786
▁Fixed	46787
▁Maz	46788
▁derogate	46789
▁nephew	46790
▁purse	46791
▁remit	46792
▁theories	46793
▁wow	46794
举证	46795
奪	46796
腾出	46797
静止	46798
/79	46799
CEB	46800
jack	46801
▁$1.5	46802
▁249	46803
▁Zionist	46804
▁spray	46805
半夜	46806
受援	46807
可持续生计	46808
喜爱	46809
基于人权的	46810
GENERAL	46811
Mary	46812
▁229	46813
▁Satan	46814
▁Tour	46815
▁Yong	46816
▁austerity	46817
▁creep	46818
倾弃	46819
停职	46820
山谷	46821
现值	46822
藏身	46823
Look	46824
ube	46825
▁Elena	46826
▁Oral	46827
▁ethnically	46828
▁vouchers	46829
受扶养人	46830
微波	46831
猛虎组织	46832
联合国内部司法	46833
▁Conflicts	46834
▁bonus	46835
▁looted	46836
▁restructure	46837
建制警察	46838
滥用职权	46839
▁Organize	46840
▁委员会还感到关切的是	46841
翅膀	46842
耗氧物质	46843
,000).	46844
Bas	46845
Karabakh	46846
OIC	46847
nip	46848
▁Louise	46849
▁Penh	46850
养护和可持续利用	46851
性别平等和增强妇女权能	46852
抽象	46853
现金转移	46854
睡着了	46855
科索沃阿族	46856
/2006/3	46857
▁Nurse	46858
▁redefine	46859
妈咪	46860
崛起	46861
摇滚	46862
▁Maya	46863
▁WSIS	46864
弄清楚	46865
支配地位	46866
睡眠	46867
▁GCC	46868
▁Morris	46869
▁Nay	46870
▁inactive	46871
▁interrogated	46872
▁particles	46873
民解力量	46874
管齐下	46875
▁IPR	46876
▁brun	46877
▁cholera	46878
▁succeeding	46879
入狱	46880
关系正常化	46881
发生了变化	46882
和平与裁军区域中心	46883
岌岌可危	46884
核不扩散制度	46885
RAD	46886
yev	46887
▁Comptroller	46888
▁Icon	46889
▁Sach	46890
▁conquer	46891
▁descendants	46892
▁followup	46893
▁reimburse	46894
奥斯卡	46895
恐懼	46896
按性别分列的数据	46897
时散会	46898
	46899
Protocol	46900
▁Rod	46901
▁museums	46902
▁pleasant	46903
▁worries	46904
取证	46905
遗失	46906
閃	46907
XIII	46908
appropriate	46909
▁Galaxy	46910
▁SPECIAL	46911
▁Troop	46912
▁Wise	46913
▁retro	46914
专门技能	46915
在我身上	46916
据信	46917
过去四年	46918
黑夜	46919
abe	46920
ogo	46921
yne	46922
▁markedly	46923
▁nap	46924
▁rated	46925
兑换率	46926
纺织	46927
containing	46928
▁Prague	46929
▁fragment	46930
▁reimbursable	46931
全球化的世界	46932
公共汽车	46933
各职司委员会议事规则第	46934
圆满完成	46935
減	46936
螟	46937
206	46938
kie	46939
▁Employees	46940
▁blackmail	46941
▁illusion	46942
▁tetrachloride	46943
截然不同	46944
燕	46945
▁Square	46946
▁defiance	46947
▁homelessness	46948
▁pooled	46949
▁thumb	46950
创造有利条件	46951
日益恶化	46952
栅	46953
颂	46954
uad	46955
▁Loan	46956
▁downtown	46957
▁feminization	46958
▁leather	46959
固然	46960
忘掉	46961
稳定和安全	46962
见下表	46963
	46964
2,800	46965
▁Mail	46966
▁counseling	46967
▁messed	46968
▁predecessors	46969
手铐	46970
气温	46971
舔	46972
▁1591	46973
▁Lot	46974
▁Rah	46975
▁Tur	46976
▁journals	46977
土地换和平	46978
弗兰	46979
振作	46980
農	46981
▁impedes	46982
公务人员	46983
双边和区域	46984
歹	46985
▁fuse	46986
▁hardships	46987
兼任	46988
竊	46989
衷心感谢	46990
With	46991
▁238	46992
▁Erik	46993
▁plead	46994
产妇死亡	46995
占主导地位	46996
叠	46997
这本书	46998
2013-201	46999
lod	47000
▁EEC	47001
▁briefs	47002
▁invention	47003
保护儿童免遭	47004
办事员	47005
有保障的	47006
本报告所述	47007
水产养殖	47008
贵族	47009
REE	47010
since	47011
▁198.	47012
▁Barb	47013
▁Caroline	47014
▁Thi	47015
▁Witness	47016
▁architect	47017
▁undercover	47018
▁wrongdoing	47019
婚内强奸	47020
幻灯片	47021
所需资源估计数	47022
枯竭	47023
香槟	47024
	47025
ANNE	47026
▁Cass	47027
▁NSA	47028
▁assaulted	47029
▁nickel	47030
▁steam	47031
▁worthwhile	47032
ぃ琌	47033
专门咨商地位	47034
优素福	47035
录像带	47036
正规和非正规	47037
甄别	47038
/227	47039
laboration	47040
▁255	47041
▁Mitch	47042
▁inaccessible	47043
▁instinct	47044
▁schoolchildren	47045
▁withheld	47046
很乐意	47047
獶	47048
誓言	47049
风俗	47050
cf	47051
enter	47052
oi	47053
▁1397	47054
▁5000	47055
▁DFS	47056
▁fella	47057
▁portable	47058
▁thr	47059
停火协议	47060
应予赔偿	47061
/2006/2	47062
▁$38	47063
▁HRW	47064
▁computation	47065
▁doubtful	47066
▁expendable	47067
▁inspector	47068
▁moderated	47069
▁repressive	47070
▁spark	47071
凝聚力	47072
銀行	47073
▁Antilles	47074
▁Device	47075
▁sacrifices	47076
▁wore	47077
依照安全理事会暂行议事规则第	47078
参差不齐	47079
留意	47080
▁Mountains	47081
▁addressee	47082
▁fri	47083
▁pluralistic	47084
万维网	47085
反恐执行工作队	47086
窍	47087
緣	47088
通奸	47089
鸭	47090
kon	47091
▁Clinic	47092
▁Die	47093
▁spit	47094
以核武器进行威胁或使用核武器	47095
保險	47096
-2014	47097
abil	47098
▁Gran	47099
▁deducted	47100
▁layers	47101
仇外心理和相关的不容忍现象世界	47102
刊印	47103
尽可能广泛的	47104
朱利安	47105
.5/60/	47106
wash	47107
▁Friendly	47108
▁colony	47109
▁differentiate	47110
▁musical	47111
▁reinsertion	47112
为时过早	47113
并作出其他任命	47114
發展	47115
这辈子	47116
BER	47117
civil	47118
▁Linguistic	47119
小额金融	47120
种族主义和仇外	47121
符合条件的	47122
粮食不安全	47123
終於	47124
约翰逊	47125
DES	47126
▁Spirit	47127
▁instructors	47128
▁sensors	47129
哪位	47130
推理	47131
雨季	47132
Development	47133
omo	47134
▁231	47135
▁Les	47136
▁heroes	47137
▁redundant	47138
▁traveling	47139
景观	47140
见附文	47141
赌场	47142
▁CWC	47143
▁aquaculture	47144
▁containment	47145
▁deliverables	47146
交通事故	47147
认明	47148
采取具体步骤	47149
/2001/1	47150
ECLAC	47151
Review	47152
rise	47153
▁236	47154
▁258	47155
▁stunt	47156
向安理会提交	47157
rama	47158
àn	47159
▁2011:	47160
▁damned	47161
实地考察	47162
成员和准成员	47163
推选	47164
擾	47165
曝光	47166
殖民统治	47167
玻利维亚多民族国	47168
稻米	47169
装卸	47170
金斯敦	47171
wall	47172
▁(1997-2006)	47173
▁appended	47174
▁disclosures	47175
▁postgraduate	47176
▁protectionism	47177
▁throne	47178
▁tire	47179
以最佳方式	47180
化肥	47181
德班宣言	47182
沃尔特	47183
ITION	47184
▁267	47185
▁Negotiation	47186
▁Posada	47187
▁costume	47188
▁exporter	47189
人口老龄化	47190
从现在起	47191
定期举行会议	47192
聯絡	47193
budgeting	47194
ù	47195
▁Benjamin	47196
▁DRC	47197
▁Participate	47198
▁endeavouring	47199
▁expended	47200
人权和民主	47201
六方会谈	47202
威爾	47203
拓宽	47204
胀	47205
谋杀罪	47206
-1997	47207
acquired	47208
increasing	47209
shit	47210
▁199.	47211
▁Nicaraguan	47212
▁Pelindaba	47213
▁occupancy	47214
▁spokesperson	47215
▁stall	47216
撤军	47217
牙医	47218
聚合	47219
boat	47220
▁disgrace	47221
▁hood	47222
北达尔富尔	47223
放射性废物	47224
缉毒	47225
负荷	47226
近几年	47227
锦	47228
▁Chin	47229
▁Journalists	47230
▁distort	47231
▁eleven	47232
▁mus	47233
守卫	47234
Adam	47235
gio	47236
▁7,000	47237
▁Reduced	47238
▁relieved	47239
举例说明	47240
家务劳动	47241
怂恿	47242
截获	47243
ady	47244
report	47245
▁conditionality	47246
▁editors	47247
什么時候	47248
副高级专员	47249
取得了成功	47250
执行情况审评委员会	47251
绩效指标和业绩计量	47252
联布综合办	47253
负起责任	47254
▁assassinations	47255
▁inflict	47256
▁racially	47257
中列出的	47258
向妇女提供	47259
民主施政	47260
洪灾	47261
迫在眉睫	47262
▁Weekly	47263
▁distorted	47264
▁planners	47265
▁terrain	47266
滋生	47267
玩意儿	47268
Mas	47269
gua	47270
▁Sai	47271
▁font	47272
▁prejudge	47273
▁别说了	47274
内罗毕工作方案	47275
在国际关系中	47276
日程表	47277
签订合同	47278
问答	47279
DVD	47280
after	47281
hill	47282
▁239	47283
▁DM	47284
▁Entities	47285
▁Events	47286
强加给	47287
誕	47288
诈骗	47289
LP	47290
╆	47291
▁HRI	47292
▁Integral	47293
▁luxury	47294
有时甚至	47295
14).	47296
6(2005)	47297
dad	47298
▁241	47299
▁Fellow	47300
▁Yokota	47301
▁channell	47302
▁enquiries	47303
▁webcast	47304
受教育机会	47305
婚禮	47306
抚养费	47307
鸟类	47308
/67/2	47309
▁Coordinated	47310
▁constituents	47311
▁equation	47312
▁exploded	47313
▁reminders	47314
▁行政和预算问题咨询委员会的报告	47315
在其领土上	47316
定为刑事罪	47317
联合国工作人员养恤金联合委员会	47318
udiovisual	47319
▁Copies	47320
▁Decaux	47321
▁fuelled	47322
探测器	47323
熄	47324
禍	47325
FIN	47326
ograph	47327
▁Diego	47328
▁Negative	47329
▁ambiguous	47330
主管政治事务副秘书长	47331
敞开	47332
立宪	47333
给委员会主席的信	47334
臥	47335
这段期间	47336
▁Duties	47337
▁strangers	47338
▁tattoo	47339
区域渔业管理组织和安排	47340
现役	47341
社会安全网	47342
驱动因素	47343
ABLE	47344
investment	47345
▁245	47346
▁60,000	47347
▁Bear	47348
▁detract	47349
▁labelling	47350
出访	47351
永恒	47352
豚	47353
贸易和金融	47354
judge	47355
▁Communiqu	47356
▁Wind	47357
▁eroded	47358
书面形式	47359
自成立以来	47360
cross	47361
prop	47362
▁cleaned	47363
▁insurgents	47364
▁secondment	47365
在因特网上	47366
奇妙	47367
茱莉	47368
/1990	47369
elia	47370
▁201.	47371
▁Ugh	47372
受够了	47373
持久的解决办法	47374
昌	47375
	47376
ienne	47377
toxic	47378
▁Duke	47379
▁ECO	47380
▁Kyle	47381
▁Method	47382
▁dispense	47383
▁như	47384
▁uncomfortable	47385
官方公报	47386
灰色	47387
蹂躏	47388
PIC	47389
flight	47390
oxy	47391
though	47392
valu	47393
▁Restoration	47394
▁discontinuation	47395
▁eve	47396
▁sack	47397
恰恰相反	47398
/52/3	47399
Bulgaria	47400
bad	47401
onsular	47402
▁290	47403
▁661	47404
▁Jammu	47405
之间的相互关系	47406
回籍假	47407
断然	47408
边缘化群体	47409
▁Chung	47410
▁defended	47411
▁indoor	47412
▁referrals	47413
▁selectivity	47414
一俟	47415
分飞离	47416
獲	47417
病房	47418
第五十三	47419
1820(2008)	47420
▁Hurricane	47421
▁Oceania	47422
▁cinema	47423
▁pooling	47424
▁wolf	47425
书面陈述	47426
最不发达国家和小岛屿发展中国家	47427
hale	47428
▁Immediately	47429
▁defi	47430
▁evade	47431
塞米巴拉金斯克	47432
奮	47433
安大略	47434
开具	47435
愈来愈	47436
旁邊	47437
阻挡	47438
LG	47439
hereafter	47440
▁Osama	47441
中部非洲安全问题常设咨询委员会	47442
信息技术事务司	47443
埃里克	47444
摘录	47445
检察署	47446
源泉	47447
被指定为	47448
2012-201	47449
designate	47450
▁Color	47451
▁afflicted	47452
▁gentle	47453
▁prerogatives	47454
▁punk	47455
地理空间信息	47456
擋	47457
消费品	47458
资本主义	47459
oping	47460
rine	47461
transfer	47462
▁Democracies	47463
▁clicking	47464
▁contributory	47465
哺乳动物	47466
衔接	47467
谦	47468
韋	47469
/2010	47470
5:00	47471
▁Biosafety	47472
▁Fill	47473
▁PER	47474
▁Ratify	47475
▁mosque	47476
Daniel	47477
▁probation	47478
▁rains	47479
▁rewards	47480
睦邻关系	47481
访客	47482
55/5	47483
ONE	47484
body	47485
▁($10	47486
▁cumbersome	47487
▁eternal	47488
▁moron	47489
大会在该决议中	47490
服务贸易总协定	47491
短时间内	47492
詩	47493
OUT	47494
▁Cop	47495
▁whisper	47496
创业精神	47497
安大略省	47498
实现这个目标	47499
旧金山	47500
0.00	47501
writing	47502
▁transa	47503
创设	47504
填补空缺	47505
▁Cole	47506
▁Jabal	47507
▁Maputo	47508
号决议所设委员会主席致意	47509
James	47510
ilia	47511
▁confusing	47512
▁expropriation	47513
▁fundraising	47514
▁leased	47515
大家都知道	47516
棺	47517
装饰	47518
贩卖妇女和儿童	47519
▁CPD	47520
▁SHE	47521
▁commands	47522
▁lobbying	47523
所概述的	47524
登陆	47525
金戈威德	47526
eman	47527
▁Aruba	47528
▁Identity	47529
▁backbone	47530
▁cart	47531
▁dominance	47532
▁forwarding	47533
▁underneath	47534
联合国东帝汶综合特派团	47535
union	47536
▁Delta	47537
▁buses	47538
君主	47539
根據	47540
裝置	47541
Facebook	47542
▁Islamabad	47543
▁tanker	47544
侵占	47545
廊	47546
怜	47547
指定经营实体	47548
芬奇	47549
/54/3	47550
OO	47551
mple	47552
▁Hollywood	47553
▁Interesting	47554
▁Walker	47555
▁cu	47556
▁implying	47557
伊斯兰堡	47558
征得安理会同意	47559
恢	47560
抑郁	47561
胡扯	47562
邀请他们参加	47563
1160(1998)	47564
accused	47565
▁Gap	47566
▁Sectoral	47567
▁Window	47568
▁satisfying	47569
▁宏观经济政策问题	47570
转折点	47571
imana	47572
plicity	47573
▁commune	47574
▁heighten	47575
▁niche	47576
▁revelations	47577
色情剥削	47578
▁$1,4	47579
▁Sham	47580
▁paved	47581
加入成为决议草案提案国	47582
金伯利进程证书制度	47583
8.5%	47584
THE	47585
rik	47586
▁SECRETARY	47587
▁carpet	47588
▁explode	47589
▁operationally	47590
乱伦	47591
劃	47592
听审	47593
屍體	47594
弓	47595
来文不可受理	47596
汇率波动	47597
沒關系	47598
被控犯有	47599
emia	47600
▁Preamble	47601
▁coalitions	47602
▁elusive	47603
概率	47604
炫	47605
甸	47606
Slovakia	47607
bird	47608
omp	47609
view	47610
▁751	47611
▁Measur	47612
▁UNJSPF	47613
▁stalled	47614
▁strives	47615
▁withholding	47616
佩林达巴条约	47617
公爵	47618
十氯酮	47619
反恐怖主义委员会执行局	47620
夸张	47621
正確	47622
种植园	47623
	47624
.2.3	47625
affe	47626
waste	47627
wife	47628
▁203.	47629
▁Calling	47630
▁Delay	47631
▁Orders	47632
▁ambiguity	47633
▁handicap	47634
改写	47635
稳妥	47636
违反了国际法	47637
遗骸	47638
consider	47639
ctive	47640
ĩ	47641
▁Connect	47642
▁dissident	47643
▁survivor	47644
賤	47645
身亡	47646
风险简介	47647
ogni	47648
▁963-5935)	47649
▁Seventy	47650
▁Topic	47651
▁blessing	47652
7);	47653
▁Mach	47654
▁Maltese	47655
▁columns	47656
▁orange	47657
▁penta	47658
▁reintegrate	47659
▁stagnation	47660
寇	47661
海岸线	47662
	47663
1455(2003)	47664
phon	47665
pronged	47666
▁246	47667
▁Ohh	47668
▁Thor	47669
▁ambassador	47670
▁faithfully	47671
▁grassroots	47672
付出代价	47673
双边投资条约	47674
▁Semipalatinsk	47675
▁Winter	47676
演唱	47677
▁Join	47678
▁Lankan	47679
▁PBDE	47680
▁jeopardizing	47681
▁predeployment	47682
▁rethink	47683
警察局长	47684
▁Mess	47685
这笔经费	47686
1591(2005)	47687
secondary	47688
▁Karzai	47689
▁appalling	47690
▁reinstatement	47691
发挥重要的作用	47692
国集团的联合国会员国和中国	47693
异构体	47694
有特殊需要的	47695
环境管理小组	47696
自然人或法人	47697
那一刻	47698
	47699
/67/3	47700
▁Carr	47701
▁relay	47702
▁smoothly	47703
弗朗索瓦	47704
投了赞成票	47705
灵感	47706
贫民窟居民	47707
Twitter	47708
▁Display	47709
▁deed	47710
▁diarrhoea	47711
▁intact	47712
▁mole	47713
▁perpetration	47714
▁remotely	47715
▁substantively	47716
允許	47717
烫	47718
观察员发了言	47719
index	47720
rural	47721
stitute	47722
▁204.	47723
▁Salim	47724
▁embarrassed	47725
▁lodging	47726
聆听	47727
衬衫	47728
際	47729
/66/7	47730
zone	47731
▁Confirmation	47732
▁incarceration	47733
▁protein	47734
底层	47735
撐	47736
暴力和虐待	47737
预算内方案部分	47738
western	47739
ỉ	47740
▁apprehended	47741
个人和群体	47742
全球防治艾滋病	47743
實驗	47744
馬克	47745
quet	47746
▁Luanda	47747
▁narrowing	47748
▁painted	47749
▁predominant	47750
▁varieties	47751
bio	47752
dumping	47753
solicited	47754
▁256	47755
▁Preparedness	47756
▁applauded	47757
▁merchant	47758
▁snap	47759
亲王	47760
令人不安	47761
求求你	47762
赞颂	47763
7,600	47764
▁Amir	47765
▁Rumaysh	47766
▁Student	47767
▁compromises	47768
▁housed	47769
你的前任	47770
對我來說	47771
甜蜜	47772
	47773
▁Ring	47774
▁Supplies	47775
▁covenant	47776
▁enlist	47777
▁tendering	47778
击败	47779
发展合作论坛	47780
巴士拉	47781
2000-2003	47782
9,600	47783
IUU	47784
KA	47785
LAS	47786
UNIFIL	47787
▁Attempt	47788
▁Mickey	47789
▁Productive	47790
▁Row	47791
▁[3	47792
▁pretending	47793
▁reader	47794
▁regrettably	47795
分离主义	47796
化妆	47797
多边裁军谈判	47798
拾	47799
整个维持和平行动问题所有方面的	47800
Cartographic	47801
▁POP	47802
▁[2	47803
▁earnest	47804
▁intercountry	47805
乌兹别克	47806
充滿	47807
狀態	47808
allo	47809
▁Guardian	47810
▁baseball	47811
▁curve	47812
▁equipping	47813
、20、2	47814
万国宫	47815
洱洱	47816
NATO	47817
engineering	47818
sei	47819
▁JA	47820
▁summoned	47821
油田	47822
Any	47823
Please	47824
inder	47825
resumably	47826
▁BR	47827
▁Structural	47828
▁abundant	47829
▁doses	47830
▁salute	47831
公共和私营	47832
笛	47833
菇	47834
遗漏	47835
鮮	47836
▁Elliot	47837
▁Jessica	47838
▁blamed	47839
▁federations	47840
/52/4	47841
WH	47842
▁Superior	47843
▁injustices	47844
▁sectarian	47845
▁thế	47846
▁tiger	47847
劣势	47848
多哈工作方案	47849
安全理事会按照事先协商达成的理解	47850
小心點	47851
chapter	47852
hri	47853
▁57/5	47854
▁NPM	47855
▁nào	47856
▁summons	47857
▁symposiums	47858
互联	47859
厌恶	47860
基督教徒	47861
放下武器	47862
昏迷	47863
atan	47864
daptive	47865
eil	47866
▁Bombings	47867
▁licenses	47868
▁necessities	47869
儘	47870
堅持	47871
暂缓	47872
波士顿	47873
迟早	47874
CCA	47875
roid	47876
▁Bastard	47877
▁Peninsula	47878
▁catalyse	47879
▁edited	47880
▁parenting	47881
▁renamed	47882
▁slaughter	47883
▁turtle	47884
在教育方面	47885
香烟	47886
best	47887
soever	47888
▁Bee	47889
▁Vas	47890
▁horn	47891
▁overhaul	47892
取得圆满成功	47893
耕种	47894
MF	47895
Muslim	47896
them	47897
▁205.	47898
▁259	47899
▁497	47900
▁Remnant	47901
▁UNFIP	47902
国际调查或解决程序	47903
在其任务范围内	47904
慎	47905
联合国区域间犯罪和司法研究所	47906
蚊	47907
ATED	47908
istan	47909
▁Soci	47910
▁gig	47911
▁losers	47912
应计负债	47913
▁367-	47914
▁frustrated	47915
▁hid	47916
憶	47917
狗狗	47918
document	47919
payments	47920
▁restaurants	47921
扎伊尔	47922
福克兰	47923
遜	47924
onne	47925
▁Forensic	47926
▁delisting	47927
▁talents	47928
▁unify	47929
尽责	47930
經濟	47931
部分或全部	47932
	47933
Str	47934
▁1747	47935
▁Courses	47936
▁Size	47937
▁disturb	47938
▁plug	47939
区域海洋方案	47940
定本将	47941
建造隔离墙	47942
扔掉	47943
牛肉	47944
▁cheating	47945
▁fragility	47946
噁	47947
在打击恐怖主义的同时	47948
/1996	47949
agne	47950
atic	47951
▁Side	47952
▁derivative	47953
为期两天的	47954
斯拉夫	47955
斯蒂芬	47956
脱掉	47957
鸡蛋	47958
麵	47959
RUS	47960
▁Bab	47961
▁Linas	47962
▁MATTERS	47963
▁grenade	47964
▁lại	47965
▁reconsidered	47966
▁speedily	47967
▁yards	47968
锻	47969
Ibid	47970
▁bend	47971
▁rage	47972
▁reckless	47973
▁servitude	47974
▁setback	47975
开普敦	47976
采取适当步骤	47977
	47978
ré	47979
ش	47980
ồ	47981
▁247	47982
▁Fortunately	47983
▁Honestly	47984
▁boosting	47985
▁transmittal	47986
俾	47987
很聪明	47988
费率计算	47989
餘	47990
▁2001-2002	47991
▁Kad	47992
▁Projected	47993
▁Raising	47994
▁mysterious	47995
custodial	47996
▁Economist	47997
▁Mortality	47998
▁cartels	47999
枢纽	48000
治疗和康复	48001
社会凝聚力	48002
▁firearm	48003
▁prolong	48004
军控	48005
宗教和信仰自由	48006
狀況	48007
航空航天物体	48008
芯	48009
蘿	48010
lude	48011
ontrary	48012
▁Heart	48013
▁eurozone	48014
▁multimodal	48015
助学金	48016
的所作所为	48017
矹	48018
研讨会和讲习班	48019
	48020
▁2002/03	48021
▁GOT	48022
▁Gee	48023
▁cabin	48024
▁conversations	48025
▁reassess	48026
奉命	48027
industrial	48028
▁1483	48029
▁Emissions	48030
▁Nik	48031
▁seemingly	48032
▁weaponry	48033
滚动	48034
謊	48035
	48036
222	48037
MV	48038
schedule	48039
▁Ecuadorian	48040
▁Wish	48041
▁facsimile	48042
▁faint	48043
▁terribly	48044
凭单	48045
方法和手段	48046
毀滅	48047
▁cherish	48048
▁physician	48049
争执	48050
經典	48051
▁INCLUDING	48052
▁Ngo	48053
▁disbelievers	48054
基辅	48055
抗灾能力	48056
udge	48057
woman	48058
▁MINUSMA	48059
▁brick	48060
▁dreaming	48061
▁surgical	48062
▁transgender	48063
境内流离失所者营地	48064
客戶	48065
总部以外办事处	48066
更不用说	48067
/221	48068
▁Festival	48069
▁advent	48070
▁criminalizes	48071
▁neonatal	48072
斯特拉斯堡	48073
枕	48074
艰苦条件	48075
/1998/44/	48076
isha	48077
▁Phone	48078
▁Pinheiro	48079
▁Pot	48080
▁cereal	48081
▁quorum	48082
将人权纳入	48083
恐怖集团	48084
陌	48085
erson	48086
ovich	48087
▁ACP	48088
▁Lincoln	48089
▁stabilized	48090
聚焦	48091
structure	48092
▁Zin	48093
▁arresting	48094
▁heartfelt	48095
▁occurrences	48096
價值	48097
即决处决	48098
更大程度的	48099
深为关注	48100
福音	48101
锯	48102
▁2015;	48103
▁Davis	48104
▁Improvements	48105
▁afflict	48106
▁penis	48107
▁settler	48108
/103	48109
SSA	48110
aster	48111
▁Lithuanian	48112
▁Setting	48113
▁instil	48114
▁mosquito	48115
▁nothin	48116
▁orphan	48117
▁rotate	48118
▁uninterrupted	48119
悄悄	48120
满意度	48121
防止外层空间的军备竞赛	48122
陆路	48123
SPS	48124
Slovenia	48125
▁Sul	48126
▁straightforward	48127
水坝	48128
饒	48129
lton	48130
phan	48131
▁Eleven	48132
▁Sana	48133
▁collapsed	48134
▁diagnosed	48135
▁unhappy	48136
新的民主政体或恢复民主的政体	48137
目标和预期成绩	48138
饲料	48139
elect	48140
paragraphs	48141
▁bitches	48142
林肯	48143
温石棉	48144
石油换粮食方案	48145
TN	48146
block	48147
▁Lawrence	48148
▁Miles	48149
▁Ward	48150
初审法院	48151
大肆	48152
教益	48153
甚少	48154
破伤风	48155
除此之外	48156
6);	48157
functioning	48158
▁Spokesperson	48159
▁wrongfulness	48160
婪	48161
很幸运	48162
袜	48163
trap	48164
▁CoE	48165
▁seldom	48166
切实可行	48167
经营实体	48168
航线	48169
▁EPA	48170
▁Suppliers	48171
▁sober	48172
▁unmarried	48173
範	48174
capacity	48175
did	48176
▁Katanga	48177
▁Worldwide	48178
▁frankly	48179
▁harassed	48180
▁intervened	48181
▁straddl	48182
▁treason	48183
改划	48184
talk	48185
vailing	48186
ỏ	48187
▁Hebron	48188
uku	48189
▁Fur	48190
▁Sk	48191
▁bay	48192
▁burst	48193
▁通过议程和安排工作	48194
廉政	48195
/1999/1	48196
enberg	48197
▁244	48198
▁3.10	48199
▁Bahraini	48200
▁Fernando	48201
▁Raw	48202
▁dedicate	48203
▁distinguishing	48204
▁purported	48205
▁redirect	48206
▁talkin	48207
相互矛盾	48208
绊	48209
FDI	48210
▁Adolescent	48211
▁Glo	48212
▁biology	48213
▁plantations	48214
▁reindeer	48215
记者招待会	48216
	48217
▁Allied	48218
▁accuse	48219
▁dede	48220
▁elephant	48221
phen	48222
▁Rom	48223
▁TAKE	48224
▁celebrations	48225
▁orphanage	48226
▁pigs	48227
壯	48228
山区可持续发展	48229
水资源综合管理	48230
CHE	48231
break	48232
equen	48233
▁URL	48234
▁avenue	48235
▁denunciation	48236
▁stipulation	48237
運動	48238
official	48239
▁lighter	48240
▁melt	48241
▁miners	48242
▁summarize	48243
你們的主	48244
关于登记射入外层空间物体的公约	48245
国王陛下	48246
月下旬	48247
Congolese	48248
Secretariat	48249
issue	48250
▁beef	48251
▁frontiers	48252
▁lad	48253
有增无减	48254
移民和难民	48255
翅	48256
蝇	48257
錯誤	48258
trainer	48259
▁[5	48260
哄	48261
嫂	48262
掃	48263
/68/3	48264
Pri	48265
yer	48266
▁207.	48267
业务储备金	48268
德科先生	48269
precluding	48270
▁253	48271
▁276	48272
▁ham	48273
勾结	48274
区域和双边	48275
铸	48276
lead	48277
▁Jennifer	48278
▁NOW	48279
▁Rape	48280
▁disturbance	48281
▁loses	48282
/2009/1	48283
▁6.7	48284
▁9.2	48285
▁Auditorium	48286
▁Files	48287
▁PCB	48288
▁gambling	48289
▁interfaith	48290
▁olive	48291
▁rod	48292
你們兩個	48293
多方利益攸关方	48294
德梅洛	48295
燥	48296
產生	48297
真是太好了	48298
续会第二期会议	48299
规程	48300
贫民窟改造	48301
▁accrue	48302
▁excuses	48303
▁extracted	48304
▁halon	48305
▁harmed	48306
剥削和虐待	48307
和与联合国有联系的国际机构执行	48308
所享有的	48309
楼房	48310
非洲联盟驻索马里特派团	48311
/233	48312
measure	48313
these	48314
▁Chamorro	48315
▁Clo	48316
▁Vehicle	48317
▁underwater	48318
哭泣	48319
HP	48320
ZE	48321
uel	48322
▁Pur	48323
▁Purchase	48324
▁curtailed	48325
海关官员	48326
ntersessional	48327
▁emoluments	48328
▁unabated	48329
侨	48330
溪	48331
蛙	48332
音频	48333
馈	48334
edu	48335
iddle	48336
ogenic	48337
▁Jirga	48338
▁hills	48339
▁intrinsic	48340
▁loo	48341
▁suite	48342
氧气	48343
特别提款权	48344
装甲车	48345
/53/4	48346
/54/7	48347
Greece	48348
bromodiphenyl	48349
duct	48350
uickly	48351
ình	48352
▁economists	48353
▁exposing	48354
已获授权的	48355
MIC	48356
▁0.6	48357
▁Bai	48358
▁NEW	48359
厄尔尼诺现象	48360
在这些情况下	48361
py	48362
▁fans	48363
东南部	48364
晒	48365
胚	48366
CORE	48367
RAN	48368
▁1343	48369
▁Bitch	48370
▁ICG	48371
▁LULUCF	48372
▁Warzazi	48373
▁narrowly	48374
▁reappointment	48375
▁shoulders	48376
▁truthful	48377
▁tutor	48378
临时助理人员	48379
保羅	48380
报废	48381
订正批款	48382
起诉和惩罚	48383
plant	48384
satellite	48385
▁Chase	48386
▁FATF	48387
▁gut	48388
▁rainy	48389
全面保障监督协定	48390
射线	48391
提具保留	48392
riz	48393
▁sandwich	48394
▁sauce	48395
▁skull	48396
有一定的	48397
flat	48398
uti	48399
▁edit	48400
▁float	48401
screen	48402
▁287	48403
▁Recurrent	48404
▁album	48405
▁grandma	48406
▁infrastructural	48407
段规定的会员国摊款	48408
目光	48409
防治疟疾	48410
/55/7	48411
▁0.8	48412
▁enclose	48413
▁quad	48414
世界青年行动纲领	48415
同位素	48416
棒极了	48417
经济转型期国家	48418
邮寄	48419
chy	48420
lad	48421
liness	48422
▁Nineteenth	48423
▁fugitive	48424
▁nigger	48425
▁tendencies	48426
▁visitor	48427
宗教和信仰	48428
抚养子女	48429
身材	48430
▁03	48431
▁Thousands	48432
▁discouraged	48433
▁mergers	48434
窄	48435
▁Norms	48436
▁Seventeenth	48437
▁junk	48438
▁statue	48439
媒	48440
庇	48441
矪	48442
HAN	48443
primary	48444
▁cheek	48445
▁evasion	48446
▁median	48447
▁unavoidable	48448
代行主席职务	48449
和经济及社会理事会事务和会议管理	48450
悠久	48451
監獄	48452
矫	48453
联合国系统发展方面的业务活动	48454
裙	48455
马库锡协定	48456
tach	48457
▁Fit	48458
▁Metal	48459
▁Phnom	48460
▁boycott	48461
▁unwarranted	48462
冶	48463
擅	48464
▁Block	48465
▁ioniz	48466
总的说来	48467
邸	48468
▁feeds	48469
▁noticeable	48470
▁salient	48471
国际贸易与发展	48472
夾	48473
曉	48474
驹	48475
hoe	48476
ivo	48477
▁Hun	48478
▁disregarded	48479
▁graduating	48480
▁titled	48481
撇	48482
联合国伊拉克援助团	48483
西帝汶	48484
/2006/5	48485
uru	48486
▁Analytical	48487
▁Rum	48488
▁Woo	48489
▁hereto	48490
▁swallow	48491
第三十一条	48492
/2006/8	48493
ASS	48494
ń	48495
▁Chancellor	48496
▁Hour	48497
▁bur	48498
▁soap	48499
▁towel	48500
在这一进程中	48501
棱	48502
罪责	48503
被困在	48504
HE	48505
eye	48506
▁Arias	48507
▁CBD	48508
▁Smart	48509
▁colloquium	48510
▁sharks	48511
的维持费用	48512
菲尔德	48513
/02	48514
decrease	48515
inch	48516
▁Cassation	48517
▁Raja	48518
▁contemplate	48519
▁empire	48520
▁surgeon	48521
意見	48522
dress	48523
▁enunciate	48524
▁penalized	48525
叮	48526
纲	48527
阿卜耶伊地区	48528
EK	48529
court	48530
▁Bedouin	48531
▁Collect	48532
▁Lang	48533
▁Speed	48534
▁winds	48535
埃博拉	48536
应当指出的是	48537
簆	48538
▁251	48539
▁quantifiable	48540
▁violators	48541
定论	48542
熏	48543
55/4	48544
5,200	48545
CSW	48546
▁回顾其以往关于	48547
业余	48548
人权观察社	48549
以下简称	48550
uebec	48551
▁Finch	48552
▁Temple	48553
▁appreciat	48554
▁bankruptcy	48555
做得很好	48556
WT	48557
▁8.4	48558
▁Phillip	48559
▁blade	48560
▁dinars	48561
▁receiver	48562
準備好了	48563
琌街	48564
苏维埃社会主义共和国	48565
蟻	48566
ango	48567
▁5.7	48568
▁Darling	48569
▁Ros	48570
▁Wha	48571
▁employs	48572
▁maiming	48573
害羞	48574
销毁储存	48575
顆	48576
shirt	48577
▁Yusuf	48578
▁baggage	48579
▁peasants	48580
我敢肯定	48581
抉	48582
迷惑	48583
SIA	48584
TV	48585
▁Gui	48586
▁Organ	48587
▁Tbilisi	48588
减少无国籍状态	48589
试试看	48590
面临的主要挑战	48591
divisional	48592
▁8.5	48593
▁Carbon	48594
▁revocation	48595
徹	48596
/85	48597
bey	48598
parties	48599
▁Integrity	48600
▁Stark	48601
▁awkward	48602
▁outpost	48603
▁reorientation	48604
demilitarization	48605
logue	48606
▁Clay	48607
▁cartoon	48608
▁continuum	48609
▁flown	48610
▁publishes	48611
avan	48612
rooted	48613
▁Jacques	48614
▁accountants	48615
▁desks	48616
▁interfering	48617
regulation	48618
▁McG	48619
▁forgery	48620
▁golf	48621
.5/62/	48622
CAS	48623
God	48624
please	48625
▁Abby	48626
▁Impunity	48627
▁Yup	48628
▁incest	48629
▁lap	48630
▁shrink	48631
▁tapes	48632
▁表决情况如下	48633
供水和卫生	48634
/54/6	48635
0.3%	48636
▁Tashkent	48637
▁judicare	48638
▁longest	48639
▁remembrance	48640
▁spontaneous	48641
mani	48642
▁2002-2003:	48643
▁Cancel	48644
▁Incident	48645
▁Resumed	48646
▁Zach	48647
▁beans	48648
▁cubic	48649
▁knee	48650
▁toxins	48651
嵌	48652
	48653
descendant	48654
▁54/4	48655
▁Graham	48656
▁Package	48657
▁PeCB	48658
▁Reparation	48659
▁analyze	48660
▁elevated	48661
▁pensioners	48662
▁provoked	48663
▁真不敢相信	48664
别碰	48665
国家管辖范围以外区域	48666
溺	48667
酌	48668
986(1995)	48669
Decentralization	48670
▁1333	48671
▁Mister	48672
▁WANT	48673
下放权力	48674
etti	48675
▁Bird	48676
▁HFC	48677
▁Villa	48678
▁mortal	48679
▁persisting	48680
兴建	48681
agi	48682
▁$50,000	48683
▁ISSUES	48684
▁Palm	48685
▁Parker	48686
▁Pip	48687
▁aide	48688
▁bursts	48689
▁suitability	48690
▁trailer	48691
绅	48692
肥胖	48693
2006-2009	48694
Cap	48695
▁$10,000	48696
▁Annabi	48697
▁anchored	48698
▁assemble	48699
▁balloting	48700
▁casualty	48701
▁deposition	48702
▁upstream	48703
感冒	48704
烛	48705
警署	48706
Vi	48707
large	48708
▁Charlotte	48709
▁Monsieur	48710
▁Ned	48711
▁Normal	48712
▁Stanley	48713
▁approximate	48714
▁helmet	48715
▁sounded	48716
.1/56/	48717
Regional	48718
▁1533	48719
▁Sheldon	48720
▁fond	48721
转诊	48722
酋	48723
.3/56/	48724
full	48725
oise	48726
▁Connor	48727
▁HA	48728
▁MW	48729
▁Tag	48730
▁awaits	48731
▁bloc	48732
▁unscheduled	48733
事务的副秘书长	48734
传播媒介	48735
渺	48736
Organization	48737
▁$1.2	48738
▁Salaam	48739
▁certify	48740
▁polls	48741
公民权利和政治权利国际盟约	48742
BAR	48743
enda	48744
▁(...)	48745
▁Finn	48746
▁Jab	48747
▁externally	48748
imo	48749
的任务期限延长至	48750
瞬间	48751
equal	48752
▁13).	48753
▁2.0	48754
▁Achievements	48755
▁Drag	48756
▁Fasher	48757
▁Hannah	48758
▁metered	48759
▁renewing	48760
▁smallest	48761
▁stipulating	48762
NAP	48763
▁counsellors	48764
▁pharmaceuticals	48765
/86	48766
UNOPS	48767
abad	48768
dah	48769
▁unbelievers	48770
发展筹资问题后续国际会议	48771
嘲	48772
排减单位	48773
/10/	48774
communication	48775
▁Eduardo	48776
▁Fla	48777
诠	48778
霍夫	48779
ayo	48780
documents	48781
iu	48782
▁Barr	48783
▁gardens	48784
▁kindergarten	48785
▁malicious	48786
▁simplifying	48787
核供应国集团	48788
XIV	48789
uter	48790
▁265	48791
▁ACTION	48792
▁Jew	48793
▁mathematics	48794
株	48795
猾	48796
Hello	48797
informed	48798
yat	48799
▁marrying	48800
▁pulse	48801
▁restricts	48802
锰	48803
fat	48804
posed	48805
▁Carriage	48806
▁Eurostat	48807
▁parade	48808
▁supervisor	48809
排减量	48810
MAR	48811
published	48812
raci	48813
▁Freddy	48814
▁Knock	48815
▁preach	48816
▁recognise	48817
礙	48818
Charge	48819
▁2009-2010	48820
▁310	48821
▁Sort	48822
▁policeman	48823
劑	48824
国际家庭年十周年	48825
比以往更	48826
▁booth	48827
▁delaying	48828
▁exemplified	48829
▁hack	48830
▁photographer	48831
▁troubling	48832
排挤	48833
.11/	48834
angu	48835
▁211.	48836
▁ANN	48837
▁Acceptance	48838
▁Brand	48839
▁Deb	48840
▁Jenny	48841
▁capturing	48842
膨	48843
Thomas	48844
epa	48845
examination	48846
▁Av	48847
▁Product	48848
在过去十年中	48849
毋	48850
▁Jackie	48851
▁henceforth	48852
▁smiling	48853
▁sociocultural	48854
姜	48855
湄	48856
logist	48857
tolerance	48858
▁Fitz	48859
▁Teddy	48860
▁panellist	48861
泼	48862
的关键所在	48863
2,300	48864
Use	48865
▁Gl	48866
▁invariably	48867
▁Bam	48868
▁Crazy	48869
▁Valencia	48870
▁inciting	48871
▁mechanic	48872
时间和地点	48873
煤炭	48874
玄	48875
雌	48876
零星	48877
Assembly	48878
▁Tru	48879
▁borrowed	48880
▁trademark	48881
70,000	48882
9)	48883
▁belly	48884
▁scientifically	48885
掏	48886
鄙	48887
▁Participating	48888
▁breasts	48889
▁midwives	48890
▁objecting	48891
▁portfolios	48892
牟	48893
oso	48894
▁Lost	48895
▁Magistrate	48896
▁asserting	48897
渔具	48898
1397(2002)	48899
BT	48900
▁2005-2015	48901
▁302	48902
▁68/1	48903
多边金融机构	48904
赞比亚和津巴布韦	48905
陸	48906
IVE	48907
bearing	48908
▁majeure	48909
驕	48910
Peace	48911
▁963-4	48912
▁Alternatively	48913
▁Microsoft	48914
▁realignment	48915
▁reef	48916
作为紧急事项	48917
OCHA	48918
area	48919
selectivity	48920
▁Gus	48921
▁hypo	48922
厭	48923
捅	48924
/2007/6	48925
/87	48926
ī	48927
▁LAW	48928
▁Straight	48929
移徙工人及其家庭成员	48930
	48931
5,600	48932
friend	48933
̇	48934
▁Golden	48935
▁PCBs	48936
▁Trying	48937
▁cantonment	48938
▁elder	48939
▁headache	48940
▁pirate	48941
峡	48942
▁(14)	48943
▁learnt	48944
/214	48945
SEC	48946
▁Barrier	48947
▁[9	48948
▁opiates	48949
彰	48950
▁freaking	48951
▁replying	48952
▁rescind	48953
掌声	48954
.4/1999/	48955
uito	48956
▁Faster	48957
▁peculiar	48958
▁redesign	48959
▁sporadic	48960
▁sticks	48961
▁upload	48962
patient	48963
▁equate	48964
▁waged	48965
茎	48966
预算款次	48967
	48968
▁150,000	48969
▁Defenders	48970
▁Gang	48971
▁Hat	48972
▁Hugo	48973
▁childbearing	48974
▁inquired	48975
▁solvent	48976
发展中国家和转型期经济国家	48977
損	48978
針	48979
▁Cessation	48980
▁OKAY	48981
▁Used	48982
▁WG	48983
▁backwards	48984
▁stereotyped	48985
▁thread	48986
梳	48987
خ	48988
▁Enrique	48989
▁futile	48990
▁morale	48991
▁supposedly	48992
萨达姆	48993
eno	48994
gil	48995
▁Annotations	48996
▁Enclosure	48997
▁Film	48998
▁Polisario	48999
▁Touch	49000
鸦	49001
-10/2	49002
.2/66/	49003
IPA	49004
osphere	49005
▁Disease	49006
▁cord	49007
▁scan	49008
俯	49009
深呼吸	49010
碭	49011
▁4-15	49012
▁Choi	49013
▁Graduate	49014
▁oblig	49015
▁opera	49016
▁suppressing	49017
Amendment	49018
enterprise	49019
pack	49020
▁Solutions	49021
▁residues	49022
哮	49023
Treaty	49024
reliant	49025
▁knowingly	49026
▁les	49027
▁plots	49028
▁┮	49029
VO	49030
option	49031
▁Statelessness	49032
▁apartments	49033
▁oversees	49034
▁sniper	49035
▁委员会赞扬缔约国	49036
▁Meaning	49037
▁SPLM	49038
▁lading	49039
联塞综合办	49040
-1996	49041
/73	49042
erra	49043
heim	49044
ltering	49045
み	49046
口岸	49047
CAP	49048
boo	49049
▁yelling	49050
	49051
conference	49052
creation	49053
ffin	49054
▁Difference	49055
▁Hai	49056
▁repeating	49057
▁shocking	49058
瘟	49059
264	49060
igu	49061
ص	49062
▁REPORTS	49063
▁Beginning	49064
▁Casa	49065
▁Choose	49066
▁Immunization	49067
骆	49068
DIS	49069
SAS	49070
wang	49071
while	49072
▁Interaction	49073
▁chew	49074
▁comrade	49075
▁illegality	49076
法不治罪	49077
rearing	49078
▁electorate	49079
▁engender	49080
▁gratia	49081
铬	49082
Percentage	49083
▁Tib	49084
▁addict	49085
剥	49086
崖	49087
暫	49088
lph	49089
registration	49090
▁recipe	49091
▁swell	49092
各种各样	49093
burn	49094
eria	49095
stock	49096
▁Temp	49097
▁Unknown	49098
▁generosity	49099
▁mister	49100
□	49101
悍	49102
稚	49103
Doha	49104
▁263	49105
▁Aden	49106
▁Eurasian	49107
▁generalized	49108
▁normalcy	49109
PAHO	49110
▁Dja	49111
▁Mort	49112
▁catching	49113
▁emigration	49114
▁rationalizing	49115
▁realise	49116
▁rehabilitated	49117
Bashir	49118
illi	49119
paratoires	49120
qi	49121
▁1,9	49122
▁ADDRESSED	49123
▁Birth	49124
▁Bruno	49125
▁Strasbourg	49126
▁filthy	49127
▁militant	49128
/2005/3	49129
3,500	49130
▁319	49131
▁Till	49132
▁barrels	49133
▁charming	49134
▁divine	49135
/2006/10	49136
roo	49137
ụ	49138
▁Fun	49139
▁Stateless	49140
▁gatherings	49141
▁squeeze	49142
檬	49143
Ministry	49144
ige	49145
▁330	49146
▁hatch	49147
▁worsen	49148
UF	49149
vio	49150
▁$70	49151
▁unload	49152
/12/	49153
corn	49154
jer	49155
president	49156
▁Buddy	49157
▁CCPR	49158
▁accomplice	49159
▁slipped	49160
▁washing	49161
竖	49162
-47	49163
▁Gonna	49164
▁certifying	49165
▁templates	49166
沉积	49167
/2005/1	49168
Party	49169
semi	49170
think	49171
▁10.2	49172
▁statehood	49173
爱丽丝	49174
第一〇	49175
绸	49176
accept	49177
ط	49178
▁Voice	49179
	49180
]]	49181
▁3(	49182
▁Mitchell	49183
▁greet	49184
CEP	49185
▁9.3	49186
▁discard	49187
▁extinction	49188
▁thrive	49189
4,600	49190
▁messing	49191
▁seizing	49192
▁temporal	49193
次全体会议根据委员会的建议	49194
/74	49195
FDD	49196
MAP	49197
farm	49198
zzy	49199
▁264	49200
▁Dale	49201
▁Lots	49202
▁codified	49203
▁fierce	49204
▁injunction	49205
▁morally	49206
〇	49207
▁Philippe	49208
▁linger	49209
▁pill	49210
▁transferable	49211
卡比拉总统	49212
墟	49213
袍	49214
/225	49215
Benin	49216
▁Antarctica	49217
▁HER	49218
▁Reaffirm	49219
▁Symbols	49220
▁deplores	49221
▁tweet	49222
昂山素季	49223
SEA	49224
suit	49225
▁Hung	49226
▁Native	49227
▁chemistry	49228
▁reacted	49229
▁soccer	49230
▁tenants	49231
american	49232
worthy	49233
▁emotions	49234
▁inseparable	49235
▁proscribed	49236
▁toys	49237
exchange	49238
trop	49239
▁3.30	49240
▁Aziz	49241
▁Bengoa	49242
▁Nepalese	49243
▁leases	49244
喪	49245
▁Employers	49246
▁bunker	49247
▁distract	49248
▁motivate	49249
▁refrigeration	49250
养殖	49251
肌	49252
赌博	49253
	49254
PG	49255
RAM	49256
▁257	49257
▁UF	49258
hah	49259
vu	49260
▁Technician	49261
▁adultery	49262
▁camel	49263
▁humor	49264
冯	49265
esse	49266
▁Definitely	49267
/2008/4	49268
▁252	49269
▁ingredients	49270
▁protectionist	49271
巷	49272
vious	49273
▁Gate	49274
▁Suggest	49275
▁hasten	49276
▁revolutionary	49277
構	49278
瑙	49279
ESCWA	49280
count	49281
▁Ice	49282
▁Tajik	49283
▁drank	49284
▁justifiable	49285
▁lent	49286
▁proprietary	49287
▁stubborn	49288
▁Coach	49289
▁Rouge	49290
▁airlines	49291
▁irreversibility	49292
▁operandi	49293
▁saith	49294
壹	49295
酰	49296
ered	49297
▁Marrakech	49298
▁Nyala	49299
▁Reach	49300
▁lowered	49301
▁moderator	49302
拮	49303
稼	49304
ASP	49305
有毒物质	49306
▁(15)	49307
▁Load	49308
▁Plenipotentiary	49309
▁Whit	49310
▁appraise	49311
▁inscription	49312
▁layout	49313
▁yen	49314
/243	49315
ando	49316
tip	49317
▁banner	49318
/116	49319
ADE	49320
▁Mil	49321
▁cables	49322
▁posture	49323
	49324
Cambodia	49325
▁Nicola	49326
▁exploitative	49327
▁magnetic	49328
▁1541	49329
▁Gam	49330
▁blows	49331
▁consequential	49332
▁converting	49333
▁curtain	49334
▁organise	49335
国家森林方案	49336
廁	49337
盢	49338
central	49339
▁PROTECTION	49340
▁revitalized	49341
儡	49342
breaking	49343
wage	49344
ầ	49345
▁Bucharest	49346
姑娘们	49347
rag	49348
▁Diane	49349
▁concur	49350
▁patriot	49351
▁spillover	49352
▁unqualified	49353
國際	49354
蟽	49355
/2006/4	49356
warning	49357
▁$43	49358
▁Audio	49359
▁Gates	49360
▁Toxic	49361
▁Vel	49362
▁graph	49363
▁nurture	49364
▁tragedies	49365
▁transplant	49366
.2/68/	49367
ubi	49368
▁ideologies	49369
▁insistence	49370
嫖	49371
.03.	49372
2);	49373
▁$1,5	49374
▁IPRs	49375
▁hoo	49376
3,700	49377
Burkina	49378
LES	49379
diction	49380
lik	49381
mining	49382
modus	49383
▁Currency	49384
▁Lawn	49385
▁[6	49386
▁clown	49387
▁savage	49388
▁CTED	49389
▁Enabl	49390
▁OAPR	49391
▁actress	49392
▁gla	49393
▁incumbents	49394
▁lung	49395
▁outsourced	49396
▁porn	49397
▁tolerant	49398
中华民国	49399
▁(13)	49400
▁Knowing	49401
▁minimization	49402
▁specification	49403
▁unsubstantiated	49404
ặ	49405
▁12.30	49406
▁authenticity	49407
▁erode	49408
▁slowing	49409
▁surname	49410
惧	49411
OUND	49412
▁Florence	49413
▁PaperSmart	49414
▁energetic	49415
▁profitability	49416
▁washed	49417
▁worn	49418
anov	49419
aud	49420
▁261	49421
▁Allowance	49422
▁Born	49423
▁Exports	49424
▁Gan	49425
节奏	49426
▁Announcement	49427
▁Faith	49428
▁horrific	49429
▁ingredient	49430
砂	49431
Atlantic	49432
LING	49433
skilled	49434
utter	49435
▁GUAM	49436
▁covenants	49437
▁gainful	49438
listed	49439
▁Font	49440
▁NEO	49441
▁accomplices	49442
▁crafts	49443
▁flawed	49444
▁mosques	49445
▁vegetable	49446
IFAD	49447
▁Server	49448
▁Tower	49449
▁sheriff	49450
▁socialist	49451
Border	49452
IMS	49453
▁273	49454
唆	49455
绞	49456
RN	49457
iser	49458
managed	49459
ooh	49460
▁(16)	49461
▁Inadequate	49462
▁Kho	49463
▁Norman	49464
▁abduct	49465
看一看	49466
؟	49467
▁Wade	49468
▁acquiescence	49469
▁dismay	49470
▁luggage	49471
.22/	49472
clined	49473
rina	49474
▁Galileo	49475
▁ambassadorial	49476
▁architectural	49477
▁biosafety	49478
▁discouraging	49479
▁slut	49480
呕	49481
ICS	49482
zel	49483
▁$45	49484
▁Dimension	49485
▁Lucas	49486
浇	49487
芽	49488
/207	49489
examine	49490
operate	49491
▁ABOUT	49492
▁Cruz	49493
▁Manhattan	49494
▁biennially	49495
▁comic	49496
▁identifier	49497
▁immoral	49498
▁journalism	49499
/218	49500
oid	49501
▁ACT	49502
▁Bil	49503
▁Jung	49504
▁Ratio	49505
▁Standby	49506
▁plunder	49507
▁someplace	49508
kawa	49509
▁Client	49510
▁Increasingly	49511
▁courtesy	49512
▁inserting	49513
▁riots	49514
虔	49515
ANG	49516
methyl	49517
▁Farmers	49518
▁Wol	49519
▁gasoline	49520
▁notorious	49521
▁prom	49522
.2);	49523
mie	49524
▁CERF	49525
▁Ski	49526
▁TRANS	49527
▁criminally	49528
▁dish	49529
▁pimp	49530
▁reminding	49531
cold	49532
dated	49533
▁Dream	49534
▁Latvian	49535
▁Talks	49536
▁governors	49537
▁inconsistency	49538
▁mountainous	49539
▁tandem	49540
榜	49541
缪	49542
镖	49543
Trans	49544
▁Output	49545
▁attraction	49546
▁hammer	49547
▁mall	49548
▁obscure	49549
PH	49550
ằ	49551
▁(2003	49552
▁963-6	49553
▁Heavy	49554
▁Islamophobia	49555
▁Mason	49556
▁Muj	49557
▁Bow	49558
▁Degree	49559
▁Kru	49560
▁exacerbating	49561
▁overexpenditure	49562
▁sync	49563
罹	49564
茅	49565
/226	49566
Trade	49567
drug	49568
▁CPN	49569
▁longstanding	49570
痒	49571
▁Restricti	49572
▁contradictions	49573
▁destabilization	49574
▁联合国经费分摊比额表	49575
叩	49576
/111	49577
LAND	49578
▁Manufacture	49579
▁Medic	49580
▁Universities	49581
▁defender	49582
▁pur	49583
▁usable	49584
Now	49585
ores	49586
target	49587
▁Causes	49588
▁audiovisual	49589
▁insignificant	49590
storm	49591
▁Wherever	49592
▁advantageous	49593
▁businessmen	49594
▁multiplied	49595
阈	49596
spot	49597
▁demolished	49598
▁meaningfully	49599
.9/7	49600
030	49601
GER	49602
lek	49603
▁Correct	49604
▁FO	49605
▁HOW	49606
▁ladder	49607
驴	49608
5,800	49609
French	49610
PRSP	49611
average	49612
▁Canc	49613
▁PEOPLE	49614
▁gratified	49615
▁meaningless	49616
▁shuttle	49617
▁“4.	49618
Allah	49619
▁Jen	49620
▁departing	49621
▁idiots	49622
▁meanwhile	49623
/00	49624
4/2006	49625
wentieth	49626
▁320	49627
▁worrisome	49628
webcast	49629
▁$41	49630
▁49;	49631
▁Apple	49632
▁fide	49633
▁insists	49634
▁optimizing	49635
lenipotentiaries	49636
▁Availability	49637
▁Caucus	49638
▁kindness	49639
▁underage	49640
甡	49641
MET	49642
SPA	49643
erga	49644
▁Assessing	49645
▁Hamid	49646
▁owes	49647
▁suffrage	49648
ombo	49649
▁5.30	49650
▁Stick	49651
▁gettin	49652
▁prejudicial	49653
	49654
Suppl	49655
worth	49656
▁Nablus	49657
▁depository	49658
▁entitle	49659
▁merging	49660
洽	49661
衬	49662
0);	49663
curring	49664
▁NI	49665
▁Redeployment	49666
▁capitalize	49667
▁youngest	49668
fly	49669
▁Concret	49670
▁Conversion	49671
▁Seizure	49672
▁airplane	49673
▁bombed	49674
▁deterr	49675
縮	49676
idad	49677
ussi	49678
▁Franco	49679
▁Met	49680
▁Systematic	49681
▁fishermen	49682
▁legitimize	49683
▁sacrificed	49684
▁standardize	49685
橙	49686
▁Inside	49687
▁PRE	49688
▁Turin	49689
▁dentist	49690
▁temptation	49691
BUR	49692
Toward	49693
WSSD	49694
cock	49695
mari	49696
▁268	49697
▁POLITICAL	49698
▁automobile	49699
▁irreparable	49700
▁mixtures	49701
▁psychiatrist	49702
▁subgroup	49703
Asia	49704
MON	49705
▁BINUB	49706
▁lens	49707
▁lofty	49708
渊	49709
MED	49710
▁Desktop	49711
▁Simple	49712
▁boo	49713
▁feedstock	49714
▁incompatibility	49715
▁sentiment	49716
▁twist	49717
▁400,000	49718
HAR	49719
▁Allen	49720
▁Brothers	49721
▁Katie	49722
▁affection	49723
▁bloodshed	49724
▁borrowers	49725
▁bud	49726
9.45	49727
DDR	49728
▁Breathe	49729
▁DEM	49730
▁Empire	49731
▁TEAP	49732
熙	49733
appear	49734
▁Fully	49735
▁Oct	49736
▁Otto	49737
▁UNOGBIS	49738
▁cats	49739
室友	49740
amma	49741
▁Churches	49742
▁Compulsory	49743
▁REDD	49744
▁apologies	49745
▁bonded	49746
▁crowded	49747
	49748
	49749
/2006/7	49750
GIS	49751
UNMIS	49752
kul	49753
▁Reflect	49754
▁sharia	49755
▁specialis	49756
series	49757
▁2025	49758
▁WCO	49759
▁partnering	49760
膛	49761
/69/2	49762
community	49763
▁Annapolis	49764
▁CFA	49765
▁Endowment	49766
▁HDI	49767
▁Milli	49768
▁Nadi	49769
▁burns	49770
▁negligible	49771
▁scrutinize	49772
咐	49773
圓	49774
垦	49775
practice	49776
▁1803	49777
▁306	49778
▁Partial	49779
▁costed	49780
▁deficient	49781
▁Derek	49782
▁Implications	49783
▁Khalil	49784
▁USG	49785
▁similarities	49786
/120	49787
Marie	49788
ury	49789
▁750	49790
▁FUCK	49791
▁Renewal	49792
▁Saw	49793
▁advertisements	49794
▁buoy	49795
▁poetry	49796
▁unbelievable	49797
咧	49798
	49799
lease	49800
▁CRPD	49801
▁Hawk	49802
▁predicate	49803
▁sentiments	49804
昼	49805
/11/	49806
berry	49807
budget	49808
host	49809
▁batch	49810
▁elective	49811
▁legitimately	49812
▁pesos	49813
摆在我们面前的	49814
撼	49815
different	49816
phenyl	49817
▁Jonathan	49818
▁ghosts	49819
▁veil	49820
矗	49821
ổ	49822
▁5.8	49823
▁Consul	49824
▁Neu	49825
▁Santo	49826
▁Scar	49827
峙	49828
硕	49829
ũ	49830
▁2000-2003	49831
▁254	49832
▁DAC	49833
▁Execution	49834
▁Maurice	49835
▁Mbeki	49836
▁Visit	49837
▁sine	49838
establishing	49839
maid	49840
yak	49841
▁3.9	49842
▁Cher	49843
▁Chronicle	49844
▁Greenstock	49845
▁Nigel	49846
▁[8	49847
▁colors	49848
▁dowry	49849
▁landlord	49850
椰	49851
Johannesburg	49852
▁Fast	49853
▁RFMOs	49854
▁paintings	49855
▁transcripts	49856
驅	49857
REG	49858
eff	49859
quer	49860
▁Nikita	49861
▁adjourned	49862
椎	49863
GL	49864
ider	49865
▁Citizen	49866
▁Kordofan	49867
▁infringements	49868
erie	49869
▁$80	49870
▁1997/2	49871
▁Chowdhury	49872
▁Samuel	49873
▁metropolitan	49874
▁tyres	49875
ゴ	49876
▁Blake	49877
▁Site	49878
▁bum	49879
▁collector	49880
▁travellers	49881
bridge	49882
governance	49883
▁lieutenant	49884
捨	49885
紹	49886
$1	49887
STAT	49888
found	49889
nna	49890
projects	49891
safe	49892
▁Merry	49893
▁Opposition	49894
▁Seth	49895
▁codify	49896
▁delinquency	49897
▁illtreatment	49898
▁pioneering	49899
chief	49900
Ν	49901
▁Agents	49902
▁Agrees	49903
▁Harris	49904
▁devot	49905
▁Flight	49906
▁Marketing	49907
▁quietly	49908
慧	49909
hazard	49910
▁Bekaa	49911
▁escrow	49912
▁usher	49913
▁14:30	49914
▁Colombo	49915
▁Muk	49916
▁microwave	49917
PRS	49918
Term	49919
conventional	49920
ngel	49921
nut	49922
peace	49923
▁Cancer	49924
▁Mediator	49925
▁ceremonies	49926
▁contraction	49927
▁devolution	49928
▁hereunder	49929
▁pumps	49930
誉	49931
/2005/15	49932
Promotion	49933
half	49934
▁Boris	49935
▁Bud	49936
▁JPO	49937
▁interception	49938
DESA	49939
▁Directory	49940
▁Liz	49941
▁Molly	49942
▁Walt	49943
毗	49944
芥	49945
FNL	49946
TAL	49947
▁Lance	49948
▁Uni	49949
▁conveying	49950
▁lagging	49951
▁subsidiaries	49952
亭	49953
IZ	49954
TEN	49955
▁Flu	49956
▁archaeological	49957
▁developers	49958
▁fairy	49959
▁grazing	49960
▁simpler	49961
廠	49962
頻	49963
/1999/2	49964
Armenia	49965
PORT	49966
escu	49967
potable	49968
sexual	49969
▁Admiral	49970
▁Biotechnology	49971
▁Consultant	49972
▁Suggestion	49973
▁corners	49974
▁revisited	49975
▁workflow	49976
沖	49977
犧	49978
▁Mandela	49979
▁ancestors	49980
▁recite	49981
▁unfolding	49982
純	49983
蟹	49984
9,200	49985
▁Grey	49986
▁hindrance	49987
9);	49988
Food	49989
spheric	49990
▁51/210	49991
▁COMMISSIONER	49992
▁Decided	49993
▁Herr	49994
▁NATIONAL	49995
▁ln	49996
▁prostitute	49997
儀	49998
▁Switch	49999
▁pier	50000
▁stiff	50001
TED	50002
afi	50003
bell	50004
▁Swa	50005
▁Weather	50006
▁gal	50007
▁overemphasized	50008
▁sensible	50009
▁tits	50010
▁weighted	50011
竣	50012
/9)	50013
Chapter	50014
▁48/218	50015
▁revealing	50016
▁shave	50017
ㄤ	50018
咙	50019
NER	50020
▁academy	50021
▁featur	50022
嗑	50023
颜	50024
.198	50025
crime	50026
▁269	50027
▁Chart	50028
▁complaining	50029
▁nationalist	50030
▁totality	50031
▁ug	50032
	50033
ulo	50034
▁Achieved	50035
▁Mario	50036
▁Messengers	50037
▁Origin	50038
▁Wonderful	50039
▁nursery	50040
▁Kil	50041
▁balloon	50042
▁founder	50043
▁persecuted	50044
诈	50045
.2005/	50046
▁Electricity	50047
▁Rip	50048
▁Usually	50049
▁martial	50050
嗜	50051
Public	50052
Venezuela	50053
▁308	50054
▁55/5	50055
▁Fle	50056
▁Owen	50057
▁Permission	50058
▁Tracking	50059
▁anytime	50060
▁designer	50061
UK	50062
▁bisexual	50063
▁crossroads	50064
▁leasing	50065
▁marshal	50066
▁militarization	50067
▁salts	50068
邁	50069
▁$300	50070
▁Consulting	50071
▁mommy	50072
▁prefecture	50073
▁remarked	50074
Afghanistan	50075
EEP	50076
offices	50077
┬	50078
▁Greenhouse	50079
▁Pad	50080
▁casino	50081
▁wrist	50082
/8)	50083
5)	50084
▁inhalers	50085
▁pertains	50086
▁relaunch	50087
1,500	50088
▁Sue	50089
currently	50090
▁AK	50091
▁Designate	50092
▁Heh	50093
▁PPPs	50094
▁Proceeds	50095
▁Sustained	50096
▁ramifications	50097
豫	50098
earmarked	50099
▁$39	50100
▁58/4	50101
▁Croat	50102
▁Ismail	50103
▁OHRM	50104
賬	50105
黏	50106
Environment	50107
cession	50108
immer	50109
ntroductory	50110
▁Magistrates	50111
▁Murder	50112
▁lane	50113
▁stemm	50114
eka	50115
fen	50116
▁13:15	50117
▁Eighty	50118
▁FIFT	50119
▁Patricia	50120
▁Sally	50121
▁deepened	50122
▁polite	50123
悯	50124
changing	50125
▁reclaim	50126
悅	50127
Myanmar	50128
▁Jill	50129
▁bands	50130
▁catches	50131
▁clo	50132
▁repaired	50133
崽	50134
繩	50135
IRE	50136
▁Remain	50137
▁Software	50138
▁Vulnerable	50139
▁erupted	50140
▁grabbe	50141
▁inferior	50142
▁materialize	50143
▁musician	50144
哉	50145
睲	50146
CON	50147
allah	50148
▁Armenians	50149
▁businessman	50150
▁promulgate	50151
辯	50152
▁Naturally	50153
▁Priv	50154
▁Zoe	50155
▁evacuate	50156
▁rotary	50157
▁unlock	50158
Mali	50159
fight	50160
▁barred	50161
▁isolate	50162
▁pasture	50163
▁seamless	50164
蹈	50165
/2001/5	50166
mocratie	50167
▁BOARD	50168
▁Dah	50169
▁FI	50170
▁arrogant	50171
▁fatalities	50172
▁tub	50173
8,400	50174
Violence	50175
ffected	50176
riel	50177
subprogrammes	50178
▁2006-2010	50179
▁380	50180
▁Debris	50181
▁Krist	50182
▁Tyler	50183
▁ashes	50184
▁coexist	50185
▁commenting	50186
喚	50187
嚷	50188
ofluorocarbons	50189
▁Mekong	50190
▁formalize	50191
▁revolve	50192
▁unskilled	50193
秃	50194
蠻	50195
taken	50196
▁7.6	50197
▁NIS	50198
▁PCP	50199
▁garner	50200
▁locality	50201
6,200	50202
Mediterranean	50203
▁appellant	50204
▁underwear	50205
瞄	50206
CLCS	50207
Goma	50208
.1/55/	50209
edge	50210
hone	50211
▁Belong	50212
▁hint	50213
▁reconvene	50214
STR	50215
partner	50216
▁$42	50217
▁Funny	50218
▁Input	50219
▁regroup	50220
額	50221
/67/5	50222
num	50223
ppen	50224
still	50225
┪	50226
▁Gravely	50227
▁Mini	50228
▁Palermo	50229
▁Shane	50230
▁apprenticeship	50231
▁interviewing	50232
▁terrific	50233
薛	50234
CAR	50235
NN	50236
lade	50237
tax	50238
▁Hiroshima	50239
▁Jamie	50240
▁Lay	50241
▁coastline	50242
▁flies	50243
▁interchange	50244
炊	50245
coordinated	50246
stowed	50247
their	50248
▁Attach	50249
▁Formulation	50250
▁PSD	50251
▁endowed	50252
▁lakes	50253
▁maltreatment	50254
▁resuming	50255
墅	50256
趾	50257
6,300	50258
▁Delegate	50259
▁activate	50260
▁comin	50261
PB	50262
doers	50263
riennial	50264
▁155-	50265
▁fairer	50266
▁heck	50267
も	50268
秽	50269
絋	50270
.2/64/	50271
▁61/276	50272
▁Justin	50273
▁lecturer	50274
中减除会员国在衡平征税基金内	50275
yama	50276
▁Charge	50277
▁commutation	50278
▁reconfirmed	50279
梵	50280
/53/6	50281
CID	50282
▁Cooperatives	50283
▁TOTAL	50284
▁assertions	50285
▁matrimoni	50286
▁reopened	50287
WR	50288
awareness	50289
▁$1,6	50290
▁levy	50291
▁speeding	50292
惮	50293
55/33	50294
▁Guang	50295
▁thine	50296
漸	50297
.4/1998/	50298
eq	50299
▁Malcolm	50300
▁Toolkit	50301
▁casting	50302
▁dilut	50303
▁jokes	50304
莊	50305
/2004/2	50306
formed	50307
horn	50308
refer	50309
▁1515	50310
▁Oceanographic	50311
▁legislate	50312
▁pressed	50313
響	50314
	50315
/03	50316
/2009/2	50317
⁄	50318
▁Felix	50319
▁LGBT	50320
▁appliances	50321
▁quotation	50322
▁unfinished	50323
幌	50324
掀	50325
.3/68/	50326
Mobilizing	50327
▁Formula	50328
▁SCO	50329
▁Securities	50330
▁peasant	50331
▁subtle	50332
▁traces	50333
肘	50334
vable	50335
▁chrysotile	50336
▁motorcycle	50337
戚	50338
	50339
.5/53/	50340
▁PRI	50341
▁Wong	50342
▁competitors	50343
▁customized	50344
▁hydrogen	50345
▁undeniable	50346
▁Helio	50347
▁chips	50348
▁cunt	50349
▁hospitalization	50350
▁indictees	50351
▁paperwork	50352
▁reprisal	50353
approved	50354
▁10.1	50355
▁274	50356
呜	50357
Finding	50358
material	50359
▁$1,7	50360
▁Accessibility	50361
▁Dublin	50362
▁LOOK	50363
▁Survival	50364
▁alterations	50365
▁dorm	50366
▁fo	50367
Some	50368
▁286	50369
▁Harmony	50370
▁Ninety	50371
▁concede	50372
▁favourite	50373
.9/631	50374
ECTION	50375
respect	50376
▁Invite	50377
▁Rafi	50378
▁Zu	50379
▁dividing	50380
▁personae	50381
憂	50382
3,800	50383
▁Economies	50384
▁Surveillance	50385
▁Utilization	50386
▁alley	50387
▁nowadays	50388
泌	50389
Legal	50390
▁Fono	50391
▁Hern	50392
▁Kou	50393
▁Skills	50394
▁articulation	50395
▁disarmed	50396
滞	50397
▁Agro	50398
▁Hamad	50399
▁Percy	50400
▁Website	50401
▁textile	50402
晋	50403
,000),	50404
watt	50405
▁Houston	50406
▁busted	50407
▁guitar	50408
▁outweigh	50409
▁stray	50410
▁sweep	50411
Yemen	50412
___	50413
▁Castro	50414
▁Mubarak	50415
▁bottles	50416
▁fianc	50417
皊	50418
EDI	50419
interoperability	50420
▁Abel	50421
▁Accepted	50422
▁Content	50423
▁Friendship	50424
▁Invalid	50425
▁Mei	50426
▁Reese	50427
▁Shared	50428
▁Vanessa	50429
▁attested	50430
▁whomever	50431
-2/1	50432
Information	50433
▁ANY	50434
▁Astronautic	50435
▁Castle	50436
▁OEWG	50437
▁Screw	50438
▁Types	50439
▁abreast	50440
▁restraints	50441
稅	50442
yang	50443
▁911	50444
▁Barney	50445
▁CNDP	50446
▁Giving	50447
▁NPS	50448
▁Scottish	50449
▁anaemia	50450
▁bacteria	50451
▁equalization	50452
▁gateway	50453
▁retard	50454
斧	50455
▁Diploma	50456
▁Engagement	50457
▁Scout	50458
掸	50459
跋	50460
Burton	50461
Interahamwe	50462
KI	50463
mocratique	50464
▁$150	50465
▁[13	50466
▁athletes	50467
▁litter	50468
MPA	50469
should	50470
▁ASG	50471
▁accusation	50472
▁buzz	50473
▁finest	50474
▁launchers	50475
▁minimized	50476
▁profess	50477
.2/69/	50478
UNMIL	50479
▁282	50480
▁Icelandic	50481
▁Isaac	50482
▁Maxim	50483
▁Outstanding	50484
▁Ralph	50485
▁hitherto	50486
▁nun	50487
粹	50488
7,900	50489
▁Alexandr	50490
▁Berg	50491
▁Bour	50492
▁SITUATION	50493
▁WORLD	50494
▁chin	50495
Di	50496
atari	50497
dominated	50498
▁Montevideo	50499
▁Zagreb	50500
▁communist	50501
▁disguise	50502
▁override	50503
▁prints	50504
UNAMA	50505
▁Dhaka	50506
▁SOME	50507
▁Steven	50508
▁cites	50509
▁crashed	50510
▁scanned	50511
謹	50512
CTOC	50513
ustomary	50514
▁Silence	50515
▁dissenting	50516
▁equivalence	50517
▁insurgent	50518
▁politic	50519
兮	50520
厉	50521
	50522
/2008/3	50523
CCF	50524
▁DEA	50525
▁Kick	50526
▁defray	50527
▁embryo	50528
▁messengers	50529
itating	50530
▁262	50531
▁292	50532
▁Frankie	50533
▁Jess	50534
▁NOTE	50535
▁Reimbursement	50536
▁flaws	50537
▁outskirts	50538
▁protested	50539
暨	50540
羆	50541
髒	50542
citation	50543
▁Ark	50544
▁WELL	50545
▁contended	50546
▁cult	50547
▁roadblocks	50548
KK	50549
▁301	50550
▁Kap	50551
▁LLDCs	50552
▁Mosul	50553
▁captive	50554
▁fracture	50555
▁parked	50556
▁tacit	50557
艰	50558
/48/	50559
UNIC	50560
iger	50561
veraging	50562
▁Bun	50563
▁Counselling	50564
▁Domingo	50565
▁Gilbert	50566
▁TRADE	50567
▁alphabetical	50568
▁kilograms	50569
▁loop	50570
▁mammals	50571
▁richest	50572
▁winners	50573
敷	50574
.105/7	50575
rative	50576
▁Dalit	50577
▁Millions	50578
▁Stress	50579
▁masks	50580
/112	50581
USA	50582
atization	50583
▁spacing	50584
▁telemedicine	50585
rush	50586
▁(1980)	50587
▁1.30	50588
▁304	50589
▁Strange	50590
▁Amsterdam	50591
▁Asmara	50592
▁Custom	50593
▁Provided	50594
▁eradicated	50595
▁expedition	50596
▁oxide	50597
▁synthesize	50598
3,900	50599
7,300	50600
organizational	50601
ratification	50602
umble	50603
▁Umm	50604
▁refoulement	50605
▁wilful	50606
瓷	50607
cci	50608
therapy	50609
▁Cyber	50610
▁Implemented	50611
▁TK	50612
OU	50613
buy	50614
click	50615
▁278	50616
▁Regardless	50617
▁dams	50618
▁mailing	50619
硄	50620
/2007/2	50621
/65/2	50622
TIES	50623
inen	50624
kay	50625
ompens	50626
▁12.5	50627
▁Diallo	50628
▁Sak	50629
▁Tess	50630
▁fiction	50631
▁methamphetamine	50632
▁transferee	50633
▁unambiguous	50634
▁underestimate	50635
▁...”	50636
▁59/250	50637
▁Hg	50638
▁Sharma	50639
▁subordination	50640
▁temp	50641
葉	50642
▁Character	50643
▁Unilateral	50644
▁Yokohama	50645
▁addicts	50646
▁discredit	50647
競	50648
▁279	50649
▁Floor	50650
▁demolitions	50651
▁inspiring	50652
▁league	50653
畸	50654
疟	50655
▁277	50656
▁HCH	50657
▁beacon	50658
▁collate	50659
▁revolving	50660
/2005/7	50661
/54/8	50662
Angola	50663
birth	50664
▁$49	50665
▁FDA	50666
▁Told	50667
▁chef	50668
▁intrusion	50669
▁realign	50670
▁royalties	50671
▁sensitiz	50672
▁stab	50673
/65/7	50674
torn	50675
▁Saul	50676
▁Sergei	50677
▁Todd	50678
▁altitudes	50679
▁atoll	50680
▁deduct	50681
▁dug	50682
▁underdeveloped	50683
宮	50684
detect	50685
▁1925	50686
▁MEAs	50687
▁Paz	50688
▁advisors	50689
▁widened	50690
佢	50691
裹	50692
bear	50693
question	50694
▁295	50695
噓	50696
,000);	50697
Assad	50698
thematic	50699
▁Symbol	50700
▁overrun	50701
▁ray	50702
玻	50703
聪	50704
pending	50705
▁61/16	50706
▁Interview	50707
▁Preparing	50708
▁WHERE	50709
▁nurturing	50710
ante	50711
▁60/1)	50712
▁9.4	50713
▁Mich	50714
▁embodies	50715
殉	50716
沦	50717
糕	50718
絡	50719
Have	50720
▁Nov	50721
▁Separation	50722
▁Slave	50723
▁drowned	50724
▁intimidate	50725
▁papa	50726
Bolivia	50727
Here	50728
▁armor	50729
▁bullying	50730
▁courier	50731
▁genes	50732
▁payload	50733
Table	50734
▁285	50735
▁326	50736
▁CRF	50737
▁Kartashkin	50738
▁Rafael	50739
▁kindergartens	50740
▁lick	50741
eological	50742
speed	50743
▁Belief	50744
▁Expansion	50745
▁Resettlement	50746
▁candid	50747
▁cervical	50748
▁massage	50749
▁sketch	50750
Prevention	50751
ULA	50752
issile	50753
sighted	50754
splitting	50755
▁Flemish	50756
▁KA	50757
▁Nicole	50758
▁cannon	50759
▁inadequately	50760
▁veterans	50761
叨	50762
▁Fisher	50763
▁derogations	50764
▁mangrove	50765
坛	50766
ACC	50767
CAN	50768
brook	50769
▁Finish	50770
▁Initially	50771
▁disagreements	50772
▁logo	50773
▁procurator	50774
nou	50775
▁clam	50776
▁entrench	50777
▁fingerprints	50778
▁telescope	50779
mura	50780
qualification	50781
▁271	50782
▁288	50783
▁Observance	50784
▁twins	50785
▁impress	50786
▁memoranda	50787
▁shores	50788
啡	50789
production	50790
▁BDE	50791
▁Beni	50792
▁Defender	50793
▁confessed	50794
▁outflows	50795
▁tract	50796
遏	50797
.3/66/	50798
▁Claude	50799
▁INFORMATION	50800
▁Kodori	50801
▁Minor	50802
▁Sandwich	50803
▁coincided	50804
▁compartment	50805
▁upsurge	50806
effect	50807
industry	50808
▁HO	50809
▁Kanak	50810
▁Ling	50811
▁Mba	50812
▁desperately	50813
▁marketplace	50814
ELA	50815
whether	50816
▁Comrade	50817
▁Jamaican	50818
▁Married	50819
▁bounty	50820
▁motivations	50821
▁shields	50822
剃	50823
exporting	50824
kim	50825
optic	50826
uster	50827
▁NLD	50828
▁Unidroit	50829
▁accusing	50830
嚎	50831
ETH	50832
EZ	50833
Sierra	50834
actual	50835
anna	50836
iel	50837
▁Christianity	50838
▁Ghost	50839
▁YouTube	50840
▁exponential	50841
▁intolerable	50842
▁priests	50843
係	50844
4,400	50845
Viet	50846
surface	50847
إ	50848
▁Effect	50849
▁FUND	50850
▁distributor	50851
▁drainage	50852
▁rehabilitating	50853
▁suitcase	50854
numbered	50855
riya	50856
▁298	50857
▁Feed	50858
▁bleed	50859
▁doomed	50860
▁eloquent	50861
▁multiply	50862
▁shaking	50863
▁withstand	50864
徵	50865
扒	50866
躬	50867
.23/	50868
coding	50869
▁305	50870
▁340	50871
▁60/266	50872
▁9.5	50873
▁Klaus	50874
▁Minors	50875
▁Operator	50876
▁episode	50877
▁presuppose	50878
▁undeclared	50879
oca	50880
vari	50881
▁$44	50882
▁Bishkek	50883
▁Henri	50884
▁helpless	50885
/52/7	50886
/65/5	50887
▁1955	50888
▁Mladi	50889
▁replicate	50890
▁stabbed	50891
饵	50892
berlandesgericht	50893
colon	50894
import	50895
nell	50896
▁ASS	50897
▁Harare	50898
▁MR	50899
▁TB	50900
▁[15	50901
▁dreamed	50902
▁fertilizer	50903
▁flatter	50904
▁infiltration	50905
▁pathways	50906
▁0.9	50907
▁46/182	50908
▁Yun	50909
▁Zar	50910
▁radically	50911
轿	50912
NonProliferation	50913
Sustainable	50914
▁Hereafter	50915
▁Succession	50916
▁retrieval	50917
▁thankful	50918
▁wireless	50919
梨	50920
CW	50921
▁272	50922
▁Failed	50923
▁Sponsorship	50924
▁pupil	50925
稠	50926
诬	50927
CPO	50928
▁250,000	50929
▁Mongolian	50930
▁USSR	50931
▁Variant	50932
▁leaf	50933
▁wander	50934
▁weaponization	50935
飲	50936
hosted	50937
portable	50938
▁GICHD	50939
▁Saleh	50940
▁anguish	50941
▁circus	50942
▁kissing	50943
CPC	50944
▁$47	50945
▁11.1	50946
▁Depriv	50947
▁Example	50948
▁Killa	50949
▁Landmines	50950
▁downstream	50951
▁inscribe	50952
▁wholesale	50953
/1993	50954
corp	50955
cott	50956
spousal	50957
▁58/5	50958
▁Salvadoran	50959
▁screened	50960
▁tirelessly	50961
▁unnecessarily	50962
繞	50963
褐	50964
辐	50965
183	50966
dimensional	50967
▁Confirm	50968
▁Ethan	50969
▁Involvement	50970
▁OFFICE	50971
▁commentators	50972
▁faculty	50973
▁ravage	50974
▁shade	50975
▁utterly	50976
亩	50977
.1/65/	50978
▁Donna	50979
▁distortion	50980
compared	50981
▁6.8	50982
▁Finding	50983
▁Maximum	50984
▁consuming	50985
▁deregulation	50986
▁federation	50987
▁harass	50988
▁kicking	50989
屍	50990
歪	50991
UNU	50992
armed	50993
▁$1,8	50994
▁Khane	50995
▁Microcredit	50996
▁Rai	50997
▁Sau	50998
▁abiding	50999
▁candidacy	51000
▁dissatisfaction	51001
▁pervert	51002
.2/65/	51003
gericht	51004
▁Honour	51005
▁IAS	51006
▁escalate	51007
▁fist	51008
▁resultant	51009
▁2012/13:	51010
▁Intensify	51011
▁Jobs	51012
▁Kur	51013
▁Rental	51014
▁bucket	51015
▁dishes	51016
▁refurbish	51017
▁storing	51018
钝	51019
process	51020
▁SEC	51021
▁Storage	51022
▁ambulances	51023
盈	51024
▁2004-2006	51025
羘	51026
5,400	51027
▁Dance	51028
▁UNIC	51029
▁Viv	51030
▁depot	51031
▁shack	51032
▁unreliable	51033
朋	51034
/2000/5	51035
ARK	51036
▁UNIOSIL	51037
▁disintegration	51038
▁groom	51039
▁mild	51040
▁portray	51041
溯	51042
诵	51043
ckle	51044
▁Martha	51045
▁Sandy	51046
▁THINK	51047
▁[4	51048
▁brothel	51049
▁comparator	51050
▁facets	51051
▁gene	51052
瞴	51053
顽	51054
insurance	51055
▁(8);	51056
▁Substantial	51057
▁legalization	51058
▁philosophical	51059
锣	51060
between	51061
oui	51062
▁1929	51063
▁Awesome	51064
▁Czechoslovakia	51065
▁Salama	51066
▁Withdrawal	51067
▁apostle	51068
▁commissioner	51069
▁disarming	51070
▁outposts	51071
▁vault	51072
/67/1	51073
▁Attacks	51074
▁Duma	51075
▁emplacement	51076
▁nomadic	51077
階	51078
▁Balkan	51079
▁Decrease	51080
▁IIAs	51081
▁RB	51082
▁Stuart	51083
▁assholes	51084
▁liquidated	51085
▁wetlands	51086
	51087
8);	51088
trust	51089
▁Ahh	51090
▁INC	51091
▁Rash	51092
▁ration	51093
▁regionalization	51094
▁seated	51095
▁slap	51096
媚	51097
509	51098
nterfaith	51099
▁Amb	51100
▁Sofia	51101
▁blessings	51102
▁harvested	51103
▁leprosy	51104
▁specialised	51105
▁touches	51106
ATA	51107
SMEs	51108
ğ	51109
▁Faroe	51110
▁USAID	51111
▁bureaucracy	51112
▁hike	51113
▁symposia	51114
▁turnout	51115
/2004/3	51116
Based	51117
conduct	51118
stead	51119
▁Roberto	51120
▁sergeant	51121
勸	51122
Action	51123
Entrepreneurship	51124
OPS	51125
lax	51126
▁11.2	51127
▁Fatah	51128
▁UNTSO	51129
▁WORKING	51130
▁exams	51131
▁pau	51132
▁rotating	51133
臀	51134
藝	51135
MINUSTAH	51136
Responsibilities	51137
joint	51138
misappropriation	51139
▁Cla	51140
▁Object	51141
▁Yuri	51142
▁collaborators	51143
▁diplomat	51144
勵	51145
咦	51146
琍	51147
釜	51148
RIA	51149
functional	51150
lean	51151
pal	51152
terior	51153
▁Arg	51154
▁DPA	51155
▁cowboy	51156
▁foul	51157
▁segregated	51158
狝	51159
/117	51160
MAC	51161
label	51162
neighbourly	51163
▁Tsunami	51164
▁Yar	51165
/109	51166
ARE	51167
▁2006-2009	51168
▁Measurement	51169
▁Metro	51170
▁merge	51171
▁tents	51172
/2007/4	51173
available	51174
piracy	51175
sustaining	51176
▁Interested	51177
▁Roster	51178
▁Sebastian	51179
▁shrimp	51180
▁wiped	51181
.2/67/	51182
.3/67/	51183
IPSAS	51184
south	51185
▁AAUs	51186
扂	51187
.5/63/	51188
zed	51189
▁apprised	51190
▁axe	51191
▁fin	51192
▁inequitable	51193
▁ringing	51194
▁snack	51195
/2007/7	51196
ODS	51197
dog	51198
▁Alberto	51199
▁SD	51200
▁Thirteen	51201
▁Tolerance	51202
▁brake	51203
▁calibre	51204
▁glacier	51205
UNOCI	51206
arium	51207
sufficient	51208
venting	51209
£­	51210
▁Below	51211
▁Kali	51212
▁Strike	51213
▁earmarking	51214
▁inconclusive	51215
▁jumping	51216
▁latitude	51217
▁stimulated	51218
▁subpara	51219
▁unspecified	51220
8,200	51221
ouvement	51222
▁Alba	51223
▁Mona	51224
▁Realiz	51225
▁correspondents	51226
▁licensor	51227
▁reassigned	51228
web	51229
▁CPA	51230
▁Prohibit	51231
▁Taken	51232
▁pedagogical	51233
▁practicing	51234
▁presumptive	51235
LIN	51236
▁Auditing	51237
▁Bah	51238
▁Flora	51239
▁Kurdistan	51240
▁NZ	51241
▁Regret	51242
▁Sep	51243
▁Yellow	51244
▁makeup	51245
▁saint	51246
▁underwent	51247
.96.	51248
metre	51249
recht	51250
╧	51251
▁Beach	51252
▁Insufficient	51253
▁creed	51254
	51255
.4/1997/	51256
ERA	51257
balanced	51258
▁Arn	51259
▁injurious	51260
▁smash	51261
阁	51262
▁Canton	51263
▁Sultan	51264
▁practising	51265
	51266
▁concomitant	51267
▁slope	51268
饪	51269
002	51270
205	51271
fense	51272
teacher	51273
Г	51274
▁Ebola	51275
▁HK	51276
▁bun	51277
▁gloves	51278
▁magnet	51279
▁ramp	51280
曹	51281
AOSIS	51282
ICAO	51283
▁325	51284
▁Amazing	51285
▁Blind	51286
▁Targeted	51287
▁Tibetan	51288
▁intercept	51289
▁unconscious	51290
咕	51291
簀	51292
fits	51293
watch	51294
▁Seattle	51295
▁assassin	51296
▁“5.	51297
●	51298
阐	51299
hei	51300
invest	51301
▁Airlines	51302
▁Kent	51303
▁OFDI	51304
▁Remuneration	51305
▁UNOG	51306
/107	51307
PERI	51308
▁Brasilia	51309
▁Guarantees	51310
▁brotherly	51311
▁toilets	51312
)-(	51313
Central	51314
▁bw	51315
▁ditch	51316
▁guessing	51317
▁honored	51318
▁permissibility	51319
▁subscribers	51320
▁township	51321
】	51322
咽	51323
file	51324
resource	51325
▁Dual	51326
▁analogous	51327
▁discern	51328
▁emancipation	51329
▁interagency	51330
▁soliciting	51331
▁wellbeing	51332
▁Achievement	51333
▁Coverage	51334
▁Findings	51335
▁consulate	51336
▁creepy	51337
碌	51338
▁Bac	51339
▁Eye	51340
▁MINUGUA	51341
▁fertilizers	51342
▁handicraft	51343
▁mindset	51344
▁overcrowded	51345
▁tightening	51346
猿	51347
鸽	51348
meeting	51349
model	51350
▁Chechen	51351
▁Idiot	51352
▁Joy	51353
▁Returns	51354
▁Sunni	51355
▁Thy	51356
▁caucus	51357
▁cultivated	51358
▁debat	51359
▁insurer	51360
▁presume	51361
▁thirsty	51362
/88	51363
▁2001/02	51364
▁Fiftieth	51365
▁Fraud	51366
▁brigades	51367
▁stack	51368
▁staple	51369
▁straw	51370
▁synergistic	51371
▁unfold	51372
屑	51373
詢	51374
tree	51375
▁conditioning	51376
▁creator	51377
▁criticize	51378
▁heavier	51379
蔗	51380
飙	51381
cycli	51382
mouth	51383
science	51384
▁$90	51385
▁parameter	51386
▁tranche	51387
茱	51388
factor	51389
▁312	51390
▁Fix	51391
▁Permit	51392
▁Transmission	51393
▁UNIPSIL	51394
▁administers	51395
▁necklace	51396
▁thirdly	51397
agent	51398
anta	51399
▁Russell	51400
▁decor	51401
▁exiting	51402
▁particularities	51403
▁supermarket	51404
▁suspending	51405
▁tips	51406
呋	51407
柠	51408
FER	51409
khan	51410
×	51411
▁Jur	51412
▁Month	51413
▁chiefly	51414
篷	51415
.4/1996/	51416
arms	51417
rogation	51418
▁Alas	51419
▁Hundreds	51420
▁Malagasy	51421
跤	51422
	51423
▁Helmets	51424
▁Jeez	51425
▁coefficient	51426
▁starvation	51427
▁Approaches	51428
▁Bottom	51429
▁Planet	51430
▁Yasse	51431
▁acceptability	51432
▁deception	51433
▁enlarge	51434
▁farewell	51435
▁rewarded	51436
▁sequencing	51437
▁shrinking	51438
7,100	51439
escent	51440
▁Hezbollah	51441
▁Togolese	51442
▁Wadi	51443
▁[7	51444
▁drawer	51445
▁monsters	51446
▁richer	51447
喽	51448
甫	51449
/68/2	51450
assisted	51451
craft	51452
hia	51453
▁$500,000	51454
▁Achieve	51455
▁amalgam	51456
▁bruise	51457
▁chlorine	51458
▁retrieve	51459
/2004/6	51460
dwellers	51461
fair	51462
humanitarian	51463
▁Ari	51464
▁Desir	51465
▁Milk	51466
▁recognises	51467
▁voyage	51468
/2007/3	51469
ELS	51470
odle	51471
▁56/26	51472
▁Ownership	51473
▁auxiliary	51474
▁patron	51475
慨	51476
涡	51477
蕴	51478
UNAMID	51479
peak	51480
text	51481
within	51482
▁Announcements	51483
▁Sattar	51484
▁illustrat	51485
▁spectacular	51486
▁subscribed	51487
▁wheelchair	51488
豈	51489
1);	51490
▁Blow	51491
▁abstracts	51492
▁surpassed	51493
▁unreasonabl	51494
玷	51495
5,700	51496
ears	51497
▁Bala	51498
▁Koran	51499
▁Tul	51500
▁secretly	51501
▁torch	51502
8,800	51503
matter	51504
▁GOOD	51505
▁Srebrenica	51506
▁purchaser	51507
▁refraining	51508
▁terminals	51509
▁underemployment	51510
畍	51511
-130	51512
appointed	51513
rl	51514
▁(6);	51515
▁Arr	51516
▁Bl	51517
▁Municipality	51518
▁abort	51519
▁jeopardy	51520
▁plunge	51521
8)	51522
MN	51523
nliquidated	51524
▁Neg	51525
▁Nicholas	51526
▁Politics	51527
▁Taw	51528
▁bait	51529
▁circulating	51530
▁defy	51531
▁normalize	51532
▁predicated	51533
▁suspicions	51534
hil	51535
ttering	51536
▁Designation	51537
▁Paradise	51538
▁Piracy	51539
▁Suppose	51540
▁cripple	51541
▁disagreed	51542
▁learners	51543
▁pollutant	51544
▁suburbs	51545
Euro	51546
SAP	51547
▁Copyright	51548
▁flock	51549
▁reactivate	51550
Take	51551
▁Betty	51552
▁Duty	51553
▁Partner	51554
▁fraternal	51555
玲	51556
/2000/3	51557
8,700	51558
▁Cro	51559
▁Dylan	51560
▁Understood	51561
▁bondage	51562
▁imperfect	51563
▁transformative	51564
凤	51565
▁Loya	51566
▁Mani	51567
▁converge	51568
▁downloaded	51569
▁hail	51570
▁magical	51571
討	51572
锌	51573
▁54/54	51574
▁Cit	51575
▁Mam	51576
▁VIP	51577
▁awaited	51578
▁definitively	51579
▁entailing	51580
▁grey	51581
▁instigate	51582
▁levied	51583
▁submunitions	51584
ウ	51585
ノ	51586
/84	51587
came	51588
modal	51589
otic	51590
▁1199	51591
▁303	51592
▁Farms	51593
▁Kamal	51594
▁persuaded	51595
▁proficiency	51596
	51597
OV	51598
UNAMSIL	51599
nee	51600
▁Cameron	51601
▁Isabel	51602
▁annulment	51603
▁continual	51604
MEN	51605
evich	51606
▁($12	51607
▁289	51608
▁Brit	51609
▁Lynn	51610
▁PBC	51611
▁Prevlaka	51612
▁Trace	51613
▁Variance	51614
▁dictated	51615
▁dissent	51616
▁paediatric	51617
▁synchronize	51618
匀	51619
IPBES	51620
hl	51621
▁Buddha	51622
▁Intersecretaria	51623
▁bothering	51624
貧	51625
齡	51626
JS	51627
commencement	51628
▁$46	51629
▁309	51630
▁Colin	51631
僚	51632
LIV	51633
bei	51634
▁Upgrading	51635
▁Vehicles	51636
▁scars	51637
ISDR	51638
price	51639
tani	51640
▁Donald	51641
▁Sukhumi	51642
▁UPDF	51643
▁gum	51644
▁psychologists	51645
▁repatriate	51646
▁standstill	51647
▁tramp	51648
igan	51649
▁(18)	51650
▁283	51651
▁Eagle	51652
▁hopeless	51653
▁ignorant	51654
▁occupies	51655
▁undernourished	51656
/2003/1	51657
contained	51658
xplanatory	51659
▁Ernest	51660
▁FIU	51661
▁Holly	51662
▁Kang	51663
▁Mina	51664
▁comparatively	51665
▁diverg	51666
【	51667
橱	51668
funding	51669
subject	51670
▁53/77	51671
▁Sei	51672
▁invaded	51673
▁sustenance	51674
▁uncovered	51675
NICC	51676
ungu	51677
▁midpoint	51678
FORM	51679
▁Jr	51680
▁printer	51681
膠	51682
莽	51683
ZA	51684
gross	51685
▁Assurance	51686
▁Aug	51687
▁hurdle	51688
▁retiring	51689
▁scanner	51690
哋	51691
century	51692
every	51693
ى	51694
▁297	51695
▁Douglas	51696
▁Intercultural	51697
▁MSC	51698
▁PPP	51699
▁Repatriation	51700
▁Tree	51701
▁dispel	51702
▁lookin	51703
狸	51704
̄	51705
▁Wai	51706
▁asses	51707
▁escorts	51708
▁reallocat	51709
▁roommate	51710
▁thirteen	51711
殖	51712
渭	51713
feeding	51714
yong	51715
▁Klein	51716
▁landslide	51717
▁replenish	51718
OF	51719
▁Saami	51720
▁heels	51721
▁pork	51722
拥	51723
敘	51724
-209	51725
.5/52/	51726
dev	51727
yah	51728
Č	51729
▁48/162	51730
▁communes	51731
▁emblem	51732
▁hydropower	51733
▁nodule	51734
Saint	51735
________________	51736
imonovi	51737
▁Pillar	51738
▁battlefield	51739
▁enclave	51740
▁naming	51741
▁scout	51742
佔	51743
chev	51744
sighs	51745
▁Lecture	51746
▁Tad	51747
▁Vital	51748
▁gallery	51749
▁hrs	51750
▁lame	51751
▁speculative	51752
.21/	51753
Pe	51754
dong	51755
▁corroborated	51756
▁cruelty	51757
▁deviate	51758
▁glossary	51759
	51760
▁ADB	51761
▁CCS	51762
▁Function	51763
▁Macau	51764
▁cough	51765
▁omnes	51766
	51767
6,100	51768
tourism	51769
▁Pink	51770
▁Rif	51771
▁escalated	51772
▁ideally	51773
▁pornographic	51774
▁salad	51775
▁seniority	51776
▁statisticians	51777
AMI	51778
IPCS	51779
Latin	51780
asso	51781
▁550	51782
▁58/269	51783
▁Gong	51784
▁Premier	51785
▁Tap	51786
▁stocktaking	51787
.3/69/	51788
Protection	51789
ethane	51790
raj	51791
▁forfeit	51792
▁pause	51793
▁protector	51794
▁Anniversary	51795
▁Asshole	51796
▁Cambridge	51797
▁Dig	51798
▁Passport	51799
▁Thu	51800
▁annoying	51801
▁appetite	51802
▁devoi	51803
▁gamble	51804
榈	51805
.24/	51806
chenko	51807
▁307	51808
▁Civic	51809
▁Flickr	51810
▁aggregated	51811
▁dressing	51812
▁honesty	51813
▁tetanus	51814
AWG	51815
lal	51816
▁Alberta	51817
▁Ould	51818
▁lamb	51819
▁prophet	51820
▁revoke	51821
銀	51822
SDA	51823
planning	51824
professional	51825
usable	51826
▁Default	51827
▁contra	51828
▁peril	51829
▁poisoned	51830
▁smarter	51831
ゑ	51832
CWC	51833
▁Slum	51834
▁Sugar	51835
▁obstructed	51836
▁racing	51837
▁registrar	51838
酶	51839
male	51840
▁34/401	51841
▁CIVIL	51842
▁Coral	51843
▁Gambari	51844
▁Module	51845
▁Producer	51846
▁abode	51847
▁amateur	51848
▁attaching	51849
▁functioned	51850
▁lure	51851
▁modelled	51852
Multilateral	51853
▁Resurrection	51854
▁disc	51855
▁impossibility	51856
▁rotten	51857
▁writ	51858
淚	51859
肋	51860
5,900	51861
Per	51862
fit	51863
nvolving	51864
▁12.2	51865
▁Configure	51866
▁Stat	51867
▁concealment	51868
▁seismic	51869
cop	51870
scape	51871
▁Define	51872
▁Dor	51873
▁Route	51874
▁galvanize	51875
倡	51876
註	51877
/213	51878
▁Murphy	51879
▁preventative	51880
▁prosper	51881
▁slice	51882
咖	51883
溃	51884
遞	51885
陀	51886
9,700	51887
▁Sav	51888
▁forcefully	51889
condition	51890
▁Libreville	51891
▁Premises	51892
▁Silver	51893
▁facilitati	51894
▁fourteen	51895
▁heroic	51896
▁lessor	51897
▁pamphlets	51898
stitutionalizing	51899
▁53/4	51900
▁Humanity	51901
▁evicted	51902
▁recess	51903
/2000/4	51904
INS	51905
plication	51906
ril	51907
▁APEC	51908
▁cloth	51909
▁piecemeal	51910
▁shouting	51911
/2008/7	51912
protect	51913
▁0.15	51914
▁ADOPTED	51915
▁ASYCUDA	51916
▁Hub	51917
▁Programming	51918
▁fade	51919
▁nullify	51920
ERN	51921
NOR	51922
rbi	51923
▁58/29	51924
▁Creative	51925
▁Liquid	51926
▁cheques	51927
▁dividend	51928
▁pyramid	51929
▁sunset	51930
▁whip	51931
懈	51932
杭	51933
眨	51934
grarian	51935
uca	51936
▁Properties	51937
▁mortars	51938
▁obsessed	51939
▁terminating	51940
斩	51941
毅	51942
瀑	51943
颤	51944
/66/5	51945
Aqsa	51946
▁collar	51947
▁informant	51948
SES	51949
graph	51950
pez	51951
rape	51952
solving	51953
▁countrywide	51954
▁flour	51955
▁locating	51956
▁progression	51957
▁starve	51958
▁weighed	51959
▁Automatic	51960
▁cheated	51961
匿	51962
/2004/4	51963
HSP	51964
dorf	51965
shin	51966
4,900	51967
7,700	51968
vice	51969
▁Experiment	51970
▁Franklin	51971
▁Pak	51972
▁advertised	51973
▁cheque	51974
▁onerous	51975
▁roast	51976
▁shitty	51977
▁underlie	51978
aph	51979
loving	51980
uitably	51981
▁arduous	51982
▁contentions	51983
晴	51984
窮	51985
ABM	51986
Recommendation	51987
olly	51988
▁Clerk	51989
▁Weapon	51990
▁defuse	51991
▁frog	51992
▁incarcerated	51993
▁modular	51994
▁paving	51995
▁recycled	51996
tool	51997
▁$2.5	51998
▁neat	51999
▁rug	52000
尉	52001
瞞	52002
/228	52003
limited	52004
▁FU	52005
▁Fin	52006
▁Windows	52007
▁endowment	52008
▁pipes	52009
▁whomsoever	52010
chart	52011
liver	52012
▁Demon	52013
▁intercepted	52014
▁toponym	52015
蟺	52016
騷	52017
▁1-3	52018
▁Basra	52019
▁densely	52020
259	52021
▁BONUCA	52022
▁accessories	52023
▁genetically	52024
▁transmitter	52025
▁unbalanced	52026
,750	52027
▁Complex	52028
▁Gray	52029
▁Inform	52030
▁Java	52031
▁Kandahar	52032
▁reorganized	52033
▁ripped	52034
▁semester	52035
▁vagina	52036
淑	52037
dle	52038
hhh	52039
▁Gustav	52040
▁Result	52041
▁Vic	52042
▁Vulnerability	52043
▁cookies	52044
▁judging	52045
▁withhold	52046
濕	52047
瓁	52048
Elect	52049
hot	52050
▁1953	52051
▁apprehend	52052
▁purification	52053
▁thieves	52054
▁963-8530	52055
▁Blanc	52056
▁Hua	52057
▁freelance	52058
▁overlook	52059
淘	52060
/2001/3	52061
/2005/5	52062
/2008/6	52063
stad	52064
▁1999-2000	52065
▁Blog	52066
▁Curtis	52067
▁PrepCom	52068
▁Wonder	52069
▁attackers	52070
▁bark	52071
▁forgetting	52072
▁lip	52073
▁resistant	52074
▁seafarers	52075
▁sequestration	52076
▁subway	52077
灿	52078
诲	52079
fluoro	52080
holding	52081
vac	52082
▁[14	52083
▁enlighten	52084
▁impermissible	52085
忏	52086
禲	52087
▁334	52088
▁cursed	52089
▁ecologically	52090
疹	52091
/2007/5	52092
CFSP	52093
GG	52094
Owne	52095
kilometre	52096
▁Detection	52097
▁Minute	52098
▁Senegalese	52099
▁Shame	52100
▁paralysis	52101
▁resided	52102
▁spills	52103
▁stove	52104
▁surf	52105
俠	52106
嚼	52107
笲	52108
.3/65/	52109
Gra	52110
▁Behind	52111
▁Brazzaville	52112
▁FY	52113
▁Mala	52114
▁Municipalities	52115
▁Thompson	52116
▁hepatitis	52117
▁psychology	52118
▁rampant	52119
victim	52120
▁COOPERATION	52121
▁Dinner	52122
▁Stevens	52123
▁amicabl	52124
▁lemon	52125
▁litre	52126
▁tastes	52127
ICAL	52128
KY	52129
MINURSO	52130
▁Hector	52131
▁Included	52132
▁chastisement	52133
▁navy	52134
▁silk	52135
▁steak	52136
岭	52137
izi	52138
jay	52139
▁SECOND	52140
▁Turkmen	52141
▁hijacking	52142
▁18-22	52143
▁Appreciate	52144
▁Concert	52145
▁Mercy	52146
▁Parking	52147
▁Wan	52148
▁hmm	52149
▁subversive	52150
硅	52151
Nicaragua	52152
Shi	52153
adjusted	52154
▁Spread	52155
▁autopsy	52156
▁bombers	52157
▁grieve	52158
▁lender	52159
▁rumors	52160
橘	52161
/220	52162
importing	52163
▁3,500	52164
▁Turner	52165
▁bent	52166
▁misrepresent	52167
▁stain	52168
▁sucker	52169
▁1502	52170
▁Dong	52171
▁Reliable	52172
▁hierarchical	52173
▁showcase	52174
懦	52175
NR	52176
Then	52177
▁$200,000	52178
▁culminating	52179
▁ecotourism	52180
▁insulting	52181
▁stretched	52182
▁transcript	52183
Management	52184
▁Bau	52185
▁Marrakesh	52186
▁Traveller	52187
▁kilometers	52188
	52189
Schilling	52190
Social	52191
aunt	52192
▁MFN	52193
▁gray	52194
▁thunder	52195
憤	52196
FRA	52197
alpha	52198
bay	52199
▁3.15	52200
▁Column	52201
▁Manage	52202
▁SEEA	52203
▁finishing	52204
▁insisting	52205
▁noncompliance	52206
▁runway	52207
兢	52208
涕	52209
nier	52210
▁Continuous	52211
▁Hoo	52212
▁charities	52213
▁lousy	52214
▁reallocation	52215
▁unhealthy	52216
errestrial	52217
ffy	52218
▁dependant	52219
▁liquor	52220
▁repress	52221
ennial	52222
▁Baron	52223
▁Functioning	52224
▁aggrieved	52225
▁corresponded	52226
▁observatory	52227
▁spotted	52228
▁taboo	52229
▁upside	52230
禦	52231
Of	52232
denominated	52233
▁Pam	52234
▁detaining	52235
▁lightning	52236
▁shameful	52237
emptive	52238
endi	52239
▁52/4	52240
▁Editorial	52241
▁Folder	52242
▁PRRA	52243
/64/4	52244
hank	52245
▁1546	52246
▁281	52247
豐	52248
cult	52249
rne	52250
▁Alert	52251
▁DISCRIMINATION	52252
▁Pray	52253
▁Rid	52254
▁TRAIN	52255
▁daylight	52256
▁directorate	52257
▁envoy	52258
▁fitted	52259
▁stare	52260
/66/6	52261
SOM	52262
UNDG	52263
▁Educat	52264
▁Levi	52265
▁Pax	52266
▁SAW	52267
▁extraditable	52268
▁memo	52269
笷	52270
/65/6	52271
dai	52272
▁5.9	52273
▁Earl	52274
▁HIM	52275
▁Isle	52276
▁ankle	52277
▁cemetery	52278
▁coaching	52279
▁deserving	52280
▁disobey	52281
汪	52282
/1994	52283
NSO	52284
▁Clearance	52285
▁Judah	52286
▁Solid	52287
▁Visiting	52288
▁renumber	52289
▁Corp	52290
▁Heights	52291
▁dignitaries	52292
▁jewel	52293
▁summon	52294
崭	52295
铲	52296
184	52297
GRULAC	52298
children	52299
evac	52300
▁Annotate	52301
▁COVENANT	52302
▁Kirkuk	52303
▁Petersburg	52304
▁VIC	52305
▁allotment	52306
▁pleaded	52307
▁stakes	52308
冥	52309
飾	52310
▁Mapping	52311
▁Rotary	52312
▁Shim	52313
▁deferral	52314
▁terrified	52315
▁Devil	52316
▁Hanna	52317
帘	52318
煌	52319
FDTL	52320
NV	52321
fashioned	52322
ucci	52323
▁Offensive	52324
▁Person	52325
▁attentive	52326
▁cache	52327
▁chlorinat	52328
▁consignment	52329
▁disguised	52330
▁fascinating	52331
▁retroactive	52332
醬	52333
	52334
/69/3	52335
Really	52336
▁$52	52337
▁Publishing	52338
▁Voting	52339
▁authoritarian	52340
▁concealed	52341
▁knight	52342
▁pleadings	52343
▁polarization	52344
▁remark	52345
▁remunerated	52346
脆	52347
/217	52348
submitted	52349
▁10.5	52350
▁Mustafa	52351
▁Steel	52352
渎	52353
Ministerial	52354
convertible	52355
ethyl	52356
fluorocarbons	52357
▁318	52358
▁80,000	52359
▁Ballistic	52360
▁Condemn	52361
▁Jet	52362
▁Karim	52363
▁Motor	52364
▁Vlad	52365
▁faculties	52366
▁manned	52367
/2000/1	52368
wave	52369
wick	52370
▁10.3	52371
▁Gla	52372
▁Zambian	52373
▁astronaut	52374
▁cliff	52375
▁defenceless	52376
勺	52377
ADA	52378
▁consignments	52379
帖	52380
	52381
cited	52382
uza	52383
▁296	52384
▁Warren	52385
▁uncover	52386
昔	52387
Parental	52388
Washington	52389
africa	52390
▁BBC	52391
▁Chloe	52392
▁Ouch	52393
▁adjudicate	52394
▁potatoes	52395
▁practitioner	52396
hit	52397
▁(2012	52398
▁284	52399
▁8.6	52400
▁Motherfucker	52401
▁Surprise	52402
▁authorised	52403
▁contiguous	52404
▁devotion	52405
嗅	52406
	52407
Mayi	52408
▁Analyst	52409
▁Ariel	52410
▁Divorce	52411
▁Evan	52412
▁UNFF	52413
▁hon	52414
▁underfunded	52415
6,900	52416
▁FM	52417
▁Miranda	52418
▁Negro	52419
▁Ramadan	52420
▁Tibet	52421
▁WOMEN	52422
▁accommodating	52423
▁assimilation	52424
▁superfluous	52425
▁sweeping	52426
▁Allegations	52427
▁Replacement	52428
▁Smile	52429
▁audition	52430
▁laudable	52431
▁merited	52432
▁uprooted	52433
哎	52434
1-603	52435
▁Bloody	52436
▁Hart	52437
▁Majlis	52438
▁abatement	52439
▁rust	52440
▁unsecured	52441
吟	52442
/1997/40	52443
▁(17)	52444
▁Almighty	52445
▁Avoid	52446
▁TED	52447
▁axis	52448
▁encroachment	52449
▁masses	52450
▁myriad	52451
徐	52452
辙	52453
.02.	52454
ICK	52455
aretz	52456
▁$48	52457
▁Barack	52458
▁Vacancy	52459
▁acquittal	52460
/2000/11	52461
/2002/1	52462
7,400	52463
Bahrain	52464
NB	52465
gone	52466
grant	52467
▁Investigator	52468
▁Revolv	52469
▁demons	52470
▁evaluator	52471
▁weep	52472
/2005/4	52473
WIPO	52474
WMO	52475
▁allege	52476
▁madness	52477
▁perish	52478
▁perpetrate	52479
▁relapse	52480
▁Aceh	52481
▁Attack	52482
▁Couple	52483
▁Unto	52484
▁culprit	52485
▁twofold	52486
陳	52487
CAM	52488
▁Crow	52489
▁GSP	52490
▁Lois	52491
▁fantasy	52492
▁sadness	52493
▁unaccounted	52494
APC	52495
etta	52496
▁$1.3	52497
▁Fil	52498
▁Marking	52499
▁enjoin	52500
▁pat	52501
▁wrapped	52502
-2977	52503
172	52504
yle	52505
▁44/25	52506
▁Bouak	52507
▁Linkages	52508
▁Undertaking	52509
▁Wendy	52510
▁equilibrium	52511
▁hedge	52512
▁outpatient	52513
▁photographic	52514
▁switched	52515
extrabudgetary	52516
underexpenditure	52517
ww	52518
▁Breast	52519
▁Folk	52520
▁Writing	52521
▁surpass	52522
▁traumatic	52523
▁volcano	52524
猥	52525
癳	52526
acious	52527
oxi	52528
stick	52529
▁$600	52530
▁Scheduled	52531
▁contagious	52532
▁divisive	52533
▁fox	52534
▁grievance	52535
▁hydrocarbons	52536
▁realistically	52537
搂	52538
▁ABB	52539
▁Foreigners	52540
▁NHRC	52541
▁glorious	52542
▁liaising	52543
赃	52544
UESTION	52545
ancing	52546
▁Abstract	52547
▁dan	52548
▁nickname	52549
▁pale	52550
▁rigorously	52551
▁verses	52552
EO	52553
▁$1.1	52554
▁($11	52555
▁1.0	52556
▁10.4	52557
▁SAARC	52558
▁professionally	52559
▁resemble	52560
▁toxin	52561
▁vitality	52562
onda	52563
▁hyperlink	52564
▁neutralize	52565
▁overwhelmingly	52566
▁unmanned	52567
刃	52568
夭	52569
靶	52570
launch	52571
▁Mack	52572
▁Mumbai	52573
▁Unbelievable	52574
▁haul	52575
▁misinterpret	52576
	52577
.1/64/	52578
blower	52579
▁2000/2	52580
▁Auntie	52581
▁FICSA	52582
▁Nicky	52583
▁Rex	52584
▁Rita	52585
▁battered	52586
▁disincentive	52587
亥	52588
CIT	52589
locked	52590
▁Abdelaziz	52591
▁Wizard	52592
▁uprising	52593
/2002/4	52594
▁ram	52595
韓	52596
Aid	52597
Ended	52598
growth	52599
lang	52600
writer	52601
▁11:00	52602
▁2010-2013	52603
▁316	52604
▁317	52605
▁Lloyd	52606
▁Picture	52607
▁flout	52608
▁spider	52609
▁victimized	52610
瞬	52611
/13/	52612
Space	52613
color	52614
occupied	52615
▁Alaska	52616
▁Blogger	52617
▁Institut	52618
▁Introduce	52619
▁Sacr	52620
▁ascend	52621
▁conscript	52622
▁critics	52623
▁supper	52624
/101	52625
Bundes	52626
▁50/50	52627
▁Eventually	52628
▁Rarotonga	52629
▁activation	52630
▁grind	52631
▁mistress	52632
▁relaxed	52633
攫	52634
although	52635
Ô	52636
▁Anderson	52637
▁Contingency	52638
▁Scholarship	52639
▁drown	52640
▁hydrochlor	52641
▁repent	52642
▁shallow	52643
晰	52644
▁Meg	52645
▁praying	52646
/54/5	52647
Federal	52648
ggie	52649
sheet	52650
▁$1,9	52651
▁864	52652
▁Gau	52653
▁SEP	52654
▁contr	52655
▁roundtable	52656
▁spokesman	52657
噬	52658
揽	52659
democratic	52660
toria	52661
▁Brooklyn	52662
▁Demo	52663
▁insolvent	52664
▁quantum	52665
孵	52666
灼	52667
	52668
/2002/11	52669
drop	52670
hrer	52671
interlocutory	52672
ofluorocarbon	52673
omba	52674
tested	52675
▁$1.4	52676
▁APC	52677
▁Kosovar	52678
▁coerced	52679
▁consented	52680
▁opponent	52681
▁polluted	52682
▁soda	52683
盞	52684
infected	52685
▁Psycho	52686
▁barbaric	52687
朽	52688
臔	52689
韧	52690
鳍	52691
▁Belle	52692
▁Mobility	52693
▁Shot	52694
▁Wildlife	52695
▁confiscate	52696
▁detonated	52697
▁disparate	52698
▁materially	52699
▁necessitates	52700
Institut	52701
▁Informatics	52702
▁alibi	52703
▁cultivate	52704
▁dictator	52705
▁gangster	52706
-2950	52707
EEC	52708
RID	52709
▁Keith	52710
▁Lex	52711
▁Mori	52712
▁UNOTIL	52713
▁unitary	52714
AIR	52715
ORS	52716
RPA	52717
▁Colloquium	52718
▁Diplomacy	52719
▁categorization	52720
▁contextual	52721
▁flush	52722
▁happier	52723
▁lamps	52724
▁passionate	52725
▁protesting	52726
▁pub	52727
灣	52728
multiculturalism	52729
▁Hab	52730
▁Kwa	52731
▁Methodological	52732
▁Player	52733
▁abrupt	52734
▁disaggregation	52735
▁strings	52736
dollar	52737
uinn	52738
▁brass	52739
▁dreadful	52740
▁hut	52741
▁intensively	52742
▁penny	52743
▁revived	52744
▁undo	52745
贖	52746
/2000/10	52747
ege	52748
▁Methyl	52749
▁Protestant	52750
▁chess	52751
▁juris	52752
▁mentality	52753
▁$1,000	52754
▁IOMC	52755
▁Lovely	52756
▁infiltrate	52757
▁puppet	52758
JI	52759
Kazakhstan	52760
ULT	52761
curricular	52762
opy	52763
pecuniary	52764
regulated	52765
▁Restructuring	52766
▁bidder	52767
▁chairmen	52768
▁shepherd	52769
▁wit	52770
/64/5	52771
gawa	52772
▁Vin	52773
▁grandson	52774
▁perennial	52775
▁taxpayers	52776
▁wronged	52777
grid	52778
uta	52779
▁299	52780
▁Hizbollah	52781
▁bracketed	52782
/67/7	52783
centric	52784
▁2758	52785
▁426	52786
▁Furniture	52787
▁Natalie	52788
▁retrieved	52789
/2003/5	52790
Guinea	52791
wish	52792
▁Blu	52793
▁platoon	52794
▁worded	52795
Sabah	52796
ueensland	52797
▁(1)(	52798
▁Relative	52799
▁Ry	52800
▁SAP	52801
▁niece	52802
▁reinstated	52803
▁sticking	52804
羡	52805
Civil	52806
prudential	52807
▁Nasser	52808
▁crust	52809
▁outdoor	52810
▁politicized	52811
驰	52812
Europe	52813
engen	52814
▁Aleppo	52815
▁Craig	52816
▁colonel	52817
▁therapist	52818
bian	52819
big	52820
cream	52821
music	52822
▁Reception	52823
▁alternatively	52824
▁coma	52825
窘	52826
223	52827
graphy	52828
renewable	52829
▁FINANCIAL	52830
▁Mate	52831
▁THEM	52832
▁cognitive	52833
▁filming	52834
▁zombie	52835
偽	52836
紋	52837
wear	52838
▁Flow	52839
▁crushed	52840
▁paradise	52841
▁prestige	52842
/2003/3	52843
▁Across	52844
▁PAROS	52845
▁Wing	52846
▁augmented	52847
▁shove	52848
刹	52849
涛	52850
RIC	52851
ih	52852
▁600,000	52853
▁Consumption	52854
▁Historical	52855
▁Niue	52856
▁Toronto	52857
▁Zaire	52858
▁psych	52859
寂	52860
3.4	52861
CTED	52862
TAIN	52863
scot	52864
those	52865
Μ	52866
▁2007-2009	52867
▁Debate	52868
▁respectfully	52869
Haram	52870
liberal	52871
worthiness	52872
▁1-2	52873
▁Javier	52874
▁Jon	52875
▁abject	52876
▁allotments	52877
▁derogat	52878
▁embezzlement	52879
▁lament	52880
▁utilis	52881
绰	52882
▁Bureaux	52883
▁Microfinance	52884
▁Rebecca	52885
▁disruptive	52886
▁fog	52887
▁shooter	52888
駛	52889
fact	52890
▁293	52891
▁294	52892
▁Nana	52893
▁offending	52894
▁specialize	52895
▁unregistered	52896
.3/64/	52897
/57/387	52898
412	52899
▁370	52900
▁Andreas	52901
▁Proclamation	52902
▁analyzed	52903
▁burdensome	52904
▁grim	52905
▁happily	52906
▁skirt	52907
▁substantiation	52908
▁teen	52909
/1998/3	52910
▁bachelor	52911
▁emperor	52912
▁lamp	52913
▁unavailability	52914
妒	52915
艳	52916
茵	52917
锤	52918
ACK	52919
▁systematize	52920
縱	52921
/2009/3	52922
CSD	52923
GD	52924
ISS	52925
kir	52926
ý	52927
▁Bella	52928
▁IUCN	52929
▁TIME	52930
▁curative	52931
▁inquire	52932
桂	52933
诧	52934
copy	52935
▁2008-2013	52936
▁MAR	52937
▁Seg	52938
▁conscription	52939
▁interconnection	52940
▁sued	52941
蓮	52942
Kuwaiti	52943
electoral	52944
oxide	52945
▁Governorate	52946
▁HTML	52947
▁Lane	52948
▁octa	52949
▁upheaval	52950
躯	52951
▁70,000	52952
▁Emir	52953
▁Emmanuel	52954
▁GUI	52955
▁Provident	52956
▁dash	52957
▁unleash	52958
伎	52959
9,900	52960
migration	52961
▁Cougar	52962
▁Totally	52963
▁offspring	52964
▁opioid	52965
▁structurally	52966
缉	52967
賊	52968
KING	52969
abilities	52970
thical	52971
▁Zen	52972
▁acres	52973
▁acutely	52974
▁cows	52975
▁headway	52976
▁locker	52977
▁strenuous	52978
塘	52979
採	52980
/2000,	52981
STAR	52982
haus	52983
solid	52984
Γ	52985
▁366	52986
▁KM	52987
/2004/5	52988
AIS	52989
elo	52990
▁313	52991
▁Administer	52992
▁Battalion	52993
▁bounce	52994
▁galaxy	52995
▁nitrogen	52996
▁rehearsal	52997
▁stadium	52998
Cooperation	52999
MDG	53000
Rio	53001
TUR	53002
demand	53003
fai	53004
ouf	53005
▁48/141	53006
▁Knesset	53007
▁Luther	53008
▁Mombasa	53009
▁Obligation	53010
▁Pig	53011
▁dessert	53012
▁gracious	53013
▁hydrological	53014
▁overwhelmed	53015
▁shadows	53016
AVE	53017
biotic	53018
▁Reef	53019
▁Servants	53020
▁dope	53021
▁liberated	53022
▁strait	53023
▁transparently	53024
荐	53025
Palestine	53026
endo	53027
lexible	53028
▁Gather	53029
▁flames	53030
夷	53031
ITS	53032
blood	53033
dda	53034
ث	53035
▁Carmen	53036
▁Nate	53037
▁Synthesis	53038
▁burglar	53039
▁doubted	53040
▁pleas	53041
▁sincerity	53042
娼	53043
enne	53044
▁323	53045
▁Candidate	53046
▁Circle	53047
▁Jointly	53048
▁lungs	53049
橋	53050
/67/4	53051
BY	53052
IOC	53053
wh	53054
▁56/25	53055
▁Bryan	53056
▁CONSIDERATION	53057
▁Dai	53058
▁Djamena	53059
▁Knight	53060
▁corrigenda	53061
▁lindane	53062
▁mitigated	53063
傾	53064
stituto	53065
▁7.7	53066
▁Cent	53067
▁Este	53068
▁Shadow	53069
▁Sultanate	53070
▁lads	53071
▁monks	53072
▁revamp	53073
惰	53074
Lo	53075
▁Chance	53076
▁Mile	53077
▁acquainted	53078
▁prospector	53079
▁sulphur	53080
暈	53081
.192/	53082
/60/7/	53083
bury	53084
laise	53085
▁314	53086
▁Condition	53087
▁Hussain	53088
▁ORGANIZATION	53089
▁flirt	53090
▁greetings	53091
▁pacific	53092
▁resisted	53093
alla	53094
ibi	53095
icle	53096
rock	53097
▁Duarte	53098
▁analogy	53099
▁dining	53100
▁manipulated	53101
▁motel	53102
▁raining	53103
卦	53104
滤	53105
.2/54/	53106
/110	53107
▁Diet	53108
▁Pearl	53109
▁Reyes	53110
▁Scientist	53111
▁biota	53112
▁dried	53113
▁knot	53114
▁manually	53115
▁woe	53116
耿	53117
EPA	53118
ovo	53119
tai	53120
▁1203	53121
▁Correctional	53122
▁Liabilities	53123
▁Plastic	53124
▁employability	53125
▁landowners	53126
▁omnibus	53127
▁quantification	53128
詛	53129
闖	53130
.2/2003/	53131
.2/2004/	53132
BR	53133
▁2002-2006	53134
▁Stakeholders	53135
▁cardiovascular	53136
▁charcoal	53137
▁exigencies	53138
▁“6.	53139
揚	53140
evaluate	53141
namo	53142
▁Adrian	53143
▁Benchmark	53144
▁EIT	53145
▁Kenny	53146
▁feast	53147
▁robber	53148
▁sting	53149
/66/4	53150
lick	53151
▁Contribute	53152
▁Password	53153
▁Speech	53154
▁clay	53155
▁mr	53156
▁politician	53157
▁recharge	53158
▁reunion	53159
▁tomb	53160
	53161
/52/1	53162
supporting	53163
▁Determination	53164
▁KNPC	53165
▁Require	53166
▁demise	53167
▁glow	53168
▁inadvertently	53169
▁invalidate	53170
削	53171
INFCIRC	53172
tuned	53173
▁$2,0	53174
▁57/300	53175
▁Empower	53176
▁GONNA	53177
▁allowable	53178
▁embracing	53179
▁falsification	53180
▁grandpa	53181
婶	53182
Albania	53183
▁Khal	53184
▁Mia	53185
▁[16	53186
▁destitute	53187
▁fatigue	53188
▁swore	53189
▁warlords	53190
び	53191
▁$5,000	53192
▁Burma	53193
▁Cancun	53194
▁TNC	53195
▁erase	53196
▁escaping	53197
▁indigent	53198
▁sensation	53199
屌	53200
create	53201
▁Mann	53202
▁Obstacles	53203
▁gunshot	53204
▁narrowed	53205
▁sewerage	53206
▁volunteered	53207
緒	53208
鏈	53209
mainly	53210
scoping	53211
▁Haya	53212
▁Megan	53213
▁NON	53214
▁ambit	53215
▁monument	53216
▁renounced	53217
HY	53218
TRAC	53219
islav	53220
layer	53221
uspicious	53222
▁Baba	53223
▁Difficulties	53224
▁buddies	53225
▁conduit	53226
▁pests	53227
▁pond	53228
扛	53229
/68/7	53230
hh	53231
▁Gram	53232
▁Sis	53233
▁Tsu	53234
▁derail	53235
▁devaluation	53236
▁recompense	53237
▁wrath	53238
memoire	53239
rchival	53240
▁Abduction	53241
▁Dhabi	53242
▁Gru	53243
▁Saving	53244
▁intermittent	53245
▁malnourished	53246
faith	53247
▁Fresh	53248
▁Rez	53249
▁grape	53250
▁justifie	53251
▁tighter	53252
呻	53253
COR	53254
Luxembourg	53255
NED	53256
dale	53257
grown	53258
▁butcher	53259
▁interval	53260
LAT	53261
around	53262
▁Frontier	53263
▁Leslie	53264
▁Sheet	53265
▁Spen	53266
▁pillow	53267
▁reshap	53268
embo	53269
▁1940	53270
▁Bug	53271
▁Pole	53272
▁blur	53273
▁booked	53274
▁dinosaur	53275
貪	53276
CLEAR	53277
destruct	53278
▁Bachelor	53279
▁CALL	53280
▁PROMOTION	53281
▁choke	53282
▁chores	53283
▁exhumation	53284
▁honeymoon	53285
▁naive	53286
▁scorecard	53287
欄	53288
apa	53289
independence	53290
Ž	53291
▁63/250	53292
▁Strict	53293
▁Testing	53294
▁diligently	53295
▁resin	53296
▁seaports	53297
匡	53298
殷	53299
	53300
inistr	53301
loo	53302
uar	53303
▁Arc	53304
▁UNICRI	53305
▁bedrock	53306
▁collusion	53307
▁singular	53308
▁slightest	53309
讳	53310
/105	53311
/2003/9	53312
/235	53313
1-12	53314
BLE	53315
IPCC	53316
LDC	53317
▁disable	53318
▁distrust	53319
▁gratifying	53320
▁meditation	53321
眤	53322
uadrennial	53323
▁Abolish	53324
▁Busan	53325
▁MTR	53326
▁trespass	53327
▁unleashed	53328
葱	53329
/1);	53330
WW	53331
secret	53332
wak	53333
▁imperial	53334
▁localized	53335
▁reasonableness	53336
.2/2001/	53337
292	53338
orbit	53339
▁Mira	53340
▁Restored	53341
▁Revise	53342
▁slander	53343
▁tournament	53344
▁worthless	53345
	53346
owski	53347
а	53348
▁Archbishop	53349
▁Disclosure	53350
▁Download	53351
▁Homs	53352
▁Pennsylvania	53353
▁Ricky	53354
▁Taxation	53355
▁fuss	53356
▁helpline	53357
▁occupants	53358
▁tighten	53359
▁Kitt	53360
▁Kumar	53361
▁Lift	53362
▁chicks	53363
▁culmination	53364
272	53365
illy	53366
manship	53367
▁315	53368
▁AII	53369
▁Dil	53370
▁Hamilton	53371
▁episodes	53372
▁hooker	53373
▁premised	53374
▁stripped	53375
▁unplanned	53376
▁warden	53377
亵	53378
Up	53379
green	53380
qualified	53381
vehicle	53382
▁Match	53383
▁advertisement	53384
▁grandchildren	53385
▁invasive	53386
▁nominees	53387
▁preoccupation	53388
▁scum	53389
BINUCA	53390
response	53391
▁Garcia	53392
▁MC	53393
▁Tea	53394
▁strata	53395
掰	53396
/108	53397
CENT	53398
Rwanda	53399
aligned	53400
▁actuary	53401
▁bodyguard	53402
▁manoeuvres	53403
▁thoughtful	53404
▁($14	53405
▁12.3	53406
▁Caracas	53407
▁Guaran	53408
▁Mili	53409
▁literate	53410
UNAMI	53411
mandated	53412
voir	53413
▁733	53414
▁Yay	53415
▁outrageous	53416
▁rejoice	53417
▁spike	53418
宵	53419
/61/7	53420
nuck	53421
▁324	53422
▁Came	53423
▁SWAps	53424
▁consumables	53425
抨	53426
禱	53427
/53/5	53428
hali	53429
▁Daisy	53430
▁Flag	53431
▁MINURCA	53432
▁Superman	53433
▁affront	53434
▁inferred	53435
▁offend	53436
▁salvation	53437
▁sui	53438
▁uptake	53439
瑕	53440
積	53441
/236	53442
ego	53443
territorial	53444
▁Mick	53445
▁Nikola	53446
▁activism	53447
▁decentraliz	53448
▁egregious	53449
▁magnificent	53450
▁malfunction	53451
杉	53452
STI	53453
ahi	53454
▁650	53455
▁Cheng	53456
▁Einstein	53457
▁aluminium	53458
▁cocktail	53459
▁dispos	53460
▁emotion	53461
▁encryption	53462
▁switching	53463
▁traumatized	53464
眷	53465
IGAD	53466
quiring	53467
tatutory	53468
▁1500	53469
▁Pool	53470
▁bicycle	53471
▁dolphin	53472
▁opiate	53473
▁shotgun	53474
▁unfulfilled	53475
▁weakest	53476
	53477
articipatory	53478
constitution	53479
current	53480
ddle	53481
easy	53482
smart	53483
▁FRAMEWORK	53484
▁Hebrew	53485
▁Mselle	53486
▁Oxfam	53487
▁Unification	53488
▁denote	53489
▁essay	53490
▁proponents	53491
▁sixteen	53492
Rule	53493
educated	53494
nutrition	53495
▁Complaint	53496
▁Endanger	53497
▁Filter	53498
▁Gao	53499
▁Steiner	53500
▁Tank	53501
▁cartridge	53502
▁clarifie	53503
▁grievous	53504
窾	53505
undi	53506
▁Ashley	53507
▁Harper	53508
▁arbitrariness	53509
▁nano	53510
瞻	53511
/2000/9	53512
DPI	53513
super	53514
▁BACK	53515
▁Diana	53516
▁Meta	53517
▁Presiding	53518
▁Salary	53519
▁Valid	53520
▁bulldozer	53521
▁greed	53522
▁sailor	53523
矛	53524
/2003/4	53525
204	53526
▁(2000-200	53527
▁FIRST	53528
▁Formed	53529
▁Mummy	53530
▁Potter	53531
▁fascicle	53532
▁miscarriage	53533
▁spelling	53534
▁wagon	53535
VEN	53536
entered	53537
existence	53538
▁Contributing	53539
▁PentaBDE	53540
▁negate	53541
▁radius	53542
▁stigmatize	53543
廓	53544
掐	53545
铐	53546
馅	53547
驭	53548
IED	53549
Sighs	53550
bee	53551
eel	53552
negotiable	53553
oosa	53554
▁$56	53555
▁Koufa	53556
▁Wallace	53557
▁blogging	53558
▁founders	53559
▁haunt	53560
▁importer	53561
▁lovers	53562
▁reliably	53563
捏	53564
敖	53565
頌	53566
OctaBDE	53567
THIRD	53568
hearted	53569
migrant	53570
uil	53571
▁BAN	53572
▁Lecturer	53573
▁TFG	53574
▁plum	53575
▁virtuous	53576
纤	53577
辟	53578
kol	53579
ondo	53580
▁Carlo	53581
▁Firm	53582
▁Valuation	53583
凸	53584
DAN	53585
dust	53586
▁Casey	53587
▁Nur	53588
▁Proceed	53589
▁Sanders	53590
▁Vik	53591
▁articulating	53592
▁pepper	53593
▁quicker	53594
▁signify	53595
呦	53596
/2008/5	53597
DEM	53598
Ga	53599
expert	53600
▁ElBaradei	53601
▁implant	53602
蝗	53603
/1996/15	53604
IMIS	53605
ente	53606
iano	53607
▁Actuaries	53608
▁Jac	53609
▁methane	53610
▁mourn	53611
▁remoteness	53612
phobia	53613
▁Islander	53614
▁Islanders	53615
▁Wah	53616
▁classical	53617
▁perpetuated	53618
▁predominate	53619
▁retaliat	53620
▁surprisingly	53621
▁teaches	53622
▁vivid	53623
/2000/7	53624
consul	53625
letter	53626
▁Erbil	53627
▁Glen	53628
▁antenna	53629
▁retribution	53630
▁vet	53631
壕	53632
Sure	53633
▁2016-2017	53634
▁INTO	53635
▁moderation	53636
/115	53637
Liechtenstein	53638
dhi	53639
▁$57	53640
▁Robbie	53641
▁aforesaid	53642
▁barn	53643
▁cyclones	53644
▁lazy	53645
▁renovated	53646
▁shred	53647
孝	53648
滔	53649
▁Freshwater	53650
▁arse	53651
▁laughed	53652
▁offended	53653
▁takeover	53654
暇	53655
/1999/7	53656
▁63/3	53657
▁Alleviation	53658
▁fridge	53659
▁meter	53660
▁portrayal	53661
▁shrine	53662
▁whiskey	53663
眶	53664
supply	53665
▁Lobby	53666
▁MAY	53667
▁RMUs	53668
▁Rap	53669
▁Remarks	53670
▁Sell	53671
▁Sweetie	53672
▁Watercourses	53673
▁bleak	53674
▁indifference	53675
▁indulge	53676
▁latrine	53677
▁misused	53678
▁pouch	53679
庚	53680
	53681
/215	53682
/53/7	53683
ECUTI	53684
▁Saha	53685
▁Shortly	53686
▁Squ	53687
▁plugin	53688
▁tenets	53689
嬰	53690
ETS	53691
riving	53692
tica	53693
▁1860	53694
▁44/1	53695
▁Cai	53696
▁PDR	53697
▁SIAP	53698
▁Soil	53699
▁accidentally	53700
▁adjudicat	53701
▁coke	53702
▁glance	53703
▁humiliated	53704
▁melting	53705
い	53706
壘	53707
沥	53708
肇	53709
ceiving	53710
pool	53711
rgen	53712
umming	53713
▁Outline	53714
▁Termination	53715
▁bankrupt	53716
▁contingencies	53717
▁germ	53718
▁hooked	53719
▁opportune	53720
0.000	53721
HLCM	53722
NAR	53723
Thani	53724
▁55/258	53725
▁DOE	53726
▁Grade	53727
▁Resolv	53728
▁boast	53729
▁clerical	53730
▁trajectory	53731
7.5	53732
ende	53733
thousands	53734
▁Alternate	53735
▁CNDD	53736
▁Enrolment	53737
▁Jeffrey	53738
▁Jong	53739
▁Preferences	53740
▁UPU	53741
▁sympathetic	53742
罵	53743
/2000/6	53744
475	53745
Interpol	53746
Wait	53747
selective	53748
▁Efficient	53749
▁Geneina	53750
▁Gy	53751
▁Moore	53752
▁NEED	53753
▁asteroid	53754
▁plantation	53755
▁regularization	53756
▁usurp	53757
窖	53758
nkle	53759
▁Chlordecone	53760
▁Ulaanbaatar	53761
▁ego	53762
▁($13	53763
▁Comorian	53764
▁Judy	53765
▁Urg	53766
▁disband	53767
咁	53768
003	53769
commission	53770
▁Polynesia	53771
▁congeners	53772
▁consultancies	53773
▁railroad	53774
掙	53775
degree	53776
discriminately	53777
prepared	53778
structuring	53779
▁335	53780
▁Hani	53781
▁Kane	53782
▁impulse	53783
▁respite	53784
▁sequential	53785
蟼	53786
/118	53787
9,100	53788
Namibia	53789
mount	53790
named	53791
▁1,300	53792
▁climbing	53793
▁fashioning	53794
▁lone	53795
▁nerves	53796
▁trawl	53797
攔	53798
蕩	53799
/114	53800
elestial	53801
▁Extensive	53802
▁Janet	53803
▁excavation	53804
▁guarded	53805
piece	53806
rotracted	53807
▁$1.8	53808
▁13,000	53809
▁Democr	53810
▁Pie	53811
▁allegiance	53812
▁ensued	53813
▁indecent	53814
▁repairing	53815
▁vigour	53816
▁wax	53817
掺	53818
clearance	53819
morph	53820
▁$54	53821
▁Cindy	53822
▁Completed	53823
▁Decide	53824
▁Nonsense	53825
▁Ordinary	53826
▁Petro	53827
▁Sept	53828
▁gunfire	53829
▁locus	53830
▁realised	53831
簍	53832
隸	53833
Abdallah	53834
FN	53835
LEG	53836
MERCOSUR	53837
workers	53838
α	53839
▁Hail	53840
▁Hunte	53841
▁Joinet	53842
▁Monica	53843
▁blink	53844
▁cooked	53845
▁cushion	53846
▁exodus	53847
▁nigga	53848
▁objectors	53849
▁poultry	53850
▁secession	53851
▁yuan	53852
孜	53853
幣	53854
鳄	53855
Issuance	53856
▁COPUOS	53857
▁Duration	53858
▁irrational	53859
006	53860
WB	53861
▁$55	53862
▁1132	53863
▁Islamist	53864
▁Roosevelt	53865
▁Stage	53866
▁firewood	53867
▁ranch	53868
▁spurr	53869
camp	53870
recognition	53871
┦	53872
▁Carriles	53873
▁bandits	53874
▁hypothetical	53875
▁reactive	53876
▁subtract	53877
尧	53878
淮	53879
▁2005-2007	53880
▁331	53881
▁Chicken	53882
▁Clause	53883
▁Electrical	53884
▁PCA	53885
▁comprehend	53886
▁delimit	53887
▁deployable	53888
▁diameter	53889
▁shining	53890
▁turkey	53891
慣	53892
BWC	53893
laughter	53894
registered	53895
▁(1989)	53896
▁Aerospace	53897
▁Affirmative	53898
▁CHILD	53899
▁DECISION	53900
▁Explore	53901
▁Shannon	53902
▁bona	53903
▁denominator	53904
▁shortened	53905
Hg	53906
representative	53907
┏	53908
▁Afternoon	53909
▁SSR	53910
cake	53911
debt	53912
lord	53913
▁415	53914
▁envy	53915
▁maxim	53916
▁shh	53917
▁slack	53918
▁tennis	53919
ALLY	53920
arbitr	53921
give	53922
zhou	53923
▁Perform	53924
▁Sammy	53925
▁Skopje	53926
▁Soldiers	53927
▁compress	53928
▁guarding	53929
UNMEE	53930
easing	53931
▁336	53932
▁overshadow	53933
▁prohibitive	53934
▁resettled	53935
▁truce	53936
敞	53937
-10/15	53938
agged	53939
▁2001-2005	53940
▁Deliberations	53941
▁Elected	53942
▁Inventories	53943
▁Jiang	53944
▁Learn	53945
▁captivity	53946
▁idle	53947
▁incineration	53948
▁maize	53949
▁monarch	53950
▁sanctuary	53951
寓	53952
烘	53953
icia	53954
lived	53955
▁351	53956
▁Friend	53957
▁Skip	53958
▁Toolbar	53959
▁despise	53960
▁ethno	53961
礦	53962
紇	53963
舵	53964
powered	53965
▁7.8	53966
▁GPA	53967
▁Sixteen	53968
▁aspirin	53969
▁discrete	53970
▁horrendous	53971
彎	53972
Support	53973
∕	53974
▁Entrepreneur	53975
▁Fourteen	53976
▁Organise	53977
▁Renew	53978
▁strangle	53979
	53980
gressive	53981
▁Cleaner	53982
▁Eliminat	53983
▁Killing	53984
▁mice	53985
▁secretarial	53986
▁undiminished	53987
癫	53988
譽	53989
/68/5	53990
▁329	53991
▁RTAs	53992
▁overseen	53993
▁shattered	53994
翘	53995
activate	53996
berries	53997
mmunodeficiency	53998
▁$20,000	53999
▁Abi	54000
▁LET	54001
▁cursor	54002
▁wig	54003
睼	54004
窑	54005
鋼	54006
/119	54007
Recognizing	54008
▁$53	54009
▁Alone	54010
▁ERM	54011
▁Fee	54012
▁Machinery	54013
▁Signatories	54014
▁Tong	54015
▁beforehand	54016
▁bon	54017
▁puppy	54018
▁smugglers	54019
▁socks	54020
▁unevenly	54021
谬	54022
CDM	54023
denuclearization	54024
▁321	54025
▁428	54026
▁Boom	54027
▁Decent	54028
▁Hunter	54029
▁UNECE	54030
▁congregation	54031
▁diary	54032
▁enlightened	54033
▁glue	54034
▁wartime	54035
	54036
Joint	54037
population	54038
▁$1.6	54039
▁42/1	54040
▁49/233	54041
▁Closer	54042
▁Eliasson	54043
▁Metropolitan	54044
▁feather	54045
▁jar	54046
▁loopholes	54047
▁substituted	54048
ぇ	54049
秸	54050
阑	54051
ض	54052
▁333	54053
▁Baseline	54054
▁Luka	54055
▁WILL	54056
▁modernized	54057
赘	54058
.2/2000/	54059
52/38	54060
mediated	54061
ử	54062
▁GOING	54063
▁Imperial	54064
▁Messrs	54065
▁Normally	54066
▁Sadly	54067
▁Suspension	54068
▁meagre	54069
蚂	54070
蹦	54071
/2012	54072
uddle	54073
▁($15	54074
▁1888	54075
▁337	54076
▁Ronald	54077
▁wholeheartedly	54078
雲	54079
	54080
Western	54081
▁Heather	54082
▁commemorating	54083
▁crab	54084
▁dip	54085
▁uploaded	54086
嘎	54087
曆	54088
society	54089
Ş	54090
▁Battle	54091
▁Guillaume	54092
▁Rivas	54093
▁dryland	54094
▁photography	54095
▁recur	54096
▁regretting	54097
斤	54098
Eritrea	54099
Gender	54100
These	54101
insert	54102
uto	54103
▁963-7	54104
▁Bonnie	54105
▁Commit	54106
▁abandoning	54107
▁appreciative	54108
▁banditry	54109
▁commandment	54110
▁nutritious	54111
▁oneself	54112
肤	54113
較	54114
骤	54115
ILA	54116
▁Bangladeshi	54117
▁DOS	54118
▁Explain	54119
▁Pornography	54120
▁hydroelectric	54121
娥	54122
assignment	54123
fertilization	54124
invasion	54125
▁Chef	54126
▁ERAs	54127
▁Powell	54128
▁coffin	54129
▁selectively	54130
▁specimen	54131
▁subsidize	54132
	54133
/2002/6	54134
FTC	54135
Muhammad	54136
eferred	54137
function	54138
▁Spokesman	54139
▁Suddenly	54140
▁forgiven	54141
▁ozonedepleting	54142
▁predetermined	54143
▁restated	54144
▁syllabus	54145
	54146
	54147
.4/61/	54148
TES	54149
Working	54150
▁$75	54151
▁56/253	54152
▁Khalifa	54153
▁Superintendent	54154
▁Terminal	54155
▁constellation	54156
▁furnishing	54157
▁sexist	54158
擠	54159
鑽	54160
/249	54161
▁Morales	54162
▁Nazar	54163
▁Titan	54164
▁blonde	54165
▁discontinu	54166
▁interplay	54167
▁nuances	54168
▁pelagic	54169
	54170
00).	54171
conferencing	54172
organisms	54173
▁Encouraged	54174
羔	54175
觅	54176
afari	54177
ucker	54178
▁327	54179
▁Chat	54180
▁Cry	54181
▁Granny	54182
▁Hopefully	54183
▁Suit	54184
▁molecule	54185
▁recount	54186
▁refrigerant	54187
▁remedied	54188
▁slim	54189
盎	54190
.2000/	54191
Horta	54192
prefect	54193
▁$2,1	54194
▁Booth	54195
▁Distr	54196
▁harmless	54197
▁jewellery	54198
▁oppressive	54199
▁pod	54200
襯	54201
赵	54202
chain	54203
curit	54204
shift	54205
white	54206
▁Believ	54207
▁Range	54208
▁Recommend	54209
▁WOULD	54210
▁scant	54211
齒	54212
Zambia	54213
harvest	54214
▁Goodnight	54215
▁Unified	54216
	54217
.254/	54218
clearing	54219
fuck	54220
homme	54221
▁Gendarmerie	54222
▁wag	54223
捧	54224
栓	54225
biological	54226
racial	54227
▁328	54228
▁Florrick	54229
▁Nagasaki	54230
▁alimony	54231
▁falsehood	54232
▁invad	54233
▁paradox	54234
▁sewer	54235
▁tentatively	54236
IZATION	54237
ovsky	54238
▁Braille	54239
▁Lip	54240
▁Madison	54241
▁Nomination	54242
▁Visitors	54243
▁Wheel	54244
▁shareholder	54245
Georgia	54246
Head	54247
▁1596	54248
▁PERMANENT	54249
▁Taka	54250
▁diffuse	54251
▁groundless	54252
▁vengeance	54253
ㄈ	54254
UNCCD	54255
compensating	54256
▁Gone	54257
▁Hama	54258
▁Yuki	54259
▁inadequacies	54260
▁interacting	54261
▁labelled	54262
▁oppressed	54263
▁troika	54264
cyclo	54265
▁$2,3	54266
▁AALCO	54267
▁Cognizant	54268
▁Elderly	54269
▁Notably	54270
▁dismantlement	54271
▁fabulous	54272
▁manageable	54273
▁refute	54274
▁siblings	54275
▁sympathize	54276
▁unacceptably	54277
醜	54278
	54279
ipping	54280
▁371	54281
▁GUUAM	54282
▁Moussa	54283
▁abetting	54284
▁acidification	54285
▁booze	54286
▁isomers	54287
▁reformulated	54288
▁rhythm	54289
▁skinny	54290
▁stir	54291
傀	54292
濟	54293
蠀	54294
/113	54295
CONA	54296
normal	54297
ỗ	54298
▁Akram	54299
▁Consulate	54300
▁Inspira	54301
▁assailant	54302
▁negligent	54303
徊	54304
406	54305
┣	54306
▁Arizona	54307
▁LIST	54308
▁distracted	54309
▁waitress	54310
妨	54311
沛	54312
	54313
Haiti	54314
WN	54315
encia	54316
ъ	54317
▁Abortion	54318
▁Carla	54319
▁Juliet	54320
▁Kumalo	54321
▁Tech	54322
▁UNCAC	54323
▁beep	54324
▁intertwined	54325
▁refrigerator	54326
腞	54327
Work	54328
▁7.9	54329
▁apprentice	54330
▁renunciation	54331
呗	54332
often	54333
tabular	54334
▁8:00	54335
▁Contain	54336
▁Olive	54337
▁Oz	54338
▁explorat	54339
▁immortal	54340
▁perfluorooctane	54341
▁revelation	54342
▁thwart	54343
▁vocal	54344
拌	54345
swept	54346
▁322	54347
▁Hiro	54348
▁Lyon	54349
▁Whil	54350
▁grandparents	54351
▁naughty	54352
▁qualifie	54353
▁replica	54354
尬	54355
	54356
crement	54357
unitar	54358
▁51/241	54359
▁BUDGET	54360
▁Gosh	54361
▁Sweetheart	54362
▁blogosphere	54363
▁detectors	54364
▁discriminating	54365
▁lust	54366
▁returnee	54367
▁subcontractors	54368
▁wolves	54369
タ	54370
壶	54371
CTC	54372
Wi	54373
▁Destroy	54374
▁Tie	54375
▁encroach	54376
▁instructor	54377
▁persevere	54378
▁ruthless	54379
▁warmest	54380
▁wooden	54381
沈	54382
reported	54383
targeted	54384
▁345	54385
▁349	54386
▁Evil	54387
▁basketball	54388
▁disciplined	54389
▁rumor	54390
沮	54391
煞	54392
.6/59/	54393
cooperation	54394
district	54395
timate	54396
▁Barak	54397
▁Brody	54398
▁Connection	54399
▁Namibian	54400
▁Tutsi	54401
▁bundle	54402
▁knowledgeable	54403
▁repaid	54404
▁swamp	54405
▁valve	54406
狹	54407
enburg	54408
resistant	54409
uestionnaire	54410
▁Atmospheric	54411
▁Kobe	54412
▁Landmine	54413
▁Rashid	54414
▁blunt	54415
▁brutally	54416
▁cynical	54417
▁searchlight	54418
訝	54419
/69/1	54420
TB	54421
eyed	54422
neck	54423
▁10.05	54424
▁Learned	54425
▁Modernization	54426
▁Resilience	54427
▁Workplace	54428
▁flexibly	54429
.109/2002/	54430
Land	54431
ifiable	54432
wei	54433
▁377	54434
▁Dee	54435
▁Jade	54436
▁circumcision	54437
▁intimidated	54438
▁medic	54439
▁perpetuating	54440
	54441
Cyprus	54442
▁1996-2005	54443
▁Machine	54444
▁Ricardo	54445
▁bomber	54446
▁caretaker	54447
▁flexibilities	54448
▁righteousness	54449
▁verge	54450
▁willingly	54451
哗	54452
蹄	54453
874	54454
▁Kiev	54455
▁SRAP	54456
▁psychic	54457
capital	54458
▁Hashemi	54459
▁NCDs	54460
▁Sherman	54461
▁cured	54462
▁financiers	54463
▁manipulate	54464
▁sailing	54465
▁spann	54466
閱	54467
raise	54468
▁343	54469
▁Caspian	54470
▁Circuit	54471
▁Hanoun	54472
▁Macedonian	54473
▁Parallel	54474
▁Valentine	54475
喫	54476
戊	54477
飞离	54478
020	54479
humid	54480
▁Koh	54481
▁Koroma	54482
▁Watson	54483
▁Zugdidi	54484
▁advisor	54485
▁asymmetries	54486
▁discarded	54487
▁erected	54488
▁francophone	54489
▁homosexuality	54490
▁rewarding	54491
.96/9	54492
/1998/2	54493
/203	54494
/241	54495
IDPs	54496
ė	54497
▁2011-2012	54498
▁corollary	54499
▁cyclone	54500
▁disclosing	54501
▁runner	54502
吱	54503
疵	54504
茉	54505
rba	54506
shared	54507
▁1200	54508
▁1441	54509
▁347	54510
▁CHAP	54511
▁Curriculum	54512
▁ECHR	54513
▁Redesign	54514
▁Reject	54515
▁Sherlock	54516
▁Viktor	54517
▁capitalism	54518
▁contaminant	54519
▁deserted	54520
徘	54521
眎	54522
ciones	54523
dmittedly	54524
veloppement	54525
zawa	54526
▁374	54527
▁Punjab	54528
▁Sonny	54529
▁vacated	54530
	54531
ADB	54532
Mauritius	54533
performing	54534
▁AGAINST	54535
▁Salam	54536
▁Vaccine	54537
▁exportation	54538
▁hap	54539
喲	54540
azza	54541
department	54542
generated	54543
▁3:00	54544
▁Basically	54545
▁Exposure	54546
▁Paula	54547
▁REPRESENTATIVE	54548
▁Valle	54549
▁forceful	54550
▁premier	54551
嗓	54552
Gardner	54553
ILI	54554
akov	54555
chlorobenzene	54556
internal	54557
▁$2,2	54558
▁Champ	54559
▁Somewhere	54560
▁notebook	54561
衍	54562
	54563
/2004/9	54564
Fe	54565
because	54566
ủ	54567
▁$1.7	54568
▁1.15-2.	54569
▁Needles	54570
▁Spare	54571
▁Underscore	54572
▁disappoint	54573
▁obesity	54574
▁reclassify	54575
坟	54576
孀	54577
either	54578
goal	54579
▁EMPRETEC	54580
▁Installation	54581
▁dissolve	54582
▁leaflet	54583
▁perpetuation	54584
鞠	54585
cz	54586
sponsoring	54587
threatening	54588
▁FARC	54589
▁ICRMW	54590
▁Pablo	54591
▁Steady	54592
1-1	54593
hchr	54594
omplementary	54595
▁1-5	54596
▁4.10	54597
▁Malm	54598
▁Reading	54599
▁Sick	54600
▁Style	54601
▁Vince	54602
▁[17	54603
▁adore	54604
▁altar	54605
▁delineate	54606
▁mandat	54607
▁mourning	54608
▁parenthood	54609
▁rescheduling	54610
玒	54611
/2003/10	54612
UNTAET	54613
▁$58	54614
▁Indicative	54615
▁Palmer	54616
▁Tunb	54617
▁[20	54618
▁baseless	54619
▁jeff	54620
▁salvage	54621
/62/8	54622
engineered	54623
Ö	54624
▁Conakry	54625
▁amenities	54626
▁popularity	54627
▁prophets	54628
▁warehousing	54629
膚	54630
/68/4	54631
CBD	54632
PRI	54633
▁Lili	54634
▁dairy	54635
拙	54636
瞪	54637
177	54638
ethanol	54639
forced	54640
▁Digest	54641
▁Duncan	54642
▁GATT	54643
▁Paras	54644
▁Sandra	54645
▁algorithm	54646
▁buck	54647
▁hourly	54648
▁preview	54649
▁weighing	54650
1/2002	54651
balance	54652
rno	54653
▁Alain	54654
▁Hostilities	54655
▁Importance	54656
▁enriching	54657
100,000	54658
shvili	54659
▁Delimitation	54660
▁Helms	54661
▁UNON	54662
▁compulsion	54663
▁videotape	54664
▁whack	54665
挚	54666
谭	54667
.2/2002/	54668
Bosnia	54669
▁COE	54670
▁Horse	54671
▁Mean	54672
▁Serena	54673
▁Vendor	54674
▁blah	54675
▁pearl	54676
疽	54677
hul	54678
knowledge	54679
▁Competitiveness	54680
▁Dushanbe	54681
▁Monegasque	54682
▁accountant	54683
▁brethren	54684
▁mushroom	54685
▁rebuilt	54686
▁sophistication	54687
GNI	54688
Group	54689
RAF	54690
▁$59	54691
▁348	54692
▁CSD	54693
▁DID	54694
▁Masa	54695
▁Scan	54696
▁frustrate	54697
▁linear	54698
▁mixing	54699
▁originator	54700
▁prayed	54701
DTIE	54702
Guyana	54703
lateral	54704
▁Eyes	54705
▁GV	54706
▁Modification	54707
▁Venice	54708
▁carers	54709
▁detonation	54710
▁ferry	54711
▁ironic	54712
▁partisan	54713
Operation	54714
▁Aviv	54715
▁Geography	54716
▁JUSCANZ	54717
▁Removal	54718
▁SYSTEM	54719
▁Template	54720
▁Zack	54721
▁oven	54722
▁seduce	54723
▁sensitivities	54724
籽	54725
LVIII	54726
aircraft	54727
retroviral	54728
ridden	54729
▁Leaving	54730
▁SDM	54731
▁Stockpile	54732
▁complicat	54733
▁framing	54734
▁inspectorate	54735
▁ventilation	54736
拇	54737
/1999/9	54738
PRC	54739
Private	54740
duty	54741
▁2100	54742
▁Alcohol	54743
▁Khalid	54744
▁UNSC	54745
▁delusion	54746
▁endeavor	54747
▁jewelry	54748
▁pointless	54749
謬	54750
Iran	54751
▁11,000	54752
▁Baidoa	54753
▁Halt	54754
▁Hostages	54755
▁Reverend	54756
▁acquaintance	54757
▁polluter	54758
Beijing	54759
Number	54760
▁$800	54761
▁341	54762
▁Licensing	54763
▁Yoshi	54764
▁adorable	54765
▁decay	54766
▁quarrel	54767
▁reintegrated	54768
▁remarkably	54769
Zimbabwe	54770
return	54771
ullah	54772
▁Thab	54773
▁tightened	54774
涼	54775
Lebanese	54776
sustainable	54777
▁Hyun	54778
▁Jonas	54779
▁nil	54780
▁portrait	54781
▁tactic	54782
▁womb	54783
197	54784
conditioning	54785
▁375	54786
▁Bhutanese	54787
▁Ronnie	54788
▁SEN	54789
▁YEARS	54790
▁leveraged	54791
▁recuperation	54792
瓊	54793
EMBER	54794
GOVERNMENTAL	54795
GWP	54796
Harmful	54797
electronic	54798
emphasis	54799
nvestigative	54800
young	54801
▁60/5	54802
▁Assuming	54803
▁Gul	54804
▁Kazakh	54805
▁PLAN	54806
▁SHA	54807
▁Singaporean	54808
▁Tay	54809
▁intrusive	54810
▁mop	54811
▁trait	54812
▁unfunded	54813
▁watches	54814
adjustment	54815
complete	54816
ecker	54817
hine	54818
▁Chun	54819
▁Preservation	54820
▁Tae	54821
▁Visa	54822
▁disconnect	54823
▁genome	54824
▁sniff	54825
牽	54826
186	54827
Botswana	54828
ẹ	54829
▁$65	54830
▁Aral	54831
▁Bailey	54832
▁OAI	54833
▁Orientale	54834
▁TREAT	54835
▁arson	54836
▁intimidating	54837
▁nicely	54838
▁spraying	54839
application	54840
dvancing	54841
personal	54842
▁1493	54843
▁369	54844
▁Egeland	54845
▁Undoubtedly	54846
▁Version	54847
▁manuscript	54848
▁perfume	54849
▁supremacy	54850
▁syndicate	54851
167	54852
Congo	54853
Indigenous	54854
NIC	54855
▁Abdulaziz	54856
▁Gloria	54857
▁Rabi	54858
▁Soro	54859
▁Wassena	54860
▁alcoholic	54861
▁dossier	54862
▁peanut	54863
▁sensor	54864
楷	54865
mobile	54866
▁1239	54867
▁GHS	54868
▁Latest	54869
▁Proper	54870
▁Shariah	54871
▁Storm	54872
▁dull	54873
▁excitement	54874
▁foe	54875
▁metaphor	54876
▁misstatement	54877
▁ombudsperson	54878
▁renowned	54879
▁twisted	54880
▁1944	54881
▁48/134	54882
▁Agree	54883
▁Crist	54884
▁Fuckin	54885
▁Samoan	54886
▁Screen	54887
▁brat	54888
▁condone	54889
▁duress	54890
▁logically	54891
▁monopolies	54892
▁reorient	54893
multiparty	54894
▁$2,5	54895
▁Evans	54896
▁Impossible	54897
▁bolt	54898
▁fried	54899
▁frustrating	54900
▁poker	54901
▁probationary	54902
▁transgress	54903
臘	54904
/1999/10	54905
CEO	54906
lung	54907
▁($20	54908
▁Astana	54909
▁Riley	54910
▁Sahrawi	54911
▁UNMAS	54912
▁awfully	54913
▁condoned	54914
▁copied	54915
▁distraction	54916
Chuckles	54917
IFICATION	54918
UNFICYP	54919
osi	54920
rone	54921
rump	54922
▁Conseil	54923
▁Echo	54924
▁LETTER	54925
▁Reich	54926
▁Worship	54927
▁airborne	54928
▁anomalies	54929
▁wilderness	54930
痙	54931
肃	54932
rol	54933
▁9:00	54934
▁Debbie	54935
▁Jihad	54936
▁Mik	54937
▁Seung	54938
▁devour	54939
▁foresight	54940
▁kidnap	54941
▁receptacle	54942
▁sadly	54943
▁slick	54944
▁tapping	54945
trinsically	54946
▁Babe	54947
▁Paolo	54948
▁Shift	54949
▁bothered	54950
▁rulers	54951
.105/9	54952
ationalization	54953
▁Adopting	54954
▁Constant	54955
▁GOD	54956
▁enlarg	54957
▁romance	54958
▁scent	54959
▁spying	54960
札	54961
Policy	54962
signatory	54963
▁Alfred	54964
▁Bangalore	54965
▁Damon	54966
▁Innocent	54967
▁PLENARY	54968
▁Refer	54969
▁UNSMIL	54970
▁absolve	54971
▁experimentation	54972
▁tidings	54973
.9/59	54974
uarterly	54975
want	54976
witch	54977
▁$2,4	54978
▁12:00	54979
▁60/283	54980
▁PARAGRAPH	54981
▁paranoid	54982
▁seq	54983
▁stalking	54984
壇	54985
搁	54986
遂	54987
7)	54988
critic	54989
examined	54990
▁465	54991
▁Booklet	54992
▁Fauna	54993
▁Lund	54994
▁OLA	54995
▁accruing	54996
▁affidavit	54997
▁bloom	54998
▁brink	54999
▁excerpt	55000
▁misconception	55001
▁vandalism	55002
/52/2	55003
FU	55004
Trinidad	55005
UNOMSIL	55006
engage	55007
▁IAPSO	55008
▁Zan	55009
▁monk	55010
▁punishes	55011
▁unusually	55012
Neighbour	55013
clean	55014
▁10-14	55015
▁Authorized	55016
▁canvas	55017
▁screwing	55018
	55019
▁6.9	55020
▁Batman	55021
▁Hip	55022
▁Weissbrodt	55023
▁drowning	55024
▁spotlight	55025
▁surround	55026
▁underprivileged	55027
	55028
edited	55029
repetition	55030
▁Bengal	55031
▁Bribery	55032
▁Clara	55033
▁Collins	55034
▁Debra	55035
▁Lung	55036
▁Optim	55037
▁Wave	55038
皈	55039
ngo	55040
▁Brandon	55041
▁Gerard	55042
▁Homeland	55043
▁Mora	55044
▁Sung	55045
▁familiarity	55046
▁friction	55047
▁hesitation	55048
▁rubbish	55049
葵	55050
Millions	55051
bsence	55052
▁Beau	55053
▁Capacities	55054
▁GBP	55055
▁complacency	55056
▁conserving	55057
▁decoration	55058
▁insects	55059
▁potato	55060
▁probe	55061
▁retarded	55062
啲	55063
栗	55064
羛	55065
OCK	55066
adopted	55067
outstanding	55068
▁15-24	55069
▁Bran	55070
▁EFTA	55071
▁Hazard	55072
▁Higgins	55073
▁JP	55074
▁Respondent	55075
▁Synergies	55076
▁armour	55077
▁canceled	55078
▁dense	55079
吝	55080
腸	55081
UNCITRAL	55082
cHFFFF	55083
facilitators	55084
generational	55085
▁Locate	55086
▁PROTOCOL	55087
▁Patrol	55088
▁Tanzanian	55089
▁enforceability	55090
▁mug	55091
▁polychlor	55092
▁unanimity	55093
灶	55094
DHS	55095
High	55096
Stop	55097
angger	55098
▁Bog	55099
▁SAY	55100
▁Spin	55101
▁Stella	55102
▁cardinal	55103
▁climbed	55104
▁fooled	55105
▁infanticide	55106
▁informatics	55107
▁lessee	55108
▁resentment	55109
2-0	55110
▁3-5	55111
▁Elder	55112
▁Rach	55113
▁Residence	55114
▁Scripture	55115
▁defective	55116
▁mathematical	55117
樱	55118
heart	55119
onia	55120
rier	55121
▁Elias	55122
▁Leading	55123
▁Plain	55124
▁consonan	55125
▁embed	55126
▁feminist	55127
▁raison	55128
▁seaport	55129
▁smack	55130
奠	55131
酝	55132
.1/66/	55133
▁Iike	55134
▁Immunity	55135
▁Paraguayan	55136
▁Running	55137
▁Syndrome	55138
▁guise	55139
▁tumor	55140
▁visually	55141
/61/25	55142
TON	55143
hav	55144
tiered	55145
▁Ramon	55146
▁inconvenience	55147
▁migrated	55148
脈	55149
蠅	55150
iq	55151
provision	55152
▁1920	55153
▁Centro	55154
▁Necessity	55155
▁histories	55156
▁stitch	55157
	55158
214	55159
CHI	55160
From	55161
look	55162
lvarez	55163
▁Camera	55164
▁Corridor	55165
▁Smell	55166
▁commuted	55167
▁gossip	55168
▁installing	55169
▁shortcut	55170
▁unprotected	55171
▁vodka	55172
ERP	55173
linked	55174
▁AFRICA	55175
▁Fir	55176
▁Guant	55177
▁MONUA	55178
▁Paint	55179
▁adduced	55180
▁confuse	55181
▁hydrocarbon	55182
▁motherfuck	55183
▁philanthropic	55184
▁spoon	55185
▁sunshine	55186
▁tenant	55187
	55188
5.3	55189
energize	55190
▁34/180	55191
▁344	55192
▁Computing	55193
▁Coordinate	55194
▁Obasanjo	55195
▁agribusiness	55196
▁caregiving	55197
▁healthier	55198
▁hypocrite	55199
閒	55200
Humanitarian	55201
MANPADS	55202
ROW	55203
fraud	55204
▁Hasan	55205
▁Integrate	55206
▁Lauren	55207
▁Oi	55208
▁Somehow	55209
▁abrogate	55210
▁trainer	55211
灘	55212
SEM	55213
distance	55214
▁Electric	55215
▁Monkey	55216
▁Sud	55217
▁Tristan	55218
▁cylinder	55219
锚	55220
	55221
BEL	55222
dependence	55223
▁Honduran	55224
▁Sharp	55225
▁Traditionally	55226
▁imput	55227
▁pertained	55228
▁scrub	55229
挠	55230
芮	55231
▁2.10	55232
▁Guil	55233
▁Herald	55234
▁ORGANIZATIONS	55235
▁Oo	55236
▁Randy	55237
▁anomaly	55238
▁enshrines	55239
▁knives	55240
▁perseverance	55241
嗣	55242
榨	55243
烙	55244
/2003/7	55245
2/2003	55246
Naqurah	55247
kari	55248
maru	55249
▁57/30	55250
▁Patient	55251
▁dialog	55252
▁disperse	55253
▁gazette	55254
▁marsh	55255
倩	55256
萌	55257
/224	55258
Honduras	55259
KM	55260
lapping	55261
▁instantly	55262
▁opportunistic	55263
▁skilful	55264
▁vanish	55265
購	55266
/212	55267
Assistant	55268
integrated	55269
▁1566	55270
▁57/4	55271
▁Lagos	55272
▁absorpti	55273
▁colonies	55274
▁earnestly	55275
▁liberalized	55276
▁redeem	55277
6/36	55278
ECRI	55279
hwa	55280
short	55281
▁Competen	55282
▁Gain	55283
▁NPA	55284
▁Rising	55285
▁Screening	55286
▁descriptive	55287
▁endogenous	55288
▁resisting	55289
嗽	55290
囤	55291
	55292
handling	55293
▁35,000	55294
▁850	55295
▁Dana	55296
▁Mura	55297
▁REM	55298
▁Slovenian	55299
▁admitting	55300
▁lime	55301
▁nourish	55302
▁violently	55303
螂	55304
Marc	55305
glass	55306
hush	55307
▁Flash	55308
▁Football	55309
▁Penalty	55310
▁Stalin	55311
▁Stro	55312
▁Tub	55313
▁hygienic	55314
▁judicious	55315
TCH	55316
guchi	55317
▁55/15	55318
▁Accommodation	55319
▁academies	55320
▁authorisation	55321
▁doom	55322
▁instigation	55323
▁overstated	55324
accounting	55325
possessory	55326
▁Clarke	55327
▁Denis	55328
▁Estate	55329
▁Examin	55330
▁HEY	55331
▁Zor	55332
▁maimed	55333
▁penguin	55334
噴	55335
/133	55336
Document	55337
justice	55338
▁blaming	55339
▁clone	55340
殃	55341
瀏	55342
Fuck	55343
anticipated	55344
itty	55345
▁CARE	55346
▁Marshal	55347
▁Osman	55348
▁Receiving	55349
▁adoptive	55350
▁perverse	55351
▁scored	55352
侏	55353
胊	55354
膥	55355
钾	55356
Rome	55357
angan	55358
worm	55359
▁47/19	55360
▁520	55361
▁Cameroonian	55362
▁Lindane	55363
▁adaptable	55364
▁fig	55365
▁lunatic	55366
▁peripheral	55367
topic	55368
▁Gimme	55369
▁Rail	55370
▁farther	55371
▁frequencies	55372
▁precipitation	55373
▁reinstate	55374
▁sperm	55375
況	55376
盉	55377
/2002/5	55378
status	55379
▁Charity	55380
▁Dollar	55381
▁Winston	55382
▁qualitatively	55383
▁redraft	55384
▁snatch	55385
蘑	55386
	55387
010	55388
administrative	55389
afa	55390
▁CHF	55391
▁Manitoba	55392
▁Mikey	55393
▁Salaries	55394
▁WHEN	55395
▁beggar	55396
▁brotherhood	55397
▁fiduciary	55398
▁hallway	55399
▁overload	55400
▁plausible	55401
▁spilled	55402
▁wandering	55403
▁warner	55404
疮	55405
767	55406
ADI	55407
EAP	55408
Estonia	55409
Mongolia	55410
heard	55411
▁2625	55412
▁DRAFT	55413
▁Gandhi	55414
▁Mug	55415
▁NAMA	55416
▁besiege	55417
▁chased	55418
▁unfettered	55419
億	55420
璣	55421
INTERPOL	55422
evident	55423
plex	55424
plicate	55425
▁Fei	55426
▁Jules	55427
▁Vancouver	55428
▁scanning	55429
▁sparked	55430
▁temporis	55431
悶	55432
Health	55433
Option	55434
▁DMFAS	55435
▁admiration	55436
▁cigar	55437
▁pencil	55438
Nasser	55439
PES	55440
equipped	55441
secure	55442
▁Excellence	55443
▁Graz	55444
▁Handicap	55445
▁Mong	55446
▁Wolfgang	55447
▁fervent	55448
▁inexpensive	55449
▁jaw	55450
▁swallowed	55451
圃	55452
怯	55453
筽	55454
	55455
/2006/6	55456
great	55457
▁42/211	55458
▁Arnold	55459
▁meteorology	55460
▁raided	55461
▁specialty	55462
▁unanswered	55463
	55464
	55465
/56/9	55466
Albanian	55467
▁2000/01	55468
▁Andrea	55469
▁Defin	55470
▁Disposition	55471
▁MEPC	55472
▁Olivia	55473
▁Stru	55474
▁Troy	55475
▁enshrin	55476
▁omit	55477
▁smuggle	55478
▁subdivision	55479
cash	55480
chai	55481
▁354	55482
▁Alarmed	55483
▁Choice	55484
▁Convert	55485
▁Manny	55486
▁Terminology	55487
▁Transformation	55488
▁improperly	55489
佑	55490
拢	55491
Energy	55492
MOR	55493
cluster	55494
cole	55495
ntitrust	55496
rami	55497
▁($0.	55498
▁Ramsa	55499
懶	55500
188	55501
ASH	55502
objection	55503
signature	55504
▁56/201	55505
▁Historically	55506
▁Indicate	55507
▁Traction	55508
▁signalled	55509
▁terrifying	55510
塵	55511
竿	55512
906	55513
BRA	55514
Day	55515
▁Logan	55516
▁plurality	55517
▁reassert	55518
▁tempted	55519
偵	55520
嚣	55521
,500,000	55522
▁1526	55523
▁2002-2004	55524
▁Segment	55525
▁adjudicated	55526
▁gamma	55527
▁succinct	55528
婉	55529
277	55530
Nuclear	55531
SURE	55532
administered	55533
aggregating	55534
deserved	55535
final	55536
rz	55537
volution	55538
▁720	55539
▁Accelerated	55540
▁Architecture	55541
▁Liar	55542
▁REALLY	55543
▁RECORD	55544
▁REPUBLIC	55545
▁beaches	55546
▁celestial	55547
▁congolais	55548
▁exhibited	55549
▁honourable	55550
▁lucrative	55551
▁prescriptive	55552
HON	55553
▁1998-2000	55554
▁57/19	55555
▁Kak	55556
▁Tracing	55557
▁consign	55558
▁emigrate	55559
▁inflicting	55560
▁symptom	55561
▁wizard	55562
ICTR	55563
Panama	55564
uja	55565
▁Ava	55566
▁Hanoi	55567
▁Holkeri	55568
▁Spect	55569
▁Twin	55570
▁vanished	55571
咩	55572
.2/2005/	55573
▁Baalbek	55574
▁Forgiving	55575
▁append	55576
▁corroborate	55577
▁councillors	55578
.4/6	55579
Give	55580
▁$1.0	55581
▁60/265	55582
▁Dynamic	55583
▁Feb	55584
▁UNHabitat	55585
▁rehabilitative	55586
媳	55587
/209	55588
Criminal	55589
ambo	55590
determined	55591
female	55592
jj	55593
treaty	55594
▁54/19	55595
▁Magic	55596
▁Truck	55597
▁cafe	55598
▁cracked	55599
▁diagnose	55600
▁fluctuation	55601
▁genocid	55602
妃	55603
/2001/4	55604
UNMOGIP	55605
▁2011-2020	55606
▁Lotus	55607
▁Siberia	55608
▁err	55609
▁inflationary	55610
▁painter	55611
gni	55612
smith	55613
tudes	55614
ş	55615
▁2000-2002	55616
▁2008-2010	55617
▁Appoint	55618
▁Emergencies	55619
▁Gin	55620
▁Jalal	55621
▁Lenny	55622
▁roadmap	55623
瓆	55624
INCB	55625
novi	55626
▁APCICT	55627
▁Esca	55628
▁GCOS	55629
▁Hudson	55630
▁associating	55631
▁reviv	55632
絬	55633
hiro	55634
▁14,000	55635
▁Chain	55636
▁Kro	55637
▁MLC	55638
▁aggregation	55639
▁conferr	55640
▁liberalize	55641
▁wisely	55642
嘟	55643
/47/	55644
Star	55645
UNMOVIC	55646
fertility	55647
pong	55648
▁59/276	55649
▁Construct	55650
▁Holland	55651
▁RFMO	55652
▁generis	55653
▁irreplaceable	55654
楠	55655
▁2001-2003	55656
▁Rosen	55657
▁annoy	55658
▁magician	55659
岂	55660
▁($16	55661
▁Filip	55662
▁Kok	55663
▁Kub	55664
▁Mika	55665
▁Naples	55666
▁Occasion	55667
▁SDR	55668
▁Squad	55669
▁advis	55670
▁analyzing	55671
▁centrifuge	55672
▁expansionist	55673
▁fulfillment	55674
▁militarily	55675
▁poisonous	55676
裘	55677
Gabon	55678
Ghazal	55679
ISAF	55680
abli	55681
endra	55682
feld	55683
▁Inflation	55684
▁dispersion	55685
▁impinge	55686
▁proviso	55687
淤	55688
.6/58/	55689
PentaBDE	55690
SwF	55691
gestion	55692
▁Bromide	55693
▁Hutu	55694
▁IPTF	55695
▁harnessed	55696
▁turbulence	55697
吩	55698
/2002/7	55699
/55/9	55700
▁800,000	55701
▁Kitty	55702
▁Michigan	55703
▁Moratorium	55704
▁Pressure	55705
▁precepts	55706
▁substandard	55707
▁tetra	55708
荧	55709
┤	55710
▁$400	55711
▁963-5935	55712
▁Bath	55713
▁Chow	55714
▁Lap	55715
▁Pel	55716
▁RELATED	55717
▁Referral	55718
▁Yamoussoukro	55719
▁exoduses	55720
▁intersect	55721
▁premeditated	55722
匣	55723
菠	55724
鲨	55725
/51/4	55726
bromo	55727
velocity	55728
▁54/244	55729
▁Accountants	55730
▁Fantastic	55731
▁Hydrographic	55732
▁Lone	55733
▁Samantha	55734
▁VHF	55735
▁[[	55736
▁bioaccumulation	55737
▁polish	55738
/2003/6	55739
▁COUNTRIES	55740
▁Reportedly	55741
▁counselor	55742
▁insulted	55743
▁pumping	55744
▁recalculation	55745
▁reclamation	55746
▁sip	55747
彦	55748
癥	55749
/208	55750
ENTH	55751
ncorporation	55752
▁Bahr	55753
▁Explanation	55754
▁Memo	55755
▁fluctuate	55756
▁smashed	55757
▁transpose	55758
▁veterinary	55759
蹭	55760
IPU	55761
Plan	55762
disqualification	55763
▁2997	55764
▁6:00	55765
▁Danielle	55766
▁Geospatial	55767
▁Katherine	55768
▁Mighty	55769
▁Orphan	55770
▁Reinforce	55771
▁Required	55772
▁Stewart	55773
▁Tadi	55774
▁biofuel	55775
▁satisfie	55776
橫	55777
爐	55778
瑜	55779
肅	55780
Antigua	55781
NEC	55782
▁Appraisal	55783
▁Owner	55784
▁Rou	55785
▁annulled	55786
▁appointees	55787
▁correspondent	55788
▁marginally	55789
▁poop	55790
▁redundancy	55791
▁zinc	55792
咄	55793
GNP	55794
vailed	55795
▁420	55796
▁nascent	55797
Dear	55798
make	55799
neh	55800
ummaries	55801
▁Distance	55802
▁Mechani	55803
▁Spatial	55804
▁claw	55805
▁cleanse	55806
▁delinquent	55807
▁greedy	55808
▁martyr	55809
▁outlays	55810
▁skies	55811
▁unjustly	55812
005	55813
Over	55814
flammable	55815
imply	55816
▁55/19	55817
▁[1]	55818
▁chronically	55819
▁controller	55820
▁kiln	55821
▁seamounts	55822
▁vomit	55823
獹	55824
踌	55825
OHR	55826
expenditure	55827
referred	55828
▁Cycle	55829
▁intifada	55830
▁plasma	55831
▁reconfirm	55832
▁redesigned	55833
▁witches	55834
balancing	55835
vention	55836
▁UNSCR	55837
▁debilitat	55838
▁perinatal	55839
艦	55840
	55841
-3420	55842
/2004/8	55843
DDA	55844
▁$250	55845
▁2005-2009	55846
▁Darwin	55847
▁Gusm	55848
▁Kurds	55849
▁WHY	55850
▁hypothesis	55851
▁knocking	55852
撿	55853
櫃	55854
苟	55855
UNFCCC	55856
fighting	55857
▁($17	55858
▁61/237	55859
▁MUS	55860
▁diagram	55861
▁earners	55862
▁fabrication	55863
▁ninetie	55864
▁uniformly	55865
妝	55866
諸	55867
镀	55868
Applicability	55869
BF	55870
evil	55871
river	55872
′	55873
▁Immigrant	55874
▁Trevor	55875
▁YES	55876
▁abhorrent	55877
▁bandwidth	55878
▁impoverishment	55879
▁rendition	55880
▁triangle	55881
窟	55882
籌	55883
艙	55884
Nazism	55885
mandatory	55886
ready	55887
shoot	55888
▁$2,6	55889
▁ADOPT	55890
▁Tak	55891
▁abolitionist	55892
▁cries	55893
▁meteor	55894
▁promulgat	55895
砾	55896
	55897
Measures	55898
▁Hop	55899
▁Writer	55900
▁powerless	55901
冕	55902
kra	55903
▁$51	55904
▁Exceptions	55905
▁Liv	55906
▁Talking	55907
▁Uruguayan	55908
▁cafeteria	55909
▁lawlessness	55910
▁sanctity	55911
▁tapped	55912
鳏	55913
atsu	55914
obe	55915
▁Hook	55916
▁frightening	55917
▁propagate	55918
虞	55919
輯	55920
multi	55921
would	55922
▁45/248	55923
▁Managua	55924
▁Rise	55925
▁pawn	55926
▁propellant	55927
▁simulate	55928
Islam	55929
▁346	55930
▁Campbell	55931
▁Execut	55932
▁WAY	55933
▁alienation	55934
▁decreed	55935
▁spies	55936
嬉	55937
emergency	55938
▁Becky	55939
▁Noble	55940
▁Safer	55941
▁biases	55942
▁deceive	55943
▁enormously	55944
▁relocating	55945
誘	55946
environment	55947
▁Empretec	55948
▁Panamanian	55949
▁Salman	55950
▁backyard	55951
▁increments	55952
▁parish	55953
▁precede	55954
▁sinking	55955
唾	55956
晾	55957
UNIOGBIS	55958
construction	55959
isch	55960
▁Cone	55961
▁Indies	55962
▁Nell	55963
▁arrogance	55964
▁berm	55965
▁bestow	55966
▁booby	55967
▁diligent	55968
▁nurseries	55969
▁realisation	55970
need	55971
▁denominations	55972
▁gran	55973
▁permeate	55974
▁resourcing	55975
dynamic	55976
ookie	55977
ovski	55978
▁Glass	55979
▁Productivity	55980
▁conjuga	55981
▁crypt	55982
▁exalt	55983
▁husbandry	55984
▁particle	55985
▁picnic	55986
▁privatized	55987
▁robe	55988
▁switches	55989
涝	55990
铭	55991
Project	55992
ammar	55993
▁Fuji	55994
▁Porter	55995
▁TECHNOLOG	55996
▁debrief	55997
▁tamper	55998
▁terrorize	55999
冗	56000
築	56001
applicable	56002
quez	56003
▁Blo	56004
▁Droit	56005
▁Jedi	56006
▁Worse	56007
▁cloak	56008
▁distinguishes	56009
▁iodine	56010
碾	56011
陵	56012
MIPONUH	56013
Ur	56014
▁1.1.1	56015
▁Asunci	56016
▁Barnes	56017
▁Buzz	56018
▁Yea	56019
▁cuff	56020
▁dysfunctional	56021
▁exhort	56022
▁stipend	56023
▁vigilante	56024
岔	56025
Fiji	56026
expended	56027
odi	56028
request	56029
ز	56030
▁2-3	56031
▁Alejandro	56032
▁Calvin	56033
▁Harassment	56034
▁dime	56035
▁emulate	56036
▁rogue	56037
肛	56038
/1999/8	56039
/2003/8	56040
practic	56041
▁15-19	56042
▁Barn	56043
▁Ignore	56044
▁Kerim	56045
▁Thanksgiving	56046
▁affiliate	56047
▁bracelet	56048
▁felony	56049
▁ordinarily	56050
▁unfairly	56051
principle	56052
▁(1988)	56053
▁0.01	56054
▁Abdi	56055
▁Alvaro	56056
▁Amber	56057
▁Bless	56058
▁Bright	56059
▁Retirement	56060
▁THEIR	56061
▁Zou	56062
▁capitalization	56063
▁overburden	56064
▁teamwork	56065
▁testament	56066
よ	56067
魄	56068
▁CLAIMS	56069
▁Hate	56070
▁Severe	56071
▁Toby	56072
▁ecology	56073
▁imaging	56074
▁optimization	56075
▁plurilateral	56076
淀	56077
AMB	56078
typical	56079
▁Browse	56080
▁Compendium	56081
▁Feng	56082
▁Naturalization	56083
▁Pierce	56084
▁Satisfaction	56085
▁Travis	56086
▁entrants	56087
▁paternal	56088
▁polluting	56089
▁simplicity	56090
▁textbook	56091
/2002/3	56092
Barbados	56093
Comprehensive	56094
▁Haz	56095
▁Providers	56096
▁Received	56097
▁libel	56098
▁pickup	56099
▁psychologist	56100
▁tripled	56101
凳	56102
瑿	56103
▁700,000	56104
▁Ecstasy	56105
▁Engag	56106
▁Saskatchewan	56107
▁Terre	56108
▁demolish	56109
▁motto	56110
▁rode	56111
▁rushed	56112
糒	56113
Non	56114
▁Liberal	56115
▁Roundtable	56116
▁Tig	56117
▁WHICH	56118
▁Willie	56119
▁championship	56120
.4/62/	56121
/2010/1	56122
Ballistic	56123
URN	56124
Unit	56125
participation	56126
▁Derecho	56127
▁Imprisonment	56128
▁Mamma	56129
▁Zerrougui	56130
▁antique	56131
▁cellar	56132
▁cybersecurity	56133
▁disbelieved	56134
▁dragging	56135
▁lifespan	56136
▁unearmarked	56137
咎	56138
苔	56139
	56140
Colombian	56141
IPM	56142
▁Beer	56143
▁Certified	56144
▁Goodwill	56145
▁Typically	56146
▁adolescence	56147
▁fait	56148
▁observatories	56149
▁stifle	56150
/67/6	56151
DEF	56152
Employment	56153
build	56154
english	56155
fee	56156
lake	56157
▁EFA	56158
▁immensely	56159
▁reconstituted	56160
▁tryin	56161
.109/2000/	56162
/68/6	56163
Out	56164
currence	56165
etary	56166
mainstreaming	56167
▁Engage	56168
▁Foot	56169
▁Moreno	56170
▁Securing	56171
▁Swan	56172
▁commute	56173
▁footsteps	56174
▁grams	56175
London	56176
UEST	56177
▁STATEMENT	56178
▁determinant	56179
▁pinch	56180
▁retrial	56181
	56182
/55/305	56183
IPEC	56184
Mai	56185
PY	56186
designed	56187
unitary	56188
▁DOCUMENT	56189
▁IADC	56190
▁PhD	56191
▁Tskhinvali	56192
▁Visual	56193
▁corroborat	56194
▁reunited	56195
▁victor	56196
▪	56197
販	56198
Deputy	56199
KFOR	56200
Parties	56201
▁Dohuk	56202
▁Ellie	56203
▁HIS	56204
▁Mansour	56205
▁Randall	56206
▁Sik	56207
▁hailed	56208
▁voucher	56209
	56210
Ocampo	56211
Sorry	56212
▁Cham	56213
▁Halloween	56214
▁MEMBER	56215
▁Photograph	56216
▁Zeid	56217
▁calorie	56218
▁debit	56219
▁fitness	56220
▁portrayed	56221
==	56222
▁McDonald	56223
▁Rodriguez	56224
卒	56225
YOU	56226
hirtieth	56227
▁Benny	56228
▁Specifie	56229
▁appendices	56230
▁cordial	56231
▁salmon	56232
▁thorn	56233
厥	56234
娇	56235
/229	56236
UNDOF	56237
ordinator	56238
▁57/7	56239
▁Commemoration	56240
▁Feeling	56241
▁OIA	56242
▁erect	56243
▁micronutrient	56244
蒜	56245
Connor	56246
integration	56247
▁1800	56248
▁Arman	56249
▁Contra	56250
▁Functional	56251
▁Tomas	56252
▁ambiguities	56253
▁insurmountable	56254
▁spreadsheet	56255
络	56256
/53/8	56257
DLR	56258
▁Audrey	56259
▁Pledges	56260
▁Vote	56261
▁Zhu	56262
▁advertise	56263
▁decency	56264
▁fame	56265
common	56266
essential	56267
usually	56268
▁460	56269
▁Smoke	56270
▁Widow	56271
▁herding	56272
丐	56273
誌	56274
.3/54/	56275
▁Attended	56276
▁Survivors	56277
▁Yangon	56278
▁biometric	56279
▁chopper	56280
▁exaggerated	56281
▁revolt	56282
仲	56283
痹	56284
癮	56285
ICESCR	56286
Laughs	56287
▁Pascoe	56288
▁Submit	56289
▁UNDC	56290
▁compassionate	56291
▁deceived	56292
▁interpersonal	56293
刁	56294
焕	56295
犀	56296
ICTY	56297
Port	56298
confidence	56299
▁Analyse	56300
▁Deliver	56301
▁Orleans	56302
▁incursion	56303
▁mattress	56304
▁uproot	56305
憋	56306
拽	56307
Subsequently	56308
external	56309
▁Compar	56310
▁Prosperity	56311
▁Shark	56312
▁circling	56313
▁dispossession	56314
▁extermination	56315
▁flooded	56316
▁ombudsmen	56317
▁rag	56318
▁spinning	56319
傍	56320
昨	56321
ASE	56322
IARY	56323
Know	56324
Nothing	56325
ligible	56326
pillar	56327
propelle	56328
▁1674	56329
▁51/45	56330
▁Oak	56331
▁emotionally	56332
▁migrating	56333
▁thrilled	56334
绒	56335
	56336
.4/58/	56337
itzer	56338
ν	56339
▁Cooperate	56340
▁Graphic	56341
▁isotope	56342
▁racket	56343
▁rebound	56344
▁reorganize	56345
	56346
.109/20	56347
dded	56348
designated	56349
role	56350
▁Coke	56351
▁Newsletter	56352
▁Russ	56353
▁Terra	56354
▁ameliorate	56355
▁applause	56356
▁inefficiencies	56357
/64/7	56358
derived	56359
favoured	56360
▁Fonseca	56361
▁WERE	56362
▁circum	56363
▁uncommon	56364
沧	56365
atif	56366
documented	56367
▁Pocar	56368
▁Sample	56369
▁Settle	56370
▁Shepherd	56371
▁Sufficient	56372
▁amply	56373
▁equities	56374
▁fry	56375
▁staggering	56376
▁transpire	56377
糶	56378
/2010/5	56379
People	56380
myr	56381
▁Herat	56382
▁KOC	56383
▁Shirley	56384
▁Tava	56385
▁prestigious	56386
▁superseded	56387
賦	56388
黯	56389
鼎	56390
.4/60/	56391
▁Aeronautics	56392
▁Dinka	56393
▁Maryland	56394
▁SOS	56395
▁attrition	56396
▁sweater	56397
DGACM	56398
assam	56399
▁358	56400
▁Caleb	56401
▁Meyer	56402
▁Wealth	56403
▁aerosol	56404
▁humiliate	56405
▁potent	56406
▁regression	56407
卤	56408
鲑	56409
Burundi	56410
URI	56411
equivalent	56412
▁Competence	56413
▁Doyle	56414
▁prejudg	56415
▁scam	56416
▁underweight	56417
烩	56418
	56419
.109/2003/	56420
liner	56421
▁376	56422
▁delight	56423
▁superficial	56424
斕	56425
/2001/10	56426
AMISOM	56427
Parliament	56428
▁7:00	56429
▁Truly	56430
▁espionage	56431
▁redrafted	56432
▁zip	56433
劈	56434
FAC	56435
anni	56436
imu	56437
▁Excel	56438
▁Litani	56439
▁Processes	56440
▁Yuan	56441
▁bono	56442
▁dwarf	56443
▁shaken	56444
	56445
Palipehutu	56446
adversarial	56447
nchez	56448
reservation	56449
soft	56450
▁55/7	56451
▁ACCORD	56452
▁Antoine	56453
▁CHAIRMAN	56454
▁Ohio	56455
▁Orange	56456
▁Pastor	56457
▁airstrip	56458
▁categoriz	56459
▁dialect	56460
▁headquartered	56461
▁reintegrat	56462
202	56463
▁Deng	56464
▁Juridical	56465
▁THING	56466
▁analog	56467
▁lottery	56468
▁medicinal	56469
▁paradoxical	56470
▁unravel	56471
丈	56472
鵝	56473
/52/5	56474
destruction	56475
ukh	56476
urry	56477
▁Limit	56478
▁Slavonia	56479
▁amputation	56480
▁breadwinner	56481
▁jinn	56482
/1998/1	56483
å	56484
▁Webcast	56485
▁detachment	56486
▁discreet	56487
▁torrent	56488
锈	56489
INSTRAW	56490
UNMISET	56491
exhaustion	56492
▁52/220	56493
▁ECB	56494
▁Pharmaceutical	56495
▁evolutionary	56496
▁hose	56497
▁morphine	56498
▁spades	56499
▁subsystem	56500
〞	56501
卯	56502
唷	56503
zio	56504
▁2106	56505
▁373	56506
▁CSO	56507
▁Extrajudicial	56508
▁Tracy	56509
▁capitalized	56510
▁crackdown	56511
▁glimpse	56512
▁tray	56513
迄	56514
Fifth	56515
Khalifa	56516
LOG	56517
▁CONCERNING	56518
▁Claudia	56519
▁Drinking	56520
绌	56521
planned	56522
▁Cherif	56523
▁Guillermo	56524
▁Jaw	56525
▁Psychological	56526
▁bonuses	56527
▁hospitalized	56528
▁messaging	56529
▁telegram	56530
咆	56531
痊	56532
graduate	56533
resourced	56534
▁(2004-200	56535
▁(2008);	56536
▁CPLP	56537
▁Initiate	56538
▁Measure	56539
▁Mikhail	56540
▁Neal	56541
▁Zak	56542
▁dislike	56543
▁distressed	56544
▁dresses	56545
▁elegant	56546
▁metaboli	56547
▁reassuring	56548
喺	56549
嗡	56550
Nazi	56551
UNPREDEP	56552
▁Khu	56553
▁Mesaoria	56554
斃	56555
鑰	56556
馑	56557
	56558
.3/53/	56559
.4/59/	56560
default	56561
enchant	56562
▁$700	56563
▁Chong	56564
▁Comit	56565
▁handcuffed	56566
▁parasite	56567
▁robberies	56568
▁thrill	56569
尹	56570
砷	56571
钠	56572
199	56573
EVI	56574
pression	56575
▁2003-2005	56576
▁Anwar	56577
▁Kurt	56578
▁MSA	56579
▁Niko	56580
▁Shake	56581
▁Solemn	56582
▁archived	56583
▁demonstrable	56584
▁grill	56585
▁interrupting	56586
嚟	56587
姻	56588
蜥	56589
,050	56590
TAN	56591
▁Eleanor	56592
▁ISESCO	56593
▁Ombudsmen	56594
▁TECHNIC	56595
▁flank	56596
▁matrices	56597
▁violin	56598
kur	56599
transition	56600
traumatic	56601
▁Brenda	56602
▁Chairmanship	56603
▁Customer	56604
▁Frame	56605
▁Katrina	56606
▁PROCEDURE	56607
▁Spider	56608
▁Windhoek	56609
▁lCERs	56610
▁patronage	56611
▁retract	56612
▁stationery	56613
▁villain	56614
▁witchcraft	56615
UNMOT	56616
relief	56617
▁Cree	56618
▁MEAN	56619
▁Treat	56620
▁retailers	56621
▁tightly	56622
/52/6	56623
FATF	56624
HOR	56625
Naqoura	56626
conscious	56627
▁Patri	56628
▁Patriotic	56629
▁burger	56630
▁manifold	56631
■	56632
▁$72	56633
▁bluff	56634
▁hormone	56635
▁quinquenni	56636
▁sucked	56637
▁trustworthy	56638
惱	56639
惶	56640
謠	56641
/239	56642
Violent	56643
haz	56644
mportantly	56645
▁40/243	56646
▁Carolina	56647
▁Exhibit	56648
▁TRC	56649
▁Vertical	56650
▁conquest	56651
▁sausage	56652
绷	56653
0.5	56654
Administrative	56655
Education	56656
shima	56657
skeptic	56658
▁5:00	56659
▁Rector	56660
▁Zhao	56661
▁engendered	56662
▁eternity	56663
▁moderately	56664
▁queue	56665
镉	56666
elj	56667
etto	56668
▁Pyongyang	56669
▁Taxi	56670
▁inviolable	56671
▁subsidiz	56672
▁visibly	56673
▁whim	56674
だ	56675
㼯	56676
匙	56677
婷	56678
▁4:00	56679
▁Armistice	56680
▁Guest	56681
▁Presid	56682
▁Saad	56683
▁crane	56684
▁cyberspace	56685
▁discontent	56686
▁enlisted	56687
▁purity	56688
▁undergraduate	56689
蒿	56690
Docs	56691
PRODUCT	56692
▁$25,000	56693
▁Humphrey	56694
▁Marvin	56695
▁Romeo	56696
▁Transaction	56697
▁Vern	56698
▁precaution	56699
▁regiment	56700
▁renegotiate	56701
郵	56702
	56703
budgetary	56704
semblance	56705
▁2007-2010	56706
▁Detroit	56707
▁Phoenix	56708
▁biophysical	56709
▁trivial	56710
208	56711
acquisition	56712
chuckles	56713
▁Exclusion	56714
▁Fool	56715
▁Politi	56716
▁Prompt	56717
▁Rakhine	56718
▁Rog	56719
▁rubble	56720
▁width	56721
犁	56722
繫	56723
Laughing	56724
mbre	56725
ualification	56726
▁$61	56727
▁57/11	56728
▁Byron	56729
▁Engine	56730
▁Meron	56731
▁StAR	56732
▁alerted	56733
▁minefield	56734
▁outflow	56735
茹	56736
.2010/	56737
LRA	56738
individual	56739
joinder	56740
▁Defend	56741
▁OPEC	56742
▁Printing	56743
▁WOMAN	56744
▁Zon	56745
▁accompli	56746
▁flaw	56747
▁heartened	56748
▁sunlight	56749
澜	56750
.109/2001/	56751
eforestation	56752
nvestigating	56753
▁Basis	56754
▁Diver	56755
▁Manner	56756
▁Matrix	56757
▁eagle	56758
▁misfortune	56759
▁ordeal	56760
▁summarily	56761
撬	56762
196	56763
Communica	56764
Guerrero	56765
valent	56766
▁Dexter	56767
▁Went	56768
▁crow	56769
▁frighten	56770
▁narrower	56771
▁nurtured	56772
▁offshoring	56773
▁pigeon	56774
▁sidelines	56775
▁unpleasant	56776
噩	56777
Centre	56778
▁$68	56779
▁FFM	56780
▁Install	56781
▁Sarge	56782
▁messy	56783
▁obviate	56784
闸	56785
MY	56786
OPAC	56787
ience	56788
volume	56789
▁Binding	56790
▁Resolves	56791
▁Vatican	56792
▁exhausting	56793
▁obsession	56794
▁rectified	56795
▁rites	56796
covered	56797
pathy	56798
▁Degradation	56799
▁Ghanaian	56800
▁elude	56801
▁panties	56802
▁persuasive	56803
纫	56804
	56805
/2012/1	56806
RW	56807
hey	56808
э	56809
▁Brain	56810
▁DOWN	56811
▁Entitlement	56812
▁Slide	56813
▁Stolen	56814
▁haunted	56815
籠	56816
/51/3	56817
racism	56818
▁Semi	56819
▁caf	56820
▁spawn	56821
▁tractor	56822
▁unchecked	56823
咗	56824
飽	56825
6.4	56826
CCC	56827
▁ODR	56828
▁Renewed	56829
▁TIR	56830
▁chant	56831
▁disqualified	56832
▁molecular	56833
▁revaluation	56834
▁sinners	56835
▁viruses	56836
Because	56837
CLP	56838
CRPD	56839
▁Cali	56840
▁Horizontal	56841
▁Idem	56842
▁Intermediate	56843
▁Issa	56844
▁Printer	56845
▁Suck	56846
▁gaze	56847
缀	56848
诞	56849
/2002/8	56850
2-27	56851
ARI	56852
▁$63	56853
▁60/180	56854
▁Cosmo	56855
▁Pleasure	56856
▁Praise	56857
▁Wrap	56858
▁dictionary	56859
▁noodles	56860
▁playground	56861
▁spontaneously	56862
▁unbearable	56863
lich	56864
racing	56865
▁CNN	56866
▁Kip	56867
▁Sentence	56868
▁Tina	56869
▁Vir	56870
▁anonymity	56871
▁asthma	56872
▁cohabitation	56873
▁compass	56874
▁fingerprint	56875
▁maiden	56876
▁possessor	56877
▁riches	56878
殆	56879
涤	56880
.9/61	56881
Dad	56882
communal	56883
decade	56884
▁dough	56885
▁firewall	56886
▁geothermal	56887
▁perpetual	56888
▁supersede	56889
▁suppressed	56890
擁	56891
癠	56892
longside	56893
ulan	56894
▁Bernie	56895
▁Kenneth	56896
▁Thunder	56897
▁bacteriological	56898
▁hollow	56899
▁refinery	56900
▁regeneration	56901
▁scaring	56902
why	56903
▁$1.9	56904
▁1997-1998	56905
▁2:00	56906
▁Livestock	56907
▁PDF	56908
▁Sovereignty	56909
▁augur	56910
▁havoc	56911
凍	56912
昵	56913
Principle	56914
domestic	56915
fucking	56916
pick	56917
▁$62	56918
▁18,000	56919
▁Fertility	56920
▁Gwen	56921
▁Regina	56922
▁delineated	56923
▁recommit	56924
獽	56925
/2001/6	56926
Maoist	56927
definition	56928
educational	56929
follow	56930
yeong	56931
Ы	56932
▁Feedback	56933
▁Felipe	56934
▁Jonglei	56935
▁Store	56936
▁chloroform	56937
▁consortia	56938
▁urine	56939
/2002/13	56940
/55/43	56941
0,000),	56942
Legislative	56943
bourg	56944
▁Goekce	56945
▁aggressively	56946
▁contemplating	56947
▁drip	56948
▁predicament	56949
▁rescheduled	56950
▁villa	56951
▁waterways	56952
笞	56953
翰	56954
TERM	56955
desk	56956
▁$66	56957
▁($19	56958
▁Chip	56959
▁Detainees	56960
▁Playing	56961
▁Scotia	56962
▁Virus	56963
▁heterosexual	56964
bug	56965
phrase	56966
▁Bench	56967
▁SAM	56968
▁coerce	56969
▁discord	56970
▁leniency	56971
嗦	56972
Saxon	56973
Time	56974
WAN	56975
úñ	56976
Η	56977
▁457	56978
▁Georg	56979
▁HCBD	56980
▁fountain	56981
▁misdemeanour	56982
▁overturned	56983
▁penetrate	56984
▁scholar	56985
▁senseless	56986
▁sleeve	56987
屉	56988
癡	56989
Iceland	56990
▁$30,000	56991
▁Demonstration	56992
▁MAKE	56993
▁Rainbow	56994
▁Significantly	56995
▁Tough	56996
▁analyst	56997
▁celebrity	56998
▁entrepreneur	56999
▁fiber	57000
▁merciful	57001
▁perished	57002
	57003
express	57004
hui	57005
▁bicommunal	57006
▁biosecurity	57007
▁blasphemy	57008
▁stash	57009
/2009/5	57010
until	57011
▁Baja	57012
▁Expect	57013
▁Haut	57014
▁Kashmiri	57015
/254	57016
255	57017
Request	57018
twitter	57019
▁1998-2001	57020
▁Penitentiary	57021
▁Updating	57022
▁Worth	57023
▁hijacked	57024
▁untenable	57025
▁unveil	57026
汶	57027
ATS	57028
imposed	57029
▁Malakal	57030
▁OLD	57031
▁Teach	57032
▁Wetlands	57033
▁amnesties	57034
▁cherry	57035
▁hay	57036
▁restate	57037
▁spear	57038
▁tranquillity	57039
LOW	57040
exhaustive	57041
submission	57042
▁Lahad	57043
▁Memory	57044
▁Prioritiz	57045
▁Thorn	57046
▁envision	57047
▁fireworks	57048
▁kung	57049
▁pathogens	57050
▁relegate	57051
6.5	57052
Covenant	57053
Financial	57054
leave	57055
▁CELAC	57056
▁Gerald	57057
▁ineligible	57058
▁slay	57059
▁waking	57060
祟	57061
髦	57062
CRA	57063
lashes	57064
nak	57065
nomic	57066
▁Empty	57067
▁Kah	57068
▁accredit	57069
enabled	57070
flower	57071
game	57072
▁Bingo	57073
▁Deutsche	57074
▁FOSS	57075
▁Huang	57076
▁computed	57077
▁disposable	57078
▁goose	57079
▁sewing	57080
▁strand	57081
▁vapour	57082
诫	57083
	57084
999	57085
Du	57086
early	57087
▁HAD	57088
▁Licorne	57089
▁Pueblo	57090
▁Richie	57091
▁assassinated	57092
▁culminate	57093
▁irrevocable	57094
▁precinct	57095
▁prescribing	57096
/69/5	57097
Pierre	57098
▁Applicant	57099
▁Murray	57100
▁Pillay	57101
▁Ranger	57102
▁unaffected	57103
乍	57104
篊	57105
(8)/	57106
refugee	57107
▁Elementary	57108
▁Invited	57109
▁Jeddah	57110
▁Lamb	57111
▁Nowhere	57112
▁Remittances	57113
▁Roch	57114
▁bald	57115
▁cascade	57116
▁freaked	57117
▁irony	57118
▁prosthetic	57119
▁turnaround	57120
籃	57121
罔	57122
蘋	57123
	57124
Trafficking	57125
agreement	57126
answer	57127
awaited	57128
beat	57129
colonial	57130
honour	57131
provide	57132
▁Esther	57133
▁Kavan	57134
▁deplore	57135
▁fraught	57136
▁severance	57137
▁toolbar	57138
Lithuania	57139
RIN	57140
▁Mao	57141
▁Pregnant	57142
▁antidote	57143
▁contagion	57144
▁podium	57145
擬	57146
RIP	57147
ccelerating	57148
luding	57149
▁120,000	57150
▁Artist	57151
▁Patriot	57152
▁Universidad	57153
▁backpack	57154
▁ghetto	57155
▁pinpoint	57156
▁reassessment	57157
▁visionary	57158
綼	57159
produced	57160
utomated	57161
▁0.20	57162
▁1994-1995	57163
▁Lion	57164
▁Matsu	57165
▁betting	57166
▁gently	57167
▁pneumonia	57168
▁repel	57169
▁resale	57170
/2009/4	57171
Reaffirming	57172
minence	57173
thora	57174
▁COULD	57175
▁Lorenzo	57176
▁OSPAR	57177
▁Radical	57178
▁cue	57179
▁curiosity	57180
▁lactat	57181
▁regulator	57182
▁thirst	57183
愉	57184
洼	57185
眏	57186
Guidelines	57187
identification	57188
pound	57189
proposed	57190
scribing	57191
▁Ruiz	57192
▁Zanzibar	57193
▁brainstorming	57194
▁fencing	57195
▁fishers	57196
▁reprehensible	57197
寵	57198
彌	57199
borrowing	57200
ẻ	57201
▁Addition	57202
▁FRY	57203
▁Illinois	57204
▁Kira	57205
▁Slowly	57206
▁deceit	57207
▁furious	57208
▁roam	57209
▁tyranny	57210
	57211
arse	57212
formation	57213
original	57214
permanence	57215
xxx	57216
▁$2,9	57217
▁Donnie	57218
▁Horizon	57219
▁Licence	57220
▁Protest	57221
▁absentia	57222
▁criticiz	57223
▁mapped	57224
▁teenager	57225
挽	57226
睜	57227
▁59/30	57228
▁Panellists	57229
▁dummy	57230
摈	57231
Europol	57232
lethal	57233
‧	57234
▁BODIES	57235
▁Mercenaries	57236
▁Ridge	57237
▁brew	57238
▁jurists	57239
▁purple	57240
▁stranded	57241
▁unsuitable	57242
慮	57243
6.2	57244
▁1.1.2	57245
▁Celebrat	57246
▁Dorothy	57247
▁Elsa	57248
▁ISIC	57249
▁Pont	57250
▁airlift	57251
▁cling	57252
▁cookie	57253
▁eyewitness	57254
▁oblast	57255
▁subsumed	57256
/2007/10	57257
proportion	57258
secretariat	57259
Ç	57260
▁Amadiyah	57261
▁GCF	57262
▁Montenegrin	57263
▁Yankee	57264
▁infinite	57265
▁rainwater	57266
▁subset	57267
▁thigh	57268
鈕	57269
453	57270
Bangkok	57271
ICCPR	57272
MITTED	57273
clear	57274
ultidimensional	57275
▁963-0	57276
▁Brigadier	57277
▁NPO	57278
▁Perry	57279
▁queried	57280
▁sculpture	57281
啪	57282
Gen	57283
dain	57284
▁Atlanta	57285
▁photocopy	57286
▁residue	57287
▁scroll	57288
▁sludge	57289
羁	57290
Larsen	57291
crop	57292
egan	57293
environmental	57294
▁($18	57295
▁61/243	57296
▁Frankfurt	57297
▁Handling	57298
▁OTP	57299
▁Zub	57300
▁barge	57301
▁begged	57302
▁haircut	57303
暮	57304
渝	57305
industries	57306
▁Eugene	57307
▁Exclude	57308
▁Extracti	57309
▁FIA	57310
▁Northwest	57311
▁furthe	57312
▁philosopher	57313
▁threefold	57314
凈	57315
秦	57316
贰	57317
踊	57318
軌	57319
SARSAT	57320
hani	57321
utz	57322
zero	57323
▁Casablanca	57324
▁Dallas	57325
▁Employer	57326
▁Endorse	57327
▁Grass	57328
▁depressing	57329
▁erased	57330
▁expedient	57331
▁forestall	57332
▁infring	57333
▁intermodal	57334
▁jazz	57335
▁manoeuvre	57336
▁nullifie	57337
▁oppress	57338
▁pathway	57339
▁synonymous	57340
钽	57341
Chinese	57342
nio	57343
▁Appellate	57344
▁Roland	57345
▁browser	57346
▁refuted	57347
andatory	57348
▁Confidentiality	57349
▁Glenn	57350
▁Gomes	57351
▁Kagame	57352
▁Lesbian	57353
▁Oops	57354
▁Rodley	57355
▁paralegal	57356
▁photographed	57357
▁skate	57358
窩	57359
FUL	57360
▁Chiang	57361
▁TELL	57362
▁Wick	57363
拣	57364
蔡	57365
	57366
marital	57367
strong	57368
▁$2,7	57369
▁DAY	57370
▁Invest	57371
▁Joel	57372
▁Patten	57373
▁cohabit	57374
▁decommissioning	57375
▁foment	57376
▁tricky	57377
▁Cotton	57378
▁License	57379
▁Odd	57380
▁Theatre	57381
▁UH	57382
▁rapprochement	57383
▁sanct	57384
▁stoning	57385
墮	57386
溅	57387
/2005/8	57388
Conference	57389
little	57390
pants	57391
çã	57392
▁16/21	57393
▁Conrad	57394
▁Describe	57395
▁Flinterman	57396
▁OPT	57397
▁Troika	57398
▁prudence	57399
▁rainbow	57400
▁ungrateful	57401
恥	57402
.6/62/	57403
/2013/1	57404
Djibouti	57405
fulness	57406
▁BEEN	57407
▁Delinquency	57408
▁Haile	57409
▁accountancy	57410
▁gradient	57411
▁hacked	57412
▁morgue	57413
▁pedestrian	57414
敕	57415
缆	57416
EVER	57417
ignon	57418
marriage	57419
unless	57420
▁Ascension	57421
▁Wash	57422
▁ammo	57423
▁censor	57424
▁incubator	57425
▁junta	57426
▁paramilitaries	57427
▁restrained	57428
▁ribs	57429
甊	57430
	57431
.109/1999/	57432
ocean	57433
ordre	57434
▁56/206	57435
▁59/5	57436
▁Doris	57437
▁Drew	57438
▁Peggy	57439
▁Zimbabwean	57440
▁disbanded	57441
▁misunderstood	57442
▁redistribute	57443
▁repetitive	57444
▁retroactively	57445
,450	57446
OPCW	57447
▁Forever	57448
▁Poison	57449
▁Repair	57450
▁correlated	57451
▁greeting	57452
▁stagnant	57453
/2011/1	57454
atov	57455
▁Malnutrition	57456
▁Modify	57457
▁NHRI	57458
▁Opera	57459
▁brighter	57460
▁donkey	57461
▁nanny	57462
▁paralysed	57463
▁perpetrating	57464
confrontational	57465
contributory	57466
prevent	57467
purchase	57468
▁$250,000	57469
▁Container	57470
▁Hood	57471
▁Investor	57472
▁Pain	57473
▁acronym	57474
▁rapist	57475
龐	57476
.4/57/	57477
tuning	57478
▁Alfredo	57479
▁Deplores	57480
▁Joon	57481
▁MCC	57482
▁PARIS	57483
▁Restitution	57484
▁Stereotypes	57485
▁configured	57486
▁intimately	57487
▁potassium	57488
.6/57/	57489
ICCM	57490
according	57491
defense	57492
length	57493
▁$73	57494
▁Birthday	57495
▁Cargo	57496
▁Ching	57497
▁Enact	57498
▁FOLLOW	57499
▁MTS	57500
▁Projections	57501
▁Rudy	57502
▁bacon	57503
▁buttress	57504
▁faggot	57505
▁packet	57506
▁staging	57507
尷	57508
擴	57509
	57510
UNCT	57511
concern	57512
technologies	57513
▁Remedy	57514
▁UNSOM	57515
▁Venue	57516
▁hump	57517
▁peel	57518
▁postcard	57519
▁technician	57520
溝	57521
cretion	57522
▁Emphasize	57523
▁boobs	57524
▁unannounced	57525
▁upright	57526
猵	57527
缄	57528
athi	57529
cquired	57530
delivery	57531
hong	57532
removal	57533
▁Examine	57534
▁Mainland	57535
▁photocopie	57536
▁stimulation	57537
▁wool	57538
鱿	57539
鹦	57540
/1999/11	57541
Bye	57542
comprehensible	57543
liberation	57544
selves	57545
ı	57546
β	57547
▁BNUB	57548
▁Lula	57549
▁Nash	57550
▁Rassemblement	57551
▁Split	57552
▁enthusiastic	57553
▁externalities	57554
▁functionalities	57555
▁hegemony	57556
▁imprest	57557
▁liberate	57558
▁resent	57559
▁torpedo	57560
睾	57561
菏	57562
,850	57563
-20/4	57564
tributing	57565
▁Kyiv	57566
▁MORE	57567
▁Warrant	57568
▁devolved	57569
▁gunboat	57570
▁keyword	57571
▁spine	57572
▁viral	57573
禣	57574
UNCED	57575
built	57576
▁Assemblies	57577
▁Habr	57578
▁Suspect	57579
▁justiciability	57580
▁reappointed	57581
Taking	57582
▁Artie	57583
▁Chop	57584
▁Hughes	57585
▁NTBs	57586
	57587
Further	57588
Situation	57589
▁$2.7	57590
▁$[	57591
▁Laurel	57592
▁Techniques	57593
▁discoveries	57594
▁hydraulic	57595
▁inculcat	57596
▁propiti	57597
.2/53/	57598
009	57599
ceding	57600
▁62/18	57601
▁Baptist	57602
▁Museveni	57603
▁Orientation	57604
▁kneel	57605
▁shovel	57606
▁syringe	57607
簘	57608
緩	57609
閣	57610
6.3	57611
Say	57612
correct	57613
▁Calder	57614
▁Ghan	57615
▁Sergey	57616
▁Sharia	57617
▁chatter	57618
▁fallout	57619
▁glaring	57620
▁herald	57621
▁organism	57622
撫	57623
▁Canberra	57624
▁Gotcha	57625
▁Invitation	57626
▁Salah	57627
▁annul	57628
▁economist	57629
▁lounge	57630
▁thwarted	57631
拱	57632
腀	57633
Djamena	57634
lingual	57635
▁Cybercrime	57636
▁Expo	57637
▁Pregnancy	57638
▁dizzy	57639
▁elucidate	57640
苇	57641
SHIP	57642
pharmac	57643
▁Broadcast	57644
▁Gaspard	57645
▁Generic	57646
▁Lena	57647
▁Luiz	57648
▁launder	57649
▁postpon	57650
▁wield	57651
UPR	57652
housing	57653
▁Lester	57654
▁Multilingualism	57655
▁Rosenthal	57656
▁Tuna	57657
▁airfare	57658
▁catalysing	57659
▁mismatch	57660
▁mute	57661
▁scholarly	57662
墻	57663
簧	57664
/1995/2	57665
University	57666
▁Paige	57667
▁Vessel	57668
▁Zakho	57669
▁adulthood	57670
▁marijuana	57671
轟	57672
迥	57673
遷	57674
馨	57675
骼	57676
/2001/8	57677
izable	57678
▁Fijian	57679
▁Maud	57680
▁Scenario	57681
▁blurred	57682
▁embarrassment	57683
▁instructive	57684
▁renegotiation	57685
▁retrospective	57686
Every	57687
ROP	57688
citing	57689
cumen	57690
electromagnetic	57691
referencing	57692
▁$86	57693
▁longevity	57694
▁transgression	57695
匕	57696
挟	57697
撮	57698
遙	57699
citizen	57700
counter	57701
▁2000-2005	57702
▁Bloom	57703
▁Edgar	57704
▁FIDH	57705
▁Parenthood	57706
▁Patch	57707
▁Remembrance	57708
▁caravan	57709
Assistance	57710
USAID	57711
against	57712
appeal	57713
▁Exclud	57714
▁Nahr	57715
▁RACIAL	57716
▁categorical	57717
▁computerization	57718
▁destitution	57719
▁duplicating	57720
▁handcuffs	57721
▁intransigence	57722
彗	57723
秤	57724
Nkurunziza	57725
fitting	57726
lka	57727
▁Placement	57728
▁Seventeen	57729
▁Tau	57730
▁extort	57731
▁ipso	57732
▁keyboard	57733
硈	57734
arhus	57735
ferromanganese	57736
voicing	57737
▁Bossuyt	57738
▁Cristina	57739
▁Crystal	57740
▁Dash	57741
▁Everywhere	57742
▁cradle	57743
▁hobby	57744
▁susceptib	57745
,550	57746
/1998/10	57747
/202	57748
RON	57749
▁Fidel	57750
▁Methodologies	57751
▁Stern	57752
▁Yale	57753
▁carcinogenic	57754
▁electrification	57755
▁expropriat	57756
▁overrepresented	57757
怠	57758
棟	57759
糧	57760
譜	57761
kri	57762
qualify	57763
▁11:30	57764
▁Lunch	57765
▁Snap	57766
▁Sullivan	57767
▁elbow	57768
▁inertia	57769
耙	57770
Child	57771
GEO	57772
Reclassification	57773
observance	57774
▁62/17	57775
▁Guan	57776
▁Karachi	57777
▁Thom	57778
▁complicit	57779
▁dye	57780
▁jihad	57781
▁propagation	57782
/1999/6	57783
▁Harrison	57784
▁Ryu	57785
▁Suite	57786
▁THAN	57787
▁Trouble	57788
▁Urbanization	57789
▁ballet	57790
▁borrower	57791
▁conceive	57792
▁finite	57793
▁obligate	57794
▁persuasion	57795
▁smear	57796
▁unseen	57797
aranja	57798
غ	57799
▁Dame	57800
▁Miz	57801
▁Okinawa	57802
▁Receive	57803
▁avenge	57804
▁marvel	57805
▁occupier	57806
▁perfection	57807
▁repositories	57808
戮	57809
猧	57810
艱	57811
Develop	57812
uddy	57813
▁Gleneagles	57814
▁Najaf	57815
▁Rank	57816
▁Silk	57817
▁Suk	57818
▁Surface	57819
▁UNMOP	57820
▁VAT	57821
▁dagger	57822
▁mislead	57823
蚤	57824
electric	57825
small	57826
▁Commenc	57827
▁Configuration	57828
▁Jude	57829
▁Matter	57830
▁Patent	57831
▁Petrov	57832
▁briefcase	57833
▁collegial	57834
▁confiscat	57835
▁cottage	57836
▁disciple	57837
▁hydrothermal	57838
▁separatism	57839
▁unfit	57840
洙	57841
/245	57842
007	57843
toxicity	57844
▁20/20	57845
▁63/5	57846
▁Clyde	57847
▁DISARMAMENT	57848
▁Exhibition	57849
▁Preview	57850
▁enslavement	57851
▁erupt	57852
▁furnace	57853
▁soaring	57854
CFT	57855
Division	57856
launched	57857
▁58/31	57858
▁Agri	57859
▁Amerindian	57860
▁Beverly	57861
▁Parry	57862
▁misses	57863
▁shaft	57864
▁subpoena	57865
▁unbiased	57866
廖	57867
	57868
adiological	57869
commuting	57870
disarmament	57871
▁963-1963	57872
▁Basrah	57873
▁Pradesh	57874
▁Vega	57875
▁causation	57876
▁conceivable	57877
▁fran	57878
▁unreservedly	57879
	57880
/2001/9	57881
RAS	57882
kovic	57883
ē	57884
▁Cock	57885
▁Fang	57886
▁Flood	57887
▁Lawyer	57888
▁Teresa	57889
▁diner	57890
▁inferiority	57891
▁richness	57892
▁thickness	57893
瞅	57894
.157/2	57895
/2002/12	57896
309	57897
hibited	57898
liability	57899
▁Azeri	57900
▁Kansas	57901
▁Lockhart	57902
▁Rakotoarisoa	57903
▁agitat	57904
▁bizarre	57905
▁champ	57906
▁duplicative	57907
▁painstaking	57908
▁palliative	57909
▁particulate	57910
▁traveller	57911
Like	57912
husband	57913
island	57914
▁(2008-2017)	57915
▁Cheer	57916
▁Chill	57917
▁Desmond	57918
▁Karin	57919
▁Lydia	57920
▁Netanyahu	57921
▁Nikki	57922
▁Vivian	57923
▁Warrior	57924
▁desperation	57925
▁fruition	57926
禬	57927
strumentalities	57928
▁Dolores	57929
▁Lakhdar	57930
▁Zurich	57931
▁denouncing	57932
▁forehead	57933
▁phytosanitary	57934
▁stumble	57935
▁therapies	57936
▁tuck	57937
妲	57938
▁Amphetamine	57939
▁Brilliant	57940
▁Ossetian	57941
▁elevation	57942
▁hacker	57943
▁harbor	57944
▁orchestra	57945
▁poise	57946
痁	57947
簈	57948
績	57949
蟑	57950
focussed	57951
khov	57952
regulatory	57953
▁HAS	57954
▁Produce	57955
▁Sikh	57956
▁augmentation	57957
▁encrypted	57958
▁straighten	57959
噶	57960
襟	57961
/56/10	57962
NADAF	57963
attack	57964
ceasing	57965
embe	57966
serious	57967
▁Acknowledge	57968
▁Austin	57969
▁declarat	57970
▁factional	57971
▁isolating	57972
枣	57973
驯	57974
Holy	57975
▁Coomaraswamy	57976
▁Ellis	57977
▁Napoleon	57978
▁Pursue	57979
▁Violet	57980
▁demobilize	57981
▁stratospher	57982
斌	57983
氰	57984
蔓	57985
/1999/5	57986
▁53/192	57987
▁CEE	57988
▁UNOV	57989
▁fortnight	57990
▁picket	57991
憫	57992
揣	57993
瘸	57994
蕊	57995
讼	57996
雏	57997
鹤	57998
PPP	57999
expected	58000
study	58001
▁Fiona	58002
▁Krishna	58003
▁Legend	58004
▁Lori	58005
▁Serve	58006
▁Twice	58007
▁adaptability	58008
▁hostel	58009
▁incorrectly	58010
▁subversion	58011
噪	58012
夯	58013
Jerusalem	58014
safeguarded	58015
ummed	58016
▁57/16	58017
▁Ideally	58018
▁LURD	58019
▁Livelihood	58020
▁Score	58021
▁batter	58022
▁bracket	58023
▁hydrographic	58024
▁ignite	58025
▁tilt	58026
▁wilt	58027
嗷	58028
226).	58029
Safeguarding	58030
Tell	58031
imov	58032
reasonable	58033
ulfilment	58034
▁$69	58035
▁Allison	58036
▁BAT	58037
▁FINAL	58038
▁Ole	58039
▁admirable	58040
▁aroused	58041
▁blond	58042
▁congestion	58043
▁depicted	58044
▁fries	58045
▁spook	58046
喋	58047
彬	58048
765	58049
Conv	58050
burden	58051
presidency	58052
▁Grim	58053
▁Oshima	58054
▁Princeton	58055
▁TWO	58056
▁Treasurer	58057
▁fraternity	58058
▁parentheses	58059
沐	58060
珥	58061
090	58062
Great	58063
distinct	58064
include	58065
obilisation	58066
¡	58067
▁(2015)	58068
▁Patty	58069
▁Ruby	58070
▁dubious	58071
▁flavor	58072
could	58073
partum	58074
pour	58075
rique	58076
▁58/126	58077
▁Carnegie	58078
▁Igor	58079
▁Shakespeare	58080
▁Tension	58081
▁errand	58082
▁lining	58083
▁wilfully	58084
嬷	58085
朕	58086
澈	58087
	58088
.2/1997/	58089
Country	58090
saurus	58091
subregional	58092
▁Afri	58093
▁Bennouna	58094
▁Colorado	58095
▁Laayoune	58096
▁OFF	58097
▁Publish	58098
▁Tariq	58099
▁allergic	58100
▁blossom	58101
▁conspire	58102
▁glove	58103
▁scatter	58104
▁squander	58105
狶	58106
穨	58107
193	58108
grand	58109
▁Blix	58110
▁Constraints	58111
▁Rosie	58112
▁depreciated	58113
▁flick	58114
▁hallmark	58115
▁hunch	58116
▁laissez	58117
▁loosen	58118
▁radionuclide	58119
889	58120
pier	58121
▁$83	58122
▁Arrow	58123
▁Chronic	58124
▁ITEM	58125
▁Joshua	58126
▁Toponym	58127
▁louder	58128
▁marvelous	58129
▁punched	58130
▁yacht	58131
▁youngsters	58132
拭	58133
诶	58134
bao	58135
ipped	58136
Α	58137
▁$67	58138
▁50/4	58139
▁Expenses	58140
▁grapple	58141
▁hockey	58142
▁raging	58143
▁slaughtered	58144
悚	58145
Semitic	58146
▁Cleveland	58147
▁abyss	58148
▁bioethics	58149
▁cadmium	58150
▁sterling	58151
冊	58152
惫	58153
	58154
DEN	58155
Maybe	58156
Paraguay	58157
adhafi	58158
sanitary	58159
▁ballast	58160
▁graphical	58161
▁infidel	58162
▁pharmacy	58163
▁stereo	58164
穢	58165
腻	58166
鸿	58167
/2002/10	58168
▁$3.5	58169
▁Originally	58170
▁TDB	58171
▁effluent	58172
▁hallucinat	58173
▁hover	58174
▁legislator	58175
AVM	58176
recruitment	58177
▁Substance	58178
▁Underwood	58179
▁bleach	58180
▁displace	58181
▁tougher	58182
渾	58183
珃	58184
eminent	58185
forum	58186
oku	58187
▁2006-2008	58188
▁Censuses	58189
▁Dominic	58190
▁Protective	58191
▁Superintendenc	58192
▁despicable	58193
▁digits	58194
▁embarrass	58195
▁foetus	58196
▁mafia	58197
▁naught	58198
▁rigour	58199
▁trenches	58200
咀	58201
circuit	58202
warming	58203
▁$3,0	58204
▁COUNTRY	58205
▁Gaspar	58206
▁engulf	58207
▁splendid	58208
賀	58209
鹉	58210
/257	58211
IGO	58212
Promoting	58213
▁Abandon	58214
▁Fukushima	58215
▁Parent	58216
▁Tao	58217
▁flux	58218
▁recoveries	58219
▁souvenir	58220
▁stumbling	58221
▁wretched	58222
	58223
Fund	58224
GHG	58225
Paragraph	58226
Subscription	58227
▁Exemption	58228
▁Jericho	58229
▁LEGA	58230
▁Recipient	58231
▁firefighting	58232
▁homogeneous	58233
▁intricate	58234
▁spoiled	58235
▁trumpet	58236
擒	58237
梗	58238
秖	58239
	58240
alkali	58241
assistance	58242
rano	58243
winning	58244
▁3-7	58245
▁Hugh	58246
▁Paid	58247
▁Yen	58248
▁astronomy	58249
▁implicat	58250
▁innovate	58251
▁navigate	58252
▁peek	58253
塗	58254
聆	58255
踝	58256
	58257
-2020	58258
/1994/20	58259
Nairobi	58260
Source	58261
asco	58262
▁59/266	58263
▁BEST	58264
▁Believers	58265
▁Blessed	58266
▁Muha	58267
▁Zoom	58268
▁accustomed	58269
▁honorable	58270
▁kidnapper	58271
▁misguided	58272
哺	58273
370	58274
Each	58275
ICPD	58276
executive	58277
providing	58278
venture	58279
▁Attachment	58280
▁Throne	58281
▁jelly	58282
さ	58283
佰	58284
俺	58285
殼	58286
Conflict	58287
classified	58288
vantage	58289
▁2003-2007	58290
▁64/289	58291
▁Bree	58292
▁Shop	58293
▁Signor	58294
▁Transform	58295
▁deplor	58296
▁gem	58297
▁stronghold	58298
ね	58299
纏	58300
GTZ	58301
ICSC	58302
Lao	58303
Off	58304
interrelatedness	58305
▁48/4	58306
▁Forecast	58307
▁Talbot	58308
▁bloke	58309
▁catchment	58310
▁comity	58311
▁drunken	58312
▁favorable	58313
▁skeleton	58314
▁supranational	58315
▁unborn	58316
償	58317
▁Acknowledgement	58318
▁Angie	58319
▁Dawn	58320
▁Denise	58321
▁Melanie	58322
▁Spencer	58323
▁Zhi	58324
▁obedience	58325
▁unambiguously	58326
厕	58327
竧	58328
虱	58329
診	58330
5.5	58331
frequency	58332
previously	58333
▁$120	58334
▁$2,8	58335
▁Gur	58336
▁HNP	58337
▁athletic	58338
▁chloride	58339
▁constitutive	58340
▁disgust	58341
▁facial	58342
▁invade	58343
▁quintile	58344
▁reactivation	58345
CEMAC	58346
GCSS	58347
arrest	58348
foreign	58349
responsibility	58350
▁1998/99	58351
▁Brennan	58352
▁Jebel	58353
▁Pirate	58354
▁apologise	58355
▁classmate	58356
▁erection	58357
▁eyewitnesses	58358
▁hilarious	58359
▁propell	58360
▁shortcoming	58361
▁shutdown	58362
▁swine	58363
▁unproductive	58364
禫	58365
	58366
Secretaries	58367
▁57/292	58368
▁Afraid	58369
▁Gree	58370
▁Marianne	58371
▁repudiation	58372
▁subvert	58373
/59/17	58374
Declaration	58375
angible	58376
▁ARAB	58377
▁Hui	58378
▁Remedies	58379
▁Root	58380
▁UNSCOM	58381
▁disbelief	58382
▁galaxies	58383
▁referenda	58384
7.2	58385
UNDCP	58386
availability	58387
▁(1985)	58388
▁Badji	58389
▁Irbil	58390
▁Minh	58391
▁intermediation	58392
▁naviga	58393
▁peach	58394
.4/55/	58395
objective	58396
ẫ	58397
▁Lavrov	58398
▁Valerie	58399
▁dissociate	58400
▁hometown	58401
▁overfishing	58402
▁plebiscite	58403
▁prostrate	58404
▁unionists	58405
▁widget	58406
紆	58407
繦	58408
鷹	58409
Speaking	58410
colonized	58411
▁53/242	58412
▁Andijan	58413
▁Aramco	58414
▁Congressional	58415
▁Overcom	58416
▁Subgroup	58417
▁Tick	58418
▁Violation	58419
▁Weird	58420
▁affluent	58421
▁looming	58422
▁prim	58423
婿	58424
癚	58425
dherence	58426
rdoba	58427
▁0800	58428
▁ASSISTANCE	58429
▁Pentagon	58430
▁Piece	58431
▁Riyaq	58432
▁bosses	58433
▁eroding	58434
▁extranet	58435
▁falsified	58436
▁lacunae	58437
▁nucleus	58438
▁receptive	58439
▁snapshot	58440
▁tying	58441
▁Joyce	58442
▁Otunnu	58443
▁biphenyls	58444
▁intercommunal	58445
▁liking	58446
▁marble	58447
▁oceanographic	58448
▁symbolize	58449
Dominican	58450
Draft	58451
Session	58452
partial	58453
subprogramme	58454
▁Bellamy	58455
▁VIOLATION	58456
▁bulb	58457
▁enrollment	58458
睬	58459
	58460
/1998/6	58461
skills	58462
▁Andrei	58463
▁Constable	58464
▁Fatima	58465
▁acknowledgment	58466
▁clergy	58467
▁hypocrisy	58468
〝	58469
嘱	58470
珿	58471
/2010/3	58472
ORT	58473
▁Acute	58474
▁BODY	58475
▁Sasha	58476
▁Welsh	58477
▁citations	58478
▁degrade	58479
▁gendarmes	58480
▁healed	58481
▁inconceivable	58482
枷	58483
皱	58484
锂	58485
.5/68/	58486
/69/4	58487
Cape	58488
German	58489
yield	58490
▁13-17	58491
▁Kindu	58492
▁Ponte	58493
▁Prospecting	58494
▁Riz	58495
▁emigrants	58496
▁exotic	58497
▁peuple	58498
▁undress	58499
▁wreak	58500
▁wrestle	58501
.6/63/	58502
Organizational	58503
currency	58504
▁Chevron	58505
▁Flint	58506
▁Flower	58507
▁Gabr	58508
▁Sarkozy	58509
▁Tucker	58510
▁bully	58511
▁tablets	58512
▁wrought	58513
罺	58514
▁Malabo	58515
▁Nkunda	58516
▁WASH	58517
▁abundantly	58518
▁detonator	58519
▁erratic	58520
鳕	58521
▁Lizzie	58522
▁Sylvia	58523
▁Waitangi	58524
▁fissionable	58525
▁impractical	58526
▁marginalize	58527
▁monastery	58528
縫	58529
罙	58530
legislative	58531
mighty	58532
uang	58533
▁2003-2006	58534
▁Brcko	58535
▁Brunswick	58536
▁Cheung	58537
▁Jupiter	58538
▁Moderator	58539
▁Oriental	58540
▁Radar	58541
▁Subsidies	58542
▁balcony	58543
▁kiddo	58544
▁tempo	58545
Decree	58546
ccountabilities	58547
subscribing	58548
▁Cocoa	58549
▁Flat	58550
▁cohort	58551
▁crate	58552
▁kde	58553
▁reintroduced	58554
▁solicitor	58555
▁squirrel	58556
旬	58557
.3/52/	58558
Misc	58559
french	58560
▁Dhanapala	58561
▁Diaz	58562
▁GAINS	58563
▁dread	58564
▁motivating	58565
▁quater	58566
▁telephony	58567
墜	58568
韵	58569
Clipper	58570
Hadji	58571
Three	58572
ragon	58573
▁Evelyn	58574
▁LIFE	58575
▁Minnesota	58576
▁Normative	58577
▁TALK	58578
▁astronomical	58579
▁carrot	58580
▁epic	58581
▁rejoin	58582
窜	58583
EACH	58584
folk	58585
uterine	58586
▁Boat	58587
▁Breakdown	58588
▁Cliff	58589
▁LOVE	58590
▁Naji	58591
▁Penalties	58592
▁Privatization	58593
▁agroforestry	58594
▁cub	58595
▁quoting	58596
孺	58597
/2008/8	58598
00,000)	58599
Korean	58600
OTHER	58601
agreed	58602
authorized	58603
enhancing	58604
hydro	58605
▁Deploring	58606
▁Disseminat	58607
▁Jamal	58608
▁ORIGINAL	58609
▁incapacitated	58610
UNIDIR	58611
dead	58612
survivor	58613
‰	58614
▁53/221	58615
▁Apostle	58616
▁Authorization	58617
▁Calculate	58618
▁Clarion	58619
▁Jehovah	58620
▁predominance	58621
▁typing	58622
/2011/2	58623
OHRLLS	58624
irradiat	58625
ratified	58626
▁367-5	58627
▁Brotherhood	58628
▁Flores	58629
▁Munich	58630
▁RCF	58631
▁Stream	58632
▁intranet	58633
▁mainframe	58634
▁necessitat	58635
▁tease	58636
/2011/3	58637
Even	58638
UNOMIG	58639
analysis	58640
ء	58641
▁Cyclone	58642
▁NEAFC	58643
▁decimal	58644
凹	58645
▁$85	58646
▁Amazigh	58647
▁Collaborat	58648
▁Concentration	58649
▁Geoscience	58650
▁Homer	58651
▁IAAC	58652
▁discernible	58653
▁helm	58654
▁vaccinated	58655
そ	58656
	58657
facilitate	58658
▁63/27	58659
▁Bassa	58660
▁dinar	58661
▁feud	58662
▁orgasm	58663
▁repatriating	58664
▁stripper	58665
鋪	58666
	58667
,950	58668
/269	58669
HAM	58670
Increase	58671
atou	58672
tolerant	58673
trophic	58674
umbi	58675
▁55/236	58676
▁Kirk	58677
▁MLCBI	58678
▁grading	58679
▁meticulous	58680
▁relaxation	58681
▁succumb	58682
▁tranquil	58683
冇	58684
/60/17	58685
progress	58686
▁53/20	58687
▁Addiction	58688
▁Snake	58689
▁calamities	58690
▁impatient	58691
▁recidivism	58692
▁subproject	58693
卿	58694
邏	58695
(9)/	58696
BEP	58697
Detect	58698
WMD	58699
emba	58700
left	58701
▁Bess	58702
▁Freddie	58703
▁Hoffman	58704
▁chronological	58705
▁minimis	58706
▁numb	58707
▁shook	58708
▁tread	58709
710	58710
experience	58711
illegal	58712
reimbursable	58713
▁Custody	58714
▁Mazar	58715
▁tragically	58716
Latvia	58717
SSOD	58718
increase	58719
▁Drum	58720
▁Helleni	58721
▁MINUSCA	58722
▁Sponsor	58723
▁diving	58724
▁porous	58725
猳	58726
nthic	58727
pipe	58728
▁Carolyn	58729
▁Ciudad	58730
▁Harri	58731
▁RELATING	58732
▁Soroptimist	58733
▁Tenure	58734
▁desecration	58735
▁kitty	58736
▁rehearse	58737
▁remorse	58738
杏	58739
Police	58740
concentration	58741
safety	58742
▁Benedict	58743
▁Elvis	58744
▁Melinda	58745
▁Sidi	58746
▁Specify	58747
▁connotation	58748
▁intractable	58749
▁lobster	58750
▁mailbox	58751
▁mainstay	58752
▁precipitate	58753
▁serum	58754
▁vocabulary	58755
/2002/9	58756
▁Melbourne	58757
▁deflation	58758
▁dioxin	58759
▁dislocation	58760
▁nightclub	58761
恙	58762
痜	58763
瘠	58764
霞	58765
/1995/40	58766
9.3	58767
Basic	58768
FOURTH	58769
rmoured	58770
▁56/8	58771
▁9-11	58772
▁Custodian	58773
▁Frequency	58774
▁cowardly	58775
▁flogging	58776
▁orchestrate	58777
▁republican	58778
AAUs	58779
KU	58780
▁Equatoria	58781
▁anticipating	58782
▁fixtures	58783
狟	58784
甮	58785
睦	58786
FAM	58787
ownership	58788
▁Duck	58789
▁MISSION	58790
▁Perez	58791
▁Pesticide	58792
▁lace	58793
▁lever	58794
.6/55/	58795
threat	58796
ئ	58797
▁Candy	58798
▁Dunn	58799
▁Hospitality	58800
▁Proof	58801
▁SOMETHING	58802
▁Season	58803
▁Simultaneously	58804
▁plumbing	58805
剝	58806
郭	58807
靖	58808
Consider	58809
Constitution	58810
criminalization	58811
╃	58812
▁Aqrah	58813
▁Diaspora	58814
▁Finger	58815
▁MARPOL	58816
▁abbreviations	58817
▁agony	58818
▁sparse	58819
▁teleconference	58820
▁virginity	58821
	58822
▁Carson	58823
▁Danube	58824
▁Valentin	58825
▁bandage	58826
▁coconut	58827
▁easiest	58828
▁unfamiliar	58829
唠	58830
/2000)	58831
Life	58832
▁Cheese	58833
▁Factory	58834
▁Jessie	58835
▁Sophia	58836
▁WAR	58837
▁censure	58838
▁imprecise	58839
▁overruled	58840
▁paedophilia	58841
▁tyre	58842
碿	58843
糙	58844
	58845
314	58846
WIN	58847
revised	58848
significant	58849
▁62/228	58850
▁Bhutto	58851
▁Carmel	58852
▁Marsh	58853
▁Massachusetts	58854
▁conspicuous	58855
▁cramp	58856
▁gunmen	58857
▁ionospher	58858
▁minimise	58859
▁primitive	58860
▁repositioning	58861
▁shutting	58862
▁wrongdoers	58863
忱	58864
繪	58865
.183/	58866
/1997/1	58867
transport	58868
▁55/285	58869
▁Ahmadinejad	58870
▁Cumulative	58871
▁Deadline	58872
▁KUFPEC	58873
▁Voter	58874
▁Woody	58875
娴	58876
憐	58877
炬	58878
菱	58879
	58880
/1999/3	58881
TRIPS	58882
important	58883
leader	58884
publique	58885
▁54/33	58886
▁Idriss	58887
▁MEASURES	58888
▁Receipt	58889
▁Ummah	58890
▁Yah	58891
▁fanatic	58892
绣	58893
蠈	58894
馏	58895
FEM	58896
School	58897
otto	58898
virus	58899
▁Appreciat	58900
▁CFAF	58901
▁disquiet	58902
▁excision	58903
▁feminine	58904
▁moisture	58905
COMING	58906
Sea	58907
inflammatory	58908
inski	58909
mercury	58910
network	58911
rahim	58912
recognized	58913
▁Absolute	58914
▁Adolf	58915
▁Lola	58916
▁Nuremberg	58917
▁fearful	58918
▁overflights	58919
▁quitting	58920
▁reproach	58921
▁sterile	58922
甥	58923
	58924
,080	58925
Children	58926
nfectious	58927
rrespective	58928
▁Apostol	58929
▁Frost	58930
▁Scotty	58931
▁Veronica	58932
▁chunk	58933
▁deleterious	58934
▁diaper	58935
▁stature	58936
	58937
Integrated	58938
Togo	58939
ackling	58940
component	58941
▁(2010/11	58942
▁26-28	58943
▁64/269	58944
▁Cody	58945
▁Lofa	58946
▁Nagoya	58947
▁Ortiz	58948
▁Stronger	58949
▁Unh	58950
▁sociological	58951
▁stern	58952
married	58953
vertebrate	58954
▁Mercedes	58955
▁Ouattara	58956
▁Philadelphia	58957
▁Sidney	58958
▁Sorabjee	58959
▁Syntax	58960
▁benign	58961
▁cosmetic	58962
▁polymer	58963
▁trousers	58964
岆	58965
.96/10	58966
DIDN	58967
abble	58968
▁57/32	58969
▁Croix	58970
▁Evident	58971
▁Harbor	58972
▁Simmons	58973
▁Solicitor	58974
▁calamity	58975
▁disconnected	58976
▁waist	58977
猔	58978
耸	58979
/53/9	58980
Administration	58981
RIT	58982
calibre	58983
strategies	58984
▁Benghazi	58985
▁Keller	58986
▁NAFO	58987
▁mischief	58988
債	58989
酥	58990
餵	58991
▁$2,000	58992
▁APLC	58993
▁Angelo	58994
▁Extent	58995
▁NIR	58996
▁Radovan	58997
▁archipelago	58998
▁breeze	58999
▁fiance	59000
▁polygam	59001
▁yardstick	59002
▁7-11	59003
▁Alison	59004
▁BSEC	59005
▁Chandra	59006
▁divest	59007
▁infrared	59008
▁john	59009
▁slipping	59010
▁traceability	59011
▁unrealized	59012
绥	59013
GOV	59014
Shut	59015
munitions	59016
▁$74	59017
▁Generator	59018
▁IASB	59019
▁Olmert	59020
▁Tip	59021
▁crank	59022
▁dispensing	59023
▁fortress	59024
▁interlocutor	59025
▁totalitarian	59026
猌	59027
Green	59028
Insolvency	59029
Maldives	59030
university	59031
đ	59032
▁Camille	59033
▁Discuss	59034
/51/5	59035
WARD	59036
fifty	59037
video	59038
▁56/28	59039
▁Doubt	59040
▁Motherhood	59041
▁Mouse	59042
▁Shield	59043
▁additive	59044
▁customization	59045
▁glorify	59046
▁grabbing	59047
▁microphone	59048
▁testifies	59049
▁untiring	59050
烁	59051
迴	59052
Somaliland	59053
Supplement	59054
narrator	59055
rturing	59056
▁Logistic	59057
▁Manalo	59058
▁Savimbi	59059
▁betrayal	59060
▁bugger	59061
▁butterfly	59062
▁chuck	59063
▁digitization	59064
▁momentous	59065
▁puff	59066
Indeed	59067
Point	59068
luck	59069
▁58/270	59070
▁Connie	59071
▁Earthquake	59072
▁ORGANIZATIONAL	59073
▁Psychiatri	59074
▁Shang	59075
▁Vilnius	59076
▁rainforest	59077
▁scarf	59078
坤	59079
basic	59080
spectral	59081
uarter	59082
▁Calculation	59083
▁Compaor	59084
▁amazed	59085
▁bunk	59086
▁concord	59087
▁disdain	59088
▁flagged	59089
▁junkie	59090
▁physiological	59091
▁reinterpret	59092
▁resupply	59093
▁sentimental	59094
▁steward	59095
▁Brookings	59096
▁Fetch	59097
▁Spit	59098
▁nitrate	59099
▁porch	59100
▁recycle	59101
▁reprimand	59102
▁roar	59103
▁robbing	59104
▁saddle	59105
繺	59106
-1/1	59107
Arbitration	59108
jevi	59109
ostgraduate	59110
▁Jewel	59111
▁Moro	59112
▁Universit	59113
▁propulsion	59114
▁shelves	59115
▁turbine	59116
壽	59117
/2001/7	59118
MINURCAT	59119
miscellaneous	59120
▁Marley	59121
▁barbecue	59122
▁cricket	59123
▁disobedience	59124
▁fluent	59125
▁puke	59126
▁tumour	59127
Dept	59128
Making	59129
administration	59130
guidance	59131
▁FLNKS	59132
▁Feasibility	59133
▁Fortieth	59134
▁Ibn	59135
▁Marina	59136
▁Pimentel	59137
▁[2]	59138
▁acquiesc	59139
獀	59140
criteria	59141
▁Depression	59142
▁Opium	59143
▁Passenger	59144
▁Wright	59145
▁inventor	59146
▁taxpayer	59147
芠	59148
.105/6	59149
ecological	59150
gree	59151
improve	59152
▁Adjust	59153
▁Amorim	59154
▁Antonov	59155
▁Continuity	59156
▁Criminology	59157
▁Ernie	59158
▁Khor	59159
▁Mayotte	59160
▁Musharraf	59161
▁Suicide	59162
▁Wau	59163
▁Zhou	59164
▁aperture	59165
▁attractiveness	59166
▁autograph	59167
▁paw	59168
▁periphery	59169
▁pilgrimage	59170
儲	59171
忡	59172
畔	59173
陨	59174
.191/	59175
/58/21	59176
Controller	59177
Technical	59178
bomb	59179
hopping	59180
result	59181
unfc	59182
▁Hercules	59183
▁Jeanne	59184
▁Simone	59185
▁Story	59186
▁Trick	59187
▁casing	59188
▁femicide	59189
▁jurors	59190
汝	59191
皘	59192
conceived	59193
▁49/4	59194
▁57/283	59195
▁GIRL	59196
▁Offshore	59197
▁Payroll	59198
▁Reality	59199
▁cancelling	59200
▁capsule	59201
▁compensability	59202
▁egalitarian	59203
▁enumeration	59204
▁evaluati	59205
▁participative	59206
▁scumbag	59207
Open	59208
death	59209
▁Archive	59210
▁EVEN	59211
▁Julio	59212
▁UNEG	59213
▁depositaries	59214
▁excel	59215
▁inhalation	59216
▁ribbon	59217
▁subsoil	59218
▁unquestionably	59219
拧	59220
瞦	59221
祂	59222
籔	59223
	59224
/127	59225
/402	59226
exclusive	59227
haritable	59228
uota	59229
▁Obeid	59230
▁Pursu	59231
▁REGIONAL	59232
▁Scared	59233
▁Simms	59234
▁Stanford	59235
▁artefacts	59236
▁heartbeat	59237
▁riddle	59238
Woman	59239
reserve	59240
something	59241
▁$3,7	59242
▁$76	59243
▁61/244	59244
▁Claus	59245
▁RPG	59246
▁antibiotics	59247
▁decommissioned	59248
▁deflect	59249
▁disburse	59250
▁extinct	59251
▁typhoon	59252
▁unclean	59253
側	59254
渍	59255
universal	59256
▁Brig	59257
▁Goran	59258
▁Kadugli	59259
▁Serge	59260
▁UNOCA	59261
▁Yukon	59262
▁environs	59263
▁hideous	59264
▁tweeted	59265
▁wrestling	59266
AKING	59267
MINUCI	59268
┍	59269
▁2009-2011	59270
▁Alignment	59271
▁Beauty	59272
▁Bernardo	59273
▁Consolidat	59274
▁RBPs	59275
▁aesthetic	59276
▁astonishing	59277
▁dice	59278
▁lagged	59279
▁nerd	59280
渠	59281
粥	59282
螨	59283
諷	59284
诘	59285
▁Churchill	59286
▁Dodge	59287
▁Nowadays	59288
▁amidst	59289
▁inducement	59290
▁ponder	59291
▁typology	59292
▁undisputed	59293
Kyrgyzstan	59294
eadiness	59295
pher	59296
▁$0.5	59297
▁Burke	59298
▁Lionel	59299
▁Pascal	59300
▁Upload	59301
▁bishop	59302
▁electors	59303
▁spice	59304
▁stroll	59305
宙	59306
鎊	59307
	59308
.4/63/	59309
/1998/11	59310
Minawi	59311
ignified	59312
ordinating	59313
procurement	59314
rach	59315
▁Enlargement	59316
▁Libraries	59317
▁Melissa	59318
▁Sustain	59319
▁alluded	59320
▁gorilla	59321
▁habitation	59322
▁staunch	59323
誇	59324
	59325
/1998/7	59326
/2001/11	59327
bodies	59328
weather	59329
▁Belmi	59330
▁Concession	59331
▁Finished	59332
▁Gujarat	59333
▁Luckily	59334
▁preoccupied	59335
鹽	59336
issi	59337
physics	59338
▁(1998-200	59339
▁Bemba	59340
▁Cathy	59341
▁Exit	59342
▁JUSTICE	59343
▁tarnish	59344
悼	59345
憲	59346
氛	59347
辫	59348
	59349
Madagascar	59350
Mozambique	59351
Welcome	59352
facing	59353
▁Cisco	59354
▁Precisely	59355
▁aggravation	59356
▁atrocity	59357
▁royalty	59358
▁yoke	59359
嗝	59360
##	59361
Audienc	59362
▁1995-2004	59363
▁2007-2011	59364
▁55/180	59365
▁Authentic	59366
▁Jonah	59367
▁Khaled	59368
▁Marry	59369
▁honorary	59370
▁marries	59371
▁ostensibly	59372
俏	59373
筛	59374
裴	59375
钳	59376
Millennium	59377
▁61/279	59378
▁Encrypt	59379
▁Fleet	59380
▁ICBL	59381
▁ITTO	59382
▁Mendoza	59383
▁Polar	59384
▁falter	59385
▁grease	59386
▁indignation	59387
▁liberaliz	59388
▁sandwiches	59389
晦	59390
簎	59391
絏	59392
Would	59393
▁58/256	59394
▁Anita	59395
▁Hindi	59396
▁Paulie	59397
▁Utilities	59398
▁rave	59399
▁splash	59400
曠	59401
珇	59402
琦	59403
609	59404
Modalities	59405
owitz	59406
▁Falcon	59407
▁NCRE	59408
▁Rocky	59409
▁Sail	59410
▁Tran	59411
▁Yumkella	59412
▁ambient	59413
▁geek	59414
▁laureate	59415
▁lobbied	59416
▁mule	59417
▁repentance	59418
▁secessionist	59419
▁zoning	59420
眩	59421
谴	59422
▁Altogether	59423
▁Nineteen	59424
▁REAL	59425
▁jute	59426
▁nanomaterials	59427
ripartite	59428
▁Frequently	59429
▁SIM	59430
▁Walsh	59431
▁bunny	59432
▁dissuade	59433
セ	59434
倉	59435
籖	59436
Summit	59437
ntensive	59438
ronic	59439
uddin	59440
▁Eligibility	59441
▁Expedite	59442
▁Maureen	59443
▁Mega	59444
▁Olympi	59445
▁Poznan	59446
▁eldest	59447
▁obscene	59448
捲	59449
螢	59450
atrimonial	59451
monetary	59452
partisan	59453
true	59454
▁Borrow	59455
▁Holiday	59456
▁MTPF	59457
▁STOP	59458
▁Sareva	59459
▁choir	59460
▁evoke	59461
▁iniquity	59462
励	59463
桨	59464
UNMIT	59465
▁55/146	59466
▁7-9	59467
▁Charming	59468
▁Christina	59469
▁Contraceptive	59470
▁LADA	59471
▁Papi	59472
▁Prevalence	59473
▁hypertension	59474
▁shortlist	59475
▁versatile	59476
侥	59477
惋	59478
拚	59479
骰	59480
2012/13:	59481
fluorinat	59482
▁Airways	59483
▁Cloud	59484
▁Hazel	59485
▁Interface	59486
▁armament	59487
▁congenital	59488
▁crunch	59489
▁financier	59490
▁justiciable	59491
▁unparalleled	59492
▁untapped	59493
磚	59494
颅	59495
▁Bahia	59496
▁Beneficiaries	59497
▁Copper	59498
▁GLOBAL	59499
▁Jaime	59500
▁Lendu	59501
▁MADE	59502
▁PEACE	59503
▁Prasad	59504
▁Rodrigues	59505
▁affliction	59506
▁counterclaim	59507
▁inclination	59508
▁thriving	59509
/2013/2	59510
yeah	59511
▁Creole	59512
▁GRID	59513
▁behaving	59514
▁directories	59515
▁felon	59516
▁garrison	59517
▁legendary	59518
▁mutilated	59519
▁raft	59520
▁sensory	59521
▁thyroid	59522
Egmont	59523
White	59524
leigh	59525
▁Bashar	59526
▁Greetings	59527
▁Incheon	59528
▁Ziegler	59529
▁doctorate	59530
▁plainly	59531
▁refineries	59532
5.0	59533
Lord	59534
audit	59535
municipal	59536
remunerated	59537
▁Adapt	59538
▁Freight	59539
▁Kidal	59540
▁Sirmium	59541
▁stereotype	59542
▁vile	59543
撲	59544
铢	59545
鴨	59546
	59547
Employed	59548
Keep	59549
monopoly	59550
nicious	59551
▁Bridg	59552
▁biosphere	59553
▁cube	59554
▁incessant	59555
▁lenient	59556
▁prolongation	59557
▁reinvigorat	59558
▁suspensive	59559
嫉	59560
蠟	59561
	59562
Narcotics	59563
ngressional	59564
▁$3,4	59565
▁Formation	59566
▁Orlando	59567
▁bereaved	59568
▁emplaced	59569
▁immunized	59570
▁panacea	59571
▁razor	59572
緝	59573
completion	59574
habilitation	59575
machine	59576
▁Suva	59577
▁Trustee	59578
▁Vientiane	59579
▁chaotic	59580
▁citizenry	59581
▁junction	59582
▁popped	59583
▁protestors	59584
孳	59585
朔	59586
舷	59587
Make	59588
merge	59589
▁Democrats	59590
▁Gift	59591
▁Steal	59592
▁Wenaweser	59593
▁Wyatt	59594
▁bibliography	59595
▁jeans	59596
▁tickle	59597
▁veracity	59598
▁$3,3	59599
▁963-9196).	59600
▁Abroad	59601
▁Cologne	59602
▁Julius	59603
▁Manufacturers	59604
▁THANK	59605
▁Terrible	59606
▁animation	59607
▁attenuat	59608
▁worshipped	59609
10-21	59610
Spanish	59611
Two	59612
Visby	59613
┕	59614
▁Hostile	59615
▁Petition	59616
▁Warehouse	59617
▁amenable	59618
▁caveat	59619
▁historian	59620
▁rearrange	59621
▁sluggish	59622
DPKO	59623
Eurostat	59624
▁CANZ	59625
▁CSTO	59626
▁Dugard	59627
▁Gail	59628
▁Patriarch	59629
▁Pellet	59630
▁Reiterate	59631
▁UNCHS	59632
▁Utiliz	59633
▁enlistment	59634
▁reassurance	59635
▁telex	59636
/60/846	59637
NWFZ	59638
broker	59639
unpredictability	59640
xabromobiphenyl	59641
▁CCISUA	59642
▁Francophone	59643
▁afore	59644
▁dispensation	59645
▁tonnage	59646
▁troll	59647
纔	59648
臮	59649
	59650
client	59651
creating	59652
enunciation	59653
lotting	59654
replicating	59655
wheel	59656
▁53/208	59657
▁Cyrus	59658
▁Luck	59659
▁desertion	59660
▁lipid	59661
▁pancakes	59662
▁watchdog	59663
♦	59664
/59/736	59665
/63/8	59666
Claim	59667
POPs	59668
▁$3,000	59669
▁2011-2013	59670
▁Boog	59671
▁Diversification	59672
▁Grin	59673
▁Piss	59674
▁SPACE	59675
▁artifact	59676
▁infrequent	59677
▁plotting	59678
▁scepticism	59679
磕	59680
笴	59681
	59682
delivered	59683
hibiting	59684
▁Dmitr	59685
▁Khojaly	59686
▁MHz	59687
▁Tear	59688
▁docket	59689
▁organising	59690
蝎	59691
Political	59692
Permanent	59693
SIGHS	59694
▁Aquifer	59695
▁LEO	59696
▁cultivating	59697
篱	59698
.2/1998/	59699
/520/	59700
potential	59701
▁Amelia	59702
▁BECAUSE	59703
▁Chiapas	59704
▁Mindanao	59705
▁Mississippi	59706
▁Relevance	59707
▁TCPR	59708
▁Vasil	59709
▁bode	59710
▁hustle	59711
▁imaginary	59712
▁stunning	59713
▁volcanoes	59714
曙	59715
瘆	59716
阪	59717
/2013/6	59718
okay	59719
pocket	59720
æ	59721
▁$3,1	59722
▁Gina	59723
▁Helicopter	59724
▁Manfred	59725
▁Mix	59726
▁biomedical	59727
▁geodetic	59728
寝	59729
袱	59730
/2011/7	59731
/62/17	59732
Phase	59733
endemic	59734
▁Brockmann	59735
▁Genit	59736
▁Meat	59737
▁appreciable	59738
▁crater	59739
▁grantees	59740
▁septic	59741
焉	59742
焰	59743
	59744
Love	59745
ONY	59746
finitely	59747
plasm	59748
▁Nguyen	59749
▁congruen	59750
▁grudge	59751
▁jealousy	59752
▁poke	59753
▁shiny	59754
▁squatter	59755
▁unethical	59756
.9/64	59757
company	59758
▁51/16	59759
▁Karni	59760
▁Kathy	59761
▁Spark	59762
▁democrat	59763
▁misinformation	59764
▁renaissance	59765
▁rendezvous	59766
泣	59767
CHUCKLES	59768
ermissibility	59769
intestin	59770
▁Ashraf	59771
▁Kwon	59772
▁Liberalization	59773
▁Neutral	59774
▁Reactor	59775
▁Uvira	59776
▁wallcharts	59777
凄	59778
慾	59779
賠	59780
/1988	59781
After	59782
Lesotho	59783
logging	59784
voice	59785
▁$300,000	59786
▁Divide	59787
▁Fondation	59788
▁Mauritian	59789
▁Possibly	59790
▁fringe	59791
▁groundbreaking	59792
▁promiss	59793
▁ridicule	59794
▁sparing	59795
痢	59796
.189/12	59797
▁2013-2014	59798
▁39/46	59799
▁Chittagong	59800
▁Ecological	59801
▁Imam	59802
▁MECHANISM	59803
▁PRACTICES	59804
▁internment	59805
▁poliomyelitis	59806
▁subtitle	59807
瞭	59808
誼	59809
Family	59810
▁(1979)	59811
▁Energoprojekt	59812
▁Universe	59813
▁housework	59814
▁ordained	59815
鑒	59816
/25070	59817
Help	59818
MOU	59819
cipient	59820
esumption	59821
travel	59822
┋	59823
▁16:30	59824
▁57/305	59825
▁Dimitri	59826
▁Ferrer	59827
▁anarchy	59828
▁dispersal	59829
▁nomenclature	59830
▁topographic	59831
吋	59832
攪	59833
蜴	59834
.157/23),	59835
/2011/4	59836
Zerdani	59837
▁Antwerp	59838
▁Clarence	59839
▁HBCD	59840
▁Khar	59841
▁Stevie	59842
▁aptitude	59843
▁arsenic	59844
▁democratize	59845
▁desalination	59846
▁dismember	59847
▁substantiating	59848
箉	59849
/2001/13	59850
▁Bolton	59851
▁EUPM	59852
▁Frederick	59853
▁Jahangir	59854
▁Nipp	59855
▁Physicians	59856
▁Sylvie	59857
▁TBT	59858
▁alphabet	59859
▁cartographic	59860
▁insurrection	59861
▁onslaught	59862
▁ultraviolet	59863
瑈	59864
▁Hemisphere	59865
▁KGB	59866
▁Statisticians	59867
▁Tito	59868
▁continuance	59869
▁endnotes	59870
▁incinerator	59871
▁pillage	59872
555	59873
Transport	59874
iscriminatory	59875
iyeh	59876
▁963-23	59877
▁Bauer	59878
▁Length	59879
▁Leonid	59880
▁Rename	59881
▁Waldock	59882
▁brokerage	59883
▁crippling	59884
▁resettle	59885
▁sliding	59886
▁unimaginable	59887
釘	59888
	59889
Afghan	59890
Kidwa	59891
gravity	59892
‛	59893
▁COSPAS	59894
▁Scholar	59895
▁barricade	59896
▁bash	59897
▁goddess	59898
▁insidious	59899
聾	59900
SPEAKING	59901
sensitivity	59902
▁Assault	59903
▁Dumb	59904
▁Kawa	59905
▁crooked	59906
▁disembark	59907
▁dynamite	59908
▁interviewees	59909
▁jammed	59910
▁prophylaxis	59911
▁scramble	59912
▁synchronization	59913
哔	59914
噜	59915
琢	59916
鬍	59917
Hamra	59918
laughs	59919
ncorporating	59920
valuation	59921
▁Chemistry	59922
▁Extract	59923
▁Familia	59924
▁Kremlin	59925
▁Lubumbashi	59926
▁Marion	59927
▁amusing	59928
▁enmity	59929
▁grocery	59930
▁rivalry	59931
▁turf	59932
	59933
▁AIHRC	59934
▁Excess	59935
▁Gregory	59936
▁Jorda	59937
▁Mekdad	59938
▁Stephanie	59939
▁ascribe	59940
▁slug	59941
▁tainted	59942
▁transponder	59943
嘢	59944
祘	59945
镣	59946
靓	59947
,560	59948
Bertrand	59949
PAAs	59950
▁Graph	59951
▁Yahya	59952
▁humility	59953
▁masterpiece	59954
▁tasty	59955
蠕	59956
鍋	59957
	59958
mujeres	59959
Ь	59960
▁$900	59961
▁62/13	59962
▁Lambert	59963
▁Monde	59964
▁Monster	59965
▁Presence	59966
▁encamp	59967
▁infancy	59968
▁pluck	59969
▁sulphide	59970
▁unpack	59971
姥	59972
GT	59973
encompassing	59974
rocket	59975
▁1999/2000	59976
▁367-9	59977
▁Magazine	59978
▁Remov	59979
▁earmark	59980
▁imaginative	59981
喧	59982
$100,000	59983
Moses	59984
▁59/272	59985
▁Begin	59986
▁Cease	59987
▁Elisabeth	59988
▁Elsewhere	59989
▁grappling	59990
厘	59991
燙	59992
穹	59993
Business	59994
▁($21	59995
▁56/242	59996
▁Bratislava	59997
▁aisle	59998
▁crook	59999
▁insightful	60000
▁lava	60001
▁legacies	60002
▁mastermind	60003
▁proponent	60004
▁radicalization	60005
▁scoop	60006
▁stew	60007
硑	60008
舧	60009
NOAA	60010
▁Zuma	60011
▁ammonia	60012
▁artwork	60013
▁clich	60014
礹	60015
characterised	60016
confidential	60017
eronautical	60018
▁Compound	60019
▁FILM	60020
▁noisy	60021
寨	60022
襪	60023
鈴	60024
靼	60025
Sirleaf	60026
hundredth	60027
õ	60028
▁Baali	60029
▁Fletcher	60030
▁Pittsburgh	60031
▁Rocket	60032
▁activat	60033
▁oust	60034
▁sceptic	60035
蛾	60036
mediation	60037
▁($1,0	60038
▁Catering	60039
▁GOVERNMENT	60040
▁Miriam	60041
▁Suzanne	60042
▁centrepiece	60043
瑀	60044
eater	60045
▁Alexandria	60046
▁Arria	60047
▁Bullet	60048
▁Petrol	60049
▁Streamlining	60050
▁cocksucker	60051
▁collation	60052
▁crumb	60053
▁degenerate	60054
▁jeep	60055
▁maneuver	60056
▁plateau	60057
▁splinter	60058
侶	60059
寐	60060
鯊	60061
ECCAS	60062
Gypsies	60063
▁$3,2	60064
▁Diarra	60065
▁Ella	60066
▁Exclusive	60067
▁LITTLE	60068
▁Returnees	60069
▁douche	60070
▁envisaging	60071
▁skewed	60072
▁triennium	60073
揩	60074
/2003/11	60075
▁$3,5	60076
▁67/226	60077
▁Auschwitz	60078
▁Emotion	60079
▁Malay	60080
▁PLEASE	60081
▁PREPARAT	60082
▁Tammy	60083
▁Witch	60084
▁accumulating	60085
▁darkest	60086
▁midwife	60087
詐	60088
.15/2007/	60089
/62/20	60090
Puntland	60091
Watch	60092
adhika	60093
strengthening	60094
volving	60095
▁Cannabis	60096
▁Coleman	60097
▁DOES	60098
▁Madeleine	60099
▁Mutilation	60100
▁Psychology	60101
▁Saiga	60102
▁Tampere	60103
▁Verify	60104
▁disenfranchise	60105
▁psychopath	60106
ONUB	60107
OSAA	60108
Resident	60109
▁Aliyev	60110
▁Bowl	60111
▁Dispatch	60112
▁False	60113
▁Karadzic	60114
▁TrainForTrade	60115
▁assassinate	60116
忆	60117
橄	60118
/2012/2	60119
diversity	60120
▁Ballot	60121
▁Breakfast	60122
▁Edmund	60123
▁coroner	60124
▁cosmic	60125
▁granddaughter	60126
▁grassland	60127
▁rupture	60128
▁suicidal	60129
坍	60130
盏	60131
▁Abdelfat	60132
▁FANCI	60133
▁Habib	60134
▁Virgil	60135
▁WAIT	60136
Crime	60137
Music	60138
damage	60139
▁Kyung	60140
▁MARCH	60141
▁Sensitive	60142
▁Taiwanese	60143
▁Variable	60144
▁agri	60145
▁fusion	60146
▁pumpkin	60147
▁redefin	60148
▁roman	60149
▁untrue	60150
▁whisk	60151
σ	60152
▁CITES	60153
▁Categories	60154
▁Cohen	60155
▁Commemorati	60156
▁Electro	60157
▁Frey	60158
▁Friedrich	60159
▁Misseriya	60160
▁Necessary	60161
▁Plenty	60162
▁Prendergast	60163
▁eyeball	60164
玱	60165
ECOSOC	60166
Eradicat	60167
Object	60168
implification	60169
▁Album	60170
▁Gerry	60171
▁Greenpeace	60172
▁Hygiene	60173
▁Naga	60174
▁Peterson	60175
▁STATUS	60176
▁Vargas	60177
▁counsellor	60178
▁infliction	60179
▁preacher	60180
▁uncoordinated	60181
殴	60182
	60183
Jazeera	60184
Liberia	60185
Petersen	60186
accommodation	60187
ahide	60188
ccede	60189
▁AMERICA	60190
▁Kung	60191
▁SORRY	60192
▁encapsulate	60193
▁fend	60194
▁housewives	60195
▁lipstick	60196
▁sacrificing	60197
▁vetted	60198
▁vulture	60199
嘻	60200
睫	60201
Blue	60202
GOOS	60203
OOK	60204
Regulation	60205
content	60206
ussy	60207
▁Afrique	60208
▁Axel	60209
▁Sinti	60210
▁Typical	60211
▁adherents	60212
咚	60213
Internet	60214
Prohibition	60215
Proposed	60216
▁Accelerate	60217
▁Cheryl	60218
▁Chester	60219
▁Ntaganda	60220
▁Privacy	60221
▁SHOULD	60222
▁amplify	60223
▁ethic	60224
▁imprison	60225
▁moan	60226
▁resubmit	60227
▁rhyme	60228
泻	60229
籤	60230
calculated	60231
counsel	60232
▁Agnes	60233
▁Babylon	60234
▁GBV	60235
▁Garda	60236
▁Incredible	60237
▁Leonardo	60238
▁Naomi	60239
▁commonalities	60240
▁hashtag	60241
▁imperialist	60242
▁nomads	60243
▁shoreline	60244
畉	60245
pilot	60246
▁Difficult	60247
▁ENVIRONMENT	60248
▁fanaticism	60249
▁hijack	60250
▁horny	60251
▁kinship	60252
▁madame	60253
▁toxicological	60254
	60255
▁Cecilia	60256
▁Employee	60257
▁Guayaquil	60258
▁Pretend	60259
▁cassette	60260
▁dashboard	60261
▁initiator	60262
▁insanity	60263
▁tagged	60264
Bermudian	60265
Finance	60266
▁Bunch	60267
▁Cartography	60268
▁Countermeasures	60269
▁Judaism	60270
▁Masisi	60271
▁Olga	60272
▁Sabo	60273
▁Watt	60274
▁acoustic	60275
▁contiguity	60276
▁levies	60277
▁salinity	60278
▁sensu	60279
▁sinned	60280
▁whipped	60281
凿	60282
Japanese	60283
Scale	60284
Uzbekistan	60285
cyclohexane	60286
▁BOY	60287
▁Cocaine	60288
▁Margin	60289
▁Raoul	60290
▁Roadmap	60291
▁admonition	60292
▁darn	60293
▁expend	60294
▁hamburger	60295
▁netizens	60296
▁overreact	60297
Roma	60298
settlement	60299
▁Apia	60300
▁Conceptual	60301
▁Daughter	60302
▁Laurentis	60303
▁Macro	60304
▁atrocious	60305
▁praiseworthy	60306
▁readership	60307
欖	60308
medicine	60309
quatorial	60310
­	60311
▁1992-1993	60312
▁Armstrong	60313
▁Sparrow	60314
婢	60315
貢	60316
-26/2	60317
LAUGHING	60318
MENTAL	60319
USEPA	60320
polytheists	60321
uentin	60322
κ	60323
▁Goonesekere	60324
▁IMDIS	60325
▁MID	60326
▁NWS	60327
▁ONLY	60328
▁PCDD	60329
▁algae	60330
▁homophobi	60331
▁mockery	60332
▁obliterat	60333
▁rescission	60334
▁rupees	60335
▁skinhead	60336
淌	60337
Jabal	60338
SAARC	60339
emarcation	60340
learned	60341
lternating	60342
▁Confront	60343
▁GOVERN	60344
▁Jefferson	60345
▁Reuters	60346
▁amplified	60347
▁cartography	60348
▁decontamination	60349
▁dengue	60350
▁disassociat	60351
▁lithium	60352
▁multiplication	60353
漲	60354
Eboutou	60355
Military	60356
microbial	60357
▁(1982)	60358
▁Cyril	60359
▁DECLARATION	60360
▁Glossary	60361
▁POLICY	60362
▁Wife	60363
▁anachronistic	60364
▁ignition	60365
▁prophecy	60366
▁shilling	60367
▁uncontested	60368
Establishment	60369
earth	60370
peacekeeping	60371
▁contraband	60372
▁dishonest	60373
▁eclipse	60374
▁quarry	60375
▁rookie	60376
姗	60377
/2011/6	60378
Jesus	60379
Nice	60380
PHONE	60381
nrichment	60382
running	60383
±	60384
▁Chocolate	60385
▁Curricula	60386
▁Gotham	60387
▁Mistress	60388
▁Unreported	60389
▁cleric	60390
▁obedient	60391
▁proliferate	60392
▁waving	60393
誊	60394
驢	60395
/58/16	60396
PRONA	60397
UNMIBH	60398
▁($25	60399
▁Architect	60400
▁Consequent	60401
▁Dirty	60402
▁Geophysic	60403
▁HOME	60404
▁Practitioner	60405
▁Rhine	60406
▁Venture	60407
Terrorist	60408
UNCDF	60409
▁Belinga	60410
▁CHILDREN	60411
▁Chanet	60412
▁Gaborone	60413
▁Hush	60414
▁Kep	60415
▁Takasu	60416
▁evacuating	60417
▁interrelation	60418
▁limp	60419
▁mutt	60420
▁paramedic	60421
荫	60422
contaminated	60423
▁Buchanan	60424
▁majesty	60425
▁rooftop	60426
▁trusteeship	60427
囑	60428
,320	60429
ccredited	60430
▁0.001	60431
▁Buddhism	60432
▁Ferrari	60433
▁GESAMP	60434
▁Himself	60435
▁Hyper	60436
▁Salvation	60437
▁cheerleader	60438
▁warships	60439
獅	60440
邱	60441
▁Cousin	60442
▁Damien	60443
▁Flip	60444
▁Knox	60445
▁UNAMET	60446
▁brace	60447
▁contaminat	60448
▁filename	60449
▁maquila	60450
▁rehab	60451
囱	60452
	60453
Agreement	60454
HM	60455
Jack	60456
charging	60457
formative	60458
nothing	60459
▁Compile	60460
▁Kouchner	60461
▁Mitsubishi	60462
▁PFCs	60463
▁PREVENTI	60464
▁Propose	60465
▁Widespread	60466
▁doughnut	60467
▁sunrise	60468
▁sympathies	60469
Timor	60470
incriminating	60471
park	60472
xico	60473
▁$77	60474
▁0.05	60475
▁Embargo	60476
▁Evaluate	60477
▁Meredith	60478
▁Nevada	60479
▁Olivier	60480
▁RULES	60481
▁circumstantial	60482
▁configure	60483
▁happiest	60484
▁puberty	60485
▁victorious	60486
沽	60487
Footnote	60488
deactivation	60489
▁57/15	60490
▁Banjul	60491
▁Churkin	60492
▁Columbus	60493
▁Infantry	60494
▁Instalment	60495
▁abbreviat	60496
▁diminution	60497
▁disbandment	60498
▁imagining	60499
▁mike	60500
▁obsolescence	60501
霧	60502
Contract	60503
Malawi	60504
penetrat	60505
▁Guantanamo	60506
▁Milosevic	60507
▁Provedor	60508
▁abeyance	60509
▁clipboard	60510
▁deliberating	60511
▁integrative	60512
▁summarise	60513
▁zeal	60514
坨	60515
炖	60516
螃	60517
Congratulat	60518
MONUSCO	60519
forgiving	60520
moving	60521
▁Climb	60522
▁GIVE	60523
▁Jallow	60524
▁Lachin	60525
▁Reynolds	60526
▁annihilat	60527
▁drawbacks	60528
▁meningitis	60529
▁punctual	60530
▁repudiate	60531
怡	60532
茸	60533
鞑	60534
	60535
liquid	60536
nterreligious	60537
otter	60538
together	60539
▁10:30	60540
▁Tirana	60541
▁dismal	60542
▁endocrine	60543
▁gown	60544
▁impound	60545
▁iterative	60546
▁paraquat	60547
▁spectacle	60548
嘆	60549
挛	60550
committed	60551
focus	60552
validity	60553
wrap	60554
▁ADMINISTRATIVE	60555
▁Danger	60556
▁Recycling	60557
▁Spike	60558
▁tomato	60559
▁unscrupulous	60560
▁vibration	60561
啃	60562
橇	60563
睐	60564
祐	60565
Army	60566
MYFF	60567
Papua	60568
▁Aurora	60569
▁Exploring	60570
▁Majdal	60571
▁outstrip	60572
▁turbulen	60573
▁vase	60574
▁yoga	60575
廿	60576
擄	60577
檳	60578
believers	60579
concluded	60580
gotten	60581
▁Allocate	60582
▁Illiteracy	60583
▁Judith	60584
▁Raven	60585
▁Solidari	60586
▁janitor	60587
▁physicist	60588
▁squat	60589
▁unaddressed	60590
冀	60591
擂	60592
骯	60593
	60594
BUILDING	60595
majority	60596
proposal	60597
▁(2010-20	60598
▁56/9	60599
▁Chlor	60600
▁EDUCATION	60601
▁Griffin	60602
▁Tymbou	60603
▁italics	60604
▁populace	60605
▁resurrect	60606
禧	60607
竚	60608
讫	60609
闺	60610
Darfur	60611
mortem	60612
quot	60613
▁Dante	60614
▁Distinct	60615
▁Guterres	60616
▁Ordzhonikidze	60617
▁Piot	60618
▁Timothy	60619
▁extraordinarily	60620
▁recognising	60621
▁scissors	60622
▁trout	60623
詳	60624
鴉	60625
Population	60626
UESTIONS	60627
WSIS	60628
concurring	60629
insurgency	60630
unodc	60631
▁Boven	60632
▁Creator	60633
▁Denial	60634
▁Literature	60635
▁Machel	60636
▁Schmidt	60637
▁coloniz	60638
▁decimat	60639
▁delightful	60640
▁hereditary	60641
敛	60642
洩	60643
	60644
Dumping	60645
flagging	60646
opia	60647
ultimate	60648
▁Gaja	60649
▁Hammond	60650
▁Optic	60651
▁Seo	60652
▁exogenous	60653
▁hurl	60654
▁speculate	60655
妍	60656
萍	60657
Judge	60658
consultation	60659
sensing	60660
▁Earn	60661
▁Failing	60662
▁Harvest	60663
▁Liberaci	60664
▁Rabbit	60665
▁Retreat	60666
▁Ulu	60667
▁absenteeism	60668
▁redistribut	60669
▁reflex	60670
奄	60671
Niger	60672
usual	60673
▁$0.9	60674
▁Albuquerque	60675
▁Baikonur	60676
▁Gateway	60677
▁Giorgio	60678
▁Mbonu	60679
▁Milton	60680
▁emphatically	60681
▁frost	60682
▁irrigated	60683
▁mould	60684
▁pluralist	60685
▁undeniabl	60686
癶	60687
笃	60688
赈	60689
Control	60690
Ecuadorian	60691
Listen	60692
identified	60693
▁Abdoula	60694
▁Alfredsson	60695
▁MLA	60696
▁Salzburg	60697
▁dispossessed	60698
▁fright	60699
▁hawk	60700
▁plural	60701
▁unrelenting	60702
ェ	60703
銬	60704
PRESS	60705
certified	60706
▁SOLAS	60707
▁banquet	60708
▁entre	60709
▁intravenous	60710
▁salon	60711
▁unspeakable	60712
▁veteran	60713
/1997/7	60714
CODE	60715
Status	60716
cautionary	60717
omics	60718
underutilization	60719
▁(1984)	60720
▁(1986)	60721
▁Barros	60722
▁Cecil	60723
▁Dusty	60724
▁Fruit	60725
▁Hammer	60726
▁NEVER	60727
▁Pathway	60728
▁Solana	60729
▁Techni	60730
▁decals	60731
▁populous	60732
▁spectre	60733
傭	60734
埠	60735
LAUGHS	60736
ODIHR	60737
democracy	60738
disclosure	60739
▁CHALLENGES	60740
▁Fischer	60741
▁POW	60742
▁Uncertaint	60743
▁chlordecone	60744
▁cockroach	60745
▁diphtheria	60746
▁folklore	60747
▁heartening	60748
▁hull	60749
▁titling	60750
▁trophy	60751
ヴ	60752
琶	60753
/61/12	60754
Composite	60755
Sixth	60756
Taliban	60757
affiliated	60758
categories	60759
executing	60760
▁Grid	60761
▁Luna	60762
▁Mugabe	60763
▁Nouvelles	60764
▁Parameters	60765
▁RECOMMENDATION	60766
▁Sardenberg	60767
▁dunums	60768
▁exterminat	60769
▁fodder	60770
▁permissive	60771
▁valiant	60772
誨	60773
貸	60774
Meeting	60775
bilateral	60776
millimetre	60777
▁Champion	60778
▁Gustafik	60779
▁Pepper	60780
▁Transmitte	60781
▁Venus	60782
▁misplaced	60783
俣	60784
恆	60785
癢	60786
讷	60787
霹	60788
Gambia	60789
MULTI	60790
alternative	60791
conformity	60792
hearing	60793
▁Constituti	60794
▁RACISM	60795
▁Vicky	60796
▁retardants	60797
▁roubles	60798
▁streak	60799
疊	60800
/51/950	60801
Brien	60802
Electronic	60803
Never	60804
lveda	60805
major	60806
shaped	60807
▁Behaviour	60808
▁Competitive	60809
▁Crane	60810
▁Gypsy	60811
▁Isabelle	60812
▁Minimiz	60813
▁UNSMIS	60814
▁ominous	60815
▁pharmacies	60816
▁tomatoes	60817
涸	60818
緬	60819
閑	60820
Excuse	60821
headquarters	60822
maximum	60823
ẩ	60824
▁Countess	60825
▁Jensen	60826
▁Paralympic	60827
▁brute	60828
▁gigantic	60829
▁librarian	60830
▁proverb	60831
拓	60832
攤	60833
賸	60834
镯	60835
Poverty	60836
referential	60837
▁Bosco	60838
▁FIFA	60839
▁Franciscans	60840
▁Kieran	60841
▁Triangle	60842
▁Yimer	60843
▁adversity	60844
▁indemnities	60845
▁intermingl	60846
憧	60847
棘	60848
/57/15	60849
ttitudinal	60850
▁Correction	60851
▁Homicide	60852
▁Kismaayo	60853
▁Mandy	60854
▁Saeed	60855
▁Tentative	60856
▁monsieur	60857
▁programmable	60858
▁unimplemented	60859
甭	60860
磐	60861
FMCT	60862
Wow	60863
barred	60864
gesetz	60865
Ü	60866
▁Cunha	60867
▁Fanny	60868
▁Freak	60869
▁Gallery	60870
▁Georgie	60871
▁Lannister	60872
▁Terri	60873
▁compression	60874
▁delegating	60875
▁enclosing	60876
▁seabirds	60877
▁slapped	60878
▁unrecognized	60879
++	60880
▁APCTT	60881
▁Hopkins	60882
▁filth	60883
▁gag	60884
▁projectiles	60885
▁scripture	60886
representing	60887
▁Atmosphere	60888
▁Creek	60889
▁Prizren	60890
▁Sinclair	60891
▁Truman	60892
▁Wikipedia	60893
▁camouflage	60894
▁circumscribe	60895
▁reinvent	60896
吁	60897
▁Capture	60898
▁Husband	60899
▁Magistracy	60900
▁confederation	60901
屯	60902
Malta	60903
▁Darcy	60904
▁Nursing	60905
▁Purple	60906
▁Rockefeller	60907
➢	60908
フ	60909
甉	60910
▁Edwin	60911
▁FRCI	60912
▁Medina	60913
▁apron	60914
▁expound	60915
▁mercenarism	60916
褥	60917
鄧	60918
closure	60919
uantity	60920
ustapha	60921
valid	60922
آ	60923
▁Inviting	60924
▁Rohingya	60925
▁Timmy	60926
▁celebrities	60927
▁kitten	60928
▁liquidate	60929
▁rudimentary	60930
▁scholastic	60931
曳	60932
臸	60933
銅	60934
龜	60935
	60936
ntangible	60937
▁963-3888	60938
▁Majoor	60939
▁disaggregate	60940
▁fluoride	60941
▁harp	60942
▁subsidiarity	60943
▁twinning	60944
搐	60945
痫	60946
羚	60947
▁$0.2	60948
▁Baucau	60949
▁Beatrice	60950
▁Emilio	60951
▁Patterson	60952
▁Prefecture	60953
▁Vicente	60954
▁adversary	60955
▁bliss	60956
▁fluctuating	60957
▁instigating	60958
晝	60959
Screaming	60960
exploited	60961
iggy	60962
lush	60963
reason	60964
wives	60965
▁Cult	60966
▁Denisov	60967
▁Exceptional	60968
▁McLurg	60969
▁Mozambican	60970
▁Rubber	60971
▁carnage	60972
▁exclusivity	60973
▁geology	60974
▁ornament	60975
▁senate	60976
憬	60977
譴	60978
.[1	60979
200,000	60980
UEMOA	60981
undocs	60982
▁$0.1	60983
▁Owada	60984
▁cardio	60985
▁constable	60986
▁liberating	60987
▁statistic	60988
淺	60989
	60990
▁$3,6	60991
▁(1987)	60992
▁Doctrine	60993
▁Injuries	60994
▁Rosemary	60995
▁SUPPORT	60996
▁subjugation	60997
command	60998
▁Afterwards	60999
▁Attend	61000
▁Scaling	61001
▁Tracts	61002
▁gloomy	61003
▁widowhood	61004
commitment	61005
▁Constantine	61006
▁Kabbah	61007
▁Sawyer	61008
▁artemisinin	61009
▁daring	61010
▁hysterical	61011
▁sponge	61012
▁vapor	61013
撥	61014
胱	61015
腇	61016
钶	61017
CTITF	61018
Salaam	61019
▁GSTP	61020
▁Hubert	61021
▁Thessaloniki	61022
▁abomination	61023
▁disengage	61024
▁pillaging	61025
桿	61026
煽	61027
臆	61028
▁$0.8	61029
▁COMMITMENTS	61030
▁DECEMBER	61031
▁Dawson	61032
▁Georgetown	61033
▁IDEA	61034
▁Zion	61035
▁everlasting	61036
▁intruder	61037
▁monograph	61038
▁rift	61039
▁sequel	61040
/247	61041
▁55/222	61042
▁Accused	61043
▁Cassie	61044
▁Stuff	61045
▁asymmetry	61046
▁cemeteries	61047
▁commis	61048
▁quinquennium	61049
/2000/921)	61050
discipline	61051
ˋ	61052
▁Random	61053
▁Zeus	61054
▁bequeath	61055
▁instigator	61056
▁smelter	61057
▁strawberry	61058
穗	61059
騰	61060
/61/9	61061
UNTSO	61062
▁Anywhere	61063
▁Cohesion	61064
▁Coulson	61065
▁Dammit	61066
▁Sanchez	61067
▁Yasu	61068
▁advisories	61069
▁deminers	61070
▁detached	61071
▁empathy	61072
▁figuring	61073
▁pinned	61074
▁pragmatism	61075
▁solidify	61076
▁sprinkle	61077
▁unexplained	61078
▁vulgar	61079
胰	61080
/1998/8	61081
deployed	61082
▁Ashkali	61083
▁Excise	61084
▁Holiness	61085
▁Honest	61086
▁Reflection	61087
▁coltan	61088
▁flak	61089
▁gynaecological	61090
▁surmount	61091
▁tyrant	61092
谘	61093
骋	61094
entrepreneurs	61095
orientation	61096
relating	61097
▁Crew	61098
▁HELP	61099
▁Sickness	61100
▁arbitrate	61101
▁loneliness	61102
▁presidencies	61103
ぶ	61104
墳	61105
晤	61106
詭	61107
Communication	61108
plankton	61109
▁Deiss	61110
▁Overwrite	61111
▁Polio	61112
▁Samaritan	61113
▁flea	61114
▁humidity	61115
▁hydrology	61116
▁manslaughter	61117
▁paralyzed	61118
▁posit	61119
▁renminbi	61120
▁reorganizing	61121
▁sinful	61122
▁suing	61123
BOTH	61124
Suriname	61125
ظ	61126
▁Ahtisaari	61127
▁Brooks	61128
▁Maldivian	61129
▁Occupy	61130
▁SPECA	61131
▁Timbuktu	61132
▁Vaughn	61133
▁hedging	61134
潤	61135
Partnership	61136
▁Entrance	61137
▁Frei	61138
▁Maniema	61139
▁Mentor	61140
▁Nassau	61141
▁PUBLIC	61142
▁Techno	61143
▁acquaint	61144
▁patriotic	61145
▁shameless	61146
	61147
	61148
voluntary	61149
▁Disadvantage	61150
▁Erdo	61151
▁Layout	61152
▁Oaxaca	61153
▁Papadopoulos	61154
▁Reggie	61155
▁trench	61156
厮	61157
烬	61158
逍	61159
Mission	61160
▁Ariane	61161
▁Clothing	61162
▁Deploy	61163
▁Feminist	61164
▁Unilex	61165
▁controversies	61166
▁esteemed	61167
▁registrant	61168
▁saddened	61169
▁vegetarian	61170
薦	61171
/56/887	61172
EUFOR	61173
tribal	61174
▁Aboul	61175
▁Baxter	61176
▁Denver	61177
▁Lopez	61178
▁Niamey	61179
▁PBBs	61180
▁Smooth	61181
▁lyrics	61182
拴	61183
▁Astronomical	61184
▁Forrest	61185
▁annihilation	61186
▁bamboo	61187
▁bartender	61188
▁cupcake	61189
▁disapproval	61190
▁excise	61191
▁tonne	61192
繧	61193
▁HREOC	61194
▁PROCESS	61195
▁Vinci	61196
▁crusade	61197
▁novelty	61198
▁purify	61199
▁rebellious	61200
楊	61201
燭	61202
Procurement	61203
nspired	61204
▁Andrey	61205
▁BACKGROUND	61206
▁Brooke	61207
▁Danilo	61208
▁Janice	61209
▁Liberties	61210
▁Methodist	61211
▁Wahid	61212
▁buffet	61213
▁clumsy	61214
▁clutch	61215
▁superhero	61216
Science	61217
multilateral	61218
▁expediency	61219
▁verifie	61220
阂	61221
ẳ	61222
▁BEFORE	61223
▁Manchester	61224
▁Walloon	61225
▁bravery	61226
▁dwindling	61227
▁nuisance	61228
▁runaway	61229
汐	61230
絤	61231
腓	61232
Association	61233
▁56/214	61234
▁63/262	61235
▁Arbour	61236
▁Briggs	61237
▁Hajj	61238
▁Kerry	61239
▁assembling	61240
湊	61241
熨	61242
GIEACPC	61243
certification	61244
igno	61245
▁Abaka	61246
▁Inclination	61247
▁Infection	61248
▁indemnification	61249
蹋	61250
	61251
/58/20	61252
bottom	61253
▁CCTV	61254
▁Deborah	61255
▁FREEDOMS	61256
▁Geez	61257
▁Harriet	61258
▁TERRITORIES	61259
▁Tunza	61260
▁bibliographic	61261
▁hawala	61262
▁intrigue	61263
▁languish	61264
▁pudding	61265
▁queer	61266
蛊	61267
▁Chiyoda	61268
▁Inocenci	61269
▁Kentucky	61270
▁Studio	61271
▁dormant	61272
▁embodiment	61273
▁liquef	61274
▁waiving	61275
娛	61276
铵	61277
billion	61278
motorized	61279
wami	61280
▁Abstentions	61281
▁Faye	61282
▁Federati	61283
▁Peacekeepers	61284
▁Recognising	61285
▁Silas	61286
▁Surrender	61287
▁Swim	61288
▁Zheng	61289
▁caregiver	61290
▁convers	61291
▁erotic	61292
▁honk	61293
▁incriminate	61294
♪♪	61295
潰	61296
矣	61297
ephedrine	61298
russian	61299
solution	61300
▁Injury	61301
▁Rwand	61302
▁sinister	61303
劉	61304
慑	61305
翩	61306
briefing	61307
guarantee	61308
▁Assyria	61309
▁Burmese	61310
▁Busy	61311
▁Natasha	61312
▁Salih	61313
▁Simpson	61314
▁inadvertent	61315
▁marred	61316
柿	61317
introduce	61318
▁Trauma	61319
▁plummet	61320
▁simplistic	61321
▁stud	61322
▁subdivide	61323
屆	61324
/58/17	61325
Louis	61326
aesarean	61327
ncidentally	61328
▁$40,000	61329
▁Barbie	61330
▁Cherry	61331
▁Oregon	61332
▁dodge	61333
籲	61334
/57/772	61335
spread	61336
γ	61337
▁Attract	61338
▁CHAIRPERSON	61339
▁Farewell	61340
▁Minamata	61341
▁Profession	61342
▁graffiti	61343
▁rebate	61344
▁shrapnel	61345
▁unnoticed	61346
▁webpage	61347
睇	61348
禀	61349
窱	61350
Inclusive	61351
Statute	61352
▁Barrett	61353
▁Caritas	61354
▁Gaddafi	61355
▁SPECI	61356
▁cardiac	61357
▁complacent	61358
▁crazie	61359
▁doctrinal	61360
Christian	61361
HOSE	61362
climate	61363
minister	61364
ntensified	61365
▁0900	61366
▁2000/2001	61367
▁Alabama	61368
▁Judg	61369
▁PERSONS	61370
▁Probation	61371
▁Sinha	61372
▁Voorburg	61373
▁arguable	61374
▁dampen	61375
▁innumerable	61376
▁masculine	61377
▁Bunny	61378
▁HEAD	61379
▁Rutshuru	61380
▁Vorontsov	61381
▁automotive	61382
▁cellphone	61383
▁dissatisfied	61384
▁dysfunction	61385
▁exorbitant	61386
▁hinterland	61387
▁judiciaries	61388
▁redoubl	61389
▁undone	61390
峨	61391
捍	61392
諜	61393
阡	61394
/23370	61395
Caribbean	61396
Russia	61397
computer	61398
▁Cabo	61399
▁Charley	61400
▁Jacqueline	61401
▁Reset	61402
▁buckle	61403
▁perilous	61404
▁rabbi	61405
倘	61406
▁$0.7	61407
▁Advise	61408
▁Armando	61409
▁Mecca	61410
▁choking	61411
▁rattle	61412
vascular	61413
▁Cesar	61414
▁Hargeisa	61415
▁Louisiana	61416
▁Wipe	61417
谕	61418
estimation	61419
▁Dairiam	61420
▁Hyderabad	61421
▁Typhoon	61422
▁detonate	61423
萃	61424
AWGLCA	61425
ccrued	61426
▁Hidden	61427
▁Kampuchea	61428
▁Scotch	61429
▁Spell	61430
▁estoppel	61431
▁persuading	61432
镶	61433
Freedom	61434
isuke	61435
oversight	61436
survey	61437
▁Ticket	61438
▁gulf	61439
恪	61440
蚕	61441
/50/4	61442
Court	61443
ULE	61444
▁($1,1	61445
▁Bhagwati	61446
▁Bioethics	61447
▁Dixon	61448
▁Incremental	61449
▁Salazar	61450
▁amusement	61451
癒	61452
誦	61453
須	61454
zzie	61455
▁Apartheid	61456
▁Gibbs	61457
▁Yerevan	61458
▁babysitter	61459
▁biodegrad	61460
邑	61461
HLCP	61462
nhancing	61463
uorum	61464
▁Aristide	61465
▁Marseille	61466
▁Pupils	61467
▁footwear	61468
▁incense	61469
掳	61470
谐	61471
.257/	61472
labour	61473
nvolved	61474
presiding	61475
prohibit	61476
zquez	61477
▁Aggregate	61478
▁Isabella	61479
▁acquis	61480
▁midwifery	61481
▁tidy	61482
ル	61483
Circumstances	61484
terconnectedness	61485
▁$0.6	61486
▁Lahore	61487
▁PRINCIPLE	61488
▁Scandinavia	61489
▁Upstairs	61490
▁hotter	61491
▁iceberg	61492
▁panicked	61493
▁transfusion	61494
▁unconfirmed	61495
嘀	61496
腮	61497
British	61498
declaration	61499
enriched	61500
promote	61501
▁INITIATIVE	61502
▁fictitious	61503
萤	61504
錫	61505
Bailiwick	61506
▁Diagnostic	61507
▁Oppos	61508
▁UAE	61509
▁august	61510
▁photovoltaic	61511
▁tipped	61512
Enter	61513
̧	61514
ẽ	61515
▁41/128	61516
▁DEVELOP	61517
▁SHIT	61518
▁dungeon	61519
▁guinea	61520
▁litigant	61521
▁pixel	61522
▁spake	61523
蛛	61524
Onyango	61525
civilian	61526
▁Scheinin	61527
▁lizard	61528
▁nanotechnology	61529
孰	61530
繻	61531
羟	61532
雁	61533
.1/67/	61534
Everyone	61535
Syria	61536
WIDER	61537
laughing	61538
î	61539
▁Alzheimer	61540
▁Evangelical	61541
▁GUYS	61542
▁Impressive	61543
▁Registries	61544
▁adhesi	61545
▁converging	61546
▁metallurg	61547
央	61548
峻	61549
nterpretative	61550
▁Independ	61551
▁Lucius	61552
▁fortified	61553
▁owl	61554
▁reputable	61555
▁resuscitat	61556
▁stalker	61557
▁unmarked	61558
7/2003	61559
▁Dental	61560
▁Dwight	61561
▁Mahbubani	61562
▁Turtle	61563
▁Wherefore	61564
▁cannibal	61565
▁granny	61566
▁irrefutable	61567
▁rigged	61568
桅	61569
纒	61570
镰	61571
,060	61572
govern	61573
Ñ	61574
▁MANAGEMENT	61575
▁Medvedev	61576
▁athlete	61577
▁correlate	61578
▁existential	61579
▁froze	61580
▁napkin	61581
▁unthinkable	61582
▁vineyard	61583
contact	61584
petition	61585
signatories	61586
▁Chick	61587
▁Destination	61588
▁exonerate	61589
▁paddle	61590
▁skipped	61591
筐	61592
****	61593
.4/1995/	61594
Account	61595
ENOPHOBIA	61596
UNAVEM	61597
phobic	61598
spiration	61599
▁Advertising	61600
▁Bahamian	61601
▁Trap	61602
▁asphalt	61603
▁ceramic	61604
▁cunning	61605
▁forefathers	61606
▁parastatal	61607
蜗	61608
Actual	61609
Bhutan	61610
bodied	61611
▁Acceleration	61612
▁Baltimore	61613
▁Correspondence	61614
▁Floyd	61615
▁Ginger	61616
▁Meteorology	61617
▁Stein	61618
▁bladder	61619
▁clap	61620
▁monstrous	61621
▁plumber	61622
LATERAL	61623
▁$0.3	61624
▁Bouteflika	61625
▁Eugeni	61626
▁contemporaneous	61627
▁phony	61628
▁subsist	61629
▁synagogue	61630
娱	61631
consumer	61632
▁Refresh	61633
▁gaseous	61634
▁piggy	61635
▁rescuing	61636
▁salut	61637
TWEE	61638
▁Abort	61639
▁Cabral	61640
▁Cinema	61641
▁Ombud	61642
▁blush	61643
▁friggin	61644
▁reunite	61645
讹	61646
轄	61647
COPUOS	61648
essler	61649
▁15-49	61650
▁Noblemaire	61651
▁Obstetric	61652
▁Shock	61653
▁Spear	61654
▁Unencumbered	61655
▁YEAR	61656
▁ginger	61657
▁snitch	61658
睛	61659
脓	61660
emergence	61661
▁Gonzalez	61662
▁Plugin	61663
▁dilapidated	61664
▁exploding	61665
▁misgivings	61666
▁submerged	61667
吠	61668
啬	61669
淪	61670
钙	61671
Effective	61672
village	61673
Υ	61674
▁Admissibility	61675
▁Gotovina	61676
▁Shabelle	61677
▁adversaries	61678
▁manipulating	61679
▁meltdown	61680
CICAD	61681
▁Arbitrator	61682
▁Confidential	61683
▁Sabbath	61684
▁privatiz	61685
貞	61686
鞍	61687
▁Berkeley	61688
▁FUNDAMENTAL	61689
▁Ogata	61690
▁Spiritual	61691
侬	61692
Appiah	61693
FRIEND	61694
▁$0.4	61695
▁Instruct	61696
▁Patience	61697
▁Sentinel	61698
▁Terror	61699
▁Toledo	61700
▁sloppy	61701
/60/16	61702
7.0	61703
replacement	61704
▁Bakassi	61705
▁Caucasian	61706
▁Hastings	61707
▁STATE	61708
Antioquia	61709
clothes	61710
▁Analysing	61711
▁Decentralized	61712
▁Henderson	61713
▁Stack	61714
▁Stamp	61715
▁dominion	61716
▁evict	61717
▁jeez	61718
塢	61719
渲	61720
Capacity	61721
Connell	61722
▁Apogee	61723
▁synopsis	61724
擇	61725
鉤	61726
▁CNDH	61727
▁Mirror	61728
▁chopped	61729
▁illogical	61730
剁	61731
嚨	61732
珂	61733
譬	61734
/62/16	61735
UNIKOM	61736
UZB	61737
believe	61738
▁RECOMMEND	61739
▁bioaccumulative	61740
▁recapture	61741
▁syphilis	61742
Defensor	61743
Ⴗ	61744
▁Anonymous	61745
▁Loyalty	61746
▁crocodile	61747
▁psychotic	61748
▁squash	61749
哒	61750
uantitative	61751
▁Parole	61752
▁chimney	61753
栈	61754
PALIPEHUTU	61755
▁Globe	61756
▁Newfoundland	61757
▁Taj	61758
▁apprise	61759
▁embroider	61760
▁marathon	61761
▁mummy	61762
▁transsexual	61763
唧	61764
銳	61765
,920	61766
▁Empress	61767
▁Rodney	61768
▁pharmacist	61769
▁resonate	61770
墊	61771
悄	61772
Flaherty	61773
tencils	61774
▁Castell	61775
▁ExCom	61776
▁Giovanni	61777
▁Jenkins	61778
▁Nichol	61779
▁grammar	61780
▁mutiny	61781
▁terrace	61782
咻	61783
姦	61784
攜	61785
桔	61786
Compliance	61787
Whistle	61788
atmosphere	61789
disabled	61790
▁Becca	61791
▁Newspaper	61792
▁Rodrigo	61793
▁Sinai	61794
▁illuminate	61795
▁muffin	61796
▁serpent	61797
錶	61798
	61799
Final	61800
institution	61801
▁Delicious	61802
▁Prosecut	61803
▁Thamud	61804
▁filmmaker	61805
▁poaching	61806
▁repugnant	61807
▁resurrection	61808
enthusiastically	61809
gasps	61810
▁Astronauts	61811
▁Evaluating	61812
▁Inaugura	61813
▁quake	61814
ヘ	61815
滇	61816
eclining	61817
logger	61818
▁Disbursement	61819
▁Metadata	61820
▁Ollie	61821
▁Vampire	61822
▁rascal	61823
▁relics	61824
▁samurai	61825
蹟	61826
Everything	61827
▁CAPSA	61828
▁Connecticut	61829
▁burgeon	61830
▁console	61831
▁Cigarette	61832
▁Movie	61833
▁Osaka	61834
厲	61835
漿	61836
▁($1,4	61837
▁Amerasinghe	61838
▁Guilty	61839
▁Malloch	61840
▁Punch	61841
▁aeroplane	61842
▁buffalo	61843
▁prettier	61844
▁tremble	61845
Hussein	61846
Training	61847
efining	61848
fresh	61849
▁Nixon	61850
▁SCHEDULE	61851
▁deceptive	61852
▁garlic	61853
▁oyster	61854
▁plaster	61855
nergie	61856
technological	61857
▁Slobod	61858
▁misappropriat	61859
▁scalp	61860
瘀	61861
踵	61862
.2000/28	61863
twenty	61864
▁Cardoso	61865
▁Pamela	61866
▁Penguin	61867
▁Robbery	61868
▁Saturn	61869
▁artisan	61870
▁composer	61871
ゲ	61872
崗	61873
涩	61874
谚	61875
颊	61876
馋	61877
▁$400,000	61878
▁Cynthia	61879
▁Fowler	61880
▁PARTICIPAT	61881
▁Shiqiu	61882
▁Terrific	61883
▁nude	61884
呛	61885
UNSMIH	61886
guidelines	61887
llustration	61888
▁Goddess	61889
▁Restore	61890
▁immaterial	61891
▁slippery	61892
掣	61893
abbing	61894
finger	61895
▁Elaine	61896
▁Elijah	61897
▁Foua	61898
▁conciliate	61899
▁confound	61900
▁redemption	61901
鸥	61902
Charter	61903
▁Bridgetown	61904
▁COMPENSATION	61905
▁Dedicat	61906
▁Gurirab	61907
▁Scarlett	61908
▁Withdraw	61909
Cairo	61910
While	61911
memorial	61912
truth	61913
▁Chirac	61914
▁spectator	61915
♬	61916
鄂	61917
legitimization	61918
▁Grover	61919
▁belied	61920
倖	61921
跛	61922
酐	61923
alactic	61924
▁Mafia	61925
▁PRIORITIES	61926
▁bathtub	61927
▁distributi	61928
▁metabolism	61929
yatollah	61930
▁Oklahoma	61931
▁Rotate	61932
▁Zhong	61933
薰	61934
▁57/141	61935
▁Canyon	61936
▁Celsius	61937
▁Dominique	61938
▁Gracie	61939
▁outburst	61940
惭	61941
睽	61942
糾	61943
绽	61944
	61945
SPLA	61946
^	61947
▁Castillo	61948
▁Dietrich	61949
▁Kaplan	61950
▁Lounge	61951
▁stirred	61952
Should	61953
ñó	61954
▁Mistura	61955
▁encoding	61956
▁savior	61957
▁spank	61958
劾	61959
Northern	61960
automatic	61961
certain	61962
▁Apollo	61963
▁Neglect	61964
▁sedative	61965
鋒	61966
鍾	61967
uarantine	61968
▁Kramer	61969
▁Stories	61970
▁logged	61971
▁moonlight	61972
▁mysteries	61973
▁pajamas	61974
▁parlor	61975
▁scorch	61976
▁unsolved	61977
践	61978
merciful	61979
▁Bilingual	61980
▁Catalonia	61981
▁Mozart	61982
▁Tunnel	61983
▁carats	61984
凰	61985
湛	61986
礶	61987
鳟	61988
▁Concentrate	61989
▁Puebla	61990
▁Thierry	61991
捎	61992
磯	61993
sometimes	61994
▁Negotiate	61995
▁creek	61996
攒	61997
▁sulfonate	61998
寅	61999
烊	62000
貂	62001
跻	62002
飢	62003
▁geriatric	62004
糗	62005
蠂	62006
▁Capitol	62007
▁Lynch	62008
▁admonish	62009
▁scotch	62010
▁stirring	62011
▁wardrobe	62012
扉	62013
	62014
727	62015
▁Rumbek	62016
▁Rupert	62017
▁Tennessee	62018
▁paix	62019
朮	62020
▁Cauca	62021
▁Tiffany	62022
▁fisherman	62023
叢	62024
▁Apache	62025
▁Flynn	62026
▁GREAT	62027
▁Langley	62028
	62029
Libya	62030
efamation	62031
▁hippie	62032
▁humour	62033
曝	62034
漯	62035
縷	62036
輝	62037
▁Ashgabat	62038
▁Jennings	62039
ン	62040
孚	62041
	62042
obligation	62043
▁INDIGENOUS	62044
▁Landscape	62045
▁Natalegawa	62046
▁Suffer	62047
▁memorable	62048
吳	62049
踹	62050
nadmissibility	62051
ntensification	62052
specified	62053
▁09:00	62054
▁consolation	62055
▁superintendent	62056
瞳	62057
菸	62058
褪	62059
顛	62060
╣	62061
▁Ratified	62062
▁socket	62063
嚏	62064
ubba	62065
▁ripple	62066
殡	62067
礎	62068
缕	62069
ordinary	62070
áñ	62071
▁Henrique	62072
▁Wisconsin	62073
▁bullied	62074
▁homage	62075
▁vehic	62076
girlfriend	62077
ordial	62078
▁Jerome	62079
▁Maarten	62080
▁opaque	62081
觐	62082
melioration	62083
▁Transparent	62084
▁jackass	62085
笺	62086
\\	62087
countries	62088
▁Yassin	62089
▁disapprove	62090
▁whipping	62091
嘞	62092
▁ACHIEVEMENTS	62093
▁Atlantis	62094
▁Cadillac	62095
▁Grameen	62096
▁convent	62097
▁inconvenient	62098
剿	62099
comprising	62100
▁Revitaliz	62101
▁Sadie	62102
▁crumble	62103
▁transgressors	62104
啞	62105
蒋	62106
	62107
▁Cardinal	62108
▁Dracula	62109
▁Teenage	62110
▁weaving	62111
恣	62112
▁intellect	62113
吮	62114
▁horticulture	62115
▁toothbrush	62116
曬	62117
樁	62118
紳	62119
腫	62120
▁KMail	62121
▁Nanny	62122
▁remnant	62123
癟	62124
Check	62125
▁teasing	62126
鹫	62127
	62128
Laughter	62129
Nagym	62130
▁KILL	62131
▁apologizing	62132
▁chorus	62133
▁recede	62134
吏	62135
梢	62136
畑	62137
誡	62138
	62139
▁JUL	62140
▁MUCH	62141
▁galvaniz	62142
▁retriev	62143
▁telegraph	62144
傘	62145
鴿	62146
	62147
/2010/507)	62148
▁cupboard	62149
搗	62150
欸	62151
▁flaming	62152
▁lantern	62153
雳	62154
▁Refrain	62155
▁Tasmania	62156
▁yank	62157
阉	62158
	62159
▁Divine	62160
▁Fleming	62161
▁Jubilee	62162
▁mechanization	62163
渥	62164
腌	62165
Which	62166
▁Hamlet	62167
▁nuke	62168
▁unlucky	62169
▁Spock	62170
▁Vicki	62171
▁popcorn	62172
ち	62173
琘	62174
	62175
▁Championship	62176
▁Jenna	62177
邋遢	62178
▁Angus	62179
▁exquisite	62180
拎	62181
砌	62182
釣	62183
▁slew	62184
/2000/12	62185
※	62186
▁Buffalo	62187
▁wedge	62188
拂	62189
Behold	62190
▁Gibson	62191
▁bosom	62192
▁communism	62193
岡	62194
潭	62195
,760	62196
▁fantasies	62197
▁snapped	62198
姚	62199
▁Phantom	62200
暢	62201
瞥	62202
肞	62203
蓉	62204
▁superpower	62205
乒乓	62206
▁Panther	62207
筏	62208
brother	62209
▁Frederic	62210
▁Jasper	62211
倪	62212
懸	62213
茬	62214
襄	62215
/60/12	62216
▁Anchor	62217
▁Nemo	62218
▁whining	62219
檐	62220
濃	62221
羪	62222
貿	62223
鲤	62224
▁Mademoiselle	62225
▁Octavia	62226
▁squeak	62227
僱	62228
廟	62229
▁abhor	62230
▁spaghetti	62231
▁dunno	62232
▁loophole	62233
贈	62234
駁	62235
sultan	62236
▁geez	62237
蒼	62238
蝦	62239
/63/17	62240
ˊ	62241
▁Compassionate	62242
▁Hallelujah	62243
潑	62244
atrix	62245
▁Abbott	62246
翌	62247
菩	62248
垢	62249
疙瘩	62250
Coordina	62251
▁impersonat	62252
腥	62253
霆	62254
Stay	62255
earthquake	62256
▁tequila	62257
紗	62258
boyfriend	62259
Β	62260
▁Taipei	62261
琎	62262
茁	62263
砞	62264
禄	62265
镛	62266
▁Gideon	62267
▁trembling	62268
纾	62269
頸	62270
鯨	62271
ransmissible	62272
▁overwhelm	62273
惦	62274
飄	62275
▁Fritz	62276
▁Louder	62277
▁Translate	62278
卉	62279
禾	62280
▁Confess	62281
▁Peanut	62282
▁Saunders	62283
▁vintage	62284
恃	62285
旭	62286
▁stabbing	62287
巅	62288
痞	62289
▁ANYTHING	62290
▁NOAEL	62291
椭	62292
浚	62293
羹	62294
踞	62295
	62296
▁Attribute	62297
▁Fusco	62298
▁spicy	62299
侮	62300
笿	62301
芋	62302
钛	62303
ễ	62304
沫	62305
锢	62306
槿	62307
豁	62308
钵	62309
▁AFTER	62310
▁Thief	62311
▁abdomen	62312
▁shaving	62313
▁twain	62314
琥	62315
躍	62316
▁Gianni	62317
乜	62318
ً	62319
▁Penelope	62320
▁anoint	62321
〡	62322
ひ	62323
皿	62324
蕃	62325
/58/13	62326
▁Aaah	62327
阮	62328
İ	62329
▁countenance	62330
▁eyebrows	62331
浣	62332
瑍	62333
縣	62334
翡	62335
	62336
▁blouse	62337
砯	62338
	62339
呸	62340
籇	62341
舦	62342
傣	62343
蒲	62344
轧	62345
▁Potato	62346
▁infiltrat	62347
骡	62348
懇	62349
雹	62350
魅	62351
鈔	62352
闊	62353
懊	62354
骷髅	62355
knock	62356
棗	62357
Λ	62358
▁Samaria	62359
掂	62360
	62361
▁Murph	62362
濑	62363
▁Widget	62364
嘍	62365
潦	62366
▁crappy	62367
霾	62368
彥	62369
灑	62370
	62371
̈	62372
▁Monotheism	62373
俭	62374
刨	62375
蓟	62376
▁Scorpion	62377
	62378
ю	62379
嗚	62380
鏢	62381
╰	62382
▁Splendid	62383
澄	62384
▁Jasmine	62385
▁recital	62386
宥	62387
枭	62388
芜	62389
▁Bianca	62390
刽	62391
顫	62392
蔥	62393
镁	62394
暹	62395
碉	62396
possible	62397
▁dishonor	62398
ㄏ	62399
甅	62400
纞	62401
説	62402
鍊	62403
Å	62404
檸	62405
牒	62406
Đ	62407
帚	62408
櫥	62409
炽	62410
琿	62411
町	62412
畀	62413
瞌	62414
	62415
桎梏	62416
簾	62417
羙	62418
腑	62419
馁	62420
墩	62421
廂	62422
筝	62423
謎	62424
	62425
Morning	62426
▁Depth	62427
▁Traitor	62428
匈	62429
揉	62430
罄	62431
脐	62432
	62433
щ	62434
灸	62435
Ø	62436
擱	62437
毆	62438
臩	62439
	62440
	62441
▁Pilate	62442
▁gospel	62443
刪	62444
盥	62445
竲	62446
颓	62447
駐	62448
媲	62449
闡	62450
ň	62451
▁Houdini	62452
诏	62453
仕	62454
併	62455
顏	62456
	62457
	62458
	62459
	62460
倔	62461
岖	62462
褒	62463
愣	62464
	62465
₤	62466
ッ	62467
忿	62468
犊	62469
鄭	62470
Ó	62471
ア	62472
榻	62473
藩	62474
郝	62475
馒	62476
缇	62477
圳	62478
孬	62479
庶	62480
痉	62481
蛎	62482
钨	62483
	62484
吭	62485
喱	62486
彪	62487
莅	62488
	62489
樸	62490
盋	62491
織	62492
▁Jealous	62493
▁ensemble	62494
硉	62495
蹩	62496
豌	62497
鼬	62498
絞	62499
聰	62500
Supp	62501
哆	62502
┘	62503
唸	62504
箫	62505
谩	62506
	62507
扪	62508
粇	62509
	62510
├	62511
暧	62512
歼	62513
窺	62514
筷	62515
畒	62516
蚯蚓	62517
宛	62518
幺	62519
瞰	62520
饑	62521
	62522
‵	62523
盹	62524
砋	62525
ß	62526
恺	62527
戟	62528
羨	62529
	62530
Applause	62531
▁Peabody	62532
喵	62533
漩	62534
穎	62535
赊	62536
冢	62537
撂	62538
発	62539
讪	62540
踐	62541
迂	62542
趨	62543
饷	62544
	62545
妾	62546
蓓	62547
陡	62548
«	62549
»	62550
忒	62551
殭	62552
瞏	62553
縒	62554
蛀	62555
鬱	62556
砃	62557
聂	62558
醛	62559
邹	62560
噎	62561
瀚	62562
蠉	62563
谤	62564
	62565
叁	62566
唁	62567
嗒	62568
脖	62569
	62570
濫	62571
亢	62572
	62573
呎	62574
鳞	62575
玥	62576
頑	62577
戛	62578
玺	62579
瘪	62580
繳	62581
┯	62582
ぐ	62583
癵	62584
筵	62585
胁	62586
緄	62587
	62588
	62589
Н	62590
搔	62591
漱	62592
誒	62593
趙	62594
娄	62595
楣	62596
繃	62597
輔	62598
鉆	62599
籜	62600
荆	62601
痘	62602
簙	62603
紮	62604
艷	62605
弛	62606
煉	62607
¤	62608
拯	62609
駭	62610
摯	62611
藜	62612
▁Philistines	62613
擲	62614
欽	62615
蕭	62616
嘔	62617
捱	62618
茧	62619
遛	62620
	62621
Ο	62622
斟	62623
澆	62624
袤	62625
侖	62626
焙	62627
蛆	62628
蜚	62629
辄	62630
麋	62631
	62632
©	62633
咏	62634
愕	62635
揀	62636
榷	62637
舘	62638
锭	62639
霰	62640
	62641
嘶	62642
弈	62643
禅	62644
啤	62645
帷	62646
琉	62647
軸	62648
®	62649
čí	62650
‐	62651
俐	62652
摒	62653
礩	62654
懺	62655
槌	62656
祀	62657
袒	62658
¿	62659
剽	62660
捂	62661
炙	62662
窦	62663
▁Manasseh	62664
儆	62665
唄	62666
瞓	62667
齋	62668
ず	62669
璚	62670
瑣	62671
籐	62672
剌	62673
屹	62674
浙	62675
瘫	62676
岑	62677
竜	62678
糉	62679
蟋蟀	62680
铎	62681
骄	62682
廈	62683
氦	62684
胔	62685
╬	62686
抒	62687
峽	62688
綿	62689
肴	62690
魇	62691
レ	62692
俑	62693
軀	62694
鳴	62695
磋	62696
麓	62697
曦	62698
檯	62699
沌	62700
	62701
佃	62702
唏	62703
縀	62704
腎	62705
膩	62706
ỡ	62707
竡	62708
勳	62709
啸	62710
痣	62711
豎	62712
蠋	62713
`%	62714
璉	62715
	62716
潢	62717
萄	62718
帧	62719
狈	62720
締	62721
芲	62722
蟒	62723
〃	62724
凋	62725
嚕	62726
紁	62727
腨	62728
汹	62729
疡	62730
£­£­	62731
¥	62732
剎	62733
渤	62734
漁	62735
坂	62736
璊	62737
睪	62738
粂	62739
绎	62740
	62741
	62742
傢	62743
啄	62744
玭	62745
噸	62746
虜	62747
諱	62748
嘈	62749
汲	62750
萦	62751
ユ	62752
撈	62753
潇	62754
緅	62755
弩	62756
獴	62757
ł	62758
袁	62759
	62760
	62761
▁ADVIS	62762
㗎	62763
叼	62764
屜	62765
缜	62766
________	62767
耞	62768
裳	62769
嗤	62770
搓	62771
玦	62772
謙	62773
譚	62774
憔悴	62775
淳	62776
琛	62777
臫	62778
芹	62779
頒	62780
偕	62781
蠁	62782
臼	62783
辗	62784
櫻	62785
璝	62786
荼	62787
盃	62788
	62789
Í	62790
柚	62791
祅	62792
篈	62793
粆	62794
螳	62795
鏟	62796
雯	62797
⌒	62798
嗬	62799
硼	62800
絚	62801
艮	62802
駝	62803
斬	62804
絃	62805
鱷	62806
巖	62807
徙	62808
撩	62809
盪	62810
礟	62811
箴	62812
躇	62813
餡	62814
	62815
崙	62816
з	62817
檀	62818
滓	62819
祕	62820
螯	62821
贻	62822
镳	62823
銘	62824
佤	62825
濾	62826
隼	62827
竤	62828
篝	62829
缛	62830
霄	62831
頗	62832
飆	62833
____________	62834
淵	62835
蔬	62836
鼾	62837
„	62838
ゅ	62839
尓	62840
曰	62841
痰	62842
眃	62843
舶	62844
邂逅	62845
鋸	62846
饺	62847
	62848
炔	62849
繆	62850
芔	62851
ㄨ	62852
涎	62853
縉	62854
訟	62855
鑄	62856
Ä	62857
┾	62858
ㄣ	62859
弭	62860
碩	62861
穖	62862
缎	62863
霓	62864
ぺ	62865
坷	62866
遁	62867
娣	62868
绯	62869
脯	62870
蜻蜓	62871
	62872
	62873
孪	62874
	62875
	62876
耦	62877
	62878
咫	62879
彷	62880
怖	62881
珈	62882
禜	62883
蹴	62884
鲈	62885
媛	62886
氪	62887
賢	62888
湮	62889
猝	62890
琜	62891
疱	62892
蚌	62893
鹌鹑	62894
	62895
匍匐	62896
戎	62897
枫	62898
鳗	62899
ガ	62900
幔	62901
擷	62902
砲	62903
轩	62904
峦	62905
涓	62906
簇	62907
饲	62908
駱駝	62909
啼	62910
嘣	62911
穞	62912
粿	62913
纺	62914
觊觎	62915
谙	62916
À	62917
沓	62918
疥	62919
眸	62920
穐	62921
	62922
翱	62923
舜	62924
輻	62925
迸	62926
	62927
榔	62928
浊	62929
甶	62930
谛	62931
き	62932
擎	62933
狎	62934
璽砫	62935
碝	62936
荻	62937
陡峭	62938
藐	62939
	62940
仨	62941
宕	62942
慚	62943
畄	62944
穀	62945
蜿蜒	62946
貍	62947
	62948
啮	62949
孢	62950
畐	62951
穫	62952
錨	62953
	62954
筂	62955
貫	62956
蹊跷	62957
勛	62958
煲	62959
珼	62960
糞	62961
轍	62962
	62963
衙	62964
馳	62965
║	62966
パ	62967
ㄑ	62968
壺	62969
捫	62970
翹	62971
艹	62972
谍	62973
钼	62974
	62975
	62976
┷	62977
峭	62978
ダ	62979
狒狒	62980
甄	62981
纭	62982
僭	62983
呣	62984
啻	62985
噗	62986
颚	62987
	62988
凛	62989
罖	62990
諒	62991
	62992
	62993
彙	62994
汰	62995
鸠	62996
鸵	62997
	62998
繰	62999
犢	63000
础	63001
禿	63002
緗	63003
臃	63004
	63005
咲	63006
壩	63007
挞	63008
琅	63009
籹	63010
蔻	63011
颐	63012
û	63013
恍	63014
綤	63015
羬	63016
馮	63017
	63018
丞	63019
祠	63020
纜	63021
狩	63022
鑿	63023
	63024
晉	63025
璜	63026
皗	63027
緓	63028
錘	63029
菁	63030
韻	63031
√	63032
婊	63033
拗	63034
槳	63035
簸	63036
裆	63037
/1373	63038
∶	63039
珆	63040
縊	63041
賄賂	63042
垣	63043
璓	63044
緑	63045
莺	63046
諧	63047
蹒跚	63048
	63049
А	63050
寮	63051
瓢	63052
篴	63053
俞	63054
捶	63055
纨绔	63056
黜	63057
叽	63058
歎	63059
铆	63060
铛	63061
	63062
Ú	63063
惘	63064
楔	63065
碴	63066
脹	63067
诃	63068
鍛煉	63069
鐲	63070
___________	63071
榭	63072
篤	63073
鲱	63074
	63075
ð	63076
琂	63077
絆	63078
蜕	63079
褶	63080
驟	63081
г	63082
ゼ	63083
佯	63084
湧	63085
磝	63086
腋	63087
钍	63088
铍	63089
铯	63090
馴	63091
	63092
§§	63093
Ε	63094
る	63095
壑	63096
嬴	63097
閨	63098
̊	63099
嘩	63100
泞	63101
瓀	63102
皙	63103
笹	63104
篗	63105
蠱	63106
郴	63107
ū	63108
僊	63109
抠	63110
樟	63111
燔	63112
	63113
ś	63114
兌	63115
戍	63116
擢	63117
瓮	63118
眞	63119
糷	63120
嬌	63121
腈	63122
醺醺	63123
靚	63124
``	63125
В	63126
擰	63127
猖	63128
锄	63129
鹏	63130
	63131
	63132
蜷	63133
癱瘓	63134
矜	63135
藕	63136
	63137
嗰	63138
埔	63139
龌龊	63140
ψ	63141
犸	63142
葫芦	63143
讥	63144
¢Ü	63145
οο	63146
┶	63147
ー	63148
猠	63149
甧	63150
硓	63151
籩	63152
粟	63153
跆	63154
酩酊	63155
в	63156
◦	63157
ら	63158
嘭	63159
嘮	63160
嬸	63161
憩	63162
搪	63163
狾	63164
皺	63165
窿	63166
蘸	63167
釀	63168
→	63169
╭	63170
赝	63171
	63172
	63173
綾	63174
羭	63175
誣	63176
貶	63177
镭	63178
嗆	63179
椿	63180
燉	63181
禥	63182
緹	63183
葩	63184
贓	63185
頰	63186
瞺	63187
綜	63188
衹	63189
鲷	63190
鳳	63191
__________	63192
惬	63193
諭	63194
	63195
寢	63196
幟	63197
恬	63198
蔔	63199
	63200
Ć	63201
撓	63202
槟	63203
癩	63204
臊	63205
鬣	63206
摻	63207
皌	63208
纖	63209
胳	63210
	63211
菈	63212
	63213
_______	63214
┈	63215
吽	63216
毡	63217
鑲	63218
馊	63219
龚	63220
榆	63221
肼	63222
脋	63223
铂	63224
	63225
	63226
ř	63227
ỳ	63228
粱	63229
蝉	63230
遽	63231
盌	63232
稴	63233
蛭	63234
轶	63235
	63236
_________	63237
╯	63238
恍惚	63239
琭	63240
甁	63241
瘂	63242
眒	63243
穓	63244
絮	63245
螞	63246
	63247
†	63248
╟	63249
涣	63250
痼	63251
籈	63252
続	63253
跺	63254
攏	63255
胯	63256
Ý	63257
獭	63258
瑛	63259
瑢	63260
繰	63261
耴	63262
	63263
媾	63264
摁	63265
暱	63266
桐	63267
樊	63268
臻	63269
讣	63270
魷	63271
ő	63272
Ở	63273
啜	63274
坯	63275
氙	63276
Т	63277
ま	63278
や	63279
玼	63280
筱	63281
蝕	63282
	63283
ど	63284
ㄉ	63285
侗	63286
啼啼	63287
喙	63288
悸	63289
撵	63290
竅	63291
箍	63292
錦	63293
隘	63294
顷	63295
餌	63296
デ	63297
瑌	63298
箇	63299
縛	63300
邃	63301
	63302
.4/63/5	63303
巳	63304
楞	63305
茴	63306
	63307
は	63308
唑	63309
捌	63310
樽	63311
钧	63312
鞘	63313
麝	63314
	63315
寰	63316
彷彿	63317
樑	63318
硒	63319
螤	63320
锑	63321
М	63322
匾	63323
氡	63324
澎湃	63325
瑼	63326
肕	63327
骏	63328
蹿	63329
╯	63330
	63331
偎	63332
瑆	63333
甦	63334
笋	63335
篘	63336
葺	63337
裨	63338
銜	63339
髋	63340
嗇	63341
嘯	63342
滲	63343
砐	63344
糯	63345
膺	63346
麾	63347
	63348
	63349
	63350
惺惺	63351
璧	63352
箔	63353
讧	63354
轎	63355
%%	63356
ẵ	63357
佇	63358
綽	63359
褓	63360
	63361
伶	63362
呒	63363
喹	63364
氫	63365
蔭	63366
	63367
喏	63368
孱	63369
肈	63370
褻瀆	63371
飪	63372
≤	63373
┎	63374
晟	63375
獾	63376
瘁	63377
盠	63378
诩	63379
赅	63380
铉	63381
	63382
嚐	63383
廝	63384
弼	63385
絨	63386
訇	63387
	63388
╪	63389
ㄌ	63390
庐	63391
憨	63392
掮	63393
猋	63394
璃	63395
脄	63396
螘	63397
丶	63398
俸	63399
毘	63400
煥	63401
筳	63402
繡	63403
繬	63404
荚	63405
颶	63406
	63407
	63408
	63409
て	63410
岱	63411
甃	63412
绢	63413
耚	63414
砫	63415
ــ	63416
儂	63417
痔	63418
祍	63419
缚	63420
ỷ	63421
拈	63422
炯	63423
璽	63424
睝	63425
蹬	63426
辊	63427
铤	63428
	63429
	63430
ㄧ	63431
啫	63432
滯	63433
艶	63434
訣	63435
讶	63436
诛	63437
酣	63438
Ι	63439
≥	63440
嬤	63441
痥	63442
眯	63443
糠	63444
苞	63445
麒麟	63446
	63447
娟	63448
徳	63449
搽	63450
癲	63451
祏	63452
祔	63453
篏	63454
ㄐ	63455
崴	63456
瑶	63457
腩	63458
蟆	63459
й	63460
冉	63461
呂	63462
熵	63463
碔	63464
吖	63465
杵	63466
疪	63467
蜃	63468
蹊	63469
隶	63470
╢	63471
弑	63472
憊	63473
痍	63474
秧	63475
縬	63476
蕉	63477
蚜	63478
鲶	63479
ؤ	63480
佼佼	63481
呱呱	63482
撅	63483
莖	63484
	63485
唵	63486
嚮	63487
櫚	63488
锆	63489
閘	63490
	63491
̍	63492
倭	63493
僮	63494
徇	63495
敝	63496
砒	63497
磖	63498
藓	63499
锲	63500
ỹ	63501
岐	63502
搵	63503
畕	63504
皚	63505
蚱蜢	63506
褂	63507
齣	63508
	63509
	63510
Χ	63511
═	63512
徏	63513
泷	63514
濱	63515
玙	63516
矶	63517
绚	63518
缰	63519
邢	63520
靳	63521
ㄛ	63522
痌	63523
砏	63524
礨	63525
葆	63526
鉛	63527
隅	63528
┅	63529
キ	63530
漓	63531
猬	63532
甐	63533
笙	63534
聐	63535
肽	63536
螠	63537
釁	63538
鈍	63539
镎	63540
鼹	63541
の	63542
カ	63543
懵	63544
磊	63545
飚	63546
£¬	63547
▆	63548
囂	63549
甧	63550
诿	63551
鲭	63552
	63553
‭	63554
姘	63555
掴	63556
氚	63557
琕	63558
翧	63559
鉗	63560
	63561
δ	63562
ヾ	63563
屄	63564
碪	63565
禯	63566
秏	63567
ě	63568
ゎ	63569
棲	63570
狽	63571
珸	63572
篩	63573
肂	63574
蓖	63575
╈	63576
嘶嘶	63577
昇	63578
淩	63579
湍	63580
猩	63581
祁	63582
篋	63583
耑	63584
耘	63585
釆	63586
闰	63587
濺	63588
笠	63589
顱	63590
	63591
	63592
玶	63593
緻	63594
芦	63595
荊	63596
萘	63597
覓	63598
	63599
ボ	63600
痿	63601
眀	63602
瞡	63603
稬	63604
螒	63605
霖	63606
颱	63607
	63608
	63609
м	63610
ケ	63611
ㄟ	63612
俚	63613
喎	63614
坻	63615
恿	63616
涴	63617
碙	63618
稭	63619
絢	63620
綺	63621
豺	63622
	63623
ц	63624
噱	63625
嶄	63626
恫	63627
漾	63628
籬	63629
菅	63630
颌	63631
	63632
К	63633
め	63634
嶺	63635
拄	63636
穛	63637
竄	63638
苜蓿	63639
蛰	63640
跩	63641
鹈鹕	63642
鹹	63643
	63644
íč	63645
Ё	63646
Ю	63647
摺	63648
玪	63649
珑	63650
瑅	63651
秂	63652
綻	63653
缭	63654
铠	63655
闩	63656
驮	63657
	63658
______	63659
к	63660
侃	63661
偌	63662
糦	63663
螝	63664
	63665
Ð	63666
čá	63667
慫	63668
摹	63669
泯	63670
祑	63671
缤	63672
鸳鸯	63673
‒	63674
搀	63675
攆	63676
玐	63677
蹶	63678
邵	63679
郸	63680
Ρ	63681
撸	63682
涮	63683
糛	63684
糜	63685
緯	63686
铱	63687
閹	63688
XXXX	63689
ゞ	63690
棠	63691
秂	63692
笈	63693
胫	63694
膦	63695
觑	63696
讬	63697
醴	63698
	63699
眺	63700
矰	63701
砏痻	63702
阎	63703
鲣	63704
Ừ	63705
’é	63706
▅	63707
亘	63708
屿	63709
滌	63710
肓	63711
迢迢	63712
婕	63713
怂	63714
緇	63715
鐐	63716
	63717
	63718
	63719
_____________	63720
Р	63721
メ	63722
垠	63723
嬸嬸	63724
泮	63725
瑰	63726
篖	63727
絪	63728
薮	63729
蝌蚪	63730
訕	63731
釐	63732
н	63733
噉	63734
嚯	63735
杳	63736
緍	63737
羈	63738
	63739
З	63740
兀	63741
叟	63742
吔	63743
礮	63744
綟	63745
铰	63746
	63747
挾	63748
朦胧	63749
燼	63750
璂	63751
璹	63752
矽	63753
秅	63754
羯	63755
脅	63756
阙	63757
靂	63758
œ	63759
嶼	63760
澀	63761
獠	63762
胭	63763
饯	63764
	63765
せ	63766
ヰ	63767
嗶	63768
瀉	63769
盳	63770
碯	63771
繵	63772
鎘	63773
у	63774
ш	63775
▁CLD	63776
噠	63777
彷徨	63778
棧	63779
遑	63780
鳃	63781
	63782
厦	63783
孑	63784
柵	63785
毖	63786
璍	63787
苷	63788
蜇	63789
鳳凰	63790
鹳	63791
Ъ	63792
爍	63793
碲	63794
螖	63795
覲	63796
镅	63797
▄	63798
じ	63799
ㄥ	63800
甀	63801
砜	63802
蠍	63803
韌	63804
鐸	63805
þ	63806
►	63807
噹	63808
漬	63809
牦	63810
珺	63811
糃	63812
紛	63813
舖	63814
锹	63815
┢	63816
	63817
	63818
肸	63819
哽	63820
楝	63821
玜	63822
穘	63823
糵	63824
翷	63825
鷗	63826
______________	63827
Σ	63828
囪	63829
撻	63830
眈眈	63831
砥	63832
祢	63833
禪	63834
绮	63835
莠	63836
蟾蜍	63837
鹼	63838
樞	63839
疣	63840
綪	63841
罖罖	63842
裱	63843
麟	63844
	63845
	63846
	63847
ää	63848
劊	63849
嗪	63850
囹圄	63851
斂	63852
琠	63853
篶	63854
谏	63855
	63856
	63857
	63858
燎	63859
禭	63860
茍	63861
铈	63862
鳖	63863
嫣	63864
杞	63865
栩栩	63866
痲	63867
粤	63868
紛紛	63869
荤	63870
	63871
	63872
	63873
チ	63874
咿	63875
燬	63876
窰	63877
糔	63878
縸	63879
舀	63880
鑣	63881
鶴	63882
	63883
	63884
*_	63885
Э	63886
╋	63887
╡	63888
ㄒ	63889
掖	63890
畊	63891
疶	63892
皎	63893
纰	63894
	63895
	63896
`Q	63897
∑	63898
卅	63899
唑吡	63900
昙	63901
癞	63902
盚	63903
稟	63904
緼	63905
脄	63906
蚩	63907
輿	63908
迺	63909
	63910
ˉ	63911
劵	63912
叻	63913
堑	63914
沁	63915
瑻	63916
砧	63917
篑	63918
諮	63919
∗∗	63920
┻	63921
ブ	63922
攬	63923
汙	63924
玫	63925
疝	63926
綝	63927
绫	63928
莞	63929
蔣	63930
褻	63931
轩轾	63932
陕	63933
	63934
ǜ	63935
佸	63936
僑	63937
叵	63938
婼	63939
屢	63940
戕	63941
摟	63942
梧	63943
氩	63944
蜊	63945
諗	63946
霎	63947
饋	63948
	63949
	63950
匐	63951
啧啧	63952
戾	63953
暍	63954
緘	63955
苑	63956
遐	63957
閥	63958
陛	63959
靛	63960
鹭	63961
	63962
❑	63963
噤	63964
媞	63965
桢	63966
湘	63967
砓	63968
禟	63969
簫	63970
鸨	63971
ㄏ	63972
м砃	63973
Ồ	63974
佘	63975
啵	63976
沏	63977
聼	63978
膊	63979
蜈蚣	63980
螫	63981
谰	63982
貉	63983
驿	63984
匮	63985
殓	63986
甤	63987
磀	63988
筧	63989
縞	63990
鲔	63991
	63992
¦	63993
囿	63994
珹	63995
羱	63996
蔷	63997
詠	63998
鐮	63999
鞏	64000
剋	64001
剐	64002
巩	64003
彀	64004
狺	64005
诟	64006
闵	64007
	64008
	64009
奚	64010
瀕	64011
畝	64012
疨	64013
瞠	64014
綢	64015
̓	64016
姪	64017
柊	64018
桦	64019
沂	64020
湎	64021
烽	64022
玆	64023
琁	64024
鸚鵡	64025
	64026
	64027
	64028
¡­	64029
哝	64030
啧	64031
妦	64032
抡	64033
榛	64034
涟漪	64035
淬	64036
珮	64037
穖	64038
篓	64039
銹	64040
铊	64041
鬃	64042
	64043
	64044
çõ	64045
Є	64046
с	64047
兀鹫	64048
刍	64049
匝	64050
噻	64051
壟	64052
巔	64053
搡	64054
盂	64055
竕	64056
糤	64057
莹	64058
蝠	64059
辘辘	64060
鬚	64061
	64062
_______________	64063
¶¶	64064
┚	64065
剷	64066
吡	64067
垩	64068
忐忑	64069
忤	64070
犒	64071
犽	64072
畴	64073
瞯	64074
礥	64075
窽	64076
臍	64077
莴苣	64078
醃	64079
飼	64080
饕餮	64081
	64082
	64083
	64084
╊	64085
ざ	64086
ろ	64087
伶俐	64088
岬	64089
畓	64090
矯	64091
耆	64092
蚝	64093
頹	64094
馭	64095
ą	64096
ゝ	64097
ㄎ	64098
咔	64099
嬪	64100
猀	64101
瑾	64102
絫	64103
髻	64104
	64105
	64106
Κ	64107
╝	64108
ㄚ	64109
弋	64110
猡	64111
砏玥	64112
翺	64113
賄	64114
镓	64115
骷髏	64116
ţ	64117
≧	64118
喳	64119
巒	64120
痘痘	64121
箏	64122
籁	64123
腱	64124
舮	64125
蛹	64126
诨	64127
鹊	64128
	64129
Æ	64130
È	64131
◎	64132
ㄘ	64133
滦	64134
甠	64135
稧	64136
苂	64137
誹謗	64138
釉	64139
锏	64140
雍	64141
鳌	64142
	64143
扈	64144
瞑	64145
纕	64146
纶	64147
隕	64148
韶	64149
颧	64150
*****	64151
孖	64152
尕	64153
琄	64154
疩	64155
癣	64156
皐	64157
盰	64158
肄	64159
铌	64160
鹃	64161
	64162
	64163
勻	64164
啱	64165
澪	64166
筍	64167
輟	64168
钸	64169
骛	64170
鲟	64171
黧	64172
ч	64173
╲	64174
呯	64175
攢	64176
沆瀣	64177
濤	64178
祿	64179
竕琜	64180
纐	64181
苹	64182
衢	64183
┿	64184
◊	64185
✓	64186
仟	64187
卞	64188
夙	64189
捩	64190
氘	64191
漩渦	64192
瘴	64193
繭	64194
纉玨	64195
軛	64196
鸮	64197
〆	64198
オ	64199
囧	64200
矾	64201
硷	64202
芦笋	64203
贗	64204
跷	64205
辮	64206
骁	64207
龋	64208
と	64209
を	64210
サ	64211
丕	64212
俎	64213
嫔	64214
帜	64215
楂	64216
汹汹	64217
焗	64218
眡	64219
蹊蹺	64220
镐	64221
鳐	64222
龛	64223
	64224
	64225
ひ	64226
	64227
	64228
∼	64229
啕	64230
嗱	64231
懑	64232
撷	64233
瀆	64234
璀璨	64235
矚	64236
穡	64237
粑粑	64238
芞	64239
贅	64240
蹑	64241
	64242
	64243
ご	64244
奕	64245
彤	64246
玨	64247
篾	64248
诣	64249
锉	64250
锶	64251
	64252
Î	64253
◆	64254
幂	64255
彆	64256
璉玵	64257
磣	64258
稶	64259
竝	64260
綫	64261
綸	64262
蜀黍	64263
韭	64264
麸	64265
	64266
ǒ璚	64267
Ψ	64268
佻	64269
吆	64270
嚓	64271
畖	64272
砈	64273
螣	64274
齷齪	64275
龈	64276
	64277
	64278
Ж	64279
昊	64280
橢	64281
櫈	64282
燦	64283
竺	64284
翳	64285
芅	64286
褫	64287
謗	64288
鴻	64289
Ã	64290
Šć	64291
ǒ	64292
↖	64293
仄	64294
嚥	64295
庖	64296
擤	64297
溉	64298
璇	64299
疦	64300
絴	64301
肪	64302
胐	64303
豢	64304
蹉	64305
鬓	64306
	64307
憨	64308
	64309
縀	64310
懾	64311
梓	64312
槤	64313
璵	64314
絛	64315
綵	64316
胥	64317
蝸	64318
襁褓	64319
頃	64320
鲽	64321
黩	64322
	64323
	64324
	64325
Ш	64326
‘‘	64327
啉	64328
帛	64329
捻	64330
揾	64331
汛	64332
滂沱	64333
猘	64334
璏	64335
睑	64336
窈窕	64337
聶	64338
谧	64339
趸	64340
遨	64341
黝	64342
	64343
	64344
倪	64345
п	64346
戡	64347
梟	64348
牍	64349
瘧	64350
穕	64351
竛	64352
糂	64353
腍	64354
膒	64355
蒐	64356
诅	64357
郴	64358
	64359
罠	64360
Ã©	64361
б	64362
’’	64363
侩	64364
俨	64365
嚒	64366
奀	64367
嵐	64368
珨	64369
畿	64370
絙	64371
萸	64372
蜱	64373
讕	64374
	64375
	64376
	64377
	64378
	64379
┛	64380
ホ	64381
岚	64382
暄	64383
獁	64384
獗	64385
瞈	64386
硚	64387
粽	64388
罽	64389
膑	64390
	64391
	64392
¬	64393
Â	64394
喵喵	64395
塚	64396
攙	64397
攞	64398
燴	64399
産	64400
砪	64401
祗	64402
箂	64403
篪	64404
糸	64405
芄	64406
薏	64407
踱	64408
鏽	64409
鑑	64410
颞	64411
馀	64412
	64413
	64414
ÿ	64415
ч縤	64416
ِ	64417
⋅	64418
う	64419
巿	64420
徕	64421
狰狞	64422
璖	64423
痨	64424
癱	64425
盅	64426
礢	64427
膘	64428
芸芸	64429
荞	64430
莪	64431
辕	64432
迳	64433
镊	64434
篈	64435
	64436
伶仃	64437
呱	64438
垃	64439
埂	64440
摞	64441
琗	64442
禹	64443
縡	64444
脒	64445
齁	64446
	64447
͘	64448
┺	64449
╄	64450
ガ緗	64451
哞	64452
嫡	64453
恸	64454
泾	64455
猁	64456
瘡	64457
礜	64458
笰	64459
篟	64460
綱	64461
胛	64462
诌	64463
蹂	64464
鉀	64465
餿	64466
耣	64467
	64468
И	64469
ア毖	64470
ォ	64471
嚐嚐	64472
埸	64473
恁	64474
槓	64475
渦	64476
癲癇	64477
祜	64478
籸	64479
荃	64480
蚱	64481
訣竅	64482
谀	64483
轭	64484
铧	64485
闢	64486
鱗	64487
	64488
	64489
	64490
	64491
	64492
	64493
摂	64494
攥	64495
槃	64496
獿	64497
睏	64498
苄	64499
藹	64500
蘊	64501
襠	64502
酊	64503
鈉	64504
馱	64505
	64506
π	64507
φ	64508
ї	64509
帑	64510
恻	64511
梆	64512
殲	64513
瀨	64514
璆	64515
皏	64516
祛	64517
秩	64518
翎	64519
譏	64520
谄	64521
韁	64522
	64523
	64524
о	64525
倌	64526
冉冉	64527
掇	64528
桉	64529
瓂	64530
砝	64531
紉	64532
罿	64533
莢	64534
蔫	64535
薑	64536
诂	64537
錐	64538
餃	64539
鵬	64540
	64541
	64542
	64543
Ê	64544
Ś	64545
〖	64546
哌	64547
孿	64548
璞	64549
甝	64550
箝	64551
籓	64552
腼腆	64553
蜀	64554
衩	64555
铋	64556
閻	64557
	64558
#%	64559
¢	64560
Ґ	64561
岀	64562
懧	64563
煅	64564
玅	64565
痤	64566
瞟	64567
磃	64568
禔〨	64569
稯	64570
糴	64571
絊	64572
羧	64573
豔	64574
賑	64575
闱	64576
馄饨	64577
	64578
れ	64579
佽	64580
嘧啶	64581
囝	64582
楓	64583
璐	64584
痂	64585
瞨	64586
碈	64587
纣	64588
缥缈	64589
肮	64590
螛	64591
蠶	64592
褴褛	64593
輾	64594
鈾	64595
锺	64596
鰭	64597
ᆼ	64598
ユ	64599
嗳	64600
壬	64601
婁	64602
廄	64603
惕	64604
朊	64605
猘	64606
璊ц	64607
痺	64608
盕	64609
硁	64610
硋	64611
竬	64612
篙	64613
羇	64614
翊	64615
耫	64616
艋舺	64617
荔	64618
詮	64619
踮	64620
躪	64621
阱	64622
韃	64623
ゎ	64624
	64625
ű	64626
η	64627
φΨ	64628
ڤ	64629
が	64630
噼	64631
坴	64632
慵	64633
淒	64634
緋	64635
腷	64636
膍	64637
芷	64638
荨	64639
蕨	64640
衅	64641
詆	64642
貯	64643
鋁	64644
镬	64645
騾	64646
	64647
	64648
	64649
ٱ	64650
ヌ	64651
啶	64652
噫	64653
垄	64654
岘	64655
徜徉	64656
愜	64657
玊	64658
碓	64659
縩	64660
纍	64661
聒	64662
臛	64663
臦	64664
螡	64665
鎗	64666
钒	64667
阖	64668
飄飄	64669
駱	64670
	64671
	64672
ɡ	64673
斓	64674
槐	64675
淖	64676
燄	64677
疍	64678
疸	64679
痸	64680
皓	64681
皰	64682
籴	64683
籷	64684
糾紛	64685
纉	64686
蛔	64687
蝰	64688
蠣	64689
贲	64690
鄢	64691
鵪鶉	64692
	64693
	64694
	64695
ų	64696
嘸	64697
圾	64698
岈	64699
潺潺	64700
濡	64701
焖	64702
玌	64703
珉	64704
痽	64705
瘙	64706
癔	64707
砑	64708
硐	64709
稸	64710
窯	64711
羥	64712
羸	64713
胑	64714
蝾螈	64715
逻	64716
酗	64717
醡	64718
魟	64719
鸢	64720
	64721
	64722
	64723
	64724
л	64725
ミ	64726
冼	64727
哌嗪	64728
孃	64729
庵	64730
弒	64731
捋	64732
揸	64733
摀	64734
榊	64735
殚	64736
氖	64737
燮	64738
玵	64739
窒	64740
紡	64741
絘	64742
縈	64743
腣	64744
舠	64745
葫蘆	64746
邨	64747
顛簸	64748
鹜	64749
	64750
	64751
	64752
	64753
üü	64754
ę	64755
—à—	64756
▇	64757
囔	64758
増	64759
峇	64760
彿	64761
擼	64762
攘攘	64763
沅	64764
瀟灑	64765
翹翹	64766
胓	64767
臚	64768
蹼	64769
	64770
抡	64771
	64772
+++	64773
áš	64774
Б	64775
і	64776
ほ	64777
゚	64778
呷	64779
怦	64780
扞	64781
抿	64782
揉揉	64783
桓	64784
殒	64785
溥	64786
睞	64787
碕	64788
祙	64789
箕	64790
籮碉	64791
纘	64792
缈	64793
聳	64794
茭	64795
诙	64796
谔	64797
钕	64798
餞	64799
馥	64800
耞	64801
伶伶	64802
塾	64803
愆	64804
椐	64805
潸	64806
瀝	64807
炯炯	64808
玸	64809
碽	64810
聿	64811
芸	64812
蕙	64813
蛞蝓	64814
覃	64815
鎧	64816
钜	64817
铿锵	64818
黐	64819
	64820
	64821
Й	64822
┖	64823
┸	64824
エ	64825
ス	64826
ヒ	64827
叽叽喳喳	64828
奕奕	64829
屙	64830
抯	64831
榄	64832
槁	64833
熠熠	64834
猕	64835
瑄	64836
瑤	64837
礫	64838
礷	64839
稺	64840
籡	64841
臱	64842
舽	64843
螕	64844
覂	64845
銖	64846
	64847
	64848
	64849
	64850
θ	64851
★	64852
寞	64853
崆	64854
柩	64855
浃	64856
澎	64857
玀	64858
硖	64859
竇	64860
紌	64861
遼	64862
驸	64863
鴕	64864
	64865
QQ	64866
̈¦	64867
ヅ	64868
ニ	64869
乓	64870
偃	64871
咔嚓	64872
嗖	64873
坳	64874
堰	64875
帼	64876
挎	64877
梆梆	64878
橥	64879
漉漉	64880
瀰	64881
矬	64882
秎	64883
篦	64884
繥	64885
蠄	64886
铪	64887
闌	64888
鞣	64889
餒	64890
餚	64891
鳅	64892
	64893
	64894
	64895
XXXXXX	64896
щ	64897
亙	64898
喳喳	64899
姣	64900
澹	64901
甑	64902
甕	64903
磞瓃	64904
箩	64905
簪	64906
絶	64907
羮	64908
胕	64909
腚	64910
膁	64911
芖	64912
芦荟	64913
袂	64914
覬覦	64915
訃	64916
諦	64917
鈣	64918
鸬鹚	64919
	64920
├	64921
	64922
	64923
	64924
	64925
=%	64926
Â¡	64927
ί	64928
С	64929
ヮ	64930
凜	64931
剜	64932
夔	64933
杈	64934
槲	64935
猐	64936
玵畕	64937
瓃	64938
疉	64939
睤	64940
硃	64941
禴	64942
緔	64943
緞	64944
翟	64945
腢	64946
衲	64947
袄	64948
郞	64949
鑫	64950
铣	64951
閡	64952
鲂	64953
	64954
	64955
	64956
哂	64957
嘰	64958
噯	64959
帛琉	64960
忾	64961
惦惦	64962
擘	64963
枴	64964
犟	64965
獼	64966
癐	64967
眭耋	64968
碙穛	64969
絩	64970
纍纍	64971
胴	64972
膞	64973
舐	64974
鉅	64975
餬	64976
麒	64977
籋	64978
琜	64979
â€	64980
‵舮	64981
╂	64982
伫	64983
俸禄	64984
円	64985
怦怦	64986
愷	64987
搧	64988
瓏	64989
痚	64990
皋	64991
睭	64992
矇	64993
硆	64994
碇	64995
碮	64996
祔稬	64997
簗	64998
絯	64999
<pad>	65000
